Unnamed: 0,identifier,smiles,predicted_delta_pIC50,QSAR_rank
124138,CNP0386356.0,COC1=CC2=C(C=C1OC)C1=CC(N3C=CC4=CC=CC=C43)=NC(=O)N1CC2,1.1658989162049087,1
199133,CNP0501212.0,CC1=NC=CN1C1=CC(N2CCC3(CC2)OCCO3)=NC2=CC=NN12,1.1397976179264397,2
442760,CNP0582739.0,COC1=CC=C2C(=C1)NC1(CCN(S(=O)(=O)C3=CC=C4C=CC=CC4=C3)CC1)C1=CC=CN21,1.0135450031015723,3
204686,CNP0566160.0,O=S(=O)(C1=CC=C2C=CC=CC2=C1)N1CCC2(CC1)NC1=CC=CC=C1N1C=CC=C12,1.0131500857790643,4
443688,CNP0576024.0,CC1=CC=C2C(=C1)NC1(CCN(S(=O)(=O)C3=CC=C4C=CC=CC4=C3)CC1)C1=CC=CN21,1.0084708972913936,5
302493,CNP0056618.1,COC1=CC=C2C(=C1)C=CN2[C@@H]1C2=C(OC)C3=C(C=C2CCN1C)OCO3,0.8995637414390942,6
304822,CNP0056618.2,COC1=CC=C2C(=C1)C=CN2[C@H]1C2=C(OC)C3=C(C=C2CCN1C)OCO3,0.8995637414390942,7
479961,CNP0369655.1,COC1=C2OCOC2=CC2=C1[C@H](N1C=CC3=CC(Br)=CC=C31)N(C)CC2,0.8995637414390942,8
259839,CNP0369655.2,COC1=C2OCOC2=CC2=C1[C@@H](N1C=CC3=CC(Br)=CC=C31)N(C)CC2,0.8995637414390942,9
282465,CNP0581326.1,O=C1C[C@]23CC[C@]14CCCN1CC[C@@]2(C2=CC=CC=C2N3)[C@@H]14,0.8890750612976208,10
183167,CNP0074135.0,O=C1C2=C3C4=C5C(=CN=C15)C=CN4CCC3NCN2,0.8847343173481503,11
364689,CNP0207315.4,C[C@H]1CC(=O)[C@@]23CCCN4CCC[C@]2(C4)C(=O)C[C@H]3C1,0.8763519376443276,12
365743,CNP0207315.3,C[C@H]1CC(=O)[C@@]23CCCN4CCC[C@@]2(C4)C(=O)C[C@H]3C1,0.8763519376443276,13
77781,CNP0080654.2,C[C@H](C(=O)N1CCSCC1)[C@H]1CC[C@@]2(C)CC3=C(N=C(NC(=O)C4=CC=CN4C)S3)[C@@H](C)[C@@H]2[C@H]1O,0.8687007986789896,14
115678,CNP0080654.3,C[C@H](C(=O)N1CCSCC1)[C@@H]1CC[C@@]2(C)CC3=C(N=C(NC(=O)C4=CC=CN4C)S3)[C@@H](C)[C@@H]2[C@H]1O,0.8680943588487642,15
328163,CNP0286332.2,COC1=C2OCOC2=CC2=C1[C@@H](N1C=CC3=CC=CC=C31)N(C)CC2,0.8653117453674508,16
66551,CNP0286332.1,COC1=C2OCOC2=CC2=C1[C@H](N1C=CC3=CC=CC=C31)N(C)CC2,0.8653117453674508,17
107800,CNP0080654.1,C[C@H](C(=O)N1CCSCC1)[C@H]1CC[C@]2(C)CC3=C(N=C(NC(=O)C4=CC=CN4C)S3)[C@H](C)[C@@H]2[C@H]1O,0.857960707614744,18
6015,CNP0080654.4,C[C@H](C(=O)N1CCSCC1)[C@@H]1CC[C@]2(C)CC3=C(N=C(NC(=O)C4=CC=CN4C)S3)[C@H](C)[C@@H]2[C@H]1O,0.8573542677845188,19
242253,CNP0327416.0,CCCC1=CC(C2=NN(C)C=C2C2=CC=C3OCCCOC3=C2)=C(O)C=C1OC,0.8530135753352855,20
84406,CNP0139556.1,CN1CCN(C2=NC3=CC(C(F)(F)F)=CC=C3N3C=CC=C23)CC1.O=C(O)/C=C\C(=O)O,0.8409605583864708,21
365123,CNP0568059.0,O=C(C1=CC2=CC=CC=C2N1)N1CCC2(CC1)NC1=CC=CC=C1N1C=CC=C12,0.8390473194975056,22
97822,CNP0552555.0,CN1C=C(C2=CC=NC=C2)C(C2=CC=C(OCC3=CC=C4C=CC=CC4=N3)C=C2)=N1,0.8030402567832033,23
131549,CNP0107502.0,CN1C=C(C2CC(=O)OC3=CC(O)=C4C(=O)C(C5=CC=CC=C5)=COC4=C32)C=N1,0.7931050320322913,24
455911,CNP0168285.2,CN1N=C(C2=CC=CC=C2)C=C1[C@H]1CN2CC[C@H]1C[C@@H]2CN(CC1=CC=CO1)CC1=CC=CO1,0.7913567881602909,25
141215,CNP0016749.1,CN1C(=O)C2=CC=C(C3=CC=CN=C3)C=C2O[C@H]2CN(CC3=CN(C)N=C3)C[C@H]21,0.7877456630142476,26
180837,CNP0053895.1,C[C@H](C(=O)N1CCN(C)CC1)[C@H]1CC[C@@]2(C)CC3=C(N=C(NC(=O)C4=CC=CN4C)S3)[C@@H](C)[C@@H]2[C@H]1O,0.7862230934484813,27
127924,CNP0168285.1,CN1N=C(C2=CC=CC=C2)C=C1[C@H]1C[N@]2CC[C@H]1C[C@@H]2CN(CC1=CC=CO1)CC1=CC=CO1,0.7860329887276757,28
432110,CNP0053895.2,C[C@H](C(=O)N1CCN(C)CC1)[C@@H]1CC[C@@]2(C)CC3=C(N=C(NC(=O)C4=CC=CN4C)S3)[C@@H](C)[C@@H]2[C@H]1O,0.7856166536182561,29
198301,CNP0443465.1,COC1=CC=C(C2=NN(C)C([C@H]3C[N@]4CC[C@H]3C[C@@H]4CN(CC3=CC=CO3)CC3=CC=CO3)=C2)C=C1,0.7833972259240503,30
210534,CNP0138351.1,C[C@H]1C[C@H]2CC(=O)[C@]34CCCN5CC3C[C@H]2[C@@]54C1,0.7824507331729122,31
294537,CNP0572795.0,CC1=NC=CC(N2CC3(C2)OC(=O)N2CCN(C(=O)C4=CC=CN4C)CC23)=N1,0.7797569438249881,32
423564,CNP0016858.1,COC1=CC=CC(C2=CC=C3C(=O)N(C)[C@@H]4CN(CC5=CN(C)N=C5)C[C@@H]4OC3=C2)=C1,0.779565246735349,33
441654,CNP0163351.0,C1=CC2=C3N=C4C=CC=CC4=C3C=CN2CC1,0.7790570160909553,34
108232,CNP0138351.3,C[C@H]1C[C@H]2CC(=O)[C@]34CCCN5C[C@H]3C[C@H]2[C@@]54C1,0.7788605137464956,35
299207,CNP0570945.0,CC1=CC=C(N2N=C(C)C3=C2N=C(N(C)CC(=O)N2CCC4(CC2)OCCO4)S3)C=C1,0.7761972942535426,36
127918,CNP0138351.2,C[C@@H]1C[C@H]2CC(=O)[C@]34CCCN5CC3C[C@H]2[C@@]54C1,0.775921062478867,37
46287,CNP0053895.4,C[C@H](C(=O)N1CCN(C)CC1)[C@H]1CC[C@]2(C)CC3=C(N=C(NC(=O)C4=CC=CN4C)S3)[C@H](C)[C@@H]2[C@H]1O,0.775483002384236,38
286491,CNP0053895.3,C[C@H](C(=O)N1CCN(C)CC1)[C@@H]1CC[C@]2(C)CC3=C(N=C(NC(=O)C4=CC=CN4C)S3)[C@H](C)[C@@H]2[C@H]1O,0.7748765625540106,39
406014,CNP0092936.1,CN1C(=O)C2=CC=C(C3=CN(C)N=C3)C=C2O[C@H]2CN(S(=O)(=O)C3=CC=CC=C3)C[C@H]21,0.7738832906800187,40
111927,CNP0599116.0,CC1=CC=CC(N2N=C(C)C3=C2N=C(N(C)CC(=O)N2CCC4(CC2)OCCO4)S3)=C1,0.7704019391162078,41
214059,CNP0587206.0,CC1=NC=CC(N2CCC3(CC2)OC(=O)N2CCN(C(=O)C4=CC=CN4C)CC23)=N1,0.766747008094772,42
303029,CNP0569184.0,COC1=CC=C(N2CCC3=C(N4C=CC(N5CCNC5=O)=N4)C=C(C)N=C32)C(C)=C1,0.7627235419099213,43
219612,CNP0240816.1,COC1=CC=C(C2=NN(C)C([C@H]3CN4CC[C@H]3C[C@@H]4CN(CC3=CC=CC=N3)CC3=CC=CC=N3)=C2)C=C1OC,0.7598674407903839,44
177449,CNP0457972.1,CN1N=C(C2=CC=CC=C2)C=C1[C@H]1C[N@]2CC[C@H]1C[C@@H]2CN(CC1=CC=CC=N1)CC1=CC=CC=N1,0.7523517159164038,45
370601,CNP0016463.1,CN1C(=O)C2=CC=C(C3=CN(C)N=C3)C=C2O[C@H]2CNC[C@H]21,0.7425249439009296,46
30798,CNP0372119.0,CN1CCN2C=CC3=C2C1=NC(O)=N3,0.7396548970248297,47
472236,CNP0169619.1,CN1C(=O)C2=CC=C(C3=CN(C)N=C3)C=C2O[C@H]2CN(S(C)(=O)=O)C[C@H]21,0.7380451659592907,48
362711,CNP0016777.1,CN1C(=O)C2=CC=C(C3=CN(C)N=C3)C=C2O[C@H]2CN(C3COC3)C[C@H]21,0.7373314690057404,49
376189,CNP0016342.1,CN1C(=O)C2=CC=C(C3=CN(C)N=C3)C=C2O[C@H]2CN(C3CCOCC3)C[C@H]21,0.7348153104295794,50
7138,CNP0260601.2,COC1=CC=C(C2=COC3=C4C(=CC(OC)=C3C2=O)OC(=O)C[C@H]4C2=CN(C)N=C2)C=C1,0.7347431663140859,51
62583,CNP0260601.1,COC1=CC=C(C2=COC3=C4C(=CC(OC)=C3C2=O)OC(=O)C[C@@H]4C2=CN(C)N=C2)C=C1,0.7347431663140859,52
436205,CNP0507515.0,CC1=NN(C2=CC=CC=C2)C2=C1SC(N(C)CC(=O)N1CCC3(CC1)OCCO3)=N2,0.7347344386405499,53
231960,CNP0551608.0,CC1=NC=CC(N2CC3(C2)OC(=O)N2CCN(CC4=CC=CN4C)CC23)=N1,0.7345966763920903,54
128137,CNP0203749.1,CN1C(=O)C2=CC=C(C3=CN(C)N=C3)C=C2O[C@H]2CN(C(=O)COC3=CC=CC=C3)C[C@H]21,0.7327121738066249,55
387711,CNP0361038.1,COC1=CC=CC(CN2C[C@@H]3OC4=CC(C5=CN(C)N=C5)=CC=C4C(=O)N(C)[C@@H]3C2)=C1,0.7324454348779267,56
264130,CNP0016505.1,CN1C(=O)C2=CC=C(C3=CN(C)N=C3)C=C2O[C@H]2CN(C3CCCC3)C[C@H]21,0.7319508091748322,57
394230,CNP0336884.1,CN1C(=O)C2=CC=C(C3=CN(C)N=C3)C=C2O[C@H]2CN(C3CCC3)C[C@H]21,0.7319508091748322,58
132153,CNP0377927.1,COC1=CC=C(C2=COC3=C4C(=CC(O)=C3C2=O)OC(=O)C[C@@H]4C2=CN(C)N=C2)C=C1,0.7317655888566336,59
253851,CNP0377927.2,COC1=CC=C(C2=COC3=C4C(=CC(O)=C3C2=O)OC(=O)C[C@H]4C2=CN(C)N=C2)C=C1,0.7317655888566336,60
196425,CNP0156500.1,CN1C(=O)C2=CC=C(C3=CN(C)N=C3)C=C2O[C@H]2CN(CC3=CC=CC=C3)C[C@H]21,0.7301214701615396,61
106599,CNP0016391.1,CN1C(=O)C2=CC=C(C3=CN(C)N=C3)C=C2O[C@H]2CN(CC3=CC=CC=C3Cl)C[C@H]21,0.7301214701615396,62
82856,CNP0016414.1,CN1C(=O)C2=CC=C(C3=CN(C)N=C3)C=C2O[C@H]2CN(CCCC3=CC=CC=C3)C[C@H]21,0.7283488135811589,63
15134,CNP0419276.0,CN1C=C(C2CC(=O)OC3=CC(O)=C4C(=O)C(C5=CC=C(Cl)C=C5)=COC4=C32)C=N1,0.7275898170409821,64
68369,CNP0188148.0,CN1C=C(C2CC(=O)OC3=CC(O)=C4C(=O)C(C5=CC=C(O)C=C5)=COC4=C32)C=N1,0.726161264436337,65
106013,CNP0594300.1,CN1C=C(C2=CC=C3NC(=O)C[C@@H]4CCN(CC5=CC(C6=CC=CC=C6)=NO5)C[C@@H]4CCOC3=C2)C=N1,0.7244886206703763,66
155691,CNP0102942.0,CN1C=C(C2=CC=C3C=CC=CC3=N2)C=N1,0.7220287265299856,67
115977,CNP0016072.1,CN1C[C@@H]2OC3=CC(C4=CN(C)N=C4)=CC=C3C(=O)N(C)[C@@H]2C1,0.721609887244464,68
43691,CNP0016746.1,CN1C(=O)C2=CC=C(C3=CN(C)N=C3)C=C2O[C@H]2CN(C(=O)C3=CC=CC=C3)C[C@H]21,0.7184321587841649,69
216422,CNP0505503.0,CN1C=C(C2=NN3C(SC4=CC=C5N=CC=CC5=C4)=NN=C3C=C2)C=N1,0.7162418935920571,70
452036,CNP0564509.0,CC1=NC=CC(N2CCC3(CC2)OC(=O)N2CCN(CC4=CC=CN4C)CC23)=N1,0.7141831137669318,71
290757,CNP0295205.1,CN1C(=O)C2=CC=C(C3=CN(C)N=C3)C=C2O[C@H]2CN(CC3=CC=CC=C3O)C[C@H]21,0.7138386105200659,72
295712,CNP0016693.1,CC(=O)N1CCC(N2C[C@@H]3OC4=CC(C5=CN(C)N=C5)=CC=C4C(=O)N(C)[C@@H]3C2)CC1,0.7129526626172268,73
435639,CNP0373912.1,CN1C(=O)C2=CC=C(C3=CN(C)N=C3)C=C2O[C@H]2CN(CC3=CC=NC=C3Cl)C[C@H]21,0.7113359690619281,74
90720,CNP0057552.1,CN1C(=O)C2=CC=C(C3=CN(C)N=C3)C=C2O[C@H]2CN(C(=O)C3CCCCC3)C[C@H]21,0.7023159137287865,75
382308,CNP0016773.1,COCC(=O)N1C[C@@H]2OC3=CC(C4=CN(C)N=C4)=CC=C3C(=O)N(C)[C@@H]2C1,0.698762170679161,76
169624,CNP0167396.1,CN1C(=O)C2=CC=C(C3=CN(C)N=C3)C=C2O[C@H]2CN(C(=O)N3CCOCC3)C[C@H]21,0.6971869425630325,77
393563,CNP0197001.1,CC(=O)N1C[C@@H]2OC3=CC(C4=CN(C)N=C4)=CC=C3C(=O)N(C)[C@@H]2C1,0.6971869425630325,78
325744,CNP0016500.1,CN1C(=O)C2=CC=C(C3=CN(C)N=C3)C=C2O[C@H]2CN(CC3CCCC3)C[C@H]21,0.6967413761347788,79
37491,CNP0154979.1,CN1C(=O)C2=CC=C(C3=CN(C)N=C3)C=C2O[C@H]2CN(C(=O)CC(C)(C)C)C[C@H]21,0.6951233167376627,80
188176,CNP0540268.1,CN1C=C(S(=O)(=O)N2CCN3CC(=O)NC4=CC(C5=CC=CC=C5)=CC=C4OC[C@@H]3C2)C=N1,0.6946899077861142,81
433546,CNP0016272.1,CCC(CC)C(=O)N1C[C@@H]2OC3=CC(C4=CN(C)N=C4)=CC=C3C(=O)N(C)[C@@H]2C1,0.6943831993553974,82
55384,CNP0117521.1,CN1C(=O)C2=CC=C(C3=CN(C)N=C3)C=C2O[C@H]2CN(C(=O)C3CC3)C[C@H]21,0.6918254482714802,83
404383,CNP0550377.1,COC1=CC=CC(C2=CC=C3OC[C@H]4CN(S(=O)(=O)C5=CN(C)N=C5)CCN4CC(=O)NC3=C2)=C1,0.6907804677526832,84
366668,CNP0127238.1,CC1=NOC(C)=C1CN1C[C@@H]2OC3=CC(C4=CN(C)N=C4)=CC=C3C(=O)N(C)[C@@H]2C1,0.6906578075730141,85
227988,CNP0054851.0,CC1=C(C(=O)C2=CC=CC=C2)OC2=CC=C(NC(=O)C3=CC=CN=C3)C=C12,0.6889274641546059,86
167777,CNP0016962.1,CN1C(=O)C2=CC=C(C3=CN(C)N=C3)C=C2O[C@H]2CN(CC3CC3)C[C@H]21,0.6876788787745626,87
207555,CNP0066964.0,CC1=CC=C(C(=O)C2=C(C)C3=CC(NC(=O)C4=CC=CN=C4)=CC=C3O2)C=C1,0.6873831637368336,88
467063,CNP0016449.1,CCCN1C[C@@H]2OC3=CC(C4=CN(C)N=C4)=CC=C3C(=O)N(C)[C@@H]2C1,0.6860592270508511,89
110554,CNP0048459.1,CC(C)CCN1C[C@@H]2OC3=CC(C4=CN(C)N=C4)=CC=C3C(=O)N(C)[C@@H]2C1,0.6807833334880956,90
330278,CNP0028131.0,CC1=CC=CC=C1C1=CC(=O)C2=CC(NC(=O)C3=CC=CN=C3)=CC=C2O1,0.6798888325061498,91
204479,CNP0553746.0,CC1=CC=C(C2=CN3C=CC(C)=CC3=[NH+]2)C=C1,0.6753281217306099,92
277890,CNP0016974.1,CN1C(=O)C2=CC=C(C3=CN(C)N=C3)C=C2O[C@H]2CN(CC3=CC=C4OCOC4=C3)C[C@H]21,0.6735502466945914,93
316962,CNP0217264.0,CN1C(=O)C(C2=C(C3=CC=C4OCCC4=C3)NC(=O)N2)C(=O)N(C)C1=O,0.6724280947764686,94
62162,CNP0216667.0,COC1=CC=C(C(=O)C2=C(C)C3=CC(NC(=O)C4=CC=CN=C4)=CC=C3O2)C=C1OC,0.670282122507507,95
10689,CNP0590988.0,NC(=O)C1=CC=C(C2=NC(C3=CC=CC=N3)=C(C3=CC=C4OCOC4=C3)N2)C=C1,0.6696171906618968,96
456182,CNP0603845.1,CN1C=C(C2=C3N=C([C@@H]4CCCNC4)C(Br)=C(N)N3N=C2)C=N1,0.6606613619110452,97
207971,CNP0300548.0,CN1C(=O)C(C2=C(C3=CC=C4OCOC4=C3)NC(=O)N2)C(=O)N(C)C1=O,0.6602561824354329,98
200406,CNP0016845.1,CN1C(=O)C2=CC=C(C3=CN(C)N=C3)C=C2O[C@H]2CN(CC3=CC=CS3)C[C@H]21,0.6568923965930686,99
45953,CNP0287129.0,COC1=CC=CC=C1C1=CC(=O)C2=CC(NC(=O)C3=CC=CN=C3)=CC=C2O1,0.6560252082307373,100
353200,CNP0089686.0,CN1C=CC2=CC3=C(C=C21)CCN3C(=O)NC1=CC=CN=C1,0.6545004083671615,101
274308,CNP0452383.1,C[C@@H]1CC(=O)[C@]23CC[C@@H]4N5CC[C@@H](O5)[C@@]42[C@H](O)[C@H](O)[C@@H]3C1,0.6529063380411634,102
452024,CNP0548259.1,CN1C=C(C2=CC=C3OC[C@@H]4CN(S(=O)(=O)C5=CC=CN=C5)CCN4CC(=O)NC3=C2)C=N1,0.6489396537618835,103
459440,CNP0351909.0,CCOC(=O)C1=C(C)C2=CC(NC(=O)C3=CC=CN=C3)=CC=C2O1,0.6472098969598552,104
416897,CNP0545136.0,C1=CN2C=C(C3=CC4=NNC=C4C=C3)NC(=NC3=CC=C(N4CCOCC4)C=C3)C2=N1,0.6456601951076277,105
254916,CNP0271175.0,COC1=CC2=C(C=C1OC)CN(C(=O)C1=CC=C3C=CN(C)C3=C1)CC2,0.643283895081371,106
479245,CNP0384763.0,C=C1C=CN2N=C(O)N=C12,0.6395992381545179,107
158318,CNP0012504.1,CC1=NC(C2=CC=CC=C2)=CC([C@H]2C[N@]3CC[C@H]2C[C@@H]3CN(CC2=CC=CO2)CC2=CC=CO2)=N1,0.6377868957141302,108
234856,CNP0485121.1,CN1C=C(C2=CC=C3NC(=O)C[C@@H]4CCN(S(=O)(=O)C5=CC=CC=C5)C[C@@H]4CCOC3=C2)C=N1,0.6350093489692354,109
212840,CNP0402345.0,COC1=CC2=C(C3=C1C(=O)C=C(C1=CC=CC=C1)O3)C(C1=CN(C)N=C1)CC(=O)O2,0.6348440774140045,110
458220,CNP0171580.0,COC1=CC2=C(C=C1OC)CN(C(=O)C1=CC=C3C(=C1)C=CN3C)CC2,0.6324687959977088,111
66270,CNP0408726.1,CC(C)CC1=C(C(=O)NC[C@@H]2CCCN3CCCC[C@H]23)N=C(N2C=CC=C2)S1,0.6320944497285093,112
500211,CNP0012504.2,CC1=NC(C2=CC=CC=C2)=CC([C@H]2CN3CC[C@H]2C[C@@H]3CN(CC2=CC=CO2)CC2=CC=CO2)=N1,0.6308727589153861,113
285923,CNP0200731.0,CN1C=C(C2CC(=O)OC3=C(O)C(O)=C4C(=O)C=C(C5=CC=CC=C5)OC4=C32)C=N1,0.6287029344987025,114
344569,CNP0530437.1,COC1=NC=CC=C1CN1CC[C@H]2CC(=O)NC3=CC=C(C4=CN(C)N=C4)C=C3OCC[C@H]2C1,0.6286240291286735,115
78339,CNP0398850.0,CN1C=CC2=CC=C(C(=O)N3CCC4=C(C3)C3=CC=CC(Br)=C3N4)C=C21,0.6282433343316786,116
230369,CNP0553366.1,CC1=NOC(C)=C1C1=CC=C2OC[C@H]3CN(S(=O)(=O)C4=CN(C)N=C4)CCN3CC(=O)NC2=C1,0.627997764322378,117
19053,CNP0560451.0,COC1=CC(NC2=NC=C3C=CN(C4=CC=CC=N4)C3=N2)=CC(OC)=C1OC,0.6246120825142318,118
297259,CNP0285286.0,CN1C=C(C2CC(=O)OC3=CC(O)=C4C(=O)C=C(C5=CC=CC=C5)OC4=C32)C=N1,0.623641205975037,119
359948,CNP0487182.1,CN1C=C(C2=CC=C3OC[C@@H]4CN(S(=O)(=O)C5=CC=CC=C5)CCN4CC(=O)NC3=C2)C=N1,0.6214463666890929,120
104867,CNP0491996.0,ON1CCCC2C1C1CCC2N2C=CC3=C4C=CC=CC4=NC3=C12,0.6184856712547737,121
23459,CNP0235164.1,COC1=CC=CC(C2=CNC([C@@H]3COCCN3CC3=NC4=CC=CC=C4N3C)=N2)=C1,0.6183235724733303,122
46276,CNP0351455.0,CN1C=CC2=CC(C(=O)N3CCC4=C(C3)C3=CC=CC(Br)=C3N4)=CC=C21,0.6174282352480165,123
467681,CNP0544820.1,CN1C=C(C2=CC=C3OC[C@@H]4CN(S(=O)(=O)C5=CC=CC(Cl)=C5)CCN4CC(=O)NC3=C2)C=N1,0.6160398634524299,124
218861,CNP0103462.0,COC1=CC2=C(C=C1OC)C(C)N(CC1=CC(=O)N3C=CC=C(C)C3=N1)CC2,0.6140995996736606,125
334098,CNP0049658.1,CN1C=C(CN2CCOC[C@H]2C2=NC(C3=CC=CN=C3)=CN2)C2=CC=CC=C21,0.6130564225399094,126
323016,CNP0010554.1,CN1C(CN2CCOC[C@H]2C2=NC(C3=CC=CC(Cl)=C3)=CN2)=NC2=CC=CC=C21,0.6118688792092614,127
401797,CNP0011130.1,COC1=CC=C(C2=CC(C[C@H]3CNCC[C@H]3CC(=O)N3CCC(N4C(=O)NC5=CC=CC=C54)CC3)=NO2)C=C1,0.6118657833073147,128
46849,CNP0286972.1,CN1C(CN2CCOC[C@H]2C2=NC(C3=CC=CN=C3)=CN2)=NC2=CC=CC=C21,0.6113006854086271,129
162619,CNP0401737.0,COC1=CC=C2NC3=C(CN(C(=O)C4=C(C)N=C(N5C=CC=C5)S4)CC3)C2=C1,0.6089211684908398,130
107196,CNP0543812.1,CN1C=C(C2=CC=C3NC(=O)C[C@@H]4CCN(CCCC5=CC=CC=C5)C[C@@H]4CCOC3=C2)C=N1,0.6084302679000384,131
191630,CNP0529448.1,CN1C=C(C2=CC=C3NC(=O)C[C@@H]4CCN(CC5=CC=CC=C5Cl)C[C@@H]4CCOC3=C2)C=N1,0.6081970260149717,132
101789,CNP0592428.1,COC1=CC=CC=C1CN1CC[C@H]2CC(=O)NC3=CC=C(C4=CN(C)N=C4)C=C3OCC[C@H]2C1,0.6081671483765735,133
345733,CNP0341776.1,CN1CCN(C(=O)C[C@@H]2CCNC[C@@H]2CC2=NOC(C3=CC=CC=C3)=C2)CC1,0.6079318888600429,134
394859,CNP0571158.1,CN1C=C(S(=O)(=O)N2CCN3CC(=O)NC4=CC(C5=NC=NN5C)=CC=C4OC[C@H]3C2)C=N1,0.6064429301572115,135
196534,CNP0550816.1,CN1C=C(C2=CC=C3NC(=O)C[C@@H]4CCN(CC5=CC=CC=N5)C[C@@H]4CCOC3=C2)C=N1,0.604500630100759,136
211161,CNP0522752.1,CC1=C(S(=O)(=O)N2CCN3CC(=O)NC4=CC(C5=CN(C)N=C5)=CC=C4OC[C@@H]3C2)C=NO1,0.6043709957315275,137
116700,CNP0492499.0,C=CC(=O)NC1=CC=CC(OC2=NC(NC3=CC=C(N4CCN(C)CC4)C=C3)=NC3=C2SC=C3)=C1,0.6011802206339614,138
18457,CNP0279971.0,CC1=C(C(=O)N2CCC3=C(C2)C2=CC=CC=C2N3)SC(N2C=CC=C2)=N1,0.598138703110812,139
86796,CNP0219846.1,COC1=CC=CC(C2=CNC([C@@H]3COCCN3CC3=CN(C)C4=CC=CC=C34)=N2)=C1,0.5980854914809803,140
200588,CNP0515501.1,CN1C=C(C2=CC=C3OC[C@@H]4CNCCN4CC(=O)NC3=C2)C=N1,0.5980453687477635,141
450681,CNP0541197.1,CN1C=C(C2=CC=C3OC[C@@H]4CN(C(=O)C5=CC=CN=C5)CCN4CC(=O)NC3=C2)C=N1,0.5971868515288857,142
182386,CNP0518762.0,COCCN1C=C(C2=NC(C3=CC=CC(OC)=C3)=C(C3=C(O)C(=O)C=C(C)O3)N2)C2=CC(OC)=CC=C21,0.5967516584987496,143
12813,CNP0570803.1,CC1=NOC(C)=C1S(=O)(=O)N1CCN2CC(=O)NC3=CC(C4=CN(C)N=C4)=CC=C3OC[C@@H]2C1,0.5945838768062393,144
84137,CNP0582413.1,CN1C=C(C2=CC=C3OC[C@@H]4CN(C(=O)COC5=CC=CC=C5)CCN4CC(=O)NC3=C2)C=N1,0.5939435660744585,145
243589,CNP0103666.1,CN1CCCC[C@H]1C1=CC=C(C2=CC=CN=C2)N=C1,0.5936115714913255,146
129838,CNP0125823.1,CN1C(CN2CCOC[C@H]2C2=NC(C3=CC=C(S(C)(=O)=O)C=C3)=CN2)=NC2=CC=CC=C21,0.593157955924382,147
430994,CNP0514319.1,CN1C=C(C2=CC=C3OC[C@@H]4CN(S(=O)(=O)C5=CN(C)N=C5)CCN4CC(=O)NC3=C2)C=N1,0.5915778432751317,148
10808,CNP0542541.0,COCCN1C=C(C2=NC(C3=CC=CC=C3)=C(C3=C(O)C(=O)C=C(C)O3)N2)C2=CC(OC)=CC=C21,0.5912682714575833,149
366581,CNP0060932.1,CN1C(CN2CCOC[C@H]2C2=NC(C3=CC=CC=C3)=CN2)=NC2=CC=CC=C21,0.5902804158792135,150
22426,CNP0575910.1,CN1C=C(C2=CC=C3OC[C@@H]4CN(S(C)(=O)=O)CCN4CC(=O)NC3=C2)C=N1,0.5899393408350756,151
156144,CNP0529300.1,CN1C=C(C2=CC=C3NC(=O)C[C@@H]4CCN(S(C)(=O)=O)C[C@@H]4CCOC3=C2)C=N1,0.5887535313971237,152
294136,CNP0513734.1,CC1=NN(C)C(C)=C1S(=O)(=O)N1CCN2CC(=O)NC3=CC(C4=CN(C)N=C4)=CC=C3OC[C@@H]2C1,0.5886007307474491,153
30183,CNP0511920.1,CC1=CC=CC(C(=O)N2CCN3CC(=O)NC4=CC(C5=CN(C)N=C5)=CC=C4OC[C@@H]3C2)=C1,0.5876603622402119,154
122794,CNP0446977.1,CCC(CC)C1=CC([C@H]2C[N@]3CC[C@H]2C[C@@H]3CN(CC2CC2)CC2CC2)=NC(C2=CC=NC=C2)=N1,0.5863701297197248,155
478845,CNP0483659.1,CN1C=C(C2=CC=C3NC(=O)C[C@@H]4CCN(C5CCOCC5)C[C@@H]4CCOC3=C2)C=N1,0.5855702430773758,156
125898,CNP0003910.1,COC1=CC=C(C2=CNC([C@@H]3COCCN3CC3=NC4=CC=CC=C4N3C)=N2)C=C1,0.5855088620595519,157
388044,CNP0494119.0,COC1=CC=CC(C2=C(C3=C(O)C(=O)C=C(C)O3)NC(C3=CC4=CC=C(OC)C=C4N(C)C3=O)=N2)=C1,0.5852541565335396,158
344066,CNP0512304.1,CN1C=C(C2=CC=C3NC(=O)C[C@@H]4CCN(C(=O)COC5=CC=CC=C5)C[C@@H]4CCOC3=C2)C=N1,0.585208649968384,159
278261,CNP0032498.0,CC1=CC=CC=C1C1=CC(=O)C2=CC(NC(=O)C3CCCCC3)=CC=C2O1,0.5832979594387964,160
350360,CNP0011091.1,O=C(C[C@@H]1CCNC[C@@H]1CC1=NOC(C2=CC=CC=C2)=C1)N1CCC(N2C(=O)NC3=CC=CC=C32)CC1,0.5826839075192879,161
17648,CNP0481707.1,CN1C=C(C2=CC=C3OC[C@@H]4CN(C(=O)C5=CC=CC(Cl)=C5)CCN4CC(=O)NC3=C2)C=N1,0.5826801746614643,162
498447,CNP0401170.0,COC1=CC2=C(C=C1OC)CN(C(=O)C1=CC=C3C=CN(C(C)C)C3=C1)CC2,0.5826036377769114,163
407534,CNP0578305.1,COC1=CC=C(S(=O)(=O)N2CCN3CC(=O)NC4=CC(C5=CN(C)N=C5)=CC=C4OC[C@@H]3C2)C=C1,0.5825998836863787,164
171738,CNP0004379.1,CN1C(CN2CCOC[C@H]2C2=NC(C3=CC=C(Cl)C=C3)=CN2)=NC2=CC=CC=C21,0.5815532887070305,165
195375,CNP0584169.1,CN1C=C(C2=CC=C3NC(=O)C[C@@H]4CCN(C(=O)CCC5=CC=CC=C5)C[C@@H]4CCOC3=C2)C=N1,0.5815088557826475,166
484174,CNP0043846.1,N#CC1=CC=CC(CN2CCOC[C@H]2C2=NC(C3=CC=CN=C3)=CN2)=C1,0.5798275205932695,167
171530,CNP0496750.1,CN1C=C(C2=CC=C3NC(=O)C[C@@H]4CCN(CC5CCCC5)C[C@@H]4CCOC3=C2)C=N1,0.5797618469828814,168
94651,CNP0087757.1,CN1C=C(CN2CCOC[C@H]2C2=NC(C3=CC=C(S(C)(=O)=O)C=C3)=CN2)C2=CC=CC=C21,0.5795018201084212,169
66657,CNP0103666.2,CN1CCCC[C@@H]1C1=CC=C(C2=CC=CN=C2)N=C1,0.5788026265218604,170
451327,CNP0511796.0,CC1=C(C2=CC=C3N=C(N)N=CC3=C2)C(=O)N(C2=CC=C3C(=C2)NCC3(C)C)C=C1,0.5782815847671332,171
341008,CNP0482423.1,CN1C=C(C2=CC=C3OC[C@@H]4CN(S(=O)(=O)C5CCCCC5)CCN4CC(=O)NC3=C2)C=N1,0.5775332258033291,172
9359,CNP0530324.1,CN1C=C(C2=CC=C3NC(=O)C[C@@H]4CCN(C5COC5)C[C@@H]4CCOC3=C2)C=N1,0.5767976725415491,173
374450,CNP0127726.1,CC1=CC=C(C2=CNC([C@@H]3COCCN3CC3=NC4=CC=CC=C4N3C)=N2)C=C1,0.5765522310072355,174
120156,CNP0548168.1,CN1C=C(C2=CC=C3OC[C@@H]4CN(C(=O)C5=CC=CC=C5)CCN4CC(=O)NC3=C2)C=N1,0.5761182636405998,175
310815,CNP0177428.1,CN1C(CN2CCOC[C@H]2C2=NC(C3=CC=NC=C3)=CN2)=NC2=CC=CC=C21,0.5753817347803772,176
281444,CNP0567530.1,COC1=CC=CC=C1C(=O)N1CCN2CC(=O)NC3=CC(C4=CN(C)N=C4)=CC=C3OC[C@@H]2C1,0.5750899567303515,177
149087,CNP0029352.1,CN1C=C(CN2CCOC[C@H]2C2=NC(C3=CC=NC=C3)=CN2)C2=CC=CC=C21,0.574557692334785,178
136049,CNP0103646.0,COC1=CC=C2NC3=C(CN(C(=O)C4=CC=C5C=CN(C)C5=C4)CC3)C2=C1,0.5741006761962975,179
331558,CNP0317704.0,CN1C=CC2=CC=C(C(=O)N3CCC4=C(C3)C3=CC(Cl)=CC=C3N4)C=C21,0.5740630129690079,180
364832,CNP0403132.0,CN1C=C(C2CC(=O)OC3=CC(O)=C4C(=O)C(O)=C(C5=CC=C(O)C(O)=C5)OC4=C32)C=N1,0.5738408284736772,181
97193,CNP0524553.1,CN1C=C(C2=CC=C3NC(=O)C[C@@H]4CCN(S(=O)(=O)C5=CC=CS5)C[C@@H]4CCOC3=C2)C=N1,0.5730091981393513,182
469200,CNP0032623.1,COC1=CC=C(C2=CNC([C@@H]3COCCN3CC3=CN(C)C4=CC=CC=C34)=N2)C=C1,0.5727316152212064,183
409121,CNP0484662.1,CN1C=C(C2=CC=C3OC[C@@H]4CN(C(=O)C5CCOCC5)CCN4CC(=O)NC3=C2)C=N1,0.5726358432992114,184
341089,CNP0516439.1,CN1C=C(C2=CC=C3NC(=O)C[C@@H]4CCN(CC5CC5)C[C@@H]4CCOC3=C2)C=N1,0.5722056843522133,185
448248,CNP0375398.1,CC1=C(C(=O)N2CCCC[C@H]2C2=CC=CN=C2)SC(N2C=CC=C2)=N1,0.5717944889298853,186
129172,CNP0407092.1,CC1=C(C(=O)N2CCCC[C@H]2C2=CC=CN=C2)N=C(N2C=CC=C2)S1,0.5717944889298853,187
54081,CNP0112816.0,COC1=CC2=C(C=C1OC)CN(C(=O)C1=CC=C3C(=C1)C=CN3C(C)C)CC2,0.5717885386932492,188
187276,CNP0479822.0,COC1=CC=CC(C2=C(C3=C(O)C(=O)C=C(C)O3)NC(C3=CN(C)C4=CC=CC(C(=O)O)=C34)=N2)=C1,0.5715614529443596,189
203602,CNP0526972.1,CCCN1CC[C@H]2CC(=O)NC3=CC=C(C4=CN(C)N=C4)C=C3OCC[C@H]2C1,0.5704687392607038,190
478630,CNP0510027.1,CN1CCC(N2CC[C@H]3CC(=O)NC4=CC=C(C5=CN(C)N=C5)C=C4OCC[C@H]3C2)CC1,0.5699996817262387,191
503565,CNP0405051.0,COC1=CC=C(C2=CC(=O)C3=C(O)C=C4OC(=O)CC(C5=CN(C)N=C5)C4=C3O2)C=C1O,0.5695100077029724,192
52692,CNP0052842.0,CC1=CC=CC=C1C1=CC(=O)C2=CC(NC(=O)C3CC3)=CC=C2O1,0.5690618764961551,193
179154,CNP0012154.1,COC1=CC=C(C2=CC(C[C@H]3CNCC[C@H]3CC(=O)N3CCN(C)CC3)=NO2)C=C1,0.5688815610441348,194
12701,CNP0401936.0,CN1C=C(C2CC(=O)OC3=CC(O)=C4C(=O)C=C(C5=CC=C(O)C(O)=C5)OC4=C32)C=N1,0.5687750671860827,195
94384,CNP0151357.1,CS(=O)(=O)C1=CC=C(C2=CNC([C@@H]3COCCN3CC3=CN=C4C=CC=CC4=C3)=N2)C=C1,0.5684199277305066,196
169584,CNP0003928.1,CC1=CC=C(C2=CNC([C@@H]3COCCN3CC3=CN(C)C4=CC=CC=C34)=N2)C=C1,0.5684172916164424,197
487205,CNP0543800.1,CN1CC[C@H]2CC(=O)NC3=CC=C(C4=CN(C)N=C4)C=C3OCC[C@H]2C1,0.56747795758473,198
432356,CNP0127464.0,CC1=CC=C(C(=O)C2=C(C)C3=CC=C(NC(=O)C4=CC=CN=C4)C=C3O2)C=C1,0.5673622182620248,199
392135,CNP0135146.1,CN1CCN(C(=O)C[C@@H]2CCNC[C@@H]2CC2=NOC(C3=CC=C(C(C)(C)C)C=C3)=C2)CC1,0.5671074227598977,200
305243,CNP0487387.1,CN1C=C(C2=CC=C3OC[C@@H]4CN(S(=O)(=O)C5CC5)CCN4CC(=O)NC3=C2)C=N1,0.5669246514818833,201
281327,CNP0101770.0,CC1=C(C(=O)C2=CC=CC=C2)OC2=CC(NC(=O)C3=CC=CN=C3)=CC=C12,0.5664211274553537,202
463762,CNP0535796.1,CN1C=C(C2=CC=C3NC(=O)C[C@@H]4CCN(C(=O)C5CCOCC5)C[C@@H]4CCOC3=C2)C=N1,0.5655648489980674,203
475037,CNP0372417.0,CN1C=C(C2CC(=O)OC3=CC(O)=C4C(=O)C=C(C5=CC=C(O)C=C5)OC4=C32)C=N1,0.5654147364069783,204
413471,CNP0399130.0,CN1C=CC2=CC=C(C(=O)N3CCC4=C(C3)C3=CC=CC=C3N4)C=C21,0.5643262726875267,205
207810,CNP0559920.1,CC1=NN(C)C(C(=O)N2CCN3CC(=O)NC4=CC(C5=CN(C)N=C5)=CC=C4OC[C@@H]3C2)=C1,0.5642409732451948,206
261940,CNP0578476.1,CN1C=C(C2=CC=C3OC[C@@H]4CN(C(=O)C5=CN=CC=N5)CCN4CC(=O)NC3=C2)C=N1,0.5639103046253072,207
476636,CNP0307670.0,COC1=CC=C2NC3=C(CN(C(=O)C4=CC=C5C(=C4)C=CN5C)CC3)C2=C1,0.5632855771126354,208
390822,CNP0518305.1,CN1C=C(C2=CC=C3NC(=O)C[C@@H]4CCN(C(=O)C5=CC=CC=C5)C[C@@H]4CCOC3=C2)C=N1,0.5632749829274766,209
38149,CNP0398882.0,CN1C=CC2=CC(C(=O)N3CCC4=C(C3)C3=CC(Cl)=CC=C3N4)=CC=C21,0.5632479138853458,210
415117,CNP0400649.2,COC1=CC=C(C2=COC3=C4C(=CC(OC)=C3C2=O)OC(=O)C[C@H]4C2=CC3=CC=CC=C3N(C)C2=O)C=C1,0.562955624084885,211
297453,CNP0400649.1,COC1=CC=C(C2=COC3=C4C(=CC(OC)=C3C2=O)OC(=O)C[C@@H]4C2=CC3=CC=CC=C3N(C)C2=O)C=C1,0.562955624084885,212
450798,CNP0046070.0,COC1=CC=C(C(=O)C2=C(C)C3=CC=C(NC(=O)C4=CC=CN=C4)C=C3O2)C=C1OC,0.5597162863385224,213
171888,CNP0500956.1,CC(=O)N1CCN2CC(=O)NC3=CC(C4=CN(C)N=C4)=CC=C3OC[C@@H]2C1,0.5592410999735179,214
136137,CNP0516465.1,CN1C=C(C2=CC=C3OC[C@@H]4CN(C(=O)C5CCCC5)CCN4CC(=O)NC3=C2)C=N1,0.5587770242102347,215
5643,CNP0014859.1,CN1C=CN=C1CN1CCOC[C@H]1C1=NC(C2=CC=C(Cl)S2)=CN1,0.5581531864303746,216
140048,CNP0052999.0,COC1=CC=C(OC)C(C(=O)C2=C(C)C3=CC(NC(=O)C4=CC=CN=C4)=CC=C3O2)=C1,0.557854770466309,217
467889,CNP0543116.1,CN1C=C(C2=CC=C3OC[C@@H]4CN(C(=O)C5=CC=NC=C5)CCN4CC(=O)NC3=C2)C=N1,0.557445681445529,218
315089,CNP0515292.1,CN1C=C(C2=CC=C3NC(=O)C[C@@H]4CCNC[C@@H]4CCOC3=C2)C=N1,0.5559708493839619,219
307595,CNP0005033.1,CS(=O)(=O)C1=CC=C(C2=CNC([C@@H]3COCCN3CC3=CC=CC(C#N)=C3)=N2)C=C1,0.5551094556458052,220
447266,CNP0604286.0,COC1=CC=CC(C2=C(C3=C(O)C(=O)C=C(C)O3)NC(C3=CN(C)C4=CC=C(OC)C=C34)=N2)=C1,0.5547764179634155,221
132607,CNP0481473.1,COCC(=O)N1CCN2CC(=O)NC3=CC(C4=CN(C)N=C4)=CC=C3OC[C@@H]2C1,0.5545890025416627,222
219664,CNP0336929.0,CN1C=CC2=CC(C(=O)N3CCC4=C(C3)C3=CC=CC=C3N4)=CC=C21,0.5535111736038646,223
281511,CNP0229307.1,C=C(C)[C@@H]1CC[C@@](C)(O)[C@H]2OC3=CC(O)=C4C(=O)C(C5=CC=C(O)C=C5)=COC4=C3[C@@H]12,0.5533544047802945,224
116696,CNP0493373.0,COC1=CC=CC(C2=C(C3=CC=CC(OC)=C3)NC(C3=CC(OC)=CC=C3OC)=N2)=C1,0.5518530210499445,225
198779,CNP0177610.0,COC1=CC=C(C2=C(C3=C(O)C(=O)C=C(C)O3)NC(C3=CN(C)C4=CC=CC=C34)=N2)C=C1,0.5514316753159705,226
366118,CNP0487152.1,CC(C)CC(=O)N1CCN2CC(=O)NC3=CC(C4=CN(C)N=C4)=CC=C3OC[C@@H]2C1,0.5502924991251155,227
474974,CNP0523060.0,COC1=CC=C2C(=C1)C(C1=NC(C3=CC=CC=C3)=C(C3=C(O)C(=O)C=C(C)O3)N1)=CN2C,0.5492930309222492,228
101995,CNP0065762.1,CN1CCOC[C@H]1C1=NC(C2=CC=CC(Cl)=C2)=CN1,0.5490762569787383,229
242641,CNP0514055.1,CN1C=C(C2=CC=C3OC[C@@H]4CN(C(=O)C5CC5)CCN4CC(=O)NC3=C2)C=N1,0.549073292168452,230
398935,CNP0016388.1,CN1C(=O)C2=CC=C(C3=CC=CN=C3)C=C2O[C@H]2CNC[C@H]21,0.5488965095176482,231
251829,CNP0101311.1,C1=CN=CC(C2=CNC([C@@H]3COCCN3CC3=CN=C4C=CC=CC4=C3)=N2)=C1,0.5482748764682883,232
203590,CNP0268062.0,CC1CC2=CC(C3=C(CC(=O)O)C4=C(O3)C3=CC=CC=C3OC4=O)=CC=C2O1,0.5479346517234913,233
428210,CNP0557094.1,CN1C=C(C2=CC=C3OC[C@@H]4CN(C(=O)CC(C)(C)C)CCN4CC(=O)NC3=C2)C=N1,0.5474412494389818,234
456848,CNP0524163.1,COCC(=O)N1CC[C@H]2CC(=O)NC3=CC=C(C4=CN(C)N=C4)C=C3OCC[C@H]2C1,0.5470158140474747,235
437490,CNP0029235.1,COC1=CC=CC(C2=CNC([C@@H]3COCCN3CC3=CNC=N3)=N2)=C1,0.5461047018197369,236
3086,CNP0580777.1,CCC(=O)N1CCN2CC(=O)NC3=CC(C4=CN(C)N=C4)=CC=C3OC[C@@H]2C1,0.5459695837479982,237
33840,CNP0327969.1,CN1C(=O)C2=CC=C(C3=CC=CN=C3)C=C2O[C@H]2CN(C3COC3)C[C@H]21,0.5451801349847912,238
77789,CNP0571095.1,CN1C=C(C2=CC=C3NC(=O)C[C@@H]4CCN(CC5=CC=CS5)C[C@@H]4CCOC3=C2)C=N1,0.545168968167244,239
423198,CNP0515147.1,CC1=NOC(C)=C1C(=O)N1CCN2CC(=O)NC3=CC(C4=CN(C)N=C4)=CC=C3OC[C@@H]2C1,0.5449939978941525,240
362705,CNP0053053.1,CN1C(=O)C2=CC=C(C3=CC=CN=C3)C=C2O[C@H]2CN(C3CCOCC3)C[C@H]21,0.5448845487192596,241
164524,CNP0606305.1,CN1C=C(C2=CC=C3NC(=O)C[C@@H]4CCN(C(=O)N5CCOCC5)C[C@@H]4CCOC3=C2)C=N1,0.5436826003885618,242
279405,CNP0016690.1,CN1C(=O)C2=CC=C(C3=CC=CN=C3)C=C2O[C@H]2CN(S(C)(=O)=O)C[C@H]21,0.5436707506091122,243
408992,CNP0510121.1,CCC(CC)C(=O)N1CC[C@H]2CC(=O)NC3=CC=C(C4=CN(C)N=C4)C=C3OCC[C@H]2C1,0.5432382342636101,244
133483,CNP0522077.1,CC(=O)N1CCC(N2CC[C@H]3CC(=O)NC4=CC=C(C5=CN(C)N=C5)C=C4OCC[C@H]3C2)CC1,0.5405439758899845,245
191473,CNP0503687.0,CC1=CC(N2CCN(C)CC2)=NC2=CC=C(NC(=O)CN3C(=O)OC4=CC=CC=C43)C=C12,0.5401744050634365,246
301986,CNP0043132.0,CC1=C(C(=O)C2=CC=CC=C2)OC2=CC=C(NC(=O)C3CCCCC3)C=C12,0.5400444981577558,247
274011,CNP0402712.0,CN1C=NC2=CC=C(NC(=O)C3=CC=CN=C3)C=C2C1=O,0.5399093710744983,248
437434,CNP0049202.1,ClC1=CC=CC(C2=CNC([C@@H]3COCCN3CC3=CNC=N3)=N2)=C1,0.5398259697303421,249
92183,CNP0005071.1,COC1=CC=CC(C2=CNC([C@@H]3COCCN3CC3=CC=CN=C3)=N2)=C1,0.5395346507009128,250
257213,CNP0522339.1,CCC(=O)N1CC[C@H]2CC(=O)NC3=CC=C(C4=CN(C)N=C4)C=C3OCC[C@H]2C1,0.5393596850114446,251
501540,CNP0018891.1,ClC1=CC=CC(C2=CNC([C@@H]3COCCN3CC3=CC=CN=C3)=N2)=C1,0.5391700341443707,252
282134,CNP0043476.0,CC1=C(C(=O)C2=CC=C(Cl)C=C2)OC2=CC=C(NC(=O)C3=CC=CN=C3)C=C12,0.5388737601368458,253
449349,CNP0064417.1,CN1C(=O)C2=CC=C(C3=CC=CN=C3)C=C2O[C@H]2CN(S(=O)(=O)C3=CC=CC=C3)C[C@H]21,0.538341188742293,254
81678,CNP0518826.1,CCCCCC(=O)N1CC[C@H]2CC(=O)NC3=CC=C(C4=CN(C)N=C4)C=C3OCC[C@H]2C1,0.5369852040268582,255
75917,CNP0549046.1,CN1C=C(C2=CC=C3NC(=O)C[C@@H]4CCN(CC5=CC=C6OCOC6=C5)C[C@@H]4CCOC3=C2)C=N1,0.5366617574519076,256
491673,CNP0321930.0,CN1C(=O)N(C)C2=CC(C3CC(=O)OC4=CC=C5C(=O)C(C6=CC=CC=C6)=COC5=C43)=CC=C21,0.5365278220398089,257
66572,CNP0354439.1,CN1C=CN=C1CN1CCOC[C@H]1C1=NC(C(C)(C)C)=CO1,0.5353145298310239,258
486153,CNP0380667.0,COC1=CC=C(C2=COC3=CC(OCC(=O)C4=C(C)N(C)C5=CC=CC=C45)=CC=C3C2=O)C=C1,0.5350574600721922,259
109841,CNP0479694.1,C[C@@H](C1=CN2C=CN=C2C=C1)N1N=NC2=NC=C(C3=CN(C)N=C3)N=C21,0.5342883005273886,260
495151,CNP0411071.1,CC1=C(C(=O)N2CCCC3=C[C@H]4C[C@@H](CN5CCCCC45)C32)SC(N2C=CC=C2)=N1,0.5342783258025156,261
395416,CNP0583247.0,CSC1=NC(=O)N(C2=C(C3=CC=CC=C3)SC(C3=CC=CC=C3)=N2)C=C1,0.5342369469122203,262
81963,CNP0242819.0,COC1=CC=C(C2=COC3=C4C(=CC(O)=C3C2=O)OC(=O)CC4C2=CC3=CC=CC=C3N(C)C2=O)C=C1OC,0.5338980382151057,263
25086,CNP0345996.1,COC1=CC=CC(C2=CC=C3C(=O)N(C)[C@@H]4CN(CC5=CC(C6=CC=CC=C6)=NO5)C[C@@H]4OC3=C2)=C1,0.5337449375746243,264
21011,CNP0089993.1,CN1C=CN=C1CN1CCOC[C@H]1C1=NC(C(C)(C)C)=CN1,0.5333151085386278,265
483239,CNP0398525.1,CN1C=CC2=CC=C(C(=O)N3CC[C@@]4(O)CCCC[C@H]4C3)C=C21,0.5332170826695265,266
197017,CNP0004852.1,COC1=CC=CC(C2=CNC([C@@H]3COCCN3CC3=CC=CC(C#N)=C3)=N2)=C1,0.5330267218243006,267
100383,CNP0005378.1,CN1CCOC[C@H]1C1=NC(C2=CC=CN=C2)=CN1,0.5329693240580811,268
156232,CNP0004403.1,COC1=CC=C(C2=CNC([C@@H]3COCCN3CC3=CC=CC(C#N)=C3)=N2)C=C1,0.5325255089681875,269
419318,CNP0271590.0,COC1=CC2=C(C=C1OC)CN(CC1=CC(=O)N3C=CC=C(C)C3=N1)CC2,0.532382750178622,270
157145,CNP0016289.1,CC(C)N1C[C@@H]2OC3=CC(C4=CC=CN=C4)=CC=C3C(=O)N(C)[C@@H]2C1,0.5320990288414637,271
396374,CNP0015255.1,N#CC1=CC=CC(CN2CCOC[C@H]2C2=NC(C3=CC=CC(Cl)=C3)=CN2)=C1,0.5318835724841611,272
141809,CNP0312538.1,N#CC1=CC=CC(CN2CCOC[C@H]2C2=NC(C3=CC=CC=C3)=CN2)=C1,0.5311687119074366,273
394154,CNP0004424.1,CC1=CC=C(C2=CNC([C@@H]3COCCN3CC3=CC=CC(C#N)=C3)=N2)C=C1,0.5311336905060982,274
456911,CNP0375273.2,COC1=CC=C(C2=COC3=C4C(=CC(O)=C3C2=O)OC(=O)C[C@H]4C2=CC3=CC=CC=C3N(C)C2=O)C=C1,0.5307422355051551,275
334029,CNP0375273.1,COC1=CC=C(C2=COC3=C4C(=CC(O)=C3C2=O)OC(=O)C[C@@H]4C2=CC3=CC=CC=C3N(C)C2=O)C=C1,0.5307422355051551,276
45673,CNP0599728.2,COC1=CC=C(OC[C@H](O)CN2C(NCCCN3C=CN=C3)=NC3=C2C(=O)N(C)C(=O)N3C)C=C1,0.5300124750920542,277
388419,CNP0599728.1,COC1=CC=C(OC[C@@H](O)CN2C(NCCCN3C=CN=C3)=NC3=C2C(=O)N(C)C(=O)N3C)C=C1,0.5300124750920542,278
258225,CNP0402095.0,COCCN1C=NC2=CC=C(NC(=O)C3=CC=CN=C3)C=C2C1=O,0.5283951981655448,279
18362,CNP0296119.1,CC1=CC=C(C2=CNC([C@@H]3COCCN3CC3=CN=C4C=CC=CC4=C3)=N2)C=C1,0.5280461864757853,280
280987,CNP0061628.0,CC1=CC=CC=C1C1=CC(=O)C2=CC(NC(=O)C3=CC=CS3)=CC=C2O1,0.5275605327272044,281
170712,CNP0157189.1,COC1=CC=C(C2=NN(C)C([C@H]3CN4CC[C@H]3C[C@@H]4CNS(=O)(=O)C3=CC=CC4=CC=CN=C34)=C2)C=C1OC,0.5274869833449347,282
175582,CNP0073977.1,ClC1=CC=CC(C2=CNC([C@@H]3COCCN3)=N2)=C1,0.527227295291073,283
353185,CNP0401762.0,O=C(NC1=CC=C2N=CNC(=O)C2=C1)C1=CC=CN=C1,0.5271637109325266,284
42350,CNP0512210.1,CN1C=C(C2=CC=C3OC[C@@H]4CN(C(=O)C5=CN=CN=C5)CCN4CC(=O)NC3=C2)C=N1,0.5268273073560046,285
164032,CNP0396452.0,COC1=CC=C2C=C(C3CC(=O)OC4=CC(O)=C5C(=O)C(C6=CC=CC=C6)=COC5=C43)C(=O)N(C)C2=C1,0.5266075093243381,286
279705,CNP0380879.1,COC1=CC=CC(C2=CNC([C@@H]3COCCN3CC3=CNC4=CC=CC=C34)=N2)=C1,0.5263596661159482,287
17697,CNP0221569.0,CC1=CC=C(C2=CC=CN=C2)N=C1,0.5255556471835497,288
109840,CNP0005021.1,N#CC1=CC=CC(CN2CCOC[C@H]2C2=NC(C3=CC=NC=C3)=CN2)=C1,0.525496569061687,289
420418,CNP0558291.1,CN1C=C(C2=CC=C3NC(=O)C[C@@H]4CCN(C(=O)C5=CC=C6OCOC6=C5)C[C@@H]4CCOC3=C2)C=N1,0.5254487275333909,290
102206,CNP0400813.1,O=C1C=CC=C2[C@H]3C[C@H](CN(CC4=CC(=O)N5C=CSC5=N4)C3)CN21,0.524887982189159,291
278385,CNP0069014.0,CCOC(=O)C1=C(C)C2=CC=C(NC(=O)C3=CC=CN=C3)C=C2O1,0.5247721840201943,292
24901,CNP0180444.0,CC1=C(C(=O)C2=CC=CC=C2)OC2=CC=C(NC(=O)C3=CC=CS3)C=C12,0.5242742453953028,293
58210,CNP0087937.0,COC1=CC=CC=C1C1=CC(=O)C2=CC(NC(=O)C3CCCCC3)=CC=C2O1,0.524171886659774,294
196136,CNP0361474.0,O=C(NC1=CC=C2OC(C3=CC=CC=C3Cl)=CC(=O)C2=C1)C1=CC=CN=C1,0.5240234256029407,295
11199,CNP0139123.1,ClC1=CC=CC(C2=CNC([C@@H]3COCCN3CC3=CNC4=CC=CC=C34)=N2)=C1,0.5236829242320507,296
36254,CNP0414463.1,CN1C(=O)C2=CC=C(C3=CC=CN=C3)C=C2O[C@H]2CN(C3CCCC3)C[C@H]21,0.5233698135874085,297
84104,CNP0381341.1,CN1C(=O)C2=CC=C(C3=CC=CN=C3)C=C2O[C@H]2CN(C3CCC3)C[C@H]21,0.5233698135874085,298
463376,CNP0401486.1,CN1C=CC2=CC=C(C(=O)NC3=CC=C4NC(=O)[C@@H]5CCCN5C(=O)C4=C3)C=C21,0.5229692303923068,299
194456,CNP0049665.0,CC1=C(C(=O)C2=CC=CC=C2)OC2=CC=C(NC(=O)C3CC3)C=C12,0.5225663125402523,300
464752,CNP0398045.1,CN1C=CC2=CC(C(=O)N3CC[C@@]4(O)CCCC[C@H]4C3)=CC=C21,0.5224019835858644,301
159575,CNP0528424.1,CC1=NN(C)C(C(=O)N2CCN3CC(=O)NC4=CC(C5=CC=CN=C5)=CC=C4OC[C@@H]3C2)=C1,0.5213766846300208,302
302946,CNP0004378.1,N#CC1=CC=CC(CN2CCOC[C@H]2C2=NC(C3=CC=C(Cl)C=C3)=CN2)=C1,0.5206813162782472,303
476359,CNP0014208.1,C1=CC=C2C(CN3CCC[C@H]3C3=NC(C4=CC=C(C5=CC=NC=C5)N=C4)=NO3)=CNC2=C1,0.5206251390509489,304
348442,CNP0280634.1,C1=CN=CC(C2=CNC([C@@H]3COCCN3CC3=CNC=N3)=N2)=C1,0.5204638974592707,305
228886,CNP0016104.1,CN1C(=O)C2=CC=C(C3=CN(C)N=C3)C=C2O[C@H]2CN(CC3=NC=CS3)C[C@H]21,0.5202937953773743,306
41350,CNP0155573.0,COC1=CC=CC(C(=O)C2=C(C)C3=CC(NC(=O)C4CCCCC4)=CC=C3O2)=C1,0.5202159254401638,307
396090,CNP0278471.0,CCOC1=CC=CC=C1C1=CC(=O)C2=CC=C(NC(=O)C3=CC=CN=C3)C=C2O1,0.5192268947844889,308
55478,CNP0016288.1,CN1C[C@@H]2OC3=CC(C4=CC=CN=C4)=CC=C3C(=O)N(C)[C@@H]2C1,0.5187854229434704,309
285356,CNP0304070.1,ClC1=CC=CC(C2=CNC([C@@H]3COCCN3CC3=CN=C4C=CC=CC4=C3)=N2)=C1,0.5185006344084386,310
345020,CNP0548798.1,CN1C=C(C2=CC=C3NC(=O)C[C@@H]4CCN(CC5=CC=C(O)C(O)=C5)C[C@@H]4CCOC3=C2)C=N1,0.5184753371632786,311
214548,CNP0062086.0,COC1=CC=CC(C(=O)C2=C(C)C3=CC(NC(=O)C4=CC=CS4)=CC=C3O2)=C1,0.5183430030151227,312
330470,CNP0348792.0,CN1C(=O)C(C2CC(=O)OC3=CC=C4C(=O)C(C5=CC=C(O)C=C5)=COC4=C32)=CC2=CC=CC=C21,0.5178315540687599,313
120399,CNP0105272.1,C1=CC=C(C2=CNC([C@@H]3COCCN3CC3=CN=C4C=CC=CC4=C3)=N2)C=C1,0.5171984801164183,314
381926,CNP0235282.0,CN1C(=O)C(C2CC(=O)OC3=CC(O)=C4C(=O)C(C5=CC=C(O)C=C5)=COC4=C32)=CC2=CC=CC=C21,0.5168076782715615,315
201235,CNP0015257.1,CC(C)(C)CN1CCOC[C@H]1C1=NC(C2=CC=CC(Cl)=C2)=CN1,0.5161208766737658,316
137460,CNP0074336.1,CN1C/C=C/CCOC2=CC(=CC=C2)C2=NC(=NC=C2)NC2=CC(=CC=C2)C1,0.5159925022415731,317
47490,CNP0004853.1,COC1=CC=CC(C2=CNC([C@@H]3COCCN3CC3=CC=NC=C3)=N2)=C1,0.515876340910471,318
336262,CNP0177573.1,C1=CC=C2N=CC(CN3CCOC[C@H]3C3=NC(C4=CC=NC=C4)=CN3)=CC2=C1,0.5157600938883011,319
257849,CNP0142358.0,COC1=CC2=C(C=C1OC)C1=CC(NCCCN3C=CN=C3)=NC(=O)N1CC2,0.515758410653516,320
40491,CNP0225698.0,CC(C)CCN1C=NC2=CC=C(NC(=O)C3=CC=CN=C3)C=C2C1=O,0.5154824248308434,321
362541,CNP0258080.1,COC1=CC=C(C2=CNC([C@@H]3COCCN3CC3=CN=C4C=CC=CC4=C3)=N2)C=C1,0.5137059982319411,322
207871,CNP0482177.0,N#CC1=CC=CC=C1C1=CC(C2=CC=CC=N2)=CN(C2=CC=CC=C2)C1=O,0.5135483824089734,323
40490,CNP0519561.0,COC1=CC=CC(C2=C(C3=CC=CC(OC)=C3)NC(C3=CC=CC=C3OC)=N2)=C1,0.5123644282636485,324
329224,CNP0246894.1,CN1C=CC2=CC(C(=O)NC3=CC=C4NC(=O)[C@@H]5CCCN5C(=O)C4=C3)=CC=C21,0.5121541313086447,325
176651,CNP0195755.1,ClC1=CC=C(C2=CNC([C@@H]3COCCN3CC3=CN=C4C=CC=CC4=C3)=N2)C=C1,0.5119572218098284,326
144900,CNP0013967.1,C1=CN=CC(CN2CCC[C@H]2C2=NC(C3=CC=C(C4=CC=NC=C4)N=C3)=NO2)=C1,0.5119384299016335,327
237912,CNP0362198.1,CN1C2=CC=CC=C2C2=CC(/C=C3/N=C(C4=CC=CC=C4)OC3=O)=CC=C21,0.5118766213633513,328
350022,CNP0567964.0,O=S1(=O)NCC(O)CN(CC2=CC(C3=CC=CC=C3)=NO2)CC2(COC3=CC=CC=C31)CC(O)C(O)C2,0.5115402014024077,329
324145,CNP0041206.0,CC1=C(C(=O)C2=CC=CC=C2)OC2=CC=C(NC(=O)C(C)(C)C)C=C12,0.5112951706567308,330
465831,CNP0474639.1,COC1=CC=C(C2=CC(C[C@H]3CNCC[C@H]3CC(=O)N3CCC(CC4=CC=CC=C4)CC3)=NO2)C=C1,0.510934867086722,331
57938,CNP0500737.0,OCCN1C=C(C2=CN=C3N=NN(CC4=CC=C5N=CC=CC5=C4)C3=N2)C=N1,0.5103783097763701,332
55170,CNP0237868.1,COC1=CC=CC(C2=CNC([C@@H]3COCCN3CC3=CN=C4C=CC=CC4=C3)=N2)=C1,0.5096294568554613,333
292854,CNP0572710.0,COC1=CC(C2=C(C3=C(O)C(=O)C=C(C)O3)NC(C3=CC=CN3C3=CC=C(Cl)C=N3)=N2)=CC=C1O,0.5095818298538518,334
225974,CNP0309864.1,COC1=CC=CC(C2=CC=C3C(=O)N(C)[C@@H]4CNC[C@@H]4OC3=C2)=C1,0.5094920594860249,335
33833,CNP0408281.1,CC1=C(C(=O)N2CCCC3=C[C@H]4C[C@@H](CN5CCCC[C@H]45)[C@@H]32)N=C(N2C=CC=C2)S1,0.509027629981707,336
427376,CNP0035975.0,C1=CC=C(C2=CC=C(C3=CC=CC=C3)N=C2)C=C1,0.5086511479553446,337
343611,CNP0014163.1,C1=CC=C(CN2CCC[C@H]2C2=NC(C3=CC=C(C4=CC=NC=C4)N=C3)=NO2)C=C1,0.5081641134079087,338
437268,CNP0005063.1,ClC1=CC=CC(C2=CNC([C@@H]3COCCN3CC3=CC=NC=C3)=N2)=C1,0.5077752830441841,339
202454,CNP0107429.0,COC1=CC=C(C2=C(C3=C(O)C4=CC=CC=C4OC3=O)NC(=O)N2)C=C1OC,0.5076912811588553,340
115013,CNP0011128.1,COC1=CC=C(C2=CC(C[C@H]3CNCC[C@H]3CC(=O)N3CCN(C4=CC=CC=N4)CC3)=NO2)C=C1,0.5075696492443936,341
428368,CNP0481820.0,COC1=CC=C2C=C(C3=C(CC(=O)O)C4=C(O3)C3=CC=CC=C3N(C)C4=O)C=CC2=C1,0.5074983676634104,342
125120,CNP0011089.1,COC1=CC=C(C2=CC(C[C@H]3CNCC[C@H]3CC(=O)N(C)CC3=CC=CC=C3)=NO2)C=C1,0.5073795071007371,343
371678,CNP0132144.1,C1=CN=CC(CN2CCC[C@H]2C2=NC(C3=CC=C(C4=CN=CN=C4)N=C3)=NO2)=C1,0.5070361290818232,344
448638,CNP0043903.1,CN1C(=O)C2=CC=C(C3=CC=CN=C3)C=C2O[C@H]2CN(C(=O)COC3=CC=CC=C3)C[C@H]21,0.5070016909502013,345
37011,CNP0004855.1,COC1=CC=CC(C2=CNC([C@@H]3COCCN3CC(C)(C)C)=N2)=C1,0.5066537127128773,346
238111,CNP0005073.1,COC1=CC=CC(C2=CNC([C@@H]3COCCN3CC3=CC=CC=C3)=N2)=C1,0.5064431709262712,347
28768,CNP0016181.1,CN1C(=O)C2=CC=C(C3=CC=CN=C3)C=C2O[C@H]2CN(C(=O)CC(C)(C)C)C[C@H]21,0.5063407844531645,348
3194,CNP0308126.1,COC1=CC=CC(C2=CNC([C@@H]3COCCN3CC3=NC=CN3)=N2)=C1,0.505926627070996,349
263313,CNP0011245.1,COC1=CC=C(C2=CC(C[C@H]3CNCC[C@H]3CC(=O)N3CCN(C4=CC=CC=C4OC)CC3)=NO2)C=C1,0.5055517936112961,350
441643,CNP0304694.2,CC(=O)O[C@@H]1/C=C\[C@@](C)(O)C(=O)[C@@H](C)C/C=C\[C@H]2[C@H](O)[C@@](C)(O)[C@@H](C)[C@H]3[C@H](CC4=CC=CC=C4)NC(=O)[C@@]312,0.5053713901713913,351
352510,CNP0014664.1,ClC1=CC=CC(C2=CNC([C@@H]3COCCN3CC3=CC=CC=C3)=N2)=C1,0.5052055881619516,352
393975,CNP0005070.1,COC1=CC=CC(C2=CNC([C@@H]3COCCN3CC3=CC=CC=C3O)=N2)=C1,0.5048679988050688,353
79986,CNP0164539.1,ClC1=CC=CC(C2=CNC([C@@H]3COCCN3CC3=NC=CN3)=N2)=C1,0.5047834777308564,354
206307,CNP0014663.1,OC1=CC=CC=C1CN1CCOC[C@H]1C1=NC(C2=CC=CC(Cl)=C2)=CN1,0.5047738648482308,355
94648,CNP0016118.1,COCC(=O)N1C[C@@H]2OC3=CC(C4=CC=CN=C4)=CC=C3C(=O)N(C)[C@@H]2C1,0.5047414492632678,356
454374,CNP0556300.1,C[S@@+]([O-])C1=CC=C(C2=NC(C3=CC=NC=C3)=C(C3=CC=CC(I)=C3)N2)C=C1,0.5043930981633846,357
93992,CNP0012155.1,COC1=CC=C(C2=CC(C[C@H]3CNCC[C@H]3CC(=O)N3CCN(CC4=CC=CC=C4)CC3)=NO2)C=C1,0.5040792109855377,358
254844,CNP0374119.0,CC1=CC=C(C(=O)C2=C(C)C3=CC(NC(=O)C4=CC=CS4)=CC=C3O2)C=C1,0.5039471622794255,359
259186,CNP0049982.0,CC1=CC=CC=C1C1=CC(=O)C2=CC(NC(=O)C3=CC=NC=C3)=CC=C2O1,0.5039173275705238,360
29903,CNP0005072.1,COC1=CC=CC(C2=CNC([C@@H]3COCCN3CC3=CC=CC=N3)=N2)=C1,0.5034623861070796,361
119240,CNP0004856.1,COC1=CC=CC(C2=CNC([C@@H]3COCCN3CC3CC3)=N2)=C1,0.5033991229478005,362
447550,CNP0016489.1,CN1C(=O)C2=CC=C(C3=CC=CN=C3)C=C2O[C@H]2CN(C(=O)C3CCCCC3)C[C@H]21,0.503333856868846,363
366358,CNP0096237.1,ClC1=CC=CC(C2=CNC([C@@H]3COCCN3CC3=CC=CC=N3)=N2)=C1,0.5032953439719835,364
183222,CNP0180247.1,C1=CN=CC(C2=CC=C([C@H]3CCCCN3)C=N2)=C1,0.5032055054886324,365
395707,CNP0409603.1,CC(=O)N1C[C@@H]2OC3=CC(C4=CC=CN=C4)=CC=C3C(=O)N(C)[C@@H]2C1,0.5031875405387999,366
322681,CNP0005065.1,ClC1=CC=CC(C2=CNC([C@@H]3COCCN3CC3CC3)=N2)=C1,0.5029851968856408,367
112462,CNP0016210.1,COC1=CC=CC(C2=CC=C3C(=O)N(C)[C@@H]4CN(C5COC5)C[C@@H]4OC3=C2)=C1,0.5027870127685131,368
251027,CNP0413720.0,COC1=CC(C2=C(C3=C(O)C4=CC=CC=C4OC3=O)NC(=O)N2)=CC=C1O,0.5025614628506905,369
456496,CNP0206375.0,CC(C)N1C=NC2=CC=C(NC(=O)C3=CC=CN=C3)C=C2C1=O,0.5025054901310644,370
338804,CNP0131535.1,C1=CC=C(CN2CCC[C@H]2C2=NC(C3=CC=C(C4=CN=CN=C4)N=C3)=NO2)N=C1,0.50212555816728,371
198506,CNP0390278.1,C1=CC=C(CN2CCC[C@H]2C2=NC(C3=CC=C(C4=CN=CN=C4)N=C3)=NO2)C=C1,0.501658715113905,372
191569,CNP0214393.0,COC1=CC=CC=C1C1=CC(=O)C2=CC(NC(=O)C3=CC=NC=C3)=CC=C2O1,0.5011706471524453,373
289604,CNP0475886.1,COC1=CC=C(C2=CC(C[C@H]3CNCC[C@H]3CC(=O)N3CCC4=CC=CC=C4C3)=NO2)C=C1,0.5008196923405032,374
479219,CNP0376176.0,CCN1C2=CC=CC=C2C2=CC(NC(=O)COC3=CC=C4C(C)=CC(=O)OC4=C3)=CC=C21,0.5006195042124615,375
115559,CNP0030746.0,C=C1C(O)=NC2=NC=CN12,0.5003657708900446,376
472013,CNP0354679.1,CC(=O)OC[C@]1(C)[C@@H](OC(C)=O)CC[C@]2(C)C3=CC4=C(C=C(C5=CC=CN=C5)OC4=O)O[C@]3(C)[C@@H](OC(C)=O)C[C@@H]12,0.49890382923599935,377
477100,CNP0504111.1,CC(=O)O[C@@H]1/C=C\[C@@](C)(O)C(=O)[C@@H](C)C/C=C\[C@H]2[C@H](O)[C@]3(CO3)[C@@H](C)[C@H]3[C@H](CC4=CC=CC=C4)NC(=O)[C@@]312,0.49884969056427475,378
155985,CNP0145723.0,COC1=CC=CC=C1C1=CC(=O)C2=CC(NC(=O)C3CC3)=CC=C2O1,0.498803147490516,379
13909,CNP0160820.0,CC(C)CN1C=NC2=CC=C(NC(=O)C3=CC=CN=C3)C=C2C1=O,0.4986375214571355,380
502980,CNP0212452.0,CCCCN(C)C1=NC(=O)N2CCC3=CC(OC)=C(OC)C=C3C2=C1,0.49846943838045915,381
281480,CNP0233246.1,COC1=CC=CC(C2=CC=C3C(=O)N(C)[C@@H]4CN(C5CCOCC5)C[C@@H]4OC3=C2)=C1,0.4976238888839683,382
286567,CNP0532147.1,COC1=C(O)C=C2CCN(C)[C@H]3CC4=C5N=C(C6=CC=CC=C6)C(=O)OC5=C(OC)C=C4C1=C23,0.49752022111173394,383
286928,CNP0418876.1,COC1=CC=CC(C2=CC=C3C(=O)N(C)[C@@H]4CN(S(C)(=O)=O)C[C@@H]4OC3=C2)=C1,0.49747660433097324,384
78109,CNP0332896.1,COC1=CC2=C(C=C1OC)CN(C(=O)C[C@@H]1CCNC[C@@H]1CC1=NOC(C3=CC=CC=C3)=C1)CC2,0.49743684143713,385
449449,CNP0420009.1,CN1C(=O)C2=CC=C(C3=CC=CN=C3)C=C2O[C@H]2CN(C(=O)C3CC3)C[C@H]21,0.4973528384856856,386
188826,CNP0158099.1,CC1=CC=CC=C1CN1CCC[C@H]1C1=NC(C2=CC=C(C3=CC=NC=C3)N=C2)=NO1,0.4972760065070524,387
228350,CNP0411139.0,O=C1NC(C2=CC=C3OCCC3=C2)=C(C2=C(O)C3=CC=CC=C3OC2=O)N1,0.4966368277928875,388
171952,CNP0362943.1,CN1C=CC2=CC=C(C(=O)N3CCCC4=C[C@H]5C[C@H](CN6CCCC[C@H]56)[C@@H]43)C=C21,0.4966194450628383,389
198533,CNP0482957.1,CC1=C(S(=O)(=O)N2CCN3CC(=O)NC4=CC(C5=CC=CC=C5)=CC=C4OC[C@@H]3C2)C=NO1,0.49658767649817714,390
392042,CNP0197206.1,CN1C(=O)C2=CC=C(C3=CC=CN=C3)C=C2O[C@H]2CN(C(=O)N3CCOCC3)C[C@H]21,0.49631571558756327,391
138937,CNP0031392.0,COC1=CC=CC(C(=O)C2=C(C)C3=CC(NC(=O)C(C)(C)C)=CC=C3O2)=C1,0.49550181736589755,392
349900,CNP0053846.1,COC1=CC=CC=C1N1CCN(C(=O)C[C@@H]2CCNC[C@@H]2CC2=NOC(C3=CC=CC=C3)=C2)CC1,0.4949097695280534,393
129835,CNP0011069.1,CC(C)N1CCOC[C@H]1C1=NC(C2=CC=CC(Cl)=C2)=CN1,0.4949037146397734,394
292649,CNP0594924.0,COC1=CC=CC(C2=C(C3=C(O)C(=O)C=C(C)O3)NC(C3=CC=C4C(=C3)N(C)C(=O)N4C)=N2)=C1,0.4948214713188747,395
10002,CNP0048310.0,COC1=CC=CC(C(=O)C2=C(C)C3=CC(NC(=O)C4=CC=NC=C4)=CC=C3O2)=C1,0.4947847691948444,396
499417,CNP0014586.1,CN1C=C(CN(CC2=CN(C)N=C2)C[C@H]2CN3C(C4=CC=CC(Cl)=C4)=CN=C3CO2)C=N1,0.49448582900630156,397
45018,CNP0347494.1,CC(C)(C)C1=CC=C(C2=CC(C[C@H]3CNCC[C@H]3CC(=O)N3CCN(C4=CC=CC=N4)CC3)=NO2)C=C1,0.49437852850010633,398
220824,CNP0195270.1,CN(CC1=CC=CC=C1)C(=O)C[C@@H]1CCNC[C@@H]1CC1=NOC(C2=CC=C(C(C)(C)C)C=C2)=C1,0.4941883863564497,399
202733,CNP0603974.0,COCC1=CC(=O)C(O)=C(C2=C(C3=CC=CC=C3)N=C(C3=CNC=N3)N2)O1,0.4941848323953108,400
433311,CNP0101925.0,COC1=CC=C(C(=O)C2=C(C)C3=CC(NC(=O)C4=CC=CS4)=CC=C3O2)C=C1OC,0.4941638694864717,401
234011,CNP0555908.1,CC1=CC=CC(O[C@H]2COCCN(CC3=NC=CN3C)C2)=N1,0.4941276794077433,402
56423,CNP0573239.3,CC1=CC=C(NC(=O)[C@H]2[C@H]3C=C[C@]4(O3)[C@H](C(=O)NC3CCCCC3)N(CC3=CC=CN=C3)C(=O)[C@@H]24)C=C1C,0.4940592459383106,403
320672,CNP0573239.2,CC1=CC=C(NC(=O)[C@@H]2[C@H]3C=C[C@]4(O3)[C@H](C(=O)NC3CCCCC3)N(CC3=CC=CN=C3)C(=O)[C@@H]24)C=C1C,0.4940592459383106,404
197020,CNP0005064.1,ClC1=CC=CC(C2=CNC([C@@H]3COCCN3CC3=CSN=N3)=N2)=C1,0.4940296643852736,405
243369,CNP0214781.1,CC(=O)OC[C@]1(C)[C@@H](OC(C)=O)CC[C@]2(C)C3=CC4=C(C=C(C5=CC=CN=C5)OC4=O)O[C@]3(C)[C@@H](O)C[C@@H]12,0.4939566856068934,406
402772,CNP0395012.0,COC1=CC=C2C=C(C3CC(=O)OC4=C3C(C)=CC3=C4C(C4=CC=CC=C4)=CC(=O)O3)C(=O)N(C)C2=C1,0.49371886072653887,407
256006,CNP0005069.1,COC1=CC=CC(C2=CNC([C@@H]3COCCN3CC3=CSN=N3)=N2)=C1,0.49298792001178393,408
466537,CNP0585514.0,IC1=CC=CC(CSC2=NN=C(C3=CC=NC=C3)O2)=C1,0.49237227343867895,409
48944,CNP0064726.1,COC1=CC=CC(C2=CC=C3C(=O)N(C)[C@@H]4CN(S(=O)(=O)C5=CC=CC=C5)C[C@@H]4OC3=C2)=C1,0.49202464324253287,410
151158,CNP0575536.1,CC1=NN(C)C(C)=C1S(=O)(=O)N1CCN2CC(=O)NC3=CC(C4=CC=CN=C4)=CC=C3OC[C@@H]2C1,0.4913564698429327,411
30844,CNP0004850.1,CS(=O)(=O)C1=CC=C(CN2CCOC[C@H]2C2=NC(C3=CC=CC(Cl)=C3)=CN2)C=C1,0.4907794479471121,412
452403,CNP0347273.1,CN1C(=O)C2=CC=C(C3=CC=CN=C3)C=C2O[C@H]2CN(CC3=CC=CC=C3)C[C@H]21,0.4906642394273677,413
86060,CNP0252392.1,CN1C(=O)C2=CC=C(C3=CC=CN=C3)C=C2O[C@H]2CN(CCC(C)(C)C)C[C@H]21,0.49034596404578046,414
78985,CNP0014048.1,CN1C([C@H]2CCN(CC3=CC=C(C4=CC=CC=N4)C=C3)C2)=NC2=CC=CC=C21,0.49022289352350973,415
164975,CNP0016303.1,COC1=CC=CC(C2=CC=C3C(=O)N(C)[C@@H]4CN(C(C)C)C[C@@H]4OC3=C2)=C1,0.4898284620877479,416
470973,CNP0564842.0,COC1=CC=CC(C2=C(C3=C(O)C(=O)C=C(C)O3)NC(C3=CC=CN3C3=CC=CC=N3)=N2)=C1,0.4895934643900696,417
302295,CNP0480577.1,CC1=NN(C)C(C(=O)N2CCN3CC(=O)NC4=CC(C5=CC=CC=C5)=CC=C4OC[C@@H]3C2)=C1,0.48949835771970884,418
6296,CNP0413303.0,NC(=O)C1=CC(C2=C(C3=C(O)C4=CC=CC=C4OC3=O)NC(=O)N2)=CC=C1O,0.48877734407064416,419
484746,CNP0014386.1,COC1=CC=CC(C2=CNC([C@@H]3COCCN3C(C)C)=N2)=C1,0.48792729311911315,420
68581,CNP0012771.1,CC(C)(C)C1=CC=C(C2=CC(C[C@H]3CNCC[C@H]3CC(=O)N3CCC4=CC=CC=C4C3)=NO2)C=C1,0.48762857159621575,421
249778,CNP0145609.1,O=C(C[C@@H]1CCNC[C@@H]1CC1=NOC(C2=CC=CC=C2)=C1)N1CCC(CC2=CC=CC=C2)CC1,0.4873216643831013,422
194618,CNP0061137.1,CC1=NOC(C)=C1CN1C[C@@H]2OC3=CC(C4=CC=CN=C4)=CC=C3C(=O)N(C)[C@@H]2C1,0.48730096963793573,423
485458,CNP0355962.1,COC1O[C@@]2(C)C3=C(C=C(C4=CC(=O)C5=CC(C)(C)C[C@@H]5[C@@]4(C)O)C=C31)C(=O)C1=CC(C)(C)C[C@@H]12,0.48694460677364765,424
94139,CNP0575791.0,O=C(O)CCN1C2=CC=C(O)C=C2C2=C3C(=O)NC(=O)C3=C(C3=CC=CC=C3)C=C21,0.48666174497620646,425
372255,CNP0366099.1,COC1=CC=C(C2=CC(C[C@H]3CNCC[C@H]3CC(=O)N3CCN(C4=CC=CC=C4)CC3)=NO2)C=C1,0.4863287003690167,426
123214,CNP0409149.1,CN1C=CC2=CC(C(=O)N3CCCC4=C[C@H]5C[C@H](CN6CCCC[C@H]56)[C@@H]43)=CC=C21,0.4858043459791762,427
109486,CNP0185864.1,CN(CC1=CC=CC=C1)C(=O)C[C@@H]1CCNC[C@@H]1CC1=NOC(C2=CC=CC=C2)=C1,0.4852910947420311,428
82115,CNP0011092.1,O=C(C[C@@H]1CCNC[C@@H]1CC1=NOC(C2=CC=CC=C2)=C1)N1CCCCC1,0.48514742346611284,429
3,CNP0016509.1,COC1=CC=CC(C2=CC=C3C(=O)N(C)[C@@H]4CN(C(=O)C5CCCCC5)C[C@@H]4OC3=C2)=C1,0.4842554450820562,430
383672,CNP0487714.0,CN1C=CN=C1SC1=NC2=C(C(=O)N(C)C(=O)N2C)N1C,0.48418799064718443,431
193258,CNP0074414.1,COC1=CC=CC(C2=CC=C3C(=O)N(C)[C@@H]4CN(C5CCC5)C[C@@H]4OC3=C2)=C1,0.48348023192343853,432
399276,CNP0016386.1,COC1=CC=CC(C2=CC=C3C(=O)N(C)[C@@H]4CN(C5CCCC5)C[C@@H]4OC3=C2)=C1,0.48348023192343853,433
496520,CNP0247878.1,COC1=CC=CC(C2=CC=C3C(=O)N(C)[C@@H]4CN(C)C[C@@H]4OC3=C2)=C1,0.4833336668533075,434
215603,CNP0582550.1,COC1=CC=CC(C2=CC=C3OC[C@H]4CN(S(=O)(=O)C5=C(C)ON=C5)CCN4CC(=O)NC3=C2)=C1,0.4826044437086334,435
9668,CNP0394105.1,CN1CCC(N2CCOC[C@H]2C2=NC(C3=CC=CC(Cl)=C3)=CN2)CC1,0.48230383910536045,436
467057,CNP0016740.1,COC1=CC=CC(C2=CC=C3C(=O)N(C)[C@@H]4CN(C(=O)COC5=CC=CC=C5)C[C@@H]4OC3=C2)=C1,0.4821470474516497,437
140290,CNP0203562.0,CC1=CC=C(C(=O)C2=C(C)C3=CC(NC(=O)C4=CC=CC=C4C)=CC=C3O2)C=C1,0.48182041632697925,438
369772,CNP0022823.1,CN1C(=O)C2=CC=C(C3=CC=CN=C3)C=C2O[C@H]2CN(CC3CCCC3)C[C@H]21,0.48175602330843836,439
340071,CNP0368998.1,COC1=CC=CC(C2=CNC([C@@H]3COCCN3CC3=CC=C(S(C)(=O)=O)C=C3)=N2)=C1,0.48175094933056445,440
451468,CNP0011041.1,CCN(CC)C(=O)C[C@@H]1CCNC[C@@H]1CC1=NOC(C2=CC=CC=C2)=C1,0.48172614417625165,441
433287,CNP0173746.0,CN1C(=O)NC2=C(N=C(C3=CC=CC=C3)N2)C1=O,0.48119293622004133,442
60593,CNP0071794.0,COC1=CC=C(C(=O)C2=C(C)C3=CC(NC(=O)C4CCCCC4)=CC=C3O2)C=C1OC,0.4810950219656398,443
372823,CNP0415155.0,CC1=CC=CC2=C1C=CC1=C3OC=C(C)C3=C3NC(C4=CC=C5C(=C4)N(C)C(=O)N5C)=NC3=C21,0.4807750973417468,444
52209,CNP0040530.1,O=C(C[C@@H]1CCNC[C@@H]1CC1=NOC(C2=CC=CC=C2)=C1)N1CCN(C2=CC=CC=N2)CC1,0.48066376349829537,445
369745,CNP0238058.1,COC1=CC=CC(C2=CNC([C@@H]3COCCN3C3CCN(C)CC3)=N2)=C1,0.48055566854767334,446
387808,CNP0295962.0,COC1=CC=C(C2=C(CC(=O)O)C3=C(O2)C2=CC=CC=C2N(C)C3=O)C=C1,0.48017918180265345,447
279906,CNP0048387.1,COCC(=O)N1C[C@@H]2OC3=CC(C4=CC=CC(OC)=C4)=CC=C3C(=O)N(C)[C@@H]2C1,0.47988680576471615,448
374113,CNP0064814.1,CC1=C(C(=O)C2=CC=CC=C2)OC2=CC=C(NC(=O)/C=C/C3=CC=CC=C3)C=C12,0.47966064359622096,449
300679,CNP0402240.1,CC(C)N1C=CC2=CC=C(C(=O)NC3=CC=C4NC(=O)[C@@H]5CCCN5C(=O)C4=C3)C=C21,0.47958682552412846,450
257808,CNP0217440.1,O=C(C[C@@H]1CCNC[C@@H]1CC1=NOC(C2=CC=CC=C2)=C1)N1CCOCC1,0.47953159679902385,451
482596,CNP0067475.0,CC(=O)NC1=CC=C2OC(C(=O)C3=CC=CC=C3)=C(C)C2=C1,0.479224333388748,452
460268,CNP0496879.0,CN1C2=C3C=C(C4=CC=CC=C4)C=CC3=NC2=C(Cl)C2=CC=CC=C21.Cl,0.4788678564992882,453
120989,CNP0044838.0,CC1=CC=CC=C1C(=O)NC1=CC=C2OC(C(=O)C3=CC=CC=C3)=C(C)C2=C1,0.47879719958098954,454
270748,CNP0084205.0,COC1=CC=C(C2=CC(N3CCCC3)=CC3=C2C(=O)N(C2=CC=CC=C2)N3C)C=C1,0.47847742799687915,455
141804,CNP0016706.1,CN1C(=O)C2=CC=CC=C2O[C@H]2CN(CC3=CC(C4=CC=CC=C4)=NO3)C[C@H]21,0.47846606502068617,456
49549,CNP0438293.1,O=C(C[C@@H]1CCNC[C@@H]1CC1=NOC(C2=CC=CC=C2)=C1)N1CCN(CC2=CC=CC=C2)CC1,0.4783956126746872,457
99696,CNP0578750.0,CC1=CC(=O)C(O)=C(C2=C(C3=CC=CC=C3)N=C(C3=C(C)N(C)C4=CC=C(OC(C)C)C=C34)N2)O1,0.4780152906969493,458
59895,CNP0577989.1,CN1CCC[C@H]1C1=NC(C2=CC=C(C3=CC=NC=C3)N=C2)=NO1,0.47755097703186655,459
150665,CNP0180341.0,CC1=C(C(=O)C2=CC=CC=C2)OC2=CC=C(NC(=O)C3=CC=C(C(C)(C)C)C=C3)C=C12,0.47741838033974837,460
160100,CNP0570695.0,CC1=CC(=O)C(O)=C(C2=C(C3=CC=CC=C3)N=C(C3=C(C)N(C)C4=CC=C(OCC(C)C)C=C34)N2)O1,0.4773514660263535,461
147703,CNP0439105.1,C#CCN(C)C(=O)C[C@@H]1CCNC[C@@H]1CC1=NOC(C2=CC=CC=C2)=C1,0.47724692195310003,462
163672,CNP0011090.1,O=C(C[C@@H]1CCNC[C@@H]1CC1=NOC(C2=CC=CC=C2)=C1)N1CCC2=CC=CC=C2C1,0.47720648963688256,463
352762,CNP0188884.1,CN1N=NC(C2=CC=C(NC(=O)CCN3C[C@H]4C[C@H](C3)C3=CC=CC(=O)N3C4)C=C2)=N1,0.47649567668663984,464
501317,CNP0249722.1,CN1C(=O)C2=CC=C(C3=CC=CN=C3)C=C2O[C@H]2CN(CC3CC3)C[C@H]21,0.4763495132398001,465
494024,CNP0408591.0,COC1=CC=CC=C1CCN1COC2=CC=C3C(=O)C(C4=CC=C(OC)C(OC)=C4)=COC3=C2C1,0.4761427862563816,466
84227,CNP0212457.1,CC(C)CCN1C[C@@H]2OC3=CC(C4=CC=CN=C4)=CC=C3C(=O)N(C)[C@@H]2C1,0.47604473199300124,467
155027,CNP0403830.1,COC1=CC=CC(C2=CC=C3C(=O)N(C)[C@@H]4CN(C(=O)C5CC5)C[C@@H]4OC3=C2)=C1,0.4757708861465877,468
346670,CNP0116771.1,COC1=CC=CC(C2=CNC([C@@H]3COCCN3CC3=CC=C(C(=O)O)C=C3)=N2)=C1,0.47538659576801606,469
326669,CNP0252268.1,CC1=CC[C@@H]2[C@]34CC[C@](O)(OC3)C(C)(C)[C@]4(O)CC[C@@]2(C)[C@@]12OC1=C(C(=O)OC(C3=CC=CN=C3)=C1)[C@@H]2O,0.4753274214606518,470
470390,CNP0226156.0,CCOC(=O)C1=C(C)C2=CC(NC(=O)C3=CC=CS3)=CC=C2O1,0.4746299831793966,471
122144,CNP0041411.1,COC1=CC=CC(C2=CNC([C@@H]3COCCN3C3CCN(C(C)=O)CC3)=N2)=C1,0.47437740744564716,472
318752,CNP0070485.0,CC1=C(C(=O)C2=CC=CC=C2)OC2=CC=C(NC(=O)C3=CC=CC=C3)C=C12,0.4740697851448911,473
427327,CNP0028357.1,CN(C)C1=CC=C(CN2CCOC[C@H]2C2=NC(C3=CC=CC(Cl)=C3)=CN2)C=C1,0.4739992208803539,474
426666,CNP0512110.1,COC1=CC=CC(C2=CC=C3OC[C@H]4CN(C(=O)C5=CC(C)=NN5C)CCN4CC(=O)NC3=C2)=C1,0.47399159658085743,475
25015,CNP0274496.0,CN1N=C(C2=CC=C(Cl)C(Cl)=C2)N=C2C1=NC(=O)N(C)C2=O,0.4738684267748212,476
247727,CNP0234739.1,CC(=O)N1CCN(C(=O)C[C@@H]2CCNC[C@@H]2CC2=NOC(C3=CC=CC=C3)=C2)CC1,0.47344289514653004,477
323010,CNP0071506.1,CC(=O)N1CCC(N2CCOC[C@H]2C2=NC(C3=CC=CC(Cl)=C3)=CN2)CC1,0.47332821574573564,478
180877,CNP0148874.1,O=C(O)C[C@@H]1CCNC[C@@H]1CC1=NOC(C2=CC=CC=C2)=C1,0.47290938674602956,479
19050,CNP0016946.1,CCC(CC)C(=O)N1C[C@@H]2OC3=CC(C4=CC=CC(OC)=C4)=CC=C3C(=O)N(C)[C@@H]2C1,0.47251077359468363,480
202502,CNP0376011.1,COC1=CC(CN2CCC[C@H]2C2=NC(C3=CC=C(C4=CC=NC=C4)N=C3)=NO2)=CC(OC)=C1OC,0.4713137514606756,481
251079,CNP0253672.0,COC1=CC=CC(C(=O)NC2=CC=C3OC(C4=CC=CC=C4OC)=CC(=O)C3=C2)=C1,0.4711982346274236,482
28290,CNP0135521.1,COC1=CC=CC(C2=CC=C3C(=O)N(C)[C@@H]4CN(C(=O)CC(C)(C)C)C[C@@H]4OC3=C2)=C1,0.4711367553008181,483
410924,CNP0452236.1,NC(=O)C1CCN(C(=O)C[C@@H]2CCNC[C@@H]2CC2=NOC(C3=CC=CC=C3)=C2)CC1,0.4707232061452219,484
195098,CNP0054291.0,CC(=O)NC1=CC=C2OC(C3=CC=CC=C3C)=CC(=O)C2=C1,0.46975413678877337,485
360021,CNP0053459.0,COC1=CC=CC(C(=O)NC2=CC=C3OC(C(=O)C4=CC=CC(OC)=C4)=C(C)C3=C2)=C1,0.4692855086867731,486
332384,CNP0041470.0,CC1=CC=C(C(=O)C2=C(C)C3=CC(NC(=O)C4=CC=CO4)=CC=C3O2)C=C1,0.46915712866174586,487
6317,CNP0234455.1,CC(C)N1C=CC2=CC(C(=O)NC3=CC=C4NC(=O)[C@@H]5CCCN5C(=O)C4=C3)=CC=C21,0.46877172644046633,488
180730,CNP0134916.0,CCCC1=C(C2=CC=CC(OC)=C2)NC2=C(OC)C=CC(OC)=C2C1=O,0.46850255645757016,489
244514,CNP0016204.1,COC1=CC=CC(C2=CC=C3C(=O)N(C)[C@@H]4CN(C(C)=O)C[C@@H]4OC3=C2)=C1,0.4679835113864534,490
321239,CNP0232024.0,O=C1C2=CC3=C(C=CN(C4=CC=CC=N4)C3=O)N=C2C=CN1C1=CC=CC=N1,0.467246335603668,491
425362,CNP0005066.1,O=C(O)C1=CC=C(CN2CCOC[C@H]2C2=NC(C3=CC=CC(Cl)=C3)=CN2)C=C1,0.4671884302752346,492
419062,CNP0068517.0,CC1=C(C#N)C(=O)N(N)C(C2=CC=CC=C2)=C1,0.4666950729369048,493
499603,CNP0534285.0,CC(C)C1=CC(C2=NN=C(O)N2C2=CC=C3C(=C2)C=CN3C)=C(O)C=C1O,0.46611191602969737,494
373604,CNP0016151.1,COC1=CC=CC(C2=CC=C3C(=O)N(C)[C@@H]4CN(CC5=CC=NC=C5Cl)C[C@@H]4OC3=C2)=C1,0.466019078942516,495
378213,CNP0029026.1,COC1=CC=CC(C2=CNC([C@@H]3COCCN3CC3=CC=C(N(C)C)C=C3)=N2)=C1,0.46497072226380587,496
175679,CNP0507493.2,CC1=CC=C(NC(=O)[C@H]2[C@H]3C=C[C@@]4(O3)[C@H]2C(=O)N(CC2=CC=CN=C2)[C@@H]4C(=O)N[C@@H]2CCC[C@@H](C)[C@H]2C)C=C1C,0.4648838358792285,497
235421,CNP0507493.1,CC1=CC=C(NC(=O)[C@H]2[C@H]3C=C[C@@]4(O3)[C@H]2C(=O)N(CC2=CC=CN=C2)[C@@H]4C(=O)N[C@@H]2CCC[C@H](C)[C@@H]2C)C=C1C,0.4648838358792285,498
435645,CNP0507493.3,CC1=CC=C(NC(=O)[C@H]2[C@H]3C=C[C@@]4(O3)[C@H]2C(=O)N(CC2=CC=CN=C2)[C@@H]4C(=O)N[C@@H]2CCC[C@@H](C)[C@@H]2C)C=C1C,0.4648838358792285,499
127687,CNP0016300.1,COC1=CC=CC(C2=CC=C3C(=O)N(C)[C@@H]4CN(C(=O)N5CCOCC5)C[C@@H]4OC3=C2)=C1,0.464701207516595,500
447533,CNP0068181.0,COC1=CC=CC(C(=O)C2=C(C)C3=CC(NC(=O)C4=CC=CO4)=CC=C3O2)=C1,0.4644315936576405,501
206835,CNP0283124.0,CC1=CC=CC=C1C1=CC(=O)C2=CC(NC(=O)C3=CC=C(C(C)(C)C)C=C3)=CC=C2O1,0.46439114611152216,502
168413,CNP0578711.0,CC(=O)N(C)C1=CC=CC(C2=NN=C3C=CC(C4=CC=CC=C4)=NN23)=C1,0.4641638946451458,503
291098,CNP0099664.1,O=C(C[C@@H]1CCNC[C@@H]1CC1=NOC(C2=CC=CC=C2)=C1)N1CCN(C2=CC=CC=C2)CC1,0.46412072526291254,504
200509,CNP0004813.1,CN1CCC(N2CCOC[C@H]2C2=NC(C3=CC=CN=C3)=CN2)CC1,0.4639503037191804,505
416526,CNP0224433.0,CC1=CC=C(C(=O)C2=C(C)C3=CC(NC(=O)C4CCCCC4)=CC=C3O2)C=C1,0.4637186361474989,506
498010,CNP0036436.0,COC1=CC=CC=C1C1=CC(=O)C2=CC(NC(=O)C(C)(C)C)=CC=C2O1,0.4635998048418725,507
70073,CNP0220634.0,COC1=CC=C(C(=O)C2=C(C)C3=CC(NC(=O)C4=CC=CS4)=CC=C3O2)C=C1,0.463578332029043,508
406400,CNP0591713.1,O=C1C[C@@H]2CCN(CCCC3=CC=CC=C3)C[C@@H]2CCOC2=CC=C(C3=CC=CN=C3)C=C2N1,0.4632312164802814,509
143872,CNP0520067.0,COC1=CC=CC(C2=C(C3=CC=CC(OC)=C3)NC(C3=CC=C(O)C=C3)=N2)=C1,0.4630962601296653,510
119408,CNP0095238.0,CC1=CC=CC=C1C1=CC(=O)C2=CC(NC(=O)C3=CC=CO3)=CC=C2O1,0.462835191978717,511
437113,CNP0402400.0,COC1=CC=CC=C1C1=CC(=O)C2=CC(NC(=O)C3=CC=C4OCOC4=C3)=CC=C2O1,0.46269250618101315,512
14909,CNP0187619.1,CN1CCC[C@H]1C1=NC(C2=CC=C(C3=CN=CN=C3)N=C2)=NO1,0.4626324913367243,513
206064,CNP0153559.1,CC1=CC[C@@H]2[C@]34CC[C@](O)(OC3)C(C)(C)[C@]4(O)CC[C@@]2(C)[C@]12CC1=C(C=C(C3=CC=CN=C3)OC1=O)O2,0.46258919823636246,514
326697,CNP0501815.2,CCOC1=CC=C(NC(=O)[C@H]2SC3=NN=C(C4=CC=CC=C4)N3NC23CCCCC3)C=C1,0.46249073478970765,515
14740,CNP0029434.0,COC1=CC=CC(C(=O)C2=C(C)C3=CC(NC(=O)C4=CC=C(C(C)(C)C)C=C4)=CC=C3O2)=C1,0.4619471477166365,516
435858,CNP0329121.1,CN1C2=C([C@H](O)[C@H](O)[C@H](O)CO)N=C(C3=CC=CC=C3)C2=CC2=CC=CC=C21,0.46172831350467936,517
384812,CNP0029077.0,COC1=CC=CC(C(=O)C2=C(C)C3=CC=C(NC(=O)C4=CC=CS4)C=C3O2)=C1,0.4600297226155756,518
421018,CNP0573239.4,CC1=CC=C(NC(=O)[C@@H]2[C@H]3C=C[C@@]4(O3)[C@H]2C(=O)N(CC2=CC=CN=C2)[C@@H]4C(=O)NC2CCCCC2)C=C1C,0.4599500707190419,519
345471,CNP0573239.1,CC1=CC=C(NC(=O)[C@H]2[C@H]3C=C[C@@]4(O3)[C@H]2C(=O)N(CC2=CC=CN=C2)[C@@H]4C(=O)NC2CCCCC2)C=C1C,0.4599500707190419,520
467355,CNP0374595.0,COC1=CC=C2C(=C1)C(C(=O)COC1=CC=C3C(C4=CC=CC=C4)=CC(=O)OC3=C1C)=C(C)N2C,0.4596820094553605,521
197025,CNP0176311.2,C[C@]12C=C(C3=C(O)C=C(C4=CC5=CC=C(O)C=C5O4)C=C3O)C[C@H](C1)C1=CC=C(O)C=C1O2,0.4592095077107319,522
257333,CNP0376476.0,COC1=CC=C(C2=CC(=O)OC3=C(C)C(OCC(=O)C4=C(C)N(C)C5=CC=CC=C45)=CC=C23)C=C1,0.45898763809415966,523
498599,CNP0116070.0,COC1=CC=C(C2=NN(CC(=O)C3=C(C)N(C)C4=CC=C(OC)C=C34)C(=O)C=C2)C=C1,0.45895662743006527,524
119157,CNP0065225.0,CC1=C(C(=O)C2=CC=CC=C2)OC2=CC=C(NC(=O)C3=CC=CC=C3Br)C=C12,0.45867465843769095,525
265631,CNP0029512.0,CN1C2=CC(N3CCCC3)=CC(C3=CC=CC=C3)=C2C(=O)N1C1=CC=CC=C1,0.4585513130284417,526
113003,CNP0400214.0,CC(=O)NC1=CC=C2OC3=NC=CC=C3N(C)C(=O)C2=C1,0.45838523347407373,527
169531,CNP0015258.1,COC1=CC=C(CN2CCOC[C@H]2C2=NC(C3=CC=CC(Cl)=C3)=CN2)C=C1,0.4582115585749198,528
13542,CNP0015289.2,CN1N=C(C2=CC=C3C=CC=CC3=C2)C=C1[C@H]1CN2CC[C@H]1C[C@@H]2CNCC1=CC=CC=N1,0.45791006820896035,529
169144,CNP0192285.1,COC1=CC(C2=N/C(=C\C3=CN(C)C4=CC=CC=C34)C(=O)O2)=CC(OC)=C1OC,0.4575820323027372,530
103995,CNP0418748.0,CC1=CC=C(C(=O)C2=C(C)C3=CC(NC(=O)C4=CC=CC=C4)=CC=C3O2)C=C1,0.4575080895823571,531
184138,CNP0043569.0,CC1=CC=C(C(=O)NC2=CC=C3OC(C(=O)C4=CC=CC=C4)=C(C)C3=C2)C=C1,0.4575080895823571,532
487101,CNP0029450.1,CC(=O)NC1=CC=C(C2=CC=C3[C@@H]4C[C@H](CN(CC5=CC=C(C6=CC=CC=N6)C=C5)C4)CN3C2=O)C=C1,0.4571807995815341,533
72140,CNP0029450.2,CC(=O)NC1=CC=C(C2=CC=C3[C@@H]4C[C@@H](CN(CC5=CC=C(C6=CC=CC=N6)C=C5)C4)CN3C2=O)C=C1,0.4571807995815341,534
314801,CNP0047135.0,CSC1=CC(C2=CC=C3C=CC=CC3=C2)=C2C(=O)N(C3=CC=CC=C3)N(C)C2=C1,0.4566244771486891,535
77114,CNP0031141.0,COC1=CC=CC(C(=O)C2=C(C)C3=CC=C(NC(=O)C4CCCCC4)C=C3O2)=C1,0.4564753821687036,536
474594,CNP0382392.1,COC1=CC=CC(C2=CC=C3C(=O)N(C)[C@@H]4CN(CC5=CC=CC=C5Cl)C[C@@H]4OC3=C2)=C1,0.4561736117281488,537
69576,CNP0348196.1,CC(C)N1C=CC2=CC=C(C(=O)N3CCCC4=C[C@H]5C[C@@H](CN6CCCC[C@H]56)[C@@H]43)C=C21,0.45616909627425317,538
176312,CNP0026136.0,CSC1=CC(C2=CC=C(Cl)C=C2)=C2C(=O)N(C3=CC=CC=C3)N(C)C2=C1,0.45605098328021243,539
262263,CNP0043786.0,COC1=CC=CC(C(=O)NC2=CC=C3OC(C(=O)C4=CC=CC=C4)=C(C)C3=C2)=C1,0.45602778876418604,540
166673,CNP0062440.0,CC1=CC=C(C(=O)NC2=CC=C3OC(C4=CC=CC=C4C)=CC(=O)C3=C2)C=C1,0.45595610240398043,541
499807,CNP0032900.1,COC1=CC=C(CN2CCOC[C@H]2C2=NC(C3=CC=CC(OC)=C3)=CN2)C=C1,0.45574289265028545,542
498750,CNP0496757.0,CCCCOC1=CC=C(C2=CC(OCC)=C3C(C)=[O+]C(C)=C3C(OCC)=C2)C=C1OC,0.4556640623484147,543
273455,CNP0499786.1,CN1N=CN=C1C1=CC=C2OC[C@H]3CN(C(=O)COC4=CC=CC=C4)CCN3CC(=O)NC2=C1,0.45553762051501706,544
365863,CNP0039868.0,COC1=CC=C(C(=O)C2=C(C)C3=CC(NC(=O)C4CC4)=CC=C3O2)C=C1OC,0.4554495685304032,545
198329,CNP0558882.1,CN1CCC(N2CC[C@H]3CC(=O)NC4=CC(C5=CC=CN=C5)=CC=C4OCC[C@H]3C2)CC1,0.455422490499905,546
304667,CNP0026829.0,COC1=CC(OC)=CC(C(=O)NC2=CC=C3OC(C(=O)C4=CC=CC(OC)=C4)=C(C)C3=C2)=C1,0.4551604203951695,547
494824,CNP0538169.1,CCCN1CC[C@H]2CC(=O)NC3=CC(C4=CC=CN=C4)=CC=C3OCC[C@H]2C1,0.4551347264305496,548
417472,CNP0395140.0,COC1=CC=CC=C1C1=CC(=O)C2=CC(NC(=O)C3=C(OC)C=CC=C3OC)=CC=C2O1,0.45512848850968673,549
5304,CNP0542410.0,CCCC(=O)NC1=C(C(=O)OCC)C(C2=CC=CC=C2)=CS1,0.45511968260408503,550
89023,CNP0176311.1,C[C@@]12C=C(C3=C(O)C=C(C4=CC5=CC=C(O)C=C5O4)C=C3O)C[C@@H](C1)C1=CC=C(O)C=C1O2,0.4550678884579637,551
232530,CNP0555749.0,COCCN1C=C(C2=NC(C3=CC=C(O)C(OC)=C3)=C(C3=C(O)C(=O)C=C(C)O3)N2)C2=CC(OC)=CC=C21,0.45430972119622254,552
412484,CNP0415134.0,COCCN1C=C(C2=NC(C3=CC=C(OC)C=C3)=C(C3=C(O)C(=O)C=C(C)O3)N2)C2=CC(OC)=CC=C21,0.45430972119622254,553
318131,CNP0208015.0,COC1=CC=CC(C(=O)NC2=CC=C3OC(C4=CC=CC=C4C)=CC(=O)C3=C2)=C1,0.4542703670213782,554
436115,CNP0035824.0,COC1=CC=CC(C(=O)C2=C(C)C3=CC(NC(=O)C4=CC(OC)=C(OC)C(OC)=C4)=CC=C3O2)=C1,0.45417971571617577,555
113193,CNP0547883.0,CCOC1=CC=C(C2=CN3C4=CC=CC=C4N(C)C3=C2)C=C1[N+](=O)[O-],0.45415449761913,556
361666,CNP0079152.0,O=C1C2=CC=CC=C2N2C=CC3=C4C=CC=CC4=NC3=C12,0.4539553699181333,557
355335,CNP0280709.1,COC1=CC=C(C2=N/C(=C\C3=CN(C)C4=CC=CC=C34)C(=O)O2)C=C1OC,0.4537371012931053,558
43013,CNP0166512.0,COC1=CC=CC(C(=O)C2=C(C)C3=CC(NC(=O)C4=CC=C(OC)C(OC)=C4)=CC=C3O2)=C1,0.4534913600293818,559
392539,CNP0391412.0,COC1=CC=CC(C(=O)NC2=CC=C3OC(C(=O)C4=CC=C(OC)C(OC)=C4)=C(C)C3=C2)=C1,0.4534913600293818,560
497671,CNP0006885.1,N#CC1=CC=CC(C2=CC=C3[C@@H]4C[C@@H](CN(CC5=CC=C(C6=CC=CC=N6)C=C5)C4)CN3C2=O)=C1,0.45278277310790566,561
442896,CNP0060531.0,CC(=O)NC1=CC=C2OC(=O)C3=CC=CC=C3C2=C1,0.45276283397258044,562
459628,CNP0294523.0,COC1=CC=CC(C(=O)NC2=CC=C3OC(C(=O)C4=CC=C(C)C=C4)=C(C)C3=C2)=C1,0.4527238131242391,563
243788,CNP0016592.1,COC1=CC=CC(C2=CC=C3C(=O)N(C)[C@@H]4CN(CC5=CC=CC=C5)C[C@@H]4OC3=C2)=C1,0.45229090060349847,564
188633,CNP0484947.1,CC(C)[C@@H](NC(=O)CN1C(C2=CC=CC=C2)=NC=C(N)C1=O)[C@@H](O)C1=NN=C(C(C)(C)C)O1,0.4520301478634364,565
268008,CNP0016643.1,COC1=CC=CC(C2=CC=C3C(=O)N(C)[C@@H]4CN(CC5=C(C)ON=C5C)C[C@@H]4OC3=C2)=C1,0.45182889534119036,566
58086,CNP0374199.0,COC1=CC=C2C(=C1)C(C(=O)COC1=CC=C3C(C4=CC=CC=C4)=CC(=O)OC3=C1)=C(C)N2C,0.4516605370617409,567
297242,CNP0015289.1,CN1N=C(C2=CC=C3C=CC=CC3=C2)C=C1[C@H]1C[N@]2CC[C@H]1C[C@@H]2CNCC1=CC=CC=N1,0.4516147838394308,568
277644,CNP0133704.0,COC1=CC=C(C(=O)C2=C(C)C3=CC(NC(=O)C4=CC=CO4)=CC=C3O2)C=C1OC,0.45145821028592226,569
15824,CNP0016976.1,COC1=CC=CC(C2=CC=C3C(=O)N(C)[C@@H]4CN(CCC(C)(C)C)C[C@@H]4OC3=C2)=C1,0.45123819081381306,570
78398,CNP0374463.0,COC1=CC=C(C2=CC(=O)OC3=CC(OCC(=O)C4=C(C)N(C)C5=CC=CC=C45)=CC=C23)C=C1,0.4509661657005401,571
80561,CNP0579289.0,CCC1=CC2=C(C=C1O)OC(C1=CC=C([N+](=O)[O-])C=C1)=C(C1=NC3=CC=CC=C3N1C)C2=O,0.4503592064541846,572
205231,CNP0016771.1,COC1=CC=CC(C2=CC=C3C(=O)N(C)[C@@H]4CN(CCCC5=CC=CC=C5)C[C@@H]4OC3=C2)=C1,0.44988832175760607,573
203389,CNP0391973.0,CC(C)C(=O)NC1=CC=C2OC3=NC=CC=C3N(C)C(=O)C2=C1,0.4495307438300394,574
274137,CNP0142340.0,CC1=CC=CC=C1C(=O)NC1=CC=C2OC(C3=CC=CC=C3C)=CC(=O)C2=C1,0.44949716554765934,575
225786,CNP0551074.0,O=C1C2=CC=CC=C2N2C=CC3=NC4=CC=CC=C4C3=C12,0.44944382797458327,576
117288,CNP0207937.0,CC1=CC=CC=C1C1=CC(=O)C2=CC(NC(=O)C3=CC=CC=C3)=CC=C2O1,0.4492898723158594,577
431784,CNP0035347.0,COC1=CC=C(C(=O)C2=C(C)C3=CC(NC(=O)C4=CC=CC=C4C)=CC=C3O2)C=C1OC,0.44910953064662473,578
237601,CNP0005068.1,COC1=CC=CC(C2=CNC([C@@H]3COCCN3CC3=CC=C(C)C=C3)=N2)=C1,0.4488156836977528,579
384661,CNP0579576.1,CN1CC[C@H]2CC(=O)NC3=CC(C4=CC=CN=C4)=CC=C3OCC[C@H]2C1,0.44878475960770503,580
243081,CNP0143455.1,COC1=CC=CC(N2C[C@@H](C(=O)NC3=CC=C4OC(=O)C=CC4=C3)CC2=O)=C1,0.4487500992341765,581
196407,CNP0143455.2,COC1=CC=CC(N2C[C@H](C(=O)NC3=CC=C4OC(=O)C=CC4=C3)CC2=O)=C1,0.4487500992341765,582
186952,CNP0333033.0,CC1=C(OCC(=O)C2=C(C)N(C)C3=CC=CC=C23)C=CC2=C1OC(=O)C=C2C1=CC=CC=C1,0.4485962077350864,583
266094,CNP0078804.1,COC1=CC=CC(C2=CNC([C@@H]3COCCN3CC3=CC=C(Cl)C=C3)=N2)=C1,0.44857501024935975,584
347589,CNP0049501.0,COC1=CC=C(C(=O)C2=C(C)C3=CC(NC(=O)C4=CC=CC=C4)=CC=C3O2)C=C1OC,0.44833265005958806,585
258490,CNP0056283.0,CC1=CC=C(C(=O)C2=C(C)C3=CC(NC(=O)C4=CC=CC=C4Br)=CC=C3O2)C=C1,0.4475446814926798,586
318325,CNP0106798.1,CCCN1C[C@@H]2OC3=CC(C4=CC=CC(OC)=C4)=CC=C3C(=O)N(C)[C@@H]2C1,0.44728087530205135,587
208368,CNP0016512.1,COC1=CC=CC(C2=CC=C3C(=O)N(C)[C@@H]4CN(CC5CCCC5)C[C@@H]4OC3=C2)=C1,0.44698261827779556,588
135435,CNP0015955.1,CN1C=C(CN2CCC[C@H]2C2=NC(C3=CC=C(OC4CCCCC4)N=C3)=NO2)C2=CC=CC=C21,0.4469356158178199,589
455030,CNP0204359.0,CCC1C2C3=CC=CN3CCCC2OC12C=C(C)C(=O)O2,0.44687486753051125,590
160402,CNP0061100.0,CC1=CC=CC=C1C1=CC(=O)C2=CC(NC(=O)C3=CC=CC=C3Br)=CC=C2O1,0.4468723589734022,591
247854,CNP0048502.1,CN1C=C(CN2C[C@@H]3C[C@H](C2)C2=CC=C(C4=CN=CN=C4)C(=O)N2C3)C2=CC=CC=C21,0.446801853152521,592
455311,CNP0510801.0,CN1C2=CC=CC=C2N2C=C(C3=CC=C(I)C([N+](=O)[O-])=C3)C=C12,0.446719039655293,593
215092,CNP0372226.0,COC1=CC=C(C2=NN(C)C3=NC(=O)N(C)C(=O)C3=N2)C=C1,0.44658269690923985,594
451479,CNP0507493.4,CC1=CC=C(NC(=O)[C@H]2[C@H]3C=C[C@@]4(O3)[C@H]2C(=O)N(CC2=CC=CN=C2)[C@@H]4C(=O)N[C@@H]2CCC[C@H](C)[C@H]2C)C=C1C,0.4462913606602977,595
501734,CNP0597213.0,CN1C(=O)C2=C(N=C3SC=CN32)N(C)C1=O,0.4462095707092915,596
257554,CNP0244158.1,COC1=CC=C(C(=O)C2=C(C)C3=CC(NC(=O)/C=C/C4=CC=CC=C4)=CC=C3O2)C=C1OC,0.44618829720207814,597
97348,CNP0603573.1,CN1C=NC=C1[C@H](OCC1=NC(Cl)=C(C#N)C=C1C1=CC=CC(Cl)=C1)C1=CC=C(C#N)C=C1,0.4461854873163506,598
454536,CNP0015844.1,CN1C=C(CN2CCC[C@H]2C2=NC(C3=CC=C(N4CCOCC4)N=C3)=NO2)C2=CC=CC=C21,0.4461303374457838,599
441544,CNP0015359.1,CC1=NN(C2=CC=CC=C2)N=C1C(=O)N[C@H](C)C1=C(C(=O)O)C(C2=CC=CN=C2)=NO1,0.4459853855677187,600
270117,CNP0523719.0,CC1=CC=C(C2=CC=C(N3CCC4(CC3)OCCO4)N=N2)C=C1S(=O)(=O)N1CCCC1,0.4458958128308824,601
353571,CNP0064264.0,COC1=CC=CC(C(=O)C2=C(C)C3=CC(NC(=O)C4=CC=CC=C4)=CC=C3O2)=C1,0.44551647914155007,602
155336,CNP0487620.0,CC1=CC(C2=CC=CC=C2)=NNC1=NCCN1CCOCC1,0.4454886793949221,603
362267,CNP0174915.0,COC1=CC=C2C=C(C3CC(=O)OC4=C(O)C(O)=C5C(=O)C=C(C6=CC=CC=C6)OC5=C43)C(=O)N(C)C2=C1,0.44472560560140273,604
128804,CNP0046126.0,CC1=C(C(=O)C2=CC=CC=C2)OC2=CC(NC(=O)C3CCCCC3)=CC=C12,0.4442096256323438,605
124466,CNP0185033.0,COC1=NOC(CCC(=O)NC2=CC=C3OC(C(=O)C4=CC=CC=C4)=C(C)C3=C2)=C1,0.4440831440530435,606
242155,CNP0082211.1,CC1=CC=CC=C1C1=CC(=O)C2=CC(NC(=O)/C=C/C3=CC=CC=C3)=CC=C2O1,0.4439912255666914,607
190984,CNP0485578.0,COC1=CC=C2C=C(C3=NC(C4=CC=C(O)C(OC)=C4)=C(C4=C(O)C(=O)C=C(C)O4)N3)C(=O)N(C)C2=C1,0.44357220347650694,608
262750,CNP0230738.0,COC1=CC=CC=C1C1=CC(=O)C2=CC(NC(C)=O)=CC=C2O1,0.4431273067655042,609
123807,CNP0059059.0,COC1=CC=CC(C(=O)C2=C(C)C3=CC=C(NC(=O)C(C)(C)C)C=C3O2)=C1,0.44304757313653176,610
464606,CNP0403355.0,CN1C(=O)C(C2CC(=O)OC3=CC(O)=C4C(=O)C(O)=C(C5=CC=C(O)C(O)=C5)OC4=C32)=CC2=CC=CC=C21,0.44297678170002963,611
7958,CNP0072797.1,CC1(C)CCC2=CC(C3=C(O)/C(=C\C4=CC=C5O[C@@H](C(C)(C)O)CC5=C4)OC3=O)=CC=C2O1,0.44275915682251293,612
187226,CNP0012536.1,COC1=CC=C(C2=CC(C[C@H]3CNCC[C@H]3CC(=O)N(C)CC(N)=O)=NO2)C=C1,0.44264633481110677,613
77264,CNP0596489.0,CC1=C(CCC(=O)O)C2=[N+]3C1=CC1=C(C)C(C(C)S)=C4C=C5C(C)=C(C(C)S)C6=[N+]5[Fe-2]3(N14)N1C(=C6)C(C)=C(CCC(=O)O)C1=C2,0.4425979581256253,614
184888,CNP0074330.1,C1=C/COCC2=C(OCCN3CCCC3)C=CC(=C2)NC2=NC(=CC=N2)C2=CC(=CC=C2)COC/1,0.4425624761456992,615
219516,CNP0312840.0,COC1=CC=CC(C(=O)C2=C(C)C3=CC(NC(=O)C4=CC=CC=C4Br)=CC=C3O2)=C1,0.4423252911211562,616
44629,CNP0049342.0,COC1=CC=CC(C(=O)C2=C(C)C3=CC(NC(=O)C4=CC=C(C)C=C4)=CC=C3O2)=C1,0.4422125035016031,617
261119,CNP0050479.2,CN1N=C(C2=CC=CC=C2)C=C1[C@H]1CN2CC[C@H]1C[C@@H]2CNCC1=CC=CC=N1,0.4414954845672665,618
50787,CNP0487402.1,CC1=NN(C)C(C)=C1S(=O)(=O)N1CCN2CC(=O)NC3=CC(C4=CC=CC=C4)=CC=C3OC[C@@H]2C1,0.4412950935628369,619
145188,CNP0289675.3,COC(=O)[C@]1(CC2=CC=C3OC(C)(C)[C@H](O)CC3=C2)OC(=O)C(OC)=C1C1=CC=C(O)C(O)=C1,0.4408712508875991,620
163840,CNP0536536.0,C1=CC=C(C2=CC=C3OC(C4=CC=CC=N4)=NC3=C2)C=C1,0.4407196514365264,621
495491,CNP0289306.0,O=C1NC(C2=CC=CC(O)=C2)=C2C=CC=CC2=C1O,0.4401121700154374,622
222405,CNP0005067.1,COC1=CC=CC(C2=CNC([C@@H]3COCCN3C3CCC3)=N2)=C1,0.4394590450815747,623
177506,CNP0004857.1,COC1=CC=CC(C2=CNC([C@@H]3COCCN3C3CCCCC3)=N2)=C1,0.4394590450815747,624
70334,CNP0259827.0,COC1=CC=CC=C1C(=O)NC1=CC=C2OC(C(=O)C3=CC=CC=C3)=C(C)C2=C1,0.4391809889116188,625
296940,CNP0016775.1,COC1=CC=CC(C2=CC=C3C(=O)N(C)[C@@H]4CN(CC5CC5)C[C@@H]4OC3=C2)=C1,0.4390725676568492,626
141152,CNP0323442.0,COC1=C(C2=CC=C3OCOC3=C2)CC2=C(C=CC3=C2C=CC(C)(C)O3)C1=O,0.4389557637104158,627
234235,CNP0069935.0,COC1=CC=C(C(=O)NC2=CC=C3OC(C4=CC=CC=C4C)=CC(=O)C3=C2)C=C1OC,0.4388232995619849,628
472651,CNP0401896.1,COCCOC1=CC=C(C2=NOC([C@@H]3CCCN3CC3=CN(C)C4=CC=CC=C34)=N2)C=N1,0.4388201176312645,629
409943,CNP0284228.1,C1=CN=CC(C2=CNC([C@@H]3COCCN3)=N2)=C1,0.43868564755562167,630
328966,CNP0146605.1,COC1=CC=CC(C2=CC=C3C(=O)N(C)[C@@H]4CN(CCC(C)C)C[C@@H]4OC3=C2)=C1,0.4384859491517961,631
196289,CNP0375983.0,CC1=C(C(=O)COC2=CC=C3C(C4=CC=CC=C4)=CC(=O)OC3=C2)C2=CC=CC=C2N1C,0.43828034787649556,632
82618,CNP0004851.1,ClC1=CC=CC(C2=CNC([C@@H]3COCCN3C3CCNCC3)=N2)=C1,0.43802914011334354,633
340714,CNP0106200.0,CC1=CC=C(C(=O)C2=C(C)C3=CC(NC(=O)C4=CC=NC=C4)=CC=C3O2)C=C1,0.4380184923954942,634
97830,CNP0045191.0,COC1=CC=C(C(=O)C2=C(C)C3=CC(NC(=O)C4=CC=CC=C4C)=CC=C3O2)C=C1,0.43797801835125555,635
497849,CNP0396134.0,CC1=CC=CC=C1C1=CC(=O)C2=CC(NC(=O)C3=CC=C(Br)C=C3)=CC=C2O1,0.437850240897873,636
272502,CNP0527238.0,COC1=CC=CC=C1C1=CC(=O)C2=CC(NC(=O)C3=CC=CC=C3C)=CC=C2O1,0.4378400857997164,637
204348,CNP0044307.0,CCOC(=O)C1=C(C)C2=CC(NC(=O)C3=CC=CC(OC)=C3)=CC=C2O1,0.43727013663308967,638
332591,CNP0207028.0,COC1=CC=CC(C(=O)C2=C(C)C3=CC(NC(=O)C4=CC=CC=C4C)=CC=C3O2)=C1,0.4372133444863898,639
207294,CNP0417022.1,CN1C(CN2CCC[C@H]2C2=NC(C3=CC=NC(N4CCC(C(N)=O)CC4)=C3)=NO2)=NC2=CC=CC=C21,0.43708068782426446,640
440150,CNP0382799.0,COC1=CC=C2C(=C1)C(C(=O)COC1=CC(O)=C3C(=O)C=C(C4=CC=CC=C4)OC3=C1)=C(C)N2C,0.4370347236602647,641
487783,CNP0003882.1,CN1CCC(N2CCOC[C@H]2C2=NC(C3=CC=CC=C3)=CN2)CC1,0.43695141451217956,642
412203,CNP0024087.0,COC1=CC=C(C(=O)NC2=CC=C3OC(C4=CC=CC=C4OC)=CC(=O)C3=C2)C=C1OC,0.4369123540250387,643
221033,CNP0268571.1,COC1=CC=CC(C2=CNC([C@@H]3COCCN3C3CCNCC3)=N2)=C1,0.4368822130736163,644
163878,CNP0481773.0,CCCC(CCC)C(=O)NC1=CC=C2CCC3=CC=CC=C3N(C(=O)CN3CCN(C)CC3)C2=C1,0.43686404276624374,645
64848,CNP0183493.0,COC1=CC=C(C(=O)NC2=CC=C3OC(C4=CC=CC=C4C)=CC(=O)C3=C2)C=C1,0.4361856774797996,646
421055,CNP0411824.0,CC(=O)N1CC2=C(C1=O)C(C1=CC=C(C3=CC=CC=C3)O1)C1=CN(CCC(C)C)C3=C1C(=CC=C3)N2,0.4361780887396715,647
140273,CNP0310224.0,COC1=CC=CC=C1C1=CC(=O)C2=CC(NC(=O)C3=CC(OC)=C(OC)C(OC)=C3)=CC=C2O1,0.4360805296664349,648
410800,CNP0494151.0,CCCN1C(C2=CC=CC(C(=O)N3CCC4(CC3)OCCO4)=C2)=NC2=CC=CN=C21,0.435772283687019,649
226956,CNP0011088.1,CCN(CC)C(=O)C[C@@H]1CCNC[C@@H]1CC1=NOC(C2=CC=C(OC)C=C2)=C1,0.4356360361533664,650
299111,CNP0016361.1,COC1=CC=CC(C2=CC=C3C(=O)N(C)[C@@H]4CN(CC5=CC=CC=C5O)C[C@@H]4OC3=C2)=C1,0.4355482683941038,651
77198,CNP0133878.1,ClC1=CC=CC(C2=CNC([C@@H]3COCCN3C3CCC3)=N2)=C1,0.43545419697077364,652
294892,CNP0015260.1,ClC1=CC=CC(C2=CNC([C@@H]3COCCN3C3CCCCC3)=N2)=C1,0.43545419697077364,653
215376,CNP0040611.0,CC1=C(C(=O)C2=CC=CC=C2)OC2=CC=C(NC(=O)C3=CC=C(Br)C=C3)C=C12,0.43531904589266107,654
20513,CNP0050479.1,CN1N=C(C2=CC=CC=C2)C=C1[C@H]1C[N@]2CC[C@H]1C[C@@H]2CNCC1=CC=CC=N1,0.435200200197737,655
227859,CNP0402882.0,COC1=CC=C2C=C(C3CC(=O)OC4=CC(O)=C5C(=O)C=C(C6=CC=CC=C6)OC5=C43)C(=O)N(C)C2=C1,0.43511017545846614,656
455470,CNP0064829.0,CCC1=CC2=C(C=C1O)OC(C1=CC=C(C)C=C1)=C(C1=NC3=CC=CC=C3N1C)C2=O,0.4348922563932355,657
482541,CNP0010637.1,COCCOC1=CC(C2=NOC([C@@H]3CCCN3CC3=NC4=CC=CC=C4N3C)=N2)=CC=N1,0.4346173504656487,658
242365,CNP0484498.1,CC1=CC=C(C2=CC=C(N3CCC[C@@H](C(=O)N4CCC5(CC4)OCCO5)C3)N=N2)C=C1C,0.43444098898417827,659
282365,CNP0484498.2,CC1=CC=C(C2=CC=C(N3CCC[C@H](C(=O)N4CCC5(CC4)OCCO5)C3)N=N2)C=C1C,0.43444098898417827,660
184505,CNP0011048.1,COC1=CC=C(C2=CC(C[C@H]3CNCC[C@H]3CC(=O)N3CCCCC3)=NO2)C=C1,0.43387414301647276,661
219224,CNP0004808.1,C1=CN=CC(C2=CNC([C@@H]3COCCN3CC3=CNC4=CC=CC=C34)=N2)=C1,0.4337432868271344,662
423586,CNP0602857.1,COC1=CC=CC(C2=CC=C3OC[C@H]4CN(S(=O)(=O)C5=C(C)N(C)N=C5C)CCN4CC(=O)NC3=C2)=C1,0.4335948075231241,663
285727,CNP0028871.0,COC1=CC=CC=C1C1=CC(=O)C2=CC(NC(=O)C3=CC=CC=C3)=CC=C2O1,0.4326224658395028,664
42026,CNP0333400.0,CN1N=C(C2=CC=CC=C2)N=C2C1=NC(=O)N(C)C2=O,0.4324084527362816,665
471816,CNP0327476.0,COC1=CC=C(C(=O)C2=C(C)C3=CC(NC(=O)C4=CC=CC=C4Br)=CC=C3O2)C=C1OC,0.43232621483790085,666
28573,CNP0046462.0,COC1=CC=CC=C1C1=CC(=O)C2=CC(NC(=O)C3=CC=C(C(C)(C)C)C=C3)=CC=C2O1,0.432249622475281,667
450618,CNP0582207.0,CN1C2=CC=CC=C2N2C=C(C3=CC=CC([N+](=O)[O-])=C3)C=C12,0.4321291572357242,668
141222,CNP0268087.1,COC1=CC=C(C2=CC3=CC=C(OCCN4C[C@H]5C[C@@H](C4)C4=CC=CC(=O)N4C5)C=C3OC2=O)C=C1,0.4319530493028789,669
196513,CNP0497006.1,CN1N=CN=C1C1=CC=C2OC[C@H]3CN(C(=O)C4=CC=CN=C4)CCN3CC(=O)NC2=C1,0.43189476587726316,670
45825,CNP0360857.0,COC1=CC=CC=C1C1=CC(=O)C2=CC(NC(=O)C3=CC=CC=C3Br)=CC=C2O1,0.4318431913934381,671
460130,CNP0006848.1,CN1C=C(CN2C[C@@H]3C[C@H](C2)C2=CC=C(C4=CC=CN=C4)C(=O)N2C3)C2=CC=CC=C21,0.4318273343188854,672
443018,CNP0038144.1,NC1=CC=CC(C2=CN(C[C@H]3C[C@H]4CC[N@]3C[C@@H]4C(=O)N3CCOCC3)N=N2)=C1,0.4317283660621212,673
277179,CNP0038144.2,NC1=CC=CC(C2=CN(C[C@H]3C[C@@H]4CC[N@@]3C[C@@H]4C(=O)N3CCOCC3)N=N2)=C1,0.4317283660621212,674
364921,CNP0599197.1,O=C1C[C@@H]2CCN(CC3=CC(C4=CC=CC=C4)=NO3)C[C@@H]2CCOC2=CC=C(C3=CC=CN=C3)C=C2N1,0.43163205703746726,675
311217,CNP0037127.1,ClC1=CC=CC(C2=CNC([C@@H]3COCCN3C3CCOCC3)=N2)=C1,0.4315316346725925,676
264580,CNP0155147.1,CN(CC(N)=O)C(=O)C[C@@H]1CCNC[C@@H]1CC1=NOC(C2=CC=C(C(C)(C)C)C=C2)=C1,0.4315315708038227,677
280008,CNP0016384.1,COC1=CC=CC(C2=CC=C3C(=O)N(C)[C@@H]4CN(CC5=CC=C6OCOC6=C5)C[C@@H]4OC3=C2)=C1,0.4314403376364545,678
358265,CNP0127660.1,COC1=CC=C(C2=N/C(=C\C3=CN(C)C4=CC=CC=C34)C(=O)O2)C=C1,0.4313497524619065,679
162617,CNP0027978.0,COC1=CC=CC(C(=O)C2=C(C)C3=CC(NC(=O)C4=CC=CC=C4OC)=CC=C3O2)=C1,0.43119240789942104,680
48947,CNP0241268.0,COC1=CC=CC=C1C1=CC(=O)C2=CC(NC(=O)C3=CC=C(C)C=C3)=CC=C2O1,0.43116348333154286,681
323175,CNP0038144.3,NC1=CC=CC(C2=CN(C[C@H]3C[C@@H]4CCN3C[C@@H]4C(=O)N3CCOCC3)N=N2)=C1,0.4310417178909835,682
277352,CNP0038144.4,NC1=CC=CC(C2=CN(C[C@H]3C[C@H]4CCN3C[C@@H]4C(=O)N3CCOCC3)N=N2)=C1,0.4310417178909835,683
486735,CNP0453832.1,COC1=CC=C(C2=CC(C[C@H]3CNCC[C@H]3CC(=O)N3CCC4=CC(OC)=C(OC)C=C4C3)=NO2)C=C1,0.4310259899531306,684
236123,CNP0149536.0,COC1=CC=C(C(=O)C2=C(C)C3=CC(NC(=O)C4=CC=CC(OC)=C4)=CC=C3O2)C=C1,0.4305245635103369,685
499307,CNP0023240.1,COC1=CC=CC(C2=CNC([C@@H]3COCCN3C3CCOCC3)=N2)=C1,0.43033256044299845,686
166619,CNP0272065.2,CCN1C2=CC=CC=C2C2=CC(NC(=O)[C@@H]3CCC(=O)N3[C@H]3OC(=O)C4=C3C=CC(OC)=C4OC)=CC=C21,0.4302966028357214,687
396548,CNP0272065.1,CCN1C2=CC=CC=C2C2=CC(NC(=O)[C@@H]3CCC(=O)N3C3OC(=O)C4=C3C=CC(OC)=C4OC)=CC=C21,0.4302966028357214,688
60824,CNP0026645.0,CC1=C(C(=O)C2=CC=CC=C2)OC2=CC(NC(=O)C3=CC=CS3)=CC=C12,0.4301362325459628,689
429513,CNP0228785.1,CN1C(=O)C2=CC=CN=C2O[C@H]2CN(CC3=CC(C4=CC=CC=C4)=NO3)C[C@H]21,0.42998127775815065,690
164933,CNP0306749.1,C#CCN(C)C(=O)C[C@@H]1CCNC[C@@H]1CC1=NOC(C2=CC=C(OC)C=C2)=C1,0.42991974755623225,691
198558,CNP0014118.1,C1=CC(C2=CC=C(C3=NOC([C@@H]4CCCN4CC4=CC=C5OCOC5=C4)=N3)C=N2)=CC=N1,0.4298608653168967,692
242858,CNP0611502.0,COC1=C(OC)C(=O)C2=C(C=C3C(=C2C2=CC=C(OC)C=C2)NC(=N)N3C)C1=O,0.42972228746208246,693
169551,CNP0093553.2,COC1=CC=C(C2=NN(C)C([C@H]3CN4CC[C@H]3C[C@@H]4CNCC3=CC=CC=N3)=C2)C=C1,0.4293915950323081,694
62160,CNP0086735.0,COC1=CC(OC)=CC(C(=O)NC2=CC=C3OC(C4=CC=CC=C4OC)=CC(=O)C3=C2)=C1,0.42907997392407116,695
463017,CNP0593105.1,CN1N=CN=C1C1=CC=C2OC[C@H]3CN(S(=O)(=O)C4=CC=CN=C4)CCN3CC(=O)NC2=C1,0.42881238118693377,696
421021,CNP0488698.1,CN1N=CN=C1C1=CC=C2OC[C@H]3CN(C(=O)C4=CC=CC(Cl)=C4)CCN3CC(=O)NC2=C1,0.4287894942156985,697
75050,CNP0412945.1,CN(C)C1=CC=C(C2=NOC([C@@H]3CCCN3CC3=NC4=CC=CC=C4N3C)=N2)C=N1,0.4287288908976704,698
72638,CNP0557593.0,CCCCNS(=O)(=O)C1=CC=C(NC(=O)C2=CC=CC(NC(=O)C(C)C)=C2)C=C1,0.4287257709705326,699
93047,CNP0011568.1,O=C([C@H]1C[N@@]2CC[C@@H]1C[C@@H]2CN1C=C(C2=CC=CC(O)=C2)N=N1)N1CCOCC1,0.42849287267822317,700
330767,CNP0011568.2,O=C([C@H]1C[N@]2CC[C@H]1C[C@@H]2CN1C=C(C2=CC=CC(O)=C2)N=N1)N1CCOCC1,0.42849287267822317,701
318015,CNP0560480.0,CN1C(=O)N(C2=CC=C(C(C)(C)C#N)C=C2)C2=C3C=C(C4=CN=C5C=CC=CC5=C4)C=CC3=NC=C21,0.4284665773833352,702
165389,CNP0037627.0,COC1=CC(OC)=CC(C(=O)NC2=CC=C3OC(C(=O)C4=CC=CC=C4)=C(C)C3=C2)=C1,0.42793830582985953,703
206919,CNP0154436.0,COC1=CC=CC(C(=O)C2=C(C)C3=CC(NC(=O)C4=CC=C(Br)C=C4)=CC=C3O2)=C1,0.4278395776368388,704
334827,CNP0531579.2,CN1N=C(C2=CC=C3C=CC=CC3=C2)C=C1[C@H]1CN2CC[C@H]1C[C@@H]2CNC(=O)C1=CC=CO1,0.42774619983359186,705
314071,CNP0022384.0,COC1=CC=C(C(=O)C2=C(C)C3=CC(NC(=O)C(C)(C)C)=CC=C3O2)C=C1OC,0.42769245998591077,706
92104,CNP0011568.4,O=C([C@H]1CN2CC[C@H]1C[C@@H]2CN1C=C(C2=CC=CC(O)=C2)N=N1)N1CCOCC1,0.42762720695371853,707
157491,CNP0011568.3,O=C([C@H]1CN2CC[C@@H]1C[C@@H]2CN1C=C(C2=CC=CC(O)=C2)N=N1)N1CCOCC1,0.42762720695371853,708
478411,CNP0052354.0,COC1=CC=C(C(=O)C2=C(C)C3=CC(NC(=O)C4=CC=CC=C4OC)=CC=C3O2)C=C1OC,0.4274164642670036,709
497389,CNP0045226.0,CCC1=CC2=C(C=C1O)OC(C1=CC=C(Cl)C=C1)=C(C1=NC3=CC=CC=C3N1C)C2=O,0.4272478783567174,710
435962,CNP0531984.0,CCOC1=CC=C(C2=CN3C(=N2)SC2=CC=CC=C23)C=C1[N+](=O)[O-],0.4272011702032011,711
220886,CNP0003905.1,CS(=O)(=O)C1=CC=C(C2=CNC([C@@H]3COCCN3CC3=CC=CN=C3)=N2)C=C1,0.42711631739046996,712
243949,CNP0110882.1,COC1=CC=C(C2=CC(C[C@H]3CNCC[C@H]3CC(=O)O)=NO2)C=C1,0.4271070026940763,713
258202,CNP0344302.1,CCN1C2=CC=CC=C2C2=CC(NC(=O)[C@@H]3CCC(=O)N3C3OC(=O)C4=CC=CC=C43)=CC=C21,0.4267811585077115,714
495386,CNP0344302.3,CCN1C2=CC=CC=C2C2=CC(NC(=O)[C@@H]3CCC(=O)N3[C@H]3OC(=O)C4=CC=CC=C43)=CC=C21,0.4267811585077115,715
282516,CNP0173832.0,COC1=CC=CC=C1C(=O)NC1=CC=C2OC(C(=O)C3=CC=C(C)C=C3)=C(C)C2=C1,0.4266489173618608,716
397512,CNP0545083.1,CC1=CC=CC(C(=O)N2CCN3CC(=O)NC4=CC(C5=NC=NN5C)=CC=C4OC[C@H]3C2)=C1,0.426564912451984,717
442641,CNP0081265.0,CCC1=CC2=C(C=C1O)OC(C1=CC=CC=C1)=C(C1=NC3=CC=CC=C3N1C)C2=O,0.42652049538292597,718
344462,CNP0245134.0,CCOC(=O)C1=C(NC(=O)C(Cl)Cl)SC=C1C1=CC=CC=C1,0.4264879473293229,719
388046,CNP0250319.0,CN1C(=O)C(C2CC(=O)OC3=C(O)C(O)=C4C(=O)C=C(C5=CC=CC=C5)OC4=C32)=CC2=CC=CC=C21,0.4263547861121463,720
84012,CNP0125599.1,COC1=CC=C(C2=CC(C[C@H]3CNCC[C@H]3CC(=O)N3CCN(C(C)=O)CC3)=NO2)C=C1,0.4261157207496623,721
30364,CNP0415146.0,COC1=CC=C(C2=C(C3=C(O)C(=O)C=C(C)O3)NC(C3=CN(CC(=O)O)C4=CC=CC=C34)=N2)C=C1,0.4259660855897186,722
222478,CNP0226770.0,COC1=C(OC)C(=O)C2=C(C=C3C(=C2C2=CC=C(OC)C=C2)NC(=O)N3C)C1=O,0.4256279711503024,723
208399,CNP0011131.1,COC1=CC=C(C2=CC(C[C@H]3CNCC[C@H]3CC(=O)N3CCOCC3)=NO2)C=C1,0.4254738876440549,724
200238,CNP0448907.1,COC1=CC=C(C2=CC(C[C@H]3CNCC[C@H]3CC(=O)N3CCC(C(N)=O)CC3)=NO2)C=C1,0.4251428743205916,725
470999,CNP0183752.0,COC1=CC=C2C=C(C3CC(=O)OC4=CC=C5C(=O)C(C6=CC=C(OC)C(OC)=C6)=COC5=C43)C(=O)N(C)C2=C1,0.4249698438241331,726
475133,CNP0531579.1,CN1N=C(C2=CC=C3C=CC=CC3=C2)C=C1[C@H]1C[N@]2CC[C@H]1C[C@@H]2CNC(=O)C1=CC=CO1,0.42490417728436386,727
123434,CNP0347755.0,CN1C(=O)C(OC2OC(C(=O)O)C(O)C(O)C2O)N=C(C2=CC=CC=C2)C2=CC(Cl)=CC=C21,0.42480142156478307,728
448070,CNP0541997.0,COC1=CC(C2=C(C3=C(O)C(=O)C=C(C)O3)NC(C3=CN(CC(=O)O)C4=CC=CC=C34)=N2)=CC=C1O,0.42462184078858717,729
458947,CNP0507170.0,COC1=CC(OC)=C2C(=O)C(C3=CC=CC=C3)=CN(C)C2=C1,0.42444296355813466,730
396536,CNP0335541.0,COC1=CC=C(C(=O)C2=C(C)C3=CC(NC(=O)C4CCCCC4)=CC=C3O2)C=C1,0.42407378404536206,731
338426,CNP0018195.0,COC1=C(OC)C(=O)C2=C(C=C3C(=C2C2=CC=C(OC)C=C2)N=C(N)N3C)C1=O,0.42397185411665206,732
54646,CNP0135670.1,CC1(C)C=C2C(=O)C=C(C3=CC=C4C(=C3)C(=O)C3=CC(C)(C)C[C@@H]3[C@@]4(C)O)[C@](C)(O)[C@H]2C1,0.4239716770989459,733
9032,CNP0507196.1,CC[C@@H](C)[C@H]1O[C@@H](C2=C(OC)C(C3=CC=CC=C3)=C[N+]([O-])=C2OC)[C@H](C)C[C@@H]1C,0.4238471520226706,734
430425,CNP0015357.2,COC1=CC=C(C2=NN(C)C([C@H]3CN4CC[C@H]3C[C@@H]4CNCC3=CC=CC=N3)=C2)C=C1OC,0.423796757915933,735
50031,CNP0508989.0,CCOC1=CC=C(C2=NC(C3=CC=CC(C(=O)O)=N3)=CS2)C=C1OCC,0.42369682909328094,736
394753,CNP0394859.0,COC1=CC=CC=C1C(=O)NC1=CC=C2OC(C3=CC=CC=C3OC)=CC(=O)C2=C1,0.42364882228207157,737
356673,CNP0521982.0,COC1=CC=C2C(=C1)C(C1=NC(C3=CC=CC=C3)=C(C3=C(O)C(=O)C=C(C)O3)N1)=CN2CC(=O)O,0.4233137144070338,738
390350,CNP0011062.2,CN1N=C(C2=CC=C3C=CC=CC3=C2)C=C1[C@H]1CN2CC[C@H]1C[C@@H]2CNC(=O)COC1=CC=CC=C1,0.4232250472445329,739
9442,CNP0023150.0,CCOC(=O)C1=C(NC(=O)C2=CC=CC=C2Cl)SC=C1C1=CC=CC=C1,0.42312898577473007,740
91595,CNP0093553.1,COC1=CC=C(C2=NN(C)C([C@H]3C[N@]4CC[C@H]3C[C@@H]4CNCC3=CC=CC=N3)=C2)C=C1,0.4230963106627786,741
336333,CNP0604871.0,COC1=CC=CC(C2=C(C3=C(O)C(=O)C=C(C)O3)NC(C3=CN(CC(=O)O)C4=CC=C(OC)C=C34)=N2)=C1,0.4230960704391282,742
40058,CNP0044139.0,CC1=C(C(=O)C2=CC=CC=C2)OC2=CC(NC(=O)C(C)(C)C)=CC=C12,0.4228861893196897,743
285152,CNP0394215.1,CN1C=C(/C=C2\N=C(C3=CC=CC=C3)OC2=O)C2=CC=CC=C21,0.4228099105061854,744
314762,CNP0062794.0,CCOC(=O)C1=C(NC(=O)CCl)SC=C1C1=CC=CC=C1,0.4227380514702105,745
42161,CNP0565998.1,CN1N=C(C2=CC=C3C=CC=CC3=C2)C=C1[C@H]1C[N@]2CC[C@H]1C[C@@H]2CNCC1=CC=CO1,0.42268876213511186,746
17818,CNP0144198.0,COC1=CC=C(C(=O)C2=C(C)C3=CC=C(NC(=O)C4=CC=CS4)C=C3O2)C=C1OC,0.4220819567949018,747
489694,CNP0542164.1,CN(C)C1=CC=C(C2=NOC([C@@H]3CCCN3CC3=CN(C)C4=CC=CC=C34)=N2)C=N1,0.42195583712517026,748
381141,CNP0590772.0,CCOC1=CC=C(C2=CC(C3=CC=CC=C3)=C(C#N)C(SCCN3CCCCC3)=N2)C=C1,0.42193662894951295,749
119183,CNP0050379.0,CC1=CC=C(C(=O)C2=C(C)C3=CC=C(NC(=O)C4=CC=CS4)C=C3O2)C=C1,0.4216283574572494,750
494535,CNP0253164.1,COC1=CC=C(C2=COC3=C4C(=CC(OC)=C3C2=O)OC(=O)C[C@H]4C2=CC3=CC=C(OC)C=C3N(C)C2=O)C=C1,0.42162529378937136,751
422840,CNP0253164.2,COC1=CC=C(C2=COC3=C4C(=CC(OC)=C3C2=O)OC(=O)C[C@@H]4C2=CC3=CC=C(OC)C=C3N(C)C2=O)C=C1,0.42162529378937136,752
195582,CNP0548766.1,COC1=CC=CC=C1C(=O)N1CCN2CC(=O)NC3=CC(C4=NC=NN4C)=CC=C3OC[C@H]2C1,0.42147645173102277,753
77392,CNP0202443.0,CC1=C(C(=O)COC2=CC(O)=C3C(=O)C=C(C4=CC=CC=C4)OC3=C2)C2=CC=CC=C2N1C,0.4214739596616032,754
84972,CNP0012717.1,CCN(CC)C(=O)C[C@@H]1CCNC[C@@H]1CC1=NOC(C2=CC=C(C(C)(C)C)C=C2)=C1,0.4212078490350964,755
265753,CNP0065646.0,CCOC(=O)C1=C(C)C2=CC(NC(=O)C3=CC=CO3)=CC=C2O1,0.4210456086479128,756
391866,CNP0459458.1,CN1C=C(CN2C[C@@H]3C[C@H](C2)C2=C(C4=CC=CN=C4)C=CC(=O)N2C3)C2=CC=CC=C21,0.42100232487111605,757
328366,CNP0265129.1,CC(C)(C)C1=CC=C(C2=CC(C[C@H]3CNCC[C@H]3CC(=O)N3CCCCC3)=NO2)C=C1,0.4206830222721853,758
438856,CNP0119371.0,CC1=CC=C(C(=O)C2=C(C)C3=CC(NC(=O)C(C)(C)C)=CC=C3O2)C=C1,0.42053651850610746,759
461229,CNP0009959.0,CC1=NC2=C(N=C(SCC3=C(C)OC(C4=CC=CC(Cl)=C4)=N3)N2C)C(=O)N1,0.42049394718840327,760
90108,CNP0005035.1,CS(=O)(=O)C1=CC=C(C2=CNC([C@@H]3COCCN3CC3=CNC4=CC=CC=C34)=N2)C=C1,0.42045087575638057,761
496445,CNP0414277.1,COC1=CC=C(N/C(C)=C2\C(=O)C=C3OC4=C(C(C)=O)C(O)=C(C)C(O)=C4[C@@]3(C)C2=O)C=C1C(=O)NC1=CC=CN=C1,0.42042598308162277,762
77332,CNP0204490.0,COC1=CC=C(C(=O)C2=C(C)C3=CC(NC(=O)C4=CC=CC=N4)=CC=C3O2)C=C1OC,0.42026382998529954,763
270900,CNP0407700.0,COC1=CC=C(C2=COC3=C4CN(CCC5=CC=CC=C5OC)COC4=CC=C3C2=O)C=C1,0.42023928950628026,764
103049,CNP0399500.1,CN1CCCN(C[C@@H](CC(=O)NC2=CC=C3OCOC3=C2)C(=O)O)CC1,0.42002360324688587,765
364389,CNP0323061.0,COC1=CC=C(C(=O)NC2=CC=C3OC(C(=O)C4=CC=CC(OC)=C4)=C(C)C3=C2)C=C1,0.4200132538877009,766
465112,CNP0056025.0,CCOC1=CC=CC=C1C1=CC(=O)C2=CC(NC(C)=O)=CC=C2O1,0.41997874949526626,767
402975,CNP0502333.0,CCOC(=O)NC1=CC=C2CCC3=CC=CC=C3N(C(=O)CN3CCN(C)CC3)C2=C1,0.4197839982102438,768
209691,CNP0563482.0,CC1=CC(N2CCN(C3=NC=CC=N3)CC2)=NC2=CC=C(NC(=O)CN3C(=O)OC4=CC=CC=C43)C=C12,0.4195964973089687,769
224288,CNP0591823.0,CN1C(=O)C2=C(C3=CC=CC=C3)N(C3=CC=C(C(=O)O)C=C3)C=C2N(C)C1=O,0.4195533423302916,770
219300,CNP0299645.0,COC1=C2CC3C(C)(CCC4(O)C(C)(C)OC(=O)CCC34C)OC2=C(CO)C2=C1C(=O)OC2,0.4194804625168678,771
94446,CNP0280639.1,CN1CCC(N2CCC[C@H]2C2=NC(C3=CC=C(C4=CC=NC=C4)N=C3)=NO2)CC1,0.41933346375962166,772
18930,CNP0010583.1,CN1C=C(CN2CC[C@H](C3=NN=C(C4=CC=CN=C4)O3)C2)C2=CC=CC=C21,0.4191270392893348,773
215103,CNP0407761.0,CN1C(=O)N(C)C2=CC(C(CC(=O)N3CCCCC3)C3=C(O)C=C(O)C4=C3OC(C3=CC=CC=C3)=CC4=O)=CC=C21,0.4187700128461912,774
7421,CNP0248469.0,CCCC1=C(C2=CC=C(OC)C(OC)=C2)NC2=C(OC)C=CC(OC)=C2C1=O,0.4186993911838851,775
255742,CNP0569902.0,CN(C)C(=O)OC1N=C(C2=CC=CC=C2)C2=CC(Cl)=CC=C2N(C)C1=O,0.41854754489754353,776
81617,CNP0176481.0,COC1=CC=CC=C1CCN1COC2=CC=C3C(=O)C(C4=CC=CC=C4)=COC3=C2C1,0.41848933820114825,777
447514,CNP0269882.0,O=C(COC1=CC=C2C(=O)C(C3=CC=CC=C3)=COC2=C1)N1CCN(CCC2=CC=NC=C2)CC1,0.4184599989517986,778
491168,CNP0067012.0,COC1=CC=C(C(=O)C2=C(C)C3=CC(NC(=O)C4=CC=CO4)=CC=C3O2)C=C1,0.4184422923416307,779
10464,CNP0330248.0,COC1=CC=C(C2=C(C3=C(O)C(=O)C=C(C)O3)NC(C3=CN(CC(N)=O)C4=CC=CC=C34)=N2)C=C1,0.41838079457575117,780
375909,CNP0404820.0,COC1=CC=C(C2=CC3=CC=C4OCN(CCCC5=CC=CC=C5)CC4=C3OC2=O)C=C1,0.41808707546955554,781
187987,CNP0517184.1,CN1C=NC=C1[C@@](N)(C1=CC=C(Cl)C=C1)C1=CC=C2C(=C1)C(C1=CC=CC(Cl)=C1)=CC(=O)N2C,0.41808075442606674,782
234449,CNP0011062.1,CN1N=C(C2=CC=C3C=CC=CC3=C2)C=C1[C@H]1C[N@]2CC[C@H]1C[C@@H]2CNC(=O)COC1=CC=CC=C1,0.41756411054178094,783
244164,CNP0015357.1,COC1=CC=C(C2=NN(C)C([C@H]3C[N@]4CC[C@H]3C[C@@H]4CNCC3=CC=CC=N3)=C2)C=C1OC,0.4175014735464035,784
36780,CNP0499695.0,COC1=CC(C2=C(C3=C(O)C(=O)C=C(C)O3)NC(C3=CN(CC(N)=O)C4=CC=CC=C34)=N2)=CC=C1O,0.41703654977461996,785
421671,CNP0005025.1,CC(C)(C)CN1CCOC[C@H]1C1=NC(C2=CC=CN=C2)=CN1,0.41703144407871756,786
121702,CNP0014165.1,C1=NC=C(C2=CC=C(C3=NOC([C@@H]4CCCN4CC4=CC=C5OCOC5=C4)=N3)C=N2)C=N1,0.4168837955696603,787
336176,CNP0402405.0,CN1C(=O)C(C2CC(=O)OC3=CC(O)=C4C(=O)C=C(C5=CC=CC=C5)OC4=C32)=CC2=CC=CC=C21,0.4167393559692097,788
133190,CNP0012772.1,C#CCN(C)C(=O)C[C@@H]1CCNC[C@@H]1CC1=NOC(C2=CC=C(C(C)(C)C)C=C2)=C1,0.4167286268119448,789
495790,CNP0024277.0,COC1=CC=CC=C1C(=O)NC1=CC=C2OC(C3=CC=CC=C3C)=CC(=O)C2=C1,0.416350213657477,790
258702,CNP0321160.1,COC1=CC=CC2=C1[C@@H]1CN(CCCCN3C(=O)NC4=C(SC5=NC=C(C6=CC=CC=C6)N=C54)C3=O)C[C@@H]1CO2.Cl,0.4161781707940081,791
49896,CNP0140512.1,CC(=O)C1=C(O)C(C)=C(O)C2=C1OC1=CC(=O)/C(=C(/C)NCC3=CC=CC(C4=NC(C)=CS4)=C3)C(=O)[C@@]12C,0.4154395165238081,792
189349,CNP0183431.0,COC(=O)CCCCCCCCC1=C(C2=CC=C(OC)C=C2)C(=O)C2=C(OC)C=C(OC)C=C2O1,0.41535424526170267,793
223008,CNP0320371.0,CCOC(=O)C1=C(C)C2=CC(NC(=O)C3CCCCC3)=CC=C2O1,0.4152418294158021,794
10015,CNP0333258.1,COC1=CC=C(C2=CNC([C@@H]3COCCN3CC3=CC=CN=C3)=N2)C=C1,0.4151943938061036,795
4591,CNP0040322.0,COC1=CC=C(C(=O)NC2=CC=C3OC(C4=CC=CC=C4OC)=CC(=O)C3=C2)C=C1,0.4148545285941334,796
471453,CNP0597974.1,C#CC1=CC=CC(C2=CC(=O)N(C)C3=CC=C([C@](O)(C4=CC=C(Cl)C=C4)C4=CN=CN4C)C=C23)=C1,0.4148011358363348,797
178598,CNP0522471.0,CCCC(CCC)C(=O)NC1=CC=C2CCC3=CC=CC=C3N(C(=O)CCN3CCN(C)CC3)C2=C1,0.41459921499994123,798
164069,CNP0522694.0,COC1=CC=C(NC2=NC(=O)N(C3=C(C4=CC=CC=C4)OC(C4=CC=CC=C4)=N3)C=C2)C=C1,0.4145976084545547,799
377121,CNP0135229.0,CCN1C2=CC=CC=C2C2=CC(NC(=O)CCC3=C(C)C4=CC5=C(C=C4OC3=O)OC(C)=C5C)=CC=C21,0.41449913052316467,800
247569,CNP0063877.0,CN1C2=CC=CC=C2N2C=C(C3=CC=C(Cl)C(Cl)=C3)C=C12,0.4144918513536648,801
349425,CNP0272065.3,CCN1C2=CC=CC=C2C2=CC(NC(=O)[C@@H]3CCC(=O)N3[C@@H]3OC(=O)C4=C3C=CC(OC)=C4OC)=CC=C21,0.41442814245774345,802
203913,CNP0039520.0,COC1=CC=C(C(=O)C2=C(C)C3=CC(NC(=O)C4=CC=CC=C4)=CC=C3O2)C=C1,0.4142343412451738,803
176280,CNP0139368.0,COC1=CC=C(C(=O)NC2=CC=C3OC(C(=O)C4=CC=CC=C4)=C(C)C3=C2)C=C1,0.4142343412451738,804
469095,CNP0336731.1,C[C@@H]1C[C@H]2CC3=NC=C(C4=CC=C5C(=N4)C(=O)[C@@H]4C[C@@H](C)C[C@]56NCCC[C@H]46)C=C3[C@]3(C1)NCCC[C@H]23,0.41422739850636264,805
21786,CNP0014997.1,C1=CN=CC(C2=CNC([C@@H]3COCCN3CC3=CC=NC=C3)=N2)=C1,0.41412649970242016,806
404829,CNP0603718.0,CCOC1=CC=CC=C1SC1=CC=C(C2=CC=NC(N3CCN(C(C)=O)CC3)=C2)C=C1[N+](=O)[O-],0.41399009638056766,807
302793,CNP0010983.2,CN1N=C(C2=CC=CC=C2)C=C1[C@H]1CN2CC[C@H]1C[C@@H]2CNC(=O)C1=CC=CO1,0.41394883455338877,808
363388,CNP0058217.1,CC(C)(C)C1=CC=C(C2=CC(C[C@H]3CNCC[C@H]3CC(=O)O)=NO2)C=C1,0.413915881949789,809
315129,CNP0295004.2,CO[C@]12OC[C@@]3(C)[C@@]4(O)CC[C@@H](COC(=O)C5=CC=CC=C5)[C@]4(C[C@@H](O1)[C@@]3(O)CO)[C@H]2O,0.41377507873056,810
272095,CNP0094682.4,COC1=CC=CC=C1N1CCN(C(=O)[C@H]2CN3CC[C@H]2C[C@@H]3CN2C=C(C3=CC=CC(N)=C3)N=N2)CC1,0.41372533602301326,811
488561,CNP0094682.3,COC1=CC=CC=C1N1CCN(C(=O)[C@H]2CN3CC[C@@H]2C[C@@H]3CN2C=C(C3=CC=CC(N)=C3)N=N2)CC1,0.41372533602301326,812
155812,CNP0200685.0,COC1=CC(C2CC(=O)OC3=CC=C4C(=O)C(C5=CC=CC=C5)=COC4=C32)=CC2=C1OCO2,0.41364153163029477,813
479206,CNP0161777.0,C1=CC=C(C2=CC=CN=C2)N=C1,0.41348338491495634,814
451089,CNP0004809.1,C1=CN=CC(CN2CCOC[C@H]2C2=NC(C3=CC=CN=C3)=CN2)=C1,0.41346387554580216,815
348147,CNP0063923.0,CC1=CC=CC=C1C1=CC(=O)C2=CC(NC(=O)NC3=CC=CC=C3)=CC=C2O1,0.41336280746209053,816
281287,CNP0361486.1,CC(=O)N1CCN(C(=O)C[C@@H]2CCNC[C@@H]2CC2=NOC(C3=CC=C(C(C)(C)C)C=C3)=C2)CC1,0.4129246000053749,817
294146,CNP0229490.0,COC1=CC=C(C2=COC3=CC(OCC(=O)C4=C(C)N(C)C5=CC=C(OC)C=C45)=CC=C3C2=O)C=C1,0.4129242587162203,818
148805,CNP0004812.1,C1=CC=C(CN2CCOC[C@H]2C2=NC(C3=CC=CN=C3)=CN2)C=C1,0.41278783799587015,819
389206,CNP0571845.0,COC1=C(OC)C(=O)C2=C(C=C3C(=C2C2=CC=C(OC)C=C2)N=C(O)N3C)C1=O,0.4126386775812599,820
136058,CNP0524248.0,COC1=CC=C2C(=C1)C(C1=NC(C3=CC=C(O)C(OC)=C3)=C(C3=C(O)C(=O)C=C(C)O3)N1)=CN2C,0.41257123155992576,821
23005,CNP0559308.0,CN1C(=O)C(C2=CC=C(C(=O)N3CCC4(CC3)OCCO4)C=C2)=NC2=CC=CN=C21,0.4124733516596468,822
408572,CNP0415119.0,COC1=CC=C(C2=C(C3=C(O)C(=O)C=C(C)O3)NC(C3=CN(C)C4=CC=C(OC)C=C34)=N2)C=C1,0.41233448066088857,823
265504,CNP0165684.0,COC1=CC=C(C2=C(C3=C(O)C(=O)C=C(C)O3)NC(C3=CN(C)C4=CC(OC)=C(OC)C=C34)=N2)C=C1,0.41233448066088857,824
175751,CNP0012741.1,CC(C)(C)C1=CC=C(C2=CC(C[C@H]3CNCC[C@H]3CC(=O)N3CCC(C(N)=O)CC3)=NO2)C=C1,0.4121859397582493,825
484637,CNP0003871.1,CC1=CC=C(C2=CNC([C@@H]3COCCN3CC3=CC=CN=C3)=N2)C=C1,0.41183853004610926,826
498593,CNP0486096.0,COC1=CC=CC(C2=C(C3=C(O)C(=O)C=C(C)O3)NC(C3=CN(CC(=O)O)C4=CC=CC=C34)=N2)=C1,0.41159116132864215,827
345303,CNP0600050.0,COC1=CC(C2=C(C3=C(O)C(=O)C=C(C)O3)NC(C3=CN(C(C)C)C4=CC=CC=C34)=N2)=CC=C1O,0.41150967599533794,828
341776,CNP0397123.0,COC1=CC2=C(C=C1OC)CN(C(=O)CN1N=C(C3=CC=CC=C3)C=CC1=O)CC2,0.41113103268226825,829
410922,CNP0010983.1,CN1N=C(C2=CC=CC=C2)C=C1[C@H]1C[N@]2CC[C@H]1C[C@@H]2CNC(=O)C1=CC=CO1,0.41110681200416077,830
26444,CNP0147753.0,COC1=CC=C(C2=COC3=C4CN(CCCC5=CC=CC=C5)COC4=CC=C3C2=O)C=C1OC,0.41106263292839196,831
292722,CNP0239333.1,CC(C)(C)C1=CC=C(C2=CC(C[C@H]3CNCC[C@H]3CC(=O)N3CCOCC3)=NO2)C=C1,0.4108630461406967,832
461286,CNP0291671.1,C1=CN=CC(C2=CNC([C@@H]3COCCN3CC3=NC=CN3)=N2)=C1,0.4108493259334837,833
16572,CNP0005026.1,C1=CN=CC(C2=CNC([C@@H]3COCCN3CC3CC3)=N2)=C1,0.4107946860422463,834
431902,CNP0506832.1,O=C1C[C@@H]2CCN(CCCC3=CC=CC=C3)C[C@@H]2CCOC2=CC=C(C3=CC=CC=C3)C=C2N1,0.4107172340137074,835
416132,CNP0255910.1,CN1C=C(C[C@H](NC(=O)OC(C)(C)C)C(=O)NC2=CC=C3C=CNC3=C2)C2=CC=CC=C21,0.41042975192608006,836
390906,CNP0094682.1,COC1=CC=CC=C1N1CCN(C(=O)[C@H]2C[N@]3CC[C@H]2C[C@@H]3CN2C=C(C3=CC=CC(N)=C3)N=N2)CC1,0.4103619428277599,837
431387,CNP0094682.2,COC1=CC=CC=C1N1CCN(C(=O)[C@H]2C[N@@]3CC[C@@H]2C[C@@H]3CN2C=C(C3=CC=CC(N)=C3)N=N2)CC1,0.4103619428277599,838
41526,CNP0507691.0,CN1C2=CC=CC=C2N2C=C(C3=CC=C([N+](=O)[O-])C=C3)C=C12,0.4099721163164295,839
283334,CNP0042791.0,COC1=CC=CC=C1C1=CC(=O)C2=CC(NC(=O)NC3=CC=CC=C3)=CC=C2O1,0.40986130857237063,840
388161,CNP0305537.1,C=CCN1CCC[C@@H]2[C@@H]1[C@@H]1CC[C@H]2N2C=CC3=C4C=CC=CC4=NC3=C12,0.4098185031573259,841
306661,CNP0011059.2,CN1N=C(C2=CC=C3C=CC=CC3=C2)C=C1[C@H]1CN2CC[C@H]1C[C@@H]2CNS(C)(=O)=O,0.40962019917193,842
490512,CNP0487291.1,O=C([C@@H]1CCCN1C(=O)CCN1C(=O)C(C2=CC=CC=C2)=NC2=CC=CC=C21)N1CCCC1,0.40953373269766685,843
431537,CNP0222822.1,CN1CCC(N2CCC[C@H]2C2=NC(C3=CC=C(C4=CN=CN=C4)N=C3)=NO2)CC1,0.4093460294215688,844
374237,CNP0004806.1,C1=CN=CC(C2=CNC([C@@H]3COCCN3CC3=CSN=N3)=N2)=C1,0.40924732284020593,845
170486,CNP0004811.1,C1=CC=C(CN2CCOC[C@H]2C2=NC(C3=CC=CN=C3)=CN2)N=C1,0.4091204670205104,846
415052,CNP0313936.1,CN1C(=O)C2=CC=C(C3=CC=CN=C3)C=C2O[C@H]2CN(CC3=NC=CN3C)C[C@H]21,0.40902659608920333,847
116348,CNP0250809.1,C1=CN=CC(CN2CCOC[C@H]2C2=NC(C3=CC=NC=C3)=CN2)=C1,0.40899220774153816,848
321215,CNP0328405.0,COC1=C(C2=CC=C3C=C(NS(C)(=O)=O)C=CC3=C2)C=C(N2C=CC(=O)NC2=O)C=C1C(C)(C)C,0.4088459041500411,849
404395,CNP0498940.0,COC1=CC=CC(C2=C(C3=C(O)C(=O)C=C(C)O3)NC(C3=CN(C(C)C)C4=CC=C(OC)C=C34)=N2)=C1,0.4088420162725164,850
321985,CNP0583348.1,CN1CCC(N2CC[C@H]3CC(=O)NC4=CC(C5=CC=CC=C5)=CC=C4OCC[C@H]3C2)CC1,0.4088384749836581,851
300477,CNP0579680.1,COC1=CC=C(C2=CC3=C(C[C@]4(O)[C@@]5(C)C(=O)C6=C(OCO6)C(C)(C)[C@]5(O)CC[C@@]4(C)O3)C(=O)O2)C=C1,0.4087201818445954,852
341543,CNP0046790.0,COC1=CC=CC(C(=O)NC2=CC=C3C(C)=C(C(=O)C4=CC=CC(OC)=C4)OC3=C2)=C1,0.4087021308909788,853
36363,CNP0401351.1,COC1=CC=C(C2=COC3=CC(OCCN4C[C@H]5C[C@@H](C4)C4=CC=CC(=O)N4C5)=CC=C3C2=O)C=C1,0.40847378979811894,854
104544,CNP0401601.0,CC1=CC(=O)OC2=CC(OCC(=O)NC3=CC=C4C=CNC4=C3)=CC=C12,0.4082170107760327,855
105665,CNP0550104.0,CC1=CC=CC(C2=NC(CSC3=NC4=C(N=C(C)NC4=O)N3C)=C(C)O2)=C1,0.40812706678464417,856
417756,CNP0009354.0,CC1=NC2=C(N=C(SCC3=C(C)OC(C4=CC=CC(Br)=C4)=N3)N2C)C(=O)N1,0.40812706678464417,857
164213,CNP0330210.0,C1=CC=C2N=C(C3=CC=C4OCOC4=C3)C=CC2=C1,0.4081074965562387,858
333148,CNP0474296.0,CCOC(=O)C1=C(NC(=O)CN(CC)CC)SC=C1C1=CC=CC=C1,0.408060442709268,859
373731,CNP0447794.1,CN1C=C(CN2C[C@@H]3C[C@H](C2)C2=C(C4=CC=CC=C4)C=CC(=O)N2C3)C2=CC=CC=C21,0.408030278091839,860
141788,CNP0011521.3,COC1=CC=CC=C1N1CCN(C(=O)[C@H]2CN3CC[C@@H]2C[C@@H]3CN2C=C(C3=CC=CC(O)=C3)N=N2)CC1,0.40770028909350836,861
96627,CNP0011521.4,COC1=CC=CC=C1N1CCN(C(=O)[C@H]2CN3CC[C@H]2C[C@@H]3CN2C=C(C3=CC=CC(O)=C3)N=N2)CC1,0.40770028909350836,862
70950,CNP0011000.2,COC1=CC=C(C2=NN(C)C([C@H]3CN4CC[C@H]3C[C@@H]4CNC(=O)C3=CC=CO3)=C2)C=C1,0.4076430111122351,863
426624,CNP0050777.0,COC1=CC=CC(C(=O)C2=C(C)C3=CC=C(NC(=O)C4=CC=CO4)C=C3O2)=C1,0.40753727065535983,864
18506,CNP0258627.0,CC1=CC=CC=C1C1=CC(=O)C2=CC(NC(=O)C3=CC=CC=N3)=CC=C2O1,0.4075089988928444,865
277937,CNP0035652.2,CN1N=C(C2=CC=CC=C2)C=C1[C@H]1CN2CC[C@H]1C[C@@H]2CNCC1=CC=CO1,0.4073290116481295,866
396094,CNP0027064.0,COC1=CC=C(C(=O)C2=C(C)C3=CC(NC(=O)C4=CC=NC=C4)=CC=C3O2)C=C1,0.40684085646527357,867
322520,CNP0485553.0,CC(C)(C)C1=NNC(NC(=O)NC2=CC=C(Cl)C(COC3=CC=CN=C3)=C2)=C1,0.4067984077624927,868
265464,CNP0595704.0,CC1=CC2=CC(C3=CC=CC([N+](=O)[O-])=C3)=CN2C=C1,0.40668895240314457,869
167693,CNP0087531.1,C1=CC=C2C(CN3CCOC[C@H]3C3=NC(C4=CC=NC=C4)=CN3)=CNC2=C1,0.4061668957597853,870
318284,CNP0410386.1,CN1C=C(C[C@H](NC(=O)OC(C)(C)C)C(=O)NC2=CC=C3NC=CC3=C2)C2=CC=CC=C21,0.4061160791704054,871
447717,CNP0581608.1,CCCN1CC[C@H]2CC(=O)NC3=CC(C4=CC=CC=C4)=CC=C3OCC[C@H]2C1,0.4060426613364994,872
186689,CNP0011023.2,CC(C)CNC(=S)NC[C@H]1C[C@@H]2CCN1C[C@@H]2C1=CC(C2=CC=C3C=CC=CC3=C2)=NN1C,0.40603664333094647,873
274196,CNP0335005.1,C1=CC=C(C2=CNC([C@@H]3COCCN3CC3=CC=CN=C3)=N2)C=C1,0.4059426104261343,874
104011,CNP0038079.0,COC1=CC=C(C(=O)C2=C(C)C3=CC=C(NC(=O)C4CCCCC4)C=C3O2)C=C1OC,0.4059169546107034,875
237859,CNP0588805.0,O=[N+]([O-])C1=CC=C(C2=CC(C3=CC=CC=N3)=NC3=CC=C4C=CC=CC4=C23)C=C1,0.405908152572879,876
483966,CNP0552855.0,CC1=CC(=O)C(O)=C(C2=C(C3=CC=CC=C3)N=C(C3=CN(CC(=O)O)C4=CC=CC=C34)N2)O1,0.4059047718655119,877
373920,CNP0567833.0,COC1=CC=C2C(=C1)C(C1=NC(C3=CC=CC=C3)=C(C3=C(O)C(=O)C=C(C)O3)N1)=CN2C(C)C,0.40578618053941407,878
483874,CNP0049759.0,COC1=CC=CC=C1C1=CC(=O)C2=CC(NC(=O)C3=CC=C(Br)C=C3)=CC=C2O1,0.4057846816158898,879
463037,CNP0222237.1,CC(C)N1CCOC[C@H]1C1=NC(C2=CC=CN=C2)=CN1,0.40557311649218364,880
123605,CNP0011059.1,CN1N=C(C2=CC=C3C=CC=CC3=C2)C=C1[C@H]1C[N@]2CC[C@H]1C[C@@H]2CNS(C)(=O)=O,0.40549264367766674,881
195631,CNP0401628.0,CC1=CC(=O)OC2=CC(OCC(=O)NC3=CC=C4N=CNC(=O)C4=C3)=CC=C12,0.4053379839314934,882
212489,CNP0191373.1,C1=CC=C(C2=CNC([C@@H]3COCCN3CC3=CN=CN3)=N2)C=C1,0.4050393277658907,883
471105,CNP0011521.1,COC1=CC=CC=C1N1CCN(C(=O)[C@H]2C[N@]3CC[C@H]2C[C@@H]3CN2C=C(C3=CC=CC(O)=C3)N=N2)CC1,0.4049823602903411,884
351970,CNP0011521.2,COC1=CC=CC=C1N1CCN(C(=O)[C@H]2C[N@@]3CC[C@@H]2C[C@@H]3CN2C=C(C3=CC=CC(O)=C3)N=N2)CC1,0.4049823602903411,885
303436,CNP0004807.1,OC1=CC=CC=C1CN1CCOC[C@H]1C1=NC(C2=CC=CN=C2)=CN1,0.4049773488083007,886
99170,CNP0253531.0,CCOC(=O)C1=C(C)C2=CC(NC(=O)C3=CC=CC=C3C)=CC=C2O1,0.4049086680145526,887
458203,CNP0011000.1,COC1=CC=C(C2=NN(C)C([C@H]3C[N@]4CC[C@H]3C[C@@H]4CNC(=O)C3=CC=CO3)=C2)C=C1,0.40480098856300706,888
97025,CNP0485840.0,CN1C(=O)C2=C(N=C(N3C=CN=C3)N2C)N(C)C1=O,0.40476354760898686,889
73345,CNP0063367.0,O=C(NC1=CC=C2C=CC=CC2=C1)C1CCCN1,0.40467943038194953,890
195511,CNP0377216.1,C[C@H](NC(=O)OC(C)(C)C)C(=O)N1C[C@@H]2C[C@H](C1)C1=CC=CC(=O)N1C2,0.40459830938104346,891
336903,CNP0080446.0,COC1=CC=C(C(=O)C2=C(C)C3=CC(NC(=O)C4=CC=CC=C4Br)=CC=C3O2)C=C1,0.40429478997858703,892
17184,CNP0011018.2,COC1=CC=C(C2=NN(C)C([C@H]3CN4CC[C@H]3C[C@@H]4CNC(=O)C3=CC=CO3)=C2)C=C1OC,0.4041530781463397,893
272085,CNP0185174.2,CC(=O)NC[C@H]1C[C@@H]2CCN1C[C@@H]2C1=CC(C2=CC=C3C=CC=CC3=C2)=NN1C,0.40409722975000567,894
61496,CNP0393164.0,CC1=CC(=O)OC2=CC(OCC(=O)NC3=CC=C4NC=CC4=C3)=CC=C12,0.40405730573647275,895
361717,CNP0400199.1,COC1=CC=C(C2=CNN=C2C2=CC=C(OCCN3C[C@H]4C[C@@H](C3)C3=CC=CC(=O)N3C4)C=C2O)C=C1,0.40399394891296536,896
294777,CNP0004759.1,C1=CC=C(C2=CNC([C@@H]3COCCN3CC3=CNC4=CC=CC=C34)=N2)C=C1,0.4039835413588974,897
420896,CNP0101139.0,CC1=CC=C(C(=O)C2=C(C)C3=CC(NC(=O)C4=CC=C(C(C)(C)C)C=C4)=CC=C3O2)C=C1,0.40395494077552807,898
60936,CNP0439028.1,C[C@H](O)C(=O)N1CCN2C(=O)C3=CC(C4=CC=CC=C4)=CC=C3NC(=O)[C@@H]2C1,0.4038601558253578,899
408220,CNP0032202.0,COC1=CC=CC(C(=O)C2=C(C)C3=CC=C(NC(C)=O)C=C3O2)=C1,0.40284760230212036,900
497656,CNP0551844.1,CN1N=C(C2=CC=C3C=CC=CC3=C2)C=C1[C@H]1C[N@]2CC[C@H]1C[C@@H]2CNC(=O)C1=CC2=C(C=C1)OCO2,0.4023094260464518,901
220873,CNP0551844.2,CN1N=C(C2=CC=C3C=CC=CC3=C2)C=C1[C@H]1CN2CC[C@H]1C[C@@H]2CNC(=O)C1=CC2=C(C=C1)OCO2,0.4023094260464518,902
442202,CNP0398156.0,COC1=CC=C(C(=O)C2=C(C)C3=CC=C(NC(=O)C4=CC=CS4)C=C3O2)C=C1,0.40213679265055674,903
226496,CNP0264722.0,CC1=CC=C2C3=CC(C4=CC=CC=C4)=CN3C=CN12,0.4021333947866019,904
207059,CNP0035652.1,CN1N=C(C2=CC=CC=C2)C=C1[C@H]1C[N@]2CC[C@H]1C[C@@H]2CNCC1=CC=CO1,0.40200521221551433,905
73473,CNP0582024.1,CN1C=C(C2=CC=C3OC[C@@H]4CN(C(=O)C5=NC=CS5)CCN4CC(=O)NC3=C2)C=N1,0.40193646969468266,906
138654,CNP0464409.1,CN1N=C(C2=CC=C3C=CC=CC3=C2)C=C1[C@H]1C[N@]2CC[C@H]1C[C@@H]2CNC(=S)NC1=CC=CC=C1,0.4016592375732285,907
282968,CNP0542344.0,CCOC(=O)NC1=CC=C2SC3=CC=CC=C3N(C(=O)N3CCN(C)CC3)C2=C1,0.4016451990022739,908
158335,CNP0011018.1,COC1=CC=C(C2=NN(C)C([C@H]3C[N@]4CC[C@H]3C[C@@H]4CNC(=O)C3=CC=CO3)=C2)C=C1OC,0.4013110555971115,909
441070,CNP0339288.1,CCOC1=C(COC2=CC=C3C(C4=CC=CC=C4)=CC(=O)OC3=C2)N(C)C(=O)N[C@@H]1C1=CC=CC=C1,0.4012918986838546,910
285189,CNP0340491.0,COC1=CC=C(C2=CC3=CC=C(OCCN4CCN(C5=CC=CC=C5)CC4)C=C3OC2=O)C=C1OC,0.4011190014003511,911
409712,CNP0338137.1,O=C1OC2=CC(OCCN3C[C@H]4C[C@@H](C3)C3=CC=CC(=O)N3C4)=CC=C2C=C1C1=CC=CC=C1,0.4003002401122812,912
361227,CNP0011023.1,CC(C)CNC(=S)NC[C@H]1C[C@@H]2CC[N@@]1C[C@@H]2C1=CC(C2=CC=C3C=CC=CC3=C2)=NN1C,0.4000868218251164,913
297149,CNP0058090.0,COC1=CC=C(C(=O)NC2=CC=C3OC(C(=O)C4=CC=C(C)C=C4)=C(C)C3=C2)C=C1OC,0.3998422067199174,914
32617,CNP0181065.0,COC1=CC=C(C(=O)NC2=CC=C3OC(C(=O)C4=CC=C(OC)C(OC)=C4)=C(C)C3=C2)C=C1OC,0.3998422067199174,915
277127,CNP0559636.0,O=C(C1=NC(CN2N=C(C3=CC=CC=C3)C=CC2=O)=NO1)N1CCC2(CC1)OCCO2,0.3997932527289461,916
233851,CNP0469419.1,CN1CCC[C@H]1C1=NC(C2=CC=C(N3C=CN=C3)N=C2)=NO1,0.3992937081222408,917
360184,CNP0410731.0,COC1=CC=C(C2=COC3=C4C(=CC(O)=C3C2=O)OC(=O)CC4C2=CC=C3C(=C2)N(C)C(=O)N3C)C=C1OC,0.39902594494790977,918
53676,CNP0066143.0,CCOC(=O)C1=C(C)C2=CC=C(NC(=O)C3=CC=CS3)C=C2O1,0.39897849284925946,919
416364,CNP0172996.0,COC1=CC2=C(C=CC(C)(C)O2)C2=C1C(=O)C=C(C1=CC=CC=C1)O2,0.39890943260810696,920
16954,CNP0043531.0,CC1=C(C(=O)C2=CC=C(Cl)C=C2)OC2=CC(NC(=O)C3=CC=CN=C3)=CC=C12,0.39889812909337435,921
200752,CNP0570156.0,CC(C)(C)NS(=O)(=O)C1=CC=C(C2=CN=C3C=CC=C(NC4=CC=CC=N4)C3=C2)C=C1,0.39887666737821137,922
147118,CNP0255326.0,COC1=CC(C2CC(=O)OC3=CC=C4C(=O)C(C5=CC=CC=C5)=COC4=C32)=CC2=C1OCCO2,0.3984919226083628,923
476852,CNP0005102.1,CN1CCOC[C@H]1C1=NC(C2=CC=NC=C2)=CN1,0.3984834919951816,924
320336,CNP0185174.1,CC(=O)NC[C@H]1C[C@@H]2CC[N@@]1C[C@@H]2C1=CC(C2=CC=C3C=CC=CC3=C2)=NN1C,0.39843629304725375,925
272660,CNP0464673.1,COC1=CC=C(C2=NN(C)C([C@H]3C[N@]4CC[C@H]3C[C@@H]4CNCC3=CC=CO3)=C2)C=C1,0.39833379391189494,926
265563,CNP0010607.1,COC1=CC=C(C2=NN=C([C@H]3CCN(CC4=CN(C)C5=CC=CC=C45)C3)O2)C=C1,0.39803326496833785,927
128686,CNP0004401.1,CS(=O)(=O)C1=CC=C(C2=CNC([C@@H]3COCCN3CC3=CC=CC=C3)=N2)C=C1,0.39793599987618,928
172181,CNP0242991.0,O=CC1=C2C3=C(C=CN2C2=CC=CC=C12)C1=CC=CC=C1N3,0.3976061353388293,929
345493,CNP0594514.1,CN1CC[C@H]2CC(=O)NC3=CC(C4=CC=CC=C4)=CC=C3OCC[C@H]2C1,0.3975463653439197,930
416938,CNP0571034.1,C[C@]1(O)C[C@@H](C2=NC(C3=CC=C4C=CC(C5=CC=CC=C5)=NC4=C3)=C3C(N)=NC=CN32)C1,0.39743019281874903,931
471172,CNP0456739.1,COC1=CC=C(C2=NN(C)C([C@H]3C[N@]4CC[C@H]3C[C@@H]4CNCC3=CC=CO3)=C2)C=C1OC,0.3972254063229249,932
349336,CNP0170875.0,CC1=CC=C(C2=CN3C4=CC=CC=C4N(C)C3=C2)C=C1,0.39702567802741073,933
271818,CNP0219909.0,C1=CN=CC(C2=CC=NC(C3=CC=CN=C3)=C2)=C1,0.3969884756842341,934
353722,CNP0004358.1,CC1=CC=C(C2=CNC([C@@H]3COCCN3CC3=CNC4=CC=CC=C34)=N2)C=C1,0.3968996907581486,935
171108,CNP0123825.0,COC1=CC(O)=C2C(=O)C=C(C3=CC=C(O)C=C3)OC2=C1C1OC(CO)C(O)C(OC(C)=O)C1O,0.3968657196639987,936
77536,CNP0046373.0,COC1=CC=CC(C(=O)C2=C(C)C3=CC=C(NC(=O)C4=CC=C(C(C)(C)C)C=C4)C=C3O2)=C1,0.39676106455113436,937
281254,CNP0523251.1,CN1N=CN=C1C1=CC=C2OC[C@H]3CN(C(=O)C4=CC=CC=C4)CCN3CC(=O)NC2=C1,0.3965270773063561,938
152880,CNP0057709.0,COC1=CC=C(C(=O)C2=C(C)C3=CC(NC(=O)C4=CC=C(C(C)(C)C)C=C4)=CC=C3O2)C=C1OC,0.39652374827309234,939
185210,CNP0011217.2,COC1=CC(NC(=S)NC[C@H]2C[C@@H]3CCN2C[C@@H]3C2=CC(C3=CC=CC=C3)=NN2C)=CC(OC)=C1,0.3963929203168852,940
447464,CNP0401764.0,COCCN1C=NC2=CC=C(NC(=O)COC3=CC=C4C(C)=CC(=O)OC4=C3)C=C2C1=O,0.3962800595280653,941
246559,CNP0610348.0,NC(=O)C1=CC=C(C2=NC(C3=CC=C4OCOC4=C3)=C(C3=CC=CC=N3)N2)C=C1,0.3961718650841186,942
24767,CNP0126727.0,CC(=O)NC1=CC=C2C(=C1)C=C(C=O)N2C(=O)OC(C)(C)C,0.39610468096798307,943
195219,CNP0510475.0,COC1=CC=CC2=C3C4=C5C(=CC6=C(OCO6)C5=C12)C=CN4C(=O)C3=O,0.3960406508278389,944
478476,CNP0394914.0,COCC(=O)NC1=CC=C2OC(C3=CC=CC=C3OC)=CC(=O)C2=C1,0.395981134532504,945
18280,CNP0510705.0,CCN(CC)C1=CC(C)=C2C=C(NC(=O)CN3C(=O)OC4=CC=CC=C43)C=CC2=N1,0.39593207508014727,946
2416,CNP0471132.1,CN(C)C1=CC=C(C2=NN(C)C([C@H]3C[N@]4CC[C@H]3C[C@@H]4CNC(=O)C3=CC=CO3)=C2)C=C1,0.3959000798738787,947
372691,CNP0046043.0,CCOC(=O)C1=C(C)C2=CC(NC(=O)C3=CC=CC=C3OC)=CC=C2O1,0.3957318793688327,948
112839,CNP0095877.0,CCCOC1=CC=CC(C(=O)NC2=CC=C3C(=C2)OC2=CC=CC=C23)=C1,0.39571722037061513,949
181460,CNP0248171.1,CS(=O)(=O)C1=CC=C(C2=CNC([C@@H]3COCCN3CC3=CC=CC=N3)=N2)C=C1,0.39569059710793125,950
288605,CNP0472837.1,CN1N=C(C2=CC=CC=C2)C=C1[C@H]1C[N@]2CC[C@H]1C[C@@H]2CNC(=O)COC1=CC=CC=C1,0.3956610270793503,951
294948,CNP0344302.2,CCN1C2=CC=CC=C2C2=CC(NC(=O)[C@@H]3CCC(=O)N3[C@@H]3OC(=O)C4=CC=CC=C43)=CC=C21,0.395532232736618,952
499012,CNP0023462.0,COC1=CC=CC(C(=O)NC2=CC=C3C(C)=C(C(=O)C4=CC=CC=C4)OC3=C2)=C1,0.39544441096839156,953
328670,CNP0395063.1,COC1=CC=CC=C1N1C[C@H](C(=O)NC2=CC=C3OC(=O)C=CC3=C2)CC1=O,0.3953261369249858,954
253901,CNP0395063.2,COC1=CC=CC=C1N1C[C@@H](C(=O)NC2=CC=C3OC(=O)C=CC3=C2)CC1=O,0.3953261369249858,955
454982,CNP0582192.0,CCOC1=C(COC2=CC=C3C(C4=CC=CC=C4)=CC(=O)OC3=C2)N(C)C(O)=NC1C1=CC=CC=C1,0.39517254626928766,956
51943,CNP0587582.4,CC1=CC=C(NC(=O)[C@H]2C(=O)N[C@@]34CCCC[C@@H]3[C@H]2C2=CC=CC=C2O4)C=C1C,0.3950997616727412,957
356287,CNP0202187.0,CC(=O)NC1=CC=C2OC(C(=O)C3=CC=C(C)C=C3)=C(C)C2=C1,0.39496087021768433,958
434399,CNP0406603.0,CC1=CC(=O)OC2=CC(OCC(=O)NC3=CC=C4N=CN(CCC(C)C)C(=O)C4=C3)=CC=C12,0.3948719972267265,959
176478,CNP0139870.0,CC1(C)C=CC2=C(C=CC3=C2OC(C2=CC=CC=C2)=CC3=O)O1,0.39470781185309484,960
20978,CNP0060447.2,C[C@H](C(=O)N(C)CCC#N)[C@H]1CC[C@@]2(C)CC3=C(N=C(NC(=O)C4=CC=CN4C)S3)[C@@H](C)[C@@H]2[C@H]1O,0.3947044578033311,961
489274,CNP0564210.0,CC1=COC2=C3C=CC4=C(CCCC4(C)C)C3=C3NC(C4=CC=C5C(=C4)N(C)C(=O)N5C)=NC3=C12,0.3946544529150444,962
391281,CNP0063497.0,COC1=CC(OC)=CC(C(=O)NC2=CC=C3C(C)=C(C(=O)C4=CC=CC(OC)=C4)OC3=C2)=C1,0.3945770425993751,963
272168,CNP0158334.2,CC(=O)O[C@@H]1C=C[C@@](C)(O)C(=O)[C@@H](C)CC2O[C@H]2C2[C@@H]3O[C@]3(C)C(C)C3[C@H](CC4=CC=CC=C4)N=C(O)[C@]321,0.3945735073049589,964
479161,CNP0494680.1,COC1=CC=C(NC(=O)[C@H]2SC3=NN=C(C4=CC=CC=C4)N3NC23CCCCC3)C=C1,0.3945471662543539,965
502244,CNP0404353.0,COC1=CC=C2C=C(C3CC(=O)OC4=CC=C5C(=O)C(C6=CC=C(O)C=C6)=COC5=C43)C(=O)N(C)C2=C1,0.3943776658031741,966
111619,CNP0209304.0,CC1=C(C(=O)C2=CC=C(Cl)C=C2)OC2=CC=C(NC(=O)C3=CC=CS3)C=C12,0.3943634866662439,967
384193,CNP0089142.0,COC1=CC=CC(C(=O)NC2=CC=C3C(C)=C(C(=O)C4=CC=C(C)C=C4)OC3=C2)=C1,0.3941764737261706,968
361203,CNP0299093.0,COC1=CC=C(C(=O)C2=C(C)C3=CC(NC(C)=O)=CC=C3O2)C=C1OC,0.3939876781310589,969
160149,CNP0602084.0,O=C(C1CCN(C2=NC=CN3N=C(C4=CC=CC=C4)C=C23)CC1)N1CCC2(CC1)OCCO2,0.3939633844631541,970
55208,CNP0517360.2,CN1N=C(C2=CC=C3C=CC=CC3=C2)C=C1[C@H]1CN2CC[C@H]1C[C@@H]2CNC(=O)C1=CC=CS1,0.393899398630082,971
346554,CNP0379460.1,CN(C)C1=CC=C(C2=NN=C([C@H]3CCN(CC4=CN(C)C5=CC=CC=C45)C3)O2)C=C1,0.3938593772375102,972
97772,CNP0472829.0,NC(=O)C1CCN(CCOC2=CC=C3C=C(C4=CC=CC=C4)C(=O)OC3=C2)CC1,0.39376780323394805,973
179923,CNP0602342.0,CC1=CC=CC(N2C=C3C(=C2C2=CC=CC=C2)C(=O)N(C)C(=O)N3C)=C1,0.39369809852986976,974
458733,CNP0274588.0,CCOC(=O)C1=C(NC(=O)COC2=CC=C3C(C)=CC(=O)OC3=C2)SC=C1C1=CC=CC=C1,0.393639196055937,975
262566,CNP0587582.1,CC1=CC=C(NC(=O)[C@H]2C(=O)N[C@@]34CCCC[C@H]3[C@H]2C2=CC=CC=C2O4)C=C1C,0.39354240025491827,976
113288,CNP0409219.0,CC1CCN(CCOC2=CC=C3C(=O)C(C4=CC=CC=C4)=COC3=C2)CC1,0.3935375962875841,977
203763,CNP0269738.0,COC1=CC=C(C(=O)C2=C(C)C3=CC(NC(=O)C4=CC=CC=C4OC)=CC=C3O2)C=C1,0.3933181554525894,978
337918,CNP0011102.2,CN1N=C(C2=CC=CC=C2)C=C1[C@H]1CN2CC[C@H]1C[C@@H]2CNC(=S)NC1=CC=CC=C1,0.39301615284030594,979
266742,CNP0482224.2,CCC1=CC=C(NC(=O)[C@H]2SC3=NN=C(C4=CC=CC=C4)N3NC23CCCCC3)C=C1,0.3930025310452428,980
449345,CNP0390700.2,COC1=CC=C(C2=NN(C)C([C@H]3CN4CC[C@H]3C[C@@H]4CNC(=O)COC3=CC=CC=C3)=C2)C=C1,0.3929311460681575,981
136018,CNP0011061.2,CC1=CC=C(C(=O)NC[C@H]2C[C@@H]3CCN2C[C@@H]3C2=CC(C3=CC=C4C=CC=CC4=C3)=NN2C)C=C1,0.39289378475401066,982
74666,CNP0011061.1,CC1=CC=C(C(=O)NC[C@H]2C[C@@H]3CC[N@@]2C[C@@H]3C2=CC(C3=CC=C4C=CC=CC4=C3)=NN2C)C=C1,0.39289378475401066,983
289330,CNP0028765.0,CC1=CC=C(C2=CC(C3=CC=CC=N3)=NC3=CC=C4C=CC=CC4=C23)C=C1,0.3926284312784435,984
10767,CNP0603777.1,CC(=O)N1C2=CC=CC=C2C23CCN(C)/C=C4/C(C)OCC(C4C(O)C2=O)C13,0.39261374385142905,985
7009,CNP0412560.0,COC1=CC=C2C=C(C3CC(=O)OC4=CC(O)=C5C(=O)C(C6=CC=C(OC)C(OC)=C6)=COC5=C43)C(=O)N(C)C2=C1,0.3925677079195921,986
424674,CNP0016537.2,CN(C)C1=CC=C(C2=NN(C)C([C@H]3CN4CC[C@H]3C[C@@H]4CNCC3=CC=CO3)=C2)C=C1,0.3923556581970154,987
387975,CNP0540152.0,CN(CC1=CC=CC=C1)C1=NC(=O)N(C2=C(C3=CC=CC=C3)OC(C3=CC=CC=C3)=N2)C=C1,0.3922293821999214,988
22451,CNP0558849.1,CC(=O)O[C@@H]1CC2=C3[C@H](C1)C(=O)O[C@@H]3C[C@@H](C)[C@]21C[C@@H](C2=COC=C2)OC1=O,0.39215660882645936,989
361817,CNP0130830.1,C=C1[C@H]2C[C@]3(C)C(C)=CCC[C@H]3[C@]1(C)CC1=C2C(=O)C=C(OCC)C1=O,0.39210496498672315,990
297490,CNP0495794.1,CN1N=CN=C1C1=CC=C2OC[C@H]3CN(S(=O)(=O)C4=CC=CC(Cl)=C4)CCN3CC(=O)NC2=C1,0.39160725386758316,991
212519,CNP0541873.0,CCC1=NC(N)=NC(N)=C1C1=CC=C2C3=CC=CC=C3N(CCCOC)C2=C1,0.3915458893398961,992
127293,CNP0228677.0,COC1=CC=C(OC)C(C(=O)C2=C(C)C3=CC(NC(=O)C4CCCCC4)=CC=C3O2)=C1,0.3913556515395631,993
420289,CNP0400025.0,COCCN1C=C(CCC(=O)NC2=CC=C3NC=CC3=C2)C2=CC=CC=C21,0.39125197922754623,994
80781,CNP0092794.0,CCOC1=CC=CC=C1C1=CC(=O)C2=CC=C(NC(=O)C3=CC=CS3)C=C2O1,0.3911423209034264,995
176912,CNP0517360.1,CN1N=C(C2=CC=C3C=CC=CC3=C2)C=C1[C@H]1C[N@]2CC[C@H]1C[C@@H]2CNC(=O)C1=CC=CS1,0.39105737608085384,996
183343,CNP0011217.1,COC1=CC(NC(=S)NC[C@H]2C[C@@H]3CC[N@@]2C[C@@H]3C2=CC(C3=CC=CC=C3)=NN2C)=CC(OC)=C1,0.39073198361413325,997
24912,CNP0066907.0,CC1=CC=C(C(=O)NC2=CC=C3OC(C(=O)C4=CC=C(C)C=C4)=C(C)C3=C2)C=C1,0.39053983899769645,998
384113,CNP0529565.1,O=C1CN2CCN(C(=O)C3=CN=CC=N3)C[C@H]2COC2=CC=C(C3=CC=CN=C3)C=C2N1,0.390513867765166,999
151088,CNP0283770.0,CC1=C(C(=O)C2=CC=CC=C2)OC2=CC=C(NC(=O)C3=CC=C(Cl)N=C3Cl)C=C12,0.39021727021067526,1000
164191,CNP0011008.2,CN1N=C(C2=CC=CC=C2)C=C1[C@H]1CN2CC[C@H]1C[C@@H]2CNC(=S)NC1=CC=C(Cl)C=C1,0.3900918546012854,1001
430483,CNP0070927.0,CCOC(=O)C1=C(NC(=O)C2=CC=C(Cl)C=C2)SC=C1C1=CC=CC=C1,0.39004919857627085,1002
43252,CNP0422030.0,COCCCN1COC2=CC=C3C=C(C4=CC=CC=C4)C(=O)OC3=C2C1,0.3897644726904988,1003
471450,CNP0507679.1,CC1=CC=C(NC(=O)[C@H]2SC3=NN=C(C4=CC=CC=C4)N3NC23CCCCC3)C=C1C,0.3896237279983024,1004
68465,CNP0361840.0,COC1=CC(C2CC(=O)OC3=CC=C4C(=O)C(C5=CC=CC=C5)=COC4=C32)=CC(OC)=C1OC,0.38959065100850565,1005
392399,CNP0410267.0,COCCN1C=NC2=CC=C(NC(=O)CCCC3=CN(C)C4=CC=CC=C34)C=C2C1=O,0.38942716693374,1006
32442,CNP0342906.1,COC1=CC=C(C2=COC3=C4C(=CC(O)=C3C2=O)OC(=O)C[C@H]4C2=CC3=CC=C(OC)C=C3N(C)C2=O)C=C1,0.3894119052096414,1007
87598,CNP0342906.2,COC1=CC=C(C2=COC3=C4C(=CC(O)=C3C2=O)OC(=O)C[C@@H]4C2=CC3=CC=C(OC)C=C3N(C)C2=O)C=C1,0.3894119052096414,1008
260705,CNP0515092.2,CC(=O)O[C@@H]1C=C[C@@](C)(O)C(=O)[C@@H](C)C[C@H]2O[C@@H]2[C@H]2[C@@H]3O[C@]3(C)[C@@H](C)[C@H]3[C@H](CC4=CC=CC=C4)NC(=O)[C@]321,0.38936160766979705,1009
18531,CNP0165190.0,CCOC1=CC=CC=C1C1=CC(=O)C2=CC=C(NC(=O)C3=CC=NC=C3)C=C2O1,0.38874081000433774,1010
184055,CNP0362614.3,C[C@@H](NC(=O)[C@@H](C)OC1=CC=C2C(C3=CC=CC=C3)=CC(=O)OC2=C1)C(=O)O,0.3887084601980613,1011
1169,CNP0409902.0,COC1=CC=C(C2=COC3=CC(OCCN4CCN(C5=CC=CC=C5OC)CC4)=CC=C3C2=O)C=C1,0.38849049446713485,1012
327228,CNP0011060.2,COC1=CC=C(C(=O)NC[C@H]2C[C@@H]3CCN2C[C@@H]3C2=CC(C3=CC=C4C=CC=CC4=C3)=NN2C)C=C1,0.3884227925461589,1013
43130,CNP0011060.1,COC1=CC=C(C(=O)NC[C@H]2C[C@@H]3CC[N@@]2C[C@@H]3C2=CC(C3=CC=C4C=CC=CC4=C3)=NN2C)C=C1,0.3884227925461589,1014
207027,CNP0565823.1,O=C1C[C@@H]2CCN(CC3=CC(C4=CC=CC=C4)=NO3)C[C@@H]2CCOC2=CC=C(C3=CC=CC=C3)C=C2N1,0.3884132274372909,1015
480685,CNP0377379.1,CC(C)(C)CN1CCOC[C@H]1C1=NC(C2=CC=CC=C2)=CN1,0.38831139218510635,1016
15494,CNP0264516.0,CC1=CC(OCC(=O)NC2=CC=C3NC=CC3=C2)=C2C(C)=CC(=O)OC2=C1,0.3883002195748925,1017
173501,CNP0179733.2,CC(C)CNC(=S)NC[C@H]1C[C@@H]2CCN1C[C@@H]2C1=CC(C2=CC=CC=C2)=NN1C,0.38821613595499477,1018
449944,CNP0164533.0,CC1=CC(=O)OC2=CC(OCC(=O)NC3=CC=C4N=CN(C)C(=O)C4=C3)=CC=C12,0.3880358256087515,1019
184797,CNP0032856.1,CN1CCC(N2CCC[C@H]2C2=NC(C3=CC=C(N4C=CN=C4)N=C3)=NO2)CC1,0.38802294979377805,1020
315263,CNP0004802.1,C1=CC=C(CN2CCOC[C@H]2C2=NC(C3=CC=NC=C3)=CN2)C=C1,0.3880208041153576,1021
108371,CNP0067132.0,COC1=CC=C(C2=C(N)N(C)C3=CC=CC=C23)C=C1OC,0.3879862446825508,1022
135417,CNP0142274.1,CS(=O)(=O)C1=CC=C(C2=CNC([C@@H]3COCCN3CC3=CC=CC=C3O)=N2)C=C1,0.38796032353541215,1023
149459,CNP0053255.0,CC1=CC=C(C(=O)C2=C(C)C3=CC=C(NC(=O)C4CCCCC4)C=C3O2)C=C1,0.38771674666627054,1024
283703,CNP0011002.2,CN(C)C1=CC=C(C2=NN(C)C([C@H]3CN4CC[C@H]3C[C@@H]4CNC(=O)COC3=CC=CC=C3)=C2)C=C1,0.38769134073640643,1025
267676,CNP0245295.0,CC1=CC(OCC(=O)NC2=CC=C3C=CNC3=C2)=C2C(C)=CC(=O)OC2=C1,0.3876554556701475,1026
384184,CNP0493987.1,O=C(NC1=CC=CC=C1)[C@H]1SC2=NN=C(C3=CC=CC=C3)N2NC12CCCCC2,0.3874691309672975,1027
209851,CNP0011102.1,CN1N=C(C2=CC=CC=C2)C=C1[C@H]1C[N@]2CC[C@H]1C[C@@H]2CNC(=S)NC1=CC=CC=C1,0.38735521613755386,1028
29648,CNP0060447.1,C[C@H](C(=O)N(C)CCC#N)[C@@H]1CC[C@@]2(C)CC3=C(N=C(NC(=O)C4=CC=CN4C)S3)[C@@H](C)[C@@H]2[C@H]1O,0.3873008309083886,1029
159331,CNP0390700.1,COC1=CC=C(C2=NN(C)C([C@H]3C[N@]4CC[C@H]3C[C@@H]4CNC(=O)COC3=CC=CC=C3)=C2)C=C1,0.38727020936540557,1030
211318,CNP0399038.0,O=C(NC1=CC=C2C=CNC2=C1)C1(C2=CC=CC=C2)CCOCC1,0.3871346451396034,1031
339805,CNP0057740.2,CC(=O)NC[C@H]1C[C@@H]2CCN1C[C@@H]2C1=CC(C2=CC=CC=C2)=NN1C,0.3871104987933205,1032
89285,CNP0489356.1,COC1=C(O)C=C2CCN(C)[C@H]3CC4=C5N=C(C6=CC=CC=C6)OC5=C(OC)C=C4C1=C23,0.38710894044334393,1033
22065,CNP0514541.0,O=[N+]([O-])C1=CC(C2=CN3C(=N2)SC2=CC=CC=C23)=CC=C1I,0.3871019258059487,1034
66631,CNP0016537.1,CN(C)C1=CC=C(C2=NN(C)C([C@H]3C[N@]4CC[C@H]3C[C@@H]4CNCC3=CC=CO3)=C2)C=C1,0.3870318587644002,1035
158848,CNP0014072.1,CN1C=C(CN2CC[C@H](C3=NN=C(C4=CC=CC=C4)O3)C2)C2=CC=CC=C21,0.3869395740008222,1036
214109,CNP0571989.1,CC1=CC=C(NC(=O)[C@@H]2[C@@H]3C=C[C@]4(O3)[C@@H]2C(=O)N([C@H](C)CCC2=CC=CC=C2)[C@@H]4C(=O)NC2CCCCC2)C=C1C,0.3869383983211385,1037
421077,CNP0469743.1,CN1N=C(C2=CC=C3C=CC=CC3=C2)C=C1[C@H]1C[N@]2CC[C@H]1C[C@@H]2CO,0.3868493480828972,1038
463635,CNP0405119.0,COC1=CC=C(C2=COC3=CC=C(OCC(=O)N4CCN5C4=NC4=CC=CC=C45)C=C23)C=C1,0.38644296220257496,1039
18456,CNP0143470.0,CN1C2=CC=CC=C2N2C=C(C3=CC=C(I)C=C3)C=C12,0.38643525304891635,1040
321521,CNP0063701.0,COC1=CC=C(OC)C(C(=O)C2=C(C)C3=CC(NC(=O)C4=CC=CS4)=CC=C3O2)=C1,0.3863730955713796,1041
381176,CNP0594323.1,O=C(NC1=CC=C(Cl)C=C1)[C@H]1SC2=NN=C(C3=CC=CC=C3)N2NC12CCCCC2,0.38635573955372116,1042
448061,CNP0335935.0,CC1=C(C(=O)C2=CC=CC=C2)OC2=CC(NC(=O)CN3N=NC4=CC=CC=C4C3=O)=CC=C12,0.38629926036285667,1043
165057,CNP0010980.2,CN1N=C(C2=CC=CC=C2)C=C1[C@H]1CN2CC[C@H]1C[C@@H]2CNS(C)(=O)=O,0.3862705185271217,1044
178271,CNP0175090.0,C=C(C)COC1=CC=C2C(C)=C(CCC(=O)NC3=CC=C4NC=CC4=C3)C(=O)OC2=C1,0.3862448079727247,1045
245943,CNP0339288.2,CCOC1=C(COC2=CC=C3C(C4=CC=CC=C4)=CC(=O)OC3=C2)N(C)C(=O)N[C@H]1C1=CC=CC=C1,0.38621674251607907,1046
46261,CNP0261614.0,CC1=C2OCN(CCC3=CC=C(Cl)C=C3Cl)CC2=CC2=C1OC(=O)C=C2C1=CC=CC=C1,0.38593800880518797,1047
108648,CNP0227397.1,O=C1C=CC=C2[C@H]3C[C@H](CN(CCOC4=CC=C(C5=NNC=C5C5=CC=CC=C5)C(O)=C4)C3)CN21,0.38580203361375104,1048
314579,CNP0478667.0,CCN1CCN(CCOC2=CC=C3C=C(C4=CC=CC=C4)C(=O)OC3=C2)CC1,0.3857346499718476,1049
483556,CNP0598963.1,CC1=CC=CC(C(=O)N2CCN3CC(=O)NC4=CC(C5=CC=CN=C5)=CC=C4OC[C@@H]3C2)=C1,0.3856104576496186,1050
481757,CNP0011013.2,COC1=CC=C(C2=NN(C)C([C@H]3CN4CC[C@H]3C[C@@H]4CNS(C)(=O)=O)=C2)C=C1OC,0.38557476495529014,1051
455804,CNP0143045.0,COC1=CC=C(C(=O)C2=C(C)C3=CC(NC(=O)C(C)(C)C)=CC=C3O2)C=C1,0.3854650176050679,1052
431290,CNP0260447.0,CC1=C2OCN(CCC3=CC=CC=C3)CC2=CC2=C1OC(=O)C=C2C1=CC=CC=C1,0.38539383456198406,1053
345798,CNP0362614.1,CC(OC1=CC=C2C(C3=CC=CC=C3)=CC(=O)OC2=C1)C(=O)N[C@H](C)C(=O)O,0.3853356600720425,1054
89973,CNP0379682.0,COC1=CC(C2CC(=O)OC3=CC(O)=C4C(=O)C(C5=CC=CC=C5)=COC4=C32)=CC2=C1OCO2,0.38521891015095855,1055
320959,CNP0370783.0,O=C(NC1=CC=C2OC(C3=CC=CC=C3Cl)=CC(=O)C2=C1)C1=CC=NC=C1,0.3851976504798216,1056
115165,CNP0271479.0,CC1CN(CCOC2=CC=C3C(=O)C(C4=CC=CC=C4)=COC3=C2)CC(C)O1,0.38516328365322555,1057
38873,CNP0534592.0,COC(=O)C1CCN(C(=O)C2=CC=C(N(C)CC3=CN=C4N=C(N)N=C(N)C4=N3)C=C2)CC1,0.38515136994265425,1058
423140,CNP0344426.0,CNC(=O)C1=CC2=C(N=C3C(C)=CC=CN3C2=O)N(C)C1=N,0.3850902995438523,1059
123222,CNP0031206.0,COC1=CC=CC(C(=O)C2=C(C)C3=CC=C(NC(=O)C4=CC=CC=C4)C=C3O2)=C1,0.3849331013457556,1060
167769,CNP0211226.0,CC1=C(CSC2=NC3=C(N=CNC3=O)N2C)N=C(C2=CC=CC(Cl)=C2)O1,0.38489601903937193,1061
414692,CNP0160208.0,CN1C2=CC=CC(C(N)=O)=C2N=C2C=CC3=C(C4=CC=CC=C4)C(=O)OC(=O)C3=C21,0.3846598375635601,1062
166096,CNP0082574.2,COC1=CC=C(C2=NN(C)C([C@H]3CN4CC[C@H]3C[C@@H]4CNS(C)(=O)=O)=C2)C=C1,0.3845136992258875,1063
330870,CNP0345666.0,CN1C(N)=NC2=NC=C(C3=CC=CC=C3)C=C21,0.38448955646295535,1064
66348,CNP0004360.1,C1=CC=C(C2=CNC([C@@H]3COCCN3CC3=CC=NC=C3)=N2)C=C1,0.3844671800800419,1065
294876,CNP0011008.1,CN1N=C(C2=CC=CC=C2)C=C1[C@H]1C[N@]2CC[C@H]1C[C@@H]2CNC(=S)NC1=CC=C(Cl)C=C1,0.38443091789853334,1066
46923,CNP0014668.1,OC1=CC=CC=C1CN1CCOC[C@H]1C1=NC(C2=CC=NC=C2)=CN1,0.38438272519701655,1067
100398,CNP0338979.1,C1=CC=C(CN2CCOC[C@H]2C2=NC(C3=CC=NC=C3)=CN2)N=C1,0.38435343313999787,1068
263231,CNP0180696.0,CN1C2=CC=CC(C(N)=O)=C2N=C2C=CC3=C(C4=CC=C(O)C=C4)C(=O)OC(=O)C3=C21,0.38431934533807804,1069
268030,CNP0068151.1,COC1=CC=C(C2=CNC([C@@H]3COCCN3CC3=CC=CC=C3)=N2)C=C1,0.38428579347581154,1070
424715,CNP0015806.2,CN1N=C(C2=CC=C3C=CC=CC3=C2)C=C1[C@H]1CN2CC[C@H]1C[C@@H]2CN,0.38421537779358084,1071
131588,CNP0192718.0,COC1=CC=C(C2=CC(=O)OC3=C4CN(CCC5=CC=CC=C5)COC4=CC=C23)C=C1,0.38418463076948767,1072
487060,CNP0502177.1,N#C/C(=C\C1=CC=C(O)C=C1)C(=O)NCCC1=CC=CC=C1Cl,0.3841105316398415,1073
173337,CNP0218269.2,COC1=CC=C(C2=NN(C)C([C@H]3CN4CC[C@H]3C[C@@H]4CNC(=O)CC(C)(C)CC(=O)O)=C2)C=C1OC,0.3840585887034045,1074
262596,CNP0056733.0,COC1=CC(C(=O)NC2=CC=C3OC(C(=O)C4=CC=C(C)C=C4)=C(C)C3=C2)=CC(OC)=C1OC,0.38396886684417725,1075
349853,CNP0558039.0,CCOC(=O)NC1=CC=C2CCC3=CC=CC=C3N(C(=O)OC)C2=C1,0.383949188346768,1076
213219,CNP0004322.1,ClC1=CC=C(C2=CNC([C@@H]3COCCN3CC3=CC=CN=C3)=N2)C=C1,0.3837345587251822,1077
48523,CNP0185840.0,COC1=CC=CC(C(=O)C2=C(C)C3=CC=C(NC(=O)C4=CC=C(C)C=C4)C=C3O2)=C1,0.38366516410353463,1078
74814,CNP0153884.0,C1=CC=C(C2=CC=CC=N2)C=C1,0.38361250800556396,1079
242848,CNP0414249.0,CN1C(N)=C(C2=CC=CC(Br)=C2)C2=CC=CC=C21,0.3835900448838901,1080
301276,CNP0063132.0,CC1=CC=C(C(=O)C2=C(C)C3=CC=C(NC(=O)C4=CC=CO4)C=C3O2)C=C1,0.3835780558311525,1081
451150,CNP0060125.2,COC1=CC=C(C2=NN(C)C([C@H]3CN4CC[C@H]3C[C@@H]4CNC(=O)CC(C)(C)CC(=O)O)=C2)C=C1,0.383570711777675,1082
228162,CNP0565971.1,CN1N=CN=C1C1=CC=C2OC[C@H]3CN(S(=O)(=O)C4=CC=CC=C4)CCN3CC(=O)NC2=C1,0.38342611594941156,1083
155545,CNP0368990.3,C[C@H](NC(=O)OCC1=CC=CC=C1)C(=O)N1C[C@@H]2C[C@H](C1)C1=CC=CC(=O)N1C2,0.3834096378628423,1084
343938,CNP0582957.2,COC1=CC=CC(NC(=O)[C@H]2SC3=NN=C(C4=CC=CC=C4)N3NC23CCCCC3)=C1,0.3833160037043378,1085
215962,CNP0501589.2,CC1=CC=CC(NC(=O)[C@H]2SC3=NN=C(C4=CC=CC=C4)N3NC23CCCCC3)=C1,0.3833160037043378,1086
390177,CNP0038207.0,CCOC(=O)C1=C(C)C2=CC=C(NC(=O)C3=CC=CC(OC)=C3)C=C2O1,0.3832959044986241,1087
103309,CNP0055129.1,C1=CC=C(CN2CCOC[C@H]2C2=NC(C3=CC=CC=C3)=CN2)C=C1,0.38323614690435936,1088
299400,CNP0108896.1,CC1=C(C(=O)C2=CC=CC=C2)OC2=CC(NC(=O)/C=C/C3=CC=CC=C3)=CC=C12,0.38312252869275115,1089
22872,CNP0336661.0,COC1=CC(C2=NC(C3=CC=CC=N3)=NO2)=CC(OC)=C1OC,0.3831030453898119,1090
355597,CNP0047834.0,COC1=CC=CC(C(=O)C2=C(C)C3=CC=C(NC(=O)C4=CC(OC)=C(OC)C(OC)=C4)C=C3O2)=C1,0.38295596460729775,1091
13001,CNP0336102.0,COC1=C(C2=CC=CC=C2)OC2=C3C=CC(C)(C)OC3=CC(OC)=C2C1=O,0.3829412808437828,1092
293656,CNP0513216.0,CC1=CC=C(N2C=C3C(=C2C2=CC=CC=C2)C(=O)N(C)C(=O)N3C)C(C)=C1,0.3828364247163227,1093
366200,CNP0552684.1,CN(C)C1=CC=C(/C=C2/C3=CC=CC=C3N3N=C(C4=CC=CC=C4)C=C23)C=C1,0.3828354676270394,1094
107513,CNP0451222.0,O=C(O)CCC(=O)NC1=CC=C(NCC2=CC=CN=C2)C(C(=O)O)=C1,0.38278936873512664,1095
13642,CNP0276120.0,CC(=O)NC1=CC=C2C(C)=C(C(=O)C3=CC=CC=C3)OC2=C1,0.3826862184852782,1096
455756,CNP0190686.0,CC1=CC(=O)OC2=CC(OCC(=O)NC3=CC=C4OCCOC4=C3)=CC=C12,0.38265144849782873,1097
82336,CNP0085470.2,COC(=O)C1=CC=CC(NC(=S)NC[C@H]2C[C@@H]3CCN2C[C@@H]3C2=CC(C3=CC=CC=C3)=NN2C)=C1,0.38260166445277527,1098
14099,CNP0085470.1,COC(=O)C1=CC=CC(NC(=S)NC[C@H]2C[C@@H]3CC[N@@]2C[C@@H]3C2=CC(C3=CC=CC=C3)=NN2C)=C1,0.38260166445277527,1099
64204,CNP0010982.1,CN1N=C(C2=CC=CC=C2)C=C1[C@H]1C[N@]2CC[C@H]1C[C@@H]2CNC(=O)C1=CC2=C(C=C1)OCO2,0.3825831314158453,1100
23680,CNP0010982.2,CN1N=C(C2=CC=CC=C2)C=C1[C@H]1CN2CC[C@H]1C[C@@H]2CNC(=O)C1=CC2=C(C=C1)OCO2,0.3825831314158453,1101
207939,CNP0249767.0,CC1=C(CC(=O)N2CCN(CCO)CC2)C(=O)OC2=CC3=C(C=C12)C(C1=CC=CC=C1)=CO3,0.3824216430462275,1102
434556,CNP0082969.0,COC1=CC=CC=C1NC(=O)NC1=CC=C2C=CC=CC2=C1,0.38240025704170544,1103
482242,CNP0341073.1,COC1=CC(NC(=S)NC[C@H]2C[C@@H]3CCN2C[C@@H]3C2=CC(C3=CC=C(OC)C(OC)=C3)=NN2C)=CC(OC)=C1,0.3823300891350738,1104
477994,CNP0242594.0,COC1=CC=CC(C(=O)C2=C(C)C3=CC=C(NC(=O)C4=CC=C(Br)C=C4)C=C3O2)=C1,0.38227922792572494,1105
41668,CNP0043498.0,COC1=CC=CC(C(=O)C2=C(C)C3=CC=C(NC(=O)C4=CC=C(OC)C(OC)=C4)C=C3O2)=C1,0.38226760892050377,1106
11543,CNP0368323.0,COC1=CC=CC(C(=O)NC2=CC=C3C(C)=C(C(=O)C4=CC=C(OC)C(OC)=C4)OC3=C2)=C1,0.38226760892050377,1107
212321,CNP0179733.1,CC(C)CNC(=S)NC[C@H]1C[C@@H]2CC[N@@]1C[C@@H]2C1=CC(C2=CC=CC=C2)=NN1C,0.3822663144491647,1108
313149,CNP0349265.1,C1=CC=C(C2=CN([C@@H]3CO[C@@H]4[C@@H]3OC[C@@H]4NCC3=CC=CC=N3)N=N2)C=C1,0.3821740002123349,1109
360060,CNP0010980.1,CN1N=C(C2=CC=CC=C2)C=C1[C@H]1C[N@]2CC[C@H]1C[C@@H]2CNS(C)(=O)=O,0.38214296303285833,1110
312687,CNP0061145.0,CC1=CC=C(C(=O)C2=C(C)C3=CC(NC(=O)C4=CC=C(Br)C=C4)=CC=C3O2)C=C1,0.3820872155028317,1111
16528,CNP0011002.1,CN(C)C1=CC=C(C2=NN(C)C([C@H]3C[N@]4CC[C@H]3C[C@@H]4CNC(=O)COC3=CC=CC=C3)=C2)C=C1,0.3820304040336545,1112
314864,CNP0367035.0,CN1C(=O)N(C)C2=CC(C3CC(=O)OC4=CC(O)=C5C(=O)C(C6=CC=C(O)C=C6)=COC5=C43)=CC=C21,0.3816255971738221,1113
494538,CNP0452980.1,CN1N=C(C2=CC=CC=C2)C=C1[C@H]1C[N@]2CC[C@H]1C[C@@H]2CO,0.38159028491186453,1114
296916,CNP0587582.2,CC1=CC=C(NC(=O)[C@@H]2C(=O)N[C@@]34CCCC[C@@H]3[C@H]2C2=CC=CC=C2O4)C=C1C,0.3814707278907338,1115
192213,CNP0057740.1,CC(=O)NC[C@H]1C[C@@H]2CC[N@@]1C[C@@H]2C1=CC(C2=CC=CC=C2)=NN1C,0.3814495620905686,1116
313141,CNP0011013.1,COC1=CC=C(C2=NN(C)C([C@H]3C[N@]4CC[C@H]3C[C@@H]4CNS(C)(=O)=O)=C2)C=C1OC,0.3814472094610268,1117
107070,CNP0199717.0,COC1=CC2=C3C=CN4C(=O)C5=CC(OC)=C(OC)C=C5N(C)C4=C3N=C2C=C1,0.3812580084294511,1118
146699,CNP0236280.0,O=C(NC1=CC=C2C=C(OC(=O)C3=CC=CC=C3)C=CC2=C1)C1=CC=CC=C1,0.38123715262302044,1119
451125,CNP0010968.2,COC1=CC=C(C2=NN(C)C([C@H]3CN4CC[C@H]3C[C@@H]4CNC(=S)NC3=CC=CC=C3)=C2)C=C1,0.3810730454195964,1120
15835,CNP0185671.1,COC1=CC=C(C2=CNC([C@@H]3COCCN3CC3=CC=CC=N3)=N2)C=C1,0.3810642835025192,1121
461197,CNP0035808.1,C1=CC=C(C2=CNC([C@@H]3COCCN3CC3=CC=CC=N3)=N2)C=C1,0.3809907441361106,1122
470416,CNP0157271.0,CC1=C(C(=O)NC2=CC=C3OCOC3=C2)C2=CC(OCC3=CC=CC=C3)=CC=C2O1,0.3809578047724814,1123
403438,CNP0068879.0,CN1C2=CC=CC=C2N2C=C(C3=CC=C(Cl)C=C3)C=C12,0.3808857494886365,1124
382150,CNP0136586.2,COC1=CC=C(C2=NN(C)C([C@H]3CN4CC[C@H]3C[C@@H]4CNC(=S)NCC(C)C)=C2)C=C1,0.38088127433803814,1125
234114,CNP0036193.0,COC1=CC=C(C(=O)C2=C(C)C3=CC(NC(=O)C4=CC=C(Br)C=C4)=CC=C3O2)C=C1OC,0.3808782736024166,1126
409379,CNP0131994.1,C1=CC=C(C2=CNC([C@@H]3COCCN3CC3=NC=CN3)=N2)C=C1,0.38081275061009634,1127
200003,CNP0604720.0,CN1C(N)=C(C2=CC=C([N+](=O)[O-])C=C2)C2=CC=CC=C21,0.3808104855606246,1128
183193,CNP0242775.0,COC1=CC2=C(C3=C1C(=O)C=C(C1=CC=CC=C1)O3)C(C1=CC=NN1C)CC(=O)O2,0.3807461082668305,1129
404144,CNP0447504.1,COC1=CC=C(C2=NN(C)C([C@H]3C[N@]4CC[C@H]3C[C@@H]4CNC(=O)COC3=CC=CC=C3)=C2)C=C1OC,0.3806721104714431,1130
80511,CNP0037274.0,O=C1N=C2C(=CN=C3C=C(C4=CC=NC=C4)C=CN23)S1,0.38058667980566263,1131
218526,CNP0522217.0,CC1=CC2=C(C(CC(=O)O)=C(C3=CC=CC=C3)O2)C(=O)N1CCCC(=O)O,0.38056438106281854,1132
466224,CNP0592152.0,CC1=CC2=C(C(CC(=O)O)=C(C3=CC=CC=C3)O2)C(=O)N1CCC(=O)O,0.38056438106281854,1133
322910,CNP0294117.1,O=C(NCCN1C[C@H]2C[C@@H](C1)C1=CC=CC(=O)N1C2)C1=CC(C2=CC3=C(C=C2)OCC3)=NN1,0.3805324625877886,1134
408371,CNP0082574.1,COC1=CC=C(C2=NN(C)C([C@H]3C[N@]4CC[C@H]3C[C@@H]4CNS(C)(=O)=O)=C2)C=C1,0.38038614373162416,1135
222755,CNP0103820.0,O=C(COC1=CC=C2C(=O)C(C3=CC=CC=C3)=COC2=C1)N1CCN(CCO)CC1,0.3803729970228567,1136
410939,CNP0010971.2,COC1=CC=C(C2=NN(C)C([C@H]3CN4CC[C@H]3C[C@@H]4CNC(C)=O)=C2)C=C1,0.3800533791521318,1137
194180,CNP0272050.0,COC1=CC=CC=C1N1CCN(CCOC2=CC=C3C(=O)C(C4=CC=CC=C4)=COC3=C2)CC1,0.3800116225118205,1138
295106,CNP0004760.1,ClC1=CC=C(C2=CNC([C@@H]3COCCN3CC3=CNC4=CC=CC=C34)=N2)C=C1,0.37986863721895764,1139
203829,CNP0004362.1,C1=CC=C(C2=CNC([C@@H]3COCCN3CC3=CSN=N3)=N2)C=C1,0.37985203740601486,1140
53377,CNP0056797.0,CCOCCCN1COC2=CC=C3C=C(C4=CC=CC=C4)C(=O)OC3=C2C1,0.3798502656277,1141
164288,CNP0181315.0,CC1=CC(=O)OC2=CC(OCC(=O)NC3=CC=C4OCOC4=C3)=CC=C12,0.3798129811120532,1142
502948,CNP0509616.0,C[N+]1=CC(C2=CC=C3C=CC=CC3=N2)=CC2=CC=CC=C21,0.3798078095220546,1143
167289,CNP0042853.0,O=C(NC1=CC=C2OC(C3=CC=CC=C3Cl)=CC(=O)C2=C1)C1CC1,0.37963774647181686,1144
366067,CNP0475552.0,CN1C2=CC=CC=C2N2C=C(C3=CC=C(C4=CC=CC=C4)C=C3)C=C12,0.3795278832068344,1145
51491,CNP0515092.1,CC(=O)O[C@@H]1C=C[C@@](C)(O)C(=O)[C@H](C)C[C@H]2O[C@@H]2[C@H]2[C@@H]3O[C@]3(C)[C@H](C)[C@H]3[C@@H](CC4=CC=CC=C4)NC(=O)[C@]321,0.3794406580827345,1146
215828,CNP0205716.0,C=C(C)COC1=CC=C2C(C)=C(CCC(=O)NC3=CC=C4OC(=O)C=CC4=C3)C(=O)OC2=C1,0.37886584716804805,1147
316919,CNP0576803.2,CN1N=C(C2=CC=C3C=CC=CC3=C2)C=C1[C@H]1CN2CC[C@H]1C[C@@H]2CNS(=O)(=O)C1=CC=CS1,0.3788433494430267,1148
121496,CNP0518393.0,COC1=CC=C2C(OCC3=NN=C4C=CC(C5=CC=CC=C5)=NN34)=CC=NC2=C1,0.3788008366262876,1149
243704,CNP0114331.1,CC1=CC=C(C2=CNC([C@@H]3COCCN3C)=N2)C=C1,0.37873519119222193,1150
19303,CNP0401438.0,COC1=CC(C2CC(=O)OC3=CC(OC)=C4C(=O)C=C(C5=CC=CC=C5)OC4=C32)=CC2=C1OCO2,0.37850636441259394,1151
174187,CNP0218269.1,COC1=CC=C(C2=NN(C)C([C@H]3C[N@]4CC[C@H]3C[C@@H]4CNC(=O)CC(C)(C)CC(=O)O)=C2)C=C1OC,0.3783976520006525,1152
376610,CNP0529620.0,BrC1=CC(Br)=C2N=CC(C3=CC=C4C=CC=CC4=N3)=CC2=C1,0.37835614959349023,1153
450384,CNP0572937.1,NC(=O)C1CCN(C2=CC(C3=NOC([C@@H]4CCCN4CCCC4=CC=CC=C4)=N3)=CC=N2)CC1,0.3782907002403715,1154
208212,CNP0024110.0,CC1=C(C(=O)C2=CC=CC=C2)OC2=CC(NC(=O)C3=CC=CC=C3)=CC=C12,0.3782651872652903,1155
170017,CNP0384289.0,CC1=C2OCN(CCC3=CC=C(Cl)C=C3Cl)CC2=CC2=C1OC(=O)C1=CC=CC=C12,0.3782417508375945,1156
353189,CNP0582554.1,O=C(NC1=CC=CC(Cl)=C1)[C@H]1SC2=NN=C(C3=CC=CC=C3)N2NC12CCCCC2,0.37822261620341996,1157
231578,CNP0491478.0,O=C(C1=CN2C=CC=CC2=N1)N1CCN2C(=O)OC3(CCN(C(=O)C4CC4)CC3)C2C1,0.37811469597291414,1158
91957,CNP0171612.0,CC(=O)CCC1=C(C)NC2=CC=C(NC(C)=O)C=C2C1=O,0.37806402941430756,1159
452571,CNP0504173.4,C[C@]12C=C[C@@]3(O1)[C@H](C(=O)NC1CCCCC1)N(CC1=CC=CO1)C(=O)[C@H]3[C@H]2C(=O)NC1=CC=C(Cl)C(Cl)=C1,0.37802845898316784,1160
49941,CNP0504173.3,C[C@]12C=C[C@]3(O1)[C@@H](C(=O)N(CC1=CC=CO1)[C@@H]3C(=O)NC1CCCCC1)[C@H]2C(=O)NC1=CC=C(Cl)C(Cl)=C1,0.37802845898316784,1161
48064,CNP0384053.0,CC1=C(CC2=CC=CC=C2)C(=O)OC2=C3CN(CCC4=CC=C(Cl)C=C4Cl)COC3=CC=C12,0.37799081204321516,1162
82701,CNP0010343.0,CC1=CC=CC(C2=NC(CSC3=NC4=C(N=CNC4=O)N3C)=C(C)O2)=C1,0.3779750808836581,1163
98019,CNP0060125.1,COC1=CC=C(C2=NN(C)C([C@H]3C[N@]4CC[C@H]3C[C@@H]4CNC(=O)CC(C)(C)CC(=O)O)=C2)C=C1,0.37790977507492307,1164
111143,CNP0374980.2,COC1=CC=C2C(=C1OC)C(=O)O[C@@H]2N1C(=O)CC[C@H]1C(=O)NC1=CC=C(Br)C(C)=C1,0.3778596190262496,1165
477750,CNP0374980.1,COC1=CC=C2C(=C1OC)C(=O)OC2N1C(=O)CC[C@H]1C(=O)NC1=CC=C(Br)C(C)=C1,0.3778596190262496,1166
69167,CNP0004365.1,C1=CC=C(C2=CNC([C@@H]3COCCN3CC3CC3)=N2)C=C1,0.37777685510061526,1167
3854,CNP0253066.2,C=CC(C)(C)C1=CNC2=CC=CC(/C=C\[C@@]3(C)CCC=C[C@H]3C3=CC=C4NC[C@@H](C(C)(C)C=C)C4=C3)=C12,0.3777126438201621,1168
369582,CNP0167525.0,CC1=CC(=O)OC2=CC(OCC(=O)NC3=CC=C4N=CN(CC(C)C)C(=O)C4=C3)=CC=C12,0.37765329709842865,1169
77531,CNP0538755.0,CC(=O)NC1=CC=CC(C(=O)NC2=CC=C3OC(=O)C=CC3=C2)=C1,0.37751143897308054,1170
386390,CNP0004364.1,OC1=CC=CC=C1CN1CCOC[C@H]1C1=NC(C2=CC=CC=C2)=CN1,0.3774299215553982,1171
161181,CNP0197672.0,CN1C(=O)N(C)C2=CC(C3CC(=O)OC4=CC=C5C(=O)C(C6=CC=C(O)C=C6)=COC5=C43)=CC=C21,0.37730364046028003,1172
478174,CNP0362614.2,C[C@H](OC1=CC=C2C(C3=CC=CC=C3)=CC(=O)OC2=C1)C(=O)N[C@H](C)C(=O)O,0.3773021229467131,1173
367737,CNP0141970.0,COC1=CC=C(C2=COC3=CC(OCCN4CCN(CC5=CC=CC=C5)CC4)=CC=C3C2=O)C=C1,0.3772682179063993,1174
465609,CNP0515092.4,CC(=O)O[C@H]1C=C[C@@](C)(O)C(=O)[C@@H](C)C[C@H]2O[C@@H]2[C@H]2[C@@H]3O[C@]3(C)[C@@H](C)[C@H]3[C@H](CC4=CC=CC=C4)NC(=O)[C@]321,0.3772377559070439,1175
249083,CNP0335715.2,O=C1C(C2=CC=C(Cl)C=C2)=COC2=CC(OCCN3C[C@@H]4C[C@H](C3)C3=CC=CC(=O)N3C4)=CC=C12,0.3772189303331222,1176
432121,CNP0335715.1,O=C1C(C2=CC=C(Cl)C=C2)=COC2=CC(OCCN3C[C@H]4C[C@@H](C3)C3=CC=CC(=O)N3C4)=CC=C12,0.3772189303331222,1177
238963,CNP0536766.0,COC1=CC=CC(NC(=O)C2=CC=C(NC(C)=O)C=C2)=C1,0.37715288198249575,1178
503656,CNP0565739.0,CCCCCC(=O)NC1=CC=C2C=CC=CC2=C1,0.3771499931486412,1179
32473,CNP0437003.1,CCOC(=O)[C@]1(CC2=CC=C3O[C@@H](C(C)(C)O)CC3=C2)OC(=O)C(O)=C1C1=CC=C(O)C=C1,0.37713873490301203,1180
299496,CNP0319041.0,COC1=CC=C(C2=C(C3=C(O)C(=O)C=C(C)O3)NC(C3=CNC=N3)=N2)C=C1,0.37707879223023627,1181
107867,CNP0060788.0,CC1=C(C(=O)C2=CC=CC=C2)OC2=CC(NC(=O)C3=CC=C(C(C)(C)C)C=C3)=CC=C12,0.37701107709044,1182
334312,CNP0015628.2,CN1N=C(C2=CC=CC=C2)C=C1[C@H]1CN2CC[C@H]1C[C@@H]2CN,0.37697574953940793,1183
431346,CNP0015266.1,C1=CN=CC(C2=CNC([C@@H]3COCCN3C3CCNCC3)=N2)=C1,0.37696461420217114,1184
471624,CNP0459554.1,CN(C)C1=CC=C(C2=NN(C)C([C@H]3C[N@]4CC[C@H]3C[C@@H]4CNS(C)(=O)=O)=C2)C=C1,0.376936470900838,1185
145814,CNP0010122.0,CC1=C(CSC2=NC3=C(N=CNC3=O)N2C)N=C(C2=CC=CC(Br)=C2)O1,0.3767989180647745,1186
274092,CNP0055831.2,CN1N=C(C2=CC=C3C=CC=CC3=C2)C=C1[C@H]1CN2CC[C@H]1C[C@@H]2CNC(=O)NC1=CC=CC=C1,0.37673889641183483,1187
342327,CNP0011007.2,CN1N=C(C2=CC=CC=C2)C=C1[C@H]1CN2CC[C@H]1C[C@@H]2CNC(=S)NC1=CC=CC(C#N)=C1,0.37662076278932877,1188
37378,CNP0011007.1,CN1N=C(C2=CC=CC=C2)C=C1[C@H]1C[N@]2CC[C@H]1C[C@@H]2CNC(=S)NC1=CC=CC(C#N)=C1,0.37662076278932877,1189
208683,CNP0022772.0,COC1=CC=C(C(=O)C2=C(C)C3=CC=C(NC(=O)C4CC4)C=C3O2)C=C1OC,0.37654111919896366,1190
449443,CNP0122880.2,CN1N=C(C2=CC=CC=C2)C=C1[C@H]1CN2CC[C@H]1C[C@@H]2CNC(=O)C1=CC=CS1,0.3764163376869176,1191
206482,CNP0022623.0,COC1=CC=C(C(=O)C2=C(C)C3=CC=C(NC(=O)C4=CC=CO4)C=C3O2)C=C1OC,0.3763279225766344,1192
467644,CNP0571989.3,CC1=CC=C(NC(=O)[C@@H]2[C@@H]3C=C[C@]4(O3)[C@@H]2C(=O)N([C@H](C)CCC2=CC=CC=C2)[C@H]4C(=O)NC2CCCCC2)C=C1C,0.37628374082094296,1193
212501,CNP0336122.2,CCCS(=O)(=O)NC[C@H]1C[C@@H]2CCN1C[C@@H]2C1=CC(C2=CC=C3C=CC=CC3=C2)=NN1C,0.3761995872466434,1194
274006,CNP0070447.0,CC1=C(C(=O)NC2=CC=C3OCCOC3=C2)C2=CC(OCC3=CC=CC=C3)=CC=C2O1,0.37619494494163114,1195
360178,CNP0555456.1,CC1=CC=C(NC(=O)[C@H]2CC(=O)OC23CCCCC3)C=C1C,0.37617663174813465,1196
171755,CNP0327129.1,CC1=CC=C(C2=CNC([C@@H]3COCCN3CC3=CC=CC=C3)=N2)C=C1,0.3759693357985528,1197
58857,CNP0341675.1,O=C1C(C2=CC=CC=C2)=COC2=CC(OCCN3C[C@H]4C[C@@H](C3)C3=CC=CC(=O)N3C4)=CC=C12,0.37596367887230747,1198
287789,CNP0341605.2,CCNC(=O)NC[C@H]1C[C@@H]2CCN1C[C@@H]2C1=CC(C2=CC=C3C=CC=CC3=C2)=NN1C,0.37590859710590285,1199
124996,CNP0518113.0,CC1=CC=CN2C=C(C3=CC=CC([N+](=O)[O-])=C3)N=C12,0.3758958774113117,1200
318467,CNP0004359.1,CC1=CC=C(C2=CNC([C@@H]3COCCN3CC3=CC=CC=N3)=N2)C=C1,0.3758460703848662,1201
362529,CNP0190636.2,CC1=CC=C(C(=O)NC[C@H]2C[C@@H]3CCN2C[C@@H]3C2=CC(C3=CC=CC=C3)=NN2C)C=C1,0.375726612533892,1202
462596,CNP0190636.1,CC1=CC=C(C(=O)NC[C@H]2C[C@@H]3CC[N@@]2C[C@@H]3C2=CC(C3=CC=CC=C3)=NN2C)C=C1,0.375726612533892,1203
140666,CNP0064986.0,COC1=CC=CC(C(=O)C2=C(C)C3=CC=C(NC(=O)C4=CC=CC=C4Br)C=C3O2)=C1,0.3756750293702614,1204
462924,CNP0011053.2,COC1=CC=C(C2=NN(C)C([C@H]3CN4CC[C@H]3C[C@@H]4CNC(=S)NC3=CC=C(Cl)C=C3)=C2)C=C1OC,0.37563311896910384,1205
104198,CNP0396104.0,COC1=CC=C2C=NN(CC(=O)NC3=CC=C4OCOC4=C3)C(=O)C2=C1OC,0.37550709533213156,1206
122823,CNP0010968.1,COC1=CC=C(C2=NN(C)C([C@H]3C[N@]4CC[C@H]3C[C@@H]4CNC(=S)NC3=CC=CC=C3)=C2)C=C1,0.3754121087168445,1207
383986,CNP0483533.0,COC1=CC=C(NC(=O)C2=CC=CC(NC(C)=O)=C2)C=C1NC(=O)C1=CC=CC=C1,0.3752850119885215,1208
291101,CNP0021073.2,COC1=CC=C(C2=NN(C)C([C@H]3CN4CC[C@H]3C[C@@H]4CNC(=S)NC3=CC=CC=C3)=C2)C=C1OC,0.3751444144219401,1209
188887,CNP0182036.2,O=C(O)C1=CC=C(NC(=O)[C@@H]2CC3=CC=CC=C3C(=O)O2)C=C1O,0.3749628414220726,1210
322773,CNP0136586.1,COC1=CC=C(C2=NN(C)C([C@H]3C[N@]4CC[C@H]3C[C@@H]4CNC(=S)NCC(C)C)=C2)C=C1,0.3749314528322081,1211
204904,CNP0404684.0,CC1=C(CC2=CC=CC=C2)C(=O)OC2=C(C)C3=C(C=C12)CN(CCC1=CC=C(Cl)C=C1Cl)CO3,0.3749235723463106,1212
447492,CNP0397968.1,CC(C)[C@@H](C(=O)NC1=CC=C2C=CNC2=C1)N1CC2=CC=CC=C2C1=O,0.37484097581696185,1213
490982,CNP0015806.1,CN1N=C(C2=CC=C3C=CC=CC3=C2)C=C1[C@H]1C[N@]2CC[C@H]1C[C@@H]2CN,0.37481235333172624,1214
123183,CNP0091723.0,COC1=CC=C(OC)C(C(=O)C2=C(C)C3=CC(NC(=O)C4=CC=CC=C4C)=CC=C3O2)=C1,0.3746106774017235,1215
223384,CNP0155726.1,C[C@H]1C(=O)C[C@@H](C2=CC=CO2)N2C(=O)[C@@H]3[C@H](C(=O)NC4=CC=C5OCOC5=C4)[C@@H]4C=C[C@@]3(O4)[C@@H]12,0.37460334614463947,1216
504066,CNP0191661.2,COC1=CC=C(C2=NN(C)C([C@H]3CN4CC[C@H]3C[C@@H]4CNC(=S)NCC(C)C)=C2)C=C1OC,0.3745567388900117,1217
291097,CNP0606197.1,C[C@@H]1CCCN1CCCOC1=CC=C(C2=NNC(=O)C=C2)C=C1,0.3744950150897833,1218
357765,CNP0010971.1,COC1=CC=C(C2=NN(C)C([C@H]3C[N@]4CC[C@H]3C[C@@H]4CNC(C)=O)=C2)C=C1,0.3743924424493798,1219
11564,CNP0003911.1,COC1=CC=C(C2=CNC([C@@H]3COCCN3CC3=CC=CC=C3O)=N2)C=C1,0.3741971241376455,1220
347246,CNP0058715.0,CN1C2=CC=CC=C2N2C=C(C3=CC=CC=C3)C=C12,0.37419513025573514,1221
478029,CNP0098992.0,CN1C2=CC=CC=C2N2C=C(C3=CC=C(Br)C=C3)C=C12,0.3739574490003825,1222
41497,CNP0042720.0,COC1=CC=C(C(=O)C2=C(C)C3=CC=C(NC(=O)C4=CC=NC=C4)C=C3O2)C=C1OC,0.37379971842840176,1223
65120,CNP0399481.0,O=C(CCC1=NC2=CC=CN=C2N1)NC1=CC=C(O)C(C(=O)O)=C1,0.3737323897303649,1224
43031,CNP0141021.2,COC1=CC=C(C2=NN(C)C([C@H]3CN4CC[C@H]3C[C@@H]4CNC(C)=O)=C2)C=C1OC,0.3737288437041053,1225
22286,CNP0122880.1,CN1N=C(C2=CC=CC=C2)C=C1[C@H]1C[N@]2CC[C@H]1C[C@@H]2CNC(=O)C1=CC=CS1,0.37357431513768946,1226
290764,CNP0537707.0,O=[N+]([O-])C1=CC=C(SC2=CC=C3C=CC=CC=C32)C([N+](=O)[O-])=C1,0.37332210114055947,1227
109099,CNP0011711.1,COC1=CC=C(C2=NN(C)C([C@H]3C[N@]4CC[C@H]3C[C@@H]4CNC(=O)C3=CC=C(C)C=C3)=C2)C=C1,0.3732459079739816,1228
130034,CNP0011711.2,COC1=CC=C(C2=NN(C)C([C@H]3CN4CC[C@H]3C[C@@H]4CNC(=O)C3=CC=C(C)C=C3)=C2)C=C1,0.3732459079739816,1229
291418,CNP0595587.1,CC1=CC(N2CCCCC2)=NC2=CC=C(NC(=O)/C=C/C3=CC=C4OCOC4=C3)C=C12,0.37324397790092967,1230
225965,CNP0576803.1,CN1N=C(C2=CC=C3C=CC=CC3=C2)C=C1[C@H]1C[N@]2CC[C@H]1C[C@@H]2CNS(=O)(=O)C1=CC=CS1,0.3731824127402748,1231
167272,CNP0260441.2,COC1=CC=C(C(=O)NC[C@H]2C[C@@H]3CCN2C[C@@H]3C2=CC(C3=CC=CC=C3)=NN2C)C=C1,0.373139917953048,1232
82562,CNP0260441.1,COC1=CC=C(C(=O)NC[C@H]2C[C@@H]3CC[N@@]2C[C@@H]3C2=CC(C3=CC=CC=C3)=NN2C)C=C1,0.373139917953048,1233
465761,CNP0414836.0,C=C(C)COC1=CC=C2C(C)=C(CC(=O)NC3=CC=C4C=CNC4=C3)C(=O)OC2=C1,0.3730862941385037,1234
53113,CNP0556447.0,O=[N+]([O-])C1=CC=CC(C2=CN3C(=N2)SC2=CC=CC=C23)=C1,0.37285138896770365,1235
100639,CNP0287423.0,O=C(NC1=CC=C2NC=CC2=C1)C1(C2=CC=CC=C2)CCOCC1,0.37283690418556986,1236
202604,CNP0408129.0,O=C1C(C2=CC=CC=C2)=COC2=C3CN(CCC4=CC=CC=C4)COC3=CC=C12,0.3728207927268561,1237
485255,CNP0587582.3,CC1=CC=C(NC(=O)[C@@H]2C(=O)N[C@@]34CCCC[C@H]3[C@H]2C2=CC=CC=C2O4)C=C1C,0.37256278833033657,1238
20232,CNP0555528.0,CCCCCCCCCC(=O)NC1=CC=C(C(=O)NC2=CC=C3C=CC=CC3=C2)C=C1,0.3725176556752281,1239
186395,CNP0602003.0,CCCCCCCC(=O)NC1=CC=C(C(=O)NC2=CC=C3C=CC=CC3=C2)C=C1,0.3725176556752281,1240
96557,CNP0274347.1,COC1=CC=C(C2=COC3=C(C)C(OCCN4C[C@H]5C[C@@H](C4)C4=CC=CC(=O)N4C5)=CC=C3C2=O)C=C1,0.37251046757214484,1241
386889,CNP0274347.2,COC1=CC=C(C2=COC3=C(C)C(OCCN4C[C@@H]5C[C@H](C4)C4=CC=CC(=O)N4C5)=CC=C3C2=O)C=C1,0.37251046757214484,1242
260847,CNP0513630.0,CCN(CC)C1=NC(=O)N(C2=C(C3=CC=CC=C3)OC(C3=CC=CC=C3)=N2)C=C1,0.3724808718408845,1243
163962,CNP0602410.1,CS(=O)(=O)N1CCN2CC(=O)NC3=CC(C4=CC=CN=C4)=CC=C3OC[C@@H]2C1,0.37239572333626364,1244
88782,CNP0100190.2,CN(C)C1=CC=C(C2=NN(C)C([C@H]3CN4CC[C@H]3C[C@@H]4CNC(=S)NC3=CC=CC=C3)=C2)C=C1,0.37234151027865614,1245
255721,CNP0158590.0,O=CC1=C2C3=C(C=CN2C2=CC(Br)=CC=C12)C1=CC=CC=C1N3,0.37208738548532444,1246
381650,CNP0375245.2,COC1=CC=C(C2=NN(C)C([C@H]3CN4CC[C@H]3C[C@@H]4COCC3=CC=CC=C3)=C2)C=C1,0.3719395524162295,1247
492326,CNP0388591.2,COC1=CC=C(C2=NN(C)C([C@H]3CN4CC[C@H]3C[C@@H]4CNC(=O)C3=CC4=C(C=C3)OCO4)=C2)C=C1,0.37177823971547463,1248
283525,CNP0388591.1,COC1=CC=C(C2=NN(C)C([C@H]3C[N@]4CC[C@H]3C[C@@H]4CNC(=O)C3=CC4=C(C=C3)OCO4)=C2)C=C1,0.37177823971547463,1249
220267,CNP0554363.0,O=C(C1=CN2C=CC=CC2=N1)N1CCN2C(=O)OC3(CN(C(=O)C4CC4)C3)C2C1,0.3715825708351607,1250
60033,CNP0270527.0,COC1=C(OC)C(C2=CC=C3OCOC3=C2)=C2C=C3C(=O)OCC3=CC2=C1O,0.3714808639861629,1251
176237,CNP0201275.0,COCCN1COC2=C(C=C3C(C4=CC=CC=C4)=CC(=O)OC3=C2C)C1,0.37143798745522605,1252
248394,CNP0004367.1,CC(C)N1CCOC[C@H]1C1=NC(C2=CC=CC=C2)=CN1,0.3714216758106318,1253
69334,CNP0143834.0,CN1C(N)=C(C2=CC=CC=C2)C2=CC(Br)=CC=C21,0.3712578543619727,1254
460683,CNP0564491.0,COC1=CC=CC(CC(=O)NC2=CC=C(OC)C(NC(=O)C3=CC=CC=C3)=C2)=C1,0.3712494589300471,1255
359690,CNP0389884.0,NC1=C(C2=NC(C3=CC=CC=C3)=CS2)C(=O)CN1CCC1=CNC2=CC=CC=C12,0.37122115225649066,1256
245450,CNP0055831.1,CN1N=C(C2=CC=C3C=CC=CC3=C2)C=C1[C@H]1C[N@]2CC[C@H]1C[C@@H]2CNC(=O)NC1=CC=CC=C1,0.3710779597090829,1257
90141,CNP0572046.1,CC1=CC=CC=C1NC(=O)[C@H]1SC2=NN=C(C3=CC=CC=C3)N2NC12CCCCC2,0.3710413784205712,1258
170325,CNP0011021.1,CC(C)NC(=O)NC[C@H]1C[C@@H]2CC[N@@]1C[C@@H]2C1=CC(C2=CC=C3C=CC=CC3=C2)=NN1C,0.37103969279214205,1259
234316,CNP0345787.2,CN1N=C(C2=CC=CC=C2)C=C1[C@H]1CN2CC[C@H]1C[C@@H]2CNCC1=CC=CC=C1,0.3710227967433562,1260
36484,CNP0011027.1,CN(C)C1=CC=C(C(=O)NC[C@H]2C[C@@H]3CC[N@@]2C[C@@H]3C2=CC(C3=CC=C4C=CC=CC4=C3)=NN2C)C=C1,0.3709873576500957,1261
488473,CNP0011027.2,CN(C)C1=CC=C(C(=O)NC[C@H]2C[C@@H]3CCN2C[C@@H]3C2=CC(C3=CC=C4C=CC=CC4=C3)=NN2C)C=C1,0.3709873576500957,1262
366282,CNP0412320.0,COC1=CC(C2CC(=O)OC3=CC(O)=C4C(=O)C(C5=CC=CC=C5)=COC4=C32)=CC2=C1OCCO2,0.3709406108563259,1263
242826,CNP0571418.0,COC1=CC(C2=C(C3=C(O)C(=O)C=C(C)O3)NC(C3=CNC=N3)=N2)=CC=C1O,0.37084460400532976,1264
273322,CNP0004805.1,CS(=O)(=O)C1=CC=C(CN2CCOC[C@H]2C2=NC(C3=CC=CN=C3)=CN2)C=C1,0.3707053186105632,1265
196067,CNP0382307.0,O=C1C=C(C2=CC=CC=C2)C2=CC=C3OCN(CCC4=CC=CC=C4)CC3=C2O1,0.3706512261944466,1266
336818,CNP0032234.0,CC(=O)CCC1=C(C2=CC=C(C)O2)C2=CC(NC(C)=O)=CC=C2O1,0.3706433876109614,1267
44993,CNP0336122.1,CCCS(=O)(=O)NC[C@H]1C[C@@H]2CC[N@@]1C[C@@H]2C1=CC(C2=CC=C3C=CC=CC3=C2)=NN1C,0.3705386505438914,1268
384822,CNP0515149.0,CCCCCCCCCC(=O)NC1=CC=C(C(=O)NC2=CC=CC(OC)=C2)C=C1,0.37048809894294055,1269
324452,CNP0289962.0,COC1=CC=C(C(=O)O)C=C1NC(=O)C1=CC=C(C2=CC3=CC=CC=C3OC2=O)C=C1,0.37031065724245615,1270
216639,CNP0341605.1,CCNC(=O)NC[C@H]1C[C@@H]2CC[N@@]1C[C@@H]2C1=CC(C2=CC=C3C=CC=CC3=C2)=NN1C,0.37024766040315094,1271
437225,CNP0069682.1,COC(=O)C1=CC=CC(NC(=S)NC[C@H]2C[C@@H]3CC[N@@]2C[C@@H]3C2=CC(C3=CC=C(OC)C=C3)=NN2C)=C1,0.3702197621427953,1272
437293,CNP0069682.2,COC(=O)C1=CC=CC(NC(=S)NC[C@H]2C[C@@H]3CCN2C[C@@H]3C2=CC(C3=CC=C(OC)C=C3)=NN2C)=C1,0.3702197621427953,1273
90477,CNP0410259.2,COC1=CC=C(C2=NN(C)C([C@H]3CN4CC[C@H]3C[C@@H]4CNC(=S)NC3=CC=C(C#N)C=C3)=C2)C=C1OC,0.37021782741017195,1274
114081,CNP0108660.0,CN1C(C(=O)NC2=CC=C3C=CNC3=C2)=CC2=CC=CC=C21,0.3700811452778702,1275
104333,CNP0442160.1,COC1=CC=C(C2=NN(C)C([C@H]3C[N@]4CC[C@H]3C[C@@H]4CNC(=O)CC3=CC=CS3)=C2)C=C1OC,0.370056870272557,1276
479986,CNP0004810.1,C1=CN=CC(C2=CNC([C@@H]3COCCN3C3CCOCC3)=N2)=C1,0.37004724537111405,1277
81696,CNP0585571.0,COC1=CC=C(NC(=O)C2=CC=CC(NC(=O)C3=CC=CC=C3)=C2)C=C1,0.3700383495354672,1278
13957,CNP0604448.1,O=C1CN2CCN(C(=O)C3=CC=CC(Cl)=C3)C[C@H]2COC2=CC=C(C3=CC=CN=C3)C=C2N1,0.37001116819109364,1279
348186,CNP0011053.1,COC1=CC=C(C2=NN(C)C([C@H]3C[N@]4CC[C@H]3C[C@@H]4CNC(=S)NC3=CC=C(Cl)C=C3)=C2)C=C1OC,0.3699721822663519,1280
408621,CNP0207106.0,COC1=CC=C(C(=O)C2=C(C)C3=CC=C(NC(=O)C4=CC=CC(OC)=C4)C=C3O2)C=C1,0.36994118571454243,1281
500998,CNP0269371.2,COC1=CC=C2C(=C1OC)C(=O)O[C@@H]2N1C(=O)CC[C@H]1C(=O)NC1=CC=C2OCOC2=C1,0.3699150494725063,1282
46188,CNP0269371.1,COC1=CC=C2C(=C1OC)C(=O)OC2N1C(=O)CC[C@H]1C(=O)NC1=CC=C2OCOC2=C1,0.3699150494725063,1283
447840,CNP0582952.1,O=C1CN2CCN(C(=O)C3=CN=CC=N3)C[C@H]2COC2=CC=C(C3=CC=CC=C3)C=C2N1,0.3698517521629619,1284
120203,CNP0021073.1,COC1=CC=C(C2=NN(C)C([C@H]3C[N@]4CC[C@H]3C[C@@H]4CNC(=S)NC3=CC=CC=C3)=C2)C=C1OC,0.3694834777191881,1285
277744,CNP0138407.1,COC1=CC=C(C2=NN(C)C([C@H]3C[N@]4CC[C@H]3C[C@@H]4CNC(=O)C3=CC=C(C)C=C3)=C2)C=C1OC,0.36931103282018896,1286
295743,CNP0138407.2,COC1=CC=C(C2=NN(C)C([C@H]3CN4CC[C@H]3C[C@@H]4CNC(=O)C3=CC=C(C)C=C3)=C2)C=C1OC,0.36931103282018896,1287
139465,CNP0004400.1,CN1CCOC[C@H]1C1=NC(C2=CC=C(S(C)(=O)=O)C=C2)=CN1,0.36900513569191146,1288
334821,CNP0006857.1,CN1CCOC[C@H]1C1=NC(C2=CC=C(Cl)C=C2)=CN1,0.3689515034555205,1289
220769,CNP0134797.0,COC1=CC=C(C2=C(N)N(C)C3=CC=CC=C3C2=O)C=C1,0.36888770204006455,1290
164258,CNP0235196.0,COC1=CC=CC2=C1N(CCC(=O)N1CCC(C(=O)O)CC1)C=C2,0.3688476234639748,1291
370318,CNP0011021.2,CC(C)NC(=O)NC[C@H]1C[C@@H]2CCN1C[C@@H]2C1=CC(C2=CC=C3C=CC=CC3=C2)=NN1C,0.368830215558171,1292
120705,CNP0144524.0,COC1=CC=C(C(=O)C2=C(C)C3=CC(NC(=O)C(C)C)=CC=C3O2)C=C1OC,0.36882002542398384,1293
490330,CNP0173712.0,COC1=CC(C2CC(=O)OC3=CC(OC)=C4C(=O)C=C(C5=CC=CC=C5)OC4=C32)=CC2=C1OCCO2,0.3687805545990116,1294
420694,CNP0236521.1,COC(OC)C1=CC=C(C2=CC=C(O)C=C2)C2=C1[C@H](C)CC2,0.36874873329027297,1295
31703,CNP0130821.1,CC(=O)N1CCC(N2CCOC[C@H]2C2=NC(C3=CC=CN=C3)=CN2)CC1,0.3687462252263531,1296
410803,CNP0237245.0,COC1=CC=C2C(=C1)C(=O)C(OC)=C(C1=CC=CC=C1)N2C,0.3687396026173064,1297
105277,CNP0474519.1,O=C(COC1=CC=CC=C1)N[C@H]1CO[C@H]2[C@H]1OC[C@H]2N1C=C(C2=CC=CC=C2)N=N1,0.3687027980079091,1298
292640,CNP0191661.1,COC1=CC=C(C2=NN(C)C([C@H]3C[N@]4CC[C@H]3C[C@@H]4CNC(=S)NCC(C)C)=C2)C=C1OC,0.3686069173841816,1299
241991,CNP0023043.0,COC1=CC=CC(C(=O)C2=C(C)C3=CC=C(NC(=O)C4=CC=CC=C4OC)C=C3O2)=C1,0.3685073764337606,1300
171877,CNP0125459.0,COC1=CC=C(C(=O)C2=C(C)C3=CC(NC(=O)C4=CC=C(C(C)(C)C)C=C4)=CC=C3O2)C=C1,0.3684720435183408,1301
172909,CNP0015658.2,COC1=CC=C(CNC[C@H]2C[C@@H]3CCN2C[C@@H]3C2=CC(C3=CC=C4C=CC=CC4=C3)=NN2C)C=C1,0.3683906764279224,1302
13630,CNP0200704.1,CS(=O)(=O)C1=CC=C(C2=CNC([C@@H]3COCCN3CC3=CNC=N3)=N2)C=C1,0.36834237828438604,1303
333335,CNP0202302.0,COC1=CC=C2C3=C(C4=CC=CC=C4C3=O)N(CCC3=NC(C4=CC=CN=C4)=NO3)C(=O)C2=C1OC,0.3682071812747976,1304
139179,CNP0049586.1,COC1=CC=C(C2=NN(C)C([C@H]3C[N@]4CC[C@H]3C[C@@H]4CNC(=O)C3=CC4=C(C=C3)OCO4)=C2)C=C1OC,0.3681899575866746,1305
425414,CNP0049586.2,COC1=CC=C(C2=NN(C)C([C@H]3CN4CC[C@H]3C[C@@H]4CNC(=O)C3=CC4=C(C=C3)OCO4)=C2)C=C1OC,0.3681899575866746,1306
177349,CNP0324078.2,COC1=CC=C(C2=NN(C)C([C@H]3CN4CC[C@H]3C[C@@H]4CNC(=O)C3=CC=CS3)=C2)C=C1,0.36808798231023404,1307
462787,CNP0525160.1,COC1=CC=C(/C=C/C(=O)NC2=CC=C3C=CC=CC3=C2)C=C1,0.368084267302447,1308
83321,CNP0412955.0,CC1=CC=C(C2=NC(=S)C3=CC=CC=C3N2C)C=C1,0.3680805184132487,1309
73511,CNP0496338.1,COC1=C(Cl)C2=C(C(=O)[C@@]3(O2)C(=O)C2=C(C[C@H]3C)OC(C3=CC=CC=C3)=C2CC(=O)N[C@@H](C)C(=O)N2C[C@H]3C[C@@H](C2)C2=CC=CC(=O)N2C3)C(OC)=C1,0.3680700122068953,1310
92526,CNP0141021.1,COC1=CC=C(C2=NN(C)C([C@H]3C[N@]4CC[C@H]3C[C@@H]4CNC(C)=O)=C2)C=C1OC,0.3680679070013534,1311
247840,CNP0170186.0,NC(=O)C1CCN(CCOC2=CC=C3C(=O)C(C4=CC=CC=C4)=COC3=C2)CC1,0.3680110021238967,1312
54047,CNP0397295.0,CC(=O)C1=CN(CCC(=O)NC2=CC=C3C=CNC3=C2)C2=CC=CC=C12,0.3679457051063109,1313
234803,CNP0010977.2,CC(=O)NC[C@H]1C[C@@H]2CCN1C[C@@H]2C1=CC(C2=CC=C(N(C)C)C=C2)=NN1C,0.3678791301935502,1314
446989,CNP0532315.0,CC(C)CC(NC(=O)C1=CC=CC=C1)C(=O)NC1=CC=C2C=CC=CC2=C1,0.36785905782766565,1315
96164,CNP0005028.1,C1=CN=CC(C2=CNC([C@@H]3COCCN3C3CCCCC3)=N2)=C1,0.3678486373802716,1316
316699,CNP0179396.1,C1=CN=CC(C2=CNC([C@@H]3COCCN3C3CCC3)=N2)=C1,0.3678486373802716,1317
423302,CNP0515092.3,CC(=O)O[C@H]1C=C[C@@](C)(O)C(=O)[C@@H](C)C[C@@H]2O[C@@H]2[C@@H]2[C@@H]3O[C@]3(C)[C@@H](C)[C@H]3[C@H](CC4=CC=CC=C4)NC(=O)[C@]321,0.36776124451525777,1318
382244,CNP0015628.1,CN1N=C(C2=CC=CC=C2)C=C1[C@H]1C[N@]2CC[C@H]1C[C@@H]2CN,0.36764277409323987,1319
168236,CNP0370211.0,C=C(C)COC1=CC=C2C(C)=C(CC(=O)NC3=CC=C4NC=CC4=C3)C(=O)OC2=C1,0.3676307588440851,1320
360376,CNP0010975.2,CC(C)CNC(=S)NC[C@H]1C[C@@H]2CCN1C[C@@H]2C1=CC(C2=CC=C(N(C)C)C=C2)=NN1C,0.3676259801285014,1321
326764,CNP0398431.1,CN1C=CC2=CC=C(C(=O)N3CCN(C/C=C/C4=CC=CC=C4)CC3)C=C21,0.36762075268389005,1322
176271,CNP0577110.0,CCCN1C=C2C(=C1C1=CC=CC=C1)C(=O)N(C)C(=O)N2C,0.367595563221102,1323
122661,CNP0599852.0,CN1C(C2=CC=CC=C2)=NC2=C(C1=O)C1(CCCCC1)CC1=CC=CC=C12,0.367572494523338,1324
377908,CNP0046490.2,CN1N=C(C2=CC=C3C=CC=CC3=C2)C=C1[C@H]1CN2CC[C@H]1C[C@@H]2CNC(=O)NCC1=CC=CC=C1,0.3674572361517102,1325
257664,CNP0046490.1,CN1N=C(C2=CC=C3C=CC=CC3=C2)C=C1[C@H]1C[N@]2CC[C@H]1C[C@@H]2CNC(=O)NCC1=CC=CC=C1,0.3674572361517102,1326
239131,CNP0333849.1,CC(C)[C@@H](C(=O)NC1=CC=C2NC=CC2=C1)N1CC2=CC=CC=C2C1=O,0.36742627557080715,1327
403,CNP0481756.1,CN(C)[C@@H]1C[C@@H](C2=NC(C3=CC=CN=C3)=NN2C)CC[C@H]1O,0.3674193797475583,1328
419099,CNP0191229.1,COC1=CC=C(C(=O)C2=C(C)C3=CC=C(NC(=O)/C=C/C4=CC=CC=C4)C=C3O2)C=C1OC,0.3673689546992764,1329
413178,CNP0561741.0,CCN(CC1=CC=CC=C1)C(=O)CN1C(=O)N(C)C2=CN=C(C3=CC=CC=C3)N=C21,0.3673361017973288,1330
296358,CNP0426246.0,CC1(C)C=CC2=C(C=C(O)C3=C2OC(C2=CC=CC=C2)=CC3=O)O1,0.3672007433393418,1331
327623,CNP0162425.0,COC1=CC(OC)=CC(C(=O)NC2=CC=C3OC(C(=O)C4=CC=C(OC)C(OC)=C4)=C(C)C3=C2)=C1,0.36715029468429594,1332
208518,CNP0211718.0,COCCN1C=NC2=CC=C(NC(=O)CC3=CN(C)C4=CC=CC=C34)C=C2C1=O,0.36705954951928627,1333
267317,CNP0491444.1,COC1=CC=CC(C2=CC=CC(CC[C@]3(C)CC(=O)N(C)C(N)=N3)=C2)=C1,0.3670510777876445,1334
372359,CNP0409051.0,COC1=CC=C(C2=COC3=CC(OCCN4CCN(C5=CC=CC=C5)CC4)=CC=C3C2=O)C=C1,0.36695578886018154,1335
361827,CNP0365190.1,CN(C)C1=CC=C(CN2CCOC[C@H]2C2=NC(C3=CC=CN=C3)=CN2)C=C1,0.36691701927325865,1336
164304,CNP0233157.0,CC1CC2=CC(C3=C(CC(=O)O)C4=C5OC(C6=CC=CC=C6)=CC(=O)C5=C(O)C=C4O3)=CC=C2O1,0.36690240561307436,1337
172329,CNP0052593.0,CC1=CC=C(C(=O)C2=C(C)C3=CC=C(NC(=O)C4=CC=NC=C4)C=C3O2)C=C1,0.36674392929223465,1338
468449,CNP0502662.0,O=C1NCCC2=C1C=C(C1=CC=NC(C3=CN=C4C=CC=CC4=C3)=C1)N2,0.366691848831465,1339
361357,CNP0409753.0,COC1=CC=C(C2=COC3=CC(OCCN4CCN(C5=CC=CC=C5)CC4)=CC=C3C2=O)C=C1OC,0.36668627142074584,1340
175255,CNP0100190.1,CN(C)C1=CC=C(C2=NN(C)C([C@H]3C[N@]4CC[C@H]3C[C@@H]4CNC(=S)NC3=CC=CC=C3)=C2)C=C1,0.3666805735759042,1341
155681,CNP0373244.0,O=C(CCCC1=CNC2=CC=CC=C12)NC1=CC=C2OC(=O)C=CC2=C1,0.3666035570510626,1342
207941,CNP0383867.0,O=C1C=C(C2=CC=CC=C2)C2=CC=C3OCN(CCC4=CC=C(Cl)C=C4Cl)CC3=C2O1,0.3665197924093382,1343
191807,CNP0034539.0,COC1=CC=C(C(=O)C2=C(C)C3=CC(NC(=O)C4=CC=C(OC)C(OC)=C4)=CC=C3O2)C=C1,0.36651144481064596,1344
453208,CNP0532556.0,CN1C(=O)C2=C(C3=CC=CC=C3)N(CC3=CC=CC=C3)C=C2N(C)C1=O,0.3664059282738056,1345
245266,CNP0131533.0,CC1=CC=CC=C1C(=O)NC1=CC=C2OC(C(=O)C3=CC=C(Cl)C=C3)=C(C)C2=C1,0.36637287981374145,1346
258405,CNP0570924.2,CC1=CC=C(NC(=O)[C@H]2SC3=NN=C(C4=CC=CC=C4)N3NC23CCCCC3)C=C1Cl,0.3663161383141283,1347
179024,CNP0375245.1,COC1=CC=C(C2=NN(C)C([C@H]3C[N@]4CC[C@H]3C[C@@H]4COCC3=CC=CC=C3)=C2)C=C1,0.36627861571347764,1348
16930,CNP0167174.0,CC1=CC(=O)OC2=CC(OCC(=O)NC3=CC=C4N=CN(C(C)C)C(=O)C4=C3)=CC=C12,0.366088881279151,1349
462116,CNP0407478.0,CN1C(=O)N(C)C2=CC(C3CC(=O)OC4=CC(O)=C5C(=O)C(C6=CC=C(Cl)C=C6)=COC5=C43)=CC=C21,0.36603491943620065,1350
326426,CNP0450474.0,O=C1OC2=C(CN3CCN(CCO)CC3)C(O)=CC=C2C=C1C1=CC=CC=C1,0.36596941361961527,1351
348976,CNP0405082.0,CN1C(C(=O)NC2=CC=C3NC=CC3=C2)=CC2=CC=CC=C21,0.36586082381621443,1352
212561,CNP0409737.1,CC1=CC=C(C2=CNC([C@@H]3COCCN3CC3=CC=CC=C3O)=N2)C=C1,0.3658194706546975,1353
411258,CNP0054470.0,COC1=CC=CC(C(=O)NC2=CC=C3OC(C(=O)C4=CC(OC)=CC=C4OC)=C(C)C3=C2)=C1,0.3655959381695704,1354
260147,CNP0097185.2,COC1=CC=C(NC(=O)NC[C@H]2C[C@@H]3CCN2C[C@@H]3C2=CC(C3=CC=C4C=CC=CC4=C3)=NN2C)C=C1,0.36556442482302126,1355
241439,CNP0345787.1,CN1N=C(C2=CC=CC=C2)C=C1[C@H]1C[N@]2CC[C@H]1C[C@@H]2CNCC1=CC=CC=C1,0.3653618600406043,1356
152728,CNP0324078.1,COC1=CC=C(C2=NN(C)C([C@H]3C[N@]4CC[C@H]3C[C@@H]4CNC(=O)C3=CC=CS3)=C2)C=C1,0.365245959761006,1357
485978,CNP0397411.0,CC(=O)C1=CN(CCC(=O)NC2=CC=C3NC=CC3=C2)C2=CC=CC=C12,0.3652380603979617,1358
88474,CNP0531007.1,CC1=CC=C(NC(=O)[C@@H]2[C@@H]3C=C[C@]4(O3)[C@@H]2C(=O)N(CCN(C)CC2=CC=CC=C2)[C@H]4C(=O)N[C@@H]2CCC[C@@H](C)[C@@H]2C)C=C1C,0.365230666566021,1359
29473,CNP0531007.4,CC1=CC=C(NC(=O)[C@@H]2[C@@H]3C=C[C@]4(O3)[C@@H]2C(=O)N(CCN(C)CC2=CC=CC=C2)[C@H]4C(=O)N[C@@H]2CCC[C@H](C)[C@@H]2C)C=C1C,0.365230666566021,1360
254014,CNP0531007.3,CC1=CC=C(NC(=O)[C@@H]2[C@@H]3C=C[C@]4(O3)[C@@H]2C(=O)N(CCN(C)CC2=CC=CC=C2)[C@H]4C(=O)N[C@@H]2CCC[C@H](C)[C@H]2C)C=C1C,0.365230666566021,1361
285530,CNP0531007.2,CC1=CC=C(NC(=O)[C@@H]2[C@@H]3C=C[C@]4(O3)[C@@H]2C(=O)N(CCN(C)CC2=CC=CC=C2)[C@H]4C(=O)N[C@@H]2CCC[C@@H](C)[C@H]2C)C=C1C,0.365230666566021,1362
69144,CNP0554905.2,CC1=CC=CC(NC(=O)[C@H]2SC3=NN=C(C4=CC=CC=C4)N3NC23CCCCC3)=C1C,0.36521898485862203,1363
289908,CNP0605359.0,CCOC(=O)C1=CC=C(N2C=C3C(=C2C2=CC=CC=C2)C(=O)N(C)C(=O)N3C)C=C1,0.3651972952544329,1364
122259,CNP0023017.2,COCC(=O)NC[C@H]1C[C@@H]2CCN1C[C@@H]2C1=CC(C2=CC=C3C=CC=CC3=C2)=NN1C,0.3651855332911641,1365
117289,CNP0375844.0,CC1=CC=C(C(=O)C2=C(C)C3=CC=C(NC(=O)C(C)(C)C)C=C3O2)C=C1,0.36512177495602427,1366
130768,CNP0209404.1,COC1=C2C(=CC=C1)[C@@]13CCN(C)C[C@@]45O[C@@H]4CO[C@H]4CC(=O)N2[C@H]1[C@H]4[C@@]5(O)CC3=O,0.3650584018965723,1367
241944,CNP0408636.0,O=C1C(C2=CC=CC=C2)=COC2=CC(OCC3=NC4=CC=CC=C4S3)=CC=C12,0.36490893365046984,1368
196442,CNP0534122.1,COC1=CC=C(C(=O)NC2=CC=C3OC[C@H](C(=O)NCCCC4=CC=CC=C4)CC3=C2)C=C1,0.36485219846744354,1369
263414,CNP0534122.2,COC1=CC=C(C(=O)NC2=CC=C3OC[C@@H](C(=O)NCCCC4=CC=CC=C4)CC3=C2)C=C1,0.36485219846744354,1370
301962,CNP0501333.1,O=C1CN2CCNC[C@H]2COC2=CC=C(C3=CC=CN=C3)C=C2N1,0.3648449797448022,1371
249008,CNP0144152.1,C=C(C)[C@]1(O)CC[C@]2(C)[C@H](CC=C(C)[C@]23OC2=C(C(=O)OC(C4=CC=CN=C4)=C2)[C@@H]3O)[C@@]12CCC(=O)OC2,0.36483517267370386,1372
47820,CNP0166163.2,COC1=CC(=O)C([C@H](C)[C@H](O)C2=CC=C(OC)C(O)=C2)=CC1=O,0.36480707453391387,1373
247909,CNP0005027.1,COC1=CC=C(CN2CCOC[C@H]2C2=NC(C3=CC=CN=C3)=CN2)C=C1,0.3647420396270376,1374
431767,CNP0603942.2,O=C(NC1=CC=CC=C1Cl)[C@H]1SC2=NN=C(C3=CC=CC=C3)N2NC12CCCCC2,0.36471628223790686,1375
22919,CNP0510238.1,O=C(NC1=CC=CC=C1Cl)[C@H]1SC2=NN=C(C3=CC=CC=C3)N2NC12CCCC2,0.36471628223790686,1376
367250,CNP0410259.1,COC1=CC=C(C2=NN(C)C([C@H]3C[N@]4CC[C@H]3C[C@@H]4CNC(=S)NC3=CC=C(C#N)C=C3)=C2)C=C1OC,0.36455689070742003,1377
361450,CNP0570500.1,CC1=C(Cl)C=CC=C1NC(=O)[C@H]1SC2=NN=C(C3=CC=CC=C3)N2NC12CCCCC2,0.3645107624348145,1378
18337,CNP0053348.0,COC1=CC=C(C(=O)C2=C(C)C3=CC=C(NC(=O)C(C)(C)C)C=C3O2)C=C1OC,0.36438293897992513,1379
122716,CNP0376655.2,CC1=CC(NC(=O)[C@@H]2CCC(=O)N2[C@H]2OC(=O)C3=CC=CC=C32)=CC=C1Br,0.3643410856946771,1380
117793,CNP0355678.1,CC(=O)C1=C(O)C(C)=C(O)C2=C1OC1=CC(=O)/C(=C(/C)NCC3=CC=C(C4=NC(C)=CS4)C=C3)C(=O)[C@@]12C,0.3643213848387207,1381
344229,CNP0147151.0,CC(=O)NC1=CC=C2C(=C1)OC(=O)C1=CC=CC=C12,0.3642961885812429,1382
436906,CNP0203913.1,COC(=O)C1=CC=CC(NC(=S)NC[C@H]2C[C@@H]3CCN2C[C@@H]3C2=CC(C3=CC=C(OC)C(OC)=C3)=NN2C)=C1,0.36429113114513884,1383
253918,CNP0606019.0,CC1=CC=C(N2C=C3C(=C2C2=CC=CC=C2)C(=O)N(C)C(=O)N3C)C=C1,0.36414577895507017,1384
360761,CNP0011393.1,CN1N=C(C2=CC=C3C=CC=CC3=C2)C=C1[C@H]1C[N@]2CC[C@H]1C[C@@H]2CNC(=O)NC1=CC=CC(C#N)=C1,0.36411609810834344,1385
129893,CNP0011393.2,CN1N=C(C2=CC=C3C=CC=CC3=C2)C=C1[C@H]1CN2CC[C@H]1C[C@@H]2CNC(=O)NC1=CC=CC(C#N)=C1,0.36411609810834344,1386
220913,CNP0011017.2,COC1=CC=C(C(=O)NC[C@H]2C[C@@H]3CCN2C[C@@H]3C2=CC(C3=CC=C(OC)C(OC)=C3)=NN2C)C=C1,0.3640721903327122,1387
85037,CNP0011017.1,COC1=CC=C(C(=O)NC[C@H]2C[C@@H]3CC[N@@]2C[C@@H]3C2=CC(C3=CC=C(OC)C(OC)=C3)=NN2C)C=C1,0.3640721903327122,1388
92722,CNP0231584.0,O=C1C2=CC=CC=C2C2=C3C(=C(C4=CC=C5OCOC5=C4)C=N2)C2=CC=CC=C2N13,0.3640693215903964,1389
313287,CNP0578802.1,CN1N=CN=C1C1=CC=C2OC[C@H]3CN(C(=O)C4=CN=CC=N4)CCN3CC(=O)NC2=C1,0.36392593873000423,1390
302394,CNP0516619.1,CC1=CC=C(Cl)C=C1NC(=O)[C@H]1SC2=NN=C(C3=CC=CC=C3)N2NC12CCCCC2,0.36390967617636555,1391
77414,CNP0374657.0,CCN1C2=CC=CC=C2C2=CC(NC(=O)CCC3=C(C)C4=CC5=C(C=C4OC3=O)OC=C5C)=CC=C21,0.36383512936583196,1392
275037,CNP0572637.1,O=C(/C=C\C1=CC=C2OCOC2=C1)NC1(C(=O)NC2=CC=C3OCOC3=C2)CCCCC1,0.36381125214952914,1393
104217,CNP0476372.0,O=C1OC2=C(CN3CCN(CCO)CC3)C(O)=CC=C2C=C1C1=NC(C2=CC=C(Br)C=C2)=CS1,0.3637799318861582,1394
178368,CNP0118745.0,CC1=CC=C(C(=O)C2=C(C)C3=CC=C(NC(=O)C4=CC=CC=C4)C=C3O2)C=C1,0.36373953010048227,1395
29590,CNP0046837.0,CC1=CC=C(C(=O)NC2=CC=C3C(C)=C(C(=O)C4=CC=CC=C4)OC3=C2)C=C1,0.36373953010048227,1396
220283,CNP0391208.0,CC1=CC(NC(=O)COC2=CC=C3C(C)=CC(=O)OC3=C2)=CC=C1Br,0.36371290265532336,1397
346511,CNP0011028.2,CN1N=C(C2=CC=C3C=CC=CC3=C2)C=C1[C@H]1CN2CC[C@H]1C[C@@H]2CNC(=O)N1CCOCC1,0.36357970286793373,1398
470676,CNP0027824.1,COC1=CC=C(OC)C(C(=O)C2=C(C)C3=CC(NC(=O)/C=C/C4=CC=CC=C4)=CC=C3O2)=C1,0.3634712360299938,1399
480684,CNP0541387.0,CC1=CC=C2C(=C1)C1CN(C)CCC1N2C(=O)CN1N=NC(C2=CC=CC=C2C)=N1,0.3634180431712101,1400
116325,CNP0571305.2,CC1=CC=C(NC(=O)[C@@H](CC2=CNC3=CC=CC=C23)NC(=O)OC(C)(C)C)C=C1C,0.3633771820036986,1401
133170,CNP0260301.0,CC1=NC2=C(N=C(SCC3=C(C)OC(C4=CC=CC=C4)=N3)N2C)C(=O)N1,0.3633661808780216,1402
255644,CNP0504173.2,C[C@]12C=C[C@]3(O1)[C@@H](C(=O)N(CC1=CC=CO1)[C@@H]3C(=O)NC1CCCCC1)[C@@H]2C(=O)NC1=CC=C(Cl)C(Cl)=C1,0.3633483177379504,1403
219834,CNP0504173.1,C[C@]12C=C[C@@]3(O1)[C@H](C(=O)NC1CCCCC1)N(CC1=CC=CO1)C(=O)[C@H]3[C@@H]2C(=O)NC1=CC=C(Cl)C(Cl)=C1,0.3633483177379504,1404
501953,CNP0012639.0,CCCCC(=O)NC1=CC=C(C2=CC3=CC=CC=C3OC2=O)C(C)=C1,0.3631199585698836,1405
121224,CNP0410551.1,COCCN(C[C@@H]1CCCN2CCCC[C@H]12)C(=O)C1=C(C)N=C(N2C=CC=C2)S1,0.36307529021059365,1406
475481,CNP0134893.0,COC1=CC=C(CCN2COC3=C(C=C4C(C5=CC=CC=C5)=CC(=O)OC4=C3C)C2)C=C1OC,0.36298643626718957,1407
491362,CNP0153270.2,COC1=CC=C2C(=C1OC)C(=O)O[C@@H]2N1C(=O)CC[C@H]1C(=O)NC1=CC=C2OCCOC2=C1,0.36295475239269664,1408
404153,CNP0153270.1,COC1=CC=C2C(=C1OC)C(=O)OC2N1C(=O)CC[C@H]1C(=O)NC1=CC=C2OCCOC2=C1,0.36295475239269664,1409
34302,CNP0410598.1,COCCN(C[C@@H]1CCCN2CCCC[C@H]12)C(=O)CC1=CSC(N2C=CC=C2)=N1,0.3628242040957483,1410
144397,CNP0498677.1,C[C@@H](OC1=NN=C(C2=CC=NC=C2)N1C)C1=NOC(C2=CC=CC(Cl)=C2)=C1,0.36280163886977396,1411
45522,CNP0074027.2,COC1=CC=C(C2=NN(C)C([C@H]3CN4CC[C@H]3C[C@@H]4CNC(=O)C3=CC=CS3)=C2)C=C1OC,0.3627881058922921,1412
457936,CNP0058633.0,COC1=CC(OC)=CC(C(=O)NC2=CC=C3OC(C(=O)C4=CC=C(C)C=C4)=C(C)C3=C2)=C1,0.36276896911018575,1413
126739,CNP0051091.0,COC1=CC=C(C(=O)C2=C(C)C3=CC=C(NC(=O)C4=CC=CC=C4)C=C3O2)C=C1OC,0.36276494431059325,1414
74552,CNP0015658.1,COC1=CC=C(CNC[C@H]2C[C@@H]3CC[N@@]2C[C@@H]3C2=CC(C3=CC=C4C=CC=CC4=C3)=NN2C)C=C1,0.3627297397251704,1415
41402,CNP0408660.0,O=C1C=C(C2=CC=CC=C2)C2=CC=C3OCN(CCCO)CC3=C2O1,0.36268413739350946,1416
207511,CNP0220997.0,CC1=C(C(=O)C2=CC=CC=C2)OC2=CC=C(NC(=O)CCN3N=NC4=CC=CC=C4C3=O)C=C12,0.3625078533942991,1417
375736,CNP0397655.1,COC1=CC=C(NC(=O)[C@@]23CCC(=O)N2C2=CC=CC=C2C(=O)N3C)C=C1OC,0.36234507360211055,1418
367499,CNP0010977.1,CC(=O)NC[C@H]1C[C@@H]2CC[N@@]1C[C@@H]2C1=CC(C2=CC=C(N(C)C)C=C2)=NN1C,0.3622181934907982,1419
13415,CNP0605152.0,COC1=CC=C(C2=NN(CCCC(=O)O)C(=N)C=C2)C=C1,0.36221714880082834,1420
196152,CNP0026239.0,COC1=CC=CC=C1C(=O)NC1=CC=C2C(C)=C(C(=O)C3=CC=CC=C3)OC2=C1,0.3621520028058417,1421
321035,CNP0214698.0,COC1=CC2=C(C=C1OC)N(C)C1=C3N=C4C=CC=CC4=C3C=CN1C2=O,0.3619566388180797,1422
59252,CNP0011006.2,CCNC(=O)NC[C@H]1C[C@@H]2CCN1C[C@@H]2C1=CC(C2=CC=CC=C2)=NN1C,0.36190197133115265,1423
335942,CNP0138303.0,COC1=CC=C(C2=C(C3=C(O)C(=O)C=C(C)O3)NC(C3=CC4=CC=CC=C4N3C)=N2)C=C1,0.36183584597920787,1424
41733,CNP0038209.0,O=C1OC2=CC(OCCN3CCOCC3)=CC=C2C=C1C1=CC=CC=C1,0.3617094907243843,1425
310832,CNP0010975.1,CC(C)CNC(=S)NC[C@H]1C[C@@H]2CC[N@@]1C[C@@H]2C1=CC(C2=CC=C(N(C)C)C=C2)=NN1C,0.36167615862267133,1426
85162,CNP0060266.0,CC1=C(C(=O)C2=CC=CC=C2)OC2=CC(NC(=O)C(C)C)=CC=C12,0.3614536278166088,1427
30641,CNP0520263.0,COC1=CC(CNC(C)=O)=CC2=CC(C3=CC=C(O)C=C3)=C3C(=O)C4=C(O)C=CC=C4C(=O)C3=C12,0.36141112629240874,1428
124891,CNP0552471.0,CCN1C=C2C(=C1C1=CC=CC=C1)C(=O)N(C)C(=O)N2C,0.361406100454737,1429
156838,CNP0010967.2,COC1=CC=C(C2=NN(C)C([C@H]3CN4CC[C@H]3C[C@@H]4CNC(=S)NC3=CC=CC(C#N)=C3)=C2)C=C1,0.36119439103386697,1430
46057,CNP0010967.1,COC1=CC=C(C2=NN(C)C([C@H]3C[N@]4CC[C@H]3C[C@@H]4CNC(=S)NC3=CC=CC(C#N)=C3)=C2)C=C1,0.36119439103386697,1431
482273,CNP0522107.0,C1=CC=C2N=CC(C3=CC=C4C=CC=CC4=N3)=CC2=C1,0.3611936919497449,1432
491082,CNP0302148.0,O=C1OC2=C3CN(CCC4=CC=C(Cl)C=C4Cl)COC3=CC=C2C2=CC=CC=C12,0.3611373190602813,1433
206428,CNP0040162.0,CC1=NC2=C(C(C3=CC=CC=C3)=CS2)C(=O)N1NC(=O)C1=CC=CC=C1Cl,0.3610444527287385,1434
401489,CNP0407919.0,O=C1C(C2=CC=CC=C2)=COC2=CC(OCCN3CCN(CCO)CC3)=CC=C12,0.36085732112318447,1435
439499,CNP0026766.0,CCOC(=O)C1=C(NC(=O)C2=CC=C(Cl)C=C2Cl)SC=C1C1=CC=CC=C1,0.36059707404893987,1436
135349,CNP0411558.0,COC1=CC(C2CC(=O)OC3=CC(O)=C4C(=O)C(C5=CC=CC=C5)=COC4=C32)=CC(OC)=C1O,0.3605724061288494,1437
220509,CNP0355575.0,CC1=NC2=C(C(C3=CC=CC=C3)=CS2)C(=O)N1NC(=O)C1=CC=C(Cl)C=C1,0.36049134889593615,1438
37416,CNP0261562.1,CC1=CC=CC(C2=NOC([C@@H]3CC4=C(CN3CCCC3=CC=CC=C3)N=CN4)=N2)=C1,0.3604098826104481,1439
402034,CNP0492051.1,CC(=O)O[C@H]1[C@@H]2OC(=O)[C@@H](OC(C)=O)[C@H]2O[C@H]1N1C=CC(O)=NC1=O,0.3603105340605663,1440
193343,CNP0492051.2,CC(=O)O[C@@H]1[C@@H]2OC(=O)[C@@H](OC(C)=O)[C@H]2O[C@H]1N1C=CC(O)=NC1=O,0.3603105340605663,1441
153344,CNP0127714.1,CC(C)C(C)C=CC(C)C1CCC2(O)C3=C(CCC12C)[C@]1(C)CCC(O)C[C@]12O[C@@H]2C3=O,0.3602975235458468,1442
139433,CNP0028241.0,CN1C(C2=CC=C(Cl)C=C2)=NC(=S)C2=CC=CC=C21,0.36029216216972415,1443
37417,CNP0066754.0,CC1=C(C(=O)C2=CC=CC=C2)OC2=CC(NC(=O)C3=CN=CC=N3)=CC=C12,0.36027497141567527,1444
187961,CNP0563977.0,CC(C)(C)NS(=O)(=O)C1=CC=C(C2=CC=C3NN=C(N)C3=C2)C=C1,0.36020283897088845,1445
176838,CNP0182036.1,O=C(O)C1=CC=C(NC(=O)[C@H]2CC3=CC=CC=C3C(=O)O2)C=C1O,0.36011624275986526,1446
172054,CNP0509835.1,COC1=CC=CC(C2=CC=C3OC[C@H]4CN(C(=O)C5=CN=CC=N5)CCN4CC(=O)NC3=C2)=C1,0.36009867816348246,1447
180163,CNP0585418.0,COC1=CC=C2C(=C1)C=C1CN3C2=C(C2CCCCC2)C2=CC=C(C=C23)C(=O)NS(=O)(=O)N(C)CCOCCN(C)C1=O,0.360049991432356,1448
322496,CNP0074027.1,COC1=CC=C(C2=NN(C)C([C@H]3C[N@]4CC[C@H]3C[C@@H]4CNC(=O)C3=CC=CS3)=C2)C=C1OC,0.35994608334306405,1449
25438,CNP0373250.1,COC1=C2OCOC2=CC2=C1[C@H](C#CCOC1=CC=C(C3=CC=CC=C3)C=C1)N(C)CC2,0.3599362229576162,1450
223043,CNP0373250.2,COC1=C2OCOC2=CC2=C1[C@@H](C#CCOC1=CC=C(C3=CC=CC=C3)C=C1)N(C)CC2,0.3599362229576162,1451
263558,CNP0097185.1,COC1=CC=C(NC(=O)NC[C@H]2C[C@@H]3CC[N@@]2C[C@@H]3C2=CC(C3=CC=C4C=CC=CC4=C3)=NN2C)C=C1,0.3599034881202693,1452
168972,CNP0189690.0,COC1=CC=C(C(=O)C2=C(C)C3=CC(NC(C)=O)=CC=C3O2)C=C1,0.3598893693166448,1453
159165,CNP0148026.0,COC1=CC(C2CC(=O)OC3=CC=C4C(=O)C(C5=CC=CC=C5)=COC4=C32)=CC(OC)=C1O,0.35962999479340574,1454
9180,CNP0203758.2,COC1=CC=C(N2C[C@@H](C(=O)NC3=CC=C4OC(=O)C=CC4=C3)CC2=O)C=C1,0.35961431569414776,1455
35157,CNP0203758.1,COC1=CC=C(N2C[C@H](C(=O)NC3=CC=C4OC(=O)C=CC4=C3)CC2=O)C=C1,0.35961431569414776,1456
335862,CNP0023017.1,COCC(=O)NC[C@H]1C[C@@H]2CC[N@@]1C[C@@H]2C1=CC(C2=CC=C3C=CC=CC3=C2)=NN1C,0.3595245965884121,1457
348101,CNP0028965.0,COC(=O)C1=CC=C(C(=O)OC)C(NC(=O)C2=C(C3=CC=C(OC)C=C3)OC3=CC=C(OC)C=C23)=C1,0.3595029235916034,1458
380019,CNP0026206.0,COC1=CC=C(C(=O)NC2=CC=C3C(C)=C(C(=O)C4=CC=CC(OC)=C4)OC3=C2)C=C1,0.35942987609190646,1459
321848,CNP0392996.0,C=C(C)COC1=CC=C2C(C)=C(CC(=O)NC3=CC=C4OC(=O)C=CC4=C3)C(=O)OC2=C1,0.35931801794198875,1460
9440,CNP0052819.0,COC1=CC=C(C(=O)C2=C(C)C3=CC=C(NC(=O)C4CCCCC4)C=C3O2)C=C1,0.35930127904501397,1461
242354,CNP0564445.0,CC1=CC=CN2C=C(C3=CC=C(I)C([N+](=O)[O-])=C3)N=C12,0.3590892195542837,1462
168699,CNP0406090.2,CCCS(=O)(=O)NC[C@H]1C[C@@H]2CCN1C[C@@H]2C1=CC(C2=CC=CC=C2)=NN1C,0.35906419718465465,1463
82178,CNP0523876.1,COC1=CC=CC(C2=CC=CC([C@]3(C)CC(=O)N(C)C(N)=N3)=C2)=C1,0.359055998938073,1464
420702,CNP0068710.1,ClC1=CC=C(C2=CNC([C@@H]3COCCN3CC3=CC=CC=C3)=N2)C=C1,0.3590268093402394,1465
52360,CNP0599551.1,COC1=CC=C(CN2C[C@H]3CN(CC4=CC=C(C5=CC=CC=N5)C=C4)CCN3C2=O)C=C1,0.35875382192386185,1466
356597,CNP0409286.0,COC1=CC=C(N2CCN(CCOC3=CC=C4C(=O)C(C5=CC=CC=C5)=COC4=C3)CC2)C=C1,0.3587128695859556,1467
208423,CNP0004804.1,CC1=CC=C(CN2CCOC[C@H]2C2=NC(C3=CC=CN=C3)=CN2)C=C1,0.358688598476218,1468
487792,CNP0363093.1,CC(=O)NC1=CC=C(C2=CC=C3[C@@H]4C[C@@H](CN(CC5=CN=C6C=CC=CC6=C5)C4)CN3C2=O)C=C1,0.3586870455063017,1469
202889,CNP0485169.0,CN1C=CN=C1SC1=NC2=C(C(=O)N(C)C(=O)N2C)N1CC1=C(Cl)C=CC=C1Cl,0.3586716880844213,1470
417746,CNP0010974.1,COC(=O)C1=CC=CC(NC(=S)NC[C@H]2C[C@@H]3CCN2C[C@@H]3C2=CC(C3=CC=C(N(C)C)C=C3)=NN2C)=C1,0.3584883571134025,1471
431566,CNP0027626.0,COC1=NOC(CCC(=O)NC2=CC=C3C(C)=C(C(=O)C4=CC=CC=C4)OC3=C2)=C1,0.3584257472210345,1472
262019,CNP0061684.0,COC1=CC=CC=C1C(=O)NC1=CC=C2C(C)=C(C(=O)C3=CC=C(C)C=C3)OC2=C1,0.3584043329000026,1473
69916,CNP0043956.0,CC1=C(C(=O)C2=CC=CC=C2)OC2=CC(NC(=O)C3=CC=C(Br)C=C3)=CC=C12,0.3583978839514642,1474
352358,CNP0027145.0,CC1=CC2=CC(C3=CC=CC=C3)=CN2C=C1,0.3583348906499527,1475
188094,CNP0353813.0,COC1=CC=C2C(C)=C(CCC(=O)NC3=CC=C4NC=CC4=C3)C(=O)OC2=C1,0.3583310604704901,1476
36819,CNP0470857.0,O=C1OC2=C3CN(CCCN4CCOCC4)COC3=CC=C2C=C1C1=CC=CC=C1,0.3583122470145137,1477
81390,CNP0606534.1,O=C1CN2CCN(S(=O)(=O)C3=CC=CC=C3)C[C@H]2COC2=CC=C(C3=CC=CN=C3)C=C2N1,0.35826324101311824,1478
252691,CNP0380556.1,CCOC1=CC=C(C2=C/C(=N\C3=CC=C(NC4=CC=CC=C4)C=C3)C3=C(C)OC(C)=C3C(OC)=C2)C=C1,0.35819617930229414,1479
204295,CNP0537120.0,CC1=CC2=NC(C3=CC=CC([N+](=O)[O-])=C3)=CN2C=C1,0.3581716239607441,1480
378118,CNP0395104.0,COC1=CC=CC=C1C1=CC(=O)C2=CC(NC(=O)C3=CC4=CC=CC(OC)=C4O3)=CC=C2O1,0.35810288290200665,1481
412410,CNP0185710.0,O=C(CCC1=CC(Cl)=NO1)NC1=CC=C2OC(C3=CC=CC=C3Cl)=CC(=O)C2=C1,0.35801637412749215,1482
435442,CNP0591994.1,CC1=NOC(C)=C1S(=O)(=O)N1CCN2CC(=O)NC3=CC(C4=CC=CC=C4)=CC=C3OC[C@@H]2C1,0.35796217576587386,1483
159457,CNP0591968.0,CC1=C(C(=O)NC2=CC=C3OCCOC3=C2)C2(CCCCCC2)OC1=O,0.35790866251828496,1484
100096,CNP0600392.0,CC1=C(C(=O)NC2=CC=C3OCCOC3=C2)C2(CCCCC2)OC1=O,0.35790866251828496,1485
157081,CNP0520064.2,COC1=CC=CC=C1NC(=O)[C@H]1SC2=NN=C(C3=CC=CC=C3)N2NC12CCCCC2,0.3577651555058817,1486
428242,CNP0529342.2,COC1=CC=CC=C1NC(=O)[C@H]1SC2=NN=C(C3=CC=CC=C3)N2NC12CCCC2,0.3577651555058817,1487
492284,CNP0586677.0,COC1=CC=C(C2=CC(C3CC3)=NC(SCC(=O)C3=CC4=CC=CC=C4OC3=O)=C2C#N)C=C1,0.35769417970194356,1488
3030,CNP0376865.0,O=C(COC1=CC=C2C(C3=CC=CC=C3)=CC(=O)OC2=C1)N1CCN(CCC2=CC=CC=N2)CC1,0.35748258898523,1489
189371,CNP0236458.2,COC1=CC=C(C2=NN(C)C([C@H]3CN4CC[C@H]3C[C@@H]4CNC(=O)C3=CC=CC=C3)=C2)C=C1OC,0.3574276951608969,1490
449289,CNP0108661.1,CC(=O)N1CCN(C2=CC(C3=NOC([C@@H]4CCCN4CCCC4=CC=CC=C4)=N3)=CC=N2)CC1,0.3573061185295873,1491
309231,CNP0028395.0,COC1=CC=C(C2=NC(=O)C3=CC=CC=C3N2C)C=C1,0.3572816965401732,1492
44310,CNP0243504.0,COC1=CC=C(CCN2COC3=C(C=C4C(C5=CC=CC=C5)=CC(=O)OC4=C3C)C2)C=C1,0.3572339118200509,1493
456652,CNP0226624.0,C1=CN=CC(C2=CC=NC(C3=CC=CN=C3C3=CC=CN=C3)=C2)=C1,0.3571343572702917,1494
1750,CNP0375348.1,CC(C)NC(=O)OC[C@H]1C[C@@H]2CC[N@@]1C[C@@H]2C1=CC(C2=CC=C3C=CC=CC3=C2)=NN1C,0.35710308563068904,1495
367696,CNP0405679.1,CC(=O)NC1=CC=C(S(=O)(=O)NC[C@H]2C[C@@H]3CCN2C[C@@H]3C2=CC(C3=CC=C4C=CC=CC4=C3)=NN2C)C=C1,0.3570367967958312,1496
431020,CNP0285606.0,COC1=CC(C2CC(=O)OC3=CC(OC)=C4C(=O)C=C(C5=CC=CC=C5)OC4=C32)=CC(OC)=C1OC,0.35696353336860803,1497
152797,CNP0106869.2,CN1N=C(C2=CC=CC=C2)C=C1[C@H]1CN2CC[C@H]1C[C@@H]2CNC(=O)NC1=CC=CC=C1,0.35693673576437107,1498
146698,CNP0556095.1,COC1=CC=CC=C1CN1CC[C@H]2CC(=O)NC3=CC(C4=CC=CN=C4)=CC=C3OCC[C@H]2C1,0.3568883828596402,1499
279762,CNP0071115.1,ClC1=CC=C(C2=CNC([C@@H]3COCCN3CC3=CC=CC=N3)=N2)C=C1,0.3568758399961709,1500
203064,CNP0027270.0,COC1=CC=C(C(=O)C2=C(C)C3=CC=C(NC(=O)CN4N=NC5=CC=CC=C5C4=O)C=C3O2)C=C1,0.356843838461709,1501
175202,CNP0025673.0,CC1=C(C(=O)C2=CC=CC=C2)OC2=CC(NC(=O)C3=CC=CC=C3Br)=CC=C12,0.3568031766029898,1502
309830,CNP0046470.0,COC1=CC(OC)=CC(C(=O)NC2=CC=C3C(C)=C(C(=O)C4=CC=CC=C4)OC3=C2)=C1,0.3567002705338694,1503
497541,CNP0577540.0,CN1C(=O)C2=C(C3=CC=CC=C3)N(C3CCCCC3)C=C2N(C)C1=O,0.35665174639041936,1504
402631,CNP0171910.1,CC(=O)NC1=CC=C(C2=CC=C3[C@@H]4C[C@@H](CN(CC5=CC=C(CO)O5)C4)CN3C2=O)C=C1,0.35665054607029867,1505
94420,CNP0405684.2,CN1N=C(C2=CC=CC=C2)C=C1[C@H]1CN2CC[C@H]1C[C@@H]2CNS(=O)(=O)C1=CC=CS1,0.35638523567018654,1506
147836,CNP0400923.0,CC1=CC(=O)OC2=CC(OCC(=O)NC3=CC=C4NC(C(C)C)=NC4=C3)=CC=C12,0.3562500062889953,1507
443240,CNP0011006.1,CCNC(=O)NC[C@H]1C[C@@H]2CC[N@@]1C[C@@H]2C1=CC(C2=CC=CC=C2)=NN1C,0.3562410346284007,1508
316081,CNP0350153.1,C=C(C)[C@@]1(O)CC[C@@]2(C)[C@@H](CC=C(C)[C@]23CC2=C(C=C(C4=CC=CN=C4)OC2=O)O3)[C@]12CCC(=O)OC2,0.3561858744734227,1509
491206,CNP0442330.0,OC1=NC(SCCN2CCOCC2)=NC2=C(C3=CC=CC=C3)C=NN12,0.35615298271947887,1510
462752,CNP0306268.0,CN1CCN(C(=O)COC2=CC=C3C(C4=CC=CC=C4)=CC(=O)OC3=C2)CC1,0.3561446442525028,1511
141064,CNP0069255.0,COC1=CC=C(C(=O)C2=C(C)C3=CC=C(NC(=O)C4CC4)C=C3O2)C=C1,0.35609127981740607,1512
314252,CNP0522853.0,N=C1C(C(=O)NC2=CC=C3C=CC=CC3=C2)=[N+]([O-])C2=CC=CC=C2N1O,0.35605371701506394,1513
149717,CNP0050334.1,OC1=CC=CC=C1CN1CCOC[C@H]1C1=NC(C2=CC=C(Cl)C=C2)=CN1,0.3560241416287317,1514
359069,CNP0292729.0,COC1=CC=CC(C2=CC(=O)C=CC2=O)=C1,0.3559957265805364,1515
377061,CNP0215922.0,CC(=O)C1=CN(CCC(=O)NC2=CC=C3OCOC3=C2)C2=CC=CC=C12,0.35594408334498157,1516
391581,CNP0011054.2,COC1=CC=C(C2=NN(C)C([C@H]3CN4CC[C@H]3C[C@@H]4CNS(=O)(=O)C3=CC=CS3)=C2)C=C1OC,0.35576080801395804,1517
363920,CNP0376655.1,CC1=CC(NC(=O)[C@@H]2CCC(=O)N2C2OC(=O)C3=CC=CC=C32)=CC=C1Br,0.3557398765586893,1518
194840,CNP0011028.1,CN1N=C(C2=CC=C3C=CC=CC3=C2)C=C1[C@H]1C[N@]2CC[C@H]1C[C@@H]2CNC(=O)N1CCOCC1,0.35565514765517103,1519
244516,CNP0197474.2,CN1N=C(C2=CC=CC=C2)C=C1[C@H]1CN2CC[C@H]1C[C@@H]2CNC(=O)N1CCOCC1,0.35557089665242864,1520
297425,CNP0527014.0,COC1=CC=C(C(=O)NC2=CC=C3C(=O)C4=CC=CC=C4C(=O)C3=C2)C=C1OC,0.3554708158756786,1521
361300,CNP0388583.1,COC(=O)[C@H](CC1=CC=CC=C1)NC(=O)NC1=CC=C2OC(=O)C=CC2=C1,0.3554123034184151,1522
235309,CNP0393248.0,CC1=C(CCC(=O)N2CCN(CCO)CC2)C(=O)OC2=CC3=C(C=C12)C(C1=CC=CC=C1)=CO3,0.35523274804048227,1523
353866,CNP0129536.0,COC1=CC=C(C(=O)NC2=CC=C3OC(C(=O)C4=CC=C(C)C=C4)=C(C)C3=C2)C=C1,0.35523258828286713,1524
440004,CNP0088883.0,COC1=CC=C(C(=O)NC2=CC=C3OC(C(=O)C4=CC=C(OC)C=C4)=C(C)C3=C2)C=C1,0.35523258828286713,1525
143311,CNP0384379.0,COC1=CC=C(C(=O)C2=C(C)C3=CC(NC(=O)C4=CC=C(C)C=C4)=CC=C3O2)C=C1,0.35523258828286713,1526
404640,CNP0532125.0,COC1=CC=CC(OC)=C1C(=O)NC1=CC=C(C(=O)OC2=CC=CC=C2)C(O)=C1,0.3551652509240729,1527
87779,CNP0211285.0,CC1=NC2=CC(NC(=O)COC3=CC=C4C(C)=CC(=O)OC4=C3)=CC=C2N1,0.35504481805346616,1528
298366,CNP0356290.0,CCC1=CC(NC(=O)COC2=CC=C3C(C)=CC(=O)OC3=C2)=CC=C1Br,0.3550273435062586,1529
503667,CNP0410079.0,CCN1CCN(CCOC2=CC=C3C(=O)C(C4=CC=CC=C4)=COC3=C2)CC1,0.35496446422595745,1530
474246,CNP0256002.0,CN1C2=CC=CC=C2C(=O)N2C=CC3=C4C=CC=CC4=NC3=C12,0.3549252676700172,1531
239659,CNP0375348.2,CC(C)NC(=O)OC[C@H]1C[C@@H]2CCN1C[C@@H]2C1=CC(C2=CC=C3C=CC=CC3=C2)=NN1C,0.354893608396718,1532
395579,CNP0198440.0,COC1=CC=C2C=C(C(CC(=O)N3CCN(C)CC3)C3=C(O)C=C(O)C4=C3OC(C3=CC=CC=C3)=CC4=O)C(=O)N(C)C2=C1,0.35484791569146545,1533
451019,CNP0409713.0,COC1=CC(C2CC(=O)OC3=C2C(C)=CC2=C3C(C3=CC=CC=C3)=CC(=O)O2)=CC2=C1OCO2,0.35476367950123566,1534
472653,CNP0216613.0,COC1=CC=C(C2=C(C3=C(O)C(=O)C=C(C)O3)NC(C3=C(C)N(C)C4=CC=C(OC)C=C34)=N2)C=C1,0.35465534523072806,1535
447203,CNP0500621.0,COC1=CC=C(NC(=O)C2=CC(OC)=C(OC)C(OC)=C2)C=C1NC(=O)C1=CC=CC=C1,0.3545934170049204,1536
174464,CNP0561761.0,COC1=CC=CC=C1N1CCN(C2=CC=C(NC(C)=O)C=C2C(=O)O)CC1,0.35459202853023725,1537
328290,CNP0236458.1,COC1=CC=C(C2=NN(C)C([C@H]3C[N@]4CC[C@H]3C[C@@H]4CNC(=O)C3=CC=CC=C3)=C2)C=C1OC,0.35458567261166885,1538
267850,CNP0512336.1,O=C1CN2CCN(C(=O)COC3=CC=CC=C3)C[C@H]2COC2=CC=C(C3=CC=CN=C3)C=C2N1,0.35451514354303293,1539
195555,CNP0039311.0,COC1=CC=CC=C1C1=CC(=O)C2=CC(NC(=O)CCC3=CC(Cl)=NO3)=CC=C2O1,0.354514122143912,1540
42242,CNP0296935.0,COC1=CC=C(NC(=O)CN2N=CC3=CC=C(OC)C(OC)=C3C2=O)C=C1OC,0.3544223381714416,1541
392031,CNP0397761.2,CN(C)C1=CC=C(C2=NN(C)C([C@H]3CN4CC[C@H]3C[C@@H]4CNC(=S)NC3=CC=CC(C#N)=C3)=C2)C=C1,0.3543539535956052,1542
72584,CNP0397761.1,CN(C)C1=CC=C(C2=NN(C)C([C@H]3C[N@]4CC[C@H]3C[C@@H]4CNC(=S)NC3=CC=CC(C#N)=C3)=C2)C=C1,0.3543539535956052,1543
496251,CNP0182517.2,COC1=CC=C(C2=NN(C)C([C@H]3CN4CC[C@H]3C[C@@H]4CNS(=O)(=O)C3=CC=CS3)=C2)C=C1,0.35430383783418534,1544
65493,CNP0130416.1,COC1=C2C(=CC=C1)[C@@]13CCN(C)CC4=CCOC5=CC(=O)N2[C@H]1[C@H]5[C@H]4CC3=O,0.3543005098959607,1545
376913,CNP0144065.0,CC1=CC=C(C(=O)C2=C(C)C3=CC=C(NC(=O)C4=CC=CC=C4Br)C=C3O2)C=C1,0.3542457083111984,1546
150684,CNP0126556.0,CC(C)C1=NC2=CC(NC(=O)C3CC(=O)N(CCC4=CC=C(O)C=C4)C3)=CC=C2N1,0.3541054616854421,1547
243823,CNP0011024.1,COC1=CC=C(OC)C(S(=O)(=O)NC[C@H]2C[C@@H]3CCN2C[C@@H]3C2=CC(C3=CC=C4C=CC=CC4=C3)=NN2C)=C1,0.35407775463466273,1548
411637,CNP0269925.0,CCOC(=O)C1=C(C)C2=CC(NC(=O)C(C)(C)C)=CC=C2O1,0.35393573290426145,1549
366254,CNP0161987.1,C[C@@H](C(=O)NC1=CC=C2C=CNC2=C1)N1CC2=CC=CC=C2C1=O,0.3538857621546921,1550
319173,CNP0011057.2,CCC(CC)C(=O)NC[C@H]1C[C@@H]2CCN1C[C@@H]2C1=CC(C2=CC=C(OC)C(OC)=C2)=NN1C,0.3538637313095934,1551
218325,CNP0052756.1,COC1=CC=C(C2=NN(C)C([C@H]3C[N@]4CC[C@H]3C[C@@H]4CNC(=S)NC3=CC=CC(C#N)=C3)=C2)C=C1OC,0.3537465377732717,1552
500157,CNP0052756.2,COC1=CC=C(C2=NN(C)C([C@H]3CN4CC[C@H]3C[C@@H]4CNC(=S)NC3=CC=CC(C#N)=C3)=C2)C=C1OC,0.3537465377732717,1553
325003,CNP0486074.1,COC1=CC=C(C2=CC=C3C(N4CCOC[C@@H]4C)=NC(N4CCOC[C@@H]4C)=NC3=N2)C=C1CO,0.3537125114172217,1554
310623,CNP0321901.0,CCOC(=O)C1=C(C)C2=CC=C(NC(=O)C3=CC=NC=C3)C=C2O1,0.3535410614339143,1555
337399,CNP0469026.1,CN(C)C1=CC=C(C2=NN(C)C([C@H]3C[N@]4CC[C@H]3C[C@@H]4CNC(=O)C3=CC4=C(C=C3)OCO4)=C2)C=C1,0.3535107360585547,1556
333714,CNP0408558.0,COC1=CC=C(C(=O)C2=C(C)C3=CC=C(NC(=O)C4=CC=CC=C4Br)C=C3O2)C=C1OC,0.3535068723350991,1557
201086,CNP0011400.2,CN1N=C(C2=CC=C3C=CC=CC3=C2)C=C1[C@H]1CN2CC[C@H]1C[C@@H]2COC(=O)NC1=CC=CC=C1,0.35350022594496094,1558
357870,CNP0472046.1,COC1=CC=C(C2=NN(C)C([C@@H]3C[N@@]4CC[C@H]3C[C@@H]4CNC(=O)CC3(CC(=O)O)CCCC3)=C2)C=C1,0.3534812081165776,1559
258891,CNP0545627.1,CC(=O)N1CCN2CC(=O)NC3=CC(C4=CC=CN=C4)=CC=C3OC[C@@H]2C1,0.35343976056620335,1560
455214,CNP0406090.1,CCCS(=O)(=O)NC[C@H]1C[C@@H]2CC[N@@]1C[C@@H]2C1=CC(C2=CC=CC=C2)=NN1C,0.3534032604819027,1561
108981,CNP0557724.1,CC1=CC=CC(C(=O)N2CCN3CC(=O)NC4=CC(C5=CC=CC=C5)=CC=C4OC[C@@H]3C2)=C1,0.353282209998936,1562
203002,CNP0408865.0,CC1=C(OCC(=O)N2CCN(CCO)CC2)C=CC2=C1OC(=O)C=C2C1=CC=CC=C1,0.3532355603170005,1563
37703,CNP0049257.1,CC(=O)NC1=CC=C(O)C(C(=O)/C=C/C2=CC=CC=C2C)=C1,0.3532322986991426,1564
283964,CNP0011055.2,CCCS(=O)(=O)NC[C@H]1C[C@@H]2CCN1C[C@@H]2C1=CC(C2=CC=C(OC)C(OC)=C2)=NN1C,0.35306687016581056,1565
372375,CNP0223376.0,O=C1C=CC(=O)C(C2=CC=CC(C(=O)O)=C2)=C1,0.35296370982277525,1566
358062,CNP0439822.1,CC1=CC=C(C(=O)NC[C@H]2C[C@@H]3CC[N@@]2C[C@@H]3C2=CC(C3=CC=C(N(C)C)C=C3)=NN2C)C=C1,0.35291755715399103,1567
494558,CNP0472156.1,CN(C)C1=CC=C(C2=NN(C)C([C@H]3C[N@]4CC[C@H]3C[C@@H]4CNC(=O)C3=CC=CS3)=C2)C=C1,0.3528909557977562,1568
316273,CNP0180663.1,CO[C@H]1C=C(C2=CC=C3OCOC3=C2)N(C)C2=CC=CC=C21,0.35289025395235635,1569
30049,CNP0129815.0,CC1=C(C(=O)C2=CC=C(Cl)C=C2)OC2=CC=C(NC(=O)C3=CC=CC=N3)C=C12,0.35278995361216475,1570
202694,CNP0382061.0,COC1=CC=C(CCN2COC3=CC=C4C(C5=CC=CC=C5)=CC(=O)OC4=C3C2)C=C1OC,0.35275653627991715,1571
254218,CNP0010064.0,COC1=CC(OC)=CC(C(=O)C2=CC=C(C(=O)NC3=CC=C4N=CC=CC4=C3)C=C2)=C1,0.35265706666553287,1572
355536,CNP0385058.1,CC(C)OC1=CC=C(C2=NNC(C(=O)N3C[C@H]4C[C@@H](C3)C3=CC=CC(=O)N3C4)=C2)C=C1,0.35252981091767616,1573
357273,CNP0275559.0,COC1=CC=C(CCN2COC3=CC=C4C(=O)C(C5=CC=CC=C5)=COC4=C3C2)C=C1,0.3525035250864809,1574
73883,CNP0202201.1,COC(=O)[C@@H](CC1=CC=CC=C1)NC(=O)NC1=CC=C2OCOC2=C1,0.3524682152187185,1575
376880,CNP0561209.2,CC1=CC=C(NC(=O)[C@@H]2[C@@H]3C=C[C@]4(O3)[C@@H]2C(=O)N(CCN(C)CC2=CC=CC=C2)[C@H]4C(=O)NC2CCCCC2)C=C1C,0.35243237147922074,1576
68455,CNP0561209.1,CC1=CC=C(NC(=O)[C@H]2[C@@H]3C=C[C@]4(O3)[C@@H]2C(=O)N(CCN(C)CC2=CC=CC=C2)[C@@H]4C(=O)NC2CCCCC2)C=C1C,0.35243237147922074,1577
6361,CNP0561209.3,CC1=CC=C(NC(=O)[C@H]2[C@@H]3C=C[C@]4(O3)[C@@H]2C(=O)N(CCN(C)CC2=CC=CC=C2)[C@H]4C(=O)NC2CCCCC2)C=C1C,0.35243237147922074,1578
409748,CNP0561209.4,CC1=CC=C(NC(=O)[C@@H]2[C@@H]3C=C[C@]4(O3)[C@@H]2C(=O)N(CCN(C)CC2=CC=CC=C2)[C@@H]4C(=O)NC2CCCCC2)C=C1C,0.35243237147922074,1579
177498,CNP0010981.2,CN1N=C(C2=CC=CC=C2)C=C1[C@H]1CN2CC[C@H]1C[C@@H]2CNS(=O)(=O)CC1=CC=CC=C1,0.3524027732061146,1580
319755,CNP0036591.1,CC(=O)NC1=CC=C(S(=O)(=O)N[C@H]2CO[C@H]3[C@@H]2OC[C@H]3OC(=O)NC2=CC=CC(C(C)=O)=C2)C=C1,0.3522638465279435,1581
177499,CNP0403149.2,CN(C)C1=CC=C(C(=O)NC[C@H]2C[C@@H]3CCN2C[C@@H]3C2=CC(C3=CC=CC=C3)=NN2C)C=C1,0.3520652309500886,1582
285937,CNP0403149.1,CN(C)C1=CC=C(C(=O)NC[C@H]2C[C@@H]3CC[N@@]2C[C@@H]3C2=CC(C3=CC=CC=C3)=NN2C)C=C1,0.3520652309500886,1583
71424,CNP0606221.1,CC[C@H](C)C[C@@H](C)/C=C(\C)[C@@H]1O[C@H](C2=C(O)C(C3=CC=CC=C3)=CN(C)C2=O)CC[C@H]1C,0.352027880993881,1584
361332,CNP0222482.0,COC1=CC2=C(C=C1CCC(=O)NC1=CC=C3C=CNC3=C1)C(C)=CC(=O)O2,0.352007396334899,1585
70237,CNP0161088.1,C[C@@H]1CCC2=C(C3=CC=C(O)C=C3)C=CC(C=O)=C21,0.3519566901517737,1586
18662,CNP0121291.0,CC1=C2OCN(CCC3=CC=C(Cl)C=C3)CC2=CC2=C1OC(=O)C=C2C1=CC=CC=C1,0.35194177032673396,1587
136432,CNP0224750.0,CC(C)OCCCN1COC2=CC=C3C(=O)C(C4=CC=CC=C4)=COC3=C2C1,0.3519266504734447,1588
73075,CNP0449533.0,CC1=CC2=CC(C3=CC=C(Cl)C(Cl)=C3)=CN2C=C1,0.35188455676269487,1589
214430,CNP0335080.2,COC1=CC=C(NC(=O)NC[C@H]2C[C@@H]3CCN2C[C@@H]3C2=CC(C3=CC=CC=C3)=NN2C)C=C1,0.3518582044387321,1590
231513,CNP0415138.0,COC1=CC=C(C2=C(C3=C(O)C(=O)C=C(C)O3)NC(C3=CN(C(C)C)C=C3)=N2)C=C1,0.3518378002720351,1591
395173,CNP0578295.0,COC1=CC=C(CC(=O)NC2=CC=C3C(=C2)OC2=CC=CC=C23)C=C1OC,0.3517565546470035,1592
456726,CNP0074982.2,COC1=CC=C(C2=NN(C)C([C@H]3CN4CC[C@H]3C[C@@H]4CNCC3=CC=CC(C#N)=C3)=C2)C=C1,0.35171446209495477,1593
337529,CNP0408342.0,COCCN1COC2=CC=C3C(=O)C(C4=CC=CC=C4)=COC3=C2C1,0.35168002560471384,1594
278566,CNP0392409.0,CC1=C(CCC(=O)NC2=CC=C3NC=CC3=C2)C(=O)OC2=CC(O)=CC=C12,0.35165099759230595,1595
357711,CNP0010999.2,CCCS(=O)(=O)NC[C@H]1C[C@@H]2CCN1C[C@@H]2C1=CC(C2=CC=C(OC)C=C2)=NN1C,0.35160989998603787,1596
359264,CNP0391545.0,COC1=CC(C2=CC(=O)C3=C(C)OC(C)=C3C(OC)=C2)=CC=C1OCC(=O)C1=C(C)NC2=CC=CC=C12,0.3515328446164612,1597
443915,CNP0506923.0,COC1=CC(C2=C(C3=C(O)C(=O)C=C(C)O3)NC(C3=CC=C4C(=C3)N(C)C(=O)N4C)=N2)=CC=C1O,0.3515125765662892,1598
293484,CNP0310979.0,CC(=O)C1=CC=CC(OCC(=O)NC2=CC=C(C)C=C2)=C1,0.3513972835984317,1599
99751,CNP0394600.0,O=C(NC1=CC=C2C=CC(=O)OC2=C1)C1=CC2=CC=CC=C2OC=C1,0.351365044085568,1600
336536,CNP0106869.1,CN1N=C(C2=CC=CC=C2)C=C1[C@H]1C[N@]2CC[C@H]1C[C@@H]2CNC(=O)NC1=CC=CC=C1,0.3512757990616191,1601
495838,CNP0423241.0,CC1=C(C(=O)C2=CC=CC=C2)OC2=CC=C(NC(=O)C3=CC=CC=C3Cl)C=C12,0.35115370153543773,1602
65346,CNP0401951.0,CC1(C)OC(=O)CC1C(=O)NC1=CC=C2C=CNC2=C1,0.3511234975915484,1603
495651,CNP0580522.0,CC(=O)NC1=CC=C2OCCOCCOC3=CC=CC=C3OCCOCCOC2=C1,0.3511136524621828,1604
95986,CNP0115419.2,CCNC(=O)NC[C@H]1C[C@@H]2CCN1C[C@@H]2C1=CC(C2=CC=C(OC)C=C2)=NN1C,0.3509540904757628,1605
365799,CNP0201624.0,CCOC(=O)C1=C(NC(=O)COC2=CC=C3C(C)=CC(=O)OC3=C2)SC=C1C1=CC=C(OC)C=C1,0.350765623342293,1606
254929,CNP0415494.0,COC1=CC2=C(C=C1OC)CN(C(=O)CCN1C=CC3=CC(C)=CC=C31)CC2,0.35075106502852493,1607
78937,CNP0405684.1,CN1N=C(C2=CC=CC=C2)C=C1[C@H]1C[N@]2CC[C@H]1C[C@@H]2CNS(=O)(=O)C1=CC=CS1,0.35072429896743457,1608
436204,CNP0022999.0,COC1=CC=C(C(=O)C2=C(C)C3=CC(NC(=O)C4=CC(OC)=C(OC)C(OC)=C4)=CC=C3O2)C=C1,0.3506381049349059,1609
62889,CNP0010972.1,COC1=CC=C(C2=NN(C)C([C@H]3C[N@]4CC[C@H]3C[C@@H]4CNC(=O)C3CCCCC3)=C2)C=C1,0.35063764465918773,1610
404468,CNP0010972.2,COC1=CC=C(C2=NN(C)C([C@H]3CN4CC[C@H]3C[C@@H]4CNC(=O)C3CCCCC3)=C2)C=C1,0.35063764465918773,1611
169151,CNP0401516.0,COC1=CC(C2CC(=O)OC3=C(O)C(O)=C4C(=O)C=C(C5=CC=CC=C5)OC4=C32)=CC2=C1OCO2,0.3505826286370347,1612
365816,CNP0515086.1,O=C1CN2CCN(C(=O)C3CCOCC3)C[C@H]2COC2=CC=C(C3=CC=CN=C3)C=C2N1,0.35057455787486336,1613
160968,CNP0339303.1,COC1=CC=CC(C2=CC=C3C(=O)N(C)[C@@H]4CN(CC5=CC=CS5)C[C@@H]4OC3=C2)=C1,0.35051096109290564,1614
266876,CNP0317935.0,COC1=CC=C(CCN2COC3=C(Cl)C=C4C(C5=CC=CC=C5)=CC(=O)OC4=C3C2)C=C1OC,0.3504911440318997,1615
309520,CNP0402773.0,CC1(C)OC(=O)CC1C(=O)NC1=CC=C2OCCCOC2=C1,0.35032419376864,1616
81077,CNP0360753.0,COC1=CC=C(NC(=O)C(C(=O)NC2=CC=C(OC)C(OC)=C2)=C2NC(C)(C)CC3=CC=CC=C23)C=C1OC,0.35015488567787856,1617
398744,CNP0011054.1,COC1=CC=C(C2=NN(C)C([C@H]3C[N@]4CC[C@H]3C[C@@H]4CNS(=O)(=O)C3=CC=CS3)=C2)C=C1OC,0.3500998713112061,1618
209590,CNP0451517.0,COC1=C(OCCC2=CC=CC=C2)C(CC2=CNC=C2)=C2OC(C3=CC=C(O)C=C3)=CC(=O)C2=C1O,0.3499864435661739,1619
214280,CNP0173185.0,O=C1CCCN1CCCN1COC2=CC=C3C(C4=CC=CC=C4)=CC(=O)OC3=C2C1,0.34992580762750664,1620
139772,CNP0452883.0,ClC1=CC=C(C2=CN3C(=N2)SC2=CC=CC=C23)C=C1Cl,0.3494974567250624,1621
408570,CNP0399627.0,O=C(COC1=CC(O)=C2C(=O)C=C(C3=CC=CC=C3)OC2=C1)N1CCN(CCC2=CC=CC=N2)CC1,0.34947627036890483,1622
396769,CNP0011005.1,CN1N=C(C2=CC=CC=C2)C=C1[C@H]1C[N@]2CC[C@H]1C[C@@H]2CNC(=O)NCC1=CC=CC=C1,0.34940748331342136,1623
324775,CNP0011005.2,CN1N=C(C2=CC=CC=C2)C=C1[C@H]1CN2CC[C@H]1C[C@@H]2CNC(=O)NCC1=CC=CC=C1,0.34940748331342136,1624
380801,CNP0535136.1,O=C1CN2CCN(C(=O)C3=CC=CC(Cl)=C3)C[C@H]2COC2=CC=C(C3=CC=CC=C3)C=C2N1,0.34937746262353125,1625
425385,CNP0217931.2,COC1=CC=C(C2=NN(C)C([C@H]3CN4CC[C@H]3C[C@@H]4CNS(=O)(=O)CC3=CC=CC=C3)=C2)C=C1OC,0.3493696504986478,1626
398580,CNP0393038.0,O=C(CCC1=CNC2=CC=CC=C12)NC1=CC=C2OC(=O)C=CC2=C1,0.3493623163725967,1627
32413,CNP0311718.0,O=C1C(C2=CC=CC=C2)=COC2=CC(OCCN3CCCCC3)=CC=C12,0.3493577006019363,1628
78218,CNP0548683.0,COC1=CC=CC=C1C(=O)NC1=CC=C2OC(=O)C=CC2=C1,0.3492536386152328,1629
321753,CNP0221436.2,COC1=CC=C(C2=NN(C)C([C@H]3CN4CC[C@H]3C[C@@H]4CNC(=O)N3CCOCC3)=C2)C=C1,0.3490873840601103,1630
5111,CNP0372377.1,CCOCCCN1C(=O)/C(=C\C2=C(N3C[C@H]4C[C@@H](C3)C3=CC=CC(=O)N3C4)N=C3C=CC=CN3C2=O)SC1=S,0.3489546617944201,1631
388362,CNP0372377.2,CCOCCCN1C(=O)/C(=C\C2=C(N3CC4CC(C3)C3=CC=CC(=O)N3C4)N=C3C=CC=CN3C2=O)SC1=S,0.3489546617944201,1632
444059,CNP0398759.0,COC1=CC2=C(C=C1CCC(=O)NC1=CC=C3NC=CC3=C1)C(C)=CC(=O)O2,0.34884696862813264,1633
402086,CNP0011056.2,COC1=CC=C(C2=NN(C)C([C@H]3CN4CC[C@H]3C[C@@H]4CNC(=O)C(C)(C)C)=C2)C=C1OC,0.3488242027194097,1634
103689,CNP0029041.0,CC1=CC=C(C(=O)C2=C(C)C3=CC=C(NC(=O)C4=CC=CC=C4C)C=C3O2)C=C1,0.3488208507235282,1635
472598,CNP0490612.1,CN1C(CN2C[C@H](O)C[C@H]2C2=NC(C3=CC=CC([N+](=O)[O-])=C3)=NO2)=NC2=CC=CC=C21,0.3487920899539613,1636
376251,CNP0407346.0,CCCC1=C(C(=O)N2CCC3=CC(OC)=C(OC)C=C3C2)SC(N2C=CC=C2)=N1,0.34874839269085167,1637
97195,CNP0371415.0,CC1=CC(=O)OC2=CC(OCC(=O)NC3=CC=C(O)C(C(=O)O)=C3)=CC=C12,0.3486587013431049,1638
59480,CNP0068058.2,COCC(=O)NC[C@H]1C[C@@H]2CCN1C[C@@H]2C1=CC(C2=CC=CC=C2)=NN1C,0.3486563772400858,1639
302720,CNP0182517.1,COC1=CC=C(C2=NN(C)C([C@H]3C[N@]4CC[C@H]3C[C@@H]4CNS(=O)(=O)C3=CC=CS3)=C2)C=C1,0.3486429011314334,1640
123120,CNP0155022.0,COC1=CC=C(C(=O)C2=C(C)C3=CC=C(NC(=O)C4=CC=CC=C4OC)C=C3O2)C=C1OC,0.3485971217642019,1641
312566,CNP0010979.1,CC(C)NC(=O)NC[C@H]1C[C@@H]2CC[N@@]1C[C@@H]2C1=CC(C2=CC=CC=C2)=NN1C,0.3483517006523983,1642
243510,CNP0047868.0,CCOC1=CC=CC=C1C1=CC(=O)C2=CC=C(NC(=O)C3=CC=CO3)C=C2O1,0.3483257806010763,1643
483279,CNP0529374.1,COC1=CC=CC(C2=CC=C3C(=C2)C[C@H](O)[C@H]3[C@@H](CCCCC(=N)N)C(=O)O)=C1,0.348211435036321,1644
415997,CNP0011057.1,CCC(CC)C(=O)NC[C@H]1C[C@@H]2CC[N@@]1C[C@@H]2C1=CC(C2=CC=C(OC)C(OC)=C2)=NN1C,0.34791390980376335,1645
78225,CNP0011400.1,CN1N=C(C2=CC=C3C=CC=CC3=C2)C=C1[C@H]1C[N@]2CC[C@H]1C[C@@H]2COC(=O)NC1=CC=CC=C1,0.347839289242209,1646
286580,CNP0597738.0,CCOC(=O)OC1=C(C2=CC=CC=C2)N(C(C)=O)C2=CC([N+](=O)[O-])=CC=C12,0.3478332393857933,1647
372168,CNP0397148.0,COC1=COC(C(=O)NC2=CC=C3C=CNC3=C2)=CC1=O,0.3476985364685214,1648
458732,CNP0197474.1,CN1N=C(C2=CC=CC=C2)C=C1[C@H]1C[N@]2CC[C@H]1C[C@@H]2CNC(=O)N1CCOCC1,0.34764634143966594,1649
419761,CNP0405776.0,CCOC(=O)C1=C(C)C2=CC(NC(C)=O)=CC=C2O1,0.3475868494999598,1650
190234,CNP0132773.1,CC(=O)NC1=CC=C(O)C(C(=O)/C=C/C2=CC=CC(C)=C2)=C1,0.34757947312556453,1651
98126,CNP0409160.0,COC1=CC=C2NC(C(=O)NCC(=O)NC3=CC=C4OCOC4=C3)=CC2=C1OC,0.34745033422855554,1652
427377,CNP0011055.1,CCCS(=O)(=O)NC[C@H]1C[C@@H]2CC[N@@]1C[C@@H]2C1=CC(C2=CC=C(OC)C(OC)=C2)=NN1C,0.34740593346305865,1653
37252,CNP0033901.0,COC1=CC=C(C(=O)C2=C(C)C3=CC=C(NC(=O)C4=CC=NC=C4)C=C3O2)C=C1,0.3473966730972587,1654
454461,CNP0598844.1,O=C1C[C@@H]2CCN(C3CCOCC3)C[C@@H]2CCOC2=CC=C(C3=CC=CN=C3)C=C2N1,0.34718303999542344,1655
57154,CNP0275317.0,CN1C(N)=C(C2=CC=CC=C2)C2=CC=CC=C21,0.3471733648178261,1656
120855,CNP0401468.0,O=C(CCCC1=CC=CC=C1)NC1=CC=C2N=CNC(=O)C2=C1,0.3471591132582881,1657
148007,CNP0569238.0,CC(C)C1=NOC(N2CCC(COC3=CC=C(C4=CC=C(S(C)(=O)=O)C=C4)N=C3)CC2)=N1,0.3470080776477246,1658
216063,CNP0408761.0,COC1=CC=C(CCN2COC3=CC=C4C(C5=CC=CC=C5)=CC(=O)OC4=C3C2)C=C1,0.34700401183277846,1659
245463,CNP0504858.0,O=[N+]([O-])C1=CC=CC(C2=CN3C=CC=CC3=C2)=C1,0.34700267442994326,1660
282814,CNP0294289.1,CC1=CC[C@@H]2[C@]34CC[C@](O)(OC3)C(C)(C)[C@@H]4CC[C@@]2(C)[C@@]12OC1=C(C(=O)OC(C3=CC=CN=C3)=C1)[C@@H]2O,0.3469914455370736,1661
20828,CNP0010981.1,CN1N=C(C2=CC=CC=C2)C=C1[C@H]1C[N@]2CC[C@H]1C[C@@H]2CNS(=O)(=O)CC1=CC=CC=C1,0.3467418365033626,1662
468226,CNP0015688.2,COC1=CC=C(CNC[C@H]2C[C@@H]3CCN2C[C@@H]3C2=CC(C3=CC=C(OC)C(OC)=C3)=NN2C)C=C1,0.34659808393145125,1663
160564,CNP0229530.0,COC1=CC=CC(C(=O)C2=C(C)C3=CC(NC(=O)C4=CC=CC=C4Cl)=CC=C3O2)=C1,0.3465354442471489,1664
178624,CNP0018843.1,COCCN1CCN(C[C@@H]2C=C(C)[C@H](CC3=NN=C(C4=CC=CN=C4)O3)C[C@H]2C(C)C)CC1,0.3464859033967667,1665
14469,CNP0396143.1,C[C@@H](C(=O)NC1=CC=C2NC=CC2=C1)N1CC2=CC=CC=C2C1=O,0.3464710619085373,1666
242546,CNP0522069.0,CN1C(=O)C2=C(C3=CC=CC=C3)N(CC3=CC=C(Cl)C=C3)C=C2N(C)C1=O,0.34633899359191317,1667
147220,CNP0228770.0,CC1=CC2=C(C(C3=CC=CC=C3)=CC(=O)O2)C2=C1C(C1=CC=CN=C1Cl)CC(=O)O2,0.3462384450254294,1668
112120,CNP0335080.1,COC1=CC=C(NC(=O)NC[C@H]2C[C@@H]3CC[N@@]2C[C@@H]3C2=CC(C3=CC=CC=C3)=NN2C)C=C1,0.3461972677359802,1669
198643,CNP0392990.0,COCCCN1COC2=CC=C3C(=O)C(C4=CC=CC=C4)=COC3=C2C1,0.3461825166879075,1670
116016,CNP0010979.2,CC(C)NC(=O)NC[C@H]1C[C@@H]2CCN1C[C@@H]2C1=CC(C2=CC=CC=C2)=NN1C,0.34614222341842743,1671
257440,CNP0587458.0,CC1=CC2=CC(C3=CC=C(I)C([N+](=O)[O-])=C3)=CN2C=C1,0.3460799674092813,1672
269062,CNP0390321.0,COC1=CC=C(C2=COC3=C4CN(CCC5=CC=CS5)COC4=CC=C3C2=O)C=C1OC,0.3460625230697911,1673
167809,CNP0074982.1,COC1=CC=C(C2=NN(C)C([C@H]3C[N@]4CC[C@H]3C[C@@H]4CNCC3=CC=CC(C#N)=C3)=C2)C=C1,0.34605352539220285,1674
86016,CNP0558065.1,COC1=CC=C(/C=C/C(=O)NC2=CC=C3C(=C2)CC2=CC=CC=C23)C=C1,0.3460443036447276,1675
264657,CNP0393599.0,CC1=C(CCC(=O)NC2=CC=C3OC(=O)C=CC3=C2)C(=O)OC2=CC(O)=CC=C12,0.3460083433927097,1676
153133,CNP0458829.1,COC1=C(O)C([C@H](CC2=CC=CC=C2)C2=CNC=C2)=C2OC(C3=CC=C(O)C=C3)=CC(=O)C2=C1O,0.34595461669065714,1677
345757,CNP0010999.1,CCCS(=O)(=O)NC[C@H]1C[C@@H]2CC[N@@]1C[C@@H]2C1=CC(C2=CC=C(OC)C=C2)=NN1C,0.34594896328328595,1678
433278,CNP0320489.1,CC1(C)[C@H](CC2=NOC(C3=CC=CC=C3)=C2)C[C@@H]1N(CC1=CC=CN=C1)CC1=CC=CN=C1,0.34591198688507085,1679
143405,CNP0035417.0,COC1=CC=C(OC)C(C(=O)C2=C(C)C3=CC(NC(=O)C4=CC=CO4)=CC=C3O2)=C1,0.3457984223233796,1680
187275,CNP0603468.1,COCC(=O)N1CCN2CC(=O)NC3=CC(C4=CC=CN=C4)=CC=C3OC[C@@H]2C1,0.3457920655774116,1681
226495,CNP0571305.1,CC1=CC=C(NC(=O)[C@H](CC2=CNC3=CC=CC=C23)NC(=O)OC(C)(C)C)C=C1C,0.34576556553450827,1682
253335,CNP0285724.0,O=C(CCC1=CC=C2OCCC2=C1)NC1=CC=C2C=CNC2=C1,0.3456719115831702,1683
6397,CNP0591424.1,COC1=CC=CC(C2=CC=C3OC[C@H]4CN(S(=O)(=O)C5=C(C)ON=C5C)CCN4CC(=O)NC3=C2)=C1,0.34566477443865457,1684
412449,CNP0451787.1,NC(=O)C1CCN(C(=O)[C@H]2C[N@]3CC[C@H]2C[C@@H]3CN2C=C(C3=CC=CC(O)=C3)N=N2)CC1,0.34561475137301906,1685
385860,CNP0451787.2,NC(=O)C1CCN(C(=O)[C@H]2C[N@@]3CC[C@@H]2C[C@@H]3CN2C=C(C3=CC=CC(O)=C3)N=N2)CC1,0.34561475137301906,1686
466254,CNP0329851.0,COC1=CC=C(OC)C(C(=O)C2=C(C)C3=CC(NC(=O)C4=CC=CC=C4)=CC=C3O2)=C1,0.34561212284995435,1687
249054,CNP0411256.0,COC1=CC=C(C2=C(CC(=O)O)C3=C(O2)C2=CC=CC=C2OC3=O)C=C1OC,0.34559393819389994,1688
255805,CNP0537885.1,CC(C)(C)CC(=O)N1CCN2CC(=O)NC3=CC(C4=CC=CN=C4)=CC=C3OC[C@@H]2C1,0.3455085287220219,1689
442043,CNP0435658.2,COC1=CC=C(C2=C(CC3=CC=C4OC(C(C)(C)O)CC4=C3)[C@H](OC)OC2=O)C=C1,0.34546788234577563,1690
187904,CNP0115419.1,CCNC(=O)NC[C@H]1C[C@@H]2CC[N@@]1C[C@@H]2C1=CC(C2=CC=C(OC)C=C2)=NN1C,0.3452931537730109,1691
367975,CNP0293528.1,CC1=C[C@@H](CN2CCN(CCO)CC2)[C@H](C(C)C)C[C@H]1CC1=NN=C(C2=CC=CN=C2)O1,0.3452595319062256,1692
241507,CNP0269371.3,COC1=CC=C2C(=C1OC)C(=O)O[C@H]2N1C(=O)CC[C@H]1C(=O)NC1=CC=C2OCOC2=C1,0.34521774020953333,1693
435851,CNP0194392.1,COC1=CC=C(C2=NN(CC(=O)N3C[C@H]4C[C@@H](C3)C3=CC=CC(=O)N3C4)C(=O)C=C2)C=C1,0.34520744734951136,1694
428123,CNP0162169.0,COC1=CC=C2C(C)=C(CC(=O)NC3=CC=C4NC=CC4=C3)C(=O)OC2=C1,0.3451960788516732,1695
93520,CNP0408447.0,COC1=CC=C(NC(=O)COC2=CC=C3C(C)=CC(=O)OC3=C2)C=C1OC,0.3451796611640674,1696
214820,CNP0332903.1,COC(=O)[C@H](CC1=CC=CC=C1)NC(=O)NC1=CC=C2OCCOC2=C1,0.34515922767831997,1697
166937,CNP0045410.1,CC(=O)NC1=CC=C(C(=O)/C=C/C2=CC=CC(C)=C2)C(O)=C1,0.3451532346748499,1698
125865,CNP0176964.1,COC1=CC(NC(=O)NC[C@H]2C[C@@H]3CCN2C[C@@H]3C2=CC(C3=CC=C(OC)C(OC)=C3)=NN2C)=CC(OC)=C1,0.34515313539574394,1699
456743,CNP0482136.1,O=C1CN2CCN(C(=O)C3=CC=CN=C3)C[C@H]2COC2=CC=C(C3=CC=CN=C3)C=C2N1,0.3450859614464087,1700
15482,CNP0395907.0,CC(=O)C1=CN(CC(=O)NC2=CC=C3C=CNC3=C2)C2=CC=CC=C12,0.34507646118687774,1701
47374,CNP0212344.2,CCNC(=O)NC[C@H]1C[C@@H]2CCN1C[C@@H]2C1=CC(C2=CC=C(OC)C(OC)=C2)=NN1C,0.3450254594781065,1702
279068,CNP0217902.1,O=C(O)C1=CC=C(CN2CCOC[C@H]2C2=NC(C3=CC=CN=C3)=CN2)C=C1,0.3450249159280991,1703
377343,CNP0391406.3,COC1=CC=C2C(=C1OC)C(=O)O[C@@H]2N1C(=O)CC[C@H]1C(=O)NC1=CC=C(C)C(C)=C1,0.34474767671746065,1704
334936,CNP0011535.3,NC1=CC=CC(C2=CN(C[C@H]3C[C@@H]4CCN3C[C@@H]4C(=O)N3CCCC3)N=N2)=C1,0.3447159083946557,1705
116577,CNP0011535.4,NC1=CC=CC(C2=CN(C[C@H]3C[C@H]4CCN3C[C@@H]4C(=O)N3CCCC3)N=N2)=C1,0.3447159083946557,1706
317547,CNP0175640.0,COC1=CNC(C(=O)NC2=CC=C3C=CNC3=C2)=CC1=O,0.34460344207421684,1707
458461,CNP0599933.1,C[N+](C)(C)C1=CC=C(/C=C2/C3=CC=CC=C3N3N=C(C4=CC=CC=C4)C=C23)C=C1.O=S(=O)([O-])C(F)(F)F,0.3444375781168158,1708
316903,CNP0486277.0,COC1=CC=CC(NC(=O)NC2=CC=C3N=C4CCCN4C(=O)C3=C2)=C1,0.3444106685227949,1709
456389,CNP0583316.3,CCOC1=CC=CC=C1CN1C(=O)[C@@H]2[C@H](C(=O)NC3=CC=C(C)C(C)=C3)[C@@H]3C=C[C@@]2(O3)[C@@H]1C(=O)N[C@@H]1CCC[C@@H](C)[C@H]1C,0.3444067719432829,1710
90768,CNP0290504.0,COC1=CC=C(C2=CN=C(C3=CC=CC=N3)O2)C=C1,0.34417079707515114,1711
239260,CNP0534220.0,CC1=CC(NC(=O)C2=CC=C(C)C([N+](=O)[O-])=C2)=CC=C1C1=CC2=CC=CC=C2OC1=O,0.3441121176351085,1712
298217,CNP0493483.0,CC1(C)CNC2=CC(NC(=O)C3=CC=CN=C3NCC3=CC=NC=C3)=CC=C21,0.3440081295972792,1713
54452,CNP0111988.1,CC1=C2OCN(C3CC3)CC2=CC2=C1O/C(=C\C1=CC=C(C3=CC=CC=C3)C=C1)C2=O,0.3439195971219921,1714
157564,CNP0010966.2,COC1=CC=C(C2=NN(C)C([C@H]3CN4CC[C@H]3C[C@@H]4CNC(=O)NC3=CC=CC=C3)=C2)C=C1,0.3439125830927064,1715
85351,CNP0470305.1,COC1=CC=C(C2=NN(C)C([C@@H]3C[N@@]4CC[C@H]3C[C@@H]4CNC(=O)CCC(=O)O)=C2)C=C1OC,0.3439111399773114,1716
319658,CNP0047157.1,COC1=CC=C(C(=O)C2=C(C)C3=CC=C(NC(=O)/C=C/C4=CC=CC=C4)C=C3O2)C=C1,0.34391101919794587,1717
298479,CNP0492873.1,CC(C)CC(=O)N1CCN2CC(=O)NC3=CC(C4=CC=CN=C4)=CC=C3OC[C@@H]2C1,0.34372458417512575,1718
357181,CNP0217931.1,COC1=CC=C(C2=NN(C)C([C@H]3C[N@]4CC[C@H]3C[C@@H]4CNS(=O)(=O)CC3=CC=CC=C3)=C2)C=C1OC,0.34370871379589585,1719
164791,CNP0011019.2,COC1=CC=C(C2=NN(C)C([C@H]3CN4CC[C@H]3C[C@@H]4CNC(=O)C3CCC3)=C2)C=C1OC,0.34361756565097956,1720
154724,CNP0011019.1,COC1=CC=C(C2=NN(C)C([C@H]3C[N@]4CC[C@H]3C[C@@H]4CNC(=O)C3CCC3)=C2)C=C1OC,0.34361756565097956,1721
352509,CNP0519353.1,CCC(=O)N1CCN2CC(=O)NC3=CC(C4=CC=CN=C4)=CC=C3OC[C@@H]2C1,0.3435891950061933,1722
123537,CNP0595027.0,CC1=CC=C(C2=NC3=CC=CC=C3N2C)C=C1,0.3435418061808169,1723
419468,CNP0011535.2,NC1=CC=CC(C2=CN(C[C@H]3C[C@H]4CC[N@]3C[C@@H]4C(=O)N3CCCC3)N=N2)=C1,0.3434297993954561,1724
359635,CNP0011535.1,NC1=CC=CC(C2=CN(C[C@H]3C[C@@H]4CC[N@@]3C[C@@H]4C(=O)N3CCCC3)N=N2)=C1,0.3434297993954561,1725
275312,CNP0176568.1,CC1=CC=CC(C2=NOC([C@@H]3CC4=C(CN3C)N=CN4)=N2)=C1,0.34342474793885536,1726
310074,CNP0236857.0,COC1=CC2=C(C=C1OC)CN(C(=O)CCN1C=CC3=CC(Br)=CC=C31)CC2,0.343404169495293,1727
389445,CNP0038340.0,CCOC(=O)C1=C(C)C2=CC=C(NC(=O)C3CCCCC3)C=C2O1,0.3433775057310286,1728
301350,CNP0251251.2,COC1=CC=C(C2=NN(C)C([C@H]3CN4CC[C@H]3C[C@@H]4CNC(=O)N3CCOCC3)=C2)C=C1OC,0.3432473886186721,1729
13723,CNP0011435.2,COC1=CC=C(NC(=O)OC[C@H]2C[C@@H]3CCN2C[C@@H]3C2=CC(C3=CC=C4C=CC=CC4=C3)=NN2C)C=C1,0.34324721658826735,1730
204425,CNP0488865.0,O=C1C(C2=CC=CC=C2)=COC2=C3CN(CCCO)COC3=CC=C12,0.34322393248954325,1731
322851,CNP0011056.1,COC1=CC=C(C2=NN(C)C([C@H]3C[N@]4CC[C@H]3C[C@@H]4CNC(=O)C(C)(C)C)=C2)C=C1OC,0.3431632660166578,1732
270041,CNP0307949.2,COC1=CC=C(C2=NN(C)C([C@H]3CN4CC[C@H]3C[C@@H]4CNC(=O)C3=CC=C(N(C)C)C=C3)=C2)C=C1,0.3431297945533126,1733
492373,CNP0439361.1,COC1=CC=C(C(=O)NC[C@H]2C[C@@H]3CC[N@@]2C[C@@H]3C2=CC(C3=CC=C(N(C)C)C=C3)=NN2C)C=C1,0.3431297945533126,1734
270790,CNP0307949.1,COC1=CC=C(C2=NN(C)C([C@H]3C[N@]4CC[C@H]3C[C@@H]4CNC(=O)C3=CC=C(N(C)C)C=C3)=C2)C=C1,0.3431297945533126,1735
383710,CNP0458846.2,CN1C(=O)[C@H]2C=C[C@@H]1[C@H]1C(=O)N(C3=CC=C(C4=CC=CC5=CC=CC=C45)C=C3)C(=O)[C@@H]12,0.3430659050870274,1736
262611,CNP0458846.4,CN1C(=O)[C@H]2C=C[C@H]1[C@H]1C(=O)N(C3=CC=C(C4=CC=CC5=CC=CC=C45)C=C3)C(=O)[C@H]12,0.3430659050870274,1737
188080,CNP0392481.0,CC1=C(CCC(=O)N2CCN(CCO)CC2)C(=O)OC2=C(C)C3=C(C=C12)C(C1=CC=CC=C1)=CO3,0.3430458937593706,1738
446950,CNP0068058.1,COCC(=O)NC[C@H]1C[C@@H]2CC[N@@]1C[C@@H]2C1=CC(C2=CC=CC=C2)=NN1C,0.34299544053733383,1739
140061,CNP0529839.0,CCCCCCCCCC(=O)NC1=CC=C(C(=O)NC2=CC=CC(Br)=C2)C=C1,0.34292711420242084,1740
274610,CNP0206671.0,CC1=CC(=O)OC(C)=C1C(=O)NC1=CC=C2C(C)=CC(=O)OC2=C1,0.34287565530115566,1741
199624,CNP0397206.0,COC1=COC(C(=O)NC2=CC=C3NC=CC3=C2)=CC1=O,0.34279052241952407,1742
247096,CNP0397963.0,COC1=CC2=C(C=C1OC)CN(C(=O)CCN1C=CC3=CC=CC(OC)=C31)CC2,0.34274864009200995,1743
425285,CNP0469828.2,NC(=O)C1CCN(C(=O)[C@H]2C[N@@]3CC[C@@H]2C[C@@H]3CN2C=C(C3=CC=CC(N)=C3)N=N2)CC1,0.34255660830753776,1744
347723,CNP0469828.1,NC(=O)C1CCN(C(=O)[C@H]2C[N@]3CC[C@H]2C[C@@H]3CN2C=C(C3=CC=CC(N)=C3)N=N2)CC1,0.34255660830753776,1745
171705,CNP0402534.1,COC1=CC=C(N2CC(C(=O)NC3=CC=C4NC(=O)[C@@H]5CCCN5C(=O)C4=C3)CC2=O)C(OC)=C1,0.34246696091317314,1746
440242,CNP0539522.0,CC1=[N+](CC(=O)C2=CC=C(C3=CC=CC=C3)C=C2)C2=CC=CC=C2N1C,0.34243970783275496,1747
26089,CNP0513393.1,CC1=CC2=C(C=C1C)N[C@H](C1=COC3=CC=CC=C3C1=O)C1=C(CC(C)(C)CC1=O)N2,0.34242467545426586,1748
196072,CNP0186242.0,COC1=CC=C(C2=COC3=C(C)C(OCCN4CCN(C5=CC=CC=C5)CC4)=CC=C3C2=O)C=C1,0.3424237209174852,1749
52853,CNP0004361.1,CS(=O)(=O)C1=CC=C(CN2CCOC[C@H]2C2=NC(C3=CC=CC=C3)=CN2)C=C1,0.34237005997766806,1750
211831,CNP0396250.0,CC(=O)C1=CN(CC(=O)NC2=CC=C3NC=CC3=C2)C2=CC=CC=C12,0.3423688164785284,1751
375043,CNP0214339.0,CN1C2=CC=CC(C(N)=O)=C2N=C2C=CC3=C(C4=CC=CC=C4)C(=O)NC(=O)C3=C21,0.34234765448524435,1752
69827,CNP0394227.1,COC1=CC=C2C(=C1OC)C(=O)N1C2SC(C)(C)[C@H]1C(=O)NC1=CC=C2OC(=O)C=CC2=C1,0.3423196438746393,1753
494101,CNP0502507.1,COC1=CC=CC=C1C(=O)N1CCN2CC(=O)NC3=CC(C4=CC=CN=C4)=CC=C3OC[C@@H]2C1,0.34229518288401883,1754
413460,CNP0368907.0,O=C(NC1=CC=C2C=CNC2=C1)C1=CC(=O)NC2=CC=CC=C12,0.3422706478136002,1755
104965,CNP0599339.0,O=C(COC1=CC=C2C(=C1)C1=CC=NC3=C1N2C(=O)C1=CC=CC=C13)NC1=CC=C2OCOC2=C1,0.34223573326362816,1756
85172,CNP0204665.0,CCOC(=O)C1=C(C)C2=CC=C(NC(=O)C3=CC=CO3)C=C2O1,0.34213385030935867,1757
342751,CNP0128171.2,COCC(=O)NC[C@H]1C[C@@H]2CCN1C[C@@H]2C1=CC(C2=CC=C(OC)C=C2)=NN1C,0.3420631449254101,1758
227124,CNP0391406.1,COC1=CC=C2C(=C1OC)C(=O)OC2N1C(=O)CC[C@H]1C(=O)NC1=CC=C(C)C(C)=C1,0.34201390549825983,1759
338505,CNP0163638.0,CN1C=CC2=C(NC(=O)C3=CC4=CC=CC=C4N3C)C=CC=C21,0.34196568724242327,1760
135227,CNP0305634.1,COC1=CC(OC)=C2C(=O)[C@@]3(OC2=C1Cl)C(=O)C=C(NC1=CC=C(C2=NC(CN4C=CN=C4)=NN2)C=C1)C[C@H]3C,0.3418610916346177,1761
235868,CNP0156769.0,O=C1C(=O)N2C=CC3=CC4=C(OCO4)C4=C5C=CC=CC5=C1C2=C34,0.34179877680520904,1762
26641,CNP0588880.0,CCCCCCCCCC(=O)NC1=CC=C(C(=O)NC2=CC=CC(CC)=C2)C=C1,0.3417846007409192,1763
211976,CNP0481738.0,COC1=CC=C(NC(=O)CC2=CC=CC=C2)C=C1NC(=O)C1=CC=CC=C1,0.3417609567088378,1764
10442,CNP0400082.0,O=C(CCC1=CC=C2OCCC2=C1)NC1=CC=C2NC=CC2=C1,0.3417030370515319,1765
302094,CNP0552946.1,CC1=NOC(C)=C1C(=O)N1CCN2CC(=O)NC3=CC(C4=CC=CC=C4)=CC=C3OC[C@@H]2C1,0.34149624276308055,1766
442416,CNP0450145.2,O=C(N[C@H]1CO[C@H]2[C@H]1OC[C@H]2N1C=C(C2=CC=CC=C2)N=N1)C1=CC=CO1,0.3414661725152927,1767
361473,CNP0208655.0,CC1=C(C(=O)C2=CC=CC=C2)OC2=CC=C(NC(=O)C3=CC=C(Cl)C=C3)C=C12,0.34135524659677985,1768
293583,CNP0046584.0,CC1=C(C(=O)C2=CC=C(Cl)C=C2)OC2=CC=C(NC(=O)C3=CC=CC=C3)C=C12,0.34135524659677985,1769
112996,CNP0521688.1,NC1=NC(=O)N([C@H]2CO[C@@H](CO)S2)C=C1,0.34128807572327824,1770
473084,CNP0004368.1,CC(=O)N1CCC(N2CCOC[C@H]2C2=NC(C3=CC=CC=C3)=CN2)CC1,0.3412303577165896,1771
57866,CNP0506048.1,CCOC1=CC=CC([C@@H]2CC(C3=CC=C(C)C(C)=C3)=NC3(CCN(C)CC3)N2)=C1O,0.3412163823208668,1772
230599,CNP0221436.1,COC1=CC=C(C2=NN(C)C([C@H]3C[N@]4CC[C@H]3C[C@@H]4CNC(=O)N3CCOCC3)=C2)C=C1,0.3411628288473475,1773
77944,CNP0511928.0,CCCCCCC1=CC2=C(C=C1O)OC(=O)C(C1=CSC(C3=CC=CC=C3)=N1)=C2,0.3411624909062455,1774
452328,CNP0531673.1,COC1=CC=CC(C2=CC=C3OC[C@H]4CN(S(=O)(=O)C5=CC=CN=C5)CCN4CC(=O)NC3=C2)=C1,0.34115765209986526,1775
329422,CNP0372289.0,CC1=C(O)C(CN2CCN(C)CC2)=CC2=C1OC(=O)C=C2C1=CC=CC=C1,0.3411267744790859,1776
139088,CNP0350153.2,C=C(C)[C@]1(O)CC[C@]2(C)[C@H](CC=C(C)[C@@]23CC2=C(C=C(C4=CC=CN=C4)OC2=O)O3)[C@@]12CCC(=O)OC2,0.34108320152101884,1777
337551,CNP0411948.0,COC1=CC=C2C=C(C3=C(CC(=O)O)C4=C(O3)C3=CC=CC=C3OC4=O)C=CC2=C1,0.341025958765647,1778
212402,CNP0015688.1,COC1=CC=C(CNC[C@H]2C[C@@H]3CC[N@@]2C[C@@H]3C2=CC(C3=CC=C(OC)C(OC)=C3)=NN2C)C=C1,0.34093714722869933,1779
379112,CNP0062298.0,COC1=CC=C(C(=O)C2=C(C)C3=CC=C(NC(=O)C(C)(C)C)C=C3O2)C=C1,0.34092500347859456,1780
129960,CNP0246830.1,COC1=CC=C(C2=NN(C)C([C@H]3C[N@]4CC[C@H]3C[C@@H]4CNC(=O)NC(C)C)=C2)C=C1,0.34089867656083933,1781
58495,CNP0041218.0,COCC(=O)NC1=CC=C2OC(C3=CC=CC=C3Cl)=CC(=O)C2=C1,0.34086849885535087,1782
196174,CNP0076216.0,CCOCCCN1COC2=CC=C3C(=O)C(C4=CC=CC=C4)=COC3=C2C1,0.34082965754463307,1783
210703,CNP0310548.2,COC1=CC=C(C2=NN(C)C([C@H]3CN4CC[C@H]3C[C@@H]4CNC(=O)C3CCCCC3)=C2)C=C1OC,0.34079126652971486,1784
316078,CNP0310548.1,COC1=CC=C(C2=NN(C)C([C@H]3C[N@]4CC[C@H]3C[C@@H]4CNC(=O)C3CCCCC3)=C2)C=C1OC,0.34079126652971486,1785
406427,CNP0011260.1,CN1N=C(C2=CC=CC=C2)C=C1[C@H]1C[N@]2CC[C@H]1C[C@@H]2CNC(=O)NC1=CC=CC(C#N)=C1,0.3407016465486457,1786
340268,CNP0011260.2,CN1N=C(C2=CC=CC=C2)C=C1[C@H]1CN2CC[C@H]1C[C@@H]2CNC(=O)NC1=CC=CC(C#N)=C1,0.3407016465486457,1787
7696,CNP0120801.1,COC1=CC=C(C2=NN(C)C([C@H]3CN4CC[C@H]3C[C@@H]4CNC(=O)NC3=CC=CC(C(C)=O)=C3)=C2)C=C1OC,0.3406804042290329,1788
482255,CNP0461973.1,COC1=CC=C(C2=NOC([C@@H]3C[C@@H](O)CN3CC3=NC4=CC=CC=C4N3C)=N2)C=C1,0.3406633655022979,1789
172339,CNP0028908.0,COC1=CC=C(C(=O)C2=C(C)C3=CC(NC(=O)C4=CC(OC)=CC(OC)=C4)=CC=C3O2)C=C1,0.3405697194962835,1790
320393,CNP0347753.0,CN1C(=O)C(O)N=C(C2=CC=CC=C2)C2=CC(Cl)=CC=C21,0.3405256427249811,1791
152166,CNP0052188.0,CC1=C(C(=O)C2=CC=C(Cl)C=C2)OC2=CC=C(NC(=O)C3CCCCC3)C=C12,0.34050859104228937,1792
191868,CNP0242238.0,CCOC(=O)C1=C(C)C2=CC(NC(=O)C3=CC=C(OC)C(OC)=C3)=CC=C2O1,0.3404875155146302,1793
493381,CNP0147924.1,COC1=CC=C(C2=NN(C)C([C@H]3C[N@]4CC[C@H]3C[C@@H]4CNC(=O)C3CC3)=C2)C=C1OC,0.3403515864904443,1794
270033,CNP0147924.2,COC1=CC=C(C2=NN(C)C([C@H]3CN4CC[C@H]3C[C@@H]4CNC(=O)C3CC3)=C2)C=C1OC,0.3403515864904443,1795
285864,CNP0372579.2,CC1(C)[C@]2(C(=O)NC3=CC=C4OCCOC4=C3)CC[C@@]1(C)C(=O)C2,0.34030280420436826,1796
26354,CNP0517681.1,COC1=CC=C(S(=O)(=O)N2CCN3CC(=O)NC4=CC(C5=CC=CC=C5)=CC=C4OC[C@@H]3C2)C=C1,0.34021664006329866,1797
163150,CNP0572212.1,O=C1CN2CCN(S(=O)(=O)C3=CC=CN=C3)C[C@H]2COC2=CC=C(C3=CC=CC=C3)C=C2N1,0.34018055477849546,1798
468911,CNP0279489.0,COCCN1C=CC2=CC=C(C(=O)N3CCC4=CC(OC)=C(OC)C=C4C3)C=C21,0.3401091127880253,1799
174584,CNP0397655.2,COC1=CC=C(NC(=O)[C@]23CCC(=O)N2C2=CC=CC=C2C(=O)N3C)C=C1OC,0.34003299901291156,1800
455012,CNP0374843.0,COC1=CC(C2CC(=O)OC3=C(O)C(O)=C4C(=O)C=C(C5=CC=CC=C5)OC4=C32)=CC2=C1OCCO2,0.33998550909615305,1801
334050,CNP0559890.1,O=C1CN2CCN(C(=O)C3=CC=NC=C3)C[C@H]2COC2=CC=C(C3=CC=CN=C3)C=C2N1,0.33993352580399183,1802
445112,CNP0052681.1,CC1=C(C(=O)C2=CC=C(Cl)C=C2)OC2=CC=C(NC(=O)/C=C/C3=CC=CC=C3)C=C12,0.3398927223968642,1803
30365,CNP0334361.0,C=C(C)C(=O)NC1=CC=C2C(C)=CC(=O)OC2=C1,0.33988635377605747,1804
70554,CNP0360178.0,CC(=O)NC1=CC=C2C(C)=CC(=O)OC2=C1,0.33988635377605747,1805
361765,CNP0138444.2,CN1N=C(C2=CC=C3C=CC=CC3=C2)C=C1[C@H]1CN2CC[C@H]1C[C@@H]2CNS(=O)(=O)C1=CC=CC=C1,0.33984913884993423,1806
117848,CNP0138444.1,CN1N=C(C2=CC=C3C=CC=CC3=C2)C=C1[C@H]1C[N@]2CC[C@H]1C[C@@H]2CNS(=O)(=O)C1=CC=CC=C1,0.33984913884993423,1807
230433,CNP0300309.2,COC1=CC=C(C2=NN(C)C([C@H]3CN4CC[C@H]3C[C@@H]4CNC(=O)NC3=CC=C(Cl)C=C3)=C2)C=C1OC,0.33983144386893716,1808
179945,CNP0359679.1,O=C(C1=CC(C2=CC3=C(C=C2)OCC3)=NN1)N1C[C@H]2C[C@@H](C1)C1=CC=CC(=O)N1C2,0.339760435004954,1809
37445,CNP0320202.0,COC1=CC=C2C3=C(C4=CC=CC=C4C3=O)N(CCC3=NC(C4=CC=C(N(C)C)C=C4)=NO3)C(=O)C2=C1OC,0.33975474273538503,1810
247772,CNP0407867.0,COC1=CC(C2CC(=O)OC3=C2C(C)=CC2=C3C(C3=CC=CC=C3)=CC(=O)O2)=CC2=C1OCCO2,0.33961407047930364,1811
58744,CNP0212344.1,CCNC(=O)NC[C@H]1C[C@@H]2CC[N@@]1C[C@@H]2C1=CC(C2=CC=C(OC)C(OC)=C2)=NN1C,0.3393645227753545,1812
382941,CNP0393922.0,CC1=C(C)C2=CC3=C(C=C2O1)OC(=O)C(CCC(=O)NC1=CC=C2NC=CC2=C1)=C3C,0.3393245943517755,1813
196144,CNP0028314.0,COC1=CC=C(C(=O)C2=C(C)C3=CC=C(NC(=O)C4=CC=CC=C4)C=C3O2)C=C1,0.33930700880926273,1814
334270,CNP0307343.0,COC1=CC=C(C(=O)NC2=CC=C3C(C)=C(C(=O)C4=CC=CC=C4)OC3=C2)C=C1,0.33930700880926273,1815
314213,CNP0598559.0,CCCCCCCCCC(=O)NC1=CC=C(C(=O)NC2=CC=CC([N+](=O)[O-])=C2)C=C1,0.33926233252292304,1816
34882,CNP0047276.0,CCOC(=O)C1=C(C)C2=CC(NC(=O)C3=CC(OC)=C(OC)C(OC)=C3)=CC=C2O1,0.33926167888390296,1817
196391,CNP0245062.2,COC1=CC=C(C2=NN(C)C([C@H]3CN4CC[C@H]3C[C@@H]4CNC(=O)C3=CC=C(N(C)C)C=C3)=C2)C=C1OC,0.33919491939951996,1818
125441,CNP0245062.1,COC1=CC=C(C2=NN(C)C([C@H]3C[N@]4CC[C@H]3C[C@@H]4CNC(=O)C3=CC=C(N(C)C)C=C3)=C2)C=C1OC,0.33919491939951996,1819
368885,CNP0406891.0,O=C(CC1=CC=C2CCOC2=C1)NC1=CC=C2NC=CC2=C1,0.33915943559351164,1820
252131,CNP0011145.2,COC1=CC=C(NC(=O)NC[C@H]2C[C@@H]3CCN2C[C@@H]3C2=CC(C3=CC=C(OC)C(OC)=C3)=NN2C)C=C1,0.33915416048364405,1821
12865,CNP0057042.2,COC1=CC=C(C2=NN(C)C([C@H]3CN4CC[C@H]3C[C@@H]4CNC(=O)CCCC(=O)O)=C2)C=C1,0.3391506005976727,1822
309258,CNP0070313.0,COC1=CC=C(C(=O)NC2=CC=C3C(C)=C(C(=O)C4=CC=C(C)C=C4)OC3=C2)C=C1OC,0.3391182608613715,1823
376554,CNP0190289.0,COC1=CNC(C(=O)NC2=CC=C3NC=CC3=C2)=CC1=O,0.3390919011876759,1824
240044,CNP0409990.0,CCCN1COC2=CC=C3C(=O)C(C4=CC=CC=C4)=COC3=C2C1,0.3390274179349553,1825
183410,CNP0512757.0,COC1=CC=C(C(=O)NC2=CC(NC(=O)CC3=CC=CC(OC)=C3)=CC=C2OC)C=C1,0.33895673107025764,1826
102387,CNP0011001.2,CCCS(=O)(=O)NC[C@H]1C[C@@H]2CCN1C[C@@H]2C1=CC(C2=CC=C(N(C)C)C=C2)=NN1C,0.3387760335750304,1827
355534,CNP0602503.1,O=C1CN2CCN(C(=O)C3CCCC3)C[C@H]2COC2=CC=C(C3=CC=CN=C3)C=C2N1,0.33874292239247367,1828
443777,CNP0350137.1,CC(C)C[C@@H](C(=O)NC1=CC=C2C=CNC2=C1)N1CC2=CC=CC=C2C1=O,0.33871488684610074,1829
439280,CNP0246830.2,COC1=CC=C(C2=NN(C)C([C@H]3CN4CC[C@H]3C[C@@H]4CNC(=O)NC(C)C)=C2)C=C1,0.3386891993268683,1830
312390,CNP0347111.1,CN1N=C(C2=CC=CC=C2)C=C1[C@H]1C[N@]2CC[C@H]1C[C@@H]2CNC(=O)NC1CCCCC1,0.3386418427483651,1831
397489,CNP0347111.2,CN1N=C(C2=CC=CC=C2)C=C1[C@H]1CN2CC[C@H]1C[C@@H]2CNC(=O)NC1CCCCC1,0.3386418427483651,1832
114085,CNP0213190.0,O=C(NCCNC(=O)C1=CC2=CC=CC=C2N1)C(=O)NC1=CC=C2NC=CC2=C1,0.3386411453035466,1833
307571,CNP0013121.2,COC1=CC=C(C2=NN(C)C([C@H]3CN4CC[C@H]3C[C@@H]4CNCC3=CC=C(N(C)C)C=C3)=C2)C=C1,0.33859259187829804,1834
46952,CNP0396809.1,CC(C)CCN1C[C@@H](C(=O)NC2=CC=C3OC(=O)C=CC3=C2)CC1=O,0.3384581877219265,1835
417199,CNP0396809.2,CC(C)CCN1C[C@H](C(=O)NC2=CC=C3OC(=O)C=CC3=C2)CC1=O,0.3384581877219265,1836
501354,CNP0534160.0,COC1=CC=CC=C1NC(=O)NC1=CC=C2N=C3CCCN3C(=O)C2=C1,0.3383381042604923,1837
497667,CNP0140034.0,O=C1C(C2=CC=CC=C2)=COC2=CC(OCCN3CCN(C4=CC=CC=C4)CC3)=CC=C12,0.33832113082028603,1838
237739,CNP0403551.0,O=C(COC1=CC=C2C=CC(=O)OC2=C1)NC1=CC=C2OCOC2=C1,0.33828189313520146,1839
161349,CNP0153270.3,COC1=CC=C2C(=C1OC)C(=O)O[C@H]2N1C(=O)CC[C@H]1C(=O)NC1=CC=C2OCCOC2=C1,0.33825744312972367,1840
443180,CNP0010966.1,COC1=CC=C(C2=NN(C)C([C@H]3C[N@]4CC[C@H]3C[C@@H]4CNC(=O)NC3=CC=CC=C3)=C2)C=C1,0.3382516463899545,1841
293838,CNP0399053.0,CC1(C)CC(NC(=O)C2=CC(C3=CC=C4OCCC4=C3)=NN2)CCO1,0.33809954350361393,1842
46263,CNP0299842.0,CC1=C(CC(=O)N2CCN(C)CC2)C(=O)OC2=CC3=C(C=C12)C(C1=CC=CC=C1)=CO3,0.3380199053548363,1843
433302,CNP0011011.2,COC1=CC=C(C2=NN(C)C([C@H]3CN4CC[C@H]3C[C@@H]4CNC(=O)NC3=CC=CC=C3)=C2)C=C1OC,0.33798395209505017,1844
170479,CNP0555456.2,CC1=CC=C(NC(=O)[C@@H]2CC(=O)OC23CCCCC3)C=C1C,0.3379499490251762,1845
480130,CNP0029923.2,COC1=CC=C(C2=NN(C)C([C@H]3CN4CC[C@H]3C[C@@H]4CNC(=O)CSCC(=O)O)=C2)C=C1OC,0.337910870107351,1846
278273,CNP0169316.0,O=C(NCCC1=CNC2=CC=CC=C12)C(=O)NC1=CC=C2C=CNC2=C1,0.33790179070682214,1847
246108,CNP0010998.2,COC1=CC=C(C2=NN(C)C([C@H]3CN4CC[C@H]3C[C@@H]4CNC(=O)NCC3=CC=CC=C3)=C2)C=C1,0.33788847995181187,1848
175624,CNP0010998.1,COC1=CC=C(C2=NN(C)C([C@H]3C[N@]4CC[C@H]3C[C@@H]4CNC(=O)NCC3=CC=CC=C3)=C2)C=C1,0.33788847995181187,1849
410990,CNP0563913.0,O=C(NC1=CC=C2N=C3CCCN3C(=O)C2=C1)NC1=CC=CC=C1Br,0.33787725276669633,1850
42384,CNP0031950.0,CC1=CC=C(C(=O)C2=C(C)C3=CC(NC(=O)C4=CC=CC=C4Cl)=CC=C3O2)C=C1,0.3378644228462985,1851
13313,CNP0376655.3,CC1=CC(NC(=O)[C@@H]2CCC(=O)N2[C@@H]2OC(=O)C3=CC=CC=C32)=CC=C1Br,0.3378291864932203,1852
210301,CNP0472046.2,COC1=CC=C(C2=NN(C)C([C@H]3CN4CC[C@H]3C[C@@H]4CNC(=O)CC3(CC(=O)O)CCCC3)=C2)C=C1,0.33776977240212874,1853
154537,CNP0472046.3,COC1=CC=C(C2=NN(C)C([C@H]3C[N@]4CC[C@H]3C[C@@H]4CNC(=O)CC3(CC(=O)O)CCCC3)=C2)C=C1,0.33776977240212874,1854
162490,CNP0313188.1,C1=CC=C(C2=CNC([C@@H]3COCCN3C3CCCCC3)=N2)C=C1,0.33763068590816686,1855
33012,CNP0003876.1,C1=CC=C(C2=CNC([C@@H]3COCCN3C3CCC3)=N2)C=C1,0.33763068590816686,1856
347888,CNP0011435.1,COC1=CC=C(NC(=O)OC[C@H]2C[C@@H]3CC[N@@]2C[C@@H]3C2=CC(C3=CC=C4C=CC=CC4=C3)=NN2C)C=C1,0.3375862798855154,1857
257862,CNP0408575.0,O=C1C(C2=CC=CC=C2)=COC2=CC(OCCN3CCOCC3)=CC=C12,0.33753155942781876,1858
479026,CNP0468715.0,O=C(NC1=CC=C2C(=O)C=C(C3=NN=NN3)OC2=C1)C1=CC=C(OCCCCC2=CC=CC=C2)C=C1,0.3375103182960428,1859
369093,CNP0516825.0,CN1C(=O)CN=C(C2=CC=CC=C2)C2=CC([N+](=O)[O-])=CC=C21,0.33750169323540424,1860
203885,CNP0412889.0,COC1=CC=C(C2=NOC(CCN3C4=C(C(=O)C5=CC=CC=C54)C4=CC=C(OC)C(OC)=C4C3=O)=N2)C=C1,0.33746035527041385,1861
15106,CNP0198906.0,CN1CCN(C(=O)COC2=CC=C3C(=O)C(C4=CC=CC=C4)=COC3=C2)CC1,0.3374446320481479,1862
329230,CNP0532155.0,CC(C)N1C(C2=CC=CC(C(=O)N3CCC4(CC3)OCCO4)=C2)=NC2=CC=CN=C21,0.3374083850473053,1863
119723,CNP0290006.0,O=C(CC1=CC=CC=C1C(=O)O)NC1=CC=C2C=CNC2=C1,0.33738860434401036,1864
140326,CNP0408418.0,O=C(COC1=CC(O)=C2C(=O)C=C(C3=CC=CC=C3)OC2=C1)N1CCN(CCC2=CC=NC=C2)CC1,0.33736482533896556,1865
57914,CNP0296866.0,COC1=CC=C2C(C)=C(CC(=O)NC3=CC=C4OC(=O)C=CC4=C3)C(=O)OC2=C1,0.3372921394514971,1866
2129,CNP0010949.1,CC(C)NC(=O)OC[C@H]1C[C@@H]2CC[N@@]1C[C@@H]2C1=CC(C2=CC=CC=C2)=NN1C,0.33728869646099796,1867
215657,CNP0059649.0,COC1=CC=CC(C(=O)NC2=CC=C3OC(C(=O)C4=CC=C(Cl)C=C4)=C(C)C3=C2)=C1,0.33728387406215155,1868
235438,CNP0521216.0,CCCCC1=CC=C(NC(=O)C2=CC=CC(NC(=O)CCC)=C2)C=C1,0.33718210872810145,1869
111988,CNP0374449.0,COC1=CC=C(C(=O)NC2=CC=C3C(C)=C(C(=O)C4=CC=C(OC)C(OC)=C4)OC3=C2)C=C1OC,0.3370822224636455,1870
297479,CNP0473619.0,C1=CC=C(C2=CC(C3=CC=CC=N3)=NC3=CC=C4C=CC=CC4=C23)C=C1,0.3370332734845583,1871
40833,CNP0534098.1,O=C1C[C@@H]2CCN(C3COC3)C[C@@H]2CCOC2=CC=C(C3=CC=CN=C3)C=C2N1,0.33703183173582824,1872
211276,CNP0037291.0,CC1=CC=C(C(=O)C2=C(C)C3=CC=C(NC(=O)C4=CC=C(C(C)(C)C)C=C4)C=C3O2)C=C1,0.33699708968256453,1873
160570,CNP0232561.0,CC1=C2OCN(CCCN3CCOCC3)CC2=CC2=C1OC(=O)C=C2C1=CC=CC=C1,0.3368080203212385,1874
168022,CNP0189017.0,CC1=C2OCN(CCN3CCOCC3)CC2=CC2=C1OC(=O)C=C2C1=CC=CC=C1,0.3368080203212385,1875
332602,CNP0217988.0,CC1=CC=C(NC(=O)COC2=CC=C3C(C)=CC(=O)OC3=C2)C=C1C,0.3367315432378297,1876
225891,CNP0522823.2,COC1=CC=CC([C@@H]2CC(C3=CC=C(C)C(C)=C3)=NC3(CCN(C)CC3)N2)=C1O,0.3367285222863612,1877
29462,CNP0382053.0,O=C1C=C(C2=CC=CC=C2)C2=CC=C3OCN(CCC4=CC=C(Cl)C=C4)CC3=C2O1,0.3367198318002165,1878
286494,CNP0403141.0,COC(=O)CC(CC(C)C)C1=C(O)C(O)=C(O)C2=C1OC(C1=CC=CC=C1)=CC2=O,0.33661990006932213,1879
367319,CNP0284468.0,CN1C(=O)NC(=O)C2=C1N=C(CCC(=O)NC1=CC=C3C=CNC3=C1)N2,0.33653115531337924,1880
355781,CNP0011052.1,COC1=CC=C(C2=NN(C)C([C@H]3C[N@]4CC[C@H]3C[C@@H]4CNC(=O)NC(C)C)=C2)C=C1OC,0.3364313259199654,1881
28985,CNP0128171.1,COCC(=O)NC[C@H]1C[C@@H]2CC[N@@]1C[C@@H]2C1=CC(C2=CC=C(OC)C=C2)=NN1C,0.33640220822265815,1882
156685,CNP0583316.1,CCOC1=CC=CC=C1CN1C(=O)[C@@H]2[C@H](C(=O)NC3=CC=C(C)C(C)=C3)[C@@H]3C=C[C@@]2(O3)[C@@H]1C(=O)N[C@@H]1CCC[C@@H](C)[C@@H]1C,0.3363398430770199,1883
396412,CNP0583316.4,CCOC1=CC=CC=C1CN1C(=O)[C@@H]2[C@H](C(=O)NC3=CC=C(C)C(C)=C3)[C@@H]3C=C[C@@]2(O3)[C@@H]1C(=O)N[C@@H]1CCC[C@H](C)[C@@H]1C,0.3363398430770199,1884
379038,CNP0162960.0,COC1=NC2=C(OC)C=C3C=CN=C4C=CN(C1=O)C2=C34,0.33627605881208017,1885
111577,CNP0010973.2,CN(C)C1=CC=C(C2=NN(C)C([C@H]3CN4CC[C@H]3C[C@@H]4CNC(=O)NC3=CC=CC=C3)=C2)C=C1,0.3362620932027214,1886
67112,CNP0011014.1,COC1=CC=C(C2=NN(C)C([C@H]3CN4CC[C@H]3C[C@@H]4CNS(=O)(=O)C3=CC=C4C=CC=CC4=C3)=C2)C=C1OC,0.3361822271841738,1887
40721,CNP0109916.0,COC1=CC=C(C(CC(=O)NC2=CC=C3C=CNC3=C2)C2=C(O)C=C(C)OC2=O)C(OC)=C1OC,0.33617462644189694,1888
92789,CNP0401051.2,COC1=CC=C(C2=COC3=C4C(=CC(OC)=C3C2=O)OC(=O)C[C@H]4C2=CC=NN2C)C=C1,0.3361672749716563,1889
111878,CNP0401051.1,COC1=CC=C(C2=COC3=C4C(=CC(OC)=C3C2=O)OC(=O)C[C@@H]4C2=CC=NN2C)C=C1,0.3361672749716563,1890
100948,CNP0312015.0,O=C(CCCN1C(=O)NC2=CC=CC=C2C1=O)NC1=CC=C2OC(=O)C=CC2=C1,0.3360278361016134,1891
49435,CNP0224427.0,COC1=CC=C(C(=O)C2=C(C)C3=CC(NC(=O)CCC4=CC(OC)=NO4)=CC=C3O2)C=C1,0.33599581954570307,1892
176724,CNP0231330.2,CCOC(=O)C1=C(C)N=C2C([C@@H]3CCCN3C)=CC=CN12,0.3359139081917315,1893
183814,CNP0398826.0,COC1=CC=C(C2(C(=O)NC3=CC=C4C=CNC4=C3)CCOCC2)C=C1,0.3358285025329615,1894
275849,CNP0003878.1,C1=CC=C(C2=CNC([C@@H]3COCCN3C3CCNCC3)=N2)C=C1,0.3358218366340962,1895
298777,CNP0011020.2,COCC(=O)NC[C@H]1C[C@@H]2CCN1C[C@@H]2C1=CC(C2=CC=C(OC)C(OC)=C2)=NN1C,0.33573860947738365,1896
145703,CNP0459000.1,CN(C)C1=CC=C(C2=NN(C)C([C@H]3C[N@]4CC[C@H]3C[C@@H]4CNS(=O)(=O)C3=CC=CS3)=C2)C=C1,0.33565623507117975,1897
445989,CNP0332376.0,CN1C(C2=CC=C3OCOC3=C2)=CC(=O)C2=CC=CC=C21,0.3356065223289802,1898
400004,CNP0310617.0,COC(=O)CC(CC(C)C)C1=C(O)C=C(O)C2=C1OC(C1=CC=CC=C1)=CC2=O,0.3355351578851207,1899
133405,CNP0173308.1,CC(=O)NC1=CC=C(C(=O)/C=C/C2=CC=CC=C2C)C(O)=C1,0.33548538810663964,1900
80939,CNP0563328.1,COC1=CC=C(NC(=O)[C@H]2CN(S(=O)(=O)C3CC3)CC23CCCCC3)C=C1OC,0.33543970553592617,1901
379338,CNP0033326.1,COC1=CC=CC(/C=C2\OC3=CC(OCC(=O)NC4=CC=C5OCCOC5=C4)=CC=C3C2=O)=C1OC,0.3354261261481943,1902
325124,CNP0198370.2,COC1=CC=C(C2=NN(C)C([C@H]3CN4CC[C@H]3C[C@@H]4CNS(=O)(=O)C3=CC=C(NC(C)=O)C=C3)=C2)C=C1,0.3354251536136198,1903
257902,CNP0198370.1,COC1=CC=C(C2=NN(C)C([C@H]3C[N@]4CC[C@H]3C[C@@H]4CNS(=O)(=O)C3=CC=C(NC(C)=O)C=C3)=C2)C=C1,0.3354251536136198,1904
137837,CNP0228018.0,CC1=C(CSC2=NC3=C(N=CNC3=O)N2C)N=C(C2=CC=CC=C2)O1,0.33542403992904185,1905
434133,CNP0251251.1,COC1=CC=C(C2=NN(C)C([C@H]3C[N@]4CC[C@H]3C[C@@H]4CNC(=O)N3CCOCC3)=C2)C=C1OC,0.3353228334059093,1906
425192,CNP0084699.1,O=C(O)/C=C\C(=O)NC1=CC=C2C(=C1)OC(=O)C1=CC=CC=C12,0.33527084917577793,1907
392290,CNP0524536.0,COC1=CC=C(NC(=O)C2=CC=C(NC(C)=O)C=C2)C=C1NC(=O)C1=CC=CC=C1,0.3352225778954054,1908
162312,CNP0466007.1,CCNC(=O)NC[C@H]1C[C@@H]2CC[N@@]1C[C@@H]2C1=CC(C2=CC=C(N(C)C)C=C2)=NN1C,0.3350899388319927,1909
201339,CNP0010949.2,CC(C)NC(=O)OC[C@H]1C[C@@H]2CCN1C[C@@H]2C1=CC(C2=CC=CC=C2)=NN1C,0.33507921922702694,1910
415228,CNP0060888.1,COC1=CC=CC(/C=C2\OC3=CC(OCC(=O)NC4=CC=C5OCOC5=C4)=CC=C3C2=O)=C1OC,0.33507550623331595,1911
385702,CNP0011401.2,CCCNC(=O)OC[C@H]1C[C@@H]2CCN1C[C@@H]2C1=CC(C2=CC=C3C=CC=CC3=C2)=NN1C,0.3350700258200916,1912
430215,CNP0390500.1,COC1=CC=C(/C=C/C(=O)NC2=CC=C3OC(=O)C=CC3=C2)C=C1,0.33500753396139743,1913
362530,CNP0411947.2,CC(=O)NC1=CC=C(S(=O)(=O)NC[C@H]2C[C@@H]3CCN2C[C@@H]3C2=CC(C3=CC=CC=C3)=NN2C)C=C1,0.3348417027350129,1914
349212,CNP0411947.1,CC(=O)NC1=CC=C(S(=O)(=O)NC[C@H]2C[C@@H]3CC[N@@]2C[C@@H]3C2=CC(C3=CC=CC=C3)=NN2C)C=C1,0.3348417027350129,1915
111395,CNP0152057.1,COC1=CC(O)=C([C@H]2CCCCN2C)C2=C1C(=O)C=C(C1=CC=CC=C1)O2,0.3346664936164651,1916
418454,CNP0228205.0,CN1C(=O)C=C(C(=O)NC2=CC=C3C=CNC3=C2)C2=CC=CC=C21,0.3345765697569,1917
381369,CNP0406829.0,O=C1CC(C2=CC=CN=C2Cl)C2=C(C=C(O)C3=C2OC(C2=CC=CC=C2)=CC3=O)O1,0.33442621615835194,1918
270177,CNP0010088.0,CC1=CC=C(NC(=O)C2=CC3=CC=CC=C3OC2=N)C=C1C,0.3343738990467472,1919
258431,CNP0569766.0,CCCCCCC1=CC2=C(C=C1O)OC(=O)C(C1=NC(C3=CC=CC=C3)=CS1)=C2,0.33435653489824796,1920
411949,CNP0271552.0,COC1=CC=C(NC(=O)COC2=CC=C3C(=C2)C2=CC=NC4=C2N3C(=O)C2=CC=CC=C24)C=C1OC,0.33429732455996286,1921
74052,CNP0321048.1,CC1=C[C@H](O)[C@@H]2[C@]34CC[C@](O)(OC3)C(C)(C)[C@@H]4CC[C@@]2(C)[C@@]12OC1=C(C(=O)OC(C3=CC=CN=C3)=C1)[C@@H]2O,0.3342920127658013,1922
362054,CNP0435658.1,COC1=CC=C(C2=C(CC3=CC=C4OC(C(C)(C)O)CC4=C3)[C@@H](OC)OC2=O)C=C1,0.3342464739208409,1923
170831,CNP0011052.2,COC1=CC=C(C2=NN(C)C([C@H]3CN4CC[C@H]3C[C@@H]4CNC(=O)NC(C)C)=C2)C=C1OC,0.33422184868599436,1924
219096,CNP0300309.1,COC1=CC=C(C2=NN(C)C([C@H]3C[N@]4CC[C@H]3C[C@@H]4CNC(=O)NC3=CC=C(Cl)C=C3)=C2)C=C1OC,0.3341705071661852,1925
416061,CNP0199458.0,COC1=CC=C(C(=O)C2=C(C)C3=CC(NC(=O)CCCN4N=NC5=CC=CC=C5C4=O)=CC=C3O2)C=C1,0.33410927344449703,1926
431971,CNP0157360.3,COC1=CC=C(NC(=O)[C@@H]2CCC(=O)N2[C@H]2OC(=O)C3=CC=CC=C32)C=C1OC,0.334093599809506,1927
309965,CNP0458846.3,CN1C(=O)[C@@H]2C=C[C@H]1[C@H]1C(=O)N(C3=CC=C(C4=CC=CC5=CC=CC=C45)C=C3)C(=O)[C@@H]12,0.334075968828063,1928
484173,CNP0458846.1,CN1C(=O)[C@@H]2C=C[C@@H]1[C@H]1C(=O)N(C3=CC=C(C4=CC=CC5=CC=CC=C45)C=C3)C(=O)[C@H]12,0.334075968828063,1929
345497,CNP0485133.1,COC1=CC=CC([C@@H]2CC(C3=CC=C4OCOC4=C3)=NC3(CCN(C)CC3)N2)=C1O,0.333939281990423,1930
199051,CNP0218897.0,CN1C2=C(C(C3=CC=CC=C3)=CCN(CC3=CC=CC=C3)C2=O)C2=CC=CC=C21,0.33393291688798127,1931
207124,CNP0411803.1,COC1=CC2=C(C=C1CCC(=O)NCCN1C[C@@H]3C[C@H](C1)C1=CC=CC(=O)N1C3)C(C1=CC=CC=C1)=CC(=O)O2,0.33392503825097974,1932
352536,CNP0127762.0,CC1=CC2=CC(C3=CC=C(C4=CC=CC=C4)C=C3)=CN2C=C1,0.3338925884994577,1933
169097,CNP0470305.2,COC1=CC=C(C2=NN(C)C([C@H]3CN4CC[C@H]3C[C@@H]4CNC(=O)CCC(=O)O)=C2)C=C1OC,0.3338606409656144,1934
219005,CNP0374980.3,COC1=CC=C2C(=C1OC)C(=O)O[C@H]2N1C(=O)CC[C@H]1C(=O)NC1=CC=C(Br)C(C)=C1,0.33370116978283365,1935
361289,CNP0415148.0,COC1=CC=C(C2=C(C3=C(O)C(=O)C=C(C)O3)NC(C3=C(C(=O)O)N(C)C4=CC=C(OC)C=C34)=N2)C=C1,0.33369905554645024,1936
456068,CNP0060769.0,COC1=CC=C(OC)C(C(=O)C2=C(C)C3=CC(NC(=O)C4=CC=CC=C4Br)=CC=C3O2)=C1,0.3336929819469885,1937
278065,CNP0011147.2,COC1=CC=C(NC(=O)NC[C@H]2C[C@@H]3CCN2C[C@@H]3C2=CC(C3=CC=C(N(C)C)C=C3)=NN2C)C=C1,0.33367441157993966,1938
59017,CNP0257592.1,C=CC1CC1(CONS(=O)(=O)C1CC1)NC(=O)[C@@H]1C[C@@H](OC2=CC(C3=CC=CC=C3)=NC3=CC(OC)=CC=C23)CN1C(=O)[C@@H](CC(=O)O)C(C)(C)C,0.3336397876295499,1939
352807,CNP0510672.0,COC1=CC=CC(C(=O)NC2=CC=C3OC(C4=CC=CC=C4C)=NC3=C2)=C1,0.3336096133542319,1940
275324,CNP0408004.0,O=C(COC1=CC=C2C(C3=CC=CC=C3)=CC(=O)OC2=C1)N1CCN(CCO)CC1,0.3335619464478509,1941
206944,CNP0011145.1,COC1=CC=C(NC(=O)NC[C@H]2C[C@@H]3CC[N@@]2C[C@@H]3C2=CC(C3=CC=C(OC)C(OC)=C3)=NN2C)C=C1,0.33349322378089213,1942
279168,CNP0057042.1,COC1=CC=C(C2=NN(C)C([C@H]3C[N@]4CC[C@H]3C[C@@H]4CNC(=O)CCCC(=O)O)=C2)C=C1,0.33348966389492074,1943
367772,CNP0154564.0,CCOC1=CC=CC=C1C1=CC(=O)C2=CC=C(NC(C)=O)C=C2O1,0.33325130474475606,1944
348488,CNP0027221.2,COC1=CC=C(C2=NN(C)C([C@H]3CN4CC[C@H]3C[C@@H]4CNC(=O)CCCC(=O)O)=C2)C=C1OC,0.3332219696000163,1945
329217,CNP0011001.1,CCCS(=O)(=O)NC[C@H]1C[C@@H]2CC[N@@]1C[C@@H]2C1=CC(C2=CC=C(N(C)C)C=C2)=NN1C,0.33311509687227847,1946
228486,CNP0275438.1,COCCCN(C[C@@H]1CCCN2CCCC[C@H]12)C(=O)CCN1C=CC2=CC=CC(OC)=C21,0.3330259210152143,1947
31964,CNP0372138.1,CCOC1=CC(C2=CC=C(OC)C(OC)=C2)=C/C(=N\C2=CC=CC=C2N)C2=C(C)OC(C)=C12,0.33301977840499897,1948
475642,CNP0498042.0,COC1=CC=C(NC(=O)C(=O)NCCC2=CC=CC=C2)C=C1OC,0.33300596897492596,1949
449456,CNP0042296.1,COC1=CC=C(C2=NN(C)C([C@H]3CN4CC[C@H]3C[C@@H]4CNS(=O)(=O)C3=CC=C(NC(C)=O)C=C3)=C2)C=C1OC,0.33299136257919143,1950
265287,CNP0013121.1,COC1=CC=C(C2=NN(C)C([C@H]3C[N@]4CC[C@H]3C[C@@H]4CNCC3=CC=C(N(C)C)C=C3)=C2)C=C1,0.3329316551755461,1951
138671,CNP0449494.1,COC1=CC=C(CNC[C@H]2C[C@@H]3CC[N@@]2C[C@@H]3C2=CC(C3=CC=C(N(C)C)C=C3)=NN2C)C=C1,0.3329316551755461,1952
194848,CNP0013339.2,COC1=CC=C(C2=NN(C)C([C@H]3CN4CC[C@H]3C[C@@H]4CNS(=O)(=O)C3=CC(OC)=CC=C3OC)=C2)C=C1,0.33288030373701566,1953
253674,CNP0005023.1,ClC1=CC=C(CN2CCOC[C@H]2C2=NC(C3=CC=CN=C3)=CN2)C=C1,0.3328435392017757,1954
9608,CNP0142169.0,O=C(CCCC1=CNC2=CC=CC=C12)NC1=CC=C2OCOC2=C1,0.3328414307300964,1955
73696,CNP0253580.1,CC(C)C[C@@H](C(=O)NC1=CC=C2NC=CC2=C1)N1CC2=CC=CC=C2C1=O,0.3328128633532524,1956
14515,CNP0070879.0,COC1=CC=C(C(=O)C2=C(C)C3=CC=C(NC(=O)C4=CC=CC=C4C)C=C3O2)C=C1OC,0.3326670893208339,1957
387490,CNP0018724.0,COC1=C(C)C=CC=C1C(=O)NC1=CC=C2OC(=O)C=CC2=C1,0.3324458310136197,1958
435358,CNP0134079.0,COC1=CC=C(NC(C)=O)C=C1P(=O)(C1=CC=CC=C1)C1=CC=CC=C1,0.33242388993354643,1959
155474,CNP0011011.1,COC1=CC=C(C2=NN(C)C([C@H]3C[N@]4CC[C@H]3C[C@@H]4CNC(=O)NC3=CC=CC=C3)=C2)C=C1OC,0.3323230153922981,1960
259964,CNP0217458.1,C[C@@H]1C[C@H]2CC3=NC=C(C4=CC=C5C(=N4)C[C@@H]4C[C@@H](C)C[C@]56NCCC[C@H]46)C=C3[C@]3(C1)NCCC[C@H]23,0.3322511336898279,1961
415860,CNP0029923.1,COC1=CC=C(C2=NN(C)C([C@H]3C[N@]4CC[C@H]3C[C@@H]4CNC(=O)CSCC(=O)O)=C2)C=C1OC,0.3322499334045989,1962
357091,CNP0589460.1,O=C1C[C@@H]2CCN(S(=O)(=O)C3=CC=CC=C3)C[C@@H]2CCOC2=CC=C(C3=CC=CN=C3)C=C2N1,0.3322210705457955,1963
145613,CNP0178122.0,COC1=CC=C(C(=O)C2=C(C)C3=CC=C(NC(=O)C4=CC=C(Br)C=C4)C=C3O2)C=C1OC,0.33218399662669645,1964
226772,CNP0156271.0,O=C(CC1=CNC2=CC=CC=C12)NC1=CC=C2OC(=O)C=CC2=C1,0.3321805054271378,1965
346229,CNP0299182.2,COC1=CC=C(C2=NN(C)C([C@H]3CN4CC[C@H]3C[C@@H]4CNCC3=CC=C(N(C)C)C=C3)=C2)C=C1OC,0.3321794040734506,1966
184726,CNP0157822.1,COC1=CC=C(NC(=O)[C@@H]2CSC3C4=CC=C(OC)C(OC)=C4C(=O)N32)C=C1OC,0.332169866405951,1967
61486,CNP0507445.1,O=C1C[C@@H]2CCNC[C@@H]2CCOC2=CC=C(C3=CC=CN=C3)C=C2N1,0.33215582435607116,1968
430466,CNP0571989.2,CC1=CC=C(NC(=O)[C@@H]2[C@@H]3C=C[C@]4(O3)[C@@H]2C(=O)N([C@@H](C)CCC2=CC=CC=C2)[C@@H]4C(=O)NC2CCCCC2)C=C1C,0.3321555192412839,1969
298112,CNP0513447.0,O=[N+]([O-])C1=CC=C(C2=CN3C(=N2)SC2=CC=CC=C23)C=C1,0.3321311011714447,1970
271374,CNP0065946.0,CCOC(=O)C1=C(C)C2=CC=C(NC(=O)C3=CC=CC=C3OC)C=C2O1,0.33211857100128794,1971
251761,CNP0398469.0,COC1=CC2=C(C=C1OC)CN(C(=O)CCN1C=CC3=CC=C(Cl)C=C31)CC2,0.33208849561319204,1972
63879,CNP0212674.0,CC(=O)NC1=CC=C2C(=C1)CC1=CC=CC(O)=C12,0.33207606687592145,1973
61623,CNP0595281.1,O=C1CN2CCN(C(=O)C3CC3)C[C@H]2COC2=CC=C(C3=CC=CN=C3)C=C2N1,0.33201131245994114,1974
69369,CNP0484428.1,COC1=CC=CC(C2=CC=C3OC[C@H]4CN(C(=O)C5=CC=CC(C)=C5)CCN4CC(=O)NC3=C2)=C1,0.3320025064963296,1975
189334,CNP0010978.2,COCC(=O)NC[C@H]1C[C@@H]2CCN1C[C@@H]2C1=CC(C2=CC=C(N(C)C)C=C2)=NN1C,0.33197773369134836,1976
266458,CNP0302561.0,CC(=O)NC1=CC=C2C(C)=C(C(=O)C3=CC=C(C)C=C3)OC2=C1,0.3319665298508862,1977
384194,CNP0011123.2,COC1=CC=C(C2=NN(C)C([C@H]3CN4CC[C@H]3C[C@@H]4CNC(=O)NCC3=CC=CC=C3)=C2)C=C1OC,0.3319598489541555,1978
491846,CNP0011123.1,COC1=CC=C(C2=NN(C)C([C@H]3C[N@]4CC[C@H]3C[C@@H]4CNC(=O)NCC3=CC=CC=C3)=C2)C=C1OC,0.3319598489541555,1979
276974,CNP0412046.1,COCCN(C[C@@H]1CCCN2CCCC[C@H]12)C(=O)CCN1C=CC2=CC=CC(OC)=C21,0.3319538213187356,1980
101478,CNP0421238.0,O=C(COC1=CC=C2C=CC(=O)OC2=C1)NC1=CC=C2OCCOC2=C1,0.33173476390051654,1981
144525,CNP0350519.0,CC1=C(C)C2=CC3=C(C=C2O1)OC(=O)C(CCC(=O)NC1=CC=C2OC(=O)C=CC2=C1)=C3C,0.331734609058516,1982
139748,CNP0158124.0,COC1=CC=C(C2=CN3C(=N2)SC2=CC=CC=C23)C=C1,0.3317300533914779,1983
345521,CNP0547362.1,[N]=C1C=CN2C(=N1)OC[C@H]1[C@H](O)[C@H](O)O[C@H]12,0.33171429643345873,1984
57213,CNP0386050.2,COC1=CC=C(C2=NN(C)C([C@H]3CN4CC[C@H]3C[C@@H]4COC(=O)NC3=CC=CC=C3)=C2)C=C1,0.3316237523477625,1985
301951,CNP0034324.0,CC1=C(C(=O)C2=CC=CC=C2)OC2=CC=C(NC(=O)CN3C=NC4=CC=CC=C4C3=O)C=C12,0.33160875196130396,1986
342223,CNP0458362.0,C1=CC=C(C2=CC=C3C=C4C=CC(C5=CC=CC=C5)=NC4=CC3=N2)C=C1,0.33157952398292706,1987
199900,CNP0138659.0,COC1=CC=C2NC=C(CCNC(=O)C(=O)NC3=CC=C4C=CNC4=C3)C2=C1,0.3314560049348864,1988
225681,CNP0180634.0,CC1=CC(OCC(=O)NC2=CC=C3OCCOC3=C2)=C2C3=C(CCC3)C(=O)OC2=C1,0.3313148193925408,1989
412864,CNP0277239.0,COC1=CC=C(C2=COC3=CC(OCC(=O)N4CCN(CCC5=CC=NC=C5)CC4)=CC=C3C2=O)C=C1,0.33131222092809665,1990
147354,CNP0556438.1,CS(=O)(=O)N1CCN2CC(=O)NC3=CC(C4=CC=CC=C4)=CC=C3OC[C@@H]2C1,0.33129880553029245,1991
101186,CNP0291088.3,CC1=CC=C(NC(=O)[C@@H]2CCC(=O)N2[C@H]2OC(=O)C3=CC=CC=C32)C=C1C,0.33122914338588805,1992
372828,CNP0415343.0,COC1=CC=C(C(=O)C2=C(C)C3=CC=C(NC(C)=O)C=C3O2)C=C1OC,0.33122769387478695,1993
290117,CNP0280879.1,COCCN1C=CC2=CC=C(C(=O)N(C)C[C@@H]3CCCN4CCCC[C@H]34)C=C21,0.3311811849922144,1994
424209,CNP0398355.0,CN1C=C(C(=O)NC2=CC=C3C=CNC3=C2)C2=CC=CC=C2C1=O,0.3311409359234444,1995
376454,CNP0032559.0,CC1=CC=C(C(=O)C2=C(C)C3=CC=C(NC(=O)C4=CC=C(Br)C=C4)C=C3O2)C=C1,0.3311225440188595,1996
159599,CNP0398952.0,COC1=CC=C(C2(C(=O)NC3=CC=C4NC=CC4=C3)CCOCC2)C=C1,0.3310730676901615,1997
216597,CNP0372579.1,CC1(C)[C@@]2(C(=O)NC3=CC=C4OCCOC4=C3)CC[C@]1(C)C(=O)C2,0.33107163673977497,1998
178349,CNP0355836.1,COC1=CC=C(C2=CC3=C(C[C@H]4[C@@](C)(CC[C@@]5(O)C(C)(C)OC(=O)CC[C@]45C)O3)C(=O)O2)C=C1,0.331071561836268,1999
475476,CNP0397758.0,CC1=C(OCC(=O)NC2=CC=C3NC=CC3=C2)C(=O)C=CO1,0.3310667838553399,2000
435336,CNP0495499.1,CCOC1=CC(C2=CC=C3OCOC3=C2)=C/C(=N\C2=CC=CC=C2N)C2=C(C)OC(C)=C12,0.3310303716539048,2001
396198,CNP0523980.1,O=C1CN2CCN(C(=O)C3=CC=CN=C3)C[C@H]2COC2=CC=C(C3=CC=CC=C3)C=C2N1,0.33099926417905434,2002
372031,CNP0527222.1,COC1=CC=CC(C2=CC=C3OC[C@H]4CNCCN4CC(=O)NC3=C2)=C1,0.33098738358437346,2003
171383,CNP0048543.0,CC1=CC=CC=C1C(=O)NC1=CC=C2C(C)=C(C(=O)C3=CC=CC=C3)OC2=C1,0.33095179421891063,2004
173388,CNP0385850.2,O=C(NC1=CC=C2OCOC2=C1)[C@@H]1CCCN1C(=O)[C@@H]1CC2=CC=CC=C2CN1,0.33094459355006994,2005
40847,CNP0031549.0,CCOC(=O)C1=CC=CC(NC(=O)C2=CC=C(NC(C)=O)C=C2)=C1,0.33093654962871133,2006
181719,CNP0387437.2,CC1=CC=C2C(=C1)C(C)(C)[C@]1(/C=C/C3=CC=C(C4=CC=CC=C4)C=C3)NC(=O)CCN21,0.3308457586139045,2007
386992,CNP0300590.1,COC1=CC=C(C2=CC3=C(C[C@H]4[C@@](C)(CC[C@@]5(O)C(C)(C)C(=O)CC[C@]45C)O3)C(=O)O2)C=C1,0.3307537849389769,2008
234586,CNP0408080.0,COC1=CC(C2CC(=O)OC3=C2C(C)=CC2=C3C(C3=CC=CC=C3)=CC(=O)O2)=CC(OC)=C1OC,0.33071279887944643,2009
444879,CNP0226037.1,CC(C)NC(=O)NC[C@H]1C[C@@H]2CC[N@@]1C[C@@H]2C1=CC(C2=CC=C(N(C)C)C=C2)=NN1C,0.3306954616198212,2010
78861,CNP0003880.1,CN(C)C1=CC=C(CN2CCOC[C@H]2C2=NC(C3=CC=CC=C3)=CN2)C=C1,0.3306907473233155,2011
474607,CNP0010973.1,CN(C)C1=CC=C(C2=NN(C)C([C@H]3C[N@]4CC[C@H]3C[C@@H]4CNC(=O)NC3=CC=CC=C3)=C2)C=C1,0.33060115649996946,2012
68968,CNP0075577.1,COC1=C([C@@H]2CCCCN2C)C(O)=CC2=C1C(=O)C=C(C1=CC=CC=C1)O2,0.3305885351040338,2013
270181,CNP0521281.1,O=C1CN2CCN(C(=O)COC3=CC=CC=C3)C[C@H]2COC2=CC=C(C3=CC=CC=C3)C=C2N1,0.3305671661477463,2014
358596,CNP0048445.2,COC1=CC=C(OC)C(S(=O)(=O)NC[C@H]2C[C@@H]3CCN2C[C@@H]3C2=CC(C3=CC=CC=C3)=NN2C)=C1,0.3305175141574099,2015
48414,CNP0037380.1,CC(=O)NC1=CC=C(S(=O)(=O)N2C[C@@H]3C[C@H](C2)C2=CC=C(C4=CC=CN=C4)C(=O)N2C3)C=C1,0.330454611252597,2016
42736,CNP0445426.1,O=C1/C(=C/C2=CC=C(C3=CC=CC=C3)C=C2)OC2=C1C=CC(O)=C2CN1CCN(CCO)CC1,0.33041960104674317,2017
285400,CNP0268474.0,O=C(O)CC1=C(C2=CC=C3OCCC3=C2)OC2=C1C(=O)OC1=CC=CC=C12,0.3304178076424217,2018
326689,CNP0398607.0,CN1C=C(C(=O)NC2=CC=C3C=CNC3=C2)C2=CC=CC=C21,0.3303519415621397,2019
242723,CNP0187369.0,CC(C)CN1C(=O)C(C2CC(=O)OC3=CC(O)=C4C(=O)C(O)=C(C5=CC=C(O)C(O)=C5)OC4=C32)=CC2=CC=CC=C21,0.3302892567765204,2020
488123,CNP0172112.1,CC(C)[C@H](NC(=O)NC1=CC=C2OC(=O)C=CC2=C1)C(=O)O,0.33028107458762945,2021
222870,CNP0036833.0,COC1=CC=C(C(=O)C2=C(C)C3=CC(NC(=O)C4=CC=CC=C4Cl)=CC=C3O2)C=C1OC,0.3302451167956745,2022
246309,CNP0011433.2,COC1=CC=C(C2=NN(C)C([C@H]3CN4CC[C@H]3C[C@@H]4CO)=C2)C=C1OC,0.33022145614107096,2023
333722,CNP0415139.0,CCOC(=O)C1=C(C)C2=CC(NC(=O)C3=CC=CC=C3Cl)=CC=C2O1,0.3300799480964505,2024
473707,CNP0011020.1,COCC(=O)NC[C@H]1C[C@@H]2CC[N@@]1C[C@@H]2C1=CC(C2=CC=C(OC)C(OC)=C2)=NN1C,0.33007767277463174,2025
197113,CNP0011398.2,COC1=CC=C(C2=NN(C)C([C@H]3CN4CC[C@H]3C[C@@H]4COC(=O)NC3=CC=CC=C3)=C2)C=C1OC,0.33007042257089536,2026
131875,CNP0024400.0,COC1=CC=C(C(=O)C2=C(C)C3=CC=C(NC(=O)C4=CC=CC=C4Br)C=C3O2)C=C1,0.3300489368337686,2027
130827,CNP0383834.0,CN1C(=O)C=C(C(=O)NC2=CC=C3NC=CC3=C2)C2=CC=CC=C21,0.330011532000058,2028
464213,CNP0115445.1,C=C(C)[C@]1(O)CC[C@@]2(C)C3=CC4=C(C=C(C5=CC=CN=C5)OC4=O)O[C@@]3(C)[C@@H](O)C[C@@H]2[C@@]12CCC(=O)OC2,0.33000770553849884,2029
285734,CNP0443798.2,CC1=CC=C(NC(=O)[C@@H]2[C@@H](C(=O)NC3=CC=C(C)C(C)=C3)[C@H]3C=C[C@@H]2CC3)C=C1C,0.32997646830518584,2030
497218,CNP0443798.4,CC1=CC=C(NC(=O)[C@@H]2[C@H](C(=O)NC3=CC=C(C)C(C)=C3)[C@@H]3C=C[C@H]2CC3)C=C1C,0.32997646830518584,2031
317668,CNP0191694.0,COC1=CC=C(OC)C(C(=O)C2=C(C)C3=CC(NC(=O)C4=CC=CC=C4OC)=CC=C3O2)=C1,0.32997343299013876,2032
143412,CNP0408979.0,COC1=CC=C2C(=C1)C=CN2CCC(=O)N1CCC2=CC(OC)=C(OC)C=C2C1,0.32996122449215304,2033
333619,CNP0035515.2,CN1C(=O)CN2C(C3=CC=C(Cl)C=C3)=NO[C@]2(C2=CC=CC=C2)C2=CC(Cl)=CC=C21,0.32985493251410164,2034
432254,CNP0035515.1,CN1C(=O)CN2C(C3=CC=C(Cl)C=C3)=NO[C@@]2(C2=CC=CC=C2)C2=CC(Cl)=CC=C21,0.32985493251410164,2035
154549,CNP0152374.0,COC1=CC=C(C(=O)C2=C(C)C3=CC=C(NC(=O)C4=CC=C(C(C)(C)C)C=C4)C=C3O2)C=C1OC,0.32980025329065493,2036
337438,CNP0011434.1,COC1=CC=C(C2=NN(C)C([C@H]3C[N@]4CC[C@H]3C[C@@H]4COC(=O)NC(C)C)=C2)C=C1OC,0.32978150701258174,2037
48570,CNP0306230.1,COC1=CC=C(C2=NN(C)C([C@H]3C[N@]4CC[C@H]3C[C@@H]4COC(=O)NC(C)C)=C2)C=C1,0.3297336503558182,2038
484355,CNP0396761.1,COC1=CC=CC=C1/C=C/C(=O)C1=CC(NC(C)=O)=CC=C1O,0.3295876895940564,2039
243923,CNP0330867.0,CN1N=CC=C1C1CC(=O)OC2=C(O)C(O)=C3C(=O)C=C(C4=CC=CC=C4)OC3=C21,0.3295044645654879,2040
170586,CNP0000393.0,C=C1N=C(O)N2C=CN=C12,0.32947717279719396,2041
310916,CNP0422783.1,CN1CCC(N2CCOC[C@H]2C2=NC(C3=CC=NC=C3)=CN2)CC1,0.32946447165628084,2042
459343,CNP0386945.0,O=C1CCCN1CCCN1COC2=CC=C3C(=O)C(C4=CC=CC=C4)=COC3=C2C1,0.32939763985765114,2043
404693,CNP0473813.1,CN(C)C1=CC=C(C2=NN(C)C([C@H]3C[N@]4CC[C@H]3C[C@@H]4CNC(=O)N3CCOCC3)=C2)C=C1,0.3293301226511091,2044
386236,CNP0051782.1,C1=CC=C(C2=CNC([C@@H]3COCCN3C3CCOCC3)=N2)C=C1,0.32932433119334503,2045
451947,CNP0511420.0,COC1=CC=C(C(=O)NC2=CC(NC(=O)CCC3=CC=CC=C3)=CC=C2OC)C=C1,0.32930926368847857,2046
276903,CNP0364756.0,COCCN1C=CC2=CC(C(=O)N3CCC4=CC(OC)=C(OC)C=C4C3)=CC=C21,0.32929401370436323,2047
198232,CNP0440321.1,O=C1C=CC(C2=CN=CN=C2)=C2[C@@H]3C[C@@H](CN(CC4=CC=C(C5=CC=CC=N5)C=C4)C3)CN21,0.3291981824555639,2048
377513,CNP0522867.1,COC1=CC=C(/C=C/C(=O)NC2=CC=C(C(=O)OC3=CC=CC=C3)C(O)=C2)C=C1,0.32917253219806847,2049
450933,CNP0451223.1,COC1=CC=C(C2=NN(C)C([C@H]3C[N@]4CC[C@H]3C[C@@H]4COC(=O)NC3=CC=C(C(C)C)C=C3)=C2)C=C1,0.3290354186432151,2050
77041,CNP0463440.1,CO[C@@H]1OC(=O)C(C2=CC=C(O)C=C2)=C1CC1=CC=C2OC(C(C)(C)O)CC2=C1,0.32893342852245894,2051
475351,CNP0029470.2,CSCC(=O)N1C[C@@H]2C[C@H](C1)C1=CC=C(C3=CC=C(NC(C)=O)C=C3)C(=O)N1C2,0.32870696662172166,2052
493698,CNP0029470.1,CSCC(=O)N1C[C@H]2C[C@H](C1)C1=CC=C(C3=CC=C(NC(C)=O)C=C3)C(=O)N1C2,0.32870696662172166,2053
251429,CNP0157360.1,COC1=CC=C(NC(=O)[C@@H]2CCC(=O)N2C2OC(=O)C3=CC=CC=C32)C=C1OC,0.32863493031973606,2054
498991,CNP0037706.0,COC1=CC=C(C(=O)C2=C(C)C3=CC=C(NC(=O)C4=CC=C(C)C=C4)C=C3O2)C=C1OC,0.32860695123873546,2055
188839,CNP0004369.1,COC1=CC=C(CN2CCOC[C@H]2C2=NC(C3=CC=CC=C3)=CN2)C=C1,0.32851576767709434,2056
386239,CNP0226037.2,CC(C)NC(=O)NC[C@H]1C[C@@H]2CCN1C[C@@H]2C1=CC(C2=CC=C(N(C)C)C=C2)=NN1C,0.32848598438585036,2057
376945,CNP0338318.1,COC1=CC=C(C2=C(C)OC3=CC(OCCN4C[C@H]5C[C@@H](C4)C4=CC=CC(=O)N4C5)=CC=C3C2=O)C=C1,0.32837402348861894,2058
199222,CNP0510280.0,COC(=O)C1=C(C2=NC(C3=CC=CC=C3)=C(C3=C(O)C(=O)C=C(C)O3)N2)C2=C(OC)C=C(OC)C=C2N1,0.3283662723824384,2059
73064,CNP0029854.2,CC(=O)NC1=CC=C(C2=CC=C3[C@@H]4C[C@H](CN(CC5=CC=CS5)C4)CN3C2=O)C=C1,0.32830395193535755,2060
237848,CNP0029854.1,CC(=O)NC1=CC=C(C2=CC=C3[C@@H]4C[C@@H](CN(CC5=CC=CS5)C4)CN3C2=O)C=C1,0.32830395193535755,2061
208527,CNP0339565.0,COC1=CC=C(C(=O)C2=C(C)C3=CC(NC(=O)CCN4N=NC5=CC=CC=C5C4=O)=CC=C3O2)C=C1,0.3282031050446365,2062
65040,CNP0470305.3,COC1=CC=C(C2=NN(C)C([C@H]3C[N@]4CC[C@H]3C[C@@H]4CNC(=O)CCC(=O)O)=C2)C=C1OC,0.3281997042628625,2063
459656,CNP0267500.0,O=C(CCCCCN1C(=O)NC2=CC=CC=C2C1=O)NC1=CC=C2C=CNC2=C1,0.3281334548128088,2064
211628,CNP0064556.0,CC1=CC=CC=C1C1=CC(=O)C2=CC(NC(=O)C3=CC=C(Cl)C=C3)=CC=C2O1,0.3281243100652748,2065
215599,CNP0406483.1,COC1=CC=C(C2=NNC(C(=O)N3C[C@H]4C[C@@H](C3)C3=CC=CC(=O)N3C4)=C2)C=C1OC,0.32808218877688355,2066
56422,CNP0011147.1,COC1=CC=C(NC(=O)NC[C@H]2C[C@@H]3CC[N@@]2C[C@@H]3C2=CC(C3=CC=C(N(C)C)C=C3)=NN2C)C=C1,0.32801347487718774,2067
383586,CNP0208318.0,CC1=CC=CN2C=C(C3=CC=C(Cl)C(Cl)=C3)N=C12,0.32795943944525874,2068
141108,CNP0485133.2,COC1=CC=CC([C@H]2CC(C3=CC=C4OCOC4=C3)=NC3(CCN(C)CC3)N2)=C1O,0.3278404163801467,2069
171879,CNP0536119.0,COC1=CC=C(C(=O)NC2=CC=C3OC(C4=CC=CC=C4C)=NC3=C2)C=C1,0.32772823182510563,2070
302932,CNP0314549.0,O=C(NC1=CC=C2N=CC=CC2=C1)C1=COC(=O)C=C1,0.3276234096160337,2071
241975,CNP0603470.0,COC1=CC=C(CCC(=O)NC2=CC=C(OC)C(NC(=O)C3=CC=CC=C3)=C2)C=C1,0.32759157532452193,2072
190819,CNP0011434.2,COC1=CC=C(C2=NN(C)C([C@H]3CN4CC[C@H]3C[C@@H]4COC(=O)NC(C)C)=C2)C=C1OC,0.3275720297786107,2073
95412,CNP0027221.1,COC1=CC=C(C2=NN(C)C([C@H]3C[N@]4CC[C@H]3C[C@@H]4CNC(=O)CCCC(=O)O)=C2)C=C1OC,0.3275610328972644,2074
360958,CNP0156355.0,CC1=CC=C(C(=O)NC2=CC=C3C(C)=C(C(=O)C4=CC=C(C)C=C4)OC3=C2)C=C1,0.3275454986308985,2075
212583,CNP0554523.0,CCOC1=CC=C(CC(=O)NC2=CC=C(OC)C(NC(=O)C3=CC=CC=C3)=C2)C=C1OCC,0.3275327089831328,2076
276100,CNP0306230.2,COC1=CC=C(C2=NN(C)C([C@H]3CN4CC[C@H]3C[C@@H]4COC(=O)NC(C)C)=C2)C=C1,0.3275241731218472,2077
156034,CNP0413588.0,COC(=O)CC1=C(C2=CC=CC(OC)=C2)OC2=C(O)C(O)=C3C(=O)C=C(C4=CC=CC=C4)OC3=C12,0.3275046515705824,2078
348329,CNP0482115.0,COC1=CC=C(C(=O)NC2=CC=C(N3CCN(C(C)=O)CC3)C(C(=O)O)=C2)C=C1,0.32734645342371715,2079
238120,CNP0011401.1,CCCNC(=O)OC[C@H]1C[C@@H]2CC[N@@]1C[C@@H]2C1=CC(C2=CC=C3C=CC=CC3=C2)=NN1C,0.3272795030540626,2080
309815,CNP0321404.0,O=C(NC1=CC=C2NC=CC2=C1)C1=CC(=O)NC2=CC=CC=C12,0.32724679041742183,2081
361149,CNP0454110.1,CN(C)C1=CC=C(C2=NN(C)C([C@H]3C[N@]4CC[C@H]3C[C@@H]4CNC(=O)NCC3=CC=CC=C3)=C2)C=C1,0.32722769010518704,2082
163765,CNP0013339.1,COC1=CC=C(C2=NN(C)C([C@H]3C[N@]4CC[C@H]3C[C@@H]4CNS(=O)(=O)C3=CC(OC)=CC=C3OC)=C2)C=C1,0.32721936703426374,2083
216223,CNP0556583.1,CC1=CC=C2OCC[C@H]3CN(CC4=CC(C5=CC=CC=C5)=NO4)CC[C@H]3CC(=O)NC2=C1,0.3271572507946478,2084
14951,CNP0547276.0,C[O+]=C1C2=CN(C)C=CC2=CC2=C1OCO2,0.32708110492792747,2085
238250,CNP0037560.0,COC1=CC=C(C(=O)C2=C(C)C3=CC(NC(=O)CN4N=NC5=CC=CC=C5C4=O)=CC=C3O2)C=C1,0.3268465003385399,2086
498052,CNP0035832.0,CC1=C(C2=CC=CC=C2)N(C)C2=CC=CC=C12,0.3268373388063665,2087
385114,CNP0521610.0,CC(=O)NC1=CC=C2CCC3=CC=CC=C3N(C(C)=O)C2=C1,0.326833673750178,2088
317210,CNP0282040.2,COC1=CC=C2C(=C1OC)C(=O)N1C3=CC=C(O[C@@H](C)C(=O)NC4=CC=C5OCOC5=C4)C=C3C3=C1C2=NC=C3,0.32682073754423174,2089
234060,CNP0350265.1,C=C1[C@H]2[C@H](CO)[C@H]3CCC[C@]1(C)[C@@]3(C(=O)CCC1=CC=CC(C3=CC=CC(O)=C3)=C1)[C@@]2(O)OC,0.3268098909230845,2090
330604,CNP0503852.1,CCCNC(=O)OC[C@H]1C[C@@H]2CC[N@@+]1(CCl)C[C@@H]2C1=CC(C2=CC=C3C=CC=CC3=C2)=NN1C,0.3267801845627079,2091
84973,CNP0050177.0,COC1=CC=CC(C(=O)C2=C(C)C3=CC(NC(=O)C4=CC=C(Cl)C=C4)=CC=C3O2)=C1,0.32677256443951547,2092
113072,CNP0368805.0,COC1=C2C=C(C3=NC(C4=CC=CC=C4)=NO3)N(C)CCC2=CC2=C1OCO2,0.32673126704823097,2093
33191,CNP0313006.1,COC1=CC=C(C2=NN(C)C([C@H]3C[N@]4CC[C@H]3C[C@@H]4CNC(=O)NC3CCCCC3)=C2)C=C1,0.32660161756928024,2094
389501,CNP0313006.2,COC1=CC=C(C2=NN(C)C([C@H]3CN4CC[C@H]3C[C@@H]4CNC(=O)NC3CCCCC3)=C2)C=C1,0.32660161756928024,2095
206315,CNP0393419.0,CC1=C(CC(=O)NC2=CC=C3OC(=O)C=CC3=C2)C(=O)OC2=CC(O)=CC=C12,0.32654243695581486,2096
88467,CNP0299182.1,COC1=CC=C(C2=NN(C)C([C@H]3C[N@]4CC[C@H]3C[C@@H]4CNCC3=CC=C(N(C)C)C=C3)=C2)C=C1OC,0.3265184673706987,2097
100920,CNP0396450.0,O=C(CCN1CC2=CC=CC=C2C1=O)NC1=CC=C2C=CNC2=C1,0.326511712407343,2098
386243,CNP0480511.0,CN1CCC(CC(=O)NC2C=CC(N3C=CC(=N)N=C3O)OC2C(=O)O)NC1=N,0.3265014055081319,2099
362312,CNP0398161.0,CN1C=C(C(=O)NC2=CC=C3NC=CC3=C2)C2=CC=CC=C2C1=O,0.3263193180155644,2100
129104,CNP0010978.1,COCC(=O)NC[C@H]1C[C@@H]2CC[N@@]1C[C@@H]2C1=CC(C2=CC=C(N(C)C)C=C2)=NN1C,0.32631679698859645,2101
490865,CNP0011093.1,COC1=CC=C(C2=NN(C)C([C@H]3C[N@]4CC[C@H]3C[C@@H]4COC(=O)NC3=CC=C(C(C)=O)C=C3)=C2)C=C1,0.32626048291015297,2102
404462,CNP0011093.2,COC1=CC=C(C2=NN(C)C([C@H]3CN4CC[C@H]3C[C@@H]4COC(=O)NC3=CC=C(C(C)=O)C=C3)=C2)C=C1,0.32626048291015297,2103
304583,CNP0372378.1,COC1=CC=C(C2=CNC([C@@H]3COCCN3C3CCN(C)CC3)=N2)C=C1,0.32618355235139407,2104
25995,CNP0130411.1,COC1=C2C(=CC=C1)[C@]13CCN(C)C[C@@]45O[C@@H]4COC4=CC(=O)N2[C@H]1[C@H]4[C@H]5CC3=O,0.32617168917824313,2105
353151,CNP0269522.1,C1=CC=C(CCCN2CCC[C@H]2C2=NC(C3=CC=C(N4CCOCC4)N=C3)=NO2)C=C1,0.3261311067973709,2106
285783,CNP0023236.0,CCOC(=O)C1=C(C)C2=CC=C(NC(=O)C3=CC=CC=C3Br)C=C2O1,0.32605970132723106,2107
259138,CNP0128459.0,COC1=CC=C2C(=C1OC)C(=O)N1C3=CC=C(OCC(=O)NC4=CC=C5OCCOC5=C4)C=C3C3=C1C2=NC=C3,0.32601158128936897,2108
30896,CNP0386050.1,COC1=CC=C(C2=NN(C)C([C@H]3C[N@]4CC[C@H]3C[C@@H]4COC(=O)NC3=CC=CC=C3)=C2)C=C1,0.32596281564501056,2109
351869,CNP0270128.0,COC1=CC=C(C2=CC(=O)OC3=C(C)C(OCC(=O)C4=C(C)N(C)C5=CC=C(OC)C=C45)=CC=C23)C=C1,0.3259474616283666,2110
187210,CNP0021937.0,CC1=C(C2=CC=CC=C2)C2=CC=CC=C2N1C,0.32585143602028643,2111
21931,CNP0583316.2,CCOC1=CC=CC=C1CN1C(=O)[C@@H]2[C@H](C(=O)NC3=CC=C(C)C(C)=C3)[C@@H]3C=C[C@@]2(O3)[C@@H]1C(=O)N[C@@H]1CCC[C@H](C)[C@H]1C,0.3258142967243521,2112
219372,CNP0132929.0,CN1C=C(C(=O)NC2=CC=C3NC=CC3=C2)C2=CC=CC=C21,0.32578690380529773,2113
375518,CNP0135701.0,COC1=CC2=C(C=C1OC)CN(C(=O)CCN1C=CC3=CC=C(Br)C=C31)CC2,0.3256184788235395,2114
405213,CNP0364048.0,CC1=CC(C(=O)NC2=CC=C3NC=CC3=C2)=C2C=CC=CC2=N1,0.3256030693589047,2115
199291,CNP0575399.1,CN1C[C@H](O)C[C@H]1C1=NC(C2=CC=CC([N+](=O)[O-])=C2)=NO1,0.32555960582632465,2116
126744,CNP0189576.0,COC1=CC=C(C(CC(=O)NC2=CC=C3OC(=O)C=CC3=C2)C2=C(O)C=C(C)OC2=O)C(OC)=C1OC,0.325498936888445,2117
64490,CNP0012495.1,CC(=O)NC1=CC=C(C2=CC=C3[C@@H]4C[C@@H](CN(C5CCN(C)CC5)C4)CN3C2=O)C=C1,0.32542077718271684,2118
176248,CNP0388017.1,COC(=O)[C@@H](NC(=O)NC1=CC=C2OC(=O)C=CC2=C1)C(C)C,0.3254171629237955,2119
256945,CNP0179069.0,CCOC(=O)C1=C(CCN2C(=O)C3=CC=CC=C3C2=O)C2=CC(OCCO)=CC=C2N1,0.32541065673529224,2120
112232,CNP0150721.0,NC1=C2N=C(C3=CC=CC=C3)C=CC2=CC2=CC=C(C3=CC=CC=C3)N=C12,0.3253654728520206,2121
467640,CNP0048445.1,COC1=CC=C(OC)C(S(=O)(=O)NC[C@H]2C[C@@H]3CC[N@@]2C[C@@H]3C2=CC(C3=CC=CC=C3)=NN2C)=C1,0.32485657745465796,2122
176035,CNP0506048.2,CCOC1=CC=CC([C@H]2CC(C3=CC=C(C)C(C)=C3)=NC3(CCN(C)CC3)N2)=C1O,0.32466073147932994,2123
343425,CNP0250130.1,COC1=CC=C(C2=CC3=C(C[C@]4(O)[C@@]5(C)CC[C@@H](OC(C)=O)C(C)(C)[C@]5(O)CC[C@@]4(C)O3)C(=O)O2)C=C1,0.3246368998716756,2124
293169,CNP0064033.0,COC1=CC=CC(C(=O)C2=C(C)C3=CC=C(NC(=O)C4=CC=CC=C4C)C=C3O2)=C1,0.32458915920811743,2125
277361,CNP0031470.2,CN(C)C1=CC=C(C2=NN(C)C([C@H]3CN4CC[C@H]3C[C@@H]4CNC(=O)C3CCCCC3)=C2)C=C1,0.32458770198227405,2126
183646,CNP0031470.1,CN(C)C1=CC=C(C2=NN(C)C([C@H]3C[N@]4CC[C@H]3C[C@@H]4CNC(=O)C3CCCCC3)=C2)C=C1,0.32458770198227405,2127
466508,CNP0318134.1,CC1=C(C2=CC=CC=C2)C(=O)C2=CC=C(OCCN3C[C@H]4C[C@@H](C3)C3=CC=CC(=O)N3C4)C=C2O1,0.32453983737225534,2128
118123,CNP0521769.2,COC1=CC=CC(CN2C(=O)[C@H]3[C@@H](C(=O)NC4=CC=C(C)C(C)=C4)[C@H]4C=C[C@@]3(O4)[C@H]2C(=O)NC2CCCCC2)=C1,0.3245253607976631,2129
51303,CNP0521769.4,COC1=CC=CC(CN2C(=O)[C@H]3[C@H](C(=O)NC4=CC=C(C)C(C)=C4)[C@H]4C=C[C@@]3(O4)[C@H]2C(=O)NC2CCCCC2)=C1,0.3245253607976631,2130
438975,CNP0257929.0,O=C(CCN1C=NC2=CC=CC=C2C1=O)NC1=CC=C2N=CNC(=O)C2=C1,0.3245084882434146,2131
152923,CNP0358247.0,CCOC1=CC=C(C2=CN=C3C4=CC=CC=C4C(=O)N4C5=CC=CC=C5C2=C34)C=C1OC,0.3244404619490442,2132
72589,CNP0011398.1,COC1=CC=C(C2=NN(C)C([C@H]3C[N@]4CC[C@H]3C[C@@H]4COC(=O)NC3=CC=CC=C3)=C2)C=C1OC,0.32440948586814344,2133
103925,CNP0296406.0,COC1=CC=C2C3=C(C4=CC=CC=C4C3=O)N(CCC3=CSC(C4=CC=CN=C4)=N3)C(=O)C2=C1OC,0.32435650750780626,2134
459941,CNP0377200.0,O=C(NCCC1=CNC2=CC=CC=C12)C(=O)NC1=CC=C2NC=CC2=C1,0.32429253515771755,2135
478775,CNP0038435.0,CCOC(=O)C1=C(C)C2=CC(NC(=O)C3=CC=C(OC)C=C3)=CC=C2O1,0.3242558923575479,2136
307611,CNP0171172.1,COC1=CC=C(C2=NN(C)C([C@H]3CN4CC[C@H]3C[C@@H]4CNC(=O)C3=CC(OC)=C(OC)C(OC)=C3)=C2)C=C1OC,0.3241832122350189,2137
292670,CNP0476716.1,COC1=CC=C(NC(=O)OC[C@H]2C[C@@H]3CC[N@@]2C[C@@H]3C2=CC(C3=CC=C(OC)C(OC)=C3)=NN2C)C=C1,0.3240745206982281,2138
234397,CNP0540879.1,COC1=CC=CC(C2=CC=C3OC[C@H]4CN(S(C)(=O)=O)CCN4CC(=O)NC3=C2)=C1,0.3240546456929292,2139
427693,CNP0533472.0,CC1=CC2=CC(C3=CC=C([N+](=O)[O-])C=C3)=CN2C=C1,0.3239380565573641,2140
449977,CNP0338871.1,COC1=CC=C(C2=COC3=C4C(=CC(OC)=C3C2=O)OC(=O)C[C@@H]4C2=CC3=CC=CC4=C3N(CC4)C2=O)C=C1,0.32387128181280483,2141
380659,CNP0536973.1,CCOC1=CC=CC([C@@H]2CC(C3=CC=CC(OC)=C3)=NC3(CCN(C)CC3)N2)=C1O,0.32385065737324387,2142
65210,CNP0522823.1,COC1=CC=CC([C@H]2CC(C3=CC=C(C)C(C)=C3)=NC3(CCN(C)CC3)N2)=C1O,0.32373714944412235,2143
93953,CNP0560847.0,CCCCCCCCCC(=O)NC1=CC=C(C(=O)NC2=CC=CC(NC(=O)C3=CC=CC=C3)=C2)C=C1,0.32371634173733277,2144
277431,CNP0537920.0,CCCCCCCC(=O)NC1=CC=C(C(=O)NC2=CC=CC(NC(=O)C3=CC=CC=C3)=C2)C=C1,0.32371634173733277,2145
278013,CNP0318539.2,COC1=CC=C(C2=NN(C)C([C@H]3CN4CC[C@H]3C[C@@H]4CO)=C2)C=C1,0.32369061520271813,2146
432112,CNP0326453.0,COC1=CC=C(C(=O)C2=C(C)C3=CC=C(NC(=O)C4=CC=CC=C4C)C=C3O2)C=C1,0.32363723069533057,2147
29716,CNP0014075.1,C1=CC(C2=CC=C(C3=NOC([C@@H]4CCCN4CC4=NC=CN4)=N3)C=N2)=CC=N1,0.3235473097894585,2148
476850,CNP0011214.2,CCCNC(=O)OC[C@H]1C[C@@H]2CCN1C[C@@H]2C1=CC(C2=CC=CC=C2)=NN1C,0.32353851722841065,2149
312055,CNP0412500.2,CC[C@H](C)[C@H](NC(=O)NC1=CC=C2OC(=O)C=CC2=C1)C(=O)OC,0.3235336338168924,2150
436629,CNP0577475.0,COC1=CC=C2C(=C1OC)C(=O)N1C3=CC=C(OCC(=O)NC4=CC=C5OCOC5=C4)C=C3C3=C1C2=NC=C3,0.32351584828738894,2151
452965,CNP0401862.0,COC1=CC(C2CC(=O)OC3=CC(O)=C4C(=O)C=C(C5=CC=CC=C5)OC4=C32)=CC(OC)=C1O,0.32343964734271574,2152
346274,CNP0375433.0,COC1=CC(C2CC(=O)OC3=C(O)C(O)=C4C(=O)C=C(C5=CC=CC=C5)OC4=C32)=CC(OC)=C1OC,0.3234280750371222,2153
253571,CNP0401892.0,COC1=CC(C2CC(=O)OC3=C(O)C(O)=C4C(=O)C=C(C5=CC=CC=C5)OC4=C32)=CC(OC)=C1O,0.3234280750371222,2154
87654,CNP0493175.1,COC1=CC=C(S(=O)(=O)N2CCN3CC(=O)NC4=CC(C5=CC=CC(OC)=C5)=CC=C4OC[C@H]3C2)C=C1,0.3233622647883388,2155
439750,CNP0412150.1,COCCCN(C[C@@H]1CCCN2CCCC[C@H]12)C(=O)C1=C(C(C)C)SC(N2C=CC=C2)=N1,0.32331091038984383,2156
160080,CNP0409594.0,CN1N=CC=C1C(CC(=O)N1CCCCC1)C1=C(O)C=C(O)C2=C1OC(C1=CC=CC=C1)=CC2=O,0.3232953628074693,2157
145774,CNP0010249.0,COC1=CC(C(=O)NC2=CC=C3C(=C2)CCCN3C(=O)C(C)(C)C)=CC(OC)=C1OC,0.3232640812474024,2158
384836,CNP0063964.0,COC1=CC(C(=O)NC2=CC=C3C(C)=C(C(=O)C4=CC=C(C)C=C4)OC3=C2)=CC(OC)=C1OC,0.32324492098563135,2159
373986,CNP0360556.0,O=C1C(C2=CC=CC=C2)=COC2=CC(OCCN3CCN(CC4=CC=C5OCOC5=C4)CC3)=CC=C12,0.32322329005089917,2160
336375,CNP0374500.0,CCCOC1=CC=C(C2=CN=C3C4=CC=CC=C4C(=O)N4C5=CC=CC=C5C2=C34)C=C1OC,0.3232148425141767,2161
368278,CNP0453725.0,CN1CCN(CCOC2=CC=C3C=C(C4=CC=CC=C4)C(=O)OC3=C2)CC1,0.3231947167037471,2162
469886,CNP0115934.0,CC1=CC=C(NC(=O)NCC2=CC=CO2)C=C1NC(=O)NCC1=CC=CO1,0.3231406605871781,2163
31362,CNP0535304.1,COC1=CC=C(C2=CC3=C(C[C@@H]4[C@@]5(C)[C@@H](O)C[C@H](O)C(C)(C)[C@]5(O)CC[C@@]4(C)O3)C(=O)O2)C=C1,0.3230774640264882,2164
150921,CNP0275339.0,COC1=CC=C(C(=O)C2=C(C)C3=CC=C(NC(=O)C4=CC=CC=C4OC)C=C3O2)C=C1,0.32303753259300544,2165
24432,CNP0349154.0,CN1C(=O)C(C2=CC=CC=C2)=C(O)C2=CC=CC=C21,0.32281439408466706,2166
17878,CNP0550704.1,COC1=NC=CC=C1CN1CC[C@H]2CC(=O)NC3=CC(C4=CC=CN=C4)=CC=C3OCC[C@H]2C1,0.3227256210950243,2167
171796,CNP0162851.0,CC(C)CCN1C=NC2=CC=C(NC(=O)CCN3C=NC4=CC=CC=C4C3=O)C=C2C1=O,0.3227218880957217,2168
213088,CNP0320022.0,CC1=CC=C(NC(=O)CSC2=NC3=C(N=CNC3=O)N2C)C=C1C,0.3226929522844817,2169
119976,CNP0392953.0,O=C(COC1=CC=C2C=CC(=O)OC2=C1)NC1=CC=C2NC=CC2=C1,0.322639367133567,2170
14744,CNP0291088.1,CC1=CC=C(NC(=O)[C@@H]2CCC(=O)N2C2OC(=O)C3=CC=CC=C32)C=C1C,0.3226279342499004,2171
321078,CNP0505165.0,O=C(C1=CC=CC(C2=CC=C(N3CCCCCC3)N=C2)=C1)N1CCC2(CC1)OCCO2,0.32261928626378195,2172
17985,CNP0342520.0,COC1=COC(C(=O)NC2=CC=C3OCCOC3=C2)=CC1=O,0.32255900862924497,2173
495604,CNP0171333.1,COC1=CC=C(C2=NN(C)C([C@H]3C[N@]4CC[C@H]3C[C@@H]4CNC(=O)NC3=CC=CC(C#N)=C3)=C2)C=C1,0.32254271681231195,2174
303105,CNP0171333.2,COC1=CC=C(C2=NN(C)C([C@H]3CN4CC[C@H]3C[C@@H]4CNC(=O)NC3=CC=CC(C#N)=C3)=C2)C=C1,0.32254271681231195,2175
137562,CNP0422108.0,COC1=CC(C2CC(=O)OC3=CC(O)=C4C(=O)C=C(C5=CC=CC=C5)OC4=C32)=CC(OC)=C1OC,0.3224862036377154,2176
63064,CNP0307992.0,CCN1C=C(C(=O)NCCC(=O)NC2=CC=C3OC(=O)C=CC3=C2)C(=O)C2=CC3=C(C=C21)OCO3,0.3224830126105772,2177
24783,CNP0160592.0,CN1N=CC=C1C1CC(=O)OC2=CC(O)=C3C(=O)C=C(C4=CC=CC=C4)OC3=C21,0.3222778553117027,2178
135228,CNP0598158.1,O=[N+]([O-])C1=CC=CC(C2=NOC([C@@H]3C[C@@H](O)CN3CCCC3=CC=CC=C3)=N2)=C1,0.3222698029768595,2179
30072,CNP0404908.1,COC1=CC=CC2=C1N(CCC(=O)NC[C@H]1CCCN3CCCC[C@H]13)C=C2,0.32224195471450995,2180
279403,CNP0015948.1,C1=CN(C2=CC=C(C3=NOC([C@@H]4CCCN4C4CCCCC4)=N3)C=N2)C=N1,0.3221736288894979,2181
247187,CNP0565479.0,CC1=C(CC(=O)NC2=CC=C3OCOC3=C2)C(=O)OC2=CC3=C(C=C12)C1=C(CCCC1)O3,0.3220950613708166,2182
436231,CNP0593321.2,CC1=CC=C(NC(=O)[C@H]2[C@H]3C=C[C@]4(O3)[C@H](C(=O)NC3CCCCC3)N(CC3=CC=CN=C3)C(=O)[C@@H]24)C=C1Cl,0.3220577369023549,2183
73858,CNP0593321.3,CC1=CC=C(NC(=O)[C@@H]2[C@H]3C=C[C@]4(O3)[C@H](C(=O)NC3CCCCC3)N(CC3=CC=CN=C3)C(=O)[C@@H]24)C=C1Cl,0.3220577369023549,2184
82379,CNP0115721.1,COC1=CC=CC2=C(C3=CC=C4C[C@H](C)N(C)[C@@H](C)C4=C3)C(C)=CC(OC)=C12,0.3219946758209948,2185
17953,CNP0218810.0,COC1=CC2=C(C3=C1C(=O)C=C(C1=CC=CC=C1)O3)C(C1=C3N=CC=CN3N=C1)CC(=O)O2,0.3219725688090164,2186
418861,CNP0579369.0,COC1=CC=C2OC3=CC(C)=NC(C4=CC=CC=C4)=C3C2=C1,0.3219046882213393,2187
143846,CNP0026619.0,CN1C(SSC2=C(C3=CC=CC=C3)C3=CC=CC=C3N2C)=C(C2=CC=CC=C2)C2=CC=CC=C21,0.3218821674550542,2188
420901,CNP0325635.1,COC1=CC=C(C2=NN(C)C([C@H]3CN4CC[C@H]3C[C@@H]4COC(=O)NC3=CC=C(C(C)=O)C=C3)=C2)C=C1OC,0.3218367592534943,2189
111729,CNP0372967.1,COC1=CC=CC=C1/C=C/C(=O)C1=CC=C(NC(C)=O)C=C1O,0.321823004733428,2190
105235,CNP0501222.1,COCC(=O)N1CCN2CC(=O)NC3=CC(C4=CC=CC=C4)=CC=C3OC[C@@H]2C1,0.3216711895004323,2191
259340,CNP0391770.0,CCOC1=CC=C(C2=CN=C3C4=CC=C(OC)C(OC)=C4C(=O)N4C5=CC=CC=C5C2=C34)C=C1OC,0.32165901411340736,2192
270652,CNP0392155.0,CCCOC1=CC=C(C2=CN=C3C4=CC=CC=C4C(=O)N4C5=CC=CC=C5C2=C34)C=C1OCC,0.32164840331030975,2193
351331,CNP0245915.0,COC1=CC=CC2=C1N(CCC(=O)N1CCC3=CC=CC=C3C1)C=C2,0.32161188098125804,2194
416276,CNP0571989.4,CC1=CC=C(NC(=O)[C@@H]2[C@@H]3C=C[C@]4(O3)[C@@H]2C(=O)N([C@@H](C)CCC2=CC=CC=C2)[C@H]4C(=O)NC2CCCCC2)C=C1C,0.32150086174108816,2195
473981,CNP0250291.0,COC1=CC=C(NC(=O)COC2=CC=C3C=CC(=O)OC3=C2)C=C1OC,0.3214627698673823,2196
295385,CNP0309290.0,O=C(CCN1CC2=CC=CC=C2C1=O)NC1=CC=C2NC=CC2=C1,0.32136387926999843,2197
299571,CNP0249292.2,O=C(NC1=CC=C2OCCOC2=C1)[C@@H]1CCCN1C(=O)[C@@H]1CC2=CC=CC=C2CN1,0.3213520814311672,2198
482016,CNP0582999.0,CCOC(=O)NC1=CC=C2CCC3=CC=CC=C3N(C(C)=O)C2=C1,0.32133699819503364,2199
458802,CNP0168248.0,CC1=C(CCC(=O)NC2=CC=C3OCOC3=C2)C(=O)OC2=CC(O)=CC=C12,0.3211341087050026,2200
463588,CNP0423702.0,CC1=CC=C(NC(=O)C2=C(C)OC3=CC=C(OCC4=CC=CC=C4)C=C23)C=C1C,0.3210859736114113,2201
439631,CNP0537007.1,CC1=CC=C(NC(=O)[C@@H]2[C@@H]3C=C[C@]4(O3)[C@@H]2C(=O)N(CCC2=CC=CC=C2)[C@H]4C(=O)NC2CCCCC2)C=C1C,0.3209877814982561,2202
51036,CNP0537007.4,CC1=CC=C(NC(=O)[C@H]2[C@@H]3C=C[C@]4(O3)[C@@H]2C(=O)N(CCC2=CC=CC=C2)[C@@H]4C(=O)NC2CCCCC2)C=C1C,0.3209877814982561,2203
234133,CNP0537007.2,CC1=CC=C(NC(=O)[C@H]2[C@@H]3C=C[C@]4(O3)[C@@H]2C(=O)N(CCC2=CC=CC=C2)[C@H]4C(=O)NC2CCCCC2)C=C1C,0.3209877814982561,2204
53065,CNP0537007.3,CC1=CC=C(NC(=O)[C@@H]2[C@@H]3C=C[C@]4(O3)[C@@H]2C(=O)N(CCC2=CC=CC=C2)[C@@H]4C(=O)NC2CCCCC2)C=C1C,0.3209877814982561,2205
277490,CNP0398031.0,COC1=CC2=C(C=C1OC)CN(C(=O)CCN1C=CC3=CC=CC=C31)CC2,0.320958450667373,2206
231223,CNP0324401.0,CC1=CC(=O)OC2=CC(OCC(=O)NC3=CC=C4NC=NC4=C3)=CC=C12,0.3208908351361376,2207
113036,CNP0166069.0,O=C1C=C(C2=CC=CC=C2)C2=CC=C3OCN(CCN4CCOCC4)CC3=C2O1,0.3208457017979653,2208
105298,CNP0409203.0,O=C1C=C(C2=CC=CC=C2)C2=CC=C3OCN(CCCN4CCOCC4)CC3=C2O1,0.3208457017979653,2209
8564,CNP0508550.0,CN1C=CC2=C3N=C4C=CC=CC4=C4C(=O)N(C)C(=C34)C(=O)C2=C1O,0.320808551795586,2210
473083,CNP0362066.0,COC1=CC=C(C(=O)NC2=CC=C3C(=C2)CCCN3C(=O)C(C)(C)C)C=C1OC,0.320759426205968,2211
229471,CNP0121557.0,COC1=CC(C2=CC(=O)C3=CC=CC=C3N2C)=CC2=C1OCO2,0.32072341828682105,2212
131694,CNP0505150.0,CC1=CN2C=C(C3=CC=CC([N+](=O)[O-])=C3)N=C2C=C1,0.32068924062189685,2213
364589,CNP0539479.0,C=CC(=O)N1C2=CC=CC=C2CCC2=CC=C(NC(=O)OCC)C=C21,0.3206728692588044,2214
333715,CNP0309682.0,CC1=CC=C(NC(=O)NC(=O)C2=CC=CO2)C=C1NC(=O)NC(=O)C1=CC=CO1,0.32066111163621885,2215
215324,CNP0540277.1,COCC(=O)N1CCN2CC(=O)NC3=CC(C4=NC=NN4C)=CC=C3OC[C@H]2C1,0.32061505203138096,2216
282313,CNP0385689.0,CC1=C(C)C2=CC3=C(C=C2O1)OC(=O)C(CC(=O)NC1=CC=C2NC=CC2=C1)=C3C,0.3205953951656856,2217
447085,CNP0392074.0,CCCOC1=CC=C(C2=CN=C3C4=CC=C(OC)C(OC)=C4C(=O)N4C5=CC=CC=C5C2=C34)C=C1OC,0.3204333946785399,2218
162655,CNP0004366.1,O=C(O)C1=CC=C(CN2CCOC[C@H]2C2=NC(C3=CC=CC=C3)=CN2)C=C1,0.320408392389332,2219
276741,CNP0408846.0,CN1CCN(CC2=C(O)C=CC3=C2OC(=O)C=C3C2=CC=CC=C2)CC1,0.3203990069349041,2220
450585,CNP0409891.1,COCCN1C=CC2=CC(C(=O)N(C)C[C@@H]3CCCN4CCCC[C@H]34)=CC=C21,0.32036608590855226,2221
467470,CNP0130411.2,COC1=C2C(=CC=C1)[C@@]13CCN(C)C[C@@]45O[C@@H]4COC4=CC(=O)N2[C@H]1[C@H]4[C@H]5CC3=O,0.3203597121481339,2222
210790,CNP0520517.1,CS(=O)(=O)N1CC[C@H]2CC(=O)NC3=CC(C4=CC=CN=C4)=CC=C3OCC[C@H]2C1,0.3202612915535758,2223
76185,CNP0506378.0,O=C1C=CC2(C=C1)OCC(C1=CC=CC(C3=CN=C4C=CC=CC4=C3)=C1)O2,0.32024458988529775,2224
60382,CNP0491404.0,COC1=CC=C(C(=O)NC2=CC=C(C3=NC4=CC=CC=C4O3)C(O)=C2)C=C1,0.32021286919564984,2225
32862,CNP0394635.0,CC1=C(CCC(=O)NC2=CC=C3OCCOC3=C2)C(=O)OC2=CC(O)=CC=C12,0.32007489802350647,2226
104561,CNP0599720.0,CC1=C(C(=O)NC2=CC=C(Br)C(C)=C2)C2(CCCCC2)OC1=O,0.32005622879440687,2227
317953,CNP0596292.1,COC1=CC=CC(C2=CC=C3OC[C@H]4CN(C(=O)C5=C(C)ON=C5C)CCN4CC(=O)NC3=C2)=C1,0.320054726070093,2228
305191,CNP0392555.0,COC1=CC=C(CC(=O)NC2=CC=C3OC(=O)C=CC3=C2)C=C1,0.32004174103337335,2229
365365,CNP0550586.1,O=C1C[C@@H]2CCN(CC3CCCC3)C[C@@H]2CCOC2=CC=C(C3=CC=CN=C3)C=C2N1,0.3199744810594718,2230
22804,CNP0011433.1,COC1=CC=C(C2=NN(C)C([C@H]3C[N@]4CC[C@H]3C[C@@H]4CO)=C2)C=C1OC,0.3199578728387309,2231
377111,CNP0400530.0,O=C(CC1CC(=O)OC2=CC=CC=C21)NC1=CC=C2C=CNC2=C1,0.3197300050700111,2232
293842,CNP0423582.1,COC1=CC2=C(C=C1OC)[C@@H](C1=C(O)N=C3SC=C(C4=CC=CC=C4)N3C1=O)NCC2,0.3196062655507322,2233
36868,CNP0423582.2,COC1=CC2=C(C=C1OC)[C@H](C1=C(O)N=C3SC=C(C4=CC=CC=C4)N3C1=O)NCC2,0.3196062655507322,2234
184365,CNP0511356.1,O=C1CN2CCN(C(=O)C3=CN=CN=C3)C[C@H]2COC2=CC=C(C3=CC=CC=C3)C=C2N1,0.31956871676979476,2235
254189,CNP0465812.1,C1=CN(C2=CC=C(C3=NOC([C@@H]4CCCN4C4CCC4)=N3)C=N2)C=N1,0.3194911527380782,2236
162602,CNP0190001.1,CN1C(CN2C[C@H](O)C[C@H]2C2=NC(C3=CC=CC=C3)=NO2)=NC2=CC=CC=C21,0.31942346533564386,2237
470790,CNP0376430.0,COC1=CC=C(C2=COC3=C4CN(CCCO)COC4=CC=C3C2=O)C=C1OC,0.31940482611907844,2238
456481,CNP0412040.0,O=C(NC1=CC=C2NC=CC2=C1)C1=CNC2=CC=CC=C12,0.31938569168791353,2239
424711,CNP0475707.0,CN1C(O)=C(C2=CC=CC=C2)C(=O)C2=CC=CC=C21,0.31924609517193303,2240
417367,CNP0387905.2,C[C@@H](NC(=O)[C@@H]1CC2=CC=CC=C2CN1)C(=O)NC1=CC=C2OCOC2=C1,0.31920490974640814,2241
353175,CNP0205677.0,COC1=CC2=C(C=C1OC)CC(=O)N(CC(=O)NC1=CC=C3C=CNC3=C1)C=C2,0.3191230882330568,2242
112298,CNP0111975.0,CC1=C(C2=CC=CC=C2)C(=O)C2=CC=C(OCCN3CCC(C)CC3)C=C2O1,0.3190802737510136,2243
262070,CNP0154789.1,COC1=CC=C(C2=NNC(C(=O)N3C[C@H]4C[C@@H](C3)C3=CC=CC(=O)N3C4)=C2)C=C1,0.3190311818905196,2244
120768,CNP0390557.0,COC1=CC=CC=C1C1=CC(=O)C2=CC(NC(=O)C3=CC=CC=C3Cl)=CC=C2O1,0.3190000465603623,2245
345545,CNP0602211.0,O=C1C2=CC3=C(C=C(C4=CC=CC([N+](=O)[O-])=C4)S3)N2C(=S)N1CCCN1CCOCC1,0.31895354609343923,2246
305922,CNP0391901.1,COC1=CC=C(C2=NN(C)C([C@H]3C[N@]4CC[C@H]3C[C@@H]4CNC(=O)NC3CCCCC3)=C2)C=C1OC,0.31891206335677147,2247
155221,CNP0391901.2,COC1=CC=C(C2=NN(C)C([C@H]3CN4CC[C@H]3C[C@@H]4CNC(=O)NC3CCCCC3)=C2)C=C1OC,0.31891206335677147,2248
140396,CNP0529982.1,COC1=CC=CC(C2=CC=C3OC[C@H]4CN(C(=O)C5=CC=CC(Cl)=C5)CCN4CC(=O)NC3=C2)=C1,0.3188658375609823,2249
59463,CNP0016369.1,COC1=CC=CC(C2=CC=C3C(=O)N(C)[C@@H]4CN(CC5=NC=CN5C)C[C@@H]4OC3=C2)=C1,0.31881464412790117,2250
456001,CNP0399259.0,CCC(C)N1C(=O)C2=CC=CC=C2C(C(=O)NC2=CC=C3C=CNC3=C2)C12CCCC2,0.31879122015921746,2251
57601,CNP0338871.2,COC1=CC=C(C2=COC3=C4C(=CC(OC)=C3C2=O)OC(=O)C[C@H]4C2=CC3=CC=CC4=C3N(CC4)C2=O)C=C1,0.3187852583910177,2252
282251,CNP0361761.0,CCCC1=C(C)N=C2C=CC(NC(C)=O)=CC2=C1O,0.3187357292568522,2253
184268,CNP0268556.0,CC1=C(C2=CC=CC=C2)C(=O)C2=CC=C(OCC(=O)N3CCN(CCO)CC3)C=C2O1,0.3186552213247263,2254
242903,CNP0399029.0,CC(C)CN1C=C(C(=O)NC2=CC=C3C=CNC3=C2)C2=CC=CC=C2C1=O,0.31853638402372825,2255
471526,CNP0597715.1,C=CC(CO)[C@H]1CCN2C=CC3=C4C=CC=CC4=NC3=C2C1,0.3185264975565139,2256
310706,CNP0536973.2,CCOC1=CC=CC([C@H]2CC(C3=CC=CC(OC)=C3)=NC3(CCN(C)CC3)N2)=C1O,0.31836000839907874,2257
300866,CNP0591967.1,COC1=CC=CC=C1CN1CC[C@H]2CC(=O)NC3=CC(C4=CC=CC=C4)=CC=C3OCC[C@H]2C1,0.3183313064155108,2258
384871,CNP0479817.1,C1=N/C2=N/C3=CC=C(OCCN4CCCC4)C(=C3)COC/C=C/COCC3=CC=CC(=C3)C(=C1)N2,0.31830328168515604,2259
447848,CNP0498017.0,CN1C=CN=C1SC1=NC2=C(C(=O)N(C)C(=O)N2C)N1CC1=CC=C(Cl)C(Cl)=C1,0.31798705175590725,2260
62320,CNP0137037.0,CCN1C=C(C2=CC=CC=C2)C(=O)C2=C(OC)C=C(OC)C=C21,0.3179419936305188,2261
231505,CNP0376801.0,COC1=CC=C(C2=CC(=O)OC3=CC(OCC(=O)C4=C(C)N(C)C5=CC=C(OC)C=C45)=CC=C23)C=C1,0.3179259892347469,2262
431166,CNP0326623.0,C=CC(=O)NC1=CC=C2CCCC2=C1,0.31782930822004735,2263
147176,CNP0145224.1,CC1=CC(=O)C2=C(O1)C(CC(=O)N[C@@H](C)C(=O)N1C[C@H]3C[C@@H](C1)C1=CC=CC(=O)N1C3)=C(C1=CC=CC=C1)O2,0.3177731934347626,2264
471801,CNP0090338.1,C=C1[C@H]2[C@@H](CO)C[C@@](C(=O)CCC3=CC=CC(C4=CC=CC(O)=C4)=C3)([C@]1(C)C1CCCC1)[C@@]2(O)OC,0.3177282061295147,2265
168262,CNP0399202.0,CC(C)N1N=C(CC(=O)NC2=CC=C3NC=CC3=C2)C2=CC=CC=C2C1=O,0.31769733880099776,2266
328992,CNP0360500.0,O=C1C=C(C2=CC=CC=C2)OC2=C(CN3CCN(CCO)CC3)C(O)=C(CN3CCN(CCO)CC3)C(O)=C12,0.31765317829569495,2267
100653,CNP0160018.0,CCC(C)N1C(=O)C2=CC=CC=C2C(C(=O)NC2=CC=C3NC=CC3=C2)C12CCCC2,0.3176264566117969,2268
298467,CNP0503707.0,COC1=CC=C(NC(=O)CC2=CC=C(OC)C(OC)=C2)C=C1NC(=O)C1=CC=CC=C1,0.3175189648396712,2269
1507,CNP0601637.0,O=[N+]([O-])C1=CC=C(C2=CSC3=NC4=CC=CC=C4N23)C=C1,0.31750934716928225,2270
299162,CNP0003877.1,CC1=CC=C(CN2CCOC[C@H]2C2=NC(C3=CC=CC=C3)=CN2)C=C1,0.3175017326090104,2271
50032,CNP0588240.0,CN(C)CC(=O)NC1=CC=C2NC(=O)C3=CC=CC=C3C2=C1,0.3174533614108323,2272
393578,CNP0562656.0,CC(C)OC(=O)C1=CC(NC(=S)OC(C)C)=CC=C1Cl,0.317238461144537,2273
148388,CNP0398965.0,COC1=CN(CC(=O)NC2=CC=C3C=CNC3=C2)C(CO)=CC1=O,0.31721541447673063,2274
172992,CNP0553550.1,O=C1C[C@@H]2CCN(CC3=CC=CC=N3)C[C@@H]2CCOC2=CC=C(C3=CC=CN=C3)C=C2N1,0.31717970262226314,2275
250132,CNP0026016.0,CC1=C(C(=O)C2=CC=C(Cl)C=C2)OC2=CC=C(NC(=O)C3=CC=CO3)C=C12,0.31715530627129646,2276
2544,CNP0171032.0,CC(C)(C)C1=CC=C(C=CC(=O)NC2=CC=C3OCCOC3=C2)C=C1,0.317148960614134,2277
250899,CNP0288708.1,COCCOC1=CC=C(C2=NOC([C@@H]3CCCN3CCCC3=CC=CC=C3)=N2)C=N1,0.31714156026967105,2278
282747,CNP0442370.0,COC(=O)NC1=CC=C(COC(=O)C(C)(C)C)C(NC(=O)OC)=C1,0.3171237850751252,2279
349273,CNP0392484.0,O=C(NC1=CC=C(C(=O)O)C(O)=C1)C1=CC2=CC=CC=C2C(=O)O1,0.31706120245865355,2280
77062,CNP0550467.1,CN1N=CN=C1C1=CC=C2OC[C@H]3CN(C(=O)C4CCOCC4)CCN3CC(=O)NC2=C1,0.3170467031972653,2281
65771,CNP0549323.0,CCOC(=O)NC1=CC=C2CCC3=CC=CC=C3N(C(=O)NC)C2=C1,0.31691028987609593,2282
39895,CNP0347171.1,COC1=CC=C(C2=C/C(=N\C3=CC=C(NC(C)=O)C=C3)C3=C(C)OC(C)=C3C(OC)=C2)C=C1,0.3169070912202556,2283
451036,CNP0336790.0,COC1=CC(O)=C(CN2CCN(CCO)CC2)C2=C1C(=O)C=C(C1=CC=CC=C1)O2,0.31686523877563333,2284
495076,CNP0148995.2,CN1C(=S)CN2C(C3=CC=C(Cl)C=C3)=NO[C@]2(C2=CC=CC=C2)C2=CC(Cl)=CC=C21,0.31685993006508817,2285
191127,CNP0148995.1,CN1C(=S)CN2C(C3=CC=C(Cl)C=C3)=NO[C@@]2(C2=CC=CC=C2)C2=CC(Cl)=CC=C21,0.31685993006508817,2286
291429,CNP0330448.1,COC1=CC=C(C2=CC3=C(C[C@]4(O)[C@@]5(C)C(=O)C=CC(C)(C)[C@]5(O)CC[C@@]4(C)O3)C(=O)O2)C=C1OC,0.31681538982610286,2287
234044,CNP0210167.0,COC1=CC=C(NC(=O)CCC2=C(C)C3=CC=C(O)C=C3OC2=O)C=C1OC,0.3167991200622137,2288
141145,CNP0037721.2,CN(C)C1=CC=C(C2=NN(C)C([C@H]3CN4CC[C@H]3C[C@@H]4CNC(=O)NC3=CC=CC(C#N)=C3)=C2)C=C1,0.3166973229073861,2289
301426,CNP0037721.1,CN(C)C1=CC=C(C2=NN(C)C([C@H]3C[N@]4CC[C@H]3C[C@@H]4CNC(=O)NC3=CC=CC(C#N)=C3)=C2)C=C1,0.3166973229073861,2290
399870,CNP0010792.1,CN1CCC(N2CC[C@H](C3=NN=C(C4=CC=CN=C4)O3)C2)CC1,0.3166964642582132,2291
315141,CNP0160216.1,COC1=CC=C(C2=NN=C([C@H]3CCN(CC4=CC=C(C5=CC=CC=N5)C=C4)C3)O2)C=C1,0.3166500498315754,2292
261798,CNP0486552.0,O=[N+]([O-])C1=C(Br)C=CC=C1C1=CNC=C1,0.31656652750576464,2293
133185,CNP0206477.3,O=C1O[C@H](N2C(=O)CC[C@H]2C(=O)NC2=CC=C3OCOC3=C2)C2=CC=CC=C12,0.3165659937672192,2294
333562,CNP0242953.0,O=C(CCN1C(=O)NC2=CC=CC=C2C1=O)NC1=CC=C2OC(=O)C=CC2=C1,0.316551925235381,2295
96613,CNP0584477.1,COC1=CC=CC(C2=NC3(CCN(C)CC3)N[C@H](C3=CC=CC(OC)=C3O)C2)=C1,0.3165316475098421,2296
238225,CNP0521769.3,COC1=CC=CC(CN2C(=O)[C@H]3[C@@H](C(=O)NC4=CC=C(C)C(C)=C4)[C@H]4C=C[C@@]3(O4)[C@@H]2C(=O)NC2CCCCC2)=C1,0.3163619180746384,2297
181287,CNP0521769.1,COC1=CC=CC(CN2C(=O)[C@H]3[C@H](C(=O)NC4=CC=C(C)C(C)=C4)[C@H]4C=C[C@@]3(O4)[C@@H]2C(=O)NC2CCCCC2)=C1,0.3163619180746384,2298
139816,CNP0450936.2,O=C(N[C@H]1CO[C@H]2[C@H]1OC[C@H]2N1C=C(C2=CC=CC=C2)N=N1)C1=CC=CC=C1,0.31632746766414016,2299
163106,CNP0443798.3,CC1=CC=C(NC(=O)[C@H]2[C@H](C(=O)NC3=CC=C(C)C(C)=C3)[C@@H]3C=C[C@@H]2CC3)C=C1C,0.3162703073074388,2300
322565,CNP0443798.1,CC1=CC=C(NC(=O)[C@@H]2[C@H](C(=O)NC3=CC=C(C)C(C)=C3)[C@@H]3C=C[C@@H]2CC3)C=C1C,0.3162703073074388,2301
375008,CNP0149537.0,CN1C(C2=CC=C3OCOC3=C2)=CC(=O)C2=C(O)C=CC=C21,0.3162263457179801,2302
92581,CNP0157822.3,COC1=CC=C(NC(=O)[C@@H]2CS[C@@H]3C4=CC=C(OC)C(OC)=C4C(=O)N32)C=C1OC,0.31622499959669476,2303
26062,CNP0549867.0,C=CC(=O)N1C2=CC=CC=C2SC2=CC=C(NC(=O)OCC)C=C21,0.31614615835070015,2304
42555,CNP0428381.1,CC(C)(O)C1CC2=CC(C[C@H]3OC(=O)C(O)=C3C3=CC=C(O)C=C3)=CC=C2O1,0.31609980968164186,2305
123790,CNP0361322.0,CCC1=CC2=C(C=C1OC)OC=C(C1=CSC(C3=CC=CC=C3)=N1)C2=O,0.3160100352096805,2306
274538,CNP0079935.1,CC(C)N1CCC[C@H]1C1=NC(C2=CC=C(N3C=CN=C3)N=C2)=NO1,0.3159756296669209,2307
237259,CNP0180902.1,COC1=CC2=C(O[C@@H]3OC[C@](O)(CO)[C@H]3O)C3=C(C(=O)OC3)C(C3=CC=C4OCOC4=C3)=C2C=C1O,0.3159742759668754,2308
143373,CNP0088119.2,C=C1[C@H]2C[C@@H]3CCC[C@]1(C)[C@@]3(C(=O)CCC1=CC=CC(C3=CC=CC(O)=C3)=C1)[C@@]2(O)OC,0.3159723429060524,2309
198422,CNP0088119.1,C=C1[C@H]2C[C@H]3CCC[C@]1(C)[C@@]3(C(=O)CCC1=CC=CC(C3=CC=CC(O)=C3)=C1)[C@@]2(O)OC,0.3159723429060524,2310
444034,CNP0396538.0,CC1(C)CC(=O)C2=C(O)C=C(OCC(=O)NC3=CC=C4C=CNC4=C3)C=C2O1,0.31591677939439805,2311
96242,CNP0402504.0,O=C1CC(C2=C3N=CC=CN3N=C2)C2=C(C=C(O)C3=C2OC(C2=CC=CC=C2)=CC3=O)O1,0.31585451655207714,2312
403671,CNP0373731.1,C[C@H](NC(=O)OCC1=CC=CC=C1)C(=O)N[C@H](C)C(=O)NCC(=O)NCC(=O)OC(C)(C)C,0.3158342935457253,2313
167623,CNP0011214.1,CCCNC(=O)OC[C@H]1C[C@@H]2CC[N@@]1C[C@@H]2C1=CC(C2=CC=CC=C2)=NN1C,0.31574799446238166,2314
244114,CNP0388096.1,COC(=O)[C@H](CC(C)C)NC(=O)NC1=CC=C2OC(=O)C=CC2=C1,0.3156493663433444,2315
124280,CNP0395036.0,O=C(CN1C(=O)NC2=CC=CC=C2C1=O)NC1=CC=C2OC(=O)C=CC2=C1,0.3155942408052904,2316
163350,CNP0601099.1,O=C1C[C@@H]2CCN(CC3=CC=CC=C3Cl)C[C@@H]2CCOC2=CC=C(C3=CC=CN=C3)C=C2N1,0.3155742788450218,2317
437383,CNP0152792.2,COC1=CC=C(C2=CC3=C(C[C@]4(O)[C@@]5(C)[C@H](O)CC(=O)C(C)(C)[C@@]5(O)CC[C@@]4(C)O3)C(=O)O2)C=C1,0.3155674322315299,2318
304236,CNP0152792.1,COC1=CC=C(C2=CC3=C(C[C@]4(O)[C@@]5(C)[C@H](O)CC(=O)C(C)(C)[C@]5(O)CC[C@@]4(C)O3)C(=O)O2)C=C1,0.3155674322315299,2319
194892,CNP0301655.0,CCOC(=O)NC1=CC=C2C(C)=CC(=O)OC2=C1,0.3155229398382244,2320
61258,CNP0221898.0,CC1=C(C)C2=CC3=C(C=C2O1)OC(=O)C(CCC(=O)NC1=CC=C2OCOC2=C1)=C3C,0.31531532801148165,2321
107828,CNP0327152.0,CC1=C(C2=CC=CC=C2)C(=O)C2=CC=C(OCCN3CC(C)OC(C)C3)C=C2O1,0.31528521315706537,2322
309737,CNP0483108.1,COC1=CC=CC(C2=CC=C3OC[C@H]4CN(S(=O)(=O)C5=CC=CC=C5)CCN4CC(=O)NC3=C2)=C1,0.3152722025933366,2323
329534,CNP0561254.0,CCOC(=O)NC1=CC=C2SC3=CC=CC=C3N(C(=O)CN(C)C)C2=C1,0.3152638607136185,2324
479848,CNP0406836.1,O=C(C1=CC(C2=CC=C3OCCC3=C2)=NN1)N1CCCC[C@H]1C1=CC=CN=C1,0.3152612914464188,2325
340053,CNP0412943.0,O=C(COC1=CC=C2C=CC(=O)OC2=C1)NC1=CC=C2OC(=O)C=CC2=C1,0.3151665622746242,2326
254912,CNP0394236.0,CC1=C(C2=CC=CC=C2)C2=CC3=C(C=C2O1)OC(=O)C(CC(=O)N1CCN(CCO)CC1)=C3C,0.3151426310205227,2327
472142,CNP0282040.1,COC1=CC=C2C(=C1OC)C(=O)N1C3=CC=C(O[C@H](C)C(=O)NC4=CC=C5OCOC5=C4)C=C3C3=C1C2=NC=C3,0.3150962102723435,2328
497915,CNP0011258.1,COC1=CC=C(C2=NN(C)C([C@H]3C[N@]4CC[C@H]3C[C@@H]4CNC(=O)NC3=CC=CC(C#N)=C3)=C2)C=C1OC,0.3150948635517166,2329
216631,CNP0011258.2,COC1=CC=C(C2=NN(C)C([C@H]3CN4CC[C@H]3C[C@@H]4CNC(=O)NC3=CC=CC(C#N)=C3)=C2)C=C1OC,0.3150948635517166,2330
106031,CNP0292703.1,C1=CC(CN2CCC[C@H]2C2=NC(C3=CC=C(C4=CN=CN=C4)N=C3)=NO2)=CC=N1,0.3150187442950278,2331
274481,CNP0207206.0,COC1=CC(OC)=CC(C(=O)NC2=CC=C3C(C)=C(C(=O)C4=CC=C(C)C=C4)OC3=C2)=C1,0.3148848893067891,2332
443786,CNP0398804.0,COC1=CC(NC(=O)C2=NC=CN=C2C(=O)O)=CC=C1C1=CC=C(CO)O1,0.3148626935641589,2333
337644,CNP0060951.2,CCOC(=O)[C@H](C)OC1=CC=C2C(=O)/C(=C/C3=CC=C(C4=CC=CC=C4)C=C3)OC2=C1,0.31479282700678934,2334
454528,CNP0355518.1,COC1=CC=C(C2=NN(C)C([C@H]3C[N@]4CC[C@H]3C[C@@H]4CNS(=O)(=O)C3=CC=C(C)C=C3)=C2)C=C1OC,0.31479167775732053,2335
189197,CNP0355518.2,COC1=CC=C(C2=NN(C)C([C@H]3CN4CC[C@H]3C[C@@H]4CNS(=O)(=O)C3=CC=C(C)C=C3)=C2)C=C1OC,0.31479167775732053,2336
45546,CNP0513301.0,COC1=CC=C(C(=O)NC2=CC(NC(=O)CC3=CC=CC=C3)=CC=C2OC)C=C1,0.3146667402794382,2337
228854,CNP0012242.1,CN1CC2=C(C[C@H]1C1=NC(C3=CC=C4C=CC=CC4=C3)=NO1)NC=N2,0.31459327510604684,2338
249488,CNP0518070.1,O=C1CN2CCN(S(=O)(=O)C3=CC=CC=C3)C[C@H]2COC2=CC=C(C3=CC=CC=C3)C=C2N1,0.3145893730247194,2339
30750,CNP0458285.1,CC1=CC(NC(=O)/C=C\C(=O)O)=CC=C1NC(=O)C1=CC=CC=C1,0.3145106797605011,2340
53269,CNP0520750.0,CCOC(=O)NC1=CC=C2CCC3=CC=CC=C3N(C(=O)N(C)C)C2=C1,0.31435854166200505,2341
453121,CNP0469479.0,CN1CCN(CC2=C(O)C=CC3=C2OC(=O)C(C2=CC=CC=C2)=C3)CC1,0.31424748960615084,2342
341531,CNP0107328.0,CCOC1=CC=CC=C1C1=CC(=O)C2=CC=C(NC(=O)C3=CC=CC=C3)C=C2O1,0.3142219471548705,2343
464227,CNP0071362.1,COC1=CC=C(C2=CC3=C(C[C@]4(O)[C@@]5(C)C(=O)C[C@@H](O)C(C)(C)[C@]5(O)CC[C@@]4(C)O3)C(=O)O2)C=C1,0.31412836647468706,2344
191456,CNP0446420.0,COC1=CC=CC(C2=CC3=CC=C(O)C(CN4CCN(C)CC4)=C3OC2=O)=C1,0.31401651128527275,2345
261861,CNP0212223.1,COCCN(C[C@@H]1CCCN2CCCC[C@H]12)C(=O)C1=C(C(C)C)SC(N2C=CC=C2)=N1,0.31395208538596137,2346
486882,CNP0564545.3,CCCN(CCC)CCN1C(=O)[C@@H]2[C@H](C(=O)NC3=CC=C(C)C(C)=C3)[C@@H]3C=C[C@@]2(O3)[C@@H]1C(=O)N[C@@H]1CCC[C@H](C)[C@@H]1C,0.31392216374887544,2347
81684,CNP0564545.2,CCCN(CCC)CCN1C(=O)[C@@H]2[C@H](C(=O)NC3=CC=C(C)C(C)=C3)[C@@H]3C=C[C@@]2(O3)[C@@H]1C(=O)N[C@@H]1CCC[C@@H](C)[C@H]1C,0.31392216374887544,2348
340999,CNP0564545.4,CCCN(CCC)CCN1C(=O)[C@@H]2[C@H](C(=O)NC3=CC=C(C)C(C)=C3)[C@@H]3C=C[C@@]2(O3)[C@@H]1C(=O)N[C@@H]1CCC[C@@H](C)[C@@H]1C,0.31392216374887544,2349
462961,CNP0268868.0,O=C(O)CCN1C=C2C=C(O)C(=O)C3=C2C(=CC=C3C2=CC=CC=C2)C1=O,0.31383180931645893,2350
130959,CNP0061544.0,COC1=CC=C(C(=O)C2=C(C)C3=CC(NC(=O)CCN4C=NC5=CC=CC=C5C4=O)=CC=C3O2)C=C1,0.31381319834581184,2351
416458,CNP0398946.0,CC(C)CN1C=C(C(=O)NC2=CC=C3NC=CC3=C2)C2=CC=CC=C2C1=O,0.31378027627153643,2352
428695,CNP0409506.0,O=C1C(C2=CC=CC=C2)=COC2=C3CN(CCCN4CCOCC4)COC3=CC=C12,0.3137195348723856,2353
277641,CNP0329398.0,O=C1C(C2=CC=CC=C2)=COC2=C3CN(CCN4CCOCC4)COC3=CC=C12,0.3137195348723856,2354
454858,CNP0495779.1,O=C1C[C@@H]2CCN(C(=O)C3CCOCC3)C[C@@H]2CCOC2=CC=C(C3=CC=CN=C3)C=C2N1,0.31371118553369565,2355
349120,CNP0508914.1,COC1=CC=CC(C2=CC=C3OC[C@H]4CN(S(=O)(=O)C5=CC=CC(Cl)=C5)CCN4CC(=O)NC3=C2)=C1,0.3137041637542623,2356
385547,CNP0332623.0,CCC1=C(C)N=C2C=CC(NC(C)=O)=CC2=C1O,0.3136673878624675,2357
64050,CNP0577992.1,O=C1C[C@@H]2CCN(CC3CC3)C[C@@H]2CCOC2=CC=C(C3=CC=CN=C3)C=C2N1,0.3136324532025828,2358
309876,CNP0299295.0,COC1=CN(CC(=O)NC2=CC=C3NC=CC3=C2)C(CO)=CC1=O,0.31357120540076666,2359
278762,CNP0494109.1,CC1=NN(C)C(C(=O)N2CCN3CC(=O)NC4=CC(C5=NC=NN5C)=CC=C4OC[C@H]3C2)=C1,0.31344385438972905,2360
233798,CNP0318539.1,COC1=CC=C(C2=NN(C)C([C@H]3C[N@]4CC[C@H]3C[C@@H]4CO)=C2)C=C1,0.3134270319003781,2361
46892,CNP0362242.0,CC1=CC=C(C2=CN3C(=N2)SC2=CC=CC=C23)C=C1,0.31332719764544403,2362
153408,CNP0234779.1,COC1=CC=C(C2=CC3=C(C[C@H]4[C@@](C)(CC[C@@]5(O)C(C)(C)[C@H](O)CC[C@]45C)O3)C(=O)O2)C=C1,0.3132693024161817,2363
248219,CNP0353879.1,CC1=CC[C@@H]2[C@]34CC[C@](O)(OC3)C(C)(C)[C@@H]4CC[C@@]2(C)[C@]12CC1=C(C=C(C3=CC=CN=C3)OC1=O)O2,0.31311160397512094,2364
353331,CNP0603645.0,COC1=CC=C(CC(=O)NC2=CC=C(OC)C(NC(=O)C3=CC=CC=C3)=C2)C=C1,0.31294905191548156,2365
299224,CNP0301979.2,CCCNC(=O)OC[C@H]1C[C@@H]2CCN1C[C@@H]2C1=CC(C2=CC=C(OC)C=C2)=NN1C,0.31294618926500684,2366
174583,CNP0110670.1,CN1CCC(N2C[C@@H]3C[C@H](C2)C2=CC=C(C4=CC=CC(C#N)=C4)C(=O)N2C3)CC1,0.3128705229671834,2367
386392,CNP0015826.2,COC1=CC=C(C2=NN(C)C([C@H]3CN4CC[C@H]3C[C@@H]4CN)=C2)C=C1OC,0.3128534703966975,2368
246005,CNP0409441.0,COC1=CC=CC=C1N1CCN(CCOC2=CC=C3C(=O)C(C4=CC=CC=C4)=C(C)OC3=C2)CC1,0.3128491513051646,2369
46237,CNP0389297.0,COC1=CC=C(C2=C3C4=CC(OC)=C(OC)C=C4C=CN3C(C(=O)C3=CC=CO3)=C2C)C=C1OC,0.3128041831120143,2370
412922,CNP0361379.4,COC1=CC=C([C@@H]2C3=C(N=C4C5=CC=CC=C5C(=O)[C@H]42)N(C)C(=O)N(C)C3=O)C=C1OC,0.3128004717747263,2371
467251,CNP0361379.1,COC1=CC=C([C@H]2C3=C(N=C4C5=CC=CC=C5C(=O)[C@H]42)N(C)C(=O)N(C)C3=O)C=C1OC,0.3128004717747263,2372
115371,CNP0394227.2,COC1=CC=C2C(=C1OC)C(=O)N1[C@@H]2SC(C)(C)[C@H]1C(=O)NC1=CC=C2OC(=O)C=CC2=C1,0.3127541953119469,2373
372126,CNP0037747.1,O=S1(=O)N[C@@H]2CN(CC3=CC(C4=CC=CC=C4)=NO3)C[C@@H]2OC2=NC=CC=C21,0.31272774635413814,2374
490950,CNP0563328.2,COC1=CC=C(NC(=O)[C@@H]2CN(S(=O)(=O)C3CC3)CC23CCCCC3)C=C1OC,0.312649382856879,2375
33479,CNP0500460.0,O=C(CC1=CNC2=CC=CC=C12)NC1=CC=C2CCCC2=C1,0.31264457865252626,2376
258561,CNP0605743.0,CC(=O)N1C2=CC=CC=C2CCC2=CC=C(NC(=O)C3=CC=CC=C3)C=C21,0.3124945750275966,2377
11546,CNP0221672.0,COC1=CC=C(C(=O)C2=C(C)C3=CC=C(NC(=O)C4=CC=C(C(C)(C)C)C=C4)C=C3O2)C=C1,0.31238892184898714,2378
442658,CNP0025108.0,CC1=CC2=CC(C3=CC=C(Cl)C=C3)=CN2C=C1,0.31229925275160947,2379
435374,CNP0152901.0,CC1(C)CC(=O)C2=C(O)C=C(OCC(=O)NC3=CC=C4NC=CC4=C3)C=C2O1,0.31220448501379766,2380
32685,CNP0513190.0,COC1=CC=C2OC=CC(C(=O)NC3=CC=C4C=CC(=O)OC4=C3)=CC2=C1,0.3121726512536506,2381
503257,CNP0119037.0,CC(=O)NC1=CC=C2C(NC(C)=O)=C(O)C=CC2=C1,0.3121358337991875,2382
250976,CNP0186788.0,CCOC(=O)C1=C(C2=CSC(C3=CC=CC=C3)=N2)C(=O)C2=CC=C(OC)C=C2O1,0.31213446798487376,2383
89365,CNP0141179.0,CC1=C(C)C2=CC3=C(C=C2O1)OC(=O)C(CC(=O)NC1=CC=C2OC(=O)C=CC2=C1)=C3C,0.31207162977500635,2384
237915,CNP0133818.1,COCCN(C[C@@H]1CCCN2CCCC[C@H]12)C(=O)CCN1C=CC2=CC=CC=C21,0.31185085955412517,2385
137242,CNP0239281.0,O=C(NC1=CC=C2OC(=O)C=CC2=C1)C1=CC2=CC=CC=C2OC1,0.3117874409351854,2386
401853,CNP0388708.2,O=C(N[C@@H](C(=O)NC1=CC=C2OCOC2=C1)C1=CC=CC=C1)[C@@H]1CC2=CC=CC=C2CN1,0.31174617772766416,2387
178585,CNP0203217.1,COC1=CC=C(NC(=O)[C@@H]2[C@H]3C(=O)N(CCC4=CNC5=CC=CC=C45)C[C@]34C=C[C@H]2O4)C=C1OC,0.3116946945103215,2388
38711,CNP0413276.0,O=C1C2=CC=CC=C2C2=C1C1=CC=CC=C1C(=O)N2C1=CC=C(C2=NN(CCO)N=N2)C=C1,0.3116810954181832,2389
195604,CNP0406380.0,CC1(C)CCC2=CC(CC(=O)NC3=CC=C4NC=CC4=C3)=CC=C2O1,0.3116119269808796,2390
101938,CNP0487876.0,CN1C(=O)C2=C(NC3=NC(C4=CC=CC=C4)=CN32)N(C)C1=O,0.31160136476285544,2391
357035,CNP0255605.0,COC1=CC=C(NC(=O)COC2=CC=C3C(=C2)C2=CC=NC4=C2N3C(=O)C2=C(OC)C(OC)=CC=C24)C=C1OC,0.31156393115686326,2392
347986,CNP0402518.0,CC(C)N1C=NC2=CC=C(NC(=O)C3CC(=O)OC3(C)C)C=C2C1=O,0.31154288804210134,2393
349130,CNP0532253.2,CC1=CC=C(NC(=O)[C@H]2[C@H]3C=C[C@]4(O3)[C@H](C(=O)NC3CCCCC3)N(C[C@@H]3COC5=CC=CC=C5O3)C(=O)[C@@H]24)C=C1C,0.31153540883835507,2394
302134,CNP0532253.3,CC1=CC=C(NC(=O)[C@H]2[C@H]3C=C[C@]4(O3)[C@H](C(=O)NC3CCCCC3)N(C[C@H]3COC5=CC=CC=C5O3)C(=O)[C@@H]24)C=C1C,0.31153540883835507,2395
90460,CNP0011399.2,CCCNC(=O)OC[C@H]1C[C@@H]2CCN1C[C@@H]2C1=CC(C2=CC=C(OC)C(OC)=C2)=NN1C,0.31153276556498793,2396
10988,CNP0555028.0,CCN1C(SCC(=O)NC2=CC=C(C)C(C)=C2)=NC2=C(C1=O)C1(CCCCC1)CC1=CC=CC=C12,0.31151786031764866,2397
288966,CNP0577291.0,CC(=O)N1C2=CC=CC=C2CCC2=CC=C(NC(=O)CC3=CC=CC=C3)C=C21,0.311437780149464,2398
432644,CNP0549444.0,CC1=CC2=NC(C3=CC=C(I)C([N+](=O)[O-])=C3)=CN2C=C1,0.31139492336166186,2399
298346,CNP0556819.0,COC1=CNC(C(=O)NC2=CC=C3OCCOC3=C2)=CC1=O,0.31137411014794636,2400
285500,CNP0277667.1,CN1CCCC[C@@H]1C1=C(O)C=C2OC(C3=CC=CC=C3)=CC(=O)C2=C1O,0.31134995422015666,2401
184915,CNP0199425.1,CN1CCC[C@@H]1C1=C(O)C=C2OC(C3=CC=CC=C3)=CC(=O)C2=C1O,0.31134995422015666,2402
492972,CNP0479366.1,CC1=CC[C@@H]2[C@@]3(O)CC[C@H](O)C(C)(C)[C@@H]3CC[C@@]2(C)[C@]12CC1=C(C=C(C3=CC=CN=C3)OC1=O)O2,0.31130540937913564,2403
293241,CNP0409903.1,CN(C[C@@H]1CCCN2CCCC[C@H]12)C(=O)C1=CC=C2C=CN(C)C2=C1,0.3112573923307287,2404
53501,CNP0077482.1,C1=CN(C2=CC=C(C3=NOC([C@@H]4CCCN4C4CCOCC4)=N3)C=N2)C=N1,0.3111180551897357,2405
266051,CNP0005467.1,CN1C[C@@H](N2C(=O)CCC2=O)C[C@H]1C1=NC(C2=CC=CN=C2)=NO1,0.31111527685437323,2406
230911,CNP0584477.2,COC1=CC=CC(C2=NC3(CCN(C)CC3)N[C@@H](C3=CC=CC(OC)=C3O)C2)=C1,0.31108291967987256,2407
396404,CNP0496904.1,O=C1C[C@@H]2CCN(C(=O)COC3=CC=CC=C3)C[C@@H]2CCOC2=CC=C(C3=CC=CN=C3)C=C2N1,0.31107013151488117,2408
80961,CNP0210320.1,CN1CCCC[C@@H]1C1=C(O)C=C(O)C2=C1OC(C1=CC=CC=C1)=CC2=O,0.3110152378969043,2409
261844,CNP0489009.0,CN(CC1=CN(C2=CC=CC=C2)N=C1C1=CC=CC=C1)CN1C(=O)C(=O)N(C)C1=O,0.3110093528333213,2410
489832,CNP0065765.0,CC1=CC2=CC(C3=CC=C(I)C=C3)=CN2C=C1,0.31080280351533063,2411
77520,CNP0522377.0,CCN(CC)C1=CC=C2C=C(C3=NC(C4=CC=C(SC5=CC=CC=C5)C=C4)=CS3)C(=O)OC2=C1,0.3107875924924926,2412
324198,CNP0531452.1,O=C1CN2CCN(C(=O)C3CCOCC3)C[C@H]2COC2=CC=C(C3=CC=CC=C3)C=C2N1,0.3107756712379468,2413
442127,CNP0443294.0,CN1CCN(CC2=CC(=O)OC3=CC(C4=CC=CC=C4)=C(O)C=C23)CC1,0.3106696475522201,2414
167073,CNP0494108.1,O=C1C[C@@H]2CCN(CC3=CC(C4=CC=CC=C4)=NO3)C[C@@H]2CCOC2=NC=CC=C2N1,0.31054637017776016,2415
463748,CNP0538179.1,O=C1CN2CCN(S(=O)(=O)C3=CC=CC(Cl)=C3)C[C@H]2COC2=CC=C(C3=CC=CC=C3)C=C2N1,0.31052853437186373,2416
223439,CNP0454488.1,O=C(CC1=CC=CS1)N[C@H]1CO[C@H]2[C@H]1OC[C@H]2N1C=C(C2=CC=CC=C2)N=N1,0.31050751107557256,2417
247698,CNP0194702.0,O=C1C(C2=CC=CC=C2)=COC2=C(CN3CCN(CCO)CC3)C(O)=CC=C12,0.3101473311331837,2418
309931,CNP0593724.0,COC1=CC=C(NC(C)=O)C=C1NC(=O)C(=O)C1=CNC2=CC=CC=C12,0.31014316137954134,2419
163395,CNP0538545.1,CC(=O)N1CCN2CC(=O)NC3=CC(C4=CC=CC=C4)=CC=C3OC[C@@H]2C1,0.31008328434590415,2420
451191,CNP0101554.1,C=C1[C@H]2[C@@H](CO)C[C@@](C(=O)CCC3=CC=CC(C4=CC=CC(O)=C4)=C3)(C1(C)C)[C@]2(O)OC,0.3099894684763772,2421
142605,CNP0010146.0,CCN1C(SCC(=O)NC2=CC=C(C)C(C)=C2)=NC2=C1N=CNC2=O,0.30997010712294776,2422
243892,CNP0464843.1,CN1CCC(N2C[C@@H]3C[C@H](C2)C2=C(C4=CC=C5C=CC=CC5=C4)C=CC(=O)N2C3)CC1,0.30992585429773195,2423
356762,CNP0529668.0,CCCCC(=O)NC1=CC=C(N2CCN(C3=CC=C(C(C)=O)C=C3)CC2)C(C(=O)O)=C1,0.30986813991263795,2424
441557,CNP0010171.0,O=C(CN1C(=O)C=C(C(=O)NCC2=CC=CC=C2)C2=CC=CC=C21)NC1=CC=C2OCOC2=C1,0.3098549660819938,2425
419042,CNP0415414.0,COC1=CC=C(C2=C(CC(=O)O)C3=C4OC(=O)C(CC5=CC=CC=C5)=C(C)C4=CC(O)=C3O2)C=C1,0.3097810013466862,2426
483479,CNP0249043.0,COC1=CC=C(OC)C(C(=O)C2=C(C)C3=CC=C(NC(=O)C4=CC=CS4)C=C3O2)=C1,0.30968709818704726,2427
117212,CNP0037998.1,CN1C(CN2C[C@H](O)C[C@H]2C2=NC(C3=CC=NC=C3)=NO2)=NC2=CC=CC=C21,0.30953213539249963,2428
294168,CNP0573700.1,O=C(/C=C/C1=CC=C2OCOC2=C1)NC1=CC=C2OCOC2=C1,0.309498899599853,2429
432506,CNP0054209.1,COC1=CC=C(C2=NN(C)C([C@H]3CN4CC[C@H]3C[C@@H]4CNS(=O)(=O)C3=CC=C(Cl)C=C3)=C2)C=C1OC,0.30948660862329297,2430
305867,CNP0412500.3,CC[C@@H](C)[C@H](NC(=O)NC1=CC=C2OC(=O)C=CC2=C1)C(=O)OC,0.30946504229094524,2431
391294,CNP0525603.0,O=C(NC1=CC=C2OCCOC2=C1)NC1=CC=C2N=C3CCCN3C(=O)C2=C1,0.3093896887994845,2432
199588,CNP0523585.0,CC1=NN(C(C)C)C(C2=CN3CCOC4=CC(C5=CN(C(C)(C)C(N)=O)N=C5)=CC=C4C3=N2)=N1,0.3093719698763228,2433
313638,CNP0144724.0,CCCCCC=CCC=CCC=CCC=CCCCC(=O)NC1=CC=C2C(C)=CC(=O)OC2=C1,0.30919821450373436,2434
342695,CNP0014002.1,CC(C)N1CCC[C@H]1C1=NC(C2=CC=C(C3=CC=NC=C3)N=C2)=NO1,0.30918206453580216,2435
37486,CNP0060951.3,CCOC(=O)[C@H](C)OC1=CC=C2C(=O)C(=CC3=CC=C(C4=CC=CC=C4)C=C3)OC2=C1,0.309165897116295,2436
73648,CNP0179145.0,O=C(O)CC1=C(C2=CC=C3OCCOC3=C2)OC2=C1C(=O)OC1=CC=CC=C12,0.30909305886983773,2437
138628,CNP0168662.1,COC1=CC=C(C2=CC3=C(C[C@]4(O)[C@@]5(C)C(=O)C=CC(C)(C)[C@]5(O)CC[C@@]4(C)O3)C(=O)O2)C=C1,0.3090866281585392,2438
325820,CNP0413074.0,COC(=O)CC1=C(C2=CC=C(OC)C=C2)OC2=C(O)C(O)=C3C(=O)C=C(C4=CC=CC=C4)OC3=C12,0.30907896068776225,2439
247976,CNP0402513.0,CN1N=CC=C1C(CC(=O)N1CCOCC1)C1=C(O)C=C(O)C2=C1OC(C1=CC=CC=C1)=CC2=O,0.30906872555207066,2440
326801,CNP0039118.1,CC(=O)NC1=CC=C(C(=O)/C=C/C2=CC=CC=C2)C(O)=C1,0.3090457621087378,2441
61193,CNP0042155.1,COC1=CC=C(C2=NN(C)C([C@H]3C[N@]4CC[C@H]3C[C@@H]4CNS(=O)(=O)C3=CC=CC=C3)=C2)C=C1OC,0.3089922759296035,2442
132117,CNP0042155.2,COC1=CC=C(C2=NN(C)C([C@H]3CN4CC[C@H]3C[C@@H]4CNS(=O)(=O)C3=CC=CC=C3)=C2)C=C1OC,0.3089922759296035,2443
397076,CNP0239591.1,C[C@@H]1CO[C@](O)(OC2=C(C3=CC=C(O)C(O)=C3)CC3=CC(O)=CC(O)=C3C2=O)[C@H](O)[C@H]1O,0.30893575979630045,2444
56182,CNP0024977.1,O=C1NC2=CC=C(C3=CC=C4OCOC4=C3)C=C2C(=O)N2CCN(C(=O)C3=CC=CN=C3)C[C@H]12,0.3087523583189483,2445
223410,CNP0246297.0,COC1=CC=C(C(=O)C2=C(C)C3=CC=C(NC(=O)C4=CC=C(Br)C=C4)C=C3O2)C=C1,0.308726061125366,2446
471729,CNP0315274.0,COC1=CC=C2C(=C1)C=CN2CCNC(=O)CN1CCNC(=O)C1(C)C,0.30871907260713827,2447
118184,CNP0483009.0,CS(=O)(=O)C1=CC=C(C2=CC=CC(C3COC4(C=CC(=O)C=C4)O3)=C2)C=C1,0.3087172199360534,2448
19832,CNP0603673.1,COC1=CC([C@H]2OC3=CC(OCCO)=C4C5=CC=C(O)C=C5C[C@@H](CC5([N+]6=CNC=C6)CCCC5)C4=C3C[C@H]2O)=CC=C1O,0.30862496365039827,2449
380050,CNP0196684.0,CCOC(=O)C1=C(C2=CSC(C3=CC=CC=C3)=N2)C(=O)C2=CC(CC)=C(OC)C=C2O1,0.30857258838401824,2450
223045,CNP0397348.1,COC(=O)[C@H](CC1=CNC2=CC=CC=C12)NC(=O)NC1=CC=C2OCCOC2=C1,0.30852622042708405,2451
143674,CNP0089894.0,CC1=CC2=CC(C3=CC=C(Br)C=C3)=CN2C=C1,0.3085235866228999,2452
113619,CNP0255239.2,O=C1O[C@H](N2C(=O)CC[C@H]2C(=O)NC2=CC=C3OCCOC3=C2)C2=CC=CC=C12,0.30848391876863185,2453
85440,CNP0012486.2,C=CCN(C)C(=O)[C@H]1C[N@]2CC[C@H]1C[C@@H]2CN1C=C(C2=CC=CC(N)=C2)N=N1,0.30848345299967933,2454
209166,CNP0012486.1,C=CCN(C)C(=O)[C@H]1C[N@@]2CC[C@@H]1C[C@@H]2CN1C=C(C2=CC=CC(N)=C2)N=N1,0.30848345299967933,2455
39473,CNP0124731.1,C1=NC=C(C2=CC=C(C3=NOC([C@@H]4CCCN4CC4CCCCC4)=N3)C=N2)C=N1,0.3084529290279346,2456
208049,CNP0199998.0,COC1=NOC(CCC(=O)NC2=CC=C3OC(C4=CC=CC=C4Cl)=CC(=O)C3=C2)=C1,0.30839022258752197,2457
403214,CNP0537377.1,CC(=O)N1CCC(N2CC[C@H]3CC(=O)NC4=CC(C5=CC=CN=C5)=CC=C4OCC[C@H]3C2)CC1,0.3082748226619867,2458
360933,CNP0600144.1,CC1=C(C2=CC=NC(NC3=CC=C(OC[C@@H](O)CN(C)C)C=C3)=N2)N2C=CC=CC2=N1,0.30818676811330453,2459
502941,CNP0360746.0,CC1=C(C(=O)C2=CC=C(Cl)C=C2)OC2=CC=C(NC(=O)C3=CC=CC=C3Br)C=C12,0.3081296698795399,2460
484527,CNP0078782.1,COC1=CC=C(C2=CC3=C(C[C@]4(O)[C@@]5(C)[C@H](O)C[C@@H](O)C(C)(C)[C@]5(O)CC[C@@]4(C)O3)C(=O)O2)C=C1,0.3079984653957382,2461
341346,CNP0206477.1,O=C1OC(N2C(=O)CC[C@H]2C(=O)NC2=CC=C3OCOC3=C2)C2=CC=CC=C12,0.30796478463123156,2462
141689,CNP0250130.3,COC1=CC=C(C2=CC3=C(C[C@]4(O)[C@@]5(C)CCC(OC(C)=O)C(C)(C)[C@]5(O)CC[C@@]4(C)O3)C(=O)O2)C=C1,0.30783400479370965,2463
11537,CNP0250130.2,COC1=CC=C(C2=CC3=C(C[C@]4(O)[C@@]5(C)CC[C@H](OC(C)=O)C(C)(C)[C@]5(O)CC[C@@]4(C)O3)C(=O)O2)C=C1,0.30783400479370965,2464
409954,CNP0408800.1,CC(=O)C1=C(O)C(C)=C(O)C2=C1OC1=CC(=O)/C(=C(/C)NCCC(=O)NC3=CC=C4C=CC=CC4=C3)C(=O)[C@@]12C,0.3078077254969964,2465
322266,CNP0539741.0,COC1=CC=CC(C2=NNC(C(=O)N(CCC3=CC=CC=C3)CC3=CC=CC=C3)=C2)=C1,0.30778192450487907,2466
404327,CNP0205052.1,C[C@@H](NC(=O)[C@@H]1CC2=CC=CC=C2CN1C(=O)OC(C)(C)C)C(=O)NC1=CC=C2OCCOC2=C1,0.3077729588818482,2467
414842,CNP0028631.0,COC1=CC=C(C(=O)C2=C(C)C3=CC=C(NC(C)=O)C=C3O2)C=C1,0.3077697583734565,2468
67102,CNP0003835.1,CN1CCC(N2CCOC[C@H]2C2=NC(C3=CC=C(Cl)C=C3)=CN2)CC1,0.30775522027546537,2469
93257,CNP0326438.0,O=C(COC1=CC(O)=C2C(=O)C=C(C3=CC=CC=C3)OC2=C1)N1CCN(CCO)CC1,0.3077186616853595,2470
81953,CNP0012486.4,C=CCN(C)C(=O)[C@H]1CN2CC[C@H]1C[C@@H]2CN1C=C(C2=CC=CC(N)=C2)N=N1,0.30768192461635563,2471
423141,CNP0012486.3,C=CCN(C)C(=O)[C@H]1CN2CC[C@@H]1C[C@@H]2CN1C=C(C2=CC=CC(N)=C2)N=N1,0.30768192461635563,2472
28745,CNP0328979.0,COC1=CC=C(NC(=O)CCC2=C(C)C3=CC4=C(C=C3OC2=O)OC(C)=C4C)C=C1OC,0.30762119442663427,2473
468888,CNP0009767.1,COC1=CC=C(/C=C/C(=O)NC2=CC=C(OC)C(OC)=C2)C=C1OC,0.3076157893954719,2474
6553,CNP0392469.0,CC1=CC(O)=C2C(C)=C(CC(=O)NC3=CC=C4NC=CC4=C3)C(=O)OC2=C1,0.307560474436016,2475
390339,CNP0015659.2,COC1=CC=C(C2=NN(C)C([C@H]3CN4CC[C@H]3C[C@@H]4CN)=C2)C=C1,0.30754963581336553,2476
92411,CNP0010969.1,COC1=CC=C(C2=NN(C)C([C@H]3C[N@]4CC[C@H]3C[C@@H]4CNS(=O)(=O)C3=CC=CC=C3)=C2)C=C1,0.3075353057498306,2477
315244,CNP0010969.2,COC1=CC=C(C2=NN(C)C([C@H]3CN4CC[C@H]3C[C@@H]4CNS(=O)(=O)C3=CC=CC=C3)=C2)C=C1,0.3075353057498306,2478
352089,CNP0154937.1,CC(=O)N1CCC(N2CCC[C@H]2C2=NC(C3=CC=C(C4=CC=NC=C4)N=C3)=NO2)CC1,0.30737263897469047,2479
58104,CNP0320436.1,CN1CCC[C@H]1C1=C(O)C=C(O)C2=C1OC(C1=CC=CC=C1)=CC2=O,0.307322090414532,2480
157097,CNP0448293.1,N#CC1=CC=CC(C2=C3[C@@H]4C[C@@H](CN(CCCC5=CC=CC=C5)C4)CN3C(=O)C=C2)=C1,0.30725891009609724,2481
333672,CNP0524765.1,O=C1CN2CCN(C(=O)C3=CC=CC=C3)C[C@H]2COC2=CC=C(C3=CC=CC=C3)C=C2N1,0.3072470373782229,2482
394671,CNP0191732.0,COCCN1C=C(C(=O)NC2=CC=C3C=CNC3=C2)C2=CC=CC=C2C1=O,0.3072058297523445,2483
436747,CNP0263089.0,CCCCN1C=C2C=C(OC)C(=O)C3=C2C(=CC=C3C2=CC=CC=C2)C1=O,0.30719822946653985,2484
172040,CNP0601814.1,COC1=CC=CC(C2=CC=C3OC[C@H]4CN(C(=O)C5=CC=CN=C5)CCN4CC(=O)NC3=C2)=C1,0.30718622627777953,2485
4831,CNP0015826.1,COC1=CC=C(C2=NN(C)C([C@H]3C[N@]4CC[C@H]3C[C@@H]4CN)=C2)C=C1OC,0.307122484678259,2486
136757,CNP0027118.0,CC1=CC=C(C2=CC(=O)C3=CC(N4C=CC=C4)=CC=C3O2)C=C1,0.30708502212158445,2487
101151,CNP0391329.3,CN(C)C(=O)[C@H]1CN2CC[C@@H]1C[C@@H]2CN1C=C(C2=CC=CC(N)=C2)N=N1,0.30704585797059214,2488
114491,CNP0391329.4,CN(C)C(=O)[C@H]1CN2CC[C@H]1C[C@@H]2CN1C=C(C2=CC=CC(N)=C2)N=N1,0.30704585797059214,2489
116557,CNP0417779.0,CC1=CC=C(C2=CN3C=CC(C)=CC3=C2)C=C1,0.3069535004606088,2490
289903,CNP0038378.0,CC1=NC2=C(C(C3=CC=CC=C3)=CS2)C(=O)N1NC(=O)C1=CC=C(Cl)C=C1Cl,0.30685086516360266,2491
93046,CNP0159872.1,COC1=CC=C(C2=NN(CN3CCC4=CC(OC)=C(OC)C=C4[C@H]3C)C(=O)C=C2)C=C1,0.3067923762326128,2492
277635,CNP0578993.1,COC1=CC=CC(C2=CC=C3OC[C@H]4CN(C(=O)C5CCOCC5)CCN4CC(=O)NC3=C2)=C1,0.306735832860684,2493
215225,CNP0368302.0,O=C1C(O)=CC2=CN(CCO)C(=O)C3=C2C1=C(C1=CC=CC=C1)C=C3,0.3066107093618948,2494
20834,CNP0158923.0,COC1=CC(OC)=CC(C(=O)NC2=CC=C3C(C)=C(C(=O)C4=CC=C(OC)C(OC)=C4)OC3=C2)=C1,0.3065898031700899,2495
471545,CNP0200867.0,O=C1C2=CC=CC=C2C2=NC(C3=CC=CC=C3)=CC=C12,0.3065176182434811,2496
263562,CNP0400135.0,O=C(CC1CC(=O)OC2=CC=CC=C21)NC1=CC=C2NC=CC2=C1,0.3064754045781771,2497
336328,CNP0171669.0,COC1=CC=C(C2=CC3=CC=CC=C3C=N2)C=C1,0.30646105235738863,2498
456629,CNP0161617.1,CN1CCC(N2CCOC[C@H]2C2=NC(C3=CC=C(S(C)(=O)=O)C=C3)=CN2)CC1,0.3064302768419151,2499
365457,CNP0464085.0,COC1=C(C2=CC=CC(O)=C2)C2=CC=CC=C2NC1=O,0.30634439527521423,2500
380706,CNP0482521.1,COC1=CC=CC=C1C(=O)N1CCN2CC(=O)NC3=CC(C4=CC=CC=C4)=CC=C3OC[C@@H]2C1,0.3062578214541752,2501
470247,CNP0187140.0,CC1=C(C)C2=CC3=C(C=C2O1)OC(=O)C(CCC(=O)NC1=CC=C2OCCOC2=C1)=C3C,0.30610537217881983,2502
396850,CNP0415219.0,COC1=CC=C(C2=C(C3=C(O)C(=O)C=C(C)O3)NC(C3=CN(C(C)(C)C)C=C3)=N2)C=C1,0.3061046793430411,2503
58554,CNP0551212.0,O=[N+]([O-])C1=CC(C2=CN3C=CC=CC3=C2)=CC=C1I,0.3059955426801954,2504
503566,CNP0595697.1,O=C(NC1=CC=C2OCCOC2=C1)[C@H]1CN(S(=O)(=O)C2CC2)CC12CCCCC2,0.3058019912060556,2505
139861,CNP0241779.1,COC(=O)[C@H](CCSC)NC(=O)NC1=CC=C2OCOC2=C1,0.3057068726928091,2506
477751,CNP0013027.1,CC1=CC=CC(C2=NOC([C@@H]3C[C@@H](O)CN3C)=N2)=C1,0.3055585885948267,2507
401530,CNP0063548.1,CSC1=CC=C(C2=CC=C3[C@@H]4C[C@@H](CN(S(=O)(=O)C5=CC=C(NC(C)=O)C=C5)C4)CN3C2=O)C=C1,0.3055067499053703,2508
324628,CNP0247324.1,CC(=O)NC1=CC=C(C2=CC=C3[C@@H]4C[C@@H](CN(S(=O)(=O)C5=CC=CC=C5)C4)CN3C2=O)C=C1,0.30544150852754604,2509
265439,CNP0033212.1,CN1CC[C@H](C2=NN=C(C3=CC=CN=C3)O2)C1,0.3051592890776551,2510
434926,CNP0301979.1,CCCNC(=O)OC[C@H]1C[C@@H]2CC[N@@]1C[C@@H]2C1=CC(C2=CC=C(OC)C=C2)=NN1C,0.30515566649897785,2511
145614,CNP0330063.0,COC1=CC=C(C(=O)NC2=CC=C3C(C)=C(C(=O)C4=CC=C(C)C=C4)OC3=C2)C=C1,0.30514901573740494,2512
299222,CNP0106555.0,COC1=CC=C(C(=O)C2=C(C)C3=CC=C(NC(=O)C4=CC=C(C)C=C4)C=C3O2)C=C1,0.30514901573740494,2513
219473,CNP0546743.1,O=C1CN2CCNC[C@H]2COC2=CC=C(C3=CC=CC=C3)C=C2N1,0.3050830897935055,2514
285068,CNP0106150.1,CC(=O)N1CCC(N2CCC[C@H]2C2=NC(C3=CC=C(C4=CN=CN=C4)N=C3)=NO2)CC1,0.30507689703773727,2515
281621,CNP0516730.1,CN1N=CN=C1C1=CC=C2OC[C@H]3CN(C(=O)C4CCCC4)CCN3CC(=O)NC2=C1,0.3050586685997682,2516
279724,CNP0327887.1,COC1=CC=C(C2=CC3=C(C[C@]4(O)[C@@]5(C)[C@@H](O)C[C@@H](OC(C)=O)C(C)(C)[C@]5(O)CC[C@@]4(C)O3)C(=O)O2)C=C1,0.30499315315717745,2517
125358,CNP0013971.1,CC(C)N1CCC[C@H]1C1=NC(C2=CC=C(C3=CN=CN=C3)N=C2)=NO1,0.30493560406206366,2518
148030,CNP0600854.0,CC1=NC(C2=CC=CC(C3=NOC(C(=O)N4CCC5(CC4)OCCO5)=N3)=C2)=CS1,0.30483166650142407,2519
198926,CNP0596349.0,COC1=CC(C2=C(C3=C(O)C(=O)C=C(C)O3)NC(C3=CC4=CC=CC5=C4N(CCC5)C3=O)=N2)=CC=C1O,0.3048207943384516,2520
326690,CNP0291088.2,CC1=CC=C(NC(=O)[C@@H]2CCC(=O)N2[C@@H]2OC(=O)C3=CC=CC=C32)C=C1C,0.30471724418443136,2521
403061,CNP0599765.3,CCOCCCN1C(=O)[C@@H]2[C@H](C(=O)NC3=CC=C(C)C(C)=C3)[C@@H]3C=C[C@@]2(O3)[C@@H]1C(=O)N[C@@H]1CCC[C@@H](C)[C@H]1C,0.30467543127950203,2522
62136,CNP0514603.0,CC1=CC=C2OC(C3=CC=C(NC(=O)CCN4C(=S)OC5=CC=CC=C54)C=C3O)=NC2=C1,0.3045698135588224,2523
454006,CNP0541994.0,CC1=C(C(=O)NC2=CC=C3OCCOC3=C2)OC2=CC=C3OC4(CCCCCC4)CC(=O)C3=C12,0.3045674430856834,2524
392271,CNP0075795.1,CC1=C(C2O[C@H](CO)[C@@H](O)[C@H](O)[C@H]2O)C(O)=C2C(=O)C=C(C3=CC=C(O)C=C3)OC2=C1C,0.3045035411384507,2525
253391,CNP0040457.0,CC(=O)NC1=CC=C(C2=CC=C(NC(C)=O)C=C2NC(C)=O)C(NC(C)=O)=C1,0.3044708431246255,2526
260980,CNP0136403.1,COC1=CC=C(C2=CC3=C(C[C@]4(O)[C@@]5(C)C=CC(=O)C(C)(C)[C@]5(O)CC[C@@]4(C)O3)C(=O)O2)C=C1,0.304459603443841,2527
274398,CNP0603427.1,O=C1CN2CCN(C(=O)C3=CC=NC=C3)C[C@H]2COC2=CC=C(C3=CC=CC=C3)C=C2N1,0.30436445682103913,2528
336697,CNP0016063.1,COC1=CC=CC=C1CN1CCC[C@H]1C1=NC(C2=CC=NC(N3CCC(C(N)=O)CC3)=C2)=NO1,0.30436073178723094,2529
224984,CNP0577345.1,CCOC1=CC(C2=CC=C3OCOC3=C2)=C/C(=N\C2=CC=CC(OC)=C2)C2=C(C)OC(C)=C12,0.30427235553550747,2530
429490,CNP0010136.0,O=C(CN1C(=O)C=C(C(=O)NCC2=CC=CC=C2)C2=CC=CC=C21)NC1=CC=C2OCCOC2=C1,0.30419995393280813,2531
128857,CNP0597244.4,CC1=CC=C(NC(=O)[C@H]2[C@H]3C=C[C@]4(O3)[C@H](C(=O)NC3CCCCC3)N(CCCN(C)CC3=CC=CC=C3)C(=O)[C@@H]24)C=C1C,0.3041337130910642,2532
58114,CNP0597244.3,CC1=CC=C(NC(=O)[C@@H]2[C@H]3C=C[C@]4(O3)[C@H](C(=O)NC3CCCCC3)N(CCCN(C)CC3=CC=CC=C3)C(=O)[C@@H]24)C=C1C,0.3041337130910642,2533
313987,CNP0392957.0,CC1(C)CC(=O)C2=C(O)C=C(OCC(=O)NC3=CC=C4OC(=O)C=CC4=C3)C=C2O1,0.30412333900491023,2534
100905,CNP0574826.1,CC(C)(C)CC(=O)N1CCN2CC(=O)NC3=CC(C4=CC=CC=C4)=CC=C3OC[C@@H]2C1,0.30405354959154335,2535
474388,CNP0188055.1,CSCC[C@H](NC(=O)NC1=CC=C2OC(=O)C=CC2=C1)C(=O)O,0.30403247512390935,2536
231889,CNP0013439.1,C=CCN(C)C(=O)[C@H]1C[N@]2CC[C@H]1C[C@@H]2CN1C=C(C2=CC=CC(O)=C2)N=N1,0.3040125607196933,2537
452073,CNP0013439.2,C=CCN(C)C(=O)[C@H]1C[N@@]2CC[C@@H]1C[C@@H]2CN1C=C(C2=CC=CC(O)=C2)N=N1,0.3040125607196933,2538
203752,CNP0504335.1,CC1=CC=C(CCN2C(=O)[C@@H]3[C@H](C(=O)NC4=CC=C(C)C(C)=C4)[C@@H]4C=C[C@@]3(O4)[C@@H]2C(=O)N[C@@H]2CCC[C@@H](C)[C@H]2C)C=C1,0.3039120858256464,2539
282517,CNP0377721.0,CCOC1=CC=C(C2=CC(=O)C3=C(C)OC(C)=C3C(OC(=O)C3=CC=CC(Cl)=C3)=C2)C=C1,0.30379403974818614,2540
411823,CNP0145196.0,O=C1OC2=CC=CC=C2C(O)=C1C1=C(C2=CC=C3OCOC3=C2)OC2=C1C(=O)OC1=CC=CC=C12,0.3037579509004129,2541
117883,CNP0045417.0,COC1=CC=C(C(=O)C2=C(C)C3=CC=C(NC(=O)C4=CC=C(OC)C(OC)=C4)C=C3O2)C=C1,0.3037514605543741,2542
33502,CNP0011399.1,CCCNC(=O)OC[C@H]1C[C@@H]2CC[N@@]1C[C@@H]2C1=CC(C2=CC=C(OC)C(OC)=C2)=NN1C,0.30374224279895895,2543
359532,CNP0263613.1,CC1=CC=CC(C2=NOC([C@@H]3C[C@@H](O)CN3CCCC3=CC=CC=C3)=N2)=C1,0.3037347787767332,2544
437036,CNP0153175.0,O=C1CC(C2=C3N=CC=CN3N=C2)C2=C(C=C(O)C3=C2OC=C(C2=CC=C(O)C=C2)C3=O)O1,0.30358260402483755,2545
325953,CNP0487335.2,CC1=CC=C(NC(=O)[C@H]2[C@H]3C=C[C@@]4(O3)[C@H]2C(=O)N(CC2=CC=CN=C2)[C@@H]4C(=O)N[C@@H]2CCC[C@H](C)[C@@H]2C)C=C1Cl,0.3035758285040291,2546
93004,CNP0487335.1,CC1=CC=C(NC(=O)[C@H]2[C@H]3C=C[C@@]4(O3)[C@H]2C(=O)N(CC2=CC=CN=C2)[C@@H]4C(=O)N[C@@H]2CCC[C@@H](C)[C@H]2C)C=C1Cl,0.3035758285040291,2547
440017,CNP0487335.4,CC1=CC=C(NC(=O)[C@H]2[C@H]3C=C[C@@]4(O3)[C@H]2C(=O)N(CC2=CC=CN=C2)[C@@H]4C(=O)N[C@@H]2CCC[C@@H](C)[C@@H]2C)C=C1Cl,0.3035758285040291,2548
432680,CNP0409847.0,CC1=C(C2=CC=CC=C2)C(=O)C2=CC=C(OCCN3CCN(CCO)CC3)C=C2O1,0.3035091888221067,2549
444606,CNP0234235.1,ClC1=CC=C(CN2CCOC[C@H]2C2=NC(C3=CC=CC=C3)=CN2)C=C1,0.3034807423537997,2550
5409,CNP0057417.0,CC1=C(C(=O)C2=CC=C(Cl)C=C2)OC2=CC=C(NC(=O)C3=CC=CC=C3Cl)C=C12,0.3033974783416038,2551
457202,CNP0305713.1,COC1=CC=C(C2=CC3=C(C[C@]4(O)[C@@]5(C)CCC(=O)OC(C)(C)[C@]5(O)CC[C@@]4(C)O3)C(=O)O2)C=C1,0.30335673149047465,2552
216857,CNP0305713.2,COC1=CC=C(C2=CC3=C(C[C@@]4(O)[C@]5(C)CCC(=O)OC(C)(C)[C@@]5(O)CC[C@]4(C)O3)C(=O)O2)C=C1,0.30335673149047465,2553
275856,CNP0507179.0,O=C1C=CC2(C=C1)OCC(C1=CC=CC(C3=CC=C4C=CC=CC4=C3)=C1)O2,0.3032879256622647,2554
429716,CNP0060951.4,CCOC(=O)[C@@H](C)OC1=CC=C2C(=O)/C(=C/C3=CC=C(C4=CC=CC=C4)C=C3)OC2=C1,0.30325758064940295,2555
403588,CNP0453980.0,COC1=CC=C(C2=CC3=CC=C(OCCN4CCC(C(N)=O)CC4)C=C3OC2=O)C=C1,0.3032573012131413,2556
278277,CNP0086619.0,COC1=C2C(=O)OCC2=C(C)C2=C1C(OC(C)=O)C1C(C)(CC(O)C3(O)C(C)(C)OC(=O)CCC13C)O2,0.3032528278458915,2557
198551,CNP0342647.0,COC1=CC=C(C2=C(C)OC3=CC(OCCN4CCN(C5=CC=CC=C5)CC4)=CC=C3C2=O)C=C1,0.3032356860705402,2558
154235,CNP0045535.1,O=C1NC2=CC=C(C3=CC=C4OCOC4=C3)C=C2C(=O)N2CCN(C(=O)COC3=CC=CC=C3)C[C@H]12,0.3031933113455569,2559
220628,CNP0392352.1,COC1=CC2=C(C=C1OC)C1=CC(C3=CC=C4OCOC4=C3)=C/C(=C3/C(=O)C=C(C)OC3=O)N1CC2,0.3031762070648162,2560
351830,CNP0026572.0,COC1=CC=C(C(=O)NC2=CC=C3C(C)=C(C(=O)C4=CC=C(OC)C=C4)OC3=C2)C=C1,0.30311297733967896,2561
69653,CNP0483218.1,COC1=CC=CC(C2=CC=C3OC[C@H]4CN(C(=O)COC5=CC=CC=C5)CCN4CC(=O)NC3=C2)=C1,0.3030541342274036,2562
258111,CNP0497002.1,COCC(=O)N1CCN2CC(=O)NC3=CC(C4=CC=CC(OC)=C4)=CC=C3OC[C@H]2C1,0.3030541342274036,2563
274402,CNP0356749.1,CC1=CC(=O)NC2=CC(NC(=O)[C@H](CC3=CN(C)C4=CC=CC=C34)NC(=O)OC(C)(C)C)=CC=C12,0.30304969770925055,2564
431845,CNP0216678.1,CC1(C)[C@@]2(C(=O)NC3=CC=C4OCCOC4=C3)CC[C@]1(C)C(=O)C2=O,0.3030274197964995,2565
412043,CNP0291711.0,COC1=CC=C2C=C(C3CC(=O)OC4=CC(O)=C5C(=O)C=C(C6=CC=C(O)C(O)=C6)OC5=C43)C(=O)N(C)C2=C1,0.30300388459387745,2566
343994,CNP0599548.0,O=C1C=CC2(C=C1)OCC(C1=CC=CC(C3=CC=CC(Cl)=C3)=C1)O2,0.3029735906164674,2567
295610,CNP0522548.0,O=C1C=CC2(C=C1)OCC(C1=CC=C(C3=CC=CC(Cl)=C3)C=C1)O2,0.3029735906164674,2568
393441,CNP0373820.0,COC1=CC=C(C2=CC(C(=O)OCC3=CC=CO3)=C3C=CC=CC3=N2)C=C1OC,0.3029218873198856,2569
445775,CNP0396793.1,CC(C)C(=O)NC1=CC=C2NC=C(C(C(=O)O)N3CCN(C/C=C/C4=CC=CC=C4)CC3)C2=C1,0.3029135997492145,2570
117874,CNP0330242.1,O=C(NC1=CC=C2OCCOC2=C1)[C@H]1[C@H]2C(=O)N(CCC3=CNC4=CC=CC=C34)C[C@]23C=C[C@H]1O3,0.30290243399620287,2571
95780,CNP0561787.1,CC1=CC=C(NC(=O)[C@@H](CC2=CNC3=CC=CC=C23)NC(=O)OC2=CC=CC=C2)C=C1C,0.30280926151234255,2572
254807,CNP0592236.0,CN1N=C(C2=CC=CC=C2)C2=CC(Cl)=CC=C2CC1=O,0.30276933178520266,2573
74051,CNP0119051.1,COC1=CC=C(C2=CC3=C(C[C@]4(O)[C@@]5(C)CC[C@@H](O)C(C)(C)[C@]5(O)CC[C@@]4(C)O3)C(=O)O2)C=C1,0.30274445960659646,2574
356158,CNP0537672.3,CN1C(=O)[C@@H]2CCC[C@@]23ON=C(C2=CC=C([N+](=O)[O-])C=C2)N3C2=CC=CC=C21,0.30262302127114393,2575
188699,CNP0537672.4,CN1C(=O)[C@H]2CCC[C@]23ON=C(C2=CC=C([N+](=O)[O-])C=C2)N3C2=CC=CC=C21,0.30262302127114393,2576
237681,CNP0537672.2,CN1C(=O)[C@@H]2CCC[C@]23ON=C(C2=CC=C([N+](=O)[O-])C=C2)N3C2=CC=CC=C21,0.30262302127114393,2577
378909,CNP0067805.0,CC1=CC2=NC(C3=CC=C(Cl)C(Cl)=C3)=CN2C=C1,0.30249331126518564,2578
92154,CNP0482784.0,CC1=C(C(=O)NC2=CC=C3OCCOC3=C2)OC2=CC=C3OC4(CCCC4)CC(=O)C3=C12,0.30247352891836504,2579
367891,CNP0601204.0,CCCOC(=O)C1=CC=CC(C2=CC=C(C3COC4(C=CC(=O)C=C4)O3)C=C2)=C1,0.3024570880098981,2580
338374,CNP0013439.4,C=CCN(C)C(=O)[C@H]1CN2CC[C@@H]1C[C@@H]2CN1C=C(C2=CC=CC(O)=C2)N=N1,0.3024437280928357,2581
123696,CNP0013439.3,C=CCN(C)C(=O)[C@H]1CN2CC[C@H]1C[C@@H]2CN1C=C(C2=CC=CC(O)=C2)N=N1,0.3024437280928357,2582
178129,CNP0037872.0,CCOC(=O)C1=C(C)C2=CC=C(NC(=O)C(C)(C)C)C=C2O1,0.3024286049315715,2583
305399,CNP0227843.0,OCC1=CC(OCC2=CC(C3=CC=CC=C3)=NO2)=CC(OCC2=CC(C3=CC=CC=C3)=NO2)=C1,0.3023804292167009,2584
446066,CNP0080650.0,CN1C2=C(O)C=CC=C2C(=O)C2=C(O)C(C3=CC=CC=C3)=C3OC(C)(C)C=CC3=C21,0.3023712927977334,2585
447449,CNP0116535.2,COC1=CC=C(C2=COC3=C4C(=CC(O)=C3C2=O)OC(=O)C[C@@H]4C2=CC=NN2C)C=C1,0.30236543698166446,2586
188897,CNP0116535.1,COC1=CC=C(C2=COC3=C4C(=CC(O)=C3C2=O)OC(=O)C[C@H]4C2=CC=NN2C)C=C1,0.30236543698166446,2587
200708,CNP0112062.0,COCC1=NC2=CC=C(NC(=O)CCC3=CNC4=CC=CC=C34)C=C2N1,0.30234465472767513,2588
291064,CNP0549829.1,COCC(=O)N1CC[C@H]2CC(=O)NC3=CC(C4=CC=CN=C4)=CC=C3OCC[C@H]2C1,0.30234208614319275,2589
71470,CNP0365182.1,CCOC1=CC(C2=CC=C(OC)C(OC)=C2)=C/C(=N\C2=CC=CC(C)=C2)C2=C(C)OC(C)=C12,0.3023169222595781,2590
409584,CNP0337157.1,CCOC1=CC(C2=CC=C(OC)C(OC)=C2)=C/C(=N\C2=CC=CC(OC)=C2)C2=C(C)OC(C)=C12,0.3023169222595781,2591
388381,CNP0545578.1,CCC(=O)N1CCN2CC(=O)NC3=CC(C4=CC=CC=C4)=CC=C3OC[C@@H]2C1,0.3022696050446474,2592
122906,CNP0555104.1,CC(C)CC(=O)N1CCN2CC(=O)NC3=CC(C4=CC=CC=C4)=CC=C3OC[C@@H]2C1,0.3022696050446474,2593
325593,CNP0502843.3,CCCN(CCC)CCN1C(=O)[C@@H]2[C@H](C(=O)NC3=CC=C(C)C(C)=C3)[C@@H]3C=C[C@@]2(O3)[C@H]1C(=O)NC1CCCCC1,0.30225977982578917,2594
234261,CNP0502843.1,CCCN(CCC)CCN1C(=O)[C@@H]2[C@@H](C(=O)NC3=CC=C(C)C(C)=C3)[C@@H]3C=C[C@@]2(O3)[C@H]1C(=O)NC1CCCCC1,0.30225977982578917,2595
313774,CNP0502843.2,CCCN(CCC)CCN1C(=O)[C@@H]2[C@@H](C(=O)NC3=CC=C(C)C(C)=C3)[C@@H]3C=C[C@@]2(O3)[C@@H]1C(=O)NC1CCCCC1,0.3021632659690273,2596
281301,CNP0502843.4,CCCN(CCC)CCN1C(=O)[C@@H]2[C@H](C(=O)NC3=CC=C(C)C(C)=C3)[C@@H]3C=C[C@@]2(O3)[C@@H]1C(=O)NC1CCCCC1,0.3021632659690273,2597
468867,CNP0387751.1,COC(=O)[C@H](CCSC)NC(=O)NC1=CC=C2OC(=O)C=CC2=C1,0.30209227333333716,2598
164822,CNP0254881.0,COC1=CC(C2CC(=O)OC3=C2C(C)=CC2=C3C(C3=CC=CC=C3)=CC(=O)O2)=CC(OC)=C1O,0.30199637555945913,2599
134594,CNP0234779.2,COC1=CC=C(C2=CC3=C(C[C@H]4[C@@](C)(CC[C@@]5(O)C(C)(C)[C@@H](O)CC[C@]45C)O3)C(=O)O2)C=C1,0.30197650942649185,2600
100958,CNP0407646.0,COC1=CC=C(N2CCN(CCOC3=CC=C4C(=O)C(C5=CC=CC=C5)=C(C)OC4=C3)CC2)C=C1,0.3019202490320051,2601
54566,CNP0206437.0,COC1=CC2=C(C=C1OC)CN(C(=O)CN1C=CC3=CC=C(Cl)C=C31)CC2,0.30188451239932795,2602
456575,CNP0015659.1,COC1=CC=C(C2=NN(C)C([C@H]3C[N@]4CC[C@H]3C[C@@H]4CN)=C2)C=C1,0.301818650094927,2603
399054,CNP0011584.3,CN(C)C(=O)[C@H]1CN2CC[C@H]1C[C@@H]2CN1C=C(C2=CC=CC(O)=C2)N=N1,0.3018076614470722,2604
201222,CNP0011584.4,CN(C)C(=O)[C@H]1CN2CC[C@@H]1C[C@@H]2CN1C=C(C2=CC=CC(O)=C2)N=N1,0.3018076614470722,2605
352986,CNP0025071.0,COC1=CC=C(OC)C(C(=O)C2=C(C)C3=CC(NC(=O)C(C)(C)C)=CC=C3O2)=C1,0.30168841770225835,2606
143708,CNP0037490.0,CC(=O)NC1=CC=C2C(CCl)=CC(=O)OC2=C1,0.30167659872233005,2607
216441,CNP0559577.0,C=CC(=O)NC1=CC=C2N=CN=C(NC3=CC=CC=C3)C2=C1,0.30159201716887696,2608
371602,CNP0565540.1,CN1N=CN=C1C1=CC=C2OC[C@H]3CN(C(=O)C4=CN=CN=C4)CCN3CC(=O)NC2=C1,0.3015467454540371,2609
340791,CNP0577964.1,O=C1C[C@@H]2CCN(C(=O)N3CCOCC3)C[C@@H]2CCOC2=CC=C(C3=CC=CN=C3)C=C2N1,0.3015404152730712,2610
309464,CNP0480569.1,O=C1C[C@@H]2CCN(C(=O)CCC3=CC=CC=C3)C[C@@H]2CCOC2=CC=C(C3=CC=CN=C3)C=C2N1,0.3014912997473392,2611
227151,CNP0151359.1,C=C1[C@H]2CC[C@@](C(=O)CCC3=CC=CC(C4=CC=CC(O)=C4)=C3)([C@]1(C)C1CCCCC1)[C@]2(O)OC,0.30145299603948567,2612
459500,CNP0421867.1,C=C1[C@H]2CC[C@@](C(=O)CCC3=CC=CC(C4=CC=CC(O)=C4)=C3)([C@]1(C)C1CCCC1)[C@]2(O)OC,0.30145299603948567,2613
495168,CNP0529633.1,COC1=CC=C(C2=C(CC(=O)NCCC(=O)N3C[C@H]4C[C@@H](C3)C3=CC=CC(=O)N3C4)C3=CC4=C(C=C3O2)OCO4)C=C1,0.3013924177720241,2614
266370,CNP0406431.0,CC(C)CCN1C=NC2=CC=C(NC(=O)CCCN3C=NC4=CC=CC=C4C3=O)C=C2C1=O,0.30126333521428494,2615
440243,CNP0537325.1,CC1=NN=C([C@H]2CCN(CC3=CC=C(C4=CC=CC=N4)C=C3)C2)O1,0.30119514466170516,2616
125620,CNP0573339.0,COC1=CC=C(NC(=O)C2=CC3=CC=C(O)C=C3OC2=O)C=C1OC,0.30112817250674473,2617
382801,CNP0204082.0,CC1=C(C2=CC=CC=C2)C(=O)C2=CC=C(OCCN3CCN(C4=CC=CC(Cl)=C4)CC3)C=C2O1,0.30111753861205975,2618
211280,CNP0163922.0,COCC1=NC2=CC=C(NC(=O)CCCC3=CNC4=CC=CC=C34)C=C2N1,0.3009905851481237,2619
280907,CNP0129203.1,O=C1N(C2CCOCC2)C[C@H]2CN(CC3=CC=C(C4=CC=CC=N4)C=C3)CCN12,0.3009781521487336,2620
192074,CNP0564545.1,CCCN(CCC)CCN1C(=O)[C@@H]2[C@H](C(=O)NC3=CC=C(C)C(C)=C3)[C@@H]3C=C[C@@]2(O3)[C@@H]1C(=O)N[C@@H]1CCC[C@H](C)[C@H]1C,0.30094592627915473,2621
306552,CNP0230783.1,COC1=CC(C2=CC3=C(C[C@]4(O)[C@@]56COC(CC5=O)C(C)(C)[C@]6(O)CC[C@@]4(C)O3)C(=O)O2)=CC(OC)=C1OC,0.30091630486886123,2622
254274,CNP0537672.1,CN1C(=O)[C@H]2CCC[C@@]23ON=C(C2=CC=C([N+](=O)[O-])C=C2)N3C2=CC=CC=C21,0.30089113897635694,2623
460668,CNP0391329.2,CN(C)C(=O)[C@H]1C[N@@]2CC[C@@H]1C[C@@H]2CN1C=C(C2=CC=CC(N)=C2)N=N1,0.30085768631055565,2624
53099,CNP0391329.1,CN(C)C(=O)[C@H]1C[N@]2CC[C@H]1C[C@@H]2CN1C=C(C2=CC=CC(N)=C2)N=N1,0.30085768631055565,2625
207622,CNP0304408.0,C=C1SC2=CC=C(C3=CC=CC=C3)C=C2N1C,0.3007564664038267,2626
458648,CNP0589703.1,O=C(NC1=CC=C(Cl)C(Cl)=C1)[C@@H]1[C@H]2C=C[C@]3(O2)[C@H](C(=O)NC2CCCCC2)N(CC2=CC=CS2)C(=O)[C@@H]13,0.3007490290081086,2627
474764,CNP0589703.2,O=C(NC1=CC=C(Cl)C(Cl)=C1)[C@H]1[C@H]2C=C[C@]3(O2)[C@H](C(=O)NC2CCCCC2)N(CC2=CC=CS2)C(=O)[C@@H]13,0.3007490290081086,2628
307497,CNP0010976.1,COC1=CC=C(OC)C(S(=O)(=O)NC[C@H]2C[C@@H]3CCN2C[C@@H]3C2=CC(C3=CC=C(N(C)C)C=C3)=NN2C)=C1,0.3006817195754634,2629
407392,CNP0048035.1,CCOC1=CC=CC=C1/C=C/C(=O)C1=CC(NC(C)=O)=CC=C1O,0.3006199530982698,2630
347916,CNP0504272.0,CC1=CC(=O)C(O)=C(C2=C(C3=CC=CC=C3)N=C(C3=CC4=CC=CC5=C4N(CC5)C3=O)N2)O1,0.300610045433902,2631
371205,CNP0391406.2,COC1=CC=C2C(=C1OC)C(=O)O[C@H]2N1C(=O)CC[C@H]1C(=O)NC1=CC=C(C)C(C)=C1,0.30058922747404465,2632
250788,CNP0566638.3,CC1=CC=C(NC(=O)[C@H]2[C@H]3C=C[C@]4(O3)[C@H](C(=O)NC3CCCCC3)N([C@@H](C)C3=CC=CC=C3)C(=O)[C@@H]24)C=C1C,0.300583442758238,2633
218310,CNP0438535.1,CN1C[C@@H](N)C[C@H]1C1=NC(C2=CC=C3C=CC=CC3=C2)=NO1,0.3004746780015823,2634
203395,CNP0408882.1,CN(C[C@@H]1CCCN2CCCC[C@H]12)C(=O)C1=CC=C2C(=C1)C=CN2C,0.3004422932470666,2635
109497,CNP0255947.1,CC(=O)NC1=CC=C(S(=O)(=O)N2C[C@@H]3C[C@H](C2)C2=CC=C(C4=CC=C5C=CC=CC5=C4)C(=O)N2C3)C=C1,0.3003422277156144,2636
354916,CNP0437446.1,CC(=O)NC1=CC=C2C(O)=C(/N=N/C3=CC=C(/N=N/C4=CC=CC=C4)C=C3)C(S(=O)(=O)O)=CC2=C1,0.3003151759138084,2637
297307,CNP0552133.3,CC[C@H](C)[C@H](NC(=O)OCC1=CC=CC=C1)C(=O)NC1=CC=C(C)C(C)=C1,0.30022162947789505,2638
373152,CNP0375777.0,O=C(NCCC1=CNC2=CC=CC=C12)NC1=CC=C2OCCOC2=C1,0.30020897088985143,2639
407928,CNP0332479.1,CC1=CC=C(NC(=O)N2C[C@@H]3C[C@H](C2)C2=CC=C(C4=CC=CN=C4)C(=O)N2C3)C=C1,0.3001574205590707,2640
160412,CNP0485212.1,CCOC1=CC=CC([C@@H]2CC(C3=CC=C(C)C=C3)=NC3(CCN(C)CC3)N2)=C1O,0.30014487681678,2641
301380,CNP0495103.0,COC1=CC=C(C2=NN=C3N(C)C(=O)N(C)C(=O)C3(C3=CNC4=CC=CC=C34)N2)C=C1,0.3001366021436431,2642
283177,CNP0553265.4,CCCN1C(=O)[C@@H]2[C@H](C(=O)NC3=CC=C(C)C(C)=C3)[C@@H]3C=C[C@@]2(O3)[C@@H]1C(=O)N[C@@H]1CCC[C@@H](C)[C@H]1C,0.3000861134905835,2643
214374,CNP0139021.0,CCCN1COC2=CC=C3C(=O)C(C4=CC=C(OC)C(OC)=C4)=COC3=C2C1,0.3000014217889801,2644
110261,CNP0283396.0,COC1=CC2=C(C=C1OC)CN(C(=O)CN1C=CC3=CC(Cl)=CC=C31)CC2,0.2999953854841143,2645
10996,CNP0255239.1,O=C1OC(N2C(=O)CC[C@H]2C(=O)NC2=CC=C3OCCOC3=C2)C2=CC=CC=C12,0.2998827096326442,2646
85353,CNP0566075.1,CC(C)C1=CC=C2OCC[C@H]3CN(CC4=CC(C5=CC=CC=C5)=NO4)CC[C@H]3CC(=O)NC2=C1,0.29987495549484416,2647
166417,CNP0336741.3,COC1=CC(C2=CC3=C(C[C@]4(O)[C@]5(C)C(=O)C=CC(C)(C)[C@@]5(O)CC[C@@]4(C)O3)C(=O)O2)=CC(OC)=C1OC,0.29984665872014926,2648
419307,CNP0336741.2,COC1=CC(C2=CC3=C(C[C@]4(O)[C@]5(C)C(=O)C=CC(C)(C)[C@]5(O)CC[C@@]4(C)O3)C(=O)O2)=CC(OC)=C1OC,0.29984665872014926,2649
224673,CNP0336741.1,COC1=CC(C2=CC3=C(C[C@]4(O)[C@@]5(C)C(=O)C=CC(C)(C)[C@]5(O)CC[C@@]4(C)O3)C(=O)O2)=CC(OC)=C1OC,0.29984665872014926,2650
372010,CNP0336741.4,COC1=CC(C2=CC3=C(C[C@]4(O)[C@@]5(C)C(=O)C=CC(C)(C)[C@@]5(O)CC[C@@]4(C)O3)C(=O)O2)=CC(OC)=C1OC,0.29984665872014926,2651
5563,CNP0446607.0,O=C(NC1=CC=C(C(=O)O)C(O)=C1)C1=CC=CC=C1,0.29980888868165323,2652
306820,CNP0054104.1,O=C1NC2=CC=C(C3=CC=CC=C3)C=C2C(=O)N2CCN(C(=O)C3=CN=CC=N3)C[C@@H]12,0.2997984525060026,2653
257786,CNP0463410.0,O=C1C=C(CN2CCN(CCO)CC2)C2=CC(O)=C(C3=CC=CC=C3)C=C2O1,0.29976633693947485,2654
364984,CNP0355284.0,COC1=CC=C2C(=C1)C=CN2CC(=O)N1CCC2=CC(OC)=C(OC)C=C2C1,0.29975724127828907,2655
364415,CNP0186447.1,O=C(NC1=CC=C(Cl)C=C1)N1C[C@@H]2C[C@H](C1)C1=CC=C(C3=CC=CN=C3)C(=O)N1C2,0.2997301851705316,2656
317482,CNP0558088.0,COC1=CC=C2C(=C1OC)C(=O)N1C3=CC=C(OCC(=O)NC4=CC=C5OCCOC5=C4)C=C3C3=C1C2=[NH+]C=C3,0.29971661073592154,2657
208066,CNP0447505.1,O=S(=O)(N[C@H]1CO[C@H]2[C@H]1OC[C@H]2N1C=C(C2=CC=CC=C2)N=N1)C1=CC=CS1,0.29964199158535854,2658
421062,CNP0014103.1,CC(C)CCN1CC[C@H](C2=NN=C(C3=CC=CN=C3)O2)C1,0.2996338720844307,2659
224292,CNP0196392.0,COC1=CC=C(C2=C3C(=C(C4=CC=CC=C4)C(=O)C4=C3C3=CC=C(OC)C=C3OC4)OC2=O)C=C1,0.2995548435049551,2660
306446,CNP0569642.0,CCC(=O)NC1=CC=C2CCC3=CC=CC=C3N(C(C)=O)C2=C1,0.2995344234060084,2661
42317,CNP0297418.1,CC[C@]12C=CC(=O)N3C=CC(=C31)C1=CC=CC=C1NC(=O)CC2,0.29952462976828786,2662
211864,CNP0282621.0,CC1=C(CC(=O)NC2=CC=C3OCOC3=C2)C(=O)OC2=CC(O)=CC=C12,0.29944385998382317,2663
10267,CNP0392289.3,COC1=CC=C(N2C[C@@]34C=C[C@@H](O3)[C@@H](C(=O)NC3=CC=C(OC)C(OC)=C3)[C@H]4C2=O)C=C1,0.2994341760504921,2664
365024,CNP0392289.2,COC1=CC=C(N2C[C@@]34C=C[C@@H](O3)[C@H](C(=O)NC3=CC=C(OC)C(OC)=C3)[C@H]4C2=O)C=C1,0.2994341760504921,2665
235030,CNP0369249.1,CC1=CC=C(C2=NN=C(N3C[C@@H]4C[C@H](C3)C3=CC=CC(=O)N3C4)C3=CC=CC=C23)C=C1S(=O)(=O)NC(C)(C)C,0.29940556458642414,2666
246907,CNP0335686.1,COC1=CC=C(C2=CC3=C(C[C@]4(O)[C@@]5(C)CCC(=O)C(C)(C)[C@@]5(O)CC[C@@]4(C)O3)C(=O)O2)C=C1,0.2993964856643681,2667
315034,CNP0335686.2,COC1=CC=C(C2=CC3=C(C[C@]4(O)[C@@]5(C)CCC(=O)C(C)(C)[C@]5(O)CC[C@@]4(C)O3)C(=O)O2)C=C1,0.2993964856643681,2668
1971,CNP0519281.0,COC1=CC=C(C(=O)NC2=CC=C(O)C(C3=NC4=CC=CC=C4O3)=C2)C=C1,0.29923050499331516,2669
39347,CNP0282274.0,COC1=CC2=C(C(OC)=C1C1=CC(=O)C(OC)=C(C)O1)C(=O)C=C(C1=CC=CC=C1)O2,0.29919157638692023,2670
219753,CNP0060072.0,COC1=CC=C(OC)C(C(=O)C2=C(C)C3=CC(NC(=O)C4=CC=C(OC)C(OC)=C4)=CC=C3O2)=C1,0.2991837151476446,2671
187023,CNP0533158.1,O=C1C[C@@H]2CCN(C(=O)C3=CC=C4OCOC4=C3)C[C@@H]2CCOC2=CC=C(C3=CC=CN=C3)C=C2N1,0.29917317676656136,2672
391977,CNP0169051.2,COC1=CC=C(C2=NN(C)C([C@H]3CN4CC[C@H]3C[C@@H]4COC(=O)NC3CCCCC3)=C2)C=C1,0.298905153148175,2673
474759,CNP0169051.1,COC1=CC=C(C2=NN(C)C([C@H]3C[N@]4CC[C@H]3C[C@@H]4COC(=O)NC3CCCCC3)=C2)C=C1,0.298905153148175,2674
460089,CNP0593321.4,CC1=CC=C(NC(=O)[C@@H]2[C@H]3C=C[C@@]4(O3)[C@H]2C(=O)N(CC2=CC=CN=C2)[C@@H]4C(=O)NC2CCCCC2)C=C1Cl,0.2987192595607975,2675
242556,CNP0593321.1,CC1=CC=C(NC(=O)[C@H]2[C@H]3C=C[C@@]4(O3)[C@H]2C(=O)N(CC2=CC=CN=C2)[C@@H]4C(=O)NC2CCCCC2)C=C1Cl,0.2987192595607975,2676
242864,CNP0597715.2,C=C[C@@H](CO)[C@H]1CCN2C=CC3=C4C=CC=CC4=NC3=C2C1,0.29853463962321825,2677
171251,CNP0411979.1,N#CC1=CC=CC(C2=CC=C3[C@@H]4C[C@@H](CN(CCCC5=CC=CC=C5)C4)CN3C2=O)=C1,0.2984910483573747,2678
14665,CNP0130534.0,COC(=O)NC1=CC(NC(=O)NC2=CC=CC(NC(=O)OC)=C2C)=CC=C1C,0.2984777265581115,2679
349255,CNP0379155.0,CCOC1=CC(C2=CNC3=CC=CC=C23)=CC(=O)C2=C(C)OC(C)=C12,0.2983565626317231,2680
139969,CNP0367666.0,COC1=CC=C(C2=COC3=C2C(C)=CC2=C3C(C)=C(CC3=CC=CC=C3)C(=O)O2)C=C1,0.2983415543768346,2681
209211,CNP0250647.1,C1=CC=C(CCCN2CC[C@H](C3=NN=C(C4=CC=CN=C4)O3)C2)C=C1,0.2982470481019989,2682
1967,CNP0448582.0,ClC1=CC=C(C2=CN3C=CC=CC3=C2)C=C1Cl,0.29815087045559996,2683
73147,CNP0010314.0,CCCNC(=O)C1=CC(=O)N(CC(=O)NC2=CC=C3OCOC3=C2)C2=CC=CC=C12,0.2981370789334394,2684
373487,CNP0072491.0,COC1=CC=C(NC(=O)CSC2=NC3=CC=CC=C3C(=O)N2)C=C1OC,0.2979661827681739,2685
1845,CNP0097061.1,C=C1[C@H]2CC[C@@](C(=O)CCC3=CC=CC(C4=CC=CC(O)=C4)=C3)(C1(C)C)[C@]2(O)OC,0.2979448455602231,2686
371076,CNP0446194.1,CC(=O)NC1=CC=C(C2=CC=C3[C@H]4CNC[C@H](C4)CN3C2=O)C=C1,0.29789554937006046,2687
317375,CNP0529645.0,CC1=C(C)C2=CC(O)=C3OC(C4=CC=CC=C4)=C(CC(=O)O)C3=C2OC1=O,0.2978860535068565,2688
41096,CNP0068009.0,CC1=CC2=NC(C3=CC=C(I)C=C3)=CN2C=C1,0.2978155743985365,2689
432290,CNP0554869.1,N[C@H](COC1=CN=CC2=NC(C3=CC=NC=C3)=CC=C12)CC1=CNC2=CC=CC=C12,0.29777905855141296,2690
267523,CNP0039997.0,COC1=CC=C(C2=CC3=C(OC)C=C(OC)C=C3N(C)C2=O)C=C1,0.2977503158765866,2691
407686,CNP0299367.2,CN(C)C1=CC=C(C2=NN(C)C([C@H]3CN4CC[C@H]3C[C@@H]4CN)=C2)C=C1,0.2977312388264177,2692
69444,CNP0515696.0,COC1=CC=CC2=C1C(=O)[N+]1(C)[C-]3C=C(C)C=C4C=CC(=O)C(=C43)C21O,0.29765761873778374,2693
341351,CNP0459581.0,COC1=CC=C(C2=CC3=CC=C(OCCN4CCC(C(N)=O)CC4)C=C3OC2=O)C=C1OC,0.2976574390592297,2694
460065,CNP0060951.1,CCOC(=O)[C@@H](C)OC1=CC=C2C(=O)C(=CC3=CC=C(C4=CC=CC=C4)C=C3)OC2=C1,0.2976306507589086,2695
93383,CNP0319908.0,COC1=CC=C(C(=O)C2=C(C)C3=CC=C(NC(=O)C(C)C)C=C3O2)C=C1OC,0.29760827788111427,2696
130787,CNP0531152.1,CCCCCC(=O)N1CC[C@H]2CC(=O)NC3=CC(C4=CC=CN=C4)=CC=C3OCC[C@H]2C1,0.2975925941837219,2697
255571,CNP0484720.0,C1=CC(C2=C3N=CC(C4=CC=C(OCCN5CCCCC5)C=C4)=CN3N=C2)=CC=N1,0.29755877965062455,2698
29623,CNP0220346.2,CC(C)C[C@H](NC(=O)[C@@H]1CC2=CC=CC=C2CN1)C(=O)NC1=CC=C2OCOC2=C1,0.2975396912403412,2699
182243,CNP0375258.0,CC1=CC(NC(=O)CCC2=C(C)C3=CC4=C(C=C3OC2=O)OC(C)=C4C)=CC=C1Br,0.29752852490332105,2700
435747,CNP0494623.1,O=C1N2C=C(C3=CC=C(O)C=C3)N[C@@H](CC3=CC=CC=C3)C2=N[C@@]1(CC1=CC=C2C=CC=CC2=C1)OO,0.29751343871237024,2701
191692,CNP0419360.0,COC1=CC(C2=C(C3=C(O)C4=CC=CC=C4OC3=O)C3=C(O2)C2=CC=CC=C2OC3=O)=CC=C1O,0.29739452389375276,2702
72946,CNP0036059.2,CC(C)CN=C1S[C@H]2[C@@H]([C@@H](O)[C@H](O)C[C@@H]2C(N)=O)N1CC1=CC=C(C2=CC=CC=N2)C=C1,0.29732670791038235,2703
57228,CNP0036059.1,CC(C)CN=C1S[C@H]2[C@H]([C@@H](O)[C@H](O)C[C@@H]2C(N)=O)N1CC1=CC=C(C2=CC=CC=N2)C=C1,0.29732670791038235,2704
359224,CNP0065796.0,CCOC(=O)C1=C(C)C2=CC=C(NC(=O)C3=CC(OC)=CC(OC)=C3)C=C2O1,0.2972794667937741,2705
134136,CNP0033390.1,CC(=O)NC1=CC=C(O)C(C(=O)/C=C/C2=CC=CC=C2)=C1,0.29723374963981475,2706
324787,CNP0576836.0,COC1=CC=C(NC(=O)CN2C(=O)OC3=CC=CC=C32)C=C1Cl,0.29708822446019,2707
110021,CNP0333018.0,COCC1OC(C2=C(O)C=C(O)C3=C2OC=C(C2=CC=C(O)C=C2)C3=O)C(O)C(O)C1O,0.2969215873770681,2708
80999,CNP0555745.0,COC1=CC=C2C(=C1OC)C(=O)N1C3=CC=C(OCC(=O)NC4=CC=C5OCOC5=C4)C=C3C3=C1C2=[NH+]C=C3,0.29687814335014606,2709
341113,CNP0582358.1,COC1=CC=CC(C2=CC=C3OC[C@H]4CN(C(C)=O)CCN4CC(=O)NC3=C2)=C1,0.2968701419608899,2710
89396,CNP0292547.1,COC1=CC=CC2=C1N(CCC(=O)N(C)C[C@@H]1CCCN3CCCC[C@H]13)C=C2,0.29686263680651953,2711
473801,CNP0556682.1,CN1N=CN=C1C1=CC=C2OC[C@H]3CN(C(=O)C4CC4)CCN3CC(=O)NC2=C1,0.29681315820771986,2712
165379,CNP0110113.1,COC1=CC(C2=CC3=C(C[C@]4(O)[C@@]5(C)C(=O)C=CC(C)(C)[C@]5(O)CC[C@@]4(C)O3)C(=O)O2)=CC2=C1OCO2,0.29679245573509716,2713
385956,CNP0403159.0,CN1CCN(C(=O)CC(C2=CC3=CC=CC=C3NC2=O)C2=C(O)C=C(O)C3=C2OC(C2=CC=CC=C2)=CC3=O)CC1,0.2967513538803262,2714
384160,CNP0167105.0,COC1=CC=CC(C2=CC(=O)C3=CC=C4OC=CC4=C3O2)=C1,0.2967168861120577,2715
144285,CNP0511472.1,CN1C2=C(C(=O)N(C)C1=O)[C@H](C1=CC=CC(I)=C1)[C@@H]1C(=O)C3=CC=CC=C3C1=N2,0.2966706859723758,2716
179925,CNP0511472.3,CN1C2=C(C(=O)N(C)C1=O)[C@@H](C1=CC=CC(I)=C1)[C@@H]1C(=O)C3=CC=CC=C3C1=N2,0.2966706859723758,2717
154560,CNP0120137.2,COC1=CC=C(C2=CC3=C(C[C@@]4(O)[C@@]5(C)C(=O)[C@@]6(OC)C(=O)O[C@]5(CC[C@@]4(C)O3)C6(C)C)C(=O)O2)C=C1,0.29666816843260635,2718
240335,CNP0120137.1,COC1=CC=C(C2=CC3=C(C[C@]4(O)[C@@]5(C)C(=O)[C@@]6(OC)C(=O)O[C@]5(CC[C@@]4(C)O3)C6(C)C)C(=O)O2)C=C1,0.29666816843260635,2719
104528,CNP0406227.0,O=C(NC1=CC=C2NC=NC2=C1)C1CC(=O)N(CCC2=CC=C(O)C=C2)C1,0.2966345933564418,2720
475325,CNP0552133.2,CC[C@H](C)[C@@H](NC(=O)OCC1=CC=CC=C1)C(=O)NC1=CC=C(C)C(C)=C1,0.2966247310071327,2721
62524,CNP0374441.0,COC1=CC=C(NC(=O)COC2=CC(C)=CC3=C2C2=C(CCC2)C(=O)O3)C=C1OC,0.29661790247427944,2722
301078,CNP0599765.1,CCOCCCN1C(=O)[C@@H]2[C@H](C(=O)NC3=CC=C(C)C(C)=C3)[C@@H]3C=C[C@@]2(O3)[C@@H]1C(=O)N[C@@H]1CCC[C@H](C)[C@@H]1C,0.29660850241323905,2723
127205,CNP0599765.2,CCOCCCN1C(=O)[C@@H]2[C@H](C(=O)NC3=CC=C(C)C(C)=C3)[C@@H]3C=C[C@@]2(O3)[C@@H]1C(=O)N[C@@H]1CCC[C@@H](C)[C@@H]1C,0.29660850241323905,2724
420291,CNP0402017.0,O=C(CCCN1C=NC2=CC=CC=C2C1=O)NC1=CC=C2N=CNC(=O)C2=C1,0.29645584057722774,2725
274044,CNP0011584.2,CN(C)C(=O)[C@H]1C[N@@]2CC[C@@H]1C[C@@H]2CN1C=C(C2=CC=CC(O)=C2)N=N1,0.29638679403056967,2726
330088,CNP0011584.1,CN(C)C(=O)[C@H]1C[N@]2CC[C@H]1C[C@@H]2CN1C=C(C2=CC=CC(O)=C2)N=N1,0.29638679403056967,2727
254684,CNP0343939.3,COC1=CC=C(NC(=O)[C@@H]2[C@H]3C(=O)N(CC4=CC=C5OCOC5=C4)C[C@]34C=C[C@H]2O4)C=C1OC,0.2962872678051379,2728
503644,CNP0343939.4,COC1=CC=C(NC(=O)[C@H]2[C@H]3C(=O)N(CC4=CC=C5OCOC5=C4)C[C@]34C=C[C@H]2O4)C=C1OC,0.2962872678051379,2729
28622,CNP0407416.0,COC1=CC=C(C2=COC3=C4CN(CCC5=CC=CS5)COC4=CC=C3C2=O)C=C1,0.29614427662401716,2730
108468,CNP0472271.1,CN(C)C1=CC=C(C2=NN(C)C([C@H]3C[N@]4CC[C@H]3C[C@@H]4CNS(=O)(=O)C3=CC=CC=C3)=C2)C=C1,0.29613694546672753,2731
329004,CNP0207809.0,C1=CC=C(C2=CC=C(C3=CN4C(=N3)SC3=CC=CC=C34)C=C2)C=C1,0.2960389754989788,2732
72960,CNP0010598.1,CN1CCN(C2=CC=C(C3=NOC([C@@H]4CCCN4CC4=CNC5=CC=CC=C45)=N3)C=N2)CC1,0.2959990280381461,2733
422927,CNP0231935.1,CCOC1=CC=CC=C1/C=C/C(=O)C1=CC=C(NC(C)=O)C=C1O,0.2959736192344559,2734
215829,CNP0402168.1,COC1=CC2=C(C=C1OC)CN(C(=O)N[C@@H](C)C(=O)NC1=CC=C3OCOC3=C1)CC2,0.2958308991963626,2735
392977,CNP0015465.1,CC1=C[C@@H](CN2CCN(CCO)CC2)[C@H](C(C)C)C[C@H]1CC1=NN=C(C2=CC=CC=C2)O1,0.29583063721400404,2736
20311,CNP0390848.1,COCCN(C[C@@H]1CCCN2CCCC[C@H]12)C(=O)CN1C=CC2=CC=CC=C21,0.29575752916680065,2737
120589,CNP0406502.1,COC1=CC=C(C2=NNC(C(=O)N3CCCC[C@H]3C3=CC=CN=C3)=C2)C=C1OC,0.2957569569367817,2738
400853,CNP0359097.2,COC1=CC(C2=CC(=O)C3=C(O)C(C4O[C@@H](C)C(=O)[C@@H](O)[C@H]4O)=C(O)C=C3O2)=CC=C1O,0.2957508654885321,2739
103455,CNP0177281.0,COC1=CC=C(C(=O)C2=C(C)C3=CC(NC(=O)C4=CC=CC=C4Cl)=CC=C3O2)C=C1,0.295749295356034,2740
211277,CNP0591178.1,C=CCN(C)C/C=C/COC1=CC2=C(C=C1F)C(C1=CC=C(Br)C=C1)=NN2C,0.2957066895597886,2741
58581,CNP0552500.0,COC1=CC=CC=C1C(=O)NC1=CC=C2OC(C3=CC=CC=C3C)=NC2=C1,0.29562430406058854,2742
144344,CNP0553862.1,O=C1C[C@@H]2CCN(C(=O)C3=CC=CC=C3)C[C@@H]2CCOC2=CC=C(C3=CC=CN=C3)C=C2N1,0.2955472733828866,2743
34367,CNP0600114.2,COC1=CC=CC([C@@H]2CC(C3=CC=C(C)C=C3)=NC3(CCN(C)CC3)N2)=C1O,0.29552162761334194,2744
69209,CNP0440474.0,COC1=C(O)C(CC2=CNC=C2)=C2OC(C3=CC=C(O)C=C3)=CC(=O)C2=C1OCCC1(O)CCCC1,0.29549961945906833,2745
333017,CNP0392108.1,COC1=CC=C(C2=C3[C@@H]4C[C@@H](CN(CCCC5=CC=CC=C5)C4)CN3C(=O)C=C2)C=C1,0.29545172135905234,2746
296262,CNP0199510.0,CN1C=CC=C1C1=CC=CN=C1,0.2954447169333995,2747
278575,CNP0228646.0,COC1=CC2=C(C=C1OC)CN(C(=O)CN1C=CC3=CC=C(Br)C=C31)CC2,0.2954144956096754,2748
96896,CNP0369376.1,CC1(C)O[C@H]2[C@@H](O1)[C@@H](C(=O)NC1=CC=C3OCCOC3=C1)O[C@@H]1OC(C)(C)O[C@@H]12,0.295396282436322,2749
29778,CNP0407560.0,COC1=CC=CC(NC(=O)C2OC3=C(C(=O)OC4=CC=CC=C34)C2C2=CC=C3OCOC3=C2)=C1,0.295373830753548,2750
128687,CNP0000811.0,ON1C=CC2=CN=CN=C21,0.2953408011275412,2751
91300,CNP0443416.0,COC1=CC=C(C2=C(C)OC3=CC(OCCN4CCN(CC5=CC=CC=C5)CC4)=CC=C3C2=O)C=C1,0.29526905298500516,2752
81760,CNP0354438.1,COC1=CC=C(C2=CC(=O)C3=C(O[C@]4(C)CC[C@@]5(O)C(C)(C)[C@]6(O)CC[C@]5(CO6)C4C3)O2)C=C1,0.295200281952187,2753
239999,CNP0434294.1,COC1=CC=C(C2=CC(=O)C3=C(O[C@]4(C)CC[C@@]5(O)C(C)(C)[C@]6(OC)CC[C@]5(CO6)[C@H]4C3)O2)C=C1,0.295200281952187,2754
78539,CNP0016046.1,CN(C)C1=CC=C(C2=NOC([C@@H]3CCCN3CCCC3=CC=CC=C3)=N2)C=N1,0.2951885767384466,2755
273725,CNP0485454.0,O=C1C=CC2(C=C1)OCC(C1=CC=CC(C3=CC=CC=C3)=C1)O2,0.295067578896438,2756
387922,CNP0409920.0,COC1=CC=C(C2=COC3=C4CN(CCCOC(C)C)COC4=CC=C3C2=O)C=C1OC,0.2950477314513241,2757
192528,CNP0508496.2,CN(CCN1C(=O)[C@@H]2[C@@H](C(=O)NC3=CC=C(Cl)C(Cl)=C3)[C@@H]3C=C[C@@]2(O3)[C@H]1C(=O)NC1CCCCC1)CC1=CC=CC=C1,0.29504586715026265,2758
384209,CNP0508496.1,CN(CCN1C(=O)[C@@H]2[C@H](C(=O)NC3=CC=C(Cl)C(Cl)=C3)[C@@H]3C=C[C@@]2(O3)[C@@H]1C(=O)NC1CCCCC1)CC1=CC=CC=C1,0.29504586715026265,2759
392210,CNP0508496.4,CN(CCN1C(=O)[C@@H]2[C@H](C(=O)NC3=CC=C(Cl)C(Cl)=C3)[C@@H]3C=C[C@@]2(O3)[C@H]1C(=O)NC1CCCCC1)CC1=CC=CC=C1,0.29504586715026265,2760
239150,CNP0508496.3,CN(CCN1C(=O)[C@@H]2[C@@H](C(=O)NC3=CC=C(Cl)C(Cl)=C3)[C@@H]3C=C[C@@]2(O3)[C@@H]1C(=O)NC1CCCCC1)CC1=CC=CC=C1,0.29504586715026265,2761
464517,CNP0502809.0,C=CC(=O)NC1=CC=C2N=CN=C(NC3=CC=CC(Br)=C3)C2=C1,0.2948556554642212,2762
316281,CNP0490583.1,O=C1C[C@@H]2CCN(CC3=CC(C4=CC=CC=C4)=NO3)C[C@@H]2CCOC2=CC=CC=C2N1,0.2947334895184991,2763
53250,CNP0385957.0,COC1=CC(C2=NC3=CN=CC=C3N2C)=CC(OC)=C1OC,0.2946997525688973,2764
497395,CNP0046349.0,COC1=CC=CC=C1C(=O)NC1=CC=C2OC(C(=O)C3=CC=C(Cl)C=C3)=C(C)C2=C1,0.29467375526799194,2765
341415,CNP0283428.0,O=C(CCN1C=CC2=CC=CC=C21)N1CCC2=CC=CC=C2C1,0.2946523647775616,2766
263198,CNP0041792.0,ClC1=CC=C(C2=CN3C(=N2)SC2=CC=CC=C23)C=C1,0.29451342811452697,2767
397888,CNP0325078.5,COC1=CC=C(C2=CC(=O)C3=C(O)C(C4O[C@H](CO)[C@@H](O)[C@H](O)[C@H]4O)=C(OC)C=C3O2)C=C1,0.2944308938820994,2768
254687,CNP0164633.1,CSCC[C@H](NC(=O)NC1=CC=C2OCOC2=C1)C(=O)O,0.2944269719403042,2769
111989,CNP0403507.0,CC1=C(C(=O)C2=CC=C(Cl)C=C2)OC2=CC=C(NC(=O)C(C)(C)C)C=C12,0.2944073020030815,2770
119691,CNP0504335.3,CC1=CC=C(CCN2C(=O)[C@@H]3[C@H](C(=O)NC4=CC=C(C)C(C)=C4)[C@@H]4C=C[C@@]3(O4)[C@@H]2C(=O)N[C@@H]2CCC[C@@H](C)[C@@H]2C)C=C1,0.29435114068263707,2771
166762,CNP0504335.4,CC1=CC=C(CCN2C(=O)[C@@H]3[C@H](C(=O)NC4=CC=C(C)C(C)=C4)[C@@H]4C=C[C@@]3(O4)[C@@H]2C(=O)N[C@@H]2CCC[C@H](C)[C@@H]2C)C=C1,0.29435114068263707,2772
407269,CNP0521151.1,O=C1C[C@@H]2CCN(C3COC3)C[C@@H]2CCOC2=CC=C(C3=CC=CC=C3)C=C2N1,0.29434207028871756,2773
73044,CNP0474383.1,N#CC1=CC=CC(NC(=O)O[C@@H]2CO[C@H]3[C@H]2OC[C@H]3N2C=C(C3=CC=CC=C3)N=N2)=C1,0.29430241468517837,2774
199423,CNP0503889.0,OCCCC1=CC=C2OC(C3=CC=CC(O)=C3C3=CC=C(O)C=C3)CC2=C1,0.294291468872517,2775
370296,CNP0195983.1,COCCN1C=CC2=CC=C(C(=O)NC[C@@H]3CCCN4CCCC[C@H]34)C=C21,0.29422410225301965,2776
1999,CNP0011734.1,CN1CCC(N2C[C@@H]3C[C@H](C2)C2=CC=C(C4=CC=C5C=CC=CC5=C4)C(=O)N2C3)CC1,0.29414488035750025,2777
231490,CNP0403025.0,COCCN1C=NC2=CC=C(NC(=O)CCC3=CC=C4OCCC4=C3)C=C2C1=O,0.294142745489167,2778
380754,CNP0409169.0,O=C(NC1=CC=C2OC(=O)C=CC2=C1)C1=CC=C(C(=O)NC2=CC=C3OC(=O)C=CC3=C2)C=C1,0.2941182835922563,2779
37923,CNP0496811.1,O=C1CN2CCN(C(=O)C3CCCC3)C[C@H]2COC2=CC=C(C3=CC=CC=C3)C=C2N1,0.29411668573235183,2780
155347,CNP0569059.1,COC1=CC=C(C2=CC3=C(C[C@H]4[C@@](C)(CC[C@@]5(O)C(C)(C)[C@@H](O)CC(=O)[C@]45C)O3)C(=O)O2)C=C1,0.29409022032493176,2781
188167,CNP0524938.1,C1=CC=C(CCCN2CC[C@H](C3=NN=C(C4=CC=NC=C4)O3)C2)C=C1,0.2940586904858041,2782
233664,CNP0494101.1,CCCCN1C(=O)[C@H]2[C@H](C(=O)NC3=CC=C(C)C(C)=C3)[C@H]3C=C[C@@]2(O3)[C@@H]1C(=O)N[C@@H]1CCC[C@@H](C)[C@H]1C,0.2940107328333469,2783
226134,CNP0588379.3,CCCCN(C)CCN1C(=O)[C@@H]2[C@H](C(=O)NC3=CC=C(Cl)C(Cl)=C3)[C@@H]3C=C[C@@]2(O3)[C@H]1C(=O)NC1CCCCC1,0.293998656793626,2784
141803,CNP0524932.0,O=C(CSC1=NC2=CC=CC=C2C(=O)N1)NC1=CC=C2OCOC2=C1,0.29390343154936616,2785
289111,CNP0588379.4,CCCCN(C)CCN1C(=O)[C@@H]2[C@H](C(=O)NC3=CC=C(Cl)C(Cl)=C3)[C@@H]3C=C[C@@]2(O3)[C@@H]1C(=O)NC1CCCCC1,0.29390214293686423,2786
179709,CNP0401589.0,COC1=CC2=C(C3=C1C(=O)C=C(C1=CC=CC=C1)O3)C(C1=CC3=CC=CC4=C3N(CC4)C1=O)CC(=O)O2,0.29389533438423915,2787
497136,CNP0411253.0,COC1=CC=C(C(CC(=O)NC2=CC=C3NC(C(C)C)=NC3=C2)C2=C(O)C=C(C)OC2=O)C(OC)=C1OC,0.2938672299640337,2788
77662,CNP0296832.0,COC1=CC=C2C(C)=C(CC(=O)NC3=CC=C(OC)C(OC)=C3)C(=O)OC2=C1,0.2938147962986168,2789
174915,CNP0041381.1,CCOC(=O)COC1=CC=C2C(=O)/C(=C/C3=CC=C(C4=CC=CC=C4)C=C3)OC2=C1,0.29370112910534,2790
357532,CNP0354508.1,COC1=CC(C2=CC3=C(C[C@]4(O)[C@@]5(C)C(=O)C=CC(C)(C)[C@]5(O)CC[C@@]4(C)O3)C(=O)O2)=CC=C1O,0.29367825171583173,2791
298341,CNP0400769.0,CC1=CC(=O)OC2=CC(OCC(=O)NC3=CC=C4C(=O)OCC4=C3)=CC=C12,0.2936712453454629,2792
12970,CNP0529872.0,CC(C)CN1C(=O)C(C2=CC=C(C(=O)N3CCC4(CC3)OCCO4)C=C2)=NC2=CC=CC=C21,0.2935258886429738,2793
286372,CNP0392871.2,COC1=CC=C(C2=COC3=C4C(=CC(OC)=C3C2=O)OC(=O)C[C@H]4C2=CC3=CC=CC=C3OC2)C=C1,0.2935230841870995,2794
322511,CNP0104637.0,CC1=C(C2=CC=CC=C2)C(=O)C2=CC=C(OCCN3CCN(C4=CC=CC=C4)CC3)C=C2O1,0.2934893894969295,2795
144164,CNP0549588.0,CCNCC(=O)N1C2=CC=CC=C2CCC2=CC=C(NC(=O)OC(C)C)C=C21,0.2934608346067906,2796
283955,CNP0016357.1,CN1C(=O)C2=CC=C(C3=CC=CN=C3)C=C2O[C@H]2CN(CC3=NC=CS3)C[C@H]21,0.29345939101711305,2797
343567,CNP0303045.1,O=C(CN1C(C2=CC=CC=C2)=CC2=CC=CC=C21)N1C[C@@H]2C[C@@H](C1)C1=CC=CC(=O)N1C2,0.293456426626132,2798
219856,CNP0303045.2,O=C(CN1C(C2=CC=CC=C2)=CC2=CC=CC=C21)N1C[C@@H]2C[C@H](C1)C1=CC=CC(=O)N1C2,0.293456426626132,2799
242933,CNP0156989.0,CC1=C(C)C2=CC3=C(C=C2O1)OC(=O)C(CC(=O)NC1=CC=C2OCOC2=C1)=C3C,0.29342800644368744,2800
284972,CNP0164343.0,COC1=CC=C(C2=NNC=C2C2CC(=O)OC3=CC(O)=C4C(=O)C(C5=CC=CC=C5)=COC4=C32)C=C1,0.29341219488735215,2801
174710,CNP0528932.0,O=C(NC1=CC=C(O)C(C2=NC3=CC=CC=C3O2)=C1)C1=CC=CC([N+](=O)[O-])=C1,0.2934117797843119,2802
455192,CNP0141121.0,COCCN1COC2=CC=C3C(=O)C(C4=CC=C(OC)C(OC)=C4)=COC3=C2C1,0.2933979420567758,2803
166665,CNP0013078.1,CN1CCC(N2C[C@@H]3C[C@H](C2)C2=CC=C(C4=CC=CN=C4)C(=O)N2C3)CC1,0.29336860370956414,2804
101032,CNP0023220.0,IC1=CC=C(C2=CN3C(=N2)SC2=CC=CC=C23)C=C1,0.2933358816333331,2805
330553,CNP0162584.1,COC(=O)[C@H](CCSC)NC(=O)NC1=CC=C2OCCOC2=C1,0.2932979975870083,2806
100558,CNP0348142.0,COC1=CC=C(C(=O)NC2=CC=C3C(C)=C(C(=O)C4=CC=C(OC)C(OC)=C4)OC3=C2)C=C1,0.29324015093173805,2807
379516,CNP0068270.0,CN1C=NC(C2=CC=CC=C2)=C1,0.29312028712445126,2808
340035,CNP0411599.0,COC1=CC=C(C(CC(=O)NC2=CC=C3OC=CC(=O)C3=C2)C2=C(O)C=C(C)OC2=O)C(OC)=C1OC,0.2931147692465578,2809
356213,CNP0567695.0,COC1=CC=C(NC(=O)C2=C(C)C3=C4C(=O)CC5(CCCCCC5)OC4=CC=C3O2)C=C1OC,0.29310267784555516,2810
381377,CNP0038642.0,CC(=O)NC1=CC=C2CC(=O)NC2=C1,0.2930312114304507,2811
429488,CNP0584141.1,CCOC(=O)C1=C(C2=CC=CC=C2)N(C)C(=O)N[C@H]1C1=CC=C(O)C(OC)=C1,0.29297567985015177,2812
449815,CNP0566638.4,CC1=CC=C(NC(=O)[C@H]2[C@H]3C=C[C@]4(O3)[C@H](C(=O)NC3CCCCC3)N([C@H](C)C3=CC=CC=C3)C(=O)[C@@H]24)C=C1C,0.2929416790956022,2813
314524,CNP0246548.0,CC1=C(C2=CC=CC=C2)C(=O)C2=CC=C(OCCN3CCCCC3)C=C2O1,0.29292101513566193,2814
305362,CNP0345036.1,COC1=CC=C(C2=NNC(C(=O)N3CCCC[C@H]3C3=CC=CN=C3)=C2)C=C1,0.2928356684104677,2815
467123,CNP0511504.0,O=C(CCN1N=C(C2=CC=CC=C2)CCC1=O)N1CCC2(CC1)OCCO2,0.29281104275060565,2816
501834,CNP0489858.0,CCOC(=O)COC1=CC=C2C(=O)C(C3=CSC(C4=CC=CC=C4)=N3)=C(C)OC2=C1,0.2928033872582059,2817
140465,CNP0555911.1,COC1=CC=CC(C2=CC=C3OC[C@H]4CN(C(=O)C5CCCC5)CCN4CC(=O)NC3=C2)=C1,0.29280146870571144,2818
446687,CNP0583019.0,CC(=O)OC1=CC=C(C(=O)NC2=CC=C(O)C(C3=NC4=CC=CC=C4O3)=C2)C=C1,0.2927925630510456,2819
500358,CNP0010271.0,COC1=CC=C(C(=O)NC2=CC=C(Br)C(C)=C2)C=C1OC,0.2927679858605682,2820
230756,CNP0392871.1,COC1=CC=C(C2=COC3=C4C(=CC(OC)=C3C2=O)OC(=O)C[C@@H]4C2=CC3=CC=CC=C3OC2)C=C1,0.29273827459786855,2821
418885,CNP0409402.0,CC1=C(C2=CC=CC=C2)C(=O)C2=CC=C(OCCN3CCC(C(N)=O)CC3)C=C2O1,0.29257803068909033,2822
448595,CNP0216678.2,CC1(C)[C@]2(C(=O)NC3=CC=C4OCCOC4=C3)CC[C@@]1(C)C(=O)C2=O,0.2925557115585582,2823
37875,CNP0406978.0,COC1=CC2=C(C=C1OC)CC(=O)N(CCC(=O)NC1=CC=C3OCCCOC3=C1)C=C2,0.292530925122898,2824
139865,CNP0510249.0,CCOC1=CC(C(=O)NC2=CC=C(OC)C(OC)=C2)=CC(OCC)=C1OCC,0.2924626978611527,2825
495159,CNP0481203.2,COC1=CC=C2C(=C1OC)C(=O)N1C3=CC=C(O[C@@H](C)C(=O)NC4=CC=C5OCOC5=C4)C=C3C3=C1C2=[NH+]C=C3,0.29244170169806993,2826
209918,CNP0334531.0,CCN1C2=CC=CC=C2C2=CC(N3COC4=CC=C5C(C6=CC=CC=C6)=CC(=O)OC5=C4C3)=CC=C21,0.2923539814167192,2827
5450,CNP0598859.0,O=C1C=CC(=O)C(C2=CC=C(C3=CC=CC=C3)C=C2)=C1,0.29225399920083284,2828
133875,CNP0008036.0,CC1=CC(OCC(=O)NC2=CC=C(C3=CC4=CC=CC=C4OC3=O)C(C)=C2)=CC=C1Cl,0.29224580721899246,2829
73966,CNP0578708.0,COC1=CC=C(NC(=O)C2=C(C)C(=O)OC23CCCCC3)C=C1Cl,0.29223096892716455,2830
138974,CNP0560404.1,CN1CCC(N2C[C@H](O)C[C@H]2C2=NC(C3=CC=CC([N+](=O)[O-])=C3)=NO2)CC1,0.29221640344327865,2831
61298,CNP0557611.1,CCC(CC)C(=O)N1CC[C@H]2CC(=O)NC3=CC(C4=CC=CN=C4)=CC=C3OCC[C@H]2C1,0.29220879628974505,2832
139142,CNP0512076.1,CCC(=O)N1CC[C@H]2CC(=O)NC3=CC(C4=CC=CN=C4)=CC=C3OCC[C@H]2C1,0.29220879628974505,2833
199963,CNP0254740.0,NC(=O)C1=CC(C2=C(C3=C(O)C4=CC=CC=C4OC3=O)C3=C(O2)C2=CC=CC=C2OC3=O)=CC=C1O,0.29211698761965527,2834
277743,CNP0171329.0,COC1=CC=C(C2=NC3=C(C(=O)C4=CC=CC=C4O3)C(=O)N2CCC2=CC=C(OC)C(OC)=C2)C=C1,0.2921096952563409,2835
226432,CNP0480840.0,COC1=CC(C2=C(C3=C(O)C(=O)C=C(C)O3)NC(C3=CC4=CC=CC5=C4N(CC5)C3=O)=N2)=CC=C1O,0.2920483819482412,2836
414696,CNP0531630.0,COC1=CC=C(N2C(C)=C(C(C)=O)C3=CC(OC(=O)C4=CC=C(C5=CC=CC=C5)C=C4)=CC=C32)C=C1,0.29197412212794577,2837
256229,CNP0317737.0,CCCNC(=O)C1=CC(=O)N(CC(=O)NC2=CC=C3OCCOC3=C2)C2=CC=CC=C12,0.29195366090282987,2838
338392,CNP0014036.1,C1=CC(C2=CC=C(C3=NOC([C@@H]4CCCN4C4CCOCC4)=N3)C=N2)=CC=N1,0.29188758983930474,2839
5112,CNP0047326.0,COCCN1COC2=CC=C3C=C(C4=CC=C(OC)C(OC)=C4)C(=O)OC3=C2C1,0.2918503916391788,2840
294934,CNP0572257.1,CN(C)C/C=C/C(=O)NC1=CC=C2N=CN=C(NC3=CC=CC(Br)=C3)C2=C1,0.29177690308385557,2841
108267,CNP0493306.0,COC1=CC=C(C2=CN3C4=CC=CC=C4N=C3N2CCN2CCOCC2)C=C1,0.29176937744914155,2842
17713,CNP0366646.1,COC1=CC=C(C2=NC3=CC=CC=C3C(=O)N2C2=NC=CC=C2[C@H]2CCCN2C)C=C1OC,0.29161248893225006,2843
270057,CNP0454783.1,CN1C[C@@H](N)C[C@H]1C1=NC(C2=CC=CN=C2)=NO1,0.29159677738228124,2844
475496,CNP0393328.0,O=C1OC2=CC=CC=C2C(O)=C1C1=C(C2=CC=C3OCCOC3=C2)OC2=C1C(=O)OC1=CC=CC=C12,0.29154660927582954,2845
459351,CNP0552133.1,CC[C@@H](C)[C@@H](NC(=O)OCC1=CC=CC=C1)C(=O)NC1=CC=C(C)C(C)=C1,0.2914710756503955,2846
188432,CNP0119051.2,COC1=CC=C(C2=CC3=C(C[C@]4(O)[C@@]5(C)CC[C@H](O)C(C)(C)[C@]5(O)CC[C@@]4(C)O3)C(=O)O2)C=C1,0.2914516666169066,2847
69988,CNP0485701.0,COC1=CC=C(C2=NNC(C(=O)N(CCC3=CC=CC=C3)CC3=CC=CC=C3)=C2)C=C1,0.29124995285952493,2848
277704,CNP0515649.1,COC1=CC=CC(C2=CC=C3OC[C@H]4CN(C(=O)C5=CC=CC=C5OC)CCN4CC(=O)NC3=C2)=C1,0.29119268333978426,2849
364379,CNP0144948.0,CN1C(C2=CC(O)=C3OCOC3=C2)=CC(=O)C2=CC=CC=C21,0.29116758279114696,2850
392664,CNP0396116.0,COC1=CC2=C(C=C1OC)CN(C(=O)CN1C=CC3=CC=CC=C31)CC2,0.2911598029178798,2851
113001,CNP0584141.2,CCOC(=O)C1=C(C2=CC=CC=C2)N(C)C(=O)N[C@@H]1C1=CC=C(O)C(OC)=C1,0.2910470955317417,2852
475607,CNP0588379.2,CCCCN(C)CCN1C(=O)[C@@H]2[C@@H](C(=O)NC3=CC=C(Cl)C(Cl)=C3)[C@@H]3C=C[C@@]2(O3)[C@H]1C(=O)NC1CCCCC1,0.2910335178486358,2853
147024,CNP0588379.1,CCCCN(C)CCN1C(=O)[C@@H]2[C@@H](C(=O)NC3=CC=C(Cl)C(Cl)=C3)[C@@H]3C=C[C@@]2(O3)[C@@H]1C(=O)NC1CCCCC1,0.290937003991874,2854
325598,CNP0412145.1,COCCCN(C[C@@H]1CCCN2CCCC[C@H]12)C(=O)CCN1C=CC2=CC(OC)=CC=C21,0.2908845590984098,2855
226387,CNP0555603.2,COCCN1C(=O)[C@H]2[C@H](C(=O)NC3=CC=C(C)C(C)=C3)[C@H]3C=C[C@@]2(O3)[C@@H]1C(=O)N[C@@H]1CCC[C@@H](C)[C@H]1C,0.2908578383097189,2856
411289,CNP0599007.1,COC1=CC=CC(C2=CC=C3OC[C@H]4CN(C(=O)CC(C)(C)C)CCN4CC(=O)NC3=C2)=C1,0.2908404072065292,2857
272789,CNP0017792.0,C1=CN=CC(C2=CC(C3=CC=CN=C3C3=CC=CN=C3)=CC=N2)=C1,0.2906981173196042,2858
187971,CNP0581674.0,BrC1=CC=CC(C2=NNC(C3=CC=C4OCOC4=C3)=C2)=C1,0.29065845976057997,2859
446174,CNP0148332.0,COC1=CC=C(C(=O)C2=C(C)C3=CC=C(NC(=O)C4=CC(OC)=CC(OC)=C4)C=C3O2)C=C1,0.29064960129516093,2860
434891,CNP0601738.1,CCOC1=CC=CC([C@@H]2CC(C3=CC=CC=C3)=NC3(CCN(C)CC3)N2)=C1O,0.29059838580960895,2861
96392,CNP0384036.0,CC1=C(C(=O)C2=CC=C(Cl)C=C2)OC2=CC(NC(=O)C3=CC=CS3)=CC=C12,0.29058594535251153,2862
34062,CNP0321143.0,COC1=CC=C(C2=C(C)OC3=C4CN(CCC5=CC=CS5)COC4=CC=C3C2=O)C=C1OC,0.2905393128190589,2863
357395,CNP0553265.1,CCCN1C(=O)[C@@H]2[C@H](C(=O)NC3=CC=C(C)C(C)=C3)[C@@H]3C=C[C@@]2(O3)[C@@H]1C(=O)N[C@@H]1CCC[C@@H](C)[C@@H]1C,0.29052516834757425,2864
57849,CNP0553265.2,CCCN1C(=O)[C@@H]2[C@H](C(=O)NC3=CC=C(C)C(C)=C3)[C@@H]3C=C[C@@]2(O3)[C@@H]1C(=O)N[C@@H]1CCC[C@H](C)[C@@H]1C,0.29052516834757425,2865
9746,CNP0510055.0,COC1=CC=CC=C1N1CCN(CCC2=C(C3=CC=C(O)C=C3)N(C)N=C2)CC1.Cl.Cl,0.29049587092094,2866
175851,CNP0409322.1,COCCN(C[C@@H]1CCCN2CCCC[C@H]12)C(=O)C1=CC(C2=CC=C(OC)C=C2)=NN1C,0.2904543106050088,2867
164284,CNP0232541.0,COCCN1C=C(C(=O)NC2=CC=C3N=CNC(=O)C3=C2)C2=CC=CC=C2C1=O,0.2904201146282388,2868
347969,CNP0587377.0,CC1=CC=C(NC(=O)C2=C([N+]=C3CCCN3C)CCC2)C=C1,0.29039897803027537,2869
89774,CNP0390035.0,COC1=CC=C(NC(=O)CC2=C(C)C3=CC4=C(C=C3OC2=O)OC(C)=C4C)C=C1OC,0.29037723702049084,2870
83124,CNP0165159.1,C=C1C(=O)O[C@@H]2/C=C(/CO)[C@]3(O)C[C@H](O)[C@](C)(C[C@@H](OC/C(C)=C\C)[C@@H]12)O3,0.29036745571154143,2871
15431,CNP0198158.0,COC1=CC=C2C=C(C(CC(=O)N3CCN(C)CC3)C3=C(O)C=C(O)C4=C3OC(C3=CC=CC=C3)=CC4=O)C(=O)NC2=C1,0.29034889429621363,2872
318466,CNP0381634.1,CC1=C(CC(=O)N2CC[C@@]3(O)CCCC[C@H]3C2)C(=O)OC2=CC3=C(C=C12)C(C1=CC=CC=C1)=CO3,0.290338886559166,2873
238630,CNP0395275.0,COC(=O)C1=CC2=C(C=CN(C3=CC=C(C(C)C)C=C3)C2=O)N=C1C,0.29024739177594094,2874
219376,CNP0365632.0,CC1=CC2=C(C3=C(CCC3)C(=O)O2)C2=C1C(C1=CC=CC=C1)=CO2,0.2902360156679361,2875
199522,CNP0156739.0,O=C(CCCCCN1C=NC2=CC=CC=C2C1=O)NC1=CC=C2N=CNC(=O)C2=C1,0.2901904876969492,2876
293958,CNP0373548.1,CC[C@H]1C=CC2=C(C=C3OC=C(C4=CC=CC=C4)C(=O)C3=C2C)O1,0.2901485333965843,2877
261541,CNP0265113.1,CCOC1=CC=C(C2=CC(=O)C3=C(C)OC(C)=C3C(OC(=O)/C=C/C3=CC=CC=C3)=C2)C=C1,0.29013295338472045,2878
338686,CNP0521768.0,CC1=CC=C2OC(C3=CC(NC(=O)C4=CC=CC=C4C)=CC=C3O)=NC2=C1,0.2901203009543661,2879
6267,CNP0499621.0,CC1=CC=CC=C1C(=O)NC1=CC=C(O)C(C2=NC3=CC=CC=C3O2)=C1,0.2901203009543661,2880
446720,CNP0408876.0,COC1=CC=C(C2=COC3=CC(OCCN4CCC(C(N)=O)CC4)=CC=C3C2=O)C=C1,0.2901172059673209,2881
269742,CNP0326085.0,COC1=COC(C(=O)NC2=CC=C3OC=CC(=O)C3=C2)=CC1=O,0.29009922574562125,2882
100716,CNP0412500.1,CCC(C)[C@H](NC(=O)NC1=CC=C2OC(=O)C=CC2=C1)C(=O)OC,0.29004393207495066,2883
249358,CNP0410243.0,COC1=CC=C(CCC(=O)NC2=CC=C3N=CNC(=O)C3=C2)C=C1OC,0.29003867606779365,2884
45222,CNP0559883.0,O=C(O)CC1=C(C2=CC=CC=C2)OC2=C(O)C=C3C4=C(CCC4)C(=O)OC3=C12,0.28996477751158023,2885
6544,CNP0288521.3,COC1=CC(O)=C2C(=O)C=C(C3=CC=C(O)C=C3)OC2=C1C1O[C@H](CO)[C@@H](O)[C@H](O)[C@H]1O,0.28989103620478834,2886
175416,CNP0415298.0,COC1=CC=C(C2=C(C3=C(O)C(=O)C=C(C)O3)NC(C3=CC=CN3C)=N2)C=C1,0.2898803464210573,2887
243695,CNP0555216.0,CC1=CC=C2OC(C3=CC(NC(=O)CCN4C(=S)OC5=CC=CC=C54)=CC=C3O)=NC2=C1,0.2898656623592641,2888
402984,CNP0552133.4,CC[C@@H](C)[C@H](NC(=O)OCC1=CC=CC=C1)C(=O)NC1=CC=C(C)C(C)=C1,0.28985431622439556,2889
160450,CNP0517519.1,CN1N=CN=C1C1=CC=C2OC[C@H]3CN(C(=O)C4=CC=NC=C4)CCN3CC(=O)NC2=C1,0.2898418179261428,2890
6555,CNP0202180.0,CCCC1=CC(=O)OC2=C(C)C(OCC(=O)NC3=CC=C4OC(=O)C=CC4=C3)=CC=C12,0.28982229667732434,2891
246882,CNP0411209.1,COCCN(C[C@@H]1CCCN2CCCC[C@H]12)C(=O)CCN1C=CC2=CC(OC)=CC=C21,0.2898124594019311,2892
248211,CNP0134218.0,COC1=CC=CC(C(=O)NC2=CC=C3C(C)=C(C(=O)C4=CC(OC)=CC=C4OC)OC3=C2)=C1,0.28976810236793,2893
270489,CNP0557044.0,CCOC(=O)NC1=CC=C2SC3=CC=CC=C3N(C(=O)CCN(C)C)C2=C1,0.28962932951300224,2894
207936,CNP0270532.1,COC1=CC2=C(C=C1OC)CN(C(=O)N[C@@H](C)C(=O)NC1=CC=C3OCCOC3=C1)CC2,0.28949773697631476,2895
216653,CNP0166318.0,CC(C)OC1=CC=C(C(CC(=O)N2CCN(C)CC2)C2=C(O)C=C(O)C3=C2OC(C2=CC=CC=C2)=CC3=O)C=C1,0.28947861114192597,2896
148664,CNP0158386.0,CC1=CNC=C1C1=CC=CC=C1,0.28942414186364573,2897
281174,CNP0343939.2,COC1=CC=C(NC(=O)C2C3C=CC4(CN(CC5=CC=C6OCOC6=C5)C(=O)[C@H]24)O3)C=C1OC,0.28931701948460337,2898
76881,CNP0588704.2,CC1=CC=C(NC(=O)[C@@H](C)NC(=O)OCC2=CC=CC=C2)C=C1C,0.28927921458886713,2899
347616,CNP0070098.0,CC1=CC2=NC(C3=CC=C(Cl)C=C3)=CN2C=C1,0.2890768346946429,2900
490067,CNP0532420.1,COC1=CC=CC(C2=CC=C3OC[C@H]4CN(C(=O)CC(C)C)CCN4CC(=O)NC3=C2)=C1,0.28905646265963314,2901
274001,CNP0514177.0,COC1=C(C2=CC=CC=C2)C2=CC(O)=CC=C2NC1=O,0.2889625056685698,2902
491715,CNP0427676.0,CN1C(=O)C2=CC(C3=CCOP(=O)(O)O3)=CC=C2N(C)C1=O,0.28892352922245396,2903
91808,CNP0480524.1,CCC(=O)N1CCN2CC(=O)NC3=CC(C4=CC=CC(OC)=C4)=CC=C3OC[C@H]2C1,0.2889210734907007,2904
353791,CNP0022928.0,BrC1=CC=C(C2=CN3C(=N2)SC2=CC=CC=C23)C=C1,0.28889959166865914,2905
81375,CNP0000840.0,ON1N=CC2=CC=CC2=N1,0.28881935560600164,2906
44347,CNP0343939.1,COC1=CC=C(NC(=O)[C@@H]2[C@H]3C=C[C@]4(CN(CC5=CC=C6OCOC6=C5)C(=O)[C@@H]24)O3)C=C1OC,0.2888025108178179,2907
85393,CNP0354273.1,CC(=O)NC1=CC=C(C2=CC=C3[C@@H]4C[C@@H](CN(C(=O)C5CCCCC5)C4)CN3C2=O)C=C1,0.2886561599676105,2908
375500,CNP0214224.0,O=C1CC(C2=C3N=CC=CN3N=C2)C2=C(C=C(O)C3=C2OC(C2=CC=C(O)C(O)=C2)=C(O)C3=O)O1,0.2886101198615536,2909
51938,CNP0388233.0,CCOC(=O)C1=C(C)C2=CC=C(NC(C)=O)C=C2O1,0.2885001247105548,2910
490113,CNP0355520.0,CC1(C)CC(=O)C2=C(O)C=C(OCC(=O)NC3=CC=C4OCOC4=C3)C=C2O1,0.2884702889969529,2911
426849,CNP0299367.1,CN(C)C1=CC=C(C2=NN(C)C([C@H]3C[N@]4CC[C@H]3C[C@@H]4CN)=C2)C=C1,0.2883282143645631,2912
56110,CNP0288185.1,COC1=C2C(=CC=C1)[C@@]13CCN(C)C[C@@]45O[C@@H]4CO[C@H]4CC(=O)N2[C@H]1[C@H]4[C@H]5CC3=O,0.2882832242433271,2913
261591,CNP0502868.2,CCOC1=CC=C(C2=NC3(CCN(C)CC3)N[C@H](C3=CC=CC(OC)=C3O)C2)C=C1,0.28825156160625937,2914
286138,CNP0558547.0,COC1=CC=C(NC(=O)CC2=C(C)C3=CC4=C(C=C3OC2=O)OC2=C4CCCC2)C=C1OC,0.2881976937313355,2915
408675,CNP0561817.0,O=C(NC(=S)NC1=CC=C(O)C(C2=NC3=CC=CC=C3O2)=C1)C1=CC=CC=C1,0.28815941607045126,2916
84585,CNP0605813.1,COC1=NC=CC=C1CN1CC[C@H]2CC(=O)NC3=CC(C4=CC=CC=C4)=CC=C3OCC[C@H]2C1,0.28815642736824715,2917
434600,CNP0050058.1,O=C(NC1=CC=CC=C1)N1C[C@@H]2C[C@H](C1)C1=CC=C(C3=CC=CN=C3)C(=O)N1C2,0.28814765838019213,2918
275862,CNP0273653.1,COC1=CC(C2=CC3=C(C[C@]4(O)[C@@]5(C)C(=O)C=CC(C)(C)[C@]5(O)CC[C@@]4(C)O3)C(=O)O2)=CC(OC)=C1O,0.28789427194016315,2919
29331,CNP0070812.0,COC1=CC=C(C(=O)C2=C(C)C3=CC=C(NC(=O)C4=CC(OC)=C(OC)C(OC)=C4)C=C3O2)C=C1,0.28787812067863394,2920
234651,CNP0218322.0,O=C(O)CCCN1C=C2C=C(O)C(=O)C3=C2C(=CC=C3C2=CC=CC=C2)C1=O,0.2878759042275275,2921
294211,CNP0569937.0,CCOC(=O)NC1=CC=C2CCC3=CC=CC=C3N(C(=O)CCN(C)C)C2=C1,0.2878457487315735,2922
294363,CNP0399744.0,CN1C(=O)NC(=O)C2=C1N=C1OC(C3=CC=CC=C3)=CN12,0.2877450887500451,2923
449419,CNP0255195.1,CC(=O)C1=C(O)C(C)=C(O)C2=C1OC1=CC(=O)/C(=C(/C)NC3=CC=C4N=C(C)C=C(O)C4=C3)C(=O)[C@@]12C,0.28774401081506296,2924
26465,CNP0497264.1,O=C1CN2CCN(C(=O)C3CC3)C[C@H]2COC2=CC=C(C3=CC=CC=C3)C=C2N1,0.2877326968624113,2925
440295,CNP0031578.0,C1=CC=C(C2=CSC3=NC4=CC=CC=C4N23)C=C1,0.28770156621493864,2926
379656,CNP0408099.0,CN1CCN(CCOC2=CC=C3C(=O)C(C4=CC=CC=C4)=COC3=C2)CC1,0.28768970103592795,2927
23617,CNP0417368.1,C1=NC=C(C2=CC=C(C3=NOC([C@@H]4CCCN4C4CCOCC4)=N3)C=N2)C=N1,0.2876411293655663,2928
418983,CNP0586646.1,O=C1CN2CCN(S(=O)(=O)C3CCCCC3)C[C@H]2COC2=CC=C(C3=CC=CC=C3)C=C2N1,0.2876142250228427,2929
471411,CNP0141584.1,O=C1OCC2=C1C(C1=CC=C3OCOC3=C1)=C1C(O)=C(O)C=CC1=C2O[C@@H]1OC[C@@](O)(CO)[C@@H]1O,0.2876097860973633,2930
241289,CNP0065317.0,CCOC(=O)C1=C(NC(C)=O)SC=C1C1=CC=C(C2CC2)C=C1,0.287493520935099,2931
377205,CNP0561147.0,COC1=CC=CC=C1C(=O)NC1=CC=C(O)C(C2=NC3=CC=CC=C3O2)=C1,0.2874274833580467,2932
456159,CNP0568361.0,O=C1C=CC2(C=C1)OCC(C1=CC=CC(C3=CC=C(Cl)C=C3)=C1)O2,0.2874232008599198,2933
241385,CNP0367006.0,COC1=CC2=C(C=C1OC)CC(=O)N(CCC(=O)NC1=CC=C3OCCOC3=C1)C=C2,0.28741760461604793,2934
282273,CNP0606743.0,CCN1C(SCC(=O)NC2=CC=C(C)C(C)=C2)=NC2=C(C1=O)C1(CCCC1)CC1=CC=CC=C12,0.2873998647206096,2935
284930,CNP0044468.0,CC1=C(C2=CC=C(Cl)C=C2)C(=O)C2=CC=C(OCCN3CCN(C4=CC=CC=C4)CC3)C=C2O1,0.28739640118003484,2936
204036,CNP0484405.1,CC(=O)N1CCN2CC(=O)NC3=CC(C4=NC=NN4C)=CC=C3OC[C@H]2C1,0.2873667239743111,2937
320820,CNP0337706.0,CCOC(=O)C1=C(C)C2=CC=C(NC(=O)C3=CC=CC=C3C)C=C2O1,0.287359549338358,2938
169153,CNP0258588.0,COC1=CC=C2OC=C(C(CC(=O)N3CCN(C)CC3)C3=C(O)C=C(O)C4=C3OC(C3=CC=CC=C3)=CC4=O)C(=O)C2=C1,0.28726723176304203,2939
273198,CNP0401588.1,O=C(NC1=CC=C2NC(=O)[C@@H]3CCCN3C(=O)C2=C1)C1=CC=CN=C1,0.28721180944364655,2940
78523,CNP0394763.0,O=C(CNC(=O)N1CCC2=C(C1)NC1=CC=CC=C21)NC1=CC=C2NC=CC2=C1,0.28719797027847915,2941
22539,CNP0358916.2,C[C@@H]1OC(C2=C(O)C=C3OC(C4=CC=C(O)C=C4)=CC(=O)C3=C2O)[C@H](O)[C@H](O)C1=O,0.2871157718866591,2942
389959,CNP0532732.1,O=C1OC(C2=CC=CC=C2)=N/C1=C/C1=CC(/C=C2/N=C(C3=CC=CC=C3)OC2=O)=C([N+](=O)[O-])C=C1[N+](=O)[O-],0.287029516903388,2943
420924,CNP0508252.0,CC1=C(C(=O)NC2=CC=C(Cl)C(C(=O)OC(C)C)=C2)SCCO1,0.28702195744733,2944
46313,CNP0296466.1,O=C(NC1=CC=CC=C1)N1C[C@@H]2C[C@H](C1)C1=CC=C(C3=CN=CN=C3)C(=O)N1C2,0.28694460114155673,2945
220044,CNP0354506.1,COC1=CC(C2=CC3=C(C[C@]4(O)[C@@]5(C)C(=O)C=CC(C)(C)[C@]5(O)CC[C@@]4(C)O3)C(=O)O2)=CC(O)=C1OC,0.28694082823516287,2946
816,CNP0550247.0,CC1=CC=C(C2=CN3C=CC(C)=CC3=N2)C=C1,0.2869100422393371,2947
8933,CNP0141757.0,C1=CC(C2=NON=C2)=CN1,0.2868630576255735,2948
135014,CNP0209911.0,COC1=CC=CC(C2=COC3=C2C(C)=CC2=C3C3=C(CCC3)C(=O)O2)=C1,0.2868010592973584,2949
501871,CNP0399449.0,CN1C(=O)C(CCC(=O)NC2=CC=C3C=CNC3=C2)=NC2=CC=CC=C21,0.28665961821130026,2950
85850,CNP0286594.1,CCCS(=O)(=O)NC1=CC=C2[C@@H]3C[C@@H](CN(C(=O)C4=CC=C(C5=CC=CC=C5)C=C4)C3)CN2C1=O,0.2866575197228888,2951
426569,CNP0156948.1,O=C(CC1=CSC(N2C=CC=C2)=N1)NC[C@@H]1CCCN2CCCC[C@H]12,0.2866283618406626,2952
96247,CNP0010015.0,CN(C)CCCNC1=NC(C2=CC=C(Cl)C=C2)=NC2=CC=CC=C12,0.28661338346484266,2953
44291,CNP0437738.2,O=C(N[C@H]1CO[C@H]2[C@H]1OC[C@H]2N1C=C(C2=CC=CC=C2)N=N1)N1CCOCC1,0.2864668126454452,2954
345984,CNP0523061.1,COC1=CC=CC(C2=CC=C3OC[C@H]4CN(C(=O)C5CC5)CCN4CC(=O)NC3=C2)=C1,0.286417479835771,2955
3267,CNP0556529.0,C1=CC(OCCN2CCCCC2)=CC(C2=NNC3=CC=C(C4=NNC=N4)C=C23)=C1,0.2863914523499339,2956
137474,CNP0571274.1,CC1=NOC(C)=C1C(=O)N1CCN2CC(=O)NC3=CC(C4=NC=NN4C)=CC=C3OC[C@H]2C1,0.2863767041223831,2957
490588,CNP0444259.0,COC1=CC=C(C2=CC3=CC=C(OCCN4CCN(CCO)CC4)C=C3OC2=O)C=C1OC,0.2862366948420882,2958
111631,CNP0572287.1,COC1=CC=C(S(=O)(=O)N2CCN3CC(=O)NC4=CC(C5=NC=NN5C)=CC=C4OC[C@H]3C2)C=C1,0.28611943079558616,2959
420697,CNP0599765.4,CCOCCCN1C(=O)[C@@H]2[C@H](C(=O)NC3=CC=C(C)C(C)=C3)[C@@H]3C=C[C@@]2(O3)[C@@H]1C(=O)N[C@@H]1CCC[C@H](C)[C@H]1C,0.28608295606057105,2960
466579,CNP0287783.0,COC1=CC=C(C2=C(CC(=O)O)C3=C4OC(=O)C=C(C5=CC=CC=C5)C4=CC(Cl)=C3O2)C=C1,0.2860418873325591,2961
147903,CNP0382549.0,COC1=CC=C(C2=COC3=C4C(=CC=C3C2=O)OC(=O)CC4C2=CC=CC(OCC(N)=O)=C2)C=C1OC,0.28603185213573584,2962
365272,CNP0157057.0,CC1=C(C)C2=CC=C(OCC(=O)NC3=CC=C4N=CN(C)C(=O)C4=C3)C=C2OC1=O,0.2859842579774839,2963
434090,CNP0598435.2,COC1=CC=CC([C@@H]2CC(C3=CC=CC=C3)=NC3(CCN(C)CC3)N2)=C1O,0.2859751366061709,2964
328690,CNP0570358.1,O=C1C[C@@H]2CCN(S(=O)(=O)C3=CC=CC=C3)C[C@@H]2CCOC2=CC=C(C3=CC=CC=C3)C=C2N1,0.2859419955489299,2965
495184,CNP0533124.0,COC1=CC=C(OCC(=O)NC2=CC=C3OC(C4=CC=CC=C4C)=NC3=C2)C=C1,0.2859393939832553,2966
38054,CNP0572470.0,CCOC1=CC=C(N2C(C)=C(C(C)=O)C3=CC(OC(=O)C4=CC=C(C5=CC=CC=C5)C=C4)=CC=C32)C=C1,0.2859325161741955,2967
247786,CNP0179786.1,CC1=C(C(=O)NC[C@@H]2CCCN3CCCC[C@H]23)N=C(N2C=CC=C2)S1,0.28586671797618346,2968
117695,CNP0514885.0,COC(=O)CC1=C(C)C2=C(OC)C=C(C3=CC=C(O)C=C3)C(OC)=C2O1,0.28566811952516136,2969
451002,CNP0535810.3,CC[C@H](C)N1C(=O)[C@H]2[C@H](C(=O)NC3=CC=C(C)C(C)=C3)[C@H]3C=C[C@@]2(O3)[C@@H]1C(=O)N[C@@H]1CCC[C@@H](C)[C@H]1C,0.28566339475765473,2970
232383,CNP0063754.1,CCOC1=CC=C(/C=C/C(=O)C2=CC=C(NC(C)=O)C=C2O)C=C1,0.2856152382621191,2971
436330,CNP0363013.3,COC1=CC=C(C2=CC3=CC=C(OCCN4C[C@@H](C)O[C@H](C)C4)C=C3OC2=O)C=C1OC,0.28558863444665633,2972
405043,CNP0272961.0,COC1=CC2=C(C(C3=CC=CC=C3)=C1)C(C)(C)C(=O)O2,0.285554984737657,2973
39535,CNP0423631.0,CCOC1=CC=C(C2=NC(CSC3=NC4=C(N=C(C)NC4=O)N3C)=C(C)O2)C=C1OC,0.2855476909562507,2974
116137,CNP0539401.0,COC1=CC=C(C2=CC(=O)C3=C(OC4OC(CO)(CC5=CC=CC=C5C)C(O)C(O)C4O)C=C(OC)C=C3O2)C=C1,0.285462018682231,2975
450394,CNP0563937.2,CC1=CC=C(C2=NC3(CCN(C)CC3)N[C@H](C3=CC=CC=C3O)C2)C=C1,0.2854239757750704,2976
356477,CNP0499851.1,CCOC1=CC=C(C2=NC3(CCN(C)CC3)N[C@H](C3=CC=CC(OCC)=C3O)C2)C=C1,0.2854204117773632,2977
22402,CNP0170509.0,O=C1CN(C(=O)CCN2C=CC3=CC=C(Br)C=C32)CCN1,0.2854064240162975,2978
310556,CNP0010649.1,COC1=CC=C(C2=NN=C([C@H]3CCN(CCCC4=CC=CC=C4)C3)O2)C=C1,0.2854035331984764,2979
418058,CNP0345750.1,COC1=CC=C(/C=C/C(=O)C2=CC(NC(C)=O)=CC=C2O)C=C1OC,0.2853574321444184,2980
241731,CNP0504335.2,CC1=CC=C(CCN2C(=O)[C@@H]3[C@H](C(=O)NC4=CC=C(C)C(C)=C4)[C@@H]4C=C[C@@]3(O4)[C@@H]2C(=O)N[C@@H]2CCC[C@H](C)[C@H]2C)C=C1,0.2853196106067154,2981
450624,CNP0559830.0,O=[N+]([O-])C1=CC=C(C2=NN(C3=CC=CC=C3)C=C2C2=NC3=CC(Cl)=CC=C3O2)C=C1,0.2853021377429141,2982
228405,CNP0172317.0,COC1=CC(C(CC(=O)N2CCN(C)CC2)C2=C(O)C=C(O)C3=C2OC(C2=CC=CC=C2)=CC3=O)=CC=C1OCC(N)=O,0.2852883756680759,2983
436960,CNP0404045.0,O=C1CC(C2=CC3=CC=CC4=C3N(CCC4)C2=O)C2=C(C=CC3=C2OC=C(C2=CC=C(O)C=C2)C3=O)O1,0.2852117906903141,2984
289092,CNP0561787.2,CC1=CC=C(NC(=O)[C@H](CC2=CNC3=CC=CC=C23)NC(=O)OC2=CC=CC=C2)C=C1C,0.28519764504315226,2985
175589,CNP0047620.0,COC1=CC=C(OC)C(C(=O)C2=C(C)C3=CC(NC(C)=O)=CC=C3O2)=C1,0.285158012758701,2986
211938,CNP0570533.0,COC1=CC=C(NC(=O)CCC(=O)C2=CC=C(C)C=C2)C=C1OC,0.2851456838860604,2987
430835,CNP0514472.3,CC1=CC=C(NC(=O)[C@@H]2[C@@H]3C=C[C@]4(O3)[C@@H]2C(=O)N(C2CCC(C)CC2)[C@H]4C(=O)N[C@@H]2CCC[C@@H](C)[C@H]2C)C=C1C,0.2851084935033725,2988
447629,CNP0533301.1,CC1=CC=C(NC(=O)[C@@H]2[C@@H]3C=C[C@]4(O3)[C@@H]2C(=O)N(C2CC2)[C@H]4C(=O)N[C@@H]2CCC[C@@H](C)[C@@H]2C)C=C1C,0.2851084935033725,2989
49732,CNP0533301.2,CC1=CC=C(NC(=O)[C@@H]2[C@@H]3C=C[C@]4(O3)[C@@H]2C(=O)N(C2CC2)[C@H]4C(=O)N[C@@H]2CCC[C@H](C)[C@@H]2C)C=C1C,0.2851084935033725,2990
376814,CNP0533301.4,CC1=CC=C(NC(=O)[C@@H]2[C@@H]3C=C[C@]4(O3)[C@@H]2C(=O)N(C2CC2)[C@H]4C(=O)N[C@@H]2CCC[C@@H](C)[C@H]2C)C=C1C,0.2851084935033725,2991
164122,CNP0514472.1,CC1=CC=C(NC(=O)[C@@H]2[C@@H]3C=C[C@]4(O3)[C@@H]2C(=O)N(C2CCC(C)CC2)[C@H]4C(=O)N[C@@H]2CCC[C@@H](C)[C@@H]2C)C=C1C,0.2851084935033725,2992
97038,CNP0514472.4,CC1=CC=C(NC(=O)[C@@H]2[C@@H]3C=C[C@]4(O3)[C@@H]2C(=O)N(C2CCC(C)CC2)[C@H]4C(=O)N[C@@H]2CCC[C@H](C)[C@@H]2C)C=C1C,0.2851084935033725,2993
423413,CNP0479390.2,CCOC1=CC=C(C2=NC3(CCN(C)CC3)N[C@H](C3=CC=CC=C3O)C2)C=C1,0.2850413897300723,2994
334310,CNP0326647.0,CC1=CC=C(C2=CN3C=CC=CC3=C2)C=C1,0.2850345389010228,2995
338104,CNP0113196.1,CN1CCN(C2=CC=C(C3=NOC([C@@H]4CCCN4CC4=CC=CN=C4)=N3)C=N2)CC1,0.28488784854935273,2996
58062,CNP0364711.0,COC1=CC=CC(C(=O)C2=C(C)C3=CC=C(NC(=O)C4=CC=CC=C4Cl)C=C3O2)=C1,0.28488305936057384,2997
124662,CNP0310353.1,COC1=CC(C2=CC3=C(C[C@]4(O)[C@]56CO[C@H](CC(C)(C)[C@]5(O)CC[C@@]4(C)O3)C6=O)C(=O)O2)=CC(OC)=C1OC,0.28481967134190944,2998
54605,CNP0409463.1,CN(C[C@@H]1CCCN2CCCC[C@H]12)C(=O)C1=CC=CC2=C1C=CN2C,0.2847920566218646,2999
247073,CNP0381663.0,CC1=C(CC(=O)NC2=CC=C3NC=CC3=C2)C(=O)OC2=CC3=C(C=C12)CCC(C)(C)O3,0.2847736894353726,3000
427844,CNP0157793.0,CC(C)CCN1C=NC2=CC=C(NC(=O)CN3C=NC4=CC=CC=C4C3=O)C=C2C1=O,0.2847176585544836,3001
349528,CNP0257690.0,CCN1CCN(CCOC2=CC=C3C(=O)C(C4=CC=CC=C4)=C(C)OC3=C2)CC1,0.28466981022829585,3002
322336,CNP0043931.0,CC1=CC2=NC(C3=CC=C(Br)C=C3)=CN2C=C1,0.28449175917738745,3003
199760,CNP0494101.2,CCCCN1C(=O)[C@H]2[C@H](C(=O)NC3=CC=C(C)C(C)=C3)[C@H]3C=C[C@@]2(O3)[C@@H]1C(=O)N[C@@H]1CCC[C@@H](C)[C@@H]1C,0.2844497876903377,3004
357108,CNP0494101.4,CCCCN1C(=O)[C@H]2[C@H](C(=O)NC3=CC=C(C)C(C)=C3)[C@H]3C=C[C@@]2(O3)[C@@H]1C(=O)N[C@@H]1CCC[C@H](C)[C@@H]1C,0.2844497876903377,3005
156122,CNP0515218.0,CCOC(=O)NC1=CC=C2CCC3=CC=CC=C3N(C(=O)CNC)C2=C1,0.28443926798990504,3006
67092,CNP0035540.0,O=C(CSC1=NC2=CC=CC=C2C(=O)N1)NC1=CC=C2OCCOC2=C1,0.2844383689881786,3007
90049,CNP0405867.0,CN1CCN(C(=O)CC(C2=CC3=CC=CC=C3NC2=O)C2=C(O)C(O)=C(O)C3=C2OC(C2=CC=CC=C2)=CC3=O)CC1,0.2844188301765092,3008
56574,CNP0578784.1,COC1=CC=C(CCN2C(=O)[C@H]3[C@H](C(=O)NC4=CC=C(C)C(C)=C4)[C@H]4C=C[C@@]3(O4)[C@@H]2C(=O)N[C@@H]2CCC[C@@H](C)[C@H]2C)C=C1OC,0.28437387286524063,3009
223703,CNP0571936.0,CCOC1=CC=C(CC(=O)NC2=CC=C(OC)C(NC(=O)C3=CC=C(OC)C=C3)=C2)C=C1OCC,0.2843086897382275,3010
38498,CNP0545579.1,COC1=CC=C(NC(=O)[C@@H](O)CC(=O)O)C=C1OC,0.2842949720146068,3011
80678,CNP0345703.0,CC1=C(C)C2=CC3=C(C=C2O1)OC(=O)C(CC(=O)NC1=CC=C2OCCOC2=C1)=C3C,0.2842180506110256,3012
257491,CNP0409773.1,COCCN1C=CC2=C(C(=O)N(C)C[C@@H]3CCCN4CCCC[C@H]34)C=CC=C21,0.2841927937788644,3013
166219,CNP0295579.0,COC1=CC=CC(C2=C(OC)C(=O)C3=C(O2)C2=C(C=C3)OC=C2)=C1,0.28418329746658877,3014
39197,CNP0238596.0,CCN1C2=CC=CC=C2C2=CC(N3COC4=C(C=C5C(C6=CC=CC=C6)=CC(=O)OC5=C4C)C3)=CC=C21,0.2840766885803337,3015
241984,CNP0458152.1,O=C([C@H]1C[N@@]2CC[C@@H]1C[C@@H]2CN1C=C(C2=CC=C(C3=CC=CC=C3)C=C2)N=N1)N1CCOCC1,0.2840647274851982,3016
307265,CNP0458152.2,O=C([C@H]1C[N@]2CC[C@H]1C[C@@H]2CN1C=C(C2=CC=C(C3=CC=CC=C3)C=C2)N=N1)N1CCOCC1,0.2840647274851982,3017
132561,CNP0334509.2,COC1=CC=C(C2=CC3=CC=C(OCCN4C[C@@H](C)O[C@H](C)C4)C=C3OC2=O)C=C1,0.2840100587861685,3018
364759,CNP0296314.0,CC(C)N1C=C(C(=O)NC2=CC=C3C=CNC3=C2)C2=CC=CC=C2C1=O,0.28399608109486807,3019
127241,CNP0124905.0,CN1N=C(C2=CC=CC=C2)C2=CC=CC2=C1C1=CC=CC=C1,0.28389377671341764,3020
220375,CNP0397491.1,COCCN(C[C@@H]1CCCN2CCCC[C@H]12)C(=O)CN1C=CC2=CC(Br)=CC=C21,0.28381597363120514,3021
291376,CNP0292914.0,COC1=C(C2=CC=CC=C2)OC2=C3C=CC(C)(C)OC3=CC=C2C1=O,0.28372291469131933,3022
187912,CNP0458726.1,COCCN1CCN(C[C@@H]2C=C(C)[C@H](CC3=NN=C(C4=CC=CC=C4)O3)C[C@H]2C(C)C)CC1,0.2837198235489109,3023
172705,CNP0349423.0,CCOC(=O)C1=C(C)C2=CC=C(NC(=O)C3=CC=C(OC)C(OC)=C3)C=C2O1,0.28367118523347723,3024
324660,CNP0118282.0,COC1=CC=C2C(=C1OC)C(=O)OC2CC(=O)NC1=CC=C2C(C)=CC(=O)OC2=C1,0.283660241703226,3025
356395,CNP0517622.0,CC1=C(C(=O)NC2=CC=C(C)C(C)=C2)C2(CCCCCC2)OC1=O,0.2836588511526073,3026
218240,CNP0509403.0,CC1=C(C(=O)NC2=CC=C(C)C(C)=C2)C2(CCCCC2)OC1=O,0.2836588511526073,3027
296909,CNP0524126.0,COC1=CC=CC=C1C1=C(NCCC(=O)N2CCC3(CC2)OCCO3)N2C=CN=CC2=N1,0.28365679613530514,3028
322825,CNP0102866.0,C=C(C)COC1=CC=CC=C1C1CC(=O)OC2=CC(OC)=C3C(=O)C(C4=CC=C(OC)C=C4)=COC3=C21,0.2836396579924547,3029
246867,CNP0411569.0,COC1=CC(C2=C(CC(=O)O)C3=C(O2)C2=CC=CC=C2OC3=O)=CC=C1O,0.28360195668861904,3030
415333,CNP0497598.0,COC1=CC(C2=C(C3=C(O)C(=O)C=C(C)O3)NC(C3=CC=C4C(=C3)CCC(C)N4C)=N2)=CC=C1O,0.2835845448929659,3031
360266,CNP0560565.0,C=CCN1C(SCC(=O)NC2=CC=C(C)C(C)=C2)=NC2=C(C1=O)C1(CCCCC1)CC1=CC=CC=C12,0.2834430982327586,3032
356961,CNP0555440.1,CC1=CC=C(NC(=O)[C@@H]2[C@@H]3C=C[C@]4(O3)[C@@H]2C(=O)N([C@H]2CCCC[C@H]2C)[C@H]4C(=O)N[C@@H]2CCC[C@H](C)[C@@H]2C)C=C1C,0.283423691502432,3033
152349,CNP0286836.1,COCCN1C=CC2=CC(C(=O)NC[C@@H]3CCCN4CCCC[C@H]34)=CC=C21,0.2834090031693576,3034
456884,CNP0414110.2,O=C([C@H]1C[N@]2CC[C@H]1C[C@@H]2CN1C=C(C2=CC=CC=C2)N=N1)N1CCOCC1,0.28340715739369665,3035
473579,CNP0414110.1,O=C([C@H]1C[N@@]2CC[C@@H]1C[C@@H]2CN1C=C(C2=CC=CC=C2)N=N1)N1CCOCC1,0.28340715739369665,3036
503655,CNP0206477.2,O=C1O[C@@H](N2C(=O)CC[C@H]2C(=O)NC2=CC=C3OCOC3=C2)C2=CC=CC=C12,0.28324073266750494,3037
402894,CNP0342348.1,COC1=CC=C(C2=CC=C3NC(=O)[C@@H]4CN(C(=O)C5=CC=CO5)CCN4C(=O)C3=C2)C=C1,0.28319507361823626,3038
159933,CNP0555214.0,CC1(C)CC(=O)C2=C(O)C=C(OCC(=O)NC3=CC=C4OCCOC4=C3)C=C2O1,0.2830052526560254,3039
290003,CNP0308491.0,COC1=CC=C(C2=NC3(C4=CNC5=CC=CC=C45)C(=O)N(C)C(=O)N(C)C3=NN2)C=C1,0.2829435350029912,3040
427031,CNP0555603.3,COCCN1C(=O)[C@H]2[C@H](C(=O)NC3=CC=C(C)C(C)=C3)[C@H]3C=C[C@@]2(O3)[C@@H]1C(=O)N[C@@H]1CCC[C@H](C)[C@@H]1C,0.282790909443456,3041
198857,CNP0555603.4,COCCN1C(=O)[C@H]2[C@H](C(=O)NC3=CC=C(C)C(C)=C3)[C@H]3C=C[C@@]2(O3)[C@@H]1C(=O)N[C@@H]1CCC[C@@H](C)[C@@H]1C,0.282790909443456,3042
299318,CNP0333998.0,COC(=O)NC1=CC=C(C)C(NC(=O)OC)=C1,0.2826400564435416,3043
249941,CNP0223607.0,COC(=O)NC1=CC=C(C)C(NC(=O)NC2=CC=C(C)C(NC(=O)OC)=C2)=C1,0.2826400564435416,3044
144679,CNP0310526.0,COC(=O)NC1=CC(NC(=O)NC2=CC=C(C)C(NC(=O)OC)=C2)=CC=C1C,0.2826400564435416,3045
497243,CNP0241742.2,O=C1C=C(C2=CC=CC(O[C@@H]3O[C@H](CO)[C@@H](O)[C@H](O)[C@H]3O)=C2)OC2=C1C=CC1=C2C=CO1,0.2826200307900137,3046
347817,CNP0241742.1,O=C1C=C(C2=CC=CC(O[C@@H]3OC(CO)[C@@H](O)[C@H](O)C3O)=C2)OC2=C1C=CC1=C2C=CO1,0.2826200307900137,3047
185297,CNP0010635.1,CN1CCN(C2=CC=C(C3=NOC([C@@H]4CCCN4CC4=CC=CC=N4)=N3)C=N2)CC1,0.28255754117533877,3048
10162,CNP0170073.0,COC1=CC=C(C2=COC3=CC(OCCN4CCC(C)CC4)=CC=C3C2=O)C=C1,0.2825368311247693,3049
338576,CNP0226663.1,COCCN(C[C@@H]1CCCN2CCCC[C@H]12)C(=O)CCN1C=CC2=CC=C(Br)C=C21,0.28252894881114715,3050
163062,CNP0514113.1,CC(C)CC(=O)N1CCN2CC(=O)NC3=CC(C4=NC=NN4C)=CC=C3OC[C@H]2C1,0.28250029401498694,3051
49845,CNP0487335.3,CC1=CC=C(NC(=O)[C@H]2[C@H]3C=C[C@@]4(O3)[C@H]2C(=O)N(CC2=CC=CN=C2)[C@@H]4C(=O)N[C@@H]2CCC[C@H](C)[C@H]2C)C=C1Cl,0.2824527499748371,3052
241715,CNP0061310.0,CCOC(=O)C1=C(C)C2=CC=C(NC(=O)C3=CC(OC)=C(OC)C(OC)=C3)C=C2O1,0.28244534860274995,3053
100886,CNP0502868.1,CCOC1=CC=C(C2=NC3(CCN(C)CC3)N[C@@H](C3=CC=CC(OC)=C3O)C2)C=C1,0.28242898009698936,3054
314014,CNP0326213.0,CCN1N=C(C2=CC=CN=C2)N=C2C1=NC(=O)N(C)C2=O,0.28236373173906487,3055
319061,CNP0523458.0,O=C1C=CC2(C=C1)OCC(C1=CC=C(C3=CC=CC(C(=O)O)=C3)C=C1)O2,0.2823603881619826,3056
251101,CNP0485212.2,CCOC1=CC=CC([C@H]2CC(C3=CC=C(C)C=C3)=NC3(CCN(C)CC3)N2)=C1O,0.28235251697799696,3057
305363,CNP0606463.0,N#CCCN1C2=C[N+]=CC=C2C2=CC(OCCC=N)=CC=C21,0.2823266715806801,3058
70650,CNP0380240.1,COC1=CC(N/C(C)=C2\C(=O)C=C3OC4=C(C(C)=O)C(O)=C(C)C(O)=C4[C@@]3(C)C2=O)=CC=C1N1CCCS1(=O)=O,0.28231833917132243,3059
228092,CNP0555440.4,CC1=CC=C(NC(=O)[C@@H]2[C@@H]3C=C[C@]4(O3)[C@@H]2C(=O)N([C@@H]2CCCC[C@@H]2C)[C@H]4C(=O)N[C@@H]2CCC[C@H](C)[C@@H]2C)C=C1C,0.28231621664954537,3060
162632,CNP0569068.0,COC(=O)NC1=CC=C2CCC3=CC=CC=C3N(C(=O)CCN(C)C)C2=C1,0.28231157736094153,3061
18199,CNP0409223.0,CC1=C(C2=CC=CC=C2)C(=O)C2=CC=C(OCCN3CCOCC3)C=C2O1,0.2822809893391445,3062
300918,CNP0031106.0,CCOC1=CC=C2OC(C)=C(C(=O)NC3=CC=C(C)C(C)=C3)C2=C1,0.2822636383799161,3063
261267,CNP0576781.0,COC1=CC=C(CC(=O)NC2=CC=C(OC)C(NC(=O)C3=CC=C(OC)C=C3)=C2)C=C1,0.282230059900027,3064
17571,CNP0577444.2,CCOC1=CC=CC([C@@H]2CC(C3=CC=C(OC)C=C3)=NC3(CCN(C)CC3)N2)=C1O,0.2821520597859975,3065
163339,CNP0409530.0,COC1=CC=C2C=C(C3CC(=O)OC4=CC=C5C(=O)C(C6=CC=CC=C6)=COC5=C43)C(=O)NC2=C1,0.28211200405256903,3066
117122,CNP0488373.1,CCC(=O)N1CCN2CC(=O)NC3=CC(C4=NC=NN4C)=CC=C3OC[C@H]2C1,0.282092749663186,3067
111860,CNP0393467.1,CSCC[C@H](NC(=O)NC1=CC=C2OCCOC2=C1)C(=O)O,0.2820180968345036,3068
43105,CNP0409409.0,COC1=CC=C(NC(C)=O)C=C1NC(=O)CCN1C=CC2=CC(OC)=C(OC)C=C2CC1=O,0.2820101976981409,3069
345111,CNP0412495.0,COC1=CC(C2=C(CC(=O)O)C3=C(O2)C2=CC=CC=C2OC3=O)=CC(OC)=C1O,0.28196200056195664,3070
283731,CNP0025089.0,COC1=CC=C(C2=NC(CSC3=NC4=C(N=C(C)NC4=O)N3C)=C(C)O2)C=C1OC,0.2819276835268271,3071
202536,CNP0588808.0,COC1=CC=CC=C1C(=O)NC1=CC=C(O)C(C2=NC3=CC(C)=CC=C3O2)=C1,0.2818518540869568,3072
72845,CNP0479390.1,CCOC1=CC=C(C2=NC3(CCN(C)CC3)N[C@@H](C3=CC=CC=C3O)C2)C=C1,0.28179378462716764,3073
97645,CNP0555440.3,CC1=CC=C(NC(=O)[C@@H]2[C@@H]3C=C[C@]4(O3)[C@@H]2C(=O)N([C@@H]2CCCC[C@H]2C)[C@H]4C(=O)N[C@@H]2CCC[C@H](C)[C@@H]2C)C=C1C,0.281637399780895,3074
6792,CNP0569811.0,CC1=C(C2=CC=CC=C2)OC2=C(C(=O)OCCN3CCCCC3)C=CC=C2C1=O,0.28163533023959264,3075
18344,CNP0387941.0,COC1=CC=C(C2=C(CC(=O)O)C3=C(C=C(C)N(C)C3=O)O2)C=C1OC,0.28162943391617257,3076
453193,CNP0011998.1,COC(=O)C1=CC=CC(NC(=S)N[C@H]2CO[C@H]3[C@@H]2OC[C@H]3OC(=O)NC2=CC=C(OC3=CC=CC=C3)C=C2)=C1,0.2815819291307227,3077
199743,CNP0553265.3,CCCN1C(=O)[C@@H]2[C@H](C(=O)NC3=CC=C(C)C(C)=C3)[C@@H]3C=C[C@@]2(O3)[C@@H]1C(=O)N[C@@H]1CCC[C@H](C)[C@H]1C,0.2814936382716526,3078
76207,CNP0247736.0,COC1=CC=C(C(CC(=O)NC2=CC=C(O)C(NC(C)=O)=C2)C2=C(O)C=C(C)OC2=O)C(OC)=C1OC,0.2812854191687484,3079
164352,CNP0600114.1,COC1=CC=CC([C@H]2CC(C3=CC=C(C)C=C3)=NC3(CCN(C)CC3)N2)=C1O,0.28125162462966136,3080
207579,CNP0555440.2,CC1=CC=C(NC(=O)[C@@H]2[C@@H]3C=C[C@]4(O3)[C@@H]2C(=O)N([C@H]2CCCC[C@@H]2C)[C@H]4C(=O)N[C@@H]2CCC[C@H](C)[C@@H]2C)C=C1C,0.2812515906364525,3081
217097,CNP0009097.0,CC1=CC=C2OC=C(C3=NC(C4=CC=CC=C4)=C(C4=CC=CC=C4)N3)C(=O)C2=C1,0.28118822218468303,3082
169399,CNP0010751.1,CS(=O)(=O)C1=CC=C(CN2CCC[C@H]2C2=NC(C3=CC=C(C4=CC=NC=C4)N=C3)=NO2)C=C1,0.2811850858826479,3083
491068,CNP0205572.0,COC1=CC=C(C2=COC3=CC(OCCN4CCC(C(N)=O)CC4)=CC=C3C2=O)C=C1OC,0.28113197340634505,3084
497244,CNP0288185.2,COC1=C2C(=CC=C1)[C@@]13CCN(C)C[C@@]45O[C@@H]4CO[C@@H]4CC(=O)N2[C@H]1[C@H]4[C@H]5CC3=O,0.2810556464564553,3085
269456,CNP0447801.1,CN1C=CC=C1C(=O)N1CCN2C(=O)C3=CC(C4=CC=CO4)=CC=C3NC(=O)[C@@H]2C1,0.28098881218731603,3086
381980,CNP0110679.1,COC1=CC=C2NC3=C(CCN4C(=O)N(C5=CC=C(C(=O)NC6=CC=C7OCCOC7=C6)C=C5)C(=O)[C@]34C)C2=C1,0.2809630695247748,3087
176185,CNP0383458.1,COC1=CC=C2NC3=C(CCN4C(=O)N(C5=CC=C(C(=O)NC6=CC=C7OCOC7=C6)C=C5)C(=O)[C@]34C)C2=C1,0.28091914238971627,3088
221596,CNP0073352.1,COC1(OC)[C@H]2C(=O)C=C(C3=CC=CC=C3)[C@]1(O)OC1=CC=C(O)C=C12,0.2808968661739776,3089
257583,CNP0595833.0,CC1=CC(C2=CC=CC([N+](=O)[O-])=C2)=C2C(=O)OCC2=N1,0.2808168449790344,3090
371947,CNP0587619.0,COC1=CC=C(C(=O)NC2=CC(NC(=O)CC3=CC=C(OC)C(OC)=C3)=CC=C2OC)C=C1,0.28079386121165784,3091
412928,CNP0381086.1,CC1=C(CC(=O)N2CC[C@@]3(O)CCCC[C@H]3C2)C(=O)OC2=C(C)C3=C(C=C12)C(C1=CC=CC=C1)=CO3,0.28073190798689707,3092
34507,CNP0481203.1,COC1=CC=C2C(=C1OC)C(=O)N1C3=CC=C(O[C@H](C)C(=O)NC4=CC=C5OCOC5=C4)C=C3C3=C1C2=[NH+]C=C3,0.28071717442618177,3093
26848,CNP0441784.0,CCN1CCN(CCOC2=CC=C3C=C(C4=CC=C(OC)C(OC)=C4)C(=O)OC3=C2)CC1,0.280674924558583,3094
439396,CNP0517066.1,CC1=C(C#N)[C@H](C2=CC=CC3=NC=C(C4=CC=CC=C4)C=C23)C(C(=O)OCCCO[N+](=O)[O-])=C(C)N1,0.2805914590990725,3095
348348,CNP0126435.1,COC1=CC=C(S(=O)(=O)N2C[C@@H]3C[C@H](C2)C2=CC=C(C4=CC=C(NC(C)=O)C=C4)C(=O)N2C3)C=C1,0.2805476626432605,3096
167424,CNP0051891.0,COC1=CC=C(C(=O)NC2=CC=C3OC(C(=O)C4=CC(OC)=CC=C4OC)=C(C)C3=C2)C=C1,0.28050123172492347,3097
334251,CNP0043366.0,COC1=CC=CC2=C1OC(C(=O)NC1=CC=C3OCCOC3=C1)=C2,0.28048220396138585,3098
208097,CNP0509818.0,CC1=CC=CN2C=C(C3=CC=C([N+](=O)[O-])C=C3)N=C12,0.2804319809874834,3099
83967,CNP0157360.2,COC1=CC=C(NC(=O)[C@@H]2CCC(=O)N2[C@@H]2OC(=O)C3=CC=CC=C32)C=C1OC,0.28040455490687427,3100
282593,CNP0570584.0,COC1=CC2=CN(C)C3=C(C=CC4=CC5=C(C=C43)OCO5)C2=CC1=O,0.28039292605672306,3101
460584,CNP0498250.0,C=CCN(C)CCCCCCOC1=CC=C2C(C3=CC=C(Br)C=C3)=NN(C)C2=C1,0.28039249588656057,3102
133088,CNP0066352.1,CC(=O)NC1=CC=C(C(=O)/C=C/N(C)C)C(O)=C1,0.2803909304082364,3103
25162,CNP0041319.0,ClC1=CC=C(C2=CSC3=NC4=CC=CC=C4N23)C=C1,0.2802608310340061,3104
480324,CNP0531590.1,CC1(C)C[C@@]2(CCO1)OC(=O)C[C@@H]2C(=O)NC1=CC=C(Cl)C(Cl)=C1,0.28022402341716257,3105
88028,CNP0186513.0,CN1N=CC=C1C1CC(=O)OC2=CC(O)=C3C(=O)C(C4=CC=C(O)C=C4)=COC3=C21,0.28021142071084243,3106
168688,CNP0397102.0,COCCCN1COC2=CC=C3C=C(C4=CC=C(OC)C(OC)=C4)C(=O)OC3=C2C1,0.2801941333854036,3107
120383,CNP0598435.1,COC1=CC=CC([C@H]2CC(C3=CC=CC=C3)=NC3(CCN(C)CC3)N2)=C1O,0.2801525550969008,3108
43516,CNP0414110.3,O=C([C@H]1CN2CC[C@@H]1C[C@@H]2CN1C=C(C2=CC=CC=C2)N=N1)N1CCOCC1,0.28012679887368447,3109
392092,CNP0414110.4,O=C([C@H]1CN2CC[C@H]1C[C@@H]2CN1C=C(C2=CC=CC=C2)N=N1)N1CCOCC1,0.28012679887368447,3110
276323,CNP0305754.1,COC1=CC=C(OC)C(C(=O)C2=C(C)C3=CC=C(NC(=O)/C=C/C4=CC=CC=C4)C=C3O2)=C1,0.2800478088344298,3111
168084,CNP0582977.4,CCOCCCN1C(=O)[C@H]2[C@H](C(=O)NC3=CC=C(C)C(C)=C3)[C@H]3C=C[C@@]2(O3)[C@H]1C(=O)NC1CCCCC1,0.2799466385912539,3112
24649,CNP0582977.2,CCOCCCN1C(=O)[C@H]2[C@@H](C(=O)NC3=CC=C(C)C(C)=C3)[C@H]3C=C[C@@]2(O3)[C@H]1C(=O)NC1CCCCC1,0.2799466385912539,3113
83713,CNP0404874.0,COC1=CC=C(CCC(=O)NC2=CC=C3N=CNC(=O)C3=C2)C=C1,0.27989655362258004,3114
481858,CNP0348096.0,CCOC1=CC=C(NC(=O)OC(C)C)C=C1OCC,0.2798943167719649,3115
502939,CNP0173731.0,COC1=CC=C(C(=O)C2=C(C)C3=CC(NC(=O)CCC4=CC(Cl)=NO4)=CC=C3O2)C=C1,0.27984136461643605,3116
155234,CNP0601711.0,CCOC(=O)C1=C(C2=CC=CC=C2)OC2=CC=C(OCC3=CC=CC([N+](=O)[O-])=C3)C=C12,0.2798173769180443,3117
294626,CNP0381314.1,O=C(C1=CC(C2=CC=C(Cl)C=C2)=NC2=CC=CC=C12)N1CC[C@@]2(O)CCCC[C@H]2C1,0.27979467132315977,3118
253673,CNP0344321.0,COC1=CC=C(NC(=O)CSC2=NC3=C(N=CNC3=O)N2C)C=C1OC,0.27977699692301045,3119
363192,CNP0601738.2,CCOC1=CC=CC([C@H]2CC(C3=CC=CC=C3)=NC3(CCN(C)CC3)N2)=C1O,0.2796909683600333,3120
311106,CNP0297028.2,COC1=CC=C(C2=COC3=C4C(=CC(O)=C3C2=O)OC(=O)C[C@@H]4C2=CC3=CC=CC4=C3N(CCC4)C2=O)C=C1,0.27964883375282085,3121
469732,CNP0297028.1,COC1=CC=C(C2=COC3=C4C(=CC(O)=C3C2=O)OC(=O)C[C@H]4C2=CC3=CC=CC4=C3N(CCC4)C2=O)C=C1,0.27964883375282085,3122
223456,CNP0598289.0,CCOC(=O)C1=C(C)N(C2=CC=CC=C2)C2=CC=C(OC(=O)C3=CC=C(C4=CC=CC=C4)C=C3)C=C12,0.27959376952234705,3123
263151,CNP0276948.0,COC1=CC=C(OC)C(C(=O)C2=C(C)C3=CC=C(NC(=O)C4CC4)C=C3O2)=C1,0.27957598811248474,3124
140509,CNP0177407.0,CC(=O)NC1=CC=C2C(=C1)CC1=CC(O)=CC=C12,0.2795439665690822,3125
54341,CNP0597753.0,COC1=CC=C(NC(=O)CC2=CC=C(OC)C(OC)=C2)C=C1NC(=O)C1=CC=CC=C1C,0.27953136866680306,3126
349695,CNP0328454.0,COC1=CC=C(C(=O)NC2=CC=C3OC(C(=O)C4=CC=C(Cl)C=C4)=C(C)C3=C2)C=C1OC,0.27950165140639455,3127
237111,CNP0140529.0,CC(C)N1C=C(C(=O)NC2=CC=C3NC=CC3=C2)C2=CC=CC=C2C1=O,0.2794965534937143,3128
336504,CNP0533301.3,CC1=CC=C(NC(=O)[C@@H]2[C@@H]3C=C[C@]4(O3)[C@@H]2C(=O)N(C2CC2)[C@H]4C(=O)N[C@@H]2CCC[C@H](C)[C@H]2C)C=C1C,0.2794922557541623,3129
332438,CNP0514472.2,CC1=CC=C(NC(=O)[C@@H]2[C@@H]3C=C[C@]4(O3)[C@@H]2C(=O)N(C2CCC(C)CC2)[C@H]4C(=O)N[C@@H]2CCC[C@H](C)[C@H]2C)C=C1C,0.2794922557541623,3130
184794,CNP0561218.0,CN1C=CC(C2=CC=[N+](C)C=C2)=CC1=O,0.2794908749523639,3131
30816,CNP0403191.1,CN1N=NC(C2=CC=C(OCC(=O)N3C[C@H]4C[C@@H](C3)C3=CC=CC(=O)N3C4)C=C2)=N1,0.2794227278396056,3132
406485,CNP0447485.0,COC1=CC=C(C2=CC3=CC=C(OCCN4CCCCC4)C=C3OC2=O)C=C1OC,0.27934414201396934,3133
10944,CNP0346616.1,CN1CCC(N2CC[C@H](C3=NN=C(C4=CC=CC=C4)O3)C2)CC1,0.27932437443788766,3134
278727,CNP0249006.0,COC1=CC=C(C(=O)C2=C(C)C3=CC=C(NC(=O)CCC4=CC(OC)=NO4)C=C3O2)C=C1,0.27931981383461446,3135
269582,CNP0605249.0,CCOC(=O)C1=C(C2=CC=CC=C2)OC2=CC=C(OC(=O)C3=CC=C([N+](=O)[O-])C=C3)C=C12,0.27930442265403166,3136
449391,CNP0137612.1,CC(=O)C1=C(O)C(C)=C(O)C2=C1OC1=CC(=O)/C(=C(/C)NC3=CC=C4NC(CCCC(=O)O)=NC4=C3)C(=O)[C@@]12C,0.27930041269204353,3137
131758,CNP0066622.0,COC1=CC=CC2=C1OC(C(=O)NC1=CC=C3OCOC3=C1)=C2,0.27929680153409575,3138
253885,CNP0230945.0,COC1=CC(C2=NC(CSC3=NC4=C(N=C(C)NC4=O)N3C)=C(C)O2)=CC(OC)=C1OC,0.279237927324984,3139
240000,CNP0472010.0,C=C(NC1=CC=C(O)C(C)=C1)C1=C(O)N(C)C2=CC=CC=C2C1=O,0.27920180671012346,3140
191686,CNP0492971.0,O=C1C2=C(C=C3C1=C(O)N1C=CC4=C1C3=CC=C4)OCO2,0.27915137483813446,3141
463039,CNP0463110.0,CCN1CCN(CCOC2=CC=C3C=C(C4=CC=C(OC)C=C4)C(=O)OC3=C2)CC1,0.27913347036751956,3142
33998,CNP0463138.0,COC1=CC=C(C2=CC3=CC=C(OCCN4CCN(CCO)CC4)C=C3OC2=O)C=C1,0.27905825702768877,3143
72785,CNP0485645.0,CCCCCCC1=CC2=C(C=C1O)OC=C(C1=CSC(C3=CC=CC=C3)=N1)C2=O,0.27900907280289955,3144
421068,CNP0364397.0,COC1=CC=C(C(CC(=O)NC2=CC=C3NC(=O)NC3=C2)C2=C(O)C=C(C)OC2=O)C(OC)=C1OC,0.2789955274780904,3145
89117,CNP0319472.1,COC1=CC=C(NC(=O)[C@H](C)NC(=O)N2CCC3=CC(OC)=C(OC)C=C3C2)C=C1OC,0.27897115820186785,3146
143056,CNP0552542.4,CCCCN1C(=O)[C@H]2[C@H](C(=O)NC3=CC=C(C)C(C)=C3)[C@H]3C=C[C@@]2(O3)[C@H]1C(=O)NC1CCCCC1,0.27890851352971324,3147
418772,CNP0552542.1,CCCCN1C(=O)[C@H]2[C@@H](C(=O)NC3=CC=C(C)C(C)=C3)[C@H]3C=C[C@@]2(O3)[C@H]1C(=O)NC1CCCCC1,0.27890851352971324,3148
426820,CNP0569519.1,CC[C@H](C)N1C(=O)[C@H]2[C@@H](C(=O)NC3=CC=C(C)C(C)=C3)[C@H]3C=C[C@@]2(O3)[C@H]1C(=O)NC1CCCCC1,0.278886836670521,3149
194611,CNP0569519.4,CC[C@H](C)N1C(=O)[C@H]2[C@H](C(=O)NC3=CC=C(C)C(C)=C3)[C@H]3C=C[C@@]2(O3)[C@H]1C(=O)NC1CCCCC1,0.278886836670521,3150
208997,CNP0073345.1,CO[C@]12OC3=CC=C(O)C=C3[C@@]1(O)C(=O)C=C(C1=CC=CC=C1)C2=O,0.2788712050464843,3151
203297,CNP0226626.0,COCC1=NC2=CC=C(NC(=O)CC3=CNC4=CC=CC=C34)C=C2N1,0.2788261450344914,3152
363426,CNP0397865.0,CC1=CC=CN2C=C(C3=CC=C(Cl)C=C3)N=C12,0.2787545034906359,3153
408917,CNP0485233.0,CN1C2=CC(C(=O)C3=CC=CC=C3)=CC(C(N)=O)=C2N=C2C=CC3=C(C4=CC=CC=C4)C(=O)NC(=O)C3=C21,0.27872100736175726,3154
199626,CNP0399135.0,O=C(CN1C=CC2=CC=CC=C21)N1CCC2=C(C1)C1=CC=CC(Br)=C1N2,0.27865594513196584,3155
430378,CNP0147995.0,COC1=CC=C(C2=COC3=CC(OCCN4CCN(CCO)CC4)=CC=C3C2=O)C=C1OC,0.2786422900163684,3156
403038,CNP0482176.0,CC1=NN=C(C2=CC=C3C=CN(CC(=O)N4CCC5(CC4)OCCO5)C3=C2)O1,0.27858515200737644,3157
176997,CNP0305951.2,COC1=CC=C(C2=COC3=C4C(=CC(OC)=C3C2=O)OC(=O)C[C@@H]4C2=CC=CC=C2)C=C1,0.278567230236479,3158
432092,CNP0361557.0,O=C(CCNC(=O)N1CCC2=C(C1)NC1=CC=CC=C21)NC1=CC=C2NC=CC2=C1,0.27856298954100944,3159
179294,CNP0401716.0,COC1=CC=C(C2=C(C3=C(O)C(=O)C=C(C)O3)NC(C3=CNC4=CC=CC=C34)=N2)C=C1,0.2785171399990951,3160
242184,CNP0494728.0,COC1=CC=CC(C2=C(C3=C(O)C(=O)C=C(C)O3)NC(C3=CNC4=CC=CC=C34)=N2)=C1,0.27847263474871925,3161
205635,CNP0593336.1,C=CC(C)(C)[C@@]12C=C3C(=O)N/C(=C/C4=CNC=N4)C(=O)N3[C@@H]1NC1=CC=CC=C12,0.27845697244611406,3162
176275,CNP0554219.0,O=[N+]([O-])C1=CC=CC(C2=CN3C=C(I)C=CC3=N2)=C1,0.2784537324774453,3163
170985,CNP0596756.0,CC1=CC=C(C2=CN3C4=CC=CC=C4N=C3N2CCN2CCOCC2)C=C1,0.27841312277950325,3164
101256,CNP0420703.0,NC(=O)C1=CC(C2=C(CC(=O)O)C3=C(O2)C2=CC=CC=C2OC3=O)=CC=C1O,0.27839646992399986,3165
360847,CNP0532947.2,CC1=CC=C2C(=C1)N=C(C1=CC=CC=C1)C[C@@]1(C)ON=C(C3=CC=C([N+](=O)[O-])C=C3)N21,0.2783230889217775,3166
90737,CNP0160514.0,CC1=CC=NC(C2=CC=CN=C2)=C1,0.27826744074066956,3167
369145,CNP0415554.0,CC1=CC(=O)C(O)=C(C2=C(C3=CC=CC=C3)N=C(C3=CNC4=CC=CC=C34)N2)O1,0.2781437871481666,3168
132831,CNP0069560.0,CCOC(=O)C1=C(C)C2=CC=C(NC(=O)C3=CC=C(OC)C=C3)C=C2O1,0.2780799353894785,3169
389286,CNP0315180.0,CN1C(=O)CN=C(C2=CC=CC=C2)C2=CC(Cl)=CC=C21,0.2779730282116763,3170
412993,CNP0397124.0,COC1=CC=C(C2=NN(CC(=O)O)C(=O)C=C2)C=C1OC,0.2779579070545957,3171
336764,CNP0369753.0,CC1=CC=CN2C=C(C3=CC=C(Br)C=C3)N=C12,0.27794509410208995,3172
60539,CNP0404149.0,COC1=CC=C2NC(=O)C(C(CC(=O)N3CCN(C)CC3)C3=C(O)C=C(O)C4=C3OC(C3=CC=CC=C3)=CC4=O)=CC2=C1,0.27791959159687807,3173
196489,CNP0248101.2,COC1=CC=C(C2=COC3=CC(OCCN4C[C@@H](C)O[C@H](C)C4)=CC=C3C2=O)C=C1OC,0.2779139658944657,3174
57567,CNP0408226.3,COC1=CC=C(C2=COC3=CC(OCCN4C[C@@H](C)O[C@H](C)C4)=CC=C3C2=O)C=C1,0.2778197231070664,3175
292702,CNP0164841.0,CC1=CC2=NC(C3=CC=CC=C3)=CN2C=C1,0.27774142042070565,3176
494115,CNP0526879.1,COC1=CC=CC(C2=CC=C3OC[C@H]4CN(C(=O)C5=CC=NC=C5)CCN4CC(=O)NC3=C2)=C1,0.2777154107644891,3177
411626,CNP0442151.2,O=C(NC1CCCCC1)O[C@@H]1CO[C@H]2[C@H]1OC[C@H]2N1C=C(C2=CC=CC=C2)N=N1,0.2776786765032409,3178
471202,CNP0401655.0,COC1=CC=C(C(CC(=O)N2CCN(C)CC2)C2=C(O)C=C(O)C3=C2OC(C2=CC=CC=C2)=CC3=O)C(OC)=C1,0.2776497354383273,3179
166737,CNP0305951.1,COC1=CC=C(C2=COC3=C4C(=CC(OC)=C3C2=O)OC(=O)C[C@H]4C2=CC=CC=C2)C=C1,0.2776260656330923,3180
97232,CNP0141016.0,COC1=CC=C(C2=C(C3=C(O)C(=O)C=C(C)O3)NC(C3=CN(CC(=O)O)C4=NC=CC=C34)=N2)C=C1,0.277577490169383,3181
479739,CNP0417578.0,COC1=C(C2=CC=CC(O)=C2)OC2=C(C=CC3=C2C=CO3)C1=O,0.2775693327058801,3182
193345,CNP0413999.1,CC(=O)C1=C(O)C(C)=C(O)C2=C1OC1=CC(=O)/C(=C(/C)NC3=CC=C4NC(CCCC(C)O)=NC4=C3)C(=O)[C@@]12C,0.2775510147906835,3183
373202,CNP0538735.1,CCOC1=CC=CC([C@@H]2CC(C3=CC=C(Br)C=C3)=NC3(CCN(C)CC3)N2)=C1O,0.2775476849067628,3184
113749,CNP0598335.4,COC1=CC=C([C@H]2CC(=O)C3=C(C2)NC2=CC=CC=C2N[C@@H]3C2=COC3=CC=C(C)C=C3C2=O)C=C1,0.27753540899999174,3185
10510,CNP0598335.1,COC1=CC=C([C@@H]2CC(=O)C3=C(C2)NC2=CC=CC=C2N[C@@H]3C2=COC3=CC=C(C)C=C3C2=O)C=C1,0.27753540899999174,3186
401292,CNP0033598.0,COC1=CC=C(C2=C(C)C3=CC(OCC(=O)OCC4=CC=CC=C4)=CC=C3OC2=O)C=C1OC,0.27741329288378525,3187
150558,CNP0040098.0,CN1N=C(C2=CC=CC=C2)C2=C(Cl)C=C(Cl)C2=C1C1=CC=CC=C1,0.2773833105911555,3188
224257,CNP0405224.0,COC1=CC=C2OC=C(C(CC(=O)N3CCN(C)CC3)C3=C(O)C(O)=C(O)C4=C3OC(C3=CC=CC=C3)=CC4=O)C(=O)C2=C1,0.27738161094056757,3189
411349,CNP0365772.0,COC1=CC=C(C2=C(C3=C(O)C(=O)C=C(C)O3)NC(C3=CNC4=CC=CC(C(=O)O)=C34)=N2)C=C1,0.27736384860322116,3190
372330,CNP0281751.1,C1=CC(C2=CC=C(C3=NOC([C@@H]4CCCN4C4CCCCC4)=N3)C=N2)=CC=N1,0.2773008510865628,3191
67345,CNP0276068.1,COCCOC1=CC(C2=NOC([C@@H]3CCCN3CC3=CNC4=CC=CC=C34)=N2)=CC=N1,0.2772522902598087,3192
50117,CNP0408297.1,CC(C)C1=C(C(=O)N(C)C[C@@H]2CCCN3CCCC[C@H]23)N=C(N2C=CC=C2)S1,0.2772515320287782,3193
321459,CNP0536937.1,O=C1C[C@@H]2CCN(C(=O)COC3=CC=CC=C3)C[C@@H]2CCOC2=CC=C(C3=CC=CC=C3)C=C2N1,0.277164641429054,3194
475475,CNP0397480.0,COC1=CC=C(C2=CC3=CC=C(O)C(CN4CCN(CCO)CC4)=C3OC2=O)C=C1OC,0.2771187905608324,3195
69973,CNP0574015.0,CC(=O)OC1=CC=C(CC(=O)NC2=CC=C(O)C(C3=NC4=CC=CC=C4O3)=C2)C=C1,0.2770873398577926,3196
243599,CNP0548589.0,COC1=CC(C2=C(C3=C(O)C(=O)C=C(C)O3)NC(C3=CNC4=CC=CC=C34)=N2)=CC=C1O,0.2770366125872621,3197
33799,CNP0564902.1,O=C1C[C@@H]2CCNC[C@@H]2CCOC2=CC=C(C3=CC=CC=C3)C=C2N1,0.27702483043677906,3198
110495,CNP0404918.1,COC1=CC=C(N/C(C)=C2\C(=O)C=C3OC4=C(C(C)=O)C(O)=C(C)C(O)=C4[C@@]3(C)C2=O)C=C1N1CCCS1(=O)=O,0.2769874865579283,3199
47565,CNP0413169.1,COC1=CC=C(N/C(C)=C2\C(=O)C=C3OC4=C(C(C)=O)C(O)=C(C)C(O)=C4[C@@]3(C)C2=O)C=C1N1CCCCS1(=O)=O,0.2769874865579283,3200
76610,CNP0598505.0,CCN(CC)C1=CC=C2C=C(C3=NC(C4=CC=C(CC5=CC=CC=C5)C=C4)=CS3)C(=O)OC2=C1,0.2769872683915277,3201
246461,CNP0478297.0,NC(=O)C1CCN(CCOC2=CC=C3C=C(C4=CC=C(Cl)C=C4)C(=O)OC3=C2)CC1,0.27697747747658275,3202
158956,CNP0481174.1,O=C1CN2CCN(S(=O)(=O)C3CC3)C[C@H]2COC2=CC=C(C3=CC=CC=C3)C=C2N1,0.2769555253895874,3203
278694,CNP0537565.0,CCNCCC(=O)N1C2=CC=CC=C2SC2=CC=C(NC(=O)OCC)C=C21,0.2769232616467738,3204
222278,CNP0022903.0,CC1=CC2=NC(C3=CC=C(C4=CC=CC=C4)C=C3)=CN2C=C1,0.27687743182035435,3205
96248,CNP0235610.0,CN1N=NC(C2=CC=C(OCC(=O)N3CCC4=C(C3)NC3=CC=CC=C43)C=C2)=N1,0.27682708060699623,3206
2677,CNP0535428.1,CCCN1C(=O)[C@H]2[C@H](C(=O)NC3=CC=C(C)C(C)=C3)[C@H]3C=C[C@@]2(O3)[C@H]1C(=O)NC1CCCCC1,0.27678460232179947,3207
478085,CNP0535428.4,CCCN1C(=O)[C@H]2[C@@H](C(=O)NC3=CC=C(C)C(C)=C3)[C@H]3C=C[C@@]2(O3)[C@H]1C(=O)NC1CCCCC1,0.27678460232179947,3208
300567,CNP0563479.1,CN1N=CN=C1C1=CC=C2OC[C@H]3CN(C(=O)CC(C)(C)C)CCN3CC(=O)NC2=C1,0.2767480434851876,3209
34633,CNP0307615.0,COC1=CC=C2C=C(C3CC(=O)OC4=C3C(C)=CC3=C4C(C4=CC=CC=C4)=CC(=O)O3)C(=O)NC2=C1,0.2767338990119087,3210
380110,CNP0409550.0,COCCCN1COC2=CC=C3C(=O)C(C4=CC=C(OC)C(OC)=C4)=COC3=C2C1,0.27669018401980155,3211
334327,CNP0013081.1,O[C@@H]1C[C@@H](C2=NC(C3=CC=C4OCOC4=C3)=NO2)N(CCCC2=CC=CC=C2)C1,0.2766371065101374,3212
310094,CNP0228220.0,CC1=C(CC(=O)NC2=CC=C3OC(=O)C=CC3=C2)C(=O)OC2=CC3=C(C=C12)CCC(C)(C)O3,0.27659172944585875,3213
33658,CNP0106557.0,CC1=COC2=C3C=CC4=C(CCCC4(C)C)C3=C3NC(C4=CC=CC(O)=C4)=NC3=C12,0.2765797427250314,3214
430663,CNP0579437.0,CC(=O)NC1=CC=C([N+](=O)[O-])C(Br)=C1,0.2765698605894783,3215
322712,CNP0022371.0,N#CC1=CC=CC=C1NC(=O)NC1=CC=C2C=CC=CC2=C1,0.2765671847265383,3216
92578,CNP0203958.0,COC1=CC=C(OC)C(C(=O)C2=C(C)C3=CC(NC(=O)C4=CC=C(C(C)(C)C)C=C4)=CC=C3O2)=C1,0.27656631004910265,3217
180092,CNP0509315.0,COC1=CC=C(NC(=O)C2=C(C)C3=C4C(=O)CC5(CCCC5)OC4=CC=C3O2)C=C1OC,0.27655100638921576,3218
57741,CNP0593480.0,COC1=CC=C(NC(=O)COC2=CC=C3C(=C2)C2=CC=[NH+]C4=C2N3C(=O)C2=C(OC)C(OC)=CC=C24)C=C1OC,0.27648551900454765,3219
157088,CNP0323346.1,CC1=CC=CC(C2=NOC([C@@H]3C[C@@H](O)CN3C3CCN(C)CC3)=N2)=C1,0.2764048395189389,3220
258452,CNP0059560.0,CC1=CC=CN2C=C(C3=CC=C(I)C=C3)N=C12,0.2763960745022325,3221
9214,CNP0577444.1,CCOC1=CC=CC([C@H]2CC(C3=CC=C(OC)C=C3)=NC3(CCN(C)CC3)N2)=C1O,0.2763294782767274,3222
444257,CNP0578784.4,COC1=CC=C(CCN2C(=O)[C@H]3[C@H](C(=O)NC4=CC=C(C)C(C)=C4)[C@H]4C=C[C@@]3(O4)[C@@H]2C(=O)N[C@@H]2CCC[C@@H](C)[C@@H]2C)C=C1OC,0.2763069439989777,3223
259031,CNP0578784.3,COC1=CC=C(CCN2C(=O)[C@H]3[C@H](C(=O)NC4=CC=C(C)C(C)=C4)[C@H]4C=C[C@@]3(O4)[C@@H]2C(=O)N[C@@H]2CCC[C@H](C)[C@@H]2C)C=C1OC,0.2763069439989777,3224
387810,CNP0580603.0,COC1=CC=CC(C2=C(C3=C(O)C(=O)C=C(C)O3)NC(C3=CN(CC(N)=O)C4=NC=CC=C34)=N2)=C1,0.27629189317601677,3225
428236,CNP0494152.0,CC(C)OC(=O)NC1=CC=C2CCC3=CC=CC=C3N(C(=O)CCN(C)C)C2=C1,0.2762693739360239,3226
454367,CNP0524967.1,CC1=NN(C)C(C(=O)N2CCN3CC(=O)NC4=CC(C5=C(C)ON=C5C)=CC=C4OC[C@H]3C2)=C1,0.2761739543538082,3227
305977,CNP0293290.0,O=C(CC1=CC=C2CCOC2=C1)NC1=CC=C2N=CNC(=O)C2=C1,0.27612801555729455,3228
404404,CNP0535810.4,CC[C@H](C)N1C(=O)[C@H]2[C@H](C(=O)NC3=CC=C(C)C(C)=C3)[C@H]3C=C[C@@]2(O3)[C@@H]1C(=O)N[C@@H]1CCC[C@@H](C)[C@@H]1C,0.2761024496146455,3229
501886,CNP0535810.1,CC[C@H](C)N1C(=O)[C@H]2[C@H](C(=O)NC3=CC=C(C)C(C)=C3)[C@H]3C=C[C@@]2(O3)[C@@H]1C(=O)N[C@@H]1CCC[C@H](C)[C@@H]1C,0.2761024496146455,3230
338171,CNP0505847.0,CN1N=C(C2=CC=C3C=CC=CC3=C2)C2=C(N)N=CN=C21,0.27601006214331125,3231
397385,CNP0377884.0,COC1=CC=C(C2=CC(=O)C3=C(C)OC(C)=C3C(OC(=O)C3=CC=CC(Cl)=C3)=C2)C=C1,0.2759986169481955,3232
201230,CNP0188435.2,COC1=CC([C@@H]2C(C#N)=C(N)OC3=NNC(C4=CC=CC=C4)=C32)=CC2=C1OCO2,0.2758916333082482,3233
188848,CNP0188435.1,COC1=CC([C@H]2C(C#N)=C(N)OC3=NNC(C4=CC=CC=C4)=C32)=CC2=C1OCO2,0.2758916333082482,3234
179011,CNP0419136.0,C1=CC=C(C2=CN3C(=N2)SC2=CC=CC=C23)C=C1,0.27588461296789785,3235
103936,CNP0211994.0,O=C1C=C(C2=CC=CC(O)=C2)C(=O)C=C1C1=CC=CC(O)=C1,0.2758802300343151,3236
378099,CNP0253006.0,COCCN1C=NC2=CC=C(NC(=O)CC3=CC=C4CCOC4=C3)C=C2C1=O,0.2758582660289244,3237
29836,CNP0528327.0,COC1=CC=C(C2=C(C)C3=CC(OC(=O)C4=CC=CC([N+](=O)[O-])=C4)=CC=C3OC2=O)C=C1OC,0.2758476177004451,3238
180157,CNP0057775.1,CN1C(CN2C[C@H](O)C[C@H]2C2=NC(C3=CC=C4OCOC4=C3)=NO2)=NC2=CC=CC=C21,0.27580668716296325,3239
249371,CNP0482564.1,CN1N=CN=C1C1=CC=C2OC[C@H]3CNCCN3CC(=O)NC2=C1,0.2758026142364207,3240
498386,CNP0349814.1,CN1C=CC=C1C(=O)N1CCN2C(=O)C3=CC(C4=CC=C5OCOC5=C4)=CC=C3NC(=O)[C@@H]2C1,0.27580248673516733,3241
96462,CNP0140830.0,COC1=CC(O)=C2C(=O)C=C(C3=CC=C(O)C(O)=C3)OC2=C1C1OC(C)C(O)C(O)C1O,0.27578352808515844,3242
295759,CNP0422867.1,COC1=CC(C)=NC2=CC=C(N/C(C)=C3\C(=O)C=C4OC5=C(C(C)=O)C(O)=C(C)C(O)=C5[C@@]4(C)C3=O)C=C12,0.2757010625371767,3243
378395,CNP0550165.1,COC1=CC([C@H]2OC3=CC(OCCO)=C4C5=CC=C(O)C=C5C[C@@H]5C[C@H]([N+]6=CNC=C6)CC#C[C@H](C3=C45)[C@H]2O)=CC=C1O,0.27568336587681347,3244
268243,CNP0395145.1,CC(=O)NC1=CC=C(C(=O)/C=C/C2=CC=C(C(C)(C)C)C=C2)C(O)=C1,0.2756703602222001,3245
482171,CNP0188098.1,COC1=C2C=CC(C)(C)OC2=CC2=C1C(=O)C(C1=CC=C(O/C=C\C(C)C)C=C1)=CO2,0.2756610212282773,3246
7529,CNP0308077.1,O=C(NC1=CC=C2NC=CC2=C1)[C@H](CC1=CC=CC=C1)NC(=O)N1CCCC1,0.2756353408568741,3247
378898,CNP0549210.1,CS(=O)(=O)N1CC[C@H]2CC(=O)NC3=CC(C4=CC=CC=C4)=CC=C3OCC[C@H]2C1,0.2756067993851292,3248
333170,CNP0504238.1,COC1=CC=CC2=C1OC(=O)C(C1=CC=C(OCC(=O)N3C[C@@H]4C[C@H](C3)C3=CC=C([N+](=O)[O-])C(=O)N3C4)C=C1)=C2,0.2755297270382536,3249
5814,CNP0505767.0,CCOC(=O)C1=C(C2=CC=CC=C2)OC2=CC=C(OC(=O)C3=CC=CC([N+](=O)[O-])=C3)C=C12,0.2754822486758743,3250
229875,CNP0494101.3,CCCCN1C(=O)[C@H]2[C@H](C(=O)NC3=CC=C(C)C(C)=C3)[C@H]3C=C[C@@]2(O3)[C@@H]1C(=O)N[C@@H]1CCC[C@H](C)[C@H]1C,0.275418257614416,3251
471320,CNP0172500.1,CC(C)COC(=O)N1CCC[C@@H]1C(=O)NC1=CC=C2OCOC2=C1,0.2753882649860849,3252
58187,CNP0527501.0,CCOC(=O)C1=C(C2=CC=C(OC)C=C2)OC2=CC=C(OCC3=CC=CC([N+](=O)[O-])=C3)C=C12,0.27537250820799863,3253
388450,CNP0398017.0,CC(C)CN1C=C(C(=O)NC2=CC=C3OCCOC3=C2)C2=CC=CC=C2C1=O,0.2753712493237535,3254
118641,CNP0221982.1,O=C(/C=N/O)NC1=CC=C2OC(=O)C=CC2=C1,0.27533782670388546,3255
197305,CNP0278153.1,COC1=CC=C(NC(=O)C2=CC=CO2)C=C1N/C(C)=C1\C(=O)C=C2OC3=C(C(C)=O)C(O)=C(C)C(O)=C3[C@@]2(C)C1=O,0.27530404084109605,3256
76367,CNP0064111.1,COC1=CC=C(/C=C/C(=O)C2=CC=C(NC(C)=O)C=C2O)C=C1,0.27527505258933627,3257
12812,CNP0444753.0,COC1=CC=CC2=C1OC(=O)C(C1=CC=C(OCC(=O)N=C3N=CC=N3)C=C1)=C2,0.275242116813986,3258
35023,CNP0410662.0,COC1=CC=C(C2=NNC=C2C2CC(=O)NC3=CC=CC4=C3C2=CN4CC2=CC=CC=C2)C=C1,0.2752187668902472,3259
64901,CNP0255239.3,O=C1O[C@@H](N2C(=O)CC[C@H]2C(=O)NC2=CC=C3OCCOC3=C2)C2=CC=CC=C12,0.27515865766891756,3260
286373,CNP0582721.1,COCCN1C(=O)[C@H]2[C@H](C(=O)NC3=CC=C(C)C(C)=C3)[C@H]3C=C[C@@]2(O3)[C@H]1C(=O)NC1CCCCC1,0.2751564701373882,3261
13989,CNP0582721.3,COCCN1C(=O)[C@H]2[C@@H](C(=O)NC3=CC=C(C)C(C)=C3)[C@H]3C=C[C@@]2(O3)[C@H]1C(=O)NC1CCCCC1,0.2751564701373882,3262
502247,CNP0355763.0,COC1=CC(C2CC(=O)OC3=C(O)C(O)=C4C(=O)C=C(C5=CC=CC=C5)OC4=C32)=CC(OC)=C1OC(C)=O,0.27511478380488635,3263
402734,CNP0585478.3,CCN(CC)CCN1C(=O)[C@@H]2[C@H](C(=O)NC3=CC=C(Cl)C(Cl)=C3)[C@@H]3C=C[C@@]2(O3)[C@@H]1C(=O)NC1CCCCC1,0.2750344426589725,3264
236779,CNP0229617.0,CCCCN1C=C2C=C(O)C(=O)C3=C2C(=CC=C3C2=CC=CC=C2)C1=O,0.2750140765236114,3265
230034,CNP0354521.2,CN1C2=C(C(=O)N(C)C1=O)[C@H](C1=CC=C(O)C=C1)[C@@H]1C(=O)C3=CC=CC=C3C1=N2,0.27499746830501426,3266
348703,CNP0354521.3,CN1C2=C(C(=O)N(C)C1=O)[C@@H](C1=CC=C(O)C=C1)[C@@H]1C(=O)C3=CC=CC=C3C1=N2,0.27499746830501426,3267
265301,CNP0573667.0,COC1=CC(C2=C(C3=C(O)C(=O)C=C(C)O3)NC(C3=CN(CC(=O)O)C4=NC=CC=C34)=N2)=CC=C1O,0.2749960572933897,3268
303139,CNP0103401.0,COC1=CC=C(C(CC(=O)NC2=CC=C(O)C(C(C)=O)=C2)C2=C(O)C=C(C)OC2=O)C(OC)=C1OC,0.274964877331548,3269
266378,CNP0558032.1,O=C1C[C@@H]2CCN(CC3CCCC3)C[C@@H]2CCOC2=CC=C(C3=CC=CC=C3)C=C2N1,0.2749123040862743,3270
415279,CNP0345751.0,COC1=CC=C(C(=O)C2=C(C)C3=CC(NC(=O)C4=CC=C(Cl)N=C4Cl)=CC=C3O2)C=C1,0.27487065507646163,3271
212432,CNP0083171.0,CC1=CC=C(NC(=O)CN2C(=O)C=C(C(=O)NCC3=CC=CC=C3)C3=CC=CC=C32)C=C1C,0.2748677044722641,3272
482080,CNP0381532.1,CC1=C(CCC(=O)N2CC[C@@]3(O)CCCC[C@H]3C2)C(=O)OC2=CC3=C(C=C12)C(C1=CC=CC=C1)=CO3,0.2747938468478178,3273
76140,CNP0577636.4,CCCN(CCC)CCN1C(=O)[C@@H]2[C@H](C(=O)NC3=CC=C(Cl)C(Cl)=C3)[C@@H]3C=C[C@@]2(O3)[C@@H]1C(=O)NC1CCCCC1,0.27479084302437573,3274
45186,CNP0369815.2,CNS(=O)(=O)C1=CC(C2=NN=C(N3CC4C[C@@H](C3)C3=CC=CC(=O)N3C4)C3=CC=CC=C23)=CC=C1C,0.27477678407144523,3275
431799,CNP0369815.1,CNS(=O)(=O)C1=CC(C2=NN=C(N3C[C@@H]4C[C@H](C3)C3=CC=CC(=O)N3C4)C3=CC=CC=C23)=CC=C1C,0.27477678407144523,3276
20800,CNP0127813.1,CC(C)=CCC/C(C)=C/CN1C2=CC3=C(C4=CC=CC=C4)C(=O)OC3=CC2=NC2=C(C(=O)O)C=CC=C21,0.2747764021348218,3277
281655,CNP0606166.0,COC1=CC=CC(C2=C(C3=C(O)C(=O)C=C(C)O3)NC(C3=CN(CC(=O)O)C4=NC=CC=C34)=N2)=C1,0.2747515878147617,3278
47100,CNP0116179.1,COC1=CC=C(C2=CC=C3[C@@H]4C[C@@H](CN(C(=O)NC5=CC=C(Cl)C=C5)C4)CN3C2=O)C=C1,0.27472193547775137,3279
113168,CNP0591432.1,COC1=CC=C(C2=NC3(CCN(C)CC3)N[C@H](C3=CC=CC(OC)=C3O)C2)C=C1,0.27469766075366314,3280
197782,CNP0399898.0,COC1=CC=C2NC3=C(CN(C(=O)CCN4C=CC5=CC(C)=CC=C54)CC3)C2=C1,0.2746584937417568,3281
254559,CNP0593256.1,O=C(CC1=C(C2=CC=CC=C2)OC2=CC3=C(C=C12)OCO3)NCC(=O)N1C[C@@H]2C[C@H](C1)C1=CC=CC(=O)N1C2,0.27461234150466607,3282
347752,CNP0517066.2,CC1=C(C#N)[C@@H](C2=CC=CC3=NC=C(C4=CC=CC=C4)C=C23)C(C(=O)OCCCO[N+](=O)[O-])=C(C)N1,0.27459611274517665,3283
81195,CNP0516717.1,O=C1C[C@@H]2CCN(C(=O)C3CCOCC3)C[C@@H]2CCOC2=CC=C(C3=CC=CC=C3)C=C2N1,0.27453902737120334,3284
321067,CNP0499851.2,CCOC1=CC=C(C2=NC3(CCN(C)CC3)N[C@@H](C3=CC=CC(OCC)=C3O)C2)C=C1,0.27451299432778753,3285
108190,CNP0445017.0,C1=CC=C(C2=CN3C(=N2)C=CC2=CC=CC=C23)C=C1,0.27443389399929524,3286
186290,CNP0022650.1,CC1=CC=C(S(=O)(=O)OC2=CC=C3C(=O)/C(=C/C4=CC=C(C5=CC=CC=C5)C=C4)OC3=C2)C=C1,0.27440091644925685,3287
503215,CNP0409617.1,COCCN1C=CC2=CC=C(C(=O)N3CCCC4=C[C@H]5C[C@@H](CN6CCCC[C@H]56)[C@@H]43)C=C21,0.2743899828641351,3288
439993,CNP0502453.0,COC1=CC=C(NC(=O)C2=CC=CC=C2)C=C1N=CC1=CC=C(C#CC2=CC=CC=C2)C=C1,0.2743414698073249,3289
192121,CNP0409214.0,COC1=CC=C(C2=COC3=CC(OCCN4CCC(C)CC4)=CC=C3C2=O)C=C1OC,0.2743315970857467,3290
9580,CNP0303482.0,COC1=CC=C(OC)C(C(=O)C2=C(C)C3=CC(NC(=O)C4=CC=C(C)C=C4)=CC=C3O2)=C1,0.2743217768522713,3291
353873,CNP0560536.0,O=[N+]([O-])C1=CC=C(C2=CN3C=CC=CC3=C2)C=C1,0.2742835840498294,3292
40648,CNP0563937.1,CC1=CC=C(C2=NC3(CCN(C)CC3)N[C@@H](C3=CC=CC=C3O)C2)C=C1,0.274260538690777,3293
136663,CNP0395049.0,O=C(CCCNC(=O)N1CCC2=C(C1)NC1=CC=CC=C21)NC1=CC=C2NC=CC2=C1,0.27423045855257533,3294
464950,CNP0351500.0,CC1=C(OCC(=O)NC2=CC=C3OCOC3=C2)C(=O)C=CN1,0.2741114113933793,3295
112359,CNP0513332.0,CCOC1=CC=C(C2=CN3C=CC(C)=CC3=C2)C=C1[N+](=O)[O-],0.2740637943504658,3296
245826,CNP0456526.0,O=C(O)C1=C(O)C2=CC3=CC=C(O)C(O)=C3OC3=C2C(=CC=C3O)C1,0.2740405724652192,3297
468431,CNP0408459.0,O=C1C(C2=CC=CC=C2)=COC2=C3CN(CCC4=CC=CS4)COC3=CC=C12,0.2740165758494129,3298
242203,CNP0397112.1,O=C(CCN1C(C2=CC=CC=C2)=CC2=CC=CC=C21)N1C[C@@H]2C[C@@H](C1)C1=CC=CC(=O)N1C2,0.2740126754550633,3299
273866,CNP0027917.0,CC1=C(C(=O)C2=CC=CC=C2)OC2=CC(NC(=O)CCCN3N=NC4=CC=CC=C4C3=O)=CC=C12,0.27401220169849444,3300
198537,CNP0085973.1,CCCN1CCC[C@H]1C1=NC(C2=CC=NC(OCCOC)=C2)=NO1,0.2739841611318171,3301
283906,CNP0207729.0,O=C1NC2=CC=C(Cl)C=C2C(C2=CC=CC=C2)=C1N1CCN(CCO)CC1,0.27391772834324685,3302
14246,CNP0381410.0,CC1=C(C2=CC=CC=C2)C(=O)C2=CC=C3OCN(CCCOC(C)C)CC3=C2O1,0.27388522998607284,3303
314318,CNP0071874.0,COC1=C(C2=CC=CC=C2)C2=CC=C(O)C=C2NC1=O,0.27377617629151607,3304
220234,CNP0408848.0,COC1=CC=C(C2=COC3=C4CN(CCN5CCOCC5)COC4=CC=C3C2=O)C=C1OC,0.27376841771701066,3305
52671,CNP0303888.0,COC1=CC=C(C2=COC3=C4CN(CCCN5CCOCC5)COC4=CC=C3C2=O)C=C1OC,0.27376841771701066,3306
246575,CNP0414338.0,CC1=CC2=C(C(CC(=O)O)=C(C3=CC=C(C(=O)O)C=C3)O2)C(=O)N1C,0.2737426749736502,3307
166790,CNP0361711.0,CC1=C(C)C2=CC=C3OCN(CCC4=CC=C(Cl)C=C4Cl)CC3=C2OC1=O,0.27369348639074853,3308
176844,CNP0519130.0,CC1=CC=CC(C2=CC=C3C(=C2)C(C(=O)C(=O)O)=CN3CC2=CC=C(C(C)(C)C)C=C2)=C1,0.2736547430469771,3309
89854,CNP0378413.0,O=C(O)CCCCCNC(=O)NC1=CC=C2OCOC2=C1,0.273589588445347,3310
489500,CNP0014186.1,CC1=CC=C(C2=NN=C([C@H]3CCN(CCCC4=CC=CC=C4)C3)O2)C=C1,0.273557819202487,3311
53893,CNP0190974.0,CC(C)CN1C=C(C(=O)NC2=CC=C3OCOC3=C2)C2=CC=CC=C2C1=O,0.27349549621138536,3312
478984,CNP0532683.0,CC1=CN2C=C(C3=CC=CC([N+](=O)[O-])=C3)C=C2C=C1,0.27334248880104967,3313
68158,CNP0412149.1,COCCN(C[C@@H]1CCCN2CCCC[C@H]12)C(=O)CN1C=CC2=CC(OC)=CC=C21,0.2733137935502357,3314
10262,CNP0578449.1,COC1=CC=C(NC(=O)[C@H](C)OC2=CC=C3C(=C2)C2=CC=[NH+]C4=C2N3C(=O)C2=C(OC)C(OC)=CC=C24)C=C1OC,0.273252782840323,3315
391760,CNP0356298.0,COC1=CC=C(C2=C(C3=C(O)C(=O)C=C(C)O3)NC(C3=CNC4=CC=CC(C#N)=C34)=N2)C=C1,0.2731413864708926,3316
432562,CNP0542601.0,CCCOC1=CC=C(C2=NC3=CC4=C(C=C3N2)[N+](=O)C2=CC=CC=C2N4[O-])C=C1OC,0.27313074822374106,3317
81703,CNP0535549.0,CCOC(=O)C1=C(C2=CC=C(OC)C=C2)OC2=CC=C(OC(=O)C3=CC=CC([N+](=O)[O-])=C3)C=C12,0.27301530387845996,3318
108945,CNP0220729.1,CC1(C)C[C@@H](C(=O)COC2=CC(O)=C3C(=O)C=C(C4=CC=CC=C4)OC3=C2)CCO1,0.2729790620245172,3319
404132,CNP0220729.2,CC1(C)C[C@H](C(=O)COC2=CC(O)=C3C(=O)C=C(C4=CC=CC=C4)OC3=C2)CCO1,0.2729790620245172,3320
335051,CNP0173545.1,CC(=O)C1=C(O)C(C)=C(O)C2=C1OC1=CC(=O)/C(=C(/C)NC3=CC=C4NC(CCC(=O)O)=NC4=C3)C(=O)[C@@]12C,0.27296881306328674,3321
164408,CNP0550177.1,COC1=CC=CC([C@@H]2CC(C3=CC=C(Br)C=C3)=NC3(CCN(C)CC3)N2)=C1O,0.27292443570332475,3322
194345,CNP0154915.0,C=CCN1C2=CC=CC=C2N2C=C(C3=CC=CC=C3)N=C12,0.27287890569743595,3323
440422,CNP0516630.0,COC1=CC=C2C=C(C3=C(CC(=O)O)C4=C(C=C(C)N(CCCC(=O)O)C4=O)O3)C=CC2=C1,0.2728576354107307,3324
369003,CNP0494496.0,COC1=CC=C2C=C(C3=C(CC(=O)O)C4=C(C=C(C)N(CCC(=O)O)C4=O)O3)C=CC2=C1,0.2728576354107307,3325
463935,CNP0362868.0,COC1=CC=C(C2=C(C3=C(O)C(=O)C=C(C)O3)NC(C3=CN(CC(N)=O)C4=NC=CC=C34)=N2)C=C1,0.2728513065766457,3326
96122,CNP0396095.0,COC1=CC2=C(C=C1OC)C(=O)N(CCC(=O)NC1=CC=C3C=CNC3=C1)C=N2,0.2727998040300892,3327
302840,CNP0547470.0,COC1=CC2=NC3=C(C)N(CC(=O)N4CCOCC4)C=CC3=C2C=C1,0.27279794514668076,3328
61482,CNP0577636.2,CCCN(CCC)CCN1C(=O)[C@@H]2[C@H](C(=O)NC3=CC=C(Cl)C(Cl)=C3)[C@@H]3C=C[C@@]2(O3)[C@H]1C(=O)NC1CCCCC1,0.2727643225640363,3329
369021,CNP0335859.1,COC1=CC=C(C2=COC3=C4C(=CC(OC)=C3C2=O)OC(=O)C[C@@H]4C2=CC=CO2)C=C1,0.2727203576827378,3330
374209,CNP0335859.2,COC1=CC=C(C2=COC3=C4C(=CC(OC)=C3C2=O)OC(=O)C[C@H]4C2=CC=CO2)C=C1,0.2727203576827378,3331
139707,CNP0535810.2,CC[C@H](C)N1C(=O)[C@H]2[C@H](C(=O)NC3=CC=C(C)C(C)=C3)[C@H]3C=C[C@@]2(O3)[C@@H]1C(=O)N[C@@H]1CCC[C@H](C)[C@H]1C,0.27268715728793397,3332
442505,CNP0232338.3,COC1=CC=C(NC(=O)[C@@H]2[C@H]3C=C[C@]4(CN(C5=CC=C(NC(C)=O)C=C5)C(=O)[C@@H]24)O3)C=C1OC,0.2726850482291346,3333
26930,CNP0232338.4,COC1=CC=C(NC(=O)[C@H]2[C@H]3C=C[C@]4(CN(C5=CC=C(NC(C)=O)C=C5)C(=O)[C@@H]24)O3)C=C1OC,0.2726850482291346,3334
119840,CNP0401109.1,COC1=CC=C(C2=COC3=C4C(=CC(O)=C3C2=O)OC(=O)C[C@@H]4C2=CC=CN=C2)C=C1,0.27261107923358113,3335
373966,CNP0574328.0,CC1=CC=C(C2=CN3C=CC=C(C)C3=N2)C=C1,0.2725993418110893,3336
62772,CNP0595697.2,O=C(NC1=CC=C2OCCOC2=C1)[C@@H]1CN(S(=O)(=O)C2CC2)CC12CCCCC2,0.2725661948208073,3337
125012,CNP0593517.1,O=C1C[C@@H]2CCN(CC3=CC=CC=C3Cl)C[C@@H]2CCOC2=CC=C(C3=CC=CC=C3)C=C2N1,0.2724651193575979,3338
314895,CNP0408815.0,COC1=CC=C(C2=COC3=C(CN4CCN(CCO)CC4)C(O)=CC=C3C2=O)C=C1OC,0.2724318109969998,3339
449043,CNP0041531.1,CC(=O)NC1=CC=C(C(=O)/C=C/C2=CC=C(C)C=C2)C(O)=C1,0.2723718793949107,3340
466663,CNP0555603.1,COCCN1C(=O)[C@H]2[C@H](C(=O)NC3=CC=C(C)C(C)=C3)[C@H]3C=C[C@@]2(O3)[C@@H]1C(=O)N[C@@H]1CCC[C@H](C)[C@H]1C,0.272265363090788,3341
73717,CNP0202489.0,COC1=CC=C(NC(=O)COC2=CC=C3N=C4CCCCCN4C(=O)C3=C2)C=C1OC,0.2722580848527029,3342
246073,CNP0360975.1,CN1C(=O)N(C)C2=NNC(C3=CC=C(N(C)C)C=C3)=N[C@@]2(C2=CNC3=CC=CC=C23)C1=O,0.2721484912813708,3343
337541,CNP0485488.0,COC(=O)C1=CC=C(C(=O)NC2=CC=C(O)C(C3=NC4=CC=CC=C4O3)=C2)C=C1,0.2721404786772127,3344
188844,CNP0570511.0,O=C([O-])C1=C(C2=CC=CC=C2)C=CC2=[N+]1CCCC2,0.27206372274057267,3345
52031,CNP0370955.0,CC1=CC(O)=C2C(C)=C(CC(=O)NC3=CC=C4OCOC4=C3)C(=O)OC2=C1,0.2720490201922642,3346
427563,CNP0059638.0,COC1=CC=C(OC)C(C(=O)C2=C(C)C3=CC(NC(=O)C4=CC=C(Br)C=C4)=CC=C3O2)=C1,0.2720486082300587,3347
403380,CNP0594605.0,COC1=CC=C(C2=CC(=O)C3=CC=C(C4=CC=C5C(=O)C=C(C6=CC=CC=C6)OC5=C4)C=C3O2)C=C1,0.27186995274096826,3348
65845,CNP0415403.0,COC1=CC=C(C(CC(=O)NCC2=C3CCN(C)CC3=C(OC)C3=C2OCO3)C2=C(O)N=C3C=CC=CN3C2=O)C=C1,0.2718053268471765,3349
151328,CNP0171771.0,CC1=CC=C(C2=COC3=C2C(C)=CC2=C3C(C)=C(CC3=CC=CC=C3)C(=O)O2)C=C1,0.27179059664560234,3350
79888,CNP0582977.3,CCOCCCN1C(=O)[C@H]2[C@H](C(=O)NC3=CC=C(C)C(C)=C3)[C@H]3C=C[C@@]2(O3)[C@@H]1C(=O)NC1CCCCC1,0.27178319586822913,3351
64211,CNP0582977.1,CCOCCCN1C(=O)[C@H]2[C@@H](C(=O)NC3=CC=C(C)C(C)=C3)[C@H]3C=C[C@@]2(O3)[C@@H]1C(=O)NC1CCCCC1,0.27178319586822913,3352
221347,CNP0237001.1,COC1=CC=C(C2=CC(=O)C3=C(C)OC(C)=C3C(OC(=O)/C=C/C3=CC=CC=C3)=C2)C=C1,0.2716924538230067,3353
424202,CNP0402055.0,O=C(CN1C=NC2=CC=CC=C2C1=O)NC1=CC=C2N=CNC(=O)C2=C1,0.2716751306988809,3354
150422,CNP0399576.0,COC1=CN=C(C(=O)NC2=CC=C3OCCOC3=C2)C=C1O,0.2716137769426673,3355
187236,CNP0572412.1,COC1=CC([C@H]2OC3=CC(OCCO)=C4C5=CC=C(O)C=C5C[C@@H](CC[N+]5=CNC=C5)C4=C3C[C@H]2O)=CC=C1O,0.2716099846090862,3356
309180,CNP0510831.0,CC1=CC=CC=C1C1=C(NCCC(=O)N2CCC3(CC2)OCCO3)N2C=CN=CC2=N1,0.2715698195582328,3357
428178,CNP0333891.0,COC1=CC=C(NC(=O)C2=CC=CO2)C=C1NC(=O)C1=CC2=CC=CC(OC)=C2O1,0.27156724106647595,3358
72466,CNP0409782.0,COC1=CC=C(C2=COC3=CC(OCCN4CCN(CCO)CC4)=CC=C3C2=O)C=C1,0.271463852201969,3359
367785,CNP0492907.0,O=[N+]([O-])C1=CC=CC(C2=CN3C=CC=CC3=N2)=C1,0.27139407857340336,3360
268961,CNP0408359.0,CC1=CC2=C(C(C3=CC=CC=C3)=CC(=O)O2)C2=C1C(C1=CC=CN=C1)CC(=O)O2,0.2713522354101721,3361
227201,CNP0501172.0,COC1=CC(C2=C(C3=C(O)C(=O)C=C(C)O3)NC(C3=CNC4=CC=CC(C(=O)O)=C34)=N2)=CC=C1O,0.27131865010451867,3362
42147,CNP0571670.1,CC1=NNC2=CC=C(C3=CN=CC(OC[C@@H](N)CC4=CC=CC=C4)=C3)C=C12,0.2712740070612369,3363
409078,CNP0466582.0,CCC1=CC(C2=CC=CC(CCC3=C(O)C(OC)=C(O)C4=C3OC(C3=CC=C(O)C=C3)=CC4=O)=C2)=CN1,0.271255240526725,3364
146452,CNP0240040.1,CC(C)=CCC/C(C)=C\CN1C2=CC=CC=C2N=C2C(C(=O)O)=C3OC(=O)C(C4=CC=CC=C4)=C3C=C21,0.27123788191471015,3365
345304,CNP0529215.0,COC1=CC(C2=C(C3=C(O)C(=O)C=C(C)O3)NC(C3=CC=CC(OCC(N)=O)=C3)=N2)=CC=C1O,0.27120793332728627,3366
326546,CNP0156824.1,CC1=CC=CC(C2=NOC([C@@H]3C[C@@H](O)CN3CC3=CC=CC(C#N)=C3)=N2)=C1,0.2711986356273583,3367
229581,CNP0400483.0,COCCN1C=C(C(=O)NC2=CC=C3OCOC3=C2)C2=CC=CC=C2C1=O,0.2711153647082709,3368
353447,CNP0463739.0,COC1=CC=C(C2=CC3=CC=C4OCN(CCN5CCOCC5)CC4=C3OC2=O)C=C1,0.27109588470114676,3369
6020,CNP0350840.1,O=C(O)C1=CC=C(CN2CCC[C@H]2C2=NC(C3=CC=C(C4=CN=CN=C4)N=C3)=NO2)C=C1,0.271040017509234,3370
222161,CNP0595696.1,COCC(=O)N1CC[C@H]2CC(=O)NC3=CC(C4=CC=CC=C4)=CC=C3OCC[C@H]2C1,0.2710047722278541,3371
387226,CNP0354262.1,COC1=CC(=O)[C@]2(C)[C@@]3(O)CC4=C(C=C(C5=CC(OC)=C(OC)C(OC)=C5)OC4=O)O[C@]3(C)CC[C@@]2(O)C1(C)C,0.27096963339931024,3372
331990,CNP0010879.0,COC1=CC=C(NC(=O)CN2CCN(CC3=CC(=O)OC4=CC(C)=CC=C34)CC2)C=C1Cl,0.2709549164599405,3373
210293,CNP0403613.0,CN1C=NC2=CC=C(NC(=O)CCC3=CC=C4OCCC4=C3)C=C2C1=O,0.27078539581586547,3374
404647,CNP0083100.1,O=C1NC2=CC=C(C3=CC=CO3)C=C2C(=O)N2CCN(C(=O)C3=CN=CC=N3)C[C@@H]12,0.2707397580390414,3375
2579,CNP0383810.0,CC1=C(C)C2=CC3=C(OCN(CCC4=CC=C(Cl)C=C4Cl)C3)C(C)=C2OC1=O,0.270626246693844,3376
283533,CNP0401230.0,CN1C=CC=C1CNC(=O)COC1=CC=C2N=C3CCCN3C(=O)C2=C1,0.27053017530498275,3377
415128,CNP0585478.4,CCN(CC)CCN1C(=O)[C@@H]2[C@H](C(=O)NC3=CC=C(Cl)C(Cl)=C3)[C@@H]3C=C[C@@]2(O3)[C@H]1C(=O)NC1CCCCC1,0.2704935533929118,3378
324718,CNP0443400.0,O=NC1=C(C2=CC=CC=C2)C=C2C=CC=CN12,0.2704926554786031,3379
349810,CNP0370396.1,CCOC(=O)C1=C(C2=CC=CC=C2)OC2=CC=C(O[C@H](C(=O)O)C3=CC=CC=C3)C=C12,0.2704439894895126,3380
243271,CNP0296483.0,CN1N=CC2=C(C3=CC=CC(O)=C3)C3=C(N=C21)C1=CC=C(O)C=C1O3,0.2703590238029985,3381
2234,CNP0547935.0,COC1=CC(C2=C(C3=C(O)C(=O)C=C(C)O3)NC(C3=CN(CC(N)=O)C4=NC=CC=C34)=N2)=CC=C1O,0.2702698737006523,3382
463096,CNP0409376.0,CC1=CC2=C(C(C3=CC=CC=C3)=CC(=O)O2)C2=C1C(C1=CC3=CC=CC=C3NC1=O)CC(=O)O2,0.2701847486990508,3383
306340,CNP0532947.1,CC1=CC=C2C(=C1)N=C(C1=CC=CC=C1)C[C@]1(C)ON=C(C3=CC=C([N+](=O)[O-])C=C3)N21,0.2701641941438542,3384
379641,CNP0035475.0,COC1=CC=C(C2=C(C)C3=CC(OCC4=CC=CC=C4C)=CC=C3OC2=O)C=C1OC,0.2701577651440793,3385
329830,CNP0029315.0,CC1=C(C(=O)C2=CC=C(Cl)C=C2)OC2=CC=C(NC(=O)C3=CC=C(C(C)(C)C)C=C3)C=C12,0.2701427433988832,3386
167655,CNP0167477.1,CC(C)OC(=O)COC1=CC=C2C(=O)/C(=C/C3=CC=C(C4=CC=CC=C4)C=C3)OC2=C1,0.2700888679113531,3387
36974,CNP0229715.1,CC(C)CC1=CC=C(C2=NNC(C(=O)N3C[C@H]4C[C@@H](C3)C3=CC=CC(=O)N3C4)=C2)C=C1,0.27006072996572383,3388
26842,CNP0000886.0,C1=CC(C2=CON=N2)=CN1,0.2700545971200759,3389
92445,CNP0374034.0,O=C1CC(C2=CC3=CC=CC4=C3N(CC4)C2=O)C2=C(C=CC3=C2OC=C(C2=CC=C(O)C=C2)C3=O)O1,0.27005391127606393,3390
388959,CNP0382888.0,COC1=CC=C(C2=CC(=O)OC3=C(C)C4=C(C=C23)CN(CCC2=CC=C(Cl)C=C2Cl)CO4)C=C1,0.2699413682320866,3391
338274,CNP0476920.0,COC1=CC=C(C2=CC3=CC=C(O)C(CN4CCN(CCO)CC4)=C3OC2=O)C=C1,0.2699403527464329,3392
287437,CNP0395417.0,COC1=CC=C2C(=C1)C=CN2CC(=O)N1CCC2=CC=CC=C2C1,0.2699232770183112,3393
218029,CNP0406373.1,O=C(C1=CC(C2=CC=CC=C2)=NN1)N1C[C@H]2C[C@@H](C1)C1=CC=CC(=O)N1C2,0.2699192185963868,3394
336687,CNP0299364.0,CC(=O)NC1=CC=C(C(C)=O)C(O)=C1,0.2698830960954979,3395
371016,CNP0408895.0,CC1=C(C2=CC=CC=C2)C(=O)C2=CC=C(OCC(=O)N3CCN(C)CC3)C=C2O1,0.26980723870572343,3396
306229,CNP0123911.0,CC(=O)N1CCC2(CC1)CC(=O)C1=CC=C(OCC(=O)NC3=CC=C4OCOC4=C3)C=C1O2,0.2697991731807347,3397
413652,CNP0513293.1,COC1=C(Cl)C2=C(C(=O)[C@@]3(O2)C(=O)C2=C(C[C@H]3C)OC(C3=CC=CC=C3)=C2CC(=O)NCC(=O)N2C[C@@H]3C[C@H](C2)C2=CC=CC(=O)N2C3)C(OC)=C1,0.2697966022999466,3398
169154,CNP0401556.0,CN1CCN(C(=O)CC(C2=CSC=C2)C2=C(O)C=C(O)C3=C2OC(C2=CC=CC=C2)=CC3=O)CC1,0.2697326196402999,3399
289107,CNP0393764.1,C/C=C/CN1C(=O)C2=C(N=C3OC(C4=CC=CC=C4)=CN32)N(C)C1=O,0.2697271601558734,3400
18852,CNP0410225.1,CCOC1=CC=C(/C=C/C(=O)C2=CC(NC(C)=O)=CC=C2O)C=C1,0.26968286507584216,3401
101244,CNP0377076.0,O=C(O)CC1=C(C2=CC3=CC=CC=C3O2)OC2=C(O)C(O)=C3C(=O)C=C(C4=CC=CC=C4)OC3=C12,0.2696679573700236,3402
470840,CNP0497158.0,CCC1=NC=C(C2=CC=CC(CCC3=C(O)C(OC)=C(O)C4=C3[O+]=C(C3=CC=C(O)C=C3)[CH-]C4=O)=C2)C1,0.2695780104858147,3403
345800,CNP0128056.0,CC1=C(C2=CC=CC=C2)N(C)NC(=O)N1,0.26953777354176756,3404
109575,CNP0578140.1,CCCCCCCCCCOC1=CC=C(C2=N/C(=C\C3=CC=C(OC)C(OC)=C3)C(=O)O2)C=C1,0.2695353106402159,3405
123453,CNP0409539.0,COC1=CC=C(C2CC(=O)OC3=C2C(C)=CC2=C3C(C3=CC=CC=C3)=CC(=O)O2)C=C1OCC(N)=O,0.2694988485128614,3406
4872,CNP0015888.1,COCCOC1=CC(C2=NOC([C@@H]3CCCN3C)=N2)=CC=N1,0.2694602319144513,3407
430568,CNP0588689.1,CC(C)[C@H](NC(=O)CC1=C(C2=CC=CC=C2)OC2=CC3=C(C=C12)OCO3)C(=O)N1C[C@H]2C[C@@H](C1)C1=CC=CC(=O)N1C2,0.26940559057066255,3408
242744,CNP0333455.1,CC1(C)OC2=CC=C(C3=CC=C4COC(=O)C4=C3)C=C2OC[C@@H]1O,0.2693733794178614,3409
119928,CNP0509464.1,C[C@H]1O[C@@H](N2C=CC(O)=NC2=O)C[C@@H]1O,0.26936197994187583,3410
356610,CNP0516608.0,CC(=O)NC1=CC=C(C(=O)O)C([N+](=O)[O-])=C1,0.2692986446170413,3411
487722,CNP0336770.1,CCOC(=O)[C@H]1CC[C@]2(C)[C@H]3CC4=C(C=C(C5=CC=CN=C5)OC4=O)O[C@]3(C)CC[C@H]2C1(C)C,0.2692888187142066,3412
460131,CNP0596111.1,CC1=NNC2=CC=C(C3=CN=CC(OC[C@@H](N)CC4=CNC5=CC=CC=C45)=C3)C=C12,0.2692849369514175,3413
136316,CNP0030749.0,COC1=CC=C2OC(=O)C(C3=CC=CC(Cl)=C3)=C(C)C2=C1,0.26928253619429926,3414
76121,CNP0527159.0,COC1=CC=CC(C2=C(C3=C(O)C(=O)C=C(C)O3)NC(C3=CC=CC4=C3C=CN4)=N2)=C1,0.2692615176537603,3415
274211,CNP0532185.0,NC1=C(Br)C=CC=C1C1=CNC=C1,0.2692576689202059,3416
485932,CNP0552542.3,CCCCN1C(=O)[C@H]2[C@@H](C(=O)NC3=CC=C(C)C(C)=C3)[C@H]3C=C[C@@]2(O3)[C@@H]1C(=O)NC1CCCCC1,0.26925105452994225,3417
403573,CNP0552542.2,CCCCN1C(=O)[C@H]2[C@H](C(=O)NC3=CC=C(C)C(C)=C3)[C@H]3C=C[C@@]2(O3)[C@@H]1C(=O)NC1CCCCC1,0.26925105452994225,3418
123481,CNP0392289.1,COC1=CC=C(N2C[C@@]34C=C[C@@H](O3)[C@H](C(=O)NC3=CC=C(OC)C(OC)=C3)[C@@H]4C2=O)C=C1,0.26920959467362165,3419
471806,CNP0500680.0,CN1C2=C(C(=O)N(C)C1=O)N1CC(C3=CC=CC=C3)=NN=C1N2,0.26919353487447933,3420
87806,CNP0240040.2,CC(C)=CCC/C(C)=C/CN1C2=CC=CC=C2N=C2C(C(=O)O)=C3OC(=O)C(C4=CC=CC=C4)=C3C=C21,0.26919175178088933,3421
34806,CNP0396405.0,COC1=CC2=C(C=C1OC)C(=O)N(CCC(=O)NC1=CC=C3NC=CC3=C1)C=N2,0.2691646889239489,3422
100254,CNP0375535.0,COC1=CC=C(CCC(=O)NC2=CC=C3N=CN(C)C(=O)C3=C2)C=C1OC,0.2690708329933069,3423
213269,CNP0086503.0,COC1=CC(OC)=CC(C(=O)NC2=CC=C3C(=O)OCC3=C2)=C1,0.26906385341605943,3424
30414,CNP0049469.0,COC1=CC=C(C(=O)C2=C(C)C3=CC(NC(=O)C4=CC=C(Cl)C=C4)=CC=C3O2)C=C1OC,0.26899034178375864,3425
341063,CNP0500246.1,O=C1C[C@@H]2CCN(CC3CC3)C[C@@H]2CCOC2=CC=C(C3=CC=CC=C3)C=C2N1,0.2689178972919774,3426
325247,CNP0575825.1,O=C1C[C@@H]2CCN(CC3=CC=C4OCOC4=C3)C[C@@H]2CCOC2=CC=C(C3=CC=CN=C3)C=C2N1,0.26890312203793515,3427
309347,CNP0591611.1,O=C1C[C@@H]2CCN(CC3=CC=CC=N3)C[C@@H]2CCOC2=CC=C(C3=CC=CC=C3)C=C2N1,0.268882817069809,3428
139448,CNP0591432.2,COC1=CC=C(C2=NC3(CCN(C)CC3)N[C@@H](C3=CC=CC(OC)=C3O)C2)C=C1,0.2688750792443932,3429
33468,CNP0049152.1,CCOC(=O)[C@H](C)OC1=CC=C2C=C(C3=CC=CC=C3)C(=O)OC2=C1,0.2688571023095854,3430
332445,CNP0025362.1,CC(C)(C)OC(=O)COC1=CC=C2C(=O)/C(=C/C3=CC=C(C4=CC=CC=C4)C=C3)OC2=C1,0.26885504987961917,3431
314207,CNP0385675.0,CC1=C(C2=CC=CC=C2)C(=O)C2=CC=C3OCN(CCCO)CC3=C2O1,0.26881838614583836,3432
498393,CNP0583874.0,COC1=CC(C2=C(C3=C(O)C(=O)C=C(C)O3)NC(C3=CC=CN=C3N3CCCCC3)=N2)=CC=C1O,0.26880748338343935,3433
242074,CNP0481240.0,COC1=CC=C2C(C3=NC(C4=CC=CC=C4)=C(C4=C(O)C(=O)C=C(C)O4)N3)=CNC2=C1,0.26877952802633326,3434
346587,CNP0609949.1,C[C@@H]1OC(C2=C(O)C=C3OC(C4=CC=C(O)C=C4)=C(O)C(=O)C3=C2O)[C@H](O)[C@H](O)[C@H]1O,0.26875475860708986,3435
487993,CNP0397311.0,COC1=CC=C(C(CC(=O)N2CCN(C)CC2)C2=C(O)C(O)=C(O)C3=C2OC(C2=CC=CC=C2)=CC3=O)C(OC)=C1,0.26871755832085314,3436
490817,CNP0369509.0,CC(=O)NC1=CC=C2C(C)=CC(=O)NC2=C1,0.2686824939631747,3437
458397,CNP0511720.0,O=C1OC2=CC=CC=C2C=C1C1=CC=C([N+](=O)[O-])C=C1,0.2686567198173847,3438
334349,CNP0245611.1,O=C1NC2=CC=C(C3=CC=C4OCOC4=C3)C=C2C(=O)N2CCN(C(=O)[C@@H](O)C3=CC=CC=C3)C[C@H]12,0.26863285898463124,3439
121428,CNP0055320.0,COC1=CC=C(C2=C(C(=O)CCl)N3C=CC=CC3=C2)C=C1,0.2685578095968967,3440
198905,CNP0153300.0,CN(C1=CC=CC=C1)C1=NC(C2=CC=CO2)=NC2=C(C3=CC=CC(Cl)=C3)C=NN12,0.26854623374495784,3441
439696,CNP0401109.2,COC1=CC=C(C2=COC3=C4C(=CC(O)=C3C2=O)OC(=O)C[C@H]4C2=CC=CN=C2)C=C1,0.26839031878913344,3442
123176,CNP0599564.0,COC1=CC=C(C2=CC3=C(C=CC4=CC=CC=C43)OC2=O)C=C1,0.2683508293311686,3443
230754,CNP0509590.0,CC1=CC(NC(=O)C2=C(C)C3=C4C(=O)CC5(CCCC5)OC4=CC=C3O2)=CC=C1Br,0.2683241211423752,3444
312575,CNP0108505.0,CCOC1=CC=C(C2=NC(CSC3=NC4=C(N=CNC4=O)N3C)=C(C)O2)C=C1OC,0.2683206994033035,3445
182868,CNP0197987.0,COC1=CC=C(C2=C(CC(=O)O)C3=C(C=C(C)N(CCC(=O)O)C3=O)O2)C=C1,0.26828390818739384,3446
68271,CNP0415356.0,COC1=CC=C(C2=C(CC(=O)O)C3=C(C=C(C)N(CCCC(=O)O)C3=O)O2)C=C1,0.26828390818739384,3447
340288,CNP0014123.1,CN1CCN(C2=CC=C(C3=NOC([C@@H]4CCCN4CCCC4=CC=CC=C4)=N3)C=N2)CC1,0.268272190027804,3448
108363,CNP0015983.1,CC(=O)N1CCC(N2CCC[C@H]2C2=NC(C3=CC=C(N4C=CN=C4)N=C3)=NO2)CC1,0.2682439566090838,3449
328999,CNP0554368.1,CC1=C/C(=C\C2=CC=C(C3=CC=CC([N+](=O)[O-])=C3)O2)C(=O)O1,0.2682017215705444,3450
64810,CNP0266862.0,COC1=CC2=C(C=C1OC)CN(C(=O)NCCC(=O)NC1=CC=C3OCOC3=C1)CC2,0.2681795107213075,3451
387130,CNP0337526.0,CC1=C(C)C2=C(C=C(C)C3=C2OC=C3C2=CC=C(C3=CC=CC=C3)C=C2)OC1=O,0.268156933591896,3452
17949,CNP0228003.0,CC1=CC(=O)OC2=C(C)C(OCC(=O)NC3=CC=C4OCCCOC4=C3)=CC=C12,0.2681550044981946,3453
178450,CNP0198620.0,CN1N=CC2=C(C3=CC=C(C4=CC=CC=C4)O3)C3=C(N=C21)C1=C(O)C=C(O)C=C1O3,0.2681397443905203,3454
61514,CNP0503703.0,COC1=CC(C2=C(C3=C(O)C(=O)C=C(C)O3)NC(C3=C(C)N(C4=CC=CN=C4)C(C)=C3)=N2)=CC=C1O,0.2681344682709549,3455
428941,CNP0073302.1,CCOC(=O)[C@@]1(O)OC(=O)C(CC2=CC=C3OC(C)(C)CCC3=C2)=C1C1=CC=C(O)C=C1,0.2681320640920465,3456
61640,CNP0231827.0,C=CCOC(=O)COC1=CC=C2OC(C3=CC=CC=C3)=C(C(=O)OCC)C2=C1,0.26811178752029596,3457
88801,CNP0519941.1,O=C1C[C@@H]2CCN(C(=O)C3=CC=CS3)C[C@@H]2CCOC2=CC=C(C3=CC=CN=C3)C=C2N1,0.2680016620892147,3458
290469,CNP0066745.0,CCOC1=CC=C2OC(=O)C(C3=CC=CC(Cl)=C3)=C(C)C2=C1,0.2679505875705451,3459
299134,CNP0334795.0,COC1=CC=C2NC(=O)C(C(CC(=O)N3CCN(C)CC3)C3=C(O)C(O)=C(O)C4=C3OC(C3=CC=CC=C3)=CC4=O)=CC2=C1,0.2679039351717978,3460
304448,CNP0397588.0,COC1=CC2=C(C=C1OC)CC(=O)N(CCC(=O)NC1=CC=C3NC(CO)=NC3=C1)C=C2,0.2679025237623899,3461
211847,CNP0396927.0,O=C(CCCN1C=NC2=CC=CC=C2C1=O)NC1=CC=C2NC=CC2=C1,0.26783407383003643,3462
228650,CNP0010743.1,CN1CC[C@H](C2=NN=C(C3=CC=CC=C3)O2)C1,0.2677871992573295,3463
266292,CNP0572619.0,CN1N=CC=C1C1=CC=C(SC2=CC=CC(C3(C(N)=O)CCOCC3)=C2)C=C1,0.2677790049677492,3464
298400,CNP0550654.0,O=C(C1=CC=C(CN2C(=O)CCN3N=C(C4=CC=CC(Cl)=C4)C=C23)C=C1)N1CCC2(CC1)OCCO2,0.2677348908210243,3465
184756,CNP0260961.1,CC(=O)OC1=CC=C2O[C@@]3(C)CC[C@@H]4[C@@]5(C)CCC[C@](C)(C(=O)O)[C@@H]5CC[C@@]4(C)[C@@H]3CC2=C1,0.26768533914265336,3466
311432,CNP0206916.0,COC1=CC(OC)=CC(C(=O)NC2=CC=C3N=C(C)C(C)=NC3=C2)=C1,0.26764507612439575,3467
200341,CNP0525629.1,CCCCCCCCCCOC1=CC=C(C2=N/C(=C\C3=CC(OC)=C(OC)C(OC)=C3)C(=O)O2)C=C1,0.2676408550033627,3468
411872,CNP0602925.2,CC1=CC=C(NC(=O)[C@@H]2[C@H]3C=C[C@]4(O3)[C@H](C(=O)NC3CCCCC3)N(CCCOC(C)C)C(=O)[C@@H]24)C=C1C,0.2676390916251129,3469
212608,CNP0602925.4,CC1=CC=C(NC(=O)[C@H]2[C@H]3C=C[C@]4(O3)[C@H](C(=O)NC3CCCCC3)N(CCCOC(C)C)C(=O)[C@@H]24)C=C1C,0.2676390916251129,3470
413030,CNP0547613.0,COC1=CC=C(C2=NNC=C2C2=NC(C3=CC=CC(OC)=C3)=C(C3=C(O)C(=O)C=C(C)O3)N2)C=C1,0.2676356283186074,3471
117704,CNP0218617.0,CC1=CC2=C(C(=O)N1C)C(C1=CC=C(C3=CC=C(C(=O)O)C=C3)O1)CC(=O)O2,0.26761710944265926,3472
495469,CNP0280176.1,CCOC(=O)C1=C(C2=CC=CC=C2)OC2=CC=C(O[C@@H](C)C(=O)OCC)C=C12,0.2675545663779648,3473
113254,CNP0484309.0,CON1C=C(CC(=O)NC2=CC=C(C)C(C)=C2)C2=CC=CC=C21,0.26747020429269247,3474
176061,CNP0391207.0,COCCCN1COC2=CC=C3C(C)=C(C4=CC=CC=C4)C(=O)OC3=C2C1,0.2674502190838642,3475
366638,CNP0224158.0,CCCNC(=O)C1=CC(=O)N(CC(=O)NC2=CC=C(C)C(C)=C2)C2=CC=CC=C12,0.2674323706196269,3476
143539,CNP0027672.0,COC1=CC=C(C2=CC3=CC=C(OCC(=O)OCC4=CC=CC=C4)C=C3OC2=O)C=C1OC,0.2674057235071135,3477
438888,CNP0373971.0,COC1=CC=CC(C2=COC3=C2C(C)=CC2=C3C(C)=C(C)C(=O)O2)=C1,0.2673775968897993,3478
430421,CNP0485949.2,CC1=CC=C(NC(=O)[C@H]2[C@@H]3C=C[C@]4(O3)[C@@H]2C(=O)N(C2CC2)[C@@H]4C(=O)NC2CCCCC2)C=C1C,0.26736590676829747,3479
304511,CNP0485949.1,CC1=CC=C(NC(=O)[C@@H]2[C@@H]3C=C[C@]4(O3)[C@@H]2C(=O)N(C2CC2)[C@H]4C(=O)NC2CCCCC2)C=C1C,0.26736590676829747,3480
15331,CNP0485949.3,CC1=CC=C(NC(=O)[C@H]2[C@@H]3C=C[C@]4(O3)[C@@H]2C(=O)N(C2CC2)[C@H]4C(=O)NC2CCCCC2)C=C1C,0.26736590676829747,3481
298430,CNP0485949.4,CC1=CC=C(NC(=O)[C@@H]2[C@@H]3C=C[C@]4(O3)[C@@H]2C(=O)N(C2CC2)[C@@H]4C(=O)NC2CCCCC2)C=C1C,0.26736590676829747,3482
262942,CNP0590006.1,N[C@H](COC1=CN=CC(C2=CC=C3C=NC=CC3=C2)=C1)CC1C=NC2=CC=CC=C21,0.2673657214713512,3483
111800,CNP0485870.0,O=C(CSC1=NC2=CC=CC=C2O1)NC1=CC=C2C(=O)C3=CC=CC=C3C(=O)C2=C1,0.26724364659924615,3484
231840,CNP0391580.1,COC1=CC=C(C2=CC(=O)OC3=C(C)C(OC(C)C(=O)N4C[C@H]5C[C@@H](C4)C4=CC=CC(=O)N4C5)=CC=C23)C=C1,0.26714918921687336,3485
84898,CNP0535428.3,CCCN1C(=O)[C@H]2[C@H](C(=O)NC3=CC=C(C)C(C)=C3)[C@H]3C=C[C@@]2(O3)[C@@H]1C(=O)NC1CCCCC1,0.26712714332202836,3486
376491,CNP0535428.2,CCCN1C(=O)[C@H]2[C@@H](C(=O)NC3=CC=C(C)C(C)=C3)[C@H]3C=C[C@@]2(O3)[C@@H]1C(=O)NC1CCCCC1,0.26712714332202836,3487
199637,CNP0550177.2,COC1=CC=CC([C@H]2CC(C3=CC=C(Br)C=C3)=NC3(CCN(C)CC3)N2)=C1O,0.26710185419405463,3488
188940,CNP0280270.1,CCOC1=CC=C(C2=C/C(=N\C3=CC=CC=C3N)C3=C(C)OC(C)=C3C(OC)=C2)C=C1,0.26701381240361743,3489
464540,CNP0582721.2,COCCN1C(=O)[C@H]2[C@@H](C(=O)NC3=CC=C(C)C(C)=C3)[C@H]3C=C[C@@]2(O3)[C@@H]1C(=O)NC1CCCCC1,0.2669930274143635,3490
73721,CNP0582721.4,COCCN1C(=O)[C@H]2[C@H](C(=O)NC3=CC=C(C)C(C)=C3)[C@H]3C=C[C@@]2(O3)[C@@H]1C(=O)NC1CCCCC1,0.2669930274143635,3491
95949,CNP0379120.1,C=C(C)COC1=CC=C2C(=O)/C(=C/C3=CC=C(C4=CC=CC=C4)C=C3)OC2=C1,0.26697915342413403,3492
437013,CNP0407876.0,COC1=CC=C(C2=COC3=CC(OCCN4CCCCC4)=CC=C3C2=O)C=C1,0.26696675590650676,3493
381729,CNP0010754.1,CN1CCN(C2=CC=C(C3=NOC([C@@H]4CCCN4CC4=CC=CC=C4)=N3)C=N2)CC1,0.2667231704279466,3494
462587,CNP0529504.1,COC1=CC=C(C2=C3C4=CC(OC)=C(OC)C=C4C=CN3C3=C2C2=C(C[C@H](O)[C@H](OC)C2)OC3=O)C=C1OC,0.26669798732008215,3495
187860,CNP0263558.0,COC1=CC=C2NC(=O)C(C3CC(=O)OC4=CC=C5C(=O)C(C6=CC=CC=C6)=COC5=C43)=CC2=C1,0.2666950925270239,3496
269431,CNP0243400.0,COC1=CC=C(C2=C(CC(=O)O)C3=C4OC(C5=CC=CC=C5)=CC(=O)C4=C(O)C(O)=C3O2)C=C1,0.2666437027689309,3497
465874,CNP0538735.2,CCOC1=CC=CC([C@H]2CC(C3=CC=C(Br)C=C3)=NC3(CCN(C)CC3)N2)=C1O,0.26664026745718716,3498
5010,CNP0415266.0,COC1=CC=C(C2=C(C3=C(O)C(=O)C=C(C)O3)NC(C3=CC=CC4=C3C=CN4)=N2)C=C1,0.26663859135115353,3499
115113,CNP0358453.1,COC1=CC=C(C2=CC3=CC=C(OCC(=O)NCCN4C[C@H]5C[C@@H](C4)C4=CC=CC(=O)N4C5)C=C3OC2=O)C=C1OC,0.2665559296779523,3500
369415,CNP0456478.2,CCOC(=O)C1=C(C2=CC=CC=C2)OC2=CC=C(O[C@@H](C)C(=O)O)C=C12,0.26654816346795246,3501
274108,CNP0177027.0,COC1=CC=C(C(CC(=O)N2CCN(C)CC2)C2=C(O)C=C(O)C3=C2OC(C2=CC=CC=C2)=CC3=O)C(OC)=C1OC,0.2665363783078846,3502
196983,CNP0183821.1,O=C1NC2=CC=C(C3=CC=C4OCOC4=C3)C=C2C(=O)N2CCN(C(=O)C3=CC=CC=C3)C[C@H]12,0.2664954625280938,3503
501246,CNP0190244.0,COC1=CC=C(C2=CC3=CC=C(OCCN4CCOCC4)C=C3OC2=O)C=C1,0.26648820302582754,3504
302005,CNP0396855.0,CC1=C(CCC(=O)NC2=CC=C3OCCCOC3=C2)C(=O)OC2=CC3=C(C=C12)CCC(C)(C)O3,0.2664315383962757,3505
173119,CNP0259097.1,COC1=CC=C2O[C@@]3(C)CC[C@@H]4[C@@]5(C)CCC[C@](C)(C(=O)O)[C@@H]5CC[C@@]4(C)[C@@H]3CC2=C1,0.26639096118310746,3506
458365,CNP0142189.1,CC(=O)COC1=CC=C2C(=O)/C(=C/C3=CC=C(C4=CC=CC=C4)C=C3)OC2=C1,0.26626968557490593,3507
124122,CNP0480318.0,COC1=CC=CC(C2=C(C3=C(O)C(=O)C=C(C)O3)NC(C3=CNC4=CC(OC)=CC=C34)=N2)=C1,0.26619692214858565,3508
86433,CNP0246149.0,COC1=CC=C(C2CC(=O)OC3=C(O)C(O)=C4C(=O)C=C(C5=CC=CC=C5)OC4=C32)C=C1OCC(N)=O,0.2661927008850709,3509
356975,CNP0081889.1,CC(=O)NC1=CC=C(O)C(SC[C@H](NC(C)=O)C(=O)O)=C1,0.2661838135322,3510
333743,CNP0597696.0,COC1=CC=CC(C2=NN(CC3=CC=CC=C3)C3=NC4=C(C(=O)N(C)C(=O)N4C)N3C2)=C1,0.2660724294498001,3511
148466,CNP0091188.0,COC1=CC=C(OC)C(C(=O)C2=C(C)C3=CC=C(NC(=O)C4=CC=CO4)C=C3O2)=C1,0.26606404992132915,3512
356423,CNP0346427.1,COCCN(C[C@@H]1CCCN2CCCC[C@H]12)C(=O)CN1C=CC2=CC=C(Br)C=C21,0.26603028295945175,3513
404310,CNP0312480.1,COC1=CC2=C(C=C1OC)CN(C(=O)N[C@H](C(=O)NC1=CC=C3OCCOC3=C1)C(C)C)CC2,0.2659998059945913,3514
292895,CNP0182199.0,CC1=CC2=C(C(C)=C(CC3=CC=CC=C3)C(=O)O2)C2=C1C(C1=CC=C(Cl)C=C1)=CO2,0.2659839667118748,3515
479297,CNP0281392.0,CC1=C(C(=O)C2=CC=CC=C2)OC2=CC(NC(=O)CCN3N=NC4=CC=CC=C4C3=O)=CC=C12,0.2659821220907201,3516
234327,CNP0174009.0,COC1=CC=C(C2=C(C)OC3=C(C)C(OCCN4CCN(C5=CC=CC=C5)CC4)=CC=C3C2=O)C=C1,0.2659566818052306,3517
243111,CNP0310346.0,COC1=CNC(C(=O)NC2=CC=C3OC=CC(=O)C3=C2)=CC1=O,0.26593860250382034,3518
82878,CNP0413820.1,CC(=O)C1=C(O)C(C)=C(O)C2=C1OC1=CC(=O)/C(=C(/C)NC3=CC=C4OC(=O)C=CC4=C3)C(=O)[C@@]12C,0.26591257676442537,3519
147205,CNP0172500.2,CC(C)COC(=O)N1CCC[C@H]1C(=O)NC1=CC=C2OCOC2=C1,0.26584583989169164,3520
415574,CNP0164513.0,COC1=CC(OC)=CC(C(=O)NC2=CC=C3OC(C(=O)C4=CC(OC)=CC=C4OC)=C(C)C3=C2)=C1,0.2658383629383396,3521
287186,CNP0578784.2,COC1=CC=C(CCN2C(=O)[C@H]3[C@H](C(=O)NC4=CC=C(C)C(C)=C4)[C@H]4C=C[C@@]3(O4)[C@@H]2C(=O)N[C@@H]2CCC[C@H](C)[C@H]2C)C=C1OC,0.2657813976463098,3522
225968,CNP0256998.0,COC1=CC=C2C(=C1OC)C(=O)OC2CC(=O)NC1=CC=C2OC=CC(=O)C2=C1,0.2657553324858484,3523
19578,CNP0012128.0,O=C(CN1C(=O)C=C(C(=O)N2CCC3=CC=CC=C3C2)C2=CC=CC=C21)NC1=CC=C2OCCOC2=C1,0.26572427060836973,3524
368899,CNP0400771.0,COC1=CC=C(C2=COC3=C4C(=CC(O)=C3C2=O)OC(=O)CC4C2=CC3=CC=CC=C3NC2=O)C=C1,0.2656476069826712,3525
2606,CNP0401651.0,COC1=CC=C(CC(=O)NC2=CC=C3N=CNC(=O)C3=C2)C=C1,0.2656460804216391,3526
158607,CNP0316189.0,O=C1OC2=C(C3=CC=CC=C3)C(=O)C3=C(C2=C1C1=CC=C(O)C=C1)C1=CC=C(O)C=C1OC3,0.26562977727784587,3527
125938,CNP0482108.0,OC1=CC=NC(S)=N1,0.26561200611579466,3528
413742,CNP0246113.1,COC1=CC=C2C(=O)C=C(C3=CC=CC=C3)OC2=C1[C@@H]1[C@H](O)OC(C)(C)[C@@H]1O,0.26558018395398303,3529
317743,CNP0558504.1,CO[C@@H](C)CN1C(=O)N(C)C2=CN=C3C=CC(C4=CN=CC(C(C)(C)O)=C4)=CC3=C21,0.2654856202563441,3530
82522,CNP0335990.0,NC1=C(Cl)C=CC=C1C1=CNC=C1,0.26547202895010236,3531
93111,CNP0044021.2,CCOC(=O)C1=C(C2=CC=CC=C2)OC2=CC=C(O[C@H](C(=O)OCC)C3=CC=CC=C3)C=C12,0.26545551830666864,3532
254356,CNP0339753.0,COC1=CC=CC(C2=COC3=C2C(C)=CC2=C3C(C)=C(CC3=CC=CC=C3)C(=O)O2)=C1,0.26544342554837497,3533
159743,CNP0060643.1,CC(C)C(=O)OC1=CC=C2C(=O)/C(=C/C3=CC=C(C4=CC=CC=C4)C=C3)OC2=C1,0.2654394097596755,3534
56154,CNP0370396.2,CCOC(=O)C1=C(C2=CC=CC=C2)OC2=CC=C(O[C@@H](C(=O)O)C3=CC=CC=C3)C=C12,0.2654202442283842,3535
259150,CNP0320036.1,COC1=CC=CC2=C1OC(=O)C(C1=CC=C(OCC(=O)N3C[C@H]4C[C@@H](C3)C3=CC=CC(=O)N3C4)C=C1)=C2,0.2653013116658441,3536
228218,CNP0224877.0,O=C1CC(C2=CC3=CC=CC=C3NC2=O)C2=C(C=CC3=C2OC=C(C2=CC=CC=C2)C3=O)O1,0.26529715780483065,3537
319165,CNP0157372.0,COC1=CC(C2=NN=C(CSC3=NC4=CC=CC=C4C(=O)N3CC3=CC=CC=C3)O2)=CC(OC)=C1OC,0.26528398161224676,3538
313985,CNP0264653.0,COC1=CC=C2C=C(C3CC(=O)OC4=CC(O)=C5C(=O)C(C6=CC=CC=C6)=COC5=C43)C(=O)NC2=C1,0.2652825415047085,3539
468439,CNP0045631.0,CCCCCCCCCCCCCCCCOC1=CC=C(C2=CC3=CC=CC=C3OC2=O)C=C1,0.26525163259202234,3540
196533,CNP0572064.0,O=C(NC1=CC=C(O)C(C2=NC3=CC=CC=C3O2)=C1)C1=CC=C([N+](=O)[O-])C=C1,0.2652431731166832,3541
258766,CNP0345825.1,COC1=CC=C(C2=C(CC(=O)N[C@@H](C)C(=O)N3C[C@H]4C[C@@H](C3)C3=CC=CC(=O)N3C4)C3=C(O2)C(=O)C=C(C)O3)C=C1,0.26518980716717805,3542
175653,CNP0528962.0,COC1=CC(C2=C(C3=C(O)C(=O)C=C(C)O3)NC(C3=CC=CC4=C3C=CN4)=N2)=CC=C1O,0.26515806393932045,3543
46879,CNP0137571.0,COC1=CC=C(C2=COC3=CC(OCCN4CCCCC4)=CC=C3C2=O)C=C1OC,0.2651228396905061,3544
57362,CNP0399195.0,CC1=CC=C2C(=C1)C=CN2CCC(=O)N1CCC2=C(C1)C1=CC=CC=C1N2,0.2650141780469113,3545
89151,CNP0324081.0,CC1=C(C)C2=C(C=C(C)C3=C2OC=C3C2=CC=C3C=CC=CC3=C2)OC1=O,0.2649785530061451,3546
405388,CNP0387747.0,NC(=O)COC1=CC=CC(C2CC(=O)OC3=CC(O)=C4C(=O)C(C5=CC=C(O)C=C5)=COC4=C32)=C1,0.26487704094890463,3547
420929,CNP0513568.3,CC1=CC=C(NC(=O)[C@H]2[C@H]3C=C[C@@]4(O3)[C@H]2C(=O)N(CCCN(C)CC2=CC=CC=C2)[C@@H]4C(=O)N[C@@H]2CCC[C@@H](C)[C@@H]2C)C=C1C,0.2647737536049374,3548
156459,CNP0513568.2,CC1=CC=C(NC(=O)[C@H]2[C@H]3C=C[C@@]4(O3)[C@H]2C(=O)N(CCCN(C)CC2=CC=CC=C2)[C@@H]4C(=O)N[C@@H]2CCC[C@@H](C)[C@H]2C)C=C1C,0.2647737536049374,3549
10275,CNP0513568.1,CC1=CC=C(NC(=O)[C@H]2[C@H]3C=C[C@@]4(O3)[C@H]2C(=O)N(CCCN(C)CC2=CC=CC=C2)[C@@H]4C(=O)N[C@@H]2CCC[C@H](C)[C@H]2C)C=C1C,0.2647737536049374,3550
77479,CNP0513568.4,CC1=CC=C(NC(=O)[C@H]2[C@H]3C=C[C@@]4(O3)[C@H]2C(=O)N(CCCN(C)CC2=CC=CC=C2)[C@@H]4C(=O)N[C@@H]2CCC[C@H](C)[C@@H]2C)C=C1C,0.2647737536049374,3551
380755,CNP0359145.0,CC1=CC2=C(C(C)=C(CC3=CC=CC=C3)C(=O)O2)C2=C1C(C1=CC=C(Br)C=C1)=CO2,0.26476411725077653,3552
316049,CNP0119327.0,COC1=CC=CC=C1C1=CC(=O)C2=CC(NC(=O)NC3=CC=C(Cl)C=C3)=CC=C2O1,0.26464382026044203,3553
108053,CNP0184392.1,C1=C(C2=CC=C3C(=C2)C2=C4[C@H](CCC2)N(CC2=CC=CC=C2)CCN43)CCC1,0.26459563765071203,3554
488029,CNP0055424.1,COC1=CC=C(NC(=O)N[C@H]2CO[C@H]3[C@@H]2OC[C@H]3OC(=O)NC2=CC=CC(C(C)=O)=C2)C=C1,0.26456512835666407,3555
305136,CNP0449139.0,COC1=C(O)C(C2(C3=CNC=C3)CCCC2)=C2OC(C3=CC=C(O)C=C3)=CC(=O)C2=C1O,0.2645615423589773,3556
181901,CNP0458878.0,COC1=C(O)C(C2(C3=CNC=C3)CCCCC2)=C2OC(C3=CC=C(O)C=C3)=CC(=O)C2=C1O,0.2645615423589773,3557
258516,CNP0322755.0,CC1=C(C)C2=C(C=C(C)C3=C2OC=C3C2=CC=CC=C2)OC1=O,0.2645392649203049,3558
200191,CNP0229840.2,COC1=CC=C(C2=COC3=C4C(=CC(O)=C3C2=O)OC(=O)C[C@@H]4C2=CC3=CC=CC4=C3N(CC4)C2=O)C=C1,0.2644909543385707,3559
141743,CNP0229840.1,COC1=CC=C(C2=COC3=C4C(=CC(O)=C3C2=O)OC(=O)C[C@H]4C2=CC3=CC=CC4=C3N(CC4)C2=O)C=C1,0.2644909543385707,3560
299716,CNP0236993.1,CC(=O)C1=C(O)C(C)=C(O)C2=C1OC1=CC(=O)/C(=C(/C)NC3=CC=C4NC(CC(C)C)=NC4=C3)C(=O)[C@@]12C,0.2644279826374099,3561
254913,CNP0395064.1,CC1=C(C(=O)NC[C@@H]2CCCN3CCCC[C@H]23)SC(N2C=CC=C2)=N1,0.2643739114262951,3562
451761,CNP0564858.0,CCCC(CCC)C(=O)NC1=CC=C2CCC3=CC=CC=C3N(C(=O)CCN3CCOCC3)C2=C1,0.2643611258057834,3563
116576,CNP0535357.0,COC1=CC=C2C=C(C3=C(CC(=O)O)C4=C(O3)C3=CC=CC=C3NC4=O)C=CC2=C1,0.2643562115360317,3564
1168,CNP0218217.1,O=C1NC2=CC=C(C3=CC=C4OCOC4=C3)C=C2C(=O)N2CCN(C(=O)C3=CC=CO3)C[C@@H]12,0.26435308348990644,3565
304153,CNP0123842.1,COC1=CC=C(CN2CCCC[C@H]2C(=O)NC2=CC=C(OC)C(OC)=C2)C=C1OC,0.2642253750142973,3566
285380,CNP0376890.0,CC1=CC2=C(C(C)=C(CC3=CC=CC=C3)C(=O)O2)C2=C1C(C1=CC=C(C3=CC=CC=C3)C=C1)=CO2,0.26419532680421526,3567
478457,CNP0049152.2,CCOC(=O)[C@@H](C)OC1=CC=C2C=C(C3=CC=CC=C3)C(=O)OC2=C1,0.2641650719754151,3568
264644,CNP0293346.0,COC1=CC=CC(C2=CC(OC)=C3OCOC3=C2)=C1,0.26415809722534744,3569
357109,CNP0532253.4,CC1=CC=C(NC(=O)[C@H]2[C@H]3C=C[C@@]4(O3)[C@H]2C(=O)N(C[C@H]2COC3=CC=CC=C3O2)[C@@H]4C(=O)NC2CCCCC2)C=C1C,0.26414439339920165,3570
427949,CNP0532253.1,CC1=CC=C(NC(=O)[C@H]2[C@H]3C=C[C@@]4(O3)[C@H]2C(=O)N(C[C@@H]2COC3=CC=CC=C3O2)[C@@H]4C(=O)NC2CCCCC2)C=C1C,0.26414439339920165,3571
340409,CNP0407410.0,COCCN1C=NC2=CC=C(NC(=O)CC3=C(C)C4=CC=C(O)C=C4OC3=O)C=C2C1=O,0.2640733675114,3572
378465,CNP0234640.2,COC1=CC([C@H]2C(C#N)=C(N)OC3=C2C(C2=CC=CC=C2)=NN3)=CC(OC)=C1OC,0.264047586213862,3573
21090,CNP0234640.1,COC1=CC([C@@H]2C(C#N)=C(N)OC3=C2C(C2=CC=CC=C2)=NN3)=CC(OC)=C1OC,0.264047586213862,3574
199839,CNP0400070.1,CC1=CC=C2C(=C1)C=CN2CCC(=O)NC[C@@H]1CCCN2CCCC[C@H]12,0.2639834778172794,3575
58513,CNP0089096.1,C=C1[C@H]2[C@@H](CO)[C@H]3CCC[C@]1(C)[C@@]3(C(=O)CCC1=CC=CC(C3=CC=CC(O)=C3)=C1)[C@@H]2OC,0.2639329315520342,3576
308983,CNP0363762.2,COC1=CC=C(/C=C2/N=C(C3=CC=CC=C3)OC2=O)C=C1OC,0.2639181134817525,3577
372230,CNP0011529.2,O=C(NC1=CC=CC(O)=C1)[C@H]1C[N@]2CC[C@H]1C[C@@H]2CN1C=C(C2=CC=CC=N2)N=N1,0.26385668752404046,3578
125129,CNP0303158.0,COC1=CC=C2NC(=O)C(C3CC(=O)OC4=C3C(C)=CC3=C4C(C4=CC=CC=C4)=CC(=O)O3)=CC2=C1,0.26377200806793916,3579
14407,CNP0011533.3,COC1=CC=C(C2=CN(C[C@H]3C[C@@H]4CCN3C[C@@H]4C(=O)N3CCN(C4=CC=CC=C4OC)CC3)N=N2)C=C1,0.2637660173320286,3580
370588,CNP0011533.4,COC1=CC=C(C2=CN(C[C@H]3C[C@H]4CCN3C[C@@H]4C(=O)N3CCN(C4=CC=CC=C4OC)CC3)N=N2)C=C1,0.2637660173320286,3581
274368,CNP0486866.1,CC(=O)N1CCC(N2CC[C@H]3CC(=O)NC4=CC(C5=CC=CC=C5)=CC=C4OCC[C@H]3C2)CC1,0.2637474736967911,3582
68917,CNP0087017.0,COC1=CC=C(C2=C(C)C3=CC(OC(=O)C4=CC=CO4)=CC=C3OC2=O)C=C1OC,0.2636745529864306,3583
151049,CNP0584155.0,CCS(=O)(=O)N1CCC2(CC1)OC(=O)C(C)=C2C(=O)NC1=CC=C2OCOC2=C1,0.2636631201112662,3584
385073,CNP0551367.0,COC1=CC=CC(C2=C(C3=C(O)C(=O)C=C(C)O3)NC(C3=CN=C(N(C)C)N=C3)=N2)=C1,0.26364809840146286,3585
386209,CNP0346040.0,COC1=CC(C(=O)NC2=CC=C3OC(C(=O)C4=CC=C(Cl)C=C4)=C(C)C3=C2)=CC(OC)=C1OC,0.2636283115306545,3586
129304,CNP0011533.1,COC1=CC=C(C2=CN(C[C@H]3C[C@H]4CC[N@]3C[C@@H]4C(=O)N3CCN(C4=CC=CC=C4OC)CC3)N=N2)C=C1,0.26360046044734536,3587
8555,CNP0011533.2,COC1=CC=C(C2=CN(C[C@H]3C[C@@H]4CC[N@@]3C[C@@H]4C(=O)N3CCN(C4=CC=CC=C4OC)CC3)N=N2)C=C1,0.26360046044734536,3588
187819,CNP0408266.1,COCCN1C=CC2=CC(C(=O)N3CCCC4=C[C@H]5C[C@H](CN6CCCC[C@H]56)[C@@H]43)=CC=C21,0.263574883780473,3589
403771,CNP0367851.3,CN1C(=O)[C@H]2CCC[C@@]23N(C2=CC=CC=C2)N=C(C2=CC=CC=C2)N3C2=CC=CC=C21,0.2635659925295752,3590
495435,CNP0476387.0,NC(=O)C1CCN(CCOC2=CC=C3C(=O)C(C4=CC=C(Cl)C=C4)=COC3=C2)CC1,0.263407530647643,3591
7923,CNP0010153.0,CCN(CC)C(=O)C1=CC(=O)N(CC(=O)NC2=CC=C3OCOC3=C2)C2=CC=CC=C12,0.26339473208974445,3592
261408,CNP0031917.1,CC(=O)NC1=CC=C(O)C(C(=O)/C=C/N(C)C)=C1,0.2633366845938054,3593
286819,CNP0408506.0,C=C(C)COC1=CC=C(C2CC(=O)OC3=C2C(C)=CC2=C3C(C3=CC=CC=C3)=CC(=O)O2)C=C1OC,0.2632736965880462,3594
155715,CNP0285716.0,COC1=CC=C(C2CC(=O)OC3=CC(O)=C4C(=O)C=C(C5=CC=CC=C5)OC4=C32)C=C1OCC(N)=O,0.26324726156907535,3595
480100,CNP0381604.1,CC1=C(OCC(=O)N2CC[C@@]3(O)CCCC[C@H]3C2)C=CC2=C1OC(=O)C=C2C1=CC=CC=C1,0.26320660855329686,3596
392723,CNP0531930.0,CCN(CC)CCCN1C(C2=CC=C(OC)C=C2)=CN2C3=CC=CC=C3N=C12,0.26317706127682444,3597
239598,CNP0534889.2,CCOC1=CC=CC([C@@H]2CC(C3=CC=C(Cl)C=C3)=NC3(CCN(C)CC3)N2)=C1O,0.26316431702192994,3598
170969,CNP0594708.0,CC1=C(C2=CC=CC=C2)C(=O)OC2=CC=C(OC(=O)C3=CC=C([N+](=O)[O-])C=C3)C=C12,0.2631569334826156,3599
144853,CNP0283807.0,CC1=C2OCN(C3CC3)CC2=CC2=C1OC(=O)C=C2C1=CC=CC=C1,0.2631437735081092,3600
33481,CNP0184392.2,C1=C(C2=CC=C3C(=C2)C2=C4[C@@H](CCC2)N(CC2=CC=CC=C2)CCN43)CCC1,0.2631223184076805,3601
405618,CNP0022842.1,COC1=CC=C(/C=C/C(=O)C2=CC(NC(C)=O)=CC=C2O)C=C1,0.2630774121485803,3602
156206,CNP0538799.1,CCOC1=CC=C(C2=CC=C(C(=O)C[C@H](CCN3C(=O)C4=CC=CC=C4C3=O)C(=O)O)C=C2)C=C1,0.26306259152176087,3603
42033,CNP0394598.1,COC1=CC=C(C2=COC3=CC(OCC(=O)N4C[C@@H]5C[C@@H](C4)C4=CC=CC(=O)N4C5)=CC=C3C2=O)C=C1,0.26294875032129955,3604
259240,CNP0356276.1,O=C(C1=CC=C(C2=CC=CC=C2)C=C1)N1C[C@@H]2C[C@H](C1)C1=CC=C(NS(=O)(=O)CC3=CC=CC=C3)C(=O)N1C2,0.26292526773058283,3605
54201,CNP0592656.0,COC1=CC=C(C(=O)NC2=CC=C(C3=NC4=CC(C)=CC=C4O3)C(O)=C2)C=C1,0.2629243567690305,3606
307182,CNP0535480.1,CC1=CC=CC(C2=N/C(=C\C3=CC4=CC5=C6C(=C4OC3=O)CCCN6CCC5)C(=O)O2)=C1,0.2628516115275032,3607
70081,CNP0068085.0,CCOC(=O)C1=C(C2=CC=CC=C2)OC2=CC=C(OCC(N)=O)C=C12,0.26283335078426423,3608
281658,CNP0032323.0,COC1=CC=C(C2=C(C)C3=CC(OCC4=CC=CC=C4)=CC=C3OC2=O)C=C1OC,0.2628232435479278,3609
24552,CNP0444828.1,O=C1C(C2=CN=CN=C2)=CC=C2[C@@H]3C[C@@H](CN(CCCC4=CC=CC=C4)C3)CN21,0.2627011835754976,3610
232720,CNP0010179.0,CCN1C(SCC2=C(C)OC(C3=CC=CC(C)=C3)=N2)=NC2=C1N=CNC2=O,0.2626764048778963,3611
317313,CNP0059739.1,COC1=CC=CC(C2=CC=C3C(=O)N(C)[C@@H]4CN(CC5=NC=CS5)C[C@@H]4OC3=C2)=C1,0.2626357489976845,3612
482684,CNP0351096.1,CC1=CC=C(NC(=O)N[C@@H](C)C(=O)O)C=C1C,0.26255138402900885,3613
170971,CNP0011529.4,O=C(NC1=CC=CC(O)=C1)[C@H]1CN2CC[C@H]1C[C@@H]2CN1C=C(C2=CC=CC=N2)N=N1,0.26244932580536245,3614
293701,CNP0513484.0,NC1=NC(C2=CC=CC([N+](=O)[O-])=C2)=CS1,0.2624413614245035,3615
120972,CNP0168301.0,COC1=CC=C(C2=NN(C3=CC=CC=C3)C=C2C2=NC3=CC(Cl)=CC=C3O2)C=C1,0.262368873849325,3616
72471,CNP0075895.1,CCOC(=O)[C@H](C)OC1=CC=C2OC(=O)C(C3=CC=CC=C3)=C(C)C2=C1,0.26234770339471775,3617
172295,CNP0504936.0,CC1=CC=C2OC(C3=CC(NC(=O)C4=CC=CC=C4)=CC=C3O)=NC2=C1,0.26231862193510497,3618
487232,CNP0295915.0,COC1=CC=C(NC(=O)C2=CC=C3C(=O)N4CCCC4=NC3=C2)C=C1OC,0.26230437445618876,3619
259815,CNP0396865.0,CC1=CC(=O)OC2=C3CCC(C)(C)OC3=CC(OCC(=O)NC3=CC=C4OCCCOC4=C3)=C12,0.26223565848522035,3620
248884,CNP0571940.0,CCOC(=O)NC1=CC=C2CCC3=CC=CC=C3N(C(=O)N3CCOCC3)C2=C1,0.26221413558765616,3621
419407,CNP0559049.0,COC1=CC=C(NC(=O)C2=C(C)C(=O)OC23CCN(C(C)=O)CC3)C=C1OC,0.26220857853685553,3622
160327,CNP0226271.1,COC1=CC=C(C2=CC=C3[C@@H]4C[C@@H](CN(C(=O)NC5=CC=CC=C5)C4)CN3C2=O)C=C1,0.2621814912663399,3623
195632,CNP0400124.1,CN1C=CC2=CC=C(C(=O)NC[C@@H]3CCCN4CCCC[C@H]34)C=C21,0.2621684602517145,3624
15321,CNP0010123.0,COC1=CC=C(C2=NC(CSC3=NC4=C(N=CNC4=O)N3C)=C(C)O2)C=C1OC,0.26208752984197325,3625
195784,CNP0110520.1,CC1=CC2=C(C(C)=C(CC(=O)N3CCC[C@H]3C(=O)O)C(=O)O2)C2=C1C(C1=CC=CC=C1)=CO2,0.2620836857817018,3626
30939,CNP0088462.0,COC1=CC=C(C2=C(C)C3=CC(OC(=O)C4=CC=CC=C4C)=CC=C3OC2=O)C=C1OC,0.2620786183165454,3627
210825,CNP0064105.0,CCCCCCCCCCCCCCCC(=O)OC1=CC=C(C2=NC3=CC=CC=C3S2)C=C1OC,0.26207632740038744,3628
313514,CNP0500010.1,COC[C@@H]1C[C@H](N2C=C(NC(=O)C3CC3)C=N2)CN1C(=O)NC1=CC=CC(OC)=C1,0.26199063187646787,3629
79086,CNP0109108.1,CC(=O)C1=C(O)C(C)=C(O)C2=C1OC1=CC(=O)/C(=C(/C)NC3=CC=C4OC=CC(=O)C4=C3)C(=O)[C@@]12C,0.26189716005544106,3630
61925,CNP0590392.0,N#CC1=NC(NC2=CC=CC=C2OCCCN2C=CN=C2)=C2N=CN(C3CCCC3)C2=N1,0.2618748755774092,3631
50085,CNP0298793.1,C[C@@]1(O)CC(=O)C2=C(C=C3C=CC(C4=C5C[C@](C)(O)CC(=O)C5=C(O)C5=C(O)C=CC=C45)=CC3=C2O)C1,0.26186143649892657,3632
498431,CNP0237587.0,COC1=CC=C2NC3=C(CN(C(=O)CN4C=CC5=CC(C)=CC=C54)CC3)C2=C1,0.2618499951386899,3633
203133,CNP0508398.0,COC1=CC(C2=CC(C3=C(O)C=CC=C3O)=NN2)=CC=C1O,0.2618189425575534,3634
345468,CNP0022471.1,CC(=O)NC1=CC=C(O)C(C(=O)/C=C/C2=CC=C(C(C)C)C=C2)=C1,0.2618019202048203,3635
334016,CNP0389776.1,COC1=CC(OCC(=O)NC2=CC=C3OCCOC3=C2)=CC2=C1C(=O)O[C@@H](C)CCCC(=O)CCCCC2,0.26175056054493684,3636
207080,CNP0586686.0,O=C(O)CCC(=O)NC1=CC=C(Cl)C(NC(=O)CC2=CC=CC=C2)=C1,0.2617425868021746,3637
412661,CNP0492620.0,CN1CCN(CC2=C(O)C=CC3=C2OC=C(C2=CC=CC=C2)C3=O)CC1,0.2616685495615234,3638
34194,CNP0595954.0,O=C(O)C1=CC=C2C(C3CCCCC3)=C(C3=CC=CC=C3)N(CC(=O)N3CCOCC3)C2=C1,0.26160798826447923,3639
453003,CNP0232497.0,O=C1C=C(C2=CC=CC(O)=C2)OC2=C1C=CC1=C2C=CO1,0.26157184734012395,3640
76594,CNP0578449.2,COC1=CC=C(NC(=O)[C@@H](C)OC2=CC=C3C(=C2)C2=CC=[NH+]C4=C2N3C(=O)C2=C(OC)C(OC)=CC=C24)C=C1OC,0.26152825556843484,3641
22974,CNP0049668.0,CC(=O)NC1=CC=C2N=C(SCC(=O)OCC3=CC=CC=C3)SC2=C1,0.2615218340705482,3642
24221,CNP0585478.2,CCN(CC)CCN1C(=O)[C@@H]2[C@@H](C(=O)NC3=CC=C(Cl)C(Cl)=C3)[C@@H]3C=C[C@@]2(O3)[C@@H]1C(=O)NC1CCCCC1,0.26145575433464746,3643
494982,CNP0323167.1,CC1=CC(=O)C2=C(O1)C(CC(=O)NCCC(=O)N1C[C@H]3C[C@@H](C1)C1=CC=CC(=O)N1C3)=C(C1=CC=CC=C1)O2,0.2614394992776991,3644
48632,CNP0219142.0,O=C1C=C(C2=CC=CC=C2)OC2=C1C=CC1=C2C=CO1,0.2614188032240886,3645
420932,CNP0488049.0,CC1=NOC(CCCOC2=C(C)C=C(C3=NN(C)N=N3)C=C2C)=C1,0.2613957226192831,3646
251086,CNP0576795.1,COC1=C2OCOC2=CC2=C1[C@H](C1=NN=NN1C1=CC=C(C3=NN=C(N(C)C)O3)C=C1)N(C)CC2,0.26135974838796244,3647
259724,CNP0409155.1,COC1=CC=C2C(=C1)C=CN2CCC(=O)N(C)C[C@@H]1CCCN2CCCC[C@H]12,0.2613188545235433,3648
8602,CNP0577636.3,CCCN(CCC)CCN1C(=O)[C@@H]2[C@@H](C(=O)NC3=CC=C(Cl)C(Cl)=C3)[C@@H]3C=C[C@@]2(O3)[C@@H]1C(=O)NC1CCCCC1,0.2612121547000507,3649
384143,CNP0175055.1,CCN(CC)C(=O)OC1=CC=C2C(=O)/C(=C/C3=CC=C(C4=CC=CC=C4)C=C3)OC2=C1,0.26114857114216955,3650
223576,CNP0299339.0,CC1=CC(=O)OC2=C3CCC(C)(C)OC3=CC(OCC(=O)NC3=CC=C4OC(=O)C=CC4=C3)=C12,0.2610895388398051,3651
417118,CNP0036814.2,CC1=CC(Cl)=CC=C1O[C@@H](C)C(=O)NC1=CC=C2N=C(SCC3=CC=CC=C3)SC2=C1,0.26107853904047024,3652
98057,CNP0401829.0,CN1CCN(C(=O)CC(C2=CC=CC3=CC=CN=C23)C2=C(O)C=C(O)C3=C2OC(C2=CC=CC=C2)=CC3=O)CC1,0.26100987678579246,3653
42403,CNP0595223.0,COC(=O)NC1=CC=C2CCC3=CC=CC=C3N(C(=O)CCN3CCCCC3)C2=C1,0.2609901131482441,3654
322426,CNP0391132.0,CC1=C2C(OC(=O)C3=CC=CO3)=CC(C3=CC=C4OCOC4=C3)=CC(=O)C2=C(C)O1,0.2609749088181306,3655
295660,CNP0241742.3,O=C1C=C(C2=CC=CC(O[C@H]3O[C@@H](CO)[C@H](O)[C@H](O)[C@@H]3O)=C2)OC2=C1C=CC1=C2C=CO1,0.26096995105703824,3656
18166,CNP0464976.0,CCN1CCN(CCOC2=CC=C3C=C(C4=CC=C(Cl)C=C4)C(=O)OC3=C2)CC1,0.2609678659850555,3657
297285,CNP0029579.0,CCOC(=O)C1=C(C2=CC=CC=C2)OC2=CC=C(OC(=O)C3=CC=C(OC)C(OC)=C3)C=C12,0.2609365109817171,3658
341437,CNP0373406.0,CCOC1=CC2=NC(C3=CC=C(OC)C(OC)=C3)=NC(NCCC3=CC=CC=C3OC)=C2C=C1OC,0.26088004178441687,3659
15817,CNP0056119.1,C1=CC=C(CCCN2CC[C@H](C3=NN=C(C4=CC=CC=C4)O3)C2)C=C1,0.2608749582816733,3660
21950,CNP0390250.0,COC1=CC=C(C2=C(C)C3=CC(OCC(=O)C4=CC=CC=C4)=CC=C3OC2=O)C=C1OC,0.2608673346284653,3661
330095,CNP0538552.0,COC1=C(C)C=C(C2=CC=C3N=C(C4=CC=CC=C4C)OC3=C2)C=C1C,0.2608487343263153,3662
357197,CNP0028434.1,COC(=O)C1=CC=CC(NC(=S)N[C@H]2CO[C@H]3[C@@H]2OC[C@H]3OC(=O)NC2=CC=C(OC)C=C2)=C1,0.2608474112293642,3663
131330,CNP0584998.0,CCC(=O)NC1=CC=C(O)C(C2=NC3=CC=CC=C3O2)=C1,0.2608469515120771,3664
420417,CNP0588989.1,COC1=CC=CC(NC(=O)N2C[C@@H](N3C=C(NC(=O)C4CC4)C=N3)C[C@H]2CO)=C1,0.2608332316518977,3665
150650,CNP0415270.0,COC1=CC=C(C2=C(C3=C(O)C(=O)C=C(C)O3)NC(C3=CC=C4C(=C3)CCCN4C)=N2)C=C1,0.2607510076253867,3666
26508,CNP0546747.1,N#CC1=CC=CC(CN2C[C@H](O)C[C@H]2C2=NC(C3=CC=CC([N+](=O)[O-])=C3)=NO2)=C1,0.2606890478471157,3667
176294,CNP0528516.1,COC1=CC=CC(C2=CC=C3OC[C@H]4CN(S(=O)(=O)C5CC5)CCN4CC(=O)NC3=C2)=C1,0.26068046823423635,3668
52440,CNP0403395.0,COC1=CC=CC(C2=COC3=CC=C(OCC(=O)N4CCC5=CC(OC)=C(OC)C=C5C4)C=C23)=C1,0.26062191075599545,3669
462192,CNP0022157.1,C=CCO[C@@H]1CCN2C(=O)C3=CC(C4=CC=CC=C4)=CC=C3NC(=O)[C@H]12,0.26061292542901965,3670
76286,CNP0511040.0,COC1=CC=C(C2=CC3=CC=C(OCC4=CC=CC=C4)C=C3OC2=O)C=C1,0.26060795850403046,3671
497639,CNP0043196.0,COC1=CC=CC=C1C1=CC(=O)C2=CC(NC(=O)C3=CC=C(Cl)C=C3)=CC=C2O1,0.26060667534496984,3672
26432,CNP0377391.0,COC1=CC=C(C2=C(CC(=O)O)C3=C4OC(C5=CC=CC=C5)=CC(=O)C4=C(O)C(O)=C3O2)C=C1OC,0.260595435290246,3673
173176,CNP0334878.0,CC1=CC2=C(C(C)=C(CC3=CC=CC=C3)C(=O)O2)C2=C1C(C1=CC=CC=C1)=CO2,0.26057765813262407,3674
313058,CNP0491488.1,COC1=CC=C([C@H]2CC(=O)C3=C(C2)NC2=CC=CC=C2N[C@@H]3C2=COC3=CC=C(Cl)C=C3C2=O)C=C1,0.26057701100859476,3675
342286,CNP0491488.2,COC1=CC=C([C@@H]2CC(=O)C3=C(C2)NC2=CC=CC=C2N[C@@H]3C2=COC3=CC=C(Cl)C=C3C2=O)C=C1,0.26057701100859476,3676
420678,CNP0409066.0,CCN1CCN(CCOC2=CC=C3C(=O)C(C4=CC=C(OC)C=C4)=COC3=C2)CC1,0.26049799171287463,3677
88841,CNP0396084.0,O=C(CCCCCN1C=NC2=CC=CC=C2C1=O)NC1=CC=C2NC=CC2=C1,0.26044313136680425,3678
95482,CNP0129146.0,COC1=CC2=C(C=C1OC)CN(C(=O)COC1=CC=C3OC=C(C4=CC=CC=C4)C3=C1)CC2,0.2604371851032276,3679
471276,CNP0532639.0,CCCCCCOC(=O)C1=CC=C(OC(=O)C2=CC=C(C3=CC=C(CCC)C=N3)C=C2)C=C1,0.2604239859918628,3680
419438,CNP0499124.0,CCCCCCCOC(=O)C1=CC=C(OC(=O)C2=CC=C(C3=CC=C(CCC)C=N3)C=C2)C=C1,0.2604239859918628,3681
223598,CNP0287004.0,CCOC(=O)C1=C(C2=CC=CC=C2)OC2=CC=C(OC(=O)C3=CC4=CC=CC=C4O3)C=C12,0.2603864608826479,3682
440750,CNP0285926.0,O=C(CCN1C=CC2=CC=CC=C21)N1CCC2=C(C1)C1=CC=CC=C1N2,0.26028756730866043,3683
308951,CNP0346102.1,COC1=CC=CC(OC)=C1C(=O)OC1=CC=C2C(=O)/C(=C/C3=CC=C(C4=CC=CC=C4)C=C3)OC2=C1,0.26025310168291926,3684
176066,CNP0396667.0,O=C(CCCN1C=NC2=CC=CC=C2C1=O)NC1=CC=C2C=CNC2=C1,0.2602379644067284,3685
179983,CNP0256424.0,CN1C(C2=CC=C3OCCC3=C2)=C(C2C(=O)NC(=O)NC2=O)N(C)C1=O,0.2602120453654113,3686
442060,CNP0154866.0,COC1=CC(C2=CC(=O)C3=CC=CC=C3N2C)=CC=C1O,0.26021029904097875,3687
229635,CNP0447557.0,CN(C)CC1=CC(CN(C)C)=C(O)C(C2=CC=CC=C2)=N1,0.260208686505209,3688
177336,CNP0415021.0,COC1=CC=C(C2=C(C3=C(O)C(=O)C=C(C)O3)NC(C3=CC=CN=C3)=N2)C=C1,0.2601562753778554,3689
385456,CNP0446020.0,CN1N=C(C2=CC=CC=C2)C2=C(Cl)C=C(C(=O)O)C2=C1C1=CC=CC=C1,0.2601440081560119,3690
13194,CNP0560317.1,C[C@H](OC1=CC=C(C2=CN=C3C=CC=CC3=N2)C=C1)C(=O)N1CCC2(CC1)OCCO2,0.26013449143127965,3691
207667,CNP0412653.1,COCCN(C[C@@H]1CCCN2CCCC[C@H]12)C(=O)C1=CC=C(C2=CC3=CC=CC=C3OC2=O)C=C1,0.2601166415774121,3692
43938,CNP0372479.1,CCOC1=CC(C2=CC=C(OC)C=C2)=C/C(=N\C2=CC=CC=C2N)C2=C(C)OC(C)=C12,0.2600965057686242,3693
54189,CNP0602005.0,CC1=C(C(=O)NC2=CC=C(Cl)C(Cl)=C2)C2(CCCCC2)OC1=O,0.2600435627741623,3694
217259,CNP0245742.0,O=C1OC2=C(C3=CC=CC=C3)C(=O)C3=C(C2=C1C1=CC=C(O)C=C1)C1=CC=C(O)C=C1CO3,0.26004004489039056,3695
263247,CNP0349161.0,COC1=CC2=C(C=C1OC)CN(C(=O)NCCC(=O)NC1=CC=C3OCCOC3=C1)CC2,0.26003907006066096,3696
63937,CNP0128753.0,CCOC(=O)C1=C(C2=CC=CC=C2)OC2=CC=C(OCC(=O)C3=CC=C(OC)C=C3)C=C12,0.26003759319427766,3697
290002,CNP0330255.0,COC1=CC=C(C(=O)C2=C(C)C3=CC=C(NC(=O)CCN4N=NC5=CC=CC=C5C4=O)C=C3O2)C=C1,0.2600365194548091,3698
223148,CNP0530988.0,CCN1CCC2(CC1)OC(=O)C(C)=C2C(=O)NC1=CC=C2OCOC2=C1,0.25996020483027205,3699
464055,CNP0314839.0,COCCCN1COC2=CC=C3C(=O)C(C4=CC=CC=C4)=C(C)OC3=C2C1,0.25993095137774186,3700
502771,CNP0411078.0,O=C1CC(C2=CC3=CC=CC4=C3N(CCC4)C2=O)C2=C(C=C(O)C3=C2OC=C(C2=CC=CC=C2)C3=O)O1,0.25991949538581305,3701
122161,CNP0347852.1,C/C(NC1=CC=C2OC(=O)C=CC2=C1)=C1/C(=O)C[C@@H]2[C@@H]1C2(C)C,0.2599142236362062,3702
105290,CNP0552595.0,COC1=CC(C2=C(C3=C(O)C(=O)C=C(C)O3)NC(C3=CC=C4C(=C3)CCCN4C)=N2)=CC=C1O,0.2599073708739182,3703
295439,CNP0297642.3,C[C@H]1CC([C@](C)(O)[C@@H]2[C@H]3C(=O)C[C@H]4[C@@H](CC=C5C=CCC(=O)[C@@]54C)[C@@H]3C[C@@H]2O)OC(=O)[C@@H]1C,0.2599041482307098,3704
160322,CNP0115402.0,COC1=CC2=C(C=C1OC)CN(C(=O)C1=CC(C3=CC=CN=C3)=NN1)CC2,0.25984126851818223,3705
246884,CNP0282167.1,COC1=CC=C(C2=CSC(/C(C#N)=C\C3=CC=CO3)=N2)C=C1,0.25981173569811356,3706
406257,CNP0379837.1,CCOC(=O)C1=C(C2=CC=C(OC)C=C2)OC2=CC=C(OC(=O)/C=C/C3=CC=CC=C3)C=C12,0.25976756978551974,3707
46239,CNP0364614.0,CC(=O)OC1=CC=C2C(=O)C(C3=CSC(C4=CC=CC=C4)=N3)=COC2=C1,0.2597349286708727,3708
148149,CNP0145494.1,CN(C[C@@H]1CCCN2CCCC[C@H]12)C(=O)CCN1C=CC2=CC=CC=C21,0.2597149226706198,3709
401872,CNP0010369.0,O=C(CN1C(=O)C=C(C(=O)N2CCOCC2)C2=CC=CC=C21)NC1=CC=C2OCOC2=C1,0.2596881713817227,3710
183337,CNP0400330.0,COC1=CC=C(C2=C(C3=C(O)C(=O)C=C(C)O3)NC(C3=CC4=CC=CC=C4NC3=O)=N2)C=C1,0.25961202681145545,3711
152860,CNP0167060.1,O[C@@H]1C[C@@H](C2=NC(C3=CC=CN=C3)=NO2)N(CCCC2=CC=CC=C2)C1,0.25953724485957713,3712
357638,CNP0538923.0,CC(=O)NC1=CC=C2C(C)=CC(O)=NC2=C1,0.25952746012081285,3713
183342,CNP0396423.1,O=C(NC1=CC=C2NC=C(C(C(=O)O)N3C[C@H]4C[C@H](C3)C3=CC=CC(=O)N3C4)C2=C1)C1=CC=CC=C1,0.2594879881012485,3714
124030,CNP0094309.0,COC1=CC=C(C2=C(C)C3=CC(OCC(=O)OCC4=CC=CC=C4)=CC=C3OC2=O)C=C1,0.25945924938776405,3715
42139,CNP0280911.2,COC1=CC=C2C(=C1OC)C(=O)O[C@@H]2N1C(=O)CC[C@H]1C(=O)NC1=CC=C(Cl)C(Cl)=C1,0.25943118122204084,3716
237521,CNP0280911.1,COC1=CC=C2C(=C1OC)C(=O)OC2N1C(=O)CC[C@H]1C(=O)NC1=CC=C(Cl)C(Cl)=C1,0.25943118122204084,3717
254777,CNP0494459.0,CCCCCCCCCC(=O)NC1=CC=C(C(=O)NC2=CC=CC(C(=O)N3CCCCC3)=C2)C=C1,0.25938132914060047,3718
170567,CNP0453042.1,COC1=CC=C(N2C(=S)N(CC3=CC=C(C4=CC=CC=N4)C=C3)[C@H]3[C@H]4OC(=O)[C@H](C[C@H]4O)[C@H]32)C=C1,0.25937619861519434,3719
104006,CNP0596546.0,COC1=CC=C(C2=C3C(=O)N(C)C(=O)N(C)C3=CN2C2=CC=C(C)C=C2)C=C1,0.25936270748734436,3720
247901,CNP0123132.0,CCOC(=O)C1=C(C2=CC=C(OC)C=C2)OC2=CC=C(OCC(=O)OCC3=CC=CC=C3)C=C12,0.25935984933852213,3721
384472,CNP0354724.0,CC1=COC2=CC3=C(C=C12)C(C)=C(CCC(=O)NC1=CC=C2NC=CC2=C1)C(=O)O3,0.25934818256831593,3722
444181,CNP0490906.0,CN1CCC(NC(=O)OC(C)(C)C)(C(=O)O)CC1,0.25933555362900657,3723
412632,CNP0507451.0,C=CCN1C(SCC(=O)NC2=CC=C(C)C(C)=C2)=NC2=C(C1=O)C1(CCCC1)CC1=CC=CC=C12,0.2593251026357195,3724
473151,CNP0107839.0,COC1=CC=C(C(=O)NC2=CC3=NN(C4=CC=CC=C4)N=C3C=C2)C=C1OC,0.2593089633680131,3725
432297,CNP0577636.1,CCCN(CCC)CCN1C(=O)[C@@H]2[C@@H](C(=O)NC3=CC=C(Cl)C(Cl)=C3)[C@@H]3C=C[C@@]2(O3)[C@H]1C(=O)NC1CCCCC1,0.2591856342397113,3726
403252,CNP0013392.1,O=C1C=CC(C2=CC=CN=C2)=C2[C@@H]3C[C@@H](CN(CCCC4=CC=CC=C4)C3)CN21,0.25913723732455607,3727
144269,CNP0376008.0,CC1=CC=C(NC(=O)CCC2=C(C)C3=CC4=C(C=C3OC2=O)OC(C)=C4C)C=C1C,0.2591043723378016,3728
303174,CNP0261155.1,CN(C)CC(=O)NC1=CC=C2[C@@H]3C[C@@H](CN(C(=O)C4=CC=C(C5=CC=CC=C5)C=C4)C3)CN2C1=O,0.2589573129097131,3729
69061,CNP0319427.1,C=CCO[C@@H]1C[C@H]2C(=O)NC3=CC=C(C4=CC=CC=C4)C=C3C(=O)N2C1,0.25895647304874797,3730
202975,CNP0405276.0,CN1CCN(C(=O)CC(C2=CSC=C2)C2=C(O)C(O)=C(O)C3=C2OC(C2=CC=CC=C2)=CC3=O)CC1,0.25895354087085126,3731
357294,CNP0276838.0,COC1=CC=C(C2=C(C3=C(O)C(=O)C=C(C)O3)NC(C3=C(C)N(CC4=CC=CN=C4)C(C)=C3C)=N2)C=C1,0.25888274102539666,3732
436925,CNP0172694.0,COC1=CC=C2OC=C(C3CC(=O)OC4=C3C(C)=CC3=C4C(C4=CC=CC=C4)=CC(=O)O3)C(=O)C2=C1,0.2588710436888115,3733
458038,CNP0205017.2,C[C@@]12CC[C@H](O)[C@@H]3COC(=C31)C(=O)C1=CC3=C(OCCO)C=CC=C3C=C12,0.2588187383349968,3734
234813,CNP0402275.0,COC1=CC=CC(NC(=O)C2OC3=C(C(=O)OC4=CC=CC=C34)C2C2=CC=C(OC)C(O)=C2)=C1,0.25879872856964137,3735
450022,CNP0024541.1,CC(=O)NC1=CC=C(O)C(C(=O)/C=C/C2=CC=C(C)C=C2)=C1,0.25878247250479425,3736
392512,CNP0494093.0,CCOC(=O)OC1=CC=C2C(=O)C(C3=CC=CC=C3)=COC2=C1,0.2587061051451158,3737
88287,CNP0409064.0,COC1=CC=C(C2=COC3=CC(OCC(=O)N4CCN(C5=CC=CC=N5)CC4)=CC=C3C2=O)C=C1,0.2587026533012365,3738
2702,CNP0392572.0,COC1=CC=C(C2=COC3=CC(OCC(=O)N4CCN(C5=NC=CC=N5)CC4)=CC=C3C2=O)C=C1,0.2587026533012365,3739
424178,CNP0397686.0,COC1=CC=C(NC(C)=O)C=C1NC(=O)COC1=CC=C2C(=O)CC3(CCN(C(C)=O)CC3)OC2=C1,0.2587015055658638,3740
238411,CNP0218822.0,CN1CCN(C(=O)CC(C2=C(O)C=C(O)C3=C2OC(C2=CC=CC=C2)=CC3=O)C2CCCCC2)CC1,0.2586625273851791,3741
9450,CNP0415591.0,COC1=CC=C(C2=C(CC(=O)O)C3=C4OC(=O)C=C(C5=CC=CC=C5)C4=CC(O)=C3O2)C=C1,0.25865446987674423,3742
340606,CNP0407731.0,CCN1CCN(CCOC2=CC=C3C(=O)C(C4=CC=C(OC)C(OC)=C4)=COC3=C2)CC1,0.2586540754968739,3743
136189,CNP0164518.0,COC1=CC=C(C2=C(C3=C(O)C(=O)C=C(C)O3)NC(C3=CC4=CC=CC=C4OC3C)=N2)C=C1,0.25865322286914993,3744
64392,CNP0518819.0,CCN1C=C2C(=C1C1=CC=C(OC)C=C1)C(=O)N(C)C(=O)N2C,0.2585941344711393,3745
493677,CNP0569519.3,CC[C@H](C)N1C(=O)[C@H]2[C@H](C(=O)NC3=CC=C(C)C(C)=C3)[C@H]3C=C[C@@]2(O3)[C@@H]1C(=O)NC1CCCCC1,0.2585747201705544,3746
381085,CNP0569519.2,CC[C@H](C)N1C(=O)[C@H]2[C@@H](C(=O)NC3=CC=C(C)C(C)=C3)[C@H]3C=C[C@@]2(O3)[C@@H]1C(=O)NC1CCCCC1,0.2585747201705544,3747
293603,CNP0548226.1,COC1=CC=CC([C@@H]2CC(C3=CC=C(Cl)C=C3)=NC3(CCN(C)CC3)N2)=C1O,0.25854106781849184,3748
171347,CNP0305944.0,COC1=CC=C(OC)C(C(=O)C2=C(C)C3=CC=C(NC(=O)C4=CC=NC=C4)C=C3O2)=C1,0.2585118780936574,3749
472303,CNP0389802.0,COC1=CC=C(NC(=O)CC2=C(C)C3=CC4=C(C=C3OC2=O)OC(C)(C)CC4)C=C1OC,0.25842991029185547,3750
393779,CNP0401668.0,CN1CCN(C(=O)CC(C2=CC=CN=C2)C2=C(O)C=C(O)C3=C2OC(C2=CC=CC=C2)=CC3=O)CC1,0.2583749809764748,3751
171036,CNP0550214.1,CC1=NOC(C)=C1S(=O)(=O)N1CCN2CC(=O)NC3=CC(C4=NC=NN4C)=CC=C3OC[C@H]2C1,0.2582876255607441,3752
167170,CNP0404954.0,C=C(C)COC1=CC=CC(C(CC(=O)N2CCN(C)CC2)C2=C(O)C(O)=C(O)C3=C2OC(C2=CC=CC=C2)=CC3=O)=C1,0.25826422068038146,3753
14473,CNP0111370.1,COC1=CC(OC)=C2C(=O)[C@@]3(OC2=C1Cl)C(=O)C=C(N1CC(C2=NC(C4=CC=CN=C4)=NO2)C1)C[C@H]3C,0.25824982685638453,3754
361368,CNP0394014.0,COCC1=NC2=CC=C(NC(=O)CC(C3=CC=C(OC)C(OC)=C3OC)C3=C(O)C=C(C)OC3=O)C=C2N1,0.25822746344622743,3755
173585,CNP0292137.1,CC(=O)C1=C(O)C(C)=C(O)C2=C1OC1=CC(=O)/C(=C(/C)NCC(=O)NC3=CC=C4OCOC4=C3)C(=O)[C@@]12C,0.2581697361917972,3756
462943,CNP0403905.1,CSCC[C@@H]1NC(=O)C2=CC(NC(=O)C3=CC(C4=CC=CC=N4)=NN3)=CC=C2NC1=O,0.25808388986946956,3757
83765,CNP0231015.3,CC[C@H](C)[C@H](NC(=O)N1CCC2=CC(OC)=C(OC)C=C2C1)C(=O)NC1=CC=C2OCOC2=C1,0.2580594679576606,3758
288835,CNP0334657.0,COC1=CC=C2C(=C1)C=CN2CCC(=O)N1CCC2=C(C1)C1=CC=CC=C1N2,0.25799545275466534,3759
135404,CNP0302094.1,COC1=CC2=C(C(=O)O[C@@H](C)CCCC(=O)CCCCC2)C(OCC(=O)NC2=CC=C3OCCOC3=C2)=C1,0.25786587686726714,3760
399737,CNP0558994.1,CC1=CC=CC(NC(=O)N2C[C@@H](N3C=C(NC(=O)C4CC4)C=N3)C[C@H]2COCC(=O)N(C)C)=C1,0.25766319239335894,3761
4428,CNP0320868.1,CCOC1=CC=C2C(=O)/C(=C/C3=CC=C(C4=CC=CC=C4)C=C3)OC2=C1,0.25759987575065857,3762
62271,CNP0409166.0,CC1=C(CC(=O)NC2=CC=C3N=CNC(=O)C3=C2)C(=O)OC2=CC(O)=CC=C12,0.2575341878866288,3763
266332,CNP0463033.0,CC1=CC=C(C2=NN(C3=CC=CC=C3)C=C2C2=NC3=CC(Cl)=CC=C3O2)C=C1,0.25746984361657355,3764
446976,CNP0044021.1,CCOC(=O)C1=C(C2=CC=CC=C2)OC2=CC=C(O[C@@H](C(=O)OCC)C3=CC=CC=C3)C=C12,0.25745838577742125,3765
214828,CNP0367851.4,CN1C(=O)[C@H]2CCC[C@]23N(C2=CC=CC=C2)N=C(C2=CC=CC=C2)N3C2=CC=CC=C21,0.25738040225431846,3766
491849,CNP0367851.2,CN1C(=O)[C@@H]2CCC[C@@]23N(C2=CC=CC=C2)N=C(C2=CC=CC=C2)N3C2=CC=CC=C21,0.25738040225431846,3767
278676,CNP0576795.2,COC1=C2OCOC2=CC2=C1[C@@H](C1=NN=NN1C1=CC=C(C3=NN=C(N(C)C)O3)C=C1)N(C)CC2,0.2573622429496147,3768
50592,CNP0237197.0,CC1=CC(=O)OC2=CC(NC(=O)C3=NN4C=C(Br)C=NC4=C3)=CC=C12,0.25734299025106044,3769
377412,CNP0333960.0,COC1=CC=C2C(=O)C=C(C3=CC=CC=C3)N(C)C2=C1,0.25732037794620377,3770
476044,CNP0187679.0,COC1=CC=C2C(=C1)C(=O)C=C(C1=CC=CC=C1)N2C,0.25732037794620377,3771
246915,CNP0362534.1,COC1=CC=C(C2=COC3=C4C(=CC(O)=C3C2=O)OC(=O)C[C@H]4C2=CC3=CC=CC=C3OC2)C=C1,0.2573187928684678,3772
19611,CNP0010308.0,O=C(CN1C(=O)C=C(C(=O)N2CCCCC2)C2=CC=CC=C21)NC1=CC=C2OCOC2=C1,0.2572736553994165,3773
276629,CNP0212929.0,CN1C=C(CCC(=O)NC2=CC=C3C(=O)OCC3=C2)C2=CC=CC=C21,0.25725756124162813,3774
124007,CNP0510753.0,CC(C)CCN1C2=C(N(C)C(=O)N=C2O)N2C(C3=CC=CC=C3)=NN=C12,0.25725473285149003,3775
428383,CNP0424792.2,O=C1C(C2=CC=C(O)C=C2)=C2C(=C(C3=CC=C(O)C=C3)/C(=C/C3=CC=C(O)C=C3)N2CCC2=CC=C(O)C=C2)C2=C1NC1=C(OS(=O)(=O)[O-])C=CC=C21.[Na+],0.25725011687430666,3776
236635,CNP0010188.0,CCN(CC)C(=O)C1=CC(=O)N(CC(=O)NC2=CC=C3OCCOC3=C2)C2=CC=CC=C12,0.25721131405913505,3777
443063,CNP0142862.0,COC1=CC=CC(NC(=O)C2OC3=C(C(=O)OC4=CC=CC=C34)C2C2=CC=C(O)C(OC)=C2)=C1,0.2571942166344923,3778
163163,CNP0582686.0,CCN=C(S)NC1=CC=C(C2=C3C=CC(=O)C=C3OC3=CC(O)=CC=C23)C(C(=O)O)=C1,0.2571399056880475,3779
368692,CNP0560590.0,CC1=CC=C(NC(=O)CCCCCCCCCCC(=O)NC2=CC=C(C)C(C)=C2)C=C1C,0.25712773421498414,3780
330161,CNP0205017.1,C[C@@]12CC[C@@H](O)[C@@H]3COC(=C31)C(=O)C1=CC3=C(OCCO)C=CC=C3C=C12,0.25708740159789817,3781
221397,CNP0380432.1,COC1=CC=C2OC(C3=CC=CC=C3)=C(C(=O)OC3=CC=C4C(=O)/C(=C/C5=CC=CC=C5)OC4=C3)C2=C1,0.2570844452149521,3782
56343,CNP0597166.0,COC1=CC=CC(C2=C(C3=C(O)C(=O)C=C(C)O3)NC(C3=CNC4=CC(Br)=CC=C34)=N2)=C1,0.2570813285342242,3783
291807,CNP0191392.1,CC(=O)C1=C(O)C(C)=C(O)C2=C1OC1=CC(=O)/C(=C(/C)NC3=CC=C4NC(CO)=NC4=C3)C(=O)[C@@]12C,0.25707254328397056,3784
112387,CNP0415323.0,COC1=CC=C(C2=C(CC(=O)O)C3=C(O2)C2=C(C=C3C)OC(=O)C(CC3=CC=CC=C3)=C2C)C=C1,0.25706831161801164,3785
491680,CNP0393415.0,CCCN1COC2=CC=C3C(=O)C(C4=CC=CC=C4)=C(C)OC3=C2C1,0.257065970399639,3786
416108,CNP0056487.0,COC1=CC=C(C2=CC3=CC=C(OC(=O)C4=CC=CO4)C=C3OC2=O)C=C1,0.25706305670636787,3787
365947,CNP0173917.0,CC1=CC(=O)OC2=C3CCC(C)(C)OC3=CC(OCC(=O)NC3=CC=C4OCOC4=C3)=C12,0.25705232579187387,3788
96253,CNP0367851.1,CN1C(=O)[C@@H]2CCC[C@]23N(C2=CC=CC=C2)N=C(C2=CC=CC=C2)N3C2=CC=CC=C21,0.2570344949236513,3789
80270,CNP0118865.0,COC1=CC=C(C2CC(=O)OC3=C2C(C)=CC2=C3C(C3=CC=CC=C3)=CC(=O)O2)C=C1,0.25699340401509396,3790
400459,CNP0147665.1,COCCN1C=CC2=CC=C(C(=O)NC3=CC=C4NC(=O)[C@@H]5CCCN5C(=O)C4=C3)C=C21,0.25697746488974965,3791
18257,CNP0585478.1,CCN(CC)CCN1C(=O)[C@@H]2[C@@H](C(=O)NC3=CC=C(Cl)C(Cl)=C3)[C@@H]3C=C[C@@]2(O3)[C@H]1C(=O)NC1CCCCC1,0.2569148650685868,3792
32646,CNP0396402.0,COC1=CC=C2C(=C1)C=CN2CCC(=O)N1CCC2=C(C1)C1=CC(OC)=CC=C1N2,0.2568969788795381,3793
171762,CNP0537293.1,O=C1C=C[C@@]2(C=C1Cl)OC[C@@H](C1=CC=C(C3=CN=C4C=CC=CC4=C3)C=C1)O2,0.2568917981591601,3794
307173,CNP0382130.0,CCC(=O)NC1=CC=C2C(C)=CC(=O)NC2=C1,0.25686502423585006,3795
69638,CNP0381868.1,CC1=CC=C(NC(=O)C2=CC=C(N3C(=O)N4CCC5=C(NC6=CC=CC=C56)[C@@]4(C)C3=O)C=C2)C=C1C,0.2568314735476758,3796
30207,CNP0020452.0,CN1C(N)=NC2=NC=C(C3=CC=C(O)C=C3)C=C21,0.2567358599521279,3797
230592,CNP0060698.0,COC1=CC=CC(COC2=CC=C3OC(=O)C(C4=CC=C(OC)C(OC)=C4)=C(C)C3=C2)=C1,0.25670439592455374,3798
455850,CNP0334481.0,C=C(C)COC1=CC(C)=CC2=C1C(C)=C(CC(=O)NC1=CC=C3OCOC3=C1)C(=O)O2,0.25667986519145364,3799
171959,CNP0318874.0,CCOC(=O)C1=C(C2=CC=CC=C2)OC2=CC=C(OC(=O)C3=CC=CC=C3OC)C=C12,0.2566491365857923,3800
165448,CNP0395859.2,COC1=CC=C(C2=CC3=CC=C(O)C(CN4CCCC[C@H]4C4=CC=CN=C4)=C3OC2=O)C=C1,0.25663104168331285,3801
152965,CNP0493033.1,O=C(O)[C@]1(O)C=C(C2=CC=CC(SC3=CC=CC=C3)=C2)[C@@H](O)[C@H](O)C1,0.2565586494824771,3802
440055,CNP0602912.0,CNC(=O)CN1CCC(NC2=NC=CC(C3=CN=C4C=CC=CN34)=N2)CC1,0.25653613109284423,3803
396949,CNP0093599.0,COC1=NOC(CCC(=O)NC2=CC=C3OC(C(=O)C4=CC=C(Cl)C=C4)=C(C)C3=C2)=C1,0.2565238068056315,3804
226015,CNP0451666.0,C1=CC=C(C2=CN3C=CC=CC3=C2)C=C1,0.2564541176945206,3805
171590,CNP0391580.3,COC1=CC=C(C2=CC(=O)OC3=C(C)C(O[C@@H](C)C(=O)N4C[C@H]5C[C@@H](C4)C4=CC=CC(=O)N4C5)=CC=C23)C=C1,0.2564379168618216,3806
93908,CNP0558469.0,CCOC(=O)NC1=CC=C2CCC3=CC=CC=C3N(C(=O)CCN3CCCCC3)C2=C1,0.2563312543201645,3807
355875,CNP0155326.0,CN1CCN(C(=O)COC2=CC(O)=C3C(=O)C=C(C4=CC=CC=C4)OC3=C2)CC1,0.25629541894841024,3808
389739,CNP0389664.0,COC1=CC=C(C(CC(=O)N2CCN(C)CC2)C2=C(O)C(O)=C(O)C3=C2OC(C2=CC=CC=C2)=CC3=O)C(OC)=C1OC,0.256240777616674,3809
83972,CNP0407821.0,CC1=CC=C2C=C(C3CC(=O)OC4=C3C(C)=CC3=C4C(C4=CC=CC=C4)=CC(=O)O3)C(=O)NC2=C1,0.25616887373004876,3810
305716,CNP0214835.0,COC1=CC=C2NC3=C(CN(C(=O)CCN4C=CC5=CC=CC=C54)CC3)C2=C1,0.2561678977852963,3811
242592,CNP0034948.0,C=CCOC(=O)COC1=CC=C2OC(=O)C(C3=CC=CC=C3)=C(C)C2=C1,0.2561554210589231,3812
489678,CNP0370462.0,CCOC(=O)C1=C(C2=CC=CC=C2)OC2=CC=C(OCC(=O)OC(C)C)C=C12,0.25614813858974733,3813
349769,CNP0559118.1,CN1CCC[C@H]1C1=NC(C2=CC=NC(N3CCC(C(N)=O)CC3)=C2)=NO1,0.25614223540334013,3814
372266,CNP0339150.0,CC1=CC2=C(C(C)=C(CC3=CC=CC=C3)C(=O)O2)C2=C1C(C1=CC=C3C=CC=CC3=C1)=CO2,0.2561249297932012,3815
469940,CNP0593779.1,O=C1C[C@@H]2CCN(C(=O)C3=CC=C4OCOC4=C3)C[C@@H]2CCOC2=CC=C(C3=CC=CC=C3)C=C2N1,0.25612198630843513,3816
407381,CNP0377114.1,CCOC1=CC=C2OC(C3=CC=CC=C3)=C(C(=O)OC3=CC=C4C(=O)/C(=C/C5=CC=CO5)OC4=C3)C2=C1,0.25610217563612264,3817
91167,CNP0566638.2,CC1=CC=C(NC(=O)[C@H]2[C@H]3C=C[C@@]4(O3)[C@H]2C(=O)N([C@@H](C)C2=CC=CC=C2)[C@@H]4C(=O)NC2CCCCC2)C=C1C,0.2560835930778614,3818
265006,CNP0274961.0,COC1=CC=C2NC3=C(CN(C(=O)CCN4C=CC5=CC=C(Cl)C=C54)CC3)C2=C1,0.2560524445238337,3819
493361,CNP0376884.0,COC1=CC=C(C2=COC3=CC(OCC4=CC=CC=C4C)=CC=C3C2=O)C=C1,0.2560212205347152,3820
255520,CNP0456478.1,CCOC(=O)C1=C(C2=CC=CC=C2)OC2=CC=C(O[C@H](C)C(=O)O)C=C12,0.2560193200205785,3821
368797,CNP0280176.2,CCOC(=O)C1=C(C2=CC=CC=C2)OC2=CC=C(O[C@H](C)C(=O)OCC)C=C12,0.2560193200205785,3822
199106,CNP0122926.0,COC1=CC=C(C2=CC3=CC=CC=C3OC2=O)C=C1,0.25588207173304933,3823
13057,CNP0485982.0,COC1=CC=C(CCNC(=O)C(=O)NC2=CC=C(C)C(C)=C2)C=C1,0.25587510184468404,3824
313520,CNP0232001.0,CCOC(=O)C1=C(C2=CC=CC=C2)OC2=CC=C(OC(=O)C(C)C)C=C12,0.25585328451826983,3825
68815,CNP0374166.0,COC1=CC=C(C2=NC(C3=CC=CC=C3)=C(C3=C(O)C(=O)C=C(C)O3)N2)C(C(=O)O)=C1OC,0.25583677202549515,3826
474530,CNP0501303.0,COC1=CC(C(=O)NC2=CC=C(O)C(C(=O)O)=C2)=CC(OC)=C1OC,0.25577063606125244,3827
360202,CNP0050362.0,CCOC(=O)COC1=CC=C2C=C(C3=CC=CC=C3)C(=O)OC2=C1,0.25576968213973056,3828
440833,CNP0043698.0,CC1=C(C(=O)C2=CC=C(Cl)C=C2)OC2=CC=C(NC(=O)C3=CC=C(Cl)C=C3)C=C12,0.2557472313360128,3829
381054,CNP0365509.0,CC1=CC=C(C(=O)C2=C(C)C3=CC(NC(=O)C4=CC=C(Cl)C=C4)=CC=C3O2)C=C1,0.2557472313360128,3830
420354,CNP0026778.0,CC1=CC=C(C(=O)NC2=CC=C3OC(C(=O)C4=CC=C(Cl)C=C4)=C(C)C3=C2)C=C1,0.2557472313360128,3831
200775,CNP0065404.0,COC1=CC=C(OC)C(C(=O)C2=C(C)C3=CC=C(NC(=O)C4=CC=CC=C4C)C=C3O2)=C1,0.25570301649509913,3832
319977,CNP0402381.0,O=C1CC(C2=CC3=CC=CC4=C3N(CC4)C2=O)C2=C(C=C(O)C3=C2OC=C(C2=CC=C(O)C=C2)C3=O)O1,0.25568848209047057,3833
226775,CNP0268479.1,CCCN1CCC[C@H]1C1=NC(C2=CC=NC(N3CCC(C(N)=O)CC3)=C2)=NO1,0.25567240952505565,3834
36895,CNP0140284.0,COC1=CC=C2OC(=O)C(C3=CC=CC=C3)=CC2=C1,0.25564738199138715,3835
321723,CNP0500406.0,COC1=CC=C2N=C(C3=C(O)C(C4=CC=CC=C4)=NN(CCC(C)C)C3=O)NS(=O)(=O)C2=C1,0.25561546138193736,3836
381147,CNP0459369.0,O=C1C(C2=CC=C3OCCOC3=C2)=COC2=C(CN3CCN(CCO)CC3)C(O)=CC=C12,0.25561088061517656,3837
74725,CNP0385991.1,CC(C)(CNC(=O)CON=C1C=C[C@@]2(C)C(=C1)CCC1C2CC[C@@]2(C)C1CC[C@]2(C)O)C(O)C(=O)O,0.2555790769903272,3838
394402,CNP0347852.2,C/C(NC1=CC=C2OC(=O)C=CC2=C1)=C1/C(=O)C[C@@H]2[C@H]1C2(C)C,0.255552501159716,3839
408640,CNP0233865.2,C[C@@H]1CN(CCOC2=CC=C3C(=O)C(C4=CC=C(Br)C=C4)=COC3=C2)C[C@@H](C)O1,0.25553770726267405,3840
442909,CNP0540789.1,O=C1OC(C2=CC=CC=C2)=N/C1=C\C1=CC=CC([N+](=O)[O-])=C1,0.25551857967381986,3841
364447,CNP0187075.0,COC1=CC=C(C2=CC(=O)OC3=C4CN(CCC5=CC=C(Cl)C=C5Cl)COC4=CC=C23)C=C1,0.2555017409542051,3842
263339,CNP0064376.1,COC1=CC=C(C(=O)OC2=CC=C3C(=O)/C(=C/C4=CC=C(C5=CC=CC=C5)C=C4)OC3=C2)C=C1,0.25549904203117224,3843
97181,CNP0122242.1,COC1=CC=C(NC(=O)[C@@H](NC(=O)N2CCC3=CC(OC)=C(OC)C=C3C2)C(C)C)C=C1OC,0.25547322722014437,3844
389886,CNP0280911.3,COC1=CC=C2C(=C1OC)C(=O)O[C@H]2N1C(=O)CC[C@H]1C(=O)NC1=CC=C(Cl)C(Cl)=C1,0.2554610067252348,3845
325208,CNP0043068.0,COC1=CC=C(OC)C(C(=O)C2=C(C)C3=CC=C(NC(=O)C4=CC=CC=C4)C=C3O2)=C1,0.25544033240819725,3846
431061,CNP0402471.0,COC1=CC=CC(NC(=O)C2OC3=C(C(=O)OC4=CC=CC=C34)C2C2=CC(OC)=C(O)C(OC)=C2)=C1,0.25541611702072514,3847
395122,CNP0587763.0,CCC(=O)NC1=CC=C2C(C)=CC(O)=NC2=C1,0.25538215151032584,3848
193507,CNP0498779.1,CC(=O)NC1=CC=C(/C=C\C2=CC=CC=C2)C([N+](=O)[O-])=C1,0.25537872683991475,3849
363475,CNP0204664.1,COC1=CC=C(C2=NC3=CC=CC=C3C(=O)N2C2=NC=CC=C2[C@@H]2CCCN2C)C=C1,0.25537768467507327,3850
392786,CNP0581634.0,O=C1NC2=CC=CC(N3CCN(CC4=CC=CC(C5=CC=CC=C5)=C4)CC3)=C2O1,0.25535949303106475,3851
393327,CNP0461358.1,CC1=CC=C(NC(=O)C2=C(/N=C3/CCCN3C)CCC2)C=C1,0.2553494605563422,3852
294149,CNP0366430.0,COC1=CC=C(C2=COC3=CC(OCCN4CCOCC4)=CC=C3C2=O)C=C1,0.2553022805557207,3853
31263,CNP0394743.1,COC1=CC2=C(C=C1OC)CN1C(=O)N(CCCC(=O)NC3=CC=C4OCOC4=C3)C(=O)[C@@H]1C2,0.25525802213232496,3854
309948,CNP0542528.0,CC(=O)NC1=CC=C([N+](=O)[O-])C(C(=O)O)=C1,0.2552397083579034,3855
399116,CNP0305577.1,CC(=O)NC1=CC=C(C2=CC=C3[C@@H]4C[C@@H](CN(C(=O)C5=CC=CS5)C4)CN3C2=O)C=C1,0.255207172401035,3856
125615,CNP0482507.0,O=C1NC(=O)C(C2=CNC3=CC=CC=C23)=C1C1=CC=C(O)C([N+](=O)[O-])=C1,0.2551706081706379,3857
2354,CNP0344589.0,CC1=CC(=O)OC2=C3CCC(C)(C)OC3=CC(OCC(=O)NC3=CC=C4OCCOC4=C3)=C12,0.25515348919539266,3858
15909,CNP0011520.4,COC1=CC=CC=C1N1CCN(C(=O)[C@H]2CN3CC[C@H]2C[C@@H]3CN2C=C(C3=CC=CC=C3)N=N2)CC1,0.255103896492919,3859
465240,CNP0011520.3,COC1=CC=CC=C1N1CCN(C(=O)[C@H]2CN3CC[C@@H]2C[C@@H]3CN2C=C(C3=CC=CC=C3)N=N2)CC1,0.255103896492919,3860
304494,CNP0240203.0,O=C(O)CC1=C(C2=CC=C3OCCC3=C2)OC2=C(O)C(O)=C3C(=O)C=C(C4=CC=CC=C4)OC3=C12,0.25505847862076825,3861
100956,CNP0407347.0,COC1=CC2=C(C=C1OC)CC(=O)N(CCC(=O)NC1=CC=C3NC=NC3=C1)C=C2,0.25501854946767055,3862
156888,CNP0289871.0,COC1=CC=C(C2=C(C)C3=CC(OS(=O)(=O)C4=CC=CC=C4)=CC=C3OC2=O)C=C1OC,0.2549819157082267,3863
62714,CNP0011520.2,COC1=CC=CC=C1N1CCN(C(=O)[C@H]2C[N@@]3CC[C@@H]2C[C@@H]3CN2C=C(C3=CC=CC=C3)N=N2)CC1,0.2549383396082357,3864
166771,CNP0011520.1,COC1=CC=CC=C1N1CCN(C(=O)[C@H]2C[N@]3CC[C@H]2C[C@@H]3CN2C=C(C3=CC=CC=C3)N=N2)CC1,0.2549383396082357,3865
5754,CNP0392646.1,COC1=CC2=C(C=C1OC)CN(C(=O)N[C@@H](CC(C)C)C(=O)NC1=CC=C3OCOC3=C1)CC2,0.25493667377683515,3866
326477,CNP0560906.0,COC1=CC(C2=C(C3=C(O)C(=O)C=C(C)O3)NC(C3=CC4=CC=CC=C4NC3=O)=N2)=CC=C1O,0.25487733444076144,3867
262917,CNP0494677.0,O=C(NC1=CC=C(O)C(C2=NC3=CC=CC=C3O2)=C1)C1=CC=CC=C1,0.2548459829383358,3868
109781,CNP0394043.2,COC1=CC2=C(C=C1OC)[C@@H](C)N(C(=O)COC1=CC=C3C(=O)C(C4=CC=CC=C4)=COC3=C1)CC2,0.2547982998454645,3869
179483,CNP0394043.1,COC1=CC2=C(C=C1OC)[C@H](C)N(C(=O)COC1=CC=C3C(=O)C(C4=CC=CC=C4)=COC3=C1)CC2,0.2547982998454645,3870
270819,CNP0166803.0,COC1=CC2=C(C=CO2)C2=C1C(=O)C=C(C1=CC=CC=C1)O2,0.25474119374126103,3871
285809,CNP0517205.0,CN1C(=O)C2=C(N=C(SCC(=O)NC3=CC=C4OCOC4=C3)N2CC2=CC=CC=C2)N(C)C1=O,0.2546818091628564,3872
314472,CNP0547456.0,COC1=CC=C2C(=C1)C(C=C1C=CC(=[N+](C)C)C=C1)=C1C=C(C3=CC=CC=C3)N(C)N12,0.25466913291973525,3873
68443,CNP0550736.0,CC1=CC=C(C2=CC(OC(=O)C3=CC=CC=C3Cl)=CC3=C2OC(=O)S3)C=C1,0.2546559604429554,3874
37018,CNP0592023.0,COC1=CC=C(C2=C(C)OC3=C(C=CC4=C3C(CC(=O)O)=C(C3=CC=CC=C3)O4)C2=O)C=C1OC,0.25462351824515883,3875
66266,CNP0458500.1,CC1=CC=C(NC(=O)/C=C\C(=O)O)C=C1F,0.2545946557936747,3876
108882,CNP0196566.0,CCOC(=O)C1=C(C2=CC=C(OC)C=C2)OC2=CC=C(OC(=O)C3=CC=CC=C3C)C=C12,0.254539946456063,3877
157023,CNP0585035.1,CN1N=CN=C1C1=CC=C2OC[C@H]3CN(S(C)(=O)=O)CCN3CC(=O)NC2=C1,0.25451216739951366,3878
294985,CNP0345295.0,NC(=O)C1=CN=C(N2C=CC3=CC(N(CP(=O)(O)O)SC4=CC(Cl)=CC(Cl)=C4)=CC=C32)C=N1,0.2545040900971647,3879
291411,CNP0474531.1,O=C(/C=C/C1=CC=CC=C1)OC1=CC=C2C(=O)/C(=C/C3=CC=C(C4=CC=CC=C4)C=C3)OC2=C1,0.2544660182724526,3880
246114,CNP0454584.2,O=C(NC1=CC=CC=C1)N[C@H](OC(=O)NC1=CC=C(Cl)C(Cl)=C1)C(Cl)(Cl)Cl,0.25440145481627935,3881
426575,CNP0369550.0,COC1=CC=C(C2=COC3=CC4=C(C=C23)C(C)=C(CC2=CC=CC=C2)C(=O)O4)C=C1,0.25438633338822636,3882
455900,CNP0574445.1,COC1=CC(C(=O)/[NH+]=C2\OC3=CC=CC=C3C(O)=C2C2=CC=C3OCOC3=C2)=CC(OC)=C1OC,0.2543835261948963,3883
412025,CNP0164519.0,COC1=CC=C(C(CC(=O)NC2=CC=C3NC=NC3=C2)C2=C(O)C=C(C)OC2=O)C(OC)=C1OC,0.2543652930164648,3884
73539,CNP0023478.0,CCOC(=O)C1=C(C2=CC=C(OC)C=C2)OC2=CC=C(OC(=O)C3=CC=CC=C3Br)C=C12,0.2543549339074335,3885
141892,CNP0358515.1,CC(=O)C1=C(O)C(C)=C(O)C2=C1OC1=CC(=O)/C(=C(/C)NC3=CC=C4NC(=O)NC4=C3)C(=O)[C@@]12C,0.25434702954184757,3886
367566,CNP0065522.0,CCOC(=O)C1=C(C2=CC=C(OC)C=C2)OC2=CC=C(OC(=O)C3=CC=CC=C3Cl)C=C12,0.2543223159388673,3887
409624,CNP0412277.0,O=C(O)CC1=C(C2=CC=C(O)C=C2)OC2=C(O)C(O)=C3C(=O)C=C(C4=CC=CC=C4)OC3=C12,0.25429345480316146,3888
160823,CNP0121045.0,COC1=CC=C(C2=C(C)C3=CC(OC(=O)C4=C(OC)C=CC=C4OC)=CC=C3OC2=O)C=C1OC,0.25423199897584076,3889
306117,CNP0528193.0,CCN(CC)CCN1C(C2=CC=CC=C2)=NOC1=N,0.2542232123926788,3890
90703,CNP0225562.1,CC(=O)C1=C(O)C(C)=C(O)C2=C1OC1=CC(=O)/C(=C(/C)NC3=CC=C4NC(=O)C(=O)NC4=C3)C(=O)[C@@]12C,0.2541851224490287,3891
182766,CNP0050558.0,CC1=C(C2=CC=CC=C2)C(=O)OC2=C3CN(CCCC4=CC=CC=C4)COC3=CC=C12,0.2540878476298504,3892
48627,CNP0528262.0,O=C(O)CC1=C(C2=CC=CC=C2)OC2=CC3=C(C=C12)CCC(=O)N3,0.2540483725380951,3893
4643,CNP0232338.2,COC1=CC=C(NC(=O)C2C3C=CC4(CN(C5=CC=C(NC(C)=O)C=C5)C(=O)[C@@H]24)O3)C=C1OC,0.2540078347672094,3894
336394,CNP0394624.0,CC1=COC2=CC3=C(C=C12)C(C)=C(CCC(=O)NC1=CC=C2OC(=O)C=CC2=C1)C(=O)O3,0.253973259946995,3895
336301,CNP0133152.0,COC1=CC=C2C(=C1)C=CN2CCC(=O)N1CCC2=C(C1)C1=CC(Cl)=CC=C1N2,0.25392517340279475,3896
364283,CNP0579967.0,CC(=O)N1C(C2=CC=CC=C2)=C(OC(=O)C2=CC=CC=C2)C2=CC=C([N+](=O)[O-])C=C21,0.25390006882977134,3897
344614,CNP0053569.0,CCOC(=O)C1=C(C2=CC=C(OC)C=C2)OC2=CC=C(OCC3=CC=CC=C3Cl)C=C12,0.2538540371660441,3898
180691,CNP0389944.0,CC1=C(CC(=O)NC2=CC=C3OCOC3=C2)C(=O)OC2=CC3=C(C=C12)CCC(C)(C)O3,0.25378598709885763,3899
310446,CNP0392062.0,COC1=CC=C(C2=CN=C3C4=CC=CC=C4C(=O)N4C5=CC=CC=C5C2=C34)C=C1,0.25377306753848666,3900
273879,CNP0454584.1,O=C(NC1=CC=CC=C1)N[C@@H](OC(=O)NC1=CC=C(Cl)C(Cl)=C1)C(Cl)(Cl)Cl,0.25368207337814436,3901
17438,CNP0213679.1,O=C(C1=CC(C2=CC=CN=C2)=NN1)N1CCCC2=C[C@H]3C[C@H](CN4CCCC[C@H]34)[C@@H]21,0.2536676959219739,3902
306721,CNP0372543.0,CC1CN2C=CC3=C2C(=NC(O)=N3)N1C,0.25360675081482464,3903
138912,CNP0362534.2,COC1=CC=C(C2=COC3=C4C(=CC(O)=C3C2=O)OC(=O)C[C@@H]4C2=CC3=CC=CC=C3OC2)C=C1,0.25357495407314945,3904
271577,CNP0363839.0,COC1=CC=C(C(CC(=O)N2CCN(C)CC2)C2=C(O)C=C(O)C3=C2OC(C2=CC=CC=C2)=CC3=O)C=C1,0.25352867701777204,3905
495127,CNP0046130.0,CCOC(=O)C1=C(C2=CC=CC=C2)OC2=CC=C(OC(=O)C3=CC=CC=C3C)C=C12,0.2535144422036317,3906
464214,CNP0315939.1,CC1=CC(=O)N(C)C2=C1C(=O)C1=C3N(C(=O)C=C1C)[C@@](C)(O)C[C@@]23O,0.2534321451860803,3907
479482,CNP0321451.1,CCN1C2=CC=CC=C2C2=CC(NC(=O)[C@H](CCSC)NC(=O)N3C[C@H]4C[C@@H](C3)C3=CC=CC(=O)N3C4)=CC=C21,0.2534115904803616,3908
451800,CNP0039348.2,CC(=O)NC1=CC=C(C2=CC=C3[C@@H]4C[C@H](CN(C(=O)NC5=CC=CC=C5)C4)CN3C2=O)C=C1,0.2533969950417721,3909
427083,CNP0039348.1,CC(=O)NC1=CC=C(C2=CC=C3[C@@H]4C[C@@H](CN(C(=O)NC5=CC=CC=C5)C4)CN3C2=O)C=C1,0.2533969950417721,3910
364349,CNP0118022.0,COC1=CC=C(C2=C(C)C3=CC(OC(=O)C4=CC=CC=C4)=CC=C3OC2=O)C=C1OC,0.2533772050088624,3911
320995,CNP0390699.0,CC1=C2C(OC(=O)C3=CC=CC=C3)=CC(C3=CC=C4OCOC4=C3)=CC(=O)C2=C(C)O1,0.25333818576857076,3912
488236,CNP0171756.0,COC1=CC(C(CC(=O)N2CCN(C)CC2)C2=C(O)C=C(O)C3=C2OC(C2=CC=CC=C2)=CC3=O)=CC(OC)=C1O,0.25332989366255027,3913
336952,CNP0079380.0,COC1=CC=C(C(=O)C2=C(C)C3=CC=C(NC(=O)C4=CC=CC=C4Cl)C=C3O2)C=C1OC,0.2533134670835393,3914
247685,CNP0549324.1,C[C@](O)(COC1=CC=C(C#N)C=C1)C(=O)NC1=CC=C(C#N)C(I)=C1,0.2532949266557096,3915
41496,CNP0346693.0,CC1=CC2=C(C(C3=CC=CC=C3)=CC(=O)O2)C2=C1C(CC(C)C)CC(=O)O2,0.2531970707621701,3916
251135,CNP0591586.0,CC1=C(C2=CC=CC=C2)C(=O)OC2=CC=C(OC(=O)C3=CC=CC([N+](=O)[O-])=C3)C=C12,0.2531806904927388,3917
56837,CNP0028541.0,COC1=CC=C(C2=CC3=CC=C(OS(=O)(=O)C4=CC=CC=C4)C=C3OC2=O)C=C1,0.2531739702175413,3918
262600,CNP0270391.0,COC1=CC2=C(C=C1OC)C(=O)OC(C1=CC=C3C(=O)N(CCC(C)C)C(=O)C3=C1)=N2,0.2531681188794529,3919
88387,CNP0294964.2,CC(C)[C@@]1(C)N=C(C2=CC=CC=C2)N(C)C1=O,0.2531676948780958,3920
293850,CNP0243091.1,COC1=CC=C(C2=C3[C@@H]4C[C@@H](CN(CC5=CC6=CC=CC=C6O5)C4)CN3C(=O)C=C2)C=C1,0.25313601522941753,3921
59085,CNP0277986.0,CN1C=NC2=CC=C(NC(=O)CC3=CC=C4CCOC4=C3)C=C2C1=O,0.2530747224151844,3922
356327,CNP0355916.0,CN1N=CC2=C(C3=CC=C4N=CC=CC4=C3)C3=C(N=C21)C1=CC=C(O)C=C1O3,0.25305501181320206,3923
28790,CNP0260786.0,CC(C)OC1=CC=CC(C2CC(=O)OC3=CC(O)=C4C(=O)C(C5=CC=C(O)C=C5)=COC4=C32)=C1,0.2529636775200523,3924
275086,CNP0491502.1,O=C1C[C@@H]2CCN(C(=O)N3CCOCC3)C[C@@H]2CCOC2=CC=C(C3=CC=CC=C3)C=C2N1,0.25295625072231165,3925
154396,CNP0149857.1,COC1=CC2=C(C3=C1C(=O)C=C(C1=CC=CC=C1)O3)[C@H]1[C@@H](O2)OC(C)(C)[C@@H]1O,0.2529029413110189,3926
2307,CNP0055866.0,CCOC(=O)C1=C(C2=CC=CC=C2)OC2=CC=C(OCC3=CC=CC=C3Br)C=C12,0.25289872096269206,3927
42244,CNP0330727.0,O=C(CCCCCN1C=NC2=CC=CC=C2C1=O)NC1=CC=C2C=CNC2=C1,0.2528470219434961,3928
452791,CNP0295786.1,COC1=C2OCOC2=CC2=C1[C@@H](C(=O)NC1=CC=C(C)C(C)=C1)N(C)CC2,0.2527677663125559,3929
68963,CNP0548226.2,COC1=CC=CC([C@H]2CC(C3=CC=C(Cl)C=C3)=NC3(CCN(C)CC3)N2)=C1O,0.2527184863092218,3930
381749,CNP0407548.0,COC1=CC=C(C2=COC3=CC(OCCN4CCOCC4)=CC=C3C2=O)C=C1OC,0.25267549718584403,3931
186439,CNP0593147.1,CC1=CC=C(NC(=O)[C@@H]2[C@H]3C=C[C@]4(O3)[C@H](C(=O)NC3CCCCC3)N(CCC(C)C)C(=O)[C@@H]24)C=C1C,0.25262796269328347,3932
475269,CNP0593147.3,CC1=CC=C(NC(=O)[C@H]2[C@H]3C=C[C@]4(O3)[C@H](C(=O)NC3CCCCC3)N(CCC(C)C)C(=O)[C@@H]24)C=C1C,0.25262796269328347,3933
488609,CNP0053018.1,COC1=CC=C(C2=NOC([C@H](C)O)=C2C(=O)N(C)CC2=CC=CN=C2)C=C1OC,0.252589539354279,3934
315300,CNP0240397.1,CC(=O)C1=C(O)C(C)=C(O)C2=C1OC1=CC(=O)/C(=C(/C)NC3=CC=C(O)C(C(=O)O)=C3)C(=O)[C@@]12C,0.2525872480095765,3935
496582,CNP0373535.1,C/C(NC1=CC=C2C(C)=CC(=O)OC2=C1)=C1/C(=O)C[C@@H]2[C@H]1C2(C)C,0.2525176122900987,3936
37541,CNP0139826.0,COC1=CC=C(C2=C3C(=O)OC(=O)C3=CC3=CC4=C(C=C23)OCO4)C=C1OC,0.25246100106537034,3937
190214,CNP0115055.0,COC1=CC=CC(C(=O)NC2=CC=C3C(C)=C(C(=O)C4=CC=C(Cl)C=C4)OC3=C2)=C1,0.25243875466674853,3938
97207,CNP0394408.0,O=C(CC1=CC=CC=C1C(=O)O)NC1=CC=C(O)C(C(=O)O)=C1,0.2524133668151173,3939
385888,CNP0336480.0,COC1=CC=C(C2=C(C3=C(O)C(=O)C=C(C)O3)NC(C3=CN(CC(=O)O)C4=CC=C(OC)C=C34)=N2)C=C1,0.2523863725491381,3940
143723,CNP0175704.0,COC1=CC(C2=C(CC(=O)O)C3=C(C=C(C)N(C)C3=O)O2)=CC=C1O,0.2523744796248326,3941
320806,CNP0492863.0,CCN1CCC2(CC1)OC(=O)C(C)=C2C(=O)NC1=CC=C2OCCOC2=C1,0.25233575461190105,3942
170975,CNP0138070.1,CN(C)C(=O)OC1=CC=C2C(=O)/C(=C/C3=CC=C(C4=CC=CC=C4)C=C3)OC2=C1,0.25227083883276014,3943
503442,CNP0534889.1,CCOC1=CC=CC([C@H]2CC(C3=CC=C(Cl)C=C3)=NC3(CCN(C)CC3)N2)=C1O,0.2522568995723543,3944
353176,CNP0399723.0,CC1=CC=C2C(=C1)C=CN2CC(=O)N1CCC2=C(C1)C1=CC=CC=C1N2,0.25220567944384437,3945
61798,CNP0373509.0,CCOC1=CC2=NC(C3=CC=C(OC)C(OC)=C3)=NC(NCCN(CC)CC)=C2C=C1OC,0.25220496260647457,3946
159226,CNP0363013.1,COC1=CC=C(C2=CC3=CC=C(OCCN4C[C@H](C)O[C@@H](C)C4)C=C3OC2=O)C=C1OC,0.2521992274640287,3947
468183,CNP0363013.2,COC1=CC=C(C2=CC3=CC=C(OCCN4C[C@@H](C)O[C@@H](C)C4)C=C3OC2=O)C=C1OC,0.2521992274640287,3948
438140,CNP0158063.3,O=C1C=C(C2=CC=CC=C2)OC2=C(C3O[C@H](CO)[C@@H](O)[C@H](O)[C@H]3O)C(O)=CC(O)=C12,0.2521750535997273,3949
26233,CNP0535824.0,COC1=CC=CC(C2=NN(C)C3=NC4=C(C(=O)N(C)C(=O)N4C)N3C2)=C1,0.25216090857488554,3950
93754,CNP0591913.1,O=C1OC(C2=CC=CC=C2)=N/C1=C/C1=CC=C(C2=CC=CC([N+](=O)[O-])=C2)O1,0.2521497721095708,3951
425052,CNP0039063.0,CCOC(=O)C1=C(C2=CC=CC=C2)OC2=CC=C(OC(=O)CC)C=C12,0.252146263195423,3952
204029,CNP0483064.2,COC1=C2OCOC2=CC2=C1[C@H](C1=NN=NN1C1=CC=C(C3=NN=CO3)C=C1)N(C)CC2,0.2521251411331352,3953
103586,CNP0347501.2,C[C@@H]1CC2=CC(C3=CC=NC(N)=N3)=CC=C2O1,0.25203036716042204,3954
12720,CNP0247477.0,COC1=CC=C(C2=COC3=C4C(=CC(O)=C3C2=O)OC(=O)CC4C2=CC3=CC=CC4=C3N(CCC4)C2=O)C=C1OC,0.2520169411287958,3955
313864,CNP0473688.1,CN(C)/C=C(\C(=O)NC1=CC=C(F)C(F)=C1)C(F)(F)F,0.2519934924701472,3956
502571,CNP0497655.0,CCOC1=CC=C(C2=CN3C=CC=CC3=C2)C=C1[N+](=O)[O-],0.25197238028830443,3957
40898,CNP0036814.1,CC1=CC(Cl)=CC=C1O[C@H](C)C(=O)NC1=CC=C2N=C(SCC3=CC=CC=C3)SC2=C1,0.2519460712470818,3958
147064,CNP0122257.1,CCOC1=CC=C(/C=C2\N=C(C3=CC=CC=C3)OC2=O)C(OC)=C1,0.25194412242358916,3959
489727,CNP0187291.0,COC1=CC=C(C2CC(=O)OC3=CC=C4C(=O)C(C5=CC=CC=C5)=COC4=C32)C=C1OC,0.2519126427598514,3960
336160,CNP0339223.0,COC1=CC=C(C(CC(=O)N2CCN(C)CC2)C2=C(O)C=C(O)C3=C2OC(C2=CC=CC=C2)=CC3=O)C=C1OC,0.2518908549200056,3961
499481,CNP0386438.1,COC1=CC=C(C2=C/C(=C3/N=C(C)OC3=O)C3=CC=CC=C3O2)C=C1OC,0.2518166855091386,3962
356573,CNP0016060.1,COCCOC1=CC(C2=NOC([C@@H]3CCCN3CC3=CC=CN=C3)=N2)=CC=N1,0.2518165154474496,3963
38841,CNP0146357.0,COC1=CC=C(C2=CC(=O)C3=C(C)OC(C)=C3C(OC(=O)C3=CC=CC=C3)=C2)C=C1OC,0.251808629769019,3964
488262,CNP0364836.0,O=C1CC(C2=CC=CN=C2)C2=C(C=C(O)C3=C2OC=C(C2=CC=C(O)C=C2)C3=O)O1,0.25180842989268404,3965
148941,CNP0530873.2,CC1=CC=C2OC=C([C@H]3NC4=CC(C)=C(C)C=C4NC4=C3C(=O)CC(C)(C)C4)C(=O)C2=C1,0.25176728949876653,3966
154708,CNP0415124.0,COC1=CC=C(C2=NC3=C(N2)C2=C(OC=C2C)C2=CC=C4C(C)=CC=CC4=C23)C=C1OC,0.25169505891899246,3967
402825,CNP0502052.1,CCOCOCCOCC[N+]1=C(C=C2S/C(=C3/SC4=CC=C(OC)C=C4N3C)C(=O)N2CC)SC2=CC=CC=C21.[Cl-],0.2516667155345415,3968
310805,CNP0293802.0,CCOC(=O)C1=C(C2=CC=CC=C2)OC2=CC=C(OCC(=O)OCC3=CC=CC=C3)C=C12,0.251661260267842,3969
357280,CNP0403036.0,CC1=C(C(=O)C2=CC=CC=C2)OC2=CC(NC(=O)C3=CC=CC=C3Cl)=CC=C12,0.2515984229169109,3970
485303,CNP0509278.1,COC1=CC=C(C2=C(O)C3=CC=CC=C3O/C2=[NH+]\C(=O)C2=CC=CO2)C=C1OC,0.2515597303444918,3971
143416,CNP0035272.1,COC1=CC=C(Cl)C=C1C1=CC=C2NC(=O)[C@@H]3CN(C(=O)C4=CC=CO4)CCN3C(=O)C2=C1,0.2515453001210218,3972
497024,CNP0461619.0,O=C1OC2=CC(OCCN3CCN(CCO)CC3)=CC=C2C=C1C1=CC=C(Cl)C=C1,0.25152761846010097,3973
387792,CNP0401436.0,CN1CCN(C(=O)CC(C2=C(O)C=C(O)C3=C2OC(C2=CC=CC=C2)=CC3=O)C2=CC=NN2C)CC1,0.2514875011156535,3974
482133,CNP0300218.1,CC(=O)NC1=CC=C(O)C(C(=O)/C=C/C2=CC=C(C(C)(C)C)C=C2)=C1,0.25147375278952844,3975
453448,CNP0542323.0,CCN(CC)CCCNC1=NC(C2=CC=C(Cl)C=C2)=NC2=CC=CC=C12,0.25143447426063514,3976
117564,CNP0407639.0,COCCN1COC2=CC=C3C(=O)C(C4=CC=C(OC)C(OC)=C4)=C(C)OC3=C2C1,0.25143314296495695,3977
25613,CNP0326130.0,CCCN1COC2=CC=C3C(=O)C(C4=CC=C(OC)C(OC)=C4)=C(C)OC3=C2C1,0.25143314296495695,3978
232584,CNP0382318.0,O=C(CN1C(=O)C=C(C(=O)N2CCCCC2)C2=CC=CC=C21)NC1=CC=C2OCCOC2=C1,0.2514067502595315,3979
210768,CNP0040833.0,CCOCCCN1COC2=CC=C3C(=O)C(C4=CC=CC=C4)=C(C)OC3=C2C1,0.2513850725314438,3980
325052,CNP0054052.2,CCOC(=O)[C@H](C)OC1=CC=C2C(=O)C(C3=CC=CC=C3)=COC2=C1,0.2513839912283571,3981
211011,CNP0030866.0,C=CCOC(=O)COC1=CC=C2C=C(C3=CC=CC=C3)C(=O)OC2=C1,0.25137844526809916,3982
127864,CNP0414942.0,COC1=CC(C2=C(CC(=O)O)C3=C4OC(C5=CC=CC=C5)=CC(=O)C4=C(O)C(O)=C3O2)=CC=C1O,0.2513670217688055,3983
269659,CNP0051133.0,COC1=CC=C(C2=C(C)C3=CC(OC(=O)C4=CC=CC=C4OC)=CC=C3OC2=O)C=C1OC,0.25135812442233374,3984
456287,CNP0216544.1,CN1C=CC2=CC(C(=O)NC[C@@H]3CCCN4CCCC[C@H]34)=CC=C21,0.2513533611680524,3985
291402,CNP0389504.1,CSCC(=O)NC1=CC=C2[C@@H]3C[C@@H](CN(C(=O)C4=CC=C(C5=CC=CC=C5)C=C4)C3)CN2C1=O,0.2513127226661739,3986
486717,CNP0413314.0,COC1=CC=C(C2=C(C)N(O)C(C3=COC4=CC=CC=C4C3=O)=N2)C=C1OC,0.25129722071958704,3987
215287,CNP0525552.0,O=C(C1=CC2=NN=C(C3=CC=CC(Cl)=C3)N2C=C1)N1CCC2(CC1)OCCO2,0.2512957914568316,3988
338999,CNP0266545.2,C/C1=C/CC[C@H](C)[C@@H](C)OC(=O)CC[C@](C)(O)/C=C\[C@@H]1O,0.25125201130504465,3989
101286,CNP0577426.0,CC1=CC=C(C2=CC(=O)C=CC2=O)C=C1C,0.2511539512503502,3990
2274,CNP0537708.1,CCCCCC(=O)N1CC[C@H]2CC(=O)NC3=CC(C4=CC=CC=C4)=CC=C3OCC[C@H]2C1,0.2511534443609793,3991
207594,CNP0501091.1,C=C[C@@H]1C[C@]1(NC(=O)[C@@H]1C[C@@H](OC2=CC(C3=CC=CC=C3)=NC3=CC(OC)=CC=C23)CN1C(=O)[C@@H](CC(=O)N1CCCCC1)C(C)(C)C)C(=O)NS(=O)(=O)C1CC1,0.2511144306913497,3992
313716,CNP0394710.0,O=C(COC1=CC=C2N=C3CCCCCN3C(=O)C2=C1)NC1=CC=C2NC=CC2=C1,0.25109924618830637,3993
384731,CNP0174798.0,COC1=CC=C(C2=COC3=C4C(=CC(O)=C3C2=O)OC(=O)CC4C2=CC3=CC=CC=C3NC2=O)C=C1OC,0.25108909814652897,3994
336041,CNP0451062.1,COC1=CC=C(C2=NOC([C@@H]3C[C@@H](O)CN3CCCC3=CC=CC=C3)=N2)C=C1,0.25107765652021363,3995
198307,CNP0548071.1,CC1=NN(C)C(C)=C1S(=O)(=O)N1CCN2CC(=O)NC3=CC(C4=NC=NN4C)=CC=C3OC[C@H]2C1,0.2510654494779856,3996
179656,CNP0231833.0,O=C(CNC(=O)N1CCC2=C(C1)NC1=CC=CC=C21)NC1=CC=C2OCOC2=C1,0.2510531500233325,3997
196870,CNP0079418.1,O=C(COC1=CC=C2C(=O)/C(=C/C3=CC=C(C4=CC=CC=C4)C=C3)OC2=C1)OCC1=CC=CC=C1,0.25102803072441415,3998
388987,CNP0375004.0,CC1=CC=C(NC(=O)COC2=CC=C3C(C)=CC(=O)OC3=C2)C=C1Cl,0.2510026953674662,3999
62220,CNP0410101.1,COC1=CC=CC2=C1N(CCC(=O)N1CCCC[C@@H]1C1=CC=CN=C1)C=C2,0.25100184610658516,4000
331514,CNP0504931.0,CC1=CC=CC(C2=CSC3=C2N=C(N2CCC4(CC2)OCCO4)NC3=O)=C1,0.25098349981164497,4001
80197,CNP0023798.0,CC1=CC=C(OCC(=O)NC2=CC=C(O)C(C3=NC4=CC=CC=C4O3)=C2)C=C1,0.2509060802697354,4002
254315,CNP0366059.2,CC(=O)OC/C(=C\C=C\C1=CC(=O)OC1)CC/C=C(\C)CCC1(O)C(C)CCCC1(C)C,0.25084934774092327,4003
253495,CNP0075895.2,CCOC(=O)[C@@H](C)OC1=CC=C2OC(=O)C(C3=CC=CC=C3)=C(C)C2=C1,0.2508124570373314,4004
362061,CNP0196122.2,COC1=CC=C(C2=COC3=C4C(=CC(O)=C3C2=O)OC(=O)C[C@H]4C2=CC=CN=C2N2CCCCC2)C=C1,0.25080900177691123,4005
162511,CNP0196122.1,COC1=CC=C(C2=COC3=C4C(=CC(O)=C3C2=O)OC(=O)C[C@@H]4C2=CC=CN=C2N2CCCCC2)C=C1,0.25080900177691123,4006
22038,CNP0392109.0,COC1=CC=C2C(=C1OC)C(=O)N1C3=CC=CC=C3C3=C1C2=NC=C3C1=CC=C(N(C)C)C=C1,0.2508073469026547,4007
6681,CNP0074374.0,CCOC(=O)C1=C(C2=CC=C(OC)C=C2)OC2=CC=C(OCC3=CC=CC=C3C)C=C12,0.25077177189675126,4008
193089,CNP0603911.0,CCOC(=O)NC1=CC=C2CCC3=CC=CC=C3N(C(=O)CCN3CCOCC3)C2=C1,0.2507407907496194,4009
105262,CNP0598818.0,COC1=CC=CC(C2=C(C3=C(O)C(=O)C=C(C)O3)NC(C3=CNC4=CC(C(=O)O)=CC=C34)=N2)=C1,0.2507052180690431,4010
54801,CNP0346483.1,COC1=CC(CO)=CC2=C(C3=CC=C4C[C@@H](C)N[C@@](C)(O)C4=C3)C=CC(O)=C12,0.2506547824664913,4011
125579,CNP0290741.1,O=C(CC1=CSC(N2C=CC=C2)=N1)N1CCCC[C@H]1C1=CC=CN=C1,0.25048290034448667,4012
98147,CNP0394425.0,O=C(COC1=CC=C2N=C3CCCCCN3C(=O)C2=C1)NC1=CC=C2OCOC2=C1,0.2504751104749944,4013
191438,CNP0116359.0,COC1=CC=CC(C(CC(=O)N2CCN(C)CC2)C2=C(O)C=C(O)C3=C2OC(C2=CC=CC=C2)=CC3=O)=C1,0.25046596020205864,4014
37134,CNP0265417.1,COCCN(C[C@@H]1CCCN2CCCC[C@H]12)C(=O)COC1=CC=C(C2=CC3=CC=CC(OC)=C3OC2=O)C=C1,0.25040454104232684,4015
73310,CNP0353469.0,O=C1OC2=CC=C(OCC3=CC=CC=C3)C=C2C=C1C1=CC=CC=C1,0.2503721848221672,4016
409037,CNP0368431.0,COC1=CC=C(C2=CC3=CC(OC)=C(OC)C=C3C(CC3=CC=CC4=CC=CC=C34)=N2)C=C1C,0.25035005551471484,4017
447014,CNP0409073.0,CC1=CC2=C(C(C3=CC=CC=C3)=CC(=O)O2)C2=C1C(C1=CC=C3OCOC3=C1)CC(=O)O2,0.2503116641805624,4018
72440,CNP0486710.0,O=C(NC1=CC=C(O)C(C2=NC3=CC=CC=C3O2)=C1)C1=CC=CC=C1Br,0.2502992282293141,4019
225477,CNP0069676.2,CC(C)C[C@@]1(C)N=C(C2=CC=CC=C2)N(C)C1=O,0.2502815711079522,4020
273634,CNP0150529.0,COC1=CC=C(OC)C(C(=O)C2=C(C)C3=CC=C(NC(=O)C4=CC=CC=C4Br)C=C3O2)=C1,0.25026955475142443,4021
144907,CNP0079342.0,CC1=C(C(=O)C2=CC=CC=C2)OC2=CC(NC(=O)CCN3C=NC4=CC=CC=C4C3=O)=CC=C12,0.25024821215679594,4022
184927,CNP0030835.0,COC1=CC=C(C2=CC3=CC=C(OCC(=O)C4=CC=CC=C4)C=C3OC2=O)C=C1OC,0.25023054735408506,4023
446828,CNP0496270.1,CCCCCCCCOC1=CC=C(/C=C2/C=C(C3=CC=C(OC)C(OC)=C3)OC2=O)C=C1,0.2501829136173044,4024
179465,CNP0562000.0,O=C(NC1=CC=C(O)C(C2=NC3=CC=CC=C3O2)=C1)C1=CC=CC=C1I,0.25017125998751844,4025
383370,CNP0366059.1,CC(=O)OC/C(=C\C=C\C1=CC(=O)OC1)CC/C=C(\C)CC[C@@]1(O)[C@@H](C)CCCC1(C)C,0.2501155736987382,4026
281290,CNP0406142.1,CC(C)(C)C(=O)OC1=CC=C2C(=O)/C(=C/C3=CC=C(C4=CC=CC=C4)C=C3)OC2=C1,0.2501052365959534,4027
101817,CNP0556948.0,CC1=CC2=[N+](CC(=O)C3=CC=C(C4=CC=CC=C4)C=C3)C(C)=CN2C=C1,0.25010019494564056,4028
96610,CNP0335778.0,COC1=CC=C(C2CC(=O)OC3=C2C(C)=CC2=C3C(C3=CC=CC=C3)=CC(=O)O2)C=C1OC,0.2500973720061493,4029
163196,CNP0285376.1,CSCC[C@H](NC(=O)CC1=C(C2=CC=CC=C2)OC2=C1OC(C)=CC2=O)C(=O)N1C[C@H]2C[C@@H](C1)C1=CC=CC(=O)N1C2,0.2500875277800484,4030
154936,CNP0258662.0,CCOC(=O)C1=C(C2=NC(C3=CC=C(OC)C=C3)=C(C3=C(O)C(=O)C=C(C)O3)N2)C2=CC=CC=C2N1,0.2500588254417994,4031
168621,CNP0265527.0,C1=CC=C(C2=CC=C3C=CC=CC3=N2)C=C1,0.24998846268465072,4032
20408,CNP0574868.1,O=C1C[C@@H]2CCN(C(=O)C3=CC=CC=C3)C[C@@H]2CCOC2=CC=C(C3=CC=CC=C3)C=C2N1,0.24998803334695713,4033
14730,CNP0480649.4,CC1=CC=C2OC=C([C@H]3NC4=CC=CC=C4NC4=C3C(=O)C[C@@H](C3=CC=CC=C3)C4)C(=O)C2=C1,0.2498755975683111,4034
262944,CNP0480649.2,CC1=CC=C2OC=C([C@H]3NC4=CC=CC=C4NC4=C3C(=O)C[C@H](C3=CC=CC=C3)C4)C(=O)C2=C1,0.2498755975683111,4035
423946,CNP0283700.0,COC1=CC(O)=C(CN2CCN(C)CC2)C2=C1C(=O)C=C(C1=CC=CC=C1)O2,0.24986254167629865,4036
143828,CNP0058008.0,COC1=CC=C(C(=O)OC2=CC=C3OC(=O)C(C4=CC=CC=C4)=C(C)C3=C2)C=C1OC,0.2498077161566747,4037
437069,CNP0193691.0,COC1=CC=C(C(CC(=O)N2CCN(C)CC2)C2=C(O)C=C(O)C3=C2OC(C2=CC=CC=C2)=CC3=O)C=C1O,0.24976206063680131,4038
65658,CNP0370165.0,CN1CCN(CC2=C(O)C(CN3CCN(C)CC3)=C3OC(C4=CC=CC=C4)=CC(=O)C3=C2O)CC1,0.2497280503499146,4039
504036,CNP0031649.0,CCOC(=O)C1=C(C2=CC=C(OC)C=C2)OC2=CC=C(OC(=O)C3=CC=CO3)C=C12,0.2497263190550089,4040
482928,CNP0161297.1,CC1=NN2C(=N1)N=CC1=C2C=CN(CC(=O)NC[C@@H]2CCCN3CCCC[C@H]23)C1=O,0.24962108311995643,4041
336051,CNP0529784.0,CCOC(=O)C1=C(C2=CC=CC=C2)OC2=CC(Br)=C(OCC3=CC=CC([N+](=O)[O-])=C3)C=C12,0.24960837178149337,4042
144361,CNP0400498.0,CC(C)N1C=C(C(=O)NC2=CC=C3OCOC3=C2)C2=CC=CC=C2C1=O,0.24960584402621244,4043
488951,CNP0347852.3,C/C(NC1=CC=C2OC(=O)C=CC2=C1)=C1/C(=O)C[C@H]2[C@@H]1C2(C)C,0.24953313245296996,4044
204554,CNP0408500.0,CCOC1=CC=CC=C1N1COC2=CC=C3C(=O)C(C4=CC=C(OC)C(OC)=C4)=COC3=C2C1,0.24946494719991538,4045
161170,CNP0401547.0,COC1=CC(C(CC(=O)N2CCN(C)CC2)C2=C(O)C=C(O)C3=C2OC(C2=CC=CC=C2)=CC3=O)=CC2=C1OCO2,0.24946072758368745,4046
84902,CNP0054643.1,CC(=O)C1=CC=CC(NC(=O)O[C@@H]2CO[C@H]3[C@@H]2OC[C@@H]3NC(=O)NC2=CC=C(C(C)(C)C)C=C2)=C1,0.24940543476187982,4047
463727,CNP0069504.0,CC1=CC=CN2C=C(C3=CC=CC=C3)N=C12,0.2493928206546748,4048
475799,CNP0391715.0,COC1=CC=C(C2=CN=C3C4=CC=C(OC)C(OC)=C4C(=O)N4C5=CC=CC=C5C2=C34)C=C1,0.2493912629892449,4049
214862,CNP0589976.0,COC1=CC=C2C(=C1)C(C1=NC(C3=CC=C(O)C(OC)=C3)=C(C3=C(O)C(=O)C=C(C)O3)N1)=CN2CC(=O)O,0.24934363800724466,4050
74660,CNP0035833.1,CCOC1=CC=C(/C=C2\N=C(C3=CC=CC=C3)OC2=O)C=C1OC,0.2493118680149211,4051
446747,CNP0586702.0,O=C(NC1=CC=C(O)C(C2=NC3=CC=CC=C3O2)=C1)C1=CC=C(Br)C=C1,0.24927994207922374,4052
6393,CNP0024356.2,CCS[C@H]1CCN2C(=O)C3=CC(C4=CC=CC=C4)=CC=C3NC(=O)[C@H]12,0.24925369469059266,4053
346764,CNP0413880.1,COCC1=NC2=CC=C(N/C(C)=C3\C(=O)C=C4OC5=C(C(C)=O)C(O)=C(C)C(O)=C5[C@@]4(C)C3=O)C=C2N1,0.24924173922732748,4054
468859,CNP0243437.0,CC1=CC2=C(C(C)=C(CC(=O)O)C(=O)O2)C2=C1C(C1=CC=C(C3=CC=CC=C3)C=C1)=CO2,0.2492147154738352,4055
230427,CNP0555709.0,COC1=CC=CC(C2=C(C3=C(O)C(=O)C=C(C)O3)NC(C3=CC(OC)=C(OC)C=C3OC)=N2)=C1,0.24918296670959564,4056
152057,CNP0338676.1,COC1=CC(OC)=C2C(=O)[C@@]3(OC2=C1Cl)C(=O)C=C(NCCC1=CN2C=CC=CC2=N1)C[C@H]3C,0.24913208630520386,4057
247681,CNP0334733.1,O=C(NC1CCCCC1)N1C[C@@H]2C[C@H](C1)C1=CC=C(C3=CC=CN=C3)C(=O)N1C2,0.24900266950900743,4058
141445,CNP0376289.1,COC1=CC=CC(C2=NC(C#N)=C(N3C[C@H]4C[C@@H](C3)C3=CC=CC(=O)N3C4)O2)=C1,0.24898237177637145,4059
372004,CNP0601816.1,CC1=CC=C2OC=C([C@H]3NC4=CC=CC=C4NC4=C3C(=O)CC(C)(C)C4)C(=O)C2=C1,0.24897587339787294,4060
431251,CNP0561900.0,COC1=CC=CC(C2=C(C3=C(O)C(=O)C=C(C)O3)NC(C3=CC=C(OC)C(OC)=C3C(=O)O)=N2)=C1,0.24897204420104488,4061
21241,CNP0009958.0,CC1=NC2=C(N=C(SCC3=C(C)OC(C4=CC=C(OC(C)C)C=C4)=N3)N2C)C(=O)N1,0.24895379079981297,4062
145651,CNP0547925.0,COC1=C(OC)C(=O)C2=C(C=C3N=C(O)N(C)C3=C2C2=CC=C(OC)C=C2)C1=O,0.24890244880399273,4063
373967,CNP0512483.1,CCC(CC)C(=O)N1CC[C@H]2CC(=O)NC3=CC(C4=CC=CC=C4)=CC=C3OCC[C@H]2C1,0.24888832391192314,4064
261486,CNP0349877.0,O=C1OC(C2=CC=CC=C2)=NC2=CC=C(C3=CC=C4N=C(C5=CC=CC=C5)OC(=O)C4=C3)C=C12,0.24887477706955832,4065
65890,CNP0330937.0,COC1=CC(C2=CC(=O)C3=C(C)OC(C)=C3C(OC)=C2)=CC=C1OC(=O)C1=CC=CC=C1,0.24883207095555496,4066
364036,CNP0164858.0,COC1=CC=C(C2=COC3=C4C(=CC(O)=C3C2=O)OC(=O)CC4C2=CC=CN=C2)C=C1OC,0.24880841961187725,4067
413287,CNP0406217.0,CN1CCN(C(=O)CC(C2=CC=CN=C2)C2=C(O)C(O)=C(O)C3=C2OC(C2=CC=CC=C2)=CC3=O)CC1,0.24878258779709314,4068
440689,CNP0474669.1,CN(C)/C=C(\NC(=O)NC1=CC=C(F)C(F)=C1)C(F)(F)F,0.2487421645734454,4069
404586,CNP0408814.0,COC1=CC=C(C2=COC3=C4CN(CCCO)COC4=CC=C3C2=O)C=C1,0.24872543144226938,4070
33768,CNP0068177.1,COC1=CC=C(C2=CC=C3NC(=O)[C@H]4CN(C(=O)C5=CC=CN=C5)CCN4C(=O)C3=C2)C=C1,0.2485586491084289,4071
301414,CNP0054179.0,COC1=CC=C(C2=C(C)C3=CC(OC(=O)C4=CC=CO4)=CC=C3OC2=O)C=C1,0.24855175762535522,4072
178398,CNP0480590.1,CCCCCCCCOC1=CC=C(/C=C2\N=C(C3=CC=C(OC)C(OC)=C3)OC2=O)C=C1,0.24846906144893408,4073
117009,CNP0337895.0,CC1=C(CC(=O)NC2=CC=C3OCCOC3=C2)C(=O)OC2=CC3=C(C=C12)CCC(C)(C)O3,0.2484676921098412,4074
305114,CNP0381080.1,CC1=C(C2=CC=CC=C2)C2=CC3=C(C=C2O1)OC(=O)C(CC(=O)N1CC[C@@]2(O)CCCC[C@H]2C1)=C3C,0.24842502107393713,4075
388287,CNP0027675.1,COC1=CC=C(S(=O)(=O)OC2=CC=C3C(=O)/C(=C/C4=CC=C(C5=CC=CC=C5)C=C4)OC3=C2)C=C1,0.24837078448622074,4076
210192,CNP0101098.1,O=C1NC2=CC=C(C3=CC=CC=C3)C=C2C(=O)N2CCN(C(=O)C3=CC=CN=C3)C[C@H]12,0.24835659389544884,4077
186900,CNP0103191.0,CC1=C(C2=CC=CC=C2)C2=C(O1)C1=C(C=C2C)OC(=O)C2=C1CCC2,0.2483223433239264,4078
46249,CNP0413207.0,COC1=CC=C2NC(=O)C(C3CC(=O)OC4=CC(O)=C5C(=O)C(C6=CC=CC=C6)=COC5=C43)=CC2=C1,0.24829324493091462,4079
377490,CNP0538960.0,O=C(CC1=CC=CC=C1)NC1=CC=C(O)C(C2=NC3=CC=CC=C3O2)=C1,0.24828485023080105,4080
442430,CNP0211023.0,COC1=CC2=C(C=C1OC)CC(=O)N(CCC(=O)NC1=CC=C3N=C(CC(C)C)NC3=C1)C=C2,0.248279522431769,4081
357887,CNP0345530.0,COC(=O)C1=CC=CC=C1OCC(=O)NC1=CC(NC(C)=O)=CC=C1OC,0.2482279188832771,4082
210291,CNP0586570.0,COC1=CC=C(C(=O)NC2=CC=C(O)C(C3=NC4=CC(C)=CC=C4O3)=C2)C=C1,0.2482202055694722,4083
297027,CNP0409284.0,CC1=CC2=C(C(C3=CC=CC=C3)=CC(=O)O2)C2=C1C(C1=CC3=CC=CC=C3OC1)CC(=O)O2,0.24816050997518843,4084
236634,CNP0210949.0,COC1=CC(OC)=CC(C(=O)NC2=CC=C3OC(C4=CC=CC=C4Cl)=NC3=C2)=C1,0.24813451367483172,4085
31276,CNP0357521.0,COCCCN1COC2=CC=C3C(C)=C(C4=CC=C(OC)C(OC)=C4)C(=O)OC3=C2C1,0.24811075533504692,4086
329673,CNP0171561.1,COC1=CC=CC2=C1OC(=O)C(C1=CC=C(OCC(=O)N3CCC[C@H]3C(N)=O)C=C1)=C2,0.24810951885163082,4087
14533,CNP0372689.0,CCC1=CC2=C(C=C1OCC1=CC=CC(OC)=C1)OC=C(C1=CC=C3OCCCOC3=C1)C2=O,0.24810058832966536,4088
108985,CNP0191218.0,COC1=CC=C(C(=O)COC2=CC=C3OC(=O)C(C4=CC=CC=C4)=C(C)C3=C2)C=C1,0.2480812267329048,4089
422651,CNP0368376.0,CCOC1=CC=C(C2=CC3=CC(OC)=C(OC)C=C3C(CC3=CC=CC=C3)=N2)C=C1,0.24806557488042022,4090
242003,CNP0604439.0,O=C(C1=CC2=NN=C(C3=CC=CC=C3)N2C=C1)N1CCC2(CC1)OCCO2,0.24802784956823792,4091
90201,CNP0458658.0,O=C1OC2=C(CN3CCN(CCO)CC3)C(O)=CC=C2C=C1C1=CC=C(Cl)C=C1,0.2480260534990543,4092
270132,CNP0437222.0,O=C1C(C2=CC=C(Cl)C=C2)=COC2=CC(OCCN3CCN(CCO)CC3)=CC=C12,0.2479476453243529,4093
139924,CNP0403030.0,CC(C)CN1C=NC2=CC=C(NC(=O)CC3=CC=C4CCOC4=C3)C=C2C1=O,0.24794328113352507,4094
483258,CNP0123842.2,COC1=CC=C(CN2CCCC[C@@H]2C(=O)NC2=CC=C(OC)C(OC)=C2)C=C1OC,0.24793670246023716,4095
175230,CNP0203726.0,CCOC(=O)C1=C(C2=CC=CC=C2)OC2=CC=C(OCC(=O)OC(C)(C)C)C=C12,0.24792695249303465,4096
128522,CNP0363514.0,CCOC(=O)C1=C(C2=CC=CC=C2)OC2=CC=C(OCC(=O)C(C)(C)C)C=C12,0.24792695249303465,4097
358427,CNP0370510.1,COC1=CC=C(C2=CNC([C@@H]3COCCN3CC3=CN=CN3)=N2)C=C1,0.2478851608869936,4098
112200,CNP0368780.0,CCOC(=O)OC1=CC(OC(=O)OCC)=C2C(=O)C=C(C3=CC=CC=C3)OC2=C1,0.24788419119699132,4099
270640,CNP0211560.0,COC1=CC2=C(C=C1OC)CN(C(=O)NC1=CC=CC=C1C(=O)NC1=CC=C3OCOC3=C1)CC2,0.24786360891259185,4100
310172,CNP0036945.0,CC1=CC=C(C(=O)C2=C(C)C3=CC=C(NC(=O)C4=CC=CC=C4Cl)C=C3O2)C=C1,0.24785075301107198,4101
159235,CNP0154049.0,COC1=CC(C(CC(=O)N2CCN(C)CC2)C2=C(O)C=C(O)C3=C2OC(C2=CC=CC=C2)=CC3=O)=CC=C1O,0.24784555204113778,4102
412255,CNP0177237.0,COC1=CC=C(C2=C(CC(=O)O)C3=C(O2)C2=CC=CC=C2OC3=O)C=C1,0.24779596630353662,4103
211905,CNP0334155.0,COC1=CC=C(C2=CC3=CC=C(OC(=O)C4=C(OC)C=CC=C4OC)C=C3OC2=O)C=C1,0.24778208695001844,4104
203991,CNP0442910.2,CO[C@H]1CO[C@@H]2[C@@H]1OC[C@@H]2N1C=C(C2=CC=CC=C2)N=N1,0.24776708982940462,4105
371729,CNP0454321.0,CC1=CC=C(C2=CC=C3NC(=C4C(=O)C5=CC=CC=C5C4=O)C=CC3=C2)C=C1,0.24776262608480565,4106
139700,CNP0033317.1,CSC1=CC=C(C2=CC=C3NC(=O)[C@H]4CN(C(=O)COC5=CC=CC=C5)CCN4C(=O)C3=C2)C=C1,0.24776055811642014,4107
336431,CNP0117258.1,CC[C@@H](C)OC(=O)CSC1=NC2=CC=C(NC(C)=O)C=C2S1,0.24775437338890374,4108
328687,CNP0117258.2,CC[C@H](C)OC(=O)CSC1=NC2=CC=C(NC(C)=O)C=C2S1,0.24775437338890374,4109
475283,CNP0512368.0,CCOC(=O)C1=C(C2=NC(C3=CC=CC(OC)=C3)=C(C3=C(O)C(=O)C=C(C)O3)N2)C2=CC=CC=C2N1,0.24772092376990337,4110
204948,CNP0536631.1,O=C(C1=CC(C2=CC=CC=C2)=NN1)N1CC2C[C@@H](C1)CN1C2=CC=C([N+](=O)[O-])C1=O,0.24769991297671573,4111
49767,CNP0069772.1,C[C@@H]1C(=O)O[C@H]2[C@H]1CC[C@@]1(C)CC3=C(N=C(NC(=O)C4=CC=CN4C)S3)[C@@H](C)[C@H]21,0.24768864374309246,4112
179980,CNP0384540.0,COC(=O)C1=CC=C(C(=O)OC)C(NCC2=CC(=O)OC3=CC(C4=CC=CC=C4)=C(O)C=C23)=C1,0.2476771454683504,4113
104981,CNP0501261.0,O=P(C1=CC=CC=C1)(C1=CC=CC=C1)C1=CC(C2=CC=CC=C2)=CC(C2=CC=CC=C2)=[O+]1,0.24766139817549063,4114
143591,CNP0410799.0,O=C1CC(C2=CC=C(C3=CC=C(C(=O)O)C=C3)O2)C2=CN(CC3=CC=CC=C3)C3=CC=CC(=C23)N1,0.24763120733827335,4115
171289,CNP0257731.0,CCC1=CC=CC=C1N1COC2=CC=C3C(=O)C(C4=CC=C(OC)C(OC)=C4)=COC3=C2C1,0.2475971204793314,4116
439868,CNP0483358.0,COC1=CC(C2=C(C3=C(O)C(=O)C=C(C)O3)NC(C3=CC=CN=C3)=N2)=CC=C1O,0.24759660022225213,4117
477754,CNP0489913.0,COC1=CC=C(C2=C(O)C3=CC=C4OC(=O)CC(C5=CC6=CC=CC7=C6N(CCC7)C5=O)C4=C3OC2=O)C=C1OC,0.24757709189250623,4118
471707,CNP0306679.1,COC1=CC=C(C2=CC(C(=O)N3C[C@@H]4C[C@@H](C3)C3=CC=CC(=O)N3C4)=C3C=CC=CC3=N2)C=C1,0.24749594954217943,4119
259981,CNP0496015.1,O=C1C[C@@H]2CCN(CC3=CC=C(O)C(O)=C3)C[C@@H]2CCOC2=CC=C(C3=CC=CN=C3)C=C2N1,0.24747747438217843,4120
497266,CNP0318398.1,CC(=O)NC1=CC=C(C2=CC=C3[C@@H]4C[C@@H](CN(C(=O)C5=CC=CO5)C4)CN3C2=O)C=C1,0.24735414066301686,4121
36874,CNP0298995.1,COC1=CC=C(C2=CC(=O)OC3=C(C)C(O[C@@H](C(=O)O)C4=CC=CC=C4)=CC=C23)C=C1,0.2473519364475856,4122
423426,CNP0169758.0,CC1=C(C(=O)C2=CC=C(Cl)C=C2)OC2=CC=C(NC(=O)C3=CC=C(Br)C=C3)C=C12,0.24729460784114807,4123
334543,CNP0401419.0,COC1=CC(C(CC(=O)N2CCN(C)CC2)C2=C(O)C=C(O)C3=C2OC(C2=CC=CC=C2)=CC3=O)=CC2=C1OCCO2,0.24728026744636497,4124
285626,CNP0260575.0,CN1C(=O)C2=NC3=CC=C(NC(=O)C4=CC=CC=C4)C=C3N=C2N(C)C1=O,0.24716820603167533,4125
110063,CNP0292644.0,COC1=CC=C2C=C(C3CC(=O)OC4=C(O)C(O)=C5C(=O)C=C(C6=CC=CC=C6)OC5=C43)C(=O)NC2=C1,0.24716528481584418,4126
171086,CNP0067514.0,CCOC(=O)C1=C(C2=CC=CC=C2)OC2=CC=C(OC(=O)N3CCOCC3)C=C12,0.2471275174811254,4127
435166,CNP0193904.2,COC1=CC=C(C2=COC3=C4C(=CC(O)=C3C2=O)OC(=O)C[C@@H]4C2=CC=CC(O)=C2)C=C1,0.24711832062528782,4128
407692,CNP0512233.0,CCN(CC)C1=CC=C2C=C(C(=O)NC3=CC=C(OC)C(OC)=C3)C(=O)OC2=C1,0.24711397659311424,4129
452685,CNP0044227.0,CN1N=C(C2=CC=CC=C2)C2=C(Br)C=C(Br)C2=C1C1=CC=CC=C1,0.2471016828945006,4130
261475,CNP0056632.1,O=C1O[C@@H]2[C@H]3[C@@H]([C@H]1C[C@H]2O)N(CC1CCCCC1)C(=S)N3CC1=CC=C(C2=CC=CC=N2)C=C1,0.24709946801250904,4131
62173,CNP0540399.0,CC1=CC=CC(C2=NOC(C3=CC=C(N4CCC5(CC4)OCCO5)N=C3)=N2)=C1,0.24709107715600592,4132
17506,CNP0184367.0,COC1=CC=C2C(=O)C(C3=CN(C4=CC=CC=C4)N=C3)=COC2=C1,0.24708814733301065,4133
69342,CNP0035331.0,CC(=O)NC1=CC=C(O)C(C(C)=O)=C1,0.24708608926455022,4134
158297,CNP0597244.1,CC1=CC=C(NC(=O)[C@H]2[C@H]3C=C[C@@]4(O3)[C@H]2C(=O)N(CCCN(C)CC2=CC=CC=C2)[C@@H]4C(=O)NC2CCCCC2)C=C1C,0.24708523865213977,4135
73528,CNP0597244.2,CC1=CC=C(NC(=O)[C@@H]2[C@H]3C=C[C@@]4(O3)[C@H]2C(=O)N(CCCN(C)CC2=CC=CC=C2)[C@@H]4C(=O)NC2CCCCC2)C=C1C,0.24708523865213977,4136
408559,CNP0588687.0,CCC1=NN=C(C2=CC=C3C=CN(CC(=O)N4CCC5(CC4)OCCO5)C3=C2)O1,0.24708336105234602,4137
130980,CNP0460345.1,O[C@@H]1C[C@@H](C2=NC(C3=CC=NC=C3)=NO2)N(CCCC2=CC=CC=C2)C1,0.24706802744128858,4138
57188,CNP0201555.2,CC1(C)C[C@@H](C(=O)COC2=CC=C3C(C4=CC=CC=C4)=CC(=O)OC3=C2)CCO1,0.24706797111378798,4139
179033,CNP0201555.1,CC1(C)C[C@H](C(=O)COC2=CC=C3C(C4=CC=CC=C4)=CC(=O)OC3=C2)CCO1,0.24706797111378798,4140
309855,CNP0406812.0,COC1=CC=C(CC(=O)NC2=CC=C3N=CN(CCC(C)C)C(=O)C3=C2)C=C1,0.24705433375530805,4141
476145,CNP0502752.1,COC1=CC=CC(C2=C(O)C3=CC=CC=C3O/C2=[NH+]\C(=O)C2=CC=CO2)=C1,0.24704265263537084,4142
342157,CNP0222890.0,COC1=CC=C(C2CC(=O)OC3=C2C(C)=CC2=C3C(C3=CC=CC=C3)=CC(=O)O2)C(OC)=C1OC,0.24703601221482355,4143
351888,CNP0359005.0,COC1=CC(C2CC(=O)OC3=C2C(C)=CC2=C3C(C3=CC=CC=C3)=CC(=O)O2)=CC=C1OCC(=O)O,0.2470277430419606,4144
42507,CNP0306382.0,CCOC(=O)C1=C(C2=CC=C(OC)C=C2)OC2=CC=C(OCC3=CC=CC(Cl)=C3)C=C12,0.24700329988721903,4145
180907,CNP0228691.0,CC1=CC2=C(C(C)=C1Cl)C(C)=C(C1=CC=CC(Cl)=C1)C(=O)O2,0.24696396099883994,4146
332726,CNP0389675.0,COC1=CC=C(C(CC(=O)NC2=CC=C3C(C)=CC(=O)NC3=C2)C2=C(O)C=C(C)OC2=O)C(OC)=C1OC,0.2469611884307055,4147
184253,CNP0207155.0,COC1=CC=C(C2=C(C)C3=CC(OC(=O)C4=CC=CC=C4C)=CC=C3OC2=O)C=C1,0.24695582295547006,4148
246361,CNP0070108.1,CC(=O)NC1=CC=C(O)C(C(=O)/C=C/C2=CC=CC=C2F)=C1,0.24694013074046048,4149
452503,CNP0155194.0,CCC(=O)OC1=CC=C2OC(=O)C(C3=CC=CC=C3)=C(C)C2=C1,0.24693940021217597,4150
286390,CNP0532660.2,C/C=C1/CN2C=CC3=C4C=CC=CC4=NC3=C2CC1C(=COC1OC(CO)C(O)C(O)C1O)C(=O)OC,0.2468857370807448,4151
14306,CNP0133580.0,CCOC(=O)C1=C(C2=CC=CC=C2)OC2=CC=C(OCC3=CC=CC(Cl)=C3)C=C12,0.24686220282596008,4152
448829,CNP0300342.2,CC[C@H](SC1=NC2=C(N=CNC2=O)N1C)C(=O)NC1=CC=C(OC)C(Cl)=C1,0.24681974006622562,4153
352934,CNP0407580.1,COC1=CC2=C(C=C1OC)CN(C(=O)N[C@@H](CC(C)C)C(=O)NC1=CC=C3OCCOC3=C1)CC2,0.24679623311618853,4154
277323,CNP0030104.1,O=C(CC1=CC=CC=C1)NC1=CC=C2[C@@H]3C[C@@H](CN(C(=O)C4=CC=C(C5=CC=CC=C5)C=C4)C3)CN2C1=O,0.24678711558830407,4155
337133,CNP0365751.0,COC1=CC=C2OC(C)=C(C(=O)NC3=CC=C(C)C(C)=C3)C2=C1,0.24670782208077743,4156
96915,CNP0178190.0,COC1=CC2=C(C=C1OC)C1=CC(C3=CC4=CC=CC=C4O3)=CN1CC2,0.24668328818327598,4157
379486,CNP0011529.1,O=C(NC1=CC=CC(O)=C1)[C@H]1C[N@@]2CC[C@@H]1C[C@@H]2CN1C=C(C2=CC=CC=N2)N=N1,0.24668112016068677,4158
429622,CNP0550309.0,NC1=NC(C2=CC=CN=C2)=CC2=NC(C3=CC=CO3)=NN12,0.24666803311676344,4159
474432,CNP0029231.0,COC1=CC=CC(C(=O)OC2=CC=C3OC(=O)C(C4=CC=C(OC)C(OC)=C4)=C(C)C3=C2)=C1,0.24663818139691732,4160
325793,CNP0398055.0,COC1=CC2=C(C=C1OC)CN(CC1=CC(=O)C(OCC(=O)NC3=CC=C4OCOC4=C3)=CO1)CC2,0.24660187362935068,4161
442642,CNP0025808.0,COC1=CC=C(OC)C(C(=O)C2=C(C)C3=CC=C(NC(=O)C4=CC=CC=C4OC)C=C3O2)=C1,0.24655000579457464,4162
367905,CNP0485187.0,CC1=C(C(=O)NC2=CC=C(Br)C(C)=C2)C2(CCC(C)CC2)OC1=O,0.24652951118316024,4163
75915,CNP0053033.0,COC1=CC=C(C(=O)OC2=CC=C3OC(=O)C(C4=CC=CC=C4)=C(C)C3=C2)C=C1,0.24651379948093702,4164
170462,CNP0570433.0,CCOC(=O)NC1=CC=C2CCC3=CC=CC=C3N(C(=O)CCN3CCN(CCO)CC3)C2=C1,0.24643283554925763,4165
308863,CNP0136322.0,COC1=CC(OC)=C(C2CC(=O)OC3=C2C(C)=CC2=C3C(C3=CC=CC=C3)=CC(=O)O2)C=C1OC,0.24641955812308755,4166
357303,CNP0365304.0,COC1=CC=C2NC=C(C3=NC(C4=CC=CC=C4)=C(C4=C(O)C(=O)C=C(C)O4)N3)C2=C1,0.2464172037106082,4167
179122,CNP0225170.0,COC1=CC=C(C2=CC(=O)OC3=C4CN(CCCO)COC4=CC=C23)C=C1,0.24639280870518823,4168
105261,CNP0515674.0,COC1=CC=C(CC(=O)NC2=CC=C(C)C(C)=C2)C=C1,0.2463521700868632,4169
56794,CNP0108512.0,CCOC(=O)C1=C(C2=CC=CC=C2)OC2=CC=C(OC)C=C12,0.24635177582155923,4170
224084,CNP0054056.1,O=C(NC1CCCCC1)N1C[C@@H]2C[C@H](C1)C1=CC=C(C3=CN=CN=C3)C(=O)N1C2,0.2463409872935221,4171
448959,CNP0333681.0,O=C1CC(C2=CC3=CC=CC=C3NC2=O)C2=C(C=C(O)C3=C2OC=C(C2=CC=C(O)C=C2)C3=O)O1,0.24627150096294756,4172
245566,CNP0393227.0,COC1=CC(C)=CC2=C1C(C)=C(CC(=O)NC1=CC=C3NC=CC3=C1)C(=O)O2,0.24618535782118756,4173
170136,CNP0193904.1,COC1=CC=C(C2=COC3=C4C(=CC(O)=C3C2=O)OC(=O)C[C@H]4C2=CC=CC(O)=C2)C=C1,0.24617715602190107,4174
215836,CNP0198953.0,C=C(C)COC1=CC(C)=CC2=C1C(C)=C(CC(=O)NC1=CC=C3OC(=O)C=CC3=C1)C(=O)O2,0.24617444144799663,4175
493933,CNP0604096.0,CC1=CC(=O)C(O)=C(C2=C(C3=CC=CC=C3)N=C(C3=CNC4=CC(C(=O)O)=CC=C34)N2)O1,0.2461725105489498,4176
349102,CNP0566638.1,CC1=CC=C(NC(=O)[C@H]2[C@H]3C=C[C@@]4(O3)[C@H]2C(=O)N([C@H](C)C2=CC=CC=C2)[C@@H]4C(=O)NC2CCCCC2)C=C1C,0.24616997654797942,4177
451441,CNP0402482.1,COCCN1C=CC2=CC(C(=O)NC3=CC=C4NC(=O)[C@@H]5CCCN5C(=O)C4=C3)=CC=C21,0.24616236580608755,4178
408420,CNP0602909.4,CCCCN(C)CCN1C(=O)[C@H]2[C@H](C(=O)NC3=CC=CC(OC)=C3)[C@H]3C=C[C@@]2(O3)[C@@H]1C(=O)N[C@H]1CCCC[C@@H]1C,0.24611743598373054,4179
176675,CNP0602909.3,CCCCN(C)CCN1C(=O)[C@H]2[C@H](C(=O)NC3=CC=CC(OC)=C3)[C@H]3C=C[C@@]2(O3)[C@@H]1C(=O)N[C@@H]1CCCC[C@H]1C,0.24611743598373054,4180
72647,CNP0602909.1,CCCCN(C)CCN1C(=O)[C@H]2[C@H](C(=O)NC3=CC=CC(OC)=C3)[C@H]3C=C[C@@]2(O3)[C@@H]1C(=O)N[C@H]1CCCC[C@H]1C,0.24611743598373054,4181
265948,CNP0602909.2,CCCCN(C)CCN1C(=O)[C@H]2[C@H](C(=O)NC3=CC=CC(OC)=C3)[C@H]3C=C[C@@]2(O3)[C@@H]1C(=O)N[C@@H]1CCCC[C@@H]1C,0.24611743598373054,4182
269218,CNP0368731.0,COC1=CC=C(C2=CC3=CC(OC)=C(OC)C=C3C(CC3=CC=CC=C3)=N2)C=C1C,0.24609919845003975,4183
501806,CNP0035115.0,COC1=CC=C(C2=C(C)C3=CC(OCC4=CC=CC=C4)=CC=C3OC2=O)C=C1,0.24609315343964333,4184
101559,CNP0452674.0,O=C1C(C2=CC=C(Br)C=C2)=COC2=CC(OCCN3CCN(CCO)CC3)=CC=C12,0.24608448901072766,4185
56393,CNP0028330.0,COC1=CC=C(C2=C(C)C3=CC(OCC(=O)C4=CC=CC=C4)=CC=C3OC2=O)C=C1,0.24606189712966356,4186
98037,CNP0231138.1,COC1=C(C(=O)CCC2=CC=CC=C2)C(O)=C(O)C2=C1/C(=C/C1=CC=CC=C1)C(=O)O2,0.24605798539763427,4187
104356,CNP0039453.0,O=C1OC2=CC=CC=C2C=C1C1=CC=C(OCC2=CC=CC=C2)C=C1,0.24605695368059544,4188
285691,CNP0505920.0,CCN(CC)CCCN1C(C2=CC=C(Cl)C=C2)=CN2C3=CC=CC=C3N=C12,0.24603981929520857,4189
245459,CNP0034959.0,COC1=CC=CC(OC)=C1C(=O)OC1=CC=C2OC(=O)C(C3=CC=CC=C3)=C(C)C2=C1,0.2460382499278787,4190
230417,CNP0565136.2,CCOCCCN1C(=O)[C@H]2[C@@H](C(=O)NC3=CC=C(Cl)C(Cl)=C3)[C@@]3(C)C=C[C@@]2(O3)[C@H]1C(=O)NC1CCCCC1,0.24601117129179567,4191
92809,CNP0565136.1,CCOCCCN1C(=O)[C@H]2[C@@H](C(=O)NC3=CC=C(Cl)C(Cl)=C3)[C@@]3(C)C=C[C@@]2(O3)[C@@H]1C(=O)NC1CCCCC1,0.24601117129179567,4192
74236,CNP0315222.0,CC1=CC2=C(C(C)=C(CC(=O)O)C(=O)O2)C2=C1C(C1=CC=CC=C1)=CO2,0.24600871944279143,4193
239816,CNP0270926.1,O=C(C1=CNN=C1C1=CC=C2OCCOC2=C1)N1C[C@@H]2C[C@H](C1)C1=CC=CC(=O)N1C2,0.24599767291817656,4194
215591,CNP0214022.1,CC(C)C1=C(C(=O)NC[C@@H]2CCCN3CCCC[C@H]23)N=C(N2C=CC=C2)S1,0.24599311912540933,4195
167208,CNP0588064.0,O=C1C=CC2(C=C1)OCC(C1=CC=CC(C3=CSC=C3)=C1)O2,0.24599272915402198,4196
140698,CNP0376657.2,O=C(N[C@@H](CC1=CNC2=CC=CC=C12)C(=O)NC1=CC=C2OCOC2=C1)[C@@H]1CC2=CC=CC=C2CN1,0.245927136769996,4197
97335,CNP0387840.2,O=C(N[C@@H](CC1=CNC2=CC=CC=C12)C(=O)NC1=CC=C2OCCOC2=C1)[C@@H]1CC2=CC=CC=C2CN1,0.245927136769996,4198
475120,CNP0422684.4,CN1C(=O)[C@H]2CCC[C@@]23N(C2=CC=CC=C2)N=C(C2=CC=C(Cl)C=C2)N3C2=CC=CC=C21,0.24592161449305697,4199
12743,CNP0408265.0,COC1=CC=C(C2=COC3=C4CN(CCCOC(C)C)COC4=CC=C3C2=O)C=C1,0.24588707076934724,4200
55455,CNP0411131.1,CC(=O)C1=CC(N/C(C)=C2\C(=O)C=C3OC4=C(C(C)=O)C(O)=C(C)C(O)=C4[C@@]3(C)C2=O)=CC=C1O,0.24586801122316046,4201
428051,CNP0209463.1,CC1(C)CCC2=C(C=C(OCC(=O)NCCN3C[C@H]4C[C@@H](C3)C3=CC=CC(=O)N3C4)C3=C2OC(=O)C=C3C2=CC=CC=C2)O1,0.2458612202081703,4202
140096,CNP0289620.0,CCOC(=O)C1=C(C2=CC=C(OC)C=C2)OC2=CC=C(OCC(=O)C3=CC=CC=C3)C=C12,0.24586055695009854,4203
207029,CNP0253646.0,COC1=CC=C(C2CC(=O)OC3=C2C(C)=CC2=C3C(C3=CC=CC=C3)=CC(=O)O2)C(OC)=C1,0.24584390690834346,4204
209040,CNP0491064.0,COC1=CC=CC(C2=C(C3=C(O)C(=O)C=C(C)O3)NC(C3=CC4=CC(OC)=CC=C4NC3=O)=N2)=C1,0.24583951921403405,4205
195166,CNP0587494.1,CCC(=O)N1CC[C@H]2CC(=O)NC3=CC(C4=CC=CC=C4)=CC=C3OCC[C@H]2C1,0.24576964646700244,4206
42415,CNP0003387.0,CN1C(=O)CN=C(C2=CC=CC=C2)C2=CC=CC=C21,0.24574048502397786,4207
152429,CNP0051469.0,CCOC(=O)C1=C(C2=CC=CC=C2)OC2=CC=C(OCC3=CC=CC=C3Cl)C=C12,0.24573336896638798,4208
3450,CNP0401926.0,CN1CCN(C(=O)CC(C2=CC3=CC=CC=C3OC2)C2=C(O)C=C(O)C3=C2OC(C2=CC=CC=C2)=CC3=O)CC1,0.2457084467671113,4209
351469,CNP0180797.3,COC1=C(O[C@@H]2O[C@@H](C)[C@H](O)[C@@H](O)[C@H]2O)C=C2OC=C(C3=CC=CC=C3)C(=O)C2=C1O,0.24565062951306868,4210
134768,CNP0180797.1,COC1=C(O[C@@H]2O[C@@H](C)[C@H](O)[C@H](O)[C@H]2O)C=C2OC=C(C3=CC=CC=C3)C(=O)C2=C1O,0.24565062951306868,4211
451477,CNP0408730.0,COCCN1COC2=CC=C3C(=O)C(C4=CC=C(OC)C=C4)=COC3=C2C1,0.2456404459006164,4212
95543,CNP0240858.0,CCCN1COC2=CC=C3C(=O)C(C4=CC=C(OC)C=C4)=COC3=C2C1,0.2456404459006164,4213
208126,CNP0277761.1,CC1=CC=C2C(=C1)C=CN2CCC(=O)N1CC[C@@]2(O)CCCC[C@H]2C1,0.24563197227116362,4214
167614,CNP0401985.1,O=C(CC[C@@H]1NC(=O)C2=CC=CC=C2NC1=O)NC1=CC=C2OC=CC(=O)C2=C1,0.24561871678638567,4215
262155,CNP0064400.1,COC1=CC=C(C2=CC=C3NC(=O)[C@H]4CN(C(=O)COC5=CC=CC=C5)CCN4C(=O)C3=C2)C=C1,0.24561794917921237,4216
497079,CNP0127611.0,O=C1OC2=CC(O)=C(O)C=C2C2=C1N(CCC1=CC=C(O)C(O)=C1)C=C2C1=CC=C(O)C(O)=C1,0.24559596845122303,4217
74357,CNP0101368.0,COC1=CC=C(C2=C(C3=CC=CC=C3)C3=CC(Cl)=C(C)C=C3OC2=O)C=C1,0.24558038592340878,4218
313773,CNP0254174.0,CC(C)N1C=NC2=CC=C(NC(=O)CCC3=CC=C4OCCC4=C3)C=C2C1=O,0.245572735658603,4219
41635,CNP0009962.0,CCOC1=CC=C(C2=NC(CSC3=NC4=C(N=C(C)NC4=O)N3C)=C(C)O2)C=C1,0.2455484476379202,4220
368637,CNP0370819.0,CCOC(=O)COC1=CC=C2OC(C3=CC=CC=C3)=C(C(=O)OCC)C2=C1,0.24553959579319248,4221
357518,CNP0063753.0,C=C(C)COC1=CC=C2OC(C3=CC=CC=C3)=C(C(=O)OCC)C2=C1,0.24553959579319248,4222
110154,CNP0399245.0,O=C(CN1C=CC2=CC=CC=C21)N1CCC2=C(C1)C1=CC=CC=C1N2,0.24550202382108416,4223
321597,CNP0242560.0,O=C1CC(C2=CNN=C2C2=CC=CC=C2)C2=C(C=C(O)C3=C2OC(C2=CC=C(O)C(O)=C2)=C(O)C3=O)O1,0.2454848089160955,4224
125587,CNP0568482.0,CC1=CC(NC(=O)CN2C=NC3=C2C(=O)N(C)C(=O)N3C)=CC=C1Br,0.2454523107454384,4225
117940,CNP0366589.1,CCOC1=CC(C2=CC=C(O)C(OC)=C2)=C/C(=N\C2=CC=CC(OC)=C2)C2=C(C)OC(C)=C12,0.24538307009209562,4226
127512,CNP0146491.1,CCOC1=CC(C2=CC=C(O)C(OC)=C2)=C/C(=N\C2=CC=CC(C)=C2)C2=C(C)OC(C)=C12,0.24538307009209562,4227
494272,CNP0117524.0,O=C1OC(=O)C2=C3C1=CC=C(C1=CC=CC=C1)C3=C1OCOC1=C2,0.24536158456664586,4228
277240,CNP0369283.0,COC1=CC=C(C2=COC3=C(C)C(OCCN4CCC(C(N)=O)CC4)=CC=C3C2=O)C=C1,0.24535951728552116,4229
410603,CNP0011529.3,O=C(NC1=CC=CC(O)=C1)[C@H]1CN2CC[C@@H]1C[C@@H]2CN1C=C(C2=CC=CC=N2)N=N1,0.24527375844200883,4230
8513,CNP0383304.2,CO[C@H]1CCN2C(=O)C3=CC(C4=CC=CC=C4)=CC=C3NC(=O)[C@H]12,0.24525510962257588,4231
247080,CNP0185337.0,COC1=CC(OC)=C2C(C)=C(CC(=O)NC3=CC=C4NC=CC4=C3)C(=O)OC2=C1,0.2452378084895714,4232
76744,CNP0493404.0,O=C(O)CC1=C(C2=CC=CC=C2)OC2=C(O)C=C3C4=C(CCCC4)C(=O)OC3=C12,0.24522485977953518,4233
46029,CNP0321902.0,COC1=CC=C(C2=COC3=C(C)C(OCCN4CCC(C)CC4)=CC=C3C2=O)C=C1,0.2452143345927196,4234
281067,CNP0583939.3,CCN1CCN(CCCN2C(=O)[C@@H]3[C@H](C(=O)NC4=CC=C(C)C(C)=C4)[C@@H]4C=C[C@@]3(O4)[C@@H]2C(=O)N[C@@H]2CCC[C@@H](C)[C@H]2C)CC1,0.24520386736323962,4235
124844,CNP0442910.1,CO[C@@H]1CO[C@H]2[C@@H]1OC[C@@H]2N1C=C(C2=CC=CC=C2)N=N1,0.2451444265891724,4236
25763,CNP0514742.0,O=C(NNC1=CC=CC=C1)NC1=CC2=NSN=C2C=C1,0.2451119899351405,4237
91210,CNP0031438.1,CSC1=CC=C(C2=CC=C3[C@@H]4C[C@@H](CN(C(=O)NC5=CC=CC=C5)C4)CN3C2=O)C=C1,0.24511160964299342,4238
308588,CNP0059507.0,COC1=CC=CC(COC2=CC=C3OC(=O)C(C4=CC=CC=C4)=C(C)C3=C2)=C1,0.24509921602929835,4239
239001,CNP0509050.0,CCOC(=O)C1=C(C2=CC=CC=C2)OC2=C([N+](=O)[O-])C=C([N+](=O)[O-])C=C12,0.24509608675742378,4240
22516,CNP0586920.0,O=[N+]([O-])C1=CC(C2=CN3C=CC=CC3=N2)=CC=C1I,0.24503070618246447,4241
48845,CNP0536703.1,CC1=NOC(C)=C1C1=CC=C2OC[C@H]3CN(C(=O)COC4=CC=CC=C4)CCN3CC(=O)NC2=C1,0.24499210216723022,4242
80498,CNP0015959.1,COCCOC1=CC(C2=NOC([C@@H]3CCCN3C3CCN(C)CC3)=N2)=CC=N1,0.24499195510586128,4243
37312,CNP0468710.0,CCCN1CCC(C2=CC=CC=C2)=N1,0.24493076905461839,4244
495605,CNP0408321.1,COC1=CC=C(NC(=O)/C=C2\NCCC3=CC4=C(C=C23)OCCCO4)C=C1OC,0.24492400279403576,4245
28065,CNP0266896.1,COC1=CC=C(C2=C/C(=C3/N=C(C4=CC=CC=C4)OC3=O)C3=CC=CC=C3O2)C=C1OC,0.24486192163800305,4246
183024,CNP0364554.0,O=C(CNC(=O)N1CCC2=C(C1)NC1=CC=CC=C21)NC1=CC=C2OCCOC2=C1,0.24485402244217214,4247
257190,CNP0422684.3,CN1C(=O)[C@H]2CCC[C@]23N(C2=CC=CC=C2)N=C(C2=CC=C(Cl)C=C2)N3C2=CC=CC=C21,0.24478566774899543,4248
308402,CNP0422684.2,CN1C(=O)[C@@H]2CCC[C@@]23N(C2=CC=CC=C2)N=C(C2=CC=C(Cl)C=C2)N3C2=CC=CC=C21,0.24478566774899543,4249
125507,CNP0420313.0,O=C1CC(C2=CC3=CC=CC4=C3N(CC4)C2=O)C2=C(C=C(O)C3=C2OC=C(C2=CC=CC=C2)C3=O)O1,0.24476161597156296,4250
115397,CNP0299827.0,COCCCN1COC2=CC=C3C(=O)C(C4=CC=C(OC)C(OC)=C4)=C(C)OC3=C2C1,0.2447253849279827,4251
234689,CNP0039808.0,CCOC(=O)C1=C(C2=CC=CC=C2)OC2=CC=C(OC(=O)C3=CC=CO3)C=C12,0.24466647608996037,4252
80155,CNP0120942.0,O=C1CC(C2=CC3=CC=CC=C3NC2=O)C2=C(C=CC3=C2OC=C(C2=CC=C(O)C=C2)C3=O)O1,0.24464478932558087,4253
364423,CNP0402188.0,CN1CCN(C(=O)CC(C2=CC=C3N=CC=CC3=C2)C2=C(O)C=C(O)C3=C2OC(C2=CC=CC=C2)=CC3=O)CC1,0.24457202858281543,4254
218652,CNP0482939.0,CN1C(O)=NC2=NN=C(C3=CC=CN=C3)N=C2C1=O,0.24455888252038985,4255
157298,CNP0476888.0,CC1=CC=CC=C1COC1=CC=C2OC(C3=CC=CC=C3)=C(C(=O)O)C2=C1,0.2445370421031009,4256
440594,CNP0531590.2,CC1(C)C[C@@]2(CCO1)OC(=O)C[C@H]2C(=O)NC1=CC=C(Cl)C(Cl)=C1,0.24452523818292682,4257
100620,CNP0520165.0,CCOC(=O)C1=C(C2=CC=C(OC)C(OC)=C2)C(=O)C2=CC=C(OC(=O)C3=CC=CC([N+](=O)[O-])=C3)C=C2O1,0.24452360949869698,4258
340690,CNP0048279.0,CC1=C(C2=CC=CC=C2)C(=O)OC2=CC=C(OC(=O)C(C)C)C=C12,0.24450758871956357,4259
492615,CNP0418189.0,COC1=CC2=C3C(=CC=C(C4=CC=CC=C4)C3=C1OC)C(=O)C=C2,0.24449508070756681,4260
306550,CNP0167867.0,COC1=CC2=C3C(=CC=C(C4=CC=CC=C4)C3=C1OC)C=CC2=O,0.24449508070756681,4261
432195,CNP0422684.1,CN1C(=O)[C@@H]2CCC[C@]23N(C2=CC=CC=C2)N=C(C2=CC=C(Cl)C=C2)N3C2=CC=CC=C21,0.2444397604183283,4262
130369,CNP0176152.1,COC1=CC=C(/C=C2/N=C(C3=CC(OC)=C(OC)C(OC)=C3)OC2=O)C=C1,0.24441377563186661,4263
357846,CNP0026792.1,O=C(NC1=CC=C(Cl)C=C1)N1C[C@@H]2C[C@H](C1)C1=CC=C(C3=CC=C(Cl)C=C3)C(=O)N1C2,0.24440919625324717,4264
12657,CNP0178152.0,COC1=CC2=C(C(OC)=C1C1=COC(C)=C(OC)C1=O)C(=O)C=C(C1=CC=CC=C1)O2,0.244401697674904,4265
202904,CNP0487341.0,CCOC(=O)C1=C(C2=NC(C3=CC=C(O)C(OC)=C3)=C(C3=C(O)C(=O)C=C(C)O3)N2)C2=CC=CC=C2N1,0.24436888964054718,4266
486399,CNP0498496.0,CC1=CC(NC(=O)CN2C(=O)OC3=CC=CC=C32)=CC=C1N1C(=O)C2=CC=C(Cl)C=C2C1=O,0.2443515723838731,4267
112723,CNP0078145.1,CS(=O)(=O)OC1=CC=C2C(=O)/C(=C/C3=CC=C(C4=CC=CC=C4)C=C3)OC2=C1,0.24433503485655958,4268
271899,CNP0563784.0,COC1=CC(C2=CC(C3=C(O)C=CC=C3O)=NN2)=CC(OC)=C1O,0.2443148088459907,4269
266323,CNP0062999.0,CC1=CC2=C(C=C1Cl)C(=O)C(C1=CC=CC=C1)=CO2,0.24428715934516762,4270
104958,CNP0408452.0,CC1=C(C2=CC=CC=C2)C(=O)C2=CC=C(O)C(CN3CCN(CCO)CC3)=C2O1,0.24426420907158744,4271
474234,CNP0583400.0,COC1=CC=CC(C2=C(C3=C(O)C(=O)C=C(C)O3)NC(C3=CC=C(O)C=C3O)=N2)=C1,0.24426170917456416,4272
405816,CNP0010383.0,CC1=CC=C(N2C(SCC(=O)NC3=CC=C4OCOC4=C3)=NC3=C2N=CNC3=O)C=C1,0.24421911312384695,4273
408980,CNP0052835.0,CC1=C(C2=CC=CC=C2)C(=O)OC2=CC=C(OCC(=O)OC(C)C)C=C12,0.24419177212837448,4274
352890,CNP0026630.0,CC1=C(C(=O)C2=CC=C(Cl)C=C2)OC2=CC(NC(=O)C3CCCCC3)=CC=C12,0.24413265644768178,4275
224185,CNP0593547.0,C1=CC=C(C2=NOC(C3=NNC=C3)=C2)C=C1,0.2440654415341979,4276
203432,CNP0294964.1,CC(C)[C@]1(C)N=C(C2=CC=CC=C2)N(C)C1=O,0.24402736723200502,4277
183311,CNP0069676.1,CC(C)C[C@]1(C)N=C(C2=CC=CC=C2)N(C)C1=O,0.24402736723200502,4278
100343,CNP0199810.0,COC1=C2C=CC(C)(C)OC2=CC2=C1C(=O)C=C(C1=CC=CC=C1)O2,0.2440132482265166,4279
116775,CNP0113761.0,CC1=CC=C(C2=C(CC(=O)O)C3=C(O2)C2=CC=CC=C2OC3=O)C=C1,0.2440109922542453,4280
234290,CNP0267580.0,COC1=CC(OC)=CC(C(=O)NC2=CC=C3OC(C(=O)C4=CC=C(Cl)C=C4)=C(C)C3=C2)=C1,0.24393714129102537,4281
21095,CNP0386174.0,COC1=CC=C(C2=CC3=CC=C(OC(=O)C4=CC=CC=C4OC)C=C3OC2=O)C=C1,0.2439233446007669,4282
38917,CNP0368909.0,COC1=CC=C(C2=COC3=C4C(=CC(O)=C3C2=O)OC(=O)CC4C2=CC3=CC=CC(C)=C3NC2=O)C=C1OC,0.24392325265723896,4283
243117,CNP0564671.0,COC1=CC=C(C2=C(O)C3=CC=C4OC(=O)CC(C5=CC6=CC=CC7=C6N(CCC7)C5=O)C4=C3OC2=O)C=C1,0.24390992499898193,4284
425207,CNP0214612.0,O=C1OC2=CC=C3C=CC=CC3=C2C=C1C1=CC=C2OCOC2=C1,0.24390658211805186,4285
412704,CNP0040311.0,CCOC(=O)C1=C(C)C2=CC=C(NC(=O)C3=CC=CC=C3Cl)C=C2O1,0.24389724784008426,4286
236177,CNP0171954.1,CC1(C)CCC2=CC(CC3=C(C4=CC=C(O)C=C4)[C@@](O)(C(=O)O)OC3=O)=CC=C2O1,0.24389420951196183,4287
302092,CNP0512847.0,COC1=CC=CC(C2=C(C3=C(O)C(=O)C=C(C)O3)NC(C3=CNC4=CC=C(OC)C=C34)=N2)=C1,0.2438345978328605,4288
301338,CNP0488326.0,COC1=CC=CC(C2=C(C3=C(O)C(=O)C=C(C)O3)NC(C3=CC=CN=C3)=N2)=C1,0.24383065826781725,4289
455117,CNP0010599.1,CC(=O)N1CCN(C2=CC(C3=NOC([C@@H]4CCCN4CC4=CNC5=CC=CC=C45)=N3)=CC=N2)CC1,0.2438072780474435,4290
316558,CNP0198314.1,COCCCN(C[C@@H]1CCCN2CCCC[C@H]12)C(=O)C1=CC=CC(C2=CC3=CC=CC=C3OC2=O)=C1,0.2437973409758391,4291
250753,CNP0391757.0,COC1=CC=C2C(=C1OC)C(=O)N1C3=CC=CC=C3C3=C1C2=NC=C3C1=CC=CC=C1,0.24379350805843467,4292
380522,CNP0531136.0,COC1=CC=C(C2=CC3=C(C=CC4=CC=CC=C43)OC2=O)C=C1OC,0.24379199495933118,4293
384229,CNP0577769.0,COC1=CC=C(C2=COC3=C(C=CC4=C3C(CC(=O)O)=C(C3=CC=CC=C3)O4)C2=O)C=C1OC,0.24371759643912905,4294
403895,CNP0198308.1,CN1C(=O)[C@@H]2CCC[C@]23ON=C(C2=CC=C(Cl)C=C2)N3C2=CC=CC=C21,0.24368503528084265,4295
99748,CNP0198308.3,CN1C(=O)[C@H]2CCC[C@]23ON=C(C2=CC=C(Cl)C=C2)N3C2=CC=CC=C21,0.24368503528084265,4296
245700,CNP0198308.2,CN1C(=O)[C@@H]2CCC[C@@]23ON=C(C2=CC=C(Cl)C=C2)N3C2=CC=CC=C21,0.24368503528084265,4297
392622,CNP0234697.0,COC1=CC=C2C(=C1OC)C(=O)OC2CC(=O)NC1=CC=C2OC(=O)C=CC2=C1,0.24364499232623005,4298
109835,CNP0409620.1,CN(C[C@@H]1CCCN2CCCC[C@H]12)C(=O)CN1C=CC2=CC=CC=C21,0.24362159228329527,4299
180335,CNP0525113.0,CNCCC(=O)N1C2=CC=CC=C2CCC2=CC=C(NC(=O)OC)C=C21,0.24361805251204913,4300
49812,CNP0321984.0,COC1=CC=C(C2=CC(=O)OC3=C(C)C(OCC4=CC=CC=C4OC)=CC=C23)C=C1,0.24358213866479914,4301
103577,CNP0032249.0,CC1=CC=CN2C=C(C3=CC=C(C4=CC=CC=C4)C=C3)N=C12,0.2435819769062195,4302
234709,CNP0383304.1,CO[C@@H]1CCN2C(=O)C3=CC(C4=CC=CC=C4)=CC=C3NC(=O)[C@H]12,0.24356602345053907,4303
132502,CNP0264140.1,CC(C)C1=CC=C2N=C(C3=CC=NC=C3)C=C(C(=O)N3C[C@H]4C[C@@H](C3)C3=CC=CC(=O)N3C4)C2=C1,0.24355961205769816,4304
52564,CNP0229124.0,COC1=CC=C(C2=CC(=O)OC3=C(C)C(OC(C)C(=O)C4=CC=CC=C4)=CC=C23)C=C1,0.24347889170430329,4305
460391,CNP0330933.1,CC1=C(C2=CC=CC=C2)C2=CC3=C(OC(=O)C(CC(=O)N4CC[C@@]5(O)CCCC[C@H]5C4)=C3C)C(C)=C2O1,0.24345174486723928,4306
277938,CNP0415051.0,O=C(O)CC1=C(C2=CC=C3OCCOC3=C2)OC2=C(O)C(O)=C3C(=O)C=C(C4=CC=CC=C4)OC3=C12,0.24343459558860903,4307
483525,CNP0541293.0,COC1=CC=C(C2=C3C4=CC(OC)=C(OC)C=C4C=CN3C=C2C2=CC=CC([N+](=O)[O-])=C2)C=C1OC,0.24342097702428808,4308
440995,CNP0563118.0,OCCN1C(C2=CC=C(Cl)C=C2)=CN2C3=CC=CC=C3N=C12,0.24340278070795493,4309
404574,CNP0275998.0,CCOC1=CC=C(C2=CC(=O)C3=C(C)OC(C)=C3C(OC(=O)C3=CC=CC=C3Br)=C2)C=C1,0.24340206438850795,4310
351235,CNP0391580.2,COC1=CC=C(C2=CC(=O)OC3=C(C)C(O[C@H](C)C(=O)N4C[C@H]5C[C@@H](C4)C4=CC=CC(=O)N4C5)=CC=C23)C=C1,0.24336703874158064,4311
48395,CNP0524216.0,COC1=CC=C2NC(=O)C(C3=NC(C4=CC=CC=C4)=C(C4=C(O)C(=O)C=C(C)O4)N3)=CC2=C1,0.24335823493641548,4312
196626,CNP0210198.2,CC(=O)NC1=CC=C(C2=CC=C3[C@@H]4C[C@@H](CN(C(=O)C5=CC=C(C#N)C=C5)C4)CN3C2=O)C=C1,0.24335365968776465,4313
358415,CNP0210198.1,CC(=O)NC1=CC=C(C2=CC=C3[C@@H]4C[C@H](CN(C(=O)C5=CC=C(C#N)C=C5)C4)CN3C2=O)C=C1,0.24335365968776465,4314
85505,CNP0111366.0,CC1=COC2=CC3=C(C=C12)C(C)=C(CC(=O)NC1=CC=C2NC=CC2=C1)C(=O)O3,0.24334035828920542,4315
483867,CNP0243887.0,COC1=CC=CC(C2CC(=O)OC3=CC(O)=C4C(=O)C(C5=CC=C(O)C=C5)=COC4=C32)=C1,0.24329571724415694,4316
289329,CNP0136974.0,COC(=O)COC1=CC=C(NC(=O)C2=CC(OC)=C(OC)C(OC)=C2)C=C1OC,0.24327244531251352,4317
313656,CNP0467733.0,O=C1OC2=C3CN(CCN4CCOCC4)COC3=CC=C2C=C1C1=CC=C(Cl)C=C1,0.24325755148412642,4318
189074,CNP0456598.0,O=C1OC2=C3CN(CCCN4CCOCC4)COC3=CC=C2C=C1C1=CC=C(Cl)C=C1,0.24325755148412642,4319
437131,CNP0369903.0,C1=C(C2=CC=C3C(=C2)C2=C4C(CCC2)N(CC2=CC=CC=C2)CCN43)C2CCN1CC2,0.24325316954577153,4320
22749,CNP0369723.0,COC1=CC=C(C2=COC3=C(C)C4=C(C=C23)C2=CC=CC=C2C(=O)O4)C=C1,0.24325092836237822,4321
352031,CNP0565944.1,COC1=CC=C(C2=C3C4=CC(OC)=C(OC)C=C4C=CN3C3=C2C2=C(C[C@H](O)[C@H](OC)C2)OC3=O)C=C1O,0.24323400979178067,4322
434084,CNP0562603.0,CCN(CC)CCCN1C(C2=CC=C(Br)C=C2)=CN2C3=CC=CC=C3N=C12,0.24322501343141723,4323
463924,CNP0323030.0,COC1=CC=C2C(=C1)C=CN2CC(=O)N1CCC2=C(C1)C1=CC=CC=C1N2,0.24320990926708907,4324
497040,CNP0302669.0,COC1=CC2=C(OC(C3=CC=CC=C3)=C(OC)C2=O)C2=C1OC1=CC=CC=C1C2(C)C,0.24319133245191654,4325
44289,CNP0212482.0,COC1=CC=C(C2=CSC(C3=CC4=CC=C(O)C=C4OC3=O)=N2)C=C1,0.2431794866745358,4326
369928,CNP0253633.0,COC1=CC2=CC=NC3=C2C2=C1N=CC(=O)N2C=C3,0.243124969068978,4327
331982,CNP0420780.0,COC1=CC=C(C2CC(=O)OC3=CC=C4C(=O)C(C5=CC=CC=C5)=COC4=C32)C(OC)=C1,0.24312055870496746,4328
407607,CNP0219800.0,COC1=CC=C(C2=C(CC3=CC=CC=C3)C3=CC(Cl)=C(C)C=C3OC2=O)C=C1,0.24308471453852196,4329
481409,CNP0226266.1,COC1=CC=CC2=C1OC(=O)C(C1=CC=C(OCC(=O)N3CCC[C@H]3CO)C=C1)=C2,0.24306683822229455,4330
106908,CNP0139442.1,CCOC1=CC=C(C2=C/C(=N\C3=CC=CC=C3OC)C3=C(C)OC(C)=C3C(OC)=C2)C=C1,0.24300173811778916,4331
499763,CNP0234596.1,COC1=CC=CC2=C1OC(=O)C(C1=CC=C(OCC(=O)N(C)C[C@@H]3CCCN4CCCC[C@H]34)C=C1)=C2,0.24289812893848425,4332
364466,CNP0062944.1,O=C(OC1=CC=C2C(=O)/C(=C/C3=CC=C(C4=CC=CC=C4)C=C3)OC2=C1)C1=CC=C2OCOC2=C1,0.24285523436759615,4333
311018,CNP0464468.1,C[C@H]1C(CO)=C[C@]2(C)OC3=C(C(=O)NC=C3C3=CC=CC=C3)[C@H]12,0.2428433987186213,4334
435125,CNP0121066.0,COC1=C2OCOC2=CC2=C1C(=O)C(C1=CC=CC=C1)=CO2,0.2428176750907314,4335
238474,CNP0073553.0,CCOC1=CC=C2C=C(C3=CC=CC(Cl)=C3)C(=O)OC2=C1,0.24279811037145219,4336
48710,CNP0274773.0,CCOC(=O)C1=C(C2=CC=CC=C2)OC2=CC=C(OCC3=CC=C(Cl)C=C3Cl)C=C12,0.242775303884784,4337
226744,CNP0509135.0,CCCCCCC1=CC2=C(C=C1O)OC(=O)C(C1=NN=C(C3=CC=CC(Cl)=C3)O1)=C2,0.24274268862917134,4338
85312,CNP0334509.1,COC1=CC=C(C2=CC3=CC=C(OCCN4C[C@@H](C)O[C@@H](C)C4)C=C3OC2=O)C=C1,0.24274086243481643,4339
309938,CNP0334509.3,COC1=CC=C(C2=CC3=CC=C(OCCN4C[C@H](C)O[C@@H](C)C4)C=C3OC2=O)C=C1,0.24274086243481643,4340
290166,CNP0243959.1,COCCN(C[C@@H]1CCCN2CCCC[C@H]12)C(=O)C1=CC=CC(C2=CC3=CC=CC=C3OC2=O)=C1,0.2427252412793604,4341
345406,CNP0331670.0,CCOC1=CC=C(C2=CC(=O)C3=C(C)OC(C)=C3C(OC(=O)C3=CC=CC=C3Cl)=C2)C=C1,0.2427068222633237,4342
177456,CNP0000025.1,O/N=C(\Cl)CC1=CC(C2=CC=CC=C2)=NO1,0.24270539501566624,4343
343717,CNP0312619.1,CC(C)NC(=O)N1C[C@@H]2C[C@H](C1)C1=CC=C(C3=CC=CN=C3)C(=O)N1C2,0.2426846909552313,4344
76584,CNP0408551.0,COC1=CC=C2OC=C(C3CC(=O)OC4=CC=C5C(=O)C(C6=CC=CC=C6)=COC5=C43)C(=O)C2=C1,0.24266496721539002,4345
264007,CNP0014669.1,C1=CC(C2=CNC([C@@H]3COCCN3CC3=CN=CN3)=N2)=CC=N1,0.24262855012656856,4346
247808,CNP0248101.3,COC1=CC=C(C2=COC3=CC(OCCN4C[C@H](C)O[C@@H](C)C4)=CC=C3C2=O)C=C1OC,0.24262352137786242,4347
366105,CNP0248101.1,COC1=CC=C(C2=COC3=CC(OCCN4C[C@@H](C)O[C@@H](C)C4)=CC=C3C2=O)C=C1OC,0.24262352137786242,4348
90170,CNP0427099.1,CC1=CC[C@@H]2[C@@]3(CO)CC[C@H](O)C(C)(C)[C@@H]3CC[C@@]2(C)[C@]12CC1=C(C=C(C3=CC=CN=C3)OC1=O)O2,0.24261071014538288,4349
175271,CNP0042937.1,COCCOC1=CC(C2=NOC([C@@H]3CCCN3CC3=CC=CO3)=N2)=CC=N1,0.2426046680841384,4350
61363,CNP0398154.0,COC1=CC=C(C2=COC3=CC(OCC(=O)N4CCC5=CC=CC=C5C4)=CC=C3C2=O)C=C1OC,0.24259932199989617,4351
270718,CNP0502928.0,COC1=CC=C(C2=COC3=CC(OCC4=CC=CC=C4C)=CC=C3C2=O)C=C1OC,0.24255227531661955,4352
485818,CNP0201189.0,COC1=CC(C(CC(=O)N2CCN(C)CC2)C2=C(O)C(O)=C(O)C3=C2OC(C2=CC=CC=C2)=CC3=O)=CC(OC)=C1O,0.24255081489310165,4353
31065,CNP0190259.0,COC1=CC(C(CC(=O)N2CCN(C)CC2)C2=C(O)C(O)=C(O)C3=C2OC(C2=CC=CC=C2)=CC3=O)=CC(OC)=C1OC,0.24255081489310165,4354
250458,CNP0059311.0,CC(C)OC(=O)COC1=CC=C2C=C(C3=CC=CC=C3)C(=O)OC2=C1,0.24255074388073689,4355
95486,CNP0306154.0,O=C(O)CC1=C(C2=CC=CC=C2)OC2=C(O)C(O)=C3C(=O)C=C(C4=CC=CC=C4)OC3=C12,0.24254947339102967,4356
66833,CNP0345806.0,O=C1CC(C2=CC3=CC=CC4=C3N(CC4)C2=O)C2=C(O1)C(O)=C(O)C1=C2OC(C2=CC=CC=C2)=CC1=O,0.24254768525071488,4357
227473,CNP0312521.0,CCOC1=CC=C(C2=NC(C(=O)N3CCOCC3)=CC3=C2NC2=CC=CC=C23)C=C1OC,0.24254423222761537,4358
372896,CNP0000934.0,ON1C=C2C=CC=C2N=N1,0.24254396504297734,4359
325562,CNP0330974.0,COC1=CC=C(C2=COC3=C(C)C4=C(C=C23)C(C)=C(CC2=CC=CC=C2)C(=O)O4)C=C1,0.24251739099287378,4360
463959,CNP0595652.0,COC1=CC=C(C2=C3N=C(N)N(C)C3=CC3=CC(OC)=C(OC)C=C23)C=C1,0.242435313416374,4361
196700,CNP0254826.1,COC1=CC=C(C2=C(CC(=O)NCCS(=O)(=O)N3C[C@H]4C[C@@H](C3)C3=CC=CC(=O)N3C4)C3=C(O2)C(=O)C=C(C)O3)C=C1,0.24241118024849018,4362
235769,CNP0033404.1,CC(=O)NC1=CC=C(C2=CC=C3[C@@H]4C[C@@H](CN(C(=O)C5=CC=CC=C5)C4)CN3C2=O)C=C1,0.24237804180029593,4363
343902,CNP0561027.2,CCOC(=O)C1=NN(C2=CC=C([N+](=O)[O-])C=C2)[C@@]2(C)CC(C3=CC=CC=C3)=NC3=CC(C)=CC=C3N12,0.24227935266770118,4364
117517,CNP0561027.1,CCOC(=O)C1=NN(C2=CC=C([N+](=O)[O-])C=C2)[C@]2(C)CC(C3=CC=CC=C3)=NC3=CC(C)=CC=C3N12,0.24227935266770118,4365
479186,CNP0414616.0,COC1=CC=C(C2=C(C3=C(O)C(=O)C=C(C)O3)NC(C3=C(C)NC4=CC=CC=C34)=N2)C=C1,0.2422466122829629,4366
91916,CNP0598650.0,O=C(CN1C2=C(SC1=O)C(C1=CC=CC=C1)C1C3CCC(C3)C1S2)NC1=CC=C2C=CC=CC2=C1,0.24221823993938915,4367
433513,CNP0413225.1,CC(=O)C1=C(O)C(C)=C(O)C2=C1OC1=CC(=O)/C(=C(/C)NC3=CC=C4NC(=O)COC4=C3)C(=O)[C@@]12C,0.24220896900933725,4368
478458,CNP0040266.0,CCC1=CC2=C(C=C1OCC1=CC=CC=C1Cl)OC=C(C1=CC=C3OCCCOC3=C1)C2=O,0.24216129045528287,4369
435501,CNP0245020.0,O=C1CC(C2=CC3=CC=CC4=C3N(CCC4)C2=O)C2=C(C=C(O)C3=C2OC(C2=CC=CC=C2)=CC3=O)O1,0.24214488232563658,4370
451162,CNP0370905.2,COC1=CC=C(C2=C[C@@H](C3=CC=C(C)C=C3)C3=CC=CC=C3O2)C=C1OC,0.2421384961265739,4371
403009,CNP0370905.1,COC1=CC=C(C2=C[C@H](C3=CC=C(C)C=C3)C3=CC=CC=C3O2)C=C1OC,0.2421384961265739,4372
97046,CNP0398889.0,COC1=CC=C2C(=C1)C=CN2CC(=O)N1CCC2=C(C1)C1=CC(OC)=CC=C1N2,0.24211143539196187,4373
482603,CNP0404159.0,CN1CCN(C(=O)CC(C2=CC=C(O)C=C2)C2=C(O)C=C(O)C3=C2OC(C2=CC=CC=C2)=CC3=O)CC1,0.2421039432374599,4374
121760,CNP0345254.1,COC1=CC(C2=N/C(=C/C3=CC=C4OCOC4=C3)C(=O)O2)=CC(OC)=C1OC,0.24208773825937505,4375
491844,CNP0332040.0,COC1=CC=C(C(CC(=O)N2CCN(C)CC2)C2=C(O)C(O)=C(O)C3=C2OC(C2=CC=CC=C2)=CC3=O)C=C1OC,0.24206521985555732,4376
277376,CNP0546857.0,COC1=CC=C(C2=CN3C(=N2)NC2=C3C(=O)N(C)C(=O)N2C)C=C1,0.24206144347599703,4377
376867,CNP0341538.0,COC1=CC=C(C2=CC(=O)OC3=C(C)C(OCC(=O)C4=CC=C5C=CC=CC5=C4)=CC=C23)C=C1,0.24205723598093465,4378
270680,CNP0182093.0,CC1=CC=CC2=C1C=CC1=C3OC=C(C)C3=C3NC(C4=CC=C5N=CC=CC5=C4)=NC3=C21,0.24205285864421314,4379
321496,CNP0606795.0,O=C(OC1=C(C2=CC=CC=C2)N(C(=O)C2=CC=CC=C2)C2=CC([N+](=O)[O-])=CC=C12)C1=CC=CC=C1,0.24204726116274622,4380
230191,CNP0591686.0,OCCN1C(C2=CC=C(C3=CC=CC=C3)C=C2)=CN2C3=CC=CC=C3N=C12,0.24204491442615278,4381
498934,CNP0290308.0,CCOC1=CC=C(NC(=O)CN2CCC3=CC(OC)=C(OC)C=C3C2)C=C1OCC,0.24204454550153276,4382
337632,CNP0568038.0,COC1=CC(C2=C(C3=C(O)C(=O)C=C(C)O3)NC(C3=C(C)NC4=CC=CC=C34)=N2)=CC=C1O,0.24202859342806143,4383
176913,CNP0405978.0,COC1=CC=CC(C(CC(=O)N2CCN(C)CC2)C2=C(O)C(O)=C(O)C3=C2OC(C2=CC=CC=C2)=CC3=O)=C1,0.24200374871134664,4384
67899,CNP0442963.1,CC(C)(O)[C@H]1CC2=CC(CC3=C(C4=CC=C(O)C=C4)C(=O)NC3=O)=CC=C2O1,0.24199520366775581,4385
479481,CNP0286294.0,CCOC1=CC=C(C2=CC(=O)C3=C(C)OC(C)=C3C(OC(=O)C3=CC=CC=C3C)=C2)C=C1,0.24196359251560134,4386
218386,CNP0198308.4,CN1C(=O)[C@H]2CCC[C@@]23ON=C(C2=CC=C(Cl)C=C2)N3C2=CC=CC=C21,0.24195315298605574,4387
498427,CNP0079395.0,CCOC(=O)C1=C(C2=CC=C(OC)C=C2)OC2=CC=C(OCC3=CC=CC=C3)C=C12,0.24189726787359944,4388
239957,CNP0381453.0,CN1CCN(C(=O)CC(C2=C(O)C(O)=C(O)C3=C2OC(C2=CC=CC=C2)=CC3=O)C2=CC=NN2C)CC1,0.24189510793627178,4389
503881,CNP0293666.0,CN1C(=O)COC2=CC=C(NC(=O)C(=O)NCCC3=CNC4=CC=CC=C34)C=C21,0.2418950556223742,4390
151502,CNP0609307.2,C[C@H]1C(CO)=C[C@]2(C)OC3=C(C4=CC=CC=C4)C=NC(O)=C3[C@H]12,0.2418795088921147,4391
322319,CNP0158059.0,COC1=CC=C(C2=C3NC(=N)N(C)C3=CC3=CC(OC)=C(OC)C=C23)C=C1,0.2418735832654272,4392
180658,CNP0003908.1,CS(=O)(=O)C1=CC=C(C2=CNC([C@@H]3COCCN3)=N2)C=C1,0.24182318987948093,4393
38193,CNP0139597.0,CC(=O)NC1=CC=C(O)C(C(=O)O)=C1,0.241811925723702,4394
186596,CNP0464800.0,C1=CC=C(C2=CC3=CC=CC=C3C=N2)C=C1,0.24180701794693532,4395
337780,CNP0409005.0,COC1=CC=C(C2=CC(=O)OC3=CC(OCC(=O)N4CCN(C)CC4)=CC=C23)C=C1,0.24179709760474816,4396
467116,CNP0397748.1,COC1=CC=C(C2=NOC([C@H](C)O)=C2C(=O)N(C)CCC2=CC=CC=N2)C=C1OC,0.24176954613736273,4397
144371,CNP0211735.0,CCOC(=O)C1=C(C2=CC=CC=C2)OC2=CC=C(OCC3=CC=CC(Br)=C3)C=C12,0.24174885171442656,4398
34426,CNP0509379.0,CC1=CC=C(C2=CN3C=CC=C(C)C3=[NH+]2)C=C1,0.24168928937175843,4399
495107,CNP0483064.1,COC1=C2OCOC2=CC2=C1[C@@H](C1=NN=NN1C1=CC=C(C3=NN=CO3)C=C1)N(C)CC2,0.2416592223815934,4400
112598,CNP0327718.0,COC1=CC=C(C2=C(C)OC3=CC(OCC(=O)N4CCN(C5=CC=CC=N5)CC4)=CC=C3C2=O)C=C1,0.2416415612224113,4401
282502,CNP0393000.0,COC1=CC=C(NC(=O)CCNC(=O)N2CCC3=CC(OC)=C(OC)C=C3C2)C=C1OC,0.24163717764599751,4402
72853,CNP0306940.0,CC1=C(C2=CC=CC=C2)C(=O)OC2=CC=C(OCC(=O)OCC3=CC=CC=C3)C=C12,0.24158608386572236,4403
224041,CNP0031267.0,COC1=CC=C2C=C(C3=CC=CC(Cl)=C3)C(=O)OC2=C1,0.24157735698962288,4404
474973,CNP0531590.3,CC1(C)C[C@]2(CCO1)OC(=O)C[C@H]2C(=O)NC1=CC=C(Cl)C(Cl)=C1,0.24155530328827482,4405
308801,CNP0056252.1,O=C1C=CC(C2=CC=C3C=CC=CC3=C2)=C2[C@@H]3C[C@@H](CN(CC4=CC=C(CO)O4)C3)CN21,0.24154761409913264,4406
450698,CNP0027364.0,CCOC(=O)C1=C(C2=CC=C(OC)C=C2)OC2=CC=C(OC(=O)C3=CC=CC=C3OC)C=C12,0.24154498077044437,4407
372049,CNP0050679.0,CCOC(=O)C1=C(C2=CC=CC=C2)OC2=CC=C(OCC(=O)C3=CC=CC=C3)C=C12,0.24152625873766906,4408
49660,CNP0411977.0,CCOC(=O)C1=C(C2=CC=CC=C2)OC2=CC=C(OC(=O)N(C)C)C=C12,0.24152230407110717,4409
431627,CNP0050793.0,COC1=CC(OC)=CC(C(=O)OC2=CC=C3OC(=O)C(C4=CC=CC=C4)=C(C)C3=C2)=C1,0.2415164046312071,4410
282645,CNP0383343.0,COC1=CC=C(C2=CC(=O)OC3=C4CN(C5=CC=CN=C5)COC4=CC=C23)C=C1,0.24150388559704933,4411
414823,CNP0289675.1,COC(=O)[C@@]1(CC2=CC=C3OC(C)(C)[C@H](O)CC3=C2)OC(=O)C(OC)=C1C1=CC=C(O)C(O)=C1,0.24149812667974896,4412
208896,CNP0380168.0,COC1=CC=C(NC(=O)COC2=CC=C3N=C4CCCN4C(=O)C3=C2)C=C1OC,0.241476330069721,4413
298644,CNP0557617.0,COC1=CC=C(C2=CC=NC3=C2C(O)=NC(=O)N3C)C=C1,0.24144315017151777,4414
3012,CNP0547014.0,CCCOC1=CC=C(C2=CSC(C3=CC=CC=C3Cl)=C2CC(=O)NC(=N)N)C=C1,0.2414043238953333,4415
144223,CNP0363522.1,COC1=CC=C2C(=C1)C=CN2CCC(=O)NC[C@@H]1CCCN2CCCC[C@H]12,0.24138982689745503,4416
455001,CNP0409907.0,CC1CCCCN1C(=O)COC1=CC=C2C(=O)C(C3=CC=CC=C3)=COC2=C1,0.24138653331684345,4417
416403,CNP0333766.0,COC1=CC=C2NC3=C(CN(C(=O)CN4C=CC5=CC=CC=C54)CC3)C2=C1,0.24138235429772004,4418
250684,CNP0394372.0,O=C(COC1=CC=C2N=C3CCCN3C(=O)C2=C1)NC1=CC=C2NC=CC2=C1,0.24137376679629383,4419
5250,CNP0232338.1,COC1=CC=C(NC(=O)[C@H]2[C@H]3C(=O)N(C4=CC=C(NC(C)=O)C=C4)C[C@@]34C=C[C@H]2O4)C=C1OC,0.24135923253735045,4420
138981,CNP0360682.0,CC(=O)OC1=CC=C2C(=O)C(C3=CSC(C4=CC=CC=C4)=N3)=C(C)OC2=C1,0.24135780320602482,4421
98566,CNP0413728.1,CC(=O)C1=C(O)C(C)=C(O)C2=C1OC1=CC(=O)/C(=C(/C)NC3=CC=C4N=C(C)NC4=C3)C(=O)[C@@]12C,0.24128846259710784,4422
51122,CNP0391482.1,CC1=C(CC(=O)N2C[C@H]3C[C@@H](C2)C2=CC=CC(=O)N2C3)C(=O)OC2=C1C=C1C(C3=CC=CC=C3)=COC1=C2,0.2412772906868745,4423
9224,CNP0272599.1,CC1=N/C(=C2/C=C(C3=CC=C4OCOC4=C3)OC3=CC=CC=C23)C(=O)O1,0.24126895579174656,4424
472768,CNP0339403.0,COC1=CC=C2NC3=C(CN(C(=O)CN4C=CC5=CC=C(Cl)C=C54)CC3)C2=C1,0.24126690103625742,4425
493788,CNP0052918.1,COC1=CC=CC=C1CN1CC2=C(C[C@H]1C1=NC(C3=CC=CC(C)=C3)=NO1)NC=N2,0.24123050926287562,4426
219631,CNP0402421.0,COC1=CC=C2C=C(C3CC(=O)OC4=CC(O)=C5C(=O)C=C(C6=CC=CC=C6)OC5=C43)C(=O)NC2=C1,0.2412252019682891,4427
66761,CNP0345526.0,CNS(=O)(=O)C1=CC(NC(=O)COC2=CC=CC=C2C(=O)OC)=CC=C1C,0.241088294297621,4428
210099,CNP0182392.1,CN(CC1=C(O)C=CC2=C1OC(=O)C(C1=CC=CC=C1)=C2)C[C@@H]1CCCN2CCCC[C@H]12,0.24108428492779907,4429
337281,CNP0231015.2,CC[C@@H](C)[C@H](NC(=O)N1CCC2=CC(OC)=C(OC)C=C2C1)C(=O)NC1=CC=C2OCOC2=C1,0.24107327399609552,4430
50473,CNP0375783.1,CCOC(=O)[C@@H](OC1=CC=C2C(=O)C(C3=CC=C(OC)C(OC)=C3)=C(C)OC2=C1)C1=CC=CC=C1,0.24102814479868034,4431
488457,CNP0579114.0,COCC1=CC(=O)C(O)=C(C2=C(C3=CC=CC=C3)N=C(C3=C(C)NC=N3)N2)O1,0.2410277820745894,4432
441174,CNP0402452.0,CN1CCN(C(=O)CC(C2=CC=C3OCOC3=C2)C2=C(O)C=C(O)C3=C2OC(C2=CC=CC=C2)=CC3=O)CC1,0.24100090966469176,4433
266457,CNP0563381.0,COC1=CC=CC(C2=C(C3=C(O)C(=O)C=C(C)O3)NC(C3=CC(O)=CC=C3O)=N2)=C1,0.24098178123260133,4434
443846,CNP0409121.0,COC1=CC=CC=C1N1CCN(C(=O)COC2=CC=C3C(=O)C(C4=CC=CC=C4)=COC3=C2)CC1,0.24094850885003044,4435
260923,CNP0425764.1,C[C@@H]([C@H]1[C@@H](O)C[C@H]2[C@@H]3CC[C@H]4C[C@]5(CC[C@]4(C)[C@H]3CC[C@]12C)C1=CC=CC=C1CN5C)N(C)C,0.24093835020998938,4436
170695,CNP0053904.0,CCC1=CC2=C(C=C1OCC(=O)C1=CC=CC=C1)OC=C(C1=CC=C3OCCCOC3=C1)C2=O,0.24092761620357966,4437
423101,CNP0401839.0,COC1=CC2=C(C3=C1C(=O)C=C(C1=CC=CC=C1)O3)C(C1=CC3=CC=CC=C3OC1)CC(=O)O2,0.24090262578099797,4438
329701,CNP0394768.0,O=C(CCCNC(=O)N1CCC2=C(C1)NC1=CC=CC=C21)NC1=CC=C2OCOC2=C1,0.2408741427415287,4439
420846,CNP0386615.0,C=C(C)COC1=CC=C2C=C(C3=CC=CC=C3)C(=O)OC2=C1,0.240844018612598,4440
161473,CNP0601201.0,O=C1C=CC2(C=C1)OCC(C1=CC=CC(C3=CN=CC=C3Cl)=C1)O2,0.24083218795714922,4441
439992,CNP0583124.1,O=C(O)CC1=C(C2=CC=CC=C2)OC2=CC3=C(C=C12)C[C@H](C1=CC=C(O)C=C1)CO3,0.24080116066511276,4442
97865,CNP0341191.1,CC1(C)C[C@@H](C(=O)COC2=CC3=C(C=C2Cl)C(C2=CC=CC=C2)=CC(=O)O3)CCO1,0.24079651358764237,4443
303361,CNP0341191.2,CC1(C)C[C@H](C(=O)COC2=CC3=C(C=C2Cl)C(C2=CC=CC=C2)=CC(=O)O3)CCO1,0.24079651358764237,4444
45259,CNP0347501.1,C[C@H]1CC2=CC(C3=CC=NC(N)=N3)=CC=C2O1,0.24077347983257438,4445
228392,CNP0401859.0,CN1CCN(C(=O)CC(C2=CC=CC=C2)C2=C(O)C=C(O)C3=C2OC(C2=CC=CC=C2)=CC3=O)CC1,0.24076957776260688,4446
352055,CNP0356188.0,O=C(COC1=CC=C2N=C3CCCN3C(=O)C2=C1)NC1=CC=C2OCOC2=C1,0.2407496310829818,4447
24772,CNP0185512.0,COC1=CC=CC(NC(=O)C2OC3=C(C(=O)OC4=CC=CC=C34)C2C2=CC(OC)=C3OCOC3=C2)=C1,0.24070132617841086,4448
151293,CNP0581763.1,CC1=NOC(C)=C1C1=CC=C2OC[C@H]3CN(C(=O)C4=CC=CC(Cl)=C4)CCN3CC(=O)NC2=C1,0.2406973837333613,4449
447155,CNP0058184.1,O=C1NC2=CC=C(C3=CC=C(Cl)C=C3)C=C2C(=O)N2CCN(C(=O)C3=CC=CO3)C[C@@H]12,0.24065181211498607,4450
384988,CNP0400667.0,COC1=CC=C(NC(C)=O)C=C1NC(=O)COC1=CC=C2N=C3CCCN3C(=O)C2=C1,0.24063089260863557,4451
462601,CNP0582015.0,CN1C=CC=C2C=CC(=O)C=C21,0.2406138893463182,4452
426699,CNP0457233.0,N#CC1=C(C2=CC=C(Br)C=C2)C=C2C(C#N)=C(N)N(C(=O)C3=CC=CC=C3)N2C1=N,0.24059493479319483,4453
105232,CNP0029179.0,CCOC(=O)C1=C(C2=CC=CC=C2)OC2=CC=C(OCC3=CC=CC=C3C)C=C12,0.24051992610104928,4454
187924,CNP0466579.1,COCC(=O)N1CCN2C(=O)C3=CC(C4=CC=CO4)=CC=C3NC(=O)[C@H]2C1,0.24051619899179782,4455
148873,CNP0594276.0,COC1=CC=C(CCNC(=O)C(=O)NC2=CC=C(C)C(C)=C2)C=C1OC,0.24043959992008956,4456
136443,CNP0391635.0,CC1=CC2=C(C(C)=C(CC(=O)N3CCC(C(=O)O)CC3)C(=O)O2)C2=C1C(C1=CC=CC=C1)=CO2,0.2403611597203591,4457
444436,CNP0009440.1,CC1=CC=C2OC=C([C@H]3NC4=CC=CC=C4NC4=C3C(=O)C[C@@H](C3=CC=CC=C3Cl)C4)C(=O)C2=C1,0.24032550857792515,4458
453301,CNP0009440.2,CC1=CC=C2OC=C([C@H]3NC4=CC=CC=C4NC4=C3C(=O)C[C@H](C3=CC=CC=C3Cl)C4)C(=O)C2=C1,0.24032550857792515,4459
179163,CNP0217622.0,CCOC1=CC=C(C2=CC3=CC=CC=C3OC2=O)C=C1OCC,0.24031574131641786,4460
333695,CNP0500124.0,CCOC(=O)NC1=CC=C2SC3=CC=CC=C3N(C(=O)CCN3CCN(CCO)CC3)C2=C1,0.24028138366139518,4461
290981,CNP0573436.0,CC1(C)CCC(C)(C)C2=CC(NC(=O)C3=CC=C(C(=O)O)C=C3)=CC=C21,0.24027836822391194,4462
317100,CNP0029097.0,COC1=CC=CC=C1C(=O)OC1=CC=C2OC(=O)C(C3=CC=CC=C3)=C(C)C2=C1,0.24024537849562833,4463
51995,CNP0605774.0,COC1=CC(C2=C(C3=C(O)C(=O)C=C(C)O3)NC(C3=CC=CC(OCC4=CC=CN=C4)=C3)=N2)=CC=C1O,0.24024349274175308,4464
38273,CNP0409744.0,O=C1CC(C2=CC=C3OCOC3=C2)C2=C(C=CC3=C2OC=C(C2=CC=CC=C2)C3=O)O1,0.2402202435980456,4465
49952,CNP0541128.2,CCC[C@H]1NN2C(=NN=C2C2=CC=CC([N+](=O)[O-])=C2)S1,0.24015914996228094,4466
33686,CNP0325351.4,COC1=CC=CC(NC(=O)[C@H]2CC(=O)O[C@@]23CCOC(C)(C)C3)=C1,0.24014821759932212,4467
87887,CNP0312052.0,CN1C(C2=CC=C(O)C=C2)=CC(=O)C2=CC=CC=C21,0.24014667762012323,4468
259920,CNP0002704.0,C1=CC=C(C2=C(C3=CC=C(OCCN4CCCC4)C=C3)C3=CC4=C(C=C3O2)CCCCC4)C=C1,0.24013672415679943,4469
194561,CNP0242285.0,COC1=CC=C(C2=C3N=C(N)N(C)C3=CC3=CC(OC)=C(OC)C(OC)=C23)C=C1,0.24009872137351926,4470
230601,CNP0500704.1,CC(C)CC1=C/C(=C/C2=CC=C(C3=CC=CC([N+](=O)[O-])=C3)O2)C(=O)O1,0.24007580238838983,4471
494026,CNP0395871.0,CC(C)C(=O)OC1=CC=C2C=C(C3=CC=CC=C3)C(=O)OC2=C1,0.24007331925213837,4472
121708,CNP0329821.0,CN1C(C2=CC=CC=C2)=CC(=O)C2=C(O)C=CC=C21,0.24003562274743598,4473
144288,CNP0157715.0,COC1=CC2=C(C=C1OC)CC(=O)N(CCC(=O)NC1=CC=C3N=C(C(C)C)NC3=C1)C=C2,0.2399902692690008,4474
187794,CNP0240888.0,COC1=CC=C(C2=C(C)C3=CC(OCC4=CC=CC(OC)=C4)=CC=C3OC2=O)C=C1,0.23997430581626936,4475
308449,CNP0453925.1,COCCOC1=CC(C2=NOC([C@@H]3CCCN3CC3=CC=CC=N3)=N2)=CC=N1,0.23996121699358666,4476
96555,CNP0023616.0,CC1=CC=CC=C1C(=O)NC1=CC=C2C(C)=C(C(=O)C3=CC=C(Cl)C=C3)OC2=C1,0.23994017656165564,4477
175069,CNP0405061.0,COC1=CC=C(C(CC(=O)N2CCN(C)CC2)C2=C(O)C(O)=C(O)C3=C2OC(C2=CC=CC=C2)=CC3=O)C=C1O,0.23993642557235298,4478
369859,CNP0143036.1,O=C(COC1=CC=C2C(C3=CC=CC=C3)=CC(=O)OC2=C1)N1CC[C@@]2(O)CCCC[C@H]2C1,0.23991564594642084,4479
160305,CNP0218982.0,CCC1=CC2=C(C=C1OCC1=CC=CC=C1)OC=C(C1=CC=C(OC)C=C1)C2=O,0.23991091231577333,4480
404697,CNP0517413.1,COC1=CC=C(C2=C3C4=CC(OC)=C(O)C=C4C=CN3C3=C2C2=C(C[C@@H](O)[C@H](OC)C2)OC3=O)C=C1O,0.23989859225748703,4481
128890,CNP0054052.1,CCOC(=O)[C@@H](C)OC1=CC=C2C(=O)C(C3=CC=CC=C3)=COC2=C1,0.2398487448709708,4482
214543,CNP0317872.0,CC1=CC(=O)C(O)=C(C2=C(C3=CC=CC=C3)N=C(C3=CC=C(O)C=C3O)N2)O1,0.23983088286346402,4483
219353,CNP0313070.0,CC1(C)C=CC2=C(C=CC3=C2OC=C(C2=CC=C4OCOC4=C2)C3=O)O1,0.23982237472004833,4484
141076,CNP0421771.0,COC1=CC=C(NC(=O)CN2C(=O)C=C(C(=O)N3CCOCC3)C3=CC=CC=C32)C=C1OC,0.23978484572587783,4485
75748,CNP0371409.2,COC1=CC=CC2=C1O[C@@]1(CCOC(C)(C)C1)N1N=C(C3=CC=C4OCOC4=C3)C[C@@H]21,0.23977510558991486,4486
187558,CNP0322549.0,COC1=CC2=C(C3=C1C(=O)C=C(C1=CC=CC=C1)O3)C(C1=CC=C3OCOC3=C1)CC(=O)O2,0.2397551054982479,4487
422721,CNP0578694.0,CC1(CO)C=CC2=C(C=C(O)C3=C2OC=C(C2=CC=C(O)C=C2)C3=O)O1,0.23975460051083627,4488
108041,CNP0009378.2,CC[C@H]1C(C2=CC=CC=C2)=NNC2=NC3=C(C(=O)N(C)C(=O)N3C)N21,0.23966268890896736,4489
318369,CNP0203557.0,CC(=O)NC1=CC=C2N=C3CCCN3CC2=C1,0.239638011564425,4490
224297,CNP0405328.0,COC1=CC(C(CC(=O)N2CCN(C)CC2)C2=C(O)C(O)=C(O)C3=C2OC(C2=CC=CC=C2)=CC3=O)=CC2=C1OCO2,0.23963509251923912,4491
278468,CNP0487676.1,CC[C@@H](C1=CC=CC(NC(=O)CNC(=O)OC(C)(C)C)=C1)C1=C(O)C2=CC=CC=C2OC1=O,0.2396328379085884,4492
50954,CNP0009378.1,CC[C@@H]1C(C2=CC=CC=C2)=NNC2=NC3=C(C(=O)N(C)C(=O)N3C)N21,0.2396021437095304,4493
183400,CNP0152806.0,CC1=CC(=O)C(O)=C(C2=C(C3=CC=CC=C3)N=C(C3=CC=CN=C3)N2)O1,0.23959464574189582,4494
196019,CNP0522512.0,C=C(C)COC1=CC=CC=C1C1=NC(C2=CC=C(O)C(OC)=C2)=C(C2=C(O)C(=O)C=C(C)O2)N1,0.23956220345406415,4495
91883,CNP0584792.0,COC1=CC=C(C2=C3NC(=N)N(C)C3=CC3=CC(OC)=C(OC)C(OC)=C23)C=C1,0.2395369912225725,4496
119406,CNP0031890.0,CCC1=CC(C2=NC(N)=NC=C2C2=CC=C3OCCCOC3=C2)=C(O)C=C1OCC1=CC=CC(OC)=C1,0.23952803537152983,4497
281569,CNP0177102.0,COC1=CC=C(C2=CC3=CC=C(OC(=O)C4=CC=CO4)C=C3OC2=O)C=C1OC,0.23949324099045038,4498
373691,CNP0173788.0,COC1=CC=C(C2=CC3=CC=C(OS(=O)(=O)C4=CC=CC=C4)C=C3OC2=O)C=C1OC,0.23948867564028548,4499
194827,CNP0522145.0,CC1=CC=C(N2C(C3=CC=CC=C3)=CC3=C2CC(C)(C)CC3=O)C=C1C,0.23948389185150312,4500
493603,CNP0011752.1,COC1=CC=C(CC(=O)NC2=CC=C3[C@@H]4C[C@@H](CN(C(=O)C5=CC=C(C6=CC=CC=C6)C=C5)C4)CN3C2=O)C=C1,0.23948225454716676,4501
229810,CNP0341720.0,CCOC(=O)C1=C(C2=CC=CC=C2)OC2=CC=C(OC(=O)C(C)(C)C)C=C12,0.23943528780805987,4502
127762,CNP0409100.0,COC1=CC=C(C2=COC3=CC(OCC(=O)N4CCN(C(=O)C5=CC=CO5)CC4)=CC=C3C2=O)C=C1,0.2394100373556731,4503
76809,CNP0399860.1,COC1=CC=C(C2=COC3=C4C(=CC(O)=C3C2=O)OC(=O)C[C@@H]4C2=CC=CC=C2)C=C1,0.23940390971175993,4504
364364,CNP0197431.0,CC1=C(C2=CC=CC=C2)C(=O)C2=CC=C3OCN(CCN4CCOCC4)CC3=C2O1,0.23934813744848854,4505
410412,CNP0589065.0,CCN(CC)CCN1C(C2=CC=C(Br)C=C2)=CN2C3=CC=CC=C3N=C12,0.23931801552875348,4506
388427,CNP0035953.0,COC1=CC=CC2=C1OC(C(=O)NC1=CC=C3OC(=O)C=CC3=C1)=C2,0.2393118967998177,4507
403599,CNP0378832.0,CC1=CC2=C(C(CC(=O)O)=C(C3=CC=C4OC(C)CC4=C3)O2)C(=O)N1,0.23930514049385507,4508
470783,CNP0296788.0,CCOC1=CC=C(C2=CC3=CC(OC)=C(OC)C=C3C(CC3=CC=CC4=CC=CC=C34)=N2)C=C1,0.2392864526669377,4509
397012,CNP0551114.0,COC1=CC2=C(C=C1OC)C(C1=CC=C(C3=CC=CC([N+](=O)[O-])=C3)O1)=[NH+]CC2,0.23928183049546947,4510
360227,CNP0181653.0,COC1=C(C=O)C(O)=C2C(=O)C=C(C3=CC=CC=C3)OC2=C1C,0.23921707167059938,4511
90105,CNP0566399.0,COC1=CC=CC(C2=C(C3=C(O)C(=O)C=C(C)O3)NC(C3=CC4=CC=CC=C4N=C3N(C)C)=N2)=C1,0.2391927860771738,4512
368426,CNP0174631.0,CCN(CC)C(=O)OC1=CC=C2OC(=O)C(C3=CC=CC=C3)=C(C)C2=C1,0.23916992435507342,4513
391300,CNP0162849.0,COC1=CC=C2C(=C1)C=CN2CC(=O)N1CCC2=C(C1)C1=CC(Cl)=CC=C1N2,0.2391396299152185,4514
237860,CNP0588845.0,COC1=CC=CC(C2=C(C3=C(O)C(=O)C=C(C)O3)NC(C3=CC=C(CC(C)C)N3)=N2)=C1,0.23911606802509902,4515
77144,CNP0061646.0,COC1=CC=C(C2=C(C)C3=CC(OC(=O)C4=C(OC)C=CC=C4OC)=CC=C3OC2=O)C=C1,0.23910920361476543,4516
112583,CNP0375783.2,CCOC(=O)[C@H](OC1=CC=C2C(=O)C(C3=CC=C(OC)C(OC)=C3)=C(C)OC2=C1)C1=CC=CC=C1,0.23910662584955733,4517
196264,CNP0263557.0,COC1=CC=C(C2=C(C)C3=CC=C4OCN(CC5=CC=CO5)CC4=C3OC2=O)C=C1OC,0.23910448783383068,4518
403432,CNP0348230.0,CC(C)OC1=CC=CC=C1C1CC(=O)OC2=CC(O)=C3C(=O)C(C4=CC=C(O)C=C4)=COC3=C21,0.23910183438321067,4519
249367,CNP0494126.2,CC1=CC=C(NC(=O)[C@@H]2[C@@H]3C=C[C@]4(O3)[C@@H]2C(=O)N(CCCN2CCCCC2)[C@H]4C(=O)N[C@@H]2CCC[C@@H](C)[C@H]2C)C=C1C,0.23901813838861263,4520
500147,CNP0393768.1,CC1=C[C@@H](CN2CCN(C)CC2)[C@H](C(C)C)C[C@H]1CC1=NN=C(C2=CC=CC=C2)O1,0.2390069320484021,4521
324455,CNP0391604.0,CC1=CC2=C(C(C)=C(CC(=O)N3CCC(C(N)=O)CC3)C(=O)O2)C2=C1C(C1=CC=CC=C1)=CO2,0.2389899448751314,4522
140794,CNP0480393.0,CC1(C)CC(=O)C2=CC3=C(C=C2O1)OC(C1=CC=CC=C1)=C3CC(=O)O,0.23897012616524088,4523
403859,CNP0326330.0,COC1=CC=C(C2=C(C3=C(O)C(=O)C=C(C)O3)NC(C3=CC=CC(O)=C3O)=N2)C=C1,0.23895267435076462,4524
247965,CNP0228167.0,COC1=CC=CC(C2CC(=O)OC3=CC(O)=C4C(=O)C(C5=CC=C(O)C=C5)=COC4=C32)=C1OC,0.23884559130711444,4525
217385,CNP0519011.1,O=C1OC(C2=CC=CC([N+](=O)[O-])=C2)=N/C1=C\C1=COC2=CC=CC=C2C1=O,0.23880497145051785,4526
156095,CNP0586023.0,COC1=CC=C(C2=CC3=CC=C(OC(=O)C4=CC=CC(OC)=C4)C=C3OC2=O)C=C1,0.238781103607217,4527
356645,CNP0171368.1,COC1=CC=C(NC(=O)[C@H]2[C@H]3C(=O)N(C4=CC=C5OCOC5=C4)C[C@@]34C=C[C@H]2O4)C=C1OC,0.2387772310696006,4528
464342,CNP0381144.0,COC1=CC=CC(C(=O)OC2=CC=C3OC(=O)C(C4=CC=CC=C4)=C(C)C3=C2)=C1,0.23876179021122898,4529
445114,CNP0302203.0,O=C(CN1C=NC2=CC=CC=C2C1=O)NCC(=O)NC1=CC=C2C=CNC2=C1,0.2387374464203223,4530
409681,CNP0298995.2,COC1=CC=C(C2=CC(=O)OC3=C(C)C(O[C@H](C(=O)O)C4=CC=CC=C4)=CC=C23)C=C1,0.23872997631978707,4531
5528,CNP0109637.2,CCOC(=O)C[C@@H](C1=CC=C(C2=CC=CC=C2)O1)C1=C(O)C(=O)C=C(CO)O1,0.23872761325734662,4532
121639,CNP0109637.1,CCOC(=O)C[C@H](C1=CC=C(C2=CC=CC=C2)O1)C1=C(O)C(=O)C=C(CO)O1,0.23872761325734662,4533
365795,CNP0026318.0,COC1=CC=C(C2=CC3=CC=C4OCN(CC5=CC=CN=C5)CC4=C3OC2=O)C=C1,0.2386865566178209,4534
376414,CNP0028355.1,CC(C)NC(=O)N1C[C@@H]2C[C@H](C1)C1=CC=C(C3=CN=CN=C3)C(=O)N1C2,0.23865128700183122,4535
352113,CNP0018429.1,CC(=O)N1CCN(C2=CC(C3=NOC([C@@H]4CCCN4CC4=CC=CC=C4C)=N3)=CC=N2)CC1,0.23863552831779244,4536
349140,CNP0369386.1,CC1=NN(C(=O)C2=CC(C3=CC=CC=C3)=NC3=CC=CC=C23)C2=C1[C@H]1[C@@H](C2)C1(C)C,0.23862276371382637,4537
132084,CNP0030688.0,CC1=C(C(=O)C2=CC=C(Cl)C=C2)OC2=CC(NC(=O)C3=CC=CC=N3)=CC=C12,0.23861868985306306,4538
13811,CNP0050698.0,COC1=CC=C(C2=C(C)C3=CC(OC(=O)C4=CC=CC=C4)=CC=C3OC2=O)C=C1,0.23857176751006068,4539
409941,CNP0220863.1,CC(C)(C)OC(=O)N1C[C@@H]2C[C@H](C1)C1=CC=C(NC(=O)C3=CC=C(C4=CC=CC=C4)C=C3)C(=O)N1C2,0.2385588791428087,4540
193760,CNP0329857.0,COC1=CC=C(C2=C(C3=C(O)C(=O)C=C(C)O3)NC(C3=CC=CC=C3O)=N2)C=C1,0.23853950036396612,4541
177263,CNP0216948.1,CC1=C(C2=CC=CC=C2)C2=CC3=C(C=C2O1)OC(=O)C(CCC(=O)N1CC[C@@]2(O)CCCC[C@H]2C1)=C3C,0.23847900151174145,4542
438875,CNP0021902.1,N#CC1=CC=CC(C2=C3[C@@H]4C[C@@H](CN(CC5=CC=C(CO)O5)C4)CN3C(=O)C=C2)=C1,0.23846685232083614,4543
119693,CNP0399860.2,COC1=CC=C(C2=COC3=C4C(=CC(O)=C3C2=O)OC(=O)C[C@H]4C2=CC=CC=C2)C=C1,0.23846274510837318,4544
358060,CNP0397531.0,NC(=O)COC1=CC=C2C=C(C3=CC=CC=C3)C(=O)OC2=C1,0.2384295004381722,4545
301236,CNP0227414.1,NC(=O)C1CCN(C2=CC(C3=NOC([C@@H]4CCCN4CC4=CC=CN=C4)=N3)=CC=N2)CC1,0.23840175988920304,4546
148016,CNP0077904.1,CC(=O)NC1=CC=C(C2=CC=C3[C@@H]4C[C@H](CN(C(=O)C5=CN=CC=N5)C4)CN3C2=O)C=C1,0.23839416328504712,4547
374292,CNP0077904.2,CC(=O)NC1=CC=C(C2=CC=C3[C@@H]4C[C@@H](CN(C(=O)C5=CN=CC=N5)C4)CN3C2=O)C=C1,0.23839416328504712,4548
339020,CNP0262559.3,C=C1C(=O)O[C@@H]2/C=C(/C)[C@@H](O)/C=C\[C@](C)(O)C[C@@H](OC(=O)/C(C)=C\C)[C@@H]12,0.23839090971026256,4549
29475,CNP0167141.0,COC1=CC=C(C2=C(C)OC3=CC(OCC(=O)N4CCN(C5=NC=CC=N5)CC4)=CC=C3C2=O)C=C1,0.23834887817993358,4550
195165,CNP0333609.0,O=C1OC2=CC=C(Cl)C=C2C(C2=CN(C3=CC=CC=C3)N=C2)=C1C1=CC=CC=C1,0.238329284745774,4551
498724,CNP0579050.0,COC1=CC(C2=C(C3=C(O)C(=O)C=C(C)O3)NC(C3=CC=CC=C3O)=N2)=CC=C1O,0.23832148150906463,4552
227349,CNP0439768.0,CS(=O)(=O)C1=CC=C(C(=O)NC2=CC=C(Cl)C(C3=CC=CC=N3)=C2)C(Cl)=C1,0.23832031746388185,4553
357606,CNP0410989.0,NS(=O)(=O)C1=CC=C(C2=CC=C(C3CC(=O)NC4=CC=CC5=C4C3=CN5CC3=CC=CC=C3)O2)C=C1,0.23827670709338367,4554
243726,CNP0325268.0,COC1=CC(C(=O)OC2=CC=C3OC(=O)C(C4=CC=CC=C4)=C(C)C3=C2)=CC(OC)=C1OC,0.23822635179043497,4555
428373,CNP0361871.0,CCOC(=O)NC1=CC=C2SC3=CC=CC=C3N(C(=O)CCN3CCOCC3)C2=C1,0.2382119834613632,4556
357133,CNP0029513.0,CC1=CC=CC=C1C(=O)OC1=CC=C2C(=O)C(C3=CC=C(Cl)C=C3)=COC2=C1,0.23819963311284295,4557
366641,CNP0363321.1,CN1C(=O)C2=NC3=CC=C(NC(=O)/C=C/C(=O)O)C=C3N=C2N(C)C1=O,0.2381744109195573,4558
266171,CNP0511806.0,COC1=CC=C([C]2[C]3[C](COC3=O)CC3=C2C=C2OCOC2=C3OC)C=C1OC,0.2381658486234914,4559
353174,CNP0194839.0,CN1C(=O)C=C(C(=O)NC2=CC=C3C(=O)OCC3=C2)C2=CC=CC=C21,0.23816244298559283,4560
327950,CNP0383821.0,CC1=CC2=C(C(CC(=O)O)=C(C3=CC=C(O)C=C3)O2)C(=O)N1C,0.23815697394251978,4561
415723,CNP0401815.0,COC1=CC=CC=C1C1CC(=O)OC2=CC(O)=C3C(=O)C(C4=CC=C(O)C=C4)=COC3=C21,0.23813395924796477,4562
439238,CNP0061833.0,CC(C)(C)C1=NC=C(C(=O)NC2=CC=CC(Br)=C2)N=C1Cl,0.2381287141904522,4563
29728,CNP0402212.0,C=C(C)COC1=CC=CC=C1C1CC(=O)OC2=CC(O)=C3C(=O)C(C4=CC=C(O)C=C4)=COC3=C21,0.2381077002650144,4564
135114,CNP0233403.0,CC1=CC2=C(C(C3=CC=CC=C3)=CC(=O)O2)C2=C1C(C1=COC3=CC=CC=C3C1=O)CC(=O)O2,0.23809711516260676,4565
355704,CNP0262559.1,C=C1C(=O)O[C@H]2/C=C(/C)[C@@H](O)/C=C\[C@](C)(O)C[C@@H](OC(=O)/C(C)=C\C)[C@@H]12,0.23804328864767046,4566
442468,CNP0026646.0,CCOC(=O)C1=C(C2=CC=CC=C2)OC2=CC(Br)=C(OC(=O)C(C)C)C=C12,0.23803876949151198,4567
37434,CNP0000651.0,C=CC1=NC2=NC=CN2O1,0.23802769450702635,4568
64077,CNP0462921.0,CCN1CCN(CCOC2=CC=C3C(=O)C(C4=CC=C(Br)C=C4)=COC3=C2)CC1,0.23802014475308209,4569
466365,CNP0368827.0,COC1=CC(C(CC(=O)N2CCN(C)CC2)C2=C(O)C(O)=C(O)C3=C2OC(C2=CC=CC=C2)=CC3=O)=CC=C1O,0.23801991697668945,4570
57451,CNP0372219.0,CCOC(=O)C1=C(C2=CC=C(OC)C=C2)OC2=CC=C(OC(=O)C3=CC=CC(OC)=C3)C=C12,0.23793940869829863,4571
407965,CNP0052008.0,CCOC(=O)C1=C(C2=CC=CC=C2)OC2=CC=C(OCC3=CC(C)=CC=C3C)C=C12,0.2379277189976415,4572
181973,CNP0252844.0,COC1=CC=C(C2=COC3=CC(OCC4=CC=CC=C4Cl)=CC=C3C2=O)C=C1,0.23785324967215704,4573
146720,CNP0303717.2,COC1=C(O)C([C@H]2CCCN2C)=C2OC(C3=CC=C(O)C=C3)=CC(=O)C2=C1O,0.2378499881939125,4574
495140,CNP0529456.2,CC1=CC=C(NC(=O)[C@@H]2[C@@H]3C=C[C@]4(O3)[C@@H]2C(=O)N(CC2=CC=CC=C2Cl)[C@@H]4C(=O)NC2CCCCC2)C=C1C,0.2377990606955777,4575
393074,CNP0529456.4,CC1=CC=C(NC(=O)[C@H]2[C@@H]3C=C[C@]4(O3)[C@@H]2C(=O)N(CC2=CC=CC=C2Cl)[C@@H]4C(=O)NC2CCCCC2)C=C1C,0.2377990606955777,4576
422678,CNP0403742.0,COC1=CC=CC(C2CC(=O)OC3=CC=C4C(=O)C(C5=CC=C(O)C=C5)=COC4=C32)=C1,0.23776204236183168,4577
202049,CNP0252088.0,COCCN1COC2=CC=C3C(C4=CC=C(OC)C=C4)=CC(=O)OC3=C2C1,0.2377566981138976,4578
29572,CNP0452915.0,CC1=C(C2=CC=CC=C2)C(=O)OC2=C(CN3CCN(CCO)CC3)C(O)=CC=C12,0.23770294223307148,4579
174515,CNP0507746.0,COC1=CC(C2=C(C3=C(O)C(=O)C=C(C)O3)NC(C3=CC=C(OC)C4=CC=CC=C34)=N2)=CC=C1O,0.23766605466205198,4580
108658,CNP0385949.0,CC1=CC=C(C2=NC(C(=O)N3CCOCC3)=CC3=C2NC2=CC=CC=C23)C=C1,0.23763595504775523,4581
360893,CNP0555222.1,COC1=CC(NC(=O)NC2=CC=CC(CNC(=O)O[C@H]3CCOC3)=C2)=CC=C1C1=CN=CO1,0.23763520831563625,4582
58697,CNP0414640.0,COC1=CC=C(C2=C(C3=C(O)C(=O)C=C(C)O3)NC(C3=CC=NC4=CC=CC=C34)=N2)C=C1,0.23761570279032973,4583
159389,CNP0275984.0,O=C1CC(C2=CC3=CC=CC=C3NC2=O)C2=C(C=C(O)C3=C2OC=C(C2=CC=CC=C2)C3=O)O1,0.23760799148350997,4584
412264,CNP0065611.0,CCOC(=O)C1=C(C2=CC=CC=C2)OC2=CC=C(OC(=O)C3=CC=C(C)C=C3)C=C12,0.23758517730220258,4585
245689,CNP0413805.1,CO[C@@]1([C@H](C(N)=O)[C@H](N)C(=O)O)C=CN(C)C2=CC=CC=C21,0.2374842979530209,4586
237771,CNP0185929.0,CCC1=CC2=C(C=C1OCC1=CC=CC(Cl)=C1)OC=C(C1=CC=C3OCCCOC3=C1)C2=O,0.23747105360664125,4587
435020,CNP0165256.0,COC1=CC=C2C(=C1OC)C(=O)OC2CC(=O)NC1=CC=C2N=C(C)C=C(O)C2=C1,0.23745818844653827,4588
53820,CNP0584005.2,CC1=CC=C(NC(=O)[C@@H]2[C@@H]3C=C[C@]4(O3)[C@@H]2C(=O)N(CCCN2CCC(C)CC2)[C@H]4C(=O)N[C@@H]2CCC[C@@H](C)[C@H]2C)C=C1C,0.23742448135500102,4589
1730,CNP0029623.0,CCOC(=O)COC1=CC=C2OC(=O)C(C3=CC=CC=C3)=C(C)C2=C1,0.23741669736133603,4590
39095,CNP0600065.1,O=C(O)[C@H]1C[C@@]12C[C@@H](C1=CC=C(OCC3=CC(C4=CC=CC=C4)=NC4=CC=CC=C34)C=C1)NC2=O,0.23741300092477555,4591
275193,CNP0059697.0,CC(C)(C)OC(=O)COC1=CC=C2C=C(C3=CC=CC=C3)C(=O)OC2=C1,0.23734836246582014,4592
14478,CNP0392947.0,COC1=CC2=C(C=C1Cl)C(C)=C(CC(=O)NC1=CC=C3OC(=O)C=CC3=C1)C(=O)O2,0.23732293580512362,4593
200790,CNP0024520.0,CC1=CC2=C(C=C1Cl)C(C)=C(C1=CC=CC(Cl)=C1)C(=O)O2,0.23729527071080753,4594
490965,CNP0089062.1,C=C1[C@H]2[C@@H](CO)C[C@](C(=O)CCC3=CC=CC(C4=CC=CC(O)=C4)=C3)([C@@H]2OC)C1(C)C,0.2372743783434992,4595
214656,CNP0207969.1,CC(C)CN1C(=S)N(CC2=CC=C(C3=CC=CC=N3)C=C2)[C@H]2[C@H]3OC(=O)[C@H](C[C@H]3O)[C@H]21,0.2372453012956969,4596
107850,CNP0063368.0,CCOC(=O)C1=C(C2=CC=CC=C2)OC2=CC=C(OCC3=CC=CC=C3)C=C12,0.23720118463434783,4597
399381,CNP0588542.0,COC1=CC(C2=C(C3=C(O)C(=O)C=C(C)O3)NC(C3=CC4=CC=CC=C4N=C3N(C)C)=N2)=CC=C1O,0.23717532805595007,4598
456615,CNP0173872.0,COCCCN1COC2=CC=C3C(=O)C(C4=CC=C(OC)C=C4)=COC3=C2C1,0.2371257536759144,4599
386841,CNP0054029.0,CCCCCCOC(=O)CSC1=NC2=CC=C(NC(C)=O)C=C2S1,0.23706675951855918,4600
148884,CNP0385207.0,CCCCCCCOC(=O)CSC1=NC2=CC=C(NC(C)=O)C=C2S1,0.23706675951855918,4601
1856,CNP0031067.0,CCCCCCCCOC(=O)CSC1=NC2=CC=C(NC(C)=O)C=C2S1,0.23706675951855918,4602
120971,CNP0161914.0,CCCCCOC(=O)CSC1=NC2=CC=C(NC(C)=O)C=C2S1,0.23706675951855918,4603
30887,CNP0291192.0,CCCCCCCCCOC(=O)CSC1=NC2=CC=C(NC(C)=O)C=C2S1,0.23706675951855918,4604
291213,CNP0395751.0,COC1=CC=C2NC3=C(CN(C(=O)CCC(=O)NC4=CC=C(OC)C(OC)=C4)CC3)C2=C1,0.2370615946480709,4605
340441,CNP0408270.0,COC1=CC=C(C2=COC3=CC(OCCN4CCN(C5=CC=C(OC)C=C5)CC4)=CC=C3C2=O)C=C1,0.23705958302147986,4606
360067,CNP0088655.0,COC1=CC=C(C2=NC(CSC3=NC4=C(N=C(C)NC4=O)N3C)=C(C)O2)C=C1,0.2370550363896563,4607
465721,CNP0400488.0,COC1=CC(C2=CC=C3OCOC3=C2)=NC2=CC=CC=C12,0.23705177868594507,4608
96441,CNP0509694.0,CC1=CC=C(NC(=O)CSC2=NC3=C(C(=O)N(C)C(=O)N3C)N2C)C=C1C,0.2370478743947656,4609
218462,CNP0392927.0,CC1=COC2=CC3=C(C=C12)C(C)=C(CC(=O)NC1=CC=C2OC(=O)C=CC2=C1)C(=O)O3,0.23703165557046468,4610
29230,CNP0471360.0,CN1N=C(C2=CC=CC=C2)C2=C(Br)C=C(C(=O)O)C2=C1C1=CC=CC=C1,0.23699688079526837,4611
149696,CNP0034561.0,CC1=C(CSC2=NC3=C(N=CNC3=O)N2C)N=C(C2=CC=C(OC(C)C)C=C2)O1,0.23699634327726457,4612
407391,CNP0562950.0,CCS(=O)(=O)N1CCC2(CC1)OC(=O)C(C)=C2C(=O)NC1=CC=C(OC)C(OC)=C1,0.2369370434115517,4613
317728,CNP0205774.1,NC(=O)C1CCN(C2=CC(C3=NOC([C@@H]4CCCN4CC4=CC5=CC=CC=C5O4)=N3)=CC=N2)CC1,0.23690787788476794,4614
211678,CNP0488123.1,CCCCN(C)CCN1C(=O)[C@@H]2[C@H](C(=O)NC3=CC=CC(OC)=C3)[C@@H]3C=C[C@@]2(O3)[C@H]1C(=O)NC1CCCCC1,0.23690133536401842,4615
423153,CNP0259849.0,COC1=CC=C(C2=COC3=C4C(=CC(O)=C3C2=O)OC(=O)CC4C2=CC3=CC=CC4=C3N(CC4)C2=O)C=C1OC,0.23685906171454574,4616
47084,CNP0381503.1,O=C(COC1=CC2=C(C=C1Cl)C(C1=CC=CC=C1)=CC(=O)O2)N1CC[C@@]2(O)CCCC[C@H]2C1,0.23684950637220076,4617
241446,CNP0277181.0,C=CCC1=CC(C2=CC(=O)C=CC2=O)=CC=C1O,0.23682546135975438,4618
460057,CNP0585223.0,C=CCOC(=O)OC1=CC=C2C(=O)C(C3=CC=CC=C3)=COC2=C1,0.23681891336298502,4619
95349,CNP0533299.1,CCCC1=C/C(=C/C2=CC=C(C3=CC=CC([N+](=O)[O-])=C3)O2)C(=O)O1,0.2368115696555718,4620
192573,CNP0555502.0,COC1=CC=CC(C2=C(C3=C(O)C(=O)C=C(C)O3)NC(C3=CC=CC(O)=C3O)=N2)=C1,0.23680605755277243,4621
238976,CNP0488123.3,CCCCN(C)CCN1C(=O)[C@@H]2[C@H](C(=O)NC3=CC=CC(OC)=C3)[C@@H]3C=C[C@@]2(O3)[C@@H]1C(=O)NC1CCCCC1,0.23680482150725662,4622
146283,CNP0221680.0,CCOC(=O)C1=C(C2=NC(C3=CC=CC=C3)=C(C3=C(O)C(=O)C=C(C)O3)N2)C2=CC=CC=C2N1,0.23679821286637867,4623
22406,CNP0576873.4,CC1=CC=C(NC(=O)[C@@H]2[C@@H]3C=C[C@]4(O3)[C@@H]2C(=O)N(CCN2CCCCCC2)[C@H]4C(=O)N[C@@H]2CCC[C@H](C)[C@@H]2C)C=C1C,0.23678452714663453,4624
239061,CNP0576873.1,CC1=CC=C(NC(=O)[C@@H]2[C@@H]3C=C[C@]4(O3)[C@@H]2C(=O)N(CCN2CCCCCC2)[C@H]4C(=O)N[C@@H]2CCC[C@@H](C)[C@H]2C)C=C1C,0.23678452714663453,4625
104251,CNP0576873.2,CC1=CC=C(NC(=O)[C@@H]2[C@@H]3C=C[C@]4(O3)[C@@H]2C(=O)N(CCN2CCCCCC2)[C@H]4C(=O)N[C@@H]2CCC[C@@H](C)[C@@H]2C)C=C1C,0.23678452714663453,4626
313678,CNP0049134.0,O=C1OC2=CC(OCCN3CCOCC3)=CC=C2C=C1C1=CC=C(Cl)C=C1,0.2367623283778567,4627
80843,CNP0058981.0,O=C(NCCOC(=O)NC1=CC=CC=C1)NC1=CC=C(Cl)C(Cl)=C1,0.23675683957419583,4628
62660,CNP0265067.0,CC1=CC(=O)C(O)=C(C2=C(C3=CC=CC=C3)N=C(C3=CNC4=CC=C(Br)C=C34)N2)O1,0.23669166517836998,4629
140587,CNP0110310.0,CC1=CC2=C(C(CC(=O)O)=C(C3=CC=CC=C3)O2)C(=O)N1,0.23662712396047156,4630
177364,CNP0579070.4,COCCN1C(=O)[C@H]2[C@@H](C(=O)NC3=CC=C(Cl)C(Cl)=C3)[C@@]3(C)C=C[C@@]2(O3)[C@@H]1C(=O)NC1CCCCC1,0.23662572834302187,4631
96498,CNP0514595.0,COC1=CC=C(C2=CC(=O)C3=CC(OC(=O)C4=CC=CN=C4)=CC=C3O2)C=C1,0.2366233587016672,4632
316187,CNP0107888.0,CCC(=O)OC1=CC=C2C=C(C3=CC=CC=C3)C(=O)OC2=C1,0.2365796076104785,4633
135184,CNP0366324.0,COC1=CC=C(C2=COC3=CC(OCC(=O)C4=CC=CC=C4)=CC=C3C2=O)C=C1,0.23656516539431408,4634
96117,CNP0411329.0,COC1=CC=C(C2CC(=O)OC3=CC(O)=C4C(=O)C(C5=CC=CC=C5)=COC4=C32)C=C1,0.2365513960365946,4635
42871,CNP0556879.0,CC1=CC(=O)C(O)=C(C2=C(C3=CC=CC=C3)N=C(C3=CC(O)=CC=C3O)N2)O1,0.23655095492150116,4636
249195,CNP0408226.1,COC1=CC=C(C2=COC3=CC(OCCN4C[C@H](C)O[C@@H](C)C4)=CC=C3C2=O)C=C1,0.23655052675571445,4637
271337,CNP0408226.2,COC1=CC=C(C2=COC3=CC(OCCN4C[C@@H](C)O[C@@H](C)C4)=CC=C3C2=O)C=C1,0.23655052675571445,4638
415846,CNP0476174.0,COC1=CC=C(C2=C(C)C3=CC=C4OCN(CCN5CCOCC5)CC4=C3OC2=O)C=C1OC,0.23651551896312512,4639
316042,CNP0460978.1,CN1C[C@H](O)C[C@H]1C1=NC(C2=CC=CC=C2)=NO1,0.23649032027511935,4640
456016,CNP0387195.1,CC1=CC=C(NC(=O)C2=CC=CC=C2N2C(=O)N3CCC4=C(NC5=CC=CC=C45)[C@@]3(C)C2=O)C=C1C,0.23648325876624363,4641
160095,CNP0187063.0,COC1=CC=CC(C2=CN3C4=C(N=C3N2C2=CC=C3OCCOC3=C2)N(C)C(=O)N(C)C4=O)=C1,0.23646502975942701,4642
281091,CNP0193225.1,COC1=CC=C(C2=COC3=C4C(=CC(O)=C3C2=O)OC(=O)C[C@@H]4C2=CC=CC(OC)=C2)C=C1,0.23642164890278575,4643
484384,CNP0378007.0,NC(=O)COC1=CC=CC(C2CC(=O)OC3=CC(O)=C4C(=O)C=C(C5=CC=CC=C5)OC4=C32)=C1,0.23641353790640135,4644
290126,CNP0137010.0,COC1=CC(=O)C2=CC3=C(COC3=O)C(C3=CC=C4OCOC4=C3)=C2C1=O,0.2363991106640166,4645
465739,CNP0464839.1,C[C@H](OC1=CC=C2OC(C3=CC=CC=C3)=C(C(=O)O)C2=C1)C(=O)O,0.23639081579213608,4646
158627,CNP0097838.1,O=C1NC2=CC=C(C3=CC=CC=C3)C=C2C(=O)N2CCNC[C@H]12,0.2363612164895516,4647
423122,CNP0062208.0,COC1=CC=C(C2=C(C)C3=CC(OS(=O)(=O)C4=CC=CC=C4)=CC=C3OC2=O)C=C1,0.23635078806596663,4648
108422,CNP0390119.0,COC1=CC=CC(C2=C(C#N)C(=N)N3CCC4=CC5=C(C=C4C3=C2)OCO5)=C1,0.23634787338146768,4649
269770,CNP0415027.0,COC1=CC=C(C2=C(C3=C(O)C(=O)C=C(C)O3)NC(C3=CC=CNC3=O)=N2)C=C1,0.23634096994989875,4650
437850,CNP0198374.1,CCOC1=CC=C(C2=C/C(=N\C3=CC=CC(C)=C3)C3=C(C)OC(C)=C3C(OC)=C2)C=C1,0.23633635734671174,4651
213217,CNP0248941.1,COC1=CC=CC(C2=CNC([C@@H]3COCCN3CC3=NC=CN3C)=N2)=C1,0.23633023843800877,4652
128563,CNP0371409.1,COC1=CC=CC2=C1O[C@]1(CCOC(C)(C)C1)N1N=C(C3=CC=C4OCOC4=C3)C[C@@H]21,0.23627468866435475,4653
77322,CNP0034942.0,CCOC(=O)C1=C(C2=CC=CC=C2)OC2=CC=C(OS(C)(=O)=O)C=C12,0.23626405390647384,4654
143756,CNP0234375.0,COC1=CC=C(C2=C(C)C3=CC(OC(=O)C4=CC=CC=C4OC)=CC=C3OC2=O)C=C1,0.23623532906125846,4655
81202,CNP0313092.4,CC[C@H](C1=CC=CC=C1)[C@@](O)(C1=CC=C(OCCN2CCOCC2)C=C1)C1=CC=CS1,0.23623105061526237,4656
298315,CNP0309187.0,O=C(CCNC(=O)N1CCC2=C(C1)NC1=CC=CC=C21)NC1=CC=C2OCCOC2=C1,0.23621904170470231,4657
191888,CNP0009374.0,COC1=CC=C(C2=NC(NC(C)=O)=C3C(=O)OC4=CC=CC=C4C3=N2)C=C1,0.23620418372095386,4658
438745,CNP0310381.0,COC1=CC=C(C2=COC3=C4C(=CC(OC)=C3C2=O)OC(=O)CC4C2=CC(OC)=C3OCOC3=C2)C=C1,0.2361677623499027,4659
354439,CNP0080081.1,CC1=C2C=C(C3=CN=CC(OC[C@@H](N)CC4=CNC5=CC=CC=C45)=C3)C=CC2=NN1,0.23616247916213337,4660
301367,CNP0361422.1,CC(=O)N1C[C@@H]2C[C@H](C1)C1=CC=C(NCC3=CC=C(C4=CC=CC=N4)C=C3)C(=O)N1C2,0.23611777537792888,4661
324664,CNP0361422.2,CC(=O)N1C[C@H]2C[C@H](C1)C1=CC=C(NCC3=CC=C(C4=CC=CC=N4)C=C3)C(=O)N1C2,0.23611777537792888,4662
472912,CNP0097838.2,O=C1NC2=CC=C(C3=CC=CC=C3)C=C2C(=O)N2CCNC[C@@H]12,0.2360233879937984,4663
443746,CNP0270426.1,CN(C[C@@H]1CCCN2CCCC[C@H]12)C(=O)CN1C=CC2=CC=C(Br)C=C21,0.2360208882305284,4664
218572,CNP0060563.0,CC1=C(C2=CC=CC=C2)C(=O)OC2=CC=C(OCC(=O)OC(C)(C)C)C=C12,0.23597058603166177,4665
1926,CNP0049627.1,CC(=O)NC1=CC=C(C2=CC=C3[C@@H]4C[C@@H](CN(C(=O)C5=CC=NC=C5)C4)CN3C2=O)C=C1,0.23595146769654826,4666
144316,CNP0579070.1,COCCN1C(=O)[C@H]2[C@@H](C(=O)NC3=CC=C(Cl)C(Cl)=C3)[C@@]3(C)C=C[C@@]2(O3)[C@H]1C(=O)NC1CCCCC1,0.23594952197396116,4667
462362,CNP0528423.1,CN1N=CN=C1C1=CC=C2OC[C@H]3CN(S(=O)(=O)C4CCCCC4)CCN3CC(=O)NC2=C1,0.23593959843798962,4668
216936,CNP0145204.0,CC1=CC=CC(O)=C1C(=O)OC1=CC=C(C2=COC3=CC(O)=CC(O)=C3C2=O)C=C1,0.23592879418251644,4669
324367,CNP0438522.0,CC1=C(C2=CC=CC=C2)C(=O)OC2=C3CN(CCCN4CCOCC4)COC3=CC=C12,0.23590004905193773,4670
418708,CNP0452667.0,CC1=C(C2=CC=CC=C2)C(=O)OC2=C3CN(CCN4CCOCC4)COC3=CC=C12,0.23590004905193773,4671
155692,CNP0405854.0,CN1CCN(C(=O)CC(C2=CC3=CC=CC=C3OC2)C2=C(O)C(O)=C(O)C3=C2OC(C2=CC=CC=C2)=CC3=O)CC1,0.23588281170266295,4672
488292,CNP0052702.1,CC(=O)NC1=CC=C(C(=O)/C=C/C2=CC=CC=C2F)C(O)=C1,0.2358158482823076,4673
458778,CNP0589532.0,O=C(O)CC1=C(C2=CC=CC=C2)OC2=C(O)C=C3C(C4=CC=CC=C4)=CC(=O)OC3=C12,0.23580397837252753,4674
445258,CNP0298322.0,CN1C(=O)C2=C(N=C3NC(C4=CC=CC=C4)=CN32)N(C)C1=O,0.23579228429425128,4675
4931,CNP0097036.1,C=C1[C@H]2[C@@H](CO)C[C@](C(=O)CCC3=CC=CC(C4=CC=CC(O)=C4)=C3)([C@H]2OC)[C@]1(C)C1CCCC1,0.23577146699446863,4676
465970,CNP0418979.1,C=C1[C@H]2[C@@H](CO)C[C@](C(=O)CCC3=CC=CC(C4=CC=CC(O)=C4)=C3)([C@@H]2OC)[C@]1(C)C1CCCCC1,0.23577146699446863,4677
77964,CNP0589966.0,COC1=CC([C]2[C]3[C](COC3=O)CC3=CC4=C(C=C23)OCO4)=CC(OC)=C1OC,0.2357301107589749,4678
56841,CNP0024000.0,CCOC(=O)C1=C(C2=CC=CC=C2)OC2=CC(Br)=C(OC(=O)CC)C=C12,0.23572962336886885,4679
448815,CNP0565136.3,CCOCCCN1C(=O)[C@H]2[C@H](C(=O)NC3=CC=C(Cl)C(Cl)=C3)[C@@]3(C)C=C[C@@]2(O3)[C@H]1C(=O)NC1CCCCC1,0.2357192650499805,4680
57692,CNP0453042.2,COC1=CC=C(N2C(=S)N(CC3=CC=C(C4=CC=CC=N4)C=C3)[C@H]3[C@H]4OC(=O)[C@@H](C[C@H]4O)[C@@H]32)C=C1,0.23566818418828692,4681
93110,CNP0583939.2,CCN1CCN(CCCN2C(=O)[C@@H]3[C@H](C(=O)NC4=CC=C(C)C(C)=C4)[C@@H]4C=C[C@@]3(O4)[C@@H]2C(=O)N[C@@H]2CCC[C@@H](C)[C@@H]2C)CC1,0.23564292222023048,4682
202399,CNP0583939.4,CCN1CCN(CCCN2C(=O)[C@@H]3[C@H](C(=O)NC4=CC=C(C)C(C)=C4)[C@@H]4C=C[C@@]3(O4)[C@@H]2C(=O)N[C@@H]2CCC[C@H](C)[C@@H]2C)CC1,0.23564292222023048,4683
319077,CNP0009498.0,NC(=O)COC1=CC=C2OC(C3=CC=CC=C3)=CC(=O)C2=C1,0.2355870359973402,4684
336838,CNP0391677.0,COC1=CC=CC(C2CC(=O)OC3=CC(OC)=C4C(=O)C=C(C5=CC=CC=C5)OC4=C32)=C1OC,0.23555037255683367,4685
140052,CNP0303725.0,COC1=CC=C(C2CC(=O)OC3=CC(OC)=C4C(=O)C=C(C5=CC=CC=C5)OC4=C32)C(OC)=C1OC,0.23555037255683367,4686
39538,CNP0005353.0,OCC1=CC=C(CN(CC2=CC=C(CO)O2)C2(CC3=NOC(C4=CC=CC=C4)=C3)COC2)O1,0.23552713734618003,4687
233040,CNP0387342.1,COC1=CC(C2=C/C(=C3/N=C(C)OC3=O)C3=CC=CC=C3O2)=CC(OC)=C1OC,0.23552478704445462,4688
277403,CNP0193225.2,COC1=CC=C(C2=COC3=C4C(=CC(O)=C3C2=O)OC(=O)C[C@H]4C2=CC=CC(OC)=C2)C=C1,0.235480484299399,4689
448673,CNP0218624.0,COC1=CC=C(C2=CC3=CC=CC=C3OC2=O)C=C1OC,0.23546633832861574,4690
415070,CNP0409408.0,CC1=CC2=C(C(C3=CC=CC=C3)=CC(=O)O2)C2=C1C(C1=CC=NC=C1)CC(=O)O2,0.23545826114842694,4691
312463,CNP0290462.0,COC1=CC=C(C2CC(=O)OC3=CC(OC)=C4C(=O)C=C(C5=CC=CC=C5)OC4=C32)C=C1OC,0.23543075247610784,4692
172359,CNP0585970.0,COC1=CC=CC(C2=C(C3=C(O)C(=O)C=C(C)O3)NC(C3=CC(OC)=CC=C3O)=N2)=C1,0.2354190854687512,4693
2780,CNP0193518.1,C[C@]12CCC[C@](C)(C(=O)O)[C@@H]1CC[C@]1(C)[C@@H]2CC[C@]2(C)OC3=CC=C(O)C=C3C[C@@H]12,0.23541490566000875,4694
23168,CNP0193518.2,C[C@@]12CCC3[C@](C)(CCC[C@]3(C)C(=O)O)C1CC[C@]1(C)OC3=CC=C(O)C=C3CC21,0.23541490566000875,4695
164937,CNP0149231.0,CC1=C(C2=CC=CC(Cl)=C2)C(=O)OC2=CC=C(Br)C=C12,0.23535274101318254,4696
69136,CNP0064903.0,CC1=C(C2=CC=CC(Cl)=C2)C(=O)OC2=CC=C(Cl)C=C12,0.23535274101318254,4697
361081,CNP0368518.0,COC1=CC=C(C2=CC3=CC(OC)=C(OC)C=C3C(CC3=CC=CC4=CC=CC=C34)=N2)C=C1OC,0.2353444756502113,4698
86733,CNP0036366.1,O=C(C[C@@H]1O[C@H](CN2C=C(C3=CC=CC=C3)N=N2)[C@@H](O)[C@H]1O)N1CCN(C2=CC=CC=C2)CC1,0.23528274659583384,4699
111944,CNP0270316.0,CC1=C(C2=CC=CC=C2)C(=O)OC2=CC=C(OC(=O)C3=CC=C4OCOC4=C3)C=C12,0.23527093625524242,4700
354293,CNP0347747.1,O=C[C@]12CC[C@@H](O)[C@@](CC(=O)O)(C(=O)O)[C@@]1(C=O)[C@H](O)C[C@@H](CO)[C@]21C[C@@H](C2=COC=C2)O[C@H]1O,0.23524903163307134,4701
73212,CNP0408991.1,N#C/C(=C\C1=CC=C(C2=CC=C(Cl)C(Cl)=C2)O1)C(=O)N1CCC2=CC=CC=C2C1,0.23522843240142396,4702
100894,CNP0277434.0,COC1=CC(C2=COC3=C4C=CC(C)(C)OC4=CC=C3C2=O)=CC2=C1OCO2,0.23519403643574946,4703
159947,CNP0115094.0,CN1C(C2=CC=CC=C2)=CC(=O)C2=CC=CC=C21,0.23518885931354663,4704
420469,CNP0282189.0,COC1=CC=C(C2=COC3=C(C)C(OCCN4CCN(CCO)CC4)=CC=C3C2=O)C=C1,0.23515883819941932,4705
98061,CNP0174716.1,O=C1OC(C2=CC=CC=C2)=N/C1=C1/C=C(C2=CC=C3OCOC3=C2)OC2=CC=CC=C12,0.23514151586541293,4706
326384,CNP0561289.1,COC1=CC=C(/C=C/C(=O)NC2=CC=C(C)C([N+](=O)[O-])=C2)C=C1,0.23507419907583882,4707
41196,CNP0355002.0,O=C(O)COC1=CC=C(C2=CC3=CC=CC=C3OC2=O)C=C1,0.23506907800315843,4708
121693,CNP0261180.0,COC1=CC=C(C2=C3C4=CC(OC)=C(O)C=C4C=CN3C3=C2C2=CC(OC)=C(O)C=C2OC3=O)C=C1O,0.23506089405997457,4709
267846,CNP0486760.0,CCOC(=O)NC1=CC=C2CCC3=CC=CC=C3N(C(=O)CCN(CC)CC)C2=C1,0.23505543955341054,4710
146051,CNP0484587.1,O=[N+]([O-])C1=CC=CC(/N=C2/N=CCC(C3=CC=CC(CN4C=NC=N4)=C3)=N2)=C1,0.2350230194187481,4711
458818,CNP0484548.1,COC1=CC=C(C2=N/C(=C/C3=CC(OC)=C(OC)C(OC)=C3)C(=O)O2)C=C1OC,0.23499610817539815,4712
433125,CNP0161633.0,CC(=O)COC1=CC=C2C=C(C3=CC=CC=C3)C(=O)OC2=C1,0.2349929933798167,4713
348538,CNP0503694.0,COC1=CC=C(C2=CN3C4=CC=CC=C4N=C3N2CCN2CCCCC2)C=C1,0.23498735311103772,4714
222530,CNP0604714.0,COC1=CC=C(C2=CN3C4=CC=CC=C4N=C3N2CCN2CCCC2)C=C1,0.23498735311103772,4715
53726,CNP0005876.0,C#CCOC1=CC=C2OC(=O)C(C3=CC=CC=C3)=CC2=C1,0.2349530465407092,4716
495593,CNP0119386.1,COC1=CC(=O)C2=CC(C3=C(O)/C(=C(\C(=O)O)C4=CC=C(O)C=C4)OC3=O)=CC=C2C1=O,0.2349478494874979,4717
248313,CNP0000026.1,CO/C=C/C1=CC(C2=CC=CC=C2)=NO1,0.23493630151751407,4718
239760,CNP0009353.0,CC1=CC=C(C2=NC(CSC3=NC4=C(N=C(C)NC4=O)N3C)=C(C)O2)C=C1,0.234931905527108,4719
69343,CNP0416351.1,CC1(C)CCC[C@@]2(C)OC(=O)C[C@@]12O,0.23491522211854077,4720
384588,CNP0186399.0,CCCCN(C)C(=O)NC1=CC=C(Cl)C(Cl)=C1,0.23490387334526514,4721
187801,CNP0363196.0,O=C(COC1=CC=C2N=C3CCCN3C(=O)C2=C1)NC1=CC=C2OCCOC2=C1,0.2348827259430968,4722
170802,CNP0232919.0,CCOC(=O)C1=C(C2=CC=CC=C2)OC2=CC=C(OCC)C=C12,0.2348767377403137,4723
163371,CNP0024356.1,CCS[C@@H]1CCN2C(=O)C3=CC(C4=CC=CC=C4)=CC=C3NC(=O)[C@H]12,0.23486716786834325,4724
281429,CNP0131141.1,CN1C=CC=C1C(=O)N1CCN2C(=O)C3=CC(C4=CSC=C4)=CC=C3NC(=O)[C@@H]2C1,0.2348283636239675,4725
174118,CNP0328958.0,COC1=CC=C(C2=COC3=C(C)C(OCCN4CCCCC4)=CC=C3C2=O)C=C1,0.23482824061007002,4726
65768,CNP0282420.1,COC1=CC=C(C2=NOC([C@@H]3C[C@@H](O)CN3CC3=CC=CC(C#N)=C3)=N2)C=C1,0.23481924303284019,4727
407216,CNP0070159.1,COC(=O)C1=CC=CC(NC(=S)N[C@H]2CO[C@H]3[C@@H]2OC[C@H]3OC(=O)NC2=CC=C(C(C)C)C=C2)=C1,0.23481182456427527,4728
109306,CNP0040045.0,CCOCCCN1COC2=CC=C3C(=O)C(C4=CC=C(OC)C=C4)=COC3=C2C1,0.23479007784053565,4729
321218,CNP0165772.0,COC1=CC=C(C2=COC3=C4C(=CC(O)=C3C2=O)OC(=O)CC4C2=CC=CC(O)=C2)C=C1OC,0.23478670198353757,4730
176233,CNP0280795.0,CCOC1=CC=C(C2=CC3=CC=CC(OC)=C3OC2=O)C=C1,0.23477248141486226,4731
56981,CNP0195065.1,COCCOC1=CC(C2=NOC([C@@H]3CCCN3CC3=CC=CC(OC)=C3)=N2)=CC=N1,0.2347273784493002,4732
269768,CNP0210606.1,CCOC(=O)[C@H](C)OC1=CC(OC)=C2C(=O)C=C(C3=CC=CC=C3)OC2=C1,0.23472174508990779,4733
280930,CNP0401411.0,CN1CCN(C(=O)CC(C2=CC=CO2)C2=C(O)C=C(O)C3=C2OC(C2=CC=CC=C2)=CC3=O)CC1,0.234708573916665,4734
326699,CNP0378742.0,CCOC1=CC=C(C2=CC(=O)C3=C(C)OC(C)=C3C(OC(=O)C3=CC=CO3)=C2)C=C1,0.23465801917933254,4735
314610,CNP0389044.0,COC1=CC=C(C2=COC3=CC(OCC(=O)N4CCC5=CC=CC=C5C4)=CC=C3C2=O)C=C1,0.23457311965523697,4736
269698,CNP0319601.1,COC1=CC=C(OC)C(/C=C2/N=C(C3=CC=CC=C3)OC2=O)=C1,0.2345461690866218,4737
240245,CNP0015994.1,CN1CCC(N2CCC[C@H]2C2=NC(C3=CC=NC(N4CCC(C(N)=O)CC4)=C3)=NO2)CC1,0.23454571256414017,4738
168076,CNP0506117.1,COC1=CC(C2=CC=C3/C(=C/C4=CC=CN4)C(=O)NC3=C2)=CC=C1O,0.23454103006585147,4739
54085,CNP0242029.0,COC1=CC=C(CCC(=O)NC2=CC=C3N=CN(C(C)C)C(=O)C3=C2)C=C1OC,0.23451489826617475,4740
145970,CNP0039061.1,CC(C)=CCC/C(C)=C/COC1=CC=C(C2=CC3=CC=CC=C3OC2=O)C=C1,0.23451243569959238,4741
88838,CNP0401440.1,CC1=CC(=O)OC2=CC(OCC(=O)NC3=CC=C4NC(=O)[C@@H]5CCCN5C(=O)C4=C3)=CC=C12,0.23450778127852537,4742
125633,CNP0320796.0,COC1=CC=C(C2CC(=O)OC3=CC(OC)=C4C(=O)C=C(C5=CC=CC=C5)OC4=C32)C=C1,0.23450163249576428,4743
368921,CNP0379222.0,COC1=CC=C2NC3=C(CCNC3C3=CC=C(OC)C(CSC4=NN=C(C5=CC=CC=C5)O4)=C3)C2=C1,0.23447020491649304,4744
103459,CNP0568061.0,COC1=CC=C(C2=C(C)OC3=CC(OC(=O)C4=CC=CC([N+](=O)[O-])=C4)=CC=C3C2=O)C=C1OC,0.23442844918262712,4745
312482,CNP0402082.0,CN1CCN(C(=O)CC(C2=CC=CC(O)=C2)C2=C(O)C=C(O)C3=C2OC(C2=CC=CC=C2)=CC3=O)CC1,0.23437033952969905,4746
234398,CNP0199687.0,COC1=CC=C(C2CC(=O)OC3=CC(OC)=C4C(=O)C=C(C5=CC=CC=C5)OC4=C32)C(OC)=C1,0.23435826725035355,4747
384295,CNP0407407.0,COC1=CC=C(C2=CC(=O)OC3=C4CN(CCCN5CCCC5=O)COC4=CC=C23)C=C1,0.2343223134574412,4748
14518,CNP0409785.0,COC1=CC=C(C2=COC3=CC(OCC(=O)N4CCOC(C5=CC=CC=C5)C4)=CC=C3C2=O)C=C1,0.23429943072189396,4749
411765,CNP0318952.0,COC1=CC=C(C2=COC3=CC(OCC(=O)N4CCN(C)CC4)=CC=C3C2=O)C=C1OC,0.23425389391768633,4750
354523,CNP0354902.1,CC1=CC(O)=C(C2C3CC4CC(C3)CC2C4)C=C1C1=CC=C(/C=C/C(=O)O)C=C1,0.23422175085631758,4751
435104,CNP0274134.0,C=C(C)CNC1=CC=C(N2C=CC3=CC(N(CP(=O)(O)O)S(=O)(=O)C4C=C(Cl)C=C(Cl)C4)=CC=C32)N=N1,0.23413412840044717,4752
419274,CNP0455889.0,COC1=C(O)C(CC2=CNC=C2)=C2OC(C3=CC=C(O)C=C3)=CC(=O)C2=C1O,0.23411131283328995,4753
263548,CNP0591714.2,CC(C)(C)OC(=O)N[C@@]1(C(=O)O)CCCNC1,0.23409945250342346,4754
407564,CNP0591714.1,CC(C)(C)OC(=O)N[C@]1(C(=O)O)CCCNC1,0.23409945250342346,4755
331870,CNP0369382.1,CCCOC1=CC=C(C2=C/C(=N\C3=CC=CC(C)=C3)C3=C(C)OC(C)=C3C(OCC)=C2)C=C1,0.23408786037650486,4756
160571,CNP0444664.0,CCOC(=O)C1=C(C2=CC=CC=C2)OC2=CC=C(OCC(=O)O)C=C12,0.2340869059653319,4757
1997,CNP0531590.4,CC1(C)C[C@]2(CCO1)OC(=O)C[C@@H]2C(=O)NC1=CC=C(Cl)C(Cl)=C1,0.2340552853295842,4758
68594,CNP0589703.4,O=C(NC1=CC=C(Cl)C(Cl)=C1)[C@H]1[C@H]2C=C[C@@]3(O2)[C@H]1C(=O)N(CC1=CC=CS1)[C@@H]3C(=O)NC1CCCCC1,0.23402420121423254,4759
359936,CNP0589703.3,O=C(NC1=CC=C(Cl)C(Cl)=C1)[C@@H]1[C@H]2C=C[C@@]3(O2)[C@H]1C(=O)N(CC1=CC=CS1)[C@@H]3C(=O)NC1CCCCC1,0.23402420121423254,4760
80684,CNP0528519.0,CN1C(C2=CC=CC=C2)=CC2=CC=CC=C21,0.23398150906803544,4761
385128,CNP0572296.0,CCCCOC(=O)OC1=CC=C2C(=O)C(C3=CC=CC=C3)=COC2=C1,0.23397293493797877,4762
440980,CNP0279706.0,COC1=CC(OC)=C(C2CC(=O)OC3=CC=C4C(=O)C(C5=CC=CC=C5)=COC4=C32)C=C1OC,0.23396796881149334,4763
246523,CNP0378951.2,COC1=CC=C(C2=COC3=C4C(=CC(O)=C3C2=O)OC(=O)C[C@@H]4C2=CC=CO2)C=C1,0.23395102932647371,4764
208391,CNP0378951.1,COC1=CC=C(C2=COC3=C4C(=CC(O)=C3C2=O)OC(=O)C[C@H]4C2=CC=CO2)C=C1,0.23395102932647371,4765
18915,CNP0525816.1,O=C1C[C@@H]2CCN(S(=O)(=O)C3=CC=CS3)C[C@@H]2CCOC2=CC=C(C3=CC=CN=C3)C=C2N1,0.23393466521155878,4766
335618,CNP0105873.0,COC1=CC=C(C2=COC3=CC(OC(=O)C4=CC=CC=C4Br)=CC=C3C2=O)C=C1,0.23390922672055484,4767
438688,CNP0415291.1,CCC(C)[C@H](NC(=O)CC1=C(C2=CC=CC=C2)OC2=C1OC(C)=CC2=O)C(=O)N1C[C@H]2C[C@@H](C1)C1=CC=CC(=O)N1C2,0.23389506780041253,4768
474549,CNP0489943.0,COCC1=CC(=O)C(O)=C(C2=C(C3=CC=C(OC)C=C3)N=C(C3=CC=CC(O)=C3O)N2)O1,0.23388659066081283,4769
444341,CNP0393298.0,CC1CCN(C(=O)COC2=CC=C3C(=O)C(C4=CC=CC=C4)=COC3=C2)CC1,0.23387785320107304,4770
95811,CNP0402206.0,O=C1CC(C2=CC=CN=C2N2CCCCC2)C2=C(C=C(O)C3=C2OC=C(C2=CC=C(O)C=C2)C3=O)O1,0.23387542766893535,4771
53504,CNP0401064.2,COC1=CC=C(C2=COC3=C4C(=CC(O)=C3C2=O)OC(=O)C[C@@H]4C2=CC=CC(OC)=C2OC)C=C1,0.23385933506970846,4772
136617,CNP0401064.1,COC1=CC=C(C2=COC3=C4C(=CC(O)=C3C2=O)OC(=O)C[C@H]4C2=CC=CC(OC)=C2OC)C=C1,0.23385933506970846,4773
165127,CNP0529117.1,C[C@]12CC[C@@H]3C4=CC=C(C5=NC=C(C6=CC=CC=C6)O5)C=C4CC[C@H]3[C@@H]1CCC2=O,0.2338540618679759,4774
152486,CNP0145737.0,C=CCOC(=O)CSC1=NC2=CC=C(NC(C)=O)C=C2S1,0.2338435463109735,4775
251064,CNP0572386.0,COCC1=CC(=O)C(O)=C(C2=C(C3=CC=C(OC)C=C3)N=C(C3=CC=CC=C3O)N2)O1,0.23383934662402375,4776
70642,CNP0253778.0,CCOC(=O)C1=C(C2=CC=CC=C2)OC2=CC=C(OCC(=O)C3=CC=C(Cl)C=C3)C=C12,0.2338214266185861,4777
195116,CNP0509850.1,COC1=CC=C([C@H]2NN3C(=NN=C3C3=CC=CC([N+](=O)[O-])=C3)S2)C=C1,0.23379544658464496,4778
143619,CNP0412055.1,COCCN(CC1=C(O)C=CC2=C1OC(=O)C(C1=CC=CC=C1)=C2)C[C@@H]1CCCN2CCCC[C@H]12,0.23374008899241233,4779
348616,CNP0185705.0,C=CCOC1=CC=C2C=C(C3=CC=CC(Br)=C3)C(=O)OC2=C1,0.23372636480701994,4780
458836,CNP0017226.1,C[C@H](O)C1=C(C(=O)N2CCN(C)CC2)C(C2=CC=CN=C2)=NO1,0.23371781847945924,4781
105173,CNP0399237.0,O=C(CN1C=CC2=CC(Br)=CC=C21)N1CCC2=C(C1)C1=CC=CC=C1N2,0.23370551728806105,4782
169199,CNP0137365.1,O=C(CCN1C=CC2=CC(Br)=CC=C21)NC[C@@H]1CCCN2CCCC[C@H]12,0.2336655910172037,4783
290212,CNP0244124.0,C1=CC=C(C2=CC=C(C3=CN4C=CC=CC4=C3)C=C2)C=C1,0.23366130656235182,4784
128524,CNP0135619.1,CC(=O)C1=C(O)C(C)=C(O)C2=C1OC1=CC(=O)/C(=C(/C)NC3=CC=C4NC=NC4=C3)C(=O)[C@@]12C,0.23365429736486326,4785
208525,CNP0372596.0,CC(=O)NC1=NC(C2=CC=CC=C2)=NC2=C1C(=O)OC1=CC=CC=C12,0.23359641304521916,4786
178461,CNP0149034.0,CC(=O)COC1=CC=C2OC(=O)C(C3=CC=CC=C3)=C(C)C2=C1,0.23358322933181966,4787
184164,CNP0543834.0,COC1=CC=CC(C2=C(OC)C(=O)C3=C(O)C(OC)=C(CO)C=C3O2)=C1,0.23357406144208023,4788
254207,CNP0280499.0,COC1=CC(C2=C3C4=CC(O)=C(O)C=C4C=CN3C3=C2C2=CC(O)=C(O)C=C2OC3=O)=CC=C1O,0.2335649475749407,4789
227896,CNP0363762.1,COC1=CC=C(/C=C2\N=C(C3=CC=CC=C3)OC2=O)C=C1OC,0.23351353966504232,4790
332476,CNP0348870.0,CN1CCN(C(=O)CC(C2=COC3=CC=CC=C3C2=O)C2=C(O)C=C(O)C3=C2OC(C2=CC=CC=C2)=CC3=O)CC1,0.2334998635361189,4791
407152,CNP0261395.1,CC(=O)C1=CC=C(NC(=O)N[C@H]2CO[C@H]3[C@@H]2OC[C@H]3OC(=O)NC2=CC=CC(C(C)=O)=C2)C=C1,0.23345527396897062,4792
172794,CNP0015991.1,CN1CCC[C@H]1C1=NC(C2=CC=C(OC3CCCCC3)N=C2)=NO1,0.23342505328647944,4793
77551,CNP0245482.1,O=C1NC2=CC=C(C3=CC=C(Cl)C=C3)C=C2C(=O)N2CCN(C(=O)C3=CC=CN=C3)C[C@H]12,0.23335537535698073,4794
305517,CNP0374659.0,CC1=COC2=CC3=C(C=C12)C(C)=C(CCC(=O)NC1=CC=C2OCOC2=C1)C(=O)O3,0.23331801707320138,4795
319941,CNP0117430.1,CC1=CC=C2C(=C1)C=CN2CC(=O)NC[C@@H]1CCCN2CCCC[C@H]12,0.23330524465806945,4796
399950,CNP0415313.0,CC1=CC(=O)C(O)=C(C2=C(C3=CC=CC=C3)N=C(C3=CC=CC(O)=C3O)N2)O1,0.23329517924787552,4797
356918,CNP0600152.0,CC(C)OC(=O)NC1=CC=C2CCC3=CC=CC=C3N(C(=O)CCN3CCN(CCO)CC3)C2=C1,0.2332630541951092,4798
270021,CNP0314751.0,COC1=CC=C(C2=C(C)OC3=C4CN(CC5=CC=CO5)COC4=CC=C3C2=O)C=C1OC,0.2332523940933526,4799
315969,CNP0539773.1,C[C@@]12CC(C3=CC=CC=C3)=NC3=CC(Cl)=CC=C3N1C(C1=CC=C([N+](=O)[O-])C=C1)=NO2,0.23324779687514294,4800
25827,CNP0247499.2,COC1=CC=C(C2=COC3=C4C(=CC(O)=C3C2=O)OC(=O)C[C@H]4C2=COC3=CC=CC=C3C2=O)C=C1,0.23321557477428104,4801
357924,CNP0247499.1,COC1=CC=C(C2=COC3=C4C(=CC(O)=C3C2=O)OC(=O)C[C@@H]4C2=COC3=CC=CC=C3C2=O)C=C1,0.23321557477428104,4802
49283,CNP0499505.0,CC1=CC(=O)OC2=C1C=C(O)C1=C2C(CC(=O)O)=C(C2=CC=CC=C2)O1,0.23318672835380277,4803
317981,CNP0059047.0,CC1=CC=CC(NC(=O)C2=CN=C(C(C)(C)C)C(Cl)=N2)=C1,0.2330794775137009,4804
475319,CNP0035699.0,CCOC1=CC=C2OC(=O)C(C3=CC=CC=C3)=C(C)C2=C1,0.23303840786514574,4805
61102,CNP0502235.1,COC1=CC=CC(C(=O)/[NH+]=C2\OC3=CC=CC=C3C(O)=C2C2=CC=CC=C2)=C1,0.23302281131659774,4806
328705,CNP0133156.2,COC1=CC=C(C2=CC3=CC=C(O)C(CN4CCCC[C@H]4C4=CC=CN=C4)=C3OC2=O)C=C1OC,0.23301257112065688,4807
45426,CNP0315011.0,COC1=CC=CC(C2CC(=O)OC3=C(O)C(O)=C4C(=O)C=C(C5=CC=CC=C5)OC4=C32)=C1OC(C)C,0.23298954315172973,4808
308872,CNP0512790.2,COC1=CC=C(C2=NOC(=O)/C2=C/C2=CC=CC([N+](=O)[O-])=C2O)C=C1OC,0.2329502515798087,4809
391751,CNP0597341.0,CN1C(C2=CC=CC=C2)=CC2=C(C=C3C=CC(=[N+](C)C)C=C3)C3=CC=CC=C3N21,0.2329397961261347,4810
364969,CNP0530013.0,COC1=CC=C(O)C(C2=NC(C3=CC=CC=C3)=C(C3=C(O)C(=O)C=C(C)O3)N2)=C1,0.23293780119113258,4811
417044,CNP0156709.0,COC1=C(O)C=C2C=CC(=O)C3=C2C1=C(C1=CC=CC=C1)C=C3,0.2329305996303978,4812
297688,CNP0222131.0,COC1=C(O)C=C2C(=O)C=CC3=C2C1=C(C1=CC=CC=C1)C=C3,0.2329305996303978,4813
432631,CNP0435011.0,COC1=CC2=C(C=C1O)OC(=O)C1=C2C(C2=CC=C(O)C(O)=C2)=C2C3=CC(OC)=C(O)C=C3C=CN21,0.23290763456527386,4814
312744,CNP0591466.0,COC1=CC2=C(C=CN3C2=C(C2=CC=C(O)C(O)=C2)C2=C3C(=O)OC3=CC(O)=C(O)C=C32)C=C1O,0.23290763456527386,4815
411642,CNP0560317.2,C[C@@H](OC1=CC=C(C2=CN=C3C=CC=CC3=N2)C=C1)C(=O)N1CCC2(CC1)OCCO2,0.23285825589492096,4816
26414,CNP0211860.0,COC1=CC=C(C2=CC3=CC=C(OC(=O)C4=C(OC)C=CC=C4OC)C=C3OC2=O)C=C1OC,0.23283696458460082,4817
96622,CNP0552485.0,O=C1CC(C2=CC3=CC=CC4=C3N(CCC4)C2=O)C2=C(C=CC3=C2OC(=O)C(C2=CC=CC=C2)=C3O)O1,0.23281305852288692,4818
495132,CNP0325593.0,CCOC(=O)C1=C(C2=CC=CC=C2)OC2=CC=C(OC(=O)C3=CC=CC=C3)C=C12,0.23277668134666218,4819
58144,CNP0039725.0,CC1=CC=C2OC(=O)C(C3=CC=CC(Cl)=C3)=C(C)C2=C1,0.23276053390977483,4820
185263,CNP0010305.0,COC1=CC=C(NC(=O)CSC2=NC3=CC=CC=C3C(=O)N2)C=C1Cl,0.23276018331905715,4821
26940,CNP0272733.0,CC1=CC=CC=C1COC1=CC=C2C(=O)C(C3=CC=C(Cl)C=C3)=COC2=C1,0.23273185666420712,4822
227064,CNP0256175.0,COC1=CC=C(C2=COC3=C4C(=CC(O)=C3C2=O)OC(=O)CC4C2=CC3=CC=CC=C3OC2)C=C1OC,0.23270892395286527,4823
377588,CNP0206854.0,CN1N=C(C2=CC=CC=C2)NC2=C1NC(=O)N(C)C2=O,0.23268479843626844,4824
246157,CNP0486814.0,CC1=CC=C(NC(=O)C2=C(C)C3=C4C(=O)CC5(CCCC5)OC4=CC=C3O2)C=C1C,0.2326493482578337,4825
387858,CNP0143816.0,COC1=CC=C(S(=O)(=O)OC2=CC=C3OC(=O)C(C4=CC=CC=C4)=C(C)C3=C2)C=C1,0.23264438234234472,4826
16,CNP0423260.1,COC1=CC=C(C2=NOC([C@H](C)O)=C2C(=O)N(C)CC2=CC=CC=C2)C=C1OC,0.23253061581566134,4827
203989,CNP0503946.1,COC1=CC=CC=C1C(=O)N1CCN2CC(=O)NC3=CC(C4=C(C)ON=C4C)=CC=C3OC[C@H]2C1,0.23252453369296588,4828
175532,CNP0509850.2,COC1=CC=C([C@@H]2NN3C(=NN=C3C3=CC=CC([N+](=O)[O-])=C3)S2)C=C1,0.23251615507974338,4829
320182,CNP0550281.1,COC1=CC(C2=C3C4=CC(OC)=C(O)C=C4C=CN3C3=C2C2=C(C[C@@H](O)[C@H](OC)C2)OC3=O)=CC=C1O,0.23251604325149544,4830
191869,CNP0455823.0,IC1=CC=C(C2=CN3C=CC=CC3=C2)C=C1,0.2324599080250865,4831
215936,CNP0059366.0,CC(C)(C)C1=CN=C(C(=O)NC2=CC=CC(Br)=C2)C=N1,0.23243781561980242,4832
50993,CNP0302805.0,CCOC1=CC=C(C2=CC(=O)C3=C(C)OC(C)=C3C(OC(=O)C3=CC=CC=C3)=C2)C=C1,0.23234706068487565,4833
303035,CNP0573876.0,CC(C)OC1=NC=C(C2=NC(C3=CC=CC4=C3C=CN4CCCC(=O)O)=NO2)C=C1Cl,0.23232912262485952,4834
53806,CNP0336350.0,COC1=CC=C2OC(=O)C(C3=CC=CC=C3)=C(C)C2=C1,0.23230404245635147,4835
22977,CNP0030476.0,CCN(CC)C(=O)OC1=CC=C2C=C(C3=CC=CC=C3)C(=O)OC2=C1,0.23230228209492051,4836
472483,CNP0404896.0,CN1CCN(C(=O)CC(C2=CC=C(O)C=C2)C2=C(O)C(O)=C(O)C3=C2OC(C2=CC=CC=C2)=CC3=O)CC1,0.23227830817301157,4837
143746,CNP0325351.3,COC1=CC=CC(NC(=O)[C@@H]2CC(=O)O[C@@]23CCOC(C)(C)C3)=C1,0.2322671071764594,4838
383453,CNP0118182.1,O=C(NC1=CC=CC=C1)N1C[C@@H]2C[C@H](C1)C1=CC=C(C3=CC=C(Cl)C=C3)C(=O)N1C2,0.2322082199640667,4839
483748,CNP0151879.2,O=C(C1=CC=CC=C1)N1C[C@@H]2C[C@H](C1)C1=CC=C(NCC3=CC=C(C4=CC=CC=N4)C=C3)C(=O)N1C2,0.2321491123184093,4840
124612,CNP0151879.1,O=C(C1=CC=CC=C1)N1C[C@H]2C[C@H](C1)C1=CC=C(NCC3=CC=C(C4=CC=CC=N4)C=C3)C(=O)N1C2,0.2321491123184093,4841
140344,CNP0122136.0,CCOC(=O)COC1=CC=C2C(=O)C(C3=CC=CC=C3)=COC2=C1,0.2321438383380854,4842
130716,CNP0052257.0,COC1=CC=C(C2=CC3=CC=C4OCN(CC5=CC=CO5)CC4=C3OC2=O)C=C1,0.23212518868081136,4843
235086,CNP0351008.0,COC1=CC=C(C2=COC3=CC(OCC(=O)N4CCN(C)CC4)=CC=C3C2=O)C=C1,0.232125099634482,4844
44779,CNP0061671.0,COC1=CC=C(C2=C(C3=CC=CC=C3)C3=CC(C)=CC=C3OC2=O)C=C1,0.23210367000791138,4845
392758,CNP0524891.0,O=C(NC1=CC=CC(S(=O)(=O)N2CCN(C3=CC=CC=N3)CC2)=C1)NC1=NC=CS1,0.2320836831104782,4846
414598,CNP0318239.0,COC1=CC=C(CCN2C(C3=CC=C(C)C=C3)=NC3=CC=CC=C3C2=O)C=C1OC,0.23205622527707778,4847
438666,CNP0125675.1,COC1=CC=C(C2=COC3=C4C(=CC(OC)=C3C2=O)OC(=O)C[C@H]4C2=CC(OC)=C3OCCOC3=C2)C=C1,0.23205530363761143,4848
313246,CNP0295786.2,COC1=C2OCOC2=CC2=C1[C@H](C(=O)NC1=CC=C(C)C(C)=C1)N(C)CC2,0.23200695082087627,4849
483008,CNP0587559.1,CC[C@H](C)C[C@@H](C)/C=C(\C)[C@@H]1O[C@H](C2=C(O)N(C)C=C(C3=CC=C(O)C=C3)C2=O)CC[C@H]1C,0.23197198610283562,4850
403186,CNP0112911.1,CN1C=CN=C1CN1CCOC[C@H]1C1=NC(C2=CC=CC(Cl)=C2)=CN1,0.23197038778540688,4851
391643,CNP0042209.1,CC(=O)N1CCC(C(=O)N2CCN3C(=O)C4=CC(C5=CC=CC=C5)=CC=C4NC(=O)[C@H]3C2)CC1,0.231923819131745,4852
275472,CNP0581855.1,C=C(C(=O)OC1=C(C)C2C(C)CC[C@@H]3C(=C)C(=O)O[C@H]3[C@@H]2C1=O)[C@H]1CC[C@]2(C)CCCC(=C)[C@H]2C1,0.23191542937387802,4853
113105,CNP0594494.0,COC1=CC=C(C2=C3N=C(N)N(C)C3=CC3=CC(OC)=C(O)C=C23)C=C1,0.2318800692535688,4854
171125,CNP0332413.0,O=C1CC(C2=CC=CN=C2)C2=C(C=C(O)C3=C2OC=C(C2=CC=CC=C2)C3=O)O1,0.23187793598642714,4855
149284,CNP0196687.0,CC1=CC=C(C2=COC3=CC4=C(C=C23)C2=CC=CC=C2C(=O)O4)C=C1,0.23185392889127038,4856
101346,CNP0031859.0,CC1=C(C2=CC=CC=C2)C(=O)OC2=CC=C(OC(=O)N3CCOCC3)C=C12,0.2318518727541338,4857
53807,CNP0221325.0,COC1=CC=C(C2=NC3=C(NC(=O)N(C)C3=O)N2CCC2=CC=CC=C2)C=C1,0.23184037658404436,4858
364103,CNP0049806.0,COC1=CC=C(C2=C(C)C3=CC(OC(=O)C4=CC=CC(OC)=C4)=CC=C3OC2=O)C=C1,0.2318327438981157,4859
357194,CNP0552539.1,COC1=CC(O)=CC(C)=C1C(=O)O[C@H]1[C@H](OC(C)=O)[C@H](N2C=CC(O)=NC2=O)O[C@H]1CO,0.2318070070393641,4860
287053,CNP0373552.0,CCC1=C(C)C2=CC=C(OCC(=O)C3=CC=C(C4=CC=CC=C4)C=C3)C=C2OC1=O,0.23173024323321256,4861
208373,CNP0333103.1,CCS[C@@H]1C[C@@H]2C(=O)NC3=CC=C(C4=CC=CC=C4)C=C3C(=O)N2C1,0.2317069609545987,4862
246822,CNP0102660.1,CSCC[C@@H]1NC(=O)C2=CC(NC(=O)COC3=CC=C4C(C)=CC(=O)OC4=C3)=CC=C2NC1=O,0.2316830952637753,4863
479597,CNP0050125.0,CCOC(=O)C1=C(C2=CC=CC=C2)OC2=CC=C(OCC(=O)C3=CC=C(Br)C=C3)C=C12,0.23167720308484696,4864
391202,CNP0127841.0,O=NC1=C(C2=CC=CS2)N=C2N=CC=CN12,0.23165261302990112,4865
10171,CNP0033198.0,COC1=CC=C(OC)C(C(=O)C2=C(C)C3=CC(NC(=O)C4=CC=CC=C4Cl)=CC=C3O2)=C1,0.2316404719826484,4866
169247,CNP0564222.1,COC1=CC=C(/C=C/C(=O)C2=CC=C3OC(C4=CC=CC=C4)=C(CC(=O)O)C3=C2)C=C1OC,0.23163167310335073,4867
463682,CNP0338510.0,COC1=CC=CC=C1COC1=CC=C2C(C3=CC=CC=C3)=CC(=O)OC2=C1C,0.23160633676911987,4868
417593,CNP0538935.0,COC1=CC=C(CC(=O)NC2=CC=C(C)C(C)=C2)C=C1OC,0.2316039715859791,4869
342146,CNP0246134.1,COC1=CC=CC(C2=NN3[C@@H](C2)C2=CC=CC(OC)=C2O[C@@]32CCOC(C)(C)C2)=C1,0.2315741612110612,4870
114132,CNP0394199.0,O=C(CCCC1=CNC2=CC=CC=C12)NC1=CC=C2N=CNC2=C1,0.23153576638108675,4871
474179,CNP0530010.1,CC1=CC=CC(C(=O)N2C3=NC(C4=CC=CN=C4)=NN3C3(CCCCC3)[C@@H]3CCCC[C@@H]32)=C1,0.23152850365136188,4872
246766,CNP0360077.0,COC1=CC=C(NC(=O)N(C)C)C=C1Cl,0.2314794046386244,4873
139198,CNP0603136.4,CC1=CC=C(NC(=O)[C@H]2[C@H]3C=C[C@@]4(O3)[C@H]2C(=O)N(CCC(C)C)[C@@H]4C(=O)N[C@@H]2CCC[C@@H](C)[C@H]2C)C=C1C,0.23147713541228263,4874
379513,CNP0603136.2,CC1=CC=C(NC(=O)[C@H]2[C@H]3C=C[C@@]4(O3)[C@H]2C(=O)N(CCC(C)C)[C@@H]4C(=O)N[C@@H]2CCC[C@H](C)[C@@H]2C)C=C1C,0.23147713541228263,4875
241583,CNP0603136.3,CC1=CC=C(NC(=O)[C@H]2[C@H]3C=C[C@@]4(O3)[C@H]2C(=O)N(CCC(C)C)[C@@H]4C(=O)N[C@@H]2CCC[C@@H](C)[C@@H]2C)C=C1C,0.23147713541228263,4876
409063,CNP0334934.0,CC1=CC=CC2=C1C=CC1=C3OC=C(C)C3=C3NC(C4=CC=CC(O)=C4)=NC3=C21,0.23146554884048,4877
412716,CNP0489159.0,COC1=CC=CC(C2=C(C3=C(O)C(=O)C=C(C)O3)NC(C3=CC(Br)=CC=C3O)=N2)=C1,0.23145758418450946,4878
143132,CNP0035740.0,CC1=C(C2=CC=CC=C2)C(=O)OC2=CC=C(OC(=O)C3=CC=CO3)C=C12,0.23141630067496957,4879
188865,CNP0415598.0,CCOC(=O)C1=C(C2=NC(C3=CC=CC=C3)=C(C3=C(O)C(=O)C=C(C)O3)N2)C2=CC(OC)=CC=C2N1,0.23133604512326172,4880
482916,CNP0376463.1,O=C1/C(=C/C2=CC=C(C3=CC=CC=C3)C=C2)OC2=CC(OC(=O)N3CCOCC3)=CC=C12,0.23126917272256658,4881
261673,CNP0400249.2,COC1=CC=C(C2=COC3=C4C(=CC(O)=C3C2=O)OC(=O)C[C@H]4C2=CC=CC=C2OC)C=C1,0.23125989090659357,4882
58593,CNP0400249.1,COC1=CC=C(C2=COC3=C4C(=CC(O)=C3C2=O)OC(=O)C[C@@H]4C2=CC=CC=C2OC)C=C1,0.23125989090659357,4883
342346,CNP0363084.1,COC1=CC(C2=N/C(=C/C3=CC=C(N(C)C)C=C3)C(=O)O2)=CC(OC)=C1OC,0.2312351778038313,4884
332240,CNP0405697.0,CN1CCN(C(=O)CC(C2=CC=C3OCOC3=C2)C2=C(O)C(O)=C(O)C3=C2OC(C2=CC=CC=C2)=CC3=O)CC1,0.23117527460024342,4885
313487,CNP0571474.1,CC1=CC=CC(C(=O)N2CCN3CC(=O)NC4=CC(C5=C(C)ON=C5C)=CC=C4OC[C@H]3C2)=C1,0.23114964503290555,4886
366163,CNP0249181.0,CC1=CC=C(C2=COC3=CC4=C(C=C23)C(C)=C(CC2=CC=CC=C2)C(=O)O4)C=C1,0.23112039152176592,4887
155747,CNP0394344.0,COC1=CC=C(C2CC(=O)OC3=C(O)C(O)=C4C(=O)C=C(C5=CC=CC=C5)OC4=C32)C=C1OC(C)C,0.23111563398955956,4888
207220,CNP0600841.2,CC1=CC=CC(NC(=O)[C@H]2[C@H]3C=C[C@@]4(O3)[C@H]2C(=O)N(CC2=CC=CN=C2)[C@@H]4C(=O)N[C@H]2CCCC[C@H]2C)=C1,0.23103974937989158,4889
85365,CNP0600841.4,CC1=CC=CC(NC(=O)[C@H]2[C@H]3C=C[C@@]4(O3)[C@H]2C(=O)N(CC2=CC=CN=C2)[C@@H]4C(=O)N[C@@H]2CCCC[C@@H]2C)=C1,0.23103974937989158,4890
420140,CNP0600841.3,CC1=CC=CC(NC(=O)[C@H]2[C@H]3C=C[C@@]4(O3)[C@H]2C(=O)N(CC2=CC=CN=C2)[C@@H]4C(=O)N[C@@H]2CCCC[C@H]2C)=C1,0.23103974937989158,4891
258636,CNP0600841.1,CC1=CC=CC(NC(=O)[C@H]2[C@H]3C=C[C@@]4(O3)[C@H]2C(=O)N(CC2=CC=CN=C2)[C@@H]4C(=O)N[C@H]2CCCC[C@@H]2C)=C1,0.23103974937989158,4892
168404,CNP0043715.1,O=C1NC2=CC=C(C3=CC=CC=C3)C=C2C(=O)N2CCN(C(=O)C3CCCCC3)C[C@H]12,0.23101988135083648,4893
2814,CNP0587511.0,COC1=CC(C2=C(C3=C(O)C(=O)C=C(C)O3)NC(C3=CC=CN=C3N3C=NC(Br)=N3)=N2)=CC=C1O,0.23100393173579534,4894
239321,CNP0604166.0,COC1=CC(C2=C(C3=C(O)C(=O)C=C(C)O3)NC(C3=CC=CN=C3N3C=NC(Cl)=N3)=N2)=CC=C1O,0.23100393173579534,4895
146579,CNP0104797.1,CCC(=O)O[C@H]1CC[C@]2(C)[C@H]3CC4=C(C=C(C5=CC=CN=C5)OC4=O)O[C@]3(C)CC[C@H]2C1(C)C,0.23099998920383022,4896
447471,CNP0574833.0,COC1=C2C[C]3COC(=O)[C]3[C](C3=CC=C4OCOC4=C3)C2=CC2=C1OCO2,0.23098741080909194,4897
234859,CNP0050713.0,COC1=CC=C(OC)C(C(=O)C2=C(C)C3=CC=C(NC(=O)C(C)(C)C)C=C3O2)=C1,0.2309563152822641,4898
373887,CNP0406095.0,CN1CCN(C(=O)CC(C2=CC=CC=C2)C2=C(O)C(O)=C(O)C3=C2OC(C2=CC=CC=C2)=CC3=O)CC1,0.23094394269815854,4899
63159,CNP0388855.0,COC1=CC2=C(C3=C1C(=O)C=C(C1=CC=CC=C1)O3)C(C(C)C)CC(=O)O2,0.23094261339928587,4900
117903,CNP0464468.2,C[C@@H]1C(CO)=C[C@@]2(C)OC3=C(C(=O)NC=C3C3=CC=CC=C3)[C@@H]12,0.23091506183178892,4901
306952,CNP0439353.1,CO[C@H]1CC[C@@H](C(=O)N[C@H](C(=O)N2CCCC[C@H]2C(=O)N2C[C@@H](C)C[C@H]2C(=O)O)C(C)C)N[C@@H]1CCl,0.23089127892725972,4902
375081,CNP0574035.0,COCC1=CC(=O)C(O)=C(C2=C(C3=CC=C(O)C(OC)=C3)N=C(C3=CC=CC=C3O)N2)O1,0.23081346803590072,4903
468324,CNP0213283.0,COC1=CC=C(C2=COC3=C4C(=CC=C3C2=O)OC(=O)CC4C2=CC(OC)=C3OCOC3=C2)C=C1OC,0.2307990949183121,4904
360965,CNP0284147.0,CCOC1=CC=C2OC(C3=CC=CC=C3)=C(C(=O)N(CC(C)C)CC(C)C)C2=C1,0.23077241612706131,4905
325758,CNP0588836.1,CCCCOC(=O)[C@H](C)OC1=CC=C2C(=O)C(C3=CC=CC=C3)=COC2=C1,0.23075683834274804,4906
269480,CNP0549828.1,NC(=O)C1CCN(C2=CC(C3=NOC([C@@H]4CCCN4CC4=CC=CC=N4)=N3)=CC=N2)CC1,0.2307270775709453,4907
147312,CNP0602433.0,COC1=CC=C(NC(=O)C2=C(C)C(=O)OC23CCN(S(C)(=O)=O)CC3)C=C1OC,0.23070633340165259,4908
101352,CNP0301343.2,COC1=CC=C(C2=COC3=C4C(=CC(O)=C3C2=O)OC(=O)C[C@@H]4C2=CC=CC3=CC=CC=C23)C=C1,0.23069335021413376,4909
432945,CNP0301343.1,COC1=CC=C(C2=COC3=C4C(=CC(O)=C3C2=O)OC(=O)C[C@H]4C2=CC=CC3=CC=CC=C23)C=C1,0.23069335021413376,4910
215360,CNP0253476.0,CC(C)C(CC(=O)N1CCN(C)CC1)C1=C(O)C=C(O)C2=C1OC(C1=CC=CC=C1)=CC2=O,0.23064266826119442,4911
321625,CNP0217887.0,COC1=CC=C(C2=CC(=O)OC3=C(C)C4=C(C=C23)CN(CC2=CC=CN=C2)CO4)C=C1,0.230613862870491,4912
88615,CNP0389660.1,CSCC[C@H](NC(=O)NC1=CC=C(C)C(C)=C1)C(=O)O,0.23059665037481936,4913
326099,CNP0455610.1,O=C1NC2=CC=C(C3=CC=CC=C3)C=C2C(=O)N2CCN(C(=O)[C@H]3CCCN3)C[C@@H]12,0.23058972913691778,4914
396848,CNP0515326.0,CCOC(=O)C1=C(C2=CC=C(OC)C=C2)C(=O)C2=CC=C(OC(=O)C3=CC=CC([N+](=O)[O-])=C3)C=C2O1,0.23056593653015503,4915
337494,CNP0121370.0,COC1=CC(C2=C3C4=CC(OC)=C(O)C=C4C=CN3C3=C2C2=CC(OC)=C(O)C=C2OC3=O)=CC=C1O,0.23055464761830088,4916
102189,CNP0178188.0,CC1=C(C2=CC=CC=C2)C(=O)OC2=CC=C(OC(=O)N(C)C)C=C12,0.23054032738362745,4917
358188,CNP0124278.1,CC(C)=CCOC1=CC=C2C(=O)/C(=C/C3=CC=C(C4=CC=CC=C4)C=C3)OC2=C1,0.23048751743623996,4918
424402,CNP0333103.2,CCS[C@H]1C[C@H]2C(=O)NC3=CC=C(C4=CC=CC=C4)C=C3C(=O)N2C1,0.23047606268635326,4919
206902,CNP0565136.4,CCOCCCN1C(=O)[C@H]2[C@H](C(=O)NC3=CC=C(Cl)C(Cl)=C3)[C@@]3(C)C=C[C@@]2(O3)[C@@H]1C(=O)NC1CCCCC1,0.23047365303712813,4920
41747,CNP0342239.0,CN1N=CC=C1C(CC(=O)O)C1=C(O)C=CC2=C1OC=C(C1=CC=C(O)C=C1)C2=O,0.23041658441019272,4921
186896,CNP0452227.0,ClC1=CC=C(C2=CN3C=CC=CC3=C2)C=C1,0.23041531659755904,4922
100186,CNP0457087.0,ClC1=CC=C(C2=NN(C3=CC=CC=C3)C=C2C2=NC3=CC(Cl)=CC=C3O2)C=C1,0.23040894683348445,4923
313050,CNP0195580.0,CC1=C(C2=CC=CC(Cl)=C2)C(=O)OC2=CC=C(O)C=C12,0.23031766118480784,4924
297883,CNP0187717.1,COCCN(CC1=CC2=C(OC(=O)C=C2C2=CC=CC=C2)C(C)=C1O)C[C@@H]1CCCN2CCCC[C@H]12,0.23026345675509885,4925
343421,CNP0038748.0,COC1=CC=C(C2=C(C3=CC=CC=C3)C3=CC(C)=CC=C3OC2=O)C=C1OC,0.23025728153016187,4926
397631,CNP0379214.1,COCCCN(CC1=C(O)C=CC2=C1OC(=O)C(C1=CC=CC=C1)=C2)C[C@@H]1CCCN2CCCC[C@H]12,0.23025055351260068,4927
338982,CNP0585021.1,C/C=C(/C)[C@@H]1OC2=C(C(=O)NC=C2C2=CC=CC=C2)[C@@H](OC)[C@@H]1C,0.23020453482870934,4928
437074,CNP0402549.0,COC1=CC=C2NC(=O)C(C3CC(=O)OC4=C(O)C(O)=C5C(=O)C=C(C6=CC=CC=C6)OC5=C43)=CC2=C1,0.23017598824205032,4929
304945,CNP0284845.1,CN1CCC[C@H]1C1=NC(C2=CC=NC(N3CCCC3)=C2)=NO1,0.2301416011077012,4930
204380,CNP0336911.1,COC1=CC=C2C(C)=CC(C)=CC2=C1C1=CC=C2C[C@@H](C)N[C@@](C)(O)C2=C1,0.2300987072590439,4931
391718,CNP0403157.0,CN1CCN(C(=O)CC(C2=COC3=CC=CC=C3C2=O)C2=C(O)C(O)=C(O)C3=C2OC(C2=CC=CC=C2)=CC3=O)CC1,0.23007762129206086,4932
362579,CNP0228653.1,CC1=CCCC(C)(C)[C@H]1CC1=C(O)C=C2OC(C3=CC=C(O)C=C3)=C(O)C(=O)C2=C1O,0.23001183446995238,4933
328996,CNP0584290.0,CC(C)N1C(=O)C(C2=CC=C(C(=O)N3CCC4(CC3)OCCO4)C=C2)=NC2=CC=CN=C21,0.22997974606860366,4934
311223,CNP0190633.0,COC1=CC=C(C2=NC(C(=O)N3CCOCC3)=CC3=C2NC2=CC=CC=C23)C=C1OC,0.22996641182173128,4935
482150,CNP0392722.0,COC1=CC(OC)=C2C(C)=C(CC(=O)NC3=CC=C4OC(=O)C=CC4=C3)C(=O)OC2=C1,0.22996318134110522,4936
432552,CNP0489420.0,CC1=CC2=C(C(CC(=O)O)=C(C3=CC=CC=C3)O2)C(=O)N1CC(=O)O,0.22994022004567163,4937
98127,CNP0414936.1,O=C(OC1=CC=C2C(=O)/C(=C/C3=CC=C(C4=CC=CC=C4)C=C3)OC2=C1)C1=CC=CO1,0.2299319988276058,4938
462397,CNP0192000.0,COC1=CC=C(C2=COC3=CC(OCC(=O)N4CCN(CC5=CC=CC=C5)CC4)=CC=C3C2=O)C=C1,0.22992184590734804,4939
293411,CNP0420345.1,CC(=O)N1C[C@@H]2C[C@H](C1)C1=CC=C(NC(=O)C3=CC=C(C4=CC=CC=C4)C=C3)C(=O)N1C2,0.2298819728765781,4940
503823,CNP0386106.1,COC1=CC=C(C2=COC3=CC(OC(=O)/C=C/C4=CC=CC=C4)=CC=C3C2=O)C=C1OC,0.22986338417163923,4941
361948,CNP0444585.1,CN1CCC(N2C[C@H](O)C[C@H]2C2=NC(C3=CC=CN=C3)=NO2)CC1,0.22983002761631333,4942
374386,CNP0099194.1,COC1=CC=C2C(=C1OC)O[C@H]1C3=C(C4=CC=CC=C4)C=C4O[C@]5(C=CC4=C3OC[C@@H]21)O[C@H](C(=O)O)[C@@H](O)[C@H](O)[C@H]5O,0.2298259304014935,4943
499388,CNP0533197.1,COC1=CC=C(NC(=O)/C=C/C2=CC=C(C)C=C2)C=C1Cl,0.22981705339944367,4944
302771,CNP0208794.0,CCOC(=O)C1=C(C2=CC=C(OC)C=C2)OC2=CC=C(OCC3=C(Cl)C=CC=C3Cl)C=C12,0.22979402943250882,4945
224528,CNP0230368.0,COC1=CC=C(C2=NC3=CC=CC=C3C(=O)N2CCC2=CC=C(OC)C(OC)=C2)C=C1,0.22976183781210655,4946
168974,CNP0383463.2,COC1=CC=CC2=C1O[C@@]1(CCOC(C)(C)C1)N1N=C(C3=CC=C4C=CC=CC4=C3)C[C@@H]21,0.22976034710816232,4947
51134,CNP0235297.0,COC1=CC=C(NC(=O)CCC(=O)N2CCC3=C(C2)C2=CC=CC=C2N3)C=C1OC,0.22973495014996337,4948
422366,CNP0586287.0,O=CC=CC1=CC=CC(C2=CC=C3OCOC3=C2)=C1,0.22972941343173026,4949
142740,CNP0281130.1,CC(=O)NC1=CC=C2C=C(O[C@@H]3O[C@H](C(=O)O)[C@@H](O)[C@H](O)[C@H]3O)C=CC2=C1,0.22969057390358974,4950
424032,CNP0550893.0,COC1=CC2=C(C=C1[N+](=O)[O-])N(OC(C)=O)C(C1=CC=CC=C1)=C2OC(C)=O,0.22967555048729527,4951
157260,CNP0488664.1,COC1=CC(OC)=CC(C2=N/C(=C/C3=CC=CC=C3)C(=O)O2)=C1,0.22965417588834078,4952
136698,CNP0266686.1,COC1=CC=C(C2=C(CC(=O)NCCCC(=O)N3C[C@H]4C[C@@H](C3)C3=CC=CC(=O)N3C4)C3=C(O2)C(=O)C=C(C)O3)C=C1,0.22964747783201703,4953
344869,CNP0023589.0,O=C1C(C2=CC=C(Cl)C=C2)=COC2=CC(OCCN3CCOCC3)=CC=C12,0.2295908375977216,4954
382094,CNP0398635.2,COC1=CC=C(C2=NOC([C@H](N)CC3=CC=CC=C3)=N2)C=C1OC,0.22958703351997176,4955
254006,CNP0031210.0,CC1=C(C2=CC=CC=C2)C(=O)OC2=CC=C(OCC(=O)C3=CC=CC=C3)C=C12,0.22956989227629618,4956
123824,CNP0223527.0,COC1=CC=C(C2=CC(=O)OC3=C(C)C(O)=C(CN4CCN(C)CC4)C=C23)C=C1,0.22955054797173824,4957
223812,CNP0570295.0,CC(C)OC(=O)NC1=CC=C2CCC3=CC=CC=C3N(C(=O)CCN3CCOCC3)C2=C1,0.2295081968811851,4958
152191,CNP0050737.0,CC1=C(C2=CC=CC=C2)C(=O)OC2=CC=C(OCC3=CC=CC=C3)C=C12,0.2294670062289658,4959
463074,CNP0066708.0,COC1=CC=C(C(=O)C2=C(C)C3=CC=C(NC(=O)C4=CC=CC=C4Cl)C=C3O2)C=C1,0.22945801895698245,4960
75953,CNP0494126.1,CC1=CC=C(NC(=O)[C@@H]2[C@@H]3C=C[C@]4(O3)[C@@H]2C(=O)N(CCCN2CCCCC2)[C@H]4C(=O)N[C@@H]2CCC[C@H](C)[C@@H]2C)C=C1C,0.22945719324560346,4961
65980,CNP0494126.4,CC1=CC=C(NC(=O)[C@@H]2[C@@H]3C=C[C@]4(O3)[C@@H]2C(=O)N(CCCN2CCCCC2)[C@H]4C(=O)N[C@@H]2CCC[C@@H](C)[C@@H]2C)C=C1C,0.22945719324560346,4962
24815,CNP0402219.0,COC1=CC=CC(C2CC(=O)OC3=CC(OC)=C4C(=O)C=C(C5=CC=CC=C5)OC4=C32)=C1,0.2294306616927056,4963
142192,CNP0201303.1,O=C1O/C(=C/C2=CC(Br)=C(O)C(Br)=C2)C(C2=CC=C(O)C=C2)=C1Cl,0.22941297526211557,4964
230395,CNP0549618.0,COC1=CC=CC(C2=NC3=CC=C(C4=CC(C)=C(OC)C(C)=C4)C=C3O2)=C1O,0.22940974207177514,4965
193344,CNP0552539.2,COC1=CC(O)=CC(C)=C1C(=O)O[C@H]1[C@H](OC(C)=O)[C@@H](N2C=CC(O)=NC2=O)O[C@H]1CO,0.22939136199355153,4966
222378,CNP0040722.1,N#CC1=CC=CC(CN2C[C@H](O)C[C@H]2C2=NC(C3=CC=CN=C3)=NO2)=C1,0.22937639289991665,4967
312442,CNP0404090.0,O=C1CC(C2=CC3=CC=CC4=C3N(CCC4)C2=O)C2=C(C=C(O)C3=C2OC(C2=CC=C(O)C(O)=C2)=C(O)C3=O)O1,0.22937073875342964,4968
250459,CNP0014006.1,CC(=O)N1CCN(C2=CC(C3=NOC([C@@H]4CCCN4CC4=CC=CN=C4)=N3)=CC=N2)CC1,0.22928434138972645,4969
89063,CNP0557550.0,COCC1=CC(=O)C(O)=C(C2=C(C3=CC=CC=C3)N=C(C3=CC=C(OC)C=C3OC)N2)O1,0.2292820078898756,4970
324392,CNP0405253.0,COC1=CC=C(C2=CC(=O)C3=C(O)C=C4OC(=O)CC(C5=CC6=CC=CC=C6NC5=O)C4=C3O2)C=C1O,0.22927713908838285,4971
417501,CNP0307379.2,COC1=CC=C(C2=COC3=C4C(=CC(O)=C3C2=O)OC(=O)C[C@H]4C2=CC=C(OC)C3=CC=CC=C23)C=C1,0.2292217980873826,4972
260090,CNP0307379.1,COC1=CC=C(C2=COC3=C4C(=CC(O)=C3C2=O)OC(=O)C[C@@H]4C2=CC=C(OC)C3=CC=CC=C23)C=C1,0.2292217980873826,4973
404592,CNP0415076.0,COC1=CC=C(C2=C(C3=C(O)C(=O)C=C(C)O3)NC(C3=CC=CC(O)=C3)=N2)C=C1,0.2291824756301905,4974
6347,CNP0377759.0,CCN1CCN(CCOC2=CC=C3C(=O)C(C4=CC=C(OC)C=C4)=COC3=C2C)CC1,0.22909017922361777,4975
262075,CNP0079103.0,CC1=CC=CC(C2=NC(CSC3=NC4=C(N=CNC4=O)N3C3=CC=CC=C3)=C(C)O2)=C1,0.22907279124874272,4976
439493,CNP0531460.2,COC1=CC=C(C2=CC(=O)OC3=C(C)C(O[C@@H](C)C4=CC=CC=C4)=CC=C23)C=C1,0.22905700588450578,4977
322914,CNP0382882.0,COC1=CC=CC(C2=NC(C(=O)N3CCOCC3)=CC3=C2NC2=CC=CC=C23)=C1,0.22900830698038604,4978
171279,CNP0398635.1,COC1=CC=C(C2=NOC([C@@H](N)CC3=CC=CC=C3)=N2)C=C1OC,0.22900617057231298,4979
117577,CNP0066117.0,COC1=CC=C(OC)C(C(=O)C2=C(C)C3=CC=C(NC(=O)C4=CC=C(OC)C(OC)=C4)C=C3O2)=C1,0.2290011494773639,4980
149432,CNP0151970.1,COC1=CC=C(C2=COC3=C(CN4C[C@H]5C[C@@H](C4)C4=CC=CC(=O)N4C5)C(O)=CC(C)=C3C2=O)C=C1,0.22899509839179522,4981
380501,CNP0370403.1,COC1=CC=C(/C=C2\N=C(C3=CC=CC=C3)OC2=O)C(OC)=C1,0.2289673562593109,4982
486197,CNP0402856.1,O=C(O)COCC(=O)N1CCN2C(=O)C3=CC(C4=CC=CO4)=CC=C3NC(=O)[C@@H]2C1,0.22884119369612346,4983
310969,CNP0399871.1,COC1=CC=C2C(=C1)C=CN2CCC(=O)N1CC[C@@]2(O)CCCC[C@H]2C1,0.2288240006281373,4984
429439,CNP0010154.0,CCCOC1=CC=C(C2=CC(CSC3=NC4=C(N=CNC4=O)N3C)=C(C)O2)C=C1,0.22882333565895785,4985
308804,CNP0253097.1,O=C1NC2=CC=C(C3=CC=C(Cl)C=C3)C=C2C(=O)N2CCN(C(=O)COC3=CC=CC=C3)C[C@H]12,0.2288168733163979,4986
459449,CNP0486452.0,COC1=CC=C([C]2OC[C]3[C]2C(=O)O[C]3C2=CC=C3OCOC3=C2)C=C1OC,0.22881529734596637,4987
397808,CNP0397412.0,COC1=CC=C2NC=C(CCNC(=O)C(=O)NC3=CC=C4OCC(=O)N(C)C4=C3)C2=C1,0.22881215881744602,4988
150324,CNP0125675.2,COC1=CC=C(C2=COC3=C4C(=CC(OC)=C3C2=O)OC(=O)C[C@@H]4C2=CC(OC)=C3OCCOC3=C2)C=C1,0.22879362988920526,4989
345322,CNP0523611.0,O=C(NC1=CC=C(Cl)C(Cl)=C1)NS(=O)(=O)C1=CC=C2OCCC2=C1,0.22876899691978225,4990
396031,CNP0506870.0,O=NC1=C(C2=CC=C([N+](=O)[O-])C=C2)N=C2N=CC=CN12,0.22876431321450538,4991
202764,CNP0041675.0,CCOC(=O)C1=C(C2=CC=CC=C2)OC2=CC=C(OC(=O)C3=CC=C(Cl)C=C3)C=C12,0.22872919279825946,4992
124073,CNP0441858.1,COCC(=O)N1CCN2C(=O)C3=CC(C4=CC=CC=C4)=CC=C3NC(=O)[C@H]2C1,0.22866235797570897,4993
397807,CNP0311918.1,COC(=O)[C@H](CCSC)NC(=O)C(=O)NC1=CC=C2OCC(=O)N(C)C2=C1,0.22864886068800608,4994
357082,CNP0416818.1,NC(=O)C(=O)N1CCN2C(=O)C3=CC(C4=CC=CC=C4)=CC=C3NC(=O)[C@H]2C1,0.22864276992451896,4995
470919,CNP0193819.0,COC1=CC=C(S(=O)(=O)OC2=CC=C3C=C(C4=CC=CC=C4)C(=O)OC3=C2)C=C1,0.228630054332836,4996
22390,CNP0608771.0,COC1=C(O)N=C2C=C(O)C=CC2=C1C1=CC=CC=C1,0.22862888136028162,4997
121263,CNP0279839.1,COC1=CC=C(C2=COC3=C4C(=CC(O)=C3C2=O)OC(=O)C[C@@H]4C2=CC=CC3=CC=CN=C23)C=C1,0.22860791046795273,4998
147591,CNP0279839.2,COC1=CC=C(C2=COC3=C4C(=CC(O)=C3C2=O)OC(=O)C[C@H]4C2=CC=CC3=CC=CN=C23)C=C1,0.22860791046795273,4999
417261,CNP0266915.4,CCOC(=O)[C@H]1C=C(C#N)O[C@]2(C)[C@@H]1C(=O)N(C)C(=O)N2C,0.22847853175180233,5000
225239,CNP0131150.1,COC1=CC=C(/C=C/C(=O)O[C@H]2CC[C@H]3O[C@@H](C4=CC=C(C5=CC=CC=C5)C=C4)O[C@@H]23)C=C1OC,0.2284414763752319,5001
35772,CNP0156661.0,COC1=CC=C(C2=C3COC(=O)C3=CC3=CC4=C(C=C23)OCO4)C=C1OC,0.22842371858183178,5002
31217,CNP0298098.0,O=C1CC(C2=CC3=CC=CC=C3OC2)C2=C(C=C(O)C3=C2OC=C(C2=CC=C(O)C=C2)C3=O)O1,0.22835850469123106,5003
238505,CNP0591945.0,COC1=CC(C2=C(C3=C(O)C(=O)C=C(C)O3)NC(C3=CC=CNC3=O)=N2)=CC=C1O,0.22833213150745985,5004
32722,CNP0601662.0,CCOC(=O)C1=C(C2=CC=CC=C2)OC2=CC=C(OCC3=CC=C([N+](=O)[O-])C=C3)C=C12,0.22832102840478136,5005
487096,CNP0606243.3,COC1=CC=CC(NC(=O)[C@H]2[C@H]3C=C[C@@]4(O3)[C@H]2C(=O)N(CC2=CC=CN=C2)[C@@H]4C(=O)N[C@H]2CCCC[C@@H]2C)=C1,0.22831345948190504,5006
326712,CNP0606243.2,COC1=CC=CC(NC(=O)[C@H]2[C@H]3C=C[C@@]4(O3)[C@H]2C(=O)N(CC2=CC=CN=C2)[C@@H]4C(=O)N[C@@H]2CCCC[C@H]2C)=C1,0.22831345948190504,5007
353009,CNP0606243.1,COC1=CC=CC(NC(=O)[C@H]2[C@H]3C=C[C@@]4(O3)[C@H]2C(=O)N(CC2=CC=CN=C2)[C@@H]4C(=O)N[C@@H]2CCCC[C@@H]2C)=C1,0.22831345948190504,5008
285548,CNP0606243.4,COC1=CC=CC(NC(=O)[C@H]2[C@H]3C=C[C@@]4(O3)[C@H]2C(=O)N(CC2=CC=CN=C2)[C@@H]4C(=O)N[C@H]2CCCC[C@H]2C)=C1,0.22831345948190504,5009
488318,CNP0386995.1,CCOC1=CC(C2=CC=C(OC)C=C2)=C/C(=N\C2=CC=CC(C)=C2)C2=C(C)OC(C)=C12,0.2283019724797702,5010
328220,CNP0365730.0,COC1=CC=C2C=C(C3=CC=CC=C3)C(=O)OC2=C1,0.22828971444684273,5011
203916,CNP0381393.0,CC1=CC(O)=CC(=O)N1CCCC(=O)NC1=CC=C2C(=O)OCC2=C1,0.2282789169525261,5012
360652,CNP0393981.1,O=C(C1=CC=C2N=C(N3C=CC=C3)SC2=C1)N1C[C@@H]2C[C@@H](C1)C1=CC=CC(=O)N1C2,0.22826987922822042,5013
487687,CNP0300828.0,NC(=O)COC1=CC=CC(C2CC(=O)OC3=CC(O)=C4C(=O)C(O)=C(C5=CC=C(O)C(O)=C5)OC4=C32)=C1,0.22826200894340776,5014
167793,CNP0512790.1,COC1=CC=C(C2=NOC(=O)/C2=C\C2=CC=CC([N+](=O)[O-])=C2O)C=C1OC,0.22825679970513374,5015
325638,CNP0588547.1,CC1=CC=C(NC(=O)[C@@H]2[C@@H]3C=C[C@]4(O3)[C@@H]2C(=O)N(CC2=CC=CC=C2)[C@@H]4C(=O)NC2CCCCC2)C=C1C,0.2282191079251037,5016
645,CNP0588547.3,CC1=CC=C(NC(=O)[C@H]2[C@@H]3C=C[C@]4(O3)[C@@H]2C(=O)N(CC2=CC=CC=C2)[C@H]4C(=O)NC2CCCCC2)C=C1C,0.2282191079251037,5017
383035,CNP0588547.2,CC1=CC=C(NC(=O)[C@@H]2[C@@H]3C=C[C@]4(O3)[C@@H]2C(=O)N(CC2=CC=CC=C2)[C@H]4C(=O)NC2CCCCC2)C=C1C,0.2282191079251037,5018
233463,CNP0588547.4,CC1=CC=C(NC(=O)[C@H]2[C@@H]3C=C[C@]4(O3)[C@@H]2C(=O)N(CC2=CC=CC=C2)[C@@H]4C(=O)NC2CCCCC2)C=C1C,0.2282191079251037,5019
226489,CNP0058742.1,COC1=CC=CC=C1NC(=O)N1C[C@@H]2C[C@H](C1)C1=CC=C(C3=CC=CN=C3)C(=O)N1C2,0.22821346004158025,5020
96372,CNP0158959.0,CC1=CC=CC=C1C(=O)OC1=CC=C2C(=O)C(C3=CC=CC=C3)=COC2=C1,0.22819731872094548,5021
475066,CNP0532675.0,CC1(C)OC(=O)C(=CC2=CC=C(C3=CC=CC([N+](=O)[O-])=C3)O2)C(=O)O1,0.22819002148492817,5022
444541,CNP0009518.1,COC1=CC(/C=N/NC(=O)CCC(=O)NC2=CC=C(C)C(C)=C2)=CC(OC)=C1OC,0.2281895741164002,5023
67543,CNP0370403.2,COC1=CC=C(/C=C2/N=C(C3=CC=CC=C3)OC2=O)C(OC)=C1,0.22815359720314082,5024
122193,CNP0311654.1,CCOC1=CC(C2=CC=C(SC)C=C2)=C/C(=N\C2=CC=CC(C)=C2)C2=C(C)OC(C)=C12,0.22814595946478325,5025
381006,CNP0061038.0,O=C1C(C2=CC=C(Br)C=C2)=COC2=CC(OCCN3CCOCC3)=CC=C12,0.22814253966847883,5026
479602,CNP0529456.3,CC1=CC=C(NC(=O)[C@H]2[C@@H]3C=C[C@]4(O3)[C@@H]2C(=O)N(CC2=CC=CC=C2Cl)[C@H]4C(=O)NC2CCCCC2)C=C1C,0.22814160169580677,5027
332696,CNP0529456.1,CC1=CC=C(NC(=O)[C@@H]2[C@@H]3C=C[C@]4(O3)[C@@H]2C(=O)N(CC2=CC=CC=C2Cl)[C@H]4C(=O)NC2CCCCC2)C=C1C,0.22814160169580677,5028
111472,CNP0265424.1,O=C(O)[C@@H](CO)NC1=NC(C2=CC=CC=C2)=NC2=CC=CC=C12,0.22809930578979176,5029
182350,CNP0327454.2,O=C1NC2=CC=C(C3=CC=CO3)C=C2C(=O)N2CCN(C(=O)COC3=CC=CC=C3)C[C@@H]12,0.22808099736170195,5030
125351,CNP0246134.2,COC1=CC=CC(C2=NN3[C@@H](C2)C2=CC=CC(OC)=C2O[C@]32CCOC(C)(C)C2)=C1,0.22807374428550115,5031
503122,CNP0339825.0,COC1=CC2=C3C(=CC=C(C4=CC=CC=C4)C3=C1OC)C(=O)OC2=O,0.228071032869743,5032
148451,CNP0158261.3,C[C@H](C(=O)NC1CC1)[C@@H]1CC[C@@]2(C)CC3=C(N=C(NC(=O)C4=CC=CN4C)S3)[C@@H](C)[C@@H]2[C@H]1O,0.22804864033219407,5033
434429,CNP0158261.1,C[C@H](C(=O)NC1CC1)[C@H]1CC[C@@]2(C)CC3=C(N=C(NC(=O)C4=CC=CN4C)S3)[C@@H](C)[C@@H]2[C@H]1O,0.22804864033219407,5034
184160,CNP0238814.0,COC1=CC(C2=NC3=C(N2)C2=C(OC=C2C)C2=CC=C4C(C)=CC=CC4=C23)=CC(OC)=C1O,0.22802764264661995,5035
406693,CNP0348929.0,COC1=CC=CC(C2=COC3=C(C)C4=C(C=C23)C2=C(CCC2)C(=O)O4)=C1,0.2279555884811298,5036
50661,CNP0304001.0,CC1=C(C(=O)C2=CC=C(Cl)C=C2)OC2=CC(NC(=O)NC3=CC=CC=C3)=CC=C12,0.22790943107962428,5037
32432,CNP0010631.1,CC(=O)N1CCN(C2=CC(C3=NOC([C@@H]4CCCN4CC4=CC=CC(C#N)=C4)=N3)=CC=N2)CC1,0.22788281479709874,5038
419418,CNP0555485.2,NC1=C(C2=NC(C3=CC=CC=C3)=CS2)[C@H](C2=CC=CC=C2)C2=C(O1)C1=CC=CC=C1OC2=O,0.22787264777913913,5039
235095,CNP0584005.1,CC1=CC=C(NC(=O)[C@@H]2[C@@H]3C=C[C@]4(O3)[C@@H]2C(=O)N(CCCN2CCC(C)CC2)[C@H]4C(=O)N[C@@H]2CCC[C@@H](C)[C@@H]2C)C=C1C,0.22786353621199187,5040
18968,CNP0584005.3,CC1=CC=C(NC(=O)[C@@H]2[C@@H]3C=C[C@]4(O3)[C@@H]2C(=O)N(CCCN2CCC(C)CC2)[C@H]4C(=O)N[C@@H]2CCC[C@H](C)[C@@H]2C)C=C1C,0.22786353621199187,5041
422604,CNP0276621.0,CC(C)N1C=NC2=CC=C(NC(=O)CC3=CC=C4CCOC4=C3)C=C2C1=O,0.2278620622579219,5042
62548,CNP0379230.1,CCOC1=CC=C(C2=C/C(=N\C3=CC=CC(OC)=C3)C3=C(C)OC(C)=C3C(OC)=C2)C=C1,0.22784247258175888,5043
