features,n_features,full_n_jak2,full_jak2_enrichment,subset_n_jak2,subset_jak2_enrichment,stable_under_ablation
J1:ALA906|J1:ARG879,2,54,4.014226910213532,105|110,1.48274|1.54842,True
J1:ALA906:hydrophobic|J1:ARG879,2,54,4.014226910213532,105|110,1.48274|1.54842,True
J1:ALA906|J1:ARG879:hydrogen_bond,2,51,3.9774493927125505,101|110,1.55573|1.54842,True
J1:ALA906:hydrophobic|J1:ARG879:hydrogen_bond,2,51,3.9774493927125505,101|110,1.55573|1.54842,True
J2:ARG980:hydrogen_bond|J2:TYR931,2,62,3.189975071225071,130|115,1.55433|1.5306,True
J1:ALA906|J1:LEU959:hydrogen_bond,2,80,3.108660570199032,107|110,0.821797|1.54842,True
J1:ALA906:hydrophobic|J1:LEU959:hydrogen_bond,2,80,3.108660570199032,107|110,0.821797|1.54842,True
J1:ARG879|J2:GLY935,2,25,3.1043188654920493,33|105,1.9612|1.48274,True
J1:ARG879|J2:GLY935:hydrogen_bond,2,25,3.1043188654920493,33|105,1.9612|1.48274,True
J1:ALA906|J1:ARG1007:hydrophobic,2,39,2.9891379310344823,59|110,1.59536|1.54842,True
J1:ALA906:hydrophobic|J1:ARG1007:hydrophobic,2,39,2.9891379310344823,59|110,1.59536|1.54842,True
J1:ARG879:hydrogen_bond|J2:GLY935,2,24,3.0657824933687,33|101,1.9612|1.55573,True
J1:ARG879:hydrogen_bond|J2:GLY935:hydrogen_bond,2,24,3.0657824933687,33|101,1.9612|1.55573,True
J1:ALA906|J1:LEU959,2,80,2.8450461538461536,107|110,0.779764|1.54842,True
J1:ALA906:hydrophobic|J1:LEU959,2,80,2.8450461538461536,107|110,0.779764|1.54842,True
J1:ARG1007:hydrophobic|J2:TYR931:hydrophobic,2,24,2.94721631959201,88|59,1.39513|1.59536,True
J1:ARG879:hydrogen_bond|J2:ARG980:hydrogen_bond,2,49,2.757263875365141,115|101,1.5306|1.55573,True
J1:ARG1007:hydrophobic|J2:TYR931,2,31,2.70209653092006,130|59,1.55433|1.59536,True
J1:ALA906|J2:TYR931,2,56,2.435827186512118,130|110,1.55433|1.54842,True
J1:ALA906:hydrophobic|J2:TYR931,2,56,2.435827186512118,130|110,1.55433|1.54842,True
J1:ARG879|J2:ARG980:hydrogen_bond,2,49,2.4585084216009725,115|105,1.5306|1.48274,True
J1:ALA906|J2:TYR931:hydrophobic,2,42,2.369367434595861,88|110,1.39513|1.54842,True
J1:ALA906:hydrophobic|J2:TYR931:hydrophobic,2,42,2.369367434595861,88|110,1.39513|1.54842,True
J2:ALA880|J2:TYR931,2,32,2.495654520917679,130|64,1.55433|1.13078,True
J2:ALA880:hydrophobic|J2:TYR931,2,32,2.495654520917679,130|64,1.55433|1.13078,True
J1:ARG879:hydrogen_bond|J2:ARG980,2,59,2.218931407002473,142|101,1.28145|1.55573,True
J1:ARG879:hydrogen_bond|J2:ASN859:hydrogen_bond,2,32,2.309290709290709,73|101,1.29288|1.55573,True
J1:ARG879|J2:ARG980,2,61,2.054306526806527,142|105,1.28145|1.48274,True
J1:ALA906|J1:LEU959:hydrogen_bond|J2:TYR931:hydrophobic,3,38,7.219000657462196,48|42|80,1.6165|2.36937|3.10866,True
J1:ALA906:hydrophobic|J1:LEU959:hydrogen_bond|J2:TYR931:hydrophobic,3,38,7.219000657462196,48|42|80,1.6165|2.36937|3.10866,True
J1:ALA906:hydrophobic|J1:LEU959|J2:TYR931:hydrophobic,3,38,6.598617788461538,48|42|80,1.56896|2.36937|2.84505,True
J1:ALA906|J1:LEU959|J2:TYR931:hydrophobic,3,38,6.598617788461538,48|42|80,1.56896|2.36937|2.84505,True
J1:ALA906|J1:LEU959:hydrogen_bond|J2:TYR931,3,48,5.960292221744735,65|56|80,1.70976|2.43583|3.10866,True
J1:ALA906:hydrophobic|J1:LEU959:hydrogen_bond|J2:TYR931,3,48,5.960292221744735,65|56|80,1.70976|2.43583|3.10866,True
J1:ALA906|J1:LEU959|J2:TYR931,3,48,5.443328100470957,65|56|80,1.65114|2.43583|2.84505,True
J1:ALA906:hydrophobic|J1:LEU959|J2:TYR931,3,48,5.443328100470957,65|56|80,1.65114|2.43583|2.84505,True
J1:ALA906|J1:ARG879|J2:TYR931:hydrophobic,3,20,6.089567966280295,38|42|54,1.54977|2.36937|4.01423,True
J1:ALA906:hydrophobic|J1:ARG879|J2:TYR931:hydrophobic,3,20,6.089567966280295,38|42|54,1.54977|2.36937|4.01423,True
J1:ALA906:hydrophobic|J1:ARG879:hydrogen_bond|J2:TYR931,3,29,5.283448928121059,64|56|51,1.93804|2.43583|3.97745,True
J1:ALA906|J1:ARG879:hydrogen_bond|J2:TYR931,3,29,5.283448928121059,64|56|51,1.93804|2.43583|3.97745,True
J1:ARG879|J2:ARG980:hydrogen_bond|J2:TYR931:hydrogen_bond,3,20,4.536106750392465,28|41|49,3.55631|2.87478|2.45851,True
J1:ALA906:hydrophobic|J1:ARG879|J2:TYR931,3,31,5.300266272189349,67|56|54,1.89949|2.43583|4.01423,True
J1:ALA906|J1:ARG879|J2:TYR931,3,31,5.300266272189349,67|56|54,1.89949|2.43583|4.01423,True
J1:ALA906|J1:ARG879|J1:LEU959:hydrogen_bond,3,48,5.766985446985447,60|80|54,1.51375|3.10866|4.01423,True
J1:ALA906:hydrophobic|J1:ARG879|J1:LEU959:hydrogen_bond,3,48,5.766985446985447,60|80|54,1.51375|3.10866|4.01423,True
J1:ALA906|J1:ARG879|J1:LEU959,3,48,5.705306458247635,60|80|54,1.49508|2.84505|4.01423,True
J1:ALA906:hydrophobic|J1:ARG879|J1:LEU959,3,48,5.705306458247635,60|80|54,1.49508|2.84505|4.01423,True
J1:ALA906|J1:ARG879:hydrogen_bond|J1:LEU959:hydrogen_bond,3,45,5.650912646675358,57|80|51,1.56026|3.10866|3.97745,True
J1:ALA906:hydrophobic|J1:ARG879:hydrogen_bond|J1:LEU959:hydrogen_bond,3,45,5.650912646675358,57|80|51,1.56026|3.10866|3.97745,True
J1:ALA906|J1:ARG879:hydrogen_bond|J1:LEU959,3,45,5.587773957885689,57|80|51,1.54128|2.84505|3.97745,True
J1:ALA906:hydrophobic|J1:ARG879:hydrogen_bond|J1:LEU959,3,45,5.587773957885689,57|80|51,1.54128|2.84505|3.97745,True
J1:ALA906|J1:ARG1007:hydrophobic|J1:LEU959:hydrogen_bond,3,36,5.370263293753227,41|80|39,2.03871|3.10866|2.98914,True
J1:ALA906:hydrophobic|J1:ARG1007:hydrophobic|J1:LEU959:hydrogen_bond,3,36,5.370263293753227,41|80|39,2.03871|3.10866|2.98914,True
J1:ALA906|J1:LEU959:hydrogen_bond|J2:ASN859:hydrogen_bond,3,23,4.690084685956245,28|32|80,1.15251|1.93804|3.10866,True
J1:ALA906:hydrophobic|J1:LEU959:hydrogen_bond|J2:ASN859:hydrogen_bond,3,23,4.690084685956245,28|32|80,1.15251|1.93804|3.10866,True
J1:ARG1007:hydrophobic|J1:LEU959:hydrogen_bond|J2:TYR931:hydrophobic,3,17,4.8443293885601575,48|24|41,1.6165|2.94722|2.03871,True
J1:ALA906|J1:LEU959:hydrogen_bond|J2:ARG980:hydrogen_bond,3,38,4.516700946112711,51|48|80,1.53393|2.19525|3.10866,True
J1:ALA906:hydrophobic|J1:LEU959:hydrogen_bond|J2:ARG980:hydrogen_bond,3,38,4.516700946112711,51|48|80,1.53393|2.19525|3.10866,True
J1:ALA906|J1:ARG1007:hydrophobic|J1:LEU959,3,36,5.129289940828403,41|80|39,1.95559|2.84505|2.98914,True
J1:ALA906:hydrophobic|J1:ARG1007:hydrophobic|J1:LEU959,3,36,5.129289940828403,41|80|39,1.95559|2.84505|2.98914,True
J1:ARG879|J2:ARG980:hydrogen_bond|J2:TYR931:hydrophobic,3,22,4.747498132935026,47|38|49,3.51739|1.54977|2.45851,True
J1:ARG879|J2:ARG980|J2:TYR931:hydrogen_bond,3,24,4.072108044627129,33|41|61,3.20301|2.87478|2.05431,True
J1:ALA906|J1:LEU959|J2:ASN859:hydrogen_bond,3,23,4.36939513477975,28|32|80,1.07302|1.93804|2.84505,True
J1:ALA906:hydrophobic|J1:LEU959|J2:ASN859:hydrogen_bond,3,23,4.36939513477975,28|32|80,1.07302|1.93804|2.84505,True
J1:ARG1007:hydrophobic|J1:LEU959|J2:TYR931:hydrophobic,3,17,4.6080206378986865,48|24|41,1.56896|2.94722|1.95559,True
J1:ALA906:hydrophobic|J1:ARG879:hydrogen_bond|J2:ARG980,3,32,4.939316239316239,59|59|51,2.21893|1.79397|3.97745,True
J1:ALA906|J1:ARG879:hydrogen_bond|J2:ARG980,3,32,4.939316239316239,59|59|51,2.21893|1.79397|3.97745,True
J1:ALA906|J1:LEU959:hydrogen_bond|J2:ASN859,3,23,4.190321563682219,28|33|80,0.981631|1.70579|3.10866,True
J1:ALA906:hydrophobic|J1:LEU959:hydrogen_bond|J2:ASN859,3,23,4.190321563682219,28|33|80,0.981631|1.70579|3.10866,True
J1:ALA906:hydrophobic|J1:ARG879:hydrogen_bond|J2:ARG980:hydrogen_bond,3,25,4.961366758241758,49|48|51,2.75726|2.19525|3.97745,True
J1:ALA906|J1:ARG879:hydrogen_bond|J2:ARG980:hydrogen_bond,3,25,4.961366758241758,49|48|51,2.75726|2.19525|3.97745,True
J1:ALA906|J1:ARG879|J2:ARG980,3,33,4.956003118503118,61|59|54,2.05431|1.79397|4.01423,True
J1:ALA906:hydrophobic|J1:ARG879|J2:ARG980,3,33,4.956003118503118,61|59|54,2.05431|1.79397|4.01423,True
J1:ARG879|J2:ARG980:hydrogen_bond|J2:TYR931,3,33,4.074935897435897,62|67|49,3.18998|1.89949|2.45851,True
J1:ALA906:hydrophobic|J1:LEU959|J2:ARG980:hydrogen_bond,3,38,4.16070481242895,51|48|80,1.43854|2.19525|2.84505,True
J1:ALA906|J1:LEU959|J2:ARG980:hydrogen_bond,3,38,4.16070481242895,51|48|80,1.43854|2.19525|2.84505,True
J1:ALA906|J1:ARG879|J2:ARG980:hydrogen_bond,3,25,4.874325236167341,49|48|54,2.45851|2.19525|4.01423,True
J1:ALA906:hydrophobic|J1:ARG879|J2:ARG980:hydrogen_bond,3,25,4.874325236167341,49|48|54,2.45851|2.19525|4.01423,True
J1:ALA906:hydrophobic|J1:LEU959:hydrogen_bond|J2:ARG980,3,46,4.36939513477975,61|59|80,1.26833|1.79397|3.10866,True
J1:ALA906|J1:LEU959:hydrogen_bond|J2:ARG980,3,46,4.36939513477975,61|59|80,1.26833|1.79397|3.10866,True
J1:ALA906|J1:ARG1007|J1:ARG879:hydrogen_bond,3,38,4.692350427350427,72|51|78,2.25718|3.97745|1.71314,True
J1:ALA906:hydrophobic|J1:ARG1007|J1:ARG879:hydrogen_bond,3,38,4.692350427350427,72|51|78,2.25718|3.97745|1.71314,True
J1:ALA906:hydrophobic|J1:ARG1007|J1:ARG879,3,40,4.704110704110704,75|54|78,2.11283|4.01423|1.71314,True
J1:ALA906|J1:ARG1007|J1:ARG879,3,40,4.704110704110704,75|54|78,2.11283|4.01423|1.71314,True
J1:ALA906:hydrophobic|J1:ARG879|J1:VAL889,3,46,4.407062334217507,84|75|54,1.73197|1.36306|4.01423,True
J1:ALA906:hydrophobic|J1:ARG879|J1:VAL889:hydrophobic,3,46,4.407062334217507,84|74|54,1.73519|1.34709|4.01423,True
J1:ALA906|J1:ARG879|J1:VAL889,3,46,4.407062334217507,84|75|54,1.73197|1.36306|4.01423,True
J1:ALA906|J1:ARG879|J1:VAL889:hydrophobic,3,46,4.407062334217507,84|74|54,1.73519|1.34709|4.01423,True
J1:ARG1007:hydrophobic|J1:SER963|J2:TYR931,3,16,3.783306055646481,34|31|28,1.20146|2.7021|2.15347,True
J1:ARG1007:hydrophobic|J1:SER963:hydrogen_bond|J2:TYR931,3,16,3.783306055646481,34|31|28,1.2189|2.7021|2.19139,True
J1:ALA906:hydrophobic|J1:ARG879:hydrogen_bond|J1:VAL889,3,43,4.285908934115212,80|75|51,1.77638|1.36306|3.97745,True
J1:ALA906:hydrophobic|J1:ARG879:hydrogen_bond|J1:VAL889:hydrophobic,3,43,4.285908934115212,80|74|51,1.77993|1.34709|3.97745,True
J1:ALA906|J1:ARG879:hydrogen_bond|J1:VAL889,3,43,4.285908934115212,80|75|51,1.77638|1.36306|3.97745,True
J1:ALA906|J1:ARG879:hydrogen_bond|J1:VAL889:hydrophobic,3,43,4.285908934115212,80|74|51,1.77993|1.34709|3.97745,True
J1:ALA906:hydrophobic|J1:ARG879|J2:ASN859:hydrogen_bond,3,16,4.445384615384615,34|32|54,2.26262|1.93804|4.01423,True
J1:ALA906|J1:ARG879|J2:ASN859:hydrogen_bond,3,16,4.445384615384615,34|32|54,2.26262|1.93804|4.01423,True
J1:ARG1007:hydrophobic|J1:LEU959:hydrogen_bond|J2:TYR931,3,22,3.8808913308913304,65|31|41,1.70976|2.7021|2.03871,True
J1:ARG879|J1:LEU1010:hydrophobic|J2:GLY935:hydrogen_bond,3,24,4.0108733371891265,31|25|98,2.3842|3.10432|1.88266,True
J1:ARG879|J1:LEU1010:hydrophobic|J2:GLY935,3,24,4.0108733371891265,31|25|98,2.3842|3.10432|1.88266,True
J1:ARG879|J1:LEU1010|J2:GLY935:hydrogen_bond,3,24,4.0108733371891265,31|25|98,2.3842|3.10432|1.88266,True
J1:ARG879|J1:LEU1010|J2:GLY935,3,24,4.0108733371891265,31|25|98,2.3842|3.10432|1.88266,True
J1:ALA906|J1:LEU959|J2:ARG980,3,46,3.9783597725231963,61|59|80,1.19352|1.79397|2.84505,True
J1:ALA906:hydrophobic|J1:LEU959|J2:ARG980,3,46,3.9783597725231963,61|59|80,1.19352|1.79397|2.84505,True
J1:ARG1007|J1:ARG879:hydrogen_bond|J2:ARG980:hydrogen_bond,3,39,3.8019736842105263,49|91|72,2.75726|1.83877|2.25718,True
J1:ARG879|J1:VAL889|J2:GLY935:hydrogen_bond,3,18,3.8103296703296703,23|25|84,2.09516|3.10432|1.73197,True
J1:ARG879|J1:VAL889:hydrophobic|J2:GLY935:hydrogen_bond,3,18,3.8103296703296703,23|25|84,2.11248|3.10432|1.73519,True
J1:ARG879|J1:VAL889|J2:GLY935,3,18,3.8103296703296703,23|25|84,2.09516|3.10432|1.73197,True
J1:ARG879|J1:VAL889:hydrophobic|J2:GLY935,3,18,3.8103296703296703,23|25|84,2.11248|3.10432|1.73519,True
J1:ARG879|J2:ARG980|J2:TYR931:hydrophobic,3,28,3.8416904083570746,56|38|61,2.68256|1.54977|2.05431,True
J1:ALA906|J1:ARG879|J1:LEU1010:hydrophobic,3,52,4.312686567164179,98|105|54,1.88266|1.59306|4.01423,True
J1:ALA906:hydrophobic|J1:ARG879|J1:LEU1010:hydrophobic,3,52,4.312686567164179,98|105|54,1.88266|1.59306|4.01423,True
J1:ALA906|J1:ARG879|J1:LEU1010,3,52,4.312686567164179,98|105|54,1.88266|1.59306|4.01423,True
J1:ALA906:hydrophobic|J1:ARG879|J1:LEU1010,3,52,4.312686567164179,98|105|54,1.88266|1.59306|4.01423,True
J1:ALA906:hydrophobic|J1:ARG879:hydrogen_bond|J1:LEU1010,3,49,4.287870987280436,94|105|51,1.9655|1.59306|3.97745,True
J1:ALA906|J1:ARG879:hydrogen_bond|J1:LEU1010,3,49,4.287870987280436,94|105|51,1.9655|1.59306|3.97745,True
J1:ALA906:hydrophobic|J1:ARG879:hydrogen_bond|J1:LEU1010:hydrophobic,3,49,4.287870987280436,94|105|51,1.9655|1.59306|3.97745,True
J1:ALA906|J1:ARG879:hydrogen_bond|J1:LEU1010:hydrophobic,3,49,4.287870987280436,94|105|51,1.9655|1.59306|3.97745,True
J1:ARG879|J2:ARG980|J2:GLY935:hydrogen_bond,3,14,3.704487179487179,17|25|61,2.19685|3.10432|2.05431,True
J1:ARG879|J2:ARG980|J2:GLY935,3,14,3.704487179487179,17|25|61,2.19685|3.10432|2.05431,True
J1:ALA906|J1:ARG879|J2:VAL863:hydrophobic,3,47,4.002549366342469,94|99|54,1.56857|1.55951|4.01423,True
J1:ALA906:hydrophobic|J1:ARG879|J2:VAL863:hydrophobic,3,47,4.002549366342469,94|99|54,1.56857|1.55951|4.01423,True
J1:ARG1007:hydrophobic|J1:LEU959|J2:TYR931,3,22,3.7327657075748677,65|31|41,1.65114|2.7021|1.95559,True
J1:ALA906|J1:ARG879|J2:VAL863,3,47,3.972111728575607,94|99|54,1.5592|1.5551|4.01423,True
J1:ALA906:hydrophobic|J1:ARG879|J2:VAL863,3,47,3.972111728575607,94|99|54,1.5592|1.5551|4.01423,True
J1:ARG879|J2:ARG980|J2:TYR931,3,41,3.491585617447686,74|67|61,2.57401|1.89949|2.05431,True
J1:ALA906:hydrophobic|J1:ARG879:hydrogen_bond|J2:VAL863:hydrophobic,3,45,4.033111042183623,91|99|51,1.65791|1.55951|3.97745,True
J1:ALA906|J1:ARG879:hydrogen_bond|J2:VAL863:hydrophobic,3,45,4.033111042183623,91|99|51,1.65791|1.55951|3.97745,True
J1:ALA906:hydrophobic|J1:ARG879:hydrogen_bond|J1:LEU881:hydrophobic,3,50,4.056007860752386,98|107|51,1.62555|1.72715|3.97745,True
J1:ALA906|J1:ARG879:hydrogen_bond|J1:LEU881:hydrophobic,3,50,4.056007860752386,98|107|51,1.62555|1.72715|3.97745,True
J1:ALA906:hydrophobic|J1:ARG879:hydrogen_bond|J1:LEU881,3,50,4.056007860752386,99|107|51,1.63603|1.65044|3.97745,True
J1:ALA906|J1:ARG879:hydrogen_bond|J1:LEU881,3,50,4.056007860752386,99|107|51,1.63603|1.65044|3.97745,True
J1:ALA906:hydrophobic|J1:LEU881:hydrophobic|J1:LEU959:hydrogen_bond,3,78,3.5672839506172838,104|80|107,0.912594|3.10866|1.72715,True
J1:ALA906|J1:LEU881:hydrophobic|J1:LEU959:hydrogen_bond,3,78,3.5672839506172838,104|80|107,0.912594|3.10866|1.72715,True
J1:ALA906|J1:ARG879:hydrogen_bond|J2:VAL863,3,45,4.000846153846154,91|99|51,1.64711|1.5551|3.97745,True
J1:ALA906:hydrophobic|J1:ARG879:hydrogen_bond|J2:VAL863,3,45,4.000846153846154,91|99|51,1.64711|1.5551|3.97745,True
J1:ARG1007:hydrogen_bond|J1:ARG879:hydrogen_bond|J2:ARG980:hydrogen_bond,3,31,3.570127540852929,49|76|55,2.75726|1.77256|2.20267,True
J1:ALA906:hydrophobic|J1:ARG879|J1:LEU881,3,52,4.027177700348432,102|107|54,1.54123|1.65044|4.01423,True
J1:ALA906|J1:ARG879|J1:LEU881:hydrophobic,3,52,4.027177700348432,101|107|54,1.53237|1.72715|4.01423,True
J1:ALA906:hydrophobic|J1:ARG879|J1:LEU881:hydrophobic,3,52,4.027177700348432,101|107|54,1.53237|1.72715|4.01423,True
J1:ALA906|J1:ARG879|J1:LEU881,3,52,4.027177700348432,102|107|54,1.54123|1.65044|4.01423,True
J1:ALA906|J1:ARG879|J2:ASN859,3,16,4.087709991158267,34|33|54,2.01524|1.70579|4.01423,True
J1:ALA906:hydrophobic|J1:ARG879|J2:ASN859,3,16,4.087709991158267,34|33|54,2.01524|1.70579|4.01423,True
J1:ALA906|J1:LEU881|J1:LEU959:hydrogen_bond,3,78,3.453585657370518,105|80|107,0.900744|3.10866|1.65044,True
J1:ALA906:hydrophobic|J1:LEU881|J1:LEU959:hydrogen_bond,3,78,3.453585657370518,105|80|107,0.900744|3.10866|1.65044,True
J1:ALA906:hydrophobic|J1:ARG879:hydrogen_bond|J2:LEU855:hydrophobic,3,46,3.9783597725231963,94|98|51,1.61838|1.57501|3.97745,True
J1:ALA906|J1:ARG879:hydrogen_bond|J2:LEU855:hydrophobic,3,46,3.9783597725231963,94|98|51,1.61838|1.57501|3.97745,True
J1:ALA906|J1:ARG879:hydrogen_bond|J2:LEU855,3,46,3.96293977340489,94|98|51,1.59735|1.557|3.97745,True
J1:ALA906:hydrophobic|J1:ARG879:hydrogen_bond|J2:LEU855,3,46,3.96293977340489,94|98|51,1.59735|1.557|3.97745,True
J1:ALA906|J1:LEU959:hydrogen_bond|J2:ASN981:hydrophobic,3,23,3.0982983682983685,32|30|80,0.93587|1.41874|3.10866,True
J1:ALA906:hydrophobic|J1:LEU959:hydrogen_bond|J2:ASN981:hydrophobic,3,23,3.0982983682983685,32|30|80,0.93587|1.41874|3.10866,True
J1:ALA906:hydrophobic|J1:ARG879|J2:LEU855:hydrophobic,3,48,3.9514529914529914,97|98|54,1.52153|1.57501|4.01423,True
J1:ALA906|J1:ARG879|J2:LEU855:hydrophobic,3,48,3.9514529914529914,97|98|54,1.52153|1.57501|4.01423,True
J1:ALA906|J1:ARG879|J2:LEU855,3,48,3.9368719841044557,97|98|54,1.50349|1.557|4.01423,True
J1:ALA906:hydrophobic|J1:ARG879|J2:LEU855,3,48,3.9368719841044557,97|98|54,1.50349|1.557|4.01423,True
J1:ALA906:hydrophobic|J1:ARG1007:hydrogen_bond|J1:ARG879,3,24,3.893767546322291,58|54|57,2.0894|4.01423|1.52827,True
J1:ALA906|J1:ARG1007:hydrogen_bond|J1:ARG879,3,24,3.893767546322291,58|54|57,2.0894|4.01423|1.52827,True
J1:ALA906|J1:ARG879|J2:ASP939,3,19,4.060687869822485,28|33|54,1.35001|1.5573|4.01423,True
J1:ALA906:hydrophobic|J1:ARG879|J2:ASP939,3,19,4.060687869822485,28|33|54,1.35001|1.5573|4.01423,True
J1:ALA906|J1:LEU959:hydrogen_bond|J2:VAL863:hydrophobic,3,73,3.2130007616146226,98|99|80,0.839722|1.55951|3.10866,True
J1:ALA906:hydrophobic|J1:LEU959:hydrogen_bond|J2:VAL863:hydrophobic,3,73,3.2130007616146226,98|99|80,0.839722|1.55951|3.10866,True
J1:ALA906:hydrophobic|J1:LEU959:hydrogen_bond|J2:LEU855:hydrophobic,3,72,3.340998875863176,96|98|80,0.889077|1.57501|3.10866,True
J1:ALA906|J1:LEU959:hydrogen_bond|J2:LEU855:hydrophobic,3,72,3.340998875863176,96|98|80,0.889077|1.57501|3.10866,True
J1:ALA906:hydrophobic|J1:LEU959:hydrogen_bond|J2:ASN981,3,23,3.024965862539827,32|30|80,0.906066|1.38629|3.10866,True
J1:ALA906|J1:LEU959:hydrogen_bond|J2:ASN981,3,23,3.024965862539827,32|30|80,0.906066|1.38629|3.10866,True
J1:ARG1007:hydrophobic|J1:LEU1010|J2:TYR931:hydrophobic,3,22,3.349262381454162,77|24|56,1.45781|2.94722|1.86333,True
J1:ARG1007:hydrophobic|J1:LEU1010:hydrophobic|J2:TYR931:hydrophobic,3,22,3.349262381454162,77|24|56,1.45781|2.94722|1.86333,True
J1:ALA906|J1:LEU959:hydrogen_bond|J2:LEU855,3,72,3.32020427705075,96|98|80,0.87486|1.557|3.10866,True
J1:ALA906:hydrophobic|J1:LEU959:hydrogen_bond|J2:LEU855,3,72,3.32020427705075,96|98|80,0.87486|1.557|3.10866,True
J1:ALA906|J1:LEU959:hydrogen_bond|J2:VAL863,3,73,3.1877512467885745,98|99|80,0.836176|1.5551|3.10866,True
J1:ALA906:hydrophobic|J1:LEU959:hydrogen_bond|J2:VAL863,3,73,3.1877512467885745,98|99|80,0.836176|1.5551|3.10866,True
J1:ALA906|J1:ARG1007:hydrogen_bond|J1:ARG879:hydrogen_bond,3,22,3.704487179487179,55|51|57,2.20267|3.97745|1.52827,True
J1:ALA906:hydrophobic|J1:ARG1007:hydrogen_bond|J1:ARG879:hydrogen_bond,3,22,3.704487179487179,55|51|57,2.20267|3.97745|1.52827,True
J1:ARG879|J2:GLY935:hydrogen_bond|J2:VAL863,3,23,3.501501580611169,31|94|25,2.22989|1.5592|3.10432,True
J1:ARG879|J2:GLY935|J2:VAL863:hydrophobic,3,23,3.501501580611169,31|94|25,2.23713|1.56857|3.10432,True
J1:ARG879|J2:GLY935|J2:VAL863,3,23,3.501501580611169,31|94|25,2.22989|1.5592|3.10432,True
J1:ARG879|J2:GLY935:hydrogen_bond|J2:VAL863:hydrophobic,3,23,3.501501580611169,31|94|25,2.23713|1.56857|3.10432,True
J1:ARG879|J2:GLY935|J2:TYR931:hydrogen_bond,3,23,3.235564751703992,31|41|25,2.28915|2.87478|3.10432,True
J1:ARG879|J2:GLY935:hydrogen_bond|J2:TYR931:hydrogen_bond,3,23,3.235564751703992,31|41|25,2.28915|2.87478|3.10432,True
J1:ALA906:hydrophobic|J1:LEU881:hydrophobic|J1:LEU959,3,78,3.2527204502814255,104|80|107,0.866417|2.84505|1.72715,True
J1:ALA906|J1:LEU881:hydrophobic|J1:LEU959,3,78,3.2527204502814255,104|80|107,0.866417|2.84505|1.72715,True
J1:ALA906:hydrophobic|J1:LEU959:hydrogen_bond|J1:VAL889:hydrophobic,3,60,3.108660570199032,77|74|80,0.743472|1.34709|3.10866,True
J1:ALA906|J1:LEU959:hydrogen_bond|J1:VAL889,3,61,3.153121645796064,78|75|80,0.751495|1.36306|3.10866,True
J1:ALA906|J1:LEU959:hydrogen_bond|J1:VAL889:hydrophobic,3,60,3.108660570199032,77|74|80,0.743472|1.34709|3.10866,True
J1:ALA906:hydrophobic|J1:LEU959:hydrogen_bond|J1:VAL889,3,61,3.153121645796064,78|75|80,0.751495|1.36306|3.10866,True
J1:ALA906:hydrophobic|J1:ARG1007|J1:LEU959:hydrogen_bond,3,54,3.4098120629370627,67|80|78,1.03417|3.10866|1.71314,True
J1:ALA906|J1:ARG1007|J1:LEU959:hydrogen_bond,3,54,3.4098120629370627,67|80|78,1.03417|3.10866|1.71314,True
J1:ARG879|J1:LEU881:hydrophobic|J2:GLY935:hydrogen_bond,3,25,3.3273836941501607,33|25|101,2.22269|3.10432|1.53237,True
J1:ARG879|J1:LEU881:hydrophobic|J2:GLY935,3,25,3.3273836941501607,33|25|101,2.22269|3.10432|1.53237,True
J1:ALA906:hydrophobic|J1:ARG879|J2:LEU983,3,43,3.6759911242603547,82|93|54,1.42169|1.46085|4.01423,True
J1:ALA906:hydrophobic|J1:ARG879|J2:LEU983:hydrophobic,3,43,3.6759911242603547,82|93|54,1.42169|1.46085|4.01423,True
J1:ALA906|J1:ARG879|J2:LEU983,3,43,3.6759911242603547,82|93|54,1.42169|1.46085|4.01423,True
J1:ALA906|J1:ARG879|J2:LEU983:hydrophobic,3,43,3.6759911242603547,82|93|54,1.42169|1.46085|4.01423,True
J1:ARG879|J1:LEU881|J2:GLY935:hydrogen_bond,3,25,3.3075778388278385,33|25|102,2.17008|3.10432|1.54123,True
J1:ARG879|J1:LEU881|J2:GLY935,3,25,3.3075778388278385,33|25|102,2.17008|3.10432|1.54123,True
J1:ALA906|J2:ALA880|J2:TYR931,3,26,3.634591194968553,32|56|39,2.49565|2.43583|1.4234,True
J1:ALA906|J2:ALA880:hydrophobic|J2:TYR931,3,26,3.634591194968553,32|56|39,2.49565|2.43583|1.4234,True
J1:ALA906:hydrophobic|J2:ALA880|J2:TYR931,3,26,3.634591194968553,32|56|39,2.49565|2.43583|1.4234,True
J1:ALA906:hydrophobic|J2:ALA880:hydrophobic|J2:TYR931,3,26,3.634591194968553,32|56|39,2.49565|2.43583|1.4234,True
J1:ALA906|J1:ARG879|J2:ALA880,3,19,4.399078525641025,26|39|54,2.28419|1.4234|4.01423,True
J1:ALA906|J1:ARG879|J2:ALA880:hydrophobic,3,19,4.399078525641025,26|39|54,2.28419|1.4234|4.01423,True
J1:ALA906:hydrophobic|J1:ARG879|J2:ALA880,3,19,4.399078525641025,26|39|54,2.28419|1.4234|4.01423,True
J1:ALA906:hydrophobic|J1:ARG879|J2:ALA880:hydrophobic,3,19,4.399078525641025,26|39|54,2.28419|1.4234|4.01423,True
J1:ALA906|J1:ARG879:hydrogen_bond|J2:ASP939,3,17,3.8167443667443663,26|33|51,1.3534|1.5573|3.97745,True
J1:ALA906:hydrophobic|J1:ARG879:hydrogen_bond|J2:ASP939,3,17,3.8167443667443663,26|33|51,1.3534|1.5573|3.97745,True
J1:ALA906|J1:LEU881|J1:LEU959,3,78,3.140760869565217,105|80|107,0.852073|2.84505|1.65044,True
J1:ALA906:hydrophobic|J1:LEU881|J1:LEU959,3,78,3.140760869565217,105|80|107,0.852073|2.84505|1.65044,True
J1:ARG879|J2:GLY935|J2:TYR931,3,23,3.155674264007597,31|67|25,2.18049|1.89949|3.10432,True
J1:ARG879|J2:GLY935:hydrogen_bond|J2:TYR931,3,23,3.155674264007597,31|67|25,2.18049|1.89949|3.10432,True
J1:ALA906|J1:LEU1010:hydrophobic|J1:LEU959:hydrogen_bond,3,76,3.157469446441409,98|80|105,0.869209|3.10866|1.59306,True
J1:ALA906|J1:LEU1010|J1:LEU959:hydrogen_bond,3,76,3.157469446441409,98|80|105,0.869209|3.10866|1.59306,True
J1:ALA906:hydrophobic|J1:LEU1010|J1:LEU959:hydrogen_bond,3,76,3.157469446441409,98|80|105,0.869209|3.10866|1.59306,True
J1:ALA906:hydrophobic|J1:LEU1010:hydrophobic|J1:LEU959:hydrogen_bond,3,76,3.157469446441409,98|80|105,0.869209|3.10866|1.59306,True
J1:ALA906|J1:ARG1007:hydrophobic|J1:LEU881:hydrophobic,3,38,3.175274725274725,56|107|39,1.73842|1.72715|2.98914,True
J1:ALA906:hydrophobic|J1:ARG1007:hydrophobic|J1:LEU881:hydrophobic,3,38,3.175274725274725,56|107|39,1.73842|1.72715|2.98914,True
J1:ALA906|J1:ARG1007:hydrophobic|J1:LEU881,3,38,3.0938574246266555,56|107|39,1.68204|1.65044|2.98914,True
J1:ALA906:hydrophobic|J1:ARG1007:hydrophobic|J1:LEU881,3,38,3.0938574246266555,56|107|39,1.68204|1.65044|2.98914,True
J1:ALA906:hydrophobic|J1:ARG879:hydrogen_bond|J2:LEU983,3,41,3.6452153846153847,79|93|51,1.49314|1.46085|3.97745,True
J1:ALA906:hydrophobic|J1:ARG879:hydrogen_bond|J2:LEU983:hydrophobic,3,41,3.6452153846153847,79|93|51,1.49314|1.46085|3.97745,True
J1:ALA906|J1:ARG879:hydrogen_bond|J2:LEU983,3,41,3.6452153846153847,79|93|51,1.49314|1.46085|3.97745,True
J1:ALA906|J1:ARG879:hydrogen_bond|J2:LEU983:hydrophobic,3,41,3.6452153846153847,79|93|51,1.49314|1.46085|3.97745,True
J1:ALA906|J1:ARG1007:hydrophobic|J1:VAL889,3,32,3.247769582016157,43|75|39,1.57197|1.36306|2.98914,True
J1:ALA906|J1:ARG1007:hydrophobic|J1:VAL889:hydrophobic,3,32,3.247769582016157,43|74|39,1.57197|1.34709|2.98914,True
J1:ALA906:hydrophobic|J1:ARG1007:hydrophobic|J1:VAL889,3,32,3.247769582016157,43|75|39,1.57197|1.36306|2.98914,True
J1:ALA906:hydrophobic|J1:ARG1007:hydrophobic|J1:VAL889:hydrophobic,3,32,3.247769582016157,43|74|39,1.57197|1.34709|2.98914,True
J1:ALA906|J1:LEU959|J2:VAL863:hydrophobic,3,73,2.9341146195576573,98|99|80,0.79789|1.55951|2.84505,True
J1:ALA906:hydrophobic|J1:LEU959|J2:VAL863:hydrophobic,3,73,2.9341146195576573,98|99|80,0.79789|1.55951|2.84505,True
J1:ARG1007:hydrophobic|J1:LEU1010:hydrophobic|J2:TYR931,3,29,3.0548851622311335,117|31|56,1.7188|2.7021|1.86333,True
J1:ARG1007:hydrophobic|J1:LEU1010|J2:TYR931,3,29,3.0548851622311335,117|31|56,1.7188|2.7021|1.86333,True
J1:ARG879|J1:LEU1010:hydrophobic|J2:ARG980:hydrogen_bond,3,46,3.0889379502672556,101|49|98,1.63743|2.45851|1.88266,True
J1:ARG879|J1:LEU1010|J2:ARG980:hydrogen_bond,3,46,3.0889379502672556,101|49|98,1.63743|2.45851|1.88266,True
J1:ALA906:hydrophobic|J1:LEU959|J2:VAL863,3,73,2.913043778483635,98|99|80,0.794688|1.5551|2.84505,True
J1:ALA906|J1:LEU959|J2:VAL863,3,73,2.913043778483635,98|99|80,0.794688|1.5551|2.84505,True
J1:ALA906|J1:LEU959:hydrogen_bond|J2:LYS882:hydrogen_bond,3,20,3.175274725274725,24|28|80,0.853514|1.51794|3.10866,True
J1:ALA906:hydrophobic|J1:LEU959:hydrogen_bond|J2:LYS882:hydrogen_bond,3,20,3.175274725274725,24|28|80,0.853514|1.51794|3.10866,True
J1:ALA906|J1:LEU959|J2:LEU855:hydrophobic,3,72,3.0424685580579114,96|98|80,0.841398|1.57501|2.84505,True
J1:ALA906:hydrophobic|J1:LEU959|J2:LEU855:hydrophobic,3,72,3.0424685580579114,96|98|80,0.841398|1.57501|2.84505,True
J1:ARG1007:hydrophobic|J1:LEU881:hydrophobic|J2:TYR931:hydrophobic,3,22,2.999952807928268,86|24|56,1.47153|2.94722|1.73842,True
J1:ALA906|J1:ARG879:hydrogen_bond|J2:ALA880:hydrophobic,3,17,4.152282333051564,24|39|51,2.39214|1.4234|3.97745,True
J1:ALA906:hydrophobic|J1:ARG879:hydrogen_bond|J2:ALA880,3,17,4.152282333051564,24|39|51,2.39214|1.4234|3.97745,True
J1:ALA906:hydrophobic|J1:ARG879:hydrogen_bond|J2:ALA880:hydrophobic,3,17,4.152282333051564,24|39|51,2.39214|1.4234|3.97745,True
J1:ALA906|J1:ARG879:hydrogen_bond|J2:ALA880,3,17,4.152282333051564,24|39|51,2.39214|1.4234|3.97745,True
J1:ALA906|J1:LEU959|J1:VAL889,3,61,2.9539048097871627,78|75|80,0.716109|1.36306|2.84505,True
J1:ALA906|J1:LEU959|J1:VAL889:hydrophobic,3,60,2.9118239838763853,77|74|80,0.708391|1.34709|2.84505,True
J1:ALA906:hydrophobic|J1:LEU959|J1:VAL889,3,61,2.9539048097871627,78|75|80,0.716109|1.36306|2.84505,True
J1:ALA906:hydrophobic|J1:LEU959|J1:VAL889:hydrophobic,3,60,2.9118239838763853,77|74|80,0.708391|1.34709|2.84505,True
J1:ALA906:hydrophobic|J1:LEU959|J2:LEU855,3,72,3.019506531204644,96|98|80,0.827048|1.557|2.84505,True
J1:ALA906|J1:LEU959|J2:LEU855,3,72,3.019506531204644,96|98|80,0.827048|1.557|2.84505,True
J1:ARG1007:hydrogen_bond|J1:ARG879:hydrogen_bond|J1:ASP1021,3,24,2.8526532291238174,45|74|55,1.98062|1.1462|2.20267,True
J1:ARG1007:hydrophobic|J1:VAL889|J2:TYR931:hydrophobic,3,19,3.199329836829837,64|24|43,1.35092|2.94722|1.57197,True
J1:ARG1007:hydrophobic|J1:VAL889:hydrophobic|J2:TYR931:hydrophobic,3,19,3.199329836829837,63|24|43,1.33489|2.94722|1.57197,True
J1:ALA906|J2:ARG980|J2:TYR931,3,27,2.7528757939308397,74|56|59,2.57401|2.43583|1.79397,True
J1:ALA906:hydrophobic|J2:ARG980|J2:TYR931,3,27,2.7528757939308397,74|56|59,2.57401|2.43583|1.79397,True
J1:ARG1007:hydrophobic|J1:LEU881|J2:TYR931:hydrophobic,3,22,2.9457367933271548,86|24|56,1.44702|2.94722|1.68204,True
J1:ARG879|J2:GLY935:hydrogen_bond|J2:LEU855,3,24,3.083503779457536,32|97|25,1.97573|1.50349|3.10432,True
J1:ARG879|J2:GLY935|J2:LEU855:hydrophobic,3,24,3.083503779457536,32|97|25,2.02063|1.52153|3.10432,True
J1:ARG879|J2:GLY935:hydrogen_bond|J2:LEU855:hydrophobic,3,24,3.083503779457536,32|97|25,2.02063|1.52153|3.10432,True
J1:ARG879|J2:GLY935|J2:LEU855,3,24,3.083503779457536,32|97|25,1.97573|1.50349|3.10432,True
J1:ALA906|J1:ARG1007:hydrophobic|J2:LEU855:hydrophobic,3,35,2.9806218685529027,54|98|39,1.67166|1.57501|2.98914,True
J1:ALA906:hydrophobic|J1:ARG1007:hydrophobic|J2:LEU855:hydrophobic,3,35,2.9806218685529027,54|98|39,1.67166|1.57501|2.98914,True
J1:ALA906|J1:LEU959:hydrogen_bond|J2:LYS882,3,20,3.0447839831401473,25|28|80,0.815966|1.34418|3.10866,True
J1:ALA906:hydrophobic|J1:LEU959:hydrogen_bond|J2:LYS882,3,20,3.0447839831401473,25|28|80,0.815966|1.34418|3.10866,True
J1:ALA906:hydrophobic|J1:ARG1007|J1:LEU959,3,54,3.046329558766107,67|80|78,0.953396|2.84505|1.71314,True
J1:ALA906|J1:ARG1007|J1:LEU959,3,54,3.046329558766107,67|80|78,0.953396|2.84505|1.71314,True
J1:ALA906|J1:GLU966|J1:LEU959:hydrogen_bond,3,31,2.8829900225297713,37|80|39,0.824044|3.10866|1.30747,True
J1:ALA906:hydrophobic|J1:GLU966|J1:LEU959:hydrogen_bond,3,31,2.8829900225297713,37|80|39,0.824044|3.10866|1.30747,True
J1:ALA906|J1:ARG1007:hydrophobic|J2:LEU855,3,35,2.946751165501165,54|98|39,1.63745|1.557|2.98914,True
J1:ALA906:hydrophobic|J1:ARG1007:hydrophobic|J2:LEU855,3,35,2.946751165501165,54|98|39,1.63745|1.557|2.98914,True
J1:ALA906|J1:LEU1010:hydrophobic|J1:LEU959,3,76,2.877761761237059,98|80|105,0.82697|2.84505|1.59306,True
J1:ALA906|J1:LEU1010|J1:LEU959,3,76,2.877761761237059,98|80|105,0.82697|2.84505|1.59306,True
J1:ALA906:hydrophobic|J1:LEU1010|J1:LEU959,3,76,2.877761761237059,98|80|105,0.82697|2.84505|1.59306,True
J1:ALA906:hydrophobic|J1:LEU1010:hydrophobic|J1:LEU959,3,76,2.877761761237059,98|80|105,0.82697|2.84505|1.59306,True
J1:ARG1007:hydrophobic|J2:LEU855|J2:TYR931:hydrophobic,3,24,2.9801461108723677,87|24|54,1.39923|2.94722|1.63745,True
J1:ARG1007:hydrophobic|J2:LEU855:hydrophobic|J2:TYR931:hydrophobic,3,24,2.9801461108723677,87|24|54,1.40025|2.94722|1.67166,True
J1:ALA906:hydrophobic|J1:ARG1007:hydrophobic|J1:LEU1010:hydrophobic,3,36,2.8886975840044427,56|105|39,1.86333|1.59306|2.98914,True
J1:ALA906|J1:ARG1007:hydrophobic|J1:LEU1010,3,36,2.8886975840044427,56|105|39,1.86333|1.59306|2.98914,True
J1:ALA906:hydrophobic|J1:ARG1007:hydrophobic|J1:LEU1010,3,36,2.8886975840044427,56|105|39,1.86333|1.59306|2.98914,True
J1:ALA906|J1:ARG1007:hydrophobic|J1:LEU1010:hydrophobic,3,36,2.8886975840044427,56|105|39,1.86333|1.59306|2.98914,True
J1:ARG1007:hydrophobic|J1:LEU881:hydrophobic|J2:TYR931,3,29,2.79039294039294,128|31|56,1.66865|2.7021|1.73842,True
J1:ALA906:hydrophobic|J1:ARG879|J1:GLU966,3,24,3.2527204502814255,47|39|54,1.06165|1.30747|4.01423,False
J1:ALA906|J1:ARG879|J1:GLU966,3,24,3.2527204502814255,47|39|54,1.06165|1.30747|4.01423,False
J1:ARG879|J2:ALA880:hydrophobic|J2:LEU932:hydrogen_bond,3,16,3.262667607621736,43|24|26,1.99532|0.818169|2.28419,True
J1:ARG879|J2:ALA880|J2:LEU932:hydrogen_bond,3,16,3.262667607621736,43|24|26,1.99532|0.818169|2.28419,True
J1:ARG879|J2:ARG980:hydrogen_bond|J2:VAL863:hydrophobic,3,45,2.786104563959717,107|94|49,1.66663|1.56857|2.45851,True
J1:ALA906:hydrophobic|J2:LEU932|J2:TYR931,3,24,2.8679900744416873,42|56|33,1.04656|2.43583|1.35081,True
J1:ALA906|J2:LEU932|J2:TYR931,3,24,2.8679900744416873,42|56|33,1.04656|2.43583|1.35081,True
J1:ALA906:hydrophobic|J1:ARG879:hydrogen_bond|J1:GLU966,3,23,3.3196053946053943,45|39|51,1.11631|1.30747|3.97745,False
J1:ALA906|J1:ARG879:hydrogen_bond|J1:GLU966,3,23,3.3196053946053943,45|39|51,1.11631|1.30747|3.97745,False
J1:ALA906|J1:LEU959:hydrogen_bond|J2:LEU983,3,65,2.7783653846153844,86|93|80,0.748733|1.46085|3.10866,False
J1:ALA906|J1:LEU959:hydrogen_bond|J2:LEU983:hydrophobic,3,65,2.7783653846153844,86|93|80,0.748733|1.46085|3.10866,False
J1:ALA906:hydrophobic|J1:LEU959:hydrogen_bond|J2:LEU983,3,65,2.7783653846153844,86|93|80,0.748733|1.46085|3.10866,False
J1:ALA906:hydrophobic|J1:LEU959:hydrogen_bond|J2:LEU983:hydrophobic,3,65,2.7783653846153844,86|93|80,0.748733|1.46085|3.10866,False
J1:ALA906|J1:ARG879|J1:ASP1021,3,19,3.4334271419637274,48|52|54,1.8587|1.40437|4.01423,False
J1:ALA906:hydrophobic|J1:ARG879|J1:ASP1021,3,19,3.4334271419637274,48|52|54,1.8587|1.40437|4.01423,False
J1:ARG879|J2:ARG980:hydrogen_bond|J2:VAL863,3,45,2.7403055848261326,107|94|49,1.65503|1.5592|2.45851,True
J1:ALA906:hydrophobic|J1:LEU881:hydrophobic|J2:TYR931,3,55,2.57907335280753,128|56|107,1.66865|2.43583|1.72715,True
J1:ALA906|J1:LEU881:hydrophobic|J2:TYR931,3,55,2.57907335280753,128|56|107,1.66865|2.43583|1.72715,True
J1:ARG1007:hydrophobic|J1:LEU881|J2:TYR931,3,29,2.73127444589309,128|31|56,1.6398|2.7021|1.68204,True
J1:ARG879|J1:VAL889|J2:ALA880,3,25,3.1043188654920493,54|26|84,1.20146|2.28419|1.73197,True
J1:ARG879|J1:VAL889:hydrophobic|J2:ALA880,3,25,3.1043188654920493,53|26|84,1.18039|2.28419|1.73519,True
J1:ARG879|J1:VAL889|J2:ALA880:hydrophobic,3,25,3.1043188654920493,54|26|84,1.20146|2.28419|1.73197,True
J1:ARG879|J1:VAL889:hydrophobic|J2:ALA880:hydrophobic,3,25,3.1043188654920493,53|26|84,1.18039|2.28419|1.73519,True
J1:ARG879|J2:GLY935|J2:LEU983,3,17,2.7184006640841174,23|82|25,1.66521|1.42169|3.10432,False
J1:ARG879|J2:GLY935|J2:LEU983:hydrophobic,3,17,2.7184006640841174,23|82|25,1.66521|1.42169|3.10432,False
J1:ARG879|J2:GLY935:hydrogen_bond|J2:LEU983,3,17,2.7184006640841174,23|82|25,1.66521|1.42169|3.10432,False
J1:ARG879|J2:GLY935:hydrogen_bond|J2:LEU983:hydrophobic,3,17,2.7184006640841174,23|82|25,1.66521|1.42169|3.10432,False
J1:ARG879|J2:ARG980:hydrogen_bond|J2:LEU855:hydrophobic,3,47,2.713416583416583,109|97|49,1.71582|1.52153|2.45851,True
J1:ALA906:hydrophobic|J1:LEU881|J2:TYR931,3,55,2.5102274522192385,128|56|107,1.6398|2.43583|1.65044,True
J1:ALA906|J1:LEU881|J2:TYR931,3,55,2.5102274522192385,128|56|107,1.6398|2.43583|1.65044,True
J1:ARG879|J2:ARG980:hydrogen_bond|J2:LEU855,3,47,2.6924365582870737,109|97|49,1.69422|1.50349|2.45851,True
J1:ALA906|J1:ARG879:hydrogen_bond|J1:ASP1021,3,17,3.2573938992042435,45|52|51,1.98062|1.40437|3.97745,False
J1:ALA906:hydrophobic|J1:ARG879:hydrogen_bond|J1:ASP1021,3,17,3.2573938992042435,45|52|51,1.98062|1.40437|3.97745,False
J1:ALA906|J1:LEU881:hydrophobic|J2:TYR931:hydrophobic,3,41,2.503581994928149,86|42|107,1.47153|2.36937|1.72715,True
J1:ALA906:hydrophobic|J1:LEU881:hydrophobic|J2:TYR931:hydrophobic,3,41,2.503581994928149,86|42|107,1.47153|2.36937|1.72715,True
J1:ARG1007:hydrophobic|J2:LEU855:hydrophobic|J2:TYR931,3,30,2.699626284646527,126|31|54,1.55675|2.7021|1.67166,True
J1:ALA906:hydrophobic|J2:TYR931|J2:VAL863:hydrophobic,3,49,2.420264957264957,114|99|56,1.57677|1.55951|2.43583,True
J1:ALA906|J2:TYR931|J2:VAL863:hydrophobic,3,49,2.420264957264957,114|99|56,1.57677|1.55951|2.43583,True
J1:ALA906:hydrophobic|J2:TYR931|J2:VAL863,3,49,2.420264957264957,114|99|56,1.57285|1.5551|2.43583,True
J1:ALA906|J2:TYR931|J2:VAL863,3,49,2.420264957264957,114|99|56,1.57285|1.5551|2.43583,True
J1:ALA906:hydrophobic|J2:LEU855:hydrophobic|J2:TYR931,3,54,2.4198666253101737,126|56|98,1.55675|2.43583|1.57501,True
J1:ALA906|J2:LEU855|J2:TYR931,3,54,2.41499767837796,126|56|98,1.54643|2.43583|1.557,True
J1:ALA906:hydrophobic|J2:LEU855|J2:TYR931,3,54,2.41499767837796,126|56|98,1.54643|2.43583|1.557,True
J1:ALA906|J2:LEU855:hydrophobic|J2:TYR931,3,54,2.4198666253101737,126|56|98,1.55675|2.43583|1.57501,True
J1:ALA906|J1:LEU881|J2:TYR931:hydrophobic,3,41,2.4172515813099364,86|42|107,1.44702|2.36937|1.65044,True
J1:ALA906:hydrophobic|J1:LEU881|J2:TYR931:hydrophobic,3,41,2.4172515813099364,86|42|107,1.44702|2.36937|1.65044,True
J1:ARG879|J1:LEU1010:hydrophobic|J2:ARG980,3,58,2.620247029393371,124|61|98,1.36985|2.05431|1.88266,True
J1:ARG879|J1:LEU1010|J2:ARG980,3,58,2.620247029393371,124|61|98,1.36985|2.05431|1.88266,True
J1:ARG879|J1:LEU881:hydrophobic|J2:ARG980:hydrogen_bond,3,47,2.5294561370832556,110|49|101,1.69084|2.45851|1.53237,True
J1:ALA906|J1:LEU1010|J2:TYR931,3,53,2.4289214908802537,117|56|105,1.7188|2.43583|1.59306,True
J1:ALA906:hydrophobic|J1:LEU1010|J2:TYR931,3,53,2.4289214908802537,117|56|105,1.7188|2.43583|1.59306,True
J1:ALA906:hydrophobic|J1:LEU1010:hydrophobic|J2:TYR931,3,53,2.4289214908802537,117|56|105,1.7188|2.43583|1.59306,True
J1:ALA906|J1:LEU1010:hydrophobic|J2:TYR931,3,53,2.4289214908802537,117|56|105,1.7188|2.43583|1.59306,True
J1:ALA906|J1:LEU959|J2:LEU983,3,65,2.5525618374558303,86|93|80,0.709809|1.46085|2.84505,False
J1:ALA906|J1:LEU959|J2:LEU983:hydrophobic,3,65,2.5525618374558303,86|93|80,0.709809|1.46085|2.84505,False
J1:ALA906:hydrophobic|J1:LEU959|J2:LEU983,3,65,2.5525618374558303,86|93|80,0.709809|1.46085|2.84505,False
J1:ALA906:hydrophobic|J1:LEU959|J2:LEU983:hydrophobic,3,65,2.5525618374558303,86|93|80,0.709809|1.46085|2.84505,False
J1:ARG1007:hydrophobic|J2:LEU855|J2:TYR931,3,30,2.6566043518234754,126|31|54,1.54643|2.7021|1.63745,True
J1:ARG879|J1:LEU881|J2:ARG980:hydrogen_bond,3,47,2.517265987025023,110|49|102,1.62564|2.45851|1.54123,True
J1:ALA906|J2:LEU855|J2:TYR931:hydrophobic,3,42,2.4122242098986284,87|42|98,1.39923|2.36937|1.557,True
J1:ALA906:hydrophobic|J2:LEU855|J2:TYR931:hydrophobic,3,42,2.4122242098986284,87|42|98,1.39923|2.36937|1.557,True
J1:ALA906|J2:LEU855:hydrophobic|J2:TYR931:hydrophobic,3,42,2.4122242098986284,87|42|98,1.40025|2.36937|1.57501,True
J1:ALA906:hydrophobic|J2:LEU855:hydrophobic|J2:TYR931:hydrophobic,3,42,2.4122242098986284,87|42|98,1.40025|2.36937|1.57501,True
J1:ARG1007:hydrophobic|J1:VAL889|J2:TYR931,3,22,2.7471477960242003,91|31|43,1.49383|2.7021|1.57197,True
J1:ARG1007:hydrophobic|J1:VAL889:hydrophobic|J2:TYR931,3,22,2.7471477960242003,90|31|43,1.48289|2.7021|1.57197,True
J1:ARG1007|J1:ARG879|J2:ASN859:hydrogen_bond,3,27,2.667230769230769,34|58|75,2.26262|1.67424|2.11283,True
J1:ARG879|J2:ARG980:hydrogen_bond|J2:LEU983,3,38,2.3527105206770944,97|82|49,1.48078|1.42169|2.45851,True
J1:ARG879|J2:ARG980:hydrogen_bond|J2:LEU983:hydrophobic,3,38,2.3527105206770944,97|82|49,1.48078|1.42169|2.45851,True
J1:ARG1007|J1:ARG879:hydrogen_bond|J2:ASN859:hydrogen_bond,3,25,2.671505177514793,32|58|72,2.30929|1.67424|2.25718,True
J1:ALA906:hydrophobic|J1:LEU1010:hydrophobic|J2:TYR931:hydrophobic,3,39,2.299336870026525,77|42|105,1.45781|2.36937|1.59306,True
J1:ALA906:hydrophobic|J1:LEU1010|J2:TYR931:hydrophobic,3,39,2.299336870026525,77|42|105,1.45781|2.36937|1.59306,True
J1:ALA906|J1:LEU1010:hydrophobic|J2:TYR931:hydrophobic,3,39,2.299336870026525,77|42|105,1.45781|2.36937|1.59306,True
J1:ALA906|J1:LEU1010|J2:TYR931:hydrophobic,3,39,2.299336870026525,77|42|105,1.45781|2.36937|1.59306,True
J1:ALA906|J1:VAL889|J2:TYR931,3,42,2.4122242098986284,91|56|75,1.49383|2.43583|1.36306,True
J1:ALA906|J1:VAL889:hydrophobic|J2:TYR931,3,41,2.360890793144679,90|56|74,1.48289|2.43583|1.34709,True
J1:ALA906:hydrophobic|J1:VAL889|J2:TYR931,3,42,2.4122242098986284,91|56|75,1.49383|2.43583|1.36306,True
J1:ALA906:hydrophobic|J1:VAL889:hydrophobic|J2:TYR931,3,41,2.360890793144679,90|56|74,1.48289|2.43583|1.34709,True
J1:ALA906|J2:LEU983:hydrophobic|J2:TYR931,3,45,2.2680533751962324,103|56|93,1.49339|2.43583|1.46085,True
J1:ALA906:hydrophobic|J2:LEU983:hydrophobic|J2:TYR931,3,45,2.2680533751962324,103|56|93,1.49339|2.43583|1.46085,True
J1:ALA906:hydrophobic|J2:LEU983|J2:TYR931,3,45,2.2680533751962324,103|56|93,1.49339|2.43583|1.46085,True
J1:ALA906|J2:LEU983|J2:TYR931,3,45,2.2680533751962324,103|56|93,1.49339|2.43583|1.46085,True
J1:ARG1007:hydrogen_bond|J1:ARG879|J2:ASN859:hydrogen_bond,3,21,2.509491315136476,34|48|58,2.26262|1.67224|2.0894,True
J1:ARG879|J1:LEU1010:hydrophobic|J2:TYR931,3,62,2.2628394593911834,117|67|98,1.7188|1.89949|1.88266,True
J1:ARG879|J1:LEU1010|J2:TYR931,3,62,2.2628394593911834,117|67|98,1.7188|1.89949|1.88266,True
J1:ARG879|J1:GLU966|J2:ASN859:hydrogen_bond,3,22,2.3396761133603237,31|34|47,1.5913|2.26262|1.06165,True
J1:ARG1007|J1:ARG879|J2:ASN859,3,27,2.4395403377110694,34|58|75,2.01524|1.43559|2.11283,True
J1:ARG879|J2:ARG980|J2:VAL863:hydrophobic,3,54,2.235109583154276,126|94|61,1.33808|1.56857|2.05431,True
J1:ARG879|J1:LEU959:hydrogen_bond|J2:ARG980:hydrogen_bond,3,24,2.5281808239154206,51|49|60,1.53393|2.45851|1.51375,True
J1:ARG879|J2:ARG980|J2:VAL863,3,54,2.2063489819004523,126|94|61,1.33045|1.5592|2.05431,True
J1:ARG879|J1:LEU959|J2:ARG980:hydrogen_bond,3,24,2.4811449016100178,51|49|60,1.43854|2.45851|1.49508,True
J1:ARG1007|J1:ARG879:hydrogen_bond|J2:ASN859,3,25,2.447899017282277,32|58|72,2.05567|1.43559|2.25718,True
J1:ARG879|J2:ARG980|J2:LEU855:hydrophobic,3,58,2.218866675493181,130|97|61,1.37726|1.52153|2.05431,True
J1:ARG879|J1:LEU881:hydrophobic|J2:ARG980,3,59,2.1427916038210157,136|61|101,1.41123|2.05431|1.53237,True
J1:ARG1007:hydrogen_bond|J1:ARG879|J2:ASN859,3,21,2.3338269230769226,34|48|58,2.01524|1.4437|2.0894,True
J1:ARG879|J1:LEU881|J2:ARG980,3,59,2.135811826609872,136|61|102,1.35859|2.05431|1.54123,True
J1:ARG879|J2:ARG980|J2:LEU855,3,58,2.1999343659753214,132|97|61,1.37486|1.50349|2.05431,True
J1:ARG1007|J1:LEU959:hydrogen_bond|J2:TYR931:hydrophobic,3,27,2.2144904910587564,48|60|67,1.6165|1.66079|1.03417,True
J1:ARG1007|J1:LEU959:hydrogen_bond|J2:TYR931,3,35,2.063507447459702,65|87|67,1.70976|1.76921|1.03417,True
J1:ARG1007|J1:LEU959|J2:TYR931:hydrophobic,3,27,2.0983458848843464,48|60|67,1.56896|1.66079|0.953396,True
J1:ARG1007|J1:LEU959|J2:TYR931,3,35,1.9497300944669365,65|87|67,1.65114|1.76921|0.953396,True
J1:ALA906:hydrophobic|J1:LEU959:hydrogen_bond|J2:TYR931:hydrophobic|J2:VAL863:hydrophobic,4,33,7.262261995430312,41|35|73|38,1.52903|2.27469|3.213|7.219,True
J1:ALA906|J1:LEU959:hydrogen_bond|J2:TYR931:hydrophobic|J2:VAL863:hydrophobic,4,33,7.262261995430312,41|35|73|38,1.52903|2.27469|3.213|7.219,True
J1:ALA906:hydrophobic|J1:LEU959:hydrogen_bond|J2:TYR931:hydrophobic|J2:VAL863,4,33,7.262261995430312,41|35|73|38,1.52392|2.27469|3.18775|7.219,True
J1:ALA906|J1:LEU959:hydrogen_bond|J2:TYR931:hydrophobic|J2:VAL863,4,33,7.262261995430312,41|35|73|38,1.52392|2.27469|3.18775|7.219,True
J1:ALA906:hydrophobic|J1:ARG879:hydrogen_bond|J1:LEU959:hydrogen_bond|J2:TYR931,4,26,8.026388888888889,34|48|29|45,1.86596|5.96029|5.28345|5.65091,True
J1:ALA906|J1:ARG879:hydrogen_bond|J1:LEU959:hydrogen_bond|J2:TYR931,4,26,8.026388888888889,34|48|29|45,1.86596|5.96029|5.28345|5.65091,True
J1:ALA906:hydrophobic|J1:ARG879|J1:LEU959:hydrogen_bond|J2:TYR931,4,28,8.188866396761133,36|48|31|48,1.87833|5.96029|5.30027|5.76699,True
J1:ALA906|J1:ARG879|J1:LEU959:hydrogen_bond|J2:TYR931,4,28,8.188866396761133,36|48|31|48,1.87833|5.96029|5.30027|5.76699,True
J1:ALA906:hydrophobic|J1:LEU959:hydrogen_bond|J2:LEU855|J2:TYR931:hydrophobic,4,38,7.408974358974358,47|42|38|72,1.60471|2.41222|7.219|3.3202,True
J1:ALA906|J1:LEU959:hydrogen_bond|J2:LEU855|J2:TYR931:hydrophobic,4,38,7.408974358974358,47|42|38|72,1.60471|2.41222|7.219|3.3202,True
J1:ALA906:hydrophobic|J1:LEU881:hydrophobic|J1:LEU959:hydrogen_bond|J2:TYR931:hydrophobic,4,37,7.4763286713286705,47|38|41|78,1.68494|7.219|2.50358|3.56728,True
J1:ALA906:hydrophobic|J1:LEU959:hydrogen_bond|J2:LEU855:hydrophobic|J2:TYR931:hydrophobic,4,38,7.408974358974358,47|42|38|72,1.60718|2.41222|7.219|3.341,True
J1:ALA906|J1:LEU881:hydrophobic|J1:LEU959:hydrogen_bond|J2:TYR931:hydrophobic,4,37,7.4763286713286705,47|38|41|78,1.68494|7.219|2.50358|3.56728,True
J1:ALA906|J1:LEU959:hydrogen_bond|J2:LEU855:hydrophobic|J2:TYR931:hydrophobic,4,38,7.408974358974358,47|42|38|72,1.60718|2.41222|7.219|3.341,True
J1:ALA906:hydrophobic|J1:ARG879:hydrogen_bond|J1:LEU959|J2:TYR931,4,26,7.916438356164383,34|48|29|45,1.84771|5.44333|5.28345|5.58777,True
J1:ALA906|J1:ARG879:hydrogen_bond|J1:LEU959|J2:TYR931,4,26,7.916438356164383,34|48|29|45,1.84771|5.44333|5.28345|5.58777,True
J1:ALA906:hydrophobic|J1:ARG879|J1:LEU959|J2:TYR931,4,28,8.082517482517483,36|48|31|48,1.86086|5.44333|5.30027|5.70531,True
J1:ALA906|J1:ARG879|J1:LEU959|J2:TYR931,4,28,8.082517482517483,36|48|31|48,1.86086|5.44333|5.30027|5.70531,True
J1:ALA906:hydrophobic|J1:LEU881|J1:LEU959:hydrogen_bond|J2:TYR931:hydrophobic,4,37,7.3428228021978015,47|38|41|78,1.66613|7.219|2.41725|3.45359,True
J1:ALA906|J1:LEU881|J1:LEU959:hydrogen_bond|J2:TYR931:hydrophobic,4,37,7.3428228021978015,47|38|41|78,1.66613|7.219|2.41725|3.45359,True
J1:ALA906:hydrophobic|J1:LEU1010|J1:LEU959:hydrogen_bond|J2:TYR931:hydrophobic,4,35,7.008489258489258,41|38|39|76,1.60724|7.219|2.29934|3.15747,True
J1:ALA906|J1:LEU1010|J1:LEU959:hydrogen_bond|J2:TYR931:hydrophobic,4,35,7.008489258489258,41|38|39|76,1.60724|7.219|2.29934|3.15747,True
J1:ALA906:hydrophobic|J1:LEU1010:hydrophobic|J1:LEU959:hydrogen_bond|J2:TYR931:hydrophobic,4,35,7.008489258489258,41|38|39|76,1.60724|7.219|2.29934|3.15747,True
J1:ALA906|J1:LEU1010:hydrophobic|J1:LEU959:hydrogen_bond|J2:TYR931:hydrophobic,4,35,7.008489258489258,41|38|39|76,1.60724|7.219|2.29934|3.15747,True
J1:ALA906:hydrophobic|J1:LEU959|J2:TYR931:hydrophobic|J2:VAL863,4,33,6.668076923076923,41|35|73|38,1.48421|2.27469|2.91304|6.59862,True
J1:ALA906|J1:LEU959|J2:TYR931:hydrophobic|J2:VAL863,4,33,6.668076923076923,41|35|73|38,1.48421|2.27469|2.91304|6.59862,True
J1:ALA906:hydrophobic|J1:LEU959|J2:TYR931:hydrophobic|J2:VAL863:hydrophobic,4,33,6.668076923076923,41|35|73|38,1.48906|2.27469|2.93411|6.59862,True
J1:ALA906|J1:LEU959|J2:TYR931:hydrophobic|J2:VAL863:hydrophobic,4,33,6.668076923076923,41|35|73|38,1.48906|2.27469|2.93411|6.59862,True
J1:ALA906:hydrophobic|J1:LEU959:hydrogen_bond|J1:VAL889|J2:TYR931:hydrophobic,4,29,7.24248055315471,34|33|38|61,1.5267|2.41279|7.219|3.15312,True
J1:ALA906:hydrophobic|J1:LEU959:hydrogen_bond|J1:VAL889:hydrophobic|J2:TYR931:hydrophobic,4,28,7.072202797202797,33|32|38|60,1.49387|2.3474|7.219|3.10866,True
J1:ALA906|J1:LEU959:hydrogen_bond|J1:VAL889|J2:TYR931:hydrophobic,4,29,7.24248055315471,34|33|38|61,1.5267|2.41279|7.219|3.15312,True
J1:ALA906|J1:LEU959:hydrogen_bond|J1:VAL889:hydrophobic|J2:TYR931:hydrophobic,4,28,7.072202797202797,33|32|38|60,1.49387|2.3474|7.219|3.10866,True
J1:ALA906:hydrophobic|J1:LEU959|J2:LEU855|J2:TYR931:hydrophobic,4,38,6.7569846153846145,47|42|38|72,1.55688|2.41222|6.59862|3.01951,True
J1:ALA906|J1:LEU959|J2:LEU855|J2:TYR931:hydrophobic,4,38,6.7569846153846145,47|42|38|72,1.55688|2.41222|6.59862|3.01951,True
J1:ALA906:hydrophobic|J1:LEU959|J2:LEU855:hydrophobic|J2:TYR931:hydrophobic,4,38,6.7569846153846145,47|42|38|72,1.5592|2.41222|6.59862|3.04247,True
J1:ALA906|J1:LEU959|J2:LEU855:hydrophobic|J2:TYR931:hydrophobic,4,38,6.7569846153846145,47|42|38|72,1.5592|2.41222|6.59862|3.04247,True
J1:ALA906:hydrophobic|J1:LEU881:hydrophobic|J1:LEU959|J2:TYR931:hydrophobic,4,37,6.853301282051282,47|38|41|78,1.63741|6.59862|2.50358|3.25272,True
J1:ALA906|J1:LEU881:hydrophobic|J1:LEU959|J2:TYR931:hydrophobic,4,37,6.853301282051282,47|38|41|78,1.63741|6.59862|2.50358|3.25272,True
J1:ALA906:hydrophobic|J1:LEU959:hydrogen_bond|J2:LEU983:hydrophobic|J2:TYR931:hydrophobic,4,30,6.668076923076923,38|33|38|65,1.57579|2.13223|7.219|2.77837,True
J1:ALA906|J1:LEU959:hydrogen_bond|J2:LEU983:hydrophobic|J2:TYR931:hydrophobic,4,30,6.668076923076923,38|33|38|65,1.57579|2.13223|7.219|2.77837,True
J1:ALA906|J1:LEU959:hydrogen_bond|J2:LEU983|J2:TYR931:hydrophobic,4,30,6.668076923076923,38|33|38|65,1.57579|2.13223|7.219|2.77837,True
J1:ALA906:hydrophobic|J1:LEU959:hydrogen_bond|J2:LEU983|J2:TYR931:hydrophobic,4,30,6.668076923076923,38|33|38|65,1.57579|2.13223|7.219|2.77837,True
J1:ALA906:hydrophobic|J1:LEU881|J1:LEU959|J2:TYR931:hydrophobic,4,37,6.686147592245153,47|38|41|78,1.61713|6.59862|2.41725|3.14076,True
J1:ALA906|J1:LEU881|J1:LEU959|J2:TYR931:hydrophobic,4,37,6.686147592245153,47|38|41|78,1.61713|6.59862|2.41725|3.14076,True
J1:ALA906:hydrophobic|J1:LEU1010|J1:LEU959|J2:TYR931:hydrophobic,4,35,6.376576292559898,41|38|39|76,1.56313|6.59862|2.29934|2.87776,True
J1:ALA906|J1:LEU1010|J1:LEU959|J2:TYR931:hydrophobic,4,35,6.376576292559898,41|38|39|76,1.56313|6.59862|2.29934|2.87776,True
J1:ALA906|J1:LEU1010:hydrophobic|J1:LEU959|J2:TYR931:hydrophobic,4,35,6.376576292559898,41|38|39|76,1.56313|6.59862|2.29934|2.87776,True
J1:ALA906:hydrophobic|J1:LEU1010:hydrophobic|J1:LEU959|J2:TYR931:hydrophobic,4,35,6.376576292559898,41|38|39|76,1.56313|6.59862|2.29934|2.87776,True
J1:ALA906:hydrophobic|J1:LEU881:hydrophobic|J1:LEU959:hydrogen_bond|J2:TYR931,4,47,6.218246336996336,64|48|55|78,1.81444|5.96029|2.57907|3.56728,True
J1:ALA906|J1:LEU881:hydrophobic|J1:LEU959:hydrogen_bond|J2:TYR931,4,47,6.218246336996336,64|48|55|78,1.81444|5.96029|2.57907|3.56728,True
J1:ALA906:hydrophobic|J1:LEU959:hydrogen_bond|J2:TYR931|J2:VAL863,4,43,5.899738841405508,58|49|73|48,1.68518|2.42026|3.18775|5.96029,True
J1:ALA906|J1:LEU959:hydrogen_bond|J2:TYR931|J2:VAL863:hydrophobic,4,43,5.899738841405508,58|49|73|48,1.6896|2.42026|3.213|5.96029,True
J1:ALA906:hydrophobic|J1:LEU959:hydrogen_bond|J2:TYR931|J2:VAL863:hydrophobic,4,43,5.899738841405508,58|49|73|48,1.6896|2.42026|3.213|5.96029,True
J1:ALA906|J1:LEU959:hydrogen_bond|J2:TYR931|J2:VAL863,4,43,5.899738841405508,58|49|73|48,1.68518|2.42026|3.18775|5.96029,True
J1:ALA906:hydrophobic|J1:LEU881|J1:LEU959:hydrogen_bond|J2:TYR931,4,47,6.145090497737557,64|48|55|78,1.78934|5.96029|2.51023|3.45359,True
J1:ALA906|J1:LEU881|J1:LEU959:hydrogen_bond|J2:TYR931,4,47,6.145090497737557,64|48|55|78,1.78934|5.96029|2.51023|3.45359,True
J1:ALA906|J1:LEU959|J1:VAL889|J2:TYR931:hydrophobic,4,29,6.785060728744939,34|33|38|61,1.49056|2.41279|6.59862|2.9539,True
J1:ALA906|J1:LEU959|J1:VAL889:hydrophobic|J2:TYR931:hydrophobic,4,28,6.620785597381341,33|32|38|60,1.45823|2.3474|6.59862|2.91182,True
J1:ALA906:hydrophobic|J1:LEU959|J1:VAL889|J2:TYR931:hydrophobic,4,29,6.785060728744939,34|33|38|61,1.49056|2.41279|6.59862|2.9539,True
J1:ALA906:hydrophobic|J1:LEU959|J1:VAL889:hydrophobic|J2:TYR931:hydrophobic,4,28,6.620785597381341,33|32|38|60,1.45823|2.3474|6.59862|2.91182,True
J1:ALA906:hydrophobic|J1:LEU959:hydrogen_bond|J2:LEU932:hydrogen_bond|J2:TYR931,4,21,6.223538461538462,28|23|48|28,1.25222|2.95502|5.96029|2.08844,True
J1:ALA906|J1:LEU959:hydrogen_bond|J2:LEU932:hydrogen_bond|J2:TYR931,4,21,6.223538461538462,28|23|48|28,1.25222|2.95502|5.96029|2.08844,True
J1:ALA906:hydrophobic|J1:LEU959:hydrogen_bond|J2:ARG980|J2:TYR931,4,24,6.35054945054945,33|27|48|46,2.98166|2.75288|5.96029|4.3694,True
J1:ALA906|J1:LEU959:hydrogen_bond|J2:ARG980|J2:TYR931,4,24,6.35054945054945,33|27|48|46,2.98166|2.75288|5.96029|4.3694,True
J1:ALA906|J1:LEU959|J2:ARG980|J2:TYR931,4,24,6.1315649867374,33|27|48|46,2.89916|2.75288|5.44333|3.97836,True
J1:ALA906:hydrophobic|J1:LEU959|J2:ARG980|J2:TYR931,4,24,6.1315649867374,33|27|48|46,2.89916|2.75288|5.44333|3.97836,True
J1:ALA906:hydrophobic|J1:LEU959|J2:LEU983:hydrophobic|J2:TYR931:hydrophobic,4,30,6.061888111888111,38|33|38|65,1.52459|2.13223|6.59862|2.55256,True
J1:ALA906|J1:LEU959|J2:LEU983:hydrophobic|J2:TYR931:hydrophobic,4,30,6.061888111888111,38|33|38|65,1.52459|2.13223|6.59862|2.55256,True
J1:ALA906:hydrophobic|J1:LEU959|J2:LEU983|J2:TYR931:hydrophobic,4,30,6.061888111888111,38|33|38|65,1.52459|2.13223|6.59862|2.55256,True
J1:ALA906|J1:LEU959|J2:LEU983|J2:TYR931:hydrophobic,4,30,6.061888111888111,38|33|38|65,1.52459|2.13223|6.59862|2.55256,True
J1:ALA906:hydrophobic|J1:LEU959:hydrogen_bond|J2:LEU855|J2:TYR931,4,46,5.9444096601073335,61|54|48|72,1.64146|2.415|5.96029|3.3202,True
J1:ALA906|J1:LEU959:hydrogen_bond|J2:LEU855|J2:TYR931,4,46,5.9444096601073335,61|54|48|72,1.64146|2.415|5.96029|3.3202,True
J1:ALA906:hydrophobic|J1:LEU959:hydrogen_bond|J2:LEU855:hydrophobic|J2:TYR931,4,46,5.979172289698605,61|54|48|72,1.65145|2.41987|5.96029|3.341,True
J1:ALA906|J1:LEU959:hydrogen_bond|J2:LEU855:hydrophobic|J2:TYR931,4,46,5.979172289698605,61|54|48|72,1.65145|2.41987|5.96029|3.341,True
J1:ALA906:hydrophobic|J1:LEU1010:hydrophobic|J1:LEU959:hydrogen_bond|J2:TYR931,4,45,5.883597285067873,58|48|53|76,1.78061|5.96029|2.42892|3.15747,True
J1:ALA906|J1:LEU1010:hydrophobic|J1:LEU959:hydrogen_bond|J2:TYR931,4,45,5.883597285067873,58|48|53|76,1.78061|5.96029|2.42892|3.15747,True
J1:ALA906:hydrophobic|J1:LEU1010|J1:LEU959:hydrogen_bond|J2:TYR931,4,45,5.883597285067873,58|48|53|76,1.78061|5.96029|2.42892|3.15747,True
J1:ALA906|J1:LEU1010|J1:LEU959:hydrogen_bond|J2:TYR931,4,45,5.883597285067873,58|48|53|76,1.78061|5.96029|2.42892|3.15747,True
J1:ALA906:hydrophobic|J1:LEU959:hydrogen_bond|J2:LEU932|J2:TYR931,4,21,6.061888111888111,28|24|48|28,1.20146|2.86799|5.96029|2.04722,True
J1:ALA906|J1:LEU959:hydrogen_bond|J2:LEU932|J2:TYR931,4,21,6.061888111888111,28|24|48|28,1.20146|2.86799|5.96029|2.04722,True
J1:ALA906|J1:LEU959:hydrogen_bond|J1:VAL889|J2:TYR931,4,36,6.061888111888111,47|42|48|61,1.66348|2.41222|5.96029|3.15312,True
J1:ALA906:hydrophobic|J1:LEU959:hydrogen_bond|J1:VAL889|J2:TYR931,4,36,6.061888111888111,47|42|48|61,1.66348|2.41222|5.96029|3.15312,True
J1:ALA906:hydrophobic|J1:LEU959:hydrogen_bond|J1:VAL889:hydrophobic|J2:TYR931,4,35,5.938490898414562,46|41|48|60,1.64115|2.36089|5.96029|3.10866,True
J1:ALA906|J1:LEU959:hydrogen_bond|J1:VAL889:hydrophobic|J2:TYR931,4,35,5.938490898414562,46|41|48|60,1.64115|2.36089|5.96029|3.10866,True
J1:ALA906|J1:LEU959|J2:TYR931|J2:VAL863,4,43,5.399760973489787,58|49|73|48,1.62979|2.42026|2.91304|5.44333,True
J1:ALA906:hydrophobic|J1:LEU959|J2:TYR931|J2:VAL863:hydrophobic,4,43,5.399760973489787,58|49|73|48,1.63392|2.42026|2.93411|5.44333,True
J1:ALA906|J1:LEU959|J2:TYR931|J2:VAL863:hydrophobic,4,43,5.399760973489787,58|49|73|48,1.63392|2.42026|2.93411|5.44333,True
J1:ALA906:hydrophobic|J1:LEU959|J2:TYR931|J2:VAL863,4,43,5.399760973489787,58|49|73|48,1.62979|2.42026|2.91304|5.44333,True
J1:ALA906:hydrophobic|J1:LEU881:hydrophobic|J1:LEU959|J2:TYR931,4,47,5.677529264214047,64|48|55|78,1.75188|5.44333|2.57907|3.25272,True
J1:ALA906|J1:LEU881:hydrophobic|J1:LEU959|J2:TYR931,4,47,5.677529264214047,64|48|55|78,1.75188|5.44333|2.57907|3.25272,True
J1:ALA906:hydrophobic|J1:LEU881|J1:LEU959|J2:TYR931,4,47,5.586445907034142,64|48|55|78,1.72636|5.44333|2.51023|3.14076,True
J1:ALA906|J1:LEU881|J1:LEU959|J2:TYR931,4,47,5.586445907034142,64|48|55|78,1.72636|5.44333|2.51023|3.14076,True
J1:ALA906:hydrophobic|J1:LEU959|J2:LEU932:hydrogen_bond|J2:TYR931,4,21,5.692260787992495,28|23|48|28,1.22511|2.95502|5.44333|2.00114,True
J1:ALA906|J1:LEU959|J2:LEU932:hydrogen_bond|J2:TYR931,4,21,5.692260787992495,28|23|48|28,1.22511|2.95502|5.44333|2.00114,True
J1:ALA906:hydrophobic|J1:ARG879|J1:LEU959:hydrogen_bond|J1:VAL889,4,41,6.417632719393282,51|61|46|48,1.72538|3.15312|4.40706|5.76699,True
J1:ALA906|J1:ARG879|J1:LEU959:hydrogen_bond|J1:VAL889,4,41,6.417632719393282,51|61|46|48,1.72538|3.15312|4.40706|5.76699,True
J1:ALA906:hydrophobic|J1:ARG879|J1:LEU959:hydrogen_bond|J1:VAL889:hydrophobic,4,41,6.417632719393282,51|60|46|48,1.73065|3.10866|4.40706|5.76699,True
J1:ALA906|J1:ARG879|J1:LEU959:hydrogen_bond|J1:VAL889:hydrophobic,4,41,6.417632719393282,51|60|46|48,1.73065|3.10866|4.40706|5.76699,True
J1:ARG1007|J1:ARG879:hydrogen_bond|J2:ARG980:hydrogen_bond|J2:TYR931,4,25,5.447775263951734,33|49|43|39,4.28941|3.64254|2.62571|3.80197,True
J1:ALA906:hydrophobic|J1:ARG879|J1:LEU959|J1:VAL889,4,41,6.372754168908015,51|61|46|48,1.71235|2.9539|4.40706|5.70531,True
J1:ALA906:hydrophobic|J1:ARG879|J1:LEU959|J1:VAL889:hydrophobic,4,41,6.372754168908015,51|60|46|48,1.71753|2.91182|4.40706|5.70531,True
J1:ALA906|J1:ARG879|J1:LEU959|J1:VAL889,4,41,6.372754168908015,51|61|46|48,1.71235|2.9539|4.40706|5.70531,True
J1:ALA906|J1:ARG879|J1:LEU959|J1:VAL889:hydrophobic,4,41,6.372754168908015,51|60|46|48,1.71753|2.91182|4.40706|5.70531,True
J1:ALA906:hydrophobic|J1:LEU959|J2:LEU855|J2:TYR931,4,46,5.409727309727309,61|54|48|72,1.58393|2.415|5.44333|3.01951,True
J1:ALA906|J1:LEU959|J2:LEU855|J2:TYR931,4,46,5.409727309727309,61|54|48|72,1.58393|2.415|5.44333|3.01951,True
J1:ALA906|J1:LEU959|J2:LEU855:hydrophobic|J2:TYR931,4,46,5.438502454991816,61|54|48|72,1.59511|2.41987|5.44333|3.04247,True
J1:ALA906:hydrophobic|J1:LEU959|J2:LEU855:hydrophobic|J2:TYR931,4,46,5.438502454991816,61|54|48|72,1.59511|2.41987|5.44333|3.04247,True
J1:ALA906:hydrophobic|J1:LEU1010|J1:LEU959|J2:TYR931,4,45,5.348724804607157,58|48|53|76,1.72118|5.44333|2.42892|2.87776,True
J1:ALA906|J1:LEU1010|J1:LEU959|J2:TYR931,4,45,5.348724804607157,58|48|53|76,1.72118|5.44333|2.42892|2.87776,True
J1:ALA906:hydrophobic|J1:LEU1010:hydrophobic|J1:LEU959|J2:TYR931,4,45,5.348724804607157,58|48|53|76,1.72118|5.44333|2.42892|2.87776,True
J1:ALA906|J1:LEU1010:hydrophobic|J1:LEU959|J2:TYR931,4,45,5.348724804607157,58|48|53|76,1.72118|5.44333|2.42892|2.87776,True
J1:ALA906:hydrophobic|J1:ARG879:hydrogen_bond|J1:LEU959:hydrogen_bond|J1:VAL889:hydrophobic,4,38,6.210463800904977,48|60|43|45,1.74329|3.10866|4.28591|5.65091,True
J1:ALA906|J1:ARG879:hydrogen_bond|J1:LEU959:hydrogen_bond|J1:VAL889:hydrophobic,4,38,6.210463800904977,48|60|43|45,1.74329|3.10866|4.28591|5.65091,True
J1:ALA906:hydrophobic|J1:ARG879:hydrogen_bond|J1:LEU959:hydrogen_bond|J1:VAL889,4,38,6.210463800904977,48|61|43|45,1.73761|3.15312|4.28591|5.65091,True
J1:ALA906|J1:ARG879:hydrogen_bond|J1:LEU959:hydrogen_bond|J1:VAL889,4,38,6.210463800904977,48|61|43|45,1.73761|3.15312|4.28591|5.65091,True
J1:ALA906:hydrophobic|J1:LEU881:hydrophobic|J1:LEU959:hydrogen_bond|J2:ASN859:hydrogen_bond,4,23,5.4969809760132335,28|23|32|78,1.38918|4.69008|2.24373|3.56728,True
J1:ALA906|J1:LEU881:hydrophobic|J1:LEU959:hydrogen_bond|J2:ASN859:hydrogen_bond,4,23,5.4969809760132335,28|23|32|78,1.38918|4.69008|2.24373|3.56728,True
J1:ALA906|J1:ARG879:hydrogen_bond|J1:LEU959|J1:VAL889,4,38,6.165131948343626,48|61|43|45,1.72357|2.9539|4.28591|5.58777,True
J1:ALA906:hydrophobic|J1:ARG879:hydrogen_bond|J1:LEU959|J1:VAL889,4,38,6.165131948343626,48|61|43|45,1.72357|2.9539|4.28591|5.58777,True
J1:ALA906|J1:ARG879:hydrogen_bond|J1:LEU959|J1:VAL889:hydrophobic,4,38,6.165131948343626,48|60|43|45,1.72916|2.91182|4.28591|5.58777,True
J1:ALA906:hydrophobic|J1:ARG879:hydrogen_bond|J1:LEU959|J1:VAL889:hydrophobic,4,38,6.165131948343626,48|60|43|45,1.72916|2.91182|4.28591|5.58777,True
J1:ALA906|J1:LEU959:hydrogen_bond|J2:LEU983:hydrophobic|J2:TYR931,4,38,5.4491811414392055,51|45|48|65,1.65485|2.26805|5.96029|2.77837,True
J1:ALA906:hydrophobic|J1:LEU959:hydrogen_bond|J2:LEU983|J2:TYR931,4,38,5.4491811414392055,51|45|48|65,1.65485|2.26805|5.96029|2.77837,True
J1:ALA906|J1:LEU959:hydrogen_bond|J2:LEU983|J2:TYR931,4,38,5.4491811414392055,51|45|48|65,1.65485|2.26805|5.96029|2.77837,True
J1:ALA906:hydrophobic|J1:LEU959:hydrogen_bond|J2:LEU983:hydrophobic|J2:TYR931,4,38,5.4491811414392055,51|45|48|65,1.65485|2.26805|5.96029|2.77837,True
J1:ALA906:hydrophobic|J1:LEU959|J1:VAL889|J2:TYR931,4,36,5.674959083469721,47|42|48|61,1.61713|2.41222|5.44333|2.9539,True
J1:ALA906:hydrophobic|J1:LEU959|J1:VAL889:hydrophobic|J2:TYR931,4,35,5.556730769230769,46|41|48|60,1.59507|2.36089|5.44333|2.91182,True
J1:ALA906|J1:LEU959|J1:VAL889:hydrophobic|J2:TYR931,4,35,5.556730769230769,46|41|48|60,1.59507|2.36089|5.44333|2.91182,True
J1:ALA906|J1:LEU959|J1:VAL889|J2:TYR931,4,36,5.674959083469721,47|42|48|61,1.61713|2.41222|5.44333|2.9539,True
J1:ALA906:hydrophobic|J1:ARG1007|J1:LEU959:hydrogen_bond|J2:TYR931,4,27,5.264271255060728,35|48|33|54,2.06351|5.96029|2.10773|3.40981,False
J1:ALA906|J1:ARG1007|J1:LEU959:hydrogen_bond|J2:TYR931,4,27,5.264271255060728,35|48|33|54,2.06351|5.96029|2.10773|3.40981,False
J1:ARG1007|J1:ARG879|J2:ARG980:hydrogen_bond|J2:TYR931,4,25,5.145121082621082,33|49|46|39,4.07494|3.64254|2.60826|3.27113,True
J1:ALA906:hydrophobic|J1:LEU959|J2:LEU932|J2:TYR931,4,21,5.427504472271914,28|24|48|28,1.16984|2.86799|5.44333|1.92679,True
J1:ALA906|J1:LEU959|J2:LEU932|J2:TYR931,4,21,5.427504472271914,28|24|48|28,1.16984|2.86799|5.44333|1.92679,True
J1:ALA906|J1:ARG879|J1:LEU881:hydrophobic|J2:TYR931:hydrophobic,4,19,5.865438034188034,37|41|20|52,1.59689|2.50358|6.08957|4.02718,True
J1:ALA906:hydrophobic|J1:ARG879|J1:LEU881:hydrophobic|J2:TYR931:hydrophobic,4,19,5.865438034188034,37|41|20|52,1.59689|2.50358|6.08957|4.02718,True
J1:ALA906:hydrophobic|J1:ARG879|J1:LEU881|J2:TYR931:hydrophobic,4,19,5.865438034188034,37|41|20|52,1.59379|2.41725|6.08957|4.02718,True
J1:ALA906|J1:ARG879|J1:LEU881|J2:TYR931:hydrophobic,4,19,5.865438034188034,37|41|20|52,1.59379|2.41725|6.08957|4.02718,True
J1:ALA906:hydrophobic|J1:LEU959:hydrogen_bond|J2:ASN859:hydrogen_bond|J2:VAL863,4,23,5.32520032051282,27|30|73|23,1.31319|2.09688|3.18775|4.69008,True
J1:ALA906|J1:LEU959:hydrogen_bond|J2:ASN859:hydrogen_bond|J2:VAL863:hydrophobic,4,23,5.32520032051282,27|30|73|23,1.32771|2.09688|3.213|4.69008,True
J1:ALA906|J1:LEU959:hydrogen_bond|J2:ASN859:hydrogen_bond|J2:VAL863,4,23,5.32520032051282,27|30|73|23,1.31319|2.09688|3.18775|4.69008,True
J1:ALA906:hydrophobic|J1:LEU959:hydrogen_bond|J2:ASN859:hydrogen_bond|J2:VAL863:hydrophobic,4,23,5.32520032051282,27|30|73|23,1.32771|2.09688|3.213|4.69008,True
J1:ALA906:hydrophobic|J1:ARG879|J1:VAL889|J2:TYR931,4,25,5.501713632901751,54|42|31|46,2.23511|2.41222|5.30027|4.40706,True
J1:ALA906:hydrophobic|J1:ARG879|J1:VAL889:hydrophobic|J2:TYR931,4,25,5.501713632901751,54|41|31|46,2.24347|2.36089|5.30027|4.40706,True
J1:ALA906|J1:ARG879|J1:VAL889|J2:TYR931,4,25,5.501713632901751,54|42|31|46,2.23511|2.41222|5.30027|4.40706,True
J1:ALA906|J1:ARG879|J1:VAL889:hydrophobic|J2:TYR931,4,25,5.501713632901751,54|41|31|46,2.24347|2.36089|5.30027|4.40706,True
J1:ALA906|J1:LEU959:hydrogen_bond|J2:ASN859:hydrogen_bond|J2:LEU855,4,20,5.051573426573426,25|29|72|23,1.26003|2.02063|3.3202|4.69008,True
J1:ALA906:hydrophobic|J1:LEU959:hydrogen_bond|J2:ASN859:hydrogen_bond|J2:LEU855,4,20,5.051573426573426,25|29|72|23,1.26003|2.02063|3.3202|4.69008,True
J1:ALA906|J1:LEU959:hydrogen_bond|J2:ASN859:hydrogen_bond|J2:LEU855:hydrophobic,4,20,5.051573426573426,25|29|72|23,1.26866|2.03338|3.341|4.69008,True
J1:ALA906:hydrophobic|J1:LEU959:hydrogen_bond|J2:ASN859:hydrogen_bond|J2:LEU855:hydrophobic,4,20,5.051573426573426,25|29|72|23,1.26866|2.03338|3.341|4.69008,True
J1:ALA906:hydrophobic|J1:ARG1007:hydrophobic|J1:LEU959:hydrogen_bond|J1:VAL889,4,30,6.231847591660675,34|61|32|36,2.22269|3.15312|3.24777|5.37026,True
J1:ALA906|J1:ARG1007:hydrophobic|J1:LEU959:hydrogen_bond|J1:VAL889,4,30,6.231847591660675,34|61|32|36,2.22269|3.15312|3.24777|5.37026,True
J1:ALA906:hydrophobic|J1:ARG1007:hydrophobic|J1:LEU959:hydrogen_bond|J1:VAL889:hydrophobic,4,30,6.231847591660675,34|60|32|36,2.22269|3.10866|3.24777|5.37026,True
J1:ALA906|J1:ARG1007:hydrophobic|J1:LEU959:hydrogen_bond|J1:VAL889:hydrophobic,4,30,6.231847591660675,34|60|32|36,2.22269|3.10866|3.24777|5.37026,True
J1:ALA906|J1:ARG879|J1:LEU959:hydrogen_bond|J2:VAL863:hydrophobic,4,42,5.834567307692308,54|73|47|48,1.53682|3.213|4.00255|5.76699,True
J1:ALA906:hydrophobic|J1:ARG879|J1:LEU959:hydrogen_bond|J2:VAL863:hydrophobic,4,42,5.834567307692308,54|73|47|48,1.53682|3.213|4.00255|5.76699,True
J1:ALA906|J1:ARG879:hydrogen_bond|J1:LEU881:hydrophobic|J2:TYR931,4,28,5.229864253393664,63|55|29|50,2.03236|2.57907|5.28345|4.05601,True
J1:ALA906:hydrophobic|J1:ARG879:hydrogen_bond|J1:LEU881|J2:TYR931,4,28,5.229864253393664,63|55|29|50,2.02648|2.51023|5.28345|4.05601,True
J1:ALA906|J1:ARG879:hydrogen_bond|J1:LEU881|J2:TYR931,4,28,5.229864253393664,63|55|29|50,2.02648|2.51023|5.28345|4.05601,True
J1:ALA906:hydrophobic|J1:ARG879:hydrogen_bond|J1:LEU881:hydrophobic|J2:TYR931,4,28,5.229864253393664,63|55|29|50,2.03236|2.57907|5.28345|4.05601,True
J1:ALA906|J1:ARG879|J1:LEU881:hydrophobic|J2:TYR931,4,30,5.2504542701393095,66|55|31|52,1.99589|2.57907|5.30027|4.02718,True
J1:ALA906:hydrophobic|J1:ARG879|J1:LEU881:hydrophobic|J2:TYR931,4,30,5.2504542701393095,66|55|31|52,1.99589|2.57907|5.30027|4.02718,True
J1:ALA906:hydrophobic|J1:ARG879|J1:LEU881|J2:TYR931,4,30,5.2504542701393095,66|55|31|52,1.98777|2.51023|5.30027|4.02718,True
J1:ALA906|J1:ARG879|J1:LEU881|J2:TYR931,4,30,5.2504542701393095,66|55|31|52,1.98777|2.51023|5.30027|4.02718,True
J1:ALA906|J1:ARG879:hydrogen_bond|J1:LEU959:hydrogen_bond|J2:VAL863:hydrophobic,4,40,5.810960281548517,52|73|45|45,1.60528|3.213|4.03311|5.65091,True
J1:ALA906:hydrophobic|J1:ARG879:hydrogen_bond|J1:LEU959:hydrogen_bond|J2:VAL863:hydrophobic,4,40,5.810960281548517,52|73|45|45,1.60528|3.213|4.03311|5.65091,True
J1:ALA906:hydrophobic|J1:ASP1021|J1:LEU959:hydrogen_bond|J2:TYR931,4,21,5.186282051282051,29|48|25|34,1.98945|5.96029|1.94973|2.86256,False
J1:ALA906|J1:ASP1021|J1:LEU959:hydrogen_bond|J2:TYR931,4,21,5.186282051282051,29|48|25|34,1.98945|5.96029|1.94973|2.86256,False
J1:ALA906:hydrophobic|J1:ARG879|J1:LEU1010|J2:TYR931,4,29,5.37150641025641,62|53|31|52,2.26284|2.42892|5.30027|4.31269,True
J1:ALA906|J1:ARG879|J1:LEU1010|J2:TYR931,4,29,5.37150641025641,62|53|31|52,2.26284|2.42892|5.30027|4.31269,True
J1:ALA906:hydrophobic|J1:ARG879|J1:LEU1010:hydrophobic|J2:TYR931,4,29,5.37150641025641,62|53|31|52,2.26284|2.42892|5.30027|4.31269,True
J1:ALA906|J1:ARG879|J1:LEU1010:hydrophobic|J2:TYR931,4,29,5.37150641025641,62|53|31|52,2.26284|2.42892|5.30027|4.31269,True
J1:ALA906|J1:ARG879|J1:LEU959:hydrogen_bond|J2:VAL863,4,42,5.762535612535612,54|73|47|48,1.52704|3.18775|3.97211|5.76699,True
J1:ALA906:hydrophobic|J1:ARG879|J1:LEU959:hydrogen_bond|J2:VAL863,4,42,5.762535612535612,54|73|47|48,1.52704|3.18775|3.97211|5.76699,True
J1:ALA906:hydrophobic|J1:ARG879|J1:LEU959|J2:VAL863:hydrophobic,4,42,5.762535612535612,54|73|47|48,1.51739|2.93411|4.00255|5.70531,True
J1:ALA906|J1:ARG879|J1:LEU959|J2:VAL863:hydrophobic,4,42,5.762535612535612,54|73|47|48,1.51739|2.93411|4.00255|5.70531,True
J1:ALA906|J1:LEU881|J1:LEU959:hydrogen_bond|J2:ASN859:hydrogen_bond,4,23,5.1121923076923075,28|23|32|78,1.33552|4.69008|2.11685|3.45359,True
J1:ALA906:hydrophobic|J1:LEU881:hydrophobic|J1:LEU959|J2:ASN859:hydrogen_bond,4,23,5.1121923076923075,28|23|32|78,1.28852|4.3694|2.24373|3.25272,True
J1:ALA906|J1:LEU881:hydrophobic|J1:LEU959|J2:ASN859:hydrogen_bond,4,23,5.1121923076923075,28|23|32|78,1.28852|4.3694|2.24373|3.25272,True
J1:ALA906:hydrophobic|J1:LEU881|J1:LEU959:hydrogen_bond|J2:ASN859:hydrogen_bond,4,23,5.1121923076923075,28|23|32|78,1.33552|4.69008|2.11685|3.45359,True
J1:ALA906:hydrophobic|J1:ARG879|J1:VAL889|J2:ARG980:hydrogen_bond,4,21,5.491357466063349,38|32|25|46,2.97402|2.03218|4.87433|4.40706,True
J1:ALA906|J1:ARG879|J1:VAL889:hydrophobic|J2:ARG980:hydrogen_bond,4,21,5.491357466063349,38|32|25|46,2.97402|2.03218|4.87433|4.40706,True
J1:ALA906:hydrophobic|J1:ARG879|J1:VAL889:hydrophobic|J2:ARG980:hydrogen_bond,4,21,5.491357466063349,38|32|25|46,2.97402|2.03218|4.87433|4.40706,True
J1:ALA906|J1:ARG879|J1:VAL889|J2:ARG980:hydrogen_bond,4,21,5.491357466063349,38|32|25|46,2.97402|2.03218|4.87433|4.40706,True
J1:ALA906|J1:ARG879|J1:LEU959:hydrogen_bond|J2:ARG980,4,30,6.231847591660675,33|46|33|48,2.1447|4.3694|4.956|5.76699,True
J1:ALA906:hydrophobic|J1:ARG879|J1:LEU959:hydrogen_bond|J2:ARG980,4,30,6.231847591660675,33|46|33|48,2.1447|4.3694|4.956|5.76699,True
J1:ALA906:hydrophobic|J1:LEU959|J2:LEU983|J2:TYR931,4,38,5.0576232151082445,51|45|48|65,1.60109|2.26805|5.44333|2.55256,True
J1:ALA906|J1:LEU959|J2:LEU983|J2:TYR931,4,38,5.0576232151082445,51|45|48|65,1.60109|2.26805|5.44333|2.55256,True
J1:ALA906:hydrophobic|J1:LEU959|J2:LEU983:hydrophobic|J2:TYR931,4,38,5.0576232151082445,51|45|48|65,1.60109|2.26805|5.44333|2.55256,True
J1:ALA906|J1:LEU959|J2:LEU983:hydrophobic|J2:TYR931,4,38,5.0576232151082445,51|45|48|65,1.60109|2.26805|5.44333|2.55256,True
J1:ALA906:hydrophobic|J1:ARG879:hydrogen_bond|J1:LEU959:hydrogen_bond|J2:VAL863,4,40,5.735980148883375,52|73|45|45,1.59421|3.18775|4.00085|5.65091,True
J1:ALA906|J1:ARG879:hydrogen_bond|J1:LEU959:hydrogen_bond|J2:VAL863,4,40,5.735980148883375,52|73|45|45,1.59421|3.18775|4.00085|5.65091,True
J1:ALA906:hydrophobic|J1:ARG879:hydrogen_bond|J1:LEU959|J2:VAL863:hydrophobic,4,40,5.735980148883375,52|73|45|45,1.58546|2.93411|4.03311|5.58777,True
J1:ALA906|J1:ARG879:hydrogen_bond|J1:LEU959|J2:VAL863:hydrophobic,4,40,5.735980148883375,52|73|45|45,1.58546|2.93411|4.03311|5.58777,True
J1:ALA906:hydrophobic|J1:GLU966|J1:LEU959:hydrogen_bond|J2:TYR931,4,18,4.762912087912087,24|48|19|31,1.17499|5.96029|1.78191|2.88299,False
J1:ALA906|J1:GLU966|J1:LEU959:hydrogen_bond|J2:TYR931,4,18,4.762912087912087,24|48|19|31,1.17499|5.96029|1.78191|2.88299,False
J1:ALA906:hydrophobic|J1:LEU959|J2:ASN859:hydrogen_bond|J2:VAL863,4,23,5.011953242835595,27|30|73|23,1.22475|2.09688|2.91304|4.3694,True
J1:ALA906:hydrophobic|J1:LEU881:hydrophobic|J1:LEU959:hydrogen_bond|J2:ASN859,4,23,4.915569526627219,28|23|33|78,1.16546|4.19032|1.97174|3.56728,True
J1:ALA906|J1:LEU881:hydrophobic|J1:LEU959:hydrogen_bond|J2:ASN859,4,23,4.915569526627219,28|23|33|78,1.16546|4.19032|1.97174|3.56728,True
J1:ALA906|J1:LEU959|J2:ASN859:hydrogen_bond|J2:VAL863,4,23,5.011953242835595,27|30|73|23,1.22475|2.09688|2.91304|4.3694,True
J1:ALA906:hydrophobic|J1:LEU959|J2:ASN859:hydrogen_bond|J2:VAL863:hydrophobic,4,23,5.011953242835595,27|30|73|23,1.23738|2.09688|2.93411|4.3694,True
J1:ALA906|J1:LEU959|J2:ASN859:hydrogen_bond|J2:VAL863:hydrophobic,4,23,5.011953242835595,27|30|73|23,1.23738|2.09688|2.93411|4.3694,True
J1:ALA906|J1:ARG1007:hydrophobic|J1:LEU959|J1:VAL889,4,30,6.007276507276507,34|61|32|36,2.14692|2.9539|3.24777|5.12929,True
J1:ALA906:hydrophobic|J1:ARG1007:hydrophobic|J1:LEU959|J1:VAL889:hydrophobic,4,30,6.007276507276507,34|60|32|36,2.14692|2.91182|3.24777|5.12929,True
J1:ALA906|J1:ARG1007:hydrophobic|J1:LEU959|J1:VAL889:hydrophobic,4,30,6.007276507276507,34|60|32|36,2.14692|2.91182|3.24777|5.12929,True
J1:ALA906:hydrophobic|J1:ARG1007:hydrophobic|J1:LEU959|J1:VAL889,4,30,6.007276507276507,34|61|32|36,2.14692|2.9539|3.24777|5.12929,True
J1:ALA906:hydrophobic|J1:ARG879:hydrogen_bond|J1:LEU881:hydrophobic|J1:LEU959:hydrogen_bond,4,44,5.7192082771030135,55|78|45|50,1.58764|3.56728|5.65091|4.05601,True
J1:ALA906:hydrophobic|J1:ARG879|J1:LEU959|J2:VAL863,4,42,5.692260787992495,54|73|47|48,1.50786|2.91304|3.97211|5.70531,True
J1:ALA906|J1:ARG879|J1:LEU959|J2:VAL863,4,42,5.692260787992495,54|73|47|48,1.50786|2.91304|3.97211|5.70531,True
J1:ALA906|J1:ARG879:hydrogen_bond|J1:LEU881:hydrophobic|J1:LEU959:hydrogen_bond,4,44,5.7192082771030135,55|78|45|50,1.58764|3.56728|5.65091|4.05601,True
J1:ALA906|J1:ARG879:hydrogen_bond|J1:LEU881|J1:LEU959:hydrogen_bond,4,44,5.7192082771030135,56|78|45|50,1.61232|3.45359|5.65091|4.05601,True
J1:ALA906:hydrophobic|J1:ARG879:hydrogen_bond|J1:LEU881|J1:LEU959:hydrogen_bond,4,44,5.7192082771030135,56|78|45|50,1.61232|3.45359|5.65091|4.05601,True
J1:ALA906:hydrophobic|J1:ARG879|J1:LEU959|J2:ARG980,4,30,6.174145299145299,33|46|33|48,2.10773|3.97836|4.956|5.70531,True
J1:ALA906|J1:ARG879|J1:LEU959|J2:ARG980,4,30,6.174145299145299,33|46|33|48,2.10773|3.97836|4.956|5.70531,True
J1:ALA906:hydrophobic|J1:ARG879|J1:LEU1010:hydrophobic|J1:LEU959:hydrogen_bond,4,46,5.776488483268143,56|76|48|52,1.74329|3.15747|5.76699|4.31269,True
J1:ALA906:hydrophobic|J1:ARG879|J1:LEU881:hydrophobic|J1:LEU959:hydrogen_bond,4,46,5.744036300777874,57|78|48|52,1.51186|3.56728|5.76699|4.02718,True
J1:ALA906:hydrophobic|J1:ARG879|J1:LEU881|J1:LEU959:hydrogen_bond,4,46,5.744036300777874,58|78|48|52,1.53472|3.45359|5.76699|4.02718,True
J1:ALA906|J1:ARG879|J1:LEU1010:hydrophobic|J1:LEU959:hydrogen_bond,4,46,5.776488483268143,56|76|48|52,1.74329|3.15747|5.76699|4.31269,True
J1:ALA906|J1:ARG879|J1:LEU881|J1:LEU959:hydrogen_bond,4,46,5.744036300777874,58|78|48|52,1.53472|3.45359|5.76699|4.02718,True
J1:ALA906:hydrophobic|J1:ARG879|J1:LEU1010|J1:LEU959:hydrogen_bond,4,46,5.776488483268143,56|76|48|52,1.74329|3.15747|5.76699|4.31269,True
J1:ALA906|J1:ARG879|J1:LEU1010|J1:LEU959:hydrogen_bond,4,46,5.776488483268143,56|76|48|52,1.74329|3.15747|5.76699|4.31269,True
J1:ALA906|J1:ARG879|J1:LEU881:hydrophobic|J1:LEU959:hydrogen_bond,4,46,5.744036300777874,57|78|48|52,1.51186|3.56728|5.76699|4.02718,True
J1:ALA906|J1:LEU959:hydrogen_bond|J2:ARG980:hydrogen_bond|J2:VAL863:hydrophobic,4,35,4.802113010446344,46|45|73|38,1.58764|2.3315|3.213|4.5167,True
J1:ALA906:hydrophobic|J1:ARG879:hydrogen_bond|J1:LEU959|J2:VAL863,4,40,5.662910338069573,52|73|45|45,1.57466|2.91304|4.00085|5.58777,True
J1:ALA906|J1:ARG879:hydrogen_bond|J1:LEU959|J2:VAL863,4,40,5.662910338069573,52|73|45|45,1.57466|2.91304|4.00085|5.58777,True
J1:ALA906:hydrophobic|J1:LEU959:hydrogen_bond|J2:ARG980:hydrogen_bond|J2:VAL863:hydrophobic,4,35,4.802113010446344,46|45|73|38,1.58764|2.3315|3.213|4.5167,True
J1:ALA906:hydrophobic|J1:ARG879:hydrogen_bond|J1:LEU881:hydrophobic|J1:LEU959,4,44,5.653090262338816,55|78|45|50,1.56728|3.25272|5.58777|4.05601,True
J1:ALA906|J1:ARG879:hydrogen_bond|J1:LEU881:hydrophobic|J1:LEU959,4,44,5.653090262338816,55|78|45|50,1.56728|3.25272|5.58777|4.05601,True
J1:ALA906:hydrophobic|J1:ARG879:hydrogen_bond|J1:LEU881|J1:LEU959,4,44,5.653090262338816,56|78|45|50,1.5917|3.14076|5.58777|4.05601,True
J1:ALA906|J1:ARG879:hydrogen_bond|J1:LEU881|J1:LEU959,4,44,5.653090262338816,56|78|45|50,1.5917|3.14076|5.58777|4.05601,True
J1:ALA906:hydrophobic|J1:LEU881:hydrophobic|J1:LEU959:hydrogen_bond|J2:ARG980:hydrogen_bond,4,37,4.924527867342238,50|38|47|78,1.72838|4.5167|2.45227|3.56728,True
J1:ALA906|J1:LEU881:hydrophobic|J1:LEU959:hydrogen_bond|J2:ARG980:hydrogen_bond,4,37,4.924527867342238,50|38|47|78,1.72838|4.5167|2.45227|3.56728,True
J1:ARG879|J1:LEU1010|J1:VAL889|J2:TYR931:hydrogen_bond,4,31,4.993004459308807,42|32|40|77,3.32217|3.55631|3.91664|2.16368,True
J1:ARG879|J1:LEU1010|J1:VAL889:hydrophobic|J2:TYR931:hydrogen_bond,4,31,4.993004459308807,42|32|40|77,3.33404|3.55631|3.91664|2.16917,True
J1:ARG879|J1:LEU1010:hydrophobic|J1:VAL889:hydrophobic|J2:TYR931:hydrogen_bond,4,31,4.993004459308807,42|32|40|77,3.33404|3.55631|3.91664|2.16917,True
J1:ARG879|J1:LEU1010:hydrophobic|J1:VAL889|J2:TYR931:hydrogen_bond,4,31,4.993004459308807,42|32|40|77,3.32217|3.55631|3.91664|2.16368,True
J1:ALA906:hydrophobic|J1:ARG879|J1:LEU959:hydrogen_bond|J2:ASP994,4,21,4.762912087912087,25|37|24|48,1.41034|2.64436|2.99689|5.76699,False
J1:ALA906|J1:ARG879|J1:LEU959:hydrogen_bond|J2:ASP994,4,21,4.762912087912087,25|37|24|48,1.41034|2.64436|2.99689|5.76699,False
J1:ALA906:hydrophobic|J1:LEU959:hydrogen_bond|J2:ARG980:hydrogen_bond|J2:VAL863,4,35,4.772652194431336,46|45|73|38,1.57541|2.32607|3.18775|4.5167,True
J1:ALA906|J1:LEU959:hydrogen_bond|J2:ARG980:hydrogen_bond|J2:VAL863,4,35,4.772652194431336,46|45|73|38,1.57541|2.32607|3.18775|4.5167,True
J1:ALA906|J1:LEU1010:hydrophobic|J1:LEU959:hydrogen_bond|J2:ASN859:hydrogen_bond,4,23,4.822822931785196,28|23|32|76,1.33266|4.69008|2.04385|3.15747,True
J1:ALA906:hydrophobic|J1:LEU1010|J1:LEU959:hydrogen_bond|J2:ASN859:hydrogen_bond,4,23,4.822822931785196,28|23|32|76,1.33266|4.69008|2.04385|3.15747,True
J1:ALA906:hydrophobic|J1:LEU959:hydrogen_bond|J2:ASN859|J2:VAL863:hydrophobic,4,23,4.822822931785196,27|30|73|23,1.11964|1.80218|3.213|4.19032,True
J1:ALA906|J1:LEU959:hydrogen_bond|J2:ASN859|J2:VAL863:hydrophobic,4,23,4.822822931785196,27|30|73|23,1.11964|1.80218|3.213|4.19032,True
J1:ALA906|J1:LEU1010|J1:LEU959:hydrogen_bond|J2:ASN859:hydrogen_bond,4,23,4.822822931785196,28|23|32|76,1.33266|4.69008|2.04385|3.15747,True
J1:ALA906:hydrophobic|J1:LEU959:hydrogen_bond|J2:ASN859|J2:VAL863,4,23,4.822822931785196,27|30|73|23,1.10929|1.80218|3.18775|4.19032,True
J1:ALA906|J1:LEU959:hydrogen_bond|J2:ASN859|J2:VAL863,4,23,4.822822931785196,27|30|73|23,1.10929|1.80218|3.18775|4.19032,True
J1:ALA906:hydrophobic|J1:LEU1010:hydrophobic|J1:LEU959:hydrogen_bond|J2:ASN859:hydrogen_bond,4,23,4.822822931785196,28|23|32|76,1.33266|4.69008|2.04385|3.15747,True
J1:ALA906|J1:ARG879:hydrogen_bond|J1:LEU1010:hydrophobic|J1:LEU959:hydrogen_bond,4,43,5.655370960400546,53|76|45|49,1.77414|3.15747|5.65091|4.28787,True
J1:ALA906:hydrophobic|J1:ARG879:hydrogen_bond|J1:LEU1010:hydrophobic|J1:LEU959:hydrogen_bond,4,43,5.655370960400546,53|76|45|49,1.77414|3.15747|5.65091|4.28787,True
J1:ALA906:hydrophobic|J1:ARG879:hydrogen_bond|J1:LEU1010|J1:LEU959:hydrogen_bond,4,43,5.655370960400546,53|76|45|49,1.77414|3.15747|5.65091|4.28787,True
J1:ALA906|J1:ARG879:hydrogen_bond|J1:LEU1010|J1:LEU959:hydrogen_bond,4,43,5.655370960400546,53|76|45|49,1.77414|3.15747|5.65091|4.28787,True
J1:ALA906:hydrophobic|J1:ARG879|J1:LEU1010:hydrophobic|J1:LEU959,4,46,5.711946712505371,56|76|48|52,1.72397|2.87776|5.70531|4.31269,True
J1:ALA906:hydrophobic|J1:ARG879|J1:LEU881:hydrophobic|J1:LEU959,4,46,5.6802136752136745,57|78|48|52,1.49227|3.25272|5.70531|4.02718,True
J1:ALA906|J1:ARG879|J1:LEU1010:hydrophobic|J1:LEU959,4,46,5.711946712505371,56|76|48|52,1.72397|2.87776|5.70531|4.31269,True
J1:ALA906:hydrophobic|J1:ARG879|J1:LEU881|J1:LEU959,4,46,5.6802136752136745,58|78|48|52,1.51488|3.14076|5.70531|4.02718,True
J1:ALA906|J1:ARG879|J1:LEU881|J1:LEU959,4,46,5.6802136752136745,58|78|48|52,1.51488|3.14076|5.70531|4.02718,True
J1:ALA906:hydrophobic|J1:ARG879|J1:LEU1010|J1:LEU959,4,46,5.711946712505371,56|76|48|52,1.72397|2.87776|5.70531|4.31269,True
J1:ALA906|J1:ARG879|J1:LEU1010|J1:LEU959,4,46,5.711946712505371,56|76|48|52,1.72397|2.87776|5.70531|4.31269,True
J1:ALA906|J1:ARG879|J1:LEU881:hydrophobic|J1:LEU959,4,46,5.6802136752136745,57|78|48|52,1.49227|3.25272|5.70531|4.02718,True
J1:ALA906:hydrophobic|J1:LEU959:hydrogen_bond|J1:VAL889:hydrophobic|J2:ARG980:hydrogen_bond,4,30,4.902997737556561,36|32|38|60,1.42379|2.03218|4.5167|3.10866,True
J1:ALA906|J1:LEU959:hydrogen_bond|J1:VAL889|J2:ARG980:hydrogen_bond,4,30,4.902997737556561,36|32|38|61,1.42379|2.03218|4.5167|3.15312,True
J1:ALA906:hydrophobic|J1:LEU959:hydrogen_bond|J1:VAL889|J2:ARG980:hydrogen_bond,4,30,4.902997737556561,36|32|38|61,1.42379|2.03218|4.5167|3.15312,True
J1:ALA906|J1:LEU959:hydrogen_bond|J1:VAL889:hydrophobic|J2:ARG980:hydrogen_bond,4,30,4.902997737556561,36|32|38|60,1.42379|2.03218|4.5167|3.10866,True
J1:ALA906:hydrophobic|J1:ARG879|J1:LEU959|J2:ASP994,4,21,4.714801864801864,25|37|24|48,1.40677|2.39766|2.99689|5.70531,False
J1:ALA906|J1:ARG879|J1:LEU959|J2:ASP994,4,21,4.714801864801864,25|37|24|48,1.40677|2.39766|2.99689|5.70531,False
J1:ALA906:hydrophobic|J1:ARG1007|J1:LEU959|J2:TYR931,4,27,4.762912087912087,35|48|33|54,1.94973|5.44333|2.10773|3.04633,False
J1:ALA906|J1:ARG1007|J1:LEU959|J2:TYR931,4,27,4.762912087912087,35|48|33|54,1.94973|5.44333|2.10773|3.04633,False
J1:ALA906:hydrophobic|J1:ARG879|J1:VAL889|J2:ARG980,4,28,5.459244264507422,47|40|33|46,2.37965|1.6224|4.956|4.40706,True
J1:ALA906:hydrophobic|J1:ARG879|J1:VAL889:hydrophobic|J2:ARG980,4,28,5.459244264507422,47|40|33|46,2.37965|1.6224|4.956|4.40706,True
J1:ALA906|J1:ARG879|J1:VAL889|J2:ARG980,4,28,5.459244264507422,47|40|33|46,2.37965|1.6224|4.956|4.40706,True
J1:ALA906|J1:ARG879|J1:VAL889:hydrophobic|J2:ARG980,4,28,5.459244264507422,47|40|33|46,2.37965|1.6224|4.956|4.40706,True
J1:ALA906|J1:ARG1007:hydrophobic|J1:LEU881|J1:LEU959:hydrogen_bond,4,35,5.440155997848305,40|78|36|38,2.15795|3.45359|5.37026|3.09386,True
J1:ALA906:hydrophobic|J1:ARG1007:hydrophobic|J1:LEU881:hydrophobic|J1:LEU959:hydrogen_bond,4,35,5.4784669555796315,40|78|36|38,2.20069|3.56728|5.37026|3.17527,True
J1:ALA906:hydrophobic|J1:ARG1007:hydrophobic|J1:LEU881|J1:LEU959:hydrogen_bond,4,35,5.440155997848305,40|78|36|38,2.15795|3.45359|5.37026|3.09386,True
J1:ALA906|J1:ARG1007:hydrophobic|J1:LEU881:hydrophobic|J1:LEU959:hydrogen_bond,4,35,5.4784669555796315,40|78|36|38,2.20069|3.56728|5.37026|3.17527,True
J1:ALA906|J1:LEU959:hydrogen_bond|J2:ASN859|J2:LEU855,4,20,4.49028749028749,25|29|72|23,1.06655|1.70976|3.3202|4.19032,True
J1:ALA906:hydrophobic|J1:LEU959:hydrogen_bond|J2:ASN859|J2:LEU855:hydrophobic,4,20,4.49028749028749,25|29|72|23,1.07273|1.72348|3.341|4.19032,True
J1:ALA906:hydrophobic|J1:ARG879|J1:LEU959|J2:ARG980:hydrogen_bond,4,23,5.80930944055944,24|38|25|48,2.48114|4.1607|4.87433|5.70531,True
J1:ALA906|J1:ARG879|J1:LEU959|J2:ARG980:hydrogen_bond,4,23,5.80930944055944,24|38|25|48,2.48114|4.1607|4.87433|5.70531,True
J1:ALA906|J1:LEU959:hydrogen_bond|J2:ASN859|J2:LEU855:hydrophobic,4,20,4.49028749028749,25|29|72|23,1.07273|1.72348|3.341|4.19032,True
J1:ALA906:hydrophobic|J1:ARG879|J1:LEU959:hydrogen_bond|J2:ARG980:hydrogen_bond,4,23,5.80930944055944,24|38|25|48,2.52818|4.5167|4.87433|5.76699,True
J1:ALA906|J1:ARG879|J1:LEU959:hydrogen_bond|J2:ARG980:hydrogen_bond,4,23,5.80930944055944,24|38|25|48,2.52818|4.5167|4.87433|5.76699,True
J1:ALA906:hydrophobic|J1:LEU959:hydrogen_bond|J2:ASN859|J2:LEU855,4,20,4.49028749028749,25|29|72|23,1.06655|1.70976|3.3202|4.19032,True
J1:ALA906:hydrophobic|J1:ARG879:hydrogen_bond|J1:LEU1010:hydrophobic|J1:LEU959,4,43,5.589226270805217,53|76|45|49,1.75563|2.87776|5.58777|4.28787,True
J1:ALA906|J1:ARG879:hydrogen_bond|J1:LEU1010:hydrophobic|J1:LEU959,4,43,5.589226270805217,53|76|45|49,1.75563|2.87776|5.58777|4.28787,True
J1:ALA906:hydrophobic|J1:ARG879:hydrogen_bond|J1:LEU1010|J1:LEU959,4,43,5.589226270805217,53|76|45|49,1.75563|2.87776|5.58777|4.28787,True
J1:ALA906|J1:ARG879:hydrogen_bond|J1:LEU1010|J1:LEU959,4,43,5.589226270805217,53|76|45|49,1.75563|2.87776|5.58777|4.28787,True
J1:ALA906:hydrophobic|J1:LEU959:hydrogen_bond|J2:ARG980:hydrogen_bond|J2:LEU855:hydrophobic,4,35,4.831939799331103,47|45|72|38,1.70976|2.3315|3.341|4.5167,True
J1:ALA906|J1:LEU959:hydrogen_bond|J2:ARG980:hydrogen_bond|J2:LEU855:hydrophobic,4,35,4.831939799331103,47|45|72|38,1.70976|2.3315|3.341|4.5167,True
J1:ALA906:hydrophobic|J1:LEU959:hydrogen_bond|J2:ARG980:hydrogen_bond|J2:LEU855,4,35,4.802113010446344,47|45|72|38,1.69589|2.30996|3.3202|4.5167,True
J1:ALA906|J1:LEU959:hydrogen_bond|J2:ARG980:hydrogen_bond|J2:LEU855,4,35,4.802113010446344,47|45|72|38,1.69589|2.30996|3.3202|4.5167,True
J1:ALA906:hydrophobic|J1:LEU881|J1:LEU959|J2:ASN859:hydrogen_bond,4,23,4.7777498202731845,28|23|32|78,1.23238|4.3694|2.11685|3.14076,True
J1:ALA906|J1:LEU881|J1:LEU959|J2:ASN859:hydrogen_bond,4,23,4.7777498202731845,28|23|32|78,1.23238|4.3694|2.11685|3.14076,True
J1:ALA906|J1:ARG879|J1:LEU1010:hydrophobic|J2:ARG980,4,32,5.556730769230769,58|55|33|52,2.62025|1.81377|4.956|4.31269,True
J1:ALA906:hydrophobic|J1:ARG879|J1:LEU1010|J2:ARG980,4,32,5.556730769230769,58|55|33|52,2.62025|1.81377|4.956|4.31269,True
J1:ALA906|J1:ARG879|J1:LEU1010|J2:ARG980,4,32,5.556730769230769,58|55|33|52,2.62025|1.81377|4.956|4.31269,True
J1:ALA906:hydrophobic|J1:ARG879|J1:LEU1010:hydrophobic|J2:ARG980,4,32,5.556730769230769,58|55|33|52,2.62025|1.81377|4.956|4.31269,True
J1:ALA906:hydrophobic|J1:LEU959|J2:ASN859:hydrogen_bond|J2:LEU855,4,20,4.679352226720647,25|29|72|23,1.17478|2.02063|3.01951|4.3694,True
J1:ALA906|J1:LEU959|J2:ASN859:hydrogen_bond|J2:LEU855,4,20,4.679352226720647,25|29|72|23,1.17478|2.02063|3.01951|4.3694,True
J1:ALA906:hydrophobic|J1:LEU959|J2:ASN859:hydrogen_bond|J2:LEU855:hydrophobic,4,20,4.679352226720647,25|29|72|23,1.1848|2.03338|3.04247|4.3694,True
J1:ALA906|J1:LEU959|J2:ASN859:hydrogen_bond|J2:LEU855:hydrophobic,4,20,4.679352226720647,25|29|72|23,1.1848|2.03338|3.04247|4.3694,True
J1:ALA906:hydrophobic|J1:ARG879:hydrogen_bond|J1:LEU959:hydrogen_bond|J2:LEU855:hydrophobic,4,40,5.48812915479582,51|72|46|45,1.5486|3.341|3.97836|5.65091,True
J1:ALA906|J1:ARG879:hydrogen_bond|J1:LEU959:hydrogen_bond|J2:LEU855:hydrophobic,4,40,5.48812915479582,51|72|46|45,1.5486|3.341|3.97836|5.65091,True
J1:ALA906:hydrophobic|J1:ARG879:hydrogen_bond|J1:LEU959:hydrogen_bond|J2:LEU855,4,40,5.48812915479582,51|72|46|45,1.5175|3.3202|3.96294|5.65091,True
J1:ALA906|J1:ARG879:hydrogen_bond|J1:LEU959:hydrogen_bond|J2:LEU855,4,40,5.48812915479582,51|72|46|45,1.5175|3.3202|3.96294|5.65091,True
J1:ALA906:hydrophobic|J1:LEU881|J1:LEU959:hydrogen_bond|J2:ASN859,4,23,4.605578655578655,28|23|33|78,1.12745|4.19032|1.85693|3.45359,True
J1:ALA906|J1:LEU881|J1:LEU959:hydrogen_bond|J2:ASN859,4,23,4.605578655578655,28|23|33|78,1.12745|4.19032|1.85693|3.45359,True
J1:ALA906:hydrophobic|J1:ARG1007|J1:ARG879|J1:LEU959:hydrogen_bond,4,36,5.595589026358257,38|48|54|40,2.27661|5.76699|3.40981|4.70411,True
J1:ALA906|J1:ARG1007|J1:ARG879|J1:LEU959:hydrogen_bond,4,36,5.595589026358257,38|48|54|40,2.27661|5.76699|3.40981|4.70411,True
J1:ALA906:hydrophobic|J1:ARG1007:hydrophobic|J1:LEU959:hydrogen_bond|J2:LEU855:hydrophobic,4,32,5.471242603550296,36|72|35|36,2.05699|3.341|2.98062|5.37026,True
J1:ALA906|J1:ARG1007:hydrophobic|J1:LEU959:hydrogen_bond|J2:LEU855:hydrophobic,4,32,5.471242603550296,36|72|35|36,2.05699|3.341|2.98062|5.37026,True
J1:ALA906:hydrophobic|J1:ARG879|J1:LEU959:hydrogen_bond|J2:LEU855,4,42,5.52385070550751,53|72|48|48,1.45077|3.3202|3.93687|5.76699,True
J1:ALA906|J1:ARG879|J1:LEU959:hydrogen_bond|J2:LEU855,4,42,5.52385070550751,53|72|48|48,1.45077|3.3202|3.93687|5.76699,True
J1:ALA906:hydrophobic|J1:ARG879|J1:LEU959:hydrogen_bond|J2:LEU855:hydrophobic,4,42,5.52385070550751,53|72|48|48,1.47808|3.341|3.95145|5.76699,True
J1:ALA906|J1:ARG879|J1:LEU959:hydrogen_bond|J2:LEU855:hydrophobic,4,42,5.52385070550751,53|72|48|48,1.47808|3.341|3.95145|5.76699,True
J1:ALA906:hydrophobic|J1:LEU881|J1:LEU959:hydrogen_bond|J2:ARG980:hydrogen_bond,4,37,4.646305953933072,50|38|47|78,1.66869|4.5167|2.3061|3.45359,True
J1:ALA906|J1:LEU881|J1:LEU959:hydrogen_bond|J2:ARG980:hydrogen_bond,4,37,4.646305953933072,50|38|47|78,1.66869|4.5167|2.3061|3.45359,True
J1:ALA906|J1:ARG879:hydrogen_bond|J1:LEU959|J2:LEU855,4,40,5.421200750469043,51|72|46|45,1.49944|3.01951|3.96294|5.58777,True
J1:ALA906:hydrophobic|J1:ARG879:hydrogen_bond|J1:LEU959|J2:LEU855,4,40,5.421200750469043,51|72|46|45,1.49944|3.01951|3.96294|5.58777,True
J1:ALA906:hydrophobic|J1:ARG879:hydrogen_bond|J1:LEU959|J2:LEU855:hydrophobic,4,40,5.421200750469043,51|72|46|45,1.52979|3.04247|3.97836|5.58777,True
J1:ALA906|J1:ARG879:hydrogen_bond|J1:LEU959|J2:LEU855:hydrophobic,4,40,5.421200750469043,51|72|46|45,1.52979|3.04247|3.97836|5.58777,True
J1:ALA906|J1:LEU959|J1:VAL889|J2:ARG980:hydrogen_bond,4,30,4.6958288190682556,36|32|38|61,1.34032|2.03218|4.1607|2.9539,True
J1:ALA906:hydrophobic|J1:LEU959|J1:VAL889:hydrophobic|J2:ARG980:hydrogen_bond,4,30,4.6958288190682556,36|32|38|60,1.34032|2.03218|4.1607|2.91182,True
J1:ALA906|J1:LEU959|J1:VAL889:hydrophobic|J2:ARG980:hydrogen_bond,4,30,4.6958288190682556,36|32|38|60,1.34032|2.03218|4.1607|2.91182,True
J1:ALA906:hydrophobic|J1:ARG1007|J1:ARG879|J1:LEU959,4,36,5.556730769230769,38|48|54|40,2.23445|5.70531|3.04633|4.70411,True
J1:ALA906|J1:ARG1007|J1:ARG879|J1:LEU959,4,36,5.556730769230769,38|48|54|40,2.23445|5.70531|3.04633|4.70411,True
J1:ALA906:hydrophobic|J1:LEU959|J1:VAL889|J2:ARG980:hydrogen_bond,4,30,4.6958288190682556,36|32|38|61,1.34032|2.03218|4.1607|2.9539,True
J1:ALA906:hydrophobic|J1:ASP1021|J1:LEU959|J2:TYR931,4,21,4.714801864801864,29|48|25|34,1.9127|5.44333|1.94973|2.57923,False
J1:ALA906|J1:ASP1021|J1:LEU959|J2:TYR931,4,21,4.714801864801864,29|48|25|34,1.9127|5.44333|1.94973|2.57923,False
J1:ALA906:hydrophobic|J1:ARG1007:hydrophobic|J1:LEU881:hydrophobic|J1:LEU959,4,35,5.256366943866944,40|78|36|38,2.11182|3.25272|5.12929|3.17527,True
J1:ALA906:hydrophobic|J1:ARG1007:hydrophobic|J1:LEU881|J1:LEU959,4,35,5.221089313371192,40|78|36|38,2.06762|3.14076|5.12929|3.09386,True
J1:ALA906|J1:ARG1007:hydrophobic|J1:LEU881:hydrophobic|J1:LEU959,4,35,5.256366943866944,40|78|36|38,2.11182|3.25272|5.12929|3.17527,True
J1:ALA906|J1:ARG1007:hydrophobic|J1:LEU881|J1:LEU959,4,35,5.221089313371192,40|78|36|38,2.06762|3.14076|5.12929|3.09386,True
J1:ALA906|J1:ARG1007:hydrophobic|J1:LEU959:hydrogen_bond|J2:LEU855,4,32,5.429477392836171,36|72|35|36,2.01554|3.3202|2.94675|5.37026,True
J1:ALA906:hydrophobic|J1:ARG1007:hydrophobic|J1:LEU959:hydrogen_bond|J2:LEU855,4,32,5.429477392836171,36|72|35|36,2.01554|3.3202|2.94675|5.37026,True
J1:ALA906:hydrophobic|J1:ARG879|J1:LEU959|J2:LEU855,4,42,5.459244264507422,53|72|48|48,1.43312|3.01951|3.93687|5.70531,True
J1:ALA906|J1:ARG879|J1:LEU959|J2:LEU855,4,42,5.459244264507422,53|72|48|48,1.43312|3.01951|3.93687|5.70531,True
J1:ALA906:hydrophobic|J1:ARG879|J1:LEU959|J2:LEU855:hydrophobic,4,42,5.459244264507422,53|72|48|48,1.45976|3.04247|3.95145|5.70531,True
J1:ALA906|J1:ARG879|J1:LEU959|J2:LEU855:hydrophobic,4,42,5.459244264507422,53|72|48|48,1.45976|3.04247|3.95145|5.70531,True
J1:ALA906:hydrophobic|J1:LEU959|J2:ARG980:hydrogen_bond|J2:VAL863:hydrophobic,4,35,4.3951542807475015,46|45|73|38,1.49261|2.3315|2.93411|4.1607,True
J1:ALA906|J1:LEU959|J2:ARG980:hydrogen_bond|J2:VAL863:hydrophobic,4,35,4.3951542807475015,46|45|73|38,1.49261|2.3315|2.93411|4.1607,True
J1:ALA906|J1:LEU881:hydrophobic|J1:LEU959|J2:ARG980:hydrogen_bond,4,37,4.518660185967878,50|38|47|78,1.61298|4.1607|2.45227|3.25272,True
J1:ALA906:hydrophobic|J1:LEU881:hydrophobic|J1:LEU959|J2:ARG980:hydrogen_bond,4,37,4.518660185967878,50|38|47|78,1.61298|4.1607|2.45227|3.25272,True
J1:ARG1007|J1:ARG879:hydrogen_bond|J1:LEU1010|J2:ARG980:hydrogen_bond,4,37,4.753734993330369,46|78|39|68,3.46589|1.90726|3.80197|2.90102,True
J1:ARG1007|J1:ARG879:hydrogen_bond|J1:LEU1010:hydrophobic|J2:ARG980:hydrogen_bond,4,37,4.753734993330369,46|78|39|68,3.46589|1.90726|3.80197|2.90102,True
J1:ALA906:hydrophobic|J1:LEU881:hydrophobic|J1:LEU959:hydrogen_bond|J2:ARG980,4,45,4.855395817774458,60|46|58|78,1.42785|4.3694|2.03018|3.56728,True
J1:ALA906|J1:LEU881:hydrophobic|J1:LEU959:hydrogen_bond|J2:ARG980,4,45,4.855395817774458,60|46|58|78,1.42785|4.3694|2.03018|3.56728,True
J1:ALA906|J1:LEU959|J2:ARG980:hydrogen_bond|J2:VAL863,4,35,4.3704624027657735,46|45|73|38,1.48179|2.32607|2.91304|4.1607,True
J1:ALA906:hydrophobic|J1:LEU959|J2:ARG980:hydrogen_bond|J2:VAL863,4,35,4.3704624027657735,46|45|73|38,1.48179|2.32607|2.91304|4.1607,True
J1:ALA906:hydrophobic|J1:ARG1007:hydrophobic|J1:LEU1010:hydrophobic|J1:LEU959:hydrogen_bond,4,33,5.129289940828403,38|76|36|36,2.11156|3.15747|5.37026|2.8887,True
J1:ALA906:hydrophobic|J1:ARG1007:hydrophobic|J1:LEU1010|J1:LEU959:hydrogen_bond,4,33,5.129289940828403,38|76|36|36,2.11156|3.15747|5.37026|2.8887,True
J1:ALA906|J1:ARG1007:hydrophobic|J1:LEU1010|J1:LEU959:hydrogen_bond,4,33,5.129289940828403,38|76|36|36,2.11156|3.15747|5.37026|2.8887,True
J1:ALA906|J1:ARG1007:hydrophobic|J1:LEU1010:hydrophobic|J1:LEU959:hydrogen_bond,4,33,5.129289940828403,38|76|36|36,2.11156|3.15747|5.37026|2.8887,True
J1:ALA906:hydrophobic|J1:LEU1010|J1:LEU959|J2:ASN859:hydrogen_bond,4,23,4.484379217273953,28|23|32|76,1.25728|4.3694|2.04385|2.87776,True
J1:ALA906|J1:LEU1010|J1:LEU959|J2:ASN859:hydrogen_bond,4,23,4.484379217273953,28|23|32|76,1.25728|4.3694|2.04385|2.87776,True
J1:ALA906:hydrophobic|J1:ARG879|J1:LEU1010:hydrophobic|J2:ARG980:hydrogen_bond,4,24,5.1790888722927555,46|45|25|52,3.08894|2.23262|4.87433|4.31269,True
J1:ALA906|J1:ARG879|J1:LEU1010:hydrophobic|J2:ARG980:hydrogen_bond,4,24,5.1790888722927555,46|45|25|52,3.08894|2.23262|4.87433|4.31269,True
J1:ALA906:hydrophobic|J1:LEU1010:hydrophobic|J1:LEU959|J2:ASN859:hydrogen_bond,4,23,4.484379217273953,28|23|32|76,1.25728|4.3694|2.04385|2.87776,True
J1:ALA906|J1:LEU1010:hydrophobic|J1:LEU959|J2:ASN859:hydrogen_bond,4,23,4.484379217273953,28|23|32|76,1.25728|4.3694|2.04385|2.87776,True
J1:ALA906:hydrophobic|J1:ARG879|J1:LEU1010|J2:ARG980:hydrogen_bond,4,24,5.1790888722927555,46|45|25|52,3.08894|2.23262|4.87433|4.31269,True
J1:ALA906|J1:ARG879|J1:LEU1010|J2:ARG980:hydrogen_bond,4,24,5.1790888722927555,46|45|25|52,3.08894|2.23262|4.87433|4.31269,True
J1:ALA906:hydrophobic|J1:ARG1007:hydrophobic|J1:LEU959|J2:LEU855:hydrophobic,4,32,5.268603988603989,36|72|35|36,1.98553|3.04247|2.98062|5.12929,True
J1:ALA906|J1:ARG1007:hydrophobic|J1:LEU959|J2:LEU855:hydrophobic,4,32,5.268603988603989,36|72|35|36,1.98553|3.04247|2.98062|5.12929,True
J1:ALA906:hydrophobic|J1:LEU1010|J1:LEU959:hydrogen_bond|J2:ASN859,4,23,4.332366362451108,28|23|32|76,1.12338|4.19032|1.76055|3.15747,True
J1:ALA906|J1:LEU1010|J1:LEU959:hydrogen_bond|J2:ASN859,4,23,4.332366362451108,28|23|32|76,1.12338|4.19032|1.76055|3.15747,True
J1:ALA906:hydrophobic|J1:LEU1010:hydrophobic|J1:LEU959:hydrogen_bond|J2:ASN859,4,23,4.332366362451108,28|23|32|76,1.12338|4.19032|1.76055|3.15747,True
J1:ALA906|J1:LEU1010:hydrophobic|J1:LEU959:hydrogen_bond|J2:ASN859,4,23,4.332366362451108,28|23|32|76,1.12338|4.19032|1.76055|3.15747,True
J1:ALA906:hydrophobic|J1:LEU1010|J1:LEU959:hydrogen_bond|J2:ARG980:hydrogen_bond,4,35,4.4201267482517475,44|38|45|76,1.51391|4.5167|2.23262|3.15747,True
J1:ALA906|J1:LEU1010|J1:LEU959:hydrogen_bond|J2:ARG980:hydrogen_bond,4,35,4.4201267482517475,44|38|45|76,1.51391|4.5167|2.23262|3.15747,True
J1:ALA906:hydrophobic|J1:LEU1010:hydrophobic|J1:LEU959:hydrogen_bond|J2:ARG980:hydrogen_bond,4,35,4.4201267482517475,44|38|45|76,1.51391|4.5167|2.23262|3.15747,True
J1:ALA906|J1:LEU1010:hydrophobic|J1:LEU959:hydrogen_bond|J2:ARG980:hydrogen_bond,4,35,4.4201267482517475,44|38|45|76,1.51391|4.5167|2.23262|3.15747,True
J1:ALA906:hydrophobic|J1:ARG1007:hydrophobic|J1:LEU959|J2:LEU855,4,32,5.229864253393664,36|72|35|36,1.94216|3.01951|2.94675|5.12929,True
J1:ALA906|J1:ARG1007:hydrophobic|J1:LEU959|J2:LEU855,4,32,5.229864253393664,36|72|35|36,1.94216|3.01951|2.94675|5.12929,True
J1:ALA906|J1:ARG879|J1:LEU881|J2:ARG980,4,32,5.0444080741953075,59|58|33|52,2.13581|1.90987|4.956|4.02718,True
J1:ALA906|J1:ARG879|J1:LEU881:hydrophobic|J2:ARG980,4,32,5.0444080741953075,59|58|33|52,2.14279|2.03018|4.956|4.02718,True
J1:ALA906:hydrophobic|J1:ARG879|J1:LEU881:hydrophobic|J2:ARG980,4,32,5.0444080741953075,59|58|33|52,2.14279|2.03018|4.956|4.02718,True
J1:ALA906:hydrophobic|J1:ARG879|J1:LEU881|J2:ARG980,4,32,5.0444080741953075,59|58|33|52,2.13581|1.90987|4.956|4.02718,True
J1:ALA906:hydrophobic|J1:ARG1007|J1:ARG879:hydrogen_bond|J1:LEU1010,4,37,4.984219114219114,68|49|75|38,2.90102|4.28787|1.75476|4.69235,True
J1:ALA906|J1:ARG1007|J1:ARG879:hydrogen_bond|J1:LEU1010,4,37,4.984219114219114,68|49|75|38,2.90102|4.28787|1.75476|4.69235,True
J1:ALA906|J1:ARG1007|J1:ARG879:hydrogen_bond|J1:LEU1010:hydrophobic,4,37,4.984219114219114,68|49|75|38,2.90102|4.28787|1.75476|4.69235,True
J1:ALA906:hydrophobic|J1:ARG1007|J1:ARG879:hydrogen_bond|J1:LEU1010:hydrophobic,4,37,4.984219114219114,68|49|75|38,2.90102|4.28787|1.75476|4.69235,True
J1:ARG879|J1:LEU1010|J1:VAL889|J2:GLY935:hydrogen_bond,4,17,4.664909781576448,21|18|24|77,2.45666|3.81033|4.01087|2.16368,True
J1:ARG879|J1:LEU1010|J1:VAL889:hydrophobic|J2:GLY935:hydrogen_bond,4,17,4.664909781576448,21|18|24|77,2.46966|3.81033|4.01087|2.16917,True
J1:ARG879|J1:LEU1010|J1:VAL889|J2:GLY935,4,17,4.664909781576448,21|18|24|77,2.45666|3.81033|4.01087|2.16368,True
J1:ARG879|J1:LEU1010|J1:VAL889:hydrophobic|J2:GLY935,4,17,4.664909781576448,21|18|24|77,2.46966|3.81033|4.01087|2.16917,True
J1:ARG879|J1:LEU1010:hydrophobic|J1:VAL889|J2:GLY935:hydrogen_bond,4,17,4.664909781576448,21|18|24|77,2.45666|3.81033|4.01087|2.16368,True
J1:ARG879|J1:LEU1010:hydrophobic|J1:VAL889:hydrophobic|J2:GLY935:hydrogen_bond,4,17,4.664909781576448,21|18|24|77,2.46966|3.81033|4.01087|2.16917,True
J1:ARG879|J1:LEU1010:hydrophobic|J1:VAL889|J2:GLY935,4,17,4.664909781576448,21|18|24|77,2.45666|3.81033|4.01087|2.16368,True
J1:ARG879|J1:LEU1010:hydrophobic|J1:VAL889:hydrophobic|J2:GLY935,4,17,4.664909781576448,21|18|24|77,2.46966|3.81033|4.01087|2.16917,True
J1:ALA906:hydrophobic|J1:LEU959|J2:ARG980:hydrogen_bond|J2:LEU855:hydrophobic,4,35,4.445384615384615,47|45|72|38,1.59248|2.3315|3.04247|4.1607,True
J1:ALA906|J1:LEU959|J2:ARG980:hydrogen_bond|J2:LEU855:hydrophobic,4,35,4.445384615384615,47|45|72|38,1.59248|2.3315|3.04247|4.1607,True
J1:ALA906:hydrophobic|J1:GLU966|J1:LEU959|J2:TYR931,4,18,4.167548076923077,24|48|19|31,1.13984|5.44333|1.78191|2.6299,False
J1:ALA906|J1:GLU966|J1:LEU959|J2:TYR931,4,18,4.167548076923077,24|48|19|31,1.13984|5.44333|1.78191|2.6299,False
J1:ALA906|J1:ARG879|J1:GLU966|J1:LEU959:hydrogen_bond,4,22,5.041157811260904,25|31|48|24,0.988742|2.88299|5.76699|3.25272,False
J1:ALA906:hydrophobic|J1:ARG879|J1:GLU966|J1:LEU959:hydrogen_bond,4,22,5.041157811260904,25|31|48|24,0.988742|2.88299|5.76699|3.25272,False
J1:ARG1007|J1:ARG879:hydrogen_bond|J2:ARG980|J2:TYR931,4,29,4.185589410589411,39|59|43|45,3.55266|2.95358|2.62571|3.04016,True
J1:ALA906:hydrophobic|J1:LEU959|J2:ARG980:hydrogen_bond|J2:LEU855,4,35,4.4201267482517475,47|45|72|38,1.58043|2.30996|3.01951|4.1607,True
J1:ALA906|J1:LEU959|J2:ARG980:hydrogen_bond|J2:LEU855,4,35,4.4201267482517475,47|45|72|38,1.58043|2.30996|3.01951|4.1607,True
J1:ALA906:hydrophobic|J1:LEU959:hydrogen_bond|J1:VAL889|J2:ARG980,4,36,4.652146690518784,43|40|46|61,1.16698|1.6224|4.3694|3.15312,True
J1:ALA906:hydrophobic|J1:LEU959:hydrogen_bond|J1:VAL889:hydrophobic|J2:ARG980,4,36,4.652146690518784,43|40|46|60,1.16698|1.6224|4.3694|3.10866,True
J1:ALA906|J1:LEU959:hydrogen_bond|J1:VAL889|J2:ARG980,4,36,4.652146690518784,43|40|46|61,1.16698|1.6224|4.3694|3.15312,True
J1:ALA906|J1:LEU959:hydrogen_bond|J1:VAL889:hydrophobic|J2:ARG980,4,36,4.652146690518784,43|40|46|60,1.16698|1.6224|4.3694|3.10866,True
J1:ALA906:hydrophobic|J1:LEU959:hydrogen_bond|J2:ARG980|J2:VAL863:hydrophobic,4,41,4.489181508147025,54|52|73|46,1.30038|1.80031|3.213|4.3694,True
J1:ALA906|J1:LEU959:hydrogen_bond|J2:ARG980|J2:VAL863:hydrophobic,4,41,4.489181508147025,54|52|73|46,1.30038|1.80031|3.213|4.3694,True
J1:ALA906:hydrophobic|J1:ARG1007|J1:ARG879|J1:LEU1010,4,39,4.981896551724137,71|52|75|40,2.7303|4.31269|1.75476|4.70411,True
J1:ALA906|J1:ARG1007|J1:ARG879|J1:LEU1010,4,39,4.981896551724137,71|52|75|40,2.7303|4.31269|1.75476|4.70411,True
J1:ALA906:hydrophobic|J1:ARG1007|J1:ARG879|J1:LEU1010:hydrophobic,4,39,4.981896551724137,71|52|75|40,2.7303|4.31269|1.75476|4.70411,True
J1:ALA906|J1:ARG1007|J1:ARG879|J1:LEU1010:hydrophobic,4,39,4.981896551724137,71|52|75|40,2.7303|4.31269|1.75476|4.70411,True
J1:ALA906:hydrophobic|J1:LEU959:hydrogen_bond|J2:ARG980:hydrogen_bond|J2:LEU983,4,33,4.28940620782726,44|43|65|38,1.48179|2.1821|2.77837|4.5167,True
J1:ALA906:hydrophobic|J1:LEU959:hydrogen_bond|J2:ARG980:hydrogen_bond|J2:LEU983:hydrophobic,4,33,4.28940620782726,44|43|65|38,1.48179|2.1821|2.77837|4.5167,True
J1:ALA906|J1:LEU959:hydrogen_bond|J2:ARG980:hydrogen_bond|J2:LEU983,4,33,4.28940620782726,44|43|65|38,1.48179|2.1821|2.77837|4.5167,True
J1:ALA906|J1:LEU959:hydrogen_bond|J2:ARG980:hydrogen_bond|J2:LEU983:hydrophobic,4,33,4.28940620782726,44|43|65|38,1.48179|2.1821|2.77837|4.5167,True
J1:ARG1007|J1:ARG879|J2:ARG980|J2:TYR931,4,31,4.175967365967366,41|59|46|47,3.49159|2.95358|2.60826|2.76367,True
J1:ALA906:hydrophobic|J1:LEU881|J1:LEU959:hydrogen_bond|J2:ARG980,4,45,4.5881263232180665,60|46|58|78,1.38198|4.3694|1.90987|3.45359,True
J1:ALA906|J1:LEU881|J1:LEU959:hydrogen_bond|J2:ARG980,4,45,4.5881263232180665,60|46|58|78,1.38198|4.3694|1.90987|3.45359,True
J1:ALA906:hydrophobic|J1:LEU959:hydrogen_bond|J2:ARG980|J2:VAL863,4,41,4.467175716440423,54|52|73|46,1.29198|1.79751|3.18775|4.3694,True
J1:ALA906|J1:LEU959:hydrogen_bond|J2:ARG980|J2:VAL863,4,41,4.467175716440423,54|52|73|46,1.29198|1.79751|3.18775|4.3694,True
J1:ALA906:hydrophobic|J1:LEU881|J1:LEU959|J2:ARG980:hydrogen_bond,4,37,4.2833133012820515,50|38|47|78,1.55869|4.1607|2.3061|3.14076,True
J1:ALA906|J1:LEU881|J1:LEU959|J2:ARG980:hydrogen_bond,4,37,4.2833133012820515,50|38|47|78,1.55869|4.1607|2.3061|3.14076,True
J1:ALA906|J1:ARG879|J1:LEU881:hydrophobic|J2:ARG980:hydrogen_bond,4,24,4.849510489510489,47|47|25|52,2.52946|2.45227|4.87433|4.02718,True
J1:ALA906:hydrophobic|J1:ARG879|J1:LEU881:hydrophobic|J2:ARG980:hydrogen_bond,4,24,4.849510489510489,47|47|25|52,2.52946|2.45227|4.87433|4.02718,True
J1:ALA906:hydrophobic|J1:ARG879|J1:LEU881|J2:ARG980:hydrogen_bond,4,24,4.849510489510489,47|47|25|52,2.51727|2.3061|4.87433|4.02718,True
J1:ALA906|J1:ARG879|J1:LEU881|J2:ARG980:hydrogen_bond,4,24,4.849510489510489,47|47|25|52,2.51727|2.3061|4.87433|4.02718,True
J1:ALA906:hydrophobic|J1:ARG879|J1:LEU1010|J1:VAL889,4,44,4.841507996953541,77|72|46|52,2.16368|1.43015|4.40706|4.31269,True
J1:ALA906|J1:ARG879|J1:LEU1010|J1:VAL889,4,44,4.841507996953541,77|72|46|52,2.16368|1.43015|4.40706|4.31269,True
J1:ALA906:hydrophobic|J1:ARG879|J1:LEU1010|J1:VAL889:hydrophobic,4,44,4.841507996953541,77|71|46|52,2.16917|1.41155|4.40706|4.31269,True
J1:ALA906|J1:ARG879|J1:LEU1010|J1:VAL889:hydrophobic,4,44,4.841507996953541,77|71|46|52,2.16917|1.41155|4.40706|4.31269,True
J1:ALA906:hydrophobic|J1:ARG879|J1:LEU1010:hydrophobic|J1:VAL889,4,44,4.841507996953541,77|72|46|52,2.16368|1.43015|4.40706|4.31269,True
J1:ALA906:hydrophobic|J1:ARG879|J1:LEU1010:hydrophobic|J1:VAL889:hydrophobic,4,44,4.841507996953541,77|71|46|52,2.16917|1.41155|4.40706|4.31269,True
J1:ALA906|J1:ARG879|J1:LEU1010:hydrophobic|J1:VAL889,4,44,4.841507996953541,77|72|46|52,2.16368|1.43015|4.40706|4.31269,True
J1:ALA906|J1:ARG879|J1:LEU1010:hydrophobic|J1:VAL889:hydrophobic,4,44,4.841507996953541,77|71|46|52,2.16917|1.41155|4.40706|4.31269,True
J1:ALA906|J1:ARG879|J1:GLU966|J1:LEU959,4,22,4.939316239316239,25|31|48|24,0.978298|2.6299|5.70531|3.25272,False
J1:ALA906:hydrophobic|J1:ARG879|J1:GLU966|J1:LEU959,4,22,4.939316239316239,25|31|48|24,0.978298|2.6299|5.70531|3.25272,False
J1:ALA906:hydrophobic|J1:LEU959:hydrogen_bond|J2:ARG980|J2:LEU855:hydrophobic,4,42,4.64443168771527,56|54|72|46,1.39229|1.86086|3.341|4.3694,True
J1:ALA906|J1:LEU959:hydrogen_bond|J2:ARG980|J2:LEU855:hydrophobic,4,42,4.64443168771527,56|54|72|46,1.39229|1.86086|3.341|4.3694,True
J1:ALA906:hydrophobic|J1:ARG1007:hydrophobic|J1:LEU1010|J1:LEU959,4,33,4.889923076923076,38|76|36|36,2.02063|2.87776|5.12929|2.8887,True
J1:ALA906|J1:ARG1007:hydrophobic|J1:LEU1010|J1:LEU959,4,33,4.889923076923076,38|76|36|36,2.02063|2.87776|5.12929|2.8887,True
J1:ALA906:hydrophobic|J1:ARG1007:hydrophobic|J1:LEU1010:hydrophobic|J1:LEU959,4,33,4.889923076923076,38|76|36|36,2.02063|2.87776|5.12929|2.8887,True
J1:ALA906|J1:ARG1007:hydrophobic|J1:LEU1010:hydrophobic|J1:LEU959,4,33,4.889923076923076,38|76|36|36,2.02063|2.87776|5.12929|2.8887,True
J1:ALA906:hydrophobic|J1:LEU959|J2:LEU983|J2:TYR931:hydrogen_bond,4,13,4.18768115942029,18|17|17|65,2.02063|3.17527|4.5525|2.55256,True
J1:ALA906|J1:LEU959|J2:LEU983|J2:TYR931:hydrogen_bond,4,13,4.18768115942029,18|17|17|65,2.02063|3.17527|4.5525|2.55256,True
J1:ALA906:hydrophobic|J1:LEU959|J2:LEU983:hydrophobic|J2:TYR931:hydrogen_bond,4,13,4.18768115942029,18|17|17|65,2.02063|3.17527|4.5525|2.55256,True
J1:ALA906|J1:LEU959|J2:LEU983:hydrophobic|J2:TYR931:hydrogen_bond,4,13,4.18768115942029,18|17|17|65,2.02063|3.17527|4.5525|2.55256,True
J1:ALA906:hydrophobic|J1:LEU959:hydrogen_bond|J2:ARG980|J2:LEU855,4,42,4.621439451637471,56|54|72|46,1.36932|1.84654|3.3202|4.3694,True
J1:ALA906|J1:LEU959:hydrogen_bond|J2:ARG980|J2:LEU855,4,42,4.621439451637471,56|54|72|46,1.36932|1.84654|3.3202|4.3694,True
J1:ALA906:hydrophobic|J1:ARG879|J1:LEU959:hydrogen_bond|J2:LEU983,4,37,5.045375176970269,46|65|43|48,1.41612|2.77837|3.67599|5.76699,False
J1:ALA906:hydrophobic|J1:ARG879|J1:LEU959:hydrogen_bond|J2:LEU983:hydrophobic,4,37,5.045375176970269,46|65|43|48,1.41612|2.77837|3.67599|5.76699,False
J1:ALA906|J1:ARG879|J1:LEU959:hydrogen_bond|J2:LEU983,4,37,5.045375176970269,46|65|43|48,1.41612|2.77837|3.67599|5.76699,False
J1:ALA906|J1:ARG879|J1:LEU959:hydrogen_bond|J2:LEU983:hydrophobic,4,37,5.045375176970269,46|65|43|48,1.41612|2.77837|3.67599|5.76699,False
J1:ALA906:hydrophobic|J1:ARG1007|J1:ARG879:hydrogen_bond|J1:LEU881:hydrophobic,4,37,4.699406593406593,70|50|76|38,2.39736|4.05601|1.88112|4.69235,True
J1:ALA906|J1:ARG1007|J1:ARG879:hydrogen_bond|J1:LEU881:hydrophobic,4,37,4.699406593406593,70|50|76|38,2.39736|4.05601|1.88112|4.69235,True
J1:ALA906:hydrophobic|J1:ARG1007|J1:ARG879:hydrogen_bond|J1:LEU881,4,37,4.699406593406593,70|50|76|38,2.39367|4.05601|1.81055|4.69235,True
J1:ALA906|J1:ARG1007|J1:ARG879:hydrogen_bond|J1:LEU881,4,37,4.699406593406593,70|50|76|38,2.39367|4.05601|1.81055|4.69235,True
J1:ALA906:hydrophobic|J1:ARG879|J1:LEU959|J2:LEU983,4,37,5.014610694183864,46|65|43|48,1.39868|2.55256|3.67599|5.70531,False
J1:ALA906:hydrophobic|J1:ARG879|J1:LEU959|J2:LEU983:hydrophobic,4,37,5.014610694183864,46|65|43|48,1.39868|2.55256|3.67599|5.70531,False
J1:ALA906|J1:ARG879|J1:LEU959|J2:LEU983,4,37,5.014610694183864,46|65|43|48,1.39868|2.55256|3.67599|5.70531,False
J1:ALA906|J1:ARG879|J1:LEU959|J2:LEU983:hydrophobic,4,37,5.014610694183864,46|65|43|48,1.39868|2.55256|3.67599|5.70531,False
J1:ALA906:hydrophobic|J1:ARG879|J1:LEU1010:hydrophobic|J2:ASN859,4,16,4.74174358974359,32|32|16|52,2.96359|1.76055|4.08771|4.31269,True
J1:ALA906|J1:ARG879|J1:LEU1010:hydrophobic|J2:ASN859,4,16,4.74174358974359,32|32|16|52,2.96359|1.76055|4.08771|4.31269,True
J1:ALA906:hydrophobic|J1:ARG879|J1:LEU1010|J2:ASN859,4,16,4.74174358974359,32|32|16|52,2.96359|1.76055|4.08771|4.31269,True
J1:ALA906|J1:ARG879|J1:LEU1010|J2:ASN859,4,16,4.74174358974359,32|32|16|52,2.96359|1.76055|4.08771|4.31269,True
J1:ARG1007|J1:LEU959:hydrogen_bond|J2:ARG980:hydrogen_bond|J2:TYR931,4,20,4.49028749028749,27|49|35|40,3.89693|3.64254|2.06351|1.9038,True
J1:ALA906:hydrophobic|J1:ARG1007|J1:ARG879|J1:LEU881:hydrophobic,4,39,4.711141304347826,73|52|76|40,2.23494|4.02718|1.88112|4.70411,True
J1:ALA906|J1:ARG1007|J1:ARG879|J1:LEU881:hydrophobic,4,39,4.711141304347826,73|52|76|40,2.23494|4.02718|1.88112|4.70411,True
J1:ALA906:hydrophobic|J1:ARG1007|J1:ARG879|J1:LEU881,4,39,4.711141304347826,73|52|76|40,2.2288|4.02718|1.81055|4.70411,True
J1:ALA906|J1:ARG1007|J1:ARG879|J1:LEU881,4,39,4.711141304347826,73|52|76|40,2.2288|4.02718|1.81055|4.70411,True
J1:ARG1007|J1:ARG879:hydrogen_bond|J1:ASP1021|J1:LEU1010:hydrophobic,4,28,4.121548650025471,44|75|68|29,2.78628|1.21858|2.90102|2.8648,True
J1:ARG1007|J1:ARG879:hydrogen_bond|J1:ASP1021|J1:LEU1010,4,28,4.121548650025471,44|75|68|29,2.78628|1.21858|2.90102|2.8648,True
J1:ALA906:hydrophobic|J1:LEU1010:hydrophobic|J1:LEU959:hydrogen_bond|J2:ARG980,4,43,4.3246954403063,54|46|55|76,1.28507|4.3694|1.81377|3.15747,True
J1:ALA906|J1:LEU1010:hydrophobic|J1:LEU959:hydrogen_bond|J2:ARG980,4,43,4.3246954403063,54|46|55|76,1.28507|4.3694|1.81377|3.15747,True
J1:ALA906:hydrophobic|J1:ARG879|J1:VAL889|J2:VAL863:hydrophobic,4,40,4.445384615384615,75|66|47|46,1.79636|1.32279|4.00255|4.40706,True
J1:ALA906:hydrophobic|J1:ARG879|J1:VAL889:hydrophobic|J2:VAL863:hydrophobic,4,40,4.445384615384615,75|65|47|46,1.80024|1.3051|4.00255|4.40706,True
J1:ALA906|J1:ARG879|J1:VAL889|J2:VAL863:hydrophobic,4,40,4.445384615384615,75|66|47|46,1.79636|1.32279|4.00255|4.40706,True
J1:ALA906|J1:ARG879|J1:VAL889:hydrophobic|J2:VAL863:hydrophobic,4,40,4.445384615384615,75|65|47|46,1.80024|1.3051|4.00255|4.40706,True
J1:ALA906:hydrophobic|J1:LEU1010|J1:LEU959:hydrogen_bond|J2:ARG980,4,43,4.3246954403063,54|46|55|76,1.28507|4.3694|1.81377|3.15747,True
J1:ALA906|J1:LEU1010|J1:LEU959:hydrogen_bond|J2:ARG980,4,43,4.3246954403063,54|46|55|76,1.28507|4.3694|1.81377|3.15747,True
J1:ALA906:hydrophobic|J1:LEU1010|J1:LEU959|J2:ARG980:hydrogen_bond,4,35,4.051782852564102,44|38|45|76,1.42356|4.1607|2.23262|2.87776,True
J1:ALA906|J1:LEU1010|J1:LEU959|J2:ARG980:hydrogen_bond,4,35,4.051782852564102,44|38|45|76,1.42356|4.1607|2.23262|2.87776,True
J1:ALA906:hydrophobic|J1:LEU1010:hydrophobic|J1:LEU959|J2:ARG980:hydrogen_bond,4,35,4.051782852564102,44|38|45|76,1.42356|4.1607|2.23262|2.87776,True
J1:ALA906|J1:LEU1010:hydrophobic|J1:LEU959|J2:ARG980:hydrogen_bond,4,35,4.051782852564102,44|38|45|76,1.42356|4.1607|2.23262|2.87776,True
J1:ALA906:hydrophobic|J1:LEU881:hydrophobic|J1:LEU959|J2:ARG980,4,45,4.386892712550607,60|46|58|78,1.33897|3.97836|2.03018|3.25272,True
J1:ALA906|J1:LEU881:hydrophobic|J1:LEU959|J2:ARG980,4,45,4.386892712550607,60|46|58|78,1.33897|3.97836|2.03018|3.25272,True
J1:ALA906:hydrophobic|J1:ARG879:hydrogen_bond|J1:LEU959:hydrogen_bond|J2:LEU983,4,35,4.955046545810877,44|65|41|45,1.46624|2.77837|3.64522|5.65091,False
J1:ALA906|J1:ARG879:hydrogen_bond|J1:LEU959:hydrogen_bond|J2:LEU983,4,35,4.955046545810877,44|65|41|45,1.46624|2.77837|3.64522|5.65091,False
J1:ALA906:hydrophobic|J1:ARG879:hydrogen_bond|J1:LEU959:hydrogen_bond|J2:LEU983:hydrophobic,4,35,4.955046545810877,44|65|41|45,1.46624|2.77837|3.64522|5.65091,False
J1:ALA906|J1:ARG879:hydrogen_bond|J1:LEU959:hydrogen_bond|J2:LEU983:hydrophobic,4,35,4.955046545810877,44|65|41|45,1.46624|2.77837|3.64522|5.65091,False
J1:ALA906|J1:LEU959:hydrogen_bond|J2:ASN859:hydrogen_bond|J2:LEU983,4,19,4.399078525641025,23|27|65|23,1.04758|1.81307|2.77837|4.69008,True
J1:ALA906|J1:LEU959:hydrogen_bond|J2:ASN859:hydrogen_bond|J2:LEU983:hydrophobic,4,19,4.399078525641025,23|27|65|23,1.04758|1.81307|2.77837|4.69008,True
J1:ALA906:hydrophobic|J1:LEU959:hydrogen_bond|J2:ASN859:hydrogen_bond|J2:LEU983:hydrophobic,4,19,4.399078525641025,23|27|65|23,1.04758|1.81307|2.77837|4.69008,True
J1:ALA906:hydrophobic|J1:LEU959:hydrogen_bond|J2:ASN859:hydrogen_bond|J2:LEU983,4,19,4.399078525641025,23|27|65|23,1.04758|1.81307|2.77837|4.69008,True
J1:ALA906:hydrophobic|J1:LEU959|J2:ARG980:hydrogen_bond|J2:LEU983,4,33,3.98635033444816,44|43|65|38,1.39116|2.1821|2.55256|4.1607,True
J1:ALA906|J1:LEU959|J2:ARG980:hydrogen_bond|J2:LEU983,4,33,3.98635033444816,44|43|65|38,1.39116|2.1821|2.55256|4.1607,True
J1:ALA906:hydrophobic|J1:LEU959|J2:ARG980:hydrogen_bond|J2:LEU983:hydrophobic,4,33,3.98635033444816,44|43|65|38,1.39116|2.1821|2.55256|4.1607,True
J1:ALA906|J1:LEU959|J2:ARG980:hydrogen_bond|J2:LEU983:hydrophobic,4,33,3.98635033444816,44|43|65|38,1.39116|2.1821|2.55256|4.1607,True
J1:ALA906:hydrophobic|J1:ARG879|J1:VAL889:hydrophobic|J2:VAL863,4,40,4.401370906321401,75|65|47|46,1.79249|1.30158|3.97211|4.40706,True
J1:ALA906|J1:ARG879|J1:VAL889|J2:VAL863,4,40,4.401370906321401,75|66|47|46,1.78865|1.31922|3.97211|4.40706,True
J1:ALA906|J1:ARG879|J1:VAL889:hydrophobic|J2:VAL863,4,40,4.401370906321401,75|65|47|46,1.79249|1.30158|3.97211|4.40706,True
J1:ALA906:hydrophobic|J1:ARG879|J1:VAL889|J2:VAL863,4,40,4.401370906321401,75|66|47|46,1.78865|1.31922|3.97211|4.40706,True
J1:ALA906:hydrophobic|J1:ARG879:hydrogen_bond|J1:LEU959|J2:LEU983,4,35,4.923685491723466,44|65|41|45,1.44887|2.55256|3.64522|5.58777,False
J1:ALA906|J1:ARG879:hydrogen_bond|J1:LEU959|J2:LEU983,4,35,4.923685491723466,44|65|41|45,1.44887|2.55256|3.64522|5.58777,False
J1:ALA906:hydrophobic|J1:ARG879:hydrogen_bond|J1:LEU959|J2:LEU983:hydrophobic,4,35,4.923685491723466,44|65|41|45,1.44887|2.55256|3.64522|5.58777,False
J1:ALA906|J1:ARG879:hydrogen_bond|J1:LEU959|J2:LEU983:hydrophobic,4,35,4.923685491723466,44|65|41|45,1.44887|2.55256|3.64522|5.58777,False
J1:ALA906|J1:ARG879|J1:LEU881|J1:VAL889:hydrophobic,4,44,4.4252697528715625,81|71|46|52,1.80218|1.41662|4.40706|4.02718,True
J1:ALA906|J1:ARG879|J1:LEU881:hydrophobic|J1:VAL889,4,44,4.4252697528715625,80|72|46|52,1.78172|1.50267|4.40706|4.02718,True
J1:ALA906|J1:ARG879|J1:LEU881:hydrophobic|J1:VAL889:hydrophobic,4,44,4.4252697528715625,80|71|46|52,1.7853|1.48458|4.40706|4.02718,True
J1:ALA906:hydrophobic|J1:ARG879|J1:LEU881:hydrophobic|J1:VAL889,4,44,4.4252697528715625,80|72|46|52,1.78172|1.50267|4.40706|4.02718,True
J1:ALA906:hydrophobic|J1:ARG879|J1:LEU881|J1:VAL889,4,44,4.4252697528715625,81|72|46|52,1.79858|1.434|4.40706|4.02718,True
J1:ALA906:hydrophobic|J1:ARG879|J1:LEU881:hydrophobic|J1:VAL889:hydrophobic,4,44,4.4252697528715625,80|71|46|52,1.7853|1.48458|4.40706|4.02718,True
J1:ALA906:hydrophobic|J1:ARG879|J1:LEU881|J1:VAL889:hydrophobic,4,44,4.4252697528715625,81|71|46|52,1.80218|1.41662|4.40706|4.02718,True
J1:ALA906|J1:ARG879|J1:LEU881|J1:VAL889,4,44,4.4252697528715625,81|72|46|52,1.79858|1.434|4.40706|4.02718,True
J1:ARG1007|J1:ARG879:hydrogen_bond|J2:ARG980:hydrogen_bond|J2:VAL863,4,35,4.051782852564102,45|85|62|39,3.08707|1.98039|2.3122|3.80197,True
J1:ARG1007|J1:ARG879:hydrogen_bond|J2:ARG980:hydrogen_bond|J2:VAL863:hydrophobic,4,35,4.051782852564102,45|85|62|39,3.14532|1.98872|2.31608|3.80197,True
J1:ALA906|J1:LEU959|J2:ARG980|J2:VAL863:hydrophobic,4,41,4.086564332528458,54|52|73|46,1.226|1.80031|2.93411|3.97836,True
J1:ALA906:hydrophobic|J1:LEU959|J2:ARG980|J2:VAL863:hydrophobic,4,41,4.086564332528458,54|52|73|46,1.226|1.80031|2.93411|3.97836,True
J1:ALA906:hydrophobic|J1:LEU959|J2:ARG980|J2:VAL863,4,41,4.068320741758241,54|52|73|46,1.21853|1.79751|2.91304|3.97836,True
J1:ALA906|J1:LEU959|J2:ARG980|J2:VAL863,4,41,4.068320741758241,54|52|73|46,1.21853|1.79751|2.91304|3.97836,True
J1:ALA906|J1:LEU881|J1:LEU959|J2:ARG980,4,45,4.167548076923077,60|46|58|78,1.29477|3.97836|1.90987|3.14076,True
J1:ALA906:hydrophobic|J1:LEU881|J1:LEU959|J2:ARG980,4,45,4.167548076923077,60|46|58|78,1.29477|3.97836|1.90987|3.14076,True
J1:ARG1007|J1:ARG879:hydrogen_bond|J2:ARG980:hydrogen_bond|J2:LEU855:hydrophobic,4,37,4.051212580522925,47|85|67|39,3.09073|2.00775|2.31963|3.80197,True
J1:ARG1007|J1:ARG879:hydrogen_bond|J2:ARG980:hydrogen_bond|J2:LEU855,4,37,4.031353695324283,47|85|67|39,3.06353|1.98455|2.29461|3.80197,True
J1:ARG1007|J1:ARG879:hydrogen_bond|J1:LEU881:hydrophobic|J2:ARG980:hydrogen_bond,4,37,3.9161721611721614,47|86|39|70,2.8465|1.9974|3.80197|2.39736,True
J1:ARG1007|J1:ARG879:hydrogen_bond|J1:LEU881|J2:ARG980:hydrogen_bond,4,37,3.9161721611721614,47|86|39|70,2.83876|1.92693|3.80197|2.39367,True
J1:ALA906:hydrophobic|J1:LEU959|J2:ARG980|J2:LEU855:hydrophobic,4,42,4.205093555093555,56|54|72|46,1.302|1.86086|3.04247|3.97836,True
J1:ALA906|J1:LEU959|J2:ARG980|J2:LEU855:hydrophobic,4,42,4.205093555093555,56|54|72|46,1.302|1.86086|3.04247|3.97836,True
J1:ARG879|J1:LEU1010|J1:LEU881:hydrophobic|J2:GLY935:hydrogen_bond,4,24,4.135241502683363,31|25|24|97,2.6299|3.32738|4.01087|1.96358,True
J1:ARG879|J1:LEU1010:hydrophobic|J1:LEU881|J2:GLY935,4,24,4.135241502683363,31|25|24|97,2.57102|3.30758|4.01087|1.96001,True
J1:ARG879|J1:LEU1010|J1:LEU881:hydrophobic|J2:GLY935,4,24,4.135241502683363,31|25|24|97,2.6299|3.32738|4.01087|1.96358,True
J1:ARG879|J1:LEU1010|J1:LEU881|J2:GLY935:hydrogen_bond,4,24,4.135241502683363,31|25|24|97,2.57102|3.30758|4.01087|1.96001,True
J1:ARG879|J1:LEU1010|J1:LEU881|J2:GLY935,4,24,4.135241502683363,31|25|24|97,2.57102|3.30758|4.01087|1.96001,True
J1:ARG879|J1:LEU1010:hydrophobic|J1:LEU881:hydrophobic|J2:GLY935:hydrogen_bond,4,24,4.135241502683363,31|25|24|97,2.6299|3.32738|4.01087|1.96358,True
J1:ARG879|J1:LEU1010:hydrophobic|J1:LEU881|J2:GLY935:hydrogen_bond,4,24,4.135241502683363,31|25|24|97,2.57102|3.30758|4.01087|1.96001,True
J1:ARG879|J1:LEU1010:hydrophobic|J1:LEU881:hydrophobic|J2:GLY935,4,24,4.135241502683363,31|25|24|97,2.6299|3.32738|4.01087|1.96358,True
J1:ALA906|J1:ARG879|J1:VAL889|J2:LEU855,4,42,4.445384615384615,79|67|48|46,1.79543|1.38531|3.93687|4.40706,True
J1:ALA906|J1:ARG879|J1:VAL889:hydrophobic|J2:LEU855,4,42,4.445384615384615,79|66|48|46,1.79911|1.3659|3.93687|4.40706,True
J1:ALA906:hydrophobic|J1:ARG879|J1:VAL889:hydrophobic|J2:LEU855,4,42,4.445384615384615,79|66|48|46,1.79911|1.3659|3.93687|4.40706,True
J1:ALA906:hydrophobic|J1:ARG879|J1:VAL889|J2:LEU855:hydrophobic,4,42,4.445384615384615,79|67|48|46,1.82339|1.40094|3.95145|4.40706,True
J1:ALA906|J1:ARG879|J1:VAL889|J2:LEU855:hydrophobic,4,42,4.445384615384615,79|67|48|46,1.82339|1.40094|3.95145|4.40706,True
J1:ALA906|J1:ARG879|J1:VAL889:hydrophobic|J2:LEU855:hydrophobic,4,42,4.445384615384615,79|66|48|46,1.82719|1.38133|3.95145|4.40706,True
J1:ALA906:hydrophobic|J1:ARG879|J1:VAL889:hydrophobic|J2:LEU855:hydrophobic,4,42,4.445384615384615,79|66|48|46,1.82719|1.38133|3.95145|4.40706,True
J1:ALA906:hydrophobic|J1:ARG879|J1:VAL889|J2:LEU855,4,42,4.445384615384615,79|67|48|46,1.79543|1.38531|3.93687|4.40706,True
J1:ALA906:hydrophobic|J1:LEU959|J2:ARG980|J2:LEU855,4,42,4.186236633321835,56|54|72|46,1.28056|1.84654|3.01951|3.97836,True
J1:ALA906|J1:LEU959|J2:ARG980|J2:LEU855,4,42,4.186236633321835,56|54|72|46,1.28056|1.84654|3.01951|3.97836,True
J1:ALA906|J1:ARG879|J1:LEU881:hydrophobic|J2:ASN859:hydrogen_bond,4,16,4.501655306718598,33|32|16|52,2.45314|2.24373|4.44538|4.02718,True
J1:ALA906|J1:ARG1007:hydrogen_bond|J1:LEU959:hydrogen_bond|J2:TYR931,4,15,3.876788908765653,21|48|20|34,1.70976|5.96029|1.54354|2.72821,False
J1:ALA906:hydrophobic|J1:ARG1007:hydrogen_bond|J1:LEU959:hydrogen_bond|J2:TYR931,4,15,3.876788908765653,21|48|20|34,1.70976|5.96029|1.54354|2.72821,False
J1:ALA906:hydrophobic|J1:ARG879|J1:LEU881:hydrophobic|J2:ASN859:hydrogen_bond,4,16,4.501655306718598,33|32|16|52,2.45314|2.24373|4.44538|4.02718,True
J1:ALA906:hydrophobic|J1:ARG879|J1:LEU881|J2:ASN859:hydrogen_bond,4,16,4.501655306718598,33|32|16|52,2.43684|2.11685|4.44538|4.02718,True
J1:ALA906|J1:ARG879|J1:LEU881|J2:ASN859:hydrogen_bond,4,16,4.501655306718598,33|32|16|52,2.43684|2.11685|4.44538|4.02718,True
J1:ALA906|J1:ARG879|J1:LEU1010:hydrophobic|J2:VAL863:hydrophobic,4,45,4.256219312602291,87|95|47|52,1.93762|1.61311|4.00255|4.31269,True
J1:ALA906:hydrophobic|J1:ARG879|J1:LEU1010|J2:VAL863:hydrophobic,4,45,4.256219312602291,87|95|47|52,1.93762|1.61311|4.00255|4.31269,True
J1:ALA906|J1:ARG879|J1:LEU1010|J2:VAL863:hydrophobic,4,45,4.256219312602291,87|95|47|52,1.93762|1.61311|4.00255|4.31269,True
J1:ALA906:hydrophobic|J1:ARG879|J1:LEU1010:hydrophobic|J2:VAL863:hydrophobic,4,45,4.256219312602291,87|95|47|52,1.93762|1.61311|4.00255|4.31269,True
J1:ALA906:hydrophobic|J1:LEU959|J2:ASN859:hydrogen_bond|J2:LEU983,4,19,4.100112023898432,23|27|65|23,0.9719|1.81307|2.55256|4.3694,True
J1:ALA906:hydrophobic|J1:LEU959|J2:ASN859:hydrogen_bond|J2:LEU983:hydrophobic,4,19,4.100112023898432,23|27|65|23,0.9719|1.81307|2.55256|4.3694,True
J1:ALA906|J1:LEU959|J2:ASN859:hydrogen_bond|J2:LEU983,4,19,4.100112023898432,23|27|65|23,0.9719|1.81307|2.55256|4.3694,True
J1:ALA906|J1:LEU959|J2:ASN859:hydrogen_bond|J2:LEU983:hydrophobic,4,19,4.100112023898432,23|27|65|23,0.9719|1.81307|2.55256|4.3694,True
J1:ALA906:hydrophobic|J1:ARG879:hydrogen_bond|J1:LEU1010:hydrophobic|J2:VAL863:hydrophobic,4,43,4.30521483021483,84|95|45|49,2.04722|1.61311|4.03311|4.28787,True
J1:ALA906|J1:ARG879:hydrogen_bond|J1:LEU1010:hydrophobic|J2:VAL863:hydrophobic,4,43,4.30521483021483,84|95|45|49,2.04722|1.61311|4.03311|4.28787,True
J1:ALA906:hydrophobic|J1:ARG879:hydrogen_bond|J1:LEU1010|J2:VAL863:hydrophobic,4,43,4.30521483021483,84|95|45|49,2.04722|1.61311|4.03311|4.28787,True
J1:ALA906|J1:ARG879:hydrogen_bond|J1:LEU1010|J2:VAL863:hydrophobic,4,43,4.30521483021483,84|95|45|49,2.04722|1.61311|4.03311|4.28787,True
J1:ALA906:hydrophobic|J1:ARG879|J1:LEU1010:hydrophobic|J2:VAL863,4,45,4.220301850048686,87|95|47|52,1.92221|1.60942|3.97211|4.31269,True
J1:ALA906|J1:ARG879|J1:LEU1010:hydrophobic|J2:VAL863,4,45,4.220301850048686,87|95|47|52,1.92221|1.60942|3.97211|4.31269,True
J1:ALA906:hydrophobic|J1:ARG879|J1:LEU1010|J2:VAL863,4,45,4.220301850048686,87|95|47|52,1.92221|1.60942|3.97211|4.31269,True
J1:ALA906|J1:ARG879|J1:LEU1010|J2:VAL863,4,45,4.220301850048686,87|95|47|52,1.92221|1.60942|3.97211|4.31269,True
J1:ALA906:hydrophobic|J1:ARG879:hydrogen_bond|J1:LEU1010:hydrophobic|J1:LEU881,4,49,4.391609801488833,94|103|50|49,2.07069|1.69583|4.05601|4.28787,True
J1:ALA906:hydrophobic|J1:ARG879:hydrogen_bond|J1:LEU1010|J1:LEU881,4,49,4.391609801488833,94|103|50|49,2.07069|1.69583|4.05601|4.28787,True
J1:ALA906|J1:ARG879:hydrogen_bond|J1:LEU1010|J1:LEU881,4,49,4.391609801488833,94|103|50|49,2.07069|1.69583|4.05601|4.28787,True
J1:ALA906:hydrophobic|J1:ARG879:hydrogen_bond|J1:LEU1010:hydrophobic|J1:LEU881:hydrophobic,4,49,4.391609801488833,94|103|50|49,2.07275|1.77471|4.05601|4.28787,True
J1:ALA906|J1:ARG879:hydrogen_bond|J1:LEU1010:hydrophobic|J1:LEU881:hydrophobic,4,49,4.391609801488833,94|103|50|49,2.07275|1.77471|4.05601|4.28787,True
J1:ALA906|J1:ARG879:hydrogen_bond|J1:LEU1010:hydrophobic|J1:LEU881,4,49,4.391609801488833,94|103|50|49,2.07069|1.69583|4.05601|4.28787,True
J1:ALA906:hydrophobic|J1:ARG879:hydrogen_bond|J1:LEU1010|J1:LEU881:hydrophobic,4,49,4.391609801488833,94|103|50|49,2.07275|1.77471|4.05601|4.28787,True
J1:ALA906|J1:ARG879:hydrogen_bond|J1:LEU1010|J1:LEU881:hydrophobic,4,49,4.391609801488833,94|103|50|49,2.07275|1.77471|4.05601|4.28787,True
J1:ALA906:hydrophobic|J1:ARG879:hydrogen_bond|J1:LEU1010:hydrophobic|J2:VAL863,4,43,4.266775412087912,84|95|45|49,2.02941|1.60942|4.00085|4.28787,True
J1:ALA906|J1:ARG879:hydrogen_bond|J1:LEU1010:hydrophobic|J2:VAL863,4,43,4.266775412087912,84|95|45|49,2.02941|1.60942|4.00085|4.28787,True
J1:ALA906|J1:ARG879:hydrogen_bond|J1:LEU1010|J2:VAL863,4,43,4.266775412087912,84|95|45|49,2.02941|1.60942|4.00085|4.28787,True
J1:ALA906:hydrophobic|J1:ARG879:hydrogen_bond|J1:LEU1010|J2:VAL863,4,43,4.266775412087912,84|95|45|49,2.02941|1.60942|4.00085|4.28787,True
J1:ALA906:hydrophobic|J1:LEU881:hydrophobic|J1:LEU959:hydrogen_bond|J2:VAL863:hydrophobic,4,71,3.644599395985077,95|73|96|78,0.924905|3.213|1.73056|3.56728,True
J1:ALA906|J1:LEU881:hydrophobic|J1:LEU959:hydrogen_bond|J2:VAL863:hydrophobic,4,71,3.644599395985077,95|73|96|78,0.924905|3.213|1.73056|3.56728,True
J1:ALA906:hydrophobic|J1:LEU1010:hydrophobic|J1:LEU959|J2:ARG980,4,43,3.9170397225725093,54|46|55|76,1.21115|3.97836|1.81377|2.87776,True
J1:ALA906|J1:LEU1010:hydrophobic|J1:LEU959|J2:ARG980,4,43,3.9170397225725093,54|46|55|76,1.21115|3.97836|1.81377|2.87776,True
J1:ALA906:hydrophobic|J1:LEU1010|J1:LEU959|J2:ARG980,4,43,3.9170397225725093,54|46|55|76,1.21115|3.97836|1.81377|2.87776,True
J1:ALA906|J1:LEU1010|J1:LEU959|J2:ARG980,4,43,3.9170397225725093,54|46|55|76,1.21115|3.97836|1.81377|2.87776,True
J1:ALA906:hydrophobic|J1:ARG879|J1:LEU1010|J1:LEU881,4,51,4.343191865605658,97|103|52|52,1.96001|1.69583|4.02718|4.31269,True
J1:ALA906|J1:ARG879|J1:LEU1010|J1:LEU881,4,51,4.343191865605658,97|103|52|52,1.96001|1.69583|4.02718|4.31269,True
J1:ALA906:hydrophobic|J1:ARG879|J1:LEU1010:hydrophobic|J1:LEU881:hydrophobic,4,51,4.343191865605658,97|103|52|52,1.96358|1.77471|4.02718|4.31269,True
J1:ALA906|J1:ARG879|J1:LEU1010:hydrophobic|J1:LEU881:hydrophobic,4,51,4.343191865605658,97|103|52|52,1.96358|1.77471|4.02718|4.31269,True
J1:ALA906:hydrophobic|J1:ARG879|J1:LEU1010|J1:LEU881:hydrophobic,4,51,4.343191865605658,97|103|52|52,1.96358|1.77471|4.02718|4.31269,True
J1:ALA906:hydrophobic|J1:ARG879|J1:LEU1010:hydrophobic|J1:LEU881,4,51,4.343191865605658,97|103|52|52,1.96001|1.69583|4.02718|4.31269,True
J1:ALA906|J1:ARG879|J1:LEU1010:hydrophobic|J1:LEU881,4,51,4.343191865605658,97|103|52|52,1.96001|1.69583|4.02718|4.31269,True
J1:ALA906|J1:ARG879|J1:LEU1010|J1:LEU881:hydrophobic,4,51,4.343191865605658,97|103|52|52,1.96358|1.77471|4.02718|4.31269,True
J1:ALA906:hydrophobic|J1:LEU959:hydrogen_bond|J2:ASN859|J2:LEU983,4,19,3.9102920227920226,23|28|65|23,0.89374|1.604|2.77837|4.19032,True
J1:ALA906:hydrophobic|J1:LEU959:hydrogen_bond|J2:ASN859|J2:LEU983:hydrophobic,4,19,3.9102920227920226,23|28|65|23,0.89374|1.604|2.77837|4.19032,True
J1:ALA906|J1:LEU959:hydrogen_bond|J2:ASN859|J2:LEU983,4,19,3.9102920227920226,23|28|65|23,0.89374|1.604|2.77837|4.19032,True
J1:ALA906|J1:LEU959:hydrogen_bond|J2:ASN859|J2:LEU983:hydrophobic,4,19,3.9102920227920226,23|28|65|23,0.89374|1.604|2.77837|4.19032,True
J1:ALA906:hydrophobic|J1:LEU881:hydrophobic|J1:LEU959:hydrogen_bond|J2:VAL863,4,71,3.6195218772053632,95|73|96|78,0.921273|3.18775|1.72636|3.56728,True
J1:ALA906|J1:LEU881:hydrophobic|J1:LEU959:hydrogen_bond|J2:VAL863,4,71,3.6195218772053632,95|73|96|78,0.921273|3.18775|1.72636|3.56728,True
J1:ALA906:hydrophobic|J1:ARG1007:hydrogen_bond|J1:ARG879|J1:LEU1010,4,24,4.26756923076923,55|52|56|24,2.77207|4.31269|1.59578|3.89377,True
J1:ALA906|J1:ARG1007:hydrogen_bond|J1:ARG879|J1:LEU1010,4,24,4.26756923076923,55|52|56|24,2.77207|4.31269|1.59578|3.89377,True
J1:ALA906:hydrophobic|J1:ARG1007:hydrogen_bond|J1:ARG879|J1:LEU1010:hydrophobic,4,24,4.26756923076923,55|52|56|24,2.77207|4.31269|1.59578|3.89377,True
J1:ALA906|J1:ARG1007:hydrogen_bond|J1:ARG879|J1:LEU1010:hydrophobic,4,24,4.26756923076923,55|52|56|24,2.77207|4.31269|1.59578|3.89377,True
J1:ALA906:hydrophobic|J1:ARG879|J1:VAL889|J2:ALA880,4,18,4.939316239316239,25|33|19|46,3.10432|1.48179|4.39908|4.40706,True
J1:ALA906:hydrophobic|J1:ARG879|J1:VAL889:hydrophobic|J2:ALA880,4,18,4.939316239316239,25|32|19|46,3.10432|1.4398|4.39908|4.40706,True
J1:ALA906|J1:ARG879|J1:VAL889|J2:ALA880,4,18,4.939316239316239,25|33|19|46,3.10432|1.48179|4.39908|4.40706,True
J1:ALA906|J1:ARG879|J1:VAL889:hydrophobic|J2:ALA880,4,18,4.939316239316239,25|32|19|46,3.10432|1.4398|4.39908|4.40706,True
J1:ALA906:hydrophobic|J1:ARG879|J1:VAL889|J2:ALA880:hydrophobic,4,18,4.939316239316239,25|33|19|46,3.10432|1.48179|4.39908|4.40706,True
J1:ALA906:hydrophobic|J1:ARG879|J1:VAL889:hydrophobic|J2:ALA880:hydrophobic,4,18,4.939316239316239,25|32|19|46,3.10432|1.4398|4.39908|4.40706,True
J1:ALA906|J1:ARG879|J1:VAL889|J2:ALA880:hydrophobic,4,18,4.939316239316239,25|33|19|46,3.10432|1.48179|4.39908|4.40706,True
J1:ALA906|J1:ARG879|J1:VAL889:hydrophobic|J2:ALA880:hydrophobic,4,18,4.939316239316239,25|32|19|46,3.10432|1.4398|4.39908|4.40706,True
J1:ALA906|J1:ARG879:hydrogen_bond|J1:LEU881:hydrophobic|J2:VAL863:hydrophobic,4,44,4.0412587412587415,88|96|45|50,1.70976|1.73056|4.03311|4.05601,True
J1:ALA906:hydrophobic|J1:ARG879:hydrogen_bond|J1:LEU881|J2:VAL863:hydrophobic,4,44,4.0412587412587415,89|96|45|50,1.72167|1.64898|4.03311|4.05601,True
J1:ALA906|J1:ARG879:hydrogen_bond|J1:LEU881|J2:VAL863:hydrophobic,4,44,4.0412587412587415,89|96|45|50,1.72167|1.64898|4.03311|4.05601,True
J1:ALA906:hydrophobic|J1:ARG879:hydrogen_bond|J1:LEU881:hydrophobic|J2:VAL863:hydrophobic,4,44,4.0412587412587415,88|96|45|50,1.70976|1.73056|4.03311|4.05601,True
J1:ALA906:hydrophobic|J1:ARG879|J1:VAL889|J2:LEU983,4,36,3.961233815689261,68|62|43|46,1.71364|1.25507|3.67599|4.40706,False
J1:ALA906:hydrophobic|J1:ARG879|J1:VAL889|J2:LEU983:hydrophobic,4,36,3.961233815689261,68|62|43|46,1.71364|1.25507|3.67599|4.40706,False
J1:ALA906|J1:ARG879|J1:VAL889|J2:LEU983:hydrophobic,4,36,3.961233815689261,68|62|43|46,1.71364|1.25507|3.67599|4.40706,False
J1:ALA906|J1:ARG879|J1:VAL889:hydrophobic|J2:LEU983,4,36,3.961233815689261,68|61|43|46,1.71364|1.23708|3.67599|4.40706,False
J1:ALA906:hydrophobic|J1:ARG879|J1:VAL889:hydrophobic|J2:LEU983,4,36,3.961233815689261,68|61|43|46,1.71364|1.23708|3.67599|4.40706,False
J1:ALA906|J1:ARG879|J1:VAL889:hydrophobic|J2:LEU983:hydrophobic,4,36,3.961233815689261,68|61|43|46,1.71364|1.23708|3.67599|4.40706,False
J1:ALA906:hydrophobic|J1:ARG879|J1:VAL889:hydrophobic|J2:LEU983:hydrophobic,4,36,3.961233815689261,68|61|43|46,1.71364|1.23708|3.67599|4.40706,False
J1:ALA906|J1:ARG879|J1:VAL889|J2:LEU983,4,36,3.961233815689261,68|62|43|46,1.71364|1.25507|3.67599|4.40706,False
J1:ALA906:hydrophobic|J1:LEU881:hydrophobic|J1:LEU959:hydrogen_bond|J1:VAL889,4,59,3.6226200594985123,75|61|72|78,0.826894|3.15312|1.50267|3.56728,True
J1:ALA906:hydrophobic|J1:LEU881:hydrophobic|J1:LEU959:hydrogen_bond|J1:VAL889:hydrophobic,4,58,3.5710845940762836,74|60|71|78,0.817898|3.10866|1.48458|3.56728,True
J1:ALA906|J1:LEU881:hydrophobic|J1:LEU959:hydrogen_bond|J1:VAL889,4,59,3.6226200594985123,75|61|72|78,0.826894|3.15312|1.50267|3.56728,True
J1:ALA906|J1:LEU881:hydrophobic|J1:LEU959:hydrogen_bond|J1:VAL889:hydrophobic,4,58,3.5710845940762836,74|60|71|78,0.817898|3.10866|1.48458|3.56728,True
J1:ALA906:hydrophobic|J1:LEU881|J1:LEU959:hydrogen_bond|J2:VAL863:hydrophobic,4,71,3.530450869041473,96|73|96|78,0.912264|3.213|1.64898|3.45359,True
J1:ALA906|J1:LEU881|J1:LEU959:hydrogen_bond|J2:VAL863:hydrophobic,4,71,3.530450869041473,96|73|96|78,0.912264|3.213|1.64898|3.45359,True
J1:ALA906:hydrophobic|J1:ARG879|J1:LEU1010|J2:LEU855:hydrophobic,4,46,4.207565685343463,90|94|48|52,1.89076|1.62341|3.95145|4.31269,True
J1:ALA906|J1:ARG879|J1:LEU1010|J2:LEU855:hydrophobic,4,46,4.207565685343463,90|94|48|52,1.89076|1.62341|3.95145|4.31269,True
J1:ALA906:hydrophobic|J1:ARG879|J1:LEU1010:hydrophobic|J2:LEU855:hydrophobic,4,46,4.207565685343463,90|94|48|52,1.89076|1.62341|3.95145|4.31269,True
J1:ALA906|J1:ARG879|J1:LEU1010:hydrophobic|J2:LEU855:hydrophobic,4,46,4.207565685343463,90|94|48|52,1.89076|1.62341|3.95145|4.31269,True
J1:ALA906:hydrophobic|J1:LEU881:hydrophobic|J1:LEU959:hydrogen_bond|J2:LEU855:hydrophobic,4,71,3.6871764917325662,94|72|97|78,0.961054|3.341|1.73872|3.56728,True
J1:ALA906|J1:LEU881:hydrophobic|J1:LEU959:hydrogen_bond|J2:LEU855:hydrophobic,4,71,3.6871764917325662,94|72|97|78,0.961054|3.341|1.73872|3.56728,True
J1:ALA906:hydrophobic|J1:LEU959:hydrogen_bond|J2:ARG980|J2:LEU983,4,36,3.8843166542195666,48|48|65|46,1.13741|1.63634|2.77837|4.3694,False
J1:ALA906:hydrophobic|J1:LEU959:hydrogen_bond|J2:ARG980|J2:LEU983:hydrophobic,4,36,3.8843166542195666,48|48|65|46,1.13741|1.63634|2.77837|4.3694,False
J1:ALA906|J1:LEU959:hydrogen_bond|J2:ARG980|J2:LEU983:hydrophobic,4,36,3.8843166542195666,48|48|65|46,1.13741|1.63634|2.77837|4.3694,False
J1:ALA906|J1:LEU959:hydrogen_bond|J2:ARG980|J2:LEU983,4,36,3.8843166542195666,48|48|65|46,1.13741|1.63634|2.77837|4.3694,False
J1:ALA906:hydrophobic|J1:ARG879|J1:LEU1010:hydrophobic|J2:ASP939,4,19,4.399078525641025,27|33|19|52,1.68575|1.61918|4.06069|4.31269,True
J1:ALA906|J1:ARG879|J1:LEU1010:hydrophobic|J2:ASP939,4,19,4.399078525641025,27|33|19|52,1.68575|1.61918|4.06069|4.31269,True
J1:ALA906:hydrophobic|J1:ARG879|J1:LEU1010|J2:ASP939,4,19,4.399078525641025,27|33|19|52,1.68575|1.61918|4.06069|4.31269,True
J1:ALA906|J1:ARG879|J1:LEU1010|J2:ASP939,4,19,4.399078525641025,27|33|19|52,1.68575|1.61918|4.06069|4.31269,True
J1:ALA906:hydrophobic|J1:LEU881|J1:LEU959:hydrogen_bond|J2:VAL863,4,71,3.5069145299145297,96|73|96|78,0.908767|3.18775|1.64517|3.45359,True
J1:ALA906|J1:LEU881|J1:LEU959:hydrogen_bond|J2:VAL863,4,71,3.5069145299145297,96|73|96|78,0.908767|3.18775|1.64517|3.45359,True
J1:ALA906:hydrophobic|J1:ARG879:hydrogen_bond|J1:LEU881:hydrophobic|J2:VAL863,4,44,4.008133669609079,88|96|45|50,1.69789|1.72636|4.00085|4.05601,True
J1:ALA906:hydrophobic|J1:ARG879|J1:LEU1010:hydrophobic|J2:LEU855,4,46,4.190321563682219,90|94|48|52,1.87306|1.60471|3.93687|4.31269,True
J1:ALA906|J1:ARG879|J1:LEU1010:hydrophobic|J2:LEU855,4,46,4.190321563682219,90|94|48|52,1.87306|1.60471|3.93687|4.31269,True
J1:ALA906|J1:ARG879:hydrogen_bond|J1:LEU881:hydrophobic|J2:VAL863,4,44,4.008133669609079,88|96|45|50,1.69789|1.72636|4.00085|4.05601,True
J1:ALA906:hydrophobic|J1:ARG879:hydrogen_bond|J1:LEU881|J2:VAL863,4,44,4.008133669609079,89|96|45|50,1.70976|1.64517|4.00085|4.05601,True
J1:ALA906|J1:ARG879:hydrogen_bond|J1:LEU881|J2:VAL863,4,44,4.008133669609079,89|96|45|50,1.70976|1.64517|4.00085|4.05601,True
J1:ALA906:hydrophobic|J1:ARG879|J1:LEU1010|J2:LEU855,4,46,4.190321563682219,90|94|48|52,1.87306|1.60471|3.93687|4.31269,True
J1:ALA906|J1:ARG879|J1:LEU1010|J2:LEU855,4,46,4.190321563682219,90|94|48|52,1.87306|1.60471|3.93687|4.31269,True
J1:ALA906:hydrophobic|J1:LEU881:hydrophobic|J1:LEU959:hydrogen_bond|J2:LEU855,4,71,3.6615116901659825,94|72|97|78,0.946255|3.3202|1.71794|3.56728,True
J1:ALA906|J1:LEU881:hydrophobic|J1:LEU959:hydrogen_bond|J2:LEU855,4,71,3.6615116901659825,94|72|97|78,0.946255|3.3202|1.71794|3.56728,True
J1:ALA906:hydrophobic|J1:ARG879|J1:LEU881:hydrophobic|J2:VAL863:hydrophobic,4,45,3.9378407026044817,90|96|47|52,1.59651|1.73056|4.00255|4.02718,True
J1:ALA906:hydrophobic|J1:ARG879|J1:LEU881|J2:VAL863:hydrophobic,4,45,3.9378407026044817,91|96|47|52,1.60783|1.64898|4.00255|4.02718,True
J1:ALA906|J1:ARG879|J1:LEU881|J2:VAL863:hydrophobic,4,45,3.9378407026044817,91|96|47|52,1.60783|1.64898|4.00255|4.02718,True
J1:ALA906|J1:ARG879|J1:LEU881:hydrophobic|J2:VAL863:hydrophobic,4,45,3.9378407026044817,90|96|47|52,1.59651|1.73056|4.00255|4.02718,True
J1:ALA906:hydrophobic|J1:ARG1007|J1:LEU881:hydrophobic|J1:LEU959:hydrogen_bond,4,53,3.8123848643266114,66|78|54|76,1.17924|3.56728|3.40981|1.88112,True
J1:ALA906|J1:ARG1007|J1:LEU881:hydrophobic|J1:LEU959:hydrogen_bond,4,53,3.8123848643266114,66|78|54|76,1.17924|3.56728|3.40981|1.88112,True
J1:ALA906:hydrophobic|J1:LEU881|J1:LEU959:hydrogen_bond|J2:LEU855:hydrophobic,4,71,3.6112392184474564,95|72|97|78,0.953299|3.341|1.66487|3.45359,True
J1:ALA906|J1:LEU881|J1:LEU959:hydrogen_bond|J2:LEU855:hydrophobic,4,71,3.6112392184474564,95|72|97|78,0.953299|3.341|1.66487|3.45359,True
J1:ALA906|J1:ARG879|J1:LEU881:hydrophobic|J2:VAL863,4,45,3.9070763221153846,90|96|47|52,1.58638|1.72636|3.97211|4.02718,True
J1:ALA906:hydrophobic|J1:ARG879|J1:LEU881:hydrophobic|J2:VAL863,4,45,3.9070763221153846,90|96|47|52,1.58638|1.72636|3.97211|4.02718,True
J1:ALA906:hydrophobic|J1:ARG879|J1:LEU881|J2:VAL863,4,45,3.9070763221153846,91|96|47|52,1.59767|1.64517|3.97211|4.02718,True
J1:ALA906|J1:ARG879|J1:LEU881|J2:VAL863,4,45,3.9070763221153846,91|96|47|52,1.59767|1.64517|3.97211|4.02718,True
J1:ALA906|J1:ARG879|J1:LEU881:hydrophobic|J2:ASN859,4,16,4.135241502683363,33|33|16|52,2.16368|1.97174|4.08771|4.02718,True
J1:ALA906:hydrophobic|J1:ARG879|J1:LEU881:hydrophobic|J2:ASN859,4,16,4.135241502683363,33|33|16|52,2.16368|1.97174|4.08771|4.02718,True
J1:ALA906:hydrophobic|J1:ARG879|J1:LEU881|J2:ASN859,4,16,4.135241502683363,33|33|16|52,2.15099|1.85693|4.08771|4.02718,True
J1:ALA906|J1:ARG879|J1:LEU881|J2:ASN859,4,16,4.135241502683363,33|33|16|52,2.15099|1.85693|4.08771|4.02718,True
J1:ALA906:hydrophobic|J1:LEU1010|J1:LEU881:hydrophobic|J1:LEU959:hydrogen_bond,4,75,3.6397799798454815,97|78|76|103,0.979115|3.56728|3.15747|1.77471,True
J1:ALA906:hydrophobic|J1:LEU1010:hydrophobic|J1:LEU881:hydrophobic|J1:LEU959:hydrogen_bond,4,75,3.6397799798454815,97|78|76|103,0.979115|3.56728|3.15747|1.77471,True
J1:ALA906|J1:LEU1010:hydrophobic|J1:LEU881:hydrophobic|J1:LEU959:hydrogen_bond,4,75,3.6397799798454815,97|78|76|103,0.979115|3.56728|3.15747|1.77471,True
J1:ALA906|J1:LEU1010|J1:LEU881:hydrophobic|J1:LEU959:hydrogen_bond,4,75,3.6397799798454815,97|78|76|103,0.979115|3.56728|3.15747|1.77471,True
J1:ALA906:hydrophobic|J1:LEU881|J1:LEU959:hydrogen_bond|J2:LEU855,4,71,3.586617132867133,95|72|97|78,0.936805|3.3202|1.64581|3.45359,True
J1:ALA906|J1:LEU881|J1:LEU959:hydrogen_bond|J2:LEU855,4,71,3.586617132867133,95|72|97|78,0.936805|3.3202|1.64581|3.45359,True
J1:ALA906|J1:ARG879:hydrogen_bond|J1:LEU881:hydrophobic|J2:LEU855:hydrophobic,4,45,4.016913809082483,91|97|46|50,1.66885|1.73872|3.97836|4.05601,True
J1:ALA906|J1:ARG879:hydrogen_bond|J1:LEU881|J2:LEU855:hydrophobic,4,45,4.016913809082483,92|97|46|50,1.68026|1.66487|3.97836|4.05601,True
J1:ALA906:hydrophobic|J1:ARG879:hydrogen_bond|J1:LEU881|J2:LEU855:hydrophobic,4,45,4.016913809082483,92|97|46|50,1.68026|1.66487|3.97836|4.05601,True
J1:ALA906:hydrophobic|J1:ARG879:hydrogen_bond|J1:LEU881:hydrophobic|J2:LEU855:hydrophobic,4,45,4.016913809082483,91|97|46|50,1.66885|1.73872|3.97836|4.05601,True
J1:ALA906|J1:LEU881:hydrophobic|J1:LEU959:hydrogen_bond|J2:ASN981:hydrophobic,4,22,3.4928021978021975,31|23|28|78,1.01628|3.0983|1.51424|3.56728,True
J1:ALA906:hydrophobic|J1:LEU881:hydrophobic|J1:LEU959:hydrogen_bond|J2:ASN981:hydrophobic,4,22,3.4928021978021975,31|23|28|78,1.01628|3.0983|1.51424|3.56728,True
J1:ALA906|J1:LEU881|J1:LEU959:hydrogen_bond|J1:VAL889,4,59,3.4877352700490993,76|61|72|78,0.816455|3.15312|1.434|3.45359,True
J1:ALA906:hydrophobic|J1:LEU881|J1:LEU959:hydrogen_bond|J1:VAL889:hydrophobic,4,58,3.4377641025641026,75|60|71|78,0.807664|3.10866|1.41662|3.45359,True
J1:ALA906|J1:LEU881|J1:LEU959:hydrogen_bond|J1:VAL889:hydrophobic,4,58,3.4377641025641026,75|60|71|78,0.807664|3.10866|1.41662|3.45359,True
J1:ALA906:hydrophobic|J1:LEU881|J1:LEU959:hydrogen_bond|J1:VAL889,4,59,3.4877352700490993,76|61|72|78,0.816455|3.15312|1.434|3.45359,True
J1:ALA906:hydrophobic|J1:ARG879:hydrogen_bond|J1:LEU881:hydrophobic|J2:LEU855,4,45,4.000846153846154,91|97|46|50,1.64577|1.71794|3.96294|4.05601,True
J1:ALA906|J1:ARG879:hydrogen_bond|J1:LEU881:hydrophobic|J2:LEU855,4,45,4.000846153846154,91|97|46|50,1.64577|1.71794|3.96294|4.05601,True
J1:ALA906|J1:ARG879:hydrogen_bond|J1:LEU881|J2:LEU855,4,45,4.000846153846154,92|97|46|50,1.65711|1.64581|3.96294|4.05601,True
J1:ALA906:hydrophobic|J1:ARG879:hydrogen_bond|J1:LEU881|J2:LEU855,4,45,4.000846153846154,92|97|46|50,1.65711|1.64581|3.96294|4.05601,True
J1:ALA906|J1:LEU881:hydrophobic|J1:LEU959:hydrogen_bond|J2:LYS882:hydrogen_bond,4,20,3.799474030243261,24|20|28|78,1.03381|3.17527|1.77815|3.56728,True
J1:ALA906:hydrophobic|J1:LEU881:hydrophobic|J1:LEU959:hydrogen_bond|J2:LYS882:hydrogen_bond,4,20,3.799474030243261,24|20|28|78,1.03381|3.17527|1.77815|3.56728,True
J1:ALA906:hydrophobic|J1:ARG1007|J1:LEU881|J1:LEU959:hydrogen_bond,4,53,3.704487179487179,66|78|54|76,1.15147|3.45359|3.40981|1.81055,True
J1:ALA906|J1:ARG1007|J1:LEU881|J1:LEU959:hydrogen_bond,4,53,3.704487179487179,66|78|54|76,1.15147|3.45359|3.40981|1.81055,True
J1:ALA906|J1:ARG879|J1:LEU881|J2:LEU855:hydrophobic,4,47,3.9872724603640632,95|97|48|52,1.57697|1.66487|3.95145|4.02718,True
J1:ALA906|J1:ARG879|J1:LEU881:hydrophobic|J2:LEU855:hydrophobic,4,47,3.9872724603640632,94|97|48|52,1.56739|1.73872|3.95145|4.02718,True
J1:ALA906:hydrophobic|J1:ARG879|J1:LEU881:hydrophobic|J2:LEU855:hydrophobic,4,47,3.9872724603640632,94|97|48|52,1.56739|1.73872|3.95145|4.02718,True
J1:ALA906:hydrophobic|J1:ARG879|J1:LEU881|J2:LEU855:hydrophobic,4,47,3.9872724603640632,95|97|48|52,1.57697|1.66487|3.95145|4.02718,True
J1:ALA906|J1:LEU959:hydrogen_bond|J2:LEU855:hydrophobic|J2:VAL863:hydrophobic,4,65,3.4235781990521326,87|88|73|72,0.903618|1.58378|3.213|3.341,True
J1:ALA906:hydrophobic|J1:LEU959:hydrogen_bond|J2:LEU855:hydrophobic|J2:VAL863:hydrophobic,4,65,3.4235781990521326,87|88|73|72,0.903618|1.58378|3.213|3.341,True
J1:ALA906:hydrophobic|J1:ARG1007:hydrogen_bond|J1:ARG879|J1:LEU881:hydrophobic,4,24,4.0108733371891265,57|52|56|24,2.2384|4.02718|1.67299|3.89377,True
J1:ALA906|J1:ARG1007:hydrogen_bond|J1:ARG879|J1:LEU881:hydrophobic,4,24,4.0108733371891265,57|52|56|24,2.2384|4.02718|1.67299|3.89377,True
J1:ALA906:hydrophobic|J1:ARG1007:hydrogen_bond|J1:ARG879|J1:LEU881,4,24,4.0108733371891265,57|52|56|24,2.23052|4.02718|1.61023|3.89377,True
J1:ALA906|J1:ARG1007:hydrogen_bond|J1:ARG879|J1:LEU881,4,24,4.0108733371891265,57|52|56|24,2.23052|4.02718|1.61023|3.89377,True
J1:ALA906:hydrophobic|J1:ARG1007:hydrogen_bond|J1:ARG879|J1:LEU959:hydrogen_bond,4,20,4.233699633699633,21|48|34|24,1.80218|5.76699|2.72821|3.89377,False
J1:ALA906|J1:ARG1007:hydrogen_bond|J1:ARG879|J1:LEU959:hydrogen_bond,4,20,4.233699633699633,21|48|34|24,1.80218|5.76699|2.72821|3.89377,False
J1:ALA906:hydrophobic|J1:LEU959:hydrogen_bond|J2:LEU855|J2:VAL863:hydrophobic,4,65,3.4074292452830184,87|88|73|72,0.888668|1.56603|3.213|3.3202,True
J1:ALA906|J1:LEU959:hydrogen_bond|J2:LEU855|J2:VAL863:hydrophobic,4,65,3.4074292452830184,87|88|73|72,0.888668|1.56603|3.213|3.3202,True
J1:ALA906|J1:LEU1010:hydrophobic|J1:LEU959:hydrogen_bond|J2:ASN981:hydrophobic,4,23,3.256173444390005,32|23|30|76,1.08094|3.0983|1.52588|3.15747,True
J1:ALA906:hydrophobic|J1:LEU1010:hydrophobic|J1:LEU959:hydrogen_bond|J2:ASN981:hydrophobic,4,23,3.256173444390005,32|23|30|76,1.08094|3.0983|1.52588|3.15747,True
J1:ALA906:hydrophobic|J1:LEU1010|J1:LEU959:hydrogen_bond|J2:ASN981:hydrophobic,4,23,3.256173444390005,32|23|30|76,1.08094|3.0983|1.52588|3.15747,True
J1:ALA906|J1:LEU1010|J1:LEU959:hydrogen_bond|J2:ASN981:hydrophobic,4,23,3.256173444390005,32|23|30|76,1.08094|3.0983|1.52588|3.15747,True
J1:ALA906|J1:ARG879|J1:LEU881:hydrophobic|J2:LEU855,4,47,3.972111728575607,94|97|48|52,1.54765|1.71794|3.93687|4.02718,True
J1:ALA906:hydrophobic|J1:ARG879|J1:LEU881:hydrophobic|J2:LEU855,4,47,3.972111728575607,94|97|48|52,1.54765|1.71794|3.93687|4.02718,True
J1:ALA906:hydrophobic|J1:ARG879|J1:LEU881|J2:LEU855,4,47,3.972111728575607,95|97|48|52,1.5572|1.64581|3.93687|4.02718,True
J1:ALA906|J1:ARG879|J1:LEU881|J2:LEU855,4,47,3.972111728575607,95|97|48|52,1.5572|1.64581|3.93687|4.02718,True
J1:ALA906:hydrophobic|J1:LEU881|J1:LEU959:hydrogen_bond|J2:ASN981:hydrophobic,4,22,3.3957799145299146,31|23|28|78,1.00005|3.0983|1.4541|3.45359,True
J1:ALA906|J1:LEU881|J1:LEU959:hydrogen_bond|J2:ASN981:hydrophobic,4,22,3.3957799145299146,31|23|28|78,1.00005|3.0983|1.4541|3.45359,True
J1:ALA906:hydrophobic|J1:LEU959:hydrogen_bond|J2:LEU855:hydrophobic|J2:VAL863,4,65,3.391431924882629,87|88|73|72,0.898997|1.57867|3.18775|3.341,True
J1:ALA906|J1:LEU959:hydrogen_bond|J2:LEU855:hydrophobic|J2:VAL863,4,65,3.391431924882629,87|88|73|72,0.898997|1.57867|3.18775|3.341,True
J1:ALA906:hydrophobic|J1:LEU1010|J1:LEU881|J1:LEU959:hydrogen_bond,4,75,3.5318204041720986,97|78|76|103,0.958227|3.45359|3.15747|1.69583,True
J1:ALA906|J1:LEU1010|J1:LEU881|J1:LEU959:hydrogen_bond,4,75,3.5318204041720986,97|78|76|103,0.958227|3.45359|3.15747|1.69583,True
J1:ALA906:hydrophobic|J1:LEU1010:hydrophobic|J1:LEU881|J1:LEU959:hydrogen_bond,4,75,3.5318204041720986,97|78|76|103,0.958227|3.45359|3.15747|1.69583,True
J1:ALA906|J1:LEU1010:hydrophobic|J1:LEU881|J1:LEU959:hydrogen_bond,4,75,3.5318204041720986,97|78|76|103,0.958227|3.45359|3.15747|1.69583,True
J1:ALA906:hydrophobic|J1:LEU959:hydrogen_bond|J1:VAL889|J2:LEU855:hydrophobic,4,55,3.463118326432774,70|67|72|61,0.827158|1.40094|3.341|3.15312,True
J1:ALA906:hydrophobic|J1:LEU959:hydrogen_bond|J1:VAL889:hydrophobic|J2:LEU855:hydrophobic,4,54,3.4098120629370627,69|66|72|60,0.817515|1.38133|3.341|3.10866,True
J1:ALA906|J1:LEU959:hydrogen_bond|J1:VAL889|J2:LEU855:hydrophobic,4,55,3.463118326432774,70|67|72|61,0.827158|1.40094|3.341|3.15312,True
J1:ALA906|J1:LEU959:hydrogen_bond|J1:VAL889:hydrophobic|J2:LEU855:hydrophobic,4,54,3.4098120629370627,69|66|72|60,0.817515|1.38133|3.341|3.10866,True
J1:ALA906|J1:LEU959:hydrogen_bond|J2:LEU855|J2:VAL863,4,65,3.3755841121495322,87|88|73|72,0.884199|1.56103|3.18775|3.3202,True
J1:ALA906:hydrophobic|J1:LEU959:hydrogen_bond|J2:LEU855|J2:VAL863,4,65,3.3755841121495322,87|88|73|72,0.884199|1.56103|3.18775|3.3202,True
J1:ALA906|J1:ARG1007:hydrogen_bond|J1:ARG879|J1:LEU959,4,20,4.193759071117562,21|48|34|24,1.76805|5.70531|2.3991|3.89377,False
J1:ALA906:hydrophobic|J1:ARG1007:hydrogen_bond|J1:ARG879|J1:LEU959,4,20,4.193759071117562,21|48|34|24,1.76805|5.70531|2.3991|3.89377,False
J1:ALA906|J1:LEU959:hydrogen_bond|J1:VAL889:hydrophobic|J2:LEU855,4,54,3.390547588005215,69|66|72|60,0.803383|1.3659|3.3202|3.10866,True
J1:ALA906:hydrophobic|J1:LEU959:hydrogen_bond|J1:VAL889|J2:LEU855,4,55,3.443607800650054,70|67|72|61,0.812897|1.38531|3.3202|3.15312,True
J1:ALA906:hydrophobic|J1:LEU959:hydrogen_bond|J1:VAL889:hydrophobic|J2:LEU855,4,54,3.390547588005215,69|66|72|60,0.803383|1.3659|3.3202|3.10866,True
J1:ALA906|J1:LEU959:hydrogen_bond|J1:VAL889|J2:LEU855,4,55,3.443607800650054,70|67|72|61,0.812897|1.38531|3.3202|3.15312,True
J1:ALA906:hydrophobic|J1:LEU881:hydrophobic|J1:LEU959:hydrogen_bond|J2:ASN981,4,22,3.3957799145299146,31|23|28|78,0.984335|3.02497|1.48179|3.56728,True
J1:ALA906|J1:LEU881:hydrophobic|J1:LEU959:hydrogen_bond|J2:ASN981,4,22,3.3957799145299146,31|23|28|78,0.984335|3.02497|1.48179|3.56728,True
J1:ALA906:hydrophobic|J1:LEU881:hydrophobic|J1:LEU959:hydrogen_bond|J2:LYS882,4,20,3.704487179487179,25|20|28|78,0.983492|3.04478|1.5716|3.56728,True
J1:ALA906|J1:LEU881:hydrophobic|J1:LEU959:hydrogen_bond|J2:LYS882,4,20,3.704487179487179,25|20|28|78,0.983492|3.04478|1.5716|3.56728,True
J1:ALA906:hydrophobic|J1:LEU959:hydrogen_bond|J1:VAL889|J2:LYS882:hydrogen_bond,4,18,3.4490053050397877,22|23|20|61,0.94766|1.51697|3.17527|3.15312,True
J1:ALA906:hydrophobic|J1:LEU959:hydrogen_bond|J1:VAL889:hydrophobic|J2:LYS882:hydrogen_bond,4,18,3.4490053050397877,22|23|20|60,0.94766|1.52149|3.17527|3.10866,True
J1:ALA906|J1:LEU959:hydrogen_bond|J1:VAL889|J2:LYS882:hydrogen_bond,4,18,3.4490053050397877,22|23|20|61,0.94766|1.51697|3.17527|3.15312,True
J1:ALA906|J1:LEU959:hydrogen_bond|J1:VAL889:hydrophobic|J2:LYS882:hydrogen_bond,4,18,3.4490053050397877,22|23|20|60,0.94766|1.52149|3.17527|3.10866,True
J1:ALA906:hydrophobic|J1:LEU881:hydrophobic|J1:LEU959|J2:VAL863:hydrophobic,4,71,3.3223400809716597,95|73|96|78,0.879449|2.93411|1.73056|3.25272,True
J1:ALA906|J1:LEU881:hydrophobic|J1:LEU959|J2:VAL863:hydrophobic,4,71,3.3223400809716597,95|73|96|78,0.879449|2.93411|1.73056|3.25272,True
J1:ALA906:hydrophobic|J1:LEU881:hydrophobic|J1:LEU959|J2:VAL863,4,71,3.3014885741873186,95|73|96|78,0.876165|2.91304|1.72636|3.25272,True
J1:ALA906|J1:LEU881:hydrophobic|J1:LEU959|J2:VAL863,4,71,3.3014885741873186,95|73|96|78,0.876165|2.91304|1.72636|3.25272,True
J1:ALA906:hydrophobic|J1:ARG879|J1:LEU1010|J2:LEU983,4,41,3.894460880999342,75|88|43|52,1.79829|1.48969|3.67599|4.31269,False
J1:ALA906:hydrophobic|J1:ARG879|J1:LEU1010|J2:LEU983:hydrophobic,4,41,3.894460880999342,75|88|43|52,1.79829|1.48969|3.67599|4.31269,False
J1:ALA906|J1:ARG879|J1:LEU1010|J2:LEU983,4,41,3.894460880999342,75|88|43|52,1.79829|1.48969|3.67599|4.31269,False
J1:ALA906|J1:ARG879|J1:LEU1010|J2:LEU983:hydrophobic,4,41,3.894460880999342,75|88|43|52,1.79829|1.48969|3.67599|4.31269,False
J1:ALA906:hydrophobic|J1:ARG879|J1:LEU1010:hydrophobic|J2:LEU983:hydrophobic,4,41,3.894460880999342,75|88|43|52,1.79829|1.48969|3.67599|4.31269,False
J1:ALA906:hydrophobic|J1:ARG879|J1:LEU1010:hydrophobic|J2:LEU983,4,41,3.894460880999342,75|88|43|52,1.79829|1.48969|3.67599|4.31269,False
J1:ALA906|J1:ARG879|J1:LEU1010:hydrophobic|J2:LEU983,4,41,3.894460880999342,75|88|43|52,1.79829|1.48969|3.67599|4.31269,False
J1:ALA906|J1:ARG879|J1:LEU1010:hydrophobic|J2:LEU983:hydrophobic,4,41,3.894460880999342,75|88|43|52,1.79829|1.48969|3.67599|4.31269,False
J1:ALA906|J1:LEU881:hydrophobic|J1:LEU959|J1:VAL889,4,59,3.388600675809978,75|61|72|78,0.788562|2.9539|1.50267|3.25272,True
J1:ALA906:hydrophobic|J1:LEU881:hydrophobic|J1:LEU959|J1:VAL889:hydrophobic,4,58,3.339796731765644,74|60|71|78,0.779892|2.91182|1.48458|3.25272,True
J1:ALA906|J1:LEU881:hydrophobic|J1:LEU959|J1:VAL889:hydrophobic,4,58,3.339796731765644,74|60|71|78,0.779892|2.91182|1.48458|3.25272,True
J1:ALA906:hydrophobic|J1:LEU881:hydrophobic|J1:LEU959|J1:VAL889,4,59,3.388600675809978,75|61|72|78,0.788562|2.9539|1.50267|3.25272,True
J1:ALA906:hydrophobic|J1:LEU1010:hydrophobic|J1:LEU959:hydrogen_bond|J2:ASN981,4,23,3.175274725274725,32|23|30|76,1.04444|3.02497|1.49174|3.15747,True
J1:ALA906|J1:LEU1010:hydrophobic|J1:LEU959:hydrogen_bond|J2:ASN981,4,23,3.175274725274725,32|23|30|76,1.04444|3.02497|1.49174|3.15747,True
J1:ALA906:hydrophobic|J1:LEU1010|J1:LEU959:hydrogen_bond|J2:ASN981,4,23,3.175274725274725,32|23|30|76,1.04444|3.02497|1.49174|3.15747,True
J1:ALA906|J1:LEU1010|J1:LEU959:hydrogen_bond|J2:ASN981,4,23,3.175274725274725,32|23|30|76,1.04444|3.02497|1.49174|3.15747,True
J1:ALA906:hydrophobic|J1:LEU881|J1:LEU959:hydrogen_bond|J2:ASN981,4,22,3.304002079002079,31|23|28|78,0.969106|3.02497|1.42415|3.45359,True
J1:ALA906|J1:LEU881|J1:LEU959:hydrogen_bond|J2:ASN981,4,22,3.304002079002079,31|23|28|78,0.969106|3.02497|1.42415|3.45359,True
J1:ALA906:hydrophobic|J1:LEU1010:hydrophobic|J1:LEU959:hydrogen_bond|J2:VAL863:hydrophobic,4,69,3.270059045432179,89|73|95|76,0.880372|3.213|1.61311|3.15747,True
J1:ALA906|J1:LEU1010:hydrophobic|J1:LEU959:hydrogen_bond|J2:VAL863:hydrophobic,4,69,3.270059045432179,89|73|95|76,0.880372|3.213|1.61311|3.15747,True
J1:ALA906:hydrophobic|J1:LEU1010|J1:LEU959:hydrogen_bond|J2:VAL863:hydrophobic,4,69,3.270059045432179,89|73|95|76,0.880372|3.213|1.61311|3.15747,True
J1:ALA906|J1:LEU1010|J1:LEU959:hydrogen_bond|J2:VAL863:hydrophobic,4,69,3.270059045432179,89|73|95|76,0.880372|3.213|1.61311|3.15747,True
J1:ALA906:hydrophobic|J1:LEU1010:hydrophobic|J1:LEU959:hydrogen_bond|J2:LEU855:hydrophobic,4,68,3.4041233541233535,87|72|94|76,0.92701|3.341|1.62341|3.15747,True
J1:ALA906|J1:LEU1010:hydrophobic|J1:LEU959:hydrogen_bond|J2:LEU855:hydrophobic,4,68,3.4041233541233535,87|72|94|76,0.92701|3.341|1.62341|3.15747,True
J1:ALA906:hydrophobic|J1:LEU1010|J1:LEU959:hydrogen_bond|J2:LEU855:hydrophobic,4,68,3.4041233541233535,87|72|94|76,0.92701|3.341|1.62341|3.15747,True
J1:ALA906|J1:LEU1010|J1:LEU959:hydrogen_bond|J2:LEU855:hydrophobic,4,68,3.4041233541233535,87|72|94|76,0.92701|3.341|1.62341|3.15747,True
J1:ALA906|J1:LEU881|J1:LEU959|J2:VAL863:hydrophobic,4,71,3.2075437773608506,96|73|96|78,0.86458|2.93411|1.64898|3.14076,True
J1:ALA906:hydrophobic|J1:LEU881|J1:LEU959|J2:VAL863:hydrophobic,4,71,3.2075437773608506,96|73|96|78,0.86458|2.93411|1.64898|3.14076,True
J1:ALA906|J1:LEU959:hydrogen_bond|J1:VAL889:hydrophobic|J2:LYS882,4,18,3.306484424666243,22|23|20|60,0.879483|1.34178|3.04478|3.10866,True
J1:ALA906:hydrophobic|J1:LEU881|J1:LEU959:hydrogen_bond|J2:LYS882:hydrogen_bond,4,20,3.5849875930521087,24|20|28|78,0.997096|3.17527|1.6866|3.45359,True
J1:ALA906|J1:LEU881|J1:LEU959:hydrogen_bond|J2:LYS882:hydrogen_bond,4,20,3.5849875930521087,24|20|28|78,0.997096|3.17527|1.6866|3.45359,True
J1:ALA906:hydrophobic|J1:LEU959:hydrogen_bond|J1:VAL889:hydrophobic|J2:LYS882,4,18,3.306484424666243,22|23|20|60,0.879483|1.34178|3.04478|3.10866,True
J1:ALA906|J1:LEU959:hydrogen_bond|J1:VAL889|J2:LYS882,4,18,3.306484424666243,22|23|20|61,0.879483|1.33827|3.04478|3.15312,True
J1:ALA906:hydrophobic|J1:LEU959:hydrogen_bond|J1:VAL889|J2:LYS882,4,18,3.306484424666243,22|23|20|61,0.879483|1.33827|3.04478|3.15312,True
J1:ALA906:hydrophobic|J1:LEU1010|J1:LEU959:hydrogen_bond|J2:VAL863,4,69,3.249274771838331,89|73|95|76,0.877249|3.18775|1.60942|3.15747,True
J1:ALA906|J1:LEU1010|J1:LEU959:hydrogen_bond|J2:VAL863,4,69,3.249274771838331,89|73|95|76,0.877249|3.18775|1.60942|3.15747,True
J1:ALA906:hydrophobic|J1:LEU1010:hydrophobic|J1:LEU959:hydrogen_bond|J2:VAL863,4,69,3.249274771838331,89|73|95|76,0.877249|3.18775|1.60942|3.15747,True
J1:ALA906|J1:LEU1010:hydrophobic|J1:LEU959:hydrogen_bond|J2:VAL863,4,69,3.249274771838331,89|73|95|76,0.877249|3.18775|1.60942|3.15747,True
J1:ALA906:hydrophobic|J1:LEU1010|J1:LEU959:hydrogen_bond|J2:LEU855,4,68,3.3812768886594387,87|72|94|76,0.914299|3.3202|1.60471|3.15747,True
J1:ALA906|J1:LEU1010|J1:LEU959:hydrogen_bond|J2:LEU855,4,68,3.3812768886594387,87|72|94|76,0.914299|3.3202|1.60471|3.15747,True
J1:ALA906|J1:LEU1010:hydrophobic|J1:LEU959:hydrogen_bond|J2:LEU855,4,68,3.3812768886594387,87|72|94|76,0.914299|3.3202|1.60471|3.15747,True
J1:ALA906:hydrophobic|J1:LEU1010:hydrophobic|J1:LEU959:hydrogen_bond|J2:LEU855,4,68,3.3812768886594387,87|72|94|76,0.914299|3.3202|1.60471|3.15747,True
J1:ALA906:hydrophobic|J1:LEU881|J1:LEU959|J2:VAL863,4,71,3.188104118104118,96|73|96|78,0.861439|2.91304|1.64517|3.14076,True
J1:ALA906|J1:LEU881|J1:LEU959|J2:VAL863,4,71,3.188104118104118,96|73|96|78,0.861439|2.91304|1.64517|3.14076,True
J1:ALA906:hydrophobic|J1:LEU881:hydrophobic|J2:ALA880|J2:TYR931,4,25,3.704487179487179,30|26|55|36,2.57455|3.63459|2.57907|1.53583,True
J1:ALA906|J1:LEU881:hydrophobic|J2:ALA880|J2:TYR931,4,25,3.704487179487179,30|26|55|36,2.57455|3.63459|2.57907|1.53583,True
J1:ALA906:hydrophobic|J1:LEU881:hydrophobic|J2:ALA880:hydrophobic|J2:TYR931,4,25,3.704487179487179,30|26|55|36,2.57455|3.63459|2.57907|1.53583,True
J1:ALA906|J1:LEU881:hydrophobic|J2:ALA880:hydrophobic|J2:TYR931,4,25,3.704487179487179,30|26|55|36,2.57455|3.63459|2.57907|1.53583,True
J1:ALA906|J1:LEU959|J2:ARG980|J2:LEU983,4,36,3.540571817562968,48|48|65|46,1.06796|1.63634|2.55256|3.97836,False
J1:ALA906:hydrophobic|J1:LEU959|J2:ARG980|J2:LEU983:hydrophobic,4,36,3.540571817562968,48|48|65|46,1.06796|1.63634|2.55256|3.97836,False
J1:ALA906|J1:LEU959|J2:ARG980|J2:LEU983:hydrophobic,4,36,3.540571817562968,48|48|65|46,1.06796|1.63634|2.55256|3.97836,False
J1:ALA906:hydrophobic|J1:LEU959|J2:ARG980|J2:LEU983,4,36,3.540571817562968,48|48|65|46,1.06796|1.63634|2.55256|3.97836,False
J1:ALA906:hydrophobic|J1:LEU1010:hydrophobic|J1:LEU959:hydrogen_bond|J1:VAL889,4,58,3.25545843045843,73|61|72|76,0.811283|3.15312|1.43015|3.15747,True
J1:ALA906|J1:LEU1010:hydrophobic|J1:LEU959:hydrogen_bond|J1:VAL889:hydrophobic,4,57,3.2074294060370008,72|60|71|76,0.802175|3.10866|1.41155|3.15747,True
J1:ALA906:hydrophobic|J1:LEU1010:hydrophobic|J1:LEU959:hydrogen_bond|J1:VAL889:hydrophobic,4,57,3.2074294060370008,72|60|71|76,0.802175|3.10866|1.41155|3.15747,True
J1:ALA906:hydrophobic|J1:LEU1010|J1:LEU959:hydrogen_bond|J1:VAL889,4,58,3.25545843045843,73|61|72|76,0.811283|3.15312|1.43015|3.15747,True
J1:ALA906|J1:LEU1010|J1:LEU959:hydrogen_bond|J1:VAL889,4,58,3.25545843045843,73|61|72|76,0.811283|3.15312|1.43015|3.15747,True
J1:ALA906:hydrophobic|J1:LEU1010|J1:LEU959:hydrogen_bond|J1:VAL889:hydrophobic,4,57,3.2074294060370008,72|60|71|76,0.802175|3.10866|1.41155|3.15747,True
J1:ALA906|J1:LEU1010|J1:LEU959:hydrogen_bond|J1:VAL889:hydrophobic,4,57,3.2074294060370008,72|60|71|76,0.802175|3.10866|1.41155|3.15747,True
J1:ALA906|J1:LEU1010:hydrophobic|J1:LEU959:hydrogen_bond|J1:VAL889,4,58,3.25545843045843,73|61|72|76,0.811283|3.15312|1.43015|3.15747,True
J1:ALA906|J1:LEU881:hydrophobic|J1:LEU959|J2:LEU855:hydrophobic,4,71,3.357684124386252,94|72|97|78,0.911178|3.04247|1.73872|3.25272,True
J1:ALA906:hydrophobic|J1:LEU881:hydrophobic|J1:LEU959|J2:LEU855:hydrophobic,4,71,3.357684124386252,94|72|97|78,0.911178|3.04247|1.73872|3.25272,True
J1:ARG1007|J1:ARG879|J1:LEU1010:hydrophobic|J2:ASN859:hydrogen_bond,4,25,3.7800889586603867,32|52|27|71,3.43605|1.94907|2.66723|2.7303,True
J1:ARG1007|J1:ARG879|J1:LEU1010|J2:ASN859:hydrogen_bond,4,25,3.7800889586603867,32|52|27|71,3.43605|1.94907|2.66723|2.7303,True
J1:ALA906:hydrophobic|J1:LEU881|J1:LEU959|J1:VAL889,4,59,3.25406566138576,76|61|72|78,0.775595|2.9539|1.434|3.14076,True
J1:ALA906:hydrophobic|J1:LEU881|J1:LEU959|J1:VAL889:hydrophobic,4,58,3.2068694986605433,75|60|71|78,0.767151|2.91182|1.41662|3.14076,True
J1:ALA906|J1:LEU881|J1:LEU959|J1:VAL889,4,59,3.25406566138576,76|61|72|78,0.775595|2.9539|1.434|3.14076,True
J1:ALA906|J1:LEU881|J1:LEU959|J1:VAL889:hydrophobic,4,58,3.2068694986605433,75|60|71|78,0.767151|2.91182|1.41662|3.14076,True
J1:ALA906:hydrophobic|J1:LEU881|J2:ALA880:hydrophobic|J2:TYR931,4,25,3.631850175967823,30|26|55|36,2.51626|3.63459|2.51023|1.44435,True
J1:ALA906|J1:LEU881|J2:ALA880|J2:TYR931,4,25,3.631850175967823,30|26|55|36,2.51626|3.63459|2.51023|1.44435,True
J1:ALA906|J1:LEU881|J2:ALA880:hydrophobic|J2:TYR931,4,25,3.631850175967823,30|26|55|36,2.51626|3.63459|2.51023|1.44435,True
J1:ALA906:hydrophobic|J1:LEU881|J2:ALA880|J2:TYR931,4,25,3.631850175967823,30|26|55|36,2.51626|3.63459|2.51023|1.44435,True
J1:ALA906:hydrophobic|J1:LEU1010:hydrophobic|J1:LEU959:hydrogen_bond|J2:LYS882:hydrogen_bond,4,20,3.446034585569469,24|20|28|76,0.977008|3.17527|1.6292|3.15747,True
J1:ALA906|J1:LEU1010:hydrophobic|J1:LEU959:hydrogen_bond|J2:LYS882:hydrogen_bond,4,20,3.446034585569469,24|20|28|76,0.977008|3.17527|1.6292|3.15747,True
J1:ALA906:hydrophobic|J1:LEU959|J1:VAL889|J2:LYS882:hydrogen_bond,4,18,3.306484424666243,22|23|20|61,0.9022|1.51697|2.96359|2.9539,True
J1:ALA906:hydrophobic|J1:LEU959|J1:VAL889:hydrophobic|J2:LYS882:hydrogen_bond,4,18,3.306484424666243,22|23|20|60,0.9022|1.52149|2.96359|2.91182,True
J1:ALA906|J1:LEU959|J1:VAL889|J2:LYS882:hydrogen_bond,4,18,3.306484424666243,22|23|20|61,0.9022|1.51697|2.96359|2.9539,True
J1:ALA906|J1:LEU959|J1:VAL889:hydrophobic|J2:LYS882:hydrogen_bond,4,18,3.306484424666243,22|23|20|60,0.9022|1.52149|2.96359|2.91182,True
J1:ALA906:hydrophobic|J1:LEU1010|J1:LEU959:hydrogen_bond|J2:LYS882:hydrogen_bond,4,20,3.446034585569469,24|20|28|76,0.977008|3.17527|1.6292|3.15747,True
J1:ALA906|J1:LEU1010|J1:LEU959:hydrogen_bond|J2:LYS882:hydrogen_bond,4,20,3.446034585569469,24|20|28|76,0.977008|3.17527|1.6292|3.15747,True
J1:ALA906:hydrophobic|J1:LEU881:hydrophobic|J1:LEU959|J2:LEU855,4,71,3.3293492372606295,94|72|97|78,0.896324|3.01951|1.71794|3.25272,True
J1:ALA906|J1:LEU881:hydrophobic|J1:LEU959|J2:LEU855,4,71,3.3293492372606295,94|72|97|78,0.896324|3.01951|1.71794|3.25272,True
J1:ALA906|J1:ASP1021|J1:LEU881:hydrophobic|J1:LEU959:hydrogen_bond,4,32,3.2330069930069927,45|78|34|50,0.91177|3.56728|2.86256|1.57638,False
J1:ALA906:hydrophobic|J1:ASP1021|J1:LEU881:hydrophobic|J1:LEU959:hydrogen_bond,4,32,3.2330069930069927,45|78|34|50,0.91177|3.56728|2.86256|1.57638,False
J1:ALA906:hydrophobic|J1:ARG1007|J1:LEU1010:hydrophobic|J1:LEU959:hydrogen_bond,4,51,3.4246920752963046,61|76|54|75,1.07436|3.15747|3.40981|1.75476,True
J1:ALA906|J1:ARG1007|J1:LEU1010:hydrophobic|J1:LEU959:hydrogen_bond,4,51,3.4246920752963046,61|76|54|75,1.07436|3.15747|3.40981|1.75476,True
J1:ALA906:hydrophobic|J1:ARG1007|J1:LEU1010|J1:LEU959:hydrogen_bond,4,51,3.4246920752963046,61|76|54|75,1.07436|3.15747|3.40981|1.75476,True
J1:ALA906|J1:ARG1007|J1:LEU1010|J1:LEU959:hydrogen_bond,4,51,3.4246920752963046,61|76|54|75,1.07436|3.15747|3.40981|1.75476,True
J1:ALA906|J1:ARG879|J1:LEU881:hydrophobic|J2:LEU983,4,41,3.659854803830707,78|90|43|52,1.44716|1.62901|3.67599|4.02718,False
J1:ALA906|J1:ARG879|J1:LEU881:hydrophobic|J2:LEU983:hydrophobic,4,41,3.659854803830707,78|90|43|52,1.44716|1.62901|3.67599|4.02718,False
J1:ALA906:hydrophobic|J1:ARG879|J1:LEU881:hydrophobic|J2:LEU983:hydrophobic,4,41,3.659854803830707,78|90|43|52,1.44716|1.62901|3.67599|4.02718,False
J1:ALA906:hydrophobic|J1:ARG879|J1:LEU881:hydrophobic|J2:LEU983,4,41,3.659854803830707,78|90|43|52,1.44716|1.62901|3.67599|4.02718,False
J1:ALA906:hydrophobic|J1:ARG879|J1:LEU881|J2:LEU983,4,41,3.659854803830707,79|90|43|52,1.46084|1.55433|3.67599|4.02718,False
J1:ALA906:hydrophobic|J1:ARG879|J1:LEU881|J2:LEU983:hydrophobic,4,41,3.659854803830707,79|90|43|52,1.46084|1.55433|3.67599|4.02718,False
J1:ALA906|J1:ARG879|J1:LEU881|J2:LEU983,4,41,3.659854803830707,79|90|43|52,1.46084|1.55433|3.67599|4.02718,False
J1:ALA906|J1:ARG879|J1:LEU881|J2:LEU983:hydrophobic,4,41,3.659854803830707,79|90|43|52,1.46084|1.55433|3.67599|4.02718,False
J1:ALA906|J1:LEU881|J1:LEU959|J2:LEU855:hydrophobic,4,71,3.2740903287583785,95|72|97|78,0.900067|3.04247|1.66487|3.14076,True
J1:ALA906:hydrophobic|J1:LEU881|J1:LEU959|J2:LEU855:hydrophobic,4,71,3.2740903287583785,95|72|97|78,0.900067|3.04247|1.66487|3.14076,True
J1:ALA906:hydrophobic|J1:ARG1007|J1:LEU959:hydrogen_bond|J2:LEU855:hydrophobic,4,47,3.5055885389778005,59|72|69|54,1.09832|3.341|1.7155|3.40981,True
J1:ALA906|J1:ARG1007|J1:LEU959:hydrogen_bond|J2:LEU855:hydrophobic,4,47,3.5055885389778005,59|72|69|54,1.09832|3.341|1.7155|3.40981,True
J1:ALA906:hydrophobic|J1:LEU1010|J1:LEU881:hydrophobic|J1:LEU959,4,75,3.3010281797410506,97|78|76|103,0.930519|3.25272|2.87776|1.77471,True
J1:ALA906:hydrophobic|J1:LEU1010:hydrophobic|J1:LEU881:hydrophobic|J1:LEU959,4,75,3.3010281797410506,97|78|76|103,0.930519|3.25272|2.87776|1.77471,True
J1:ALA906|J1:LEU1010:hydrophobic|J1:LEU881:hydrophobic|J1:LEU959,4,75,3.3010281797410506,97|78|76|103,0.930519|3.25272|2.87776|1.77471,True
J1:ALA906|J1:LEU1010|J1:LEU881:hydrophobic|J1:LEU959,4,75,3.3010281797410506,97|78|76|103,0.930519|3.25272|2.87776|1.77471,True
J1:ALA906:hydrophobic|J1:ARG1007|J1:LEU881:hydrophobic|J1:LEU959,4,53,3.3948902682332074,66|78|54|76,1.08746|3.25272|3.04633|1.88112,True
J1:ALA906|J1:ARG1007|J1:LEU881:hydrophobic|J1:LEU959,4,53,3.3948902682332074,66|78|54|76,1.08746|3.25272|3.04633|1.88112,True
J1:ALA906:hydrophobic|J1:LEU881|J1:LEU959|J2:LEU855,4,71,3.247143083254194,95|72|97|78,0.883867|3.01951|1.64581|3.14076,True
J1:ALA906|J1:LEU881|J1:LEU959|J2:LEU855,4,71,3.247143083254194,95|72|97|78,0.883867|3.01951|1.64581|3.14076,True
J1:ALA906:hydrophobic|J1:LEU959|J1:VAL889|J2:LEU855:hydrophobic,4,55,3.2340761090761085,70|67|72|61,0.785404|1.40094|3.04247|2.9539,True
J1:ALA906|J1:LEU959|J1:VAL889|J2:LEU855:hydrophobic,4,55,3.2340761090761085,70|67|72|61,0.785404|1.40094|3.04247|2.9539,True
J1:ALA906:hydrophobic|J1:LEU959|J1:VAL889:hydrophobic|J2:LEU855:hydrophobic,4,54,3.1836972046521117,69|66|72|60,0.776143|1.38133|3.04247|2.91182,True
J1:ALA906|J1:LEU959|J1:VAL889:hydrophobic|J2:LEU855:hydrophobic,4,54,3.1836972046521117,69|66|72|60,0.776143|1.38133|3.04247|2.91182,True
J1:ALA906:hydrophobic|J1:LEU881|J1:LEU959:hydrogen_bond|J2:LYS882,4,20,3.4729567307692304,25|20|28|78,0.949869|3.04478|1.48888|3.45359,True
J1:ALA906|J1:LEU881|J1:LEU959:hydrogen_bond|J2:LYS882,4,20,3.4729567307692304,25|20|28|78,0.949869|3.04478|1.48888|3.45359,True
J1:ALA906:hydrophobic|J1:GLU966|J1:LEU881:hydrophobic|J1:LEU959:hydrogen_bond,4,31,3.2048121645796064,37|78|31|39,0.905723|3.56728|2.88299|1.4618,False
J1:ALA906|J1:GLU966|J1:LEU881:hydrophobic|J1:LEU959:hydrogen_bond,4,31,3.2048121645796064,37|78|31|39,0.905723|3.56728|2.88299|1.4618,False
J1:ALA906:hydrophobic|J1:LEU959|J2:LEU855:hydrophobic|J2:VAL863:hydrophobic,4,65,3.113685344827586,87|88|73|72,0.856776|1.58378|2.93411|3.04247,True
J1:ALA906|J1:LEU959|J2:LEU855:hydrophobic|J2:VAL863:hydrophobic,4,65,3.113685344827586,87|88|73|72,0.856776|1.58378|2.93411|3.04247,True
J1:ALA906:hydrophobic|J1:ARG1007|J1:LEU959:hydrogen_bond|J2:LEU855,4,47,3.4706491183235366,59|72|69|54,1.08111|3.3202|1.6984|3.40981,True
J1:ALA906|J1:ARG1007|J1:LEU959:hydrogen_bond|J2:LEU855,4,47,3.4706491183235366,59|72|69|54,1.08111|3.3202|1.6984|3.40981,True
J1:ALA906:hydrophobic|J1:LEU959|J1:VAL889|J2:LEU855,4,55,3.2086109428629115,70|67|72|61,0.770621|1.38531|3.01951|2.9539,True
J1:ALA906|J1:LEU959|J1:VAL889|J2:LEU855,4,55,3.2086109428629115,70|67|72|61,0.770621|1.38531|3.01951|2.9539,True
J1:ALA906:hydrophobic|J1:LEU959|J1:VAL889:hydrophobic|J2:LEU855,4,54,3.158562753036437,69|66|72|60,0.761498|1.3659|3.01951|2.91182,True
J1:ALA906|J1:LEU959|J1:VAL889:hydrophobic|J2:LEU855,4,54,3.158562753036437,69|66|72|60,0.761498|1.3659|3.01951|2.91182,True
J1:ALA906:hydrophobic|J1:LEU959|J2:LEU855|J2:VAL863:hydrophobic,4,65,3.093683083511777,87|88|73|72,0.841489|1.56603|2.93411|3.01951,True
J1:ALA906|J1:LEU959|J2:LEU855|J2:VAL863:hydrophobic,4,65,3.093683083511777,87|88|73|72,0.841489|1.56603|2.93411|3.01951,True
J1:ARG879|J1:LEU1010:hydrophobic|J1:LEU881:hydrophobic|J2:ARG980:hydrogen_bond,4,46,3.2458363858363857,99|47|46|97,1.82915|2.52946|3.08894|1.96358,True
J1:ARG879|J1:LEU1010|J1:LEU881:hydrophobic|J2:ARG980:hydrogen_bond,4,46,3.2458363858363857,99|47|46|97,1.82915|2.52946|3.08894|1.96358,True
J1:ARG1007|J1:ARG879:hydrogen_bond|J1:LEU1010|J2:ASN859:hydrogen_bond,4,23,3.7868091168091165,30|52|25|68,3.50951|1.94907|2.67151|2.90102,True
J1:ARG1007|J1:ARG879:hydrogen_bond|J1:LEU1010:hydrophobic|J2:ASN859:hydrogen_bond,4,23,3.7868091168091165,30|52|25|68,3.50951|1.94907|2.67151|2.90102,True
J1:ALA906:hydrophobic|J1:LEU1010|J1:LEU959:hydrogen_bond|J2:LYS882,4,20,3.3174512055109067,25|20|28|76,0.932337|3.04478|1.4541|3.15747,True
J1:ALA906|J1:LEU1010|J1:LEU959:hydrogen_bond|J2:LYS882,4,20,3.3174512055109067,25|20|28|76,0.932337|3.04478|1.4541|3.15747,True
J1:ALA906:hydrophobic|J1:LEU1010:hydrophobic|J1:LEU959:hydrogen_bond|J2:LYS882,4,20,3.3174512055109067,25|20|28|76,0.932337|3.04478|1.4541|3.15747,True
J1:ALA906|J1:LEU1010:hydrophobic|J1:LEU959:hydrogen_bond|J2:LYS882,4,20,3.3174512055109067,25|20|28|76,0.932337|3.04478|1.4541|3.15747,True
J1:ALA906|J1:ARG879|J1:ASP1021|J1:LEU1010,4,18,3.8843166542195666,47|49|52|19,2.60515|1.42369|4.31269|3.43343,False
J1:ALA906:hydrophobic|J1:ARG879|J1:ASP1021|J1:LEU1010,4,18,3.8843166542195666,47|49|52|19,2.60515|1.42369|4.31269|3.43343,False
J1:ALA906|J1:ARG879|J1:ASP1021|J1:LEU1010:hydrophobic,4,18,3.8843166542195666,47|49|52|19,2.60515|1.42369|4.31269|3.43343,False
J1:ALA906:hydrophobic|J1:ARG879|J1:ASP1021|J1:LEU1010:hydrophobic,4,18,3.8843166542195666,47|49|52|19,2.60515|1.42369|4.31269|3.43343,False
J1:ALA906:hydrophobic|J1:LEU959|J2:LEU855:hydrophobic|J2:VAL863,4,65,3.0870726495726495,87|88|73|72,0.85262|1.57867|2.91304|3.04247,True
J1:ALA906|J1:LEU959|J2:LEU855:hydrophobic|J2:VAL863,4,65,3.0870726495726495,87|88|73|72,0.85262|1.57867|2.91304|3.04247,True
J1:ALA906:hydrophobic|J1:LEU881:hydrophobic|J1:LEU959:hydrogen_bond|J2:LEU983:hydrophobic,4,63,3.1680908458057777,83|65|90|78,0.82728|2.77837|1.62901|3.56728,False
J1:ALA906:hydrophobic|J1:LEU881:hydrophobic|J1:LEU959:hydrogen_bond|J2:LEU983,4,63,3.1680908458057777,83|65|90|78,0.82728|2.77837|1.62901|3.56728,False
J1:ALA906|J1:LEU881:hydrophobic|J1:LEU959:hydrogen_bond|J2:LEU983,4,63,3.1680908458057777,83|65|90|78,0.82728|2.77837|1.62901|3.56728,False
J1:ALA906|J1:LEU881:hydrophobic|J1:LEU959:hydrogen_bond|J2:LEU983:hydrophobic,4,63,3.1680908458057777,83|65|90|78,0.82728|2.77837|1.62901|3.56728,False
J1:ARG879|J1:LEU1010:hydrophobic|J1:LEU881|J2:ARG980:hydrogen_bond,4,46,3.2253579228342635,99|47|46|97,1.75616|2.51727|3.08894|1.96001,True
J1:ARG879|J1:LEU1010|J1:LEU881|J2:ARG980:hydrogen_bond,4,46,3.2253579228342635,99|47|46|97,1.75616|2.51727|3.08894|1.96001,True
J1:ALA906:hydrophobic|J1:LEU959|J2:LEU855|J2:VAL863,4,65,3.067409766454352,87|88|73|72,0.83748|1.56103|2.91304|3.01951,True
J1:ALA906|J1:LEU959|J2:LEU855|J2:VAL863,4,65,3.067409766454352,87|88|73|72,0.83748|1.56103|2.91304|3.01951,True
J1:ALA906:hydrophobic|J1:LEU959:hydrogen_bond|J2:ASN981:hydrophobic|J2:LEU855:hydrophobic,4,19,2.95322754168908,27|24|72|23,0.913435|1.31391|3.341|3.0983,False
J1:ALA906|J1:LEU959:hydrogen_bond|J2:ASN981:hydrophobic|J2:LEU855:hydrophobic,4,19,2.95322754168908,27|24|72|23,0.913435|1.31391|3.341|3.0983,False
J1:ALA906|J1:ARG1007|J1:LEU881|J1:LEU959,4,53,3.299795302736479,66|78|54|76,1.05614|3.14076|3.04633|1.81055,True
J1:ALA906:hydrophobic|J1:ARG1007|J1:LEU881|J1:LEU959,4,53,3.299795302736479,66|78|54|76,1.05614|3.14076|3.04633|1.81055,True
J1:ALA906|J1:LEU959:hydrogen_bond|J2:LEU855:hydrophobic|J2:LYS882:hydrogen_bond,4,18,3.4490053050397877,21|26|20|72,0.946786|1.62331|3.17527|3.341,True
J1:ALA906:hydrophobic|J1:LEU959:hydrogen_bond|J2:LEU855|J2:LYS882:hydrogen_bond,4,18,3.4490053050397877,21|26|20|72,0.941059|1.61877|3.17527|3.3202,True
J1:ALA906|J1:LEU959:hydrogen_bond|J2:LEU855|J2:LYS882:hydrogen_bond,4,18,3.4490053050397877,21|26|20|72,0.941059|1.61877|3.17527|3.3202,True
J1:ALA906:hydrophobic|J1:LEU959:hydrogen_bond|J2:LEU855:hydrophobic|J2:LYS882:hydrogen_bond,4,18,3.4490053050397877,21|26|20|72,0.946786|1.62331|3.17527|3.341,True
J1:ALA906:hydrophobic|J1:LEU1010|J1:LEU881|J1:LEU959,4,75,3.1996530341060088,97|78|76|103,0.90971|3.14076|2.87776|1.69583,True
J1:ALA906|J1:LEU1010|J1:LEU881|J1:LEU959,4,75,3.1996530341060088,97|78|76|103,0.90971|3.14076|2.87776|1.69583,True
J1:ALA906:hydrophobic|J1:LEU1010:hydrophobic|J1:LEU881|J1:LEU959,4,75,3.1996530341060088,97|78|76|103,0.90971|3.14076|2.87776|1.69583,True
J1:ALA906|J1:LEU1010:hydrophobic|J1:LEU881|J1:LEU959,4,75,3.1996530341060088,97|78|76|103,0.90971|3.14076|2.87776|1.69583,True
J1:ALA906|J1:ARG879|J1:LEU881:hydrophobic|J2:ASP939,4,18,3.961233815689261,26|31|19|52,1.31341|1.62126|4.06069|4.02718,True
J1:ALA906:hydrophobic|J1:ARG879|J1:LEU881:hydrophobic|J2:ASP939,4,18,3.961233815689261,26|31|19|52,1.31341|1.62126|4.06069|4.02718,True
J1:ALA906:hydrophobic|J1:ARG879|J1:LEU881|J2:ASP939,4,18,3.961233815689261,27|31|19|52,1.35775|1.53119|4.06069|4.02718,True
J1:ALA906|J1:ARG879|J1:LEU881|J2:ASP939,4,18,3.961233815689261,27|31|19|52,1.35775|1.53119|4.06069|4.02718,True
J1:ALA906|J1:GLU966|J1:LEU881|J1:LEU959:hydrogen_bond,4,31,3.1178036895231465,37|78|31|39,0.879568|3.45359|2.88299|1.37814,False
J1:ALA906:hydrophobic|J1:GLU966|J1:LEU881|J1:LEU959:hydrogen_bond,4,31,3.1178036895231465,37|78|31|39,0.879568|3.45359|2.88299|1.37814,False
J1:ALA906:hydrophobic|J1:LEU959:hydrogen_bond|J2:ASN981:hydrophobic|J2:LEU855,4,19,2.932719017094017,27|24|72|23,0.902447|1.29164|3.3202|3.0983,False
J1:ALA906|J1:LEU959:hydrogen_bond|J2:ASN981:hydrophobic|J2:LEU855,4,19,2.932719017094017,27|24|72|23,0.902447|1.29164|3.3202|3.0983,False
J1:ALA906:hydrophobic|J1:LEU959|J1:VAL889|J2:LYS882,4,18,3.101431127012522,22|23|20|61,0.828801|1.33827|2.79584|2.9539,True
J1:ALA906|J1:LEU959|J1:VAL889|J2:LYS882,4,18,3.101431127012522,22|23|20|61,0.828801|1.33827|2.79584|2.9539,True
J1:ALA906:hydrophobic|J1:LEU959|J1:VAL889:hydrophobic|J2:LYS882,4,18,3.101431127012522,22|23|20|60,0.828801|1.34178|2.79584|2.91182,True
J1:ALA906|J1:LEU959|J1:VAL889:hydrophobic|J2:LYS882,4,18,3.101431127012522,22|23|20|60,0.828801|1.34178|2.79584|2.91182,True
J1:ALA906:hydrophobic|J1:ARG1007:hydrophobic|J1:LEU881:hydrophobic|J2:LEU855:hydrophobic,4,34,3.135748483881264,51|97|35|38,1.78515|1.73872|2.98062|3.17527,True
J1:ALA906|J1:ARG1007:hydrophobic|J1:LEU881:hydrophobic|J2:LEU855:hydrophobic,4,34,3.135748483881264,51|97|35|38,1.78515|1.73872|2.98062|3.17527,True
J1:ALA906|J1:LEU881|J1:LEU959:hydrogen_bond|J2:LEU983,4,63,3.0775739644970415,84|65|90|78,0.818528|2.77837|1.55433|3.45359,False
J1:ALA906|J1:LEU881|J1:LEU959:hydrogen_bond|J2:LEU983:hydrophobic,4,63,3.0775739644970415,84|65|90|78,0.818528|2.77837|1.55433|3.45359,False
J1:ALA906:hydrophobic|J1:LEU881|J1:LEU959:hydrogen_bond|J2:LEU983,4,63,3.0775739644970415,84|65|90|78,0.818528|2.77837|1.55433|3.45359,False
J1:ALA906:hydrophobic|J1:LEU881|J1:LEU959:hydrogen_bond|J2:LEU983:hydrophobic,4,63,3.0775739644970415,84|65|90|78,0.818528|2.77837|1.55433|3.45359,False
J1:ALA906:hydrophobic|J1:LEU959:hydrogen_bond|J2:ASN981|J2:LEU855:hydrophobic,4,19,2.8925447839831397,27|24|72|23,0.891719|1.28852|3.341|3.02497,False
J1:ALA906|J1:LEU959:hydrogen_bond|J2:ASN981|J2:LEU855:hydrophobic,4,19,2.8925447839831397,27|24|72|23,0.891719|1.28852|3.341|3.02497,False
J1:ALA906:hydrophobic|J1:LEU1010|J1:LEU959|J1:VAL889,4,58,3.040475326560232,73|61|72|76,0.776347|2.9539|1.43015|2.87776,True
J1:ALA906|J1:LEU1010|J1:LEU959|J1:VAL889,4,58,3.040475326560232,73|61|72|76,0.776347|2.9539|1.43015|2.87776,True
J1:ALA906:hydrophobic|J1:LEU1010|J1:LEU959|J1:VAL889:hydrophobic,4,57,2.9951172940534643,72|60|71|76,0.767548|2.91182|1.41155|2.87776,True
J1:ALA906|J1:LEU1010|J1:LEU959|J1:VAL889:hydrophobic,4,57,2.9951172940534643,72|60|71|76,0.767548|2.91182|1.41155|2.87776,True
J1:ALA906:hydrophobic|J1:LEU1010:hydrophobic|J1:LEU959|J1:VAL889,4,58,3.040475326560232,73|61|72|76,0.776347|2.9539|1.43015|2.87776,True
J1:ALA906|J1:LEU1010:hydrophobic|J1:LEU959|J1:VAL889,4,58,3.040475326560232,73|61|72|76,0.776347|2.9539|1.43015|2.87776,True
J1:ALA906:hydrophobic|J1:LEU1010:hydrophobic|J1:LEU959|J1:VAL889:hydrophobic,4,57,2.9951172940534643,72|60|71|76,0.767548|2.91182|1.41155|2.87776,True
J1:ALA906|J1:LEU1010:hydrophobic|J1:LEU959|J1:VAL889:hydrophobic,4,57,2.9951172940534643,72|60|71|76,0.767548|2.91182|1.41155|2.87776,True
J1:ALA906|J1:LEU959:hydrogen_bond|J2:ASP939|J2:LEU855:hydrophobic,4,19,3.737270251872022,27|27|72|23,1.10521|1.40545|3.341|3.9939,True
J1:ALA906:hydrophobic|J1:ARG879|J1:LEU881:hydrophobic|J2:ALA880,4,17,4.152282333051564,23|36|19|52,2.16618|1.53583|4.39908|4.02718,True
J1:ALA906:hydrophobic|J1:ARG879|J1:LEU881|J2:ALA880,4,17,4.152282333051564,24|36|19|52,2.24137|1.44435|4.39908|4.02718,True
J1:ALA906:hydrophobic|J1:ARG879|J1:LEU1010:hydrophobic|J2:ALA880:hydrophobic,4,17,4.245592048401037,21|35|19|52,2.41847|1.40932|4.39908|4.31269,True
J1:ALA906|J1:ARG879|J1:LEU1010:hydrophobic|J2:ALA880,4,17,4.245592048401037,21|35|19|52,2.41847|1.40932|4.39908|4.31269,True
J1:ALA906:hydrophobic|J1:ARG879|J1:LEU881:hydrophobic|J2:ALA880:hydrophobic,4,17,4.152282333051564,23|36|19|52,2.16618|1.53583|4.39908|4.02718,True
J1:ALA906:hydrophobic|J1:ARG879|J1:LEU881|J2:ALA880:hydrophobic,4,17,4.152282333051564,24|36|19|52,2.24137|1.44435|4.39908|4.02718,True
J1:ALA906|J1:ARG879|J1:LEU881|J2:ALA880,4,17,4.152282333051564,24|36|19|52,2.24137|1.44435|4.39908|4.02718,True
J1:ALA906|J1:ARG879|J1:LEU1010:hydrophobic|J2:ALA880:hydrophobic,4,17,4.245592048401037,21|35|19|52,2.41847|1.40932|4.39908|4.31269,True
J1:ALA906:hydrophobic|J1:ARG879|J1:LEU1010|J2:ALA880,4,17,4.245592048401037,21|35|19|52,2.41847|1.40932|4.39908|4.31269,True
J1:ALA906|J1:ARG879|J1:LEU881|J2:ALA880:hydrophobic,4,17,4.152282333051564,24|36|19|52,2.24137|1.44435|4.39908|4.02718,True
J1:ALA906|J1:ARG879|J1:LEU1010|J2:ALA880,4,17,4.245592048401037,21|35|19|52,2.41847|1.40932|4.39908|4.31269,True
J1:ALA906:hydrophobic|J1:ARG879|J1:LEU1010|J2:ALA880:hydrophobic,4,17,4.245592048401037,21|35|19|52,2.41847|1.40932|4.39908|4.31269,True
J1:ALA906|J1:ARG879|J1:LEU1010|J2:ALA880:hydrophobic,4,17,4.245592048401037,21|35|19|52,2.41847|1.40932|4.39908|4.31269,True
J1:ALA906|J1:ARG879|J1:LEU881:hydrophobic|J2:ALA880,4,17,4.152282333051564,23|36|19|52,2.16618|1.53583|4.39908|4.02718,True
J1:ALA906:hydrophobic|J1:LEU959:hydrogen_bond|J2:ASP939|J2:LEU855:hydrophobic,4,19,3.737270251872022,27|27|72|23,1.10521|1.40545|3.341|3.9939,True
J1:ALA906|J1:ARG879|J1:LEU881:hydrophobic|J2:ALA880:hydrophobic,4,17,4.152282333051564,23|36|19|52,2.16618|1.53583|4.39908|4.02718,True
J1:ALA906:hydrophobic|J1:ARG879|J1:LEU1010:hydrophobic|J2:ALA880,4,17,4.245592048401037,21|35|19|52,2.41847|1.40932|4.39908|4.31269,True
J1:ALA906:hydrophobic|J1:LEU1010:hydrophobic|J1:LEU959|J2:VAL863:hydrophobic,4,69,2.9722048300536668,89|73|95|76,0.83893|2.93411|1.61311|2.87776,True
J1:ALA906|J1:LEU1010:hydrophobic|J1:LEU959|J2:VAL863:hydrophobic,4,69,2.9722048300536668,89|73|95|76,0.83893|2.93411|1.61311|2.87776,True
J1:ALA906:hydrophobic|J1:LEU1010|J1:LEU959|J2:VAL863:hydrophobic,4,69,2.9722048300536668,89|73|95|76,0.83893|2.93411|1.61311|2.87776,True
J1:ALA906|J1:LEU1010|J1:LEU959|J2:VAL863:hydrophobic,4,69,2.9722048300536668,89|73|95|76,0.83893|2.93411|1.61311|2.87776,True
J1:ALA906|J1:ARG1007:hydrophobic|J1:LEU881:hydrophobic|J2:LEU855,4,34,3.097194199243379,51|97|35|38,1.75204|1.71794|2.94675|3.17527,True
J1:ALA906:hydrophobic|J1:ARG1007:hydrophobic|J1:LEU881|J2:LEU855:hydrophobic,4,34,3.059576455932731,51|97|35|38,1.73595|1.66487|2.98062|3.09386,True
J1:ALA906|J1:ARG1007:hydrophobic|J1:LEU881|J2:LEU855:hydrophobic,4,34,3.059576455932731,51|97|35|38,1.73595|1.66487|2.98062|3.09386,True
J1:ALA906:hydrophobic|J1:ARG1007:hydrophobic|J1:LEU881:hydrophobic|J2:LEU855,4,34,3.097194199243379,51|97|35|38,1.75204|1.71794|2.94675|3.17527,True
J1:ALA906:hydrophobic|J1:LEU959:hydrogen_bond|J2:ASN981|J2:LEU855,4,19,2.872867608581894,27|24|72|23,0.881244|1.26709|3.3202|3.02497,False
J1:ALA906|J1:LEU959:hydrogen_bond|J2:ASN981|J2:LEU855,4,19,2.872867608581894,27|24|72|23,0.881244|1.26709|3.3202|3.02497,False
J1:ALA906:hydrophobic|J1:LEU959:hydrogen_bond|J2:LEU855|J2:LYS882,4,18,3.306484424666243,22|26|20|72,0.903867|1.43756|3.04478|3.3202,True
J1:ALA906|J1:LEU959:hydrogen_bond|J2:LEU855|J2:LYS882,4,18,3.306484424666243,22|26|20|72,0.903867|1.43756|3.04478|3.3202,True
J1:ALA906:hydrophobic|J1:LEU959:hydrogen_bond|J2:LEU855:hydrophobic|J2:LYS882,4,18,3.306484424666243,22|26|20|72,0.9106|1.44475|3.04478|3.341,True
J1:ALA906|J1:LEU959:hydrogen_bond|J2:LEU855:hydrophobic|J2:LYS882,4,18,3.306484424666243,22|26|20|72,0.9106|1.44475|3.04478|3.341,True
J1:ALA906:hydrophobic|J1:LEU1010|J1:LEU959|J2:VAL863,4,69,2.955024455313472,89|73|95|76,0.836093|2.91304|1.60942|2.87776,True
J1:ALA906|J1:LEU1010|J1:LEU959|J2:VAL863,4,69,2.955024455313472,89|73|95|76,0.836093|2.91304|1.60942|2.87776,True
J1:ALA906|J1:LEU1010:hydrophobic|J1:LEU959|J2:VAL863,4,69,2.955024455313472,89|73|95|76,0.836093|2.91304|1.60942|2.87776,True
J1:ALA906:hydrophobic|J1:LEU1010:hydrophobic|J1:LEU959|J2:VAL863,4,69,2.955024455313472,89|73|95|76,0.836093|2.91304|1.60942|2.87776,True
J1:ALA906|J1:LEU1010:hydrophobic|J1:LEU959|J2:LEU855:hydrophobic,4,68,3.084552590266876,87|72|94|76,0.879774|3.04247|1.62341|2.87776,True
J1:ALA906:hydrophobic|J1:LEU1010|J1:LEU959|J2:LEU855:hydrophobic,4,68,3.084552590266876,87|72|94|76,0.879774|3.04247|1.62341|2.87776,True
J1:ALA906|J1:LEU1010|J1:LEU959|J2:LEU855:hydrophobic,4,68,3.084552590266876,87|72|94|76,0.879774|3.04247|1.62341|2.87776,True
J1:ALA906:hydrophobic|J1:LEU1010:hydrophobic|J1:LEU959|J2:LEU855:hydrophobic,4,68,3.084552590266876,87|72|94|76,0.879774|3.04247|1.62341|2.87776,True
J1:ALA906|J1:ARG1007:hydrophobic|J1:LEU881|J2:LEU855,4,34,3.0228615384615387,51|97|35|38,1.69697|1.64581|2.94675|3.09386,True
J1:ALA906:hydrophobic|J1:ARG1007:hydrophobic|J1:LEU881|J2:LEU855,4,34,3.0228615384615387,51|97|35|38,1.69697|1.64581|2.94675|3.09386,True
J1:ALA906:hydrophobic|J1:LEU959:hydrogen_bond|J1:VAL889|J2:ALA880,4,25,3.0700169995750106,28|33|31|61,1.44733|1.48179|3.03539|3.15312,True
J1:ALA906:hydrophobic|J1:LEU959:hydrogen_bond|J1:VAL889:hydrophobic|J2:ALA880,4,24,2.9635897435897434,27|32|31|60,1.3989|1.4398|3.03539|3.10866,True
J1:ALA906|J1:LEU959:hydrogen_bond|J1:VAL889|J2:ALA880,4,25,3.0700169995750106,28|33|31|61,1.44733|1.48179|3.03539|3.15312,True
J1:ALA906:hydrophobic|J1:LEU959:hydrogen_bond|J1:VAL889|J2:ALA880:hydrophobic,4,25,3.0700169995750106,28|33|31|61,1.44733|1.48179|3.03539|3.15312,True
J1:ALA906:hydrophobic|J1:LEU959:hydrogen_bond|J1:VAL889:hydrophobic|J2:ALA880:hydrophobic,4,24,2.9635897435897434,27|32|31|60,1.3989|1.4398|3.03539|3.10866,True
J1:ALA906|J1:LEU959:hydrogen_bond|J1:VAL889:hydrophobic|J2:ALA880,4,24,2.9635897435897434,27|32|31|60,1.3989|1.4398|3.03539|3.10866,True
J1:ALA906|J1:LEU959:hydrogen_bond|J1:VAL889|J2:ALA880:hydrophobic,4,25,3.0700169995750106,28|33|31|61,1.44733|1.48179|3.03539|3.15312,True
J1:ALA906|J1:LEU959:hydrogen_bond|J1:VAL889:hydrophobic|J2:ALA880:hydrophobic,4,24,2.9635897435897434,27|32|31|60,1.3989|1.4398|3.03539|3.10866,True
J1:ALA906:hydrophobic|J1:LEU1010|J1:LEU959|J2:LEU855,4,68,3.059576455932731,87|72|94|76,0.866372|3.01951|1.60471|2.87776,True
J1:ALA906|J1:LEU1010|J1:LEU959|J2:LEU855,4,68,3.059576455932731,87|72|94|76,0.866372|3.01951|1.60471|2.87776,True
J1:ALA906:hydrophobic|J1:LEU1010:hydrophobic|J1:LEU959|J2:LEU855,4,68,3.059576455932731,87|72|94|76,0.866372|3.01951|1.60471|2.87776,True
J1:ALA906|J1:LEU1010:hydrophobic|J1:LEU959|J2:LEU855,4,68,3.059576455932731,87|72|94|76,0.866372|3.01951|1.60471|2.87776,True
J1:ALA906|J1:ARG1007:hydrophobic|J1:LEU1010:hydrophobic|J1:LEU881:hydrophobic,4,36,3.0894564894564893,54|103|38|36,1.99709|1.77471|3.17527|2.8887,True
J1:ALA906:hydrophobic|J1:ARG1007:hydrophobic|J1:LEU1010|J1:LEU881:hydrophobic,4,36,3.0894564894564893,54|103|38|36,1.99709|1.77471|3.17527|2.8887,True
J1:ALA906|J1:ARG1007:hydrophobic|J1:LEU1010|J1:LEU881:hydrophobic,4,36,3.0894564894564893,54|103|38|36,1.99709|1.77471|3.17527|2.8887,True
J1:ALA906:hydrophobic|J1:ARG1007:hydrophobic|J1:LEU1010:hydrophobic|J1:LEU881:hydrophobic,4,36,3.0894564894564893,54|103|38|36,1.99709|1.77471|3.17527|2.8887,True
J1:ALA906:hydrophobic|J1:LEU959:hydrogen_bond|J2:LEU983:hydrophobic|J2:VAL863:hydrophobic,4,62,2.938313924881089,82|87|73|65,0.788666|1.51192|3.213|2.77837,True
J1:ALA906|J1:LEU959:hydrogen_bond|J2:LEU983:hydrophobic|J2:VAL863:hydrophobic,4,62,2.938313924881089,82|87|73|65,0.788666|1.51192|3.213|2.77837,True
J1:ALA906:hydrophobic|J1:LEU959:hydrogen_bond|J2:LEU983|J2:VAL863:hydrophobic,4,62,2.938313924881089,82|87|73|65,0.788666|1.51192|3.213|2.77837,True
J1:ALA906|J1:LEU959:hydrogen_bond|J2:LEU983|J2:VAL863:hydrophobic,4,62,2.938313924881089,82|87|73|65,0.788666|1.51192|3.213|2.77837,True
J1:ALA906:hydrophobic|J1:LEU959:hydrogen_bond|J2:LEU983:hydrophobic|J2:VAL863,4,62,2.9134656041632785,82|87|73|65,0.78493|1.5072|3.18775|2.77837,True
J1:ALA906|J1:LEU959:hydrogen_bond|J2:LEU983:hydrophobic|J2:VAL863,4,62,2.9134656041632785,82|87|73|65,0.78493|1.5072|3.18775|2.77837,True
J1:ALA906|J1:LEU959:hydrogen_bond|J2:LEU983|J2:VAL863,4,62,2.9134656041632785,82|87|73|65,0.78493|1.5072|3.18775|2.77837,True
J1:ALA906:hydrophobic|J1:LEU959:hydrogen_bond|J2:LEU983|J2:VAL863,4,62,2.9134656041632785,82|87|73|65,0.78493|1.5072|3.18775|2.77837,True
J1:ARG1007|J1:ARG879|J1:LEU1010|J2:ASN859,4,25,3.430080721747388,32|52|27|71,2.96359|1.64176|2.43954|2.7303,True
J1:ARG1007|J1:ARG879|J1:LEU1010:hydrophobic|J2:ASN859,4,25,3.430080721747388,32|52|27|71,2.96359|1.64176|2.43954|2.7303,True
J1:ALA906|J1:ARG1007:hydrophobic|J1:LEU1010:hydrophobic|J1:LEU881,4,36,3.0081550028918445,54|103|38|36,1.93278|1.69583|3.09386|2.8887,True
J1:ALA906:hydrophobic|J1:ARG1007:hydrophobic|J1:LEU1010:hydrophobic|J1:LEU881,4,36,3.0081550028918445,54|103|38|36,1.93278|1.69583|3.09386|2.8887,True
J1:ALA906:hydrophobic|J1:ARG1007:hydrophobic|J1:LEU1010|J1:LEU881,4,36,3.0081550028918445,54|103|38|36,1.93278|1.69583|3.09386|2.8887,True
J1:ALA906|J1:ARG1007:hydrophobic|J1:LEU1010|J1:LEU881,4,36,3.0081550028918445,54|103|38|36,1.93278|1.69583|3.09386|2.8887,True
J1:ALA906:hydrophobic|J1:GLU966|J1:LEU881:hydrophobic|J1:LEU959,4,31,2.9196382007822685,37|78|31|39,0.849583|3.25272|2.6299|1.4618,False
J1:ALA906|J1:GLU966|J1:LEU881:hydrophobic|J1:LEU959,4,31,2.9196382007822685,37|78|31|39,0.849583|3.25272|2.6299|1.4618,False
J1:ALA906|J1:LEU881:hydrophobic|J2:LEU932|J2:TYR931,4,23,2.90465472027972,40|24|55|30,1.0686|2.86799|2.57907|1.4591,True
J1:ALA906:hydrophobic|J1:LEU881:hydrophobic|J2:LEU932|J2:TYR931,4,23,2.90465472027972,40|24|55|30,1.0686|2.86799|2.57907|1.4591,True
J1:ALA906:hydrophobic|J1:ARG1007|J1:LEU1010:hydrophobic|J1:LEU959,4,51,3.047239454094292,61|76|54|75,0.995479|2.87776|3.04633|1.75476,True
J1:ALA906|J1:ARG1007|J1:LEU1010:hydrophobic|J1:LEU959,4,51,3.047239454094292,61|76|54|75,0.995479|2.87776|3.04633|1.75476,True
J1:ALA906:hydrophobic|J1:ARG1007|J1:LEU1010|J1:LEU959,4,51,3.047239454094292,61|76|54|75,0.995479|2.87776|3.04633|1.75476,True
J1:ALA906|J1:ARG1007|J1:LEU1010|J1:LEU959,4,51,3.047239454094292,61|76|54|75,0.995479|2.87776|3.04633|1.75476,True
J1:ALA906|J1:LEU881:hydrophobic|J1:LEU959|J2:LEU983:hydrophobic,4,63,2.905178742419406,83|65|90|78,0.785036|2.55256|1.62901|3.25272,False
J1:ALA906:hydrophobic|J1:LEU881:hydrophobic|J1:LEU959|J2:LEU983,4,63,2.905178742419406,83|65|90|78,0.785036|2.55256|1.62901|3.25272,False
J1:ALA906:hydrophobic|J1:LEU881:hydrophobic|J1:LEU959|J2:LEU983:hydrophobic,4,63,2.905178742419406,83|65|90|78,0.785036|2.55256|1.62901|3.25272,False
J1:ALA906|J1:LEU881:hydrophobic|J1:LEU959|J2:LEU983,4,63,2.905178742419406,83|65|90|78,0.785036|2.55256|1.62901|3.25272,False
J1:ALA906:hydrophobic|J1:GLU966|J1:LEU1010|J1:LEU959:hydrogen_bond,4,30,2.9635897435897434,33|76|31|37,0.905541|3.15747|2.88299|1.29511,True
J1:ALA906|J1:GLU966|J1:LEU1010|J1:LEU959:hydrogen_bond,4,30,2.9635897435897434,33|76|31|37,0.905541|3.15747|2.88299|1.29511,True
J1:ALA906:hydrophobic|J1:GLU966|J1:LEU1010:hydrophobic|J1:LEU959:hydrogen_bond,4,30,2.9635897435897434,33|76|31|37,0.905541|3.15747|2.88299|1.29511,True
J1:ALA906|J1:GLU966|J1:LEU1010:hydrophobic|J1:LEU959:hydrogen_bond,4,30,2.9635897435897434,33|76|31|37,0.905541|3.15747|2.88299|1.29511,True
J1:ALA906:hydrophobic|J1:LEU959:hydrogen_bond|J2:LEU855:hydrophobic|J2:LEU983,4,58,2.950026403802147,78|83|65|72,0.829919|1.48537|2.77837|3.341,False
J1:ALA906:hydrophobic|J1:LEU959:hydrogen_bond|J2:LEU855:hydrophobic|J2:LEU983:hydrophobic,4,58,2.950026403802147,78|83|65|72,0.829919|1.48537|2.77837|3.341,False
J1:ALA906|J1:LEU959:hydrogen_bond|J2:LEU855:hydrophobic|J2:LEU983,4,58,2.950026403802147,78|83|65|72,0.829919|1.48537|2.77837|3.341,False
J1:ALA906|J1:LEU959:hydrogen_bond|J2:LEU855:hydrophobic|J2:LEU983:hydrophobic,4,58,2.950026403802147,78|83|65|72,0.829919|1.48537|2.77837|3.341,False
J1:ALA906|J1:GLU966|J1:LEU959:hydrogen_bond|J2:VAL863:hydrophobic,4,27,2.7783653846153844,33|73|34|31,0.818626|3.213|1.25534|2.88299,False
J1:ALA906:hydrophobic|J1:GLU966|J1:LEU959:hydrogen_bond|J2:VAL863:hydrophobic,4,27,2.7783653846153844,33|73|34|31,0.818626|3.213|1.25534|2.88299,False
J1:ALA906:hydrophobic|J1:ARG1007|J1:LEU959|J2:LEU855:hydrophobic,4,47,3.1184041331802526,59|72|69|54,1.00876|3.04247|1.7155|3.04633,True
J1:ALA906|J1:ARG1007|J1:LEU959|J2:LEU855:hydrophobic,4,47,3.1184041331802526,59|72|69|54,1.00876|3.04247|1.7155|3.04633,True
J1:ALA906:hydrophobic|J1:LEU959:hydrogen_bond|J2:LEU855|J2:LEU983:hydrophobic,4,58,2.929912587412587,78|83|65|72,0.815475|1.47116|2.77837|3.3202,False
J1:ALA906:hydrophobic|J1:LEU959:hydrogen_bond|J2:LEU855|J2:LEU983,4,58,2.929912587412587,78|83|65|72,0.815475|1.47116|2.77837|3.3202,False
J1:ALA906|J1:LEU959:hydrogen_bond|J2:LEU855|J2:LEU983,4,58,2.929912587412587,78|83|65|72,0.815475|1.47116|2.77837|3.3202,False
J1:ALA906|J1:LEU959:hydrogen_bond|J2:LEU855|J2:LEU983:hydrophobic,4,58,2.929912587412587,78|83|65|72,0.815475|1.47116|2.77837|3.3202,False
J1:ALA906:hydrophobic|J1:ARG879|J1:GLU966|J1:LEU881:hydrophobic,4,24,3.3340384615384613,47|39|52|24,1.13798|1.4618|4.02718|3.25272,False
J1:ALA906|J1:ARG879|J1:GLU966|J1:LEU881:hydrophobic,4,24,3.3340384615384613,47|39|52|24,1.13798|1.4618|4.02718|3.25272,False
J1:ALA906:hydrophobic|J1:ARG879|J1:GLU966|J1:LEU881,4,24,3.3340384615384613,47|39|52|24,1.13427|1.37814|4.02718|3.25272,False
J1:ALA906|J1:ARG879|J1:GLU966|J1:LEU881,4,24,3.3340384615384613,47|39|52|24,1.13427|1.37814|4.02718|3.25272,False
J1:ALA906:hydrophobic|J1:LEU881|J2:LEU932|J2:TYR931,4,23,2.82441563960901,40|24|55|30,1.05092|2.86799|2.51023|1.395,True
J1:ALA906|J1:LEU881|J2:LEU932|J2:TYR931,4,23,2.82441563960901,40|24|55|30,1.05092|2.86799|2.51023|1.395,True
J1:ALA906:hydrophobic|J1:ARG1007|J1:LEU959|J2:LEU855,4,47,3.0907259899863444,59|72|69|54,0.991973|3.01951|1.6984|3.04633,True
J1:ALA906|J1:ARG1007|J1:LEU959|J2:LEU855,4,47,3.0907259899863444,59|72|69|54,0.991973|3.01951|1.6984|3.04633,True
J1:ARG1007|J1:ARG879:hydrogen_bond|J1:LEU1010:hydrophobic|J2:ASN859,4,23,3.4310015487867833,30|52|25|68,3.01723|1.64176|2.4479|2.90102,True
J1:ARG1007|J1:ARG879:hydrogen_bond|J1:LEU1010|J2:ASN859,4,23,3.4310015487867833,30|52|25|68,3.01723|1.64176|2.4479|2.90102,True
J1:ALA906:hydrophobic|J1:GLU966|J1:LEU959:hydrogen_bond|J2:LEU855:hydrophobic,4,29,2.929912587412587,35|72|36|31,0.853007|3.341|1.30321|2.88299,False
J1:ALA906|J1:GLU966|J1:LEU959:hydrogen_bond|J2:LEU855,4,29,2.929912587412587,35|72|36|31,0.834702|3.3202|1.28438|2.88299,False
J1:ALA906|J1:GLU966|J1:LEU959:hydrogen_bond|J2:VAL863,4,27,2.7403055848261326,33|73|34|31,0.81228|3.18775|1.24912|2.88299,False
J1:ALA906:hydrophobic|J1:GLU966|J1:LEU959:hydrogen_bond|J2:LEU855,4,29,2.929912587412587,35|72|36|31,0.834702|3.3202|1.28438|2.88299,False
J1:ALA906:hydrophobic|J1:GLU966|J1:LEU959:hydrogen_bond|J2:VAL863,4,27,2.7403055848261326,33|73|34|31,0.81228|3.18775|1.24912|2.88299,False
J1:ALA906|J1:GLU966|J1:LEU959:hydrogen_bond|J2:LEU855:hydrophobic,4,29,2.929912587412587,35|72|36|31,0.853007|3.341|1.30321|2.88299,False
J1:ALA906:hydrophobic|J1:LEU881|J1:LEU959|J2:LEU983:hydrophobic,4,63,2.8118396663577383,84|65|90|78,0.773751|2.55256|1.55433|3.14076,False
J1:ALA906:hydrophobic|J1:LEU881|J1:LEU959|J2:LEU983,4,63,2.8118396663577383,84|65|90|78,0.773751|2.55256|1.55433|3.14076,False
J1:ALA906|J1:LEU881|J1:LEU959|J2:LEU983,4,63,2.8118396663577383,84|65|90|78,0.773751|2.55256|1.55433|3.14076,False
J1:ALA906|J1:LEU881|J1:LEU959|J2:LEU983:hydrophobic,4,63,2.8118396663577383,84|65|90|78,0.773751|2.55256|1.55433|3.14076,False
J1:ARG879|J1:LEU1010:hydrophobic|J1:VAL889|J2:ALA880,4,20,3.1305525460455037,43|25|21|77,1.15569|3.10432|2.41847|2.16368,True
J1:ARG879|J1:LEU1010:hydrophobic|J1:VAL889:hydrophobic|J2:ALA880,4,20,3.1305525460455037,42|25|21|77,1.13018|3.10432|2.41847|2.16917,True
J1:ARG879|J1:LEU1010:hydrophobic|J1:VAL889:hydrophobic|J2:ALA880:hydrophobic,4,20,3.1305525460455037,42|25|21|77,1.13018|3.10432|2.41847|2.16917,True
J1:ARG879|J1:LEU1010:hydrophobic|J1:VAL889|J2:ALA880:hydrophobic,4,20,3.1305525460455037,43|25|21|77,1.15569|3.10432|2.41847|2.16368,True
J1:ARG879|J1:LEU1010|J1:VAL889|J2:ALA880,4,20,3.1305525460455037,43|25|21|77,1.15569|3.10432|2.41847|2.16368,True
J1:ARG879|J1:LEU1010|J1:VAL889:hydrophobic|J2:ALA880,4,20,3.1305525460455037,42|25|21|77,1.13018|3.10432|2.41847|2.16917,True
J1:ARG879|J1:LEU1010|J1:VAL889|J2:ALA880:hydrophobic,4,20,3.1305525460455037,43|25|21|77,1.15569|3.10432|2.41847|2.16368,True
J1:ARG879|J1:LEU1010|J1:VAL889:hydrophobic|J2:ALA880:hydrophobic,4,20,3.1305525460455037,42|25|21|77,1.13018|3.10432|2.41847|2.16917,True
J1:ALA906:hydrophobic|J1:LEU959|J2:LEU983:hydrophobic|J2:VAL863:hydrophobic,4,62,2.70209653092006,82|87|73|65,0.749428|1.51192|2.93411|2.55256,True
J1:ALA906|J1:LEU959|J2:LEU983:hydrophobic|J2:VAL863:hydrophobic,4,62,2.70209653092006,82|87|73|65,0.749428|1.51192|2.93411|2.55256,True
J1:ALA906:hydrophobic|J1:LEU959|J2:LEU983|J2:VAL863:hydrophobic,4,62,2.70209653092006,82|87|73|65,0.749428|1.51192|2.93411|2.55256,True
J1:ALA906|J1:LEU959|J2:LEU983|J2:VAL863:hydrophobic,4,62,2.70209653092006,82|87|73|65,0.749428|1.51192|2.93411|2.55256,True
J1:ALA906:hydrophobic|J1:LEU1010:hydrophobic|J1:LEU959:hydrogen_bond|J2:LEU983,4,61,2.7955511498810464,77|65|88|76,0.777236|2.77837|1.48969|3.15747,False
J1:ALA906|J1:LEU1010:hydrophobic|J1:LEU959:hydrogen_bond|J2:LEU983,4,61,2.7955511498810464,77|65|88|76,0.777236|2.77837|1.48969|3.15747,False
J1:ALA906:hydrophobic|J1:LEU1010:hydrophobic|J1:LEU959:hydrogen_bond|J2:LEU983:hydrophobic,4,61,2.7955511498810464,77|65|88|76,0.777236|2.77837|1.48969|3.15747,False
J1:ALA906|J1:LEU1010:hydrophobic|J1:LEU959:hydrogen_bond|J2:LEU983:hydrophobic,4,61,2.7955511498810464,77|65|88|76,0.777236|2.77837|1.48969|3.15747,False
J1:ALA906:hydrophobic|J1:LEU1010|J1:LEU959:hydrogen_bond|J2:LEU983,4,61,2.7955511498810464,77|65|88|76,0.777236|2.77837|1.48969|3.15747,False
J1:ALA906:hydrophobic|J1:LEU1010|J1:LEU959:hydrogen_bond|J2:LEU983:hydrophobic,4,61,2.7955511498810464,77|65|88|76,0.777236|2.77837|1.48969|3.15747,False
J1:ALA906|J1:LEU1010|J1:LEU959:hydrogen_bond|J2:LEU983,4,61,2.7955511498810464,77|65|88|76,0.777236|2.77837|1.48969|3.15747,False
J1:ALA906|J1:LEU1010|J1:LEU959:hydrogen_bond|J2:LEU983:hydrophobic,4,61,2.7955511498810464,77|65|88|76,0.777236|2.77837|1.48969|3.15747,False
J1:ALA906:hydrophobic|J1:LEU881:hydrophobic|J2:TYR931|J2:VAL863:hydrophobic,4,48,2.5462823572608775,112|49|96|55,1.67299|2.42026|1.73056|2.57907,True
J1:ALA906|J1:LEU881:hydrophobic|J2:TYR931|J2:VAL863:hydrophobic,4,48,2.5462823572608775,112|49|96|55,1.67299|2.42026|1.73056|2.57907,True
J1:ALA906:hydrophobic|J1:LEU881:hydrophobic|J2:TYR931|J2:VAL863,4,48,2.5462823572608775,112|49|96|55,1.66963|2.42026|1.72636|2.57907,True
J1:ALA906|J1:LEU881:hydrophobic|J2:TYR931|J2:VAL863,4,48,2.5462823572608775,112|49|96|55,1.66963|2.42026|1.72636|2.57907,True
J1:ALA906:hydrophobic|J1:ARG879|J1:GLU966|J1:LEU1010,4,23,3.256173444390005,46|37|52|24,1.44412|1.29511|4.31269|3.25272,False
J1:ALA906|J1:ARG879|J1:GLU966|J1:LEU1010,4,23,3.256173444390005,46|37|52|24,1.44412|1.29511|4.31269|3.25272,False
J1:ALA906:hydrophobic|J1:ARG879|J1:GLU966|J1:LEU1010:hydrophobic,4,23,3.256173444390005,46|37|52|24,1.44412|1.29511|4.31269|3.25272,False
J1:ALA906|J1:ARG879|J1:GLU966|J1:LEU1010:hydrophobic,4,23,3.256173444390005,46|37|52|24,1.44412|1.29511|4.31269|3.25272,False
J1:ARG879|J1:LEU1010:hydrophobic|J1:LEU881:hydrophobic|J2:ARG980,4,58,2.7783653846153844,122|59|58|97,1.53463|2.14279|2.62025|1.96358,True
J1:ARG879|J1:LEU1010|J1:LEU881:hydrophobic|J2:ARG980,4,58,2.7783653846153844,122|59|58|97,1.53463|2.14279|2.62025|1.96358,True
J1:ALA906:hydrophobic|J1:LEU959|J2:LEU983:hydrophobic|J2:VAL863,4,62,2.681068542352589,82|87|73|65,0.746053|1.5072|2.91304|2.55256,True
J1:ALA906|J1:LEU959|J2:LEU983:hydrophobic|J2:VAL863,4,62,2.681068542352589,82|87|73|65,0.746053|1.5072|2.91304|2.55256,True
J1:ALA906:hydrophobic|J1:LEU959|J2:LEU983|J2:VAL863,4,62,2.681068542352589,82|87|73|65,0.746053|1.5072|2.91304|2.55256,True
J1:ALA906|J1:LEU959|J2:LEU983|J2:VAL863,4,62,2.681068542352589,82|87|73|65,0.746053|1.5072|2.91304|2.55256,True
J1:ALA906:hydrophobic|J1:LEU881:hydrophobic|J2:LEU855|J2:TYR931,4,53,2.549841824841825,124|54|55|97,1.65236|2.415|2.57907|1.71794,True
J1:ALA906|J1:LEU881:hydrophobic|J2:LEU855|J2:TYR931,4,53,2.549841824841825,124|54|55|97,1.65236|2.415|2.57907|1.71794,True
J1:ALA906:hydrophobic|J1:LEU881:hydrophobic|J2:LEU855:hydrophobic|J2:TYR931,4,53,2.555372935090939,124|54|55|97,1.66233|2.41987|2.57907|1.73872,True
J1:ALA906|J1:LEU881:hydrophobic|J2:LEU855:hydrophobic|J2:TYR931,4,53,2.555372935090939,124|54|55|97,1.66233|2.41987|2.57907|1.73872,True
J1:ARG879|J1:LEU1010|J1:LEU881|J2:ARG980,4,58,2.7664410696599537,122|59|58|97,1.47454|2.13581|2.62025|1.96001,True
J1:ARG879|J1:LEU1010:hydrophobic|J1:LEU881|J2:ARG980,4,58,2.7664410696599537,122|59|58|97,1.47454|2.13581|2.62025|1.96001,True
J1:ALA906:hydrophobic|J1:LEU1010:hydrophobic|J1:LEU881:hydrophobic|J2:TYR931,4,53,2.6062542545949623,116|55|53|103,1.84429|2.57907|2.42892|1.77471,True
J1:ALA906|J1:LEU1010:hydrophobic|J1:LEU881:hydrophobic|J2:TYR931,4,53,2.6062542545949623,116|55|53|103,1.84429|2.57907|2.42892|1.77471,True
J1:ALA906|J1:LEU1010|J1:LEU881:hydrophobic|J2:TYR931,4,53,2.6062542545949623,116|55|53|103,1.84429|2.57907|2.42892|1.77471,True
J1:ALA906:hydrophobic|J1:LEU1010|J1:LEU881:hydrophobic|J2:TYR931,4,53,2.6062542545949623,116|55|53|103,1.84429|2.57907|2.42892|1.77471,True
J1:ARG1007|J1:ARG879|J1:LEU881:hydrophobic|J2:ASN859:hydrogen_bond,4,26,2.9335025380710658,33|57|27|73,2.45314|1.9196|2.66723|2.23494,True
J1:ALA906|J1:LEU881|J2:TYR931|J2:VAL863:hydrophobic,4,48,2.4696581196581193,112|49|96|55,1.64426|2.42026|1.64898|2.51023,True
J1:ALA906:hydrophobic|J1:LEU881|J2:TYR931|J2:VAL863,4,48,2.4696581196581193,112|49|96|55,1.64101|2.42026|1.64517|2.51023,True
J1:ALA906|J1:LEU881|J2:TYR931|J2:VAL863,4,48,2.4696581196581193,112|49|96|55,1.64101|2.42026|1.64517|2.51023,True
J1:ALA906:hydrophobic|J1:LEU881|J2:TYR931|J2:VAL863:hydrophobic,4,48,2.4696581196581193,112|49|96|55,1.64426|2.42026|1.64898|2.51023,True
J1:ALA906:hydrophobic|J1:LEU881|J2:LEU855:hydrophobic|J2:TYR931,4,53,2.485288867250892,124|54|55|97,1.63472|2.41987|2.51023|1.66487,True
J1:ALA906|J1:LEU881|J2:LEU855:hydrophobic|J2:TYR931,4,53,2.485288867250892,124|54|55|97,1.63472|2.41987|2.51023|1.66487,True
J1:ALA906:hydrophobic|J1:LEU881|J2:LEU855|J2:TYR931,4,53,2.480056680161943,124|54|55|97,1.62412|2.415|2.51023|1.64581,True
J1:ALA906|J1:LEU881|J2:LEU855|J2:TYR931,4,53,2.480056680161943,124|54|55|97,1.62412|2.415|2.51023|1.64581,True
J1:ALA906|J1:GLU966|J1:LEU1010|J1:LEU959,4,30,2.688740694789082,33|76|31|37,0.848945|2.87776|2.6299|1.29511,True
J1:ALA906:hydrophobic|J1:GLU966|J1:LEU1010:hydrophobic|J1:LEU959,4,30,2.688740694789082,33|76|31|37,0.848945|2.87776|2.6299|1.29511,True
J1:ALA906|J1:GLU966|J1:LEU1010:hydrophobic|J1:LEU959,4,30,2.688740694789082,33|76|31|37,0.848945|2.87776|2.6299|1.29511,True
J1:ALA906:hydrophobic|J1:GLU966|J1:LEU1010|J1:LEU959,4,30,2.688740694789082,33|76|31|37,0.848945|2.87776|2.6299|1.29511,True
J1:ALA906:hydrophobic|J1:LEU881:hydrophobic|J2:LEU855|J2:TYR931:hydrophobic,4,41,2.5455414697034806,85|42|41|97,1.4737|2.41222|2.50358|1.71794,True
J1:ALA906|J1:LEU881:hydrophobic|J2:LEU855|J2:TYR931:hydrophobic,4,41,2.5455414697034806,85|42|41|97,1.4737|2.41222|2.50358|1.71794,True
J1:ALA906:hydrophobic|J1:LEU881:hydrophobic|J2:LEU855:hydrophobic|J2:TYR931:hydrophobic,4,41,2.5455414697034806,85|42|41|97,1.47485|2.41222|2.50358|1.73872,True
J1:ALA906|J1:LEU881:hydrophobic|J2:LEU855:hydrophobic|J2:TYR931:hydrophobic,4,41,2.5455414697034806,85|42|41|97,1.47485|2.41222|2.50358|1.73872,True
J1:ALA906:hydrophobic|J1:LEU1010:hydrophobic|J1:LEU881|J2:TYR931,4,53,2.5333912324234906,116|55|53|103,1.80808|2.51023|2.42892|1.69583,True
J1:ALA906|J1:LEU1010:hydrophobic|J1:LEU881|J2:TYR931,4,53,2.5333912324234906,116|55|53|103,1.80808|2.51023|2.42892|1.69583,True
J1:ALA906:hydrophobic|J1:LEU1010|J1:LEU881|J2:TYR931,4,53,2.5333912324234906,116|55|53|103,1.80808|2.51023|2.42892|1.69583,True
J1:ALA906|J1:LEU1010|J1:LEU881|J2:TYR931,4,53,2.5333912324234906,116|55|53|103,1.80808|2.51023|2.42892|1.69583,True
J1:ALA906|J1:LEU959|J2:LEU855:hydrophobic|J2:LEU983,4,58,2.7026447347202063,78|83|65|72,0.78448|1.48537|2.55256|3.04247,False
J1:ALA906|J1:LEU959|J2:LEU855:hydrophobic|J2:LEU983:hydrophobic,4,58,2.7026447347202063,78|83|65|72,0.78448|1.48537|2.55256|3.04247,False
J1:ALA906:hydrophobic|J1:LEU959|J2:LEU855:hydrophobic|J2:LEU983,4,58,2.7026447347202063,78|83|65|72,0.78448|1.48537|2.55256|3.04247,False
J1:ALA906:hydrophobic|J1:LEU959|J2:LEU855:hydrophobic|J2:LEU983:hydrophobic,4,58,2.7026447347202063,78|83|65|72,0.78448|1.48537|2.55256|3.04247,False
J1:ALA906:hydrophobic|J1:ARG879|J1:ASP1021|J1:LEU881:hydrophobic,4,17,3.229552925706772,46|50|52|19,1.91468|1.57638|4.02718|3.43343,False
J1:ALA906|J1:ARG879|J1:ASP1021|J1:LEU881,4,17,3.229552925706772,46|50|52|19,1.91468|1.47198|4.02718|3.43343,False
J1:ALA906:hydrophobic|J1:ARG879|J1:ASP1021|J1:LEU881,4,17,3.229552925706772,46|50|52|19,1.91468|1.47198|4.02718|3.43343,False
J1:ALA906|J1:ARG879|J1:ASP1021|J1:LEU881:hydrophobic,4,17,3.229552925706772,46|50|52|19,1.91468|1.57638|4.02718|3.43343,False
J1:ALA906|J1:LEU959|J2:LEU855|J2:LEU983,4,58,2.680169518631057,78|83|65|72,0.769849|1.47116|2.55256|3.01951,False
J1:ALA906|J1:LEU959|J2:LEU855|J2:LEU983:hydrophobic,4,58,2.680169518631057,78|83|65|72,0.769849|1.47116|2.55256|3.01951,False
J1:ALA906:hydrophobic|J1:LEU959|J2:LEU855|J2:LEU983,4,58,2.680169518631057,78|83|65|72,0.769849|1.47116|2.55256|3.01951,False
J1:ALA906:hydrophobic|J1:LEU959|J2:LEU855|J2:LEU983:hydrophobic,4,58,2.680169518631057,78|83|65|72,0.769849|1.47116|2.55256|3.01951,False
J1:ARG1007|J1:ARG879:hydrogen_bond|J1:LEU881:hydrophobic|J2:ASN859:hydrogen_bond,4,24,2.9310228233305153,31|57|25|70,2.50558|1.9196|2.67151|2.39736,True
J1:ALA906|J1:LEU881|J2:LEU855|J2:TYR931:hydrophobic,4,41,2.4563445987974286,85|42|41|97,1.44884|2.41222|2.41725|1.64581,True
J1:ALA906|J1:LEU881|J2:LEU855:hydrophobic|J2:TYR931:hydrophobic,4,41,2.4563445987974286,85|42|41|97,1.44995|2.41222|2.41725|1.66487,True
J1:ALA906:hydrophobic|J1:LEU881|J2:LEU855:hydrophobic|J2:TYR931:hydrophobic,4,41,2.4563445987974286,85|42|41|97,1.44995|2.41222|2.41725|1.66487,True
J1:ALA906:hydrophobic|J1:LEU881|J2:LEU855|J2:TYR931:hydrophobic,4,41,2.4563445987974286,85|42|41|97,1.44884|2.41222|2.41725|1.64581,True
J1:ARG1007|J1:ARG879:hydrogen_bond|J1:LEU881|J2:ASN859:hydrogen_bond,4,24,2.9150063051702397,31|57|25|70,2.4965|1.86588|2.67151|2.39367,True
J1:ALA906:hydrophobic|J1:LEU1010|J2:TYR931|J2:VAL863,4,46,2.394469464961268,101|49|95|53,1.68918|2.42026|1.60942|2.42892,True
J1:ALA906:hydrophobic|J1:LEU1010:hydrophobic|J2:TYR931|J2:VAL863:hydrophobic,4,46,2.394469464961268,101|49|95|53,1.69173|2.42026|1.61311|2.42892,True
J1:ALA906|J1:LEU1010:hydrophobic|J2:TYR931|J2:VAL863:hydrophobic,4,46,2.394469464961268,101|49|95|53,1.69173|2.42026|1.61311|2.42892,True
J1:ALA906|J1:LEU1010|J2:TYR931|J2:VAL863,4,46,2.394469464961268,101|49|95|53,1.68918|2.42026|1.60942|2.42892,True
J1:ALA906|J1:LEU1010:hydrophobic|J2:TYR931|J2:VAL863,4,46,2.394469464961268,101|49|95|53,1.68918|2.42026|1.60942|2.42892,True
J1:ALA906:hydrophobic|J1:LEU1010:hydrophobic|J2:TYR931|J2:VAL863,4,46,2.394469464961268,101|49|95|53,1.68918|2.42026|1.60942|2.42892,True
J1:ALA906:hydrophobic|J1:LEU1010|J2:TYR931|J2:VAL863:hydrophobic,4,46,2.394469464961268,101|49|95|53,1.69173|2.42026|1.61311|2.42892,True
J1:ALA906|J1:LEU1010|J2:TYR931|J2:VAL863:hydrophobic,4,46,2.394469464961268,101|49|95|53,1.69173|2.42026|1.61311|2.42892,True
J1:ALA906|J1:LEU1010|J1:LEU881:hydrophobic|J2:TYR931:hydrophobic,4,39,2.483810888252149,76|41|39|103,1.55262|2.50358|2.29934|1.77471,True
J1:ALA906:hydrophobic|J1:LEU1010|J1:LEU881:hydrophobic|J2:TYR931:hydrophobic,4,39,2.483810888252149,76|41|39|103,1.55262|2.50358|2.29934|1.77471,True
J1:ALA906:hydrophobic|J1:LEU1010:hydrophobic|J1:LEU881:hydrophobic|J2:TYR931:hydrophobic,4,39,2.483810888252149,76|41|39|103,1.55262|2.50358|2.29934|1.77471,True
J1:ALA906|J1:LEU1010:hydrophobic|J1:LEU881:hydrophobic|J2:TYR931:hydrophobic,4,39,2.483810888252149,76|41|39|103,1.55262|2.50358|2.29934|1.77471,True
J1:ALA906:hydrophobic|J1:LEU881:hydrophobic|J1:VAL889|J2:TYR931,4,41,2.5313995726495726,89|42|55|72,1.58382|2.41222|2.57907|1.50267,True
J1:ALA906:hydrophobic|J1:LEU881:hydrophobic|J1:VAL889:hydrophobic|J2:TYR931,4,40,2.476537390186415,88|41|55|71,1.57232|2.36089|2.57907|1.48458,True
J1:ALA906|J1:LEU881:hydrophobic|J1:VAL889|J2:TYR931,4,41,2.5313995726495726,89|42|55|72,1.58382|2.41222|2.57907|1.50267,True
J1:ALA906|J1:LEU881:hydrophobic|J1:VAL889:hydrophobic|J2:TYR931,4,40,2.476537390186415,88|41|55|71,1.57232|2.36089|2.57907|1.48458,True
J1:ALA906:hydrophobic|J1:LEU1010|J1:LEU959|J2:LEU983,4,61,2.5581930333817127,77|65|88|76,0.738022|2.55256|1.48969|2.87776,False
J1:ALA906:hydrophobic|J1:LEU1010|J1:LEU959|J2:LEU983:hydrophobic,4,61,2.5581930333817127,77|65|88|76,0.738022|2.55256|1.48969|2.87776,False
J1:ALA906|J1:LEU1010|J1:LEU959|J2:LEU983,4,61,2.5581930333817127,77|65|88|76,0.738022|2.55256|1.48969|2.87776,False
J1:ALA906|J1:LEU1010|J1:LEU959|J2:LEU983:hydrophobic,4,61,2.5581930333817127,77|65|88|76,0.738022|2.55256|1.48969|2.87776,False
J1:ALA906:hydrophobic|J1:LEU1010:hydrophobic|J1:LEU959|J2:LEU983,4,61,2.5581930333817127,77|65|88|76,0.738022|2.55256|1.48969|2.87776,False
J1:ALA906|J1:LEU1010:hydrophobic|J1:LEU959|J2:LEU983,4,61,2.5581930333817127,77|65|88|76,0.738022|2.55256|1.48969|2.87776,False
J1:ALA906:hydrophobic|J1:LEU1010:hydrophobic|J1:LEU959|J2:LEU983:hydrophobic,4,61,2.5581930333817127,77|65|88|76,0.738022|2.55256|1.48969|2.87776,False
J1:ALA906|J1:LEU1010:hydrophobic|J1:LEU959|J2:LEU983:hydrophobic,4,61,2.5581930333817127,77|65|88|76,0.738022|2.55256|1.48969|2.87776,False
J1:ALA906:hydrophobic|J1:LEU881:hydrophobic|J2:LEU983:hydrophobic|J2:TYR931,4,44,2.414776828110161,101|45|55|90,1.60123|2.26805|2.57907|1.62901,True
J1:ALA906|J1:LEU881:hydrophobic|J2:LEU983:hydrophobic|J2:TYR931,4,44,2.414776828110161,101|45|55|90,1.60123|2.26805|2.57907|1.62901,True
J1:ALA906:hydrophobic|J1:LEU881:hydrophobic|J2:LEU983|J2:TYR931,4,44,2.414776828110161,101|45|55|90,1.60123|2.26805|2.57907|1.62901,True
J1:ALA906|J1:LEU881:hydrophobic|J2:LEU983|J2:TYR931,4,44,2.414776828110161,101|45|55|90,1.60123|2.26805|2.57907|1.62901,True
J1:ALA906:hydrophobic|J1:LEU1010|J1:LEU881|J2:TYR931:hydrophobic,4,39,2.394613259668508,76|41|39|103,1.52184|2.41725|2.29934|1.69583,True
J1:ALA906|J1:LEU1010|J1:LEU881|J2:TYR931:hydrophobic,4,39,2.394613259668508,76|41|39|103,1.52184|2.41725|2.29934|1.69583,True
J1:ALA906:hydrophobic|J1:LEU1010:hydrophobic|J1:LEU881|J2:TYR931:hydrophobic,4,39,2.394613259668508,76|41|39|103,1.52184|2.41725|2.29934|1.69583,True
J1:ALA906|J1:LEU1010:hydrophobic|J1:LEU881|J2:TYR931:hydrophobic,4,39,2.394613259668508,76|41|39|103,1.52184|2.41725|2.29934|1.69583,True
J1:ALA906:hydrophobic|J1:LEU881|J1:VAL889|J2:TYR931,4,41,2.462983367983368,89|42|55|72,1.55641|2.41222|2.51023|1.434,True
J1:ALA906:hydrophobic|J1:LEU881|J1:VAL889:hydrophobic|J2:TYR931,4,40,2.409422555764019,88|41|55|71,1.545|2.36089|2.51023|1.41662,True
J1:ALA906|J1:LEU881|J1:VAL889|J2:TYR931,4,41,2.462983367983368,89|42|55|72,1.55641|2.41222|2.51023|1.434,True
J1:ALA906|J1:LEU881|J1:VAL889:hydrophobic|J2:TYR931,4,40,2.409422555764019,88|41|55|71,1.545|2.36089|2.51023|1.41662,True
J1:ALA906:hydrophobic|J1:LEU881|J2:LEU983:hydrophobic|J2:TYR931,4,44,2.3396761133603237,101|45|55|90,1.57097|2.26805|2.51023|1.55433,True
J1:ALA906|J1:LEU881|J2:LEU983:hydrophobic|J2:TYR931,4,44,2.3396761133603237,101|45|55|90,1.57097|2.26805|2.51023|1.55433,True
J1:ALA906:hydrophobic|J1:LEU881|J2:LEU983|J2:TYR931,4,44,2.3396761133603237,101|45|55|90,1.57097|2.26805|2.51023|1.55433,True
J1:ALA906|J1:LEU881|J2:LEU983|J2:TYR931,4,44,2.3396761133603237,101|45|55|90,1.57097|2.26805|2.51023|1.55433,True
J1:ARG1007|J1:ARG879|J1:LEU881:hydrophobic|J2:ASN859,4,26,2.6631336405529953,33|57|27|73,2.16368|1.63898|2.43954|2.23494,True
J1:ARG879|J1:LEU1010:hydrophobic|J1:LEU881:hydrophobic|J2:TYR931,4,62,2.3759814323607427,116|66|62|97,1.84429|1.99589|2.26284|1.96358,True
J1:ARG879|J1:LEU1010|J1:LEU881:hydrophobic|J2:TYR931,4,62,2.3759814323607427,116|66|62|97,1.84429|1.99589|2.26284|1.96358,True
J1:ARG879|J1:LEU1010:hydrophobic|J1:LEU881|J2:TYR931,4,62,2.3678165477134545,116|66|62|97,1.80808|1.98777|2.26284|1.96001,True
J1:ARG879|J1:LEU1010|J1:LEU881|J2:TYR931,4,62,2.3678165477134545,116|66|62|97,1.80808|1.98777|2.26284|1.96001,True
J1:ARG1007|J1:ARG879:hydrogen_bond|J1:LEU881:hydrophobic|J2:ASN859,4,24,2.667230769230769,31|57|25|70,2.20844|1.63898|2.4479|2.39736,True
J1:ARG1007|J1:ARG879:hydrogen_bond|J1:LEU881|J2:ASN859,4,24,2.6539609644087254,31|57|25|70,2.20139|1.59564|2.4479|2.39367,True
J1:ALA906:hydrophobic|J1:GLU966|J1:LEU959:hydrogen_bond|J2:LEU983,4,24,2.4247552447552443,29|65|32|31,0.75833|2.77837|1.19139|2.88299,False
J1:ALA906:hydrophobic|J1:GLU966|J1:LEU959:hydrogen_bond|J2:LEU983:hydrophobic,4,24,2.4247552447552443,29|65|32|31,0.75833|2.77837|1.19139|2.88299,False
J1:ALA906|J1:GLU966|J1:LEU959:hydrogen_bond|J2:LEU983,4,24,2.4247552447552443,29|65|32|31,0.75833|2.77837|1.19139|2.88299,False
J1:ALA906|J1:GLU966|J1:LEU959:hydrogen_bond|J2:LEU983:hydrophobic,4,24,2.4247552447552443,29|65|32|31,0.75833|2.77837|1.19139|2.88299,False
J1:ARG1007|J1:LEU881:hydrophobic|J1:LEU959:hydrogen_bond|J2:TYR931,4,34,2.177854134338284,64|35|85|66,1.81444|2.06351|1.8874|1.17924,True
J1:ARG1007|J1:LEU881|J1:LEU959:hydrogen_bond|J2:TYR931,4,34,2.153035283804514,64|35|85|66,1.78934|2.06351|1.85771|1.15147,True
J1:ARG1007|J1:LEU1010:hydrophobic|J1:LEU881:hydrophobic|J2:TYR931,4,75,2.0060399888919744,116|85|76|154,1.84429|1.8874|1.88743|1.39826,True
J1:ARG1007|J1:LEU1010|J1:LEU881:hydrophobic|J2:TYR931,4,75,2.0060399888919744,116|85|76|154,1.84429|1.8874|1.88743|1.39826,True
J1:ARG1007|J1:LEU1010|J1:LEU881|J2:TYR931,4,75,1.9728038233955392,116|85|76|154,1.80808|1.85771|1.88743|1.3621,True
J1:ARG1007|J1:LEU1010:hydrophobic|J1:LEU881|J2:TYR931,4,75,1.9728038233955392,116|85|76|154,1.80808|1.85771|1.88743|1.3621,True
J1:ARG1007|J1:LEU881:hydrophobic|J1:LEU959|J2:TYR931,4,34,2.053574414715719,64|35|85|66,1.75188|1.94973|1.8874|1.08746,True
J1:ARG1007|J1:LEU881|J1:LEU959|J2:TYR931,4,34,2.031492969396195,64|35|85|66,1.72636|1.94973|1.85771|1.05614,True
J1:ARG1007|J1:LEU881:hydrophobic|J2:LEU855:hydrophobic|J2:TYR931,4,83,1.896027353941023,124|85|85|162,1.66233|1.7891|1.8874|1.38384,True
J1:ARG1007|J1:LEU959:hydrogen_bond|J2:LEU855:hydrophobic|J2:TYR931,4,33,2.0150781910397293,61|85|35|59,1.65145|1.7891|2.06351|1.09832,True
J1:ARG1007|J1:LEU959:hydrogen_bond|J2:LEU855|J2:TYR931,4,33,1.9986061622301403,61|85|35|59,1.64146|1.77398|2.06351|1.08111,True
J1:ALA906|J1:LEU959:hydrogen_bond|J2:LEU855|J2:TYR931:hydrophobic|J2:VAL863:hydrophobic,5,33,7.484576138147566,40|35|33|65|38,1.50691|2.3153|7.26226|3.40743|7.40897,True
J1:ALA906:hydrophobic|J1:LEU959:hydrogen_bond|J2:LEU855|J2:TYR931:hydrophobic|J2:VAL863:hydrophobic,5,33,7.484576138147566,40|35|33|65|38,1.50691|2.3153|7.26226|3.40743|7.40897,True
J1:ALA906|J1:LEU959:hydrogen_bond|J2:LEU855:hydrophobic|J2:TYR931:hydrophobic|J2:VAL863:hydrophobic,5,33,7.484576138147566,40|35|33|65|38,1.50947|2.3153|7.26226|3.42358|7.40897,True
J1:ALA906|J1:LEU959:hydrogen_bond|J2:LEU855|J2:TYR931:hydrophobic|J2:VAL863,5,33,7.484576138147566,40|35|33|65|38,1.50182|2.3153|7.26226|3.37558|7.40897,True
J1:ALA906:hydrophobic|J1:LEU959:hydrogen_bond|J2:LEU855:hydrophobic|J2:TYR931:hydrophobic|J2:VAL863:hydrophobic,5,33,7.484576138147566,40|35|33|65|38,1.50947|2.3153|7.26226|3.42358|7.40897,True
J1:ALA906:hydrophobic|J1:LEU959:hydrogen_bond|J2:LEU855|J2:TYR931:hydrophobic|J2:VAL863,5,33,7.484576138147566,40|35|33|65|38,1.50182|2.3153|7.26226|3.37558|7.40897,True
J1:ALA906|J1:LEU959:hydrogen_bond|J2:LEU855:hydrophobic|J2:TYR931:hydrophobic|J2:VAL863,5,33,7.484576138147566,40|35|33|65|38,1.50436|2.3153|7.26226|3.39143|7.40897,True
J1:ALA906:hydrophobic|J1:LEU959:hydrogen_bond|J2:LEU855:hydrophobic|J2:TYR931:hydrophobic|J2:VAL863,5,33,7.484576138147566,40|35|33|65|38,1.50436|2.3153|7.26226|3.39143|7.40897,True
J1:ALA906:hydrophobic|J1:LEU881:hydrophobic|J1:LEU959:hydrogen_bond|J2:TYR931:hydrophobic|J2:VAL863:hydrophobic,5,32,7.4869635627530355,40|33|34|71|37,1.57918|7.26226|2.3991|3.6446|7.47633,True
J1:ALA906|J1:LEU881:hydrophobic|J1:LEU959:hydrogen_bond|J2:TYR931:hydrophobic|J2:VAL863:hydrophobic,5,32,7.4869635627530355,40|33|34|71|37,1.57918|7.26226|2.3991|3.6446|7.47633,True
J1:ALA906:hydrophobic|J1:LEU881:hydrophobic|J1:LEU959:hydrogen_bond|J2:TYR931:hydrophobic|J2:VAL863,5,32,7.4869635627530355,40|33|34|71|37,1.57638|7.26226|2.3991|3.61952|7.47633,True
J1:ALA906|J1:LEU881:hydrophobic|J1:LEU959:hydrogen_bond|J2:TYR931:hydrophobic|J2:VAL863,5,32,7.4869635627530355,40|33|34|71|37,1.57638|7.26226|2.3991|3.61952|7.47633,True
J1:ALA906|J1:LEU881|J1:LEU959:hydrogen_bond|J2:TYR931:hydrophobic|J2:VAL863:hydrophobic,5,32,7.33259318001586,40|33|34|71|37,1.55978|7.26226|2.30401|3.53045|7.34282,True
J1:ALA906|J1:LEU881|J1:LEU959:hydrogen_bond|J2:TYR931:hydrophobic|J2:VAL863,5,32,7.33259318001586,40|33|34|71|37,1.55705|7.26226|2.30401|3.50691|7.34282,True
J1:ALA906:hydrophobic|J1:LEU881|J1:LEU959:hydrogen_bond|J2:TYR931:hydrophobic|J2:VAL863:hydrophobic,5,32,7.33259318001586,40|33|34|71|37,1.55978|7.26226|2.30401|3.53045|7.34282,True
J1:ALA906:hydrophobic|J1:LEU881|J1:LEU959:hydrogen_bond|J2:TYR931:hydrophobic|J2:VAL863,5,32,7.33259318001586,40|33|34|71|37,1.55705|7.26226|2.30401|3.50691|7.34282,True
J1:ALA906|J1:ARG879|J1:LEU881|J1:LEU959:hydrogen_bond|J2:TYR931,5,27,8.109823284823284,35|47|28|30|46,1.90206|6.14509|8.18887|5.25045|5.74404,True
J1:ALA906:hydrophobic|J1:ARG879|J1:LEU881|J1:LEU959:hydrogen_bond|J2:TYR931,5,27,8.109823284823284,35|47|28|30|46,1.90206|6.14509|8.18887|5.25045|5.74404,True
J1:ALA906|J1:ARG879|J1:LEU881:hydrophobic|J1:LEU959:hydrogen_bond|J2:TYR931,5,27,8.109823284823284,35|47|28|30|46,1.90206|6.21825|8.18887|5.25045|5.74404,True
J1:ALA906:hydrophobic|J1:ARG879|J1:LEU881:hydrophobic|J1:LEU959:hydrogen_bond|J2:TYR931,5,27,8.109823284823284,35|47|28|30|46,1.90206|6.21825|8.18887|5.25045|5.74404,True
J1:ALA906:hydrophobic|J1:LEU1010:hydrophobic|J1:LEU959:hydrogen_bond|J2:TYR931:hydrophobic|J2:VAL863:hydrophobic,5,30,7.019028340080971,34|33|32|69|35,1.47601|7.26226|2.17511|3.27006|7.00849,True
J1:ALA906:hydrophobic|J1:LEU1010|J1:LEU959:hydrogen_bond|J2:TYR931:hydrophobic|J2:VAL863,5,30,7.019028340080971,34|33|32|69|35,1.47313|7.26226|2.17511|3.24927|7.00849,True
J1:ALA906|J1:LEU1010|J1:LEU959:hydrogen_bond|J2:TYR931:hydrophobic|J2:VAL863:hydrophobic,5,30,7.019028340080971,34|33|32|69|35,1.47601|7.26226|2.17511|3.27006|7.00849,True
J1:ALA906|J1:LEU1010:hydrophobic|J1:LEU959:hydrogen_bond|J2:TYR931:hydrophobic|J2:VAL863:hydrophobic,5,30,7.019028340080971,34|33|32|69|35,1.47601|7.26226|2.17511|3.27006|7.00849,True
J1:ALA906:hydrophobic|J1:LEU1010:hydrophobic|J1:LEU959:hydrogen_bond|J2:TYR931:hydrophobic|J2:VAL863,5,30,7.019028340080971,34|33|32|69|35,1.47313|7.26226|2.17511|3.24927|7.00849,True
J1:ALA906|J1:LEU1010|J1:LEU959:hydrogen_bond|J2:TYR931:hydrophobic|J2:VAL863,5,30,7.019028340080971,34|33|32|69|35,1.47313|7.26226|2.17511|3.24927|7.00849,True
J1:ALA906|J1:LEU1010:hydrophobic|J1:LEU959:hydrogen_bond|J2:TYR931:hydrophobic|J2:VAL863,5,30,7.019028340080971,34|33|32|69|35,1.47313|7.26226|2.17511|3.24927|7.00849,True
J1:ALA906:hydrophobic|J1:LEU1010|J1:LEU959:hydrogen_bond|J2:TYR931:hydrophobic|J2:VAL863:hydrophobic,5,30,7.019028340080971,34|33|32|69|35,1.47601|7.26226|2.17511|3.27006|7.00849,True
J1:ALA906:hydrophobic|J1:LEU881:hydrophobic|J1:LEU959:hydrogen_bond|J2:LEU855|J2:TYR931:hydrophobic,5,37,7.685945363048166,46|38|41|37|71,1.66793|7.40897|2.54554|7.47633|3.66151,True
J1:ALA906|J1:LEU881:hydrophobic|J1:LEU959:hydrogen_bond|J2:LEU855:hydrophobic|J2:TYR931:hydrophobic,5,37,7.685945363048166,46|38|41|37|71,1.67065|7.40897|2.54554|7.47633|3.68718,True
J1:ALA906:hydrophobic|J1:LEU881:hydrophobic|J1:LEU959:hydrogen_bond|J2:LEU855:hydrophobic|J2:TYR931:hydrophobic,5,37,7.685945363048166,46|38|41|37|71,1.67065|7.40897|2.54554|7.47633|3.68718,True
J1:ALA906|J1:LEU881:hydrophobic|J1:LEU959:hydrogen_bond|J2:LEU855|J2:TYR931:hydrophobic,5,37,7.685945363048166,46|38|41|37|71,1.66793|7.40897|2.54554|7.47633|3.66151,True
J1:ALA906|J1:LEU881|J1:LEU959:hydrogen_bond|J2:LEU855:hydrophobic|J2:TYR931:hydrophobic,5,37,7.544918842625265,46|38|41|37|71,1.65176|7.40897|2.45634|7.34282|3.61124,True
J1:ALA906:hydrophobic|J1:LEU881|J1:LEU959:hydrogen_bond|J2:LEU855:hydrophobic|J2:TYR931:hydrophobic,5,37,7.544918842625265,46|38|41|37|71,1.65176|7.40897|2.45634|7.34282|3.61124,True
J1:ALA906|J1:LEU881|J1:LEU959:hydrogen_bond|J2:LEU855|J2:TYR931:hydrophobic,5,37,7.544918842625265,46|38|41|37|71,1.64909|7.40897|2.45634|7.34282|3.58662,True
J1:ALA906:hydrophobic|J1:LEU881|J1:LEU959:hydrogen_bond|J2:LEU855|J2:TYR931:hydrophobic,5,37,7.544918842625265,46|38|41|37|71,1.64909|7.40897|2.45634|7.34282|3.58662,True
J1:ALA906|J1:ARG879:hydrogen_bond|J1:LEU881:hydrophobic|J1:LEU959|J2:TYR931,5,25,7.826381365113758,33|47|26|28|44,1.87114|5.67753|7.91644|5.22986|5.65309,True
J1:ALA906|J1:ARG879:hydrogen_bond|J1:LEU881|J1:LEU959|J2:TYR931,5,25,7.826381365113758,33|47|26|28|44,1.87114|5.58645|7.91644|5.22986|5.65309,True
J1:ALA906:hydrophobic|J1:ARG879:hydrogen_bond|J1:LEU881|J1:LEU959|J2:TYR931,5,25,7.826381365113758,33|47|26|28|44,1.87114|5.58645|7.91644|5.22986|5.65309,True
J1:ALA906:hydrophobic|J1:ARG879:hydrogen_bond|J1:LEU881:hydrophobic|J1:LEU959|J2:TYR931,5,25,7.826381365113758,33|47|26|28|44,1.87114|5.67753|7.91644|5.22986|5.65309,True
J1:ALA906:hydrophobic|J1:ARG879|J1:LEU881|J1:LEU959|J2:TYR931,5,27,8.001692307692307,35|47|28|30|46,1.88364|5.58645|8.08252|5.25045|5.68021,True
J1:ALA906|J1:ARG879|J1:LEU881:hydrophobic|J1:LEU959|J2:TYR931,5,27,8.001692307692307,35|47|28|30|46,1.88364|5.67753|8.08252|5.25045|5.68021,True
J1:ALA906:hydrophobic|J1:ARG879|J1:LEU881:hydrophobic|J1:LEU959|J2:TYR931,5,27,8.001692307692307,35|47|28|30|46,1.88364|5.67753|8.08252|5.25045|5.68021,True
J1:ALA906|J1:ARG879|J1:LEU881|J1:LEU959|J2:TYR931,5,27,8.001692307692307,35|47|28|30|46,1.88364|5.58645|8.08252|5.25045|5.68021,True
J1:ALA906|J1:ARG879|J1:LEU959:hydrogen_bond|J2:LEU855|J2:TYR931,5,26,7.916438356164383,33|46|29|28|42,1.75897|5.94441|5.15665|8.18887|5.52385,True
J1:ALA906:hydrophobic|J1:ARG879|J1:LEU959:hydrogen_bond|J2:LEU855|J2:TYR931,5,26,7.916438356164383,33|46|29|28|42,1.75897|5.94441|5.15665|8.18887|5.52385,True
J1:ALA906|J1:ARG879|J1:LEU959:hydrogen_bond|J2:LEU855:hydrophobic|J2:TYR931,5,26,7.916438356164383,33|46|29|28|42,1.76319|5.97917|5.15665|8.18887|5.52385,True
J1:ALA906:hydrophobic|J1:ARG879|J1:LEU959:hydrogen_bond|J2:LEU855:hydrophobic|J2:TYR931,5,26,7.916438356164383,33|46|29|28|42,1.76319|5.97917|5.15665|8.18887|5.52385,True
J1:ALA906|J1:LEU1010|J1:LEU959:hydrogen_bond|J2:LEU855:hydrophobic|J2:TYR931:hydrophobic,5,35,7.203169515669515,40|38|39|35|68,1.59333|7.40897|2.33652|7.00849|3.40412,True
J1:ALA906:hydrophobic|J1:LEU1010|J1:LEU959:hydrogen_bond|J2:LEU855:hydrophobic|J2:TYR931:hydrophobic,5,35,7.203169515669515,40|38|39|35|68,1.59333|7.40897|2.33652|7.00849|3.40412,True
J1:ALA906:hydrophobic|J1:LEU1010:hydrophobic|J1:LEU881:hydrophobic|J1:LEU959:hydrogen_bond|J2:TYR931:hydrophobic,5,35,7.408974358974358,41|37|35|39|75,1.70976|7.47633|7.00849|2.48381|3.63978,True
J1:ALA906:hydrophobic|J1:LEU1010:hydrophobic|J1:LEU959:hydrogen_bond|J2:LEU855|J2:TYR931:hydrophobic,5,35,7.203169515669515,40|38|39|35|68,1.59048|7.40897|2.33652|7.00849|3.38128,True
J1:ALA906|J1:LEU1010:hydrophobic|J1:LEU881:hydrophobic|J1:LEU959:hydrogen_bond|J2:TYR931:hydrophobic,5,35,7.408974358974358,41|37|35|39|75,1.70976|7.47633|7.00849|2.48381|3.63978,True
J1:ALA906|J1:LEU1010:hydrophobic|J1:LEU959:hydrogen_bond|J2:LEU855:hydrophobic|J2:TYR931:hydrophobic,5,35,7.203169515669515,40|38|39|35|68,1.59333|7.40897|2.33652|7.00849|3.40412,True
J1:ALA906:hydrophobic|J1:LEU1010:hydrophobic|J1:LEU959:hydrogen_bond|J2:LEU855:hydrophobic|J2:TYR931:hydrophobic,5,35,7.203169515669515,40|38|39|35|68,1.59333|7.40897|2.33652|7.00849|3.40412,True
J1:ALA906|J1:LEU1010|J1:LEU959:hydrogen_bond|J2:LEU855|J2:TYR931:hydrophobic,5,35,7.203169515669515,40|38|39|35|68,1.59048|7.40897|2.33652|7.00849|3.38128,True
J1:ALA906|J1:LEU1010|J1:LEU881:hydrophobic|J1:LEU959:hydrogen_bond|J2:TYR931:hydrophobic,5,35,7.408974358974358,41|37|35|39|75,1.70976|7.47633|7.00849|2.48381|3.63978,True
J1:ALA906|J1:LEU1010:hydrophobic|J1:LEU959:hydrogen_bond|J2:LEU855|J2:TYR931:hydrophobic,5,35,7.203169515669515,40|38|39|35|68,1.59048|7.40897|2.33652|7.00849|3.38128,True
J1:ALA906:hydrophobic|J1:LEU1010|J1:LEU881:hydrophobic|J1:LEU959:hydrogen_bond|J2:TYR931:hydrophobic,5,35,7.408974358974358,41|37|35|39|75,1.70976|7.47633|7.00849|2.48381|3.63978,True
J1:ALA906:hydrophobic|J1:LEU1010|J1:LEU959:hydrogen_bond|J2:LEU855|J2:TYR931:hydrophobic,5,35,7.203169515669515,40|38|39|35|68,1.59048|7.40897|2.33652|7.00849|3.38128,True
J1:ALA906|J1:LEU1010:hydrophobic|J1:LEU881|J1:LEU959:hydrogen_bond|J2:TYR931:hydrophobic,5,35,7.270488856937455,41|37|35|39|75,1.6876|7.34282|7.00849|2.39461|3.53182,True
J1:ALA906|J1:LEU959|J2:LEU855:hydrophobic|J2:TYR931:hydrophobic|J2:VAL863,5,33,6.855032350826742,40|35|33|65|38,1.46471|2.3153|6.66808|3.08707|6.75698,True
J1:ALA906:hydrophobic|J1:LEU959|J2:LEU855:hydrophobic|J2:TYR931:hydrophobic|J2:VAL863,5,33,6.855032350826742,40|35|33|65|38,1.46471|2.3153|6.66808|3.08707|6.75698,True
J1:ALA906:hydrophobic|J1:LEU1010:hydrophobic|J1:LEU881|J1:LEU959:hydrogen_bond|J2:TYR931:hydrophobic,5,35,7.270488856937455,41|37|35|39|75,1.6876|7.34282|7.00849|2.39461|3.53182,True
J1:ALA906:hydrophobic|J1:LEU959|J2:LEU855|J2:TYR931:hydrophobic|J2:VAL863:hydrophobic,5,33,6.855032350826742,40|35|33|65|38,1.46712|2.3153|6.66808|3.09368|6.75698,True
J1:ALA906|J1:LEU1010|J1:LEU881|J1:LEU959:hydrogen_bond|J2:TYR931:hydrophobic,5,35,7.270488856937455,41|37|35|39|75,1.6876|7.34282|7.00849|2.39461|3.53182,True
J1:ALA906:hydrophobic|J1:LEU1010|J1:LEU881|J1:LEU959:hydrogen_bond|J2:TYR931:hydrophobic,5,35,7.270488856937455,41|37|35|39|75,1.6876|7.34282|7.00849|2.39461|3.53182,True
J1:ALA906|J1:LEU959|J2:LEU855|J2:TYR931:hydrophobic|J2:VAL863:hydrophobic,5,33,6.855032350826742,40|35|33|65|38,1.46712|2.3153|6.66808|3.09368|6.75698,True
J1:ALA906:hydrophobic|J1:LEU959|J2:LEU855:hydrophobic|J2:TYR931:hydrophobic|J2:VAL863:hydrophobic,5,33,6.855032350826742,40|35|33|65|38,1.46955|2.3153|6.66808|3.11369|6.75698,True
J1:ALA906|J1:LEU959|J2:LEU855:hydrophobic|J2:TYR931:hydrophobic|J2:VAL863:hydrophobic,5,33,6.855032350826742,40|35|33|65|38,1.46955|2.3153|6.66808|3.11369|6.75698,True
J1:ALA906:hydrophobic|J1:LEU959|J2:LEU855|J2:TYR931:hydrophobic|J2:VAL863,5,33,6.855032350826742,40|35|33|65|38,1.4623|2.3153|6.66808|3.06741|6.75698,True
J1:ALA906|J1:LEU959|J2:LEU855|J2:TYR931:hydrophobic|J2:VAL863,5,33,6.855032350826742,40|35|33|65|38,1.4623|2.3153|6.66808|3.06741|6.75698,True
J1:ALA906|J1:LEU881:hydrophobic|J1:LEU959|J2:TYR931:hydrophobic|J2:VAL863:hydrophobic,5,32,6.905451829723673,40|33|34|71|37,1.54086|6.66808|2.3991|3.32234|6.8533,True
J1:ALA906:hydrophobic|J1:LEU881:hydrophobic|J1:LEU959|J2:TYR931:hydrophobic|J2:VAL863:hydrophobic,5,32,6.905451829723673,40|33|34|71|37,1.54086|6.66808|2.3991|3.32234|6.8533,True
J1:ALA906|J1:LEU881:hydrophobic|J1:LEU959|J2:TYR931:hydrophobic|J2:VAL863,5,32,6.905451829723673,40|33|34|71|37,1.5382|6.66808|2.3991|3.30149|6.8533,True
J1:ALA906:hydrophobic|J1:LEU881:hydrophobic|J1:LEU959|J2:TYR931:hydrophobic|J2:VAL863,5,32,6.905451829723673,40|33|34|71|37,1.5382|6.66808|2.3991|3.30149|6.8533,True
J1:ALA906:hydrophobic|J1:LEU881|J1:LEU959|J2:TYR931:hydrophobic|J2:VAL863,5,32,6.710014513788098,40|33|34|71|37,1.5172|6.66808|2.30401|3.1881|6.68615,True
J1:ALA906|J1:LEU881|J1:LEU959|J2:TYR931:hydrophobic|J2:VAL863:hydrophobic,5,32,6.710014513788098,40|33|34|71|37,1.51979|6.66808|2.30401|3.20754|6.68615,True
J1:ALA906:hydrophobic|J1:LEU881|J1:LEU959|J2:TYR931:hydrophobic|J2:VAL863:hydrophobic,5,32,6.710014513788098,40|33|34|71|37,1.51979|6.66808|2.30401|3.20754|6.68615,True
J1:ALA906|J1:LEU881|J1:LEU959|J2:TYR931:hydrophobic|J2:VAL863,5,32,6.710014513788098,40|33|34|71|37,1.5172|6.66808|2.30401|3.1881|6.68615,True
J1:ALA906:hydrophobic|J1:LEU1010:hydrophobic|J1:LEU959|J2:TYR931:hydrophobic|J2:VAL863,5,30,6.411612426035502,34|33|32|69|35,1.434|6.66808|2.17511|2.95502|6.37658,True
J1:ALA906|J1:LEU1010|J1:LEU959|J2:TYR931:hydrophobic|J2:VAL863:hydrophobic,5,30,6.411612426035502,34|33|32|69|35,1.43672|6.66808|2.17511|2.9722|6.37658,True
J1:ALA906|J1:LEU1010:hydrophobic|J1:LEU959|J2:TYR931:hydrophobic|J2:VAL863:hydrophobic,5,30,6.411612426035502,34|33|32|69|35,1.43672|6.66808|2.17511|2.9722|6.37658,True
J1:ALA906:hydrophobic|J1:LEU1010|J1:LEU959|J2:TYR931:hydrophobic|J2:VAL863:hydrophobic,5,30,6.411612426035502,34|33|32|69|35,1.43672|6.66808|2.17511|2.9722|6.37658,True
J1:ALA906|J1:LEU1010|J1:LEU959|J2:TYR931:hydrophobic|J2:VAL863,5,30,6.411612426035502,34|33|32|69|35,1.434|6.66808|2.17511|2.95502|6.37658,True
J1:ALA906|J1:LEU1010:hydrophobic|J1:LEU959|J2:TYR931:hydrophobic|J2:VAL863,5,30,6.411612426035502,34|33|32|69|35,1.434|6.66808|2.17511|2.95502|6.37658,True
J1:ALA906:hydrophobic|J1:LEU1010:hydrophobic|J1:LEU959|J2:TYR931:hydrophobic|J2:VAL863:hydrophobic,5,30,6.411612426035502,34|33|32|69|35,1.43672|6.66808|2.17511|2.9722|6.37658,True
J1:ALA906:hydrophobic|J1:LEU1010|J1:LEU959|J2:TYR931:hydrophobic|J2:VAL863,5,30,6.411612426035502,34|33|32|69|35,1.434|6.66808|2.17511|2.95502|6.37658,True
J1:ALA906:hydrophobic|J1:LEU881:hydrophobic|J1:LEU959|J2:LEU855|J2:TYR931:hydrophobic,5,37,7.029026955950032,46|38|41|37|71,1.62035|6.75698|2.54554|6.8533|3.32935,True
J1:ALA906|J1:LEU881:hydrophobic|J1:LEU959|J2:LEU855|J2:TYR931:hydrophobic,5,37,7.029026955950032,46|38|41|37|71,1.62035|6.75698|2.54554|6.8533|3.32935,True
J1:ALA906|J1:LEU881:hydrophobic|J1:LEU959|J2:LEU855:hydrophobic|J2:TYR931:hydrophobic,5,37,7.029026955950032,46|38|41|37|71,1.62292|6.75698|2.54554|6.8533|3.35768,True
J1:ALA906:hydrophobic|J1:LEU881:hydrophobic|J1:LEU959|J2:LEU855:hydrophobic|J2:TYR931:hydrophobic,5,37,7.029026955950032,46|38|41|37|71,1.62292|6.75698|2.54554|6.8533|3.35768,True
J1:ALA906|J1:LEU881:hydrophobic|J1:LEU959:hydrogen_bond|J2:LEU983:hydrophobic|J2:TYR931:hydrophobic,5,29,6.930976013234077,37|30|32|37|63,1.64151|6.66808|2.26516|7.47633|3.16809,True
J1:ALA906:hydrophobic|J1:LEU881:hydrophobic|J1:LEU959:hydrogen_bond|J2:LEU983|J2:TYR931:hydrophobic,5,29,6.930976013234077,37|30|32|37|63,1.64151|6.66808|2.26516|7.47633|3.16809,True
J1:ALA906|J1:LEU881:hydrophobic|J1:LEU959:hydrogen_bond|J2:LEU983|J2:TYR931:hydrophobic,5,29,6.930976013234077,37|30|32|37|63,1.64151|6.66808|2.26516|7.47633|3.16809,True
J1:ALA906:hydrophobic|J1:LEU881:hydrophobic|J1:LEU959:hydrogen_bond|J2:LEU983:hydrophobic|J2:TYR931:hydrophobic,5,29,6.930976013234077,37|30|32|37|63,1.64151|6.66808|2.26516|7.47633|3.16809,True
J1:ALA906|J1:LEU881:hydrophobic|J1:LEU959:hydrogen_bond|J1:VAL889:hydrophobic|J2:TYR931:hydrophobic,5,27,7.23044485634847,32|28|31|37|58,1.5362|7.0722|2.44339|7.47633|3.57108,True
J1:ALA906|J1:LEU881:hydrophobic|J1:LEU959:hydrogen_bond|J1:VAL889|J2:TYR931:hydrophobic,5,28,7.408974358974358,33|29|32|37|59,1.57064|7.24248|2.51329|7.47633|3.62262,True
J1:ALA906:hydrophobic|J1:LEU881:hydrophobic|J1:LEU959:hydrogen_bond|J1:VAL889|J2:TYR931:hydrophobic,5,28,7.408974358974358,33|29|32|37|59,1.57064|7.24248|2.51329|7.47633|3.62262,True
J1:ALA906:hydrophobic|J1:LEU881:hydrophobic|J1:LEU959:hydrogen_bond|J1:VAL889:hydrophobic|J2:TYR931:hydrophobic,5,27,7.23044485634847,32|28|31|37|58,1.5362|7.0722|2.44339|7.47633|3.57108,True
J1:ALA906|J1:LEU881|J1:LEU959|J2:LEU855:hydrophobic|J2:TYR931:hydrophobic,5,37,6.853301282051282,46|38|41|37|71,1.60257|6.75698|2.45634|6.68615|3.27409,True
J1:ALA906:hydrophobic|J1:LEU881|J1:LEU959|J2:LEU855|J2:TYR931:hydrophobic,5,37,6.853301282051282,46|38|41|37|71,1.60006|6.75698|2.45634|6.68615|3.24714,True
J1:ALA906:hydrophobic|J1:LEU881|J1:LEU959|J2:LEU855:hydrophobic|J2:TYR931:hydrophobic,5,37,6.853301282051282,46|38|41|37|71,1.60257|6.75698|2.45634|6.68615|3.27409,True
J1:ALA906|J1:LEU881|J1:LEU959|J2:LEU855|J2:TYR931:hydrophobic,5,37,6.853301282051282,46|38|41|37|71,1.60006|6.75698|2.45634|6.68615|3.24714,True
J1:ALA906|J1:LEU881|J1:LEU959:hydrogen_bond|J1:VAL889:hydrophobic|J2:TYR931:hydrophobic,5,27,7.060316742081447,32|28|31|37|58,1.51332|7.0722|2.35971|7.34282|3.43776,True
J1:ALA906|J1:LEU881|J1:LEU959:hydrogen_bond|J1:VAL889|J2:TYR931:hydrophobic,5,28,7.236672629695885,33|29|32|37|59,1.54744|7.24248|2.42751|7.34282|3.48774,True
J1:ALA906:hydrophobic|J1:LEU881|J1:LEU959:hydrogen_bond|J1:VAL889|J2:TYR931:hydrophobic,5,28,7.236672629695885,33|29|32|37|59,1.54744|7.24248|2.42751|7.34282|3.48774,True
J1:ALA906:hydrophobic|J1:LEU881|J1:LEU959:hydrogen_bond|J1:VAL889:hydrophobic|J2:TYR931:hydrophobic,5,27,7.060316742081447,32|28|31|37|58,1.51332|7.0722|2.35971|7.34282|3.43776,True
J1:ALA906:hydrophobic|J1:LEU1010:hydrophobic|J1:LEU881:hydrophobic|J1:LEU959|J2:TYR931:hydrophobic,5,35,6.764715719063545,41|37|35|39|75,1.666|6.8533|6.37658|2.48381|3.30103,True
J1:ALA906|J1:LEU1010:hydrophobic|J1:LEU881:hydrophobic|J1:LEU959|J2:TYR931:hydrophobic,5,35,6.764715719063545,41|37|35|39|75,1.666|6.8533|6.37658|2.48381|3.30103,True
J1:ALA906:hydrophobic|J1:LEU1010|J1:LEU959|J2:LEU855:hydrophobic|J2:TYR931:hydrophobic,5,35,6.537330316742081,40|38|39|35|68,1.54891|6.75698|2.33652|6.37658|3.08455,True
J1:ALA906:hydrophobic|J1:LEU1010:hydrophobic|J1:LEU959|J2:LEU855|J2:TYR931:hydrophobic,5,35,6.537330316742081,40|38|39|35|68,1.54622|6.75698|2.33652|6.37658|3.05958,True
J1:ALA906|J1:LEU1010|J1:LEU881:hydrophobic|J1:LEU959|J2:TYR931:hydrophobic,5,35,6.764715719063545,41|37|35|39|75,1.666|6.8533|6.37658|2.48381|3.30103,True
J1:ALA906|J1:LEU1010:hydrophobic|J1:LEU959|J2:LEU855|J2:TYR931:hydrophobic,5,35,6.537330316742081,40|38|39|35|68,1.54622|6.75698|2.33652|6.37658|3.05958,True
J1:ALA906|J1:LEU1010|J1:LEU959|J2:LEU855:hydrophobic|J2:TYR931:hydrophobic,5,35,6.537330316742081,40|38|39|35|68,1.54891|6.75698|2.33652|6.37658|3.08455,True
J1:ALA906:hydrophobic|J1:LEU1010|J1:LEU881:hydrophobic|J1:LEU959|J2:TYR931:hydrophobic,5,35,6.764715719063545,41|37|35|39|75,1.666|6.8533|6.37658|2.48381|3.30103,True
J1:ALA906:hydrophobic|J1:LEU1010:hydrophobic|J1:LEU959|J2:LEU855:hydrophobic|J2:TYR931:hydrophobic,5,35,6.537330316742081,40|38|39|35|68,1.54891|6.75698|2.33652|6.37658|3.08455,True
J1:ALA906|J1:LEU1010:hydrophobic|J1:LEU959|J2:LEU855:hydrophobic|J2:TYR931:hydrophobic,5,35,6.537330316742081,40|38|39|35|68,1.54891|6.75698|2.33652|6.37658|3.08455,True
J1:ALA906|J1:LEU1010|J1:LEU959|J2:LEU855|J2:TYR931:hydrophobic,5,35,6.537330316742081,40|38|39|35|68,1.54622|6.75698|2.33652|6.37658|3.05958,True
J1:ALA906:hydrophobic|J1:LEU1010|J1:LEU959|J2:LEU855|J2:TYR931:hydrophobic,5,35,6.537330316742081,40|38|39|35|68,1.54622|6.75698|2.33652|6.37658|3.05958,True
J1:ALA906:hydrophobic|J1:LEU1010:hydrophobic|J1:LEU881|J1:LEU959|J2:TYR931:hydrophobic,5,35,6.592731421121251,41|37|35|39|75,1.64199|6.68615|6.37658|2.39461|3.19965,True
J1:ALA906:hydrophobic|J1:LEU1010|J1:LEU881|J1:LEU959|J2:TYR931:hydrophobic,5,35,6.592731421121251,41|37|35|39|75,1.64199|6.68615|6.37658|2.39461|3.19965,True
J1:ALA906|J1:LEU1010|J1:LEU881|J1:LEU959|J2:TYR931:hydrophobic,5,35,6.592731421121251,41|37|35|39|75,1.64199|6.68615|6.37658|2.39461|3.19965,True
J1:ALA906|J1:LEU1010:hydrophobic|J1:LEU881|J1:LEU959|J2:TYR931:hydrophobic,5,35,6.592731421121251,41|37|35|39|75,1.64199|6.68615|6.37658|2.39461|3.19965,True
J1:ALA906|J1:LEU959:hydrogen_bond|J2:ARG980|J2:LEU855|J2:TYR931,5,24,6.668076923076923,33|27|46|24|42,3.06899|2.88523|5.94441|6.35055|4.62144,True
J1:ALA906:hydrophobic|J1:LEU959:hydrogen_bond|J2:ARG980|J2:LEU855|J2:TYR931,5,24,6.668076923076923,33|27|46|24|42,3.06899|2.88523|5.94441|6.35055|4.62144,True
J1:ALA906|J1:LEU959:hydrogen_bond|J2:ARG980|J2:LEU855:hydrophobic|J2:TYR931,5,24,6.668076923076923,33|27|46|24|42,3.09489|2.88523|5.97917|6.35055|4.64443,True
J1:ALA906:hydrophobic|J1:LEU959:hydrogen_bond|J2:ARG980|J2:LEU855:hydrophobic|J2:TYR931,5,24,6.668076923076923,33|27|46|24|42,3.09489|2.88523|5.97917|6.35055|4.64443,True
J1:ALA906:hydrophobic|J1:LEU881:hydrophobic|J1:LEU959:hydrogen_bond|J2:ARG980|J2:TYR931,5,23,6.3902403846153835,32|24|26|47|45,3.21838|6.35055|2.87512|6.21825|4.8554,True
J1:ALA906:hydrophobic|J1:LEU881|J1:LEU959:hydrogen_bond|J2:ARG980|J2:TYR931,5,23,6.311348528015194,32|24|26|47|45,3.14717|6.35055|2.79179|6.14509|4.58813,True
J1:ALA906|J1:LEU881|J1:LEU959:hydrogen_bond|J2:ARG980|J2:TYR931,5,23,6.311348528015194,32|24|26|47|45,3.14717|6.35055|2.79179|6.14509|4.58813,True
J1:ALA906|J1:LEU881:hydrophobic|J1:LEU959:hydrogen_bond|J2:ARG980|J2:TYR931,5,23,6.3902403846153835,32|24|26|47|45,3.21838|6.35055|2.87512|6.21825|4.8554,True
J1:ALA906:hydrophobic|J1:LEU881:hydrophobic|J1:LEU959:hydrogen_bond|J2:TYR931|J2:VAL863:hydrophobic,5,42,6.101508295625943,57|43|48|71|47,1.77691|5.89974|2.54628|3.6446|6.21825,True
J1:ALA906|J1:LEU881:hydrophobic|J1:LEU959:hydrogen_bond|J2:TYR931|J2:VAL863:hydrophobic,5,42,6.101508295625943,57|43|48|71|47,1.77691|5.89974|2.54628|3.6446|6.21825,True
J1:ALA906:hydrophobic|J1:LEU881:hydrophobic|J1:LEU959:hydrogen_bond|J2:TYR931|J2:VAL863,5,42,6.101508295625943,57|43|48|71|47,1.77442|5.89974|2.54628|3.61952|6.21825,True
J1:ALA906|J1:LEU881:hydrophobic|J1:LEU959:hydrogen_bond|J2:TYR931|J2:VAL863,5,42,6.101508295625943,57|43|48|71|47,1.77442|5.89974|2.54628|3.61952|6.21825,True
J1:ALA906|J1:LEU881|J1:LEU959:hydrogen_bond|J2:TYR931|J2:VAL863:hydrophobic,5,42,6.022779156327544,57|43|48|71|47,1.74991|5.89974|2.46966|3.53045|6.14509,True
J1:ALA906:hydrophobic|J1:LEU881|J1:LEU959:hydrogen_bond|J2:TYR931|J2:VAL863:hydrophobic,5,42,6.022779156327544,57|43|48|71|47,1.74991|5.89974|2.46966|3.53045|6.14509,True
J1:ALA906|J1:LEU881|J1:LEU959:hydrogen_bond|J2:TYR931|J2:VAL863,5,42,6.022779156327544,57|43|48|71|47,1.7475|5.89974|2.46966|3.50691|6.14509,True
J1:ALA906:hydrophobic|J1:LEU881|J1:LEU959:hydrogen_bond|J2:TYR931|J2:VAL863,5,42,6.022779156327544,57|43|48|71|47,1.7475|5.89974|2.46966|3.50691|6.14509,True
J1:ALA906|J1:LEU881|J1:LEU959:hydrogen_bond|J2:LEU932:hydrogen_bond|J2:TYR931,5,20,6.089567966280295,27|21|22|47|26,1.25026|6.22354|2.91067|6.14509|2.30239,True
J1:ALA906:hydrophobic|J1:LEU881|J1:LEU959:hydrogen_bond|J2:LEU932:hydrogen_bond|J2:TYR931,5,20,6.089567966280295,27|21|22|47|26,1.25026|6.22354|2.91067|6.14509|2.30239,True
J1:ALA906:hydrophobic|J1:LEU959:hydrogen_bond|J2:LEU855|J2:LEU932:hydrogen_bond|J2:TYR931,5,21,6.394046364594309,28|23|21|46|25,1.26495|3.02497|6.22354|5.94441|2.29617,True
J1:ALA906:hydrophobic|J1:LEU959:hydrogen_bond|J2:LEU855:hydrophobic|J2:LEU932:hydrogen_bond|J2:TYR931,5,21,6.482852564102564,28|23|21|46|25,1.26752|3.04297|6.22354|5.97917|2.32499,True
J1:ALA906|J1:LEU959:hydrogen_bond|J2:LEU855|J2:LEU932:hydrogen_bond|J2:TYR931,5,21,6.394046364594309,28|23|21|46|25,1.26495|3.02497|6.22354|5.94441|2.29617,True
J1:ALA906|J1:LEU959:hydrogen_bond|J2:LEU855:hydrophobic|J2:LEU932:hydrogen_bond|J2:TYR931,5,21,6.482852564102564,28|23|21|46|25,1.26752|3.04297|6.22354|5.97917|2.32499,True
J1:ALA906|J1:LEU881:hydrophobic|J1:LEU959|J1:VAL889|J2:TYR931:hydrophobic,5,28,6.915042735042735,33|29|32|37|59,1.53129|6.78506|2.51329|6.8533|3.3886,True
J1:ALA906|J1:LEU881:hydrophobic|J1:LEU959|J1:VAL889:hydrophobic|J2:TYR931:hydrophobic,5,27,6.742999135695765,32|28|31|37|58,1.49739|6.62079|2.44339|6.8533|3.3398,True
J1:ALA906:hydrophobic|J1:LEU881:hydrophobic|J1:LEU959|J1:VAL889|J2:TYR931:hydrophobic,5,28,6.915042735042735,33|29|32|37|59,1.53129|6.78506|2.51329|6.8533|3.3886,True
J1:ALA906:hydrophobic|J1:LEU881:hydrophobic|J1:LEU959|J1:VAL889:hydrophobic|J2:TYR931:hydrophobic,5,27,6.742999135695765,32|28|31|37|58,1.49739|6.62079|2.44339|6.8533|3.3398,True
J1:ALA906|J1:LEU881:hydrophobic|J1:LEU959:hydrogen_bond|J2:LEU855|J2:TYR931,5,45,6.2124940277114185,60|46|53|47|71,1.73874|5.94441|2.54984|6.21825|3.66151,True
J1:ALA906:hydrophobic|J1:LEU881:hydrophobic|J1:LEU959:hydrogen_bond|J2:LEU855|J2:TYR931,5,45,6.2124940277114185,60|46|53|47|71,1.73874|5.94441|2.54984|6.21825|3.66151,True
J1:ALA906|J1:LEU881:hydrophobic|J1:LEU959:hydrogen_bond|J2:LEU855:hydrophobic|J2:TYR931,5,45,6.251322115384615,60|46|53|47|71,1.75015|5.97917|2.55537|6.21825|3.68718,True
J1:ALA906:hydrophobic|J1:LEU881:hydrophobic|J1:LEU959:hydrogen_bond|J2:LEU855:hydrophobic|J2:TYR931,5,45,6.251322115384615,60|46|53|47|71,1.75015|5.97917|2.55537|6.21825|3.68718,True
J1:ALA906:hydrophobic|J1:LEU881:hydrophobic|J1:LEU959|J2:ARG980|J2:TYR931,5,23,6.159267840593142,32|24|26|47|45,3.11957|6.13156|2.87512|5.67753|4.38689,True
J1:ALA906|J1:LEU881:hydrophobic|J1:LEU959|J2:ARG980|J2:TYR931,5,23,6.159267840593142,32|24|26|47|45,3.11957|6.13156|2.87512|5.67753|4.38689,True
J1:ALA906|J1:LEU881|J1:LEU959|J2:ARG980|J2:TYR931,5,23,6.085943223443223,32|24|26|47|45,3.05262|6.13156|2.79179|5.58645|4.16755,True
J1:ALA906:hydrophobic|J1:LEU881|J1:LEU959|J2:ARG980|J2:TYR931,5,23,6.085943223443223,32|24|26|47|45,3.05262|6.13156|2.79179|5.58645|4.16755,True
J1:ALA906:hydrophobic|J1:LEU1010|J1:LEU881:hydrophobic|J1:LEU959:hydrogen_bond|J2:TYR931,5,45,6.251322115384615,58|47|45|53|75,1.9127|6.21825|5.8836|2.60625|3.63978,True
J1:ALA906:hydrophobic|J1:LEU1010:hydrophobic|J1:LEU881:hydrophobic|J1:LEU959:hydrogen_bond|J2:TYR931,5,45,6.251322115384615,58|47|45|53|75,1.9127|6.21825|5.8836|2.60625|3.63978,True
J1:ALA906|J1:LEU1010:hydrophobic|J1:LEU881:hydrophobic|J1:LEU959:hydrogen_bond|J2:TYR931,5,45,6.251322115384615,58|47|45|53|75,1.9127|6.21825|5.8836|2.60625|3.63978,True
J1:ALA906|J1:LEU1010|J1:LEU881:hydrophobic|J1:LEU959:hydrogen_bond|J2:TYR931,5,45,6.251322115384615,58|47|45|53|75,1.9127|6.21825|5.8836|2.60625|3.63978,True
J1:ALA906:hydrophobic|J1:LEU959:hydrogen_bond|J2:LEU855|J2:TYR931|J2:VAL863:hydrophobic,5,41,5.879379652605459,54|47|43|65|46,1.60462|2.38508|5.89974|3.40743|5.94441,True
J1:ALA906|J1:LEU959:hydrogen_bond|J2:LEU855:hydrophobic|J2:TYR931|J2:VAL863:hydrophobic,5,41,5.917557442557442,54|47|43|65|46,1.61542|2.39054|5.89974|3.42358|5.97917,True
J1:ALA906:hydrophobic|J1:LEU959:hydrogen_bond|J2:LEU855:hydrophobic|J2:TYR931|J2:VAL863:hydrophobic,5,41,5.917557442557442,54|47|43|65|46,1.61542|2.39054|5.89974|3.42358|5.97917,True
J1:ALA906|J1:LEU959:hydrogen_bond|J2:LEU855|J2:TYR931|J2:VAL863,5,41,5.879379652605459,54|47|43|65|46,1.60034|2.38508|5.89974|3.37558|5.94441,True
J1:ALA906:hydrophobic|J1:LEU959:hydrogen_bond|J2:LEU855|J2:TYR931|J2:VAL863,5,41,5.879379652605459,54|47|43|65|46,1.60034|2.38508|5.89974|3.37558|5.94441,True
J1:ALA906|J1:LEU959:hydrogen_bond|J2:LEU855:hydrophobic|J2:TYR931|J2:VAL863,5,41,5.917557442557442,54|47|43|65|46,1.61108|2.39054|5.89974|3.39143|5.97917,True
J1:ALA906:hydrophobic|J1:LEU959:hydrogen_bond|J2:LEU855:hydrophobic|J2:TYR931|J2:VAL863,5,41,5.917557442557442,54|47|43|65|46,1.61108|2.39054|5.89974|3.39143|5.97917,True
J1:ALA906|J1:LEU959:hydrogen_bond|J2:LEU855|J2:TYR931|J2:VAL863:hydrophobic,5,41,5.879379652605459,54|47|43|65|46,1.60462|2.38508|5.89974|3.40743|5.94441,True
J1:ALA906|J1:LEU881:hydrophobic|J1:LEU959:hydrogen_bond|J2:ASN859:hydrogen_bond|J2:VAL863,5,23,6.311348528015194,27|23|30|71|23,1.58764|5.3252|2.4515|3.61952|5.49698,True
J1:ALA906:hydrophobic|J1:LEU881:hydrophobic|J1:LEU959:hydrogen_bond|J2:ASN859:hydrogen_bond|J2:VAL863:hydrophobic,5,23,6.311348528015194,27|23|30|71|23,1.60462|5.3252|2.4515|3.6446|5.49698,True
J1:ALA906|J1:LEU881:hydrophobic|J1:LEU959:hydrogen_bond|J2:ASN859:hydrogen_bond|J2:VAL863:hydrophobic,5,23,6.311348528015194,27|23|30|71|23,1.60462|5.3252|2.4515|3.6446|5.49698,True
J1:ALA906:hydrophobic|J1:LEU881:hydrophobic|J1:LEU959:hydrogen_bond|J2:ASN859:hydrogen_bond|J2:VAL863,5,23,6.311348528015194,27|23|30|71|23,1.58764|5.3252|2.4515|3.61952|5.49698,True
J1:ALA906|J1:LEU881|J1:LEU959:hydrogen_bond|J2:LEU855|J2:TYR931,5,45,6.136267107126002,60|46|53|47|71,1.71416|5.94441|2.48006|6.14509|3.58662,True
J1:ALA906:hydrophobic|J1:LEU881|J1:LEU959:hydrogen_bond|J2:LEU855|J2:TYR931,5,45,6.136267107126002,60|46|53|47|71,1.71416|5.94441|2.48006|6.14509|3.58662,True
J1:ALA906|J1:LEU881|J1:LEU959:hydrogen_bond|J2:LEU855:hydrophobic|J2:TYR931,5,45,6.174145299145299,60|46|53|47|71,1.72525|5.97917|2.48529|6.14509|3.61124,True
J1:ALA906:hydrophobic|J1:LEU881|J1:LEU959:hydrogen_bond|J2:LEU855:hydrophobic|J2:TYR931,5,45,6.174145299145299,60|46|53|47|71,1.72525|5.97917|2.48529|6.14509|3.61124,True
J1:ALA906|J1:LEU1010|J1:LEU959:hydrogen_bond|J2:TYR931|J2:VAL863,5,40,5.810960281548517,51|43|46|69|45,1.72538|5.89974|2.39447|3.24927|5.8836,True
J1:ALA906:hydrophobic|J1:LEU1010:hydrophobic|J1:LEU959:hydrogen_bond|J2:TYR931|J2:VAL863,5,40,5.810960281548517,51|43|46|69|45,1.72538|5.89974|2.39447|3.24927|5.8836,True
J1:ALA906|J1:LEU1010:hydrophobic|J1:LEU959:hydrogen_bond|J2:TYR931|J2:VAL863,5,40,5.810960281548517,51|43|46|69|45,1.72538|5.89974|2.39447|3.24927|5.8836,True
J1:ALA906:hydrophobic|J1:LEU1010|J1:LEU959:hydrogen_bond|J2:TYR931|J2:VAL863:hydrophobic,5,40,5.810960281548517,51|43|46|69|45,1.72801|5.89974|2.39447|3.27006|5.8836,True
J1:ALA906:hydrophobic|J1:LEU1010:hydrophobic|J1:LEU959:hydrogen_bond|J2:TYR931|J2:VAL863:hydrophobic,5,40,5.810960281548517,51|43|46|69|45,1.72801|5.89974|2.39447|3.27006|5.8836,True
J1:ALA906:hydrophobic|J1:LEU1010|J1:LEU959:hydrogen_bond|J2:TYR931|J2:VAL863,5,40,5.810960281548517,51|43|46|69|45,1.72538|5.89974|2.39447|3.24927|5.8836,True
J1:ALA906|J1:LEU1010|J1:LEU959:hydrogen_bond|J2:TYR931|J2:VAL863:hydrophobic,5,40,5.810960281548517,51|43|46|69|45,1.72801|5.89974|2.39447|3.27006|5.8836,True
J1:ALA906|J1:LEU1010:hydrophobic|J1:LEU959:hydrogen_bond|J2:TYR931|J2:VAL863:hydrophobic,5,40,5.810960281548517,51|43|46|69|45,1.72801|5.89974|2.39447|3.27006|5.8836,True
J1:ALA906|J1:LEU1010:hydrophobic|J1:LEU881|J1:LEU959:hydrogen_bond|J2:TYR931,5,45,6.174145299145299,58|47|45|53|75,1.88199|6.14509|5.8836|2.53339|3.53182,True
J1:ALA906:hydrophobic|J1:LEU1010:hydrophobic|J1:LEU881|J1:LEU959:hydrogen_bond|J2:TYR931,5,45,6.174145299145299,58|47|45|53|75,1.88199|6.14509|5.8836|2.53339|3.53182,True
J1:ALA906|J1:LEU1010|J1:LEU881|J1:LEU959:hydrogen_bond|J2:TYR931,5,45,6.174145299145299,58|47|45|53|75,1.88199|6.14509|5.8836|2.53339|3.53182,True
J1:ALA906:hydrophobic|J1:LEU1010|J1:LEU881|J1:LEU959:hydrogen_bond|J2:TYR931,5,45,6.174145299145299,58|47|45|53|75,1.88199|6.14509|5.8836|2.53339|3.53182,True
J1:ALA906:hydrophobic|J1:LEU881|J1:LEU959|J1:VAL889|J2:TYR931:hydrophobic,5,28,6.764715719063545,33|29|32|37|59,1.50924|6.78506|2.42751|6.68615|3.25407,True
J1:ALA906:hydrophobic|J1:LEU881|J1:LEU959|J1:VAL889:hydrophobic|J2:TYR931:hydrophobic,5,27,6.5948013524936595,32|28|31|37|58,1.47565|6.62079|2.35971|6.68615|3.20687,True
J1:ALA906|J1:LEU881|J1:LEU959|J1:VAL889|J2:TYR931:hydrophobic,5,28,6.764715719063545,33|29|32|37|59,1.50924|6.78506|2.42751|6.68615|3.25407,True
J1:ALA906|J1:LEU881|J1:LEU959|J1:VAL889:hydrophobic|J2:TYR931:hydrophobic,5,27,6.5948013524936595,32|28|31|37|58,1.47565|6.62079|2.35971|6.68615|3.20687,True
J1:ALA906:hydrophobic|J1:LEU881:hydrophobic|J1:LEU959:hydrogen_bond|J2:LEU932|J2:TYR931,5,20,6.089567966280295,27|21|23|47|26,1.22475|6.06189|2.90465|6.21825|2.33968,True
J1:ALA906|J1:LEU881:hydrophobic|J1:LEU959:hydrogen_bond|J2:LEU932|J2:TYR931,5,20,6.089567966280295,27|21|23|47|26,1.22475|6.06189|2.90465|6.21825|2.33968,True
J1:ALA906|J1:LEU881|J1:LEU959:hydrogen_bond|J2:LEU932|J2:TYR931,5,20,5.927179487179487,27|21|23|47|26,1.20266|6.06189|2.82442|6.14509|2.25742,True
J1:ALA906|J1:LEU959:hydrogen_bond|J2:LEU855|J2:LEU932|J2:TYR931,5,21,6.223538461538462,28|24|21|46|25,1.21553|2.93102|6.06189|5.94441|2.24062,True
J1:ALA906:hydrophobic|J1:LEU959:hydrogen_bond|J2:LEU855|J2:LEU932|J2:TYR931,5,21,6.223538461538462,28|24|21|46|25,1.21553|2.93102|6.06189|5.94441|2.24062,True
J1:ALA906|J1:LEU959:hydrogen_bond|J2:LEU855:hydrophobic|J2:LEU932|J2:TYR931,5,21,6.307640332640332,28|24|21|46|25,1.2203|2.94722|6.06189|5.97917|2.26805,True
J1:ALA906:hydrophobic|J1:LEU959:hydrogen_bond|J2:LEU855:hydrophobic|J2:LEU932|J2:TYR931,5,21,6.307640332640332,28|24|21|46|25,1.2203|2.94722|6.06189|5.97917|2.26805,True
J1:ALA906:hydrophobic|J1:LEU881|J1:LEU959:hydrogen_bond|J2:LEU932|J2:TYR931,5,20,5.927179487179487,27|21|23|47|26,1.20266|6.06189|2.82442|6.14509|2.25742,True
J1:ALA906|J1:LEU1010:hydrophobic|J1:LEU959:hydrogen_bond|J2:LEU855|J2:TYR931,5,43,5.863544124587069,54|46|51|45|68,1.70008|5.94441|2.40164|5.8836|3.38128,True
J1:ALA906:hydrophobic|J1:LEU1010|J1:LEU959:hydrogen_bond|J2:LEU855|J2:TYR931,5,43,5.863544124587069,54|46|51|45|68,1.70008|5.94441|2.40164|5.8836|3.38128,True
J1:ALA906|J1:LEU1010|J1:LEU959:hydrogen_bond|J2:LEU855:hydrophobic|J2:TYR931,5,43,5.899738841405508,54|46|51|45|68,1.70976|5.97917|2.40674|5.8836|3.40412,True
J1:ALA906:hydrophobic|J1:LEU1010:hydrophobic|J1:LEU959:hydrogen_bond|J2:LEU855|J2:TYR931,5,43,5.863544124587069,54|46|51|45|68,1.70008|5.94441|2.40164|5.8836|3.38128,True
J1:ALA906:hydrophobic|J1:LEU1010|J1:LEU959:hydrogen_bond|J2:LEU855:hydrophobic|J2:TYR931,5,43,5.899738841405508,54|46|51|45|68,1.70976|5.97917|2.40674|5.8836|3.40412,True
J1:ALA906:hydrophobic|J1:LEU1010:hydrophobic|J1:LEU959:hydrogen_bond|J2:LEU855:hydrophobic|J2:TYR931,5,43,5.899738841405508,54|46|51|45|68,1.70976|5.97917|2.40674|5.8836|3.40412,True
J1:ALA906|J1:LEU1010:hydrophobic|J1:LEU959:hydrogen_bond|J2:LEU855:hydrophobic|J2:TYR931,5,43,5.899738841405508,54|46|51|45|68,1.70976|5.97917|2.40674|5.8836|3.40412,True
J1:ALA906|J1:LEU1010|J1:LEU959:hydrogen_bond|J2:LEU855|J2:TYR931,5,43,5.863544124587069,54|46|51|45|68,1.70008|5.94441|2.40164|5.8836|3.38128,True
J1:ALA906:hydrophobic|J1:LEU881:hydrophobic|J1:LEU959:hydrogen_bond|J1:VAL889|J2:TYR931,5,35,6.273728287841191,46|36|41|47|59,1.74776|6.06189|2.5314|6.21825|3.62262,True
J1:ALA906:hydrophobic|J1:LEU881:hydrophobic|J1:LEU959:hydrogen_bond|J1:VAL889:hydrophobic|J2:TYR931,5,34,6.144027517198249,45|35|40|47|58,1.7245|5.93849|2.47654|6.21825|3.57108,True
J1:ALA906|J1:LEU881:hydrophobic|J1:LEU959:hydrogen_bond|J1:VAL889|J2:TYR931,5,35,6.273728287841191,46|36|41|47|59,1.74776|6.06189|2.5314|6.21825|3.62262,True
J1:ALA906|J1:LEU881:hydrophobic|J1:LEU959:hydrogen_bond|J1:VAL889:hydrophobic|J2:TYR931,5,34,6.144027517198249,45|35|40|47|58,1.7245|5.93849|2.47654|6.21825|3.57108,True
J1:ALA906:hydrophobic|J1:LEU881:hydrophobic|J1:LEU959|J2:ASN859:hydrogen_bond|J2:VAL863:hydrophobic,5,23,5.9444096601073335,27|23|30|71|23,1.48915|5.01195|2.4515|3.32234|5.11219,True
J1:ALA906|J1:LEU881:hydrophobic|J1:LEU959|J2:ASN859:hydrogen_bond|J2:VAL863:hydrophobic,5,23,5.9444096601073335,27|23|30|71|23,1.48915|5.01195|2.4515|3.32234|5.11219,True
J1:ALA906:hydrophobic|J1:LEU881:hydrophobic|J1:LEU959|J2:ASN859:hydrogen_bond|J2:VAL863,5,23,5.9444096601073335,27|23|30|71|23,1.47451|5.01195|2.4515|3.30149|5.11219,True
J1:ALA906|J1:LEU881:hydrophobic|J1:LEU959|J2:ASN859:hydrogen_bond|J2:VAL863,5,23,5.9444096601073335,27|23|30|71|23,1.47451|5.01195|2.4515|3.30149|5.11219,True
J1:ALA906:hydrophobic|J1:LEU881|J1:LEU959:hydrogen_bond|J1:VAL889|J2:TYR931,5,35,6.174145299145299,46|36|41|47|59,1.71838|6.06189|2.46298|6.14509|3.48774,True
J1:ALA906:hydrophobic|J1:LEU881|J1:LEU959:hydrogen_bond|J1:VAL889:hydrophobic|J2:TYR931,5,34,6.045723076923077,45|35|40|47|58,1.69527|5.93849|2.40942|6.14509|3.43776,True
J1:ALA906|J1:LEU959:hydrogen_bond|J1:VAL889:hydrophobic|J2:LEU855:hydrophobic|J2:TYR931,5,35,6.077674278846153,45|41|46|35|54,1.63969|2.41725|5.97917|5.93849|3.40981,True
J1:ALA906|J1:LEU959:hydrogen_bond|J1:VAL889|J2:LEU855|J2:TYR931,5,36,6.155147928994083,46|42|46|36|55,1.65443|2.46314|5.94441|6.06189|3.44361,True
J1:ALA906:hydrophobic|J1:LEU959:hydrogen_bond|J1:VAL889:hydrophobic|J2:LEU855|J2:TYR931,5,35,6.03056052474657,45|41|46|35|54,1.63167|2.41086|5.94441|5.93849|3.39055,True
J1:ALA906:hydrophobic|J1:LEU959:hydrogen_bond|J1:VAL889|J2:LEU855|J2:TYR931,5,36,6.155147928994083,46|42|46|36|55,1.65443|2.46314|5.94441|6.06189|3.44361,True
J1:ALA906:hydrophobic|J1:LEU959:hydrogen_bond|J1:VAL889:hydrophobic|J2:LEU855:hydrophobic|J2:TYR931,5,35,6.077674278846153,45|41|46|35|54,1.63969|2.41725|5.97917|5.93849|3.40981,True
J1:ALA906|J1:LEU959:hydrogen_bond|J1:VAL889|J2:LEU855:hydrophobic|J2:TYR931,5,36,6.202862254025044,46|42|46|36|55,1.6625|2.46966|5.97917|6.06189|3.46312,True
J1:ALA906|J1:LEU881|J1:LEU959:hydrogen_bond|J1:VAL889|J2:TYR931,5,35,6.174145299145299,46|36|41|47|59,1.71838|6.06189|2.46298|6.14509|3.48774,True
J1:ALA906|J1:LEU881|J1:LEU959:hydrogen_bond|J1:VAL889:hydrophobic|J2:TYR931,5,34,6.045723076923077,45|35|40|47|58,1.69527|5.93849|2.40942|6.14509|3.43776,True
J1:ALA906|J1:LEU959:hydrogen_bond|J1:VAL889:hydrophobic|J2:LEU855|J2:TYR931,5,35,6.03056052474657,45|41|46|35|54,1.63167|2.41086|5.94441|5.93849|3.39055,True
J1:ALA906:hydrophobic|J1:LEU959:hydrogen_bond|J1:VAL889|J2:LEU855:hydrophobic|J2:TYR931,5,36,6.202862254025044,46|42|46|36|55,1.6625|2.46966|5.97917|6.06189|3.46312,True
J1:ALA906:hydrophobic|J1:LEU881:hydrophobic|J1:LEU959|J2:TYR931|J2:VAL863:hydrophobic,5,42,5.59000460617227,57|43|48|71|47,1.71904|5.39976|2.54628|3.32234|5.67753,True
J1:ALA906|J1:LEU881:hydrophobic|J1:LEU959|J2:TYR931|J2:VAL863:hydrophobic,5,42,5.59000460617227,57|43|48|71|47,1.71904|5.39976|2.54628|3.32234|5.67753,True
J1:ALA906:hydrophobic|J1:LEU881:hydrophobic|J1:LEU959|J2:TYR931|J2:VAL863,5,42,5.59000460617227,57|43|48|71|47,1.71671|5.39976|2.54628|3.30149|5.67753,True
J1:ALA906|J1:LEU881:hydrophobic|J1:LEU959|J2:TYR931|J2:VAL863,5,42,5.59000460617227,57|43|48|71|47,1.71671|5.39976|2.54628|3.30149|5.67753,True
J1:ALA906:hydrophobic|J1:LEU959:hydrogen_bond|J2:ASN859:hydrogen_bond|J2:LEU855:hydrophobic|J2:VAL863:hydrophobic,5,20,5.627069133398248,24|27|65|23|20,1.4575|2.19024|3.42358|5.3252|5.05157,True
J1:ALA906|J1:LEU959:hydrogen_bond|J2:ASN859:hydrogen_bond|J2:LEU855:hydrophobic|J2:VAL863,5,20,5.627069133398248,24|27|65|23|20,1.43786|2.19024|3.39143|5.3252|5.05157,True
J1:ALA906:hydrophobic|J1:LEU959:hydrogen_bond|J2:ASN859:hydrogen_bond|J2:LEU855|J2:VAL863,5,20,5.627069133398248,24|27|65|23|20,1.42633|2.17437|3.37558|5.3252|5.05157,True
J1:ALA906|J1:LEU959:hydrogen_bond|J2:ASN859:hydrogen_bond|J2:LEU855|J2:VAL863:hydrophobic,5,20,5.627069133398248,24|27|65|23|20,1.44565|2.17437|3.40743|5.3252|5.05157,True
J1:ALA906:hydrophobic|J1:LEU959:hydrogen_bond|J2:ASN859:hydrogen_bond|J2:LEU855:hydrophobic|J2:VAL863,5,20,5.627069133398248,24|27|65|23|20,1.43786|2.19024|3.39143|5.3252|5.05157,True
J1:ALA906|J1:LEU959:hydrogen_bond|J2:ASN859:hydrogen_bond|J2:LEU855:hydrophobic|J2:VAL863:hydrophobic,5,20,5.627069133398248,24|27|65|23|20,1.4575|2.19024|3.42358|5.3252|5.05157,True
J1:ALA906:hydrophobic|J1:LEU959:hydrogen_bond|J2:ASN859:hydrogen_bond|J2:LEU855|J2:VAL863:hydrophobic,5,20,5.627069133398248,24|27|65|23|20,1.44565|2.17437|3.40743|5.3252|5.05157,True
J1:ALA906|J1:LEU959:hydrogen_bond|J2:ASN859:hydrogen_bond|J2:LEU855|J2:VAL863,5,20,5.627069133398248,24|27|65|23|20,1.42633|2.17437|3.37558|5.3252|5.05157,True
J1:ALA906|J1:LEU881|J1:LEU959|J2:TYR931|J2:VAL863:hydrophobic,5,42,5.491357466063349,57|43|48|71|47,1.6915|5.39976|2.46966|3.20754|5.58645,True
J1:ALA906:hydrophobic|J1:LEU881|J1:LEU959|J2:TYR931|J2:VAL863:hydrophobic,5,42,5.491357466063349,57|43|48|71|47,1.6915|5.39976|2.46966|3.20754|5.58645,True
J1:ALA906|J1:LEU881|J1:LEU959|J2:TYR931|J2:VAL863,5,42,5.491357466063349,57|43|48|71|47,1.68925|5.39976|2.46966|3.1881|5.58645,True
J1:ALA906:hydrophobic|J1:LEU881|J1:LEU959|J2:TYR931|J2:VAL863,5,42,5.491357466063349,57|43|48|71|47,1.68925|5.39976|2.46966|3.1881|5.58645,True
J1:ALA906|J1:LEU881:hydrophobic|J1:LEU959|J2:LEU932:hydrogen_bond|J2:TYR931,5,20,5.6992110453648905,27|21|22|47|26,1.24767|5.69226|2.99995|5.67753|2.25742,True
J1:ALA906:hydrophobic|J1:LEU881:hydrophobic|J1:LEU959|J2:LEU932:hydrogen_bond|J2:TYR931,5,20,5.6992110453648905,27|21|22|47|26,1.24767|5.69226|2.99995|5.67753|2.25742,True
J1:ALA906|J1:LEU881:hydrophobic|J1:LEU959:hydrogen_bond|J2:ASN859|J2:VAL863:hydrophobic,5,23,5.6802136752136745,27|23|30|71|23,1.33066|4.82282|2.09688|3.6446|4.91557,True
J1:ALA906:hydrophobic|J1:LEU881|J1:LEU959:hydrogen_bond|J2:ASN859:hydrogen_bond|J2:VAL863,5,23,5.876083112290009,27|23|30|71|23,1.51931|5.3252|2.30729|3.50691|5.11219,True
J1:ALA906:hydrophobic|J1:LEU881:hydrophobic|J1:LEU959:hydrogen_bond|J2:ASN859|J2:VAL863,5,23,5.6802136752136745,27|23|30|71|23,1.31896|4.82282|2.09688|3.61952|4.91557,True
J1:ALA906|J1:LEU881:hydrophobic|J1:LEU959:hydrogen_bond|J2:ASN859|J2:VAL863,5,23,5.6802136752136745,27|23|30|71|23,1.31896|4.82282|2.09688|3.61952|4.91557,True
J1:ALA906|J1:LEU881|J1:LEU959:hydrogen_bond|J2:ASN859:hydrogen_bond|J2:VAL863:hydrophobic,5,23,5.876083112290009,27|23|30|71|23,1.53485|5.3252|2.30729|3.53045|5.11219,True
J1:ALA906:hydrophobic|J1:LEU881|J1:LEU959:hydrogen_bond|J2:ASN859:hydrogen_bond|J2:VAL863:hydrophobic,5,23,5.876083112290009,27|23|30|71|23,1.53485|5.3252|2.30729|3.53045|5.11219,True
J1:ALA906:hydrophobic|J1:LEU881:hydrophobic|J1:LEU959:hydrogen_bond|J2:ASN859|J2:VAL863:hydrophobic,5,23,5.6802136752136745,27|23|30|71|23,1.33066|4.82282|2.09688|3.6446|4.91557,True
J1:ALA906|J1:LEU881|J1:LEU959:hydrogen_bond|J2:ASN859:hydrogen_bond|J2:VAL863,5,23,5.876083112290009,27|23|30|71|23,1.51931|5.3252|2.30729|3.50691|5.11219,True
J1:ALA906|J1:LEU959|J2:LEU855:hydrophobic|J2:TYR931|J2:VAL863:hydrophobic,5,41,5.392330450614474,54|47|43|65|46,1.56283|2.39054|5.39976|3.11369|5.4385,True
J1:ALA906:hydrophobic|J1:LEU959|J2:LEU855|J2:TYR931|J2:VAL863:hydrophobic,5,41,5.3606108597285065,54|47|43|65|46,1.55072|2.38508|5.39976|3.09368|5.40973,True
J1:ALA906|J1:LEU959|J2:LEU855|J2:TYR931|J2:VAL863:hydrophobic,5,41,5.3606108597285065,54|47|43|65|46,1.55072|2.38508|5.39976|3.09368|5.40973,True
J1:ALA906|J1:LEU959|J2:LEU855:hydrophobic|J2:TYR931|J2:VAL863,5,41,5.392330450614474,54|47|43|65|46,1.55877|2.39054|5.39976|3.08707|5.4385,True
J1:ALA906:hydrophobic|J1:LEU959|J2:LEU855:hydrophobic|J2:TYR931|J2:VAL863:hydrophobic,5,41,5.392330450614474,54|47|43|65|46,1.56283|2.39054|5.39976|3.11369|5.4385,True
J1:ALA906:hydrophobic|J1:LEU959|J2:LEU855|J2:TYR931|J2:VAL863,5,41,5.3606108597285065,54|47|43|65|46,1.54672|2.38508|5.39976|3.06741|5.40973,True
J1:ALA906|J1:LEU959|J2:LEU855|J2:TYR931|J2:VAL863,5,41,5.3606108597285065,54|47|43|65|46,1.54672|2.38508|5.39976|3.06741|5.40973,True
J1:ALA906:hydrophobic|J1:LEU959|J2:LEU855:hydrophobic|J2:TYR931|J2:VAL863,5,41,5.392330450614474,54|47|43|65|46,1.55877|2.39054|5.39976|3.08707|5.4385,True
J1:ALA906|J1:LEU881|J1:LEU959|J2:LEU932:hydrogen_bond|J2:TYR931,5,20,5.556730769230769,27|21|22|47|26,1.22475|5.69226|2.91067|5.58645|2.18902,True
J1:ALA906:hydrophobic|J1:LEU881|J1:LEU959|J2:LEU932:hydrogen_bond|J2:TYR931,5,20,5.556730769230769,27|21|22|47|26,1.22475|5.69226|2.91067|5.58645|2.18902,True
J1:ALA906:hydrophobic|J1:LEU881:hydrophobic|J1:LEU959|J2:LEU855:hydrophobic|J2:TYR931,5,45,5.683020104895104,60|46|53|47|71,1.69026|5.4385|2.55537|5.67753|3.35768,True
J1:ALA906:hydrophobic|J1:LEU881:hydrophobic|J1:LEU959|J2:LEU855|J2:TYR931,5,45,5.650912646675358,60|46|53|47|71,1.6775|5.40973|2.54984|5.67753|3.32935,True
J1:ALA906|J1:LEU881:hydrophobic|J1:LEU959|J2:LEU855|J2:TYR931,5,45,5.650912646675358,60|46|53|47|71,1.6775|5.40973|2.54984|5.67753|3.32935,True
J1:ALA906|J1:LEU881:hydrophobic|J1:LEU959|J2:LEU855:hydrophobic|J2:TYR931,5,45,5.683020104895104,60|46|53|47|71,1.69026|5.4385|2.55537|5.67753|3.35768,True
J1:ALA906|J1:LEU1010|J1:LEU959|J2:TYR931|J2:VAL863,5,40,5.292124542124541,51|43|46|69|45,1.66702|5.39976|2.39447|2.95502|5.34872,True
J1:ALA906:hydrophobic|J1:LEU1010:hydrophobic|J1:LEU959|J2:TYR931|J2:VAL863,5,40,5.292124542124541,51|43|46|69|45,1.66702|5.39976|2.39447|2.95502|5.34872,True
J1:ALA906|J1:LEU1010:hydrophobic|J1:LEU959|J2:TYR931|J2:VAL863,5,40,5.292124542124541,51|43|46|69|45,1.66702|5.39976|2.39447|2.95502|5.34872,True
J1:ALA906:hydrophobic|J1:LEU1010|J1:LEU959|J2:TYR931|J2:VAL863:hydrophobic,5,40,5.292124542124541,51|43|46|69|45,1.66947|5.39976|2.39447|2.9722|5.34872,True
J1:ALA906:hydrophobic|J1:LEU1010|J1:LEU959|J2:TYR931|J2:VAL863,5,40,5.292124542124541,51|43|46|69|45,1.66702|5.39976|2.39447|2.95502|5.34872,True
J1:ALA906|J1:LEU1010|J1:LEU959|J2:TYR931|J2:VAL863:hydrophobic,5,40,5.292124542124541,51|43|46|69|45,1.66947|5.39976|2.39447|2.9722|5.34872,True
J1:ALA906:hydrophobic|J1:LEU1010:hydrophobic|J1:LEU959|J2:TYR931|J2:VAL863:hydrophobic,5,40,5.292124542124541,51|43|46|69|45,1.66947|5.39976|2.39447|2.9722|5.34872,True
J1:ALA906|J1:LEU1010:hydrophobic|J1:LEU959|J2:TYR931|J2:VAL863:hydrophobic,5,40,5.292124542124541,51|43|46|69|45,1.66947|5.39976|2.39447|2.9722|5.34872,True
J1:ALA906|J1:LEU1010:hydrophobic|J1:LEU881:hydrophobic|J1:LEU959|J2:TYR931,5,45,5.683020104895104,58|47|45|53|75,1.84959|5.67753|5.34872|2.60625|3.30103,True
J1:ALA906:hydrophobic|J1:LEU1010:hydrophobic|J1:LEU881:hydrophobic|J1:LEU959|J2:TYR931,5,45,5.683020104895104,58|47|45|53|75,1.84959|5.67753|5.34872|2.60625|3.30103,True
J1:ALA906|J1:LEU1010|J1:LEU881:hydrophobic|J1:LEU959|J2:TYR931,5,45,5.683020104895104,58|47|45|53|75,1.84959|5.67753|5.34872|2.60625|3.30103,True
J1:ALA906:hydrophobic|J1:LEU1010|J1:LEU881:hydrophobic|J1:LEU959|J2:TYR931,5,45,5.683020104895104,58|47|45|53|75,1.84959|5.67753|5.34872|2.60625|3.30103,True
J1:ALA906|J1:LEU881|J1:LEU959|J2:LEU855:hydrophobic|J2:TYR931,5,45,5.587773957885689,60|46|53|47|71,1.66494|5.4385|2.48529|5.58645|3.27409,True
J1:ALA906:hydrophobic|J1:LEU881|J1:LEU959|J2:LEU855|J2:TYR931,5,45,5.556730769230769,60|46|53|47|71,1.65256|5.40973|2.48006|5.58645|3.24714,True
J1:ALA906:hydrophobic|J1:LEU881|J1:LEU959|J2:LEU855:hydrophobic|J2:TYR931,5,45,5.587773957885689,60|46|53|47|71,1.66494|5.4385|2.48529|5.58645|3.27409,True
J1:ALA906|J1:LEU881|J1:LEU959|J2:LEU855|J2:TYR931,5,45,5.556730769230769,60|46|53|47|71,1.65256|5.40973|2.48006|5.58645|3.24714,True
J1:ALA906:hydrophobic|J1:ARG879:hydrogen_bond|J1:LEU881|J1:LEU959:hydrogen_bond|J1:VAL889:hydrophobic,5,37,6.277833235466823,47|58|38|42|44,1.80115|3.43776|6.21046|4.38277|5.71921,True
J1:ALA906|J1:ARG879:hydrogen_bond|J1:LEU881|J1:LEU959:hydrogen_bond|J1:VAL889,5,37,6.277833235466823,47|59|38|42|44,1.79496|3.48774|6.21046|4.38277|5.71921,True
J1:ALA906:hydrophobic|J1:ARG879:hydrogen_bond|J1:LEU881:hydrophobic|J1:LEU959:hydrogen_bond|J1:VAL889,5,37,6.277833235466823,46|59|38|42|44,1.76282|3.62262|6.21046|4.38277|5.71921,True
J1:ALA906|J1:ARG879:hydrogen_bond|J1:LEU881|J1:LEU959:hydrogen_bond|J1:VAL889:hydrophobic,5,37,6.277833235466823,47|58|38|42|44,1.80115|3.43776|6.21046|4.38277|5.71921,True
J1:ALA906:hydrophobic|J1:ARG879:hydrogen_bond|J1:LEU881:hydrophobic|J1:LEU959:hydrogen_bond|J1:VAL889:hydrophobic,5,37,6.277833235466823,46|58|38|42|44,1.76892|3.57108|6.21046|4.38277|5.71921,True
J1:ALA906|J1:ARG879:hydrogen_bond|J1:LEU881:hydrophobic|J1:LEU959:hydrogen_bond|J1:VAL889,5,37,6.277833235466823,46|59|38|42|44,1.76282|3.62262|6.21046|4.38277|5.71921,True
J1:ALA906|J1:ARG879:hydrogen_bond|J1:LEU881:hydrophobic|J1:LEU959:hydrogen_bond|J1:VAL889:hydrophobic,5,37,6.277833235466823,46|58|38|42|44,1.76892|3.57108|6.21046|4.38277|5.71921,True
J1:ALA906:hydrophobic|J1:ARG879:hydrogen_bond|J1:LEU881|J1:LEU959:hydrogen_bond|J1:VAL889,5,37,6.277833235466823,47|59|38|42|44,1.79496|3.48774|6.21046|4.38277|5.71921,True
J1:ALA906|J1:ARG879|J1:LEU881|J1:LEU959:hydrogen_bond|J1:VAL889,5,39,6.373897058823529,49|59|41|44|46,1.74538|3.48774|6.41763|4.42527|5.74404,True
J1:ALA906:hydrophobic|J1:ARG879|J1:LEU881:hydrophobic|J1:LEU959:hydrogen_bond|J1:VAL889:hydrophobic,5,39,6.373897058823529,48|58|41|44|46,1.72079|3.57108|6.41763|4.42527|5.74404,True
J1:ALA906|J1:ARG879|J1:LEU881|J1:LEU959:hydrogen_bond|J1:VAL889:hydrophobic,5,39,6.373897058823529,49|58|41|44|46,1.751|3.43776|6.41763|4.42527|5.74404,True
J1:ALA906|J1:LEU881:hydrophobic|J1:LEU959:hydrogen_bond|J2:LEU983:hydrophobic|J2:TYR931,5,37,5.671697612732095,50|38|44|47|63,1.75568|5.44918|2.41478|6.21825|3.16809,True
J1:ALA906:hydrophobic|J1:ARG879|J1:LEU881|J1:LEU959:hydrogen_bond|J1:VAL889,5,39,6.373897058823529,49|59|41|44|46,1.74538|3.48774|6.41763|4.42527|5.74404,True
J1:ALA906|J1:ARG879|J1:LEU881:hydrophobic|J1:LEU959:hydrogen_bond|J1:VAL889,5,39,6.373897058823529,48|59|41|44|46,1.71526|3.62262|6.41763|4.42527|5.74404,True
J1:ALA906:hydrophobic|J1:LEU881:hydrophobic|J1:LEU959:hydrogen_bond|J2:LEU983|J2:TYR931,5,37,5.671697612732095,50|38|44|47|63,1.75568|5.44918|2.41478|6.21825|3.16809,True
J1:ALA906:hydrophobic|J1:ARG879|J1:LEU881|J1:LEU959:hydrogen_bond|J1:VAL889:hydrophobic,5,39,6.373897058823529,49|58|41|44|46,1.751|3.43776|6.41763|4.42527|5.74404,True
J1:ALA906|J1:ARG879|J1:LEU881:hydrophobic|J1:LEU959:hydrogen_bond|J1:VAL889:hydrophobic,5,39,6.373897058823529,48|58|41|44|46,1.72079|3.57108|6.41763|4.42527|5.74404,True
J1:ALA906|J1:LEU881:hydrophobic|J1:LEU959:hydrogen_bond|J2:LEU983|J2:TYR931,5,37,5.671697612732095,50|38|44|47|63,1.75568|5.44918|2.41478|6.21825|3.16809,True
J1:ALA906:hydrophobic|J1:ARG879|J1:LEU881:hydrophobic|J1:LEU959:hydrogen_bond|J1:VAL889,5,39,6.373897058823529,48|59|41|44|46,1.71526|3.62262|6.41763|4.42527|5.74404,True
J1:ALA906:hydrophobic|J1:LEU881:hydrophobic|J1:LEU959:hydrogen_bond|J2:LEU983:hydrophobic|J2:TYR931,5,37,5.671697612732095,50|38|44|47|63,1.75568|5.44918|2.41478|6.21825|3.16809,True
J1:ALA906|J1:LEU1010|J1:LEU881|J1:LEU959|J2:TYR931,5,45,5.587773957885689,58|47|45|53|75,1.81828|5.58645|5.34872|2.53339|3.19965,True
J1:ALA906|J1:LEU1010:hydrophobic|J1:LEU881|J1:LEU959|J2:TYR931,5,45,5.587773957885689,58|47|45|53|75,1.81828|5.58645|5.34872|2.53339|3.19965,True
J1:ALA906:hydrophobic|J1:LEU1010:hydrophobic|J1:LEU881|J1:LEU959|J2:TYR931,5,45,5.587773957885689,58|47|45|53|75,1.81828|5.58645|5.34872|2.53339|3.19965,True
J1:ALA906:hydrophobic|J1:LEU1010|J1:LEU881|J1:LEU959|J2:TYR931,5,45,5.587773957885689,58|47|45|53|75,1.81828|5.58645|5.34872|2.53339|3.19965,True
J1:ALA906|J1:ARG879:hydrogen_bond|J1:LEU881:hydrophobic|J1:LEU959|J1:VAL889,5,37,6.230273892773892,46|59|38|42|44,1.74776|3.3886|6.16513|4.38277|5.65309,True
J1:ALA906|J1:ARG879:hydrogen_bond|J1:LEU881:hydrophobic|J1:LEU959|J1:VAL889:hydrophobic,5,37,6.230273892773892,46|58|38|42|44,1.75375|3.3398|6.16513|4.38277|5.65309,True
J1:ALA906:hydrophobic|J1:ARG879:hydrogen_bond|J1:LEU881|J1:LEU959|J1:VAL889,5,37,6.230273892773892,47|59|38|42|44,1.77967|3.25407|6.16513|4.38277|5.65309,True
J1:ALA906|J1:ARG879:hydrogen_bond|J1:LEU881|J1:LEU959|J1:VAL889,5,37,6.230273892773892,47|59|38|42|44,1.77967|3.25407|6.16513|4.38277|5.65309,True
J1:ALA906:hydrophobic|J1:ARG879:hydrogen_bond|J1:LEU881:hydrophobic|J1:LEU959|J1:VAL889,5,37,6.230273892773892,46|59|38|42|44,1.74776|3.3886|6.16513|4.38277|5.65309,True
J1:ALA906:hydrophobic|J1:ARG879:hydrogen_bond|J1:LEU881|J1:LEU959|J1:VAL889:hydrophobic,5,37,6.230273892773892,47|58|38|42|44,1.78575|3.20687|6.16513|4.38277|5.65309,True
J1:ALA906|J1:ARG879:hydrogen_bond|J1:LEU881|J1:LEU959|J1:VAL889:hydrophobic,5,37,6.230273892773892,47|58|38|42|44,1.78575|3.20687|6.16513|4.38277|5.65309,True
J1:ALA906:hydrophobic|J1:ARG879:hydrogen_bond|J1:LEU881:hydrophobic|J1:LEU959|J1:VAL889:hydrophobic,5,37,6.230273892773892,46|58|38|42|44,1.75375|3.3398|6.16513|4.38277|5.65309,True
J1:ALA906:hydrophobic|J1:LEU1010|J1:LEU881:hydrophobic|J1:LEU959:hydrogen_bond|J2:ASN859:hydrogen_bond,5,23,5.617793744716821,28|23|23|32|75,1.5917|5.49698|4.82282|2.35517|3.63978,True
J1:ALA906:hydrophobic|J1:LEU1010:hydrophobic|J1:LEU881:hydrophobic|J1:LEU959:hydrogen_bond|J2:ASN859:hydrogen_bond,5,23,5.617793744716821,28|23|23|32|75,1.5917|5.49698|4.82282|2.35517|3.63978,True
J1:ALA906|J1:LEU1010:hydrophobic|J1:LEU881:hydrophobic|J1:LEU959:hydrogen_bond|J2:ASN859:hydrogen_bond,5,23,5.617793744716821,28|23|23|32|75,1.5917|5.49698|4.82282|2.35517|3.63978,True
J1:ALA906|J1:LEU1010|J1:LEU881:hydrophobic|J1:LEU959:hydrogen_bond|J2:ASN859:hydrogen_bond,5,23,5.617793744716821,28|23|23|32|75,1.5917|5.49698|4.82282|2.35517|3.63978,True
J1:ALA906:hydrophobic|J1:ARG879|J1:LEU881|J1:LEU959|J1:VAL889:hydrophobic,5,39,6.327372262773722,49|58|41|44|46,1.73703|3.20687|6.37275|4.42527|5.68021,True
J1:ALA906|J1:ARG879|J1:LEU881:hydrophobic|J1:LEU959|J1:VAL889:hydrophobic,5,39,6.327372262773722,48|58|41|44|46,1.70703|3.3398|6.37275|4.42527|5.68021,True
J1:ALA906:hydrophobic|J1:ARG879|J1:LEU881:hydrophobic|J1:LEU959|J1:VAL889,5,39,6.327372262773722,48|59|41|44|46,1.70158|3.3886|6.37275|4.42527|5.68021,True
J1:ALA906:hydrophobic|J1:ARG879|J1:LEU881:hydrophobic|J1:LEU959|J1:VAL889:hydrophobic,5,39,6.327372262773722,48|58|41|44|46,1.70703|3.3398|6.37275|4.42527|5.68021,True
J1:ALA906|J1:LEU881|J1:LEU959:hydrogen_bond|J2:LEU983:hydrophobic|J2:TYR931,5,37,5.594531658817373,50|38|44|47|63,1.72569|5.44918|2.33968|6.14509|3.07757,True
J1:ALA906:hydrophobic|J1:LEU881|J1:LEU959:hydrogen_bond|J2:LEU983:hydrophobic|J2:TYR931,5,37,5.594531658817373,50|38|44|47|63,1.72569|5.44918|2.33968|6.14509|3.07757,True
J1:ALA906|J1:LEU881|J1:LEU959:hydrogen_bond|J2:LEU983|J2:TYR931,5,37,5.594531658817373,50|38|44|47|63,1.72569|5.44918|2.33968|6.14509|3.07757,True
J1:ALA906|J1:ARG879|J1:LEU881|J1:LEU959|J1:VAL889,5,39,6.327372262773722,49|59|41|44|46,1.73151|3.25407|6.37275|4.42527|5.68021,True
J1:ALA906:hydrophobic|J1:LEU881|J1:LEU959:hydrogen_bond|J2:LEU983|J2:TYR931,5,37,5.594531658817373,50|38|44|47|63,1.72569|5.44918|2.33968|6.14509|3.07757,True
J1:ALA906:hydrophobic|J1:ARG879|J1:LEU881|J1:LEU959|J1:VAL889,5,39,6.327372262773722,49|59|41|44|46,1.73151|3.25407|6.37275|4.42527|5.68021,True
J1:ALA906|J1:ARG879|J1:LEU881|J1:LEU959|J1:VAL889:hydrophobic,5,39,6.327372262773722,49|58|41|44|46,1.73703|3.20687|6.37275|4.42527|5.68021,True
J1:ALA906|J1:ARG879|J1:LEU881:hydrophobic|J1:LEU959|J1:VAL889,5,39,6.327372262773722,48|59|41|44|46,1.70158|3.3886|6.37275|4.42527|5.68021,True
J1:ALA906:hydrophobic|J1:LEU881:hydrophobic|J1:LEU959:hydrogen_bond|J2:ASN859:hydrogen_bond|J2:LEU855:hydrophobic,5,20,5.556730769230769,25|20|29|71|23,1.44707|5.05157|2.26965|3.68718|5.49698,True
J1:ALA906|J1:LEU881:hydrophobic|J1:LEU959:hydrogen_bond|J2:ASN859:hydrogen_bond|J2:LEU855:hydrophobic,5,20,5.556730769230769,25|20|29|71|23,1.44707|5.05157|2.26965|3.68718|5.49698,True
J1:ALA906:hydrophobic|J1:LEU881:hydrophobic|J1:LEU959:hydrogen_bond|J2:ASN859:hydrogen_bond|J2:LEU855,5,20,5.556730769230769,25|20|29|71|23,1.44331|5.05157|2.25378|3.66151|5.49698,True
J1:ALA906|J1:LEU881:hydrophobic|J1:LEU959:hydrogen_bond|J2:ASN859:hydrogen_bond|J2:LEU855,5,20,5.556730769230769,25|20|29|71|23,1.44331|5.05157|2.25378|3.66151|5.49698,True
J1:ALA906:hydrophobic|J1:LEU881:hydrophobic|J1:LEU959|J2:LEU932|J2:TYR931,5,20,5.421200750469043,27|21|23|47|26,1.1931|5.4275|2.90465|5.67753|2.18902,True
J1:ALA906|J1:LEU881:hydrophobic|J1:LEU959|J2:LEU932|J2:TYR931,5,20,5.421200750469043,27|21|23|47|26,1.1931|5.4275|2.90465|5.67753|2.18902,True
J1:ALA906:hydrophobic|J1:LEU1010|J1:LEU959:hydrogen_bond|J2:ASN859:hydrogen_bond|J2:VAL863,5,23,5.4969809760132335,27|23|30|69|23,1.50786|5.3252|2.20069|3.24927|4.82282,True
J1:ALA906:hydrophobic|J1:LEU881|J1:LEU959|J2:ASN859:hydrogen_bond|J2:VAL863,5,23,5.556730769230769,27|23|30|71|23,1.40545|5.01195|2.30729|3.1881|4.77775,True
J1:ALA906|J1:LEU1010|J1:LEU959:hydrogen_bond|J2:ASN859:hydrogen_bond|J2:VAL863:hydrophobic,5,23,5.4969809760132335,27|23|30|69|23,1.51931|5.3252|2.20069|3.27006|4.82282,True
J1:ALA906:hydrophobic|J1:LEU1010:hydrophobic|J1:LEU959:hydrogen_bond|J2:ASN859:hydrogen_bond|J2:VAL863:hydrophobic,5,23,5.4969809760132335,27|23|30|69|23,1.51931|5.3252|2.20069|3.27006|4.82282,True
J1:ALA906|J1:LEU1010:hydrophobic|J1:LEU959:hydrogen_bond|J2:ASN859:hydrogen_bond|J2:VAL863:hydrophobic,5,23,5.4969809760132335,27|23|30|69|23,1.51931|5.3252|2.20069|3.27006|4.82282,True
J1:ALA906:hydrophobic|J1:LEU1010:hydrophobic|J1:LEU959:hydrogen_bond|J2:ASN859:hydrogen_bond|J2:VAL863,5,23,5.4969809760132335,27|23|30|69|23,1.50786|5.3252|2.20069|3.24927|4.82282,True
J1:ALA906|J1:LEU881|J1:LEU959|J2:ASN859:hydrogen_bond|J2:VAL863:hydrophobic,5,23,5.556730769230769,27|23|30|71|23,1.41874|5.01195|2.30729|3.20754|4.77775,True
J1:ALA906|J1:LEU1010|J1:LEU959:hydrogen_bond|J2:ASN859:hydrogen_bond|J2:VAL863,5,23,5.4969809760132335,27|23|30|69|23,1.50786|5.3252|2.20069|3.24927|4.82282,True
J1:ALA906|J1:LEU1010:hydrophobic|J1:LEU959:hydrogen_bond|J2:ASN859:hydrogen_bond|J2:VAL863,5,23,5.4969809760132335,27|23|30|69|23,1.50786|5.3252|2.20069|3.24927|4.82282,True
J1:ALA906:hydrophobic|J1:LEU1010|J1:LEU959:hydrogen_bond|J2:ASN859:hydrogen_bond|J2:VAL863:hydrophobic,5,23,5.4969809760132335,27|23|30|69|23,1.51931|5.3252|2.20069|3.27006|4.82282,True
J1:ALA906:hydrophobic|J1:LEU881|J1:LEU959|J2:ASN859:hydrogen_bond|J2:VAL863:hydrophobic,5,23,5.556730769230769,27|23|30|71|23,1.41874|5.01195|2.30729|3.20754|4.77775,True
J1:ALA906|J1:LEU881|J1:LEU959|J2:ASN859:hydrogen_bond|J2:VAL863,5,23,5.556730769230769,27|23|30|71|23,1.40545|5.01195|2.30729|3.1881|4.77775,True
J1:ALA906:hydrophobic|J1:LEU881:hydrophobic|J1:LEU959|J1:VAL889|J2:TYR931,5,35,5.849190283400809,46|36|41|47|59,1.69559|5.67496|2.5314|5.67753|3.3886,True
J1:ALA906|J1:LEU881:hydrophobic|J1:LEU959|J1:VAL889|J2:TYR931,5,35,5.849190283400809,46|36|41|47|59,1.69559|5.67496|2.5314|5.67753|3.3886,True
J1:ALA906:hydrophobic|J1:LEU881:hydrophobic|J1:LEU959|J1:VAL889:hydrophobic|J2:TYR931,5,34,5.7251165501165495,45|35|40|47|58,1.67259|5.55673|2.47654|5.67753|3.3398,True
J1:ALA906|J1:LEU881:hydrophobic|J1:LEU959|J1:VAL889:hydrophobic|J2:TYR931,5,34,5.7251165501165495,45|35|40|47|58,1.67259|5.55673|2.47654|5.67753|3.3398,True
J1:ALA906:hydrophobic|J1:LEU1010:hydrophobic|J1:LEU959|J2:LEU855:hydrophobic|J2:TYR931,5,43,5.339428448646325,54|46|51|45|68,1.65324|5.4385|2.40674|5.34872|3.08455,True
J1:ALA906|J1:LEU1010|J1:LEU959|J2:LEU855|J2:TYR931,5,43,5.3097649572649575,54|46|51|45|68,1.64193|5.40973|2.40164|5.34872|3.05958,True
J1:ALA906:hydrophobic|J1:LEU1010|J1:LEU959|J2:LEU855|J2:TYR931,5,43,5.3097649572649575,54|46|51|45|68,1.64193|5.40973|2.40164|5.34872|3.05958,True
J1:ALA906:hydrophobic|J1:LEU1010|J1:LEU959|J2:LEU855:hydrophobic|J2:TYR931,5,43,5.339428448646325,54|46|51|45|68,1.65324|5.4385|2.40674|5.34872|3.08455,True
J1:ALA906:hydrophobic|J1:LEU1010:hydrophobic|J1:LEU959|J2:LEU855|J2:TYR931,5,43,5.3097649572649575,54|46|51|45|68,1.64193|5.40973|2.40164|5.34872|3.05958,True
J1:ALA906|J1:LEU1010:hydrophobic|J1:LEU959|J2:LEU855|J2:TYR931,5,43,5.3097649572649575,54|46|51|45|68,1.64193|5.40973|2.40164|5.34872|3.05958,True
J1:ALA906|J1:LEU1010:hydrophobic|J1:LEU959|J2:LEU855:hydrophobic|J2:TYR931,5,43,5.339428448646325,54|46|51|45|68,1.65324|5.4385|2.40674|5.34872|3.08455,True
J1:ALA906|J1:LEU1010|J1:LEU959|J2:LEU855:hydrophobic|J2:TYR931,5,43,5.339428448646325,54|46|51|45|68,1.65324|5.4385|2.40674|5.34872|3.08455,True
J1:ALA906:hydrophobic|J1:LEU881|J1:LEU959|J1:VAL889|J2:TYR931,5,35,5.762535612535612,46|36|41|47|59,1.66793|5.67496|2.46298|5.58645|3.25407,True
J1:ALA906:hydrophobic|J1:LEU881|J1:LEU959|J1:VAL889:hydrophobic|J2:TYR931,5,34,5.6396670493685415,45|35|40|47|58,1.64508|5.55673|2.40942|5.58645|3.20687,True
J1:ALA906|J1:LEU881|J1:LEU959|J1:VAL889|J2:TYR931,5,35,5.762535612535612,46|36|41|47|59,1.66793|5.67496|2.46298|5.58645|3.25407,True
J1:ALA906|J1:LEU881|J1:LEU959|J1:VAL889:hydrophobic|J2:TYR931,5,34,5.6396670493685415,45|35|40|47|58,1.64508|5.55673|2.40942|5.58645|3.20687,True
J1:ALA906:hydrophobic|J1:LEU959|J2:ASN859:hydrogen_bond|J2:LEU855|J2:VAL863:hydrophobic,5,20,5.292124542124541,24|27|65|23|20,1.35392|2.17437|3.09368|5.01195|4.67935,True
J1:ALA906|J1:LEU959|J2:ASN859:hydrogen_bond|J2:LEU855|J2:VAL863:hydrophobic,5,20,5.292124542124541,24|27|65|23|20,1.35392|2.17437|3.09368|5.01195|4.67935,True
J1:ALA906:hydrophobic|J1:LEU959:hydrogen_bond|J2:ASN859|J2:LEU855|J2:VAL863:hydrophobic,5,20,5.1096374889478335,24|27|65|23|20,1.21238|1.84654|3.40743|4.82282|4.49029,True
J1:ALA906:hydrophobic|J1:LEU959|J2:ASN859:hydrogen_bond|J2:LEU855:hydrophobic|J2:VAL863:hydrophobic,5,20,5.292124542124541,24|27|65|23|20,1.36781|2.19024|3.11369|5.01195|4.67935,True
J1:ALA906|J1:LEU959:hydrogen_bond|J2:ASN859|J2:LEU855:hydrophobic|J2:VAL863,5,20,5.1096374889478335,24|27|65|23|20,1.20689|1.85798|3.39143|4.82282|4.49029,True
J1:ALA906:hydrophobic|J1:LEU959|J2:ASN859:hydrogen_bond|J2:LEU855|J2:VAL863,5,20,5.292124542124541,24|27|65|23|20,1.33696|2.17437|3.06741|5.01195|4.67935,True
J1:ALA906|J1:LEU959|J2:ASN859:hydrogen_bond|J2:LEU855:hydrophobic|J2:VAL863:hydrophobic,5,20,5.292124542124541,24|27|65|23|20,1.36781|2.19024|3.11369|5.01195|4.67935,True
J1:ALA906|J1:LEU959|J2:ASN859:hydrogen_bond|J2:LEU855|J2:VAL863,5,20,5.292124542124541,24|27|65|23|20,1.33696|2.17437|3.06741|5.01195|4.67935,True
J1:ALA906:hydrophobic|J1:LEU959:hydrogen_bond|J2:ASN859|J2:LEU855:hydrophobic|J2:VAL863:hydrophobic,5,20,5.1096374889478335,24|27|65|23|20,1.2207|1.85798|3.42358|4.82282|4.49029,True
J1:ALA906:hydrophobic|J1:LEU959:hydrogen_bond|J2:ASN859|J2:LEU855|J2:VAL863,5,20,5.1096374889478335,24|27|65|23|20,1.19876|1.84654|3.37558|4.82282|4.49029,True
J1:ALA906|J1:LEU959:hydrogen_bond|J2:ASN859|J2:LEU855|J2:VAL863:hydrophobic,5,20,5.1096374889478335,24|27|65|23|20,1.21238|1.84654|3.40743|4.82282|4.49029,True
J1:ALA906:hydrophobic|J1:LEU959|J2:ASN859:hydrogen_bond|J2:LEU855:hydrophobic|J2:VAL863,5,20,5.292124542124541,24|27|65|23|20,1.3505|2.19024|3.08707|5.01195|4.67935,True
J1:ALA906|J1:LEU959|J2:ASN859:hydrogen_bond|J2:LEU855:hydrophobic|J2:VAL863,5,20,5.292124542124541,24|27|65|23|20,1.3505|2.19024|3.08707|5.01195|4.67935,True
J1:ALA906:hydrophobic|J1:LEU959:hydrogen_bond|J2:ASN859|J2:LEU855:hydrophobic|J2:VAL863,5,20,5.1096374889478335,24|27|65|23|20,1.20689|1.85798|3.39143|4.82282|4.49029,True
J1:ALA906|J1:LEU959:hydrogen_bond|J2:ASN859|J2:LEU855:hydrophobic|J2:VAL863:hydrophobic,5,20,5.1096374889478335,24|27|65|23|20,1.2207|1.85798|3.42358|4.82282|4.49029,True
J1:ALA906|J1:LEU959:hydrogen_bond|J2:ASN859|J2:LEU855|J2:VAL863,5,20,5.1096374889478335,24|27|65|23|20,1.19876|1.84654|3.37558|4.82282|4.49029,True
J1:ALA906|J1:LEU881|J1:LEU959|J2:LEU932|J2:TYR931,5,20,5.292124542124541,27|21|23|47|26,1.17212|5.4275|2.82442|5.58645|2.11685,True
J1:ALA906:hydrophobic|J1:LEU881|J1:LEU959|J2:LEU932|J2:TYR931,5,20,5.292124542124541,27|21|23|47|26,1.17212|5.4275|2.82442|5.58645|2.11685,True
J1:ALA906:hydrophobic|J1:ARG1007|J1:LEU881|J1:LEU959:hydrogen_bond|J2:TYR931,5,26,5.301834862385321,34|47|27|32|53,2.15304|6.14509|5.26427|2.14235|3.70449,False
J1:ALA906|J1:ARG1007|J1:LEU881:hydrophobic|J1:LEU959:hydrogen_bond|J2:TYR931,5,26,5.301834862385321,34|47|27|32|53,2.17785|6.21825|5.26427|2.18178|3.81238,False
J1:ALA906|J1:ARG1007|J1:LEU881|J1:LEU959:hydrogen_bond|J2:TYR931,5,26,5.301834862385321,34|47|27|32|53,2.15304|6.14509|5.26427|2.14235|3.70449,False
J1:ALA906:hydrophobic|J1:ARG1007|J1:LEU881:hydrophobic|J1:LEU959:hydrogen_bond|J2:TYR931,5,26,5.301834862385321,34|47|27|32|53,2.17785|6.21825|5.26427|2.18178|3.81238,False
J1:ALA906|J1:ARG1007:hydrophobic|J1:LEU881|J1:LEU959:hydrogen_bond|J1:VAL889:hydrophobic,5,29,6.319419306184011,33|58|30|31|35,2.30657|3.43776|6.23185|3.37762|5.44016,True
J1:ALA906:hydrophobic|J1:ARG1007:hydrophobic|J1:LEU881|J1:LEU959:hydrogen_bond|J1:VAL889,5,29,6.319419306184011,33|59|30|31|35,2.30657|3.48774|6.23185|3.37762|5.44016,True
J1:ALA906:hydrophobic|J1:ARG1007:hydrophobic|J1:LEU881|J1:LEU959:hydrogen_bond|J1:VAL889:hydrophobic,5,29,6.319419306184011,33|58|30|31|35,2.30657|3.43776|6.23185|3.37762|5.44016,True
J1:ALA906:hydrophobic|J1:ARG1007:hydrophobic|J1:LEU881:hydrophobic|J1:LEU959:hydrogen_bond|J1:VAL889,5,29,6.381987814166031,33|59|30|31|35,2.36609|3.62262|6.23185|3.46249|5.47847,True
J1:ALA906|J1:ARG1007:hydrophobic|J1:LEU881:hydrophobic|J1:LEU959:hydrogen_bond|J1:VAL889,5,29,6.381987814166031,33|59|30|31|35,2.36609|3.62262|6.23185|3.46249|5.47847,True
J1:ALA906|J1:ARG1007:hydrophobic|J1:LEU881:hydrophobic|J1:LEU959:hydrogen_bond|J1:VAL889:hydrophobic,5,29,6.381987814166031,33|58|30|31|35,2.36609|3.57108|6.23185|3.46249|5.47847,True
J1:ALA906|J1:ARG1007:hydrophobic|J1:LEU881|J1:LEU959:hydrogen_bond|J1:VAL889,5,29,6.319419306184011,33|59|30|31|35,2.30657|3.48774|6.23185|3.37762|5.44016,True
J1:ALA906:hydrophobic|J1:ARG1007:hydrophobic|J1:LEU881:hydrophobic|J1:LEU959:hydrogen_bond|J1:VAL889:hydrophobic,5,29,6.381987814166031,33|58|30|31|35,2.36609|3.57108|6.23185|3.46249|5.47847,True
J1:ALA906:hydrophobic|J1:ARG1007|J1:LEU959:hydrogen_bond|J2:LEU855|J2:TYR931,5,25,5.193206326383896,33|46|31|27|47,1.99861|5.94441|2.0507|5.26427|3.47065,False
J1:ALA906|J1:ARG1007|J1:LEU959:hydrogen_bond|J2:LEU855|J2:TYR931,5,25,5.193206326383896,33|46|31|27|47,1.99861|5.94441|2.0507|5.26427|3.47065,False
J1:ALA906:hydrophobic|J1:ARG1007|J1:LEU959:hydrogen_bond|J2:LEU855:hydrophobic|J2:TYR931,5,25,5.242198838896952,33|46|31|27|47,2.01508|5.97917|2.05682|5.26427|3.50559,False
J1:ALA906|J1:ARG1007|J1:LEU959:hydrogen_bond|J2:LEU855:hydrophobic|J2:TYR931,5,25,5.242198838896952,33|46|31|27|47,2.01508|5.97917|2.05682|5.26427|3.50559,False
J1:ALA906|J1:LEU881|J1:LEU959:hydrogen_bond|J2:ASN859|J2:VAL863:hydrophobic,5,23,5.32520032051282,27|23|30|71|23,1.28232|4.82282|1.96698|3.53045|4.60558,True
J1:ALA906:hydrophobic|J1:LEU881|J1:LEU959:hydrogen_bond|J2:ASN859|J2:VAL863:hydrophobic,5,23,5.32520032051282,27|23|30|71|23,1.28232|4.82282|1.96698|3.53045|4.60558,True
J1:ALA906|J1:LEU881|J1:LEU959:hydrogen_bond|J2:ASN859|J2:VAL863,5,23,5.32520032051282,27|23|30|71|23,1.27146|4.82282|1.96698|3.50691|4.60558,True
J1:ALA906:hydrophobic|J1:LEU881|J1:LEU959:hydrogen_bond|J2:ASN859|J2:VAL863,5,23,5.32520032051282,27|23|30|71|23,1.27146|4.82282|1.96698|3.50691|4.60558,True
J1:ALA906:hydrophobic|J1:LEU1010:hydrophobic|J1:LEU959:hydrogen_bond|J2:ASN859:hydrogen_bond|J2:LEU855:hydrophobic,5,20,5.169051878354203,25|20|29|68|23,1.4623|5.05157|2.12033|3.40412|4.82282,True
J1:ALA906|J1:LEU1010:hydrophobic|J1:LEU959:hydrogen_bond|J2:ASN859:hydrogen_bond|J2:LEU855:hydrophobic,5,20,5.169051878354203,25|20|29|68|23,1.4623|5.05157|2.12033|3.40412|4.82282,True
J1:ALA906:hydrophobic|J1:LEU1010|J1:LEU959:hydrogen_bond|J2:ASN859:hydrogen_bond|J2:LEU855,5,20,5.169051878354203,25|20|29|68|23,1.45084|5.05157|2.10647|3.38128|4.82282,True
J1:ALA906:hydrophobic|J1:LEU1010:hydrophobic|J1:LEU959:hydrogen_bond|J2:ASN859:hydrogen_bond|J2:LEU855,5,20,5.169051878354203,25|20|29|68|23,1.45084|5.05157|2.10647|3.38128|4.82282,True
J1:ALA906|J1:LEU1010|J1:LEU959:hydrogen_bond|J2:ASN859:hydrogen_bond|J2:LEU855,5,20,5.169051878354203,25|20|29|68|23,1.45084|5.05157|2.10647|3.38128|4.82282,True
J1:ALA906:hydrophobic|J1:LEU1010|J1:LEU959:hydrogen_bond|J2:ASN859:hydrogen_bond|J2:LEU855:hydrophobic,5,20,5.169051878354203,25|20|29|68|23,1.4623|5.05157|2.12033|3.40412|4.82282,True
J1:ALA906|J1:LEU1010:hydrophobic|J1:LEU959:hydrogen_bond|J2:ASN859:hydrogen_bond|J2:LEU855,5,20,5.169051878354203,25|20|29|68|23,1.45084|5.05157|2.10647|3.38128|4.82282,True
J1:ALA906|J1:LEU1010|J1:LEU959:hydrogen_bond|J2:ASN859:hydrogen_bond|J2:LEU855:hydrophobic,5,20,5.169051878354203,25|20|29|68|23,1.4623|5.05157|2.12033|3.40412|4.82282,True
J1:ALA906|J1:ASP1021|J1:LEU881|J1:LEU959:hydrogen_bond|J2:TYR931,5,20,5.3558850787766445,28|47|21|24|32,2.08145|6.14509|5.18628|1.9612|3.06578,False
J1:ALA906:hydrophobic|J1:ASP1021|J1:LEU881:hydrophobic|J1:LEU959:hydrogen_bond|J2:TYR931,5,20,5.421200750469043,28|47|21|24|32,2.13135|6.21825|5.18628|2.04385|3.23301,False
J1:ALA906|J1:ASP1021|J1:LEU881:hydrophobic|J1:LEU959:hydrogen_bond|J2:TYR931,5,20,5.421200750469043,28|47|21|24|32,2.13135|6.21825|5.18628|2.04385|3.23301,False
J1:ALA906:hydrophobic|J1:ASP1021|J1:LEU881|J1:LEU959:hydrogen_bond|J2:TYR931,5,20,5.3558850787766445,28|47|21|24|32,2.08145|6.14509|5.18628|1.9612|3.06578,False
J1:ALA906:hydrophobic|J1:LEU959:hydrogen_bond|J2:LEU855:hydrophobic|J2:LEU983:hydrophobic|J2:TYR931,5,36,5.370263293753227,49|43|38|46|58,1.63286|2.23308|5.44918|5.97917|2.95003,False
J1:ALA906|J1:LEU959:hydrogen_bond|J2:LEU855|J2:LEU983:hydrophobic|J2:TYR931,5,36,5.334461538461538,49|43|38|46|58,1.62071|2.22787|5.44918|5.94441|2.92991,False
J1:ALA906:hydrophobic|J1:LEU959:hydrogen_bond|J2:LEU855:hydrophobic|J2:LEU983|J2:TYR931,5,36,5.370263293753227,49|43|38|46|58,1.63286|2.23308|5.44918|5.97917|2.95003,False
J1:ALA906|J1:LEU959:hydrogen_bond|J2:LEU855|J2:LEU983|J2:TYR931,5,36,5.334461538461538,49|43|38|46|58,1.62071|2.22787|5.44918|5.94441|2.92991,False
J1:ALA906|J1:LEU959:hydrogen_bond|J2:LEU855:hydrophobic|J2:LEU983:hydrophobic|J2:TYR931,5,36,5.370263293753227,49|43|38|46|58,1.63286|2.23308|5.44918|5.97917|2.95003,False
J1:ALA906:hydrophobic|J1:LEU959:hydrogen_bond|J2:LEU855|J2:LEU983|J2:TYR931,5,36,5.334461538461538,49|43|38|46|58,1.62071|2.22787|5.44918|5.94441|2.92991,False
J1:ALA906|J1:LEU959:hydrogen_bond|J2:LEU855:hydrophobic|J2:LEU983|J2:TYR931,5,36,5.370263293753227,49|43|38|46|58,1.63286|2.23308|5.44918|5.97917|2.95003,False
J1:ALA906:hydrophobic|J1:LEU959:hydrogen_bond|J2:LEU855|J2:LEU983:hydrophobic|J2:TYR931,5,36,5.334461538461538,49|43|38|46|58,1.62071|2.22787|5.44918|5.94441|2.92991,False
J1:ALA906:hydrophobic|J1:LEU881:hydrophobic|J1:LEU959:hydrogen_bond|J1:VAL889:hydrophobic|J2:ARG980:hydrogen_bond,5,29,5.4166451195862955,35|30|31|37|58,1.59088|4.903|2.28915|4.92453|3.57108,True
J1:ALA906|J1:LEU881:hydrophobic|J1:LEU959:hydrogen_bond|J1:VAL889|J2:ARG980:hydrogen_bond,5,29,5.4166451195862955,35|30|31|37|59,1.59088|4.903|2.28915|4.92453|3.62262,True
J1:ALA906|J1:LEU881:hydrophobic|J1:LEU959:hydrogen_bond|J1:VAL889:hydrophobic|J2:ARG980:hydrogen_bond,5,29,5.4166451195862955,35|30|31|37|58,1.59088|4.903|2.28915|4.92453|3.57108,True
J1:ALA906:hydrophobic|J1:LEU881:hydrophobic|J1:LEU959:hydrogen_bond|J1:VAL889|J2:ARG980:hydrogen_bond,5,29,5.4166451195862955,35|30|31|37|59,1.59088|4.903|2.28915|4.92453|3.62262,True
J1:ALA906:hydrophobic|J1:LEU881|J1:LEU959:hydrogen_bond|J2:ASN859:hydrogen_bond|J2:LEU855,5,20,5.292124542124541,25|20|29|71|23,1.38918|5.05157|2.13437|3.58662|5.11219,True
J1:ALA906|J1:LEU881|J1:LEU959:hydrogen_bond|J2:ASN859:hydrogen_bond|J2:LEU855:hydrophobic,5,20,5.292124542124541,25|20|29|71|23,1.39968|5.05157|2.1486|3.61124|5.11219,True
J1:ALA906:hydrophobic|J1:LEU881|J1:LEU959:hydrogen_bond|J2:ASN859:hydrogen_bond|J2:LEU855:hydrophobic,5,20,5.292124542124541,25|20|29|71|23,1.39968|5.05157|2.1486|3.61124|5.11219,True
J1:ALA906|J1:LEU881|J1:LEU959:hydrogen_bond|J2:ASN859:hydrogen_bond|J2:LEU855,5,20,5.292124542124541,25|20|29|71|23,1.38918|5.05157|2.13437|3.58662|5.11219,True
J1:ALA906:hydrophobic|J1:LEU881:hydrophobic|J1:LEU959:hydrogen_bond|J2:ARG980:hydrogen_bond|J2:VAL863:hydrophobic,5,34,5.140920983778127,45|35|44|71|37,1.76404|4.80211|2.58726|3.6446|4.92453,True
J1:ALA906|J1:LEU881:hydrophobic|J1:LEU959:hydrogen_bond|J2:ARG980:hydrogen_bond|J2:VAL863:hydrophobic,5,34,5.140920983778127,45|35|44|71|37,1.76404|4.80211|2.58726|3.6446|4.92453,True
J1:ALA906|J1:ARG1007:hydrophobic|J1:LEU881:hydrophobic|J1:LEU959|J1:VAL889,5,29,6.19789201183432,33|59|30|31|35,2.28501|3.3886|6.00728|3.46249|5.25637,True
J1:ALA906|J1:ARG1007:hydrophobic|J1:LEU881:hydrophobic|J1:LEU959|J1:VAL889:hydrophobic,5,29,6.19789201183432,33|58|30|31|35,2.28501|3.3398|6.00728|3.46249|5.25637,True
J1:ALA906:hydrophobic|J1:ARG1007:hydrophobic|J1:LEU881|J1:LEU959|J1:VAL889,5,29,6.138864468864469,33|59|30|31|35,2.22945|3.25407|6.00728|3.37762|5.22109,True
J1:ALA906:hydrophobic|J1:ARG1007:hydrophobic|J1:LEU881|J1:LEU959|J1:VAL889:hydrophobic,5,29,6.138864468864469,33|58|30|31|35,2.22945|3.20687|6.00728|3.37762|5.22109,True
J1:ALA906:hydrophobic|J1:ARG1007:hydrophobic|J1:LEU881:hydrophobic|J1:LEU959|J1:VAL889,5,29,6.19789201183432,33|59|30|31|35,2.28501|3.3886|6.00728|3.46249|5.25637,True
J1:ALA906:hydrophobic|J1:ARG1007:hydrophobic|J1:LEU881:hydrophobic|J1:LEU959|J1:VAL889:hydrophobic,5,29,6.19789201183432,33|58|30|31|35,2.28501|3.3398|6.00728|3.46249|5.25637,True
J1:ALA906|J1:ARG1007:hydrophobic|J1:LEU881|J1:LEU959|J1:VAL889,5,29,6.138864468864469,33|59|30|31|35,2.22945|3.25407|6.00728|3.37762|5.22109,True
J1:ALA906|J1:ARG1007:hydrophobic|J1:LEU881|J1:LEU959|J1:VAL889:hydrophobic,5,29,6.138864468864469,33|58|30|31|35,2.22945|3.20687|6.00728|3.37762|5.22109,True
J1:ALA906|J1:LEU881:hydrophobic|J1:LEU959|J2:LEU983|J2:TYR931,5,37,5.2717702169625245,50|38|44|47|63,1.69931|5.05762|2.41478|5.67753|2.90518,True
J1:ALA906|J1:ARG879|J1:LEU1010:hydrophobic|J1:LEU959:hydrogen_bond|J2:VAL863:hydrophobic,5,40,5.849190283400809,50|69|42|45|46,1.76125|3.27006|5.83457|4.25622|5.77649,True
J1:ALA906:hydrophobic|J1:LEU881:hydrophobic|J1:LEU959|J2:LEU983:hydrophobic|J2:TYR931,5,37,5.2717702169625245,50|38|44|47|63,1.69931|5.05762|2.41478|5.67753|2.90518,True
J1:ALA906:hydrophobic|J1:LEU881:hydrophobic|J1:LEU959|J2:LEU983|J2:TYR931,5,37,5.2717702169625245,50|38|44|47|63,1.69931|5.05762|2.41478|5.67753|2.90518,True
J1:ALA906:hydrophobic|J1:ARG879|J1:LEU1010:hydrophobic|J1:LEU959:hydrogen_bond|J2:VAL863:hydrophobic,5,40,5.849190283400809,50|69|42|45|46,1.76125|3.27006|5.83457|4.25622|5.77649,True
J1:ALA906|J1:ARG879|J1:LEU1010|J1:LEU959:hydrogen_bond|J2:VAL863:hydrophobic,5,40,5.849190283400809,50|69|42|45|46,1.76125|3.27006|5.83457|4.25622|5.77649,True
J1:ALA906|J1:LEU881:hydrophobic|J1:LEU959|J2:LEU983:hydrophobic|J2:TYR931,5,37,5.2717702169625245,50|38|44|47|63,1.69931|5.05762|2.41478|5.67753|2.90518,True
J1:ALA906:hydrophobic|J1:ARG879|J1:LEU1010|J1:LEU959:hydrogen_bond|J2:VAL863:hydrophobic,5,40,5.849190283400809,50|69|42|45|46,1.76125|3.27006|5.83457|4.25622|5.77649,True
J1:ALA906:hydrophobic|J1:LEU881:hydrophobic|J1:LEU959:hydrogen_bond|J2:ARG980:hydrogen_bond|J2:VAL863,5,34,5.106185031185031,45|35|44|71|37,1.74862|4.77265|2.58043|3.61952|4.92453,True
J1:ALA906|J1:LEU881:hydrophobic|J1:LEU959:hydrogen_bond|J2:ARG980:hydrogen_bond|J2:VAL863,5,34,5.106185031185031,45|35|44|71|37,1.74862|4.77265|2.58043|3.61952|4.92453,True
J1:ALA906:hydrophobic|J1:LEU1010:hydrophobic|J1:LEU959|J2:ASN859:hydrogen_bond|J2:VAL863:hydrophobic,5,23,5.163830613830614,27|23|30|69|23,1.43915|5.01195|2.20069|2.9722|4.48438,True
J1:ALA906|J1:LEU1010|J1:LEU959|J2:ASN859:hydrogen_bond|J2:VAL863:hydrophobic,5,23,5.163830613830614,27|23|30|69|23,1.43915|5.01195|2.20069|2.9722|4.48438,True
J1:ALA906|J1:LEU1010:hydrophobic|J1:LEU881|J1:LEU959:hydrogen_bond|J2:ASN859:hydrogen_bond,5,23,5.216522762951334,28|23|23|32|75,1.52165|5.11219|4.82282|2.21577|3.53182,True
J1:ALA906|J1:LEU1010:hydrophobic|J1:LEU959|J2:ASN859:hydrogen_bond|J2:VAL863:hydrophobic,5,23,5.163830613830614,27|23|30|69|23,1.43915|5.01195|2.20069|2.9722|4.48438,True
J1:ALA906:hydrophobic|J1:LEU1010|J1:LEU959|J2:ASN859:hydrogen_bond|J2:VAL863:hydrophobic,5,23,5.163830613830614,27|23|30|69|23,1.43915|5.01195|2.20069|2.9722|4.48438,True
J1:ALA906:hydrophobic|J1:LEU1010:hydrophobic|J1:LEU881:hydrophobic|J1:LEU959|J2:ASN859:hydrogen_bond,5,23,5.216522762951334,28|23|23|32|75,1.49246|5.11219|4.48438|2.35517|3.30103,True
J1:ALA906|J1:LEU1010:hydrophobic|J1:LEU881:hydrophobic|J1:LEU959|J2:ASN859:hydrogen_bond,5,23,5.216522762951334,28|23|23|32|75,1.49246|5.11219|4.48438|2.35517|3.30103,True
J1:ALA906:hydrophobic|J1:LEU1010:hydrophobic|J1:LEU881|J1:LEU959:hydrogen_bond|J2:ASN859:hydrogen_bond,5,23,5.216522762951334,28|23|23|32|75,1.52165|5.11219|4.82282|2.21577|3.53182,True
J1:ALA906:hydrophobic|J1:LEU1010:hydrophobic|J1:LEU959|J2:ASN859:hydrogen_bond|J2:VAL863,5,23,5.163830613830614,27|23|30|69|23,1.42887|5.01195|2.20069|2.95502|4.48438,True
J1:ALA906|J1:LEU1010|J1:LEU959|J2:ASN859:hydrogen_bond|J2:VAL863,5,23,5.163830613830614,27|23|30|69|23,1.42887|5.01195|2.20069|2.95502|4.48438,True
J1:ALA906|J1:LEU1010|J1:LEU881:hydrophobic|J1:LEU959|J2:ASN859:hydrogen_bond,5,23,5.216522762951334,28|23|23|32|75,1.49246|5.11219|4.48438|2.35517|3.30103,True
J1:ALA906|J1:LEU1010:hydrophobic|J1:LEU959|J2:ASN859:hydrogen_bond|J2:VAL863,5,23,5.163830613830614,27|23|30|69|23,1.42887|5.01195|2.20069|2.95502|4.48438,True
J1:ALA906:hydrophobic|J1:LEU1010|J1:LEU959|J2:ASN859:hydrogen_bond|J2:VAL863,5,23,5.163830613830614,27|23|30|69|23,1.42887|5.01195|2.20069|2.95502|4.48438,True
J1:ALA906|J1:LEU1010|J1:LEU881|J1:LEU959:hydrogen_bond|J2:ASN859:hydrogen_bond,5,23,5.216522762951334,28|23|23|32|75,1.52165|5.11219|4.82282|2.21577|3.53182,True
J1:ALA906:hydrophobic|J1:LEU1010|J1:LEU881|J1:LEU959:hydrogen_bond|J2:ASN859:hydrogen_bond,5,23,5.216522762951334,28|23|23|32|75,1.52165|5.11219|4.82282|2.21577|3.53182,True
J1:ALA906:hydrophobic|J1:LEU1010|J1:LEU881:hydrophobic|J1:LEU959|J2:ASN859:hydrogen_bond,5,23,5.216522762951334,28|23|23|32|75,1.49246|5.11219|4.48438|2.35517|3.30103,True
J1:ALA906:hydrophobic|J1:LEU881|J1:LEU959|J2:LEU983:hydrophobic|J2:TYR931,5,37,5.172302854378326,50|38|44|47|63,1.66869|5.05762|2.33968|5.58645|2.81184,True
J1:ALA906|J1:LEU881|J1:LEU959|J2:LEU983:hydrophobic|J2:TYR931,5,37,5.172302854378326,50|38|44|47|63,1.66869|5.05762|2.33968|5.58645|2.81184,True
J1:ALA906|J1:LEU881|J1:LEU959|J2:LEU983|J2:TYR931,5,37,5.172302854378326,50|38|44|47|63,1.66869|5.05762|2.33968|5.58645|2.81184,True
J1:ALA906:hydrophobic|J1:LEU881|J1:LEU959|J2:LEU983|J2:TYR931,5,37,5.172302854378326,50|38|44|47|63,1.66869|5.05762|2.33968|5.58645|2.81184,True
J1:ALA906:hydrophobic|J1:ARG879:hydrogen_bond|J1:LEU881|J1:LEU959:hydrogen_bond|J2:VAL863:hydrophobic,5,39,5.779,51|71|40|44|44,1.64048|3.53045|5.81096|4.04126|5.71921,True
J1:ALA906|J1:ARG879:hydrogen_bond|J1:LEU881|J1:LEU959:hydrogen_bond|J2:VAL863:hydrophobic,5,39,5.779,51|71|40|44|44,1.64048|3.53045|5.81096|4.04126|5.71921,True
J1:ALA906:hydrophobic|J1:ARG879:hydrogen_bond|J1:LEU881:hydrophobic|J1:LEU959:hydrogen_bond|J2:VAL863:hydrophobic,5,39,5.779,50|71|40|44|44,1.61298|3.6446|5.81096|4.04126|5.71921,True
J1:ALA906|J1:ARG879:hydrogen_bond|J1:LEU881:hydrophobic|J1:LEU959:hydrogen_bond|J2:VAL863:hydrophobic,5,39,5.779,50|71|40|44|44,1.61298|3.6446|5.81096|4.04126|5.71921,True
J1:ALA906|J1:ASP1021|J1:LEU959:hydrogen_bond|J2:LEU855|J2:TYR931,5,21,5.304152097902098,28|46|25|21|31,1.94486|5.94441|1.99882|5.18628|3.02208,False
J1:ALA906:hydrophobic|J1:ASP1021|J1:LEU959:hydrogen_bond|J2:LEU855:hydrophobic|J2:TYR931,5,21,5.365119363395225,28|46|25|21|31,1.95709|5.97917|2.00604|5.18628|3.03539,False
J1:ALA906:hydrophobic|J1:ASP1021|J1:LEU959:hydrogen_bond|J2:LEU855|J2:TYR931,5,21,5.304152097902098,28|46|25|21|31,1.94486|5.94441|1.99882|5.18628|3.02208,False
J1:ALA906|J1:ASP1021|J1:LEU959:hydrogen_bond|J2:LEU855:hydrophobic|J2:TYR931,5,21,5.365119363395225,28|46|25|21|31,1.95709|5.97917|2.00604|5.18628|3.03539,False
J1:ALA906:hydrophobic|J1:ARG879:hydrogen_bond|J1:LEU1010:hydrophobic|J1:LEU959:hydrogen_bond|J2:VAL863:hydrophobic,5,38,5.824986737400531,48|69|40|43|43,1.82375|3.27006|5.81096|4.30521|5.65537,True
J1:ALA906|J1:ARG879:hydrogen_bond|J1:LEU1010:hydrophobic|J1:LEU959:hydrogen_bond|J2:VAL863:hydrophobic,5,38,5.824986737400531,48|69|40|43|43,1.82375|3.27006|5.81096|4.30521|5.65537,True
J1:ALA906:hydrophobic|J1:ARG879:hydrogen_bond|J1:LEU1010|J1:LEU959:hydrogen_bond|J2:VAL863:hydrophobic,5,38,5.824986737400531,48|69|40|43|43,1.82375|3.27006|5.81096|4.30521|5.65537,True
J1:ALA906|J1:ARG879:hydrogen_bond|J1:LEU1010|J1:LEU959:hydrogen_bond|J2:VAL863:hydrophobic,5,38,5.824986737400531,48|69|40|43|43,1.82375|3.27006|5.81096|4.30521|5.65537,True
J1:ALA906|J1:LEU959:hydrogen_bond|J2:ARG980:hydrogen_bond|J2:LEU855:hydrophobic|J2:VAL863:hydrophobic,5,32,5.08043956043956,42|42|65|35|35,1.75476|2.47621|3.42358|4.80211|4.83194,True
J1:ALA906:hydrophobic|J1:LEU959:hydrogen_bond|J2:ARG980:hydrogen_bond|J2:LEU855:hydrophobic|J2:VAL863:hydrophobic,5,32,5.08043956043956,42|42|65|35|35,1.75476|2.47621|3.42358|4.80211|4.83194,True
J1:ALA906|J1:ARG879|J1:LEU1010:hydrophobic|J1:LEU959|J2:VAL863:hydrophobic,5,40,5.773226773226773,50|69|42|45|46,1.74192|2.9722|5.76254|4.25622|5.71195,True
J1:ALA906:hydrophobic|J1:ARG879|J1:LEU1010:hydrophobic|J1:LEU959:hydrogen_bond|J2:VAL863,5,40,5.773226773226773,50|69|42|45|46,1.7474|3.24927|5.76254|4.2203|5.77649,True
J1:ALA906:hydrophobic|J1:ARG879|J1:LEU1010:hydrophobic|J1:LEU959|J2:VAL863:hydrophobic,5,40,5.773226773226773,50|69|42|45|46,1.74192|2.9722|5.76254|4.25622|5.71195,True
J1:ALA906|J1:ARG879|J1:LEU1010|J1:LEU959:hydrogen_bond|J2:VAL863,5,40,5.773226773226773,50|69|42|45|46,1.7474|3.24927|5.76254|4.2203|5.77649,True
J1:ALA906|J1:ARG879|J1:LEU1010|J1:LEU959|J2:VAL863:hydrophobic,5,40,5.773226773226773,50|69|42|45|46,1.74192|2.9722|5.76254|4.25622|5.71195,True
J1:ALA906:hydrophobic|J1:ARG879|J1:LEU1010|J1:LEU959:hydrogen_bond|J2:VAL863,5,40,5.773226773226773,50|69|42|45|46,1.7474|3.24927|5.76254|4.2203|5.77649,True
J1:ALA906|J1:ARG879|J1:LEU1010:hydrophobic|J1:LEU959:hydrogen_bond|J2:VAL863,5,40,5.773226773226773,50|69|42|45|46,1.7474|3.24927|5.76254|4.2203|5.77649,True
J1:ALA906:hydrophobic|J1:ARG879|J1:LEU1010|J1:LEU959|J2:VAL863:hydrophobic,5,40,5.773226773226773,50|69|42|45|46,1.74192|2.9722|5.76254|4.25622|5.71195,True
J1:ALA906:hydrophobic|J1:LEU1010:hydrophobic|J1:LEU881:hydrophobic|J1:LEU959:hydrogen_bond|J2:ASN859,5,23,5.061576542269611,28|23|23|32|75,1.32416|4.91557|4.33237|2.02639|3.63978,True
J1:ALA906|J1:LEU1010:hydrophobic|J1:LEU881:hydrophobic|J1:LEU959:hydrogen_bond|J2:ASN859,5,23,5.061576542269611,28|23|23|32|75,1.32416|4.91557|4.33237|2.02639|3.63978,True
J1:ALA906|J1:LEU1010|J1:LEU881:hydrophobic|J1:LEU959:hydrogen_bond|J2:ASN859,5,23,5.061576542269611,28|23|23|32|75,1.32416|4.91557|4.33237|2.02639|3.63978,True
J1:ALA906:hydrophobic|J1:LEU1010|J1:LEU881:hydrophobic|J1:LEU959:hydrogen_bond|J2:ASN859,5,23,5.061576542269611,28|23|23|32|75,1.32416|4.91557|4.33237|2.02639|3.63978,True
J1:ALA906|J1:LEU959:hydrogen_bond|J2:ARG980:hydrogen_bond|J2:LEU855:hydrophobic|J2:VAL863,5,32,5.0444080741953075,42|42|65|35|35,1.73842|2.46966|3.39143|4.77265|4.83194,True
J1:ALA906:hydrophobic|J1:LEU959:hydrogen_bond|J2:ARG980:hydrogen_bond|J2:LEU855:hydrophobic|J2:VAL863,5,32,5.0444080741953075,42|42|65|35|35,1.73842|2.46966|3.39143|4.77265|4.83194,True
J1:ALA906|J1:LEU959:hydrogen_bond|J2:ARG980:hydrogen_bond|J2:LEU855|J2:VAL863:hydrophobic,5,32,5.0444080741953075,42|42|65|35|35,1.73842|2.45021|3.40743|4.80211|4.80211,True
J1:ALA906:hydrophobic|J1:LEU959:hydrogen_bond|J2:ARG980:hydrogen_bond|J2:LEU855|J2:VAL863:hydrophobic,5,32,5.0444080741953075,42|42|65|35|35,1.73842|2.45021|3.40743|4.80211|4.80211,True
J1:ALA906:hydrophobic|J1:LEU881:hydrophobic|J1:LEU959:hydrogen_bond|J2:ASN859|J2:LEU855,5,20,4.939316239316239,25|20|29|71|23,1.20798|4.49029|1.9127|3.66151|4.91557,True
J1:ALA906:hydrophobic|J1:LEU881:hydrophobic|J1:LEU959|J2:ASN859:hydrogen_bond|J2:LEU855:hydrophobic,5,20,5.169051878354203,25|20|29|71|23,1.352|4.67935|2.26965|3.35768|5.11219,True
J1:ALA906|J1:LEU881:hydrophobic|J1:LEU959|J2:ASN859:hydrogen_bond|J2:LEU855:hydrophobic,5,20,5.169051878354203,25|20|29|71|23,1.352|4.67935|2.26965|3.35768|5.11219,True
J1:ALA906|J1:LEU881:hydrophobic|J1:LEU959:hydrogen_bond|J2:ASN859|J2:LEU855,5,20,4.939316239316239,25|20|29|71|23,1.20798|4.49029|1.9127|3.66151|4.91557,True
J1:ALA906:hydrophobic|J1:LEU881:hydrophobic|J1:LEU959:hydrogen_bond|J2:ASN859|J2:LEU855:hydrophobic,5,20,4.939316239316239,25|20|29|71|23,1.21062|4.49029|1.92988|3.68718|4.91557,True
J1:ALA906|J1:LEU881:hydrophobic|J1:LEU959|J2:ASN859:hydrogen_bond|J2:LEU855,5,20,5.169051878354203,25|20|29|71|23,1.34546|4.67935|2.25378|3.32935|5.11219,True
J1:ALA906:hydrophobic|J1:LEU881:hydrophobic|J1:LEU959|J2:ASN859:hydrogen_bond|J2:LEU855,5,20,5.169051878354203,25|20|29|71|23,1.34546|4.67935|2.25378|3.32935|5.11219,True
J1:ALA906|J1:LEU881:hydrophobic|J1:LEU959:hydrogen_bond|J2:ASN859|J2:LEU855:hydrophobic,5,20,4.939316239316239,25|20|29|71|23,1.21062|4.49029|1.92988|3.68718|4.91557,True
J1:ALA906:hydrophobic|J1:ARG879|J1:LEU881:hydrophobic|J1:LEU959:hydrogen_bond|J2:VAL863:hydrophobic,5,40,5.6992110453648905,51|71|42|45|46,1.51345|3.6446|5.83457|3.93784|5.74404,True
J1:ALA906|J1:ARG879|J1:LEU881|J1:LEU959:hydrogen_bond|J2:VAL863:hydrophobic,5,40,5.6992110453648905,52|71|42|45|46,1.53901|3.53045|5.83457|3.93784|5.74404,True
J1:ALA906:hydrophobic|J1:ARG879|J1:LEU881|J1:LEU959:hydrogen_bond|J2:VAL863:hydrophobic,5,40,5.6992110453648905,52|71|42|45|46,1.53901|3.53045|5.83457|3.93784|5.74404,True
J1:ALA906|J1:ARG879|J1:LEU881:hydrophobic|J1:LEU959:hydrogen_bond|J2:VAL863:hydrophobic,5,40,5.6992110453648905,51|71|42|45|46,1.51345|3.6446|5.83457|3.93784|5.74404,True
J1:ALA906|J1:LEU881:hydrophobic|J1:LEU959|J1:VAL889:hydrophobic|J2:ARG980:hydrogen_bond,5,29,5.198232009925558,35|30|31|37|58,1.49317|4.69583|2.28915|4.51866|3.3398,True
J1:ALA906:hydrophobic|J1:LEU881:hydrophobic|J1:LEU959|J1:VAL889|J2:ARG980:hydrogen_bond,5,29,5.198232009925558,35|30|31|37|59,1.49317|4.69583|2.28915|4.51866|3.3886,True
J1:ALA906|J1:LEU881:hydrophobic|J1:LEU959|J1:VAL889|J2:ARG980:hydrogen_bond,5,29,5.198232009925558,35|30|31|37|59,1.49317|4.69583|2.28915|4.51866|3.3886,True
J1:ALA906:hydrophobic|J1:LEU881:hydrophobic|J1:LEU959|J1:VAL889:hydrophobic|J2:ARG980:hydrogen_bond,5,29,5.198232009925558,35|30|31|37|58,1.49317|4.69583|2.28915|4.51866|3.3398,True
J1:ALA906|J1:ARG879:hydrogen_bond|J1:LEU881|J1:LEU959|J2:VAL863:hydrophobic,5,39,5.702960526315789,51|71|40|44|44,1.61939|3.20754|5.73598|4.04126|5.65309,True
J1:ALA906:hydrophobic|J1:ARG879:hydrogen_bond|J1:LEU881|J1:LEU959|J2:VAL863:hydrophobic,5,39,5.702960526315789,51|71|40|44|44,1.61939|3.20754|5.73598|4.04126|5.65309,True
J1:ALA906:hydrophobic|J1:ARG879:hydrogen_bond|J1:LEU881:hydrophobic|J1:LEU959|J2:VAL863:hydrophobic,5,39,5.702960526315789,50|71|40|44|44,1.59219|3.32234|5.73598|4.04126|5.65309,True
J1:ALA906|J1:ARG879:hydrogen_bond|J1:LEU881|J1:LEU959:hydrogen_bond|J2:VAL863,5,39,5.702960526315789,51|71|40|44|44,1.6287|3.50691|5.73598|4.00813|5.71921,True
J1:ALA906:hydrophobic|J1:ARG879:hydrogen_bond|J1:LEU881:hydrophobic|J1:LEU959:hydrogen_bond|J2:VAL863,5,39,5.702960526315789,50|71|40|44|44,1.60136|3.61952|5.73598|4.00813|5.71921,True
J1:ALA906|J1:ARG879:hydrogen_bond|J1:LEU881:hydrophobic|J1:LEU959:hydrogen_bond|J2:VAL863,5,39,5.702960526315789,50|71|40|44|44,1.60136|3.61952|5.73598|4.00813|5.71921,True
J1:ALA906|J1:ARG879:hydrogen_bond|J1:LEU881:hydrophobic|J1:LEU959|J2:VAL863:hydrophobic,5,39,5.702960526315789,50|71|40|44|44,1.59219|3.32234|5.73598|4.04126|5.65309,True
J1:ALA906:hydrophobic|J1:ARG879:hydrogen_bond|J1:LEU881|J1:LEU959:hydrogen_bond|J2:VAL863,5,39,5.702960526315789,51|71|40|44|44,1.6287|3.50691|5.73598|4.00813|5.71921,True
J1:ALA906|J1:GLU966|J1:LEU881|J1:LEU959:hydrogen_bond|J2:TYR931,5,18,4.939316239316239,24|47|18|19|31,1.23483|6.14509|4.76291|1.83614|3.1178,False
J1:ALA906:hydrophobic|J1:GLU966|J1:LEU881|J1:LEU959:hydrogen_bond|J2:TYR931,5,18,4.939316239316239,24|47|18|19|31,1.23483|6.14509|4.76291|1.83614|3.1178,False
J1:ALA906|J1:GLU966|J1:LEU881:hydrophobic|J1:LEU959:hydrogen_bond|J2:TYR931,5,18,5.001057692307692,24|47|18|19|31,1.25222|6.21825|4.76291|1.91091|3.20481,False
J1:ALA906:hydrophobic|J1:GLU966|J1:LEU881:hydrophobic|J1:LEU959:hydrogen_bond|J2:TYR931,5,18,5.001057692307692,24|47|18|19|31,1.25222|6.21825|4.76291|1.91091|3.20481,False
J1:ALA906|J1:ARG879:hydrogen_bond|J1:LEU1010:hydrophobic|J1:LEU959|J2:VAL863:hydrophobic,5,38,5.745735217163788,48|69|40|43|43,1.80523|2.9722|5.73598|4.30521|5.58923,True
J1:ALA906|J1:ARG879:hydrogen_bond|J1:LEU1010:hydrophobic|J1:LEU959:hydrogen_bond|J2:VAL863,5,38,5.745735217163788,48|69|40|43|43,1.80829|3.24927|5.73598|4.26678|5.65537,True
J1:ALA906:hydrophobic|J1:ARG879:hydrogen_bond|J1:LEU1010|J1:LEU959:hydrogen_bond|J2:VAL863,5,38,5.745735217163788,48|69|40|43|43,1.80829|3.24927|5.73598|4.26678|5.65537,True
J1:ALA906|J1:ARG879:hydrogen_bond|J1:LEU1010|J1:LEU959:hydrogen_bond|J2:VAL863,5,38,5.745735217163788,48|69|40|43|43,1.80829|3.24927|5.73598|4.26678|5.65537,True
J1:ALA906:hydrophobic|J1:ARG879:hydrogen_bond|J1:LEU1010|J1:LEU959|J2:VAL863:hydrophobic,5,38,5.745735217163788,48|69|40|43|43,1.80523|2.9722|5.73598|4.30521|5.58923,True
J1:ALA906:hydrophobic|J1:ARG879:hydrogen_bond|J1:LEU1010:hydrophobic|J1:LEU959:hydrogen_bond|J2:VAL863,5,38,5.745735217163788,48|69|40|43|43,1.80829|3.24927|5.73598|4.26678|5.65537,True
J1:ALA906|J1:ARG879:hydrogen_bond|J1:LEU1010|J1:LEU959|J2:VAL863:hydrophobic,5,38,5.745735217163788,48|69|40|43|43,1.80523|2.9722|5.73598|4.30521|5.58923,True
J1:ALA906:hydrophobic|J1:ARG879:hydrogen_bond|J1:LEU1010:hydrophobic|J1:LEU959|J2:VAL863:hydrophobic,5,38,5.745735217163788,48|69|40|43|43,1.80523|2.9722|5.73598|4.30521|5.58923,True
J1:ALA906|J1:LEU959:hydrogen_bond|J2:ARG980:hydrogen_bond|J2:LEU855|J2:VAL863,5,32,5.008884073672806,42|42|65|35|35,1.72238|2.4438|3.37558|4.77265|4.80211,True
J1:ALA906:hydrophobic|J1:LEU959:hydrogen_bond|J2:ARG980:hydrogen_bond|J2:LEU855|J2:VAL863,5,32,5.008884073672806,42|42|65|35|35,1.72238|2.4438|3.37558|4.77265|4.80211,True
J1:ALA906|J1:LEU1010:hydrophobic|J1:LEU959:hydrogen_bond|J2:ASN859|J2:VAL863,5,23,5.011953242835595,27|23|30|69|23,1.26077|4.82282|1.89974|3.24927|4.33237,True
J1:ALA906|J1:LEU1010|J1:LEU959:hydrogen_bond|J2:ASN859|J2:VAL863:hydrophobic,5,23,5.011953242835595,27|23|30|69|23,1.26877|4.82282|1.89974|3.27006|4.33237,True
J1:ALA906:hydrophobic|J1:LEU1010|J1:LEU959:hydrogen_bond|J2:ASN859|J2:VAL863:hydrophobic,5,23,5.011953242835595,27|23|30|69|23,1.26877|4.82282|1.89974|3.27006|4.33237,True
J1:ALA906:hydrophobic|J1:LEU881:hydrophobic|J1:LEU959|J2:ASN859|J2:VAL863,5,23,5.011953242835595,27|23|30|71|23,1.21238|4.29596|2.09688|3.30149|4.29596,True
J1:ALA906|J1:LEU881:hydrophobic|J1:LEU959|J2:ASN859|J2:VAL863:hydrophobic,5,23,5.011953242835595,27|23|30|71|23,1.22225|4.29596|2.09688|3.32234|4.29596,True
J1:ALA906|J1:LEU1010|J1:LEU959:hydrogen_bond|J2:ASN859|J2:VAL863,5,23,5.011953242835595,27|23|30|69|23,1.26077|4.82282|1.89974|3.24927|4.33237,True
J1:ALA906:hydrophobic|J1:LEU1010|J1:LEU959:hydrogen_bond|J2:ASN859|J2:VAL863,5,23,5.011953242835595,27|23|30|69|23,1.26077|4.82282|1.89974|3.24927|4.33237,True
J1:ALA906:hydrophobic|J1:LEU1010:hydrophobic|J1:LEU959:hydrogen_bond|J2:ASN859|J2:VAL863:hydrophobic,5,23,5.011953242835595,27|23|30|69|23,1.26877|4.82282|1.89974|3.27006|4.33237,True
J1:ALA906|J1:LEU1010:hydrophobic|J1:LEU959:hydrogen_bond|J2:ASN859|J2:VAL863:hydrophobic,5,23,5.011953242835595,27|23|30|69|23,1.26877|4.82282|1.89974|3.27006|4.33237,True
J1:ALA906|J1:LEU881:hydrophobic|J1:LEU959|J2:ASN859|J2:VAL863,5,23,5.011953242835595,27|23|30|71|23,1.21238|4.29596|2.09688|3.30149|4.29596,True
J1:ALA906:hydrophobic|J1:LEU881:hydrophobic|J1:LEU959|J2:ASN859|J2:VAL863:hydrophobic,5,23,5.011953242835595,27|23|30|71|23,1.22225|4.29596|2.09688|3.32234|4.29596,True
J1:ALA906:hydrophobic|J1:LEU1010:hydrophobic|J1:LEU959:hydrogen_bond|J2:ASN859|J2:VAL863,5,23,5.011953242835595,27|23|30|69|23,1.26077|4.82282|1.89974|3.24927|4.33237,True
J1:ALA906|J1:ARG879:hydrogen_bond|J1:LEU1010:hydrophobic|J1:LEU881|J1:LEU959:hydrogen_bond,5,43,5.827790806754221,53|75|44|43|49,1.84644|3.53182|5.71921|5.65537|4.39161,True
J1:ALA906:hydrophobic|J1:ARG879:hydrogen_bond|J1:LEU1010|J1:LEU881:hydrophobic|J1:LEU959:hydrogen_bond,5,43,5.827790806754221,53|75|44|43|49,1.84644|3.63978|5.71921|5.65537|4.39161,True
J1:ALA906:hydrophobic|J1:ARG879:hydrogen_bond|J1:LEU1010|J1:LEU881|J1:LEU959:hydrogen_bond,5,43,5.827790806754221,53|75|44|43|49,1.84644|3.53182|5.71921|5.65537|4.39161,True
J1:ALA906:hydrophobic|J1:ARG879|J1:LEU1010|J1:LEU959|J2:VAL863,5,40,5.6992110453648905,50|69|42|45|46,1.72838|2.95502|5.69226|4.2203|5.71195,True
J1:ALA906|J1:ARG879:hydrogen_bond|J1:LEU1010|J1:LEU881:hydrophobic|J1:LEU959:hydrogen_bond,5,43,5.827790806754221,53|75|44|43|49,1.84644|3.63978|5.71921|5.65537|4.39161,True
J1:ALA906|J1:ARG879:hydrogen_bond|J1:LEU1010|J1:LEU881|J1:LEU959:hydrogen_bond,5,43,5.827790806754221,53|75|44|43|49,1.84644|3.53182|5.71921|5.65537|4.39161,True
J1:ALA906|J1:ARG879|J1:LEU1010:hydrophobic|J1:LEU959|J2:VAL863,5,40,5.6992110453648905,50|69|42|45|46,1.72838|2.95502|5.69226|4.2203|5.71195,True
J1:ALA906:hydrophobic|J1:ARG879:hydrogen_bond|J1:LEU1010:hydrophobic|J1:LEU881:hydrophobic|J1:LEU959:hydrogen_bond,5,43,5.827790806754221,53|75|44|43|49,1.84644|3.63978|5.71921|5.65537|4.39161,True
J1:ALA906:hydrophobic|J1:ARG879|J1:LEU1010:hydrophobic|J1:LEU959|J2:VAL863,5,40,5.6992110453648905,50|69|42|45|46,1.72838|2.95502|5.69226|4.2203|5.71195,True
J1:ALA906|J1:ARG879|J1:LEU1010|J1:LEU959|J2:VAL863,5,40,5.6992110453648905,50|69|42|45|46,1.72838|2.95502|5.69226|4.2203|5.71195,True
J1:ALA906:hydrophobic|J1:ARG879:hydrogen_bond|J1:LEU1010:hydrophobic|J1:LEU881|J1:LEU959:hydrogen_bond,5,43,5.827790806754221,53|75|44|43|49,1.84644|3.53182|5.71921|5.65537|4.39161,True
J1:ALA906|J1:ARG879:hydrogen_bond|J1:LEU1010:hydrophobic|J1:LEU881:hydrophobic|J1:LEU959:hydrogen_bond,5,43,5.827790806754221,53|75|44|43|49,1.84644|3.63978|5.71921|5.65537|4.39161,True
J1:ALA906:hydrophobic|J1:LEU881:hydrophobic|J1:LEU959:hydrogen_bond|J2:ARG980:hydrogen_bond|J2:LEU855:hydrophobic,5,34,5.106185031185031,46|35|44|71|37,1.85898|4.83194|2.54022|3.68718|4.92453,True
J1:ALA906|J1:LEU881:hydrophobic|J1:LEU959:hydrogen_bond|J2:ARG980:hydrogen_bond|J2:LEU855:hydrophobic,5,34,5.106185031185031,46|35|44|71|37,1.85898|4.83194|2.54022|3.68718|4.92453,True
J1:ALA906|J1:ARG879|J1:LEU881|J1:LEU959|J2:VAL863:hydrophobic,5,40,5.627069133398248,52|71|42|45|46,1.51879|3.20754|5.76254|3.93784|5.68021,True
J1:ALA906:hydrophobic|J1:ARG879|J1:LEU881|J1:LEU959:hydrogen_bond|J2:VAL863,5,40,5.627069133398248,52|71|42|45|46,1.52884|3.50691|5.76254|3.90708|5.74404,True
J1:ALA906:hydrophobic|J1:ARG879|J1:LEU881|J1:LEU959|J2:VAL863:hydrophobic,5,40,5.627069133398248,52|71|42|45|46,1.51879|3.20754|5.76254|3.93784|5.68021,True
J1:ALA906|J1:ARG879|J1:LEU881:hydrophobic|J1:LEU959:hydrogen_bond|J2:VAL863,5,40,5.627069133398248,51|71|42|45|46,1.50341|3.61952|5.76254|3.90708|5.74404,True
J1:ALA906|J1:ARG879|J1:LEU881:hydrophobic|J1:LEU959|J2:VAL863:hydrophobic,5,40,5.627069133398248,51|71|42|45|46,1.49351|3.32234|5.76254|3.93784|5.68021,True
J1:ALA906:hydrophobic|J1:ARG879|J1:LEU881:hydrophobic|J1:LEU959|J2:VAL863:hydrophobic,5,40,5.627069133398248,51|71|42|45|46,1.49351|3.32234|5.76254|3.93784|5.68021,True
J1:ALA906:hydrophobic|J1:ARG879|J1:LEU881:hydrophobic|J1:LEU959:hydrogen_bond|J2:VAL863,5,40,5.627069133398248,51|71|42|45|46,1.50341|3.61952|5.76254|3.90708|5.74404,True
J1:ALA906|J1:ARG879|J1:LEU881|J1:LEU959:hydrogen_bond|J2:VAL863,5,40,5.627069133398248,52|71|42|45|46,1.52884|3.50691|5.76254|3.90708|5.74404,True
J1:ALA906:hydrophobic|J1:ARG879:hydrogen_bond|J1:LEU959:hydrogen_bond|J2:LEU855:hydrophobic|J2:VAL863:hydrophobic,5,35,5.596707249584947,46|65|40|40|40,1.57298|3.42358|4.00485|5.81096|5.48813,True
J1:ALA906|J1:ARG879:hydrogen_bond|J1:LEU959:hydrogen_bond|J2:LEU855|J2:VAL863:hydrophobic,5,35,5.596707249584947,46|65|40|40|40,1.53982|3.40743|3.98689|5.81096|5.48813,True
J1:ALA906:hydrophobic|J1:ARG879:hydrogen_bond|J1:LEU959:hydrogen_bond|J2:LEU855|J2:VAL863:hydrophobic,5,35,5.596707249584947,46|65|40|40|40,1.53982|3.40743|3.98689|5.81096|5.48813,True
J1:ALA906|J1:ARG879:hydrogen_bond|J1:LEU959:hydrogen_bond|J2:LEU855:hydrophobic|J2:VAL863:hydrophobic,5,35,5.596707249584947,46|65|40|40|40,1.57298|3.42358|4.00485|5.81096|5.48813,True
J1:ALA906|J1:LEU881|J1:LEU959:hydrogen_bond|J2:ARG980:hydrogen_bond|J2:VAL863:hydrophobic,5,34,4.875583126550868,45|35|44|71|37,1.70104|4.80211|2.4328|3.53045|4.64631,True
J1:ALA906:hydrophobic|J1:ARG879:hydrogen_bond|J1:LEU881|J1:LEU959|J2:VAL863,5,39,5.628896103896103,51|71|40|44|44,1.60791|3.1881|5.66291|4.00813|5.65309,True
J1:ALA906|J1:ARG879:hydrogen_bond|J1:LEU881|J1:LEU959|J2:VAL863,5,39,5.628896103896103,51|71|40|44|44,1.60791|3.1881|5.66291|4.00813|5.65309,True
J1:ALA906:hydrophobic|J1:LEU881|J1:LEU959:hydrogen_bond|J2:ARG980:hydrogen_bond|J2:VAL863:hydrophobic,5,34,4.875583126550868,45|35|44|71|37,1.70104|4.80211|2.4328|3.53045|4.64631,True
J1:ALA906:hydrophobic|J1:ARG879:hydrogen_bond|J1:LEU881:hydrophobic|J1:LEU959|J2:VAL863,5,39,5.628896103896103,50|71|40|44|44,1.58086|3.30149|5.66291|4.00813|5.65309,True
J1:ALA906|J1:ARG879:hydrogen_bond|J1:LEU881:hydrophobic|J1:LEU959|J2:VAL863,5,39,5.628896103896103,50|71|40|44|44,1.58086|3.30149|5.66291|4.00813|5.65309,True
J1:ALA906:hydrophobic|J1:GLU966|J1:LEU959:hydrogen_bond|J2:LEU855:hydrophobic|J2:TYR931,5,18,4.762912087912087,24|46|19|18|29,1.19073|5.97917|1.80475|4.76291|2.92991,False
J1:ALA906|J1:GLU966|J1:LEU959:hydrogen_bond|J2:LEU855|J2:TYR931,5,18,4.762912087912087,24|46|19|18|29,1.18544|5.94441|1.80475|4.76291|2.92991,False
J1:ALA906|J1:GLU966|J1:LEU959:hydrogen_bond|J2:LEU855:hydrophobic|J2:TYR931,5,18,4.762912087912087,24|46|19|18|29,1.19073|5.97917|1.80475|4.76291|2.92991,False
J1:ALA906:hydrophobic|J1:GLU966|J1:LEU959:hydrogen_bond|J2:LEU855|J2:TYR931,5,18,4.762912087912087,24|46|19|18|29,1.18544|5.94441|1.80475|4.76291|2.92991,False
J1:ALA906|J1:LEU881|J1:LEU959:hydrogen_bond|J1:VAL889|J2:ARG980:hydrogen_bond,5,29,5.075439127801332,35|30|31|37|59,1.53138|4.903|2.13323|4.64631|3.48774,True
J1:ALA906|J1:LEU881|J1:LEU959:hydrogen_bond|J1:VAL889:hydrophobic|J2:ARG980:hydrogen_bond,5,29,5.075439127801332,35|30|31|37|58,1.53138|4.903|2.13323|4.64631|3.43776,True
J1:ALA906:hydrophobic|J1:LEU881|J1:LEU959:hydrogen_bond|J1:VAL889|J2:ARG980:hydrogen_bond,5,29,5.075439127801332,35|30|31|37|59,1.53138|4.903|2.13323|4.64631|3.48774,True
J1:ALA906:hydrophobic|J1:LEU881|J1:LEU959:hydrogen_bond|J1:VAL889:hydrophobic|J2:ARG980:hydrogen_bond,5,29,5.075439127801332,35|30|31|37|58,1.53138|4.903|2.13323|4.64631|3.43776,True
J1:ALA906:hydrophobic|J1:ARG879:hydrogen_bond|J1:LEU1010|J1:LEU959|J2:VAL863,5,38,5.668611254517295,48|69|40|43|43,1.79009|2.95502|5.66291|4.26678|5.58923,True
J1:ALA906|J1:ARG879:hydrogen_bond|J1:LEU1010|J1:LEU959|J2:VAL863,5,38,5.668611254517295,48|69|40|43|43,1.79009|2.95502|5.66291|4.26678|5.58923,True
J1:ALA906:hydrophobic|J1:ARG879:hydrogen_bond|J1:LEU1010:hydrophobic|J1:LEU959|J2:VAL863,5,38,5.668611254517295,48|69|40|43|43,1.79009|2.95502|5.66291|4.26678|5.58923,True
J1:ALA906|J1:ARG879:hydrogen_bond|J1:LEU1010:hydrophobic|J1:LEU959|J2:VAL863,5,38,5.668611254517295,48|69|40|43|43,1.79009|2.95502|5.66291|4.26678|5.58923,True
J1:ALA906:hydrophobic|J1:LEU881:hydrophobic|J1:LEU959:hydrogen_bond|J2:ARG980:hydrogen_bond|J2:LEU855,5,34,5.071915332989159,46|35|44|71|37,1.84223|4.80211|2.52058|3.66151|4.92453,True
J1:ALA906|J1:LEU881:hydrophobic|J1:LEU959:hydrogen_bond|J2:ARG980:hydrogen_bond|J2:LEU855,5,34,5.071915332989159,46|35|44|71|37,1.84223|4.80211|2.52058|3.66151|4.92453,True
J1:ALA906|J1:ARG879|J1:LEU1010|J1:LEU881|J1:LEU959:hydrogen_bond,5,45,5.849190283400809,55|75|46|46|51,1.77945|3.53182|5.74404|5.77649|4.34319,True
J1:ALA906:hydrophobic|J1:ARG879|J1:LEU1010|J1:LEU881:hydrophobic|J1:LEU959:hydrogen_bond,5,45,5.849190283400809,55|75|46|46|51,1.77945|3.63978|5.74404|5.77649|4.34319,True
J1:ALA906:hydrophobic|J1:ARG879|J1:LEU1010|J1:LEU881|J1:LEU959:hydrogen_bond,5,45,5.849190283400809,55|75|46|46|51,1.77945|3.53182|5.74404|5.77649|4.34319,True
J1:ALA906|J1:ARG879|J1:LEU1010:hydrophobic|J1:LEU881:hydrophobic|J1:LEU959:hydrogen_bond,5,45,5.849190283400809,55|75|46|46|51,1.77945|3.63978|5.74404|5.77649|4.34319,True
J1:ALA906|J1:ARG879|J1:LEU1010:hydrophobic|J1:LEU881|J1:LEU959:hydrogen_bond,5,45,5.849190283400809,55|75|46|46|51,1.77945|3.53182|5.74404|5.77649|4.34319,True
J1:ALA906:hydrophobic|J1:ARG879|J1:LEU1010:hydrophobic|J1:LEU881:hydrophobic|J1:LEU959:hydrogen_bond,5,45,5.849190283400809,55|75|46|46|51,1.77945|3.63978|5.74404|5.77649|4.34319,True
J1:ALA906:hydrophobic|J1:ARG879|J1:LEU1010:hydrophobic|J1:LEU881|J1:LEU959:hydrogen_bond,5,45,5.849190283400809,55|75|46|46|51,1.77945|3.53182|5.74404|5.77649|4.34319,True
J1:ALA906|J1:ARG879|J1:LEU1010|J1:LEU881:hydrophobic|J1:LEU959:hydrogen_bond,5,45,5.849190283400809,55|75|46|46|51,1.77945|3.63978|5.74404|5.77649|4.34319,True
J1:ALA906:hydrophobic|J1:ARG879:hydrogen_bond|J1:LEU1010|J1:LEU881:hydrophobic|J1:LEU959,5,43,5.757576459684893,53|75|44|43|49,1.8264|3.30103|5.65309|5.58923|4.39161,True
J1:ALA906:hydrophobic|J1:ARG879:hydrogen_bond|J1:LEU1010|J1:LEU881|J1:LEU959,5,43,5.757576459684893,53|75|44|43|49,1.8264|3.19965|5.65309|5.58923|4.39161,True
J1:ALA906|J1:ARG879:hydrogen_bond|J1:LEU1010|J1:LEU881:hydrophobic|J1:LEU959,5,43,5.757576459684893,53|75|44|43|49,1.8264|3.30103|5.65309|5.58923|4.39161,True
J1:ALA906|J1:ARG879:hydrogen_bond|J1:LEU1010|J1:LEU881|J1:LEU959,5,43,5.757576459684893,53|75|44|43|49,1.8264|3.19965|5.65309|5.58923|4.39161,True
J1:ALA906:hydrophobic|J1:ARG879:hydrogen_bond|J1:LEU1010:hydrophobic|J1:LEU881:hydrophobic|J1:LEU959,5,43,5.757576459684893,53|75|44|43|49,1.8264|3.30103|5.65309|5.58923|4.39161,True
J1:ALA906:hydrophobic|J1:ARG879:hydrogen_bond|J1:LEU1010:hydrophobic|J1:LEU881|J1:LEU959,5,43,5.757576459684893,53|75|44|43|49,1.8264|3.19965|5.65309|5.58923|4.39161,True
J1:ALA906|J1:ARG879:hydrogen_bond|J1:LEU1010:hydrophobic|J1:LEU881:hydrophobic|J1:LEU959,5,43,5.757576459684893,53|75|44|43|49,1.8264|3.30103|5.65309|5.58923|4.39161,True
J1:ALA906|J1:ARG879:hydrogen_bond|J1:LEU1010:hydrophobic|J1:LEU881|J1:LEU959,5,43,5.757576459684893,53|75|44|43|49,1.8264|3.19965|5.65309|5.58923|4.39161,True
J1:ALA906:hydrophobic|J1:LEU881|J1:LEU959:hydrogen_bond|J2:ARG980:hydrogen_bond|J2:VAL863,5,34,4.8443293885601575,45|35|44|71|37,1.6867|4.77265|2.42676|3.50691|4.64631,True
J1:ALA906|J1:LEU881|J1:LEU959:hydrogen_bond|J2:ARG980:hydrogen_bond|J2:VAL863,5,34,4.8443293885601575,45|35|44|71|37,1.6867|4.77265|2.42676|3.50691|4.64631,True
J1:ALA906:hydrophobic|J1:LEU1010|J1:LEU959:hydrogen_bond|J2:ASN859|J2:LEU855:hydrophobic,5,20,4.6306089743589745,25|20|29|68|23,1.22395|4.49029|1.81572|3.40412|4.33237,True
J1:ALA906|J1:LEU1010:hydrophobic|J1:LEU959:hydrogen_bond|J2:ASN859|J2:LEU855,5,20,4.6306089743589745,25|20|29|68|23,1.21591|4.49029|1.8005|3.38128|4.33237,True
J1:ALA906:hydrophobic|J1:LEU1010:hydrophobic|J1:LEU959:hydrogen_bond|J2:ASN859|J2:LEU855:hydrophobic,5,20,4.6306089743589745,25|20|29|68|23,1.22395|4.49029|1.81572|3.40412|4.33237,True
J1:ALA906:hydrophobic|J1:LEU1010|J1:LEU959:hydrogen_bond|J2:ASN859|J2:LEU855,5,20,4.6306089743589745,25|20|29|68|23,1.21591|4.49029|1.8005|3.38128|4.33237,True
J1:ALA906|J1:LEU1010|J1:LEU959:hydrogen_bond|J2:ASN859|J2:LEU855,5,20,4.6306089743589745,25|20|29|68|23,1.21591|4.49029|1.8005|3.38128|4.33237,True
J1:ALA906|J1:LEU1010:hydrophobic|J1:LEU959:hydrogen_bond|J2:ASN859|J2:LEU855:hydrophobic,5,20,4.6306089743589745,25|20|29|68|23,1.22395|4.49029|1.81572|3.40412|4.33237,True
J1:ALA906:hydrophobic|J1:LEU1010:hydrophobic|J1:LEU959:hydrogen_bond|J2:ASN859|J2:LEU855,5,20,4.6306089743589745,25|20|29|68|23,1.21591|4.49029|1.8005|3.38128|4.33237,True
J1:ALA906|J1:LEU1010|J1:LEU959:hydrogen_bond|J2:ASN859|J2:LEU855:hydrophobic,5,20,4.6306089743589745,25|20|29|68|23,1.22395|4.49029|1.81572|3.40412|4.33237,True
J1:ALA906|J1:ARG879|J1:LEU881|J1:LEU959|J2:VAL863,5,40,5.556730769230769,52|71|42|45|46,1.50888|3.1881|5.69226|3.90708|5.68021,True
J1:ALA906:hydrophobic|J1:ARG879|J1:LEU881|J1:LEU959|J2:VAL863,5,40,5.556730769230769,52|71|42|45|46,1.50888|3.1881|5.69226|3.90708|5.68021,True
J1:ALA906|J1:ARG879|J1:LEU881:hydrophobic|J1:LEU959|J2:VAL863,5,40,5.556730769230769,51|71|42|45|46,1.48373|3.30149|5.69226|3.90708|5.68021,True
J1:ALA906:hydrophobic|J1:ARG879|J1:LEU881:hydrophobic|J1:LEU959|J2:VAL863,5,40,5.556730769230769,51|71|42|45|46,1.48373|3.30149|5.69226|3.90708|5.68021,True
J1:ALA906:hydrophobic|J1:ARG879|J1:LEU959:hydrogen_bond|J2:LEU855:hydrophobic|J2:VAL863:hydrophobic,5,36,5.51840848806366,47|65|41|42|42,1.47552|3.42358|3.89446|5.83457|5.52385,True
J1:ALA906|J1:ARG879|J1:LEU959:hydrogen_bond|J2:LEU855|J2:VAL863:hydrophobic,5,36,5.51840848806366,47|65|41|42|42,1.4469|3.40743|3.87789|5.83457|5.52385,True
J1:ALA906:hydrophobic|J1:ARG879|J1:LEU959:hydrogen_bond|J2:LEU855|J2:VAL863:hydrophobic,5,36,5.51840848806366,47|65|41|42|42,1.4469|3.40743|3.87789|5.83457|5.52385,True
J1:ALA906|J1:ARG879|J1:LEU959:hydrogen_bond|J2:LEU855:hydrophobic|J2:VAL863:hydrophobic,5,36,5.51840848806366,47|65|41|42|42,1.47552|3.42358|3.89446|5.83457|5.52385,True
J1:ALA906|J1:ARG879:hydrogen_bond|J1:LEU959|J2:LEU855:hydrophobic|J2:VAL863:hydrophobic,5,35,5.517321331151118,46|65|40|40|40,1.55386|3.11369|4.00485|5.73598|5.4212,True
J1:ALA906:hydrophobic|J1:ARG879:hydrogen_bond|J1:LEU959:hydrogen_bond|J2:LEU855|J2:VAL863,5,35,5.517321331151118,46|65|40|40|40,1.52831|3.37558|3.95145|5.73598|5.48813,True
J1:ALA906|J1:ARG879:hydrogen_bond|J1:LEU959:hydrogen_bond|J2:LEU855|J2:VAL863,5,35,5.517321331151118,46|65|40|40|40,1.52831|3.37558|3.95145|5.73598|5.48813,True
J1:ALA906|J1:ARG879:hydrogen_bond|J1:LEU959|J2:LEU855|J2:VAL863:hydrophobic,5,35,5.517321331151118,46|65|40|40|40,1.52149|3.09368|3.98689|5.73598|5.4212,True
J1:ALA906:hydrophobic|J1:ARG879:hydrogen_bond|J1:LEU959:hydrogen_bond|J2:LEU855:hydrophobic|J2:VAL863,5,35,5.517321331151118,46|65|40|40|40,1.56097|3.39143|3.96909|5.73598|5.48813,True
J1:ALA906|J1:ARG879:hydrogen_bond|J1:LEU959:hydrogen_bond|J2:LEU855:hydrophobic|J2:VAL863,5,35,5.517321331151118,46|65|40|40|40,1.56097|3.39143|3.96909|5.73598|5.48813,True
J1:ALA906:hydrophobic|J1:ARG879:hydrogen_bond|J1:LEU959|J2:LEU855|J2:VAL863:hydrophobic,5,35,5.517321331151118,46|65|40|40|40,1.52149|3.09368|3.98689|5.73598|5.4212,True
J1:ALA906:hydrophobic|J1:ARG879:hydrogen_bond|J1:LEU959|J2:LEU855:hydrophobic|J2:VAL863:hydrophobic,5,35,5.517321331151118,46|65|40|40|40,1.55386|3.11369|4.00485|5.73598|5.4212,True
J1:ALA906|J1:ARG879|J1:LEU1010|J1:LEU881|J1:LEU959,5,45,5.78156958648288,55|75|46|46|51,1.75897|3.19965|5.68021|5.71195|4.34319,True
J1:ALA906:hydrophobic|J1:ARG879|J1:LEU1010|J1:LEU881:hydrophobic|J1:LEU959,5,45,5.78156958648288,55|75|46|46|51,1.75897|3.30103|5.68021|5.71195|4.34319,True
J1:ALA906:hydrophobic|J1:ARG879|J1:LEU1010|J1:LEU881|J1:LEU959,5,45,5.78156958648288,55|75|46|46|51,1.75897|3.19965|5.68021|5.71195|4.34319,True
J1:ALA906|J1:ARG879|J1:LEU1010:hydrophobic|J1:LEU881:hydrophobic|J1:LEU959,5,45,5.78156958648288,55|75|46|46|51,1.75897|3.30103|5.68021|5.71195|4.34319,True
J1:ALA906|J1:ARG879|J1:LEU1010:hydrophobic|J1:LEU881|J1:LEU959,5,45,5.78156958648288,55|75|46|46|51,1.75897|3.19965|5.68021|5.71195|4.34319,True
J1:ALA906:hydrophobic|J1:ARG879|J1:LEU1010:hydrophobic|J1:LEU881|J1:LEU959,5,45,5.78156958648288,55|75|46|46|51,1.75897|3.19965|5.68021|5.71195|4.34319,True
J1:ALA906:hydrophobic|J1:ARG879|J1:LEU1010:hydrophobic|J1:LEU881:hydrophobic|J1:LEU959,5,45,5.78156958648288,55|75|46|46|51,1.75897|3.30103|5.68021|5.71195|4.34319,True
J1:ALA906|J1:ARG879|J1:LEU1010|J1:LEU881:hydrophobic|J1:LEU959,5,45,5.78156958648288,55|75|46|46|51,1.75897|3.30103|5.68021|5.71195|4.34319,True
J1:ALA906:hydrophobic|J1:LEU1010:hydrophobic|J1:LEU959:hydrogen_bond|J2:ARG980:hydrogen_bond|J2:VAL863:hydrophobic,5,32,4.710341314314824,39|35|42|69|35,1.54795|4.80211|2.34555|3.27006|4.42013,True
J1:ALA906|J1:LEU1010:hydrophobic|J1:LEU959:hydrogen_bond|J2:ARG980:hydrogen_bond|J2:VAL863:hydrophobic,5,32,4.710341314314824,39|35|42|69|35,1.54795|4.80211|2.34555|3.27006|4.42013,True
J1:ALA906|J1:LEU1010|J1:LEU959:hydrogen_bond|J2:ARG980:hydrogen_bond|J2:VAL863:hydrophobic,5,32,4.710341314314824,39|35|42|69|35,1.54795|4.80211|2.34555|3.27006|4.42013,True
J1:ALA906:hydrophobic|J1:LEU1010|J1:LEU959:hydrogen_bond|J2:ARG980:hydrogen_bond|J2:VAL863:hydrophobic,5,32,4.710341314314824,39|35|42|69|35,1.54795|4.80211|2.34555|3.27006|4.42013,True
J1:ALA906:hydrophobic|J1:LEU881:hydrophobic|J1:LEU959:hydrogen_bond|J2:ASN859:hydrogen_bond|J2:LEU983:hydrophobic,5,19,5.2137226970560295,23|19|27|63|23,1.25607|4.39908|2.10571|3.16809|5.49698,True
J1:ALA906:hydrophobic|J1:LEU881:hydrophobic|J1:LEU959:hydrogen_bond|J2:ASN859:hydrogen_bond|J2:LEU983,5,19,5.2137226970560295,23|19|27|63|23,1.25607|4.39908|2.10571|3.16809|5.49698,True
J1:ALA906|J1:LEU881:hydrophobic|J1:LEU959:hydrogen_bond|J2:ASN859:hydrogen_bond|J2:LEU983,5,19,5.2137226970560295,23|19|27|63|23,1.25607|4.39908|2.10571|3.16809|5.49698,True
J1:ALA906|J1:LEU881:hydrophobic|J1:LEU959:hydrogen_bond|J2:ASN859:hydrogen_bond|J2:LEU983:hydrophobic,5,19,5.2137226970560295,23|19|27|63|23,1.25607|4.39908|2.10571|3.16809|5.49698,True
J1:ALA906:hydrophobic|J1:ARG1007|J1:LEU881:hydrophobic|J1:LEU959|J2:TYR931,5,26,4.776033057851239,34|47|27|32|53,2.05357|5.67753|4.76291|2.18178|3.39489,False
J1:ALA906|J1:ARG1007|J1:LEU881|J1:LEU959|J2:TYR931,5,26,4.776033057851239,34|47|27|32|53,2.03149|5.58645|4.76291|2.14235|3.2998,False
J1:ALA906|J1:ARG1007|J1:LEU881:hydrophobic|J1:LEU959|J2:TYR931,5,26,4.776033057851239,34|47|27|32|53,2.05357|5.67753|4.76291|2.18178|3.39489,False
J1:ALA906:hydrophobic|J1:ARG1007|J1:LEU881|J1:LEU959|J2:TYR931,5,26,4.776033057851239,34|47|27|32|53,2.03149|5.58645|4.76291|2.14235|3.2998,False
J1:ALA906:hydrophobic|J1:LEU881:hydrophobic|J1:LEU959|J2:ARG980:hydrogen_bond|J2:VAL863:hydrophobic,5,34,4.693884376493072,45|35|44|71|37,1.65324|4.39515|2.58726|3.32234|4.51866,True
J1:ALA906|J1:LEU881:hydrophobic|J1:LEU959|J2:ARG980:hydrogen_bond|J2:VAL863:hydrophobic,5,34,4.693884376493072,45|35|44|71|37,1.65324|4.39515|2.58726|3.32234|4.51866,True
J1:ALA906|J1:LEU1010|J1:LEU959|J2:ASN859:hydrogen_bond|J2:LEU855:hydrophobic,5,20,4.779983457402812,25|20|29|68|23,1.38227|4.67935|2.12033|3.08455|4.48438,True
J1:ALA906:hydrophobic|J1:LEU881|J1:LEU959:hydrogen_bond|J2:ASN859|J2:LEU855:hydrophobic,5,20,4.729132569558101,25|20|29|71|23,1.17727|4.49029|1.82085|3.61124|4.60558,True
J1:ALA906:hydrophobic|J1:LEU1010:hydrophobic|J1:LEU959|J2:ASN859:hydrogen_bond|J2:LEU855:hydrophobic,5,20,4.779983457402812,25|20|29|68|23,1.38227|4.67935|2.12033|3.08455|4.48438,True
J1:ALA906|J1:LEU1010:hydrophobic|J1:LEU959|J2:ASN859:hydrogen_bond|J2:LEU855:hydrophobic,5,20,4.779983457402812,25|20|29|68|23,1.38227|4.67935|2.12033|3.08455|4.48438,True
J1:ALA906:hydrophobic|J1:LEU881|J1:LEU959|J2:ASN859:hydrogen_bond|J2:LEU855,5,20,4.939316239316239,25|20|29|71|23,1.28926|4.67935|2.13437|3.24714|4.77775,True
J1:ALA906:hydrophobic|J1:LEU1010|J1:LEU959|J2:ASN859:hydrogen_bond|J2:LEU855:hydrophobic,5,20,4.779983457402812,25|20|29|68|23,1.38227|4.67935|2.12033|3.08455|4.48438,True
J1:ALA906|J1:LEU881|J1:LEU959|J2:ASN859:hydrogen_bond|J2:LEU855:hydrophobic,5,20,4.939316239316239,25|20|29|71|23,1.30134|4.67935|2.1486|3.27409|4.77775,True
J1:ALA906|J1:LEU881|J1:LEU959:hydrogen_bond|J2:ASN859|J2:LEU855,5,20,4.729132569558101,25|20|29|71|23,1.16984|4.49029|1.80555|3.58662|4.60558,True
J1:ALA906|J1:LEU1010|J1:LEU959|J2:ASN859:hydrogen_bond|J2:LEU855,5,20,4.779983457402812,25|20|29|68|23,1.36865|4.67935|2.10647|3.05958|4.48438,True
J1:ALA906:hydrophobic|J1:LEU881|J1:LEU959:hydrogen_bond|J2:ASN859|J2:LEU855,5,20,4.729132569558101,25|20|29|71|23,1.16984|4.49029|1.80555|3.58662|4.60558,True
J1:ALA906:hydrophobic|J1:LEU881|J1:LEU959|J2:ASN859:hydrogen_bond|J2:LEU855:hydrophobic,5,20,4.939316239316239,25|20|29|71|23,1.30134|4.67935|2.1486|3.27409|4.77775,True
J1:ALA906:hydrophobic|J1:LEU1010:hydrophobic|J1:LEU959|J2:ASN859:hydrogen_bond|J2:LEU855,5,20,4.779983457402812,25|20|29|68|23,1.36865|4.67935|2.10647|3.05958|4.48438,True
J1:ALA906|J1:LEU1010:hydrophobic|J1:LEU959|J2:ASN859:hydrogen_bond|J2:LEU855,5,20,4.779983457402812,25|20|29|68|23,1.36865|4.67935|2.10647|3.05958|4.48438,True
J1:ALA906:hydrophobic|J1:LEU1010|J1:LEU959|J2:ASN859:hydrogen_bond|J2:LEU855,5,20,4.779983457402812,25|20|29|68|23,1.36865|4.67935|2.10647|3.05958|4.48438,True
J1:ALA906|J1:LEU881|J1:LEU959:hydrogen_bond|J2:ASN859|J2:LEU855:hydrophobic,5,20,4.729132569558101,25|20|29|71|23,1.17727|4.49029|1.82085|3.61124|4.60558,True
J1:ALA906|J1:LEU881|J1:LEU959|J2:ASN859:hydrogen_bond|J2:LEU855,5,20,4.939316239316239,25|20|29|71|23,1.28926|4.67935|2.13437|3.24714|4.77775,True
J1:ALA906|J1:LEU1010:hydrophobic|J1:LEU881|J1:LEU959|J2:ASN859:hydrogen_bond,5,23,4.8687545787545785,28|23|23|32|75,1.42742|4.77775|4.48438|2.21577|3.19965,True
J1:ALA906:hydrophobic|J1:LEU1010:hydrophobic|J1:LEU881|J1:LEU959|J2:ASN859:hydrogen_bond,5,23,4.8687545787545785,28|23|23|32|75,1.42742|4.77775|4.48438|2.21577|3.19965,True
J1:ALA906:hydrophobic|J1:LEU1010|J1:LEU881|J1:LEU959|J2:ASN859:hydrogen_bond,5,23,4.8687545787545785,28|23|23|32|75,1.42742|4.77775|4.48438|2.21577|3.19965,True
J1:ALA906|J1:LEU1010|J1:LEU881|J1:LEU959|J2:ASN859:hydrogen_bond,5,23,4.8687545787545785,28|23|23|32|75,1.42742|4.77775|4.48438|2.21577|3.19965,True
J1:ALA906|J1:LEU881|J1:LEU959:hydrogen_bond|J2:ARG980:hydrogen_bond|J2:LEU855:hydrophobic,5,34,4.907242757242757,46|35|44|71|37,1.80643|4.83194|2.40291|3.61124|4.64631,True
J1:ALA906:hydrophobic|J1:LEU881|J1:LEU959:hydrogen_bond|J2:ARG980:hydrogen_bond|J2:LEU855:hydrophobic,5,34,4.907242757242757,46|35|44|71|37,1.80643|4.83194|2.40291|3.61124|4.64631,True
J1:ALA906|J1:ARG879|J1:LEU959:hydrogen_bond|J2:LEU855|J2:VAL863,5,36,5.443328100470957,47|65|41|42|42,1.43695|3.37558|3.84516|5.76254|5.52385,True
J1:ALA906|J1:ARG879|J1:LEU959|J2:LEU855:hydrophobic|J2:VAL863:hydrophobic,5,36,5.443328100470957,47|65|41|42|42,1.45699|3.11369|3.89446|5.76254|5.45924,True
J1:ALA906:hydrophobic|J1:ARG879|J1:LEU959|J2:LEU855:hydrophobic|J2:VAL863:hydrophobic,5,36,5.443328100470957,47|65|41|42|42,1.45699|3.11369|3.89446|5.76254|5.45924,True
J1:ALA906:hydrophobic|J1:ARG879|J1:LEU959:hydrogen_bond|J2:LEU855|J2:VAL863,5,36,5.443328100470957,47|65|41|42|42,1.43695|3.37558|3.84516|5.76254|5.52385,True
J1:ALA906:hydrophobic|J1:ARG879|J1:LEU959|J2:LEU855|J2:VAL863:hydrophobic,5,36,5.443328100470957,47|65|41|42|42,1.42909|3.09368|3.87789|5.76254|5.45924,True
J1:ALA906|J1:ARG879|J1:LEU959:hydrogen_bond|J2:LEU855:hydrophobic|J2:VAL863,5,36,5.443328100470957,47|65|41|42|42,1.46517|3.39143|3.86146|5.76254|5.52385,True
J1:ALA906:hydrophobic|J1:LEU1010:hydrophobic|J1:LEU959:hydrogen_bond|J2:ARG980:hydrogen_bond|J2:VAL863,5,32,4.679352226720647,39|35|42|69|35,1.53425|4.77265|2.33968|3.24927|4.42013,True
J1:ALA906|J1:LEU1010:hydrophobic|J1:LEU959:hydrogen_bond|J2:ARG980:hydrogen_bond|J2:VAL863,5,32,4.679352226720647,39|35|42|69|35,1.53425|4.77265|2.33968|3.24927|4.42013,True
J1:ALA906:hydrophobic|J1:ARG879|J1:LEU959:hydrogen_bond|J2:LEU855:hydrophobic|J2:VAL863,5,36,5.443328100470957,47|65|41|42|42,1.46517|3.39143|3.86146|5.76254|5.52385,True
J1:ALA906|J1:ARG879|J1:LEU959|J2:LEU855|J2:VAL863:hydrophobic,5,36,5.443328100470957,47|65|41|42|42,1.42909|3.09368|3.87789|5.76254|5.45924,True
J1:ALA906|J1:LEU1010|J1:LEU959:hydrogen_bond|J2:ARG980:hydrogen_bond|J2:VAL863,5,32,4.679352226720647,39|35|42|69|35,1.53425|4.77265|2.33968|3.24927|4.42013,True
J1:ALA906:hydrophobic|J1:LEU1010|J1:LEU959:hydrogen_bond|J2:ARG980:hydrogen_bond|J2:VAL863,5,32,4.679352226720647,39|35|42|69|35,1.53425|4.77265|2.33968|3.24927|4.42013,True
J1:ALA906|J1:LEU881:hydrophobic|J1:LEU959|J2:ARG980:hydrogen_bond|J2:VAL863,5,34,4.664909781576448,45|35|44|71|37,1.63969|4.37046|2.58043|3.30149|4.51866,True
J1:ALA906:hydrophobic|J1:LEU881:hydrophobic|J1:LEU959|J2:ARG980:hydrogen_bond|J2:VAL863,5,34,4.664909781576448,45|35|44|71|37,1.63969|4.37046|2.58043|3.30149|4.51866,True
J1:ALA906:hydrophobic|J1:ASP1021|J1:LEU881:hydrophobic|J1:LEU959|J2:TYR931,5,20,4.939316239316239,28|47|21|24|32,2.04722|5.67753|4.7148|2.04385|2.91501,False
J1:ALA906|J1:ASP1021|J1:LEU881:hydrophobic|J1:LEU959|J2:TYR931,5,20,4.939316239316239,28|47|21|24|32,2.04722|5.67753|4.7148|2.04385|2.91501,False
J1:ALA906:hydrophobic|J1:ASP1021|J1:LEU881|J1:LEU959|J2:TYR931,5,20,4.831939799331103,28|47|21|24|32,1.99472|5.58645|4.7148|1.9612|2.74618,False
J1:ALA906|J1:ASP1021|J1:LEU881|J1:LEU959|J2:TYR931,5,20,4.831939799331103,28|47|21|24|32,1.99472|5.58645|4.7148|1.9612|2.74618,False
J1:ALA906:hydrophobic|J1:ARG879:hydrogen_bond|J1:LEU959|J2:LEU855:hydrophobic|J2:VAL863,5,35,5.440155997848305,46|65|40|40|40,1.54214|3.08707|3.96909|5.66291|5.4212,True
J1:ALA906|J1:ARG879:hydrogen_bond|J1:LEU959|J2:LEU855:hydrophobic|J2:VAL863,5,35,5.440155997848305,46|65|40|40|40,1.54214|3.08707|3.96909|5.66291|5.4212,True
J1:ALA906|J1:ARG879:hydrogen_bond|J1:LEU959|J2:LEU855|J2:VAL863,5,35,5.440155997848305,46|65|40|40|40,1.51025|3.06741|3.95145|5.66291|5.4212,True
J1:ALA906:hydrophobic|J1:ARG879:hydrogen_bond|J1:LEU959|J2:LEU855|J2:VAL863,5,35,5.440155997848305,46|65|40|40|40,1.51025|3.06741|3.95145|5.66291|5.4212,True
J1:ALA906|J1:LEU881:hydrophobic|J1:LEU959:hydrogen_bond|J1:VAL889|J2:ARG980,5,35,5.256366943866944,42|36|39|45|59,1.302|4.65215|1.84045|4.8554|3.62262,True
J1:ALA906:hydrophobic|J1:ARG879:hydrogen_bond|J1:LEU881|J1:LEU959:hydrogen_bond|J2:LEU855:hydrophobic,5,39,5.486392405063291,50|71|40|45|44,1.58086|3.61124|5.48813|4.01691|5.71921,True
J1:ALA906|J1:LEU881:hydrophobic|J1:LEU959:hydrogen_bond|J1:VAL889:hydrophobic|J2:ARG980,5,35,5.256366943866944,42|36|39|45|58,1.302|4.65215|1.84045|4.8554|3.57108,True
J1:ALA906|J1:ARG879:hydrogen_bond|J1:LEU881|J1:LEU959:hydrogen_bond|J2:LEU855,5,39,5.486392405063291,50|71|40|45|44,1.54784|3.58662|5.48813|4.00085|5.71921,True
J1:ALA906:hydrophobic|J1:LEU881:hydrophobic|J1:LEU959:hydrogen_bond|J1:VAL889|J2:ARG980,5,35,5.256366943866944,42|36|39|45|59,1.302|4.65215|1.84045|4.8554|3.62262,True
J1:ALA906:hydrophobic|J1:ARG879:hydrogen_bond|J1:LEU881:hydrophobic|J1:LEU959:hydrogen_bond|J2:LEU855,5,39,5.486392405063291,49|71|40|45|44,1.52112|3.66151|5.48813|4.00085|5.71921,True
J1:ALA906:hydrophobic|J1:LEU881:hydrophobic|J1:LEU959:hydrogen_bond|J1:VAL889:hydrophobic|J2:ARG980,5,35,5.256366943866944,42|36|39|45|58,1.302|4.65215|1.84045|4.8554|3.57108,True
J1:ALA906|J1:ARG879:hydrogen_bond|J1:LEU881:hydrophobic|J1:LEU959:hydrogen_bond|J2:LEU855,5,39,5.486392405063291,49|71|40|45|44,1.52112|3.66151|5.48813|4.00085|5.71921,True
J1:ALA906:hydrophobic|J1:ARG879:hydrogen_bond|J1:LEU881|J1:LEU959:hydrogen_bond|J2:LEU855,5,39,5.486392405063291,50|71|40|45|44,1.54784|3.58662|5.48813|4.00085|5.71921,True
J1:ALA906|J1:ARG879:hydrogen_bond|J1:LEU881|J1:LEU959:hydrogen_bond|J2:LEU855:hydrophobic,5,39,5.486392405063291,50|71|40|45|44,1.58086|3.61124|5.48813|4.01691|5.71921,True
J1:ALA906:hydrophobic|J1:ARG879:hydrogen_bond|J1:LEU881:hydrophobic|J1:LEU959:hydrogen_bond|J2:LEU855:hydrophobic,5,39,5.486392405063291,49|71|40|45|44,1.55367|3.68718|5.48813|4.01691|5.71921,True
J1:ALA906|J1:ARG879:hydrogen_bond|J1:LEU881:hydrophobic|J1:LEU959:hydrogen_bond|J2:LEU855:hydrophobic,5,39,5.486392405063291,49|71|40|45|44,1.55367|3.68718|5.48813|4.01691|5.71921,True
J1:ALA906|J1:LEU881|J1:LEU959:hydrogen_bond|J2:ARG980:hydrogen_bond|J2:LEU855,5,34,4.875583126550868,46|35|44|71|37,1.79061|4.80211|2.38533|3.58662|4.64631,True
J1:ALA906:hydrophobic|J1:LEU881|J1:LEU959:hydrogen_bond|J2:ARG980:hydrogen_bond|J2:LEU855,5,34,4.875583126550868,46|35|44|71|37,1.79061|4.80211|2.38533|3.58662|4.64631,True
J1:ALA906:hydrophobic|J1:LEU881|J1:LEU959|J1:VAL889|J2:ARG980:hydrogen_bond,5,29,4.883187645687645,35|30|31|37|59,1.43797|4.69583|2.13323|4.28331|3.25407,True
J1:ALA906:hydrophobic|J1:LEU881|J1:LEU959|J1:VAL889:hydrophobic|J2:ARG980:hydrogen_bond,5,29,4.883187645687645,35|30|31|37|58,1.43797|4.69583|2.13323|4.28331|3.20687,True
J1:ALA906|J1:LEU881|J1:LEU959|J1:VAL889|J2:ARG980:hydrogen_bond,5,29,4.883187645687645,35|30|31|37|59,1.43797|4.69583|2.13323|4.28331|3.25407,True
J1:ALA906|J1:LEU881|J1:LEU959|J1:VAL889:hydrophobic|J2:ARG980:hydrogen_bond,5,29,4.883187645687645,35|30|31|37|58,1.43797|4.69583|2.13323|4.28331|3.20687,True
J1:ALA906|J1:ARG1007:hydrophobic|J1:LEU881|J1:LEU959:hydrogen_bond|J2:LEU855:hydrophobic,5,31,5.556730769230769,35|71|32|34|35,2.16095|3.61124|5.47124|3.05958|5.44016,True
J1:ALA906:hydrophobic|J1:ARG1007:hydrophobic|J1:LEU881|J1:LEU959:hydrogen_bond|J2:LEU855:hydrophobic,5,31,5.556730769230769,35|71|32|34|35,2.16095|3.61124|5.47124|3.05958|5.44016,True
J1:ALA906|J1:ARG1007:hydrophobic|J1:LEU881:hydrophobic|J1:LEU959:hydrogen_bond|J2:LEU855:hydrophobic,5,31,5.556730769230769,35|71|32|34|35,2.19139|3.68718|5.47124|3.13575|5.47847,True
J1:ALA906:hydrophobic|J1:ARG1007:hydrophobic|J1:LEU881:hydrophobic|J1:LEU959:hydrogen_bond|J2:LEU855:hydrophobic,5,31,5.556730769230769,35|71|32|34|35,2.19139|3.68718|5.47124|3.13575|5.47847,True
J1:ALA906:hydrophobic|J1:LEU1010:hydrophobic|J1:LEU881|J1:LEU959:hydrogen_bond|J2:ASN859,5,23,4.733511396011396,28|23|23|32|75,1.27532|4.60558|4.33237|1.90177|3.53182,True
J1:ALA906|J1:LEU1010|J1:LEU881|J1:LEU959:hydrogen_bond|J2:ASN859,5,23,4.733511396011396,28|23|23|32|75,1.27532|4.60558|4.33237|1.90177|3.53182,True
J1:ALA906:hydrophobic|J1:LEU1010|J1:LEU881|J1:LEU959:hydrogen_bond|J2:ASN859,5,23,4.733511396011396,28|23|23|32|75,1.27532|4.60558|4.33237|1.90177|3.53182,True
J1:ALA906|J1:LEU1010:hydrophobic|J1:LEU881|J1:LEU959:hydrogen_bond|J2:ASN859,5,23,4.733511396011396,28|23|23|32|75,1.27532|4.60558|4.33237|1.90177|3.53182,True
J1:ALA906:hydrophobic|J1:LEU1010:hydrophobic|J1:LEU881:hydrophobic|J1:LEU959:hydrogen_bond|J2:ARG980:hydrogen_bond,5,35,4.862139423076923,44|37|35|45|75,1.73095|4.92453|4.42013|2.5068|3.63978,True
J1:ALA906|J1:LEU1010:hydrophobic|J1:LEU881:hydrophobic|J1:LEU959:hydrogen_bond|J2:ARG980:hydrogen_bond,5,35,4.862139423076923,44|37|35|45|75,1.73095|4.92453|4.42013|2.5068|3.63978,True
J1:ALA906|J1:LEU1010|J1:LEU881:hydrophobic|J1:LEU959:hydrogen_bond|J2:ARG980:hydrogen_bond,5,35,4.862139423076923,44|37|35|45|75,1.73095|4.92453|4.42013|2.5068|3.63978,True
J1:ALA906:hydrophobic|J1:LEU1010|J1:LEU881:hydrophobic|J1:LEU959:hydrogen_bond|J2:ARG980:hydrogen_bond,5,35,4.862139423076923,44|37|35|45|75,1.73095|4.92453|4.42013|2.5068|3.63978,True
J1:ALA906:hydrophobic|J1:ARG879|J1:LEU881:hydrophobic|J1:LEU959:hydrogen_bond|J2:LEU855:hydrophobic,5,41,5.523053613053612,51|71|42|47|46,1.47986|3.68718|5.52385|3.98727|5.74404,True
J1:ALA906|J1:ARG879|J1:LEU881|J1:LEU959:hydrogen_bond|J2:LEU855:hydrophobic,5,41,5.523053613053612,52|71|42|47|46,1.50495|3.61124|5.52385|3.98727|5.74404,True
J1:ALA906:hydrophobic|J1:ARG879|J1:LEU881|J1:LEU959:hydrogen_bond|J2:LEU855,5,41,5.523053613053612,52|71|42|47|46,1.47612|3.58662|5.52385|3.97211|5.74404,True
J1:ALA906|J1:ARG879|J1:LEU881:hydrophobic|J1:LEU959:hydrogen_bond|J2:LEU855,5,41,5.523053613053612,51|71|42|47|46,1.45144|3.66151|5.52385|3.97211|5.74404,True
J1:ALA906:hydrophobic|J1:ARG879|J1:LEU881:hydrophobic|J1:LEU959:hydrogen_bond|J2:LEU855,5,41,5.523053613053612,51|71|42|47|46,1.45144|3.66151|5.52385|3.97211|5.74404,True
J1:ALA906:hydrophobic|J1:ARG879|J1:LEU881|J1:LEU959:hydrogen_bond|J2:LEU855:hydrophobic,5,41,5.523053613053612,52|71|42|47|46,1.50495|3.61124|5.52385|3.98727|5.74404,True
J1:ALA906|J1:ARG879|J1:LEU881|J1:LEU959:hydrogen_bond|J2:LEU855,5,41,5.523053613053612,52|71|42|47|46,1.47612|3.58662|5.52385|3.97211|5.74404,True
J1:ALA906|J1:ARG879|J1:LEU881:hydrophobic|J1:LEU959:hydrogen_bond|J2:LEU855:hydrophobic,5,41,5.523053613053612,51|71|42|47|46,1.47986|3.68718|5.52385|3.98727|5.74404,True
J1:ALA906|J1:ARG879|J1:LEU959|J2:LEU855|J2:VAL863,5,36,5.370263293753227,47|65|41|42|42,1.41938|3.06741|3.84516|5.69226|5.45924,True
J1:ALA906|J1:ARG879:hydrogen_bond|J1:LEU1010:hydrophobic|J1:LEU959:hydrogen_bond|J2:LEU855,5,38,5.484565434565434,47|68|40|44|43,1.69864|3.38128|5.48813|4.2337|5.65537,True
J1:ALA906:hydrophobic|J1:ARG879:hydrogen_bond|J1:LEU1010:hydrophobic|J1:LEU959:hydrogen_bond|J2:LEU855:hydrophobic,5,38,5.484565434565434,47|68|40|44|43,1.72103|3.40412|5.48813|4.25211|5.65537,True
J1:ALA906|J1:ARG879:hydrogen_bond|J1:LEU1010|J1:LEU959:hydrogen_bond|J2:LEU855,5,38,5.484565434565434,47|68|40|44|43,1.69864|3.38128|5.48813|4.2337|5.65537,True
J1:ALA906:hydrophobic|J1:ARG879:hydrogen_bond|J1:LEU1010|J1:LEU959:hydrogen_bond|J2:LEU855,5,38,5.484565434565434,47|68|40|44|43,1.69864|3.38128|5.48813|4.2337|5.65537,True
J1:ALA906|J1:ARG879|J1:LEU959|J2:LEU855:hydrophobic|J2:VAL863,5,36,5.370263293753227,47|65|41|42|42,1.4469|3.08707|3.86146|5.69226|5.45924,True
J1:ALA906:hydrophobic|J1:ARG879|J1:LEU959|J2:LEU855:hydrophobic|J2:VAL863,5,36,5.370263293753227,47|65|41|42|42,1.4469|3.08707|3.86146|5.69226|5.45924,True
J1:ALA906|J1:ARG879:hydrogen_bond|J1:LEU1010:hydrophobic|J1:LEU959:hydrogen_bond|J2:LEU855:hydrophobic,5,38,5.484565434565434,47|68|40|44|43,1.72103|3.40412|5.48813|4.25211|5.65537,True
J1:ALA906:hydrophobic|J1:LEU959|J2:ARG980:hydrogen_bond|J2:LEU855:hydrophobic|J2:VAL863:hydrophobic,5,32,4.648768225238813,42|42|65|35|35,1.64065|2.47621|3.11369|4.39515|4.44538,True
J1:ALA906:hydrophobic|J1:ARG879:hydrogen_bond|J1:LEU1010:hydrophobic|J1:LEU959:hydrogen_bond|J2:LEU855,5,38,5.484565434565434,47|68|40|44|43,1.69864|3.38128|5.48813|4.2337|5.65537,True
J1:ALA906:hydrophobic|J1:ARG879|J1:LEU959|J2:LEU855|J2:VAL863,5,36,5.370263293753227,47|65|41|42|42,1.41938|3.06741|3.84516|5.69226|5.45924,True
J1:ALA906|J1:LEU959|J2:ARG980:hydrogen_bond|J2:LEU855:hydrophobic|J2:VAL863:hydrophobic,5,32,4.648768225238813,42|42|65|35|35,1.64065|2.47621|3.11369|4.39515|4.44538,True
J1:ALA906:hydrophobic|J1:ARG879:hydrogen_bond|J1:LEU1010|J1:LEU959:hydrogen_bond|J2:LEU855:hydrophobic,5,38,5.484565434565434,47|68|40|44|43,1.72103|3.40412|5.48813|4.25211|5.65537,True
J1:ALA906|J1:ARG879:hydrogen_bond|J1:LEU1010|J1:LEU959:hydrogen_bond|J2:LEU855:hydrophobic,5,38,5.484565434565434,47|68|40|44|43,1.72103|3.40412|5.48813|4.25211|5.65537,True
J1:ALA906:hydrophobic|J1:ARG1007:hydrophobic|J1:LEU881|J1:LEU959:hydrogen_bond|J2:LEU855,5,31,5.512276923076922,35|71|32|34|35,2.11397|3.58662|5.42948|3.02286|5.44016,True
J1:ALA906|J1:ARG1007:hydrophobic|J1:LEU881:hydrophobic|J1:LEU959:hydrogen_bond|J2:LEU855,5,31,5.512276923076922,35|71|32|34|35,2.15496|3.66151|5.42948|3.09719|5.47847,True
J1:ALA906:hydrophobic|J1:ARG1007:hydrophobic|J1:LEU881:hydrophobic|J1:LEU959:hydrogen_bond|J2:LEU855,5,31,5.512276923076922,35|71|32|34|35,2.15496|3.66151|5.42948|3.09719|5.47847,True
J1:ALA906|J1:ARG1007:hydrophobic|J1:LEU881|J1:LEU959:hydrogen_bond|J2:LEU855,5,31,5.512276923076922,35|71|32|34|35,2.11397|3.58662|5.42948|3.02286|5.44016,True
J1:ARG1007|J1:ARG879:hydrogen_bond|J1:LEU1010:hydrophobic|J1:LEU881|J2:ARG980:hydrogen_bond,5,37,4.984219114219114,46|76|37|37|68,3.62567|2.02305|3.91617|4.75373|3.07201,True
J1:ALA906|J1:ARG879:hydrogen_bond|J1:LEU881:hydrophobic|J1:LEU959|J2:LEU855:hydrophobic,5,39,5.417812499999999,49|71|40|45|44,1.53397|3.35768|5.4212|4.01691|5.65309,True
J1:ARG1007|J1:ARG879:hydrogen_bond|J1:LEU1010|J1:LEU881:hydrophobic|J2:ARG980:hydrogen_bond,5,37,4.984219114219114,46|76|37|37|68,3.63857|2.09065|3.91617|4.75373|3.07201,True
J1:ALA906:hydrophobic|J1:ARG879:hydrogen_bond|J1:LEU881|J1:LEU959|J2:LEU855,5,39,5.417812499999999,50|71|40|45|44,1.52867|3.24714|5.4212|4.00085|5.65309,True
J1:ARG1007|J1:ARG879:hydrogen_bond|J1:LEU1010|J1:LEU881|J2:ARG980:hydrogen_bond,5,37,4.984219114219114,46|76|37|37|68,3.62567|2.02305|3.91617|4.75373|3.07201,True
J1:ALA906|J1:ARG879:hydrogen_bond|J1:LEU881|J1:LEU959|J2:LEU855,5,39,5.417812499999999,50|71|40|45|44,1.52867|3.24714|5.4212|4.00085|5.65309,True
J1:ALA906:hydrophobic|J1:ARG879:hydrogen_bond|J1:LEU881:hydrophobic|J1:LEU959|J2:LEU855,5,39,5.417812499999999,49|71|40|45|44,1.50223|3.32935|5.4212|4.00085|5.65309,True
J1:ARG1007|J1:ARG879:hydrogen_bond|J1:LEU1010:hydrophobic|J1:LEU881:hydrophobic|J2:ARG980:hydrogen_bond,5,37,4.984219114219114,46|76|37|37|68,3.63857|2.09065|3.91617|4.75373|3.07201,True
J1:ALA906|J1:ARG879:hydrogen_bond|J1:LEU881:hydrophobic|J1:LEU959|J2:LEU855,5,39,5.417812499999999,49|71|40|45|44,1.50223|3.32935|5.4212|4.00085|5.65309,True
J1:ALA906:hydrophobic|J1:ARG879:hydrogen_bond|J1:LEU881|J1:LEU959|J2:LEU855:hydrophobic,5,39,5.417812499999999,50|71|40|45|44,1.56088|3.27409|5.4212|4.01691|5.65309,True
J1:ALA906|J1:ARG879:hydrogen_bond|J1:LEU881|J1:LEU959|J2:LEU855:hydrophobic,5,39,5.417812499999999,50|71|40|45|44,1.56088|3.27409|5.4212|4.01691|5.65309,True
J1:ALA906:hydrophobic|J1:ARG879:hydrogen_bond|J1:LEU881:hydrophobic|J1:LEU959|J2:LEU855:hydrophobic,5,39,5.417812499999999,49|71|40|45|44,1.53397|3.35768|5.4212|4.01691|5.65309,True
J1:ALA906:hydrophobic|J1:LEU959|J2:ASN859|J2:LEU855:hydrophobic|J2:VAL863,5,20,4.536106750392465,24|27|65|23|20,1.11834|1.85798|3.08707|4.29596|3.93397,True
J1:ALA906|J1:LEU959|J2:ASN859|J2:LEU855:hydrophobic|J2:VAL863,5,20,4.536106750392465,24|27|65|23|20,1.11834|1.85798|3.08707|4.29596|3.93397,True
J1:ALA906:hydrophobic|J1:LEU959|J2:ASN859|J2:LEU855|J2:VAL863:hydrophobic,5,20,4.536106750392465,24|27|65|23|20,1.12069|1.84654|3.09368|4.29596|3.93397,True
J1:ALA906|J1:LEU959|J2:ASN859|J2:LEU855|J2:VAL863:hydrophobic,5,20,4.536106750392465,24|27|65|23|20,1.12069|1.84654|3.09368|4.29596|3.93397,True
J1:ALA906:hydrophobic|J1:LEU959|J2:ASN859|J2:LEU855:hydrophobic|J2:VAL863:hydrophobic,5,20,4.536106750392465,24|27|65|23|20,1.13018|1.85798|3.11369|4.29596|3.93397,True
J1:ALA906:hydrophobic|J1:LEU959|J2:ASN859|J2:LEU855|J2:VAL863,5,20,4.536106750392465,24|27|65|23|20,1.10904|1.84654|3.06741|4.29596|3.93397,True
J1:ALA906|J1:LEU959|J2:ASN859|J2:LEU855:hydrophobic|J2:VAL863:hydrophobic,5,20,4.536106750392465,24|27|65|23|20,1.13018|1.85798|3.11369|4.29596|3.93397,True
J1:ALA906|J1:LEU959|J2:ASN859|J2:LEU855|J2:VAL863,5,20,4.536106750392465,24|27|65|23|20,1.10904|1.84654|3.06741|4.29596|3.93397,True
J1:ALA906|J1:LEU959|J2:ARG980:hydrogen_bond|J2:LEU855:hydrophobic|J2:VAL863,5,32,4.618581418581418,42|42|65|35|35,1.62636|2.46966|3.08707|4.37046|4.44538,True
J1:ALA906:hydrophobic|J1:LEU881:hydrophobic|J1:LEU959:hydrogen_bond|J2:ARG980:hydrogen_bond|J2:LEU983,5,32,4.618581418581418,43|33|42|63|37,1.66219|4.28941|2.43107|3.16809|4.92453,True
J1:ALA906:hydrophobic|J1:LEU881:hydrophobic|J1:LEU959:hydrogen_bond|J2:ARG980:hydrogen_bond|J2:LEU983:hydrophobic,5,32,4.618581418581418,43|33|42|63|37,1.66219|4.28941|2.43107|3.16809|4.92453,True
J1:ALA906|J1:LEU881:hydrophobic|J1:LEU959:hydrogen_bond|J2:ARG980:hydrogen_bond|J2:LEU983,5,32,4.618581418581418,43|33|42|63|37,1.66219|4.28941|2.43107|3.16809|4.92453,True
J1:ALA906:hydrophobic|J1:LEU959|J2:ARG980:hydrogen_bond|J2:LEU855|J2:VAL863:hydrophobic,5,32,4.618581418581418,42|42|65|35|35,1.62636|2.45021|3.09368|4.39515|4.42013,True
J1:ALA906|J1:LEU881:hydrophobic|J1:LEU959:hydrogen_bond|J2:ARG980:hydrogen_bond|J2:LEU983:hydrophobic,5,32,4.618581418581418,43|33|42|63|37,1.66219|4.28941|2.43107|3.16809|4.92453,True
J1:ALA906|J1:LEU959|J2:ARG980:hydrogen_bond|J2:LEU855|J2:VAL863:hydrophobic,5,32,4.618581418581418,42|42|65|35|35,1.62636|2.45021|3.09368|4.39515|4.42013,True
J1:ALA906:hydrophobic|J1:LEU959|J2:ARG980:hydrogen_bond|J2:LEU855:hydrophobic|J2:VAL863,5,32,4.618581418581418,42|42|65|35|35,1.62636|2.46966|3.08707|4.37046|4.44538,True
J1:ALA906|J1:ARG879|J1:LEU1010:hydrophobic|J1:LEU959:hydrogen_bond|J2:LEU855:hydrophobic,5,40,5.522216913521261,49|68|42|46|46,1.66278|3.40412|5.52385|4.20757|5.77649,True
J1:ALA906:hydrophobic|J1:ARG879|J1:LEU1010:hydrophobic|J1:LEU959:hydrogen_bond|J2:LEU855,5,40,5.522216913521261,49|68|42|46|46,1.64271|3.38128|5.52385|4.19032|5.77649,True
J1:ALA906|J1:ARG879|J1:LEU1010|J1:LEU959:hydrogen_bond|J2:LEU855,5,40,5.522216913521261,49|68|42|46|46,1.64271|3.38128|5.52385|4.19032|5.77649,True
J1:ALA906:hydrophobic|J1:ARG879|J1:LEU1010|J1:LEU959:hydrogen_bond|J2:LEU855,5,40,5.522216913521261,49|68|42|46|46,1.64271|3.38128|5.52385|4.19032|5.77649,True
J1:ALA906|J1:ARG879|J1:LEU1010:hydrophobic|J1:LEU959:hydrogen_bond|J2:LEU855,5,40,5.522216913521261,49|68|42|46|46,1.64271|3.38128|5.52385|4.19032|5.77649,True
J1:ALA906:hydrophobic|J1:ARG879|J1:LEU1010:hydrophobic|J1:LEU959:hydrogen_bond|J2:LEU855:hydrophobic,5,40,5.522216913521261,49|68|42|46|46,1.66278|3.40412|5.52385|4.20757|5.77649,True
J1:ALA906|J1:ARG879|J1:LEU1010|J1:LEU959:hydrogen_bond|J2:LEU855:hydrophobic,5,40,5.522216913521261,49|68|42|46|46,1.66278|3.40412|5.52385|4.20757|5.77649,True
J1:ALA906:hydrophobic|J1:ARG879|J1:LEU1010|J1:LEU959:hydrogen_bond|J2:LEU855:hydrophobic,5,40,5.522216913521261,49|68|42|46|46,1.66278|3.40412|5.52385|4.20757|5.77649,True
J1:ALA906|J1:LEU1010|J1:LEU959:hydrogen_bond|J2:ARG980:hydrogen_bond|J2:LEU855:hydrophobic,5,32,4.710341314314824,40|35|42|68|35,1.63734|4.83194|2.33383|3.40412|4.42013,True
J1:ALA906:hydrophobic|J1:LEU1010|J1:LEU959:hydrogen_bond|J2:ARG980:hydrogen_bond|J2:LEU855:hydrophobic,5,32,4.710341314314824,40|35|42|68|35,1.63734|4.83194|2.33383|3.40412|4.42013,True
J1:ALA906|J1:LEU1010:hydrophobic|J1:LEU959:hydrogen_bond|J2:ARG980:hydrogen_bond|J2:LEU855:hydrophobic,5,32,4.710341314314824,40|35|42|68|35,1.63734|4.83194|2.33383|3.40412|4.42013,True
J1:ALA906:hydrophobic|J1:LEU1010:hydrophobic|J1:LEU959:hydrogen_bond|J2:ARG980:hydrogen_bond|J2:LEU855:hydrophobic,5,32,4.710341314314824,40|35|42|68|35,1.63734|4.83194|2.33383|3.40412|4.42013,True
J1:ALA906:hydrophobic|J1:ARG879|J1:LEU881|J1:LEU959|J2:LEU855:hydrophobic,5,41,5.456909258406264,52|71|42|47|46,1.4856|3.27409|5.45924|3.98727|5.68021,True
J1:ALA906|J1:ARG879|J1:LEU881:hydrophobic|J1:LEU959|J2:LEU855:hydrophobic,5,41,5.456909258406264,51|71|42|47|46,1.46079|3.35768|5.45924|3.98727|5.68021,True
J1:ALA906:hydrophobic|J1:ARG879|J1:LEU881:hydrophobic|J1:LEU959|J2:LEU855:hydrophobic,5,41,5.456909258406264,51|71|42|47|46,1.46079|3.35768|5.45924|3.98727|5.68021,True
J1:ALA906|J1:ARG879|J1:LEU881|J1:LEU959|J2:LEU855,5,41,5.456909258406264,52|71|42|47|46,1.4575|3.24714|5.45924|3.97211|5.68021,True
J1:ALA906:hydrophobic|J1:ARG879|J1:LEU881|J1:LEU959|J2:LEU855,5,41,5.456909258406264,52|71|42|47|46,1.4575|3.24714|5.45924|3.97211|5.68021,True
J1:ALA906|J1:ARG879|J1:LEU881:hydrophobic|J1:LEU959|J2:LEU855,5,41,5.456909258406264,51|71|42|47|46,1.43309|3.32935|5.45924|3.97211|5.68021,True
J1:ALA906:hydrophobic|J1:ARG879|J1:LEU881:hydrophobic|J1:LEU959|J2:LEU855,5,41,5.456909258406264,51|71|42|47|46,1.43309|3.32935|5.45924|3.97211|5.68021,True
J1:ALA906|J1:ARG879|J1:LEU881|J1:LEU959|J2:LEU855:hydrophobic,5,41,5.456909258406264,52|71|42|47|46,1.4856|3.27409|5.45924|3.98727|5.68021,True
J1:ALA906|J1:LEU881:hydrophobic|J1:LEU959:hydrogen_bond|J2:ARG980|J2:VAL863:hydrophobic,5,40,4.8850380388841925,53|41|51|71|45,1.44899|4.48918|2.02786|3.6446|4.8554,True
J1:ALA906:hydrophobic|J1:LEU881:hydrophobic|J1:LEU959:hydrogen_bond|J2:ARG980|J2:VAL863:hydrophobic,5,40,4.8850380388841925,53|41|51|71|45,1.44899|4.48918|2.02786|3.6446|4.8554,True
J1:ALA906|J1:ARG879:hydrogen_bond|J1:LEU1010|J1:LEU959|J2:LEU855,5,38,5.414250493096646,47|68|40|44|43,1.67953|3.05958|5.4212|4.2337|5.58923,True
J1:ALA906:hydrophobic|J1:ARG879:hydrogen_bond|J1:LEU1010:hydrophobic|J1:LEU959|J2:LEU855,5,38,5.414250493096646,47|68|40|44|43,1.67953|3.05958|5.4212|4.2337|5.58923,True
J1:ALA906:hydrophobic|J1:ARG879:hydrogen_bond|J1:LEU1010|J1:LEU959|J2:LEU855:hydrophobic,5,38,5.414250493096646,47|68|40|44|43,1.70141|3.08455|5.4212|4.25211|5.58923,True
J1:ALA906|J1:ARG879:hydrogen_bond|J1:LEU1010:hydrophobic|J1:LEU959|J2:LEU855,5,38,5.414250493096646,47|68|40|44|43,1.67953|3.05958|5.4212|4.2337|5.58923,True
J1:ALA906|J1:ARG879:hydrogen_bond|J1:LEU1010|J1:LEU959|J2:LEU855:hydrophobic,5,38,5.414250493096646,47|68|40|44|43,1.70141|3.08455|5.4212|4.25211|5.58923,True
J1:ALA906:hydrophobic|J1:LEU959|J2:ARG980:hydrogen_bond|J2:LEU855|J2:VAL863,5,32,4.588784119106699,42|42|65|35|35,1.61232|2.4438|3.06741|4.37046|4.42013,True
J1:ALA906|J1:LEU959|J2:ARG980:hydrogen_bond|J2:LEU855|J2:VAL863,5,32,4.588784119106699,42|42|65|35|35,1.61232|2.4438|3.06741|4.37046|4.42013,True
J1:ALA906:hydrophobic|J1:ARG879:hydrogen_bond|J1:LEU1010:hydrophobic|J1:LEU959|J2:LEU855:hydrophobic,5,38,5.414250493096646,47|68|40|44|43,1.70141|3.08455|5.4212|4.25211|5.58923,True
J1:ALA906|J1:ARG879:hydrogen_bond|J1:LEU1010:hydrophobic|J1:LEU959|J2:LEU855:hydrophobic,5,38,5.414250493096646,47|68|40|44|43,1.70141|3.08455|5.4212|4.25211|5.58923,True
J1:ALA906:hydrophobic|J1:ARG879:hydrogen_bond|J1:LEU1010|J1:LEU959|J2:LEU855,5,38,5.414250493096646,47|68|40|44|43,1.67953|3.05958|5.4212|4.2337|5.58923,True
J1:ARG1007|J1:ARG879:hydrogen_bond|J1:LEU881:hydrophobic|J2:ARG980|J2:TYR931,5,28,4.321901709401709,38|57|29|42|43,3.67227|3.10523|4.18559|2.8034|3.19651,True
J1:ARG1007|J1:ARG879:hydrogen_bond|J1:LEU881|J2:ARG980|J2:TYR931,5,28,4.321901709401709,38|57|29|42|43,3.65638|3.05285|4.18559|2.795|3.19651,True
J1:ALA906:hydrophobic|J1:LEU881:hydrophobic|J1:LEU959|J2:ARG980:hydrogen_bond|J2:LEU855:hydrophobic,5,34,4.693884376493072,46|35|44|71|37,1.72709|4.44538|2.54022|3.35768|4.51866,True
J1:ALA906|J1:LEU881:hydrophobic|J1:LEU959|J2:ARG980:hydrogen_bond|J2:LEU855:hydrophobic,5,34,4.693884376493072,46|35|44|71|37,1.72709|4.44538|2.54022|3.35768|4.51866,True
J1:ALA906:hydrophobic|J1:LEU1010|J1:LEU959:hydrogen_bond|J2:ARG980:hydrogen_bond|J2:LEU855,5,32,4.679352226720647,40|35|42|68|35,1.6224|4.80211|2.31645|3.38128|4.42013,True
J1:ARG1007|J1:ARG879|J1:LEU881:hydrophobic|J2:ARG980|J2:TYR931,5,30,4.32992007992008,40|57|31|45|45,3.62889|3.10523|4.17597|2.7861|2.89078,True
J1:ALA906|J1:LEU1010:hydrophobic|J1:LEU959:hydrogen_bond|J2:ARG980:hydrogen_bond|J2:LEU855,5,32,4.679352226720647,40|35|42|68|35,1.6224|4.80211|2.31645|3.38128|4.42013,True
J1:ALA906:hydrophobic|J1:LEU1010:hydrophobic|J1:LEU959:hydrogen_bond|J2:ARG980:hydrogen_bond|J2:LEU855,5,32,4.679352226720647,40|35|42|68|35,1.6224|4.80211|2.31645|3.38128|4.42013,True
J1:ALA906|J1:LEU1010|J1:LEU959:hydrogen_bond|J2:ARG980:hydrogen_bond|J2:LEU855,5,32,4.679352226720647,40|35|42|68|35,1.6224|4.80211|2.31645|3.38128|4.42013,True
J1:ALA906|J1:LEU881|J1:LEU959|J2:ARG980:hydrogen_bond|J2:VAL863:hydrophobic,5,34,4.471688666363223,45|35|44|71|37,1.59523|4.39515|2.4328|3.20754|4.28331,True
J1:ALA906:hydrophobic|J1:LEU881|J1:LEU959|J2:ARG980:hydrogen_bond|J2:VAL863:hydrophobic,5,34,4.471688666363223,45|35|44|71|37,1.59523|4.39515|2.4328|3.20754|4.28331,True
J1:ALA906|J1:LEU881:hydrophobic|J1:LEU959:hydrogen_bond|J2:ARG980|J2:VAL863,5,40,4.858343841950399,53|41|51|71|45,1.43837|4.46718|2.02424|3.61952|4.8554,True
J1:ALA906:hydrophobic|J1:LEU881:hydrophobic|J1:LEU959:hydrogen_bond|J2:ARG980|J2:VAL863,5,40,4.858343841950399,53|41|51|71|45,1.43837|4.46718|2.02424|3.61952|4.8554,True
J1:ALA906:hydrophobic|J1:ARG879|J1:LEU1010:hydrophobic|J1:LEU959|J2:LEU855:hydrophobic,5,40,5.454459650778669,49|68|42|46|46,1.64271|3.08455|5.45924|4.20757|5.71195,True
J1:ALA906|J1:ARG879|J1:LEU1010|J1:LEU959|J2:LEU855:hydrophobic,5,40,5.454459650778669,49|68|42|46|46,1.64271|3.08455|5.45924|4.20757|5.71195,True
J1:ALA906|J1:LEU881:hydrophobic|J1:LEU959|J2:ARG980:hydrogen_bond|J2:LEU855,5,34,4.664909781576448,46|35|44|71|37,1.71263|4.42013|2.52058|3.32935|4.51866,True
J1:ALA906:hydrophobic|J1:ARG879|J1:LEU1010|J1:LEU959|J2:LEU855,5,40,5.454459650778669,49|68|42|46|46,1.62313|3.05958|5.45924|4.19032|5.71195,True
J1:ALA906|J1:ARG879|J1:LEU1010:hydrophobic|J1:LEU959|J2:LEU855,5,40,5.454459650778669,49|68|42|46|46,1.62313|3.05958|5.45924|4.19032|5.71195,True
J1:ALA906:hydrophobic|J1:LEU881:hydrophobic|J1:LEU959|J2:ARG980:hydrogen_bond|J2:LEU855,5,34,4.664909781576448,46|35|44|71|37,1.71263|4.42013|2.52058|3.32935|4.51866,True
J1:ALA906:hydrophobic|J1:ARG879|J1:LEU1010:hydrophobic|J1:LEU959|J2:LEU855,5,40,5.454459650778669,49|68|42|46|46,1.62313|3.05958|5.45924|4.19032|5.71195,True
J1:ALA906:hydrophobic|J1:ARG879|J1:LEU1010|J1:LEU959|J2:LEU855:hydrophobic,5,40,5.454459650778669,49|68|42|46|46,1.64271|3.08455|5.45924|4.20757|5.71195,True
J1:ALA906|J1:ARG879|J1:LEU1010|J1:LEU959|J2:LEU855,5,40,5.454459650778669,49|68|42|46|46,1.62313|3.05958|5.45924|4.19032|5.71195,True
J1:ALA906|J1:ARG879|J1:LEU1010:hydrophobic|J1:LEU959|J2:LEU855:hydrophobic,5,40,5.454459650778669,49|68|42|46|46,1.64271|3.08455|5.45924|4.20757|5.71195,True
J1:ALA906|J1:LEU881|J1:LEU959|J2:ARG980:hydrogen_bond|J2:VAL863,5,34,4.445384615384615,45|35|44|71|37,1.58261|4.37046|2.42676|3.1881|4.28331,True
J1:ALA906:hydrophobic|J1:LEU881|J1:LEU959|J2:ARG980:hydrogen_bond|J2:VAL863,5,34,4.445384615384615,45|35|44|71|37,1.58261|4.37046|2.42676|3.1881|4.28331,True
J1:ARG1007|J1:ARG879|J1:LEU881|J2:ARG980|J2:TYR931,5,30,4.301985111662531,40|57|31|45|45,3.5995|3.05285|4.17597|2.77067|2.88245,True
J1:ALA906|J1:ARG1007:hydrophobic|J1:LEU881:hydrophobic|J1:LEU959|J2:LEU855:hydrophobic,5,31,5.341353607632677,35|71|32|34|35,2.11397|3.35768|5.2686|3.13575|5.25637,True
J1:ALA906:hydrophobic|J1:ARG1007:hydrophobic|J1:LEU881|J1:LEU959|J2:LEU855:hydrophobic,5,31,5.341353607632677,35|71|32|34|35,2.08006|3.27409|5.2686|3.05958|5.22109,True
J1:ALA906:hydrophobic|J1:ARG1007:hydrophobic|J1:LEU881:hydrophobic|J1:LEU959|J2:LEU855:hydrophobic,5,31,5.341353607632677,35|71|32|34|35,2.11397|3.35768|5.2686|3.13575|5.25637,True
J1:ALA906|J1:ARG1007:hydrophobic|J1:LEU881|J1:LEU959|J2:LEU855:hydrophobic,5,31,5.341353607632677,35|71|32|34|35,2.08006|3.27409|5.2686|3.05958|5.22109,True
J1:ALA906:hydrophobic|J1:LEU881:hydrophobic|J1:LEU959:hydrogen_bond|J2:ARG980|J2:LEU855:hydrophobic,5,41,5.007163989856298,55|42|53|71|45,1.5205|4.64443|2.05589|3.68718|4.8554,True
J1:ALA906|J1:LEU881:hydrophobic|J1:LEU959:hydrogen_bond|J2:ARG980|J2:LEU855:hydrophobic,5,41,5.007163989856298,55|42|53|71|45,1.5205|4.64443|2.05589|3.68718|4.8554,True
J1:ALA906|J1:LEU881|J1:LEU959:hydrogen_bond|J1:VAL889|J2:ARG980,5,35,4.923685491723466,42|36|39|45|59,1.25475|4.65215|1.71994|4.58813|3.48774,True
J1:ALA906|J1:LEU881|J1:LEU959:hydrogen_bond|J1:VAL889:hydrophobic|J2:ARG980,5,35,4.923685491723466,42|36|39|45|58,1.25475|4.65215|1.71994|4.58813|3.43776,True
J1:ALA906:hydrophobic|J1:LEU881|J1:LEU959:hydrogen_bond|J1:VAL889|J2:ARG980,5,35,4.923685491723466,42|36|39|45|59,1.25475|4.65215|1.71994|4.58813|3.48774,True
J1:ALA906:hydrophobic|J1:LEU881|J1:LEU959:hydrogen_bond|J1:VAL889:hydrophobic|J2:ARG980,5,35,4.923685491723466,42|36|39|45|58,1.25475|4.65215|1.71994|4.58813|3.43776,True
J1:ALA906|J1:LEU881:hydrophobic|J1:LEU959:hydrogen_bond|J2:ARG980|J2:LEU855,5,41,4.979802437999159,55|42|53|71|45,1.49814|4.62144|2.04164|3.66151|4.8554,True
J1:ALA906:hydrophobic|J1:LEU881:hydrophobic|J1:LEU959:hydrogen_bond|J2:ARG980|J2:LEU855,5,41,4.979802437999159,55|42|53|71|45,1.49814|4.62144|2.04164|3.66151|4.8554,True
J1:ALA906:hydrophobic|J1:ARG1007:hydrophobic|J1:LEU881:hydrophobic|J1:LEU959|J2:LEU855,5,31,5.300266272189349,35|71|32|34|35,2.07451|3.32935|5.22986|3.09719|5.25637,True
J1:ALA906|J1:ARG1007:hydrophobic|J1:LEU881|J1:LEU959|J2:LEU855,5,31,5.300266272189349,35|71|32|34|35,2.03118|3.24714|5.22986|3.02286|5.22109,True
J1:ALA906|J1:ARG1007:hydrophobic|J1:LEU881:hydrophobic|J1:LEU959|J2:LEU855,5,31,5.300266272189349,35|71|32|34|35,2.07451|3.32935|5.22986|3.09719|5.25637,True
J1:ALA906:hydrophobic|J1:ARG1007:hydrophobic|J1:LEU881|J1:LEU959|J2:LEU855,5,31,5.300266272189349,35|71|32|34|35,2.03118|3.24714|5.22986|3.02286|5.22109,True
J1:ALA906|J1:LEU1010:hydrophobic|J1:LEU881|J1:LEU959:hydrogen_bond|J2:ARG980:hydrogen_bond,5,35,4.603208921256258,44|37|35|45|75,1.66607|4.64631|4.42013|2.35899|3.53182,True
J1:ALA906|J1:LEU881:hydrophobic|J1:LEU959|J1:VAL889|J2:ARG980,5,35,4.955046545810877,42|36|39|45|59,1.22995|4.39653|1.84045|4.38689|3.3886,True
J1:ALA906|J1:LEU881:hydrophobic|J1:LEU959|J1:VAL889:hydrophobic|J2:ARG980,5,35,4.955046545810877,42|36|39|45|58,1.22995|4.39653|1.84045|4.38689|3.3398,True
J1:ALA906:hydrophobic|J1:LEU881:hydrophobic|J1:LEU959|J1:VAL889|J2:ARG980,5,35,4.955046545810877,42|36|39|45|59,1.22995|4.39653|1.84045|4.38689|3.3886,True
J1:ALA906:hydrophobic|J1:LEU1010:hydrophobic|J1:LEU881|J1:LEU959:hydrogen_bond|J2:ARG980:hydrogen_bond,5,35,4.603208921256258,44|37|35|45|75,1.66607|4.64631|4.42013|2.35899|3.53182,True
J1:ALA906:hydrophobic|J1:LEU881:hydrophobic|J1:LEU959|J1:VAL889:hydrophobic|J2:ARG980,5,35,4.955046545810877,42|36|39|45|58,1.22995|4.39653|1.84045|4.38689|3.3398,True
J1:ALA906|J1:LEU1010|J1:LEU881|J1:LEU959:hydrogen_bond|J2:ARG980:hydrogen_bond,5,35,4.603208921256258,44|37|35|45|75,1.66607|4.64631|4.42013|2.35899|3.53182,True
J1:ALA906:hydrophobic|J1:LEU1010|J1:LEU881|J1:LEU959:hydrogen_bond|J2:ARG980:hydrogen_bond,5,35,4.603208921256258,44|37|35|45|75,1.66607|4.64631|4.42013|2.35899|3.53182,True
J1:ALA906|J1:LEU881|J1:LEU959|J2:ARG980:hydrogen_bond|J2:LEU855:hydrophobic,5,34,4.525241824044219,46|35|44|71|37,1.67888|4.44538|2.40291|3.27409|4.28331,True
J1:ALA906:hydrophobic|J1:LEU881|J1:LEU959|J2:ARG980:hydrogen_bond|J2:LEU855:hydrophobic,5,34,4.525241824044219,46|35|44|71|37,1.67888|4.44538|2.40291|3.27409|4.28331,True
J1:ALA906|J1:ARG1007:hydrophobic|J1:LEU1010|J1:LEU881:hydrophobic|J1:LEU959:hydrogen_bond,5,33,5.239203296703296,38|75|35|33|36,2.26441|3.63978|5.47847|5.12929|3.08946,True
J1:ALA906|J1:ARG1007:hydrophobic|J1:LEU1010|J1:LEU881|J1:LEU959:hydrogen_bond,5,33,5.202045826513912,38|75|35|33|36,2.22269|3.53182|5.44016|5.12929|3.00816,True
J1:ALA906:hydrophobic|J1:ARG1007:hydrophobic|J1:LEU1010:hydrophobic|J1:LEU881|J1:LEU959:hydrogen_bond,5,33,5.202045826513912,38|75|35|33|36,2.22269|3.53182|5.44016|5.12929|3.00816,True
J1:ALA906:hydrophobic|J1:ARG1007:hydrophobic|J1:LEU1010|J1:LEU881:hydrophobic|J1:LEU959:hydrogen_bond,5,33,5.239203296703296,38|75|35|33|36,2.26441|3.63978|5.47847|5.12929|3.08946,True
J1:ALA906:hydrophobic|J1:ARG1007:hydrophobic|J1:LEU1010|J1:LEU881|J1:LEU959:hydrogen_bond,5,33,5.202045826513912,38|75|35|33|36,2.22269|3.53182|5.44016|5.12929|3.00816,True
J1:ALA906|J1:ARG1007:hydrophobic|J1:LEU1010:hydrophobic|J1:LEU881:hydrophobic|J1:LEU959:hydrogen_bond,5,33,5.239203296703296,38|75|35|33|36,2.26441|3.63978|5.47847|5.12929|3.08946,True
J1:ALA906|J1:ARG1007:hydrophobic|J1:LEU1010:hydrophobic|J1:LEU881|J1:LEU959:hydrogen_bond,5,33,5.202045826513912,38|75|35|33|36,2.22269|3.53182|5.44016|5.12929|3.00816,True
J1:ALA906:hydrophobic|J1:ARG1007:hydrophobic|J1:LEU1010:hydrophobic|J1:LEU881:hydrophobic|J1:LEU959:hydrogen_bond,5,33,5.239203296703296,38|75|35|33|36,2.26441|3.63978|5.47847|5.12929|3.08946,True
J1:ARG1007|J1:ARG879:hydrogen_bond|J2:ARG980|J2:LEU855|J2:TYR931,5,29,4.297205128205128,39|59|41|29|42,3.68872|3.04974|2.56705|4.18559|3.15382,True
J1:ARG1007|J1:ARG879:hydrogen_bond|J2:ARG980|J2:LEU855:hydrophobic|J2:TYR931,5,29,4.297205128205128,39|59|41|29|42,3.70449|3.07117|2.56705|4.18559|3.17527,True
J1:ALA906|J1:LEU881|J1:LEU959:hydrogen_bond|J2:ARG980|J2:VAL863:hydrophobic,5,40,4.6306089743589745,53|41|51|71|45,1.39908|4.48918|1.90197|3.53045|4.58813,True
J1:ALA906:hydrophobic|J1:LEU881|J1:LEU959:hydrogen_bond|J2:ARG980|J2:VAL863:hydrophobic,5,40,4.6306089743589745,53|41|51|71|45,1.39908|4.48918|1.90197|3.53045|4.58813,True
J1:ALA906:hydrophobic|J1:LEU1010:hydrophobic|J1:LEU959|J2:ARG980:hydrogen_bond|J2:VAL863:hydrophobic,5,32,4.284708063021316,39|35|42|69|35,1.45934|4.39515|2.34555|2.9722|4.05178,True
J1:ALA906|J1:LEU1010:hydrophobic|J1:LEU959|J2:ARG980:hydrogen_bond|J2:VAL863:hydrophobic,5,32,4.284708063021316,39|35|42|69|35,1.45934|4.39515|2.34555|2.9722|4.05178,True
J1:ALA906|J1:LEU1010|J1:LEU959|J2:ARG980:hydrogen_bond|J2:VAL863:hydrophobic,5,32,4.284708063021316,39|35|42|69|35,1.45934|4.39515|2.34555|2.9722|4.05178,True
J1:ALA906:hydrophobic|J1:LEU1010|J1:LEU959|J2:ARG980:hydrogen_bond|J2:VAL863:hydrophobic,5,32,4.284708063021316,39|35|42|69|35,1.45934|4.39515|2.34555|2.9722|4.05178,True
J1:ALA906|J1:LEU881|J1:LEU959|J2:ARG980:hydrogen_bond|J2:LEU855,5,34,4.498305860805861,46|35|44|71|37,1.66521|4.42013|2.38533|3.24714|4.28331,True
J1:ALA906:hydrophobic|J1:LEU881|J1:LEU959|J2:ARG980:hydrogen_bond|J2:LEU855,5,34,4.498305860805861,46|35|44|71|37,1.66521|4.42013|2.38533|3.24714|4.28331,True
J1:ALA906|J1:LEU959:hydrogen_bond|J2:ARG980|J2:LEU855:hydrophobic|J2:VAL863:hydrophobic,5,37,4.726414677276746,49|48|65|41|42,1.41444|1.88497|3.42358|4.48918|4.64443,True
J1:ALA906:hydrophobic|J1:LEU959:hydrogen_bond|J2:ARG980|J2:LEU855:hydrophobic|J2:VAL863:hydrophobic,5,37,4.726414677276746,49|48|65|41|42,1.41444|1.88497|3.42358|4.48918|4.64443,True
J1:ALA906:hydrophobic|J1:GLU966|J1:LEU881:hydrophobic|J1:LEU959|J2:TYR931,5,18,4.396534234995773,24|47|18|19|31,1.21514|5.67753|4.16755|1.91091|2.91964,False
J1:ALA906|J1:GLU966|J1:LEU881|J1:LEU959|J2:TYR931,5,18,4.301985111662531,24|47|18|19|31,1.19607|5.58645|4.16755|1.83614|2.83553,False
J1:ALA906:hydrophobic|J1:GLU966|J1:LEU881|J1:LEU959|J2:TYR931,5,18,4.301985111662531,24|47|18|19|31,1.19607|5.58645|4.16755|1.83614|2.83553,False
J1:ALA906|J1:GLU966|J1:LEU881:hydrophobic|J1:LEU959|J2:TYR931,5,18,4.396534234995773,24|47|18|19|31,1.21514|5.67753|4.16755|1.91091|2.91964,False
J1:ALA906:hydrophobic|J1:LEU881|J1:LEU959:hydrogen_bond|J2:ARG980|J2:LEU855:hydrophobic,5,41,4.821713471713471,55|42|53|71|45,1.48359|4.64443|1.94074|3.61124|4.58813,True
J1:ALA906|J1:LEU881|J1:LEU959:hydrogen_bond|J2:ARG980|J2:LEU855:hydrophobic,5,41,4.821713471713471,55|42|53|71|45,1.48359|4.64443|1.94074|3.61124|4.58813,True
J1:ALA906|J1:LEU881|J1:LEU959:hydrogen_bond|J2:ARG980|J2:VAL863,5,40,4.606616181745715,53|41|51|71|45,1.38918|4.46718|1.89878|3.50691|4.58813,True
J1:ALA906:hydrophobic|J1:LEU881|J1:LEU959:hydrogen_bond|J2:ARG980|J2:VAL863,5,40,4.606616181745715,53|41|51|71|45,1.38918|4.46718|1.89878|3.50691|4.58813,True
J1:ARG1007|J1:ARG879|J2:ARG980|J2:LEU855:hydrophobic|J2:TYR931,5,31,4.279718107978978,41|59|44|31|44,3.63069|3.07117|2.55348|4.17597|2.8596,True
J1:ARG1007|J1:ARG879|J2:ARG980|J2:LEU855|J2:TYR931,5,31,4.279718107978978,41|59|44|31|44,3.61629|3.04974|2.55348|4.17597|2.84298,True
J1:ALA906:hydrophobic|J1:LEU1010|J1:LEU959|J2:ARG980:hydrogen_bond|J2:VAL863,5,32,4.259051128512207,39|35|42|69|35,1.44716|4.37046|2.33968|2.95502|4.05178,True
J1:ALA906:hydrophobic|J1:ARG1007|J1:ARG879:hydrogen_bond|J1:LEU1010:hydrophobic|J1:LEU881,5,37,5.014610694183864,68|49|74|37|37,3.07201|4.39161|1.85433|4.69941|4.98422,True
J1:ALA906:hydrophobic|J1:ARG1007|J1:ARG879:hydrogen_bond|J1:LEU1010|J1:LEU881:hydrophobic,5,37,5.014610694183864,68|49|74|37|37,3.07201|4.39161|1.92373|4.69941|4.98422,True
J1:ALA906|J1:ARG1007|J1:ARG879:hydrogen_bond|J1:LEU1010|J1:LEU881:hydrophobic,5,37,5.014610694183864,68|49|74|37|37,3.07201|4.39161|1.92373|4.69941|4.98422,True
J1:ALA906|J1:ARG1007|J1:ARG879:hydrogen_bond|J1:LEU1010:hydrophobic|J1:LEU881:hydrophobic,5,37,5.014610694183864,68|49|74|37|37,3.07201|4.39161|1.92373|4.69941|4.98422,True
J1:ALA906:hydrophobic|J1:ARG1007|J1:ARG879:hydrogen_bond|J1:LEU1010|J1:LEU881,5,37,5.014610694183864,68|49|74|37|37,3.07201|4.39161|1.85433|4.69941|4.98422,True
J1:ALA906|J1:LEU1010:hydrophobic|J1:LEU959|J2:ARG980:hydrogen_bond|J2:VAL863,5,32,4.259051128512207,39|35|42|69|35,1.44716|4.37046|2.33968|2.95502|4.05178,True
J1:ALA906|J1:LEU1010|J1:LEU959|J2:ARG980:hydrogen_bond|J2:VAL863,5,32,4.259051128512207,39|35|42|69|35,1.44716|4.37046|2.33968|2.95502|4.05178,True
J1:ALA906:hydrophobic|J1:LEU1010:hydrophobic|J1:LEU959|J2:ARG980:hydrogen_bond|J2:VAL863,5,32,4.259051128512207,39|35|42|69|35,1.44716|4.37046|2.33968|2.95502|4.05178,True
J1:ALA906|J1:ARG1007|J1:ARG879:hydrogen_bond|J1:LEU1010|J1:LEU881,5,37,5.014610694183864,68|49|74|37|37,3.07201|4.39161|1.85433|4.69941|4.98422,True
J1:ALA906|J1:ARG1007|J1:ARG879:hydrogen_bond|J1:LEU1010:hydrophobic|J1:LEU881,5,37,5.014610694183864,68|49|74|37|37,3.07201|4.39161|1.85433|4.69941|4.98422,True
J1:ALA906:hydrophobic|J1:ARG1007|J1:ARG879:hydrogen_bond|J1:LEU1010:hydrophobic|J1:LEU881:hydrophobic,5,37,5.014610694183864,68|49|74|37|37,3.07201|4.39161|1.92373|4.69941|4.98422,True
J1:ALA906:hydrophobic|J1:LEU1010:hydrophobic|J1:LEU959|J2:ASN859|J2:VAL863,5,23,4.445384615384615,27|23|30|69|23,1.18135|4.29596|1.89974|2.95502|3.81507,True
J1:ALA906|J1:LEU1010|J1:LEU959|J2:ASN859|J2:VAL863,5,23,4.445384615384615,27|23|30|69|23,1.18135|4.29596|1.89974|2.95502|3.81507,True
J1:ALA906|J1:LEU1010:hydrophobic|J1:LEU959|J2:ASN859|J2:VAL863,5,23,4.445384615384615,27|23|30|69|23,1.18135|4.29596|1.89974|2.95502|3.81507,True
J1:ALA906:hydrophobic|J1:LEU1010|J1:LEU959|J2:ASN859|J2:VAL863:hydrophobic,5,23,4.445384615384615,27|23|30|69|23,1.18837|4.29596|1.89974|2.9722|3.81507,True
J1:ALA906:hydrophobic|J1:LEU1010|J1:LEU959|J2:ASN859|J2:VAL863,5,23,4.445384615384615,27|23|30|69|23,1.18135|4.29596|1.89974|2.95502|3.81507,True
J1:ALA906|J1:LEU1010|J1:LEU959|J2:ASN859|J2:VAL863:hydrophobic,5,23,4.445384615384615,27|23|30|69|23,1.18837|4.29596|1.89974|2.9722|3.81507,True
J1:ALA906:hydrophobic|J1:LEU1010:hydrophobic|J1:LEU959|J2:ASN859|J2:VAL863:hydrophobic,5,23,4.445384615384615,27|23|30|69|23,1.18837|4.29596|1.89974|2.9722|3.81507,True
J1:ALA906|J1:LEU1010:hydrophobic|J1:LEU959|J2:ASN859|J2:VAL863:hydrophobic,5,23,4.445384615384615,27|23|30|69|23,1.18837|4.29596|1.89974|2.9722|3.81507,True
J1:ALA906|J1:LEU959:hydrogen_bond|J2:ARG980|J2:LEU855:hydrophobic|J2:VAL863,5,37,4.699406593406593,49|48|65|41|42,1.4035|1.88164|3.39143|4.46718|4.64443,True
J1:ALA906:hydrophobic|J1:LEU959:hydrogen_bond|J2:ARG980|J2:LEU855:hydrophobic|J2:VAL863,5,37,4.699406593406593,49|48|65|41|42,1.4035|1.88164|3.39143|4.46718|4.64443,True
J1:ALA906|J1:LEU959:hydrogen_bond|J2:ARG980|J2:LEU855|J2:VAL863:hydrophobic,5,37,4.699406593406593,49|48|65|41|42,1.39096|1.86846|3.40743|4.48918|4.62144,True
J1:ALA906:hydrophobic|J1:LEU959:hydrogen_bond|J2:ARG980|J2:LEU855|J2:VAL863:hydrophobic,5,37,4.699406593406593,49|48|65|41|42,1.39096|1.86846|3.40743|4.48918|4.62144,True
J1:ALA906|J1:ARG1007:hydrophobic|J1:LEU1010:hydrophobic|J1:LEU959:hydrogen_bond|J2:LEU855:hydrophobic,5,29,5.198232009925558,33|68|32|32|33,2.07787|3.40412|5.47124|2.86799|5.12929,True
J1:ALA906|J1:ARG1007:hydrophobic|J1:LEU1010|J1:LEU959:hydrogen_bond|J2:LEU855:hydrophobic,5,29,5.198232009925558,33|68|32|32|33,2.07787|3.40412|5.47124|2.86799|5.12929,True
J1:ALA906:hydrophobic|J1:ARG1007:hydrophobic|J1:LEU1010:hydrophobic|J1:LEU959:hydrogen_bond|J2:LEU855:hydrophobic,5,29,5.198232009925558,33|68|32|32|33,2.07787|3.40412|5.47124|2.86799|5.12929,True
J1:ALA906:hydrophobic|J1:ARG1007:hydrophobic|J1:LEU1010|J1:LEU959:hydrogen_bond|J2:LEU855:hydrophobic,5,29,5.198232009925558,33|68|32|32|33,2.07787|3.40412|5.47124|2.86799|5.12929,True
J1:ALA906|J1:LEU881|J1:LEU959:hydrogen_bond|J2:ARG980|J2:LEU855,5,41,4.7963360323886635,55|42|53|71|45,1.45707|4.62144|1.92803|3.58662|4.58813,True
J1:ALA906:hydrophobic|J1:LEU881|J1:LEU959:hydrogen_bond|J2:ARG980|J2:LEU855,5,41,4.7963360323886635,55|42|53|71|45,1.45707|4.62144|1.92803|3.58662|4.58813,True
J1:ALA906|J1:LEU1010|J1:LEU881:hydrophobic|J1:LEU959:hydrogen_bond|J2:ARG980,5,43,4.827059052059052,54|45|43|55|75,1.46194|4.8554|4.3247|2.05805|3.63978,True
J1:ALA906:hydrophobic|J1:LEU1010|J1:LEU881:hydrophobic|J1:LEU959:hydrogen_bond|J2:ARG980,5,43,4.827059052059052,54|45|43|55|75,1.46194|4.8554|4.3247|2.05805|3.63978,True
J1:ALA906:hydrophobic|J1:LEU1010:hydrophobic|J1:LEU881:hydrophobic|J1:LEU959:hydrogen_bond|J2:ARG980,5,43,4.827059052059052,54|45|43|55|75,1.46194|4.8554|4.3247|2.05805|3.63978,True
J1:ALA906|J1:LEU1010:hydrophobic|J1:LEU881:hydrophobic|J1:LEU959:hydrogen_bond|J2:ARG980,5,43,4.827059052059052,54|45|43|55|75,1.46194|4.8554|4.3247|2.05805|3.63978,True
J1:ALA906:hydrophobic|J1:LEU881:hydrophobic|J1:LEU959:hydrogen_bond|J2:ASN859|J2:LEU983,5,19,4.640786136939983,23|19|28|63|23,1.05842|3.91029|1.86333|3.16809|4.91557,True
J1:ALA906:hydrophobic|J1:LEU881:hydrophobic|J1:LEU959:hydrogen_bond|J2:ASN859|J2:LEU983:hydrophobic,5,19,4.640786136939983,23|19|28|63|23,1.05842|3.91029|1.86333|3.16809|4.91557,True
J1:ALA906|J1:LEU881:hydrophobic|J1:LEU959:hydrogen_bond|J2:ASN859|J2:LEU983,5,19,4.640786136939983,23|19|28|63|23,1.05842|3.91029|1.86333|3.16809|4.91557,True
J1:ALA906|J1:LEU881:hydrophobic|J1:LEU959:hydrogen_bond|J2:ASN859|J2:LEU983:hydrophobic,5,19,4.640786136939983,23|19|28|63|23,1.05842|3.91029|1.86333|3.16809|4.91557,True
J1:ALA906|J1:LEU1010:hydrophobic|J1:LEU881:hydrophobic|J1:LEU959|J2:ARG980:hydrogen_bond,5,35,4.445384615384615,44|37|35|45|75,1.61918|4.51866|4.05178|2.5068|3.30103,True
J1:ALA906:hydrophobic|J1:LEU1010:hydrophobic|J1:LEU881:hydrophobic|J1:LEU959|J2:ARG980:hydrogen_bond,5,35,4.445384615384615,44|37|35|45|75,1.61918|4.51866|4.05178|2.5068|3.30103,True
J1:ALA906|J1:LEU1010|J1:LEU881:hydrophobic|J1:LEU959|J2:ARG980:hydrogen_bond,5,35,4.445384615384615,44|37|35|45|75,1.61918|4.51866|4.05178|2.5068|3.30103,True
J1:ALA906:hydrophobic|J1:LEU1010|J1:LEU881:hydrophobic|J1:LEU959|J2:ARG980:hydrogen_bond,5,35,4.445384615384615,44|37|35|45|75,1.61918|4.51866|4.05178|2.5068|3.30103,True
J1:ALA906|J1:LEU959:hydrogen_bond|J2:ARG980|J2:LEU855|J2:VAL863,5,37,4.67270541958042,49|48|65|41|42,1.38038|1.8652|3.37558|4.46718|4.62144,True
J1:ALA906:hydrophobic|J1:LEU959:hydrogen_bond|J2:ARG980|J2:LEU855|J2:VAL863,5,37,4.67270541958042,49|48|65|41|42,1.38038|1.8652|3.37558|4.46718|4.62144,True
J1:ALA906|J1:ARG1007:hydrophobic|J1:LEU1010:hydrophobic|J1:LEU959:hydrogen_bond|J2:LEU855,5,29,5.156646153846154,33|68|32|32|33,2.03747|3.38128|5.42948|2.83371|5.12929,True
J1:ALA906|J1:ARG1007:hydrophobic|J1:LEU1010|J1:LEU959:hydrogen_bond|J2:LEU855,5,29,5.156646153846154,33|68|32|32|33,2.03747|3.38128|5.42948|2.83371|5.12929,True
J1:ALA906:hydrophobic|J1:ARG1007:hydrophobic|J1:LEU1010:hydrophobic|J1:LEU959:hydrogen_bond|J2:LEU855,5,29,5.156646153846154,33|68|32|32|33,2.03747|3.38128|5.42948|2.83371|5.12929,True
J1:ALA906:hydrophobic|J1:ARG1007:hydrophobic|J1:LEU1010|J1:LEU959:hydrogen_bond|J2:LEU855,5,29,5.156646153846154,33|68|32|32|33,2.03747|3.38128|5.42948|2.83371|5.12929,True
J1:ALA906:hydrophobic|J1:ARG1007|J1:ARG879|J1:LEU1010:hydrophobic|J1:LEU881:hydrophobic,5,39,5.010693641618497,71|51|74|39|39,2.88503|4.34319|1.92373|4.71114|4.9819,True
J1:ALA906|J1:ARG1007|J1:ARG879|J1:LEU1010:hydrophobic|J1:LEU881:hydrophobic,5,39,5.010693641618497,71|51|74|39|39,2.88503|4.34319|1.92373|4.71114|4.9819,True
J1:ALA906:hydrophobic|J1:ARG1007|J1:ARG879|J1:LEU1010|J1:LEU881,5,39,5.010693641618497,71|51|74|39|39,2.87977|4.34319|1.85433|4.71114|4.9819,True
J1:ALA906|J1:ARG1007|J1:ARG879|J1:LEU1010|J1:LEU881,5,39,5.010693641618497,71|51|74|39|39,2.87977|4.34319|1.85433|4.71114|4.9819,True
J1:ALA906:hydrophobic|J1:ARG1007|J1:ARG879|J1:LEU1010:hydrophobic|J1:LEU881,5,39,5.010693641618497,71|51|74|39|39,2.87977|4.34319|1.85433|4.71114|4.9819,True
J1:ALA906|J1:ARG1007|J1:ARG879|J1:LEU1010:hydrophobic|J1:LEU881,5,39,5.010693641618497,71|51|74|39|39,2.87977|4.34319|1.85433|4.71114|4.9819,True
J1:ALA906:hydrophobic|J1:ARG1007|J1:ARG879|J1:LEU1010|J1:LEU881:hydrophobic,5,39,5.010693641618497,71|51|74|39|39,2.88503|4.34319|1.92373|4.71114|4.9819,True
J1:ALA906|J1:ARG1007|J1:ARG879|J1:LEU1010|J1:LEU881:hydrophobic,5,39,5.010693641618497,71|51|74|39|39,2.88503|4.34319|1.92373|4.71114|4.9819,True
J1:ALA906|J1:LEU1010:hydrophobic|J1:LEU959:hydrogen_bond|J2:ARG980|J2:VAL863:hydrophobic,5,38,4.445384615384615,47|41|49|69|43,1.29772|4.48918|1.83663|3.27006|4.3247,True
J1:ALA906|J1:LEU1010|J1:LEU959:hydrogen_bond|J2:ARG980|J2:VAL863:hydrophobic,5,38,4.445384615384615,47|41|49|69|43,1.29772|4.48918|1.83663|3.27006|4.3247,True
J1:ALA906:hydrophobic|J1:LEU1010|J1:LEU959:hydrogen_bond|J2:ARG980|J2:VAL863:hydrophobic,5,38,4.445384615384615,47|41|49|69|43,1.29772|4.48918|1.83663|3.27006|4.3247,True
J1:ALA906:hydrophobic|J1:LEU1010:hydrophobic|J1:LEU959:hydrogen_bond|J2:ARG980|J2:VAL863:hydrophobic,5,38,4.445384615384615,47|41|49|69|43,1.29772|4.48918|1.83663|3.27006|4.3247,True
J1:ALA906|J1:LEU1010:hydrophobic|J1:LEU959:hydrogen_bond|J2:ARG980|J2:VAL863,5,38,4.422110350382601,47|41|49|69|43,1.28971|4.46718|1.83353|3.24927|4.3247,True
J1:ALA906|J1:LEU1010|J1:LEU959:hydrogen_bond|J2:ARG980|J2:VAL863,5,38,4.422110350382601,47|41|49|69|43,1.28971|4.46718|1.83353|3.24927|4.3247,True
J1:ALA906:hydrophobic|J1:LEU1010:hydrophobic|J1:LEU959:hydrogen_bond|J2:ARG980|J2:VAL863,5,38,4.422110350382601,47|41|49|69|43,1.28971|4.46718|1.83353|3.24927|4.3247,True
J1:ALA906:hydrophobic|J1:LEU1010|J1:LEU959:hydrogen_bond|J2:ARG980|J2:VAL863,5,38,4.422110350382601,47|41|49|69|43,1.28971|4.46718|1.83353|3.24927|4.3247,True
J1:ALA906|J1:LEU1010:hydrophobic|J1:LEU959|J2:ARG980:hydrogen_bond|J2:LEU855:hydrophobic,5,32,4.310675990675991,40|35|42|68|35,1.53025|4.44538|2.33383|3.08455|4.05178,True
J1:ALA906:hydrophobic|J1:LEU1010|J1:LEU959|J2:ARG980:hydrogen_bond|J2:LEU855:hydrophobic,5,32,4.310675990675991,40|35|42|68|35,1.53025|4.44538|2.33383|3.08455|4.05178,True
J1:ALA906|J1:LEU1010|J1:LEU959|J2:ARG980:hydrogen_bond|J2:LEU855:hydrophobic,5,32,4.310675990675991,40|35|42|68|35,1.53025|4.44538|2.33383|3.08455|4.05178,True
J1:ALA906:hydrophobic|J1:LEU1010:hydrophobic|J1:LEU959|J2:ARG980:hydrogen_bond|J2:LEU855:hydrophobic,5,32,4.310675990675991,40|35|42|68|35,1.53025|4.44538|2.33383|3.08455|4.05178,True
J1:ALA906|J1:ARG1007:hydrophobic|J1:LEU1010|J1:LEU881:hydrophobic|J1:LEU959,5,33,5.023893572181243,38|75|35|33|36,2.17127|3.30103|5.25637|4.88992|3.08946,True
J1:ALA906|J1:ARG1007:hydrophobic|J1:LEU1010|J1:LEU881|J1:LEU959,5,33,4.989717425431711,38|75|35|33|36,2.12751|3.19965|5.22109|4.88992|3.00816,True
J1:ARG1007|J1:ARG879:hydrogen_bond|J1:ASP1021|J1:LEU1010:hydrophobic|J1:LEU881:hydrophobic,5,28,4.29209549071618,44|75|68|28|28,2.96359|1.40321|3.07201|2.97777|4.12155,True
J1:ALA906:hydrophobic|J1:ARG1007:hydrophobic|J1:LEU1010|J1:LEU881:hydrophobic|J1:LEU959,5,33,5.023893572181243,38|75|35|33|36,2.17127|3.30103|5.25637|4.88992|3.08946,True
J1:ALA906:hydrophobic|J1:ARG1007:hydrophobic|J1:LEU1010:hydrophobic|J1:LEU881|J1:LEU959,5,33,4.989717425431711,38|75|35|33|36,2.12751|3.19965|5.22109|4.88992|3.00816,True
J1:ALA906:hydrophobic|J1:ARG1007:hydrophobic|J1:LEU1010|J1:LEU881|J1:LEU959,5,33,4.989717425431711,38|75|35|33|36,2.12751|3.19965|5.22109|4.88992|3.00816,True
J1:ALA906|J1:ARG1007:hydrophobic|J1:LEU1010:hydrophobic|J1:LEU881:hydrophobic|J1:LEU959,5,33,5.023893572181243,38|75|35|33|36,2.17127|3.30103|5.25637|4.88992|3.08946,True
J1:ALA906|J1:ARG1007:hydrophobic|J1:LEU1010:hydrophobic|J1:LEU881|J1:LEU959,5,33,4.989717425431711,38|75|35|33|36,2.12751|3.19965|5.22109|4.88992|3.00816,True
J1:ARG1007|J1:ARG879:hydrogen_bond|J1:ASP1021|J1:LEU1010:hydrophobic|J1:LEU881,5,28,4.29209549071618,44|75|68|28|28,2.96359|1.3553|3.07201|2.97777|4.12155,True
J1:ARG1007|J1:ARG879:hydrogen_bond|J1:ASP1021|J1:LEU1010|J1:LEU881:hydrophobic,5,28,4.29209549071618,44|75|68|28|28,2.96359|1.40321|3.07201|2.97777|4.12155,True
J1:ALA906:hydrophobic|J1:ARG1007:hydrophobic|J1:LEU1010:hydrophobic|J1:LEU881:hydrophobic|J1:LEU959,5,33,5.023893572181243,38|75|35|33|36,2.17127|3.30103|5.25637|4.88992|3.08946,True
J1:ARG1007|J1:ARG879:hydrogen_bond|J1:ASP1021|J1:LEU1010|J1:LEU881,5,28,4.29209549071618,44|75|68|28|28,2.96359|1.3553|3.07201|2.97777|4.12155,True
J1:ALA906:hydrophobic|J1:LEU881:hydrophobic|J1:LEU959|J2:ARG980|J2:VAL863:hydrophobic,5,40,4.423268274014543,53|41|51|71|45,1.36188|4.08656|2.02786|3.32234|4.38689,True
J1:ALA906|J1:LEU881:hydrophobic|J1:LEU959|J2:ARG980|J2:VAL863:hydrophobic,5,40,4.423268274014543,53|41|51|71|45,1.36188|4.08656|2.02786|3.32234|4.38689,True
J1:ALA906:hydrophobic|J1:LEU1010|J1:LEU959|J2:ARG980:hydrogen_bond|J2:LEU855,5,32,4.284708063021316,40|35|42|68|35,1.5172|4.42013|2.31645|3.05958|4.05178,True
J1:ALA906|J1:LEU1010|J1:LEU959|J2:ARG980:hydrogen_bond|J2:LEU855,5,32,4.284708063021316,40|35|42|68|35,1.5172|4.42013|2.31645|3.05958|4.05178,True
J1:ALA906:hydrophobic|J1:LEU1010:hydrophobic|J1:LEU959|J2:ARG980:hydrogen_bond|J2:LEU855,5,32,4.284708063021316,40|35|42|68|35,1.5172|4.42013|2.31645|3.05958|4.05178,True
J1:ALA906|J1:LEU1010:hydrophobic|J1:LEU959|J2:ARG980:hydrogen_bond|J2:LEU855,5,32,4.284708063021316,40|35|42|68|35,1.5172|4.42013|2.31645|3.05958|4.05178,True
J1:ALA906|J1:ARG879|J1:LEU881:hydrophobic|J1:LEU959:hydrogen_bond|J2:LEU983,5,35,4.98680966469428,43|63|37|41|46,1.3912|3.16809|5.04538|3.65985|5.74404,False
J1:ALA906|J1:ARG879|J1:LEU881:hydrophobic|J1:LEU959:hydrogen_bond|J2:LEU983:hydrophobic,5,35,4.98680966469428,43|63|37|41|46,1.3912|3.16809|5.04538|3.65985|5.74404,False
J1:ALA906:hydrophobic|J1:ARG879|J1:LEU881:hydrophobic|J1:LEU959:hydrogen_bond|J2:LEU983,5,35,4.98680966469428,43|63|37|41|46,1.3912|3.16809|5.04538|3.65985|5.74404,False
J1:ALA906:hydrophobic|J1:ARG879|J1:LEU881:hydrophobic|J1:LEU959:hydrogen_bond|J2:LEU983:hydrophobic,5,35,4.98680966469428,43|63|37|41|46,1.3912|3.16809|5.04538|3.65985|5.74404,False
J1:ALA906:hydrophobic|J1:ARG879:hydrogen_bond|J1:LEU881:hydrophobic|J1:LEU959:hydrogen_bond|J2:LEU983,5,34,5.004737646459501,42|63|35|40|44,1.47477|3.16809|4.95505|3.70449|5.71921,False
J1:ALA906:hydrophobic|J1:ARG879:hydrogen_bond|J1:LEU881:hydrophobic|J1:LEU959:hydrogen_bond|J2:LEU983:hydrophobic,5,34,5.004737646459501,42|63|35|40|44,1.47477|3.16809|4.95505|3.70449|5.71921,False
J1:ALA906|J1:ARG879:hydrogen_bond|J1:LEU881:hydrophobic|J1:LEU959:hydrogen_bond|J2:LEU983,5,34,5.004737646459501,42|63|35|40|44,1.47477|3.16809|4.95505|3.70449|5.71921,False
J1:ALA906|J1:ARG879:hydrogen_bond|J1:LEU881:hydrophobic|J1:LEU959:hydrogen_bond|J2:LEU983:hydrophobic,5,34,5.004737646459501,42|63|35|40|44,1.47477|3.16809|4.95505|3.70449|5.71921,False
J1:ALA906:hydrophobic|J1:LEU1010|J1:LEU881|J1:LEU959:hydrogen_bond|J2:ARG980,5,43,4.573003312476996,54|45|43|55|75,1.41373|4.58813|4.3247|1.93431|3.53182,True
J1:ALA906|J1:LEU1010:hydrophobic|J1:LEU881|J1:LEU959:hydrogen_bond|J2:ARG980,5,43,4.573003312476996,54|45|43|55|75,1.41373|4.58813|4.3247|1.93431|3.53182,True
J1:ALA906:hydrophobic|J1:LEU881:hydrophobic|J1:LEU959|J2:ARG980|J2:VAL863,5,40,4.401370906321401,53|41|51|71|45,1.3525|4.06832|2.02424|3.30149|4.38689,True
J1:ALA906:hydrophobic|J1:LEU1010:hydrophobic|J1:LEU881|J1:LEU959:hydrogen_bond|J2:ARG980,5,43,4.573003312476996,54|45|43|55|75,1.41373|4.58813|4.3247|1.93431|3.53182,True
J1:ALA906|J1:LEU881:hydrophobic|J1:LEU959|J2:ARG980|J2:VAL863,5,40,4.401370906321401,53|41|51|71|45,1.3525|4.06832|2.02424|3.30149|4.38689,True
J1:ALA906|J1:LEU1010|J1:LEU881|J1:LEU959:hydrogen_bond|J2:ARG980,5,43,4.573003312476996,54|45|43|55|75,1.41373|4.58813|4.3247|1.93431|3.53182,True
J1:ALA906:hydrophobic|J1:ARG1007:hydrophobic|J1:LEU1010:hydrophobic|J1:LEU959|J2:LEU855:hydrophobic,5,29,4.99675014907573,33|68|32|32|33,2.00407|3.08455|5.2686|2.86799|4.88992,True
J1:ALA906|J1:ARG1007:hydrophobic|J1:LEU1010|J1:LEU959|J2:LEU855:hydrophobic,5,29,4.99675014907573,33|68|32|32|33,2.00407|3.08455|5.2686|2.86799|4.88992,True
J1:ALA906:hydrophobic|J1:ARG1007:hydrophobic|J1:LEU1010|J1:LEU959|J2:LEU855:hydrophobic,5,29,4.99675014907573,33|68|32|32|33,2.00407|3.08455|5.2686|2.86799|4.88992,True
J1:ALA906|J1:ARG1007:hydrophobic|J1:LEU1010:hydrophobic|J1:LEU959|J2:LEU855:hydrophobic,5,29,4.99675014907573,33|68|32|32|33,2.00407|3.08455|5.2686|2.86799|4.88992,True
J1:ALA906:hydrophobic|J1:LEU1010|J1:LEU959:hydrogen_bond|J2:ARG980|J2:LEU855:hydrophobic,5,39,4.586507936507936,49|42|51|68|43,1.37342|4.64443|1.88929|3.40412|4.3247,True
J1:ALA906:hydrophobic|J1:LEU1010:hydrophobic|J1:LEU959:hydrogen_bond|J2:ARG980|J2:LEU855:hydrophobic,5,39,4.586507936507936,49|42|51|68|43,1.37342|4.64443|1.88929|3.40412|4.3247,True
J1:ALA906|J1:LEU1010:hydrophobic|J1:LEU959:hydrogen_bond|J2:ARG980|J2:LEU855:hydrophobic,5,39,4.586507936507936,49|42|51|68|43,1.37342|4.64443|1.88929|3.40412|4.3247,True
J1:ALA906|J1:LEU1010|J1:LEU959:hydrogen_bond|J2:ARG980|J2:LEU855:hydrophobic,5,39,4.586507936507936,49|42|51|68|43,1.37342|4.64443|1.88929|3.40412|4.3247,True
J1:ALA906|J1:LEU1010|J1:LEU959:hydrogen_bond|J2:ARG980|J2:LEU855,5,39,4.562368421052631,49|42|51|68|43,1.35126|4.62144|1.87678|3.38128|4.3247,True
J1:ALA906:hydrophobic|J1:LEU1010:hydrophobic|J1:LEU959:hydrogen_bond|J2:ARG980|J2:LEU855,5,39,4.562368421052631,49|42|51|68|43,1.35126|4.62144|1.87678|3.38128|4.3247,True
J1:ALA906|J1:LEU1010:hydrophobic|J1:LEU959:hydrogen_bond|J2:ARG980|J2:LEU855,5,39,4.562368421052631,49|42|51|68|43,1.35126|4.62144|1.87678|3.38128|4.3247,True
J1:ALA906:hydrophobic|J1:LEU1010|J1:LEU959:hydrogen_bond|J2:ARG980|J2:LEU855,5,39,4.562368421052631,49|42|51|68|43,1.35126|4.62144|1.87678|3.38128|4.3247,True
J1:ALA906:hydrophobic|J1:LEU1010:hydrophobic|J1:LEU881|J1:LEU959|J2:ARG980:hydrogen_bond,5,35,4.227947324414716,44|37|35|45|75,1.56228|4.28331|4.05178|2.35899|3.19965,True
J1:ALA906:hydrophobic|J1:LEU1010|J1:LEU881|J1:LEU959|J2:ARG980:hydrogen_bond,5,35,4.227947324414716,44|37|35|45|75,1.56228|4.28331|4.05178|2.35899|3.19965,True
J1:ALA906|J1:LEU1010|J1:LEU881|J1:LEU959|J2:ARG980:hydrogen_bond,5,35,4.227947324414716,44|37|35|45|75,1.56228|4.28331|4.05178|2.35899|3.19965,True
J1:ALA906|J1:LEU1010:hydrophobic|J1:LEU881|J1:LEU959|J2:ARG980:hydrogen_bond,5,35,4.227947324414716,44|37|35|45|75,1.56228|4.28331|4.05178|2.35899|3.19965,True
J1:ALA906|J1:ARG1007:hydrophobic|J1:LEU1010|J1:LEU959|J2:LEU855,5,29,4.958313609467456,33|68|32|32|33,1.9612|3.05958|5.22986|2.83371|4.88992,True
J1:ALA906:hydrophobic|J1:ARG1007:hydrophobic|J1:LEU1010|J1:LEU959|J2:LEU855,5,29,4.958313609467456,33|68|32|32|33,1.9612|3.05958|5.22986|2.83371|4.88992,True
J1:ALA906|J1:ARG1007:hydrophobic|J1:LEU1010:hydrophobic|J1:LEU959|J2:LEU855,5,29,4.958313609467456,33|68|32|32|33,1.9612|3.05958|5.22986|2.83371|4.88992,True
J1:ALA906:hydrophobic|J1:ARG1007:hydrophobic|J1:LEU1010:hydrophobic|J1:LEU959|J2:LEU855,5,29,4.958313609467456,33|68|32|32|33,1.9612|3.05958|5.22986|2.83371|4.88992,True
J1:ALA906:hydrophobic|J1:LEU881:hydrophobic|J1:LEU959|J2:ARG980|J2:LEU855:hydrophobic,5,41,4.5114051789794365,55|42|53|71|45,1.41984|4.20509|2.05589|3.35768|4.38689,True
J1:ALA906|J1:LEU881:hydrophobic|J1:LEU959|J2:ARG980|J2:LEU855:hydrophobic,5,41,4.5114051789794365,55|42|53|71|45,1.41984|4.20509|2.05589|3.35768|4.38689,True
J1:ARG1007|J1:ARG879:hydrogen_bond|J2:ARG980:hydrogen_bond|J2:LEU855:hydrophobic|J2:VAL863:hydrophobic,5,33,4.239817696754113,43|79|57|35|37,3.48817|2.15451|2.33321|4.05178|4.05121,True
J1:ARG1007|J1:ARG879:hydrogen_bond|J2:ARG980:hydrogen_bond|J2:LEU855:hydrophobic|J2:VAL863,5,33,4.239817696754113,43|79|57|35|37,3.42565|2.14661|2.32892|4.05178|4.05121,True
J1:ALA906|J1:LEU881|J1:LEU959|J2:ARG980|J2:VAL863:hydrophobic,5,40,4.213634706525701,53|41|51|71|45,1.31476|4.08656|1.90197|3.20754|4.16755,True
J1:ALA906:hydrophobic|J1:LEU881|J1:LEU959|J2:ARG980|J2:VAL863:hydrophobic,5,40,4.213634706525701,53|41|51|71|45,1.31476|4.08656|1.90197|3.20754|4.16755,True
J1:ALA906:hydrophobic|J1:LEU881:hydrophobic|J1:LEU959|J2:ARG980|J2:LEU855,5,41,4.489181508147025,55|42|53|71|45,1.39872|4.18624|2.04164|3.32935|4.38689,True
J1:ALA906|J1:LEU881:hydrophobic|J1:LEU959|J2:ARG980|J2:LEU855,5,41,4.489181508147025,55|42|53|71|45,1.39872|4.18624|2.04164|3.32935|4.38689,True
J1:ARG1007|J1:ARG879:hydrogen_bond|J2:ARG980:hydrogen_bond|J2:LEU855|J2:VAL863,5,33,4.215450928381962,43|79|57|35|37,3.38921|2.12325|2.30352|4.05178|4.03135,True
J1:ARG1007|J1:ARG879:hydrogen_bond|J2:ARG980:hydrogen_bond|J2:LEU855|J2:VAL863:hydrophobic,5,33,4.215450928381962,43|79|57|35|37,3.45039|2.13098|2.30771|4.05178|4.03135,True
J1:ALA906|J1:LEU881|J1:LEU959|J2:ARG980|J2:VAL863,5,40,4.193759071117562,53|41|51|71|45,1.30602|4.06832|1.89878|3.1881|4.16755,True
J1:ALA906:hydrophobic|J1:LEU881|J1:LEU959|J2:ARG980|J2:VAL863,5,40,4.193759071117562,53|41|51|71|45,1.30602|4.06832|1.89878|3.1881|4.16755,True
J1:ALA906:hydrophobic|J1:LEU959|J2:ARG980|J2:LEU855:hydrophobic|J2:VAL863:hydrophobic,5,37,4.2833133012820515,49|48|65|41|42,1.32658|1.88497|3.11369|4.08656|4.20509,True
J1:ALA906|J1:LEU959|J2:ARG980|J2:LEU855:hydrophobic|J2:VAL863:hydrophobic,5,37,4.2833133012820515,49|48|65|41|42,1.32658|1.88497|3.11369|4.08656|4.20509,True
J1:ALA906:hydrophobic|J1:LEU959|J2:ARG980|J2:LEU855:hydrophobic|J2:VAL863,5,37,4.261119968114786,49|48|65|41|42,1.31695|1.88164|3.08707|4.06832|4.20509,True
J1:ALA906|J1:LEU959|J2:ARG980|J2:LEU855:hydrophobic|J2:VAL863,5,37,4.261119968114786,49|48|65|41|42,1.31695|1.88164|3.08707|4.06832|4.20509,True
J1:ALA906:hydrophobic|J1:LEU959|J2:ARG980|J2:LEU855|J2:VAL863:hydrophobic,5,37,4.261119968114786,49|48|65|41|42,1.30433|1.86846|3.09368|4.08656|4.18624,True
J1:ALA906|J1:LEU959|J2:ARG980|J2:LEU855|J2:VAL863:hydrophobic,5,37,4.261119968114786,49|48|65|41|42,1.30433|1.86846|3.09368|4.08656|4.18624,True
J1:ALA906|J1:LEU881|J1:LEU959|J2:ARG980|J2:LEU855:hydrophobic,5,41,4.360305483989694,55|42|53|71|45,1.3829|4.20509|1.94074|3.27409|4.16755,True
J1:ALA906:hydrophobic|J1:LEU881|J1:LEU959|J2:ARG980|J2:LEU855:hydrophobic,5,41,4.360305483989694,55|42|53|71|45,1.3829|4.20509|1.94074|3.27409|4.16755,True
J1:ALA906:hydrophobic|J1:LEU959|J2:ARG980|J2:LEU855|J2:VAL863,5,37,4.239155432196669,49|48|65|41|42,1.29503|1.8652|3.06741|4.06832|4.18624,True
J1:ALA906|J1:LEU959|J2:ARG980|J2:LEU855|J2:VAL863,5,37,4.239155432196669,49|48|65|41|42,1.29503|1.8652|3.06741|4.06832|4.18624,True
J1:ALA906|J1:LEU881|J1:LEU959|J2:ARG980|J2:LEU855,5,41,4.339542124542124,55|42|53|71|45,1.35831|4.18624|1.92803|3.24714|4.16755,True
J1:ALA906:hydrophobic|J1:LEU881|J1:LEU959|J2:ARG980|J2:LEU855,5,41,4.339542124542124,55|42|53|71|45,1.35831|4.18624|1.92803|3.24714|4.16755,True
J1:ALA906:hydrophobic|J1:LEU1010|J1:LEU881:hydrophobic|J1:LEU959|J2:ARG980,5,43,4.344353146853146,54|45|43|55|75,1.37329|4.38689|3.91704|2.05805|3.30103,True
J1:ALA906:hydrophobic|J1:LEU1010:hydrophobic|J1:LEU881:hydrophobic|J1:LEU959|J2:ARG980,5,43,4.344353146853146,54|45|43|55|75,1.37329|4.38689|3.91704|2.05805|3.30103,True
J1:ALA906|J1:LEU1010:hydrophobic|J1:LEU881:hydrophobic|J1:LEU959|J2:ARG980,5,43,4.344353146853146,54|45|43|55|75,1.37329|4.38689|3.91704|2.05805|3.30103,True
J1:ALA906|J1:LEU1010|J1:LEU881:hydrophobic|J1:LEU959|J2:ARG980,5,43,4.344353146853146,54|45|43|55|75,1.37329|4.38689|3.91704|2.05805|3.30103,True
J1:ALA906|J1:LEU881:hydrophobic|J1:LEU959:hydrogen_bond|J1:VAL889|J2:LYS882:hydrogen_bond,5,18,4.167548076923077,22|18|23|20|59,1.14787|3.44901|1.78125|3.79947|3.62262,True
J1:ALA906|J1:LEU881:hydrophobic|J1:LEU959:hydrogen_bond|J1:VAL889:hydrophobic|J2:LYS882:hydrogen_bond,5,18,4.167548076923077,22|18|23|20|58,1.14787|3.44901|1.78748|3.79947|3.57108,True
J1:ALA906:hydrophobic|J1:LEU881:hydrophobic|J1:LEU959:hydrogen_bond|J1:VAL889|J2:LYS882:hydrogen_bond,5,18,4.167548076923077,22|18|23|20|59,1.14787|3.44901|1.78125|3.79947|3.62262,True
J1:ALA906:hydrophobic|J1:LEU881:hydrophobic|J1:LEU959:hydrogen_bond|J1:VAL889:hydrophobic|J2:LYS882:hydrogen_bond,5,18,4.167548076923077,22|18|23|20|58,1.14787|3.44901|1.78748|3.79947|3.57108,True
J1:ALA906:hydrophobic|J1:LEU881:hydrophobic|J1:LEU959:hydrogen_bond|J2:ARG980|J2:LEU983,5,35,4.274408284023669,47|36|47|63|45,1.2678|3.88432|1.84897|3.16809|4.8554,False
J1:ALA906:hydrophobic|J1:LEU881:hydrophobic|J1:LEU959:hydrogen_bond|J2:ARG980|J2:LEU983:hydrophobic,5,35,4.274408284023669,47|36|47|63|45,1.2678|3.88432|1.84897|3.16809|4.8554,False
J1:ALA906|J1:LEU881:hydrophobic|J1:LEU959:hydrogen_bond|J2:ARG980|J2:LEU983,5,35,4.274408284023669,47|36|47|63|45,1.2678|3.88432|1.84897|3.16809|4.8554,False
J1:ALA906|J1:LEU881:hydrophobic|J1:LEU959:hydrogen_bond|J2:ARG980|J2:LEU983:hydrophobic,5,35,4.274408284023669,47|36|47|63|45,1.2678|3.88432|1.84897|3.16809|4.8554,False
J1:ALA906:hydrophobic|J1:ARG1007:hydrogen_bond|J1:LEU959:hydrogen_bond|J2:LEU855|J2:TYR931,5,14,3.8416904083570746,20|46|19|15|30,1.6775|5.94441|1.51366|3.87679|2.81353,False
J1:ALA906|J1:ARG1007:hydrogen_bond|J1:LEU959:hydrogen_bond|J2:LEU855|J2:TYR931,5,14,3.8416904083570746,20|46|19|15|30,1.6775|5.94441|1.51366|3.87679|2.81353,False
J1:ALA906:hydrophobic|J1:ARG1007:hydrogen_bond|J1:LEU959:hydrogen_bond|J2:LEU855:hydrophobic|J2:TYR931,5,14,3.889711538461538,20|46|19|15|30,1.69026|5.97917|1.51911|3.87679|2.84961,False
J1:ALA906|J1:ARG1007:hydrogen_bond|J1:LEU959:hydrogen_bond|J2:LEU855:hydrophobic|J2:TYR931,5,14,3.889711538461538,20|46|19|15|30,1.69026|5.97917|1.51911|3.87679|2.84961,False
J1:ALA906|J1:LEU1010|J1:LEU959|J2:ARG980|J2:VAL863:hydrophobic,5,38,4.022014652014652,47|41|49|69|43,1.22613|4.08656|1.83663|2.9722|3.91704,True
J1:ALA906:hydrophobic|J1:LEU1010|J1:LEU959|J2:ARG980|J2:VAL863:hydrophobic,5,38,4.022014652014652,47|41|49|69|43,1.22613|4.08656|1.83663|2.9722|3.91704,True
J1:ALA906:hydrophobic|J1:LEU1010:hydrophobic|J1:LEU959|J2:ARG980|J2:VAL863:hydrophobic,5,38,4.022014652014652,47|41|49|69|43,1.22613|4.08656|1.83663|2.9722|3.91704,True
J1:ALA906|J1:LEU1010:hydrophobic|J1:LEU959|J2:ARG980|J2:VAL863:hydrophobic,5,38,4.022014652014652,47|41|49|69|43,1.22613|4.08656|1.83663|2.9722|3.91704,True
J1:ALA906|J1:LEU1010:hydrophobic|J1:LEU959|J2:ARG980|J2:VAL863,5,38,4.0029529711994165,47|41|49|69|43,1.21898|4.06832|1.83353|2.95502|3.91704,True
J1:ALA906:hydrophobic|J1:LEU1010:hydrophobic|J1:LEU959|J2:ARG980|J2:VAL863,5,38,4.0029529711994165,47|41|49|69|43,1.21898|4.06832|1.83353|2.95502|3.91704,True
J1:ALA906|J1:LEU1010|J1:LEU959|J2:ARG980|J2:VAL863,5,38,4.0029529711994165,47|41|49|69|43,1.21898|4.06832|1.83353|2.95502|3.91704,True
J1:ALA906:hydrophobic|J1:LEU1010|J1:LEU959|J2:ARG980|J2:VAL863,5,38,4.0029529711994165,47|41|49|69|43,1.21898|4.06832|1.83353|2.95502|3.91704,True
J1:ALA906:hydrophobic|J1:ARG1007:hydrogen_bond|J1:LEU881:hydrophobic|J1:LEU959:hydrogen_bond|J2:TYR931,5,15,4.016913809082483,21|47|15|20|34,1.85224|6.21825|3.87679|1.6224|3.10994,False
J1:ALA906|J1:ARG1007:hydrogen_bond|J1:LEU881:hydrophobic|J1:LEU959:hydrogen_bond|J2:TYR931,5,15,4.016913809082483,21|47|15|20|34,1.85224|6.21825|3.87679|1.6224|3.10994,False
J1:ALA906:hydrophobic|J1:ARG1007:hydrogen_bond|J1:LEU881|J1:LEU959:hydrogen_bond|J2:TYR931,5,15,4.016913809082483,21|47|15|20|34,1.83045|6.14509|3.87679|1.59333|3.02286,False
J1:ALA906|J1:ARG1007:hydrogen_bond|J1:LEU881|J1:LEU959:hydrogen_bond|J2:TYR931,5,15,4.016913809082483,21|47|15|20|34,1.83045|6.14509|3.87679|1.59333|3.02286,False
J1:ALA906|J1:ARG1007|J1:LEU881:hydrophobic|J1:LEU959:hydrogen_bond|J1:VAL889,5,40,4.116096866096866,46|59|41|50|53,1.07286|3.62262|3.63069|1.68386|3.81238,True
J1:ALA906|J1:ARG1007|J1:LEU881:hydrophobic|J1:LEU959:hydrogen_bond|J1:VAL889:hydrophobic,5,40,4.116096866096866,46|58|41|50|53,1.07286|3.57108|3.63069|1.68641|3.81238,True
J1:ALA906:hydrophobic|J1:ARG1007|J1:LEU881:hydrophobic|J1:LEU959:hydrogen_bond|J1:VAL889,5,40,4.116096866096866,46|59|41|50|53,1.07286|3.62262|3.63069|1.68386|3.81238,True
J1:ALA906:hydrophobic|J1:ARG1007|J1:LEU881:hydrophobic|J1:LEU959:hydrogen_bond|J1:VAL889:hydrophobic,5,40,4.116096866096866,46|58|41|50|53,1.07286|3.57108|3.63069|1.68641|3.81238,True
J1:ALA906|J1:LEU881:hydrophobic|J1:LEU959:hydrogen_bond|J1:VAL889|J2:LYS882,5,18,4.0412587412587415,22|18|23|20|59,1.06303|3.30648|1.56336|3.70449|3.62262,True
J1:ALA906|J1:LEU881:hydrophobic|J1:LEU959:hydrogen_bond|J1:VAL889:hydrophobic|J2:LYS882,5,18,4.0412587412587415,22|18|23|20|58,1.06303|3.30648|1.56816|3.70449|3.57108,True
J1:ALA906:hydrophobic|J1:LEU881:hydrophobic|J1:LEU959:hydrogen_bond|J1:VAL889|J2:LYS882,5,18,4.0412587412587415,22|18|23|20|59,1.06303|3.30648|1.56336|3.70449|3.62262,True
J1:ALA906:hydrophobic|J1:LEU881:hydrophobic|J1:LEU959:hydrogen_bond|J1:VAL889:hydrophobic|J2:LYS882,5,18,4.0412587412587415,22|18|23|20|58,1.06303|3.30648|1.56816|3.70449|3.57108,True
J1:ALA906|J1:LEU881:hydrophobic|J1:LEU959:hydrogen_bond|J1:VAL889|J2:ASN981:hydrophobic,5,18,3.8103296703296703,25|19|23|22|59,1.01215|3.32529|1.57298|3.4928|3.62262,True
J1:ALA906|J1:LEU881:hydrophobic|J1:LEU959:hydrogen_bond|J1:VAL889:hydrophobic|J2:ASN981:hydrophobic,5,18,3.8103296703296703,25|19|23|22|58,1.01586|3.32529|1.57784|3.4928|3.57108,True
J1:ALA906:hydrophobic|J1:LEU881:hydrophobic|J1:LEU959:hydrogen_bond|J1:VAL889|J2:ASN981:hydrophobic,5,18,3.8103296703296703,25|19|23|22|59,1.01215|3.32529|1.57298|3.4928|3.62262,True
J1:ALA906:hydrophobic|J1:LEU881:hydrophobic|J1:LEU959:hydrogen_bond|J1:VAL889:hydrophobic|J2:ASN981:hydrophobic,5,18,3.8103296703296703,25|19|23|22|58,1.01586|3.32529|1.57784|3.4928|3.57108,True
J1:ALA906|J1:LEU1010|J1:LEU881|J1:LEU959|J2:ARG980,5,43,4.137479187479187,54|45|43|55|75,1.32771|4.16755|3.91704|1.93431|3.19965,True
J1:ALA906|J1:LEU1010:hydrophobic|J1:LEU881|J1:LEU959|J2:ARG980,5,43,4.137479187479187,54|45|43|55|75,1.32771|4.16755|3.91704|1.93431|3.19965,True
J1:ALA906:hydrophobic|J1:LEU1010:hydrophobic|J1:LEU881|J1:LEU959|J2:ARG980,5,43,4.137479187479187,54|45|43|55|75,1.32771|4.16755|3.91704|1.93431|3.19965,True
J1:ALA906:hydrophobic|J1:LEU1010|J1:LEU881|J1:LEU959|J2:ARG980,5,43,4.137479187479187,54|45|43|55|75,1.32771|4.16755|3.91704|1.93431|3.19965,True
J1:ALA906|J1:LEU881|J1:LEU959:hydrogen_bond|J1:VAL889|J2:ASN981:hydrophobic,5,18,3.704487179487179,25|19|23|22|59,0.99583|3.32529|1.50359|3.39578|3.48774,True
J1:ALA906|J1:LEU881|J1:LEU959:hydrogen_bond|J1:VAL889:hydrophobic|J2:ASN981:hydrophobic,5,18,3.704487179487179,25|19|23|22|58,0.999412|3.32529|1.50802|3.39578|3.43776,True
J1:ALA906:hydrophobic|J1:LEU881|J1:LEU959:hydrogen_bond|J1:VAL889|J2:ASN981:hydrophobic,5,18,3.704487179487179,25|19|23|22|59,0.99583|3.32529|1.50359|3.39578|3.48774,True
J1:ALA906:hydrophobic|J1:LEU881|J1:LEU959:hydrogen_bond|J1:VAL889:hydrophobic|J2:ASN981:hydrophobic,5,18,3.704487179487179,25|19|23|22|58,0.999412|3.32529|1.50802|3.39578|3.43776,True
J1:ALA906:hydrophobic|J1:ARG879:hydrogen_bond|J1:LEU1010:hydrophobic|J1:LEU881:hydrophobic|J2:VAL863:hydrophobic,5,43,4.364190375834211,84|93|44|43|49,2.14113|1.79125|4.04126|4.30521|4.39161,True
J1:ALA906|J1:ARG879:hydrogen_bond|J1:LEU1010:hydrophobic|J1:LEU881:hydrophobic|J2:VAL863:hydrophobic,5,43,4.364190375834211,84|93|44|43|49,2.14113|1.79125|4.04126|4.30521|4.39161,True
J1:ALA906:hydrophobic|J1:ARG879:hydrogen_bond|J1:LEU1010|J1:LEU881:hydrophobic|J2:VAL863:hydrophobic,5,43,4.364190375834211,84|93|44|43|49,2.14113|1.79125|4.04126|4.30521|4.39161,True
J1:ALA906|J1:ARG879:hydrogen_bond|J1:LEU1010|J1:LEU881:hydrophobic|J2:VAL863:hydrophobic,5,43,4.364190375834211,84|93|44|43|49,2.14113|1.79125|4.04126|4.30521|4.39161,True
J1:ALA906:hydrophobic|J1:LEU1010|J1:LEU959|J2:ARG980|J2:LEU855:hydrophobic,5,39,4.127857142857143,49|42|51|68|43,1.28737|4.20509|1.88929|3.08455|3.91704,True
J1:ALA906:hydrophobic|J1:LEU1010:hydrophobic|J1:LEU959|J2:ARG980|J2:LEU855:hydrophobic,5,39,4.127857142857143,49|42|51|68|43,1.28737|4.20509|1.88929|3.08455|3.91704,True
J1:ALA906|J1:LEU1010:hydrophobic|J1:LEU959|J2:ARG980|J2:LEU855:hydrophobic,5,39,4.127857142857143,49|42|51|68|43,1.28737|4.20509|1.88929|3.08455|3.91704,True
J1:ALA906|J1:LEU1010|J1:LEU959|J2:ARG980|J2:LEU855:hydrophobic,5,39,4.127857142857143,49|42|51|68|43,1.28737|4.20509|1.88929|3.08455|3.91704,True
J1:ALA906:hydrophobic|J1:LEU1010:hydrophobic|J1:LEU959|J2:ARG980|J2:LEU855,5,39,4.108293838862559,49|42|51|68|43,1.26642|4.18624|1.87678|3.05958|3.91704,True
J1:ALA906|J1:LEU1010:hydrophobic|J1:LEU959|J2:ARG980|J2:LEU855,5,39,4.108293838862559,49|42|51|68|43,1.26642|4.18624|1.87678|3.05958|3.91704,True
J1:ALA906|J1:LEU1010|J1:LEU959|J2:ARG980|J2:LEU855,5,39,4.108293838862559,49|42|51|68|43,1.26642|4.18624|1.87678|3.05958|3.91704,True
J1:ALA906:hydrophobic|J1:LEU1010|J1:LEU959|J2:ARG980|J2:LEU855,5,39,4.108293838862559,49|42|51|68|43,1.26642|4.18624|1.87678|3.05958|3.91704,True
J1:ALA906|J1:LEU1010|J1:LEU881:hydrophobic|J1:LEU959:hydrogen_bond|J2:LYS882:hydrogen_bond,5,20,4.1545650611071165,24|20|20|28|75,1.19073|3.79947|3.44603|1.88592|3.63978,True
J1:ALA906|J1:LEU881:hydrophobic|J1:LEU959|J1:VAL889|J2:LYS882:hydrogen_bond,5,18,3.961233815689261,22|18|23|20|59,1.09394|3.30648|1.78125|3.52808|3.3886,True
J1:ALA906:hydrophobic|J1:LEU1010|J1:LEU881:hydrophobic|J1:LEU959:hydrogen_bond|J2:LYS882:hydrogen_bond,5,20,4.1545650611071165,24|20|20|28|75,1.19073|3.79947|3.44603|1.88592|3.63978,True
J1:ALA906|J1:LEU881:hydrophobic|J1:LEU959|J1:VAL889:hydrophobic|J2:LYS882:hydrogen_bond,5,18,3.961233815689261,22|18|23|20|58,1.09394|3.30648|1.78748|3.52808|3.3398,True
J1:ALA906:hydrophobic|J1:LEU881:hydrophobic|J1:LEU959|J1:VAL889|J2:LYS882:hydrogen_bond,5,18,3.961233815689261,22|18|23|20|59,1.09394|3.30648|1.78125|3.52808|3.3886,True
J1:ALA906:hydrophobic|J1:LEU881:hydrophobic|J1:LEU959|J1:VAL889:hydrophobic|J2:LYS882:hydrogen_bond,5,18,3.961233815689261,22|18|23|20|58,1.09394|3.30648|1.78748|3.52808|3.3398,True
J1:ALA906:hydrophobic|J1:LEU1010:hydrophobic|J1:LEU881:hydrophobic|J1:LEU959:hydrogen_bond|J2:LYS882:hydrogen_bond,5,20,4.1545650611071165,24|20|20|28|75,1.19073|3.79947|3.44603|1.88592|3.63978,True
J1:ALA906|J1:LEU1010:hydrophobic|J1:LEU881:hydrophobic|J1:LEU959:hydrogen_bond|J2:LYS882:hydrogen_bond,5,20,4.1545650611071165,24|20|20|28|75,1.19073|3.79947|3.44603|1.88592|3.63978,True
J1:ALA906:hydrophobic|J1:ARG1007|J1:LEU881|J1:LEU959:hydrogen_bond|J1:VAL889,5,40,3.9868920317350804,46|59|41|50|53,1.04437|3.48774|3.63069|1.61768|3.70449,True
J1:ALA906|J1:ARG1007|J1:LEU881|J1:LEU959:hydrogen_bond|J1:VAL889,5,40,3.9868920317350804,46|59|41|50|53,1.04437|3.48774|3.63069|1.61768|3.70449,True
J1:ALA906:hydrophobic|J1:ARG1007|J1:LEU881|J1:LEU959:hydrogen_bond|J1:VAL889:hydrophobic,5,40,3.9868920317350804,46|58|41|50|53,1.04437|3.43776|3.63069|1.62004|3.70449,True
J1:ALA906|J1:ARG1007|J1:LEU881|J1:LEU959:hydrogen_bond|J1:VAL889:hydrophobic,5,40,3.9868920317350804,46|58|41|50|53,1.04437|3.43776|3.63069|1.62004|3.70449,True
J1:ALA906:hydrophobic|J1:LEU881:hydrophobic|J1:LEU959:hydrogen_bond|J1:VAL889|J2:ASN981,5,18,3.704487179487179,25|19|23|22|59,0.981755|3.24855|1.53982|3.39578|3.62262,True
J1:ALA906:hydrophobic|J1:LEU881:hydrophobic|J1:LEU959:hydrogen_bond|J1:VAL889:hydrophobic|J2:ASN981,5,18,3.704487179487179,25|19|23|22|58,0.985236|3.24855|1.54447|3.39578|3.57108,True
J1:ALA906|J1:LEU881:hydrophobic|J1:LEU959:hydrogen_bond|J1:VAL889|J2:ASN981,5,18,3.704487179487179,25|19|23|22|59,0.981755|3.24855|1.53982|3.39578|3.62262,True
J1:ALA906|J1:LEU881:hydrophobic|J1:LEU959:hydrogen_bond|J1:VAL889:hydrophobic|J2:ASN981,5,18,3.704487179487179,25|19|23|22|58,0.985236|3.24855|1.54447|3.39578|3.57108,True
J1:ALA906|J1:ARG879:hydrogen_bond|J1:LEU1010|J1:LEU881:hydrophobic|J2:VAL863,5,43,4.3246954403063,84|93|44|43|49,2.12166|1.78815|4.00813|4.26678|4.39161,True
J1:ALA906|J1:LEU881:hydrophobic|J1:LEU959:hydrogen_bond|J2:LEU855:hydrophobic|J2:VAL863:hydrophobic,5,64,3.723882400322191,85|65|87|71|71,0.967378|3.42358|1.74211|3.6446|3.68718,True
J1:ALA906:hydrophobic|J1:LEU881:hydrophobic|J1:LEU959:hydrogen_bond|J2:LEU855:hydrophobic|J2:VAL863:hydrophobic,5,64,3.723882400322191,85|65|87|71|71,0.967378|3.42358|1.74211|3.6446|3.68718,True
J1:ALA906:hydrophobic|J1:ARG879|J1:LEU1010|J1:LEU881:hydrophobic|J2:VAL863:hydrophobic,5,44,4.233699633699633,86|93|45|45|51,1.99949|1.79125|3.93784|4.25622|4.34319,True
J1:ALA906|J1:ARG879|J1:LEU1010:hydrophobic|J1:LEU881:hydrophobic|J2:VAL863:hydrophobic,5,44,4.233699633699633,86|93|45|45|51,1.99949|1.79125|3.93784|4.25622|4.34319,True
J1:ALA906:hydrophobic|J1:ARG879|J1:LEU1010:hydrophobic|J1:LEU881:hydrophobic|J2:VAL863:hydrophobic,5,44,4.233699633699633,86|93|45|45|51,1.99949|1.79125|3.93784|4.25622|4.34319,True
J1:ALA906|J1:ARG879|J1:LEU1010|J1:LEU881:hydrophobic|J2:VAL863:hydrophobic,5,44,4.233699633699633,86|93|45|45|51,1.99949|1.79125|3.93784|4.25622|4.34319,True
J1:ALA906|J1:LEU881:hydrophobic|J1:LEU959:hydrogen_bond|J1:VAL889:hydrophobic|J2:LEU855:hydrophobic,5,53,3.7516780989710923,67|54|65|71|58,0.875487|3.40981|1.516|3.68718|3.57108,True
J1:ALA906:hydrophobic|J1:LEU881:hydrophobic|J1:LEU959:hydrogen_bond|J1:VAL889|J2:LEU855:hydrophobic,5,54,3.8103296703296703,68|55|66|71|59,0.88595|3.46312|1.53771|3.68718|3.62262,True
J1:ALA906:hydrophobic|J1:LEU881:hydrophobic|J1:LEU959:hydrogen_bond|J1:VAL889:hydrophobic|J2:LEU855:hydrophobic,5,53,3.7516780989710923,67|54|65|71|58,0.875487|3.40981|1.516|3.68718|3.57108,True
J1:ALA906|J1:LEU881:hydrophobic|J1:LEU959:hydrogen_bond|J1:VAL889|J2:LEU855:hydrophobic,5,54,3.8103296703296703,68|55|66|71|59,0.88595|3.46312|1.53771|3.68718|3.62262,True
J1:ALA906|J1:LEU881|J1:LEU959:hydrogen_bond|J1:VAL889:hydrophobic|J2:LYS882:hydrogen_bond,5,18,3.8843166542195666,22|18|23|20|58,1.10133|3.44901|1.69278|3.58499|3.43776,True
J1:ALA906|J1:LEU881|J1:LEU959:hydrogen_bond|J1:VAL889|J2:LYS882:hydrogen_bond,5,18,3.8843166542195666,22|18|23|20|59,1.10133|3.44901|1.68719|3.58499|3.48774,True
J1:ALA906:hydrophobic|J1:LEU881|J1:LEU959:hydrogen_bond|J1:VAL889|J2:LYS882:hydrogen_bond,5,18,3.8843166542195666,22|18|23|20|59,1.10133|3.44901|1.68719|3.58499|3.48774,True
J1:ALA906:hydrophobic|J1:LEU881|J1:LEU959:hydrogen_bond|J1:VAL889:hydrophobic|J2:LYS882:hydrogen_bond,5,18,3.8843166542195666,22|18|23|20|58,1.10133|3.44901|1.69278|3.58499|3.43776,True
J1:ALA906|J1:LEU881:hydrophobic|J1:LEU959:hydrogen_bond|J2:LEU855|J2:VAL863:hydrophobic,5,64,3.704487179487179,85|65|87|71|71,0.952262|3.40743|1.72194|3.6446|3.66151,True
J1:ALA906:hydrophobic|J1:LEU881:hydrophobic|J1:LEU959:hydrogen_bond|J2:LEU855|J2:VAL863:hydrophobic,5,64,3.704487179487179,85|65|87|71|71,0.952262|3.40743|1.72194|3.6446|3.66151,True
J1:ALA906:hydrophobic|J1:LEU881|J1:LEU959:hydrogen_bond|J1:VAL889|J2:ASN981,5,18,3.6043659043659044,25|19|23|22|59,0.966388|3.24855|1.47325|3.304|3.48774,True
J1:ALA906:hydrophobic|J1:LEU881|J1:LEU959:hydrogen_bond|J1:VAL889:hydrophobic|J2:ASN981,5,18,3.6043659043659044,25|19|23|22|58,0.969761|3.24855|1.47751|3.304|3.43776,True
J1:ALA906|J1:LEU881|J1:LEU959:hydrogen_bond|J1:VAL889|J2:ASN981,5,18,3.6043659043659044,25|19|23|22|59,0.966388|3.24855|1.47325|3.304|3.48774,True
J1:ALA906|J1:LEU881|J1:LEU959:hydrogen_bond|J1:VAL889:hydrophobic|J2:ASN981,5,18,3.6043659043659044,25|19|23|22|58,0.969761|3.24855|1.47751|3.304|3.43776,True
J1:ALA906|J1:LEU881:hydrophobic|J1:LEU959:hydrogen_bond|J1:VAL889|J2:LEU855,5,54,3.7862897355010916,68|55|66|71|59,0.871644|3.44361|1.51861|3.66151|3.62262,True
J1:ALA906|J1:LEU881:hydrophobic|J1:LEU959:hydrogen_bond|J1:VAL889:hydrophobic|J2:LEU855,5,53,3.7279333008763387,67|54|65|71|58,0.861309|3.39055|1.49715|3.66151|3.57108,True
J1:ALA906:hydrophobic|J1:LEU881:hydrophobic|J1:LEU959:hydrogen_bond|J1:VAL889:hydrophobic|J2:LEU855,5,53,3.7279333008763387,67|54|65|71|58,0.861309|3.39055|1.49715|3.66151|3.57108,True
J1:ALA906:hydrophobic|J1:LEU881:hydrophobic|J1:LEU959:hydrogen_bond|J1:VAL889|J2:LEU855,5,54,3.7862897355010916,68|55|66|71|59,0.871644|3.44361|1.51861|3.66151|3.62262,True
J1:ALA906:hydrophobic|J1:LEU881:hydrophobic|J1:LEU959:hydrogen_bond|J2:LEU855:hydrophobic|J2:VAL863,5,64,3.6948651348651347,85|65|87|71|71,0.96294|3.39143|1.73741|3.61952|3.68718,True
J1:ALA906|J1:LEU881:hydrophobic|J1:LEU959:hydrogen_bond|J2:LEU855:hydrophobic|J2:VAL863,5,64,3.6948651348651347,85|65|87|71|71,0.96294|3.39143|1.73741|3.61952|3.68718,True
J1:ALA906|J1:LEU1010|J1:LEU881:hydrophobic|J1:LEU959:hydrogen_bond|J2:VAL863:hydrophobic,5,68,3.72273588480485,88|71|69|93|75,0.986369|3.6446|3.27006|1.79125|3.63978,True
J1:ALA906:hydrophobic|J1:LEU1010|J1:LEU881:hydrophobic|J1:LEU959:hydrogen_bond|J2:VAL863:hydrophobic,5,68,3.72273588480485,88|71|69|93|75,0.986369|3.6446|3.27006|1.79125|3.63978,True
J1:ALA906:hydrophobic|J1:LEU1010:hydrophobic|J1:LEU881:hydrophobic|J1:LEU959:hydrogen_bond|J2:VAL863:hydrophobic,5,68,3.72273588480485,88|71|69|93|75,0.986369|3.6446|3.27006|1.79125|3.63978,True
J1:ALA906|J1:LEU1010:hydrophobic|J1:LEU881:hydrophobic|J1:LEU959:hydrogen_bond|J2:VAL863:hydrophobic,5,68,3.72273588480485,88|71|69|93|75,0.986369|3.6446|3.27006|1.79125|3.63978,True
J1:ALA906|J1:LEU881:hydrophobic|J1:LEU959:hydrogen_bond|J2:LEU855|J2:VAL863,5,64,3.675770224607434,85|65|87|71|71,0.947962|3.37558|1.71736|3.61952|3.66151,True
J1:ALA906:hydrophobic|J1:LEU881:hydrophobic|J1:LEU959:hydrogen_bond|J2:LEU855|J2:VAL863,5,64,3.675770224607434,85|65|87|71|71,0.947962|3.37558|1.71736|3.61952|3.66151,True
J1:ALA906|J1:ARG879|J1:LEU1010|J1:LEU881:hydrophobic|J2:VAL863,5,44,4.197358864311654,86|93|45|45|51,1.9829|1.78815|3.90708|4.2203|4.34319,True
J1:ALA906:hydrophobic|J1:LEU1010:hydrophobic|J1:LEU881:hydrophobic|J1:LEU959:hydrogen_bond|J2:VAL863,5,68,3.704487179487179,88|71|69|93|75,0.982899|3.61952|3.24927|1.78815|3.63978,True
J1:ALA906|J1:LEU1010:hydrophobic|J1:LEU881:hydrophobic|J1:LEU959:hydrogen_bond|J2:VAL863,5,68,3.704487179487179,88|71|69|93|75,0.982899|3.61952|3.24927|1.78815|3.63978,True
J1:ALA906|J1:LEU1010|J1:LEU881:hydrophobic|J1:LEU959:hydrogen_bond|J2:VAL863,5,68,3.704487179487179,88|71|69|93|75,0.982899|3.61952|3.24927|1.78815|3.63978,True
J1:ALA906:hydrophobic|J1:LEU1010|J1:LEU881:hydrophobic|J1:LEU959:hydrogen_bond|J2:VAL863,5,68,3.704487179487179,88|71|69|93|75,0.982899|3.61952|3.24927|1.78815|3.63978,True
J1:ALA906|J1:LEU881:hydrophobic|J1:LEU959:hydrogen_bond|J1:VAL889|J2:VAL863:hydrophobic,5,53,3.613579518640868,67|55|63|71|59,0.808032|3.18354|1.44659|3.6446|3.62262,True
J1:ALA906|J1:LEU881:hydrophobic|J1:LEU959:hydrogen_bond|J1:VAL889:hydrophobic|J2:VAL863:hydrophobic,5,52,3.5563076923076924,66|54|62|71|58,0.797704|3.13382|1.42657|3.6446|3.57108,True
J1:ALA906:hydrophobic|J1:LEU881:hydrophobic|J1:LEU959:hydrogen_bond|J1:VAL889|J2:VAL863:hydrophobic,5,53,3.613579518640868,67|55|63|71|59,0.808032|3.18354|1.44659|3.6446|3.62262,True
J1:ALA906:hydrophobic|J1:LEU881:hydrophobic|J1:LEU959:hydrogen_bond|J1:VAL889:hydrophobic|J2:VAL863:hydrophobic,5,52,3.5563076923076924,66|54|62|71|58,0.797704|3.13382|1.42657|3.6446|3.57108,True
J1:ALA906:hydrophobic|J1:LEU1010:hydrophobic|J1:LEU881:hydrophobic|J1:LEU959:hydrogen_bond|J2:LYS882,5,20,4.0412587412587415,25|20|20|28|75,1.12713|3.70449|3.31745|1.6775|3.63978,True
J1:ALA906|J1:LEU1010:hydrophobic|J1:LEU881:hydrophobic|J1:LEU959:hydrogen_bond|J2:LYS882,5,20,4.0412587412587415,25|20|20|28|75,1.12713|3.70449|3.31745|1.6775|3.63978,True
J1:ALA906|J1:LEU1010|J1:LEU881:hydrophobic|J1:LEU959:hydrogen_bond|J2:LYS882,5,20,4.0412587412587415,25|20|20|28|75,1.12713|3.70449|3.31745|1.6775|3.63978,True
J1:ALA906:hydrophobic|J1:LEU1010|J1:LEU881:hydrophobic|J1:LEU959:hydrogen_bond|J2:LYS882,5,20,4.0412587412587415,25|20|20|28|75,1.12713|3.70449|3.31745|1.6775|3.63978,True
J1:ALA906|J1:LEU881|J1:LEU959:hydrogen_bond|J2:LEU855:hydrophobic|J2:VAL863:hydrophobic,5,64,3.6381664371434193,86|65|87|71|71,0.958634|3.42358|1.66129|3.53045|3.61124,True
J1:ALA906:hydrophobic|J1:LEU881|J1:LEU959:hydrogen_bond|J2:LEU855:hydrophobic|J2:VAL863:hydrophobic,5,64,3.6381664371434193,86|65|87|71|71,0.958634|3.42358|1.66129|3.53045|3.61124,True
J1:ALA906:hydrophobic|J1:LEU881|J1:LEU959:hydrogen_bond|J1:VAL889|J2:LEU855:hydrophobic,5,54,3.7274964166268516,69|55|66|71|59,0.879895|3.46312|1.47287|3.61124|3.48774,True
J1:ALA906:hydrophobic|J1:LEU881|J1:LEU959:hydrogen_bond|J1:VAL889:hydrophobic|J2:LEU855:hydrophobic,5,53,3.6698658039779533,68|54|65|71|58,0.869638|3.40981|1.45201|3.61124|3.43776,True
J1:ALA906|J1:LEU881|J1:LEU959:hydrogen_bond|J1:VAL889|J2:LEU855:hydrophobic,5,54,3.7274964166268516,69|55|66|71|59,0.879895|3.46312|1.47287|3.61124|3.48774,True
J1:ALA906|J1:LEU881|J1:LEU959:hydrogen_bond|J1:VAL889:hydrophobic|J2:LEU855:hydrophobic,5,53,3.6698658039779533,68|54|65|71|58,0.869638|3.40981|1.45201|3.61124|3.43776,True
J1:ALA906:hydrophobic|J1:LEU1010|J1:LEU881:hydrophobic|J1:LEU959:hydrogen_bond|J1:VAL889,5,57,3.770638736263736,72|59|58|70|75,0.910318|3.62262|3.25546|1.57958|3.63978,True
J1:ALA906:hydrophobic|J1:LEU1010|J1:LEU881:hydrophobic|J1:LEU959:hydrogen_bond|J1:VAL889:hydrophobic,5,56,3.7155453501722158,71|58|57|69|75,0.900235|3.57108|3.20743|1.5586|3.63978,True
J1:ALA906:hydrophobic|J1:LEU1010:hydrophobic|J1:LEU881:hydrophobic|J1:LEU959:hydrogen_bond|J1:VAL889,5,57,3.770638736263736,72|59|58|70|75,0.910318|3.62262|3.25546|1.57958|3.63978,True
J1:ALA906|J1:LEU1010:hydrophobic|J1:LEU881:hydrophobic|J1:LEU959:hydrogen_bond|J1:VAL889,5,57,3.770638736263736,72|59|58|70|75,0.910318|3.62262|3.25546|1.57958|3.63978,True
J1:ALA906:hydrophobic|J1:LEU1010:hydrophobic|J1:LEU881:hydrophobic|J1:LEU959:hydrogen_bond|J1:VAL889:hydrophobic,5,56,3.7155453501722158,71|58|57|69|75,0.900235|3.57108|3.20743|1.5586|3.63978,True
J1:ALA906|J1:LEU1010:hydrophobic|J1:LEU881:hydrophobic|J1:LEU959:hydrogen_bond|J1:VAL889:hydrophobic,5,56,3.7155453501722158,71|58|57|69|75,0.900235|3.57108|3.20743|1.5586|3.63978,True
J1:ALA906|J1:LEU1010|J1:LEU881:hydrophobic|J1:LEU959:hydrogen_bond|J1:VAL889,5,57,3.770638736263736,72|59|58|70|75,0.910318|3.62262|3.25546|1.57958|3.63978,True
J1:ALA906|J1:LEU1010|J1:LEU881:hydrophobic|J1:LEU959:hydrogen_bond|J1:VAL889:hydrophobic,5,56,3.7155453501722158,71|58|57|69|75,0.900235|3.57108|3.20743|1.5586|3.63978,True
J1:ALA906|J1:LEU881|J1:LEU959:hydrogen_bond|J2:LEU855|J2:VAL863:hydrophobic,5,64,3.619651595224114,86|65|87|71|71,0.941633|3.40743|1.64294|3.53045|3.58662,True
J1:ALA906:hydrophobic|J1:LEU881|J1:LEU959:hydrogen_bond|J2:LEU855|J2:VAL863:hydrophobic,5,64,3.619651595224114,86|65|87|71|71,0.941633|3.40743|1.64294|3.53045|3.58662,True
J1:ALA906|J1:LEU881|J1:LEU959:hydrogen_bond|J1:VAL889|J2:LEU855,5,54,3.704487179487179,69|55|66|71|59,0.863546|3.44361|1.45533|3.58662|3.48774,True
J1:ALA906|J1:LEU881|J1:LEU959:hydrogen_bond|J1:VAL889:hydrophobic|J2:LEU855,5,53,3.64714217670874,68|54|65|71|58,0.853434|3.39055|1.43471|3.58662|3.43776,True
J1:ALA906:hydrophobic|J1:LEU881|J1:LEU959:hydrogen_bond|J1:VAL889|J2:LEU855,5,54,3.704487179487179,69|55|66|71|59,0.863546|3.44361|1.45533|3.58662|3.48774,True
J1:ALA906:hydrophobic|J1:LEU881|J1:LEU959:hydrogen_bond|J1:VAL889:hydrophobic|J2:LEU855,5,53,3.64714217670874,68|54|65|71|58,0.853434|3.39055|1.43471|3.58662|3.43776,True
J1:ALA906|J1:LEU881:hydrophobic|J1:LEU959:hydrogen_bond|J1:VAL889:hydrophobic|J2:VAL863,5,52,3.5237804878048777,66|54|62|71|58,0.795109|3.10947|1.42216|3.61952|3.57108,True
J1:ALA906|J1:LEU881:hydrophobic|J1:LEU959:hydrogen_bond|J1:VAL889|J2:VAL863,5,53,3.5806289455225624,67|55|63|71|59,0.80541|3.15887|1.44212|3.61952|3.62262,True
J1:ALA906:hydrophobic|J1:LEU881:hydrophobic|J1:LEU959:hydrogen_bond|J1:VAL889|J2:VAL863,5,53,3.5806289455225624,67|55|63|71|59,0.80541|3.15887|1.44212|3.61952|3.62262,True
J1:ALA906:hydrophobic|J1:LEU881:hydrophobic|J1:LEU959:hydrogen_bond|J1:VAL889:hydrophobic|J2:VAL863,5,52,3.5237804878048777,66|54|62|71|58,0.795109|3.10947|1.42216|3.61952|3.57108,True
J1:ALA906:hydrophobic|J1:LEU881|J1:LEU959:hydrogen_bond|J2:LEU855:hydrophobic|J2:VAL863,5,64,3.6104646622413115,86|65|87|71|71,0.954326|3.39143|1.65702|3.50691|3.61124,True
J1:ALA906|J1:LEU881|J1:LEU959:hydrogen_bond|J2:LEU855:hydrophobic|J2:VAL863,5,64,3.6104646622413115,86|65|87|71|71,0.954326|3.39143|1.65702|3.50691|3.61124,True
J1:ALA906|J1:LEU881|J1:LEU959:hydrogen_bond|J2:LEU855|J2:VAL863,5,64,3.5922299922299925,86|65|87|71|71,0.937477|3.37558|1.63876|3.50691|3.58662,True
J1:ALA906:hydrophobic|J1:LEU881|J1:LEU959:hydrogen_bond|J2:LEU855|J2:VAL863,5,64,3.5922299922299925,86|65|87|71|71,0.937477|3.37558|1.63876|3.50691|3.58662,True
J1:ALA906|J1:LEU881|J1:LEU959:hydrogen_bond|J1:VAL889|J2:LYS882,5,18,3.774383164005805,22|18|23|20|59,1.023|3.30648|1.4861|3.47296|3.48774,True
J1:ALA906|J1:LEU881|J1:LEU959:hydrogen_bond|J1:VAL889:hydrophobic|J2:LYS882,5,18,3.774383164005805,22|18|23|20|58,1.023|3.30648|1.49044|3.47296|3.43776,True
J1:ALA906:hydrophobic|J1:LEU881|J1:LEU959:hydrogen_bond|J1:VAL889|J2:LYS882,5,18,3.774383164005805,22|18|23|20|59,1.023|3.30648|1.4861|3.47296|3.48774,True
J1:ALA906:hydrophobic|J1:LEU881|J1:LEU959:hydrogen_bond|J1:VAL889:hydrophobic|J2:LYS882,5,18,3.774383164005805,22|18|23|20|58,1.023|3.30648|1.49044|3.47296|3.43776,True
J1:ALA906:hydrophobic|J1:LEU881:hydrophobic|J1:LEU959|J1:VAL889|J2:LYS882,5,18,3.774383164005805,22|18|23|20|59,1.00203|3.10143|1.56336|3.39342|3.3886,True
J1:ALA906|J1:LEU881:hydrophobic|J1:LEU959|J1:VAL889|J2:LYS882,5,18,3.774383164005805,22|18|23|20|59,1.00203|3.10143|1.56336|3.39342|3.3886,True
J1:ALA906:hydrophobic|J1:LEU881:hydrophobic|J1:LEU959|J1:VAL889:hydrophobic|J2:LYS882,5,18,3.774383164005805,22|18|23|20|58,1.00203|3.10143|1.56816|3.39342|3.3398,True
J1:ALA906|J1:LEU881:hydrophobic|J1:LEU959|J1:VAL889:hydrophobic|J2:LYS882,5,18,3.774383164005805,22|18|23|20|58,1.00203|3.10143|1.56816|3.39342|3.3398,True
J1:ALA906:hydrophobic|J1:LEU1010|J1:LEU881|J1:LEU959:hydrogen_bond|J2:VAL863:hydrophobic,5,68,3.6158630842841366,88|71|69|93|75,0.964007|3.53045|3.27006|1.70694|3.53182,True
J1:ALA906|J1:LEU1010:hydrophobic|J1:LEU881|J1:LEU959:hydrogen_bond|J2:VAL863:hydrophobic,5,68,3.6158630842841366,88|71|69|93|75,0.964007|3.53045|3.27006|1.70694|3.53182,True
J1:ALA906:hydrophobic|J1:LEU1010:hydrophobic|J1:LEU881|J1:LEU959:hydrogen_bond|J2:VAL863:hydrophobic,5,68,3.6158630842841366,88|71|69|93|75,0.964007|3.53045|3.27006|1.70694|3.53182,True
J1:ALA906|J1:LEU1010|J1:LEU881|J1:LEU959:hydrogen_bond|J2:VAL863:hydrophobic,5,68,3.6158630842841366,88|71|69|93|75,0.964007|3.53045|3.27006|1.70694|3.53182,True
J1:ALA906:hydrophobic|J1:LEU1010:hydrophobic|J1:LEU881|J1:LEU959:hydrogen_bond|J2:VAL863,5,68,3.5986446886446886,88|71|69|93|75,0.960692|3.50691|3.24927|1.70413|3.53182,True
J1:ALA906|J1:LEU1010|J1:LEU881|J1:LEU959:hydrogen_bond|J2:VAL863,5,68,3.5986446886446886,88|71|69|93|75,0.960692|3.50691|3.24927|1.70413|3.53182,True
J1:ALA906:hydrophobic|J1:LEU1010|J1:LEU881|J1:LEU959:hydrogen_bond|J2:VAL863,5,68,3.5986446886446886,88|71|69|93|75,0.960692|3.50691|3.24927|1.70413|3.53182,True
J1:ALA906|J1:LEU1010:hydrophobic|J1:LEU881|J1:LEU959:hydrogen_bond|J2:VAL863,5,68,3.5986446886446886,88|71|69|93|75,0.960692|3.50691|3.24927|1.70413|3.53182,True
J1:ALA906:hydrophobic|J1:LEU1010|J1:LEU881:hydrophobic|J1:LEU959:hydrogen_bond|J2:LEU855:hydrophobic,5,68,3.769154037981968,87|71|68|94|75,1.01776|3.68718|3.40412|1.79342|3.63978,True
J1:ALA906:hydrophobic|J1:LEU1010:hydrophobic|J1:LEU881:hydrophobic|J1:LEU959:hydrogen_bond|J2:LEU855:hydrophobic,5,68,3.769154037981968,87|71|68|94|75,1.01776|3.68718|3.40412|1.79342|3.63978,True
J1:ALA906|J1:LEU1010:hydrophobic|J1:LEU881:hydrophobic|J1:LEU959:hydrogen_bond|J2:LEU855:hydrophobic,5,68,3.769154037981968,87|71|68|94|75,1.01776|3.68718|3.40412|1.79342|3.63978,True
J1:ALA906|J1:LEU1010|J1:LEU881:hydrophobic|J1:LEU959:hydrogen_bond|J2:LEU855:hydrophobic,5,68,3.769154037981968,87|71|68|94|75,1.01776|3.68718|3.40412|1.79342|3.63978,True
J1:ARG1007|J1:ARG879|J1:LEU1010|J1:LEU881:hydrophobic|J2:ASN859:hydrogen_bond,5,25,4.116096866096866,32|52|26|25|71,3.74348|2.22697|2.9335|3.78009|2.88503,True
J1:ARG1007|J1:ARG879|J1:LEU1010:hydrophobic|J1:LEU881:hydrophobic|J2:ASN859:hydrogen_bond,5,25,4.116096866096866,32|52|26|25|71,3.74348|2.22697|2.9335|3.78009|2.88503,True
J1:ALA906:hydrophobic|J1:LEU1010:hydrophobic|J1:LEU881:hydrophobic|J1:LEU959:hydrogen_bond|J2:LEU855,5,68,3.741165270373191,87|71|68|94|75,1.00454|3.66151|3.38128|1.77062|3.63978,True
J1:ALA906|J1:LEU1010:hydrophobic|J1:LEU881:hydrophobic|J1:LEU959:hydrogen_bond|J2:LEU855,5,68,3.741165270373191,87|71|68|94|75,1.00454|3.66151|3.38128|1.77062|3.63978,True
J1:ALA906|J1:LEU1010|J1:LEU881:hydrophobic|J1:LEU959:hydrogen_bond|J2:LEU855,5,68,3.741165270373191,87|71|68|94|75,1.00454|3.66151|3.38128|1.77062|3.63978,True
J1:ALA906:hydrophobic|J1:LEU1010|J1:LEU881:hydrophobic|J1:LEU959:hydrogen_bond|J2:LEU855,5,68,3.741165270373191,87|71|68|94|75,1.00454|3.66151|3.38128|1.77062|3.63978,True
J1:ALA906|J1:LEU881|J1:LEU959|J1:VAL889|J2:LYS882:hydrogen_bond,5,18,3.704487179487179,22|18|23|20|59,1.04041|3.30648|1.68719|3.34239|3.25407,True
J1:ALA906|J1:LEU881|J1:LEU959|J1:VAL889:hydrophobic|J2:LYS882:hydrogen_bond,5,18,3.704487179487179,22|18|23|20|58,1.04041|3.30648|1.69278|3.34239|3.20687,True
J1:ALA906:hydrophobic|J1:LEU1010|J1:LEU881|J1:LEU959:hydrogen_bond|J2:LYS882:hydrogen_bond,5,20,3.899460188933873,24|20|20|28|75,1.14228|3.58499|3.44603|1.78325|3.53182,True
J1:ALA906|J1:LEU1010:hydrophobic|J1:LEU881|J1:LEU959:hydrogen_bond|J2:LYS882:hydrogen_bond,5,20,3.899460188933873,24|20|20|28|75,1.14228|3.58499|3.44603|1.78325|3.53182,True
J1:ALA906:hydrophobic|J1:LEU881|J1:LEU959|J1:VAL889|J2:LYS882:hydrogen_bond,5,18,3.704487179487179,22|18|23|20|59,1.04041|3.30648|1.68719|3.34239|3.25407,True
J1:ALA906:hydrophobic|J1:LEU881|J1:LEU959|J1:VAL889:hydrophobic|J2:LYS882:hydrogen_bond,5,18,3.704487179487179,22|18|23|20|58,1.04041|3.30648|1.69278|3.34239|3.20687,True
J1:ALA906:hydrophobic|J1:LEU1010:hydrophobic|J1:LEU881|J1:LEU959:hydrogen_bond|J2:LYS882:hydrogen_bond,5,20,3.899460188933873,24|20|20|28|75,1.14228|3.58499|3.44603|1.78325|3.53182,True
J1:ALA906|J1:LEU1010|J1:LEU881|J1:LEU959:hydrogen_bond|J2:LYS882:hydrogen_bond,5,20,3.899460188933873,24|20|20|28|75,1.14228|3.58499|3.44603|1.78325|3.53182,True
J1:ALA906:hydrophobic|J1:LEU881:hydrophobic|J1:LEU959:hydrogen_bond|J2:ALA880:hydrophobic|J2:LEU855:hydrophobic,5,27,3.615222428174235,30|28|33|71|29,1.75015|3.38236|1.59454|3.68718|3.41048,True
J1:ALA906|J1:LEU881:hydrophobic|J1:LEU959:hydrogen_bond|J2:ALA880|J2:LEU855:hydrophobic,5,27,3.615222428174235,30|28|33|71|29,1.75015|3.38236|1.59454|3.68718|3.41048,True
J1:ALA906|J1:LEU881:hydrophobic|J1:LEU959:hydrogen_bond|J2:ALA880:hydrophobic|J2:LEU855:hydrophobic,5,27,3.615222428174235,30|28|33|71|29,1.75015|3.38236|1.59454|3.68718|3.41048,True
J1:ALA906:hydrophobic|J1:LEU881:hydrophobic|J1:LEU959:hydrogen_bond|J2:ALA880|J2:LEU855:hydrophobic,5,27,3.615222428174235,30|28|33|71|29,1.75015|3.38236|1.59454|3.68718|3.41048,True
J1:ALA906|J1:LEU1010:hydrophobic|J1:LEU881|J1:LEU959:hydrogen_bond|J2:LEU855:hydrophobic,5,68,3.704487179487179,87|71|68|94|75,1.0009|3.61124|3.40412|1.71679|3.53182,True
J1:ALA906:hydrophobic|J1:LEU1010:hydrophobic|J1:LEU881|J1:LEU959:hydrogen_bond|J2:LEU855:hydrophobic,5,68,3.704487179487179,87|71|68|94|75,1.0009|3.61124|3.40412|1.71679|3.53182,True
J1:ALA906|J1:LEU1010|J1:LEU881|J1:LEU959:hydrogen_bond|J2:LEU855:hydrophobic,5,68,3.704487179487179,87|71|68|94|75,1.0009|3.61124|3.40412|1.71679|3.53182,True
J1:ALA906:hydrophobic|J1:LEU1010|J1:LEU881|J1:LEU959:hydrogen_bond|J2:LEU855:hydrophobic,5,68,3.704487179487179,87|71|68|94|75,1.0009|3.61124|3.40412|1.71679|3.53182,True
J1:ALA906|J1:LEU1010:hydrophobic|J1:LEU881|J1:LEU959:hydrogen_bond|J1:VAL889,5,57,3.6301851443685256,72|59|58|70|75,0.88809|3.48774|3.25546|1.50618|3.53182,True
J1:ALA906|J1:LEU1010:hydrophobic|J1:LEU881|J1:LEU959:hydrogen_bond|J1:VAL889:hydrophobic,5,56,3.5767462422634835,71|58|57|69|75,0.878192|3.43776|3.20743|1.4861|3.53182,True
J1:ALA906:hydrophobic|J1:LEU1010:hydrophobic|J1:LEU881|J1:LEU959:hydrogen_bond|J1:VAL889,5,57,3.6301851443685256,72|59|58|70|75,0.88809|3.48774|3.25546|1.50618|3.53182,True
J1:ALA906:hydrophobic|J1:LEU1010:hydrophobic|J1:LEU881|J1:LEU959:hydrogen_bond|J1:VAL889:hydrophobic,5,56,3.5767462422634835,71|58|57|69|75,0.878192|3.43776|3.20743|1.4861|3.53182,True
J1:ALA906|J1:LEU1010|J1:LEU881|J1:LEU959:hydrogen_bond|J1:VAL889,5,57,3.6301851443685256,72|59|58|70|75,0.88809|3.48774|3.25546|1.50618|3.53182,True
J1:ALA906|J1:LEU1010|J1:LEU881|J1:LEU959:hydrogen_bond|J1:VAL889:hydrophobic,5,56,3.5767462422634835,71|58|57|69|75,0.878192|3.43776|3.20743|1.4861|3.53182,True
J1:ALA906:hydrophobic|J1:LEU1010|J1:LEU881|J1:LEU959:hydrogen_bond|J1:VAL889,5,57,3.6301851443685256,72|59|58|70|75,0.88809|3.48774|3.25546|1.50618|3.53182,True
J1:ALA906:hydrophobic|J1:LEU1010|J1:LEU881|J1:LEU959:hydrogen_bond|J1:VAL889:hydrophobic,5,56,3.5767462422634835,71|58|57|69|75,0.878192|3.43776|3.20743|1.4861|3.53182,True
J1:ALA906:hydrophobic|J1:ARG1007|J1:LEU1010|J1:LEU881:hydrophobic|J1:LEU959:hydrogen_bond,5,51,3.8556907378335947,61|75|53|51|74,1.22812|3.63978|3.81238|3.42469|1.92373,True
J1:ALA906|J1:ARG1007|J1:LEU1010|J1:LEU881:hydrophobic|J1:LEU959:hydrogen_bond,5,51,3.8556907378335947,61|75|53|51|74,1.22812|3.63978|3.81238|3.42469|1.92373,True
J1:ALA906|J1:ARG1007|J1:LEU1010:hydrophobic|J1:LEU881:hydrophobic|J1:LEU959:hydrogen_bond,5,51,3.8556907378335947,61|75|53|51|74,1.22812|3.63978|3.81238|3.42469|1.92373,True
J1:ALA906:hydrophobic|J1:ARG1007|J1:LEU1010:hydrophobic|J1:LEU881:hydrophobic|J1:LEU959:hydrogen_bond,5,51,3.8556907378335947,61|75|53|51|74,1.22812|3.63978|3.81238|3.42469|1.92373,True
J1:ARG1007|J1:ARG879|J1:LEU1010:hydrophobic|J1:LEU881|J2:ASN859:hydrogen_bond,5,25,4.085831447963801,32|52|26|25|71,3.72388|2.16848|2.90402|3.78009|2.87977,True
J1:ALA906|J1:LEU1010|J1:LEU881:hydrophobic|J1:LEU959:hydrogen_bond|J2:ASN981:hydrophobic,5,22,3.5692869174620996,31|22|23|28|75,1.16391|3.4928|3.25617|1.59578|3.63978,True
J1:ALA906:hydrophobic|J1:LEU1010|J1:LEU881:hydrophobic|J1:LEU959:hydrogen_bond|J2:ASN981:hydrophobic,5,22,3.5692869174620996,31|22|23|28|75,1.16391|3.4928|3.25617|1.59578|3.63978,True
J1:ARG1007|J1:ARG879|J1:LEU1010|J1:LEU881|J2:ASN859:hydrogen_bond,5,25,4.085831447963801,32|52|26|25|71,3.72388|2.16848|2.90402|3.78009|2.87977,True
J1:ALA906:hydrophobic|J1:LEU1010:hydrophobic|J1:LEU881:hydrophobic|J1:LEU959:hydrogen_bond|J2:ASN981:hydrophobic,5,22,3.5692869174620996,31|22|23|28|75,1.16391|3.4928|3.25617|1.59578|3.63978,True
J1:ALA906|J1:LEU1010:hydrophobic|J1:LEU881:hydrophobic|J1:LEU959:hydrogen_bond|J2:ASN981:hydrophobic,5,22,3.5692869174620996,31|22|23|28|75,1.16391|3.4928|3.25617|1.59578|3.63978,True
J1:ALA906|J1:LEU881:hydrophobic|J1:LEU959:hydrogen_bond|J2:ALA880|J2:LEU855,5,27,3.593574389682174,30|28|33|71|29,1.73648|3.36407|1.57739|3.66151|3.41048,True
J1:ALA906|J1:LEU881:hydrophobic|J1:LEU959:hydrogen_bond|J2:ALA880:hydrophobic|J2:LEU855,5,27,3.593574389682174,30|28|33|71|29,1.73648|3.36407|1.57739|3.66151|3.41048,True
J1:ALA906:hydrophobic|J1:LEU881:hydrophobic|J1:LEU959:hydrogen_bond|J2:ALA880|J2:LEU855,5,27,3.593574389682174,30|28|33|71|29,1.73648|3.36407|1.57739|3.66151|3.41048,True
J1:ALA906:hydrophobic|J1:LEU881:hydrophobic|J1:LEU959:hydrogen_bond|J2:ALA880:hydrophobic|J2:LEU855,5,27,3.593574389682174,30|28|33|71|29,1.73648|3.36407|1.57739|3.66151|3.41048,True
J1:ALA906|J1:LEU881:hydrophobic|J1:LEU959|J1:VAL889:hydrophobic|J2:ASN981:hydrophobic,5,18,3.5095141700404855,25|19|23|22|58,0.958057|3.10523|1.57784|3.13457|3.3398,True
J1:ALA906:hydrophobic|J1:LEU881:hydrophobic|J1:LEU959|J1:VAL889|J2:ASN981:hydrophobic,5,18,3.5095141700404855,25|19|23|22|59,0.954765|3.10523|1.57298|3.13457|3.3886,True
J1:ALA906|J1:LEU881:hydrophobic|J1:LEU959|J1:VAL889|J2:ASN981:hydrophobic,5,18,3.5095141700404855,25|19|23|22|59,0.954765|3.10523|1.57298|3.13457|3.3886,True
J1:ALA906:hydrophobic|J1:LEU881:hydrophobic|J1:LEU959|J1:VAL889:hydrophobic|J2:ASN981:hydrophobic,5,18,3.5095141700404855,25|19|23|22|58,0.958057|3.10523|1.57784|3.13457|3.3398,True
J1:ALA906:hydrophobic|J1:LEU1010:hydrophobic|J1:LEU881|J1:LEU959:hydrogen_bond|J2:LEU855,5,68,3.6774471270821634,87|71|68|94|75,0.9861|3.58662|3.38128|1.69589|3.53182,True
J1:ALA906|J1:LEU1010|J1:LEU881|J1:LEU959:hydrogen_bond|J2:LEU855,5,68,3.6774471270821634,87|71|68|94|75,0.9861|3.58662|3.38128|1.69589|3.53182,True
J1:ALA906:hydrophobic|J1:LEU1010|J1:LEU881|J1:LEU959:hydrogen_bond|J2:LEU855,5,68,3.6774471270821634,87|71|68|94|75,0.9861|3.58662|3.38128|1.69589|3.53182,True
J1:ALA906|J1:LEU1010:hydrophobic|J1:LEU881|J1:LEU959:hydrogen_bond|J2:LEU855,5,68,3.6774471270821634,87|71|68|94|75,0.9861|3.58662|3.38128|1.69589|3.53182,True
J1:ALA906|J1:LEU1010:hydrophobic|J1:LEU959:hydrogen_bond|J1:VAL889:hydrophobic|J2:LEU855:hydrophobic,5,51,3.5424158653846147,64|54|63|68|57,0.868451|3.40981|1.43768|3.40412|3.20743,True
J1:ALA906:hydrophobic|J1:LEU1010|J1:LEU959:hydrogen_bond|J1:VAL889|J2:LEU855:hydrophobic,5,52,3.600623052959501,65|55|64|68|58,0.879337|3.46312|1.459|3.40412|3.25546,True
J1:ALA906:hydrophobic|J1:LEU1010|J1:LEU959:hydrogen_bond|J1:VAL889:hydrophobic|J2:LEU855:hydrophobic,5,51,3.5424158653846147,64|54|63|68|57,0.868451|3.40981|1.43768|3.40412|3.20743,True
J1:ALA906:hydrophobic|J1:LEU1010:hydrophobic|J1:LEU959:hydrogen_bond|J1:VAL889|J2:LEU855:hydrophobic,5,52,3.600623052959501,65|55|64|68|58,0.879337|3.46312|1.459|3.40412|3.25546,True
J1:ALA906:hydrophobic|J1:LEU1010:hydrophobic|J1:LEU959:hydrogen_bond|J1:VAL889:hydrophobic|J2:LEU855:hydrophobic,5,51,3.5424158653846147,64|54|63|68|57,0.868451|3.40981|1.43768|3.40412|3.20743,True
J1:ALA906|J1:LEU1010|J1:LEU959:hydrogen_bond|J1:VAL889|J2:LEU855:hydrophobic,5,52,3.600623052959501,65|55|64|68|58,0.879337|3.46312|1.459|3.40412|3.25546,True
J1:ALA906|J1:LEU1010|J1:LEU959:hydrogen_bond|J1:VAL889:hydrophobic|J2:LEU855:hydrophobic,5,51,3.5424158653846147,64|54|63|68|57,0.868451|3.40981|1.43768|3.40412|3.20743,True
J1:ALA906|J1:LEU1010:hydrophobic|J1:LEU959:hydrogen_bond|J1:VAL889|J2:LEU855:hydrophobic,5,52,3.600623052959501,65|55|64|68|58,0.879337|3.46312|1.459|3.40412|3.25546,True
J1:ALA906:hydrophobic|J1:LEU1010:hydrophobic|J1:LEU959:hydrogen_bond|J1:VAL889:hydrophobic|J2:LEU855,5,51,3.5204132823698036,64|54|63|68|57,0.856426|3.39055|1.42018|3.38128|3.20743,True
J1:ALA906|J1:LEU1010|J1:LEU959:hydrogen_bond|J1:VAL889|J2:LEU855,5,52,3.578328173374613,65|55|64|68|58,0.867197|3.44361|1.44126|3.38128|3.25546,True
J1:ALA906|J1:LEU1010|J1:LEU959:hydrogen_bond|J1:VAL889:hydrophobic|J2:LEU855,5,51,3.5204132823698036,64|54|63|68|57,0.856426|3.39055|1.42018|3.38128|3.20743,True
J1:ALA906|J1:LEU1010:hydrophobic|J1:LEU959:hydrogen_bond|J1:VAL889|J2:LEU855,5,52,3.578328173374613,65|55|64|68|58,0.867197|3.44361|1.44126|3.38128|3.25546,True
J1:ALA906|J1:LEU1010:hydrophobic|J1:LEU959:hydrogen_bond|J1:VAL889:hydrophobic|J2:LEU855,5,51,3.5204132823698036,64|54|63|68|57,0.856426|3.39055|1.42018|3.38128|3.20743,True
J1:ALA906:hydrophobic|J1:LEU1010|J1:LEU959:hydrogen_bond|J1:VAL889:hydrophobic|J2:LEU855,5,51,3.5204132823698036,64|54|63|68|57,0.856426|3.39055|1.42018|3.38128|3.20743,True
J1:ALA906:hydrophobic|J1:LEU1010|J1:LEU959:hydrogen_bond|J1:VAL889|J2:LEU855,5,52,3.578328173374613,65|55|64|68|58,0.867197|3.44361|1.44126|3.38128|3.25546,True
J1:ALA906:hydrophobic|J1:LEU1010:hydrophobic|J1:LEU959:hydrogen_bond|J1:VAL889|J2:LEU855,5,52,3.578328173374613,65|55|64|68|58,0.867197|3.44361|1.44126|3.38128|3.25546,True
J1:ALA906:hydrophobic|J1:LEU1010|J1:LEU881|J1:LEU959:hydrogen_bond|J2:ASN981:hydrophobic,5,22,3.5179302711676805,31|22|23|28|75,1.14839|3.39578|3.25617|1.54048|3.53182,True
J1:ALA906|J1:LEU1010:hydrophobic|J1:LEU881|J1:LEU959:hydrogen_bond|J2:ASN981:hydrophobic,5,22,3.5179302711676805,31|22|23|28|75,1.14839|3.39578|3.25617|1.54048|3.53182,True
J1:ALA906:hydrophobic|J1:LEU1010:hydrophobic|J1:LEU881|J1:LEU959:hydrogen_bond|J2:ASN981:hydrophobic,5,22,3.5179302711676805,31|22|23|28|75,1.14839|3.39578|3.25617|1.54048|3.53182,True
J1:ALA906|J1:LEU1010|J1:LEU881|J1:LEU959:hydrogen_bond|J2:ASN981:hydrophobic,5,22,3.5179302711676805,31|22|23|28|75,1.14839|3.39578|3.25617|1.54048|3.53182,True
J1:ALA906|J1:LEU1010:hydrophobic|J1:LEU959:hydrogen_bond|J2:LEU855:hydrophobic|J2:VAL863:hydrophobic,5,61,3.4944389373513083,78|65|84|69|68,0.932598|3.42358|1.62353|3.27006|3.40412,True
J1:ALA906:hydrophobic|J1:LEU1010:hydrophobic|J1:LEU959:hydrogen_bond|J2:LEU855:hydrophobic|J2:VAL863:hydrophobic,5,61,3.4944389373513083,78|65|84|69|68,0.932598|3.42358|1.62353|3.27006|3.40412,True
J1:ALA906|J1:LEU1010|J1:LEU959:hydrogen_bond|J2:LEU855:hydrophobic|J2:VAL863:hydrophobic,5,61,3.4944389373513083,78|65|84|69|68,0.932598|3.42358|1.62353|3.27006|3.40412,True
J1:ALA906:hydrophobic|J1:LEU1010|J1:LEU959:hydrogen_bond|J2:LEU855:hydrophobic|J2:VAL863:hydrophobic,5,61,3.4944389373513083,78|65|84|69|68,0.932598|3.42358|1.62353|3.27006|3.40412,True
J1:ALA906|J1:LEU1010|J1:LEU959:hydrogen_bond|J2:LEU855|J2:VAL863:hydrophobic,5,61,3.4765187376725835,78|65|84|69|68,0.919735|3.40743|1.60538|3.27006|3.38128,True
J1:ALA906|J1:LEU1010:hydrophobic|J1:LEU959:hydrogen_bond|J2:LEU855|J2:VAL863:hydrophobic,5,61,3.4765187376725835,78|65|84|69|68,0.919735|3.40743|1.60538|3.27006|3.38128,True
J1:ALA906:hydrophobic|J1:LEU1010|J1:LEU959:hydrogen_bond|J2:LEU855|J2:VAL863:hydrophobic,5,61,3.4765187376725835,78|65|84|69|68,0.919735|3.40743|1.60538|3.27006|3.38128,True
J1:ALA906:hydrophobic|J1:LEU1010:hydrophobic|J1:LEU959:hydrogen_bond|J2:LEU855|J2:VAL863:hydrophobic,5,61,3.4765187376725835,78|65|84|69|68,0.919735|3.40743|1.60538|3.27006|3.38128,True
J1:ALA906|J1:LEU881|J1:LEU959|J1:VAL889|J2:ASN981:hydrophobic,5,18,3.419526627218935,25|19|23|22|59,0.937054|3.10523|1.50359|3.0562|3.25407,True
J1:ALA906|J1:LEU881|J1:LEU959|J1:VAL889:hydrophobic|J2:ASN981:hydrophobic,5,18,3.419526627218935,25|19|23|22|58,0.940225|3.10523|1.50802|3.0562|3.20687,True
J1:ALA906:hydrophobic|J1:LEU881|J1:LEU959|J1:VAL889|J2:ASN981:hydrophobic,5,18,3.419526627218935,25|19|23|22|59,0.937054|3.10523|1.50359|3.0562|3.25407,True
J1:ALA906:hydrophobic|J1:LEU881|J1:LEU959|J1:VAL889:hydrophobic|J2:ASN981:hydrophobic,5,18,3.419526627218935,25|19|23|22|58,0.940225|3.10523|1.50802|3.0562|3.20687,True
J1:ALA906:hydrophobic|J1:LEU1010:hydrophobic|J1:LEU881|J1:LEU959:hydrogen_bond|J2:LYS882,5,20,3.799474030243261,25|20|20|28|75,1.0853|3.47296|3.31745|1.58764|3.53182,True
J1:ALA906:hydrophobic|J1:LEU1010|J1:LEU881:hydrophobic|J1:LEU959|J2:LYS882:hydrogen_bond,5,20,3.8322281167108754,24|20|20|28|75,1.13018|3.52808|3.19812|1.88592|3.30103,True
J1:ALA906|J1:LEU1010|J1:LEU881|J1:LEU959:hydrogen_bond|J2:LYS882,5,20,3.799474030243261,25|20|20|28|75,1.0853|3.47296|3.31745|1.58764|3.53182,True
J1:ALA906:hydrophobic|J1:LEU1010|J1:LEU881|J1:LEU959:hydrogen_bond|J2:LYS882,5,20,3.799474030243261,25|20|20|28|75,1.0853|3.47296|3.31745|1.58764|3.53182,True
J1:ALA906:hydrophobic|J1:LEU1010:hydrophobic|J1:LEU881:hydrophobic|J1:LEU959|J2:LYS882:hydrogen_bond,5,20,3.8322281167108754,24|20|20|28|75,1.13018|3.52808|3.19812|1.88592|3.30103,True
J1:ALA906|J1:LEU1010:hydrophobic|J1:LEU881:hydrophobic|J1:LEU959|J2:LYS882:hydrogen_bond,5,20,3.8322281167108754,24|20|20|28|75,1.13018|3.52808|3.19812|1.88592|3.30103,True
J1:ALA906|J1:LEU1010|J1:LEU881:hydrophobic|J1:LEU959|J2:LYS882:hydrogen_bond,5,20,3.8322281167108754,24|20|20|28|75,1.13018|3.52808|3.19812|1.88592|3.30103,True
J1:ALA906|J1:LEU1010:hydrophobic|J1:LEU881|J1:LEU959:hydrogen_bond|J2:LYS882,5,20,3.799474030243261,25|20|20|28|75,1.0853|3.47296|3.31745|1.58764|3.53182,True
J1:ALA906:hydrophobic|J1:LEU881:hydrophobic|J1:LEU959|J1:VAL889|J2:LEU855:hydrophobic,5,54,3.5615841132161608,68|55|66|71|59,0.842962|3.23408|1.53771|3.35768|3.3886,True
J1:ALA906|J1:LEU881:hydrophobic|J1:LEU959|J1:VAL889|J2:LEU855:hydrophobic,5,54,3.5615841132161608,68|55|66|71|59,0.842962|3.23408|1.53771|3.35768|3.3886,True
J1:ALA906:hydrophobic|J1:LEU881:hydrophobic|J1:LEU959|J1:VAL889:hydrophobic|J2:LEU855:hydrophobic,5,53,3.506032509157509,67|54|65|71|58,0.832888|3.1837|1.516|3.35768|3.3398,True
J1:ALA906|J1:LEU881:hydrophobic|J1:LEU959|J1:VAL889:hydrophobic|J2:LEU855:hydrophobic,5,53,3.506032509157509,67|54|65|71|58,0.832888|3.1837|1.516|3.35768|3.3398,True
J1:ALA906:hydrophobic|J1:LEU1010|J1:LEU959:hydrogen_bond|J2:LEU855:hydrophobic|J2:VAL863,5,61,3.467627385402321,78|65|84|69|68,0.928602|3.39143|1.61931|3.24927|3.40412,True
J1:ALA906|J1:LEU1010:hydrophobic|J1:LEU959:hydrogen_bond|J2:LEU855:hydrophobic|J2:VAL863,5,61,3.467627385402321,78|65|84|69|68,0.928602|3.39143|1.61931|3.24927|3.40412,True
J1:ALA906:hydrophobic|J1:LEU1010:hydrophobic|J1:LEU959:hydrogen_bond|J2:LEU855:hydrophobic|J2:VAL863,5,61,3.467627385402321,78|65|84|69|68,0.928602|3.39143|1.61931|3.24927|3.40412,True
J1:ALA906|J1:LEU1010|J1:LEU959:hydrogen_bond|J2:LEU855:hydrophobic|J2:VAL863,5,61,3.467627385402321,78|65|84|69|68,0.928602|3.39143|1.61931|3.24927|3.40412,True
J1:ALA906|J1:ARG1007|J1:LEU1010:hydrophobic|J1:LEU881|J1:LEU959:hydrogen_bond,5,51,3.753553234844625,61|75|53|51|74,1.20199|3.53182|3.70449|3.42469|1.85433,True
J1:ALA906:hydrophobic|J1:ARG1007|J1:LEU1010|J1:LEU881|J1:LEU959:hydrogen_bond,5,51,3.753553234844625,61|75|53|51|74,1.20199|3.53182|3.70449|3.42469|1.85433,True
J1:ALA906|J1:ARG1007|J1:LEU1010|J1:LEU881|J1:LEU959:hydrogen_bond,5,51,3.753553234844625,61|75|53|51|74,1.20199|3.53182|3.70449|3.42469|1.85433,True
J1:ALA906:hydrophobic|J1:ARG1007|J1:LEU1010:hydrophobic|J1:LEU881|J1:LEU959:hydrogen_bond,5,51,3.753553234844625,61|75|53|51|74,1.20199|3.53182|3.70449|3.42469|1.85433,True
J1:ALA906:hydrophobic|J1:LEU1010:hydrophobic|J1:LEU959:hydrogen_bond|J2:LEU855|J2:VAL863,5,61,3.4499804266979837,78|65|84|69|68,0.915848|3.37558|1.60125|3.24927|3.38128,True
J1:ALA906|J1:LEU1010|J1:LEU959:hydrogen_bond|J2:LEU855|J2:VAL863,5,61,3.4499804266979837,78|65|84|69|68,0.915848|3.37558|1.60125|3.24927|3.38128,True
J1:ALA906|J1:LEU1010:hydrophobic|J1:LEU959:hydrogen_bond|J2:LEU855|J2:VAL863,5,61,3.4499804266979837,78|65|84|69|68,0.915848|3.37558|1.60125|3.24927|3.38128,True
J1:ALA906:hydrophobic|J1:LEU1010|J1:LEU959:hydrogen_bond|J2:LEU855|J2:VAL863,5,61,3.4499804266979837,78|65|84|69|68,0.915848|3.37558|1.60125|3.24927|3.38128,True
J1:ALA906|J1:ASP1021|J1:LEU881:hydrophobic|J1:LEU959:hydrogen_bond|J2:VAL863:hydrophobic,5,29,3.288677394034537,41|71|31|46|32,0.928954|3.6446|2.95723|1.60761|3.23301,False
J1:ALA906:hydrophobic|J1:ASP1021|J1:LEU881:hydrophobic|J1:LEU959:hydrogen_bond|J2:VAL863:hydrophobic,5,29,3.288677394034537,41|71|31|46|32,0.928954|3.6446|2.95723|1.60761|3.23301,False
J1:ALA906|J1:LEU881:hydrophobic|J1:LEU959|J1:VAL889|J2:ASN981,5,18,3.419526627218935,25|19|23|22|59,0.924581|3.03821|1.53982|3.0562|3.3886,True
J1:ALA906:hydrophobic|J1:LEU881:hydrophobic|J1:LEU959|J1:VAL889:hydrophobic|J2:ASN981,5,18,3.419526627218935,25|19|23|22|58,0.927668|3.03821|1.54447|3.0562|3.3398,True
J1:ALA906|J1:LEU881:hydrophobic|J1:LEU959|J1:VAL889:hydrophobic|J2:ASN981,5,18,3.419526627218935,25|19|23|22|58,0.927668|3.03821|1.54447|3.0562|3.3398,True
J1:ALA906:hydrophobic|J1:LEU881:hydrophobic|J1:LEU959|J1:VAL889|J2:ASN981,5,18,3.419526627218935,25|19|23|22|59,0.924581|3.03821|1.53982|3.0562|3.3886,True
J1:ALA906:hydrophobic|J1:LEU881:hydrophobic|J1:LEU959|J1:VAL889|J2:LEU855,5,54,3.5301583710407236,68|55|66|71|59,0.828181|3.20861|1.51861|3.32935|3.3886,True
J1:ALA906|J1:LEU881:hydrophobic|J1:LEU959|J1:VAL889|J2:LEU855,5,54,3.5301583710407236,68|55|66|71|59,0.828181|3.20861|1.51861|3.32935|3.3886,True
J1:ALA906:hydrophobic|J1:LEU881:hydrophobic|J1:LEU959|J1:VAL889:hydrophobic|J2:LEU855,5,53,3.4750056727932837,67|54|65|71|58,0.818244|3.15856|1.49715|3.32935|3.3398,True
J1:ALA906|J1:LEU881:hydrophobic|J1:LEU959|J1:VAL889:hydrophobic|J2:LEU855,5,53,3.4750056727932837,67|54|65|71|58,0.818244|3.15856|1.49715|3.32935|3.3398,True
J1:ALA906:hydrophobic|J1:LEU1010|J1:LEU881:hydrophobic|J1:LEU959:hydrogen_bond|J2:ASN981,5,22,3.4680305510092744,31|22|23|28|75,1.12587|3.39578|3.17527|1.5637|3.63978,True
J1:ALA906:hydrophobic|J1:LEU1010:hydrophobic|J1:LEU881:hydrophobic|J1:LEU959:hydrogen_bond|J2:ASN981,5,22,3.4680305510092744,31|22|23|28|75,1.12587|3.39578|3.17527|1.5637|3.63978,True
J1:ALA906|J1:LEU1010:hydrophobic|J1:LEU881:hydrophobic|J1:LEU959:hydrogen_bond|J2:ASN981,5,22,3.4680305510092744,31|22|23|28|75,1.12587|3.39578|3.17527|1.5637|3.63978,True
J1:ALA906|J1:LEU1010|J1:LEU881:hydrophobic|J1:LEU959:hydrogen_bond|J2:ASN981,5,22,3.4680305510092744,31|22|23|28|75,1.12587|3.39578|3.17527|1.5637|3.63978,True
J1:ALA906:hydrophobic|J1:LEU881|J1:LEU959|J1:VAL889|J2:LYS882,5,18,3.540571817562968,22|18|23|20|59,0.956932|3.10143|1.4861|3.19812|3.25407,True
J1:ALA906:hydrophobic|J1:LEU881|J1:LEU959|J1:VAL889:hydrophobic|J2:LYS882,5,18,3.540571817562968,22|18|23|20|58,0.956932|3.10143|1.49044|3.19812|3.20687,True
J1:ALA906|J1:LEU881|J1:LEU959|J1:VAL889|J2:LYS882,5,18,3.540571817562968,22|18|23|20|59,0.956932|3.10143|1.4861|3.19812|3.25407,True
J1:ALA906|J1:LEU881|J1:LEU959|J1:VAL889:hydrophobic|J2:LYS882,5,18,3.540571817562968,22|18|23|20|58,0.956932|3.10143|1.49044|3.19812|3.20687,True
J1:ALA906|J1:ASP1021|J1:LEU881:hydrophobic|J1:LEU959:hydrogen_bond|J2:VAL863,5,29,3.25545843045843,41|71|31|46|32,0.924243|3.61952|2.93206|1.60257|3.23301,False
J1:ALA906:hydrophobic|J1:ASP1021|J1:LEU881:hydrophobic|J1:LEU959:hydrogen_bond|J2:VAL863,5,29,3.25545843045843,41|71|31|46|32,0.924243|3.61952|2.93206|1.60257|3.23301,False
J1:ALA906|J1:LEU959:hydrogen_bond|J2:ASP939|J2:LEU855:hydrophobic|J2:VAL863,5,17,3.8556907378335947,24|23|65|21|19,1.13018|1.31082|3.39143|4.20509|3.73727,True
J1:ALA906:hydrophobic|J1:LEU959:hydrogen_bond|J2:ASP939|J2:LEU855:hydrophobic|J2:VAL863:hydrophobic,5,17,3.8556907378335947,24|23|65|21|19,1.13258|1.31082|3.42358|4.20509|3.73727,True
J1:ALA906|J1:LEU959:hydrogen_bond|J2:ASP939|J2:LEU855|J2:VAL863,5,17,3.8556907378335947,24|23|65|21|19,1.07985|1.29423|3.37558|4.20509|3.70449,True
J1:ALA906:hydrophobic|J1:LEU959:hydrogen_bond|J2:ASP939|J2:LEU855|J2:VAL863,5,17,3.8556907378335947,24|23|65|21|19,1.07985|1.29423|3.37558|4.20509|3.70449,True
J1:ALA906:hydrophobic|J1:LEU959:hydrogen_bond|J2:ASP939|J2:LEU855:hydrophobic|J2:VAL863,5,17,3.8556907378335947,24|23|65|21|19,1.13018|1.31082|3.39143|4.20509|3.73727,True
J1:ALA906|J1:LEU959:hydrogen_bond|J2:ASP939|J2:LEU855:hydrophobic|J2:VAL863:hydrophobic,5,17,3.8556907378335947,24|23|65|21|19,1.13258|1.31082|3.42358|4.20509|3.73727,True
J1:ALA906:hydrophobic|J1:LEU959:hydrogen_bond|J2:ASP939|J2:LEU855|J2:VAL863:hydrophobic,5,17,3.8556907378335947,24|23|65|21|19,1.08204|1.29423|3.40743|4.20509|3.70449,True
J1:ALA906|J1:LEU959:hydrogen_bond|J2:ASP939|J2:LEU855|J2:VAL863:hydrophobic,5,17,3.8556907378335947,24|23|65|21|19,1.08204|1.29423|3.40743|4.20509|3.70449,True
J1:ALA906:hydrophobic|J1:LEU881:hydrophobic|J1:LEU959|J2:LEU855:hydrophobic|J2:VAL863:hydrophobic,5,64,3.395043143014503,85|65|87|71|71,0.919362|3.11369|1.74211|3.32234|3.35768,True
J1:ALA906|J1:LEU881:hydrophobic|J1:LEU959|J2:LEU855:hydrophobic|J2:VAL863:hydrophobic,5,64,3.395043143014503,85|65|87|71|71,0.919362|3.11369|1.74211|3.32234|3.35768,True
J1:ARG1007|J1:ARG879:hydrogen_bond|J1:LEU1010:hydrophobic|J1:LEU881|J2:ASN859:hydrogen_bond,5,23,4.089753846153846,30|52|24|23|68,3.81033|2.16848|2.91501|3.78681|3.07201,True
J1:ALA906:hydrophobic|J1:LEU881|J1:LEU959|J1:VAL889|J2:ASN981,5,18,3.3340384615384613,25|19|23|22|59,0.907963|3.03821|1.47325|2.98166|3.25407,True
J1:ALA906:hydrophobic|J1:LEU881|J1:LEU959|J1:VAL889:hydrophobic|J2:ASN981,5,18,3.3340384615384613,25|19|23|22|58,0.910939|3.03821|1.47751|2.98166|3.20687,True
J1:ARG1007|J1:ARG879:hydrogen_bond|J1:LEU1010|J1:LEU881:hydrophobic|J2:ASN859:hydrogen_bond,5,23,4.089753846153846,30|52|24|23|68,3.81033|2.22697|2.93102|3.78681|3.07201,True
J1:ARG1007|J1:ARG879:hydrogen_bond|J1:LEU1010|J1:LEU881|J2:ASN859:hydrogen_bond,5,23,4.089753846153846,30|52|24|23|68,3.81033|2.16848|2.91501|3.78681|3.07201,True
J1:ARG1007|J1:ARG879:hydrogen_bond|J1:LEU1010:hydrophobic|J1:LEU881:hydrophobic|J2:ASN859:hydrogen_bond,5,23,4.089753846153846,30|52|24|23|68,3.81033|2.22697|2.93102|3.78681|3.07201,True
J1:ALA906|J1:LEU881|J1:LEU959|J1:VAL889|J2:ASN981,5,18,3.3340384615384613,25|19|23|22|59,0.907963|3.03821|1.47325|2.98166|3.25407,True
J1:ALA906|J1:LEU881|J1:LEU959|J1:VAL889:hydrophobic|J2:ASN981,5,18,3.3340384615384613,25|19|23|22|58,0.910939|3.03821|1.47751|2.98166|3.20687,True
J1:ALA906|J1:ARG1007|J1:LEU881:hydrophobic|J1:LEU959:hydrogen_bond|J2:LEU855:hydrophobic,5,46,3.7451958298112147,58|71|47|68|53,1.19588|3.68718|3.50559|1.85679|3.81238,True
J1:ALA906:hydrophobic|J1:ARG1007|J1:LEU881:hydrophobic|J1:LEU959:hydrogen_bond|J2:LEU855:hydrophobic,5,46,3.7451958298112147,58|71|47|68|53,1.19588|3.68718|3.50559|1.85679|3.81238,True
J1:ALA906|J1:LEU1010:hydrophobic|J1:LEU881|J1:LEU959:hydrogen_bond|J2:ASN981,5,22,3.419526627218935,31|22|23|28|75,1.11135|3.304|3.17527|1.51057|3.53182,True
J1:ALA906:hydrophobic|J1:LEU1010:hydrophobic|J1:LEU881|J1:LEU959:hydrogen_bond|J2:ASN981,5,22,3.419526627218935,31|22|23|28|75,1.11135|3.304|3.17527|1.51057|3.53182,True
J1:ALA906|J1:LEU1010|J1:LEU881|J1:LEU959:hydrogen_bond|J2:ASN981,5,22,3.419526627218935,31|22|23|28|75,1.11135|3.304|3.17527|1.51057|3.53182,True
J1:ALA906:hydrophobic|J1:LEU1010|J1:LEU881|J1:LEU959:hydrogen_bond|J2:ASN981,5,22,3.419526627218935,31|22|23|28|75,1.11135|3.304|3.17527|1.51057|3.53182,True
J1:ALA906:hydrophobic|J1:LEU881|J1:LEU959|J1:VAL889|J2:LEU855:hydrophobic,5,54,3.4689417518897288,69|55|66|71|59,0.83351|3.23408|1.47287|3.27409|3.25407,True
J1:ALA906:hydrophobic|J1:LEU881|J1:LEU959|J1:VAL889:hydrophobic|J2:LEU855:hydrophobic,5,53,3.4145707915273134,68|54|65|71|58,0.823668|3.1837|1.45201|3.27409|3.20687,True
J1:ALA906|J1:LEU881|J1:LEU959|J1:VAL889|J2:LEU855:hydrophobic,5,54,3.4689417518897288,69|55|66|71|59,0.83351|3.23408|1.47287|3.27409|3.25407,True
J1:ALA906|J1:LEU881|J1:LEU959|J1:VAL889:hydrophobic|J2:LEU855:hydrophobic,5,53,3.4145707915273134,68|54|65|71|58,0.823668|3.1837|1.45201|3.27409|3.20687,True
J1:ALA906:hydrophobic|J1:LEU1010|J1:LEU881:hydrophobic|J1:LEU959|J1:VAL889:hydrophobic,5,56,3.4575213675213674,71|58|57|69|75,0.860006|3.3398|2.99512|1.5586|3.30103,True
J1:ALA906:hydrophobic|J1:LEU1010:hydrophobic|J1:LEU881:hydrophobic|J1:LEU959|J1:VAL889,5,57,3.5095141700404855,72|59|58|70|75,0.869749|3.3886|3.04048|1.57958|3.30103,True
J1:ALA906|J1:LEU1010:hydrophobic|J1:LEU881:hydrophobic|J1:LEU959|J1:VAL889,5,57,3.5095141700404855,72|59|58|70|75,0.869749|3.3886|3.04048|1.57958|3.30103,True
J1:ALA906:hydrophobic|J1:LEU1010:hydrophobic|J1:LEU881:hydrophobic|J1:LEU959|J1:VAL889:hydrophobic,5,56,3.4575213675213674,71|58|57|69|75,0.860006|3.3398|2.99512|1.5586|3.30103,True
J1:ALA906|J1:LEU1010:hydrophobic|J1:LEU881:hydrophobic|J1:LEU959|J1:VAL889:hydrophobic,5,56,3.4575213675213674,71|58|57|69|75,0.860006|3.3398|2.99512|1.5586|3.30103,True
J1:ALA906|J1:LEU1010|J1:LEU881:hydrophobic|J1:LEU959|J1:VAL889,5,57,3.5095141700404855,72|59|58|70|75,0.869749|3.3886|3.04048|1.57958|3.30103,True
J1:ALA906|J1:LEU1010|J1:LEU881:hydrophobic|J1:LEU959|J1:VAL889:hydrophobic,5,56,3.4575213675213674,71|58|57|69|75,0.860006|3.3398|2.99512|1.5586|3.30103,True
J1:ALA906:hydrophobic|J1:LEU1010|J1:LEU881:hydrophobic|J1:LEU959|J1:VAL889,5,57,3.5095141700404855,72|59|58|70|75,0.869749|3.3886|3.04048|1.57958|3.30103,True
J1:ALA906|J1:LEU1010:hydrophobic|J1:LEU959:hydrogen_bond|J2:LEU855:hydrophobic|J2:LYS882:hydrogen_bond,5,18,3.774383164005805,21|18|26|20|68,1.07056|3.44901|1.73024|3.44603|3.40412,True
J1:ALA906:hydrophobic|J1:LEU1010:hydrophobic|J1:LEU959:hydrogen_bond|J2:LEU855:hydrophobic|J2:LYS882:hydrogen_bond,5,18,3.774383164005805,21|18|26|20|68,1.07056|3.44901|1.73024|3.44603|3.40412,True
J1:ALA906|J1:LEU881:hydrophobic|J1:LEU959:hydrogen_bond|J2:LEU855|J2:LYS882:hydrogen_bond,5,18,3.9223981900452487,21|18|26|20|71,1.08048|3.44901|1.8288|3.79947|3.66151,True
J1:ALA906|J1:LEU1010|J1:LEU959:hydrogen_bond|J2:LEU855|J2:LYS882:hydrogen_bond,5,18,3.774383164005805,21|18|26|20|68,1.06567|3.44901|1.72507|3.44603|3.38128,True
J1:ALA906|J1:LEU1010:hydrophobic|J1:LEU959:hydrogen_bond|J2:LEU855|J2:LYS882:hydrogen_bond,5,18,3.774383164005805,21|18|26|20|68,1.06567|3.44901|1.72507|3.44603|3.38128,True
J1:ALA906:hydrophobic|J1:LEU1010|J1:LEU959:hydrogen_bond|J2:LEU855|J2:LYS882:hydrogen_bond,5,18,3.774383164005805,21|18|26|20|68,1.06567|3.44901|1.72507|3.44603|3.38128,True
J1:ALA906|J1:LEU1010|J1:LEU959:hydrogen_bond|J2:LEU855:hydrophobic|J2:LYS882:hydrogen_bond,5,18,3.774383164005805,21|18|26|20|68,1.07056|3.44901|1.73024|3.44603|3.40412,True
J1:ALA906:hydrophobic|J1:LEU881:hydrophobic|J1:LEU959:hydrogen_bond|J2:LEU855|J2:LYS882:hydrogen_bond,5,18,3.9223981900452487,21|18|26|20|71,1.08048|3.44901|1.8288|3.79947|3.66151,True
J1:ALA906|J1:LEU881:hydrophobic|J1:LEU959:hydrogen_bond|J2:LEU855:hydrophobic|J2:LYS882:hydrogen_bond,5,18,3.9223981900452487,21|18|26|20|71,1.08298|3.44901|1.8346|3.79947|3.68718,True
J1:ALA906:hydrophobic|J1:LEU1010|J1:LEU959:hydrogen_bond|J2:LEU855:hydrophobic|J2:LYS882:hydrogen_bond,5,18,3.774383164005805,21|18|26|20|68,1.07056|3.44901|1.73024|3.44603|3.40412,True
J1:ALA906:hydrophobic|J1:LEU1010:hydrophobic|J1:LEU959:hydrogen_bond|J2:LEU855|J2:LYS882:hydrogen_bond,5,18,3.774383164005805,21|18|26|20|68,1.06567|3.44901|1.72507|3.44603|3.38128,True
J1:ALA906:hydrophobic|J1:LEU881:hydrophobic|J1:LEU959:hydrogen_bond|J2:LEU855:hydrophobic|J2:LYS882:hydrogen_bond,5,18,3.9223981900452487,21|18|26|20|71,1.08298|3.44901|1.8346|3.79947|3.68718,True
J1:ALA906|J1:LEU881:hydrophobic|J1:LEU959|J2:LEU855:hydrophobic|J2:VAL863,5,64,3.3709077652205615,85|65|87|71|71,0.915353|3.08707|1.73741|3.30149|3.35768,True
J1:ALA906:hydrophobic|J1:LEU881:hydrophobic|J1:LEU959|J2:LEU855|J2:VAL863:hydrophobic,5,64,3.3709077652205615,85|65|87|71|71,0.903966|3.09368|1.72194|3.32234|3.32935,True
J1:ALA906|J1:LEU881:hydrophobic|J1:LEU959|J2:LEU855|J2:VAL863:hydrophobic,5,64,3.3709077652205615,85|65|87|71|71,0.903966|3.09368|1.72194|3.32234|3.32935,True
J1:ALA906:hydrophobic|J1:LEU881:hydrophobic|J1:LEU959|J2:LEU855:hydrophobic|J2:VAL863,5,64,3.3709077652205615,85|65|87|71|71,0.915353|3.08707|1.73741|3.30149|3.35768,True
J1:ALA906:hydrophobic|J1:LEU1010|J1:LEU881:hydrophobic|J1:LEU959|J2:VAL863:hydrophobic,5,68,3.373729395604395,88|71|69|93|75,0.938565|3.32234|2.9722|1.79125|3.30103,True
J1:ALA906:hydrophobic|J1:LEU1010:hydrophobic|J1:LEU881:hydrophobic|J1:LEU959|J2:VAL863:hydrophobic,5,68,3.373729395604395,88|71|69|93|75,0.938565|3.32234|2.9722|1.79125|3.30103,True
J1:ALA906|J1:LEU1010:hydrophobic|J1:LEU881:hydrophobic|J1:LEU959|J2:VAL863:hydrophobic,5,68,3.373729395604395,88|71|69|93|75,0.938565|3.32234|2.9722|1.79125|3.30103,True
J1:ALA906|J1:LEU1010|J1:LEU881:hydrophobic|J1:LEU959|J2:VAL863:hydrophobic,5,68,3.373729395604395,88|71|69|93|75,0.938565|3.32234|2.9722|1.79125|3.30103,True
J1:ALA906:hydrophobic|J1:LEU881:hydrophobic|J1:LEU959|J2:LEU855|J2:VAL863,5,64,3.3471131221719452,85|65|87|71|71,0.90009|3.06741|1.71736|3.30149|3.32935,True
J1:ALA906|J1:LEU881:hydrophobic|J1:LEU959|J2:LEU855|J2:VAL863,5,64,3.3471131221719452,85|65|87|71|71,0.90009|3.06741|1.71736|3.30149|3.32935,True
J1:ALA906|J1:LEU1010|J1:LEU959:hydrogen_bond|J1:VAL889:hydrophobic|J2:VAL863:hydrophobic,5,51,3.2387802197802196,64|54|62|69|57,0.784191|3.13382|1.35904|3.27006|3.20743,True
J1:ALA906:hydrophobic|J1:LEU881|J1:LEU959|J1:VAL889|J2:LEU855,5,54,3.439122768349129,69|55|66|71|59,0.817079|3.20861|1.45533|3.24714|3.25407,True
J1:ALA906|J1:LEU1010:hydrophobic|J1:LEU959:hydrogen_bond|J1:VAL889|J2:VAL863:hydrophobic,5,52,3.2928774928774924,65|55|63|69|58,0.794692|3.18354|1.3796|3.27006|3.25546,True
J1:ALA906:hydrophobic|J1:LEU881|J1:LEU959|J1:VAL889:hydrophobic|J2:LEU855,5,53,3.3851348364279397,68|54|65|71|58,0.807388|3.15856|1.43471|3.24714|3.20687,True
J1:ALA906|J1:LEU1010:hydrophobic|J1:LEU959:hydrogen_bond|J1:VAL889:hydrophobic|J2:VAL863:hydrophobic,5,51,3.2387802197802196,64|54|62|69|57,0.784191|3.13382|1.35904|3.27006|3.20743,True
J1:ALA906:hydrophobic|J1:LEU1010|J1:LEU959:hydrogen_bond|J1:VAL889|J2:VAL863:hydrophobic,5,52,3.2928774928774924,65|55|63|69|58,0.794692|3.18354|1.3796|3.27006|3.25546,True
J1:ALA906:hydrophobic|J1:LEU1010|J1:LEU959:hydrogen_bond|J1:VAL889:hydrophobic|J2:VAL863:hydrophobic,5,51,3.2387802197802196,64|54|62|69|57,0.784191|3.13382|1.35904|3.27006|3.20743,True
J1:ALA906|J1:LEU881|J1:LEU959|J1:VAL889|J2:LEU855,5,54,3.439122768349129,69|55|66|71|59,0.817079|3.20861|1.45533|3.24714|3.25407,True
J1:ALA906|J1:LEU881|J1:LEU959|J1:VAL889:hydrophobic|J2:LEU855,5,53,3.3851348364279397,68|54|65|71|58,0.807388|3.15856|1.43471|3.24714|3.20687,True
J1:ALA906:hydrophobic|J1:LEU1010:hydrophobic|J1:LEU959:hydrogen_bond|J1:VAL889|J2:VAL863:hydrophobic,5,52,3.2928774928774924,65|55|63|69|58,0.794692|3.18354|1.3796|3.27006|3.25546,True
J1:ALA906:hydrophobic|J1:LEU1010:hydrophobic|J1:LEU959:hydrogen_bond|J1:VAL889:hydrophobic|J2:VAL863:hydrophobic,5,51,3.2387802197802196,64|54|62|69|57,0.784191|3.13382|1.35904|3.27006|3.20743,True
J1:ALA906|J1:LEU1010|J1:LEU959:hydrogen_bond|J1:VAL889|J2:VAL863:hydrophobic,5,52,3.2928774928774924,65|55|63|69|58,0.794692|3.18354|1.3796|3.27006|3.25546,True
J1:ALA906|J1:ARG1007|J1:LEU881:hydrophobic|J1:LEU959:hydrogen_bond|J2:LEU855,5,46,3.704487179487179,58|71|47|68|53,1.17839|3.66151|3.47065|1.83872|3.81238,True
J1:ALA906:hydrophobic|J1:ARG1007|J1:LEU881:hydrophobic|J1:LEU959:hydrogen_bond|J2:LEU855,5,46,3.704487179487179,58|71|47|68|53,1.17839|3.66151|3.47065|1.83872|3.81238,True
J1:ALA906:hydrophobic|J1:ARG1007|J1:LEU881|J1:LEU959:hydrogen_bond|J2:LEU855:hydrophobic,5,46,3.704487179487179,58|71|47|68|53,1.17732|3.61124|3.50559|1.79718|3.70449,True
J1:ALA906|J1:ARG1007|J1:LEU881|J1:LEU959:hydrogen_bond|J2:LEU855:hydrophobic,5,46,3.704487179487179,58|71|47|68|53,1.17732|3.61124|3.50559|1.79718|3.70449,True
J1:ALA906|J1:LEU881:hydrophobic|J1:LEU959:hydrogen_bond|J2:ASN981:hydrophobic|J2:LEU855:hydrophobic,5,19,3.3784923076923072,27|19|24|71|22,1.00356|2.95323|1.4615|3.68718|3.4928,True
J1:ALA906:hydrophobic|J1:LEU881:hydrophobic|J1:LEU959:hydrogen_bond|J2:ASN981:hydrophobic|J2:LEU855:hydrophobic,5,19,3.3784923076923072,27|19|24|71|22,1.00356|2.95323|1.4615|3.68718|3.4928,True
J1:ALA906:hydrophobic|J1:LEU1010:hydrophobic|J1:LEU881:hydrophobic|J1:LEU959|J2:LYS882,5,20,3.6738715829624917,25|20|20|28|75,1.06044|3.39342|3.02407|1.6775|3.30103,True
J1:ALA906|J1:LEU1010|J1:LEU881:hydrophobic|J1:LEU959|J2:LYS882,5,20,3.6738715829624917,25|20|20|28|75,1.06044|3.39342|3.02407|1.6775|3.30103,True
J1:ALA906:hydrophobic|J1:LEU1010|J1:LEU881:hydrophobic|J1:LEU959|J2:LYS882,5,20,3.6738715829624917,25|20|20|28|75,1.06044|3.39342|3.02407|1.6775|3.30103,True
J1:ALA906|J1:LEU1010:hydrophobic|J1:LEU881:hydrophobic|J1:LEU959|J2:LYS882,5,20,3.6738715829624917,25|20|20|28|75,1.06044|3.39342|3.02407|1.6775|3.30103,True
J1:ALA906|J1:LEU1010:hydrophobic|J1:LEU881:hydrophobic|J1:LEU959|J2:VAL863,5,68,3.3587350427350424,88|71|69|93|75,0.935423|3.30149|2.95502|1.78815|3.30103,True
J1:ALA906|J1:LEU1010|J1:LEU881:hydrophobic|J1:LEU959|J2:VAL863,5,68,3.3587350427350424,88|71|69|93|75,0.935423|3.30149|2.95502|1.78815|3.30103,True
J1:ALA906:hydrophobic|J1:LEU1010|J1:LEU881:hydrophobic|J1:LEU959|J2:VAL863,5,68,3.3587350427350424,88|71|69|93|75,0.935423|3.30149|2.95502|1.78815|3.30103,True
J1:ALA906:hydrophobic|J1:LEU1010:hydrophobic|J1:LEU881:hydrophobic|J1:LEU959|J2:VAL863,5,68,3.3587350427350424,88|71|69|93|75,0.935423|3.30149|2.95502|1.78815|3.30103,True
J1:ALA906:hydrophobic|J1:LEU881|J1:LEU959|J2:LEU855:hydrophobic|J2:VAL863:hydrophobic,5,64,3.3005175798679276,86|65|87|71|71,0.907652|3.11369|1.66129|3.20754|3.27409,True
J1:ALA906|J1:LEU881|J1:LEU959|J2:LEU855:hydrophobic|J2:VAL863:hydrophobic,5,64,3.3005175798679276,86|65|87|71|71,0.907652|3.11369|1.66129|3.20754|3.27409,True
J1:ALA906:hydrophobic|J1:LEU881:hydrophobic|J1:LEU959:hydrogen_bond|J2:LEU983:hydrophobic|J2:VAL863:hydrophobic,5,60,3.32572415116056,79|62|84|71|63,0.866696|2.93831|1.68204|3.6446|3.16809,True
J1:ALA906:hydrophobic|J1:LEU881:hydrophobic|J1:LEU959:hydrogen_bond|J2:LEU983|J2:VAL863:hydrophobic,5,60,3.32572415116056,79|62|84|71|63,0.866696|2.93831|1.68204|3.6446|3.16809,True
J1:ALA906|J1:LEU881:hydrophobic|J1:LEU959:hydrogen_bond|J2:LEU983:hydrophobic|J2:VAL863:hydrophobic,5,60,3.32572415116056,79|62|84|71|63,0.866696|2.93831|1.68204|3.6446|3.16809,True
J1:ALA906|J1:LEU881:hydrophobic|J1:LEU959:hydrogen_bond|J2:LEU983|J2:VAL863:hydrophobic,5,60,3.32572415116056,79|62|84|71|63,0.866696|2.93831|1.68204|3.6446|3.16809,True
J1:ALA906:hydrophobic|J1:LEU1010:hydrophobic|J1:LEU959:hydrogen_bond|J1:VAL889:hydrophobic|J2:VAL863,5,51,3.2203780594405593,64|54|62|69|57,0.782466|3.10947|1.35637|3.24927|3.20743,True
J1:ALA906|J1:LEU1010|J1:LEU959:hydrogen_bond|J1:VAL889|J2:VAL863,5,52,3.2742209631728043,65|55|63|69|58,0.792947|3.15887|1.37689|3.24927|3.25546,True
J1:ALA906|J1:LEU1010|J1:LEU959:hydrogen_bond|J1:VAL889:hydrophobic|J2:VAL863,5,51,3.2203780594405593,64|54|62|69|57,0.782466|3.10947|1.35637|3.24927|3.20743,True
J1:ALA906|J1:LEU1010:hydrophobic|J1:LEU959:hydrogen_bond|J1:VAL889|J2:VAL863,5,52,3.2742209631728043,65|55|63|69|58,0.792947|3.15887|1.37689|3.24927|3.25546,True
J1:ALA906:hydrophobic|J1:LEU1010|J1:LEU959:hydrogen_bond|J1:VAL889|J2:VAL863,5,52,3.2742209631728043,65|55|63|69|58,0.792947|3.15887|1.37689|3.24927|3.25546,True
J1:ALA906|J1:LEU1010:hydrophobic|J1:LEU959:hydrogen_bond|J1:VAL889:hydrophobic|J2:VAL863,5,51,3.2203780594405593,64|54|62|69|57,0.782466|3.10947|1.35637|3.24927|3.20743,True
J1:ALA906:hydrophobic|J1:LEU1010|J1:LEU959:hydrogen_bond|J1:VAL889:hydrophobic|J2:VAL863,5,51,3.2203780594405593,64|54|62|69|57,0.782466|3.10947|1.35637|3.24927|3.20743,True
J1:ALA906:hydrophobic|J1:LEU1010:hydrophobic|J1:LEU959:hydrogen_bond|J1:VAL889|J2:VAL863,5,52,3.2742209631728043,65|55|63|69|58,0.792947|3.15887|1.37689|3.24927|3.25546,True
J1:ALA906:hydrophobic|J1:ARG1007|J1:LEU881|J1:LEU959:hydrogen_bond|J2:LEU855,5,46,3.6646539840088224,58|71|47|68|53,1.15724|3.58662|3.47065|1.78025|3.70449,True
J1:ALA906|J1:ARG1007|J1:LEU881|J1:LEU959:hydrogen_bond|J2:LEU855,5,46,3.6646539840088224,58|71|47|68|53,1.15724|3.58662|3.47065|1.78025|3.70449,True
J1:ALA906|J1:LEU881:hydrophobic|J1:LEU959:hydrogen_bond|J2:ASN981:hydrophobic|J2:LEU855,5,19,3.3516788766788763,27|19|24|71|22,0.993588|2.93272|1.43786|3.66151|3.4928,True
J1:ALA906:hydrophobic|J1:LEU881:hydrophobic|J1:LEU959:hydrogen_bond|J2:ASN981:hydrophobic|J2:LEU855,5,19,3.3516788766788763,27|19|24|71|22,0.993588|2.93272|1.43786|3.66151|3.4928,True
J1:ALA906|J1:LEU881|J1:LEU959:hydrogen_bond|J2:ASN981:hydrophobic|J2:LEU855:hydrophobic,5,19,3.3252877044215627,27|19|24|71|22,0.991945|2.95323|1.40751|3.61124|3.39578,True
J1:ALA906:hydrophobic|J1:LEU881|J1:LEU959:hydrogen_bond|J2:ASN981:hydrophobic|J2:LEU855:hydrophobic,5,19,3.3252877044215627,27|19|24|71|22,0.991945|2.95323|1.40751|3.61124|3.39578,True
J1:ALA906|J1:LEU881|J1:LEU959|J2:LEU855|J2:VAL863:hydrophobic,5,64,3.277702942219071,86|65|87|71|71,0.890734|3.09368|1.64294|3.20754|3.24714,True
J1:ALA906:hydrophobic|J1:LEU881|J1:LEU959|J2:LEU855:hydrophobic|J2:VAL863,5,64,3.277702942219071,86|65|87|71|71,0.90379|3.08707|1.65702|3.1881|3.27409,True
J1:ALA906:hydrophobic|J1:LEU881|J1:LEU959|J2:LEU855|J2:VAL863:hydrophobic,5,64,3.277702942219071,86|65|87|71|71,0.890734|3.09368|1.64294|3.20754|3.24714,True
J1:ALA906|J1:LEU881|J1:LEU959|J2:LEU855:hydrophobic|J2:VAL863,5,64,3.277702942219071,86|65|87|71|71,0.90379|3.08707|1.65702|3.1881|3.27409,True
J1:ALA906|J1:LEU881:hydrophobic|J1:LEU959:hydrogen_bond|J2:LEU983:hydrophobic|J2:VAL863,5,60,3.3010281797410506,79|62|84|71|63,0.862863|2.91347|1.6775|3.61952|3.16809,True
J1:ALA906:hydrophobic|J1:LEU881:hydrophobic|J1:LEU959:hydrogen_bond|J2:LEU983|J2:VAL863,5,60,3.3010281797410506,79|62|84|71|63,0.862863|2.91347|1.6775|3.61952|3.16809,True
J1:ALA906|J1:LEU881:hydrophobic|J1:LEU959:hydrogen_bond|J2:LEU983|J2:VAL863,5,60,3.3010281797410506,79|62|84|71|63,0.862863|2.91347|1.6775|3.61952|3.16809,True
J1:ALA906:hydrophobic|J1:LEU881:hydrophobic|J1:LEU959:hydrogen_bond|J2:LEU983:hydrophobic|J2:VAL863,5,60,3.3010281797410506,79|62|84|71|63,0.862863|2.91347|1.6775|3.61952|3.16809,True
J1:ALA906:hydrophobic|J1:LEU881|J1:LEU959|J2:LEU855|J2:VAL863,5,64,3.255201549023059,86|65|87|71|71,0.887014|3.06741|1.63876|3.1881|3.24714,True
J1:ALA906|J1:LEU881|J1:LEU959|J2:LEU855|J2:VAL863,5,64,3.255201549023059,86|65|87|71|71,0.887014|3.06741|1.63876|3.1881|3.24714,True
J1:ALA906|J1:LEU881:hydrophobic|J1:LEU959:hydrogen_bond|J2:LEU855:hydrophobic|J2:LYS882,5,18,3.8103296703296703,22|18|26|20|71,1.04041|3.30648|1.63711|3.70449|3.68718,True
J1:ALA906:hydrophobic|J1:LEU1010:hydrophobic|J1:LEU959:hydrogen_bond|J2:LEU855|J2:LYS882,5,18,3.637132867132867,22|18|26|20|68,1.023|3.30648|1.54933|3.31745|3.38128,True
J1:ALA906:hydrophobic|J1:LEU1010|J1:LEU959:hydrogen_bond|J2:LEU855:hydrophobic|J2:LYS882,5,18,3.637132867132867,22|18|26|20|68,1.02946|3.30648|1.55768|3.31745|3.40412,True
J1:ALA906:hydrophobic|J1:LEU881:hydrophobic|J1:LEU959:hydrogen_bond|J2:LEU855:hydrophobic|J2:LYS882,5,18,3.8103296703296703,22|18|26|20|71,1.04041|3.30648|1.63711|3.70449|3.68718,True
J1:ALA906:hydrophobic|J1:LEU1010:hydrophobic|J1:LEU959:hydrogen_bond|J2:LEU855:hydrophobic|J2:LYS882,5,18,3.637132867132867,22|18|26|20|68,1.02946|3.30648|1.55768|3.31745|3.40412,True
J1:ALA906|J1:LEU1010:hydrophobic|J1:LEU959:hydrogen_bond|J2:LEU855:hydrophobic|J2:LYS882,5,18,3.637132867132867,22|18|26|20|68,1.02946|3.30648|1.55768|3.31745|3.40412,True
J1:ALA906|J1:LEU1010|J1:LEU959:hydrogen_bond|J2:LEU855|J2:LYS882,5,18,3.637132867132867,22|18|26|20|68,1.023|3.30648|1.54933|3.31745|3.38128,True
J1:ALA906|J1:LEU881:hydrophobic|J1:LEU959:hydrogen_bond|J2:LEU855|J2:LYS882,5,18,3.8103296703296703,22|18|26|20|71,1.036|3.30648|1.62789|3.70449|3.66151,True
J1:ALA906|J1:LEU1010:hydrophobic|J1:LEU959:hydrogen_bond|J2:LEU855|J2:LYS882,5,18,3.637132867132867,22|18|26|20|68,1.023|3.30648|1.54933|3.31745|3.38128,True
J1:ALA906:hydrophobic|J1:LEU1010|J1:LEU959:hydrogen_bond|J2:LEU855|J2:LYS882,5,18,3.637132867132867,22|18|26|20|68,1.023|3.30648|1.54933|3.31745|3.38128,True
J1:ALA906|J1:LEU1010|J1:LEU959:hydrogen_bond|J2:LEU855:hydrophobic|J2:LYS882,5,18,3.637132867132867,22|18|26|20|68,1.02946|3.30648|1.55768|3.31745|3.40412,True
J1:ALA906:hydrophobic|J1:LEU881:hydrophobic|J1:LEU959:hydrogen_bond|J2:LEU855|J2:LYS882,5,18,3.8103296703296703,22|18|26|20|71,1.036|3.30648|1.62789|3.70449|3.66151,True
J1:ALA906:hydrophobic|J1:LEU881|J1:LEU959:hydrogen_bond|J2:ASN981:hydrophobic|J2:LEU855,5,19,3.299308894230769,27|19|24|71|22,0.979|2.93272|1.38557|3.58662|3.39578,True
J1:ALA906|J1:LEU881|J1:LEU959:hydrogen_bond|J2:ASN981:hydrophobic|J2:LEU855,5,19,3.299308894230769,27|19|24|71|22,0.979|2.93272|1.38557|3.58662|3.39578,True
J1:ALA906|J1:LEU1010|J1:LEU881|J1:LEU959|J2:VAL863:hydrophobic,5,68,3.2714951714951717,88|71|69|93|75,0.917004|3.20754|2.9722|1.70694|3.19965,True
J1:ALA906|J1:LEU1010:hydrophobic|J1:LEU881|J1:LEU959|J2:VAL863:hydrophobic,5,68,3.2714951714951717,88|71|69|93|75,0.917004|3.20754|2.9722|1.70694|3.19965,True
J1:ALA906:hydrophobic|J1:LEU1010:hydrophobic|J1:LEU881|J1:LEU959|J2:VAL863:hydrophobic,5,68,3.2714951714951717,88|71|69|93|75,0.917004|3.20754|2.9722|1.70694|3.19965,True
J1:ALA906:hydrophobic|J1:LEU1010|J1:LEU881|J1:LEU959|J2:VAL863:hydrophobic,5,68,3.2714951714951717,88|71|69|93|75,0.917004|3.20754|2.9722|1.70694|3.19965,True
J1:ALA906|J1:LEU1010|J1:LEU881|J1:LEU959|J1:VAL889,5,57,3.3784923076923072,72|59|58|70|75,0.848086|3.25407|3.04048|1.50618|3.19965,True
J1:ALA906|J1:LEU1010:hydrophobic|J1:LEU881|J1:LEU959|J1:VAL889,5,57,3.3784923076923072,72|59|58|70|75,0.848086|3.25407|3.04048|1.50618|3.19965,True
J1:ALA906|J1:LEU1010|J1:LEU881|J1:LEU959|J1:VAL889:hydrophobic,5,56,3.3280954339777864,71|58|57|69|75,0.838529|3.20687|2.99512|1.4861|3.19965,True
J1:ALA906|J1:LEU1010:hydrophobic|J1:LEU881|J1:LEU959|J1:VAL889:hydrophobic,5,56,3.3280954339777864,71|58|57|69|75,0.838529|3.20687|2.99512|1.4861|3.19965,True
J1:ALA906:hydrophobic|J1:LEU1010:hydrophobic|J1:LEU881|J1:LEU959|J1:VAL889,5,57,3.3784923076923072,72|59|58|70|75,0.848086|3.25407|3.04048|1.50618|3.19965,True
J1:ALA906:hydrophobic|J1:LEU1010:hydrophobic|J1:LEU881|J1:LEU959|J1:VAL889:hydrophobic,5,56,3.3280954339777864,71|58|57|69|75,0.838529|3.20687|2.99512|1.4861|3.19965,True
J1:ALA906:hydrophobic|J1:LEU1010|J1:LEU881|J1:LEU959|J1:VAL889,5,57,3.3784923076923072,72|59|58|70|75,0.848086|3.25407|3.04048|1.50618|3.19965,True
J1:ALA906:hydrophobic|J1:LEU1010|J1:LEU881|J1:LEU959|J1:VAL889:hydrophobic,5,56,3.3280954339777864,71|58|57|69|75,0.838529|3.20687|2.99512|1.4861|3.19965,True
J1:ALA906:hydrophobic|J1:LEU881:hydrophobic|J1:LEU959:hydrogen_bond|J2:ASN981|J2:LEU855:hydrophobic,5,19,3.299308894230769,27|19|24|71|22,0.979|2.89254|1.434|3.68718|3.39578,False
J1:ALA906|J1:LEU881:hydrophobic|J1:LEU959:hydrogen_bond|J2:ASN981|J2:LEU855:hydrophobic,5,19,3.299308894230769,27|19|24|71|22,0.979|2.89254|1.434|3.68718|3.39578,False
J1:ALA906|J1:LEU881|J1:LEU959:hydrogen_bond|J2:LEU855|J2:LYS882:hydrogen_bond,5,18,3.774383164005805,21|18|26|20|71,1.04656|3.44901|1.74592|3.58499|3.58662,True
J1:ALA906:hydrophobic|J1:LEU881|J1:LEU959:hydrogen_bond|J2:LEU855|J2:LYS882:hydrogen_bond,5,18,3.774383164005805,21|18|26|20|71,1.04656|3.44901|1.74592|3.58499|3.58662,True
J1:ALA906|J1:LEU881|J1:LEU959:hydrogen_bond|J2:LEU855:hydrophobic|J2:LYS882:hydrogen_bond,5,18,3.774383164005805,21|18|26|20|71,1.05365|3.44901|1.75121|3.58499|3.61124,True
J1:ALA906:hydrophobic|J1:LEU881|J1:LEU959:hydrogen_bond|J2:LEU855:hydrophobic|J2:LYS882:hydrogen_bond,5,18,3.774383164005805,21|18|26|20|71,1.05365|3.44901|1.75121|3.58499|3.61124,True
J1:ALA906:hydrophobic|J1:LEU1010|J1:LEU881|J1:LEU959|J2:VAL863,5,68,3.2573938992042435,88|71|69|93|75,0.914004|3.1881|2.95502|1.70413|3.19965,True
J1:ALA906|J1:LEU1010|J1:LEU881|J1:LEU959|J2:VAL863,5,68,3.2573938992042435,88|71|69|93|75,0.914004|3.1881|2.95502|1.70413|3.19965,True
J1:ALA906|J1:LEU1010:hydrophobic|J1:LEU881|J1:LEU959|J2:VAL863,5,68,3.2573938992042435,88|71|69|93|75,0.914004|3.1881|2.95502|1.70413|3.19965,True
J1:ALA906:hydrophobic|J1:LEU1010:hydrophobic|J1:LEU881|J1:LEU959|J2:VAL863,5,68,3.2573938992042435,88|71|69|93|75,0.914004|3.1881|2.95502|1.70413|3.19965,True
J1:ALA906|J1:ASP1021|J1:LEU1010|J1:LEU881:hydrophobic|J1:LEU959:hydrogen_bond,5,31,3.3286696395392044,44|75|32|32|48,1.02407|3.63978|3.23301|2.90311|1.6165,True
J1:ALA906:hydrophobic|J1:ASP1021|J1:LEU1010:hydrophobic|J1:LEU881:hydrophobic|J1:LEU959:hydrogen_bond,5,31,3.3286696395392044,44|75|32|32|48,1.02407|3.63978|3.23301|2.90311|1.6165,True
J1:ALA906|J1:ASP1021|J1:LEU1010:hydrophobic|J1:LEU881:hydrophobic|J1:LEU959:hydrogen_bond,5,31,3.3286696395392044,44|75|32|32|48,1.02407|3.63978|3.23301|2.90311|1.6165,True
J1:ALA906:hydrophobic|J1:ASP1021|J1:LEU1010|J1:LEU881:hydrophobic|J1:LEU959:hydrogen_bond,5,31,3.3286696395392044,44|75|32|32|48,1.02407|3.63978|3.23301|2.90311|1.6165,True
J1:ALA906:hydrophobic|J1:LEU881|J1:LEU959:hydrogen_bond|J2:LEU983|J2:VAL863:hydrophobic,5,60,3.221293199554069,80|62|84|71|63,0.856116|2.93831|1.59714|3.53045|3.07757,True
J1:ALA906|J1:LEU881|J1:LEU959:hydrogen_bond|J2:LEU983:hydrophobic|J2:VAL863:hydrophobic,5,60,3.221293199554069,80|62|84|71|63,0.856116|2.93831|1.59714|3.53045|3.07757,True
J1:ALA906:hydrophobic|J1:LEU881|J1:LEU959:hydrogen_bond|J2:LEU983:hydrophobic|J2:VAL863:hydrophobic,5,60,3.221293199554069,80|62|84|71|63,0.856116|2.93831|1.59714|3.53045|3.07757,True
J1:ALA906|J1:LEU881|J1:LEU959:hydrogen_bond|J2:LEU983|J2:VAL863:hydrophobic,5,60,3.221293199554069,80|62|84|71|63,0.856116|2.93831|1.59714|3.53045|3.07757,True
J1:ALA906:hydrophobic|J1:LEU1010|J1:LEU959|J1:VAL889|J2:LEU855:hydrophobic,5,52,3.350144927536232,65|55|64|68|58,0.838995|3.23408|1.459|3.08455|3.04048,True
J1:ALA906:hydrophobic|J1:LEU1010|J1:LEU959|J1:VAL889:hydrophobic|J2:LEU855:hydrophobic,5,51,3.295270572450805,64|54|63|68|57,0.828493|3.1837|1.43768|3.08455|2.99512,True
J1:ALA906:hydrophobic|J1:LEU1010:hydrophobic|J1:LEU959|J1:VAL889|J2:LEU855:hydrophobic,5,52,3.350144927536232,65|55|64|68|58,0.838995|3.23408|1.459|3.08455|3.04048,True
J1:ALA906:hydrophobic|J1:LEU1010:hydrophobic|J1:LEU959|J1:VAL889:hydrophobic|J2:LEU855:hydrophobic,5,51,3.295270572450805,64|54|63|68|57,0.828493|3.1837|1.43768|3.08455|2.99512,True
J1:ALA906|J1:LEU1010:hydrophobic|J1:LEU959|J1:VAL889|J2:LEU855:hydrophobic,5,52,3.350144927536232,65|55|64|68|58,0.838995|3.23408|1.459|3.08455|3.04048,True
J1:ALA906|J1:LEU1010:hydrophobic|J1:LEU959|J1:VAL889:hydrophobic|J2:LEU855:hydrophobic,5,51,3.295270572450805,64|54|63|68|57,0.828493|3.1837|1.43768|3.08455|2.99512,True
J1:ALA906|J1:LEU1010|J1:LEU959|J1:VAL889|J2:LEU855:hydrophobic,5,52,3.350144927536232,65|55|64|68|58,0.838995|3.23408|1.459|3.08455|3.04048,True
J1:ALA906|J1:LEU1010|J1:LEU959|J1:VAL889:hydrophobic|J2:LEU855:hydrophobic,5,51,3.295270572450805,64|54|63|68|57,0.828493|3.1837|1.43768|3.08455|2.99512,True
J1:ALA906:hydrophobic|J1:LEU1010|J1:LEU881:hydrophobic|J1:LEU959|J2:LEU855:hydrophobic,5,68,3.411807605487063,87|71|68|94|75,0.965905|3.35768|3.08455|1.79342|3.30103,True
J1:ALA906|J1:LEU1010:hydrophobic|J1:LEU881:hydrophobic|J1:LEU959|J2:LEU855:hydrophobic,5,68,3.411807605487063,87|71|68|94|75,0.965905|3.35768|3.08455|1.79342|3.30103,True
J1:ALA906:hydrophobic|J1:LEU1010:hydrophobic|J1:LEU881:hydrophobic|J1:LEU959|J2:LEU855:hydrophobic,5,68,3.411807605487063,87|71|68|94|75,0.965905|3.35768|3.08455|1.79342|3.30103,True
J1:ALA906|J1:LEU1010|J1:LEU881:hydrophobic|J1:LEU959|J2:LEU855:hydrophobic,5,68,3.411807605487063,87|71|68|94|75,0.965905|3.35768|3.08455|1.79342|3.30103,True
J1:ALA906:hydrophobic|J1:LEU881:hydrophobic|J1:LEU959:hydrogen_bond|J2:ASN981|J2:LEU855,5,19,3.2737328562909958,27|19|24|71|22,0.96951|2.87287|1.41123|3.66151|3.39578,False
J1:ALA906|J1:LEU881:hydrophobic|J1:LEU959:hydrogen_bond|J2:ASN981|J2:LEU855,5,19,3.2737328562909958,27|19|24|71|22,0.96951|2.87287|1.41123|3.66151|3.39578,False
J1:ALA906|J1:LEU881|J1:LEU959:hydrogen_bond|J2:ASN981|J2:LEU855:hydrophobic,5,19,3.248550295857988,27|19|24|71|22,0.967947|2.89254|1.38198|3.61124|3.304,False
J1:ALA906:hydrophobic|J1:LEU881|J1:LEU959:hydrogen_bond|J2:ASN981|J2:LEU855:hydrophobic,5,19,3.248550295857988,27|19|24|71|22,0.967947|2.89254|1.38198|3.61124|3.304,False
J1:ALA906|J1:LEU881|J1:LEU959:hydrogen_bond|J2:LEU983:hydrophobic|J2:VAL863,5,60,3.198118428334255,80|62|84|71|63,0.852423|2.91347|1.59306|3.50691|3.07757,True
J1:ALA906:hydrophobic|J1:LEU881|J1:LEU959:hydrogen_bond|J2:LEU983:hydrophobic|J2:VAL863,5,60,3.198118428334255,80|62|84|71|63,0.852423|2.91347|1.59306|3.50691|3.07757,True
J1:ALA906|J1:LEU881|J1:LEU959:hydrogen_bond|J2:LEU983|J2:VAL863,5,60,3.198118428334255,80|62|84|71|63,0.852423|2.91347|1.59306|3.50691|3.07757,True
J1:ALA906:hydrophobic|J1:LEU881|J1:LEU959:hydrogen_bond|J2:LEU983|J2:VAL863,5,60,3.198118428334255,80|62|84|71|63,0.852423|2.91347|1.59306|3.50691|3.07757,True
J1:ALA906:hydrophobic|J1:LEU1010:hydrophobic|J1:LEU959|J1:VAL889|J2:LEU855,5,52,3.321264367816092,65|55|64|68|58,0.825571|3.20861|1.44126|3.05958|3.04048,True
J1:ALA906:hydrophobic|J1:LEU1010:hydrophobic|J1:LEU959|J1:VAL889:hydrophobic|J2:LEU855,5,51,3.2667812015074262,64|54|63|68|57,0.815199|3.15856|1.42018|3.05958|2.99512,True
J1:ALA906|J1:LEU1010:hydrophobic|J1:LEU959|J1:VAL889|J2:LEU855,5,52,3.321264367816092,65|55|64|68|58,0.825571|3.20861|1.44126|3.05958|3.04048,True
J1:ALA906|J1:LEU1010:hydrophobic|J1:LEU959|J1:VAL889:hydrophobic|J2:LEU855,5,51,3.2667812015074262,64|54|63|68|57,0.815199|3.15856|1.42018|3.05958|2.99512,True
J1:ALA906|J1:LEU1010|J1:LEU959|J1:VAL889|J2:LEU855,5,52,3.321264367816092,65|55|64|68|58,0.825571|3.20861|1.44126|3.05958|3.04048,True
J1:ALA906|J1:LEU1010|J1:LEU959|J1:VAL889:hydrophobic|J2:LEU855,5,51,3.2667812015074262,64|54|63|68|57,0.815199|3.15856|1.42018|3.05958|2.99512,True
J1:ALA906:hydrophobic|J1:LEU1010|J1:LEU959|J1:VAL889|J2:LEU855,5,52,3.321264367816092,65|55|64|68|58,0.825571|3.20861|1.44126|3.05958|3.04048,True
J1:ALA906:hydrophobic|J1:LEU1010|J1:LEU959|J1:VAL889:hydrophobic|J2:LEU855,5,51,3.2667812015074262,64|54|63|68|57,0.815199|3.15856|1.42018|3.05958|2.99512,True
J1:ALA906|J1:LEU1010|J1:LEU881:hydrophobic|J1:LEU959|J2:LEU855,5,68,3.3812768886594387,87|71|68|94|75,0.952113|3.32935|3.05958|1.77062|3.30103,True
J1:ALA906:hydrophobic|J1:LEU1010|J1:LEU881:hydrophobic|J1:LEU959|J2:LEU855,5,68,3.3812768886594387,87|71|68|94|75,0.952113|3.32935|3.05958|1.77062|3.30103,True
J1:ALA906:hydrophobic|J1:LEU1010:hydrophobic|J1:LEU881:hydrophobic|J1:LEU959|J2:LEU855,5,68,3.3812768886594387,87|71|68|94|75,0.952113|3.32935|3.05958|1.77062|3.30103,True
J1:ALA906|J1:LEU1010:hydrophobic|J1:LEU881:hydrophobic|J1:LEU959|J2:LEU855,5,68,3.3812768886594387,87|71|68|94|75,0.952113|3.32935|3.05958|1.77062|3.30103,True
J1:ALA906:hydrophobic|J1:ARG1007|J1:LEU1010|J1:LEU959:hydrogen_bond|J2:LEU855:hydrophobic,5,44,3.5179302711676805,53|68|47|66|51,1.11661|3.40412|3.50559|1.74225|3.42469,True
J1:ALA906|J1:ARG1007|J1:LEU1010|J1:LEU959:hydrogen_bond|J2:LEU855:hydrophobic,5,44,3.5179302711676805,53|68|47|66|51,1.11661|3.40412|3.50559|1.74225|3.42469,True
J1:ALA906:hydrophobic|J1:ARG1007|J1:LEU1010:hydrophobic|J1:LEU959:hydrogen_bond|J2:LEU855:hydrophobic,5,44,3.5179302711676805,53|68|47|66|51,1.11661|3.40412|3.50559|1.74225|3.42469,True
J1:ALA906|J1:ARG1007|J1:LEU1010:hydrophobic|J1:LEU959:hydrogen_bond|J2:LEU855:hydrophobic,5,44,3.5179302711676805,53|68|47|66|51,1.11661|3.40412|3.50559|1.74225|3.42469,True
J1:ALA906:hydrophobic|J1:LEU881|J1:LEU959:hydrogen_bond|J2:ASN981|J2:LEU855,5,19,3.2237522019964766,27|19|24|71|22,0.955616|2.87287|1.36083|3.58662|3.304,False
J1:ALA906|J1:LEU1010|J1:LEU959:hydrogen_bond|J2:ASN981:hydrophobic|J2:LEU855:hydrophobic,5,19,3.1282336182336183,27|19|24|68|23,1.04917|2.95323|1.40751|3.40412|3.25617,True
J1:ALA906|J1:LEU1010:hydrophobic|J1:LEU959:hydrogen_bond|J2:ASN981:hydrophobic|J2:LEU855:hydrophobic,5,19,3.1282336182336183,27|19|24|68|23,1.04917|2.95323|1.40751|3.40412|3.25617,True
J1:ALA906:hydrophobic|J1:LEU1010|J1:LEU959:hydrogen_bond|J2:ASN981:hydrophobic|J2:LEU855:hydrophobic,5,19,3.1282336182336183,27|19|24|68|23,1.04917|2.95323|1.40751|3.40412|3.25617,True
J1:ALA906|J1:LEU881|J1:LEU959:hydrogen_bond|J2:ASN981|J2:LEU855,5,19,3.2237522019964766,27|19|24|71|22,0.955616|2.87287|1.36083|3.58662|3.304,False
J1:ALA906:hydrophobic|J1:LEU1010:hydrophobic|J1:LEU959:hydrogen_bond|J2:ASN981:hydrophobic|J2:LEU855:hydrophobic,5,19,3.1282336182336183,27|19|24|68|23,1.04917|2.95323|1.40751|3.40412|3.25617,True
J1:ALA906|J1:LEU881:hydrophobic|J1:LEU959:hydrogen_bond|J1:VAL889|J2:ALA880,5,23,3.341302161890397,25|25|30|29|59,1.50589|3.07002|1.55796|3.41048|3.62262,True
J1:ALA906|J1:LEU881:hydrophobic|J1:LEU959:hydrogen_bond|J1:VAL889:hydrophobic|J2:ALA880,5,22,3.217054655870445,24|24|29|29|58,1.44958|2.96359|1.50956|3.41048|3.57108,False
J1:ALA906|J1:LEU881:hydrophobic|J1:LEU959:hydrogen_bond|J1:VAL889|J2:ALA880:hydrophobic,5,23,3.341302161890397,25|25|30|29|59,1.50589|3.07002|1.55796|3.41048|3.62262,True
J1:ALA906:hydrophobic|J1:LEU881:hydrophobic|J1:LEU959:hydrogen_bond|J1:VAL889|J2:ALA880,5,23,3.341302161890397,25|25|30|29|59,1.50589|3.07002|1.55796|3.41048|3.62262,True
J1:ALA906|J1:LEU881:hydrophobic|J1:LEU959:hydrogen_bond|J1:VAL889:hydrophobic|J2:ALA880:hydrophobic,5,22,3.217054655870445,24|24|29|29|58,1.44958|2.96359|1.50956|3.41048|3.57108,False
J1:ALA906:hydrophobic|J1:LEU881:hydrophobic|J1:LEU959:hydrogen_bond|J1:VAL889:hydrophobic|J2:ALA880,5,22,3.217054655870445,24|24|29|29|58,1.44958|2.96359|1.50956|3.41048|3.57108,False
J1:ALA906:hydrophobic|J1:LEU881:hydrophobic|J1:LEU959:hydrogen_bond|J1:VAL889|J2:ALA880:hydrophobic,5,23,3.341302161890397,25|25|30|29|59,1.50589|3.07002|1.55796|3.41048|3.62262,True
J1:ALA906:hydrophobic|J1:LEU881:hydrophobic|J1:LEU959:hydrogen_bond|J1:VAL889:hydrophobic|J2:ALA880:hydrophobic,5,22,3.217054655870445,24|24|29|29|58,1.44958|2.96359|1.50956|3.41048|3.57108,False
J1:ALA906|J1:LEU1010|J1:LEU881|J1:LEU959|J2:LEU855:hydrophobic,5,68,3.3438733832539143,87|71|68|94|75,0.948378|3.27409|3.08455|1.71679|3.19965,True
J1:ALA906|J1:LEU1010:hydrophobic|J1:LEU881|J1:LEU959|J2:LEU855:hydrophobic,5,68,3.3438733832539143,87|71|68|94|75,0.948378|3.27409|3.08455|1.71679|3.19965,True
J1:ALA906:hydrophobic|J1:LEU1010:hydrophobic|J1:LEU881|J1:LEU959|J2:LEU855:hydrophobic,5,68,3.3438733832539143,87|71|68|94|75,0.948378|3.27409|3.08455|1.71679|3.19965,True
J1:ALA906:hydrophobic|J1:LEU1010|J1:LEU881|J1:LEU959|J2:LEU855:hydrophobic,5,68,3.3438733832539143,87|71|68|94|75,0.948378|3.27409|3.08455|1.71679|3.19965,True
J1:ALA906|J1:ARG1007|J1:LEU1010:hydrophobic|J1:LEU959:hydrogen_bond|J2:LEU855,5,44,3.480372296742403,53|68|47|66|51,1.09891|3.38128|3.47065|1.72586|3.42469,True
J1:ALA906:hydrophobic|J1:ARG1007|J1:LEU1010|J1:LEU959:hydrogen_bond|J2:LEU855,5,44,3.480372296742403,53|68|47|66|51,1.09891|3.38128|3.47065|1.72586|3.42469,True
J1:ALA906|J1:ARG1007|J1:LEU1010|J1:LEU959:hydrogen_bond|J2:LEU855,5,44,3.480372296742403,53|68|47|66|51,1.09891|3.38128|3.47065|1.72586|3.42469,True
J1:ALA906:hydrophobic|J1:ARG1007|J1:LEU1010:hydrophobic|J1:LEU959:hydrogen_bond|J2:LEU855,5,44,3.480372296742403,53|68|47|66|51,1.09891|3.38128|3.47065|1.72586|3.42469,True
J1:ALA906|J1:LEU1010:hydrophobic|J1:LEU959:hydrogen_bond|J2:ASN981:hydrophobic|J2:LEU855,5,19,3.1052319004524884,27|19|24|68|23,1.03828|2.93272|1.38557|3.38128|3.25617,True
J1:ALA906:hydrophobic|J1:LEU1010|J1:LEU959:hydrogen_bond|J2:ASN981:hydrophobic|J2:LEU855,5,19,3.1052319004524884,27|19|24|68|23,1.03828|2.93272|1.38557|3.38128|3.25617,True
J1:ALA906:hydrophobic|J1:LEU1010:hydrophobic|J1:LEU959:hydrogen_bond|J2:ASN981:hydrophobic|J2:LEU855,5,19,3.1052319004524884,27|19|24|68|23,1.03828|2.93272|1.38557|3.38128|3.25617,True
J1:ALA906|J1:LEU1010|J1:LEU959:hydrogen_bond|J2:ASN981:hydrophobic|J2:LEU855,5,19,3.1052319004524884,27|19|24|68|23,1.03828|2.93272|1.38557|3.38128|3.25617,True
J1:ALA906|J1:LEU1010|J1:LEU959|J2:LEU855:hydrophobic|J2:VAL863:hydrophobic,5,61,3.1604715797023486,78|65|84|69|68,0.886803|3.11369|1.62353|2.9722|3.08455,True
J1:ALA906:hydrophobic|J1:LEU1010:hydrophobic|J1:LEU959|J2:LEU855:hydrophobic|J2:VAL863:hydrophobic,5,61,3.1604715797023486,78|65|84|69|68,0.886803|3.11369|1.62353|2.9722|3.08455,True
J1:ALA906|J1:LEU1010:hydrophobic|J1:LEU959|J2:LEU855:hydrophobic|J2:VAL863:hydrophobic,5,61,3.1604715797023486,78|65|84|69|68,0.886803|3.11369|1.62353|2.9722|3.08455,True
J1:ALA906:hydrophobic|J1:LEU1010|J1:LEU959|J2:LEU855:hydrophobic|J2:VAL863:hydrophobic,5,61,3.1604715797023486,78|65|84|69|68,0.886803|3.11369|1.62353|2.9722|3.08455,True
J1:ARG1007|J1:ARG879|J1:LEU1010|J1:LEU881:hydrophobic|J2:ASN859,5,25,3.704487179487179,32|52|26|25|71,3.18951|1.87326|2.66313|3.43008|2.88503,True
J1:ARG1007|J1:ARG879|J1:LEU1010:hydrophobic|J1:LEU881:hydrophobic|J2:ASN859,5,25,3.704487179487179,32|52|26|25|71,3.18951|1.87326|2.66313|3.43008|2.88503,True
J1:ALA906:hydrophobic|J1:GLU966|J1:LEU1010|J1:LEU881:hydrophobic|J1:LEU959:hydrogen_bond,5,30,3.2686651583710407,33|75|31|30|37,0.995235|3.63978|3.20481|2.96359|1.43525,False
J1:ALA906|J1:GLU966|J1:LEU1010:hydrophobic|J1:LEU881:hydrophobic|J1:LEU959:hydrogen_bond,5,30,3.2686651583710407,33|75|31|30|37,0.995235|3.63978|3.20481|2.96359|1.43525,False
J1:ALA906:hydrophobic|J1:GLU966|J1:LEU1010:hydrophobic|J1:LEU881:hydrophobic|J1:LEU959:hydrogen_bond,5,30,3.2686651583710407,33|75|31|30|37,0.995235|3.63978|3.20481|2.96359|1.43525,False
J1:ALA906|J1:GLU966|J1:LEU1010|J1:LEU881:hydrophobic|J1:LEU959:hydrogen_bond,5,30,3.2686651583710407,33|75|31|30|37,0.995235|3.63978|3.20481|2.96359|1.43525,False
J1:ALA906:hydrophobic|J1:LEU1010|J1:LEU881|J1:LEU959|J2:LEU855,5,68,3.314541160593792,87|71|68|94|75,0.933273|3.24714|3.05958|1.69589|3.19965,True
J1:ALA906|J1:LEU1010|J1:LEU881|J1:LEU959|J2:LEU855,5,68,3.314541160593792,87|71|68|94|75,0.933273|3.24714|3.05958|1.69589|3.19965,True
J1:ALA906|J1:LEU1010:hydrophobic|J1:LEU881|J1:LEU959|J2:LEU855,5,68,3.314541160593792,87|71|68|94|75,0.933273|3.24714|3.05958|1.69589|3.19965,True
J1:ALA906:hydrophobic|J1:LEU1010:hydrophobic|J1:LEU881|J1:LEU959|J2:LEU855,5,68,3.314541160593792,87|71|68|94|75,0.933273|3.24714|3.05958|1.69589|3.19965,True
J1:ALA906|J1:LEU881:hydrophobic|J1:LEU959:hydrogen_bond|J2:LEU855:hydrophobic|J2:LEU983,5,57,3.2402419830808578,76|58|82|63|71,0.893308|2.95003|1.64199|3.16809|3.68718,False
J1:ALA906|J1:LEU881:hydrophobic|J1:LEU959:hydrogen_bond|J2:LEU855:hydrophobic|J2:LEU983:hydrophobic,5,57,3.2402419830808578,76|58|82|63|71,0.893308|2.95003|1.64199|3.16809|3.68718,False
J1:ALA906:hydrophobic|J1:LEU881:hydrophobic|J1:LEU959:hydrogen_bond|J2:LEU855:hydrophobic|J2:LEU983,5,57,3.2402419830808578,76|58|82|63|71,0.893308|2.95003|1.64199|3.16809|3.68718,False
J1:ALA906:hydrophobic|J1:LEU881:hydrophobic|J1:LEU959:hydrogen_bond|J2:LEU855:hydrophobic|J2:LEU983:hydrophobic,5,57,3.2402419830808578,76|58|82|63|71,0.893308|2.95003|1.64199|3.16809|3.68718,False
J1:ALA906|J1:LEU1010|J1:LEU959|J2:LEU855|J2:VAL863:hydrophobic,5,61,3.13852386039886,78|65|84|69|68,0.872961|3.09368|1.60538|2.9722|3.05958,True
J1:ALA906:hydrophobic|J1:LEU1010|J1:LEU959|J2:LEU855|J2:VAL863:hydrophobic,5,61,3.13852386039886,78|65|84|69|68,0.872961|3.09368|1.60538|2.9722|3.05958,True
J1:ALA906:hydrophobic|J1:LEU1010:hydrophobic|J1:LEU959|J2:LEU855|J2:VAL863:hydrophobic,5,61,3.13852386039886,78|65|84|69|68,0.872961|3.09368|1.60538|2.9722|3.05958,True
J1:ALA906|J1:LEU1010:hydrophobic|J1:LEU959|J2:LEU855|J2:VAL863:hydrophobic,5,61,3.13852386039886,78|65|84|69|68,0.872961|3.09368|1.60538|2.9722|3.05958,True
J1:ALA906:hydrophobic|J1:LEU1010|J1:LEU959|J2:LEU855:hydrophobic|J2:VAL863,5,61,3.13852386039886,78|65|84|69|68,0.883189|3.08707|1.61931|2.95502|3.08455,True
J1:ALA906|J1:LEU1010|J1:LEU959|J2:LEU855:hydrophobic|J2:VAL863,5,61,3.13852386039886,78|65|84|69|68,0.883189|3.08707|1.61931|2.95502|3.08455,True
J1:ALA906:hydrophobic|J1:LEU1010:hydrophobic|J1:LEU959|J2:LEU855:hydrophobic|J2:VAL863,5,61,3.13852386039886,78|65|84|69|68,0.883189|3.08707|1.61931|2.95502|3.08455,True
J1:ALA906|J1:LEU1010:hydrophobic|J1:LEU959|J2:LEU855:hydrophobic|J2:VAL863,5,61,3.13852386039886,78|65|84|69|68,0.883189|3.08707|1.61931|2.95502|3.08455,True
J1:ALA906|J1:ARG1007|J1:LEU1010:hydrophobic|J1:LEU881:hydrophobic|J1:LEU959,5,51,3.414376737720111,61|75|53|51|74,1.13555|3.30103|3.39489|3.04724|1.92373,True
J1:ALA906|J1:ARG1007|J1:LEU1010|J1:LEU881:hydrophobic|J1:LEU959,5,51,3.414376737720111,61|75|53|51|74,1.13555|3.30103|3.39489|3.04724|1.92373,True
J1:ALA906:hydrophobic|J1:ARG1007|J1:LEU1010:hydrophobic|J1:LEU881:hydrophobic|J1:LEU959,5,51,3.414376737720111,61|75|53|51|74,1.13555|3.30103|3.39489|3.04724|1.92373,True
J1:ALA906:hydrophobic|J1:ARG1007|J1:LEU1010|J1:LEU881:hydrophobic|J1:LEU959,5,51,3.414376737720111,61|75|53|51|74,1.13555|3.30103|3.39489|3.04724|1.92373,True
J1:ALA906|J1:LEU1010:hydrophobic|J1:LEU881:hydrophobic|J1:LEU959:hydrogen_bond|J2:ALA880:hydrophobic,5,26,3.3404624277456647,29|29|27|33|75,1.60343|3.41048|2.9418|1.53129|3.63978,True
J1:ALA906|J1:LEU1010|J1:LEU881:hydrophobic|J1:LEU959:hydrogen_bond|J2:ALA880,5,26,3.3404624277456647,29|29|27|33|75,1.60343|3.41048|2.9418|1.53129|3.63978,True
J1:ALA906|J1:LEU1010|J1:LEU881:hydrophobic|J1:LEU959:hydrogen_bond|J2:ALA880:hydrophobic,5,26,3.3404624277456647,29|29|27|33|75,1.60343|3.41048|2.9418|1.53129|3.63978,True
J1:ALA906:hydrophobic|J1:LEU1010|J1:LEU881:hydrophobic|J1:LEU959:hydrogen_bond|J2:ALA880,5,26,3.3404624277456647,29|29|27|33|75,1.60343|3.41048|2.9418|1.53129|3.63978,True
J1:ALA906:hydrophobic|J1:LEU1010|J1:LEU881:hydrophobic|J1:LEU959:hydrogen_bond|J2:ALA880:hydrophobic,5,26,3.3404624277456647,29|29|27|33|75,1.60343|3.41048|2.9418|1.53129|3.63978,True
J1:ALA906:hydrophobic|J1:LEU1010:hydrophobic|J1:LEU881:hydrophobic|J1:LEU959:hydrogen_bond|J2:ALA880,5,26,3.3404624277456647,29|29|27|33|75,1.60343|3.41048|2.9418|1.53129|3.63978,True
J1:ALA906|J1:LEU1010:hydrophobic|J1:LEU881:hydrophobic|J1:LEU959:hydrogen_bond|J2:ALA880,5,26,3.3404624277456647,29|29|27|33|75,1.60343|3.41048|2.9418|1.53129|3.63978,True
J1:ALA906:hydrophobic|J1:LEU1010:hydrophobic|J1:LEU881:hydrophobic|J1:LEU959:hydrogen_bond|J2:ALA880:hydrophobic,5,26,3.3404624277456647,29|29|27|33|75,1.60343|3.41048|2.9418|1.53129|3.63978,True
J1:ARG1007|J1:ARG879|J1:LEU1010|J1:LEU881|J2:ASN859,5,25,3.6799541518084564,32|52|26|25|71,3.17527|1.82591|2.63881|3.43008|2.87977,True
J1:ARG1007|J1:ARG879|J1:LEU1010:hydrophobic|J1:LEU881|J2:ASN859,5,25,3.6799541518084564,32|52|26|25|71,3.17527|1.82591|2.63881|3.43008|2.87977,True
J1:ALA906:hydrophobic|J1:LEU881|J1:LEU959:hydrogen_bond|J2:LEU855:hydrophobic|J2:LYS882,5,18,3.637132867132867,22|18|26|20|71,1.01241|3.30648|1.55768|3.47296|3.61124,True
J1:ALA906|J1:LEU881|J1:LEU959:hydrogen_bond|J2:LEU855|J2:LYS882,5,18,3.637132867132867,22|18|26|20|71,1.00409|3.30648|1.54933|3.47296|3.58662,True
J1:ALA906:hydrophobic|J1:LEU881|J1:LEU959:hydrogen_bond|J2:LEU855|J2:LYS882,5,18,3.637132867132867,22|18|26|20|71,1.00409|3.30648|1.54933|3.47296|3.58662,True
J1:ALA906|J1:LEU881|J1:LEU959:hydrogen_bond|J2:LEU855:hydrophobic|J2:LYS882,5,18,3.637132867132867,22|18|26|20|71,1.01241|3.30648|1.55768|3.47296|3.61124,True
J1:ALA906:hydrophobic|J1:LEU1010|J1:LEU959:hydrogen_bond|J2:ASP939|J2:LEU855:hydrophobic,5,19,3.9102920227920226,24|19|27|68|23,1.13258|3.73727|1.46372|3.40412|4.15625,True
J1:ALA906:hydrophobic|J1:LEU1010:hydrophobic|J1:LEU959:hydrogen_bond|J2:ASP939|J2:LEU855:hydrophobic,5,19,3.9102920227920226,24|19|27|68|23,1.13258|3.73727|1.46372|3.40412|4.15625,True
J1:ALA906|J1:LEU1010|J1:LEU959:hydrogen_bond|J2:ASP939|J2:LEU855:hydrophobic,5,19,3.9102920227920226,24|19|27|68|23,1.13258|3.73727|1.46372|3.40412|4.15625,True
J1:ALA906|J1:LEU1010:hydrophobic|J1:LEU959:hydrogen_bond|J2:ASP939|J2:LEU855:hydrophobic,5,19,3.9102920227920226,24|19|27|68|23,1.13258|3.73727|1.46372|3.40412|4.15625,True
J1:ALA906|J1:LEU881:hydrophobic|J1:LEU959:hydrogen_bond|J2:LEU855|J2:LEU983,5,57,3.215570089808668,76|58|82|63|71,0.877987|2.92991|1.62588|3.16809|3.66151,False
J1:ALA906|J1:LEU881:hydrophobic|J1:LEU959:hydrogen_bond|J2:LEU855|J2:LEU983:hydrophobic,5,57,3.215570089808668,76|58|82|63|71,0.877987|2.92991|1.62588|3.16809|3.66151,False
J1:ALA906:hydrophobic|J1:LEU881:hydrophobic|J1:LEU959:hydrogen_bond|J2:LEU855|J2:LEU983:hydrophobic,5,57,3.215570089808668,76|58|82|63|71,0.877987|2.92991|1.62588|3.16809|3.66151,False
J1:ALA906:hydrophobic|J1:LEU881:hydrophobic|J1:LEU959:hydrogen_bond|J2:LEU855|J2:LEU983,5,57,3.215570089808668,76|58|82|63|71,0.877987|2.92991|1.62588|3.16809|3.66151,False
J1:ALA906:hydrophobic|J1:LEU1010:hydrophobic|J1:LEU959|J2:LEU855|J2:VAL863,5,61,3.1168788682581785,78|65|84|69|68,0.869458|3.06741|1.60125|2.95502|3.05958,True
J1:ALA906|J1:LEU1010:hydrophobic|J1:LEU959|J2:LEU855|J2:VAL863,5,61,3.1168788682581785,78|65|84|69|68,0.869458|3.06741|1.60125|2.95502|3.05958,True
J1:ALA906|J1:LEU1010|J1:LEU959|J2:LEU855|J2:VAL863,5,61,3.1168788682581785,78|65|84|69|68,0.869458|3.06741|1.60125|2.95502|3.05958,True
J1:ALA906:hydrophobic|J1:LEU1010|J1:LEU959|J2:LEU855|J2:VAL863,5,61,3.1168788682581785,78|65|84|69|68,0.869458|3.06741|1.60125|2.95502|3.05958,True
J1:ALA906|J1:GLU966|J1:LEU881:hydrophobic|J1:LEU959:hydrogen_bond|J2:VAL863:hydrophobic,5,27,3.046329558766107,33|71|27|34|31,0.893409|3.6446|2.77837|1.40207|3.20481,False
J1:ALA906:hydrophobic|J1:GLU966|J1:LEU881:hydrophobic|J1:LEU959:hydrogen_bond|J2:VAL863:hydrophobic,5,27,3.046329558766107,33|71|27|34|31,0.893409|3.6446|2.77837|1.40207|3.20481,False
J1:ALA906:hydrophobic|J1:ASP1021|J1:LEU881:hydrophobic|J1:LEU959:hydrogen_bond|J2:LEU855:hydrophobic,5,30,3.3340384615384613,42|71|31|45|32,0.998429|3.68718|3.03539|1.56283|3.23301,False
J1:ALA906|J1:ASP1021|J1:LEU881:hydrophobic|J1:LEU959:hydrogen_bond|J2:LEU855,5,30,3.3174512055109067,42|71|31|45|32,0.991009|3.66151|3.02208|1.54592|3.23301,False
J1:ALA906:hydrophobic|J1:ASP1021|J1:LEU881:hydrophobic|J1:LEU959:hydrogen_bond|J2:LEU855,5,30,3.3174512055109067,42|71|31|45|32,0.991009|3.66151|3.02208|1.54592|3.23301,False
J1:ALA906|J1:ASP1021|J1:LEU881:hydrophobic|J1:LEU959:hydrogen_bond|J2:LEU855:hydrophobic,5,30,3.3340384615384613,42|71|31|45|32,0.998429|3.68718|3.03539|1.56283|3.23301,False
J1:ALA906:hydrophobic|J1:LEU1010:hydrophobic|J1:LEU959:hydrogen_bond|J2:ASN981|J2:LEU855:hydrophobic,5,19,3.0602285395763653,27|19|24|68|23,1.02062|2.89254|1.37841|3.40412|3.17527,False
J1:ALA906|J1:LEU1010:hydrophobic|J1:LEU959:hydrogen_bond|J2:ASN981|J2:LEU855:hydrophobic,5,19,3.0602285395763653,27|19|24|68|23,1.02062|2.89254|1.37841|3.40412|3.17527,False
J1:ALA906|J1:LEU1010|J1:LEU959:hydrogen_bond|J2:ASN981|J2:LEU855:hydrophobic,5,19,3.0602285395763653,27|19|24|68|23,1.02062|2.89254|1.37841|3.40412|3.17527,False
J1:ALA906:hydrophobic|J1:LEU1010|J1:LEU959:hydrogen_bond|J2:ASN981|J2:LEU855:hydrophobic,5,19,3.0602285395763653,27|19|24|68|23,1.02062|2.89254|1.37841|3.40412|3.17527,False
J1:ALA906:hydrophobic|J1:LEU881:hydrophobic|J1:LEU959|J2:LEU855:hydrophobic|J2:LYS882:hydrogen_bond,5,18,3.637132867132867,21|18|26|20|71,1.02137|3.20068|1.8346|3.52808|3.35768,True
J1:ALA906:hydrophobic|J1:LEU881:hydrophobic|J1:LEU959|J2:LEU855|J2:LYS882:hydrogen_bond,5,18,3.637132867132867,21|18|26|20|71,1.01692|3.20068|1.8288|3.52808|3.32935,True
J1:ALA906|J1:LEU881:hydrophobic|J1:LEU959|J2:LEU855|J2:LYS882:hydrogen_bond,5,18,3.637132867132867,21|18|26|20|71,1.01692|3.20068|1.8288|3.52808|3.32935,True
J1:ALA906|J1:LEU881:hydrophobic|J1:LEU959|J2:LEU855:hydrophobic|J2:LYS882:hydrogen_bond,5,18,3.637132867132867,21|18|26|20|71,1.02137|3.20068|1.8346|3.52808|3.35768,True
J1:ALA906|J1:LEU1010|J1:LEU959:hydrogen_bond|J2:ASP939|J2:LEU855,5,19,3.8744177840508116,24|19|27|68|23,1.09313|3.70449|1.43915|3.38128|4.15625,True
J1:ALA906|J1:LEU1010:hydrophobic|J1:LEU959:hydrogen_bond|J2:ASP939|J2:LEU855,5,19,3.8744177840508116,24|19|27|68|23,1.09313|3.70449|1.43915|3.38128|4.15625,True
J1:ALA906:hydrophobic|J1:LEU1010|J1:LEU959:hydrogen_bond|J2:ASP939|J2:LEU855,5,19,3.8744177840508116,24|19|27|68|23,1.09313|3.70449|1.43915|3.38128|4.15625,True
J1:ALA906:hydrophobic|J1:LEU1010:hydrophobic|J1:LEU959:hydrogen_bond|J2:ASP939|J2:LEU855,5,19,3.8744177840508116,24|19|27|68|23,1.09313|3.70449|1.43915|3.38128|4.15625,True
J1:ALA906|J1:LEU881|J1:LEU959:hydrogen_bond|J2:LEU855:hydrophobic|J2:LEU983,5,57,3.175274725274725,77|58|82|63|71,0.887694|2.95003|1.56851|3.07757|3.61124,False
J1:ALA906|J1:LEU881|J1:LEU959:hydrogen_bond|J2:LEU855:hydrophobic|J2:LEU983:hydrophobic,5,57,3.175274725274725,77|58|82|63|71,0.887694|2.95003|1.56851|3.07757|3.61124,False
J1:ALA906:hydrophobic|J1:LEU881|J1:LEU959:hydrogen_bond|J2:LEU855:hydrophobic|J2:LEU983,5,57,3.175274725274725,77|58|82|63|71,0.887694|2.95003|1.56851|3.07757|3.61124,False
J1:ALA906:hydrophobic|J1:LEU881|J1:LEU959:hydrogen_bond|J2:LEU855:hydrophobic|J2:LEU983:hydrophobic,5,57,3.175274725274725,77|58|82|63|71,0.887694|2.95003|1.56851|3.07757|3.61124,False
J1:ALA906|J1:LEU881:hydrophobic|J1:LEU959|J2:LEU983:hydrophobic|J2:VAL863:hydrophobic,5,60,3.0587508821453775,79|62|84|71|63,0.824379|2.7021|1.68204|3.32234|2.90518,True
J1:ALA906|J1:LEU881:hydrophobic|J1:LEU959|J2:LEU983|J2:VAL863:hydrophobic,5,60,3.0587508821453775,79|62|84|71|63,0.824379|2.7021|1.68204|3.32234|2.90518,True
J1:ALA906:hydrophobic|J1:LEU881:hydrophobic|J1:LEU959|J2:LEU983:hydrophobic|J2:VAL863:hydrophobic,5,60,3.0587508821453775,79|62|84|71|63,0.824379|2.7021|1.68204|3.32234|2.90518,True
J1:ALA906:hydrophobic|J1:LEU881:hydrophobic|J1:LEU959|J2:LEU983|J2:VAL863:hydrophobic,5,60,3.0587508821453775,79|62|84|71|63,0.824379|2.7021|1.68204|3.32234|2.90518,True
J1:ALA906:hydrophobic|J1:LEU1010|J1:LEU881:hydrophobic|J1:LEU959:hydrogen_bond|J2:LEU983:hydrophobic,5,60,3.213531047265987,76|63|61|86|75,0.876165|3.16809|2.79555|1.66363|3.63978,False
J1:ALA906:hydrophobic|J1:LEU1010|J1:LEU881:hydrophobic|J1:LEU959:hydrogen_bond|J2:LEU983,5,60,3.213531047265987,76|63|61|86|75,0.876165|3.16809|2.79555|1.66363|3.63978,False
J1:ALA906:hydrophobic|J1:LEU1010:hydrophobic|J1:LEU881:hydrophobic|J1:LEU959:hydrogen_bond|J2:LEU983,5,60,3.213531047265987,76|63|61|86|75,0.876165|3.16809|2.79555|1.66363|3.63978,False
J1:ALA906:hydrophobic|J1:LEU1010:hydrophobic|J1:LEU881:hydrophobic|J1:LEU959:hydrogen_bond|J2:LEU983:hydrophobic,5,60,3.213531047265987,76|63|61|86|75,0.876165|3.16809|2.79555|1.66363|3.63978,False
J1:ALA906|J1:LEU1010:hydrophobic|J1:LEU881:hydrophobic|J1:LEU959:hydrogen_bond|J2:LEU983,5,60,3.213531047265987,76|63|61|86|75,0.876165|3.16809|2.79555|1.66363|3.63978,False
J1:ALA906|J1:LEU1010:hydrophobic|J1:LEU881:hydrophobic|J1:LEU959:hydrogen_bond|J2:LEU983:hydrophobic,5,60,3.213531047265987,76|63|61|86|75,0.876165|3.16809|2.79555|1.66363|3.63978,False
J1:ALA906|J1:LEU1010|J1:LEU881:hydrophobic|J1:LEU959:hydrogen_bond|J2:LEU983,5,60,3.213531047265987,76|63|61|86|75,0.876165|3.16809|2.79555|1.66363|3.63978,False
J1:ALA906|J1:LEU1010|J1:LEU881:hydrophobic|J1:LEU959:hydrogen_bond|J2:LEU983:hydrophobic,5,60,3.213531047265987,76|63|61|86|75,0.876165|3.16809|2.79555|1.66363|3.63978,False
J1:ALA906|J1:LEU881|J1:LEU959:hydrogen_bond|J1:VAL889|J2:ALA880,5,23,3.1951201923076917,26|25|30|29|59,1.51283|3.07002|1.46551|3.27198|3.48774,True
J1:ALA906|J1:LEU881|J1:LEU959:hydrogen_bond|J1:VAL889:hydrophobic|J2:ALA880,5,22,3.075423318819545,25|24|29|29|58,1.45846|2.96359|1.41978|3.27198|3.43776,False
J1:ALA906:hydrophobic|J1:LEU881|J1:LEU959:hydrogen_bond|J1:VAL889|J2:ALA880,5,23,3.1951201923076917,26|25|30|29|59,1.51283|3.07002|1.46551|3.27198|3.48774,True
J1:ALA906:hydrophobic|J1:LEU881|J1:LEU959:hydrogen_bond|J1:VAL889:hydrophobic|J2:ALA880,5,22,3.075423318819545,25|24|29|29|58,1.45846|2.96359|1.41978|3.27198|3.43776,False
J1:ALA906|J1:LEU881|J1:LEU959:hydrogen_bond|J1:VAL889|J2:ALA880:hydrophobic,5,23,3.1951201923076917,26|25|30|29|59,1.51283|3.07002|1.46551|3.27198|3.48774,True
J1:ALA906|J1:LEU881|J1:LEU959:hydrogen_bond|J1:VAL889:hydrophobic|J2:ALA880:hydrophobic,5,22,3.075423318819545,25|24|29|29|58,1.45846|2.96359|1.41978|3.27198|3.43776,False
J1:ALA906:hydrophobic|J1:LEU881|J1:LEU959:hydrogen_bond|J1:VAL889|J2:ALA880:hydrophobic,5,23,3.1951201923076917,26|25|30|29|59,1.51283|3.07002|1.46551|3.27198|3.48774,True
J1:ALA906:hydrophobic|J1:LEU881|J1:LEU959:hydrogen_bond|J1:VAL889:hydrophobic|J2:ALA880:hydrophobic,5,22,3.075423318819545,25|24|29|29|58,1.45846|2.96359|1.41978|3.27198|3.43776,False
J1:ALA906:hydrophobic|J1:GLU966|J1:LEU1010:hydrophobic|J1:LEU881|J1:LEU959:hydrogen_bond,5,30,3.175274725274725,33|75|31|30|37,0.962583|3.53182|3.1178|2.96359|1.3504,False
J1:ALA906|J1:GLU966|J1:LEU1010|J1:LEU881|J1:LEU959:hydrogen_bond,5,30,3.175274725274725,33|75|31|30|37,0.962583|3.53182|3.1178|2.96359|1.3504,False
J1:ALA906:hydrophobic|J1:GLU966|J1:LEU1010|J1:LEU881|J1:LEU959:hydrogen_bond,5,30,3.175274725274725,33|75|31|30|37,0.962583|3.53182|3.1178|2.96359|1.3504,False
J1:ALA906|J1:GLU966|J1:LEU1010:hydrophobic|J1:LEU881|J1:LEU959:hydrogen_bond,5,30,3.175274725274725,33|75|31|30|37,0.962583|3.53182|3.1178|2.96359|1.3504,False
J1:ALA906:hydrophobic|J1:LEU1010|J1:LEU959:hydrogen_bond|J2:ASN981|J2:LEU855,5,19,3.0382125069175427,27|19|24|68|23,1.01031|2.87287|1.35737|3.38128|3.17527,False
J1:ALA906:hydrophobic|J1:LEU1010:hydrophobic|J1:LEU959:hydrogen_bond|J2:ASN981|J2:LEU855,5,19,3.0382125069175427,27|19|24|68|23,1.01031|2.87287|1.35737|3.38128|3.17527,False
J1:ALA906|J1:LEU1010:hydrophobic|J1:LEU959:hydrogen_bond|J2:ASN981|J2:LEU855,5,19,3.0382125069175427,27|19|24|68|23,1.01031|2.87287|1.35737|3.38128|3.17527,False
J1:ALA906|J1:LEU1010|J1:LEU959:hydrogen_bond|J2:ASN981|J2:LEU855,5,19,3.0382125069175427,27|19|24|68|23,1.01031|2.87287|1.35737|3.38128|3.17527,False
J1:ALA906|J1:GLU966|J1:LEU881:hydrophobic|J1:LEU959:hydrogen_bond|J2:VAL863,5,27,3.0157131812910705,33|71|27|34|31,0.888001|3.61952|2.74031|1.39689|3.20481,False
J1:ALA906:hydrophobic|J1:GLU966|J1:LEU881:hydrophobic|J1:LEU959:hydrogen_bond|J2:VAL863,5,27,3.0157131812910705,33|71|27|34|31,0.888001|3.61952|2.74031|1.39689|3.20481,False
J1:ALA906:hydrophobic|J1:ARG1007|J1:LEU1010|J1:LEU881|J1:LEU959,5,51,3.3340384615384613,61|75|53|51|74,1.11044|3.19965|3.2998|3.04724|1.85433,True
J1:ALA906|J1:ARG1007|J1:LEU1010|J1:LEU881|J1:LEU959,5,51,3.3340384615384613,61|75|53|51|74,1.11044|3.19965|3.2998|3.04724|1.85433,True
J1:ALA906:hydrophobic|J1:ARG1007|J1:LEU1010:hydrophobic|J1:LEU881|J1:LEU959,5,51,3.3340384615384613,61|75|53|51|74,1.11044|3.19965|3.2998|3.04724|1.85433,True
J1:ALA906|J1:ARG1007|J1:LEU1010:hydrophobic|J1:LEU881|J1:LEU959,5,51,3.3340384615384613,61|75|53|51|74,1.11044|3.19965|3.2998|3.04724|1.85433,True
J1:ALA906:hydrophobic|J1:LEU881|J1:LEU959:hydrogen_bond|J2:LEU855|J2:LEU983,5,57,3.1515786452353614,77|58|82|63|71,0.870979|2.92991|1.5538|3.07757|3.58662,False
J1:ALA906:hydrophobic|J1:LEU881|J1:LEU959:hydrogen_bond|J2:LEU855|J2:LEU983:hydrophobic,5,57,3.1515786452353614,77|58|82|63|71,0.870979|2.92991|1.5538|3.07757|3.58662,False
J1:ALA906|J1:LEU881|J1:LEU959:hydrogen_bond|J2:LEU855|J2:LEU983,5,57,3.1515786452353614,77|58|82|63|71,0.870979|2.92991|1.5538|3.07757|3.58662,False
J1:ALA906|J1:LEU881|J1:LEU959:hydrogen_bond|J2:LEU855|J2:LEU983:hydrophobic,5,57,3.1515786452353614,77|58|82|63|71,0.870979|2.92991|1.5538|3.07757|3.58662,False
J1:ALA906:hydrophobic|J1:LEU881:hydrophobic|J1:LEU959|J2:LEU983:hydrophobic|J2:VAL863,5,60,3.037848256527072,79|62|84|71|63,0.82091|2.68107|1.6775|3.30149|2.90518,True
J1:ALA906:hydrophobic|J1:LEU881:hydrophobic|J1:LEU959|J2:LEU983|J2:VAL863,5,60,3.037848256527072,79|62|84|71|63,0.82091|2.68107|1.6775|3.30149|2.90518,True
J1:ALA906|J1:LEU881:hydrophobic|J1:LEU959|J2:LEU983:hydrophobic|J2:VAL863,5,60,3.037848256527072,79|62|84|71|63,0.82091|2.68107|1.6775|3.30149|2.90518,True
J1:ALA906|J1:LEU881:hydrophobic|J1:LEU959|J2:LEU983|J2:VAL863,5,60,3.037848256527072,79|62|84|71|63,0.82091|2.68107|1.6775|3.30149|2.90518,True
J1:ALA906:hydrophobic|J1:LEU959:hydrogen_bond|J2:LEU855:hydrophobic|J2:LEU983:hydrophobic|J2:VAL863:hydrophobic,5,55,3.1027430691136275,74|78|62|65|58,0.875355|1.54381|2.93831|3.42358|2.95003,False
J1:ALA906:hydrophobic|J1:LEU959:hydrogen_bond|J2:LEU855:hydrophobic|J2:LEU983|J2:VAL863:hydrophobic,5,55,3.1027430691136275,74|78|62|65|58,0.875355|1.54381|2.93831|3.42358|2.95003,False
J1:ALA906|J1:LEU959:hydrogen_bond|J2:LEU855:hydrophobic|J2:LEU983:hydrophobic|J2:VAL863:hydrophobic,5,55,3.1027430691136275,74|78|62|65|58,0.875355|1.54381|2.93831|3.42358|2.95003,False
J1:ALA906|J1:LEU959:hydrogen_bond|J2:LEU855:hydrophobic|J2:LEU983|J2:VAL863:hydrophobic,5,55,3.1027430691136275,74|78|62|65|58,0.875355|1.54381|2.93831|3.42358|2.95003,False
J1:ALA906:hydrophobic|J1:LEU881|J1:LEU959:hydrogen_bond|J2:ASP939|J2:LEU855:hydrophobic,5,19,3.839195804195804,27|19|27|71|22,1.17903|3.73727|1.45662|3.61124|4.00813,True
J1:ALA906|J1:LEU881|J1:LEU959:hydrogen_bond|J2:ASP939|J2:LEU855:hydrophobic,5,19,3.839195804195804,27|19|27|71|22,1.17903|3.73727|1.45662|3.61124|4.00813,True
J1:ALA906:hydrophobic|J1:LEU881:hydrophobic|J1:LEU959:hydrogen_bond|J2:ASP939|J2:LEU855:hydrophobic,5,19,3.839195804195804,26|19|27|71|22,1.16278|3.73727|1.53879|3.68718|4.07494,True
J1:ALA906|J1:LEU881:hydrophobic|J1:LEU959:hydrogen_bond|J2:ASP939|J2:LEU855:hydrophobic,5,19,3.839195804195804,26|19|27|71|22,1.16278|3.73727|1.53879|3.68718|4.07494,True
J1:ALA906|J1:LEU959:hydrogen_bond|J2:LEU855|J2:LEU983:hydrophobic|J2:VAL863:hydrophobic,5,55,3.0870726495726495,74|78|62|65|58,0.859348|1.52884|2.93831|3.40743|2.92991,False
J1:ALA906|J1:LEU959:hydrogen_bond|J2:LEU855|J2:LEU983|J2:VAL863:hydrophobic,5,55,3.0870726495726495,74|78|62|65|58,0.859348|1.52884|2.93831|3.40743|2.92991,False
J1:ALA906:hydrophobic|J1:LEU959:hydrogen_bond|J2:LEU855|J2:LEU983|J2:VAL863:hydrophobic,5,55,3.0870726495726495,74|78|62|65|58,0.859348|1.52884|2.93831|3.40743|2.92991,False
J1:ALA906:hydrophobic|J1:LEU959:hydrogen_bond|J2:LEU855|J2:LEU983:hydrophobic|J2:VAL863:hydrophobic,5,55,3.0870726495726495,74|78|62|65|58,0.859348|1.52884|2.93831|3.40743|2.92991,False
J1:ALA906|J1:GLU966|J1:LEU881|J1:LEU959:hydrogen_bond|J2:VAL863:hydrophobic,5,27,2.956290261462675,33|71|27|34|31,0.864963|3.53045|2.77837|1.31429|3.1178,False
J1:ALA906:hydrophobic|J1:GLU966|J1:LEU881|J1:LEU959:hydrogen_bond|J2:VAL863:hydrophobic,5,27,2.956290261462675,33|71|27|34|31,0.864963|3.53045|2.77837|1.31429|3.1178,False
J1:ALA906|J1:LEU959:hydrogen_bond|J2:LEU855:hydrophobic|J2:LEU983:hydrophobic|J2:VAL863,5,55,3.0715597216853494,74|78|62|65|58,0.87026|1.53833|2.91347|3.39143|2.95003,False
J1:ALA906|J1:LEU959:hydrogen_bond|J2:LEU855:hydrophobic|J2:LEU983|J2:VAL863,5,55,3.0715597216853494,74|78|62|65|58,0.87026|1.53833|2.91347|3.39143|2.95003,False
J1:ALA906:hydrophobic|J1:LEU959:hydrogen_bond|J2:LEU855:hydrophobic|J2:LEU983:hydrophobic|J2:VAL863,5,55,3.0715597216853494,74|78|62|65|58,0.87026|1.53833|2.91347|3.39143|2.95003,False
J1:ALA906:hydrophobic|J1:LEU959:hydrogen_bond|J2:LEU855:hydrophobic|J2:LEU983|J2:VAL863,5,55,3.0715597216853494,74|78|62|65|58,0.87026|1.53833|2.91347|3.39143|2.95003,False
J1:ALA906:hydrophobic|J1:ARG1007|J1:LEU881:hydrophobic|J1:LEU959|J2:LEU855:hydrophobic,5,46,3.33041844149336,58|71|47|68|53,1.10185|3.35768|3.1184|1.85679|3.39489,True
J1:ALA906|J1:ARG1007|J1:LEU881:hydrophobic|J1:LEU959|J2:LEU855:hydrophobic,5,46,3.33041844149336,58|71|47|68|53,1.10185|3.35768|3.1184|1.85679|3.39489,True
J1:ALA906|J1:LEU881:hydrophobic|J1:LEU959|J1:VAL889:hydrophobic|J2:ALA880,5,22,3.075423318819545,24|24|29|29|58,1.36781|2.82247|1.50956|3.17527|3.3398,True
J1:ALA906:hydrophobic|J1:LEU881:hydrophobic|J1:LEU959|J1:VAL889|J2:ALA880,5,23,3.1951201923076917,25|25|30|29|59,1.42116|2.9246|1.55796|3.17527|3.3886,True
J1:ALA906|J1:LEU881:hydrophobic|J1:LEU959|J1:VAL889|J2:ALA880,5,23,3.1951201923076917,25|25|30|29|59,1.42116|2.9246|1.55796|3.17527|3.3886,True
J1:ALA906:hydrophobic|J1:LEU881:hydrophobic|J1:LEU959|J1:VAL889:hydrophobic|J2:ALA880,5,22,3.075423318819545,24|24|29|29|58,1.36781|2.82247|1.50956|3.17527|3.3398,True
J1:ALA906|J1:LEU881:hydrophobic|J1:LEU959|J1:VAL889|J2:ALA880:hydrophobic,5,23,3.1951201923076917,25|25|30|29|59,1.42116|2.9246|1.55796|3.17527|3.3886,True
J1:ALA906|J1:LEU881:hydrophobic|J1:LEU959|J1:VAL889:hydrophobic|J2:ALA880:hydrophobic,5,22,3.075423318819545,24|24|29|29|58,1.36781|2.82247|1.50956|3.17527|3.3398,True
J1:ALA906:hydrophobic|J1:LEU881:hydrophobic|J1:LEU959|J1:VAL889|J2:ALA880:hydrophobic,5,23,3.1951201923076917,25|25|30|29|59,1.42116|2.9246|1.55796|3.17527|3.3886,True
J1:ALA906:hydrophobic|J1:LEU881:hydrophobic|J1:LEU959|J1:VAL889:hydrophobic|J2:ALA880:hydrophobic,5,22,3.075423318819545,24|24|29|29|58,1.36781|2.82247|1.50956|3.17527|3.3398,True
J1:ARG1007|J1:ARG879:hydrogen_bond|J1:LEU1010|J1:LEU881:hydrophobic|J2:ASN859,5,23,3.677836192584394,30|52|24|23|68,3.23693|1.87326|2.66723|3.431|3.07201,True
J1:ARG1007|J1:ARG879:hydrogen_bond|J1:LEU1010|J1:LEU881|J2:ASN859,5,23,3.677836192584394,30|52|24|23|68,3.23693|1.82591|2.65396|3.431|3.07201,True
J1:ARG1007|J1:ARG879:hydrogen_bond|J1:LEU1010:hydrophobic|J1:LEU881:hydrophobic|J2:ASN859,5,23,3.677836192584394,30|52|24|23|68,3.23693|1.87326|2.66723|3.431|3.07201,True
J1:ARG1007|J1:ARG879:hydrogen_bond|J1:LEU1010:hydrophobic|J1:LEU881|J2:ASN859,5,23,3.677836192584394,30|52|24|23|68,3.23693|1.82591|2.65396|3.431|3.07201,True
J1:ALA906|J1:LEU959:hydrogen_bond|J2:LEU855|J2:LEU983|J2:VAL863,5,55,3.056201923076923,74|78|62|65|58,0.854438|1.52346|2.91347|3.37558|2.92991,False
J1:ALA906:hydrophobic|J1:LEU959:hydrogen_bond|J2:LEU855|J2:LEU983|J2:VAL863,5,55,3.056201923076923,74|78|62|65|58,0.854438|1.52346|2.91347|3.37558|2.92991,False
J1:ALA906:hydrophobic|J1:LEU959:hydrogen_bond|J2:LEU855|J2:LEU983:hydrophobic|J2:VAL863,5,55,3.056201923076923,74|78|62|65|58,0.854438|1.52346|2.91347|3.37558|2.92991,False
J1:ALA906|J1:LEU959:hydrogen_bond|J2:LEU855|J2:LEU983:hydrophobic|J2:VAL863,5,55,3.056201923076923,74|78|62|65|58,0.854438|1.52346|2.91347|3.37558|2.92991,False
J1:ALA906|J1:GLU966|J1:LEU881:hydrophobic|J1:LEU959:hydrogen_bond|J2:LEU855,5,29,3.1909939070830156,35|71|29|36|31,0.908811|3.66151|2.92991|1.42126|3.20481,False
J1:ALA906:hydrophobic|J1:GLU966|J1:LEU881:hydrophobic|J1:LEU959:hydrogen_bond|J2:LEU855,5,29,3.1909939070830156,35|71|29|36|31,0.908811|3.66151|2.92991|1.42126|3.20481,False
J1:ALA906|J1:GLU966|J1:LEU881:hydrophobic|J1:LEU959:hydrogen_bond|J2:LEU855:hydrophobic,5,29,3.1909939070830156,35|71|29|36|31,0.928332|3.68718|2.92991|1.44435|3.20481,False
J1:ALA906:hydrophobic|J1:GLU966|J1:LEU881:hydrophobic|J1:LEU959:hydrogen_bond|J2:LEU855:hydrophobic,5,29,3.1909939070830156,35|71|29|36|31,0.928332|3.68718|2.92991|1.44435|3.20481,False
J1:ALA906|J1:LEU1010:hydrophobic|J1:LEU881|J1:LEU959:hydrogen_bond|J2:LEU983:hydrophobic,5,60,3.1305525460455037,76|63|61|86|75,0.857921|3.07757|2.79555|1.58764|3.53182,False
J1:ALA906|J1:LEU1010:hydrophobic|J1:LEU881|J1:LEU959:hydrogen_bond|J2:LEU983,5,60,3.1305525460455037,76|63|61|86|75,0.857921|3.07757|2.79555|1.58764|3.53182,False
J1:ALA906:hydrophobic|J1:LEU1010:hydrophobic|J1:LEU881|J1:LEU959:hydrogen_bond|J2:LEU983,5,60,3.1305525460455037,76|63|61|86|75,0.857921|3.07757|2.79555|1.58764|3.53182,False
J1:ALA906:hydrophobic|J1:LEU1010:hydrophobic|J1:LEU881|J1:LEU959:hydrogen_bond|J2:LEU983:hydrophobic,5,60,3.1305525460455037,76|63|61|86|75,0.857921|3.07757|2.79555|1.58764|3.53182,False
J1:ALA906|J1:LEU1010|J1:LEU881|J1:LEU959:hydrogen_bond|J2:LEU983:hydrophobic,5,60,3.1305525460455037,76|63|61|86|75,0.857921|3.07757|2.79555|1.58764|3.53182,False
J1:ALA906|J1:LEU1010|J1:LEU881|J1:LEU959:hydrogen_bond|J2:LEU983,5,60,3.1305525460455037,76|63|61|86|75,0.857921|3.07757|2.79555|1.58764|3.53182,False
J1:ALA906:hydrophobic|J1:LEU1010|J1:LEU881|J1:LEU959:hydrogen_bond|J2:LEU983,5,60,3.1305525460455037,76|63|61|86|75,0.857921|3.07757|2.79555|1.58764|3.53182,False
J1:ALA906:hydrophobic|J1:LEU1010|J1:LEU881|J1:LEU959:hydrogen_bond|J2:LEU983:hydrophobic,5,60,3.1305525460455037,76|63|61|86|75,0.857921|3.07757|2.79555|1.58764|3.53182,False
J1:ALA906|J1:ARG1007|J1:LEU881:hydrophobic|J1:LEU959|J2:LEU855,5,46,3.29818858560794,58|71|47|68|53,1.08424|3.32935|3.09073|1.83872|3.39489,True
J1:ALA906:hydrophobic|J1:ARG1007|J1:LEU881|J1:LEU959|J2:LEU855:hydrophobic,5,46,3.2875834776156316,58|71|47|68|53,1.07789|3.27409|3.1184|1.79718|3.2998,True
J1:ALA906|J1:ARG1007|J1:LEU881|J1:LEU959|J2:LEU855:hydrophobic,5,46,3.2875834776156316,58|71|47|68|53,1.07789|3.27409|3.1184|1.79718|3.2998,True
J1:ALA906:hydrophobic|J1:ARG1007|J1:LEU881:hydrophobic|J1:LEU959|J2:LEU855,5,46,3.29818858560794,58|71|47|68|53,1.08424|3.32935|3.09073|1.83872|3.39489,True
J1:ALA906:hydrophobic|J1:GLU966|J1:LEU881|J1:LEU959:hydrogen_bond|J2:VAL863,5,27,2.9274484052532834,33|71|27|34|31,0.859893|3.50691|2.74031|1.30973|3.1178,False
J1:ALA906|J1:GLU966|J1:LEU881|J1:LEU959:hydrogen_bond|J2:VAL863,5,27,2.9274484052532834,33|71|27|34|31,0.859893|3.50691|2.74031|1.30973|3.1178,False
J1:ALA906:hydrophobic|J1:LEU881|J1:LEU959|J2:LEU983|J2:VAL863:hydrophobic,5,60,2.950476514635807,80|62|84|71|63,0.811572|2.7021|1.59714|3.20754|2.81184,True
J1:ALA906:hydrophobic|J1:LEU881|J1:LEU959|J2:LEU983:hydrophobic|J2:VAL863:hydrophobic,5,60,2.950476514635807,80|62|84|71|63,0.811572|2.7021|1.59714|3.20754|2.81184,True
J1:ALA906|J1:LEU881|J1:LEU959|J2:LEU983:hydrophobic|J2:VAL863:hydrophobic,5,60,2.950476514635807,80|62|84|71|63,0.811572|2.7021|1.59714|3.20754|2.81184,True
J1:ALA906|J1:LEU881|J1:LEU959|J2:LEU983|J2:VAL863:hydrophobic,5,60,2.950476514635807,80|62|84|71|63,0.811572|2.7021|1.59714|3.20754|2.81184,True
J1:ALA906:hydrophobic|J1:LEU881|J1:LEU959|J2:LEU855:hydrophobic|J2:LYS882:hydrogen_bond,5,18,3.5095141700404855,21|18|26|20|71,0.986819|3.20068|1.75121|3.34239|3.27409,True
J1:ALA906|J1:LEU881|J1:LEU959|J2:LEU855|J2:LYS882:hydrogen_bond,5,18,3.5095141700404855,21|18|26|20|71,0.978544|3.20068|1.74592|3.34239|3.24714,True
J1:ALA906|J1:LEU881:hydrophobic|J1:LEU959|J2:LEU855:hydrophobic|J2:LYS882,5,18,3.5095141700404855,22|18|26|20|71,0.976033|3.03094|1.63711|3.39342|3.35768,True
J1:ALA906|J1:LEU881|J1:LEU959|J2:LEU855:hydrophobic|J2:LYS882:hydrogen_bond,5,18,3.5095141700404855,21|18|26|20|71,0.986819|3.20068|1.75121|3.34239|3.27409,True
J1:ALA906:hydrophobic|J1:LEU881|J1:LEU959|J2:LEU855|J2:LYS882:hydrogen_bond,5,18,3.5095141700404855,21|18|26|20|71,0.978544|3.20068|1.74592|3.34239|3.24714,True
J1:ALA906:hydrophobic|J1:LEU881:hydrophobic|J1:LEU959|J2:LEU855:hydrophobic|J2:LYS882,5,18,3.5095141700404855,22|18|26|20|71,0.976033|3.03094|1.63711|3.39342|3.35768,True
J1:ALA906:hydrophobic|J1:LEU881:hydrophobic|J1:LEU959|J2:LEU855|J2:LYS882,5,18,3.5095141700404855,22|18|26|20|71,0.970223|3.03094|1.62789|3.39342|3.32935,True
J1:ALA906|J1:LEU881:hydrophobic|J1:LEU959|J2:LEU855|J2:LYS882,5,18,3.5095141700404855,22|18|26|20|71,0.970223|3.03094|1.62789|3.39342|3.32935,True
J1:ALA906|J1:ARG1007|J1:LEU881|J1:LEU959|J2:LEU855,5,46,3.256173444390005,58|71|47|68|53,1.05842|3.24714|3.09073|1.78025|3.2998,True
J1:ALA906:hydrophobic|J1:ARG1007|J1:LEU881|J1:LEU959|J2:LEU855,5,46,3.256173444390005,58|71|47|68|53,1.05842|3.24714|3.09073|1.78025|3.2998,True
J1:ALA906:hydrophobic|J1:GLU966|J1:LEU881|J1:LEU959:hydrogen_bond|J2:LEU855,5,29,3.1290328603435396,35|71|29|36|31,0.886039|3.58662|2.92991|1.34257|3.1178,False
J1:ALA906|J1:GLU966|J1:LEU881|J1:LEU959:hydrogen_bond|J2:LEU855:hydrophobic,5,29,3.1290328603435396,35|71|29|36|31,0.906693|3.61124|2.92991|1.36315|3.1178,False
J1:ALA906:hydrophobic|J1:GLU966|J1:LEU881|J1:LEU959:hydrogen_bond|J2:LEU855:hydrophobic,5,29,3.1290328603435396,35|71|29|36|31,0.906693|3.61124|2.92991|1.36315|3.1178,False
J1:ALA906|J1:GLU966|J1:LEU881|J1:LEU959:hydrogen_bond|J2:LEU855,5,29,3.1290328603435396,35|71|29|36|31,0.886039|3.58662|2.92991|1.34257|3.1178,False
J1:ALA906|J1:LEU881|J1:LEU959|J2:LEU983:hydrophobic|J2:VAL863,5,60,2.9310228233305153,80|62|84|71|63,0.808252|2.68107|1.59306|3.1881|2.81184,True
J1:ALA906|J1:LEU881|J1:LEU959|J2:LEU983|J2:VAL863,5,60,2.9310228233305153,80|62|84|71|63,0.808252|2.68107|1.59306|3.1881|2.81184,True
J1:ALA906:hydrophobic|J1:LEU881|J1:LEU959|J2:LEU983|J2:VAL863,5,60,2.9310228233305153,80|62|84|71|63,0.808252|2.68107|1.59306|3.1881|2.81184,True
J1:ALA906:hydrophobic|J1:LEU881|J1:LEU959|J2:LEU983:hydrophobic|J2:VAL863,5,60,2.9310228233305153,80|62|84|71|63,0.808252|2.68107|1.59306|3.1881|2.81184,True
J1:ALA906:hydrophobic|J1:ASP1021|J1:LEU881:hydrophobic|J1:LEU959:hydrogen_bond|J2:LEU983,5,27,3.0157131812910705,36|63|29|44|32,0.817333|3.16809|2.71975|1.5353|3.23301,True
J1:ALA906:hydrophobic|J1:ASP1021|J1:LEU881:hydrophobic|J1:LEU959:hydrogen_bond|J2:LEU983:hydrophobic,5,27,3.0157131812910705,36|63|29|44|32,0.817333|3.16809|2.71975|1.5353|3.23301,True
J1:ALA906|J1:ASP1021|J1:LEU881:hydrophobic|J1:LEU959:hydrogen_bond|J2:LEU983,5,27,3.0157131812910705,36|63|29|44|32,0.817333|3.16809|2.71975|1.5353|3.23301,True
J1:ALA906|J1:ASP1021|J1:LEU881:hydrophobic|J1:LEU959:hydrogen_bond|J2:LEU983:hydrophobic,5,27,3.0157131812910705,36|63|29|44|32,0.817333|3.16809|2.71975|1.5353|3.23301,True
J1:ALA906:hydrophobic|J1:LEU1010|J1:LEU959:hydrogen_bond|J2:LEU983|J2:VAL863:hydrophobic,5,58,2.9635897435897434,73|62|83|69|61,0.815359|2.93831|1.55551|3.27006|2.79555,False
J1:ALA906:hydrophobic|J1:LEU1010:hydrophobic|J1:LEU959:hydrogen_bond|J2:LEU983:hydrophobic|J2:VAL863:hydrophobic,5,58,2.9635897435897434,73|62|83|69|61,0.815359|2.93831|1.55551|3.27006|2.79555,False
J1:ALA906|J1:LEU1010:hydrophobic|J1:LEU959:hydrogen_bond|J2:LEU983:hydrophobic|J2:VAL863:hydrophobic,5,58,2.9635897435897434,73|62|83|69|61,0.815359|2.93831|1.55551|3.27006|2.79555,False
J1:ALA906:hydrophobic|J1:LEU1010:hydrophobic|J1:LEU959:hydrogen_bond|J2:LEU983|J2:VAL863:hydrophobic,5,58,2.9635897435897434,73|62|83|69|61,0.815359|2.93831|1.55551|3.27006|2.79555,False
J1:ALA906|J1:LEU1010:hydrophobic|J1:LEU959:hydrogen_bond|J2:LEU983|J2:VAL863:hydrophobic,5,58,2.9635897435897434,73|62|83|69|61,0.815359|2.93831|1.55551|3.27006|2.79555,False
J1:ALA906|J1:LEU1010|J1:LEU959:hydrogen_bond|J2:LEU983:hydrophobic|J2:VAL863:hydrophobic,5,58,2.9635897435897434,73|62|83|69|61,0.815359|2.93831|1.55551|3.27006|2.79555,False
J1:ALA906:hydrophobic|J1:LEU1010|J1:LEU959:hydrogen_bond|J2:LEU983:hydrophobic|J2:VAL863:hydrophobic,5,58,2.9635897435897434,73|62|83|69|61,0.815359|2.93831|1.55551|3.27006|2.79555,False
J1:ALA906|J1:LEU1010|J1:LEU959:hydrogen_bond|J2:LEU983|J2:VAL863:hydrophobic,5,58,2.9635897435897434,73|62|83|69|61,0.815359|2.93831|1.55551|3.27006|2.79555,False
J1:ALA906:hydrophobic|J1:LEU1010|J1:LEU959:hydrogen_bond|J2:LEU983:hydrophobic|J2:VAL863,5,58,2.9432911837021423,73|62|83|69|61,0.812095|2.91347|1.55159|3.24927|2.79555,False
J1:ALA906|J1:LEU1010|J1:LEU959:hydrogen_bond|J2:LEU983:hydrophobic|J2:VAL863,5,58,2.9432911837021423,73|62|83|69|61,0.812095|2.91347|1.55159|3.24927|2.79555,False
J1:ALA906|J1:LEU1010|J1:LEU959:hydrogen_bond|J2:LEU983|J2:VAL863,5,58,2.9432911837021423,73|62|83|69|61,0.812095|2.91347|1.55159|3.24927|2.79555,False
J1:ALA906:hydrophobic|J1:LEU1010|J1:LEU959:hydrogen_bond|J2:LEU983|J2:VAL863,5,58,2.9432911837021423,73|62|83|69|61,0.812095|2.91347|1.55159|3.24927|2.79555,False
J1:ALA906:hydrophobic|J1:LEU1010:hydrophobic|J1:LEU959:hydrogen_bond|J2:LEU983:hydrophobic|J2:VAL863,5,58,2.9432911837021423,73|62|83|69|61,0.812095|2.91347|1.55159|3.24927|2.79555,False
J1:ALA906|J1:LEU1010:hydrophobic|J1:LEU959:hydrogen_bond|J2:LEU983:hydrophobic|J2:VAL863,5,58,2.9432911837021423,73|62|83|69|61,0.812095|2.91347|1.55159|3.24927|2.79555,False
J1:ALA906:hydrophobic|J1:LEU1010:hydrophobic|J1:LEU959:hydrogen_bond|J2:LEU983|J2:VAL863,5,58,2.9432911837021423,73|62|83|69|61,0.812095|2.91347|1.55159|3.24927|2.79555,False
J1:ALA906|J1:LEU1010:hydrophobic|J1:LEU959:hydrogen_bond|J2:LEU983|J2:VAL863,5,58,2.9432911837021423,73|62|83|69|61,0.812095|2.91347|1.55159|3.24927|2.79555,False
J1:ALA906|J1:LEU881|J1:LEU959|J1:VAL889|J2:ALA880,5,23,3.0429716117216117,26|25|30|29|59,1.42691|2.9246|1.46551|3.0262|3.25407,True
J1:ALA906|J1:LEU881|J1:LEU959|J1:VAL889:hydrophobic|J2:ALA880,5,22,2.928097650852142,25|24|29|29|58,1.37543|2.82247|1.41978|3.0262|3.20687,True
J1:ALA906|J1:LEU881|J1:LEU959|J1:VAL889|J2:ALA880:hydrophobic,5,23,3.0429716117216117,26|25|30|29|59,1.42691|2.9246|1.46551|3.0262|3.25407,True
J1:ALA906|J1:LEU881|J1:LEU959|J1:VAL889:hydrophobic|J2:ALA880:hydrophobic,5,22,2.928097650852142,25|24|29|29|58,1.37543|2.82247|1.41978|3.0262|3.20687,True
J1:ALA906:hydrophobic|J1:LEU881|J1:LEU959|J1:VAL889|J2:ALA880,5,23,3.0429716117216117,26|25|30|29|59,1.42691|2.9246|1.46551|3.0262|3.25407,True
J1:ALA906:hydrophobic|J1:LEU881|J1:LEU959|J1:VAL889:hydrophobic|J2:ALA880,5,22,2.928097650852142,25|24|29|29|58,1.37543|2.82247|1.41978|3.0262|3.20687,True
J1:ALA906:hydrophobic|J1:LEU881|J1:LEU959|J1:VAL889:hydrophobic|J2:ALA880:hydrophobic,5,22,2.928097650852142,25|24|29|29|58,1.37543|2.82247|1.41978|3.0262|3.20687,True
J1:ALA906:hydrophobic|J1:LEU881|J1:LEU959|J1:VAL889|J2:ALA880:hydrophobic,5,23,3.0429716117216117,26|25|30|29|59,1.42691|2.9246|1.46551|3.0262|3.25407,True
J1:ALA906:hydrophobic|J1:GLU966|J1:LEU1010|J1:LEU881:hydrophobic|J1:LEU959,5,30,2.9635897435897434,33|75|31|30|37,0.929643|3.30103|2.91964|2.68874|1.43525,False
J1:ALA906|J1:GLU966|J1:LEU1010:hydrophobic|J1:LEU881:hydrophobic|J1:LEU959,5,30,2.9635897435897434,33|75|31|30|37,0.929643|3.30103|2.91964|2.68874|1.43525,False
J1:ALA906:hydrophobic|J1:GLU966|J1:LEU1010:hydrophobic|J1:LEU881:hydrophobic|J1:LEU959,5,30,2.9635897435897434,33|75|31|30|37,0.929643|3.30103|2.91964|2.68874|1.43525,False
J1:ALA906|J1:GLU966|J1:LEU1010|J1:LEU881:hydrophobic|J1:LEU959,5,30,2.9635897435897434,33|75|31|30|37,0.929643|3.30103|2.91964|2.68874|1.43525,False
J1:ALA906:hydrophobic|J1:LEU881:hydrophobic|J1:LEU959|J2:LEU855:hydrophobic|J2:LEU983,5,57,2.974024918743228,76|58|82|63|71,0.846316|2.70264|1.64199|2.90518|3.35768,False
J1:ALA906:hydrophobic|J1:LEU881:hydrophobic|J1:LEU959|J2:LEU855:hydrophobic|J2:LEU983:hydrophobic,5,57,2.974024918743228,76|58|82|63|71,0.846316|2.70264|1.64199|2.90518|3.35768,False
J1:ALA906|J1:LEU881:hydrophobic|J1:LEU959|J2:LEU855:hydrophobic|J2:LEU983:hydrophobic,5,57,2.974024918743228,76|58|82|63|71,0.846316|2.70264|1.64199|2.90518|3.35768,False
J1:ALA906|J1:LEU881:hydrophobic|J1:LEU959|J2:LEU855:hydrophobic|J2:LEU983,5,57,2.974024918743228,76|58|82|63|71,0.846316|2.70264|1.64199|2.90518|3.35768,False
J1:ALA906|J1:GLU966|J1:LEU1010:hydrophobic|J1:LEU959:hydrogen_bond|J2:VAL863:hydrophobic,5,26,2.860891089108911,29|69|27|33|30,0.886631|3.27006|2.77837|1.27342|2.96359,False
J1:ALA906:hydrophobic|J1:GLU966|J1:LEU1010:hydrophobic|J1:LEU959:hydrogen_bond|J2:VAL863:hydrophobic,5,26,2.860891089108911,29|69|27|33|30,0.886631|3.27006|2.77837|1.27342|2.96359,False
J1:ALA906|J1:GLU966|J1:LEU1010|J1:LEU959:hydrogen_bond|J2:VAL863:hydrophobic,5,26,2.860891089108911,29|69|27|33|30,0.886631|3.27006|2.77837|1.27342|2.96359,False
J1:ALA906:hydrophobic|J1:GLU966|J1:LEU1010|J1:LEU959:hydrogen_bond|J2:VAL863:hydrophobic,5,26,2.860891089108911,29|69|27|33|30,0.886631|3.27006|2.77837|1.27342|2.96359,False
J1:ALA906|J1:GLU966|J1:LEU881:hydrophobic|J1:LEU959|J2:VAL863:hydrophobic,5,27,2.765561857497341,33|71|27|34|31,0.840193|3.32234|2.52154|1.40207|2.91964,False
J1:ALA906:hydrophobic|J1:GLU966|J1:LEU881:hydrophobic|J1:LEU959|J2:VAL863:hydrophobic,5,27,2.765561857497341,33|71|27|34|31,0.840193|3.32234|2.52154|1.40207|2.91964,False
J1:ALA906:hydrophobic|J1:LEU881:hydrophobic|J1:LEU959|J2:LEU855|J2:LEU983,5,57,2.9463595706618957,76|58|82|63|71,0.830913|2.68017|1.62588|2.90518|3.32935,False
J1:ALA906:hydrophobic|J1:LEU881:hydrophobic|J1:LEU959|J2:LEU855|J2:LEU983:hydrophobic,5,57,2.9463595706618957,76|58|82|63|71,0.830913|2.68017|1.62588|2.90518|3.32935,False
J1:ALA906|J1:LEU881:hydrophobic|J1:LEU959|J2:LEU855|J2:LEU983,5,57,2.9463595706618957,76|58|82|63|71,0.830913|2.68017|1.62588|2.90518|3.32935,False
J1:ALA906|J1:LEU881:hydrophobic|J1:LEU959|J2:LEU855|J2:LEU983:hydrophobic,5,57,2.9463595706618957,76|58|82|63|71,0.830913|2.68017|1.62588|2.90518|3.32935,False
J1:ALA906|J1:LEU1010|J1:LEU959:hydrogen_bond|J2:LEU855:hydrophobic|J2:LEU983,5,54,2.970925361766946,69|58|79|61|68,0.849672|2.95003|1.51897|2.79555|3.40412,False
J1:ALA906|J1:LEU1010|J1:LEU959:hydrogen_bond|J2:LEU855:hydrophobic|J2:LEU983:hydrophobic,5,54,2.970925361766946,69|58|79|61|68,0.849672|2.95003|1.51897|2.79555|3.40412,False
J1:ALA906:hydrophobic|J1:LEU1010|J1:LEU959:hydrogen_bond|J2:LEU855:hydrophobic|J2:LEU983:hydrophobic,5,54,2.970925361766946,69|58|79|61|68,0.849672|2.95003|1.51897|2.79555|3.40412,False
J1:ALA906:hydrophobic|J1:LEU1010|J1:LEU959:hydrogen_bond|J2:LEU855:hydrophobic|J2:LEU983,5,54,2.970925361766946,69|58|79|61|68,0.849672|2.95003|1.51897|2.79555|3.40412,False
J1:ALA906:hydrophobic|J1:LEU1010:hydrophobic|J1:LEU959:hydrogen_bond|J2:LEU855:hydrophobic|J2:LEU983,5,54,2.970925361766946,69|58|79|61|68,0.849672|2.95003|1.51897|2.79555|3.40412,False
J1:ALA906:hydrophobic|J1:LEU1010:hydrophobic|J1:LEU959:hydrogen_bond|J2:LEU855:hydrophobic|J2:LEU983:hydrophobic,5,54,2.970925361766946,69|58|79|61|68,0.849672|2.95003|1.51897|2.79555|3.40412,False
J1:ALA906|J1:LEU1010:hydrophobic|J1:LEU959:hydrogen_bond|J2:LEU855:hydrophobic|J2:LEU983,5,54,2.970925361766946,69|58|79|61|68,0.849672|2.95003|1.51897|2.79555|3.40412,False
J1:ALA906|J1:LEU1010:hydrophobic|J1:LEU959:hydrogen_bond|J2:LEU855:hydrophobic|J2:LEU983:hydrophobic,5,54,2.970925361766946,69|58|79|61|68,0.849672|2.95003|1.51897|2.79555|3.40412,False
J1:ALA906:hydrophobic|J1:ARG1007|J1:LEU1010:hydrophobic|J1:LEU959|J2:LEU855:hydrophobic,5,44,3.114600685938265,53|68|47|66|51,1.03155|3.08455|3.1184|1.74225|3.04724,True
J1:ALA906|J1:ARG1007|J1:LEU1010:hydrophobic|J1:LEU959|J2:LEU855:hydrophobic,5,44,3.114600685938265,53|68|47|66|51,1.03155|3.08455|3.1184|1.74225|3.04724,True
J1:ALA906:hydrophobic|J1:ARG1007|J1:LEU1010|J1:LEU959|J2:LEU855:hydrophobic,5,44,3.114600685938265,53|68|47|66|51,1.03155|3.08455|3.1184|1.74225|3.04724,True
J1:ALA906|J1:ARG1007|J1:LEU1010|J1:LEU959|J2:LEU855:hydrophobic,5,44,3.114600685938265,53|68|47|66|51,1.03155|3.08455|3.1184|1.74225|3.04724,True
J1:ALA906:hydrophobic|J1:LEU959|J2:LEU855:hydrophobic|J2:LEU983:hydrophobic|J2:VAL863:hydrophobic,5,55,2.8496055226824453,74|78|62|65|58,0.829865|1.54381|2.7021|3.11369|2.70264,True
J1:ALA906:hydrophobic|J1:LEU959|J2:LEU855:hydrophobic|J2:LEU983|J2:VAL863:hydrophobic,5,55,2.8496055226824453,74|78|62|65|58,0.829865|1.54381|2.7021|3.11369|2.70264,True
J1:ALA906|J1:LEU959|J2:LEU855:hydrophobic|J2:LEU983:hydrophobic|J2:VAL863:hydrophobic,5,55,2.8496055226824453,74|78|62|65|58,0.829865|1.54381|2.7021|3.11369|2.70264,True
J1:ALA906|J1:LEU959|J2:LEU855:hydrophobic|J2:LEU983|J2:VAL863:hydrophobic,5,55,2.8496055226824453,74|78|62|65|58,0.829865|1.54381|2.7021|3.11369|2.70264,True
J1:ALA906|J1:LEU881|J1:LEU959|J2:LEU855:hydrophobic|J2:LEU983,5,57,2.899163879598662,77|58|82|63|71,0.837316|2.70264|1.56851|2.81184|3.27409,False
J1:ALA906|J1:LEU881|J1:LEU959|J2:LEU855:hydrophobic|J2:LEU983:hydrophobic,5,57,2.899163879598662,77|58|82|63|71,0.837316|2.70264|1.56851|2.81184|3.27409,False
J1:ALA906:hydrophobic|J1:LEU881|J1:LEU959|J2:LEU855:hydrophobic|J2:LEU983,5,57,2.899163879598662,77|58|82|63|71,0.837316|2.70264|1.56851|2.81184|3.27409,False
J1:ALA906:hydrophobic|J1:LEU881|J1:LEU959|J2:LEU855:hydrophobic|J2:LEU983:hydrophobic,5,57,2.899163879598662,77|58|82|63|71,0.837316|2.70264|1.56851|2.81184|3.27409,False
J1:ALA906:hydrophobic|J1:GLU966|J1:LEU881:hydrophobic|J1:LEU959|J2:VAL863,5,27,2.7403055848261326,33|71|27|34|31,0.835408|3.30149|2.49015|1.39689|2.91964,False
J1:ALA906|J1:GLU966|J1:LEU881:hydrophobic|J1:LEU959|J2:VAL863,5,27,2.7403055848261326,33|71|27|34|31,0.835408|3.30149|2.49015|1.39689|2.91964,False
J1:ALA906:hydrophobic|J1:GLU966|J1:LEU1010:hydrophobic|J1:LEU881|J1:LEU959,5,30,2.8741710875331563,33|75|31|30|37,0.899986|3.19965|2.83553|2.68874|1.3504,False
J1:ALA906|J1:GLU966|J1:LEU1010|J1:LEU881|J1:LEU959,5,30,2.8741710875331563,33|75|31|30|37,0.899986|3.19965|2.83553|2.68874|1.3504,False
J1:ALA906:hydrophobic|J1:GLU966|J1:LEU1010|J1:LEU881|J1:LEU959,5,30,2.8741710875331563,33|75|31|30|37,0.899986|3.19965|2.83553|2.68874|1.3504,False
J1:ALA906|J1:GLU966|J1:LEU1010:hydrophobic|J1:LEU881|J1:LEU959,5,30,2.8741710875331563,33|75|31|30|37,0.899986|3.19965|2.83553|2.68874|1.3504,False
J1:ALA906|J1:LEU1010:hydrophobic|J1:LEU959:hydrogen_bond|J2:LEU855|J2:LEU983,5,54,2.9490266490266484,69|58|79|61|68,0.837149|2.92991|1.50465|2.79555|3.38128,False
J1:ALA906|J1:LEU1010:hydrophobic|J1:LEU959:hydrogen_bond|J2:LEU855|J2:LEU983:hydrophobic,5,54,2.9490266490266484,69|58|79|61|68,0.837149|2.92991|1.50465|2.79555|3.38128,False
J1:ALA906:hydrophobic|J1:LEU1010|J1:LEU959:hydrogen_bond|J2:LEU855|J2:LEU983:hydrophobic,5,54,2.9490266490266484,69|58|79|61|68,0.837149|2.92991|1.50465|2.79555|3.38128,False
J1:ALA906:hydrophobic|J1:LEU1010|J1:LEU959:hydrogen_bond|J2:LEU855|J2:LEU983,5,54,2.9490266490266484,69|58|79|61|68,0.837149|2.92991|1.50465|2.79555|3.38128,False
J1:ALA906:hydrophobic|J1:LEU1010:hydrophobic|J1:LEU959:hydrogen_bond|J2:LEU855|J2:LEU983,5,54,2.9490266490266484,69|58|79|61|68,0.837149|2.92991|1.50465|2.79555|3.38128,False
J1:ALA906:hydrophobic|J1:LEU1010:hydrophobic|J1:LEU959:hydrogen_bond|J2:LEU855|J2:LEU983:hydrophobic,5,54,2.9490266490266484,69|58|79|61|68,0.837149|2.92991|1.50465|2.79555|3.38128,False
J1:ALA906|J1:LEU1010|J1:LEU959:hydrogen_bond|J2:LEU855|J2:LEU983,5,54,2.9490266490266484,69|58|79|61|68,0.837149|2.92991|1.50465|2.79555|3.38128,False
J1:ALA906|J1:LEU1010|J1:LEU959:hydrogen_bond|J2:LEU855|J2:LEU983:hydrophobic,5,54,2.9490266490266484,69|58|79|61|68,0.837149|2.92991|1.50465|2.79555|3.38128,False
J1:ALA906:hydrophobic|J1:LEU959|J2:LEU855|J2:LEU983|J2:VAL863:hydrophobic,5,55,2.8298165954415957,74|78|62|65|58,0.813448|1.52884|2.7021|3.09368|2.68017,True
J1:ALA906|J1:LEU959|J2:LEU855|J2:LEU983:hydrophobic|J2:VAL863:hydrophobic,5,55,2.8298165954415957,74|78|62|65|58,0.813448|1.52884|2.7021|3.09368|2.68017,True
J1:ALA906|J1:LEU959|J2:LEU855|J2:LEU983|J2:VAL863:hydrophobic,5,55,2.8298165954415957,74|78|62|65|58,0.813448|1.52884|2.7021|3.09368|2.68017,True
J1:ALA906:hydrophobic|J1:LEU959|J2:LEU855|J2:LEU983:hydrophobic|J2:VAL863:hydrophobic,5,55,2.8298165954415957,74|78|62|65|58,0.813448|1.52884|2.7021|3.09368|2.68017,True
J1:ALA906|J1:GLU966|J1:LEU1010:hydrophobic|J1:LEU959:hydrogen_bond|J2:LEU855:hydrophobic,5,28,3.0065403195837974,31|68|29|35|30,0.923639|3.40412|2.92991|1.31855|2.96359,False
J1:ALA906:hydrophobic|J1:GLU966|J1:LEU1010:hydrophobic|J1:LEU959:hydrogen_bond|J2:LEU855,5,28,3.0065403195837974,31|68|29|35|30,0.907819|3.38128|2.92991|1.29874|2.96359,False
J1:ALA906:hydrophobic|J1:GLU966|J1:LEU1010:hydrophobic|J1:LEU959:hydrogen_bond|J2:VAL863,5,26,2.8190243902439023,29|69|27|33|30,0.879373|3.24927|2.74031|1.26682|2.96359,False
J1:ALA906|J1:GLU966|J1:LEU1010|J1:LEU959:hydrogen_bond|J2:LEU855,5,28,3.0065403195837974,31|68|29|35|30,0.907819|3.38128|2.92991|1.29874|2.96359,False
J1:ALA906|J1:GLU966|J1:LEU1010|J1:LEU959:hydrogen_bond|J2:VAL863,5,26,2.8190243902439023,29|69|27|33|30,0.879373|3.24927|2.74031|1.26682|2.96359,False
J1:ALA906:hydrophobic|J1:GLU966|J1:LEU1010|J1:LEU959:hydrogen_bond|J2:VAL863,5,26,2.8190243902439023,29|69|27|33|30,0.879373|3.24927|2.74031|1.26682|2.96359,False
J1:ALA906:hydrophobic|J1:GLU966|J1:LEU1010|J1:LEU959:hydrogen_bond|J2:LEU855,5,28,3.0065403195837974,31|68|29|35|30,0.907819|3.38128|2.92991|1.29874|2.96359,False
J1:ALA906|J1:GLU966|J1:LEU1010:hydrophobic|J1:LEU959:hydrogen_bond|J2:LEU855,5,28,3.0065403195837974,31|68|29|35|30,0.907819|3.38128|2.92991|1.29874|2.96359,False
J1:ALA906|J1:GLU966|J1:LEU1010:hydrophobic|J1:LEU959:hydrogen_bond|J2:VAL863,5,26,2.8190243902439023,29|69|27|33|30,0.879373|3.24927|2.74031|1.26682|2.96359,False
J1:ALA906:hydrophobic|J1:GLU966|J1:LEU1010:hydrophobic|J1:LEU959:hydrogen_bond|J2:LEU855:hydrophobic,5,28,3.0065403195837974,31|68|29|35|30,0.923639|3.40412|2.92991|1.31855|2.96359,False
J1:ALA906|J1:GLU966|J1:LEU1010|J1:LEU959:hydrogen_bond|J2:LEU855:hydrophobic,5,28,3.0065403195837974,31|68|29|35|30,0.923639|3.40412|2.92991|1.31855|2.96359,False
J1:ALA906:hydrophobic|J1:GLU966|J1:LEU1010|J1:LEU959:hydrogen_bond|J2:LEU855:hydrophobic,5,28,3.0065403195837974,31|68|29|35|30,0.923639|3.40412|2.92991|1.31855|2.96359,False
J1:ALA906|J1:LEU1010:hydrophobic|J1:LEU881:hydrophobic|J1:LEU959|J2:LEU983,5,60,2.9310228233305153,76|63|61|86|75,0.831322|2.90518|2.55819|1.66363|3.30103,False
J1:ALA906|J1:LEU1010:hydrophobic|J1:LEU881:hydrophobic|J1:LEU959|J2:LEU983:hydrophobic,5,60,2.9310228233305153,76|63|61|86|75,0.831322|2.90518|2.55819|1.66363|3.30103,False
J1:ALA906:hydrophobic|J1:LEU1010:hydrophobic|J1:LEU881:hydrophobic|J1:LEU959|J2:LEU983,5,60,2.9310228233305153,76|63|61|86|75,0.831322|2.90518|2.55819|1.66363|3.30103,False
J1:ALA906:hydrophobic|J1:LEU1010:hydrophobic|J1:LEU881:hydrophobic|J1:LEU959|J2:LEU983:hydrophobic,5,60,2.9310228233305153,76|63|61|86|75,0.831322|2.90518|2.55819|1.66363|3.30103,False
J1:ALA906|J1:LEU1010|J1:LEU881:hydrophobic|J1:LEU959|J2:LEU983,5,60,2.9310228233305153,76|63|61|86|75,0.831322|2.90518|2.55819|1.66363|3.30103,False
J1:ALA906|J1:LEU1010|J1:LEU881:hydrophobic|J1:LEU959|J2:LEU983:hydrophobic,5,60,2.9310228233305153,76|63|61|86|75,0.831322|2.90518|2.55819|1.66363|3.30103,False
J1:ALA906:hydrophobic|J1:LEU1010|J1:LEU881:hydrophobic|J1:LEU959|J2:LEU983,5,60,2.9310228233305153,76|63|61|86|75,0.831322|2.90518|2.55819|1.66363|3.30103,False
J1:ALA906:hydrophobic|J1:LEU1010|J1:LEU881:hydrophobic|J1:LEU959|J2:LEU983:hydrophobic,5,60,2.9310228233305153,76|63|61|86|75,0.831322|2.90518|2.55819|1.66363|3.30103,False
J1:ALA906:hydrophobic|J1:ARG1007|J1:LEU1010|J1:LEU959|J2:LEU855,5,44,3.085124969667556,53|68|47|66|51,1.01379|3.05958|3.09073|1.72586|3.04724,True
J1:ALA906|J1:ARG1007|J1:LEU1010|J1:LEU959|J2:LEU855,5,44,3.085124969667556,53|68|47|66|51,1.01379|3.05958|3.09073|1.72586|3.04724,True
J1:ALA906:hydrophobic|J1:ARG1007|J1:LEU1010:hydrophobic|J1:LEU959|J2:LEU855,5,44,3.085124969667556,53|68|47|66|51,1.01379|3.05958|3.09073|1.72586|3.04724,True
J1:ALA906|J1:ARG1007|J1:LEU1010:hydrophobic|J1:LEU959|J2:LEU855,5,44,3.085124969667556,53|68|47|66|51,1.01379|3.05958|3.09073|1.72586|3.04724,True
J1:ALA906|J1:LEU959|J2:LEU855:hydrophobic|J2:LEU983|J2:VAL863,5,55,2.8232812222419614,74|78|62|65|58,0.825285|1.53833|2.68107|3.08707|2.70264,True
J1:ALA906:hydrophobic|J1:LEU959|J2:LEU855:hydrophobic|J2:LEU983:hydrophobic|J2:VAL863,5,55,2.8232812222419614,74|78|62|65|58,0.825285|1.53833|2.68107|3.08707|2.70264,True
J1:ALA906:hydrophobic|J1:LEU959|J2:LEU855:hydrophobic|J2:LEU983|J2:VAL863,5,55,2.8232812222419614,74|78|62|65|58,0.825285|1.53833|2.68107|3.08707|2.70264,True
J1:ALA906|J1:LEU959|J2:LEU855:hydrophobic|J2:LEU983:hydrophobic|J2:VAL863,5,55,2.8232812222419614,74|78|62|65|58,0.825285|1.53833|2.68107|3.08707|2.70264,True
J1:ALA906:hydrophobic|J1:LEU881|J1:LEU959|J2:LEU855|J2:LEU983,5,57,2.872867608581894,77|58|82|63|71,0.82085|2.68017|1.5538|2.81184|3.24714,False
J1:ALA906:hydrophobic|J1:LEU881|J1:LEU959|J2:LEU855|J2:LEU983:hydrophobic,5,57,2.872867608581894,77|58|82|63|71,0.82085|2.68017|1.5538|2.81184|3.24714,False
J1:ALA906|J1:LEU881|J1:LEU959|J2:LEU855|J2:LEU983,5,57,2.872867608581894,77|58|82|63|71,0.82085|2.68017|1.5538|2.81184|3.24714,False
J1:ALA906|J1:LEU881|J1:LEU959|J2:LEU855|J2:LEU983:hydrophobic,5,57,2.872867608581894,77|58|82|63|71,0.82085|2.68017|1.5538|2.81184|3.24714,False
J1:ALA906:hydrophobic|J1:GLU966|J1:LEU959:hydrogen_bond|J2:LEU855|J2:VAL863:hydrophobic,5,25,2.792327019713954,31|65|32|27|29,0.820279|3.40743|1.25002|2.77837|2.92991,False
J1:ALA906|J1:GLU966|J1:LEU959:hydrogen_bond|J2:LEU855:hydrophobic|J2:VAL863:hydrophobic,5,25,2.792327019713954,31|65|32|27|29,0.840286|3.42358|1.27011|2.77837|2.92991,False
J1:ALA906:hydrophobic|J1:GLU966|J1:LEU959:hydrogen_bond|J2:LEU855:hydrophobic|J2:VAL863:hydrophobic,5,25,2.792327019713954,31|65|32|27|29,0.840286|3.42358|1.27011|2.77837|2.92991,False
J1:ALA906|J1:GLU966|J1:LEU959:hydrogen_bond|J2:LEU855|J2:VAL863:hydrophobic,5,25,2.792327019713954,31|65|32|27|29,0.820279|3.40743|1.25002|2.77837|2.92991,False
J1:ALA906:hydrophobic|J1:LEU959|J2:LEU855|J2:LEU983:hydrophobic|J2:VAL863,5,55,2.803854975299929,74|78|62|65|58,0.809047|1.52346|2.68107|3.06741|2.68017,True
J1:ALA906:hydrophobic|J1:LEU959|J2:LEU855|J2:LEU983|J2:VAL863,5,55,2.803854975299929,74|78|62|65|58,0.809047|1.52346|2.68107|3.06741|2.68017,True
J1:ALA906|J1:LEU959|J2:LEU855|J2:LEU983:hydrophobic|J2:VAL863,5,55,2.803854975299929,74|78|62|65|58,0.809047|1.52346|2.68107|3.06741|2.68017,True
J1:ALA906|J1:LEU959|J2:LEU855|J2:LEU983|J2:VAL863,5,55,2.803854975299929,74|78|62|65|58,0.809047|1.52346|2.68107|3.06741|2.68017,True
J1:ALA906:hydrophobic|J1:GLU966|J1:LEU881:hydrophobic|J1:LEU959|J2:LEU855,5,29,2.916655064392621,35|71|29|36|31,0.852073|3.32935|2.67461|1.42126|2.91964,False
J1:ALA906|J1:GLU966|J1:LEU881:hydrophobic|J1:LEU959|J2:LEU855,5,29,2.916655064392621,35|71|29|36|31,0.852073|3.32935|2.67461|1.42126|2.91964,False
J1:ALA906:hydrophobic|J1:GLU966|J1:LEU881:hydrophobic|J1:LEU959|J2:LEU855:hydrophobic,5,29,2.916655064392621,35|71|29|36|31,0.870182|3.35768|2.67461|1.44435|2.91964,False
J1:ALA906|J1:GLU966|J1:LEU881:hydrophobic|J1:LEU959|J2:LEU855:hydrophobic,5,29,2.916655064392621,35|71|29|36|31,0.870182|3.35768|2.67461|1.44435|2.91964,False
J1:ALA906|J1:GLU966|J1:LEU881|J1:LEU959|J2:LEU855:hydrophobic,5,29,2.85212729748128,35|71|29|36|31,0.844671|3.27409|2.67461|1.36315|2.83553,False
J1:ALA906:hydrophobic|J1:GLU966|J1:LEU881|J1:LEU959|J2:LEU855,5,29,2.85212729748128,35|71|29|36|31,0.825841|3.24714|2.67461|1.34257|2.83553,False
J1:ALA906|J1:GLU966|J1:LEU881|J1:LEU959|J2:LEU855,5,29,2.85212729748128,35|71|29|36|31,0.825841|3.24714|2.67461|1.34257|2.83553,False
J1:ALA906:hydrophobic|J1:GLU966|J1:LEU881|J1:LEU959|J2:LEU855:hydrophobic,5,29,2.85212729748128,35|71|29|36|31,0.844671|3.27409|2.67461|1.36315|2.83553,False
J1:ALA906|J1:GLU966|J1:LEU959:hydrogen_bond|J2:LEU855|J2:VAL863,5,25,2.7508568164508755,31|65|32|27|29,0.8135|3.37558|1.24346|2.74031|2.92991,False
J1:ALA906:hydrophobic|J1:GLU966|J1:LEU959:hydrogen_bond|J2:LEU855|J2:VAL863,5,25,2.7508568164508755,31|65|32|27|29,0.8135|3.37558|1.24346|2.74031|2.92991,False
J1:ALA906|J1:GLU966|J1:LEU959:hydrogen_bond|J2:LEU855:hydrophobic|J2:VAL863,5,25,2.7508568164508755,31|65|32|27|29,0.833174|3.39143|1.26334|2.74031|2.92991,False
J1:ALA906:hydrophobic|J1:GLU966|J1:LEU959:hydrogen_bond|J2:LEU855:hydrophobic|J2:VAL863,5,25,2.7508568164508755,31|65|32|27|29,0.833174|3.39143|1.26334|2.74031|2.92991,False
J1:ALA906|J1:LEU1010|J1:LEU881|J1:LEU959|J2:LEU983,5,60,2.8496055226824453,76|63|61|86|75,0.812919|2.81184|2.55819|1.58764|3.19965,False
J1:ALA906|J1:LEU1010|J1:LEU881|J1:LEU959|J2:LEU983:hydrophobic,5,60,2.8496055226824453,76|63|61|86|75,0.812919|2.81184|2.55819|1.58764|3.19965,False
J1:ALA906|J1:LEU1010:hydrophobic|J1:LEU881|J1:LEU959|J2:LEU983,5,60,2.8496055226824453,76|63|61|86|75,0.812919|2.81184|2.55819|1.58764|3.19965,False
J1:ALA906|J1:LEU1010:hydrophobic|J1:LEU881|J1:LEU959|J2:LEU983:hydrophobic,5,60,2.8496055226824453,76|63|61|86|75,0.812919|2.81184|2.55819|1.58764|3.19965,False
J1:ALA906:hydrophobic|J1:LEU1010:hydrophobic|J1:LEU881|J1:LEU959|J2:LEU983:hydrophobic,5,60,2.8496055226824453,76|63|61|86|75,0.812919|2.81184|2.55819|1.58764|3.19965,False
J1:ALA906:hydrophobic|J1:LEU1010:hydrophobic|J1:LEU881|J1:LEU959|J2:LEU983,5,60,2.8496055226824453,76|63|61|86|75,0.812919|2.81184|2.55819|1.58764|3.19965,False
J1:ALA906:hydrophobic|J1:LEU1010|J1:LEU881|J1:LEU959|J2:LEU983,5,60,2.8496055226824453,76|63|61|86|75,0.812919|2.81184|2.55819|1.58764|3.19965,False
J1:ALA906:hydrophobic|J1:LEU1010|J1:LEU881|J1:LEU959|J2:LEU983:hydrophobic,5,60,2.8496055226824453,76|63|61|86|75,0.812919|2.81184|2.55819|1.58764|3.19965,False
J1:ALA906:hydrophobic|J1:LEU1010|J1:LEU959|J2:LEU983|J2:VAL863:hydrophobic,5,58,2.7140242914979753,73|62|83|69|61,0.776347|2.7021|1.55551|2.9722|2.55819,True
J1:ALA906:hydrophobic|J1:LEU1010:hydrophobic|J1:LEU959|J2:LEU983:hydrophobic|J2:VAL863:hydrophobic,5,58,2.7140242914979753,73|62|83|69|61,0.776347|2.7021|1.55551|2.9722|2.55819,True
J1:ALA906|J1:LEU1010:hydrophobic|J1:LEU959|J2:LEU983:hydrophobic|J2:VAL863:hydrophobic,5,58,2.7140242914979753,73|62|83|69|61,0.776347|2.7021|1.55551|2.9722|2.55819,True
J1:ALA906|J1:LEU1010|J1:LEU959|J2:LEU983:hydrophobic|J2:VAL863:hydrophobic,5,58,2.7140242914979753,73|62|83|69|61,0.776347|2.7021|1.55551|2.9722|2.55819,True
J1:ALA906|J1:LEU1010|J1:LEU959|J2:LEU983|J2:VAL863:hydrophobic,5,58,2.7140242914979753,73|62|83|69|61,0.776347|2.7021|1.55551|2.9722|2.55819,True
J1:ALA906:hydrophobic|J1:LEU1010:hydrophobic|J1:LEU959|J2:LEU983|J2:VAL863:hydrophobic,5,58,2.7140242914979753,73|62|83|69|61,0.776347|2.7021|1.55551|2.9722|2.55819,True
J1:ALA906|J1:LEU1010:hydrophobic|J1:LEU959|J2:LEU983|J2:VAL863:hydrophobic,5,58,2.7140242914979753,73|62|83|69|61,0.776347|2.7021|1.55551|2.9722|2.55819,True
J1:ALA906:hydrophobic|J1:LEU1010|J1:LEU959|J2:LEU983:hydrophobic|J2:VAL863:hydrophobic,5,58,2.7140242914979753,73|62|83|69|61,0.776347|2.7021|1.55551|2.9722|2.55819,True
J1:ALA906:hydrophobic|J1:LEU1010|J1:LEU881:hydrophobic|J2:TYR931|J2:VAL863:hydrophobic,5,46,2.568940858136838,100|48|46|93|53,1.80121|2.54628|2.39447|1.79125|2.60625,True
J1:ALA906|J1:LEU1010|J1:LEU881:hydrophobic|J2:TYR931|J2:VAL863,5,46,2.568940858136838,100|48|46|93|53,1.79829|2.54628|2.39447|1.78815|2.60625,True
J1:ALA906:hydrophobic|J1:LEU1010:hydrophobic|J1:LEU881:hydrophobic|J2:TYR931|J2:VAL863:hydrophobic,5,46,2.568940858136838,100|48|46|93|53,1.80121|2.54628|2.39447|1.79125|2.60625,True
J1:ALA906|J1:LEU1010:hydrophobic|J1:LEU881:hydrophobic|J2:TYR931|J2:VAL863:hydrophobic,5,46,2.568940858136838,100|48|46|93|53,1.80121|2.54628|2.39447|1.79125|2.60625,True
J1:ALA906|J1:LEU1010|J1:LEU881:hydrophobic|J2:TYR931|J2:VAL863:hydrophobic,5,46,2.568940858136838,100|48|46|93|53,1.80121|2.54628|2.39447|1.79125|2.60625,True
J1:ALA906|J1:LEU1010:hydrophobic|J1:LEU959|J2:LEU983|J2:VAL863,5,58,2.696990666237528,73|62|83|69|61,0.773387|2.68107|1.55159|2.95502|2.55819,True
J1:ALA906:hydrophobic|J1:LEU1010|J1:LEU959|J2:LEU983:hydrophobic|J2:VAL863,5,58,2.696990666237528,73|62|83|69|61,0.773387|2.68107|1.55159|2.95502|2.55819,True
J1:ALA906:hydrophobic|J1:LEU1010|J1:LEU959|J2:LEU983|J2:VAL863,5,58,2.696990666237528,73|62|83|69|61,0.773387|2.68107|1.55159|2.95502|2.55819,True
J1:ALA906:hydrophobic|J1:LEU1010:hydrophobic|J1:LEU959|J2:LEU983:hydrophobic|J2:VAL863,5,58,2.696990666237528,73|62|83|69|61,0.773387|2.68107|1.55159|2.95502|2.55819,True
J1:ALA906|J1:LEU1010:hydrophobic|J1:LEU959|J2:LEU983:hydrophobic|J2:VAL863,5,58,2.696990666237528,73|62|83|69|61,0.773387|2.68107|1.55159|2.95502|2.55819,True
J1:ALA906|J1:LEU1010|J1:LEU959|J2:LEU983:hydrophobic|J2:VAL863,5,58,2.696990666237528,73|62|83|69|61,0.773387|2.68107|1.55159|2.95502|2.55819,True
J1:ALA906|J1:LEU1010|J1:LEU959|J2:LEU983|J2:VAL863,5,58,2.696990666237528,73|62|83|69|61,0.773387|2.68107|1.55159|2.95502|2.55819,True
J1:ALA906:hydrophobic|J1:LEU1010:hydrophobic|J1:LEU959|J2:LEU983|J2:VAL863,5,58,2.696990666237528,73|62|83|69|61,0.773387|2.68107|1.55159|2.95502|2.55819,True
J1:ALA906:hydrophobic|J1:GLU966|J1:LEU1010:hydrophobic|J1:LEU959|J2:VAL863:hydrophobic,5,26,2.579910714285714,29|69|27|33|30,0.832792|2.9722|2.52154|1.27342|2.68874,False
J1:ALA906|J1:GLU966|J1:LEU1010|J1:LEU959|J2:VAL863:hydrophobic,5,26,2.579910714285714,29|69|27|33|30,0.832792|2.9722|2.52154|1.27342|2.68874,False
J1:ALA906:hydrophobic|J1:GLU966|J1:LEU1010|J1:LEU959|J2:VAL863:hydrophobic,5,26,2.579910714285714,29|69|27|33|30,0.832792|2.9722|2.52154|1.27342|2.68874,False
J1:ALA906|J1:GLU966|J1:LEU1010:hydrophobic|J1:LEU959|J2:VAL863:hydrophobic,5,26,2.579910714285714,29|69|27|33|30,0.832792|2.9722|2.52154|1.27342|2.68874,False
J1:ALA906:hydrophobic|J1:GLU966|J1:LEU1010|J1:LEU959|J2:LEU855,5,28,2.729622132253711,31|68|29|35|30,0.85066|3.05958|2.67461|1.29874|2.68874,False
J1:ALA906|J1:GLU966|J1:LEU1010|J1:LEU959|J2:LEU855,5,28,2.729622132253711,31|68|29|35|30,0.85066|3.05958|2.67461|1.29874|2.68874,False
J1:ALA906:hydrophobic|J1:GLU966|J1:LEU1010|J1:LEU959|J2:VAL863,5,26,2.5458149779735684,29|69|27|33|30,0.826386|2.95502|2.49015|1.26682|2.68874,False
J1:ALA906|J1:GLU966|J1:LEU1010:hydrophobic|J1:LEU959|J2:VAL863,5,26,2.5458149779735684,29|69|27|33|30,0.826386|2.95502|2.49015|1.26682|2.68874,False
J1:ALA906|J1:GLU966|J1:LEU1010:hydrophobic|J1:LEU959|J2:LEU855,5,28,2.729622132253711,31|68|29|35|30,0.85066|3.05958|2.67461|1.29874|2.68874,False
J1:ALA906:hydrophobic|J1:GLU966|J1:LEU1010:hydrophobic|J1:LEU959|J2:VAL863,5,26,2.5458149779735684,29|69|27|33|30,0.826386|2.95502|2.49015|1.26682|2.68874,False
J1:ALA906:hydrophobic|J1:GLU966|J1:LEU1010:hydrophobic|J1:LEU959|J2:LEU855,5,28,2.729622132253711,31|68|29|35|30,0.85066|3.05958|2.67461|1.29874|2.68874,False
J1:ALA906:hydrophobic|J1:GLU966|J1:LEU1010|J1:LEU959|J2:LEU855:hydrophobic,5,28,2.729622132253711,31|68|29|35|30,0.865621|3.08455|2.67461|1.31855|2.68874,False
J1:ALA906|J1:GLU966|J1:LEU1010|J1:LEU959|J2:LEU855:hydrophobic,5,28,2.729622132253711,31|68|29|35|30,0.865621|3.08455|2.67461|1.31855|2.68874,False
J1:ALA906|J1:GLU966|J1:LEU1010:hydrophobic|J1:LEU959|J2:LEU855:hydrophobic,5,28,2.729622132253711,31|68|29|35|30,0.865621|3.08455|2.67461|1.31855|2.68874,False
J1:ALA906:hydrophobic|J1:GLU966|J1:LEU1010:hydrophobic|J1:LEU959|J2:LEU855:hydrophobic,5,28,2.729622132253711,31|68|29|35|30,0.865621|3.08455|2.67461|1.31855|2.68874,False
J1:ALA906|J1:GLU966|J1:LEU1010|J1:LEU959|J2:VAL863,5,26,2.5458149779735684,29|69|27|33|30,0.826386|2.95502|2.49015|1.26682|2.68874,False
J1:ALA906:hydrophobic|J1:LEU1010|J1:LEU959|J2:LEU855:hydrophobic|J2:LEU983,5,54,2.709376627886786,69|58|79|61|68,0.804647|2.70264|1.51897|2.55819|3.08455,False
J1:ALA906:hydrophobic|J1:LEU1010|J1:LEU959|J2:LEU855:hydrophobic|J2:LEU983:hydrophobic,5,54,2.709376627886786,69|58|79|61|68,0.804647|2.70264|1.51897|2.55819|3.08455,False
J1:ALA906:hydrophobic|J1:LEU1010:hydrophobic|J1:LEU959|J2:LEU855:hydrophobic|J2:LEU983:hydrophobic,5,54,2.709376627886786,69|58|79|61|68,0.804647|2.70264|1.51897|2.55819|3.08455,False
J1:ALA906|J1:LEU1010:hydrophobic|J1:LEU959|J2:LEU855:hydrophobic|J2:LEU983,5,54,2.709376627886786,69|58|79|61|68,0.804647|2.70264|1.51897|2.55819|3.08455,False
J1:ALA906|J1:LEU1010|J1:LEU959|J2:LEU855:hydrophobic|J2:LEU983,5,54,2.709376627886786,69|58|79|61|68,0.804647|2.70264|1.51897|2.55819|3.08455,False
J1:ALA906|J1:LEU1010:hydrophobic|J1:LEU959|J2:LEU855:hydrophobic|J2:LEU983:hydrophobic,5,54,2.709376627886786,69|58|79|61|68,0.804647|2.70264|1.51897|2.55819|3.08455,False
J1:ALA906|J1:LEU1010|J1:LEU959|J2:LEU855:hydrophobic|J2:LEU983:hydrophobic,5,54,2.709376627886786,69|58|79|61|68,0.804647|2.70264|1.51897|2.55819|3.08455,False
J1:ALA906:hydrophobic|J1:LEU1010:hydrophobic|J1:LEU959|J2:LEU855:hydrophobic|J2:LEU983,5,54,2.709376627886786,69|58|79|61|68,0.804647|2.70264|1.51897|2.55819|3.08455,False
J1:ALA906:hydrophobic|J1:LEU1010|J1:LEU959|J2:LEU855|J2:LEU983,5,54,2.6851316468766133,69|58|79|61|68,0.791361|2.68017|1.50465|2.55819|3.05958,False
J1:ALA906:hydrophobic|J1:LEU1010|J1:LEU959|J2:LEU855|J2:LEU983:hydrophobic,5,54,2.6851316468766133,69|58|79|61|68,0.791361|2.68017|1.50465|2.55819|3.05958,False
J1:ALA906:hydrophobic|J1:LEU1010:hydrophobic|J1:LEU959|J2:LEU855|J2:LEU983,5,54,2.6851316468766133,69|58|79|61|68,0.791361|2.68017|1.50465|2.55819|3.05958,False
J1:ALA906:hydrophobic|J1:LEU1010:hydrophobic|J1:LEU959|J2:LEU855|J2:LEU983:hydrophobic,5,54,2.6851316468766133,69|58|79|61|68,0.791361|2.68017|1.50465|2.55819|3.05958,False
J1:ALA906|J1:LEU1010:hydrophobic|J1:LEU959|J2:LEU855|J2:LEU983,5,54,2.6851316468766133,69|58|79|61|68,0.791361|2.68017|1.50465|2.55819|3.05958,False
J1:ALA906|J1:LEU1010:hydrophobic|J1:LEU959|J2:LEU855|J2:LEU983:hydrophobic,5,54,2.6851316468766133,69|58|79|61|68,0.791361|2.68017|1.50465|2.55819|3.05958,False
J1:ALA906|J1:LEU1010|J1:LEU959|J2:LEU855|J2:LEU983,5,54,2.6851316468766133,69|58|79|61|68,0.791361|2.68017|1.50465|2.55819|3.05958,False
J1:ALA906|J1:LEU1010|J1:LEU959|J2:LEU855|J2:LEU983:hydrophobic,5,54,2.6851316468766133,69|58|79|61|68,0.791361|2.68017|1.50465|2.55819|3.05958,False
J1:ALA906|J1:GLU966|J1:LEU881:hydrophobic|J1:LEU959:hydrogen_bond|J2:LEU983,5,24,2.694172494172494,29|63|24|32|31,0.834949|3.16809|2.42476|1.33696|3.20481,False
J1:ALA906|J1:GLU966|J1:LEU881:hydrophobic|J1:LEU959:hydrogen_bond|J2:LEU983:hydrophobic,5,24,2.694172494172494,29|63|24|32|31,0.834949|3.16809|2.42476|1.33696|3.20481,False
J1:ALA906:hydrophobic|J1:GLU966|J1:LEU881:hydrophobic|J1:LEU959:hydrogen_bond|J2:LEU983,5,24,2.694172494172494,29|63|24|32|31,0.834949|3.16809|2.42476|1.33696|3.20481,False
J1:ALA906:hydrophobic|J1:GLU966|J1:LEU881:hydrophobic|J1:LEU959:hydrogen_bond|J2:LEU983:hydrophobic,5,24,2.694172494172494,29|63|24|32|31,0.834949|3.16809|2.42476|1.33696|3.20481,False
J1:ARG1007|J1:LEU881:hydrophobic|J1:LEU959:hydrogen_bond|J2:LEU855:hydrophobic|J2:TYR931,5,32,2.1231687715269802,60|33|83|34|58,1.75015|2.01508|1.89603|2.17785|1.19588,True
J1:ARG1007|J1:LEU1010:hydrophobic|J1:LEU881:hydrophobic|J2:LEU855:hydrophobic|J2:TYR931,5,73,1.9982332322849563,112|83|74|75|143,1.82375|1.89603|1.88623|2.00604|1.44606,True
J1:ARG1007|J1:LEU1010|J1:LEU881:hydrophobic|J2:LEU855:hydrophobic|J2:TYR931,5,73,1.9982332322849563,112|83|74|75|143,1.82375|1.89603|1.88623|2.00604|1.44606,True
J1:ARG1007|J1:LEU881:hydrophobic|J1:LEU959|J2:LEU855:hydrophobic|J2:TYR931,5,32,2.0035536294691223,60|33|83|34|58,1.69026|1.90516|1.89603|2.05357|1.10185,True
