pattern,n_features,features,source,n,n_jak2,n_not_jak2,n_jak1,n_nonselective,ppv_jak2,recall_jak2,baseline_jak2_fraction,jak2_enrichment,odds_ratio,fisher_p,beam_score,passes_reporting_filter,fdr_q,passes_fdr,random_holdout_pattern,random_holdout_n_features,random_holdout_subset,random_holdout_discovery_seed,random_holdout_n,random_holdout_n_jak2,random_holdout_n_not_jak2,random_holdout_n_jak1,random_holdout_n_nonselective,random_holdout_ppv_jak2,random_holdout_recall_jak2,random_holdout_baseline_jak2_fraction,random_holdout_jak2_enrichment,random_holdout_odds_ratio,random_holdout_fisher_p,random_holdout_discovery_n,random_holdout_discovery_jak2_enrichment,random_holdout_discovery_fisher_p,random_holdout_discovery_fdr_q,independent_validation_pattern,independent_validation_n_features,independent_validation_n,independent_validation_n_jak2,independent_validation_n_jak1,independent_validation_n_nonselective,independent_validation_n_not_jak2,independent_validation_ppv_jak2,independent_validation_recall_jak2,independent_validation_baseline_jak2_fraction,independent_validation_jak2_enrichment,independent_validation_odds_ratio,independent_validation_fisher_p,independent_validation_mean_delta_pKi_pattern,independent_validation_mean_delta_pKi_nonpattern,independent_validation_mean_delta_pKi_shift,independent_validation_median_delta_pKi_shift,independent_validation_mannwhitney_u,independent_validation_mannwhitney_p,scaffold_holdout_n,scaffold_holdout_n_jak2,scaffold_holdout_n_not_jak2,scaffold_holdout_n_jak1,scaffold_holdout_n_nonselective,scaffold_holdout_ppv_jak2,scaffold_holdout_recall_jak2,scaffold_holdout_baseline_jak2_fraction,scaffold_holdout_jak2_enrichment,scaffold_holdout_odds_ratio,scaffold_holdout_fisher_p,specificity_jak2_enrichment,jak1_enrichment,nonselective_enrichment,specificity_score,passes_specificity_threshold,stable_under_ablation,jak1_feature_overlap,generic_binder_red_flag
J1:ALA906:hydrophobic AND J1:ARG1007:hydrophobic AND J1:LEU881:hydrophobic AND J1:LEU959:hydrogen_bond AND J1:VAL889,5,J1:ALA906:hydrophobic|J1:ARG1007:hydrophobic|J1:LEU881:hydrophobic|J1:LEU959:hydrogen_bond|J1:VAL889,beam_5,76,19,57,12,45,0.25,0.1043956043956044,0.0449938195302843,5.556318681318682,7.783231083844581,4.109374515312191e-10,17.888673316006845,True,2.542535496882673e-08,True,J1:ALA906:hydrophobic AND J1:ARG1007:hydrophobic AND J1:LEU881:hydrophobic AND J1:LEU959:hydrogen_bond AND J1:VAL889,5,holdout,42,25,10,15,1,14,0.4,0.1282051282051282,0.0449826989619377,8.892307692307693,16.08823529411765,3.601609596442871e-08,76,5.556318681318682,4.109374515312191e-10,2.542535496882673e-08,J1:ALA906:hydrophobic AND J1:ARG1007:hydrophobic AND J1:LEU881:hydrophobic AND J1:LEU959:hydrogen_bond AND J1:VAL889,5,68,14,5,49,54,0.2058823529411764,0.0489510489510489,0.1025089605734767,2.008432743726861,2.335239651416122,0.0128223884720228,0.22413213132215,-0.0063687737299225,0.2305009050520725,0.3130982249223347,128674.5,2.2991582271756725e-08,1,1,0,0,0,1.0,0.1666666666666666,0.0057142857142857,175.0,inf,0.0057142857142857,6.381987814166031,0.2654645550208126,1.242492265420874,5.1364406779661005,True,True,,False
J1:ALA906 AND J1:ARG1007:hydrophobic AND J1:LEU881:hydrophobic AND J1:LEU959:hydrogen_bond AND J1:VAL889,5,J1:ALA906|J1:ARG1007:hydrophobic|J1:LEU881:hydrophobic|J1:LEU959:hydrogen_bond|J1:VAL889,beam_5,76,19,57,12,45,0.25,0.1043956043956044,0.0449938195302843,5.556318681318682,7.783231083844581,4.109374515312191e-10,17.888673316006845,True,2.542535496882673e-08,True,J1:ALA906 AND J1:ARG1007:hydrophobic AND J1:LEU881:hydrophobic AND J1:LEU959:hydrogen_bond AND J1:VAL889,5,holdout,42,25,10,15,1,14,0.4,0.1282051282051282,0.0449826989619377,8.892307692307693,16.08823529411765,3.601609596442871e-08,76,5.556318681318682,4.109374515312191e-10,2.542535496882673e-08,J1:ALA906 AND J1:ARG1007:hydrophobic AND J1:LEU881:hydrophobic AND J1:LEU959:hydrogen_bond AND J1:VAL889,5,68,14,5,49,54,0.2058823529411764,0.0489510489510489,0.1025089605734767,2.008432743726861,2.335239651416122,0.0128223884720228,0.22413213132215,-0.0063687737299225,0.2305009050520725,0.3130982249223347,128674.5,2.2991582271756725e-08,1,1,0,0,0,1.0,0.1666666666666666,0.0057142857142857,175.0,inf,0.0057142857142857,6.381987814166031,0.2654645550208126,1.242492265420874,5.1364406779661005,True,True,,False
J1:ALA906 AND J1:ARG1007:hydrophobic AND J1:LEU881:hydrophobic AND J1:LEU959:hydrogen_bond AND J1:VAL889:hydrophobic,5,J1:ALA906|J1:ARG1007:hydrophobic|J1:LEU881:hydrophobic|J1:LEU959:hydrogen_bond|J1:VAL889:hydrophobic,beam_5,76,19,57,12,45,0.25,0.1043956043956044,0.0449938195302843,5.556318681318682,7.783231083844581,4.109374515312191e-10,17.888673316006845,True,2.542535496882673e-08,True,J1:ALA906 AND J1:ARG1007:hydrophobic AND J1:LEU881:hydrophobic AND J1:LEU959:hydrogen_bond AND J1:VAL889:hydrophobic,5,holdout,42,25,10,15,1,14,0.4,0.1282051282051282,0.0449826989619377,8.892307692307693,16.08823529411765,3.601609596442871e-08,76,5.556318681318682,4.109374515312191e-10,2.542535496882673e-08,J1:ALA906 AND J1:ARG1007:hydrophobic AND J1:LEU881:hydrophobic AND J1:LEU959:hydrogen_bond AND J1:VAL889:hydrophobic,5,68,14,5,49,54,0.2058823529411764,0.0489510489510489,0.1025089605734767,2.008432743726861,2.335239651416122,0.0128223884720228,0.22413213132215,-0.0063687737299225,0.2305009050520725,0.3130982249223347,128674.5,2.2991582271756725e-08,1,1,0,0,0,1.0,0.1666666666666666,0.0057142857142857,175.0,inf,0.0057142857142857,6.381987814166031,0.2654645550208126,1.242492265420874,5.1364406779661005,True,True,,False
J1:ALA906:hydrophobic AND J1:ARG1007:hydrophobic AND J1:LEU881:hydrophobic AND J1:LEU959:hydrogen_bond AND J1:VAL889:hydrophobic,5,J1:ALA906:hydrophobic|J1:ARG1007:hydrophobic|J1:LEU881:hydrophobic|J1:LEU959:hydrogen_bond|J1:VAL889:hydrophobic,beam_5,76,19,57,12,45,0.25,0.1043956043956044,0.0449938195302843,5.556318681318682,7.783231083844581,4.109374515312191e-10,17.888673316006845,True,2.542535496882673e-08,True,J1:ALA906:hydrophobic AND J1:ARG1007:hydrophobic AND J1:LEU881:hydrophobic AND J1:LEU959:hydrogen_bond AND J1:VAL889:hydrophobic,5,holdout,42,25,10,15,1,14,0.4,0.1282051282051282,0.0449826989619377,8.892307692307693,16.08823529411765,3.601609596442871e-08,76,5.556318681318682,4.109374515312191e-10,2.542535496882673e-08,J1:ALA906:hydrophobic AND J1:ARG1007:hydrophobic AND J1:LEU881:hydrophobic AND J1:LEU959:hydrogen_bond AND J1:VAL889:hydrophobic,5,68,14,5,49,54,0.2058823529411764,0.0489510489510489,0.1025089605734767,2.008432743726861,2.335239651416122,0.0128223884720228,0.22413213132215,-0.0063687737299225,0.2305009050520725,0.3130982249223347,128674.5,2.2991582271756725e-08,1,1,0,0,0,1.0,0.1666666666666666,0.0057142857142857,175.0,inf,0.0057142857142857,6.381987814166031,0.2654645550208126,1.242492265420874,5.1364406779661005,True,True,,False
J1:ALA906 AND J1:ARG1007:hydrophobic AND J1:LEU881 AND J1:LEU959:hydrogen_bond AND J1:VAL889:hydrophobic,5,J1:ALA906|J1:ARG1007:hydrophobic|J1:LEU881|J1:LEU959:hydrogen_bond|J1:VAL889:hydrophobic,beam_5,76,19,57,12,45,0.25,0.1043956043956044,0.0449938195302843,5.556318681318682,7.783231083844581,4.109374515312191e-10,17.888673316006845,True,2.542535496882673e-08,True,J1:ALA906 AND J1:ARG1007:hydrophobic AND J1:LEU881 AND J1:LEU959:hydrogen_bond AND J1:VAL889:hydrophobic,5,holdout,42,26,10,16,1,15,0.3846153846153846,0.1282051282051282,0.0449826989619377,8.550295857988166,15.073529411764708,5.6421082226095844e-08,76,5.556318681318682,4.109374515312191e-10,2.542535496882673e-08,J1:ALA906 AND J1:ARG1007:hydrophobic AND J1:LEU881 AND J1:LEU959:hydrogen_bond AND J1:VAL889:hydrophobic,5,70,14,5,51,56,0.2,0.0489510489510489,0.1025089605734767,1.951048951048951,2.25,0.0141654285729549,0.2349280127405794,-0.0068160948730821,0.2417441076136616,0.3228597616549755,133442.5,5.4714272862151885e-09,1,1,0,0,0,1.0,0.1666666666666666,0.0057142857142857,175.0,inf,0.0057142857142857,6.319419306184011,0.2628619613441379,1.2511636969841304,5.050833333333332,True,True,,False
J1:ALA906:hydrophobic AND J1:ARG1007:hydrophobic AND J1:LEU881 AND J1:LEU959:hydrogen_bond AND J1:VAL889,5,J1:ALA906:hydrophobic|J1:ARG1007:hydrophobic|J1:LEU881|J1:LEU959:hydrogen_bond|J1:VAL889,beam_5,76,19,57,12,45,0.25,0.1043956043956044,0.0449938195302843,5.556318681318682,7.783231083844581,4.109374515312191e-10,17.888673316006845,True,2.542535496882673e-08,True,J1:ALA906:hydrophobic AND J1:ARG1007:hydrophobic AND J1:LEU881 AND J1:LEU959:hydrogen_bond AND J1:VAL889,5,holdout,42,26,10,16,1,15,0.3846153846153846,0.1282051282051282,0.0449826989619377,8.550295857988166,15.073529411764708,5.6421082226095844e-08,76,5.556318681318682,4.109374515312191e-10,2.542535496882673e-08,J1:ALA906:hydrophobic AND J1:ARG1007:hydrophobic AND J1:LEU881 AND J1:LEU959:hydrogen_bond AND J1:VAL889,5,70,14,5,51,56,0.2,0.0489510489510489,0.1025089605734767,1.951048951048951,2.25,0.0141654285729549,0.2349280127405794,-0.0068160948730821,0.2417441076136616,0.3228597616549755,133442.5,5.4714272862151885e-09,1,1,0,0,0,1.0,0.1666666666666666,0.0057142857142857,175.0,inf,0.0057142857142857,6.319419306184011,0.2628619613441379,1.2511636969841304,5.050833333333332,True,True,,False
J1:ALA906:hydrophobic AND J1:ARG1007:hydrophobic AND J1:LEU881 AND J1:LEU959:hydrogen_bond AND J1:VAL889:hydrophobic,5,J1:ALA906:hydrophobic|J1:ARG1007:hydrophobic|J1:LEU881|J1:LEU959:hydrogen_bond|J1:VAL889:hydrophobic,beam_5,76,19,57,12,45,0.25,0.1043956043956044,0.0449938195302843,5.556318681318682,7.783231083844581,4.109374515312191e-10,17.888673316006845,True,2.542535496882673e-08,True,J1:ALA906:hydrophobic AND J1:ARG1007:hydrophobic AND J1:LEU881 AND J1:LEU959:hydrogen_bond AND J1:VAL889:hydrophobic,5,holdout,42,26,10,16,1,15,0.3846153846153846,0.1282051282051282,0.0449826989619377,8.550295857988166,15.073529411764708,5.6421082226095844e-08,76,5.556318681318682,4.109374515312191e-10,2.542535496882673e-08,J1:ALA906:hydrophobic AND J1:ARG1007:hydrophobic AND J1:LEU881 AND J1:LEU959:hydrogen_bond AND J1:VAL889:hydrophobic,5,70,14,5,51,56,0.2,0.0489510489510489,0.1025089605734767,1.951048951048951,2.25,0.0141654285729549,0.2349280127405794,-0.0068160948730821,0.2417441076136616,0.3228597616549755,133442.5,5.4714272862151885e-09,1,1,0,0,0,1.0,0.1666666666666666,0.0057142857142857,175.0,inf,0.0057142857142857,6.319419306184011,0.2628619613441379,1.2511636969841304,5.050833333333332,True,True,,False
J1:ALA906 AND J1:ARG1007:hydrophobic AND J1:LEU881 AND J1:LEU959:hydrogen_bond AND J1:VAL889,5,J1:ALA906|J1:ARG1007:hydrophobic|J1:LEU881|J1:LEU959:hydrogen_bond|J1:VAL889,beam_5,76,19,57,12,45,0.25,0.1043956043956044,0.0449938195302843,5.556318681318682,7.783231083844581,4.109374515312191e-10,17.888673316006845,True,2.542535496882673e-08,True,J1:ALA906 AND J1:ARG1007:hydrophobic AND J1:LEU881 AND J1:LEU959:hydrogen_bond AND J1:VAL889,5,holdout,42,26,10,16,1,15,0.3846153846153846,0.1282051282051282,0.0449826989619377,8.550295857988166,15.073529411764708,5.6421082226095844e-08,76,5.556318681318682,4.109374515312191e-10,2.542535496882673e-08,J1:ALA906 AND J1:ARG1007:hydrophobic AND J1:LEU881 AND J1:LEU959:hydrogen_bond AND J1:VAL889,5,70,14,5,51,56,0.2,0.0489510489510489,0.1025089605734767,1.951048951048951,2.25,0.0141654285729549,0.2349280127405794,-0.0068160948730821,0.2417441076136616,0.3228597616549755,133442.5,5.4714272862151885e-09,1,1,0,0,0,1.0,0.1666666666666666,0.0057142857142857,175.0,inf,0.0057142857142857,6.319419306184011,0.2628619613441379,1.2511636969841304,5.050833333333332,True,True,,False
J1:ALA906:hydrophobic AND J1:ARG1007:hydrophobic AND J1:LEU881:hydrophobic AND J1:LEU959 AND J1:VAL889,5,J1:ALA906:hydrophobic|J1:ARG1007:hydrophobic|J1:LEU881:hydrophobic|J1:LEU959|J1:VAL889,beam_5,78,19,59,12,47,0.2435897435897435,0.1043956043956044,0.0449938195302843,5.413848971541279,7.515441405843818,6.66447684780944e-10,17.813306260715585,True,3.9378914985344954e-08,True,J1:ALA906:hydrophobic AND J1:ARG1007:hydrophobic AND J1:LEU881:hydrophobic AND J1:LEU959 AND J1:VAL889,5,holdout,42,26,10,16,2,14,0.3846153846153846,0.1282051282051282,0.0449826989619377,8.550295857988166,15.073529411764708,5.6421082226095844e-08,78,5.413848971541279,6.66447684780944e-10,3.9378914985344954e-08,J1:ALA906:hydrophobic AND J1:ARG1007:hydrophobic AND J1:LEU881:hydrophobic AND J1:LEU959 AND J1:VAL889,5,71,14,6,51,57,0.1971830985915492,0.0489510489510489,0.1025089605734767,1.9235693883581209,2.2096233230134157,0.0150839046559333,0.2115505695117323,-0.0062945596168723,0.2178451291286046,0.309178348796558,133001.5,3.302160528415939e-08,1,1,0,0,0,1.0,0.1666666666666666,0.0057142857142857,175.0,inf,0.0057142857142857,6.19789201183432,0.2776382254433646,1.247554570935138,4.968032786885246,True,True,,False
J1:ALA906:hydrophobic AND J1:ARG1007:hydrophobic AND J1:LEU881:hydrophobic AND J1:LEU959 AND J1:VAL889:hydrophobic,5,J1:ALA906:hydrophobic|J1:ARG1007:hydrophobic|J1:LEU881:hydrophobic|J1:LEU959|J1:VAL889:hydrophobic,beam_5,78,19,59,12,47,0.2435897435897435,0.1043956043956044,0.0449938195302843,5.413848971541279,7.515441405843818,6.66447684780944e-10,17.813306260715585,True,3.9378914985344954e-08,True,J1:ALA906:hydrophobic AND J1:ARG1007:hydrophobic AND J1:LEU881:hydrophobic AND J1:LEU959 AND J1:VAL889:hydrophobic,5,holdout,42,26,10,16,2,14,0.3846153846153846,0.1282051282051282,0.0449826989619377,8.550295857988166,15.073529411764708,5.6421082226095844e-08,78,5.413848971541279,6.66447684780944e-10,3.9378914985344954e-08,J1:ALA906:hydrophobic AND J1:ARG1007:hydrophobic AND J1:LEU881:hydrophobic AND J1:LEU959 AND J1:VAL889:hydrophobic,5,71,14,6,51,57,0.1971830985915492,0.0489510489510489,0.1025089605734767,1.9235693883581209,2.2096233230134157,0.0150839046559333,0.2115505695117323,-0.0062945596168723,0.2178451291286046,0.309178348796558,133001.5,3.302160528415939e-08,1,1,0,0,0,1.0,0.1666666666666666,0.0057142857142857,175.0,inf,0.0057142857142857,6.19789201183432,0.2776382254433646,1.247554570935138,4.968032786885246,True,True,,False
J1:ALA906 AND J1:ARG1007:hydrophobic AND J1:LEU881:hydrophobic AND J1:LEU959 AND J1:VAL889:hydrophobic,5,J1:ALA906|J1:ARG1007:hydrophobic|J1:LEU881:hydrophobic|J1:LEU959|J1:VAL889:hydrophobic,beam_5,78,19,59,12,47,0.2435897435897435,0.1043956043956044,0.0449938195302843,5.413848971541279,7.515441405843818,6.66447684780944e-10,17.813306260715585,True,3.9378914985344954e-08,True,J1:ALA906 AND J1:ARG1007:hydrophobic AND J1:LEU881:hydrophobic AND J1:LEU959 AND J1:VAL889:hydrophobic,5,holdout,42,26,10,16,2,14,0.3846153846153846,0.1282051282051282,0.0449826989619377,8.550295857988166,15.073529411764708,5.6421082226095844e-08,78,5.413848971541279,6.66447684780944e-10,3.9378914985344954e-08,J1:ALA906 AND J1:ARG1007:hydrophobic AND J1:LEU881:hydrophobic AND J1:LEU959 AND J1:VAL889:hydrophobic,5,71,14,6,51,57,0.1971830985915492,0.0489510489510489,0.1025089605734767,1.9235693883581209,2.2096233230134157,0.0150839046559333,0.2115505695117323,-0.0062945596168723,0.2178451291286046,0.309178348796558,133001.5,3.302160528415939e-08,1,1,0,0,0,1.0,0.1666666666666666,0.0057142857142857,175.0,inf,0.0057142857142857,6.19789201183432,0.2776382254433646,1.247554570935138,4.968032786885246,True,True,,False
J1:ALA906 AND J1:ARG1007:hydrophobic AND J1:LEU881:hydrophobic AND J1:LEU959 AND J1:VAL889,5,J1:ALA906|J1:ARG1007:hydrophobic|J1:LEU881:hydrophobic|J1:LEU959|J1:VAL889,beam_5,78,19,59,12,47,0.2435897435897435,0.1043956043956044,0.0449938195302843,5.413848971541279,7.515441405843818,6.66447684780944e-10,17.813306260715585,True,3.9378914985344954e-08,True,J1:ALA906 AND J1:ARG1007:hydrophobic AND J1:LEU881:hydrophobic AND J1:LEU959 AND J1:VAL889,5,holdout,42,26,10,16,2,14,0.3846153846153846,0.1282051282051282,0.0449826989619377,8.550295857988166,15.073529411764708,5.6421082226095844e-08,78,5.413848971541279,6.66447684780944e-10,3.9378914985344954e-08,J1:ALA906 AND J1:ARG1007:hydrophobic AND J1:LEU881:hydrophobic AND J1:LEU959 AND J1:VAL889,5,71,14,6,51,57,0.1971830985915492,0.0489510489510489,0.1025089605734767,1.9235693883581209,2.2096233230134157,0.0150839046559333,0.2115505695117323,-0.0062945596168723,0.2178451291286046,0.309178348796558,133001.5,3.302160528415939e-08,1,1,0,0,0,1.0,0.1666666666666666,0.0057142857142857,175.0,inf,0.0057142857142857,6.19789201183432,0.2776382254433646,1.247554570935138,4.968032786885246,True,True,,False
J1:ALA906:hydrophobic AND J1:ARG1007:hydrophobic AND J1:LEU881 AND J1:LEU959 AND J1:VAL889:hydrophobic,5,J1:ALA906:hydrophobic|J1:ARG1007:hydrophobic|J1:LEU881|J1:LEU959|J1:VAL889:hydrophobic,beam_5,78,19,59,12,47,0.2435897435897435,0.1043956043956044,0.0449938195302843,5.413848971541279,7.515441405843818,6.66447684780944e-10,17.813306260715585,True,3.9378914985344954e-08,True,J1:ALA906:hydrophobic AND J1:ARG1007:hydrophobic AND J1:LEU881 AND J1:LEU959 AND J1:VAL889:hydrophobic,5,holdout,42,27,10,17,2,15,0.3703703703703703,0.1282051282051282,0.0449826989619377,8.233618233618232,14.178200692041523,8.63862500934842e-08,78,5.413848971541279,6.66447684780944e-10,3.9378914985344954e-08,J1:ALA906:hydrophobic AND J1:ARG1007:hydrophobic AND J1:LEU881 AND J1:LEU959 AND J1:VAL889:hydrophobic,5,73,14,6,53,59,0.1917808219178082,0.0489510489510489,0.1025089605734767,1.8708688571702268,2.132976071784646,0.0174391935446083,0.2222474848940732,-0.0067423200442437,0.228989804938317,0.3170181010481114,137763.5,8.089199159866152e-09,1,1,0,0,0,1.0,0.1666666666666666,0.0057142857142857,175.0,inf,0.0057142857142857,6.138864468864469,0.2749940518677135,1.2559300348774034,4.887903225806451,True,True,,False
J1:ALA906:hydrophobic AND J1:ARG1007:hydrophobic AND J1:LEU881 AND J1:LEU959 AND J1:VAL889,5,J1:ALA906:hydrophobic|J1:ARG1007:hydrophobic|J1:LEU881|J1:LEU959|J1:VAL889,beam_5,78,19,59,12,47,0.2435897435897435,0.1043956043956044,0.0449938195302843,5.413848971541279,7.515441405843818,6.66447684780944e-10,17.813306260715585,True,3.9378914985344954e-08,True,J1:ALA906:hydrophobic AND J1:ARG1007:hydrophobic AND J1:LEU881 AND J1:LEU959 AND J1:VAL889,5,holdout,42,27,10,17,2,15,0.3703703703703703,0.1282051282051282,0.0449826989619377,8.233618233618232,14.178200692041523,8.63862500934842e-08,78,5.413848971541279,6.66447684780944e-10,3.9378914985344954e-08,J1:ALA906:hydrophobic AND J1:ARG1007:hydrophobic AND J1:LEU881 AND J1:LEU959 AND J1:VAL889,5,73,14,6,53,59,0.1917808219178082,0.0489510489510489,0.1025089605734767,1.8708688571702268,2.132976071784646,0.0174391935446083,0.2222474848940732,-0.0067423200442437,0.228989804938317,0.3170181010481114,137763.5,8.089199159866152e-09,1,1,0,0,0,1.0,0.1666666666666666,0.0057142857142857,175.0,inf,0.0057142857142857,6.138864468864469,0.2749940518677135,1.2559300348774034,4.887903225806451,True,True,,False
J1:ALA906 AND J1:ARG1007:hydrophobic AND J1:LEU881 AND J1:LEU959 AND J1:VAL889,5,J1:ALA906|J1:ARG1007:hydrophobic|J1:LEU881|J1:LEU959|J1:VAL889,beam_5,78,19,59,12,47,0.2435897435897435,0.1043956043956044,0.0449938195302843,5.413848971541279,7.515441405843818,6.66447684780944e-10,17.813306260715585,True,3.9378914985344954e-08,True,J1:ALA906 AND J1:ARG1007:hydrophobic AND J1:LEU881 AND J1:LEU959 AND J1:VAL889,5,holdout,42,27,10,17,2,15,0.3703703703703703,0.1282051282051282,0.0449826989619377,8.233618233618232,14.178200692041523,8.63862500934842e-08,78,5.413848971541279,6.66447684780944e-10,3.9378914985344954e-08,J1:ALA906 AND J1:ARG1007:hydrophobic AND J1:LEU881 AND J1:LEU959 AND J1:VAL889,5,73,14,6,53,59,0.1917808219178082,0.0489510489510489,0.1025089605734767,1.8708688571702268,2.132976071784646,0.0174391935446083,0.2222474848940732,-0.0067423200442437,0.228989804938317,0.3170181010481114,137763.5,8.089199159866152e-09,1,1,0,0,0,1.0,0.1666666666666666,0.0057142857142857,175.0,inf,0.0057142857142857,6.138864468864469,0.2749940518677135,1.2559300348774034,4.887903225806451,True,True,,False
J1:ALA906 AND J1:ARG1007:hydrophobic AND J1:LEU881 AND J1:LEU959 AND J1:VAL889:hydrophobic,5,J1:ALA906|J1:ARG1007:hydrophobic|J1:LEU881|J1:LEU959|J1:VAL889:hydrophobic,beam_5,78,19,59,12,47,0.2435897435897435,0.1043956043956044,0.0449938195302843,5.413848971541279,7.515441405843818,6.66447684780944e-10,17.813306260715585,True,3.9378914985344954e-08,True,J1:ALA906 AND J1:ARG1007:hydrophobic AND J1:LEU881 AND J1:LEU959 AND J1:VAL889:hydrophobic,5,holdout,42,27,10,17,2,15,0.3703703703703703,0.1282051282051282,0.0449826989619377,8.233618233618232,14.178200692041523,8.63862500934842e-08,78,5.413848971541279,6.66447684780944e-10,3.9378914985344954e-08,J1:ALA906 AND J1:ARG1007:hydrophobic AND J1:LEU881 AND J1:LEU959 AND J1:VAL889:hydrophobic,5,73,14,6,53,59,0.1917808219178082,0.0489510489510489,0.1025089605734767,1.8708688571702268,2.132976071784646,0.0174391935446083,0.2222474848940732,-0.0067423200442437,0.228989804938317,0.3170181010481114,137763.5,8.089199159866152e-09,1,1,0,0,0,1.0,0.1666666666666666,0.0057142857142857,175.0,inf,0.0057142857142857,6.138864468864469,0.2749940518677135,1.2559300348774034,4.887903225806451,True,True,,False
J1:ALA906:hydrophobic AND J1:ARG1007 AND J1:LEU881:hydrophobic AND J1:LEU959:hydrogen_bond AND J1:VAL889,5,J1:ALA906:hydrophobic|J1:ARG1007|J1:LEU881:hydrophobic|J1:LEU959:hydrogen_bond|J1:VAL889,beam_5,157,28,129,26,103,0.1783439490445859,0.1538461538461538,0.0449938195302843,3.96374326310632,5.262861169837914,1.3388068599529614e-10,20.80819594735419,True,9.478639350127856e-09,True,J1:ALA906:hydrophobic AND J1:ARG1007 AND J1:LEU881:hydrophobic AND J1:LEU959:hydrogen_bond AND J1:VAL889,5,holdout,42,59,12,47,9,38,0.2033898305084746,0.1538461538461538,0.0449826989619377,4.5215123859191655,6.224371373307544,5.952557375811011e-06,157,3.96374326310632,1.3388068599529614e-10,9.478639350127856e-09,J1:ALA906:hydrophobic AND J1:ARG1007 AND J1:LEU881:hydrophobic AND J1:LEU959:hydrogen_bond AND J1:VAL889,5,240,45,9,186,195,0.1875,0.1573426573426573,0.1025089605734767,1.8291083916083912,2.210979891477817,2.919036604461285e-05,0.1738777165482347,-0.0171864584841252,0.1910641750323599,0.0,382505.0,7.626384360992082e-11,5,1,4,4,0,0.2,0.1666666666666666,0.0057142857142857,35.0,52.0,0.0283000984142171,4.116096866096866,0.3341941602559019,1.3884441581810003,2.964539007092198,True,True,,False
J1:ALA906 AND J1:ARG1007 AND J1:LEU881:hydrophobic AND J1:LEU959:hydrogen_bond AND J1:VAL889,5,J1:ALA906|J1:ARG1007|J1:LEU881:hydrophobic|J1:LEU959:hydrogen_bond|J1:VAL889,beam_5,157,28,129,26,103,0.1783439490445859,0.1538461538461538,0.0449938195302843,3.96374326310632,5.262861169837914,1.3388068599529614e-10,20.80819594735419,True,9.478639350127856e-09,True,J1:ALA906 AND J1:ARG1007 AND J1:LEU881:hydrophobic AND J1:LEU959:hydrogen_bond AND J1:VAL889,5,holdout,42,59,12,47,9,38,0.2033898305084746,0.1538461538461538,0.0449826989619377,4.5215123859191655,6.224371373307544,5.952557375811011e-06,157,3.96374326310632,1.3388068599529614e-10,9.478639350127856e-09,J1:ALA906 AND J1:ARG1007 AND J1:LEU881:hydrophobic AND J1:LEU959:hydrogen_bond AND J1:VAL889,5,240,45,9,186,195,0.1875,0.1573426573426573,0.1025089605734767,1.8291083916083912,2.210979891477817,2.919036604461285e-05,0.1738777165482347,-0.0171864584841252,0.1910641750323599,0.0,382505.0,7.626384360992082e-11,5,1,4,4,0,0.2,0.1666666666666666,0.0057142857142857,35.0,52.0,0.0283000984142171,4.116096866096866,0.3341941602559019,1.3884441581810003,2.964539007092198,True,True,,False
J1:ALA906 AND J1:ARG1007 AND J1:LEU881:hydrophobic AND J1:LEU959:hydrogen_bond AND J1:VAL889:hydrophobic,5,J1:ALA906|J1:ARG1007|J1:LEU881:hydrophobic|J1:LEU959:hydrogen_bond|J1:VAL889:hydrophobic,beam_5,157,28,129,26,103,0.1783439490445859,0.1538461538461538,0.0449938195302843,3.96374326310632,5.262861169837914,1.3388068599529614e-10,20.80819594735419,True,9.478639350127856e-09,True,J1:ALA906 AND J1:ARG1007 AND J1:LEU881:hydrophobic AND J1:LEU959:hydrogen_bond AND J1:VAL889:hydrophobic,5,holdout,42,59,12,47,9,38,0.2033898305084746,0.1538461538461538,0.0449826989619377,4.5215123859191655,6.224371373307544,5.952557375811011e-06,157,3.96374326310632,1.3388068599529614e-10,9.478639350127856e-09,J1:ALA906 AND J1:ARG1007 AND J1:LEU881:hydrophobic AND J1:LEU959:hydrogen_bond AND J1:VAL889:hydrophobic,5,240,45,9,186,195,0.1875,0.1573426573426573,0.1025089605734767,1.8291083916083912,2.210979891477817,2.919036604461285e-05,0.1738777165482347,-0.0171864584841252,0.1910641750323599,0.0,382505.0,7.626384360992082e-11,5,1,4,4,0,0.2,0.1666666666666666,0.0057142857142857,35.0,52.0,0.0283000984142171,4.116096866096866,0.3341941602559019,1.3884441581810003,2.964539007092198,True,True,,False
J1:ALA906:hydrophobic AND J1:ARG1007 AND J1:LEU881:hydrophobic AND J1:LEU959:hydrogen_bond AND J1:VAL889:hydrophobic,5,J1:ALA906:hydrophobic|J1:ARG1007|J1:LEU881:hydrophobic|J1:LEU959:hydrogen_bond|J1:VAL889:hydrophobic,beam_5,157,28,129,26,103,0.1783439490445859,0.1538461538461538,0.0449938195302843,3.96374326310632,5.262861169837914,1.3388068599529614e-10,20.80819594735419,True,9.478639350127856e-09,True,J1:ALA906:hydrophobic AND J1:ARG1007 AND J1:LEU881:hydrophobic AND J1:LEU959:hydrogen_bond AND J1:VAL889:hydrophobic,5,holdout,42,59,12,47,9,38,0.2033898305084746,0.1538461538461538,0.0449826989619377,4.5215123859191655,6.224371373307544,5.952557375811011e-06,157,3.96374326310632,1.3388068599529614e-10,9.478639350127856e-09,J1:ALA906:hydrophobic AND J1:ARG1007 AND J1:LEU881:hydrophobic AND J1:LEU959:hydrogen_bond AND J1:VAL889:hydrophobic,5,240,45,9,186,195,0.1875,0.1573426573426573,0.1025089605734767,1.8291083916083912,2.210979891477817,2.919036604461285e-05,0.1738777165482347,-0.0171864584841252,0.1910641750323599,0.0,382505.0,7.626384360992082e-11,5,1,4,4,0,0.2,0.1666666666666666,0.0057142857142857,35.0,52.0,0.0283000984142171,4.116096866096866,0.3341941602559019,1.3884441581810003,2.964539007092198,True,True,,False
J1:ALA906:hydrophobic AND J1:ARG1007:hydrophobic AND J1:LEU959:hydrogen_bond AND J1:VAL889,4,J1:ALA906:hydrophobic|J1:ARG1007:hydrophobic|J1:LEU959:hydrogen_bond|J1:VAL889,beam_4,79,19,60,14,46,0.240506329113924,0.1043956043956044,0.0449938195302843,5.3453192377243015,7.388241308793456,8.434931471542236e-10,17.775408680688788,True,4.8285296601539566e-08,True,J1:ALA906:hydrophobic AND J1:ARG1007:hydrophobic AND J1:LEU959:hydrogen_bond AND J1:VAL889,4,holdout,42,28,11,17,1,16,0.3928571428571428,0.141025641025641,0.0449826989619377,8.733516483516484,15.828797190517998,8.703263940260052e-09,79,5.3453192377243015,8.434931471542236e-10,4.8285296601539566e-08,J1:ALA906:hydrophobic AND J1:ARG1007:hydrophobic AND J1:LEU959:hydrogen_bond AND J1:VAL889,4,75,14,5,56,61,0.1866666666666666,0.0489510489510489,0.1025089605734767,1.820979020979021,2.061354869816779,0.0205227471862072,0.2129013165803528,-0.0066528235382944,0.2195541401186473,0.309178348796558,138402.0,6.821189448890686e-08,2,1,1,1,0,0.5,0.1666666666666666,0.0057142857142857,87.5,208.6,0.0114013346043851,6.231847591660675,0.2891292601412876,1.2324547071226857,5.056451612903225,True,True,,False
J1:ALA906 AND J1:ARG1007:hydrophobic AND J1:LEU959:hydrogen_bond AND J1:VAL889,4,J1:ALA906|J1:ARG1007:hydrophobic|J1:LEU959:hydrogen_bond|J1:VAL889,beam_4,79,19,60,14,46,0.240506329113924,0.1043956043956044,0.0449938195302843,5.3453192377243015,7.388241308793456,8.434931471542236e-10,17.775408680688788,True,4.8285296601539566e-08,True,J1:ALA906 AND J1:ARG1007:hydrophobic AND J1:LEU959:hydrogen_bond AND J1:VAL889,4,holdout,42,28,11,17,1,16,0.3928571428571428,0.141025641025641,0.0449826989619377,8.733516483516484,15.828797190517998,8.703263940260052e-09,79,5.3453192377243015,8.434931471542236e-10,4.8285296601539566e-08,J1:ALA906 AND J1:ARG1007:hydrophobic AND J1:LEU959:hydrogen_bond AND J1:VAL889,4,75,14,5,56,61,0.1866666666666666,0.0489510489510489,0.1025089605734767,1.820979020979021,2.061354869816779,0.0205227471862072,0.2129013165803528,-0.0066528235382944,0.2195541401186473,0.309178348796558,138402.0,6.821189448890686e-08,2,1,1,1,0,0.5,0.1666666666666666,0.0057142857142857,87.5,208.6,0.0114013346043851,6.231847591660675,0.2891292601412876,1.2324547071226857,5.056451612903225,True,True,,False
J1:ALA906:hydrophobic AND J1:ARG1007:hydrophobic AND J1:LEU959:hydrogen_bond AND J1:VAL889:hydrophobic,4,J1:ALA906:hydrophobic|J1:ARG1007:hydrophobic|J1:LEU959:hydrogen_bond|J1:VAL889:hydrophobic,beam_4,79,19,60,14,46,0.240506329113924,0.1043956043956044,0.0449938195302843,5.3453192377243015,7.388241308793456,8.434931471542236e-10,17.775408680688788,True,4.8285296601539566e-08,True,J1:ALA906:hydrophobic AND J1:ARG1007:hydrophobic AND J1:LEU959:hydrogen_bond AND J1:VAL889:hydrophobic,4,holdout,42,28,11,17,1,16,0.3928571428571428,0.141025641025641,0.0449826989619377,8.733516483516484,15.828797190517998,8.703263940260052e-09,79,5.3453192377243015,8.434931471542236e-10,4.8285296601539566e-08,J1:ALA906:hydrophobic AND J1:ARG1007:hydrophobic AND J1:LEU959:hydrogen_bond AND J1:VAL889:hydrophobic,4,75,14,5,56,61,0.1866666666666666,0.0489510489510489,0.1025089605734767,1.820979020979021,2.061354869816779,0.0205227471862072,0.2129013165803528,-0.0066528235382944,0.2195541401186473,0.309178348796558,138402.0,6.821189448890686e-08,2,1,1,1,0,0.5,0.1666666666666666,0.0057142857142857,87.5,208.6,0.0114013346043851,6.231847591660675,0.2891292601412876,1.2324547071226857,5.056451612903225,True,True,,False
J1:ALA906 AND J1:ARG1007:hydrophobic AND J1:LEU959:hydrogen_bond AND J1:VAL889:hydrophobic,4,J1:ALA906|J1:ARG1007:hydrophobic|J1:LEU959:hydrogen_bond|J1:VAL889:hydrophobic,beam_4,79,19,60,14,46,0.240506329113924,0.1043956043956044,0.0449938195302843,5.3453192377243015,7.388241308793456,8.434931471542236e-10,17.775408680688788,True,4.8285296601539566e-08,True,J1:ALA906 AND J1:ARG1007:hydrophobic AND J1:LEU959:hydrogen_bond AND J1:VAL889:hydrophobic,4,holdout,42,28,11,17,1,16,0.3928571428571428,0.141025641025641,0.0449826989619377,8.733516483516484,15.828797190517998,8.703263940260052e-09,79,5.3453192377243015,8.434931471542236e-10,4.8285296601539566e-08,J1:ALA906 AND J1:ARG1007:hydrophobic AND J1:LEU959:hydrogen_bond AND J1:VAL889:hydrophobic,4,75,14,5,56,61,0.1866666666666666,0.0489510489510489,0.1025089605734767,1.820979020979021,2.061354869816779,0.0205227471862072,0.2129013165803528,-0.0066528235382944,0.2195541401186473,0.309178348796558,138402.0,6.821189448890686e-08,2,1,1,1,0,0.5,0.1666666666666666,0.0057142857142857,87.5,208.6,0.0114013346043851,6.231847591660675,0.2891292601412876,1.2324547071226857,5.056451612903225,True,True,,False
J1:ALA906:hydrophobic AND J1:ARG1007 AND J1:LEU881 AND J1:LEU959:hydrogen_bond AND J1:VAL889:hydrophobic,5,J1:ALA906:hydrophobic|J1:ARG1007|J1:LEU881|J1:LEU959:hydrogen_bond|J1:VAL889:hydrophobic,beam_5,162,28,134,31,103,0.1728395061728395,0.1538461538461538,0.0449938195302843,3.8414055080721745,5.059701492537314,2.8875120861131484e-10,20.635875344626044,True,1.8542091033510474e-08,True,J1:ALA906:hydrophobic AND J1:ARG1007 AND J1:LEU881 AND J1:LEU959:hydrogen_bond AND J1:VAL889:hydrophobic,5,holdout,42,61,12,49,10,39,0.1967213114754098,0.1538461538461538,0.0449826989619377,4.373266078184111,5.962894248608534,8.610368239718975e-06,162,3.8414055080721745,2.8875120861131484e-10,1.8542091033510474e-08,J1:ALA906:hydrophobic AND J1:ARG1007 AND J1:LEU881 AND J1:LEU959:hydrogen_bond AND J1:VAL889:hydrophobic,5,243,45,10,188,198,0.1851851851851851,0.1573426573426573,0.1025089605734767,1.8065268065268063,2.174651075066013,3.578832144031573e-05,0.1686167075381794,-0.0169095709048765,0.1855262784430559,0.0,386706.5,6.404375769741585e-11,7,1,6,6,0,0.1428571428571428,0.1666666666666666,0.0057142857142857,25.0,34.6,0.0394316547855705,3.98689203173508,0.3791958338534615,1.3543987284841663,2.9436619718309855,True,True,,False
J1:ALA906:hydrophobic AND J1:ARG1007 AND J1:LEU881 AND J1:LEU959:hydrogen_bond AND J1:VAL889,5,J1:ALA906:hydrophobic|J1:ARG1007|J1:LEU881|J1:LEU959:hydrogen_bond|J1:VAL889,beam_5,162,28,134,31,103,0.1728395061728395,0.1538461538461538,0.0449938195302843,3.8414055080721745,5.059701492537314,2.8875120861131484e-10,20.635875344626044,True,1.8542091033510474e-08,True,J1:ALA906:hydrophobic AND J1:ARG1007 AND J1:LEU881 AND J1:LEU959:hydrogen_bond AND J1:VAL889,5,holdout,42,61,12,49,10,39,0.1967213114754098,0.1538461538461538,0.0449826989619377,4.373266078184111,5.962894248608534,8.610368239718975e-06,162,3.8414055080721745,2.8875120861131484e-10,1.8542091033510474e-08,J1:ALA906:hydrophobic AND J1:ARG1007 AND J1:LEU881 AND J1:LEU959:hydrogen_bond AND J1:VAL889,5,243,45,10,188,198,0.1851851851851851,0.1573426573426573,0.1025089605734767,1.8065268065268063,2.174651075066013,3.578832144031573e-05,0.1686167075381794,-0.0169095709048765,0.1855262784430559,0.0,386706.5,6.404375769741585e-11,7,1,6,6,0,0.1428571428571428,0.1666666666666666,0.0057142857142857,25.0,34.6,0.0394316547855705,3.98689203173508,0.3791958338534615,1.3543987284841663,2.9436619718309855,True,True,,False
J1:ALA906 AND J1:ARG1007 AND J1:LEU881 AND J1:LEU959:hydrogen_bond AND J1:VAL889:hydrophobic,5,J1:ALA906|J1:ARG1007|J1:LEU881|J1:LEU959:hydrogen_bond|J1:VAL889:hydrophobic,beam_5,162,28,134,31,103,0.1728395061728395,0.1538461538461538,0.0449938195302843,3.8414055080721745,5.059701492537314,2.8875120861131484e-10,20.635875344626044,True,1.8542091033510474e-08,True,J1:ALA906 AND J1:ARG1007 AND J1:LEU881 AND J1:LEU959:hydrogen_bond AND J1:VAL889:hydrophobic,5,holdout,42,61,12,49,10,39,0.1967213114754098,0.1538461538461538,0.0449826989619377,4.373266078184111,5.962894248608534,8.610368239718975e-06,162,3.8414055080721745,2.8875120861131484e-10,1.8542091033510474e-08,J1:ALA906 AND J1:ARG1007 AND J1:LEU881 AND J1:LEU959:hydrogen_bond AND J1:VAL889:hydrophobic,5,243,45,10,188,198,0.1851851851851851,0.1573426573426573,0.1025089605734767,1.8065268065268063,2.174651075066013,3.578832144031573e-05,0.1686167075381794,-0.0169095709048765,0.1855262784430559,0.0,386706.5,6.404375769741585e-11,7,1,6,6,0,0.1428571428571428,0.1666666666666666,0.0057142857142857,25.0,34.6,0.0394316547855705,3.98689203173508,0.3791958338534615,1.3543987284841663,2.9436619718309855,True,True,,False
J1:ALA906 AND J1:ARG1007 AND J1:LEU881 AND J1:LEU959:hydrogen_bond AND J1:VAL889,5,J1:ALA906|J1:ARG1007|J1:LEU881|J1:LEU959:hydrogen_bond|J1:VAL889,beam_5,162,28,134,31,103,0.1728395061728395,0.1538461538461538,0.0449938195302843,3.8414055080721745,5.059701492537314,2.8875120861131484e-10,20.635875344626044,True,1.8542091033510474e-08,True,J1:ALA906 AND J1:ARG1007 AND J1:LEU881 AND J1:LEU959:hydrogen_bond AND J1:VAL889,5,holdout,42,61,12,49,10,39,0.1967213114754098,0.1538461538461538,0.0449826989619377,4.373266078184111,5.962894248608534,8.610368239718975e-06,162,3.8414055080721745,2.8875120861131484e-10,1.8542091033510474e-08,J1:ALA906 AND J1:ARG1007 AND J1:LEU881 AND J1:LEU959:hydrogen_bond AND J1:VAL889,5,243,45,10,188,198,0.1851851851851851,0.1573426573426573,0.1025089605734767,1.8065268065268063,2.174651075066013,3.578832144031573e-05,0.1686167075381794,-0.0169095709048765,0.1855262784430559,0.0,386706.5,6.404375769741585e-11,7,1,6,6,0,0.1428571428571428,0.1666666666666666,0.0057142857142857,25.0,34.6,0.0394316547855705,3.98689203173508,0.3791958338534615,1.3543987284841663,2.9436619718309855,True,True,,False
J1:ALA906:hydrophobic AND J1:ARG1007:hydrophobic AND J1:LEU959 AND J1:VAL889,4,J1:ALA906:hydrophobic|J1:ARG1007:hydrophobic|J1:LEU959|J1:VAL889,beam_4,82,19,63,14,49,0.2317073170731707,0.1043956043956044,0.0449938195302843,5.149758777807559,7.030869607556724,1.6707674381098123e-09,17.660811789930097,True,8.941375943655037e-08,True,J1:ALA906:hydrophobic AND J1:ARG1007:hydrophobic AND J1:LEU959 AND J1:VAL889,4,holdout,42,29,11,18,2,16,0.3793103448275862,0.141025641025641,0.0449826989619377,8.43236074270557,14.940298507462687,1.3519872173806312e-08,82,5.149758777807559,1.6707674381098123e-09,8.941375943655037e-08,J1:ALA906:hydrophobic AND J1:ARG1007:hydrophobic AND J1:LEU959 AND J1:VAL889,4,79,14,6,59,65,0.1772151898734177,0.0489510489510489,0.1025089605734767,1.7287775515623616,1.9313348416289593,0.0363728594254086,0.2064151865662998,-0.0067877598309408,0.2132029463972407,0.309178348796558,145069.0,4.7103253588543234e-08,3,1,2,1,1,0.3333333333333333,0.1666666666666666,0.0057142857142857,58.33333333333333,104.2,0.0170612506276424,6.007276507276507,0.2972908668840146,1.2455278244751928,4.823076923076923,True,True,,False
J1:ALA906:hydrophobic AND J1:ARG1007:hydrophobic AND J1:LEU959 AND J1:VAL889:hydrophobic,4,J1:ALA906:hydrophobic|J1:ARG1007:hydrophobic|J1:LEU959|J1:VAL889:hydrophobic,beam_4,82,19,63,14,49,0.2317073170731707,0.1043956043956044,0.0449938195302843,5.149758777807559,7.030869607556724,1.6707674381098123e-09,17.660811789930097,True,8.941375943655037e-08,True,J1:ALA906:hydrophobic AND J1:ARG1007:hydrophobic AND J1:LEU959 AND J1:VAL889:hydrophobic,4,holdout,42,29,11,18,2,16,0.3793103448275862,0.141025641025641,0.0449826989619377,8.43236074270557,14.940298507462687,1.3519872173806312e-08,82,5.149758777807559,1.6707674381098123e-09,8.941375943655037e-08,J1:ALA906:hydrophobic AND J1:ARG1007:hydrophobic AND J1:LEU959 AND J1:VAL889:hydrophobic,4,79,14,6,59,65,0.1772151898734177,0.0489510489510489,0.1025089605734767,1.7287775515623616,1.9313348416289593,0.0363728594254086,0.2064151865662998,-0.0067877598309408,0.2132029463972407,0.309178348796558,145069.0,4.7103253588543234e-08,3,1,2,1,1,0.3333333333333333,0.1666666666666666,0.0057142857142857,58.33333333333333,104.2,0.0170612506276424,6.007276507276507,0.2972908668840146,1.2455278244751928,4.823076923076923,True,True,,False
J1:ALA906 AND J1:ARG1007:hydrophobic AND J1:LEU959 AND J1:VAL889,4,J1:ALA906|J1:ARG1007:hydrophobic|J1:LEU959|J1:VAL889,beam_4,82,19,63,14,49,0.2317073170731707,0.1043956043956044,0.0449938195302843,5.149758777807559,7.030869607556724,1.6707674381098123e-09,17.660811789930097,True,8.941375943655037e-08,True,J1:ALA906 AND J1:ARG1007:hydrophobic AND J1:LEU959 AND J1:VAL889,4,holdout,42,29,11,18,2,16,0.3793103448275862,0.141025641025641,0.0449826989619377,8.43236074270557,14.940298507462687,1.3519872173806312e-08,82,5.149758777807559,1.6707674381098123e-09,8.941375943655037e-08,J1:ALA906 AND J1:ARG1007:hydrophobic AND J1:LEU959 AND J1:VAL889,4,79,14,6,59,65,0.1772151898734177,0.0489510489510489,0.1025089605734767,1.7287775515623616,1.9313348416289593,0.0363728594254086,0.2064151865662998,-0.0067877598309408,0.2132029463972407,0.309178348796558,145069.0,4.7103253588543234e-08,3,1,2,1,1,0.3333333333333333,0.1666666666666666,0.0057142857142857,58.33333333333333,104.2,0.0170612506276424,6.007276507276507,0.2972908668840146,1.2455278244751928,4.823076923076923,True,True,,False
J1:ALA906 AND J1:ARG1007:hydrophobic AND J1:LEU959 AND J1:VAL889:hydrophobic,4,J1:ALA906|J1:ARG1007:hydrophobic|J1:LEU959|J1:VAL889:hydrophobic,beam_4,82,19,63,14,49,0.2317073170731707,0.1043956043956044,0.0449938195302843,5.149758777807559,7.030869607556724,1.6707674381098123e-09,17.660811789930097,True,8.941375943655037e-08,True,J1:ALA906 AND J1:ARG1007:hydrophobic AND J1:LEU959 AND J1:VAL889:hydrophobic,4,holdout,42,29,11,18,2,16,0.3793103448275862,0.141025641025641,0.0449826989619377,8.43236074270557,14.940298507462687,1.3519872173806312e-08,82,5.149758777807559,1.6707674381098123e-09,8.941375943655037e-08,J1:ALA906 AND J1:ARG1007:hydrophobic AND J1:LEU959 AND J1:VAL889:hydrophobic,4,79,14,6,59,65,0.1772151898734177,0.0489510489510489,0.1025089605734767,1.7287775515623616,1.9313348416289593,0.0363728594254086,0.2064151865662998,-0.0067877598309408,0.2132029463972407,0.309178348796558,145069.0,4.7103253588543234e-08,3,1,2,1,1,0.3333333333333333,0.1666666666666666,0.0057142857142857,58.33333333333333,104.2,0.0170612506276424,6.007276507276507,0.2972908668840146,1.2455278244751928,4.823076923076923,True,True,,False
J1:ALA906 AND J1:ARG1007:hydrophobic AND J1:LEU1010 AND J1:LEU881:hydrophobic AND J1:LEU959:hydrogen_bond,5,J1:ALA906|J1:ARG1007:hydrophobic|J1:LEU1010|J1:LEU881:hydrophobic|J1:LEU959:hydrogen_bond,beam_5,101,21,80,17,63,0.2079207920792079,0.1153846153846153,0.0449938195302843,4.621096725057121,6.167934782608696,1.853778862335149e-09,18.28438253965317,True,9.741757009318083e-08,True,J1:ALA906 AND J1:ARG1007:hydrophobic AND J1:LEU1010 AND J1:LEU881:hydrophobic AND J1:LEU959:hydrogen_bond,5,holdout,42,39,12,27,1,26,0.3076923076923077,0.1538461538461538,0.0449826989619377,6.840236686390533,10.969696969696969,4.3079846043019635e-08,101,4.621096725057121,1.853778862335149e-09,9.741757009318083e-08,J1:ALA906 AND J1:ARG1007:hydrophobic AND J1:LEU1010 AND J1:LEU881:hydrophobic AND J1:LEU959:hydrogen_bond,5,91,16,3,72,75,0.1758241758241758,0.0559440559440559,0.1025089605734767,1.715207869054023,1.91920987654321,0.0323936560967815,0.2324876426484564,-0.0086147434768256,0.2411023861252821,0.146128035678238,164722.0,1.8181463047057065e-08,2,1,1,0,1,0.5,0.1666666666666666,0.0057142857142857,87.5,208.6,0.0114013346043851,5.239203296703296,0.2651728357295809,1.3521504810978495,3.874719101123595,True,True,,False
J1:ALA906:hydrophobic AND J1:ARG1007:hydrophobic AND J1:LEU1010 AND J1:LEU881:hydrophobic AND J1:LEU959:hydrogen_bond,5,J1:ALA906:hydrophobic|J1:ARG1007:hydrophobic|J1:LEU1010|J1:LEU881:hydrophobic|J1:LEU959:hydrogen_bond,beam_5,101,21,80,17,63,0.2079207920792079,0.1153846153846153,0.0449938195302843,4.621096725057121,6.167934782608696,1.853778862335149e-09,18.28438253965317,True,9.741757009318083e-08,True,J1:ALA906:hydrophobic AND J1:ARG1007:hydrophobic AND J1:LEU1010 AND J1:LEU881:hydrophobic AND J1:LEU959:hydrogen_bond,5,holdout,42,39,12,27,1,26,0.3076923076923077,0.1538461538461538,0.0449826989619377,6.840236686390533,10.969696969696969,4.3079846043019635e-08,101,4.621096725057121,1.853778862335149e-09,9.741757009318083e-08,J1:ALA906:hydrophobic AND J1:ARG1007:hydrophobic AND J1:LEU1010 AND J1:LEU881:hydrophobic AND J1:LEU959:hydrogen_bond,5,91,16,3,72,75,0.1758241758241758,0.0559440559440559,0.1025089605734767,1.715207869054023,1.91920987654321,0.0323936560967815,0.2324876426484564,-0.0086147434768256,0.2411023861252821,0.146128035678238,164722.0,1.8181463047057065e-08,2,1,1,0,1,0.5,0.1666666666666666,0.0057142857142857,87.5,208.6,0.0114013346043851,5.239203296703296,0.2651728357295809,1.3521504810978495,3.874719101123595,True,True,,False
J1:ALA906 AND J1:ARG1007:hydrophobic AND J1:LEU1010:hydrophobic AND J1:LEU881:hydrophobic AND J1:LEU959:hydrogen_bond,5,J1:ALA906|J1:ARG1007:hydrophobic|J1:LEU1010:hydrophobic|J1:LEU881:hydrophobic|J1:LEU959:hydrogen_bond,beam_5,101,21,80,17,63,0.2079207920792079,0.1153846153846153,0.0449938195302843,4.621096725057121,6.167934782608696,1.853778862335149e-09,18.28438253965317,True,9.741757009318083e-08,True,J1:ALA906 AND J1:ARG1007:hydrophobic AND J1:LEU1010:hydrophobic AND J1:LEU881:hydrophobic AND J1:LEU959:hydrogen_bond,5,holdout,42,39,12,27,1,26,0.3076923076923077,0.1538461538461538,0.0449826989619377,6.840236686390533,10.969696969696969,4.3079846043019635e-08,101,4.621096725057121,1.853778862335149e-09,9.741757009318083e-08,J1:ALA906 AND J1:ARG1007:hydrophobic AND J1:LEU1010:hydrophobic AND J1:LEU881:hydrophobic AND J1:LEU959:hydrogen_bond,5,91,16,3,72,75,0.1758241758241758,0.0559440559440559,0.1025089605734767,1.715207869054023,1.91920987654321,0.0323936560967815,0.2324876426484564,-0.0086147434768256,0.2411023861252821,0.146128035678238,164722.0,1.8181463047057065e-08,2,1,1,0,1,0.5,0.1666666666666666,0.0057142857142857,87.5,208.6,0.0114013346043851,5.239203296703296,0.2651728357295809,1.3521504810978495,3.874719101123595,True,True,,False
J1:ALA906:hydrophobic AND J1:ARG1007 AND J1:LEU1010 AND J1:LEU959:hydrogen_bond AND J2:LEU855:hydrophobic,5,J1:ALA906:hydrophobic|J1:ARG1007|J1:LEU1010|J1:LEU959:hydrogen_bond|J2:LEU855:hydrophobic,beam_5,192,28,164,35,129,0.1458333333333333,0.1538461538461538,0.0449938195302843,3.241185897435898,4.100886917960088,1.5786196760050654e-08,19.55420613210221,True,6.554843857415702e-07,True,J1:ALA906:hydrophobic AND J1:ARG1007 AND J1:LEU1010 AND J1:LEU959:hydrogen_bond AND J2:LEU855:hydrophobic,5,holdout,42,86,16,70,18,52,0.1860465116279069,0.2051282051282051,0.0449826989619377,4.135957066189624,5.847004608294931,4.794449959254433e-07,192,3.241185897435898,1.5786196760050654e-08,6.554843857415702e-07,J1:ALA906:hydrophobic AND J1:ARG1007 AND J1:LEU1010 AND J1:LEU959:hydrogen_bond AND J2:LEU855:hydrophobic,5,273,48,8,217,225,0.1758241758241758,0.1678321678321678,0.1025089605734767,1.715207869054023,2.0428011204481793,8.665782237331542e-05,0.1682347107981837,-0.0190794172470588,0.1873141280452425,0.0,428341.0,1.0090131182626626e-11,13,2,11,9,2,0.1538461538461538,0.3333333333333333,0.0057142857142857,26.923076923076923,46.95454545454545,0.0020656446938343,3.5179302711676805,0.393201926681353,1.384831185474881,2.5403314917127067,True,True,,False
J1:ALA906:hydrophobic AND J1:ARG1007:hydrophobic AND J1:LEU1010:hydrophobic AND J1:LEU881:hydrophobic AND J1:LEU959:hydrogen_bond,5,J1:ALA906:hydrophobic|J1:ARG1007:hydrophobic|J1:LEU1010:hydrophobic|J1:LEU881:hydrophobic|J1:LEU959:hydrogen_bond,beam_5,101,21,80,17,63,0.2079207920792079,0.1153846153846153,0.0449938195302843,4.621096725057121,6.167934782608696,1.853778862335149e-09,18.28438253965317,True,9.741757009318083e-08,True,J1:ALA906:hydrophobic AND J1:ARG1007:hydrophobic AND J1:LEU1010:hydrophobic AND J1:LEU881:hydrophobic AND J1:LEU959:hydrogen_bond,5,holdout,42,39,12,27,1,26,0.3076923076923077,0.1538461538461538,0.0449826989619377,6.840236686390533,10.969696969696969,4.3079846043019635e-08,101,4.621096725057121,1.853778862335149e-09,9.741757009318083e-08,J1:ALA906:hydrophobic AND J1:ARG1007:hydrophobic AND J1:LEU1010:hydrophobic AND J1:LEU881:hydrophobic AND J1:LEU959:hydrogen_bond,5,91,16,3,72,75,0.1758241758241758,0.0559440559440559,0.1025089605734767,1.715207869054023,1.91920987654321,0.0323936560967815,0.2324876426484564,-0.0086147434768256,0.2411023861252821,0.146128035678238,164722.0,1.8181463047057065e-08,2,1,1,0,1,0.5,0.1666666666666666,0.0057142857142857,87.5,208.6,0.0114013346043851,5.239203296703296,0.2651728357295809,1.3521504810978495,3.874719101123595,True,True,,False
J1:ALA906:hydrophobic AND J1:ARG1007 AND J1:LEU1010:hydrophobic AND J1:LEU959:hydrogen_bond AND J2:LEU855:hydrophobic,5,J1:ALA906:hydrophobic|J1:ARG1007|J1:LEU1010:hydrophobic|J1:LEU959:hydrogen_bond|J2:LEU855:hydrophobic,beam_5,192,28,164,35,129,0.1458333333333333,0.1538461538461538,0.0449938195302843,3.241185897435898,4.100886917960088,1.5786196760050654e-08,19.55420613210221,True,6.554843857415702e-07,True,J1:ALA906:hydrophobic AND J1:ARG1007 AND J1:LEU1010:hydrophobic AND J1:LEU959:hydrogen_bond AND J2:LEU855:hydrophobic,5,holdout,42,86,16,70,18,52,0.1860465116279069,0.2051282051282051,0.0449826989619377,4.135957066189624,5.847004608294931,4.794449959254433e-07,192,3.241185897435898,1.5786196760050654e-08,6.554843857415702e-07,J1:ALA906:hydrophobic AND J1:ARG1007 AND J1:LEU1010:hydrophobic AND J1:LEU959:hydrogen_bond AND J2:LEU855:hydrophobic,5,273,48,8,217,225,0.1758241758241758,0.1678321678321678,0.1025089605734767,1.715207869054023,2.0428011204481793,8.665782237331542e-05,0.1682347107981837,-0.0190794172470588,0.1873141280452425,0.0,428341.0,1.0090131182626626e-11,13,2,11,9,2,0.1538461538461538,0.3333333333333333,0.0057142857142857,26.923076923076923,46.95454545454545,0.0020656446938343,3.5179302711676805,0.393201926681353,1.384831185474881,2.5403314917127067,True,True,,False
J1:ALA906 AND J1:ARG1007 AND J1:LEU1010 AND J1:LEU959:hydrogen_bond AND J2:LEU855:hydrophobic,5,J1:ALA906|J1:ARG1007|J1:LEU1010|J1:LEU959:hydrogen_bond|J2:LEU855:hydrophobic,beam_5,192,28,164,35,129,0.1458333333333333,0.1538461538461538,0.0449938195302843,3.241185897435898,4.100886917960088,1.5786196760050654e-08,19.55420613210221,True,6.554843857415702e-07,True,J1:ALA906 AND J1:ARG1007 AND J1:LEU1010 AND J1:LEU959:hydrogen_bond AND J2:LEU855:hydrophobic,5,holdout,42,86,16,70,18,52,0.1860465116279069,0.2051282051282051,0.0449826989619377,4.135957066189624,5.847004608294931,4.794449959254433e-07,192,3.241185897435898,1.5786196760050654e-08,6.554843857415702e-07,J1:ALA906 AND J1:ARG1007 AND J1:LEU1010 AND J1:LEU959:hydrogen_bond AND J2:LEU855:hydrophobic,5,273,48,8,217,225,0.1758241758241758,0.1678321678321678,0.1025089605734767,1.715207869054023,2.0428011204481793,8.665782237331542e-05,0.1682347107981837,-0.0190794172470588,0.1873141280452425,0.0,428341.0,1.0090131182626626e-11,13,2,11,9,2,0.1538461538461538,0.3333333333333333,0.0057142857142857,26.923076923076923,46.95454545454545,0.0020656446938343,3.5179302711676805,0.393201926681353,1.384831185474881,2.5403314917127067,True,True,,False
J1:ALA906 AND J1:ARG1007 AND J1:LEU1010:hydrophobic AND J1:LEU959:hydrogen_bond AND J2:LEU855:hydrophobic,5,J1:ALA906|J1:ARG1007|J1:LEU1010:hydrophobic|J1:LEU959:hydrogen_bond|J2:LEU855:hydrophobic,beam_5,192,28,164,35,129,0.1458333333333333,0.1538461538461538,0.0449938195302843,3.241185897435898,4.100886917960088,1.5786196760050654e-08,19.55420613210221,True,6.554843857415702e-07,True,J1:ALA906 AND J1:ARG1007 AND J1:LEU1010:hydrophobic AND J1:LEU959:hydrogen_bond AND J2:LEU855:hydrophobic,5,holdout,42,86,16,70,18,52,0.1860465116279069,0.2051282051282051,0.0449826989619377,4.135957066189624,5.847004608294931,4.794449959254433e-07,192,3.241185897435898,1.5786196760050654e-08,6.554843857415702e-07,J1:ALA906 AND J1:ARG1007 AND J1:LEU1010:hydrophobic AND J1:LEU959:hydrogen_bond AND J2:LEU855:hydrophobic,5,273,48,8,217,225,0.1758241758241758,0.1678321678321678,0.1025089605734767,1.715207869054023,2.0428011204481793,8.665782237331542e-05,0.1682347107981837,-0.0190794172470588,0.1873141280452425,0.0,428341.0,1.0090131182626626e-11,13,2,11,9,2,0.1538461538461538,0.3333333333333333,0.0057142857142857,26.923076923076923,46.95454545454545,0.0020656446938343,3.5179302711676805,0.393201926681353,1.384831185474881,2.5403314917127067,True,True,,False
J1:ALA906:hydrophobic AND J1:ARG1007 AND J1:LEU1010:hydrophobic AND J1:LEU959:hydrogen_bond AND J2:LEU855,5,J1:ALA906:hydrophobic|J1:ARG1007|J1:LEU1010:hydrophobic|J1:LEU959:hydrogen_bond|J2:LEU855,beam_5,194,28,166,37,129,0.1443298969072164,0.1538461538461538,0.0449938195302843,3.207771609833465,4.049288061336254,1.996465688909974e-08,19.479423160734463,True,8.116254080754744e-07,True,J1:ALA906:hydrophobic AND J1:ARG1007 AND J1:LEU1010:hydrophobic AND J1:LEU959:hydrogen_bond AND J2:LEU855,5,holdout,42,87,16,71,18,53,0.1839080459770115,0.2051282051282051,0.0449826989619377,4.0884173297966395,5.761017719218537,5.669545798577882e-07,194,3.207771609833465,1.996465688909974e-08,8.116254080754744e-07,J1:ALA906:hydrophobic AND J1:ARG1007 AND J1:LEU1010:hydrophobic AND J1:LEU959:hydrogen_bond AND J2:LEU855,5,282,49,8,225,233,0.1737588652482269,0.1713286713286713,0.1025089605734767,1.695060258890046,2.015157277122834,0.0001075463488227,0.1654909175085049,-0.0194430844897692,0.1849340019982742,0.0,439138.5,1.321220943922937e-11,14,2,12,10,2,0.1428571428571428,0.3333333333333333,0.0057142857142857,25.0,43.0,0.0024037600113818,3.480372296742403,0.4036834391296507,1.3776158286366191,2.526373626373626,True,True,,False
J1:ALA906 AND J1:ARG1007 AND J1:LEU1010 AND J1:LEU959:hydrogen_bond AND J2:LEU855,5,J1:ALA906|J1:ARG1007|J1:LEU1010|J1:LEU959:hydrogen_bond|J2:LEU855,beam_5,194,28,166,37,129,0.1443298969072164,0.1538461538461538,0.0449938195302843,3.207771609833465,4.049288061336254,1.996465688909974e-08,19.479423160734463,True,8.116254080754744e-07,True,J1:ALA906 AND J1:ARG1007 AND J1:LEU1010 AND J1:LEU959:hydrogen_bond AND J2:LEU855,5,holdout,42,87,16,71,18,53,0.1839080459770115,0.2051282051282051,0.0449826989619377,4.0884173297966395,5.761017719218537,5.669545798577882e-07,194,3.207771609833465,1.996465688909974e-08,8.116254080754744e-07,J1:ALA906 AND J1:ARG1007 AND J1:LEU1010 AND J1:LEU959:hydrogen_bond AND J2:LEU855,5,282,49,8,225,233,0.1737588652482269,0.1713286713286713,0.1025089605734767,1.695060258890046,2.015157277122834,0.0001075463488227,0.1654909175085049,-0.0194430844897692,0.1849340019982742,0.0,439138.5,1.321220943922937e-11,14,2,12,10,2,0.1428571428571428,0.3333333333333333,0.0057142857142857,25.0,43.0,0.0024037600113818,3.480372296742403,0.4036834391296507,1.3776158286366191,2.526373626373626,True,True,,False
J1:ALA906:hydrophobic AND J1:ARG1007 AND J1:LEU1010 AND J1:LEU959:hydrogen_bond AND J2:LEU855,5,J1:ALA906:hydrophobic|J1:ARG1007|J1:LEU1010|J1:LEU959:hydrogen_bond|J2:LEU855,beam_5,194,28,166,37,129,0.1443298969072164,0.1538461538461538,0.0449938195302843,3.207771609833465,4.049288061336254,1.996465688909974e-08,19.479423160734463,True,8.116254080754744e-07,True,J1:ALA906:hydrophobic AND J1:ARG1007 AND J1:LEU1010 AND J1:LEU959:hydrogen_bond AND J2:LEU855,5,holdout,42,87,16,71,18,53,0.1839080459770115,0.2051282051282051,0.0449826989619377,4.0884173297966395,5.761017719218537,5.669545798577882e-07,194,3.207771609833465,1.996465688909974e-08,8.116254080754744e-07,J1:ALA906:hydrophobic AND J1:ARG1007 AND J1:LEU1010 AND J1:LEU959:hydrogen_bond AND J2:LEU855,5,282,49,8,225,233,0.1737588652482269,0.1713286713286713,0.1025089605734767,1.695060258890046,2.015157277122834,0.0001075463488227,0.1654909175085049,-0.0194430844897692,0.1849340019982742,0.0,439138.5,1.321220943922937e-11,14,2,12,10,2,0.1428571428571428,0.3333333333333333,0.0057142857142857,25.0,43.0,0.0024037600113818,3.480372296742403,0.4036834391296507,1.3776158286366191,2.526373626373626,True,True,,False
J1:ALA906 AND J1:ARG1007 AND J1:LEU1010:hydrophobic AND J1:LEU959:hydrogen_bond AND J2:LEU855,5,J1:ALA906|J1:ARG1007|J1:LEU1010:hydrophobic|J1:LEU959:hydrogen_bond|J2:LEU855,beam_5,194,28,166,37,129,0.1443298969072164,0.1538461538461538,0.0449938195302843,3.207771609833465,4.049288061336254,1.996465688909974e-08,19.479423160734463,True,8.116254080754744e-07,True,J1:ALA906 AND J1:ARG1007 AND J1:LEU1010:hydrophobic AND J1:LEU959:hydrogen_bond AND J2:LEU855,5,holdout,42,87,16,71,18,53,0.1839080459770115,0.2051282051282051,0.0449826989619377,4.0884173297966395,5.761017719218537,5.669545798577882e-07,194,3.207771609833465,1.996465688909974e-08,8.116254080754744e-07,J1:ALA906 AND J1:ARG1007 AND J1:LEU1010:hydrophobic AND J1:LEU959:hydrogen_bond AND J2:LEU855,5,282,49,8,225,233,0.1737588652482269,0.1713286713286713,0.1025089605734767,1.695060258890046,2.015157277122834,0.0001075463488227,0.1654909175085049,-0.0194430844897692,0.1849340019982742,0.0,439138.5,1.321220943922937e-11,14,2,12,10,2,0.1428571428571428,0.3333333333333333,0.0057142857142857,25.0,43.0,0.0024037600113818,3.480372296742403,0.4036834391296507,1.3776158286366191,2.526373626373626,True,True,,False
J1:ALA906 AND J1:ARG1007:hydrophobic AND J1:LEU1010 AND J1:LEU881 AND J1:LEU959:hydrogen_bond,5,J1:ALA906|J1:ARG1007:hydrophobic|J1:LEU1010|J1:LEU881|J1:LEU959:hydrogen_bond,beam_5,101,21,80,17,63,0.2079207920792079,0.1153846153846153,0.0449938195302843,4.621096725057121,6.167934782608696,1.853778862335149e-09,18.28438253965317,True,9.741757009318083e-08,True,J1:ALA906 AND J1:ARG1007:hydrophobic AND J1:LEU1010 AND J1:LEU881 AND J1:LEU959:hydrogen_bond,5,holdout,42,40,12,28,1,27,0.3,0.1538461538461538,0.0449826989619377,6.669230769230769,10.571428571428571,5.93474165598848e-08,101,4.621096725057121,1.853778862335149e-09,9.741757009318083e-08,J1:ALA906 AND J1:ARG1007:hydrophobic AND J1:LEU1010 AND J1:LEU881 AND J1:LEU959:hydrogen_bond,5,93,16,3,74,77,0.1720430107526881,0.0559440559440559,0.1025089605734767,1.6783216783216783,1.867821067821068,0.0348780241074136,0.2404338864832677,-0.0090675449039254,0.2495014313871931,0.1477296151770393,169444.0,4.890790055427843e-09,2,1,1,0,1,0.5,0.1666666666666666,0.0057142857142857,87.5,208.6,0.0114013346043851,5.202045826513912,0.2632921773201512,1.3576457137487374,3.831666666666666,True,True,,False
J1:ALA906:hydrophobic AND J1:ARG1007:hydrophobic AND J1:LEU1010:hydrophobic AND J1:LEU881 AND J1:LEU959:hydrogen_bond,5,J1:ALA906:hydrophobic|J1:ARG1007:hydrophobic|J1:LEU1010:hydrophobic|J1:LEU881|J1:LEU959:hydrogen_bond,beam_5,101,21,80,17,63,0.2079207920792079,0.1153846153846153,0.0449938195302843,4.621096725057121,6.167934782608696,1.853778862335149e-09,18.28438253965317,True,9.741757009318083e-08,True,J1:ALA906:hydrophobic AND J1:ARG1007:hydrophobic AND J1:LEU1010:hydrophobic AND J1:LEU881 AND J1:LEU959:hydrogen_bond,5,holdout,42,40,12,28,1,27,0.3,0.1538461538461538,0.0449826989619377,6.669230769230769,10.571428571428571,5.93474165598848e-08,101,4.621096725057121,1.853778862335149e-09,9.741757009318083e-08,J1:ALA906:hydrophobic AND J1:ARG1007:hydrophobic AND J1:LEU1010:hydrophobic AND J1:LEU881 AND J1:LEU959:hydrogen_bond,5,93,16,3,74,77,0.1720430107526881,0.0559440559440559,0.1025089605734767,1.6783216783216783,1.867821067821068,0.0348780241074136,0.2404338864832677,-0.0090675449039254,0.2495014313871931,0.1477296151770393,169444.0,4.890790055427843e-09,2,1,1,0,1,0.5,0.1666666666666666,0.0057142857142857,87.5,208.6,0.0114013346043851,5.202045826513912,0.2632921773201512,1.3576457137487374,3.831666666666666,True,True,,False
J1:ALA906:hydrophobic AND J1:ARG1007:hydrophobic AND J1:LEU1010 AND J1:LEU881 AND J1:LEU959:hydrogen_bond,5,J1:ALA906:hydrophobic|J1:ARG1007:hydrophobic|J1:LEU1010|J1:LEU881|J1:LEU959:hydrogen_bond,beam_5,101,21,80,17,63,0.2079207920792079,0.1153846153846153,0.0449938195302843,4.621096725057121,6.167934782608696,1.853778862335149e-09,18.28438253965317,True,9.741757009318083e-08,True,J1:ALA906:hydrophobic AND J1:ARG1007:hydrophobic AND J1:LEU1010 AND J1:LEU881 AND J1:LEU959:hydrogen_bond,5,holdout,42,40,12,28,1,27,0.3,0.1538461538461538,0.0449826989619377,6.669230769230769,10.571428571428571,5.93474165598848e-08,101,4.621096725057121,1.853778862335149e-09,9.741757009318083e-08,J1:ALA906:hydrophobic AND J1:ARG1007:hydrophobic AND J1:LEU1010 AND J1:LEU881 AND J1:LEU959:hydrogen_bond,5,93,16,3,74,77,0.1720430107526881,0.0559440559440559,0.1025089605734767,1.6783216783216783,1.867821067821068,0.0348780241074136,0.2404338864832677,-0.0090675449039254,0.2495014313871931,0.1477296151770393,169444.0,4.890790055427843e-09,2,1,1,0,1,0.5,0.1666666666666666,0.0057142857142857,87.5,208.6,0.0114013346043851,5.202045826513912,0.2632921773201512,1.3576457137487374,3.831666666666666,True,True,,False
J1:ALA906 AND J1:ARG1007:hydrophobic AND J1:LEU1010:hydrophobic AND J1:LEU881 AND J1:LEU959:hydrogen_bond,5,J1:ALA906|J1:ARG1007:hydrophobic|J1:LEU1010:hydrophobic|J1:LEU881|J1:LEU959:hydrogen_bond,beam_5,101,21,80,17,63,0.2079207920792079,0.1153846153846153,0.0449938195302843,4.621096725057121,6.167934782608696,1.853778862335149e-09,18.28438253965317,True,9.741757009318083e-08,True,J1:ALA906 AND J1:ARG1007:hydrophobic AND J1:LEU1010:hydrophobic AND J1:LEU881 AND J1:LEU959:hydrogen_bond,5,holdout,42,40,12,28,1,27,0.3,0.1538461538461538,0.0449826989619377,6.669230769230769,10.571428571428571,5.93474165598848e-08,101,4.621096725057121,1.853778862335149e-09,9.741757009318083e-08,J1:ALA906 AND J1:ARG1007:hydrophobic AND J1:LEU1010:hydrophobic AND J1:LEU881 AND J1:LEU959:hydrogen_bond,5,93,16,3,74,77,0.1720430107526881,0.0559440559440559,0.1025089605734767,1.6783216783216783,1.867821067821068,0.0348780241074136,0.2404338864832677,-0.0090675449039254,0.2495014313871931,0.1477296151770393,169444.0,4.890790055427843e-09,2,1,1,0,1,0.5,0.1666666666666666,0.0057142857142857,87.5,208.6,0.0114013346043851,5.202045826513912,0.2632921773201512,1.3576457137487374,3.831666666666666,True,True,,False
J1:ARG1007 AND J1:LEU959:hydrogen_bond AND J2:LEU855:hydrophobic AND J2:TYR931,4,J1:ARG1007|J1:LEU959:hydrogen_bond|J2:LEU855:hydrophobic|J2:TYR931,beam_4,249,22,227,83,144,0.0883534136546184,0.1208791208791208,0.0449938195302843,1.963678891389735,2.202422907488987,0.0021954313651424,12.459016288030762,True,0.0176987495319912,True,J1:ARG1007 AND J1:LEU959:hydrogen_bond AND J2:LEU855:hydrophobic AND J2:TYR931,4,holdout,42,115,11,104,31,73,0.0956521739130434,0.141025641025641,0.0449826989619377,2.126421404682274,2.450057405281286,0.0159498246665722,249,1.963678891389735,0.0021954313651424,0.0176987495319912,J1:ARG1007 AND J1:LEU959:hydrogen_bond AND J2:LEU855:hydrophobic AND J2:TYR931,4,254,43,8,203,211,0.1692913385826771,0.1503496503496503,0.1025089605734767,1.6514784428170255,1.923019913014647,0.0006786037725343,0.1794301965809237,-0.0187973529552435,0.1982275495361672,0.0,407512.0,1.3987059282775084e-12,45,2,43,38,5,0.0444444444444444,0.3333333333333333,0.0057142857142857,7.777777777777778,11.63953488372093,0.0241445296611418,2.0150781910397293,0.6459338306233381,1.268006285212763,1.5891705069124422,True,True,,False
J1:ALA906 AND J1:ARG1007 AND J1:LEU959:hydrogen_bond AND J2:LEU855:hydrophobic,4,J1:ALA906|J1:ARG1007|J1:LEU959:hydrogen_bond|J2:LEU855:hydrophobic,beam_4,207,30,177,43,134,0.144927536231884,0.1648351648351648,0.0449938195302843,3.22105430801083,4.110169491525424,5.226242240266645e-09,20.33620945866491,True,2.410694216832637e-07,True,J1:ALA906 AND J1:ARG1007 AND J1:LEU959:hydrogen_bond AND J2:LEU855:hydrophobic,4,holdout,42,91,17,74,18,56,0.1868131868131868,0.2179487179487179,0.0449826989619377,4.153000845308537,5.957908728400532,1.8384758556719457e-07,207,3.22105430801083,5.226242240266645e-09,2.410694216832637e-07,J1:ALA906 AND J1:ARG1007 AND J1:LEU959:hydrogen_bond AND J2:LEU855:hydrophobic,4,319,54,14,251,265,0.1692789968652037,0.1888111888111888,0.1025089605734767,1.6513580463423725,1.966590761223162,0.0001113507155116,0.1362114778003075,-0.0184323264189563,0.1546438042192638,0.0,482126.0,4.225034620795567e-11,17,2,15,13,2,0.1176470588235294,0.3333333333333333,0.0057142857142857,20.58823529411765,34.3,0.0035649388439534,3.5055885389778005,0.4221804655351643,1.356127094382128,2.585,True,True,,False
J1:ALA906:hydrophobic AND J1:ARG1007 AND J1:LEU959:hydrogen_bond AND J2:LEU855:hydrophobic,4,J1:ALA906:hydrophobic|J1:ARG1007|J1:LEU959:hydrogen_bond|J2:LEU855:hydrophobic,beam_4,207,30,177,43,134,0.144927536231884,0.1648351648351648,0.0449938195302843,3.22105430801083,4.110169491525424,5.226242240266645e-09,20.33620945866491,True,2.410694216832637e-07,True,J1:ALA906:hydrophobic AND J1:ARG1007 AND J1:LEU959:hydrogen_bond AND J2:LEU855:hydrophobic,4,holdout,42,91,17,74,18,56,0.1868131868131868,0.2179487179487179,0.0449826989619377,4.153000845308537,5.957908728400532,1.8384758556719457e-07,207,3.22105430801083,5.226242240266645e-09,2.410694216832637e-07,J1:ALA906:hydrophobic AND J1:ARG1007 AND J1:LEU959:hydrogen_bond AND J2:LEU855:hydrophobic,4,319,54,14,251,265,0.1692789968652037,0.1888111888111888,0.1025089605734767,1.6513580463423725,1.966590761223162,0.0001113507155116,0.1362114778003075,-0.0184323264189563,0.1546438042192638,0.0,482126.0,4.225034620795567e-11,17,2,15,13,2,0.1176470588235294,0.3333333333333333,0.0057142857142857,20.58823529411765,34.3,0.0035649388439534,3.5055885389778005,0.4221804655351643,1.356127094382128,2.585,True,True,,False
J1:ARG1007 AND J1:LEU959:hydrogen_bond AND J2:LEU855 AND J2:TYR931,4,J1:ARG1007|J1:LEU959:hydrogen_bond|J2:LEU855|J2:TYR931,beam_4,250,22,228,84,144,0.088,0.1208791208791208,0.0449938195302843,1.955824175824176,2.1921600877192984,0.0022512190388727,12.410159440203548,True,0.0180756034703037,True,J1:ARG1007 AND J1:LEU959:hydrogen_bond AND J2:LEU855 AND J2:TYR931,4,holdout,42,117,11,106,32,74,0.094017094017094,0.141025641025641,0.0449826989619377,2.0900723208415517,2.4007321881160237,0.0171189846898729,250,1.955824175824176,0.0022512190388727,0.0180756034703037,J1:ARG1007 AND J1:LEU959:hydrogen_bond AND J2:LEU855 AND J2:TYR931,4,261,44,8,209,217,0.1685823754789272,0.1538461538461538,0.1025089605734767,1.6445623342175066,1.916212819438626,0.0005389814101745,0.1774545311151297,-0.0191421311917721,0.1965966623069019,0.0,416329.5,1.5692024212177177e-12,45,2,43,38,5,0.0444444444444444,0.3333333333333333,0.0057142857142857,7.777777777777778,11.63953488372093,0.0241445296611418,1.9986061622301403,0.6518932564711466,1.2634366923768905,1.581880733944954,True,True,,False
J1:ARG1007 AND J1:LEU959:hydrogen_bond AND J2:TYR931,3,J1:ARG1007|J1:LEU959:hydrogen_bond|J2:TYR931,beam_3,257,23,234,86,148,0.0894941634241245,0.1263736263736263,0.0449938195302843,1.9890323684098004,2.2433747245068,0.0014763903167429,12.952925695237044,True,0.0131284590937497,True,J1:ARG1007 AND J1:LEU959:hydrogen_bond AND J2:TYR931,3,holdout,42,120,12,108,32,76,0.1,0.1538461538461538,0.0449826989619377,2.223076923076923,2.606060606060606,0.0092133551692552,257,1.9890323684098004,0.0014763903167429,0.0131284590937497,J1:ARG1007 AND J1:LEU959:hydrogen_bond AND J2:TYR931,3,262,44,8,210,218,0.1679389312977099,0.1538461538461538,0.1025089605734767,1.638285378743394,1.9065888240200168,0.0005608697839537,0.1767772237444613,-0.0191497032373385,0.1959269269817998,0.0,417405.5,1.7709663034812788e-12,46,2,44,38,6,0.0434782608695652,0.3333333333333333,0.0057142857142857,7.608695652173913,11.363636363636363,0.0251766955129516,2.063507447459702,0.6455430660555079,1.2637748960518749,1.6328125000000002,True,True,,False
J1:ALA906:hydrophobic AND J1:ARG1007:hydrophobic AND J1:LEU881:hydrophobic AND J1:LEU959:hydrogen_bond AND J2:LEU855:hydrophobic,5,J1:ALA906:hydrophobic|J1:ARG1007:hydrophobic|J1:LEU881:hydrophobic|J1:LEU959:hydrogen_bond|J2:LEU855:hydrophobic,beam_5,90,20,70,15,55,0.2222222222222222,0.1098901098901098,0.0449938195302843,4.938949938949939,6.689594356261023,1.3377712264732914e-09,18.03023113909564,True,7.2814762831593e-08,True,J1:ALA906:hydrophobic AND J1:ARG1007:hydrophobic AND J1:LEU881:hydrophobic AND J1:LEU959:hydrogen_bond AND J2:LEU855:hydrophobic,5,holdout,42,34,11,23,0,23,0.3235294117647059,0.141025641025641,0.0449826989619377,7.1923076923076925,11.656716417910449,9.315588414492777e-08,90,4.938949938949939,1.3377712264732914e-09,7.2814762831593e-08,J1:ALA906:hydrophobic AND J1:ARG1007:hydrophobic AND J1:LEU881:hydrophobic AND J1:LEU959:hydrogen_bond AND J2:LEU855:hydrophobic,5,96,16,5,75,80,0.1666666666666666,0.0559440559440559,0.1025089605734767,1.6258741258741256,1.7955555555555556,0.0403124278996188,0.1999940006802959,-0.0079043211686159,0.2078983218489119,0.1865430955365376,173081.0,1.020443588280799e-08,2,1,1,0,1,0.5,0.1666666666666666,0.0057142857142857,87.5,208.6,0.0114013346043851,5.556730769230769,0.2494905712509498,1.3379379533878686,4.153205128205127,True,True,,False
J1:ALA906 AND J1:ARG1007:hydrophobic AND J1:LEU881:hydrophobic AND J1:LEU959:hydrogen_bond AND J2:LEU855:hydrophobic,5,J1:ALA906|J1:ARG1007:hydrophobic|J1:LEU881:hydrophobic|J1:LEU959:hydrogen_bond|J2:LEU855:hydrophobic,beam_5,90,20,70,15,55,0.2222222222222222,0.1098901098901098,0.0449938195302843,4.938949938949939,6.689594356261023,1.3377712264732914e-09,18.03023113909564,True,7.2814762831593e-08,True,J1:ALA906 AND J1:ARG1007:hydrophobic AND J1:LEU881:hydrophobic AND J1:LEU959:hydrogen_bond AND J2:LEU855:hydrophobic,5,holdout,42,34,11,23,0,23,0.3235294117647059,0.141025641025641,0.0449826989619377,7.1923076923076925,11.656716417910449,9.315588414492777e-08,90,4.938949938949939,1.3377712264732914e-09,7.2814762831593e-08,J1:ALA906 AND J1:ARG1007:hydrophobic AND J1:LEU881:hydrophobic AND J1:LEU959:hydrogen_bond AND J2:LEU855:hydrophobic,5,96,16,5,75,80,0.1666666666666666,0.0559440559440559,0.1025089605734767,1.6258741258741256,1.7955555555555556,0.0403124278996188,0.1999940006802959,-0.0079043211686159,0.2078983218489119,0.1865430955365376,173081.0,1.020443588280799e-08,2,1,1,0,1,0.5,0.1666666666666666,0.0057142857142857,87.5,208.6,0.0114013346043851,5.556730769230769,0.2494905712509498,1.3379379533878686,4.153205128205127,True,True,,False
J1:ALA906 AND J1:ARG1007:hydrophobic AND J1:LEU1010:hydrophobic AND J1:LEU959:hydrogen_bond AND J2:LEU855:hydrophobic,5,J1:ALA906|J1:ARG1007:hydrophobic|J1:LEU1010:hydrophobic|J1:LEU959:hydrogen_bond|J2:LEU855:hydrophobic,beam_5,88,18,70,15,55,0.2045454545454545,0.0989010989010989,0.0449938195302843,4.546078921078921,5.947212543554007,3.788747009729711e-08,16.725296801889364,True,1.4312189493720088e-06,True,J1:ALA906 AND J1:ARG1007:hydrophobic AND J1:LEU1010:hydrophobic AND J1:LEU959:hydrogen_bond AND J2:LEU855:hydrophobic,5,holdout,42,36,11,25,1,24,0.3055555555555556,0.141025641025641,0.0449826989619377,6.792735042735043,10.711044776119405,1.8184800937936073e-07,88,4.546078921078921,3.788747009729711e-08,1.4312189493720088e-06,J1:ALA906 AND J1:ARG1007:hydrophobic AND J1:LEU1010:hydrophobic AND J1:LEU959:hydrogen_bond AND J2:LEU855:hydrophobic,5,96,16,3,77,80,0.1666666666666666,0.0559440559440559,0.1025089605734767,1.6258741258741256,1.7955555555555556,0.0403124278996188,0.2320723875190761,-0.0090474262675479,0.2411198137866241,0.1562699319115157,172788.0,1.2781902869850084e-08,2,1,1,0,1,0.5,0.1666666666666666,0.0057142857142857,87.5,208.6,0.0114013346043851,5.198232009925558,0.2661232760010131,1.3550910040723283,3.8360759493670886,True,True,,False
J1:ALA906 AND J1:ARG1007:hydrophobic AND J1:LEU1010 AND J1:LEU959:hydrogen_bond AND J2:LEU855:hydrophobic,5,J1:ALA906|J1:ARG1007:hydrophobic|J1:LEU1010|J1:LEU959:hydrogen_bond|J2:LEU855:hydrophobic,beam_5,88,18,70,15,55,0.2045454545454545,0.0989010989010989,0.0449938195302843,4.546078921078921,5.947212543554007,3.788747009729711e-08,16.725296801889364,True,1.4312189493720088e-06,True,J1:ALA906 AND J1:ARG1007:hydrophobic AND J1:LEU1010 AND J1:LEU959:hydrogen_bond AND J2:LEU855:hydrophobic,5,holdout,42,36,11,25,1,24,0.3055555555555556,0.141025641025641,0.0449826989619377,6.792735042735043,10.711044776119405,1.8184800937936073e-07,88,4.546078921078921,3.788747009729711e-08,1.4312189493720088e-06,J1:ALA906 AND J1:ARG1007:hydrophobic AND J1:LEU1010 AND J1:LEU959:hydrogen_bond AND J2:LEU855:hydrophobic,5,96,16,3,77,80,0.1666666666666666,0.0559440559440559,0.1025089605734767,1.6258741258741256,1.7955555555555556,0.0403124278996188,0.2320723875190761,-0.0090474262675479,0.2411198137866241,0.1562699319115157,172788.0,1.2781902869850084e-08,2,1,1,0,1,0.5,0.1666666666666666,0.0057142857142857,87.5,208.6,0.0114013346043851,5.198232009925558,0.2661232760010131,1.3550910040723283,3.8360759493670886,True,True,,False
J1:ALA906:hydrophobic AND J1:ARG1007:hydrophobic AND J1:LEU1010:hydrophobic AND J1:LEU959:hydrogen_bond AND J2:LEU855:hydrophobic,5,J1:ALA906:hydrophobic|J1:ARG1007:hydrophobic|J1:LEU1010:hydrophobic|J1:LEU959:hydrogen_bond|J2:LEU855:hydrophobic,beam_5,88,18,70,15,55,0.2045454545454545,0.0989010989010989,0.0449938195302843,4.546078921078921,5.947212543554007,3.788747009729711e-08,16.725296801889364,True,1.4312189493720088e-06,True,J1:ALA906:hydrophobic AND J1:ARG1007:hydrophobic AND J1:LEU1010:hydrophobic AND J1:LEU959:hydrogen_bond AND J2:LEU855:hydrophobic,5,holdout,42,36,11,25,1,24,0.3055555555555556,0.141025641025641,0.0449826989619377,6.792735042735043,10.711044776119405,1.8184800937936073e-07,88,4.546078921078921,3.788747009729711e-08,1.4312189493720088e-06,J1:ALA906:hydrophobic AND J1:ARG1007:hydrophobic AND J1:LEU1010:hydrophobic AND J1:LEU959:hydrogen_bond AND J2:LEU855:hydrophobic,5,96,16,3,77,80,0.1666666666666666,0.0559440559440559,0.1025089605734767,1.6258741258741256,1.7955555555555556,0.0403124278996188,0.2320723875190761,-0.0090474262675479,0.2411198137866241,0.1562699319115157,172788.0,1.2781902869850084e-08,2,1,1,0,1,0.5,0.1666666666666666,0.0057142857142857,87.5,208.6,0.0114013346043851,5.198232009925558,0.2661232760010131,1.3550910040723283,3.8360759493670886,True,True,,False
J1:ALA906 AND J1:ARG1007 AND J1:LEU881:hydrophobic AND J1:LEU959:hydrogen_bond AND J2:LEU855:hydrophobic,5,J1:ALA906|J1:ARG1007|J1:LEU881:hydrophobic|J1:LEU959:hydrogen_bond|J2:LEU855:hydrophobic,beam_5,193,30,163,33,130,0.155440414507772,0.1648351648351648,0.0449938195302843,3.454705915845812,4.4801420729738455,9.265689789610215e-10,20.833869737937963,True,5.268071641332206e-08,True,J1:ALA906 AND J1:ARG1007 AND J1:LEU881:hydrophobic AND J1:LEU959:hydrogen_bond AND J2:LEU855:hydrophobic,5,holdout,42,80,16,64,12,52,0.2,0.2051282051282051,0.0449826989619377,4.446153846153846,6.419354838709677,1.654754585645367e-07,193,3.454705915845812,9.265689789610215e-10,5.268071641332206e-08,J1:ALA906 AND J1:ARG1007 AND J1:LEU881:hydrophobic AND J1:LEU959:hydrogen_bond AND J2:LEU855:hydrophobic,5,300,50,13,237,250,0.1666666666666666,0.1748251748251748,0.1025089605734767,1.6258741258741256,1.9101694915254237,0.0002586444907155,0.138692219164597,-0.0175511979567558,0.1562434171213529,0.0,458469.5,6.062813582832647e-11,11,2,9,7,2,0.1818181818181818,0.3333333333333333,0.0057142857142857,31.81818181818182,57.5,0.0014640132487188,3.7451958298112142,0.3399651740122832,1.417985523248681,2.6412087912087916,True,True,,False
J1:ALA906 AND J1:ARG1007:hydrophobic AND J1:LEU1010 AND J1:LEU881:hydrophobic AND J1:LEU959,5,J1:ALA906|J1:ARG1007:hydrophobic|J1:LEU1010|J1:LEU881:hydrophobic|J1:LEU959,beam_5,106,21,85,18,67,0.1981132075471698,0.1153846153846153,0.0449938195302843,4.403120464441219,5.797442455242967,4.703124772456791e-09,18.093714038469912,True,2.1920423434938482e-07,True,J1:ALA906 AND J1:ARG1007:hydrophobic AND J1:LEU1010 AND J1:LEU881:hydrophobic AND J1:LEU959,5,holdout,42,40,12,28,2,26,0.3,0.1538461538461538,0.0449826989619377,6.669230769230769,10.571428571428571,5.93474165598848e-08,106,4.403120464441219,4.703124772456791e-09,2.1920423434938482e-07,J1:ALA906 AND J1:ARG1007:hydrophobic AND J1:LEU1010 AND J1:LEU881:hydrophobic AND J1:LEU959,5,96,16,4,76,80,0.1666666666666666,0.0559440559440559,0.1025089605734767,1.6258741258741256,1.7955555555555556,0.0403124278996188,0.2180779269420451,-0.0085487372492127,0.2266266641912579,0.1367636854170977,171465.0,3.471279383032807e-08,3,1,2,1,1,0.3333333333333333,0.1666666666666666,0.0057142857142857,58.33333333333333,104.2,0.0170612506276424,5.023893572181243,0.2825281354805276,1.354856030775281,3.708064516129032,True,True,,False
J1:ALA906:hydrophobic AND J1:ARG1007:hydrophobic AND J1:LEU1010 AND J1:LEU881:hydrophobic AND J1:LEU959,5,J1:ALA906:hydrophobic|J1:ARG1007:hydrophobic|J1:LEU1010|J1:LEU881:hydrophobic|J1:LEU959,beam_5,106,21,85,18,67,0.1981132075471698,0.1153846153846153,0.0449938195302843,4.403120464441219,5.797442455242967,4.703124772456791e-09,18.093714038469912,True,2.1920423434938482e-07,True,J1:ALA906:hydrophobic AND J1:ARG1007:hydrophobic AND J1:LEU1010 AND J1:LEU881:hydrophobic AND J1:LEU959,5,holdout,42,40,12,28,2,26,0.3,0.1538461538461538,0.0449826989619377,6.669230769230769,10.571428571428571,5.93474165598848e-08,106,4.403120464441219,4.703124772456791e-09,2.1920423434938482e-07,J1:ALA906:hydrophobic AND J1:ARG1007:hydrophobic AND J1:LEU1010 AND J1:LEU881:hydrophobic AND J1:LEU959,5,96,16,4,76,80,0.1666666666666666,0.0559440559440559,0.1025089605734767,1.6258741258741256,1.7955555555555556,0.0403124278996188,0.2180779269420451,-0.0085487372492127,0.2266266641912579,0.1367636854170977,171465.0,3.471279383032807e-08,3,1,2,1,1,0.3333333333333333,0.1666666666666666,0.0057142857142857,58.33333333333333,104.2,0.0170612506276424,5.023893572181243,0.2825281354805276,1.354856030775281,3.708064516129032,True,True,,False
J1:ALA906 AND J1:ARG1007:hydrophobic AND J1:LEU1010:hydrophobic AND J1:LEU881:hydrophobic AND J1:LEU959,5,J1:ALA906|J1:ARG1007:hydrophobic|J1:LEU1010:hydrophobic|J1:LEU881:hydrophobic|J1:LEU959,beam_5,106,21,85,18,67,0.1981132075471698,0.1153846153846153,0.0449938195302843,4.403120464441219,5.797442455242967,4.703124772456791e-09,18.093714038469912,True,2.1920423434938482e-07,True,J1:ALA906 AND J1:ARG1007:hydrophobic AND J1:LEU1010:hydrophobic AND J1:LEU881:hydrophobic AND J1:LEU959,5,holdout,42,40,12,28,2,26,0.3,0.1538461538461538,0.0449826989619377,6.669230769230769,10.571428571428571,5.93474165598848e-08,106,4.403120464441219,4.703124772456791e-09,2.1920423434938482e-07,J1:ALA906 AND J1:ARG1007:hydrophobic AND J1:LEU1010:hydrophobic AND J1:LEU881:hydrophobic AND J1:LEU959,5,96,16,4,76,80,0.1666666666666666,0.0559440559440559,0.1025089605734767,1.6258741258741256,1.7955555555555556,0.0403124278996188,0.2180779269420451,-0.0085487372492127,0.2266266641912579,0.1367636854170977,171465.0,3.471279383032807e-08,3,1,2,1,1,0.3333333333333333,0.1666666666666666,0.0057142857142857,58.33333333333333,104.2,0.0170612506276424,5.023893572181243,0.2825281354805276,1.354856030775281,3.708064516129032,True,True,,False
J1:ALA906:hydrophobic AND J1:ARG1007:hydrophobic AND J1:LEU1010:hydrophobic AND J1:LEU881:hydrophobic AND J1:LEU959,5,J1:ALA906:hydrophobic|J1:ARG1007:hydrophobic|J1:LEU1010:hydrophobic|J1:LEU881:hydrophobic|J1:LEU959,beam_5,106,21,85,18,67,0.1981132075471698,0.1153846153846153,0.0449938195302843,4.403120464441219,5.797442455242967,4.703124772456791e-09,18.093714038469912,True,2.1920423434938482e-07,True,J1:ALA906:hydrophobic AND J1:ARG1007:hydrophobic AND J1:LEU1010:hydrophobic AND J1:LEU881:hydrophobic AND J1:LEU959,5,holdout,42,40,12,28,2,26,0.3,0.1538461538461538,0.0449826989619377,6.669230769230769,10.571428571428571,5.93474165598848e-08,106,4.403120464441219,4.703124772456791e-09,2.1920423434938482e-07,J1:ALA906:hydrophobic AND J1:ARG1007:hydrophobic AND J1:LEU1010:hydrophobic AND J1:LEU881:hydrophobic AND J1:LEU959,5,96,16,4,76,80,0.1666666666666666,0.0559440559440559,0.1025089605734767,1.6258741258741256,1.7955555555555556,0.0403124278996188,0.2180779269420451,-0.0085487372492127,0.2266266641912579,0.1367636854170977,171465.0,3.471279383032807e-08,3,1,2,1,1,0.3333333333333333,0.1666666666666666,0.0057142857142857,58.33333333333333,104.2,0.0170612506276424,5.023893572181243,0.2825281354805276,1.354856030775281,3.708064516129032,True,True,,False
J1:ALA906:hydrophobic AND J1:ARG1007:hydrophobic AND J1:LEU1010 AND J1:LEU959:hydrogen_bond AND J2:LEU855:hydrophobic,5,J1:ALA906:hydrophobic|J1:ARG1007:hydrophobic|J1:LEU1010|J1:LEU959:hydrogen_bond|J2:LEU855:hydrophobic,beam_5,88,18,70,15,55,0.2045454545454545,0.0989010989010989,0.0449938195302843,4.546078921078921,5.947212543554007,3.788747009729711e-08,16.725296801889364,True,1.4312189493720088e-06,True,J1:ALA906:hydrophobic AND J1:ARG1007:hydrophobic AND J1:LEU1010 AND J1:LEU959:hydrogen_bond AND J2:LEU855:hydrophobic,5,holdout,42,36,11,25,1,24,0.3055555555555556,0.141025641025641,0.0449826989619377,6.792735042735043,10.711044776119405,1.8184800937936073e-07,88,4.546078921078921,3.788747009729711e-08,1.4312189493720088e-06,J1:ALA906:hydrophobic AND J1:ARG1007:hydrophobic AND J1:LEU1010 AND J1:LEU959:hydrogen_bond AND J2:LEU855:hydrophobic,5,96,16,3,77,80,0.1666666666666666,0.0559440559440559,0.1025089605734767,1.6258741258741256,1.7955555555555556,0.0403124278996188,0.2320723875190761,-0.0090474262675479,0.2411198137866241,0.1562699319115157,172788.0,1.2781902869850084e-08,2,1,1,0,1,0.5,0.1666666666666666,0.0057142857142857,87.5,208.6,0.0114013346043851,5.198232009925558,0.2661232760010131,1.3550910040723283,3.8360759493670886,True,True,,False
J1:ALA906:hydrophobic AND J1:ARG1007 AND J1:LEU881:hydrophobic AND J1:LEU959:hydrogen_bond AND J2:LEU855:hydrophobic,5,J1:ALA906:hydrophobic|J1:ARG1007|J1:LEU881:hydrophobic|J1:LEU959:hydrogen_bond|J2:LEU855:hydrophobic,beam_5,193,30,163,33,130,0.155440414507772,0.1648351648351648,0.0449938195302843,3.454705915845812,4.4801420729738455,9.265689789610215e-10,20.833869737937963,True,5.268071641332206e-08,True,J1:ALA906:hydrophobic AND J1:ARG1007 AND J1:LEU881:hydrophobic AND J1:LEU959:hydrogen_bond AND J2:LEU855:hydrophobic,5,holdout,42,80,16,64,12,52,0.2,0.2051282051282051,0.0449826989619377,4.446153846153846,6.419354838709677,1.654754585645367e-07,193,3.454705915845812,9.265689789610215e-10,5.268071641332206e-08,J1:ALA906:hydrophobic AND J1:ARG1007 AND J1:LEU881:hydrophobic AND J1:LEU959:hydrogen_bond AND J2:LEU855:hydrophobic,5,300,50,13,237,250,0.1666666666666666,0.1748251748251748,0.1025089605734767,1.6258741258741256,1.9101694915254237,0.0002586444907155,0.138692219164597,-0.0175511979567558,0.1562434171213529,0.0,458469.5,6.062813582832647e-11,11,2,9,7,2,0.1818181818181818,0.3333333333333333,0.0057142857142857,31.81818181818182,57.5,0.0014640132487188,3.7451958298112142,0.3399651740122832,1.417985523248681,2.6412087912087916,True,True,,False
J1:ALA906:hydrophobic AND J1:ARG1007 AND J1:LEU1010 AND J1:LEU959:hydrogen_bond,4,J1:ALA906:hydrophobic|J1:ARG1007|J1:LEU1010|J1:LEU959:hydrogen_bond,beam_4,225,33,192,48,144,0.1466666666666666,0.1813186813186813,0.0449938195302843,3.2597069597069597,4.234584731543624,5.706206679260002e-10,21.649279004851103,True,3.4153610236829126e-08,True,J1:ALA906:hydrophobic AND J1:ARG1007 AND J1:LEU1010 AND J1:LEU959:hydrogen_bond,4,holdout,42,106,18,88,22,66,0.1698113207547169,0.2307692307692307,0.0449826989619377,3.7750362844702465,5.345454545454546,3.472712318545921e-07,225,3.2597069597069597,5.706206679260002e-10,3.4153610236829126e-08,J1:ALA906:hydrophobic AND J1:ARG1007 AND J1:LEU1010 AND J1:LEU959:hydrogen_bond,4,295,49,9,237,246,0.1661016949152542,0.1713286713286713,0.1025089605734767,1.620362688159298,1.8977393571404069,0.0003426149463919,0.1542723407006593,-0.0190802235148847,0.1733525642155441,0.0,450324.0,1.7184212112606848e-10,17,2,15,12,3,0.1176470588235294,0.3333333333333333,0.0057142857142857,20.58823529411765,34.3,0.0035649388439534,3.4246920752963046,0.4361688133853462,1.3494424163846968,2.5378571428571424,True,True,,False
J1:ALA906 AND J1:ARG1007 AND J1:LEU1010:hydrophobic AND J1:LEU959:hydrogen_bond,4,J1:ALA906|J1:ARG1007|J1:LEU1010:hydrophobic|J1:LEU959:hydrogen_bond,beam_4,225,33,192,48,144,0.1466666666666666,0.1813186813186813,0.0449938195302843,3.2597069597069597,4.234584731543624,5.706206679260002e-10,21.649279004851103,True,3.4153610236829126e-08,True,J1:ALA906 AND J1:ARG1007 AND J1:LEU1010:hydrophobic AND J1:LEU959:hydrogen_bond,4,holdout,42,106,18,88,22,66,0.1698113207547169,0.2307692307692307,0.0449826989619377,3.7750362844702465,5.345454545454546,3.472712318545921e-07,225,3.2597069597069597,5.706206679260002e-10,3.4153610236829126e-08,J1:ALA906 AND J1:ARG1007 AND J1:LEU1010:hydrophobic AND J1:LEU959:hydrogen_bond,4,295,49,9,237,246,0.1661016949152542,0.1713286713286713,0.1025089605734767,1.620362688159298,1.8977393571404069,0.0003426149463919,0.1542723407006593,-0.0190802235148847,0.1733525642155441,0.0,450324.0,1.7184212112606848e-10,17,2,15,12,3,0.1176470588235294,0.3333333333333333,0.0057142857142857,20.58823529411765,34.3,0.0035649388439534,3.4246920752963046,0.4361688133853462,1.3494424163846968,2.5378571428571424,True,True,,False
J1:ALA906:hydrophobic AND J1:ARG1007 AND J1:LEU1010:hydrophobic AND J1:LEU959:hydrogen_bond,4,J1:ALA906:hydrophobic|J1:ARG1007|J1:LEU1010:hydrophobic|J1:LEU959:hydrogen_bond,beam_4,225,33,192,48,144,0.1466666666666666,0.1813186813186813,0.0449938195302843,3.2597069597069597,4.234584731543624,5.706206679260002e-10,21.649279004851103,True,3.4153610236829126e-08,True,J1:ALA906:hydrophobic AND J1:ARG1007 AND J1:LEU1010:hydrophobic AND J1:LEU959:hydrogen_bond,4,holdout,42,106,18,88,22,66,0.1698113207547169,0.2307692307692307,0.0449826989619377,3.7750362844702465,5.345454545454546,3.472712318545921e-07,225,3.2597069597069597,5.706206679260002e-10,3.4153610236829126e-08,J1:ALA906:hydrophobic AND J1:ARG1007 AND J1:LEU1010:hydrophobic AND J1:LEU959:hydrogen_bond,4,295,49,9,237,246,0.1661016949152542,0.1713286713286713,0.1025089605734767,1.620362688159298,1.8977393571404069,0.0003426149463919,0.1542723407006593,-0.0190802235148847,0.1733525642155441,0.0,450324.0,1.7184212112606848e-10,17,2,15,12,3,0.1176470588235294,0.3333333333333333,0.0057142857142857,20.58823529411765,34.3,0.0035649388439534,3.4246920752963046,0.4361688133853462,1.3494424163846968,2.5378571428571424,True,True,,False
J1:ALA906 AND J1:ARG1007 AND J1:LEU1010 AND J1:LEU959:hydrogen_bond,4,J1:ALA906|J1:ARG1007|J1:LEU1010|J1:LEU959:hydrogen_bond,beam_4,225,33,192,48,144,0.1466666666666666,0.1813186813186813,0.0449938195302843,3.2597069597069597,4.234584731543624,5.706206679260002e-10,21.649279004851103,True,3.4153610236829126e-08,True,J1:ALA906 AND J1:ARG1007 AND J1:LEU1010 AND J1:LEU959:hydrogen_bond,4,holdout,42,106,18,88,22,66,0.1698113207547169,0.2307692307692307,0.0449826989619377,3.7750362844702465,5.345454545454546,3.472712318545921e-07,225,3.2597069597069597,5.706206679260002e-10,3.4153610236829126e-08,J1:ALA906 AND J1:ARG1007 AND J1:LEU1010 AND J1:LEU959:hydrogen_bond,4,295,49,9,237,246,0.1661016949152542,0.1713286713286713,0.1025089605734767,1.620362688159298,1.8977393571404069,0.0003426149463919,0.1542723407006593,-0.0190802235148847,0.1733525642155441,0.0,450324.0,1.7184212112606848e-10,17,2,15,12,3,0.1176470588235294,0.3333333333333333,0.0057142857142857,20.58823529411765,34.3,0.0035649388439534,3.4246920752963046,0.4361688133853462,1.3494424163846968,2.5378571428571424,True,True,,False
J1:ARG1007 AND J1:LEU881:hydrophobic AND J1:LEU959:hydrogen_bond AND J2:TYR931,4,J1:ARG1007|J1:LEU881:hydrophobic|J1:LEU959:hydrogen_bond|J2:TYR931,beam_4,238,23,215,77,138,0.0966386554621848,0.1263736263736263,0.0449938195302843,2.14782066672823,2.4544098288723126,0.0004960555857457,13.851915750422556,True,0.0051497820523767,True,J1:ARG1007 AND J1:LEU881:hydrophobic AND J1:LEU959:hydrogen_bond AND J2:TYR931,4,holdout,42,109,11,98,28,70,0.1009174311926605,0.141025641025641,0.0449826989619377,2.243472124206069,2.610112701797137,0.007927402889752,238,2.14782066672823,0.0004960555857457,0.0051497820523767,J1:ARG1007 AND J1:LEU881:hydrophobic AND J1:LEU959:hydrogen_bond AND J2:TYR931,4,247,41,8,198,206,0.1659919028340081,0.1433566433566433,0.1025089605734767,1.6192916395345545,1.8668119675054489,0.0013021912133453,0.1674548167462562,-0.0170885398738766,0.1845433566201328,0.0,392640.0,4.1696048360833776e-11,42,2,40,34,6,0.0476190476190476,0.3333333333333333,0.0057142857142857,8.333333333333332,12.55,0.021162143775914,2.177854134338284,0.624085924627736,1.2749610468403128,1.7081730769230767,True,True,,False
J1:ARG1007 AND J1:LEU881:hydrophobic AND J1:LEU959:hydrogen_bond AND J2:LEU855:hydrophobic AND J2:TYR931,5,J1:ARG1007|J1:LEU881:hydrophobic|J1:LEU959:hydrogen_bond|J2:LEU855:hydrophobic|J2:TYR931,beam_5,231,22,209,75,134,0.0952380952380952,0.1208791208791208,0.0449938195302843,2.116692830978545,2.403947368421053,0.0007782515836351,13.33095012622867,True,0.0076366827434689,True,J1:ARG1007 AND J1:LEU881:hydrophobic AND J1:LEU959:hydrogen_bond AND J2:LEU855:hydrophobic AND J2:TYR931,5,holdout,42,104,10,94,27,67,0.0961538461538461,0.1282051282051282,0.0449826989619377,2.1375739644970415,2.443679599499374,0.0228763470748381,231,2.116692830978545,0.0007782515836351,0.0076366827434689,J1:ARG1007 AND J1:LEU881:hydrophobic AND J1:LEU959:hydrogen_bond AND J2:LEU855:hydrophobic AND J2:TYR931,5,241,40,8,193,201,0.1659751037344398,0.1398601398601398,0.1025089605734767,1.6191277602065983,1.8630425110221251,0.001688897472615,0.1685517719785521,-0.0167578635581694,0.1853096355367215,0.0,384821.5,4.2753238822019267e-11,41,2,39,34,5,0.048780487804878,0.3333333333333333,0.0057142857142857,8.536585365853659,12.884615384615383,0.0202066267498703,2.12316877152698,0.62797149157851,1.276186970923813,1.663681592039801,True,True,,False
J1:ALA906:hydrophobic AND J1:ARG1007 AND J1:LEU1010:hydrophobic AND J1:LEU881:hydrophobic AND J1:LEU959:hydrogen_bond,5,J1:ALA906:hydrophobic|J1:ARG1007|J1:LEU1010:hydrophobic|J1:LEU881:hydrophobic|J1:LEU959:hydrogen_bond,beam_5,204,33,171,33,138,0.1617647058823529,0.1813186813186813,0.0449938195302843,3.5952650290885586,4.781820322618627,3.826877559926947e-11,22.350118558278417,True,3.217940382343593e-09,True,J1:ALA906:hydrophobic AND J1:ARG1007 AND J1:LEU1010:hydrophobic AND J1:LEU881:hydrophobic AND J1:LEU959:hydrogen_bond,5,holdout,42,90,18,72,14,58,0.2,0.2307692307692307,0.0449826989619377,4.446153846153846,6.6,2.3839687173223816e-08,204,3.5952650290885586,3.826877559926947e-11,3.217940382343593e-09,J1:ALA906:hydrophobic AND J1:ARG1007 AND J1:LEU1010:hydrophobic AND J1:LEU881:hydrophobic AND J1:LEU959:hydrogen_bond,5,272,45,7,220,227,0.1654411764705882,0.1573426573426573,0.1025089605734767,1.6139191690662278,1.8729778638931032,0.0006940770527998,0.1639808614664083,-0.0185455168712494,0.1825263783376577,0.0,423742.0,6.284491429886287e-11,11,2,9,6,3,0.1818181818181818,0.3333333333333333,0.0057142857142857,31.81818181818182,57.5,0.0014640132487188,3.8556907378335943,0.329712256065881,1.417985523248681,2.7191326530612243,True,True,,False
J1:ALA906 AND J1:ARG1007 AND J1:LEU1010:hydrophobic AND J1:LEU881:hydrophobic AND J1:LEU959:hydrogen_bond,5,J1:ALA906|J1:ARG1007|J1:LEU1010:hydrophobic|J1:LEU881:hydrophobic|J1:LEU959:hydrogen_bond,beam_5,204,33,171,33,138,0.1617647058823529,0.1813186813186813,0.0449938195302843,3.5952650290885586,4.781820322618627,3.826877559926947e-11,22.350118558278417,True,3.217940382343593e-09,True,J1:ALA906 AND J1:ARG1007 AND J1:LEU1010:hydrophobic AND J1:LEU881:hydrophobic AND J1:LEU959:hydrogen_bond,5,holdout,42,90,18,72,14,58,0.2,0.2307692307692307,0.0449826989619377,4.446153846153846,6.6,2.3839687173223816e-08,204,3.5952650290885586,3.826877559926947e-11,3.217940382343593e-09,J1:ALA906 AND J1:ARG1007 AND J1:LEU1010:hydrophobic AND J1:LEU881:hydrophobic AND J1:LEU959:hydrogen_bond,5,272,45,7,220,227,0.1654411764705882,0.1573426573426573,0.1025089605734767,1.6139191690662278,1.8729778638931032,0.0006940770527998,0.1639808614664083,-0.0185455168712494,0.1825263783376577,0.0,423742.0,6.284491429886287e-11,11,2,9,6,3,0.1818181818181818,0.3333333333333333,0.0057142857142857,31.81818181818182,57.5,0.0014640132487188,3.8556907378335943,0.329712256065881,1.417985523248681,2.7191326530612243,True,True,,False
J1:ALA906 AND J1:ARG1007 AND J1:LEU1010 AND J1:LEU881:hydrophobic AND J1:LEU959:hydrogen_bond,5,J1:ALA906|J1:ARG1007|J1:LEU1010|J1:LEU881:hydrophobic|J1:LEU959:hydrogen_bond,beam_5,204,33,171,33,138,0.1617647058823529,0.1813186813186813,0.0449938195302843,3.5952650290885586,4.781820322618627,3.826877559926947e-11,22.350118558278417,True,3.217940382343593e-09,True,J1:ALA906 AND J1:ARG1007 AND J1:LEU1010 AND J1:LEU881:hydrophobic AND J1:LEU959:hydrogen_bond,5,holdout,42,90,18,72,14,58,0.2,0.2307692307692307,0.0449826989619377,4.446153846153846,6.6,2.3839687173223816e-08,204,3.5952650290885586,3.826877559926947e-11,3.217940382343593e-09,J1:ALA906 AND J1:ARG1007 AND J1:LEU1010 AND J1:LEU881:hydrophobic AND J1:LEU959:hydrogen_bond,5,272,45,7,220,227,0.1654411764705882,0.1573426573426573,0.1025089605734767,1.6139191690662278,1.8729778638931032,0.0006940770527998,0.1639808614664083,-0.0185455168712494,0.1825263783376577,0.0,423742.0,6.284491429886287e-11,11,2,9,6,3,0.1818181818181818,0.3333333333333333,0.0057142857142857,31.81818181818182,57.5,0.0014640132487188,3.8556907378335943,0.329712256065881,1.417985523248681,2.7191326530612243,True,True,,False
J1:ALA906:hydrophobic AND J1:ARG1007 AND J1:LEU1010 AND J1:LEU881:hydrophobic AND J1:LEU959:hydrogen_bond,5,J1:ALA906:hydrophobic|J1:ARG1007|J1:LEU1010|J1:LEU881:hydrophobic|J1:LEU959:hydrogen_bond,beam_5,204,33,171,33,138,0.1617647058823529,0.1813186813186813,0.0449938195302843,3.5952650290885586,4.781820322618627,3.826877559926947e-11,22.350118558278417,True,3.217940382343593e-09,True,J1:ALA906:hydrophobic AND J1:ARG1007 AND J1:LEU1010 AND J1:LEU881:hydrophobic AND J1:LEU959:hydrogen_bond,5,holdout,42,90,18,72,14,58,0.2,0.2307692307692307,0.0449826989619377,4.446153846153846,6.6,2.3839687173223816e-08,204,3.5952650290885586,3.826877559926947e-11,3.217940382343593e-09,J1:ALA906:hydrophobic AND J1:ARG1007 AND J1:LEU1010 AND J1:LEU881:hydrophobic AND J1:LEU959:hydrogen_bond,5,272,45,7,220,227,0.1654411764705882,0.1573426573426573,0.1025089605734767,1.6139191690662278,1.8729778638931032,0.0006940770527998,0.1639808614664083,-0.0185455168712494,0.1825263783376577,0.0,423742.0,6.284491429886287e-11,11,2,9,6,3,0.1818181818181818,0.3333333333333333,0.0057142857142857,31.81818181818182,57.5,0.0014640132487188,3.8556907378335943,0.329712256065881,1.417985523248681,2.7191326530612243,True,True,,False
J1:ALA906:hydrophobic AND J1:ARG1007 AND J1:LEU881 AND J1:LEU959:hydrogen_bond AND J2:LEU855:hydrophobic,5,J1:ALA906:hydrophobic|J1:ARG1007|J1:LEU881|J1:LEU959:hydrogen_bond|J2:LEU855:hydrophobic,beam_5,195,30,165,35,130,0.1538461538461538,0.1648351648351648,0.0449938195302843,3.4192730346576505,4.423444976076555,1.1992405190982963e-09,20.7636910329067,True,6.629825258533017e-08,True,J1:ALA906:hydrophobic AND J1:ARG1007 AND J1:LEU881 AND J1:LEU959:hydrogen_bond AND J2:LEU855:hydrophobic,5,holdout,42,81,16,65,13,52,0.1975308641975308,0.2051282051282051,0.0449826989619377,4.3912630579297245,6.3166253101736975,1.990171601494357e-07,195,3.4192730346576505,1.1992405190982963e-09,6.629825258533017e-08,J1:ALA906:hydrophobic AND J1:ARG1007 AND J1:LEU881 AND J1:LEU959:hydrogen_bond AND J2:LEU855:hydrophobic,5,303,50,14,239,253,0.165016501650165,0.1748251748251748,0.1025089605734767,1.6097763622516097,1.8850070342332683,0.0003955032982419,0.1348213653781531,-0.0172680703146454,0.1520894356927986,0.0,462491.0,5.0165922377135466e-11,13,2,11,9,2,0.1538461538461538,0.3333333333333333,0.0057142857142857,26.923076923076923,46.95454545454545,0.0020656446938343,3.704487179487179,0.3586878937404959,1.402572637126413,2.641208791208791,True,True,,False
J1:ALA906 AND J1:ARG1007 AND J1:LEU881 AND J1:LEU959:hydrogen_bond AND J2:LEU855:hydrophobic,5,J1:ALA906|J1:ARG1007|J1:LEU881|J1:LEU959:hydrogen_bond|J2:LEU855:hydrophobic,beam_5,195,30,165,35,130,0.1538461538461538,0.1648351648351648,0.0449938195302843,3.4192730346576505,4.423444976076555,1.1992405190982963e-09,20.7636910329067,True,6.629825258533017e-08,True,J1:ALA906 AND J1:ARG1007 AND J1:LEU881 AND J1:LEU959:hydrogen_bond AND J2:LEU855:hydrophobic,5,holdout,42,81,16,65,13,52,0.1975308641975308,0.2051282051282051,0.0449826989619377,4.3912630579297245,6.3166253101736975,1.990171601494357e-07,195,3.4192730346576505,1.1992405190982963e-09,6.629825258533017e-08,J1:ALA906 AND J1:ARG1007 AND J1:LEU881 AND J1:LEU959:hydrogen_bond AND J2:LEU855:hydrophobic,5,303,50,14,239,253,0.165016501650165,0.1748251748251748,0.1025089605734767,1.6097763622516097,1.8850070342332683,0.0003955032982419,0.1348213653781531,-0.0172680703146454,0.1520894356927986,0.0,462491.0,5.0165922377135466e-11,13,2,11,9,2,0.1538461538461538,0.3333333333333333,0.0057142857142857,26.923076923076923,46.95454545454545,0.0020656446938343,3.704487179487179,0.3586878937404959,1.402572637126413,2.641208791208791,True,True,,False
J1:ARG1007 AND J1:LEU881:hydrophobic AND J1:LEU959 AND J2:TYR931,4,J1:ARG1007|J1:LEU881:hydrophobic|J1:LEU959|J2:TYR931,beam_4,255,23,232,81,151,0.0901960784313725,0.1263736263736263,0.0449938195302843,2.004632622279681,2.2639611797874646,0.0014144772530808,13.048296354665654,True,0.0126838972422467,True,J1:ARG1007 AND J1:LEU881:hydrophobic AND J1:LEU959 AND J2:TYR931,4,holdout,42,113,11,102,30,72,0.0973451327433628,0.141025641025641,0.0449826989619377,2.164057181756297,2.501316944688323,0.0149657548799923,255,2.004632622279681,0.0014144772530808,0.0126838972422467,J1:ARG1007 AND J1:LEU881:hydrophobic AND J1:LEU959 AND J2:TYR931,4,273,45,9,219,228,0.1648351648351648,0.1573426573426573,0.1025089605734767,1.6080073772381465,1.8639440925966368,0.0007224885417108,0.1625047580800439,-0.0184579325064739,0.1809626905865179,0.0,426794.0,2.3728481548338177e-11,45,2,43,35,8,0.0444444444444444,0.3333333333333333,0.0057142857142857,7.777777777777778,11.63953488372093,0.0241445296611418,2.053574414715719,0.6220993157061726,1.2889026019746843,1.5932735426008968,True,True,,False
J1:ALA906 AND J1:ARG1007 AND J1:LEU959:hydrogen_bond AND J2:LEU855,4,J1:ALA906|J1:ARG1007|J1:LEU959:hydrogen_bond|J2:LEU855,beam_4,209,30,179,45,134,0.1435406698564593,0.1648351648351648,0.0449938195302843,3.1902308218097692,4.062040576301088,6.600244330634536e-09,20.26393151469082,True,2.9778239426647266e-07,True,J1:ALA906 AND J1:ARG1007 AND J1:LEU959:hydrogen_bond AND J2:LEU855,4,holdout,42,92,17,75,18,57,0.1847826086956521,0.2179487179487179,0.0449826989619377,4.107859531772575,5.874754098360656,2.177084427627429e-07,209,3.1902308218097692,6.600244330634536e-09,2.9778239426647266e-07,J1:ALA906 AND J1:ARG1007 AND J1:LEU959:hydrogen_bond AND J2:LEU855,4,334,55,14,265,279,0.1646706586826347,0.1923076923076923,0.1025089605734767,1.6064025794564716,1.89878818911077,0.0001607716729233,0.1323108506221327,-0.0188463523089313,0.151157202931064,0.0,498548.5,8.312930965449806e-11,18,2,16,14,2,0.1111111111111111,0.3333333333333333,0.0057142857142857,19.444444444444443,32.125,0.0040002907112611,3.4706491183235366,0.4316767093272248,1.3496772505340435,2.571465968586387,True,True,,False
J1:ALA906:hydrophobic AND J1:ARG1007 AND J1:LEU959:hydrogen_bond AND J2:LEU855,4,J1:ALA906:hydrophobic|J1:ARG1007|J1:LEU959:hydrogen_bond|J2:LEU855,beam_4,209,30,179,45,134,0.1435406698564593,0.1648351648351648,0.0449938195302843,3.1902308218097692,4.062040576301088,6.600244330634536e-09,20.26393151469082,True,2.9778239426647266e-07,True,J1:ALA906:hydrophobic AND J1:ARG1007 AND J1:LEU959:hydrogen_bond AND J2:LEU855,4,holdout,42,92,17,75,18,57,0.1847826086956521,0.2179487179487179,0.0449826989619377,4.107859531772575,5.874754098360656,2.177084427627429e-07,209,3.1902308218097692,6.600244330634536e-09,2.9778239426647266e-07,J1:ALA906:hydrophobic AND J1:ARG1007 AND J1:LEU959:hydrogen_bond AND J2:LEU855,4,334,55,14,265,279,0.1646706586826347,0.1923076923076923,0.1025089605734767,1.6064025794564716,1.89878818911077,0.0001607716729233,0.1323108506221327,-0.0188463523089313,0.151157202931064,0.0,498548.5,8.312930965449806e-11,18,2,16,14,2,0.1111111111111111,0.3333333333333333,0.0057142857142857,19.444444444444443,32.125,0.0040002907112611,3.4706491183235366,0.4316767093272248,1.3496772505340435,2.571465968586387,True,True,,False
J1:ARG1007 AND J1:LEU881 AND J1:LEU959:hydrogen_bond AND J2:TYR931,4,J1:ARG1007|J1:LEU881|J1:LEU959:hydrogen_bond|J2:TYR931,beam_4,240,23,217,79,138,0.0958333333333333,0.1263736263736263,0.0449938195302843,2.1299221611721615,2.4304553227255603,0.0005260057722063,13.758054750378047,True,0.005409145186441,True,J1:ARG1007 AND J1:LEU881 AND J1:LEU959:hydrogen_bond AND J2:TYR931,4,holdout,42,111,11,100,29,71,0.0990990990990991,0.141025641025641,0.0449826989619377,2.203049203049203,2.5546268656716418,0.0141618417454793,240,2.1299221611721615,0.0005260057722063,0.005409145186441,J1:ARG1007 AND J1:LEU881 AND J1:LEU959:hydrogen_bond AND J2:TYR931,4,250,41,8,201,209,0.164,0.1433566433566433,0.1025089605734767,1.5998601398601398,1.8376135143052437,0.0014492968103738,0.1702612627930386,-0.0175827294729144,0.187843992265953,0.0,398138.0,1.6507143482143118e-11,43,2,41,35,6,0.0465116279069767,0.3333333333333333,0.0057142857142857,8.13953488372093,12.231707317073171,0.0221370818797229,2.153035283804514,0.6346016581562621,1.2664913434144205,1.6999999999999995,True,True,,False
J1:ALA906 AND J1:ARG1007 AND J1:LEU881:hydrophobic AND J1:LEU959 AND J2:LEU855:hydrophobic,5,J1:ALA906|J1:ARG1007|J1:LEU881:hydrophobic|J1:LEU959|J2:LEU855:hydrophobic,beam_5,218,30,188,45,143,0.1376146788990825,0.1648351648351648,0.0449938195302843,3.058524044762577,3.858132698768197,1.8147874342780236e-08,19.935217665609606,True,7.449626849499401e-07,True,J1:ALA906 AND J1:ARG1007 AND J1:LEU881:hydrophobic AND J1:LEU959 AND J2:LEU855:hydrophobic,5,holdout,42,89,16,73,17,56,0.1797752808988764,0.2051282051282051,0.0449826989619377,3.996542783059637,5.596111356606275,7.867640426039292e-07,218,3.058524044762577,1.8147874342780236e-08,7.449626849499401e-07,J1:ALA906 AND J1:ARG1007 AND J1:LEU881:hydrophobic AND J1:LEU959 AND J2:LEU855:hydrophobic,5,342,56,15,271,286,0.1637426900584795,0.1958041958041958,0.1025089605734767,1.59735001840265,1.88823350562481,0.0001818715785688,0.1299362292990157,-0.0190085815290875,0.1489448108281033,0.0,504427.5,4.334720295461677e-10,28,2,26,19,7,0.0714285714285714,0.3333333333333333,0.0057142857142857,12.5,19.576923076923077,0.0096324649406441,3.33041844149336,0.4165219352393707,1.3787253377515678,2.415577889447236,True,True,,False
J1:ALA906:hydrophobic AND J1:ARG1007 AND J1:LEU881:hydrophobic AND J1:LEU959 AND J2:LEU855:hydrophobic,5,J1:ALA906:hydrophobic|J1:ARG1007|J1:LEU881:hydrophobic|J1:LEU959|J2:LEU855:hydrophobic,beam_5,218,30,188,45,143,0.1376146788990825,0.1648351648351648,0.0449938195302843,3.058524044762577,3.858132698768197,1.8147874342780236e-08,19.935217665609606,True,7.449626849499401e-07,True,J1:ALA906:hydrophobic AND J1:ARG1007 AND J1:LEU881:hydrophobic AND J1:LEU959 AND J2:LEU855:hydrophobic,5,holdout,42,89,16,73,17,56,0.1797752808988764,0.2051282051282051,0.0449826989619377,3.996542783059637,5.596111356606275,7.867640426039292e-07,218,3.058524044762577,1.8147874342780236e-08,7.449626849499401e-07,J1:ALA906:hydrophobic AND J1:ARG1007 AND J1:LEU881:hydrophobic AND J1:LEU959 AND J2:LEU855:hydrophobic,5,342,56,15,271,286,0.1637426900584795,0.1958041958041958,0.1025089605734767,1.59735001840265,1.88823350562481,0.0001818715785688,0.1299362292990157,-0.0190085815290875,0.1489448108281033,0.0,504427.5,4.334720295461677e-10,28,2,26,19,7,0.0714285714285714,0.3333333333333333,0.0057142857142857,12.5,19.576923076923077,0.0096324649406441,3.33041844149336,0.4165219352393707,1.3787253377515678,2.415577889447236,True,True,,False
J1:ALA906:hydrophobic AND J1:ARG1007 AND J1:LEU1010:hydrophobic AND J1:LEU959 AND J2:LEU855:hydrophobic,5,J1:ALA906:hydrophobic|J1:ARG1007|J1:LEU1010:hydrophobic|J1:LEU959|J2:LEU855:hydrophobic,beam_5,218,28,190,47,143,0.128440366972477,0.1538461538461538,0.0449938195302843,2.8546224417784054,3.5148325358851675,2.598562989961424e-07,18.559262717327343,True,8.066806712197283e-06,True,J1:ALA906:hydrophobic AND J1:ARG1007 AND J1:LEU1010:hydrophobic AND J1:LEU959 AND J2:LEU855:hydrophobic,5,holdout,42,96,16,80,24,56,0.1666666666666666,0.2051282051282051,0.0449826989619377,3.705128205128205,5.083870967741936,2.299845812312823e-06,218,2.8546224417784054,2.598562989961424e-07,8.066806712197283e-06,J1:ALA906:hydrophobic AND J1:ARG1007 AND J1:LEU1010:hydrophobic AND J1:LEU959 AND J2:LEU855:hydrophobic,5,318,52,10,256,266,0.1635220125786163,0.1818181818181818,0.1025089605734767,1.595197255574614,1.8696741854636592,0.0003619759502151,0.1403399931413242,-0.0189008636658107,0.1592408568071349,0.0,470556.5,5.975971368305492e-09,31,2,29,22,7,0.064516129032258,0.3333333333333333,0.0057142857142857,11.29032258064516,17.5,0.0117582792724761,3.114600685938265,0.4663513777692913,1.347989422578762,2.3105527638190955,True,True,,False
J1:ALA906 AND J1:ARG1007 AND J1:LEU1010:hydrophobic AND J1:LEU959 AND J2:LEU855:hydrophobic,5,J1:ALA906|J1:ARG1007|J1:LEU1010:hydrophobic|J1:LEU959|J2:LEU855:hydrophobic,beam_5,218,28,190,47,143,0.128440366972477,0.1538461538461538,0.0449938195302843,2.8546224417784054,3.5148325358851675,2.598562989961424e-07,18.559262717327343,True,8.066806712197283e-06,True,J1:ALA906 AND J1:ARG1007 AND J1:LEU1010:hydrophobic AND J1:LEU959 AND J2:LEU855:hydrophobic,5,holdout,42,96,16,80,24,56,0.1666666666666666,0.2051282051282051,0.0449826989619377,3.705128205128205,5.083870967741936,2.299845812312823e-06,218,2.8546224417784054,2.598562989961424e-07,8.066806712197283e-06,J1:ALA906 AND J1:ARG1007 AND J1:LEU1010:hydrophobic AND J1:LEU959 AND J2:LEU855:hydrophobic,5,318,52,10,256,266,0.1635220125786163,0.1818181818181818,0.1025089605734767,1.595197255574614,1.8696741854636592,0.0003619759502151,0.1403399931413242,-0.0189008636658107,0.1592408568071349,0.0,470556.5,5.975971368305492e-09,31,2,29,22,7,0.064516129032258,0.3333333333333333,0.0057142857142857,11.29032258064516,17.5,0.0117582792724761,3.114600685938265,0.4663513777692913,1.347989422578762,2.3105527638190955,True,True,,False
J1:ALA906:hydrophobic AND J1:ARG1007 AND J1:LEU1010 AND J1:LEU959 AND J2:LEU855:hydrophobic,5,J1:ALA906:hydrophobic|J1:ARG1007|J1:LEU1010|J1:LEU959|J2:LEU855:hydrophobic,beam_5,218,28,190,47,143,0.128440366972477,0.1538461538461538,0.0449938195302843,2.8546224417784054,3.5148325358851675,2.598562989961424e-07,18.559262717327343,True,8.066806712197283e-06,True,J1:ALA906:hydrophobic AND J1:ARG1007 AND J1:LEU1010 AND J1:LEU959 AND J2:LEU855:hydrophobic,5,holdout,42,96,16,80,24,56,0.1666666666666666,0.2051282051282051,0.0449826989619377,3.705128205128205,5.083870967741936,2.299845812312823e-06,218,2.8546224417784054,2.598562989961424e-07,8.066806712197283e-06,J1:ALA906:hydrophobic AND J1:ARG1007 AND J1:LEU1010 AND J1:LEU959 AND J2:LEU855:hydrophobic,5,318,52,10,256,266,0.1635220125786163,0.1818181818181818,0.1025089605734767,1.595197255574614,1.8696741854636592,0.0003619759502151,0.1403399931413242,-0.0189008636658107,0.1592408568071349,0.0,470556.5,5.975971368305492e-09,31,2,29,22,7,0.064516129032258,0.3333333333333333,0.0057142857142857,11.29032258064516,17.5,0.0117582792724761,3.114600685938265,0.4663513777692913,1.347989422578762,2.3105527638190955,True,True,,False
J1:ALA906 AND J1:ARG1007 AND J1:LEU1010 AND J1:LEU959 AND J2:LEU855:hydrophobic,5,J1:ALA906|J1:ARG1007|J1:LEU1010|J1:LEU959|J2:LEU855:hydrophobic,beam_5,218,28,190,47,143,0.128440366972477,0.1538461538461538,0.0449938195302843,2.8546224417784054,3.5148325358851675,2.598562989961424e-07,18.559262717327343,True,8.066806712197283e-06,True,J1:ALA906 AND J1:ARG1007 AND J1:LEU1010 AND J1:LEU959 AND J2:LEU855:hydrophobic,5,holdout,42,96,16,80,24,56,0.1666666666666666,0.2051282051282051,0.0449826989619377,3.705128205128205,5.083870967741936,2.299845812312823e-06,218,2.8546224417784054,2.598562989961424e-07,8.066806712197283e-06,J1:ALA906 AND J1:ARG1007 AND J1:LEU1010 AND J1:LEU959 AND J2:LEU855:hydrophobic,5,318,52,10,256,266,0.1635220125786163,0.1818181818181818,0.1025089605734767,1.595197255574614,1.8696741854636592,0.0003619759502151,0.1403399931413242,-0.0189008636658107,0.1592408568071349,0.0,470556.5,5.975971368305492e-09,31,2,29,22,7,0.064516129032258,0.3333333333333333,0.0057142857142857,11.29032258064516,17.5,0.0117582792724761,3.114600685938265,0.4663513777692913,1.347989422578762,2.3105527638190955,True,True,,False
J1:ARG1007 AND J1:LEU959 AND J2:TYR931,3,J1:ARG1007|J1:LEU959|J2:TYR931,beam_3,275,23,252,90,162,0.0836363636363636,0.1263736263736263,0.0449938195302843,1.8588411588411589,2.0728012378955776,0.0035899171331157,12.087454760544835,True,0.0272984362823974,True,J1:ARG1007 AND J1:LEU959 AND J2:TYR931,3,holdout,42,124,12,112,34,78,0.0967741935483871,0.1538461538461538,0.0449826989619377,2.15136476426799,2.5064935064935066,0.010431468896302,275,1.8588411588411589,0.0035899171331157,0.0272984362823974,J1:ARG1007 AND J1:LEU959 AND J2:TYR931,3,300,49,9,242,251,0.1633333333333333,0.1713286713286713,0.1025089605734767,1.5933566433566433,1.8558172373795956,0.0005538302576315,0.1621784168913597,-0.0203808603334742,0.1825592772248339,0.0,461270.5,1.4006062844734208e-11,49,2,47,39,8,0.0408163265306122,0.3333333333333333,0.0057142857142857,7.142857142857142,10.606382978723405,0.0283849147184187,1.9497300944669365,0.6409635795412872,1.279385434510088,1.5239583333333333,True,True,,False
J1:ALA906 AND J1:ARG1007 AND J1:LEU1010 AND J1:LEU881 AND J1:LEU959:hydrogen_bond,5,J1:ALA906|J1:ARG1007|J1:LEU1010|J1:LEU881|J1:LEU959:hydrogen_bond,beam_5,209,33,176,38,138,0.1578947368421052,0.1813186813186813,0.0449938195302843,3.509253903990746,4.639681208053691,7.539311482485828e-11,22.18611492001622,True,5.794066848548144e-09,True,J1:ALA906 AND J1:ARG1007 AND J1:LEU1010 AND J1:LEU881 AND J1:LEU959:hydrogen_bond,5,holdout,42,93,18,75,16,59,0.1935483870967742,0.2307692307692307,0.0449826989619377,4.30272952853598,6.324,4.1269043149399374e-08,209,3.509253903990746,7.539311482485828e-11,5.794066848548144e-09,J1:ALA906 AND J1:ARG1007 AND J1:LEU1010 AND J1:LEU881 AND J1:LEU959:hydrogen_bond,5,276,45,8,223,231,0.1630434782608695,0.1573426573426573,0.1025089605734767,1.59052903618121,1.8373120655278332,0.0010828749696598,0.1588623270980592,-0.0182739934136862,0.1771363205117454,0.0,428909.5,5.791082658797137e-11,14,2,12,9,3,0.1428571428571428,0.3333333333333333,0.0057142857142857,25.0,43.0,0.0024037600113818,3.753553234844625,0.3687834139285562,1.3874659672847194,2.7053299492385787,True,True,,False
J1:ALA906 AND J1:ARG1007 AND J1:LEU1010:hydrophobic AND J1:LEU881 AND J1:LEU959:hydrogen_bond,5,J1:ALA906|J1:ARG1007|J1:LEU1010:hydrophobic|J1:LEU881|J1:LEU959:hydrogen_bond,beam_5,209,33,176,38,138,0.1578947368421052,0.1813186813186813,0.0449938195302843,3.509253903990746,4.639681208053691,7.539311482485828e-11,22.18611492001622,True,5.794066848548144e-09,True,J1:ALA906 AND J1:ARG1007 AND J1:LEU1010:hydrophobic AND J1:LEU881 AND J1:LEU959:hydrogen_bond,5,holdout,42,93,18,75,16,59,0.1935483870967742,0.2307692307692307,0.0449826989619377,4.30272952853598,6.324,4.1269043149399374e-08,209,3.509253903990746,7.539311482485828e-11,5.794066848548144e-09,J1:ALA906 AND J1:ARG1007 AND J1:LEU1010:hydrophobic AND J1:LEU881 AND J1:LEU959:hydrogen_bond,5,276,45,8,223,231,0.1630434782608695,0.1573426573426573,0.1025089605734767,1.59052903618121,1.8373120655278332,0.0010828749696598,0.1588623270980592,-0.0182739934136862,0.1771363205117454,0.0,428909.5,5.791082658797137e-11,14,2,12,9,3,0.1428571428571428,0.3333333333333333,0.0057142857142857,25.0,43.0,0.0024037600113818,3.753553234844625,0.3687834139285562,1.3874659672847194,2.7053299492385787,True,True,,False
J1:ARG1007 AND J1:LEU881 AND J1:LEU959 AND J2:TYR931,4,J1:ARG1007|J1:LEU881|J1:LEU959|J2:TYR931,beam_4,257,23,234,83,151,0.0894941634241245,0.1263736263736263,0.0449938195302843,1.9890323684098004,2.2433747245068,0.0014763903167429,12.952925695237044,True,0.0131284590937497,True,J1:ARG1007 AND J1:LEU881 AND J1:LEU959 AND J2:TYR931,4,holdout,42,115,11,104,31,73,0.0956521739130434,0.141025641025641,0.0449826989619377,2.126421404682274,2.450057405281286,0.0159498246665722,257,1.9890323684098004,0.0014763903167429,0.0131284590937497,J1:ARG1007 AND J1:LEU881 AND J1:LEU959 AND J2:TYR931,4,276,45,9,222,231,0.1630434782608695,0.1573426573426573,0.1025089605734767,1.59052903618121,1.8373120655278332,0.0010828749696598,0.1651006337600955,-0.0189588671761055,0.184059500936201,0.0,432214.0,9.556745055680335e-12,46,2,44,36,8,0.0434782608695652,0.3333333333333333,0.0057142857142857,7.608695652173913,11.363636363636363,0.0251766955129516,2.031492969396195,0.6320427805024061,1.2807611177730025,1.586160714285714,True,True,,False
J1:ALA906:hydrophobic AND J1:ARG1007 AND J1:LEU1010:hydrophobic AND J1:LEU881 AND J1:LEU959:hydrogen_bond,5,J1:ALA906:hydrophobic|J1:ARG1007|J1:LEU1010:hydrophobic|J1:LEU881|J1:LEU959:hydrogen_bond,beam_5,209,33,176,38,138,0.1578947368421052,0.1813186813186813,0.0449938195302843,3.509253903990746,4.639681208053691,7.539311482485828e-11,22.18611492001622,True,5.794066848548144e-09,True,J1:ALA906:hydrophobic AND J1:ARG1007 AND J1:LEU1010:hydrophobic AND J1:LEU881 AND J1:LEU959:hydrogen_bond,5,holdout,42,93,18,75,16,59,0.1935483870967742,0.2307692307692307,0.0449826989619377,4.30272952853598,6.324,4.1269043149399374e-08,209,3.509253903990746,7.539311482485828e-11,5.794066848548144e-09,J1:ALA906:hydrophobic AND J1:ARG1007 AND J1:LEU1010:hydrophobic AND J1:LEU881 AND J1:LEU959:hydrogen_bond,5,276,45,8,223,231,0.1630434782608695,0.1573426573426573,0.1025089605734767,1.59052903618121,1.8373120655278332,0.0010828749696598,0.1588623270980592,-0.0182739934136862,0.1771363205117454,0.0,428909.5,5.791082658797137e-11,14,2,12,9,3,0.1428571428571428,0.3333333333333333,0.0057142857142857,25.0,43.0,0.0024037600113818,3.753553234844625,0.3687834139285562,1.3874659672847194,2.7053299492385787,True,True,,False
J1:ALA906:hydrophobic AND J1:ARG1007 AND J1:LEU1010 AND J1:LEU881 AND J1:LEU959:hydrogen_bond,5,J1:ALA906:hydrophobic|J1:ARG1007|J1:LEU1010|J1:LEU881|J1:LEU959:hydrogen_bond,beam_5,209,33,176,38,138,0.1578947368421052,0.1813186813186813,0.0449938195302843,3.509253903990746,4.639681208053691,7.539311482485828e-11,22.18611492001622,True,5.794066848548144e-09,True,J1:ALA906:hydrophobic AND J1:ARG1007 AND J1:LEU1010 AND J1:LEU881 AND J1:LEU959:hydrogen_bond,5,holdout,42,93,18,75,16,59,0.1935483870967742,0.2307692307692307,0.0449826989619377,4.30272952853598,6.324,4.1269043149399374e-08,209,3.509253903990746,7.539311482485828e-11,5.794066848548144e-09,J1:ALA906:hydrophobic AND J1:ARG1007 AND J1:LEU1010 AND J1:LEU881 AND J1:LEU959:hydrogen_bond,5,276,45,8,223,231,0.1630434782608695,0.1573426573426573,0.1025089605734767,1.59052903618121,1.8373120655278332,0.0010828749696598,0.1588623270980592,-0.0182739934136862,0.1771363205117454,0.0,428909.5,5.791082658797137e-11,14,2,12,9,3,0.1428571428571428,0.3333333333333333,0.0057142857142857,25.0,43.0,0.0024037600113818,3.753553234844625,0.3687834139285562,1.3874659672847194,2.7053299492385787,True,True,,False
J1:ALA906:hydrophobic AND J1:ARG1007 AND J1:LEU881:hydrophobic AND J1:LEU959:hydrogen_bond AND J2:LEU855,5,J1:ALA906:hydrophobic|J1:ARG1007|J1:LEU881:hydrophobic|J1:LEU959:hydrogen_bond|J2:LEU855,beam_5,195,30,165,35,130,0.1538461538461538,0.1648351648351648,0.0449938195302843,3.4192730346576505,4.423444976076555,1.1992405190982963e-09,20.7636910329067,True,6.629825258533017e-08,True,J1:ALA906:hydrophobic AND J1:ARG1007 AND J1:LEU881:hydrophobic AND J1:LEU959:hydrogen_bond AND J2:LEU855,5,holdout,42,81,16,65,12,53,0.1975308641975308,0.2051282051282051,0.0449826989619377,4.3912630579297245,6.3166253101736975,1.990171601494357e-07,195,3.4192730346576505,1.1992405190982963e-09,6.629825258533017e-08,J1:ALA906:hydrophobic AND J1:ARG1007 AND J1:LEU881:hydrophobic AND J1:LEU959:hydrogen_bond AND J2:LEU855,5,314,51,13,250,263,0.1624203821656051,0.1783216783216783,0.1025089605734767,1.5844505812658678,1.849219318825338,0.0004921956265461,0.1348663326078769,-0.017949452989425,0.1528157855973019,0.0,474154.0,1.1417835550447112e-10,12,2,10,8,2,0.1666666666666666,0.3333333333333333,0.0057142857142857,29.166666666666664,51.7,0.0017523297030262,3.704487179487179,0.3512152292875689,1.4102790801875469,2.626775956284153,True,True,,False
J1:ALA906 AND J1:ARG1007 AND J1:LEU881:hydrophobic AND J1:LEU959:hydrogen_bond AND J2:LEU855,5,J1:ALA906|J1:ARG1007|J1:LEU881:hydrophobic|J1:LEU959:hydrogen_bond|J2:LEU855,beam_5,195,30,165,35,130,0.1538461538461538,0.1648351648351648,0.0449938195302843,3.4192730346576505,4.423444976076555,1.1992405190982963e-09,20.7636910329067,True,6.629825258533017e-08,True,J1:ALA906 AND J1:ARG1007 AND J1:LEU881:hydrophobic AND J1:LEU959:hydrogen_bond AND J2:LEU855,5,holdout,42,81,16,65,12,53,0.1975308641975308,0.2051282051282051,0.0449826989619377,4.3912630579297245,6.3166253101736975,1.990171601494357e-07,195,3.4192730346576505,1.1992405190982963e-09,6.629825258533017e-08,J1:ALA906 AND J1:ARG1007 AND J1:LEU881:hydrophobic AND J1:LEU959:hydrogen_bond AND J2:LEU855,5,314,51,13,250,263,0.1624203821656051,0.1783216783216783,0.1025089605734767,1.5844505812658678,1.849219318825338,0.0004921956265461,0.1348663326078769,-0.017949452989425,0.1528157855973019,0.0,474154.0,1.1417835550447112e-10,12,2,10,8,2,0.1666666666666666,0.3333333333333333,0.0057142857142857,29.166666666666664,51.7,0.0017523297030262,3.704487179487179,0.3512152292875689,1.4102790801875469,2.626775956284153,True,True,,False
J1:ALA906:hydrophobic AND J1:ARG1007 AND J1:LEU881 AND J1:LEU959 AND J2:LEU855:hydrophobic,5,J1:ALA906:hydrophobic|J1:ARG1007|J1:LEU881|J1:LEU959|J2:LEU855:hydrophobic,beam_5,220,30,190,47,143,0.1363636363636363,0.1648351648351648,0.0449938195302843,3.0307192807192807,3.815443213296399,2.2534308342624514e-08,19.861422539938097,True,9.072785305414004e-07,True,J1:ALA906:hydrophobic AND J1:ARG1007 AND J1:LEU881 AND J1:LEU959 AND J2:LEU855:hydrophobic,5,holdout,42,91,16,75,19,56,0.1758241758241758,0.2051282051282051,0.0449826989619377,3.908706677937447,5.44,1.0811603012492208e-06,220,3.0307192807192807,2.2534308342624514e-08,9.072785305414004e-07,J1:ALA906:hydrophobic AND J1:ARG1007 AND J1:LEU881 AND J1:LEU959 AND J2:LEU855:hydrophobic,5,345,56,16,273,289,0.1623188405797101,0.1958041958041958,0.1025089605734767,1.5834600182426268,1.8661050097788476,0.0002027835961673,0.126612748928883,-0.0187223785453609,0.145335127474244,0.0,508323.0,3.569506616878766e-10,31,2,29,22,7,0.064516129032258,0.3333333333333333,0.0057142857142857,11.29032258064516,17.5,0.0117582792724761,3.2875834776156316,0.4376914973457176,1.3609925359798436,2.4155778894472357,True,True,,False
J1:ALA906 AND J1:ARG1007 AND J1:LEU881 AND J1:LEU959 AND J2:LEU855:hydrophobic,5,J1:ALA906|J1:ARG1007|J1:LEU881|J1:LEU959|J2:LEU855:hydrophobic,beam_5,220,30,190,47,143,0.1363636363636363,0.1648351648351648,0.0449938195302843,3.0307192807192807,3.815443213296399,2.2534308342624514e-08,19.861422539938097,True,9.072785305414004e-07,True,J1:ALA906 AND J1:ARG1007 AND J1:LEU881 AND J1:LEU959 AND J2:LEU855:hydrophobic,5,holdout,42,91,16,75,19,56,0.1758241758241758,0.2051282051282051,0.0449826989619377,3.908706677937447,5.44,1.0811603012492208e-06,220,3.0307192807192807,2.2534308342624514e-08,9.072785305414004e-07,J1:ALA906 AND J1:ARG1007 AND J1:LEU881 AND J1:LEU959 AND J2:LEU855:hydrophobic,5,345,56,16,273,289,0.1623188405797101,0.1958041958041958,0.1025089605734767,1.5834600182426268,1.8661050097788476,0.0002027835961673,0.126612748928883,-0.0187223785453609,0.145335127474244,0.0,508323.0,3.569506616878766e-10,31,2,29,22,7,0.064516129032258,0.3333333333333333,0.0057142857142857,11.29032258064516,17.5,0.0117582792724761,3.2875834776156316,0.4376914973457176,1.3609925359798436,2.4155778894472357,True,True,,False
J1:ARG1007 AND J1:LEU881:hydrophobic AND J1:LEU959 AND J2:LEU855:hydrophobic AND J2:TYR931,5,J1:ARG1007|J1:LEU881:hydrophobic|J1:LEU959|J2:LEU855:hydrophobic|J2:TYR931,beam_5,247,22,225,78,147,0.0890688259109311,0.1208791208791208,0.0449938195302843,1.9795791253281132,2.223222222222222,0.0020979402663611,12.55660423583884,True,0.016978782531584,True,J1:ARG1007 AND J1:LEU881:hydrophobic AND J1:LEU959 AND J2:LEU855:hydrophobic AND J2:TYR931,5,holdout,42,108,10,98,29,69,0.0925925925925925,0.1282051282051282,0.0449826989619377,2.058404558404558,2.337935174069628,0.0260028034422982,247,1.9795791253281132,0.0020979402663611,0.016978782531584,J1:ARG1007 AND J1:LEU881:hydrophobic AND J1:LEU959 AND J2:LEU855:hydrophobic AND J2:TYR931,5,265,43,9,213,222,0.1622641509433962,0.1503496503496503,0.1025089605734767,1.5829265074548091,1.8189671152634117,0.0013465125199262,0.1625573382570487,-0.0178901036835884,0.1804474419406371,0.0,416356.5,2.8509293609177856e-11,44,2,42,35,7,0.0454545454545454,0.3333333333333333,0.0057142857142857,7.954545454545455,11.928571428571429,0.023131267945812,2.0035536294691223,0.621641483447437,1.2941614353030215,1.5481481481481485,True,True,,False
J1:ALA906 AND J1:ARG1007 AND J1:LEU1010 AND J1:LEU881:hydrophobic AND J1:LEU959,5,J1:ALA906|J1:ARG1007|J1:LEU1010|J1:LEU881:hydrophobic|J1:LEU959,beam_5,231,33,198,45,153,0.1428571428571428,0.1813186813186813,0.0449938195302843,3.1750392464678177,4.099552572706935,1.156697510884104e-09,21.443486656471144,True,6.41050661886419e-08,True,J1:ALA906 AND J1:ARG1007 AND J1:LEU1010 AND J1:LEU881:hydrophobic AND J1:LEU959,5,holdout,42,101,18,83,20,63,0.1782178217821782,0.2307692307692307,0.0449826989619377,3.961919268849962,5.685542168674699,1.5992697195602698e-07,231,3.1750392464678177,1.156697510884104e-09,6.41050661886419e-08,J1:ALA906 AND J1:ARG1007 AND J1:LEU1010 AND J1:LEU881:hydrophobic AND J1:LEU959,5,310,50,9,251,260,0.1612903225806451,0.1748251748251748,0.1025089605734767,1.573426573426573,1.8285528031290743,0.0006671005064811,0.1514085886392283,-0.0197707579197998,0.1711793465590282,0.0,465966.5,5.99786213599155e-10,29,2,27,19,8,0.0689655172413793,0.3333333333333333,0.0057142857142857,12.06896551724138,18.833333333333332,0.0103193853741863,3.414376737720111,0.4037939767635854,1.383817197387267,2.4673611111111113,True,True,,False
J1:ALA906:hydrophobic AND J1:ARG1007 AND J1:LEU1010 AND J1:LEU881:hydrophobic AND J1:LEU959,5,J1:ALA906:hydrophobic|J1:ARG1007|J1:LEU1010|J1:LEU881:hydrophobic|J1:LEU959,beam_5,231,33,198,45,153,0.1428571428571428,0.1813186813186813,0.0449938195302843,3.1750392464678177,4.099552572706935,1.156697510884104e-09,21.443486656471144,True,6.41050661886419e-08,True,J1:ALA906:hydrophobic AND J1:ARG1007 AND J1:LEU1010 AND J1:LEU881:hydrophobic AND J1:LEU959,5,holdout,42,101,18,83,20,63,0.1782178217821782,0.2307692307692307,0.0449826989619377,3.961919268849962,5.685542168674699,1.5992697195602698e-07,231,3.1750392464678177,1.156697510884104e-09,6.41050661886419e-08,J1:ALA906:hydrophobic AND J1:ARG1007 AND J1:LEU1010 AND J1:LEU881:hydrophobic AND J1:LEU959,5,310,50,9,251,260,0.1612903225806451,0.1748251748251748,0.1025089605734767,1.573426573426573,1.8285528031290743,0.0006671005064811,0.1514085886392283,-0.0197707579197998,0.1711793465590282,0.0,465966.5,5.99786213599155e-10,29,2,27,19,8,0.0689655172413793,0.3333333333333333,0.0057142857142857,12.06896551724138,18.833333333333332,0.0103193853741863,3.414376737720111,0.4037939767635854,1.383817197387267,2.4673611111111113,True,True,,False
J1:ALA906 AND J1:ARG1007 AND J1:LEU1010:hydrophobic AND J1:LEU881:hydrophobic AND J1:LEU959,5,J1:ALA906|J1:ARG1007|J1:LEU1010:hydrophobic|J1:LEU881:hydrophobic|J1:LEU959,beam_5,231,33,198,45,153,0.1428571428571428,0.1813186813186813,0.0449938195302843,3.1750392464678177,4.099552572706935,1.156697510884104e-09,21.443486656471144,True,6.41050661886419e-08,True,J1:ALA906 AND J1:ARG1007 AND J1:LEU1010:hydrophobic AND J1:LEU881:hydrophobic AND J1:LEU959,5,holdout,42,101,18,83,20,63,0.1782178217821782,0.2307692307692307,0.0449826989619377,3.961919268849962,5.685542168674699,1.5992697195602698e-07,231,3.1750392464678177,1.156697510884104e-09,6.41050661886419e-08,J1:ALA906 AND J1:ARG1007 AND J1:LEU1010:hydrophobic AND J1:LEU881:hydrophobic AND J1:LEU959,5,310,50,9,251,260,0.1612903225806451,0.1748251748251748,0.1025089605734767,1.573426573426573,1.8285528031290743,0.0006671005064811,0.1514085886392283,-0.0197707579197998,0.1711793465590282,0.0,465966.5,5.99786213599155e-10,29,2,27,19,8,0.0689655172413793,0.3333333333333333,0.0057142857142857,12.06896551724138,18.833333333333332,0.0103193853741863,3.414376737720111,0.4037939767635854,1.383817197387267,2.4673611111111113,True,True,,False
J1:ALA906:hydrophobic AND J1:ARG1007 AND J1:LEU1010:hydrophobic AND J1:LEU881:hydrophobic AND J1:LEU959,5,J1:ALA906:hydrophobic|J1:ARG1007|J1:LEU1010:hydrophobic|J1:LEU881:hydrophobic|J1:LEU959,beam_5,231,33,198,45,153,0.1428571428571428,0.1813186813186813,0.0449938195302843,3.1750392464678177,4.099552572706935,1.156697510884104e-09,21.443486656471144,True,6.41050661886419e-08,True,J1:ALA906:hydrophobic AND J1:ARG1007 AND J1:LEU1010:hydrophobic AND J1:LEU881:hydrophobic AND J1:LEU959,5,holdout,42,101,18,83,20,63,0.1782178217821782,0.2307692307692307,0.0449826989619377,3.961919268849962,5.685542168674699,1.5992697195602698e-07,231,3.1750392464678177,1.156697510884104e-09,6.41050661886419e-08,J1:ALA906:hydrophobic AND J1:ARG1007 AND J1:LEU1010:hydrophobic AND J1:LEU881:hydrophobic AND J1:LEU959,5,310,50,9,251,260,0.1612903225806451,0.1748251748251748,0.1025089605734767,1.573426573426573,1.8285528031290743,0.0006671005064811,0.1514085886392283,-0.0197707579197998,0.1711793465590282,0.0,465966.5,5.99786213599155e-10,29,2,27,19,8,0.0689655172413793,0.3333333333333333,0.0057142857142857,12.06896551724138,18.833333333333332,0.0103193853741863,3.414376737720111,0.4037939767635854,1.383817197387267,2.4673611111111113,True,True,,False
J1:ALA906:hydrophobic AND J1:ARG1007 AND J1:LEU1010:hydrophobic AND J1:LEU959 AND J2:LEU855,5,J1:ALA906:hydrophobic|J1:ARG1007|J1:LEU1010:hydrophobic|J1:LEU959|J2:LEU855,beam_5,220,28,192,49,143,0.1272727272727272,0.1538461538461538,0.0449938195302843,2.8286713286713283,3.476325757575758,3.1574471539735517e-07,18.48080945431162,True,9.605867843948787e-06,True,J1:ALA906:hydrophobic AND J1:ARG1007 AND J1:LEU1010:hydrophobic AND J1:LEU959 AND J2:LEU855,5,holdout,42,97,16,81,24,57,0.1649484536082474,0.2051282051282051,0.0449826989619377,3.666931007137193,5.017921146953405,2.6575024185246366e-06,220,2.8286713286713283,3.1574471539735517e-07,9.605867843948787e-06,J1:ALA906:hydrophobic AND J1:ARG1007 AND J1:LEU1010:hydrophobic AND J1:LEU959 AND J2:LEU855,5,329,53,10,266,276,0.1610942249240121,0.1853146853146853,0.1025089605734767,1.5715135927901884,1.8362256639920385,0.0004471021184274,0.1386350964764023,-0.0193847069905238,0.1580198034669261,0.0,483278.0,6.581611412195835e-09,32,2,30,23,7,0.0625,0.3333333333333333,0.0057142857142857,10.9375,16.9,0.0125098860767585,3.085124969667556,0.4749502946295684,1.341942135566575,2.299,True,True,,False
J1:ALA906:hydrophobic AND J1:ARG1007 AND J1:LEU1010 AND J1:LEU959 AND J2:LEU855,5,J1:ALA906:hydrophobic|J1:ARG1007|J1:LEU1010|J1:LEU959|J2:LEU855,beam_5,220,28,192,49,143,0.1272727272727272,0.1538461538461538,0.0449938195302843,2.8286713286713283,3.476325757575758,3.1574471539735517e-07,18.48080945431162,True,9.605867843948787e-06,True,J1:ALA906:hydrophobic AND J1:ARG1007 AND J1:LEU1010 AND J1:LEU959 AND J2:LEU855,5,holdout,42,97,16,81,24,57,0.1649484536082474,0.2051282051282051,0.0449826989619377,3.666931007137193,5.017921146953405,2.6575024185246366e-06,220,2.8286713286713283,3.1574471539735517e-07,9.605867843948787e-06,J1:ALA906:hydrophobic AND J1:ARG1007 AND J1:LEU1010 AND J1:LEU959 AND J2:LEU855,5,329,53,10,266,276,0.1610942249240121,0.1853146853146853,0.1025089605734767,1.5715135927901884,1.8362256639920385,0.0004471021184274,0.1386350964764023,-0.0193847069905238,0.1580198034669261,0.0,483278.0,6.581611412195835e-09,32,2,30,23,7,0.0625,0.3333333333333333,0.0057142857142857,10.9375,16.9,0.0125098860767585,3.085124969667556,0.4749502946295684,1.341942135566575,2.299,True,True,,False
J1:ALA906 AND J1:ARG1007 AND J1:LEU1010 AND J1:LEU959 AND J2:LEU855,5,J1:ALA906|J1:ARG1007|J1:LEU1010|J1:LEU959|J2:LEU855,beam_5,220,28,192,49,143,0.1272727272727272,0.1538461538461538,0.0449938195302843,2.8286713286713283,3.476325757575758,3.1574471539735517e-07,18.48080945431162,True,9.605867843948787e-06,True,J1:ALA906 AND J1:ARG1007 AND J1:LEU1010 AND J1:LEU959 AND J2:LEU855,5,holdout,42,97,16,81,24,57,0.1649484536082474,0.2051282051282051,0.0449826989619377,3.666931007137193,5.017921146953405,2.6575024185246366e-06,220,2.8286713286713283,3.1574471539735517e-07,9.605867843948787e-06,J1:ALA906 AND J1:ARG1007 AND J1:LEU1010 AND J1:LEU959 AND J2:LEU855,5,329,53,10,266,276,0.1610942249240121,0.1853146853146853,0.1025089605734767,1.5715135927901884,1.8362256639920385,0.0004471021184274,0.1386350964764023,-0.0193847069905238,0.1580198034669261,0.0,483278.0,6.581611412195835e-09,32,2,30,23,7,0.0625,0.3333333333333333,0.0057142857142857,10.9375,16.9,0.0125098860767585,3.085124969667556,0.4749502946295684,1.341942135566575,2.299,True,True,,False
J1:ALA906 AND J1:ARG1007 AND J1:LEU1010:hydrophobic AND J1:LEU959 AND J2:LEU855,5,J1:ALA906|J1:ARG1007|J1:LEU1010:hydrophobic|J1:LEU959|J2:LEU855,beam_5,220,28,192,49,143,0.1272727272727272,0.1538461538461538,0.0449938195302843,2.8286713286713283,3.476325757575758,3.1574471539735517e-07,18.48080945431162,True,9.605867843948787e-06,True,J1:ALA906 AND J1:ARG1007 AND J1:LEU1010:hydrophobic AND J1:LEU959 AND J2:LEU855,5,holdout,42,97,16,81,24,57,0.1649484536082474,0.2051282051282051,0.0449826989619377,3.666931007137193,5.017921146953405,2.6575024185246366e-06,220,2.8286713286713283,3.1574471539735517e-07,9.605867843948787e-06,J1:ALA906 AND J1:ARG1007 AND J1:LEU1010:hydrophobic AND J1:LEU959 AND J2:LEU855,5,329,53,10,266,276,0.1610942249240121,0.1853146853146853,0.1025089605734767,1.5715135927901884,1.8362256639920385,0.0004471021184274,0.1386350964764023,-0.0193847069905238,0.1580198034669261,0.0,483278.0,6.581611412195835e-09,32,2,30,23,7,0.0625,0.3333333333333333,0.0057142857142857,10.9375,16.9,0.0125098860767585,3.085124969667556,0.4749502946295684,1.341942135566575,2.299,True,True,,False
J1:ALA906 AND J1:ARG1007 AND J1:LEU881 AND J1:LEU959:hydrogen_bond AND J2:LEU855,5,J1:ALA906|J1:ARG1007|J1:LEU881|J1:LEU959:hydrogen_bond|J2:LEU855,beam_5,197,30,167,37,130,0.1522842639593908,0.1648351648351648,0.0449938195302843,3.384559602833715,4.368105893476206,1.546363719386054e-09,20.693200369852324,True,8.345629046704299e-08,True,J1:ALA906 AND J1:ARG1007 AND J1:LEU881 AND J1:LEU959:hydrogen_bond AND J2:LEU855,5,holdout,42,82,16,66,13,53,0.1951219512195122,0.2051282051282051,0.0449826989619377,4.337711069418386,6.217008797653959,2.386379838579137e-07,197,3.384559602833715,1.546363719386054e-09,8.345629046704299e-08,J1:ALA906 AND J1:ARG1007 AND J1:LEU881 AND J1:LEU959:hydrogen_bond AND J2:LEU855,5,318,51,14,253,267,0.160377358490566,0.1783216783216783,0.1025089605734767,1.5645203852751022,1.8182644035381303,0.0007632416686383,0.1307900515694171,-0.0176723517645702,0.1484624033339873,0.0,479153.5,1.0286201575105085e-10,14,2,12,10,2,0.1428571428571428,0.3333333333333333,0.0057142857142857,25.0,43.0,0.0024037600113818,3.6646539840088224,0.3696156611125182,1.395114789002735,2.6267759562841526,True,True,,False
J1:ALA906:hydrophobic AND J1:ARG1007 AND J1:LEU881 AND J1:LEU959:hydrogen_bond AND J2:LEU855,5,J1:ALA906:hydrophobic|J1:ARG1007|J1:LEU881|J1:LEU959:hydrogen_bond|J2:LEU855,beam_5,197,30,167,37,130,0.1522842639593908,0.1648351648351648,0.0449938195302843,3.384559602833715,4.368105893476206,1.546363719386054e-09,20.693200369852324,True,8.345629046704299e-08,True,J1:ALA906:hydrophobic AND J1:ARG1007 AND J1:LEU881 AND J1:LEU959:hydrogen_bond AND J2:LEU855,5,holdout,42,82,16,66,13,53,0.1951219512195122,0.2051282051282051,0.0449826989619377,4.337711069418386,6.217008797653959,2.386379838579137e-07,197,3.384559602833715,1.546363719386054e-09,8.345629046704299e-08,J1:ALA906:hydrophobic AND J1:ARG1007 AND J1:LEU881 AND J1:LEU959:hydrogen_bond AND J2:LEU855,5,318,51,14,253,267,0.160377358490566,0.1783216783216783,0.1025089605734767,1.5645203852751022,1.8182644035381303,0.0007632416686383,0.1307900515694171,-0.0176723517645702,0.1484624033339873,0.0,479153.5,1.0286201575105085e-10,14,2,12,10,2,0.1428571428571428,0.3333333333333333,0.0057142857142857,25.0,43.0,0.0024037600113818,3.6646539840088224,0.3696156611125182,1.395114789002735,2.6267759562841526,True,True,,False
J1:ALA906:hydrophobic AND J1:ARG1007 AND J1:LEU881:hydrophobic AND J1:LEU959 AND J2:LEU855,5,J1:ALA906:hydrophobic|J1:ARG1007|J1:LEU881:hydrophobic|J1:LEU959|J2:LEU855,beam_5,220,30,190,47,143,0.1363636363636363,0.1648351648351648,0.0449938195302843,3.0307192807192807,3.815443213296399,2.2534308342624514e-08,19.861422539938097,True,9.072785305414004e-07,True,J1:ALA906:hydrophobic AND J1:ARG1007 AND J1:LEU881:hydrophobic AND J1:LEU959 AND J2:LEU855,5,holdout,42,90,16,74,17,57,0.1777777777777777,0.2051282051282051,0.0449826989619377,3.952136752136752,5.517000871839581,9.233910325578752e-07,220,3.0307192807192807,2.2534308342624514e-08,9.072785305414004e-07,J1:ALA906:hydrophobic AND J1:ARG1007 AND J1:LEU881:hydrophobic AND J1:LEU959 AND J2:LEU855,5,357,57,15,285,300,0.1596638655462184,0.1993006993006993,0.1025089605734767,1.5575600869718516,1.828646288209607,0.0003458261603459,0.1256608511268185,-0.0192995236396289,0.1449603747664474,0.0,519713.0,1.064692634671826e-09,29,2,27,20,7,0.0689655172413793,0.3333333333333333,0.0057142857142857,12.06896551724138,18.833333333333332,0.0103193853741863,3.29818858560794,0.4257972416016209,1.3722440547567882,2.4034999999999997,True,True,,False
J1:ALA906 AND J1:ARG1007 AND J1:LEU881:hydrophobic AND J1:LEU959 AND J2:LEU855,5,J1:ALA906|J1:ARG1007|J1:LEU881:hydrophobic|J1:LEU959|J2:LEU855,beam_5,220,30,190,47,143,0.1363636363636363,0.1648351648351648,0.0449938195302843,3.0307192807192807,3.815443213296399,2.2534308342624514e-08,19.861422539938097,True,9.072785305414004e-07,True,J1:ALA906 AND J1:ARG1007 AND J1:LEU881:hydrophobic AND J1:LEU959 AND J2:LEU855,5,holdout,42,90,16,74,17,57,0.1777777777777777,0.2051282051282051,0.0449826989619377,3.952136752136752,5.517000871839581,9.233910325578752e-07,220,3.0307192807192807,2.2534308342624514e-08,9.072785305414004e-07,J1:ALA906 AND J1:ARG1007 AND J1:LEU881:hydrophobic AND J1:LEU959 AND J2:LEU855,5,357,57,15,285,300,0.1596638655462184,0.1993006993006993,0.1025089605734767,1.5575600869718516,1.828646288209607,0.0003458261603459,0.1256608511268185,-0.0192995236396289,0.1449603747664474,0.0,519713.0,1.064692634671826e-09,29,2,27,20,7,0.0689655172413793,0.3333333333333333,0.0057142857142857,12.06896551724138,18.833333333333332,0.0103193853741863,3.29818858560794,0.4257972416016209,1.3722440547567882,2.4034999999999997,True,True,,False
J1:ALA906 AND J1:ARG1007 AND J1:LEU1010:hydrophobic AND J1:LEU881 AND J1:LEU959,5,J1:ALA906|J1:ARG1007|J1:LEU1010:hydrophobic|J1:LEU881|J1:LEU959,beam_5,236,33,203,50,153,0.1398305084745762,0.1813186813186813,0.0449938195302843,3.1077714658223132,3.99312328495388,2.042917039340706e-09,21.270224820892555,True,1.0525108586683317e-07,True,J1:ALA906 AND J1:ARG1007 AND J1:LEU1010:hydrophobic AND J1:LEU881 AND J1:LEU959,5,holdout,42,104,18,86,22,64,0.173076923076923,0.2307692307692307,0.0449826989619377,3.8476331360946743,5.476744186046512,2.5621440040572573e-07,236,3.1077714658223132,2.042917039340706e-09,1.0525108586683317e-07,J1:ALA906 AND J1:ARG1007 AND J1:LEU1010:hydrophobic AND J1:LEU881 AND J1:LEU959,5,314,50,10,254,264,0.1592356687898089,0.1748251748251748,0.1025089605734767,1.5533829228096745,1.79763739085773,0.0010228782200239,0.1470696510775861,-0.0194970466887338,0.1665666977663199,0.0,470982.0,5.384032036857774e-10,32,2,30,22,8,0.0625,0.3333333333333333,0.0057142857142857,10.9375,16.9,0.0125098860767585,3.3340384615384613,0.4367552588487215,1.357512611227781,2.4559907834101384,True,True,,False
J1:ALA906:hydrophobic AND J1:ARG1007 AND J1:LEU1010 AND J1:LEU881 AND J1:LEU959,5,J1:ALA906:hydrophobic|J1:ARG1007|J1:LEU1010|J1:LEU881|J1:LEU959,beam_5,236,33,203,50,153,0.1398305084745762,0.1813186813186813,0.0449938195302843,3.1077714658223132,3.99312328495388,2.042917039340706e-09,21.270224820892555,True,1.0525108586683317e-07,True,J1:ALA906:hydrophobic AND J1:ARG1007 AND J1:LEU1010 AND J1:LEU881 AND J1:LEU959,5,holdout,42,104,18,86,22,64,0.173076923076923,0.2307692307692307,0.0449826989619377,3.8476331360946743,5.476744186046512,2.5621440040572573e-07,236,3.1077714658223132,2.042917039340706e-09,1.0525108586683317e-07,J1:ALA906:hydrophobic AND J1:ARG1007 AND J1:LEU1010 AND J1:LEU881 AND J1:LEU959,5,314,50,10,254,264,0.1592356687898089,0.1748251748251748,0.1025089605734767,1.5533829228096745,1.79763739085773,0.0010228782200239,0.1470696510775861,-0.0194970466887338,0.1665666977663199,0.0,470982.0,5.384032036857774e-10,32,2,30,22,8,0.0625,0.3333333333333333,0.0057142857142857,10.9375,16.9,0.0125098860767585,3.3340384615384613,0.4367552588487215,1.357512611227781,2.4559907834101384,True,True,,False
J1:ALA906 AND J1:ARG1007 AND J1:LEU1010 AND J1:LEU881 AND J1:LEU959,5,J1:ALA906|J1:ARG1007|J1:LEU1010|J1:LEU881|J1:LEU959,beam_5,236,33,203,50,153,0.1398305084745762,0.1813186813186813,0.0449938195302843,3.1077714658223132,3.99312328495388,2.042917039340706e-09,21.270224820892555,True,1.0525108586683317e-07,True,J1:ALA906 AND J1:ARG1007 AND J1:LEU1010 AND J1:LEU881 AND J1:LEU959,5,holdout,42,104,18,86,22,64,0.173076923076923,0.2307692307692307,0.0449826989619377,3.8476331360946743,5.476744186046512,2.5621440040572573e-07,236,3.1077714658223132,2.042917039340706e-09,1.0525108586683317e-07,J1:ALA906 AND J1:ARG1007 AND J1:LEU1010 AND J1:LEU881 AND J1:LEU959,5,314,50,10,254,264,0.1592356687898089,0.1748251748251748,0.1025089605734767,1.5533829228096745,1.79763739085773,0.0010228782200239,0.1470696510775861,-0.0194970466887338,0.1665666977663199,0.0,470982.0,5.384032036857774e-10,32,2,30,22,8,0.0625,0.3333333333333333,0.0057142857142857,10.9375,16.9,0.0125098860767585,3.3340384615384613,0.4367552588487215,1.357512611227781,2.4559907834101384,True,True,,False
J1:ALA906:hydrophobic AND J1:ARG1007 AND J1:LEU1010:hydrophobic AND J1:LEU881 AND J1:LEU959,5,J1:ALA906:hydrophobic|J1:ARG1007|J1:LEU1010:hydrophobic|J1:LEU881|J1:LEU959,beam_5,236,33,203,50,153,0.1398305084745762,0.1813186813186813,0.0449938195302843,3.1077714658223132,3.99312328495388,2.042917039340706e-09,21.270224820892555,True,1.0525108586683317e-07,True,J1:ALA906:hydrophobic AND J1:ARG1007 AND J1:LEU1010:hydrophobic AND J1:LEU881 AND J1:LEU959,5,holdout,42,104,18,86,22,64,0.173076923076923,0.2307692307692307,0.0449826989619377,3.8476331360946743,5.476744186046512,2.5621440040572573e-07,236,3.1077714658223132,2.042917039340706e-09,1.0525108586683317e-07,J1:ALA906:hydrophobic AND J1:ARG1007 AND J1:LEU1010:hydrophobic AND J1:LEU881 AND J1:LEU959,5,314,50,10,254,264,0.1592356687898089,0.1748251748251748,0.1025089605734767,1.5533829228096745,1.79763739085773,0.0010228782200239,0.1470696510775861,-0.0194970466887338,0.1665666977663199,0.0,470982.0,5.384032036857774e-10,32,2,30,22,8,0.0625,0.3333333333333333,0.0057142857142857,10.9375,16.9,0.0125098860767585,3.3340384615384613,0.4367552588487215,1.357512611227781,2.4559907834101384,True,True,,False
J1:ALA906 AND J1:ARG1007 AND J1:LEU959:hydrogen_bond,3,J1:ALA906|J1:ARG1007|J1:LEU959:hydrogen_bond,beam_3,241,35,206,56,150,0.1452282157676348,0.1923076923076923,0.0449938195302843,3.22773699329716,4.226768377253814,2.064815424686205e-10,22.377131042249545,True,1.3822396590083286e-08,True,J1:ALA906 AND J1:ARG1007 AND J1:LEU959:hydrogen_bond,3,holdout,42,111,19,92,22,70,0.1711711711711711,0.2435897435897435,0.0449826989619377,3.8052668052668057,5.47457627118644,1.3269067011688308e-07,241,3.22773699329716,2.064815424686205e-10,1.3822396590083286e-08,J1:ALA906 AND J1:ARG1007 AND J1:LEU959:hydrogen_bond,3,348,55,15,278,293,0.1580459770114942,0.1923076923076923,0.1025089605734767,1.5417771883289124,1.7966845441248172,0.0006127869504597,0.1226859056038051,-0.0183413236335246,0.1410272292373297,0.0,509224.0,1.154089029365216e-09,21,2,19,16,3,0.0952380952380952,0.3333333333333333,0.0057142857142857,16.666666666666664,26.973684210526315,0.0054485086252736,3.4098120629370627,0.4570213646096944,1.3293614280456385,2.565,True,True,,False
J1:ALA906:hydrophobic AND J1:ARG1007 AND J1:LEU959:hydrogen_bond,3,J1:ALA906:hydrophobic|J1:ARG1007|J1:LEU959:hydrogen_bond,beam_3,241,35,206,56,150,0.1452282157676348,0.1923076923076923,0.0449938195302843,3.22773699329716,4.226768377253814,2.064815424686205e-10,22.377131042249545,True,1.3822396590083286e-08,True,J1:ALA906:hydrophobic AND J1:ARG1007 AND J1:LEU959:hydrogen_bond,3,holdout,42,111,19,92,22,70,0.1711711711711711,0.2435897435897435,0.0449826989619377,3.8052668052668057,5.47457627118644,1.3269067011688308e-07,241,3.22773699329716,2.064815424686205e-10,1.3822396590083286e-08,J1:ALA906:hydrophobic AND J1:ARG1007 AND J1:LEU959:hydrogen_bond,3,348,55,15,278,293,0.1580459770114942,0.1923076923076923,0.1025089605734767,1.5417771883289124,1.7966845441248172,0.0006127869504597,0.1226859056038051,-0.0183413236335246,0.1410272292373297,0.0,509224.0,1.154089029365216e-09,21,2,19,16,3,0.0952380952380952,0.3333333333333333,0.0057142857142857,16.666666666666664,26.973684210526315,0.0054485086252736,3.4098120629370627,0.4570213646096944,1.3293614280456385,2.565,True,True,,False
J1:ALA906 AND J1:ARG1007 AND J1:LEU881 AND J1:LEU959 AND J2:LEU855,5,J1:ALA906|J1:ARG1007|J1:LEU881|J1:LEU959|J2:LEU855,beam_5,222,30,192,49,143,0.1351351351351351,0.1648351648351648,0.0449938195302843,3.003415503415504,3.7736430921052633,2.7900366027374513e-08,19.787363340727577,True,1.0886425371683282e-06,True,J1:ALA906 AND J1:ARG1007 AND J1:LEU881 AND J1:LEU959 AND J2:LEU855,5,holdout,42,92,16,76,19,57,0.1739130434782608,0.2051282051282051,0.0449826989619377,3.866220735785953,5.365025466893039,1.2629396398779523e-06,222,3.003415503415504,2.7900366027374513e-08,1.0886425371683282e-06,J1:ALA906 AND J1:ARG1007 AND J1:LEU881 AND J1:LEU959 AND J2:LEU855,5,361,57,16,288,304,0.1578947368421052,0.1993006993006993,0.1025089605734767,1.540301803459698,1.8013100436681222,0.0003890196126026,0.1221721102838655,-0.0190197402121936,0.1411918504960592,0.0,524540.5,9.4119307823597e-10,32,2,30,23,7,0.0625,0.3333333333333333,0.0057142857142857,10.9375,16.9,0.0125098860767585,3.256173444390005,0.4466463899762226,1.3547632387726252,2.4035,True,True,,False
J1:ALA906:hydrophobic AND J1:ARG1007 AND J1:LEU881 AND J1:LEU959 AND J2:LEU855,5,J1:ALA906:hydrophobic|J1:ARG1007|J1:LEU881|J1:LEU959|J2:LEU855,beam_5,222,30,192,49,143,0.1351351351351351,0.1648351648351648,0.0449938195302843,3.003415503415504,3.7736430921052633,2.7900366027374513e-08,19.787363340727577,True,1.0886425371683282e-06,True,J1:ALA906:hydrophobic AND J1:ARG1007 AND J1:LEU881 AND J1:LEU959 AND J2:LEU855,5,holdout,42,92,16,76,19,57,0.1739130434782608,0.2051282051282051,0.0449826989619377,3.866220735785953,5.365025466893039,1.2629396398779523e-06,222,3.003415503415504,2.7900366027374513e-08,1.0886425371683282e-06,J1:ALA906:hydrophobic AND J1:ARG1007 AND J1:LEU881 AND J1:LEU959 AND J2:LEU855,5,361,57,16,288,304,0.1578947368421052,0.1993006993006993,0.1025089605734767,1.540301803459698,1.8013100436681222,0.0003890196126026,0.1221721102838655,-0.0190197402121936,0.1411918504960592,0.0,524540.5,9.4119307823597e-10,32,2,30,23,7,0.0625,0.3333333333333333,0.0057142857142857,10.9375,16.9,0.0125098860767585,3.256173444390005,0.4466463899762226,1.3547632387726252,2.4035,True,True,,False
J1:ALA906:hydrophobic AND J1:ARG1007 AND J1:LEU959 AND J2:LEU855:hydrophobic,4,J1:ALA906:hydrophobic|J1:ARG1007|J1:LEU959|J2:LEU855:hydrophobic,beam_4,233,30,203,55,148,0.1287553648068669,0.1648351648351648,0.0449938195302843,2.861623355185587,3.558465128338087,8.599321373474937e-08,19.375470987067395,True,2.995050173218187e-06,True,J1:ALA906:hydrophobic AND J1:ARG1007 AND J1:LEU959 AND J2:LEU855:hydrophobic,4,holdout,42,102,17,85,25,60,0.1666666666666666,0.2179487179487179,0.0449826989619377,3.705128205128205,5.150819672131147,1.0408812846383157e-06,233,2.861623355185587,8.599321373474937e-08,2.995050173218187e-06,J1:ALA906:hydrophobic AND J1:ARG1007 AND J1:LEU959 AND J2:LEU855:hydrophobic,4,381,60,16,305,321,0.1574803149606299,0.2097902097902098,0.1025089605734767,1.5362590165739771,1.8054751468034076,0.0003556147403863,0.1122613417942281,-0.018624486669383,0.1308858284636112,0.0,539320.5,2.3363055653681785e-08,36,2,34,27,7,0.0555555555555555,0.3333333333333333,0.0057142857142857,9.72222222222222,14.852941176470589,0.0157264732728177,3.118404133180253,0.4925266600615765,1.320631293294294,2.361298076923077,True,True,,False
J1:ALA906 AND J1:ARG1007 AND J1:LEU959 AND J2:LEU855:hydrophobic,4,J1:ALA906|J1:ARG1007|J1:LEU959|J2:LEU855:hydrophobic,beam_4,233,30,203,55,148,0.1287553648068669,0.1648351648351648,0.0449938195302843,2.861623355185587,3.558465128338087,8.599321373474937e-08,19.375470987067395,True,2.995050173218187e-06,True,J1:ALA906 AND J1:ARG1007 AND J1:LEU959 AND J2:LEU855:hydrophobic,4,holdout,42,102,17,85,25,60,0.1666666666666666,0.2179487179487179,0.0449826989619377,3.705128205128205,5.150819672131147,1.0408812846383157e-06,233,2.861623355185587,8.599321373474937e-08,2.995050173218187e-06,J1:ALA906 AND J1:ARG1007 AND J1:LEU959 AND J2:LEU855:hydrophobic,4,381,60,16,305,321,0.1574803149606299,0.2097902097902098,0.1025089605734767,1.5362590165739771,1.8054751468034076,0.0003556147403863,0.1122613417942281,-0.018624486669383,0.1308858284636112,0.0,539320.5,2.3363055653681785e-08,36,2,34,27,7,0.0555555555555555,0.3333333333333333,0.0057142857142857,9.72222222222222,14.852941176470589,0.0157264732728177,3.118404133180253,0.4925266600615765,1.320631293294294,2.361298076923077,True,True,,False
J1:ALA906:hydrophobic AND J1:ARG1007 AND J1:LEU881:hydrophobic AND J1:LEU959:hydrogen_bond,4,J1:ALA906:hydrophobic|J1:ARG1007|J1:LEU881:hydrophobic|J1:LEU959:hydrogen_bond,beam_4,215,35,180,38,142,0.1627906976744186,0.1923076923076923,0.0449938195302843,3.6180679785330954,4.871693121693122,7.279675469090204e-12,23.21781059788527,True,7.801016707484567e-10,True,J1:ALA906:hydrophobic AND J1:ARG1007 AND J1:LEU881:hydrophobic AND J1:LEU959:hydrogen_bond,4,holdout,42,94,18,76,14,62,0.1914893617021276,0.2307692307692307,0.0449826989619377,4.256955810147299,6.2368421052631575,4.9294803388715085e-08,215,3.6180679785330954,7.279675469090204e-12,7.801016707484567e-10,J1:ALA906:hydrophobic AND J1:ARG1007 AND J1:LEU881:hydrophobic AND J1:LEU959:hydrogen_bond,4,324,51,13,260,273,0.1574074074074074,0.1783216783216783,0.1025089605734767,1.5355477855477857,1.7735328501285947,0.0012029877758451,0.1296574003453985,-0.0178847586678232,0.1475421590132217,0.0,483515.0,3.9672495275776125e-10,13,2,11,8,3,0.1538461538461538,0.3333333333333333,0.0057142857142857,26.923076923076923,46.95454545454545,0.0020656446938343,3.8123848643266114,0.3470798712893472,1.4042186735084028,2.7149509803921563,True,True,,False
J1:ALA906 AND J1:ARG1007 AND J1:LEU881:hydrophobic AND J1:LEU959:hydrogen_bond,4,J1:ALA906|J1:ARG1007|J1:LEU881:hydrophobic|J1:LEU959:hydrogen_bond,beam_4,215,35,180,38,142,0.1627906976744186,0.1923076923076923,0.0449938195302843,3.6180679785330954,4.871693121693122,7.279675469090204e-12,23.21781059788527,True,7.801016707484567e-10,True,J1:ALA906 AND J1:ARG1007 AND J1:LEU881:hydrophobic AND J1:LEU959:hydrogen_bond,4,holdout,42,94,18,76,14,62,0.1914893617021276,0.2307692307692307,0.0449826989619377,4.256955810147299,6.2368421052631575,4.9294803388715085e-08,215,3.6180679785330954,7.279675469090204e-12,7.801016707484567e-10,J1:ALA906 AND J1:ARG1007 AND J1:LEU881:hydrophobic AND J1:LEU959:hydrogen_bond,4,324,51,13,260,273,0.1574074074074074,0.1783216783216783,0.1025089605734767,1.5355477855477857,1.7735328501285947,0.0012029877758451,0.1296574003453985,-0.0178847586678232,0.1475421590132217,0.0,483515.0,3.9672495275776125e-10,13,2,11,8,3,0.1538461538461538,0.3333333333333333,0.0057142857142857,26.923076923076923,46.95454545454545,0.0020656446938343,3.8123848643266114,0.3470798712893472,1.4042186735084028,2.7149509803921563,True,True,,False
J1:ALA906 AND J1:ARG1007 AND J1:LEU881:hydrophobic AND J1:LEU959,4,J1:ALA906|J1:ARG1007|J1:LEU881:hydrophobic|J1:LEU959,beam_4,242,35,207,50,157,0.1446280991735537,0.1923076923076923,0.0449938195302843,3.2143992371265098,4.205198987807684,2.3241201765088487e-10,22.34392057123355,True,1.535868504606381e-08,True,J1:ALA906 AND J1:ARG1007 AND J1:LEU881:hydrophobic AND J1:LEU959,4,holdout,42,105,18,87,20,67,0.1714285714285714,0.2307692307692307,0.0449826989619377,3.810989010989011,5.410344827586207,2.9858150849784577e-07,242,3.2143992371265098,2.3241201765088487e-10,1.535868504606381e-08,J1:ALA906 AND J1:ARG1007 AND J1:LEU881:hydrophobic AND J1:LEU959,4,378,59,15,304,319,0.156084656084656,0.2062937062937063,0.1025089605734767,1.5226440226440223,1.7802742601466588,0.000485066771981,0.1276810124257886,-0.0208782088971355,0.1485592213229242,0.0,546679.0,2.4701723521669343e-10,31,2,29,21,8,0.064516129032258,0.3333333333333333,0.0057142857142857,11.29032258064516,17.5,0.0117582792724761,3.3948902682332074,0.4160572830851574,1.3730349735203369,2.4725446428571423,True,True,,False
J1:ALA906:hydrophobic AND J1:ARG1007 AND J1:LEU881:hydrophobic AND J1:LEU959,4,J1:ALA906:hydrophobic|J1:ARG1007|J1:LEU881:hydrophobic|J1:LEU959,beam_4,242,35,207,50,157,0.1446280991735537,0.1923076923076923,0.0449938195302843,3.2143992371265098,4.205198987807684,2.3241201765088487e-10,22.34392057123355,True,1.535868504606381e-08,True,J1:ALA906:hydrophobic AND J1:ARG1007 AND J1:LEU881:hydrophobic AND J1:LEU959,4,holdout,42,105,18,87,20,67,0.1714285714285714,0.2307692307692307,0.0449826989619377,3.810989010989011,5.410344827586207,2.9858150849784577e-07,242,3.2143992371265098,2.3241201765088487e-10,1.535868504606381e-08,J1:ALA906:hydrophobic AND J1:ARG1007 AND J1:LEU881:hydrophobic AND J1:LEU959,4,378,59,15,304,319,0.156084656084656,0.2062937062937063,0.1025089605734767,1.5226440226440223,1.7802742601466588,0.000485066771981,0.1276810124257886,-0.0208782088971355,0.1485592213229242,0.0,546679.0,2.4701723521669343e-10,31,2,29,21,8,0.064516129032258,0.3333333333333333,0.0057142857142857,11.29032258064516,17.5,0.0117582792724761,3.3948902682332074,0.4160572830851574,1.3730349735203369,2.4725446428571423,True,True,,False
J1:ARG1007 AND J1:LEU959 AND J2:TYR931:hydrophobic,3,J1:ARG1007|J1:LEU959|J2:TYR931:hydrophobic,beam_3,193,17,176,64,112,0.0880829015544041,0.0934065934065934,0.0449938195302843,1.95766668564596,2.1583677685950415,0.0066378779664453,10.688183365693371,True,0.0453836785096614,True,J1:ARG1007 AND J1:LEU959 AND J2:TYR931:hydrophobic,3,holdout,42,93,10,83,30,53,0.1075268817204301,0.1282051282051282,0.0449826989619377,2.3904052936311,2.7870304748405386,0.0072940717692737,193,1.95766668564596,0.0066378779664453,0.0453836785096614,J1:ARG1007 AND J1:LEU959 AND J2:TYR931:hydrophobic,3,257,40,7,210,217,0.1556420233463035,0.1398601398601398,0.1025089605734767,1.518326031944709,1.713686261286576,0.0048569127693795,0.1729155035898991,-0.0183711415655535,0.1912866451554526,0.0,409767.0,3.629196794967771e-12,40,2,38,32,6,0.05,0.3333333333333333,0.0057142857142857,8.75,13.236842105263158,0.0192707047216911,2.0983458848843464,0.6778699530305525,1.2271028566575124,1.7100000000000002,True,True,,False
J1:ALA906 AND J1:ARG1007 AND J1:LEU881 AND J1:LEU959:hydrogen_bond,4,J1:ALA906|J1:ARG1007|J1:LEU881|J1:LEU959:hydrogen_bond,beam_4,221,35,186,44,142,0.1583710407239819,0.1923076923076923,0.0449938195302843,3.519839888618169,4.706861239119304,1.6546611159479755e-11,23.027856873712658,True,1.58431140674384e-09,True,J1:ALA906 AND J1:ARG1007 AND J1:LEU881 AND J1:LEU959:hydrogen_bond,4,holdout,42,97,18,79,16,63,0.1855670103092783,0.2307692307692307,0.0449826989619377,4.125297383029341,5.988607594936709,8.27756689534015e-08,221,3.519839888618169,1.6546611159479755e-11,1.58431140674384e-09,J1:ALA906 AND J1:ARG1007 AND J1:LEU881 AND J1:LEU959:hydrogen_bond,4,328,51,14,263,277,0.1554878048780487,0.1783216783216783,0.1025089605734767,1.516821593041105,1.7447883862047775,0.0013198447733869,0.1257689197320438,-0.0176064268217113,0.1433753465537552,0.0,488474.5,3.5480571960263386e-10,17,2,15,12,3,0.1176470588235294,0.3333333333333333,0.0057142857142857,20.58823529411765,34.3,0.0035649388439534,3.704487179487179,0.3891425262278966,1.3711652465376398,2.7017073170731702,True,True,,False
J1:ALA906:hydrophobic AND J1:ARG1007 AND J1:LEU881 AND J1:LEU959:hydrogen_bond,4,J1:ALA906:hydrophobic|J1:ARG1007|J1:LEU881|J1:LEU959:hydrogen_bond,beam_4,221,35,186,44,142,0.1583710407239819,0.1923076923076923,0.0449938195302843,3.519839888618169,4.706861239119304,1.6546611159479755e-11,23.027856873712658,True,1.58431140674384e-09,True,J1:ALA906:hydrophobic AND J1:ARG1007 AND J1:LEU881 AND J1:LEU959:hydrogen_bond,4,holdout,42,97,18,79,16,63,0.1855670103092783,0.2307692307692307,0.0449826989619377,4.125297383029341,5.988607594936709,8.27756689534015e-08,221,3.519839888618169,1.6546611159479755e-11,1.58431140674384e-09,J1:ALA906:hydrophobic AND J1:ARG1007 AND J1:LEU881 AND J1:LEU959:hydrogen_bond,4,328,51,14,263,277,0.1554878048780487,0.1783216783216783,0.1025089605734767,1.516821593041105,1.7447883862047775,0.0013198447733869,0.1257689197320438,-0.0176064268217113,0.1433753465537552,0.0,488474.5,3.5480571960263386e-10,17,2,15,12,3,0.1176470588235294,0.3333333333333333,0.0057142857142857,20.58823529411765,34.3,0.0035649388439534,3.704487179487179,0.3891425262278966,1.3711652465376398,2.7017073170731702,True,True,,False
J1:ALA906 AND J1:ARG1007 AND J1:LEU1010 AND J1:LEU959,4,J1:ALA906|J1:ARG1007|J1:LEU1010|J1:LEU959,beam_4,254,33,221,60,161,0.1299212598425196,0.1813186813186813,0.0449938195302843,2.887535692653803,3.649852713413708,1.3789072026714642e-08,20.63391243955017,True,5.84147304276559e-07,True,J1:ALA906 AND J1:ARG1007 AND J1:LEU1010 AND J1:LEU959,4,holdout,42,118,18,100,29,71,0.1525423728813559,0.2307692307692307,0.0449826989619377,3.3911342894393743,4.668,1.8502117105371824e-06,254,2.887535692653803,1.3789072026714642e-08,5.84147304276559e-07,J1:ALA906 AND J1:ARG1007 AND J1:LEU1010 AND J1:LEU959,4,349,54,11,284,295,0.154727793696275,0.1888111888111888,0.1025089605734767,1.5094074979461798,1.7429281122150788,0.0012417403169881,0.1304147734333209,-0.0195041266248143,0.1499189000581353,0.0,502452.0,3.4816043650230006e-08,37,2,35,26,9,0.054054054054054,0.3333333333333333,0.0057142857142857,9.45945945945946,14.414285714285716,0.016582259940181,3.047239454094292,0.4934369075852118,1.3265025862648954,2.297198275862068,True,True,,False
J1:ALA906:hydrophobic AND J1:ARG1007 AND J1:LEU1010 AND J1:LEU959,4,J1:ALA906:hydrophobic|J1:ARG1007|J1:LEU1010|J1:LEU959,beam_4,254,33,221,60,161,0.1299212598425196,0.1813186813186813,0.0449938195302843,2.887535692653803,3.649852713413708,1.3789072026714642e-08,20.63391243955017,True,5.84147304276559e-07,True,J1:ALA906:hydrophobic AND J1:ARG1007 AND J1:LEU1010 AND J1:LEU959,4,holdout,42,118,18,100,29,71,0.1525423728813559,0.2307692307692307,0.0449826989619377,3.3911342894393743,4.668,1.8502117105371824e-06,254,2.887535692653803,1.3789072026714642e-08,5.84147304276559e-07,J1:ALA906:hydrophobic AND J1:ARG1007 AND J1:LEU1010 AND J1:LEU959,4,349,54,11,284,295,0.154727793696275,0.1888111888111888,0.1025089605734767,1.5094074979461798,1.7429281122150788,0.0012417403169881,0.1304147734333209,-0.0195041266248143,0.1499189000581353,0.0,502452.0,3.4816043650230006e-08,37,2,35,26,9,0.054054054054054,0.3333333333333333,0.0057142857142857,9.45945945945946,14.414285714285716,0.016582259940181,3.047239454094292,0.4934369075852118,1.3265025862648954,2.297198275862068,True,True,,False
J1:ALA906 AND J1:ARG1007 AND J1:LEU1010:hydrophobic AND J1:LEU959,4,J1:ALA906|J1:ARG1007|J1:LEU1010:hydrophobic|J1:LEU959,beam_4,254,33,221,60,161,0.1299212598425196,0.1813186813186813,0.0449938195302843,2.887535692653803,3.649852713413708,1.3789072026714642e-08,20.63391243955017,True,5.84147304276559e-07,True,J1:ALA906 AND J1:ARG1007 AND J1:LEU1010:hydrophobic AND J1:LEU959,4,holdout,42,118,18,100,29,71,0.1525423728813559,0.2307692307692307,0.0449826989619377,3.3911342894393743,4.668,1.8502117105371824e-06,254,2.887535692653803,1.3789072026714642e-08,5.84147304276559e-07,J1:ALA906 AND J1:ARG1007 AND J1:LEU1010:hydrophobic AND J1:LEU959,4,349,54,11,284,295,0.154727793696275,0.1888111888111888,0.1025089605734767,1.5094074979461798,1.7429281122150788,0.0012417403169881,0.1304147734333209,-0.0195041266248143,0.1499189000581353,0.0,502452.0,3.4816043650230006e-08,37,2,35,26,9,0.054054054054054,0.3333333333333333,0.0057142857142857,9.45945945945946,14.414285714285716,0.016582259940181,3.047239454094292,0.4934369075852118,1.3265025862648954,2.297198275862068,True,True,,False
J1:ALA906:hydrophobic AND J1:ARG1007 AND J1:LEU1010:hydrophobic AND J1:LEU959,4,J1:ALA906:hydrophobic|J1:ARG1007|J1:LEU1010:hydrophobic|J1:LEU959,beam_4,254,33,221,60,161,0.1299212598425196,0.1813186813186813,0.0449938195302843,2.887535692653803,3.649852713413708,1.3789072026714642e-08,20.63391243955017,True,5.84147304276559e-07,True,J1:ALA906:hydrophobic AND J1:ARG1007 AND J1:LEU1010:hydrophobic AND J1:LEU959,4,holdout,42,118,18,100,29,71,0.1525423728813559,0.2307692307692307,0.0449826989619377,3.3911342894393743,4.668,1.8502117105371824e-06,254,2.887535692653803,1.3789072026714642e-08,5.84147304276559e-07,J1:ALA906:hydrophobic AND J1:ARG1007 AND J1:LEU1010:hydrophobic AND J1:LEU959,4,349,54,11,284,295,0.154727793696275,0.1888111888111888,0.1025089605734767,1.5094074979461798,1.7429281122150788,0.0012417403169881,0.1304147734333209,-0.0195041266248143,0.1499189000581353,0.0,502452.0,3.4816043650230006e-08,37,2,35,26,9,0.054054054054054,0.3333333333333333,0.0057142857142857,9.45945945945946,14.414285714285716,0.016582259940181,3.047239454094292,0.4934369075852118,1.3265025862648954,2.297198275862068,True,True,,False
J1:ARG1007 AND J1:LEU959:hydrogen_bond AND J2:TYR931:hydrophobic,3,J1:ARG1007|J1:LEU959:hydrogen_bond|J2:TYR931:hydrophobic,beam_3,181,17,164,63,101,0.0939226519337016,0.0934065934065934,0.0449938195302843,2.0874567421528747,2.3238359201773835,0.0030120213594077,11.3443545657024,True,0.0233649690256768,True,J1:ARG1007 AND J1:LEU959:hydrogen_bond AND J2:TYR931:hydrophobic,3,holdout,42,90,10,80,28,52,0.1111111111111111,0.1282051282051282,0.0449826989619377,2.4700854700854697,2.8970588235294117,0.0057685413643277,181,2.0874567421528747,0.0030120213594077,0.0233649690256768,J1:ARG1007 AND J1:LEU959:hydrogen_bond AND J2:TYR931:hydrophobic,3,233,36,7,190,197,0.1545064377682403,0.1258741258741259,0.1025089605734767,1.5072481166901768,1.6863350253807106,0.0091449194387385,0.17396059272717,-0.0166709563036267,0.1906315490307967,0.0,375848.0,1.8047709002576045e-11,38,2,36,31,5,0.0526315789473684,0.3333333333333333,0.0057142857142857,9.210526315789473,14.0,0.0174583453754304,2.2144904910587564,0.6925588206631531,1.2008401386921488,1.8441176470588232,True,True,,False
J1:ALA906:hydrophobic AND J1:ARG1007 AND J1:LEU881 AND J1:LEU959,4,J1:ALA906:hydrophobic|J1:ARG1007|J1:LEU881|J1:LEU959,beam_4,248,35,213,56,157,0.1411290322580645,0.1923076923076923,0.0449938195302843,3.136631513647643,4.0800357701766155,4.658014536967842e-10,22.143375582225683,True,2.84259846585839e-08,True,J1:ALA906:hydrophobic AND J1:ARG1007 AND J1:LEU881 AND J1:LEU959,4,holdout,42,109,18,91,23,68,0.1651376146788991,0.2307692307692307,0.0449826989619377,3.671136203246295,5.15934065934066,5.401786186122377e-07,248,3.136631513647643,4.658014536967842e-10,2.84259846585839e-08,J1:ALA906:hydrophobic AND J1:ARG1007 AND J1:LEU881 AND J1:LEU959,4,382,59,16,307,323,0.1544502617801047,0.2062937062937063,0.1025089605734767,1.506700106176546,1.7550087969340298,0.0007206791237293,0.1243629074794485,-0.0205986078987094,0.144961515378158,0.0,551422.5,2.177571334975601e-10,36,2,34,26,8,0.0555555555555555,0.3333333333333333,0.0057142857142857,9.72222222222222,14.852941176470589,0.0157264732728177,3.299795302736479,0.4563976911249867,1.3405325324829969,2.4615555555555555,True,True,,False
J1:ALA906 AND J1:ARG1007 AND J1:LEU881 AND J1:LEU959,4,J1:ALA906|J1:ARG1007|J1:LEU881|J1:LEU959,beam_4,248,35,213,56,157,0.1411290322580645,0.1923076923076923,0.0449938195302843,3.136631513647643,4.0800357701766155,4.658014536967842e-10,22.143375582225683,True,2.84259846585839e-08,True,J1:ALA906 AND J1:ARG1007 AND J1:LEU881 AND J1:LEU959,4,holdout,42,109,18,91,23,68,0.1651376146788991,0.2307692307692307,0.0449826989619377,3.671136203246295,5.15934065934066,5.401786186122377e-07,248,3.136631513647643,4.658014536967842e-10,2.84259846585839e-08,J1:ALA906 AND J1:ARG1007 AND J1:LEU881 AND J1:LEU959,4,382,59,16,307,323,0.1544502617801047,0.2062937062937063,0.1025089605734767,1.506700106176546,1.7550087969340298,0.0007206791237293,0.1243629074794485,-0.0205986078987094,0.144961515378158,0.0,551422.5,2.177571334975601e-10,36,2,34,26,8,0.0555555555555555,0.3333333333333333,0.0057142857142857,9.72222222222222,14.852941176470589,0.0157264732728177,3.299795302736479,0.4563976911249867,1.3405325324829969,2.4615555555555555,True,True,,False
J1:ALA906 AND J1:ARG1007 AND J1:LEU959 AND J2:LEU855,4,J1:ALA906|J1:ARG1007|J1:LEU959|J2:LEU855,beam_4,235,30,205,57,148,0.1276595744680851,0.1648351648351648,0.0449938195302843,2.8372691138648585,3.5218228498074455,1.0462637094685105e-07,19.29977817350718,True,3.569768629921699e-06,True,J1:ALA906 AND J1:ARG1007 AND J1:LEU959 AND J2:LEU855,4,holdout,42,103,17,86,25,61,0.1650485436893204,0.2179487179487179,0.0449826989619377,3.6691560866318143,5.087685855890202,1.2032635174523066e-06,235,2.8372691138648585,1.0462637094685105e-07,3.569768629921699e-06,J1:ALA906 AND J1:ARG1007 AND J1:LEU959 AND J2:LEU855,4,398,61,16,321,337,0.1532663316582914,0.2132867132867132,0.1025089605734767,1.4951505780651508,1.7433168480052752,0.0006439431314812,0.1099356787572767,-0.019167732988436,0.1291034117457128,0.0,557004.0,3.311890704338747e-08,37,2,35,28,7,0.054054054054054,0.3333333333333333,0.0057142857142857,9.45945945945946,14.414285714285716,0.016582259940181,3.0907259899863444,0.5003589997001296,1.3152025489303598,2.349999999999999,True,True,,False
J1:ALA906:hydrophobic AND J1:ARG1007 AND J1:LEU959 AND J2:LEU855,4,J1:ALA906:hydrophobic|J1:ARG1007|J1:LEU959|J2:LEU855,beam_4,235,30,205,57,148,0.1276595744680851,0.1648351648351648,0.0449938195302843,2.8372691138648585,3.5218228498074455,1.0462637094685105e-07,19.29977817350718,True,3.569768629921699e-06,True,J1:ALA906:hydrophobic AND J1:ARG1007 AND J1:LEU959 AND J2:LEU855,4,holdout,42,103,17,86,25,61,0.1650485436893204,0.2179487179487179,0.0449826989619377,3.6691560866318143,5.087685855890202,1.2032635174523066e-06,235,2.8372691138648585,1.0462637094685105e-07,3.569768629921699e-06,J1:ALA906:hydrophobic AND J1:ARG1007 AND J1:LEU959 AND J2:LEU855,4,398,61,16,321,337,0.1532663316582914,0.2132867132867132,0.1025089605734767,1.4951505780651508,1.7433168480052752,0.0006439431314812,0.1099356787572767,-0.019167732988436,0.1291034117457128,0.0,557004.0,3.311890704338747e-08,37,2,35,28,7,0.054054054054054,0.3333333333333333,0.0057142857142857,9.45945945945946,14.414285714285716,0.016582259940181,3.0907259899863444,0.5003589997001296,1.3152025489303598,2.349999999999999,True,True,,False
J1:ALA906:hydrophobic AND J1:ARG1007 AND J1:LEU959,3,J1:ALA906:hydrophobic|J1:ARG1007|J1:LEU959,beam_3,270,35,235,68,167,0.1296296296296296,0.1923076923076923,0.0449938195302843,2.881054131054131,3.6757852077001014,4.896005158102673e-09,21.390210765791597,True,2.2724521238328807e-07,True,J1:ALA906:hydrophobic AND J1:ARG1007 AND J1:LEU959,3,holdout,42,124,19,105,30,75,0.1532258064516129,0.2435897435897435,0.0449826989619377,3.4063275434243176,4.756900726392252,8.295717670156113e-07,270,2.881054131054131,4.896005158102673e-09,2.2724521238328807e-07,J1:ALA906:hydrophobic AND J1:ARG1007 AND J1:LEU959,3,424,63,17,344,361,0.1485849056603773,0.2202797202797203,0.1025089605734767,1.449482121651933,1.6770679353564464,0.0012244981160419,0.107397176324215,-0.02013153842959,0.1275287147538051,0.0,584235.5,4.000459872111738e-08,42,2,40,31,9,0.0476190476190476,0.3333333333333333,0.0057142857142857,8.333333333333332,12.55,0.021162143775914,3.046329558766107,0.5129965180780951,1.3064181343636323,2.331818181818182,True,True,,False
J1:ALA906 AND J1:ARG1007 AND J1:LEU959,3,J1:ALA906|J1:ARG1007|J1:LEU959,beam_3,270,35,235,68,167,0.1296296296296296,0.1923076923076923,0.0449938195302843,2.881054131054131,3.6757852077001014,4.896005158102673e-09,21.390210765791597,True,2.2724521238328807e-07,True,J1:ALA906 AND J1:ARG1007 AND J1:LEU959,3,holdout,42,124,19,105,30,75,0.1532258064516129,0.2435897435897435,0.0449826989619377,3.4063275434243176,4.756900726392252,8.295717670156113e-07,270,2.881054131054131,4.896005158102673e-09,2.2724521238328807e-07,J1:ALA906 AND J1:ARG1007 AND J1:LEU959,3,424,63,17,344,361,0.1485849056603773,0.2202797202797203,0.1025089605734767,1.449482121651933,1.6770679353564464,0.0012244981160419,0.107397176324215,-0.02013153842959,0.1275287147538051,0.0,584235.5,4.000459872111738e-08,42,2,40,31,9,0.0476190476190476,0.3333333333333333,0.0057142857142857,8.333333333333332,12.55,0.021162143775914,3.046329558766107,0.5129965180780951,1.3064181343636323,2.331818181818182,True,True,,False
J1:ALA906:hydrophobic AND J1:LEU881:hydrophobic AND J1:LEU959:hydrogen_bond AND J1:VAL889:hydrophobic AND J2:LEU855:hydrophobic,5,J1:ALA906:hydrophobic|J1:LEU881:hydrophobic|J1:LEU959:hydrogen_bond|J1:VAL889:hydrophobic|J2:LEU855:hydrophobic,beam_5,222,38,184,51,133,0.1711711711711711,0.2087912087912088,0.0449938195302843,3.804326304326304,5.276343599033816,1.4625981643590733e-13,24.78161889064365,True,3.0708142525427364e-11,True,J1:ALA906:hydrophobic AND J1:LEU881:hydrophobic AND J1:LEU959:hydrogen_bond AND J1:VAL889:hydrophobic AND J2:LEU855:hydrophobic,5,holdout,42,92,15,77,27,50,0.1630434782608695,0.1923076923076923,0.0449826989619377,3.624581939799331,4.882498453927026,6.7099494652897286e-06,222,3.804326304326304,1.4625981643590733e-13,3.0708142525427364e-11,J1:ALA906:hydrophobic AND J1:LEU881:hydrophobic AND J1:LEU959:hydrogen_bond AND J1:VAL889:hydrophobic AND J2:LEU855:hydrophobic,5,517,72,30,415,445,0.1392649903288201,0.2517482517482518,0.1025089605734767,1.3585640664944338,1.55673632258742,0.0029388329268419,0.0959798905605987,-0.022752494757049,0.1187323853176478,0.0,712840.0,1.4724465371469703e-14,9,2,7,7,0,0.2222222222222222,0.3333333333333333,0.0057142857142857,38.888888888888886,74.07142857142857,0.0009631731456891,3.751678098971092,0.5123296826197848,1.239608363476952,3.026502732240437,True,True,,False
J1:ALA906 AND J1:LEU881:hydrophobic AND J1:LEU959:hydrogen_bond AND J1:VAL889:hydrophobic AND J2:LEU855:hydrophobic,5,J1:ALA906|J1:LEU881:hydrophobic|J1:LEU959:hydrogen_bond|J1:VAL889:hydrophobic|J2:LEU855:hydrophobic,beam_5,222,38,184,51,133,0.1711711711711711,0.2087912087912088,0.0449938195302843,3.804326304326304,5.276343599033816,1.4625981643590733e-13,24.78161889064365,True,3.0708142525427364e-11,True,J1:ALA906 AND J1:LEU881:hydrophobic AND J1:LEU959:hydrogen_bond AND J1:VAL889:hydrophobic AND J2:LEU855:hydrophobic,5,holdout,42,92,15,77,27,50,0.1630434782608695,0.1923076923076923,0.0449826989619377,3.624581939799331,4.882498453927026,6.7099494652897286e-06,222,3.804326304326304,1.4625981643590733e-13,3.0708142525427364e-11,J1:ALA906 AND J1:LEU881:hydrophobic AND J1:LEU959:hydrogen_bond AND J1:VAL889:hydrophobic AND J2:LEU855:hydrophobic,5,517,72,30,415,445,0.1392649903288201,0.2517482517482518,0.1025089605734767,1.3585640664944338,1.55673632258742,0.0029388329268419,0.0959798905605987,-0.022752494757049,0.1187323853176478,0.0,712840.0,1.4724465371469703e-14,9,2,7,7,0,0.2222222222222222,0.3333333333333333,0.0057142857142857,38.888888888888886,74.07142857142857,0.0009631731456891,3.751678098971092,0.5123296826197848,1.239608363476952,3.026502732240437,True,True,,False
J1:ALA906 AND J1:LEU1010 AND J1:LEU959:hydrogen_bond AND J1:VAL889:hydrophobic AND J2:LEU855:hydrophobic,5,J1:ALA906|J1:LEU1010|J1:LEU959:hydrogen_bond|J1:VAL889:hydrophobic|J2:LEU855:hydrophobic,beam_5,224,36,188,56,132,0.1607142857142857,0.1978021978021978,0.0449938195302843,3.5719191522762954,4.820023316817254,5.126312500656554e-12,23.53919714374636,True,5.879972482731863e-10,True,J1:ALA906 AND J1:LEU1010 AND J1:LEU959:hydrogen_bond AND J1:VAL889:hydrophobic AND J2:LEU855:hydrophobic,5,holdout,42,96,15,81,30,51,0.15625,0.1923076923076923,0.0449826989619377,3.473557692307692,4.62962962962963,1.1598917573820015e-05,224,3.5719191522762954,5.126312500656554e-12,5.879972482731863e-10,J1:ALA906 AND J1:LEU1010 AND J1:LEU959:hydrogen_bond AND J1:VAL889:hydrophobic AND J2:LEU855:hydrophobic,5,453,63,17,373,390,0.1390728476821192,0.2202797202797203,0.1025089605734767,1.356689667947946,1.5313556398758192,0.0066514814335916,0.132786128500549,-0.0266354015291791,0.1594215300297281,0.0,652077.0,2.042559518597524e-15,8,2,6,6,0,0.25,0.3333333333333333,0.0057142857142857,43.75,86.5,0.0007510502802914,3.5424158653846147,0.5542848857958601,1.2163657066617592,2.912295081967213,True,True,,False
J1:ALA906 AND J1:LEU1010:hydrophobic AND J1:LEU959:hydrogen_bond AND J1:VAL889:hydrophobic AND J2:LEU855:hydrophobic,5,J1:ALA906|J1:LEU1010:hydrophobic|J1:LEU959:hydrogen_bond|J1:VAL889:hydrophobic|J2:LEU855:hydrophobic,beam_5,224,36,188,56,132,0.1607142857142857,0.1978021978021978,0.0449938195302843,3.5719191522762954,4.820023316817254,5.126312500656554e-12,23.53919714374636,True,5.879972482731863e-10,True,J1:ALA906 AND J1:LEU1010:hydrophobic AND J1:LEU959:hydrogen_bond AND J1:VAL889:hydrophobic AND J2:LEU855:hydrophobic,5,holdout,42,96,15,81,30,51,0.15625,0.1923076923076923,0.0449826989619377,3.473557692307692,4.62962962962963,1.1598917573820015e-05,224,3.5719191522762954,5.126312500656554e-12,5.879972482731863e-10,J1:ALA906 AND J1:LEU1010:hydrophobic AND J1:LEU959:hydrogen_bond AND J1:VAL889:hydrophobic AND J2:LEU855:hydrophobic,5,453,63,17,373,390,0.1390728476821192,0.2202797202797203,0.1025089605734767,1.356689667947946,1.5313556398758192,0.0066514814335916,0.132786128500549,-0.0266354015291791,0.1594215300297281,0.0,652077.0,2.042559518597524e-15,8,2,6,6,0,0.25,0.3333333333333333,0.0057142857142857,43.75,86.5,0.0007510502802914,3.5424158653846147,0.5542848857958601,1.2163657066617592,2.912295081967213,True,True,,False
J1:ALA906:hydrophobic AND J1:LEU1010 AND J1:LEU959:hydrogen_bond AND J1:VAL889:hydrophobic AND J2:LEU855:hydrophobic,5,J1:ALA906:hydrophobic|J1:LEU1010|J1:LEU959:hydrogen_bond|J1:VAL889:hydrophobic|J2:LEU855:hydrophobic,beam_5,224,36,188,56,132,0.1607142857142857,0.1978021978021978,0.0449938195302843,3.5719191522762954,4.820023316817254,5.126312500656554e-12,23.53919714374636,True,5.879972482731863e-10,True,J1:ALA906:hydrophobic AND J1:LEU1010 AND J1:LEU959:hydrogen_bond AND J1:VAL889:hydrophobic AND J2:LEU855:hydrophobic,5,holdout,42,96,15,81,30,51,0.15625,0.1923076923076923,0.0449826989619377,3.473557692307692,4.62962962962963,1.1598917573820015e-05,224,3.5719191522762954,5.126312500656554e-12,5.879972482731863e-10,J1:ALA906:hydrophobic AND J1:LEU1010 AND J1:LEU959:hydrogen_bond AND J1:VAL889:hydrophobic AND J2:LEU855:hydrophobic,5,453,63,17,373,390,0.1390728476821192,0.2202797202797203,0.1025089605734767,1.356689667947946,1.5313556398758192,0.0066514814335916,0.132786128500549,-0.0266354015291791,0.1594215300297281,0.0,652077.0,2.042559518597524e-15,8,2,6,6,0,0.25,0.3333333333333333,0.0057142857142857,43.75,86.5,0.0007510502802914,3.5424158653846147,0.5542848857958601,1.2163657066617592,2.912295081967213,True,True,,False
J1:ALA906:hydrophobic AND J1:LEU1010:hydrophobic AND J1:LEU959:hydrogen_bond AND J1:VAL889:hydrophobic AND J2:LEU855:hydrophobic,5,J1:ALA906:hydrophobic|J1:LEU1010:hydrophobic|J1:LEU959:hydrogen_bond|J1:VAL889:hydrophobic|J2:LEU855:hydrophobic,beam_5,224,36,188,56,132,0.1607142857142857,0.1978021978021978,0.0449938195302843,3.5719191522762954,4.820023316817254,5.126312500656554e-12,23.53919714374636,True,5.879972482731863e-10,True,J1:ALA906:hydrophobic AND J1:LEU1010:hydrophobic AND J1:LEU959:hydrogen_bond AND J1:VAL889:hydrophobic AND J2:LEU855:hydrophobic,5,holdout,42,96,15,81,30,51,0.15625,0.1923076923076923,0.0449826989619377,3.473557692307692,4.62962962962963,1.1598917573820015e-05,224,3.5719191522762954,5.126312500656554e-12,5.879972482731863e-10,J1:ALA906:hydrophobic AND J1:LEU1010:hydrophobic AND J1:LEU959:hydrogen_bond AND J1:VAL889:hydrophobic AND J2:LEU855:hydrophobic,5,453,63,17,373,390,0.1390728476821192,0.2202797202797203,0.1025089605734767,1.356689667947946,1.5313556398758192,0.0066514814335916,0.132786128500549,-0.0266354015291791,0.1594215300297281,0.0,652077.0,2.042559518597524e-15,8,2,6,6,0,0.25,0.3333333333333333,0.0057142857142857,43.75,86.5,0.0007510502802914,3.5424158653846147,0.5542848857958601,1.2163657066617592,2.912295081967213,True,True,,False
J1:ALA906:hydrophobic AND J1:LEU959:hydrogen_bond AND J1:VAL889:hydrophobic AND J2:LEU855:hydrophobic,4,J1:ALA906:hydrophobic|J1:LEU959:hydrogen_bond|J1:VAL889:hydrophobic|J2:LEU855:hydrophobic,beam_4,243,38,205,66,139,0.1563786008230452,0.2087912087912088,0.0449938195302843,3.475557364446254,4.708807588075881,2.8239914727089634e-12,24.153296765996664,True,3.5720425472361766e-10,True,J1:ALA906:hydrophobic AND J1:LEU959:hydrogen_bond AND J1:VAL889:hydrophobic AND J2:LEU855:hydrophobic,4,holdout,42,109,16,93,35,58,0.146788990825688,0.2051282051282051,0.0449826989619377,3.2632321806633735,4.337148803329865,1.3008202785161237e-05,243,3.475557364446254,2.8239914727089634e-12,3.5720425472361766e-10,J1:ALA906:hydrophobic AND J1:LEU959:hydrogen_bond AND J1:VAL889:hydrophobic AND J2:LEU855:hydrophobic,4,541,75,31,435,466,0.1386321626617375,0.2622377622377622,0.1025089605734767,1.3523906777141528,1.554522710168216,0.0026714512764554,0.0917444366658007,-0.0230006924851672,0.114745129150968,0.0,733472.0,4.412029948920364e-14,14,2,12,12,0,0.1428571428571428,0.3333333333333333,0.0057142857142857,25.0,43.0,0.0024037600113818,3.4098120629370627,0.591784074686912,1.1903827332954129,2.8644670050761416,True,True,,False
J1:ALA906 AND J1:LEU959:hydrogen_bond AND J1:VAL889:hydrophobic AND J2:LEU855:hydrophobic,4,J1:ALA906|J1:LEU959:hydrogen_bond|J1:VAL889:hydrophobic|J2:LEU855:hydrophobic,beam_4,243,38,205,66,139,0.1563786008230452,0.2087912087912088,0.0449938195302843,3.475557364446254,4.708807588075881,2.8239914727089634e-12,24.153296765996664,True,3.5720425472361766e-10,True,J1:ALA906 AND J1:LEU959:hydrogen_bond AND J1:VAL889:hydrophobic AND J2:LEU855:hydrophobic,4,holdout,42,109,16,93,35,58,0.146788990825688,0.2051282051282051,0.0449826989619377,3.2632321806633735,4.337148803329865,1.3008202785161237e-05,243,3.475557364446254,2.8239914727089634e-12,3.5720425472361766e-10,J1:ALA906 AND J1:LEU959:hydrogen_bond AND J1:VAL889:hydrophobic AND J2:LEU855:hydrophobic,4,541,75,31,435,466,0.1386321626617375,0.2622377622377622,0.1025089605734767,1.3523906777141528,1.554522710168216,0.0026714512764554,0.0917444366658007,-0.0230006924851672,0.114745129150968,0.0,733472.0,4.412029948920364e-14,14,2,12,12,0,0.1428571428571428,0.3333333333333333,0.0057142857142857,25.0,43.0,0.0024037600113818,3.4098120629370627,0.591784074686912,1.1903827332954129,2.8644670050761416,True,True,,False
J1:ALA906 AND J1:LEU881:hydrophobic AND J1:LEU959:hydrogen_bond AND J1:VAL889 AND J2:LEU855:hydrophobic,5,J1:ALA906|J1:LEU881:hydrophobic|J1:LEU959:hydrogen_bond|J1:VAL889|J2:LEU855:hydrophobic,beam_5,222,38,184,51,133,0.1711711711711711,0.2087912087912088,0.0449938195302843,3.804326304326304,5.276343599033816,1.4625981643590733e-13,24.78161889064365,True,3.0708142525427364e-11,True,J1:ALA906 AND J1:LEU881:hydrophobic AND J1:LEU959:hydrogen_bond AND J1:VAL889 AND J2:LEU855:hydrophobic,5,holdout,42,93,16,77,27,50,0.1720430107526881,0.2051282051282051,0.0449826989619377,3.82464846980976,5.291998324256388,1.4719296636300495e-06,222,3.804326304326304,1.4625981643590733e-13,3.0708142525427364e-11,J1:ALA906 AND J1:LEU881:hydrophobic AND J1:LEU959:hydrogen_bond AND J1:VAL889 AND J2:LEU855:hydrophobic,5,521,72,30,419,449,0.1381957773512476,0.2517482517482518,0.1025089605734767,1.3481336322027302,1.5398705326478364,0.0038681899889239,0.0952430008058149,-0.0227926049285026,0.1180356057343175,0.0,716114.0,1.9634375637765736e-14,9,2,7,7,0,0.2222222222222222,0.3333333333333333,0.0057142857142857,38.888888888888886,74.07142857142857,0.0009631731456891,3.8103296703296703,0.5107032391828966,1.2356730988309936,3.083606557377049,True,True,,False
J1:ALA906:hydrophobic AND J1:LEU881:hydrophobic AND J1:LEU959:hydrogen_bond AND J1:VAL889 AND J2:LEU855:hydrophobic,5,J1:ALA906:hydrophobic|J1:LEU881:hydrophobic|J1:LEU959:hydrogen_bond|J1:VAL889|J2:LEU855:hydrophobic,beam_5,222,38,184,51,133,0.1711711711711711,0.2087912087912088,0.0449938195302843,3.804326304326304,5.276343599033816,1.4625981643590733e-13,24.78161889064365,True,3.0708142525427364e-11,True,J1:ALA906:hydrophobic AND J1:LEU881:hydrophobic AND J1:LEU959:hydrogen_bond AND J1:VAL889 AND J2:LEU855:hydrophobic,5,holdout,42,93,16,77,27,50,0.1720430107526881,0.2051282051282051,0.0449826989619377,3.82464846980976,5.291998324256388,1.4719296636300495e-06,222,3.804326304326304,1.4625981643590733e-13,3.0708142525427364e-11,J1:ALA906:hydrophobic AND J1:LEU881:hydrophobic AND J1:LEU959:hydrogen_bond AND J1:VAL889 AND J2:LEU855:hydrophobic,5,521,72,30,419,449,0.1381957773512476,0.2517482517482518,0.1025089605734767,1.3481336322027302,1.5398705326478364,0.0038681899889239,0.0952430008058149,-0.0227926049285026,0.1180356057343175,0.0,716114.0,1.9634375637765736e-14,9,2,7,7,0,0.2222222222222222,0.3333333333333333,0.0057142857142857,38.888888888888886,74.07142857142857,0.0009631731456891,3.8103296703296703,0.5107032391828966,1.2356730988309936,3.083606557377049,True,True,,False
J1:ALA906 AND J1:LEU1010:hydrophobic AND J1:LEU959:hydrogen_bond AND J1:VAL889 AND J2:LEU855:hydrophobic,5,J1:ALA906|J1:LEU1010:hydrophobic|J1:LEU959:hydrogen_bond|J1:VAL889|J2:LEU855:hydrophobic,beam_5,224,36,188,56,132,0.1607142857142857,0.1978021978021978,0.0449938195302843,3.5719191522762954,4.820023316817254,5.126312500656554e-12,23.53919714374636,True,5.879972482731863e-10,True,J1:ALA906 AND J1:LEU1010:hydrophobic AND J1:LEU959:hydrogen_bond AND J1:VAL889 AND J2:LEU855:hydrophobic,5,holdout,42,97,16,81,30,51,0.1649484536082474,0.2051282051282051,0.0449826989619377,3.666931007137193,5.017921146953405,2.6575024185246366e-06,224,3.5719191522762954,5.126312500656554e-12,5.879972482731863e-10,J1:ALA906 AND J1:LEU1010:hydrophobic AND J1:LEU959:hydrogen_bond AND J1:VAL889 AND J2:LEU855:hydrophobic,5,457,63,17,377,394,0.1378555798687089,0.2202797202797203,0.1025089605734767,1.3448149224954475,1.512940747991168,0.0087477763352482,0.1316238866755989,-0.0266810687414023,0.1583049554170012,0.0,655607.0,2.883102054220079e-15,8,2,6,6,0,0.25,0.3333333333333333,0.0057142857142857,43.75,86.5,0.0007510502802914,3.600623052959501,0.5525581416033496,1.2125764053949002,2.9693989071038245,True,True,,False
J1:ALA906 AND J1:LEU1010 AND J1:LEU959:hydrogen_bond AND J1:VAL889 AND J2:LEU855:hydrophobic,5,J1:ALA906|J1:LEU1010|J1:LEU959:hydrogen_bond|J1:VAL889|J2:LEU855:hydrophobic,beam_5,224,36,188,56,132,0.1607142857142857,0.1978021978021978,0.0449938195302843,3.5719191522762954,4.820023316817254,5.126312500656554e-12,23.53919714374636,True,5.879972482731863e-10,True,J1:ALA906 AND J1:LEU1010 AND J1:LEU959:hydrogen_bond AND J1:VAL889 AND J2:LEU855:hydrophobic,5,holdout,42,97,16,81,30,51,0.1649484536082474,0.2051282051282051,0.0449826989619377,3.666931007137193,5.017921146953405,2.6575024185246366e-06,224,3.5719191522762954,5.126312500656554e-12,5.879972482731863e-10,J1:ALA906 AND J1:LEU1010 AND J1:LEU959:hydrogen_bond AND J1:VAL889 AND J2:LEU855:hydrophobic,5,457,63,17,377,394,0.1378555798687089,0.2202797202797203,0.1025089605734767,1.3448149224954475,1.512940747991168,0.0087477763352482,0.1316238866755989,-0.0266810687414023,0.1583049554170012,0.0,655607.0,2.883102054220079e-15,8,2,6,6,0,0.25,0.3333333333333333,0.0057142857142857,43.75,86.5,0.0007510502802914,3.600623052959501,0.5525581416033496,1.2125764053949002,2.9693989071038245,True,True,,False
J1:ALA906:hydrophobic AND J1:LEU1010 AND J1:LEU959:hydrogen_bond AND J1:VAL889 AND J2:LEU855:hydrophobic,5,J1:ALA906:hydrophobic|J1:LEU1010|J1:LEU959:hydrogen_bond|J1:VAL889|J2:LEU855:hydrophobic,beam_5,224,36,188,56,132,0.1607142857142857,0.1978021978021978,0.0449938195302843,3.5719191522762954,4.820023316817254,5.126312500656554e-12,23.53919714374636,True,5.879972482731863e-10,True,J1:ALA906:hydrophobic AND J1:LEU1010 AND J1:LEU959:hydrogen_bond AND J1:VAL889 AND J2:LEU855:hydrophobic,5,holdout,42,97,16,81,30,51,0.1649484536082474,0.2051282051282051,0.0449826989619377,3.666931007137193,5.017921146953405,2.6575024185246366e-06,224,3.5719191522762954,5.126312500656554e-12,5.879972482731863e-10,J1:ALA906:hydrophobic AND J1:LEU1010 AND J1:LEU959:hydrogen_bond AND J1:VAL889 AND J2:LEU855:hydrophobic,5,457,63,17,377,394,0.1378555798687089,0.2202797202797203,0.1025089605734767,1.3448149224954475,1.512940747991168,0.0087477763352482,0.1316238866755989,-0.0266810687414023,0.1583049554170012,0.0,655607.0,2.883102054220079e-15,8,2,6,6,0,0.25,0.3333333333333333,0.0057142857142857,43.75,86.5,0.0007510502802914,3.600623052959501,0.5525581416033496,1.2125764053949002,2.9693989071038245,True,True,,False
J1:ALA906:hydrophobic AND J1:LEU1010:hydrophobic AND J1:LEU959:hydrogen_bond AND J1:VAL889 AND J2:LEU855:hydrophobic,5,J1:ALA906:hydrophobic|J1:LEU1010:hydrophobic|J1:LEU959:hydrogen_bond|J1:VAL889|J2:LEU855:hydrophobic,beam_5,224,36,188,56,132,0.1607142857142857,0.1978021978021978,0.0449938195302843,3.5719191522762954,4.820023316817254,5.126312500656554e-12,23.53919714374636,True,5.879972482731863e-10,True,J1:ALA906:hydrophobic AND J1:LEU1010:hydrophobic AND J1:LEU959:hydrogen_bond AND J1:VAL889 AND J2:LEU855:hydrophobic,5,holdout,42,97,16,81,30,51,0.1649484536082474,0.2051282051282051,0.0449826989619377,3.666931007137193,5.017921146953405,2.6575024185246366e-06,224,3.5719191522762954,5.126312500656554e-12,5.879972482731863e-10,J1:ALA906:hydrophobic AND J1:LEU1010:hydrophobic AND J1:LEU959:hydrogen_bond AND J1:VAL889 AND J2:LEU855:hydrophobic,5,457,63,17,377,394,0.1378555798687089,0.2202797202797203,0.1025089605734767,1.3448149224954475,1.512940747991168,0.0087477763352482,0.1316238866755989,-0.0266810687414023,0.1583049554170012,0.0,655607.0,2.883102054220079e-15,8,2,6,6,0,0.25,0.3333333333333333,0.0057142857142857,43.75,86.5,0.0007510502802914,3.600623052959501,0.5525581416033496,1.2125764053949002,2.9693989071038245,True,True,,False
J1:ALA906 AND J1:LEU881 AND J1:LEU959:hydrogen_bond AND J1:VAL889:hydrophobic AND J2:LEU855:hydrophobic,5,J1:ALA906|J1:LEU881|J1:LEU959:hydrogen_bond|J1:VAL889:hydrophobic|J2:LEU855:hydrophobic,beam_5,226,38,188,55,133,0.168141592920354,0.2087912087912088,0.0449938195302843,3.7369930954001753,5.158466312056738,2.6470986607736274e-13,24.66421698171544,True,4.8212555442216445e-11,True,J1:ALA906 AND J1:LEU881 AND J1:LEU959:hydrogen_bond AND J1:VAL889:hydrophobic AND J2:LEU855:hydrophobic,5,holdout,42,95,15,80,29,51,0.1578947368421052,0.1923076923076923,0.0449826989619377,3.5101214574898782,4.690476190476191,1.0145937611084517e-05,226,3.7369930954001753,2.6470986607736274e-13,4.8212555442216445e-11,J1:ALA906 AND J1:LEU881 AND J1:LEU959:hydrogen_bond AND J1:VAL889:hydrophobic AND J2:LEU855:hydrophobic,5,523,72,31,420,451,0.1376673040152963,0.2517482517482518,0.1025089605734767,1.342978245463905,1.5315498269681085,0.0049799787788652,0.0914993733523789,-0.0220330787058831,0.1135324520582621,0.0,716654.5,3.7887388067581815e-14,10,2,8,8,0,0.2,0.3333333333333333,0.0057142857142857,35.0,64.75,0.0012008944116302,3.6698658039779537,0.5397079522637368,1.2192025059708285,3.0100543478260873,True,True,,False
J1:ALA906:hydrophobic AND J1:LEU881 AND J1:LEU959:hydrogen_bond AND J1:VAL889:hydrophobic AND J2:LEU855:hydrophobic,5,J1:ALA906:hydrophobic|J1:LEU881|J1:LEU959:hydrogen_bond|J1:VAL889:hydrophobic|J2:LEU855:hydrophobic,beam_5,226,38,188,55,133,0.168141592920354,0.2087912087912088,0.0449938195302843,3.7369930954001753,5.158466312056738,2.6470986607736274e-13,24.66421698171544,True,4.8212555442216445e-11,True,J1:ALA906:hydrophobic AND J1:LEU881 AND J1:LEU959:hydrogen_bond AND J1:VAL889:hydrophobic AND J2:LEU855:hydrophobic,5,holdout,42,95,15,80,29,51,0.1578947368421052,0.1923076923076923,0.0449826989619377,3.5101214574898782,4.690476190476191,1.0145937611084517e-05,226,3.7369930954001753,2.6470986607736274e-13,4.8212555442216445e-11,J1:ALA906:hydrophobic AND J1:LEU881 AND J1:LEU959:hydrogen_bond AND J1:VAL889:hydrophobic AND J2:LEU855:hydrophobic,5,523,72,31,420,451,0.1376673040152963,0.2517482517482518,0.1025089605734767,1.342978245463905,1.5315498269681085,0.0049799787788652,0.0914993733523789,-0.0220330787058831,0.1135324520582621,0.0,716654.5,3.7887388067581815e-14,10,2,8,8,0,0.2,0.3333333333333333,0.0057142857142857,35.0,64.75,0.0012008944116302,3.6698658039779537,0.5397079522637368,1.2192025059708285,3.0100543478260873,True,True,,False
J1:ALA906:hydrophobic AND J1:LEU959:hydrogen_bond AND J1:VAL889 AND J2:LEU855:hydrophobic,4,J1:ALA906:hydrophobic|J1:LEU959:hydrogen_bond|J1:VAL889|J2:LEU855:hydrophobic,beam_4,243,38,205,66,139,0.1563786008230452,0.2087912087912088,0.0449938195302843,3.475557364446254,4.708807588075881,2.8239914727089634e-12,24.153296765996664,True,3.5720425472361766e-10,True,J1:ALA906:hydrophobic AND J1:LEU959:hydrogen_bond AND J1:VAL889 AND J2:LEU855:hydrophobic,4,holdout,42,110,17,93,35,58,0.1545454545454545,0.2179487179487179,0.0449826989619377,3.4356643356643355,4.683765203595981,3.1531050180114855e-06,243,3.475557364446254,2.8239914727089634e-12,3.5720425472361766e-10,J1:ALA906:hydrophobic AND J1:LEU959:hydrogen_bond AND J1:VAL889 AND J2:LEU855:hydrophobic,4,545,75,31,439,470,0.1376146788990825,0.2622377622377622,0.1025089605734767,1.3424648745749663,1.5382676212564284,0.0035099370316088,0.0910710830021985,-0.0230416736744504,0.1141127566766489,0.0,736650.0,5.763678307036749e-14,14,2,12,12,0,0.1428571428571428,0.3333333333333333,0.0057142857142857,25.0,43.0,0.0024037600113818,3.463118326432774,0.5901076325489887,1.18701054424925,2.91751269035533,True,True,,False
J1:ALA906 AND J1:LEU959:hydrogen_bond AND J1:VAL889 AND J2:LEU855:hydrophobic,4,J1:ALA906|J1:LEU959:hydrogen_bond|J1:VAL889|J2:LEU855:hydrophobic,beam_4,243,38,205,66,139,0.1563786008230452,0.2087912087912088,0.0449938195302843,3.475557364446254,4.708807588075881,2.8239914727089634e-12,24.153296765996664,True,3.5720425472361766e-10,True,J1:ALA906 AND J1:LEU959:hydrogen_bond AND J1:VAL889 AND J2:LEU855:hydrophobic,4,holdout,42,110,17,93,35,58,0.1545454545454545,0.2179487179487179,0.0449826989619377,3.4356643356643355,4.683765203595981,3.1531050180114855e-06,243,3.475557364446254,2.8239914727089634e-12,3.5720425472361766e-10,J1:ALA906 AND J1:LEU959:hydrogen_bond AND J1:VAL889 AND J2:LEU855:hydrophobic,4,545,75,31,439,470,0.1376146788990825,0.2622377622377622,0.1025089605734767,1.3424648745749663,1.5382676212564284,0.0035099370316088,0.0910710830021985,-0.0230416736744504,0.1141127566766489,0.0,736650.0,5.763678307036749e-14,14,2,12,12,0,0.1428571428571428,0.3333333333333333,0.0057142857142857,25.0,43.0,0.0024037600113818,3.463118326432774,0.5901076325489887,1.18701054424925,2.91751269035533,True,True,,False
J1:ALA906 AND J1:LEU1010 AND J1:LEU959:hydrogen_bond AND J1:VAL889:hydrophobic AND J2:LEU855,5,J1:ALA906|J1:LEU1010|J1:LEU959:hydrogen_bond|J1:VAL889:hydrophobic|J2:LEU855,beam_5,225,36,189,57,132,0.16,0.1978021978021978,0.0449938195302843,3.5560439560439563,4.793215916503588,5.877696639346305e-12,23.508023511948032,True,6.528434661971111e-10,True,J1:ALA906 AND J1:LEU1010 AND J1:LEU959:hydrogen_bond AND J1:VAL889:hydrophobic AND J2:LEU855,5,holdout,42,97,15,82,30,52,0.1546391752577319,0.1923076923076923,0.0449826989619377,3.437747819191118,4.570267131242741,1.3234542297349646e-05,225,3.5560439560439563,5.877696639346305e-12,6.528434661971111e-10,J1:ALA906 AND J1:LEU1010 AND J1:LEU959:hydrogen_bond AND J1:VAL889:hydrophobic AND J2:LEU855,5,459,63,17,379,396,0.1372549019607843,0.2202797202797203,0.1025089605734767,1.3389551624845744,1.5038728088055442,0.0089844386767448,0.1309879543121986,-0.0266916723261441,0.1576796266383428,0.0,656915.0,4.308573227865719e-15,8,2,6,6,0,0.25,0.3333333333333333,0.0057142857142857,43.75,86.5,0.0007510502802914,3.5204132823698036,0.5572472634896991,1.215416162784584,2.8964673913043475,True,True,,False
J1:ALA906:hydrophobic AND J1:LEU1010:hydrophobic AND J1:LEU959:hydrogen_bond AND J1:VAL889:hydrophobic AND J2:LEU855,5,J1:ALA906:hydrophobic|J1:LEU1010:hydrophobic|J1:LEU959:hydrogen_bond|J1:VAL889:hydrophobic|J2:LEU855,beam_5,225,36,189,57,132,0.16,0.1978021978021978,0.0449938195302843,3.5560439560439563,4.793215916503588,5.877696639346305e-12,23.508023511948032,True,6.528434661971111e-10,True,J1:ALA906:hydrophobic AND J1:LEU1010:hydrophobic AND J1:LEU959:hydrogen_bond AND J1:VAL889:hydrophobic AND J2:LEU855,5,holdout,42,97,15,82,30,52,0.1546391752577319,0.1923076923076923,0.0449826989619377,3.437747819191118,4.570267131242741,1.3234542297349646e-05,225,3.5560439560439563,5.877696639346305e-12,6.528434661971111e-10,J1:ALA906:hydrophobic AND J1:LEU1010:hydrophobic AND J1:LEU959:hydrogen_bond AND J1:VAL889:hydrophobic AND J2:LEU855,5,459,63,17,379,396,0.1372549019607843,0.2202797202797203,0.1025089605734767,1.3389551624845744,1.5038728088055442,0.0089844386767448,0.1309879543121986,-0.0266916723261441,0.1576796266383428,0.0,656915.0,4.308573227865719e-15,8,2,6,6,0,0.25,0.3333333333333333,0.0057142857142857,43.75,86.5,0.0007510502802914,3.5204132823698036,0.5572472634896991,1.215416162784584,2.8964673913043475,True,True,,False
J1:ALA906 AND J1:LEU1010:hydrophobic AND J1:LEU959:hydrogen_bond AND J1:VAL889:hydrophobic AND J2:LEU855,5,J1:ALA906|J1:LEU1010:hydrophobic|J1:LEU959:hydrogen_bond|J1:VAL889:hydrophobic|J2:LEU855,beam_5,225,36,189,57,132,0.16,0.1978021978021978,0.0449938195302843,3.5560439560439563,4.793215916503588,5.877696639346305e-12,23.508023511948032,True,6.528434661971111e-10,True,J1:ALA906 AND J1:LEU1010:hydrophobic AND J1:LEU959:hydrogen_bond AND J1:VAL889:hydrophobic AND J2:LEU855,5,holdout,42,97,15,82,30,52,0.1546391752577319,0.1923076923076923,0.0449826989619377,3.437747819191118,4.570267131242741,1.3234542297349646e-05,225,3.5560439560439563,5.877696639346305e-12,6.528434661971111e-10,J1:ALA906 AND J1:LEU1010:hydrophobic AND J1:LEU959:hydrogen_bond AND J1:VAL889:hydrophobic AND J2:LEU855,5,459,63,17,379,396,0.1372549019607843,0.2202797202797203,0.1025089605734767,1.3389551624845744,1.5038728088055442,0.0089844386767448,0.1309879543121986,-0.0266916723261441,0.1576796266383428,0.0,656915.0,4.308573227865719e-15,8,2,6,6,0,0.25,0.3333333333333333,0.0057142857142857,43.75,86.5,0.0007510502802914,3.5204132823698036,0.5572472634896991,1.215416162784584,2.8964673913043475,True,True,,False
J1:ALA906:hydrophobic AND J1:LEU1010 AND J1:LEU959:hydrogen_bond AND J1:VAL889:hydrophobic AND J2:LEU855,5,J1:ALA906:hydrophobic|J1:LEU1010|J1:LEU959:hydrogen_bond|J1:VAL889:hydrophobic|J2:LEU855,beam_5,225,36,189,57,132,0.16,0.1978021978021978,0.0449938195302843,3.5560439560439563,4.793215916503588,5.877696639346305e-12,23.508023511948032,True,6.528434661971111e-10,True,J1:ALA906:hydrophobic AND J1:LEU1010 AND J1:LEU959:hydrogen_bond AND J1:VAL889:hydrophobic AND J2:LEU855,5,holdout,42,97,15,82,30,52,0.1546391752577319,0.1923076923076923,0.0449826989619377,3.437747819191118,4.570267131242741,1.3234542297349646e-05,225,3.5560439560439563,5.877696639346305e-12,6.528434661971111e-10,J1:ALA906:hydrophobic AND J1:LEU1010 AND J1:LEU959:hydrogen_bond AND J1:VAL889:hydrophobic AND J2:LEU855,5,459,63,17,379,396,0.1372549019607843,0.2202797202797203,0.1025089605734767,1.3389551624845744,1.5038728088055442,0.0089844386767448,0.1309879543121986,-0.0266916723261441,0.1576796266383428,0.0,656915.0,4.308573227865719e-15,8,2,6,6,0,0.25,0.3333333333333333,0.0057142857142857,43.75,86.5,0.0007510502802914,3.5204132823698036,0.5572472634896991,1.215416162784584,2.8964673913043475,True,True,,False
J1:ALA906 AND J1:LEU881 AND J1:LEU959:hydrogen_bond AND J1:VAL889 AND J2:LEU855:hydrophobic,5,J1:ALA906|J1:LEU881|J1:LEU959:hydrogen_bond|J1:VAL889|J2:LEU855:hydrophobic,beam_5,226,38,188,55,133,0.168141592920354,0.2087912087912088,0.0449938195302843,3.7369930954001753,5.158466312056738,2.6470986607736274e-13,24.66421698171544,True,4.8212555442216445e-11,True,J1:ALA906 AND J1:LEU881 AND J1:LEU959:hydrogen_bond AND J1:VAL889 AND J2:LEU855:hydrophobic,5,holdout,42,96,16,80,29,51,0.1666666666666666,0.2051282051282051,0.0449826989619377,3.705128205128205,5.083870967741936,2.299845812312823e-06,226,3.7369930954001753,2.6470986607736274e-13,4.8212555442216445e-11,J1:ALA906 AND J1:LEU881 AND J1:LEU959:hydrogen_bond AND J1:VAL889 AND J2:LEU855:hydrophobic,5,527,72,31,424,455,0.1366223908918406,0.2517482517482518,0.1025089605734767,1.332784862196627,1.5151278627914142,0.0052127345982054,0.0908048809550174,-0.0220720236085891,0.1128769045636065,0.0,719904.5,5.0000769954955356e-14,10,2,8,8,0,0.2,0.3333333333333333,0.0057142857142857,35.0,64.75,0.0012008944116302,3.727496416626851,0.5380318406107439,1.215416162784584,3.0668478260869567,True,True,,False
J1:ALA906:hydrophobic AND J1:LEU881 AND J1:LEU959:hydrogen_bond AND J1:VAL889 AND J2:LEU855:hydrophobic,5,J1:ALA906:hydrophobic|J1:LEU881|J1:LEU959:hydrogen_bond|J1:VAL889|J2:LEU855:hydrophobic,beam_5,226,38,188,55,133,0.168141592920354,0.2087912087912088,0.0449938195302843,3.7369930954001753,5.158466312056738,2.6470986607736274e-13,24.66421698171544,True,4.8212555442216445e-11,True,J1:ALA906:hydrophobic AND J1:LEU881 AND J1:LEU959:hydrogen_bond AND J1:VAL889 AND J2:LEU855:hydrophobic,5,holdout,42,96,16,80,29,51,0.1666666666666666,0.2051282051282051,0.0449826989619377,3.705128205128205,5.083870967741936,2.299845812312823e-06,226,3.7369930954001753,2.6470986607736274e-13,4.8212555442216445e-11,J1:ALA906:hydrophobic AND J1:LEU881 AND J1:LEU959:hydrogen_bond AND J1:VAL889 AND J2:LEU855:hydrophobic,5,527,72,31,424,455,0.1366223908918406,0.2517482517482518,0.1025089605734767,1.332784862196627,1.5151278627914142,0.0052127345982054,0.0908048809550174,-0.0220720236085891,0.1128769045636065,0.0,719904.5,5.0000769954955356e-14,10,2,8,8,0,0.2,0.3333333333333333,0.0057142857142857,35.0,64.75,0.0012008944116302,3.727496416626851,0.5380318406107439,1.215416162784584,3.0668478260869567,True,True,,False
J1:ALA906:hydrophobic AND J1:LEU1010:hydrophobic AND J1:LEU959:hydrogen_bond AND J1:VAL889 AND J2:LEU855,5,J1:ALA906:hydrophobic|J1:LEU1010:hydrophobic|J1:LEU959:hydrogen_bond|J1:VAL889|J2:LEU855,beam_5,225,36,189,57,132,0.16,0.1978021978021978,0.0449938195302843,3.5560439560439563,4.793215916503588,5.877696639346305e-12,23.508023511948032,True,6.528434661971111e-10,True,J1:ALA906:hydrophobic AND J1:LEU1010:hydrophobic AND J1:LEU959:hydrogen_bond AND J1:VAL889 AND J2:LEU855,5,holdout,42,98,16,82,30,52,0.1632653061224489,0.2051282051282051,0.0449826989619377,3.6295133437990574,4.9535798583792285,3.0645601536290812e-06,225,3.5560439560439563,5.877696639346305e-12,6.528434661971111e-10,J1:ALA906:hydrophobic AND J1:LEU1010:hydrophobic AND J1:LEU959:hydrogen_bond AND J1:VAL889 AND J2:LEU855,5,463,63,17,383,400,0.1360691144708423,0.2202797202797203,0.1025089605734767,1.3273875152924828,1.4860089686098654,0.0116640355176637,0.1298563089185727,-0.0267375540147151,0.1565938629332878,0.0,660421.0,6.016060224642873e-15,8,2,6,6,0,0.25,0.3333333333333333,0.0057142857142857,43.75,86.5,0.0007510502802914,3.578328173374613,0.5555220397637247,1.2116532644477895,2.953260869565217,True,True,,False
J1:ALA906:hydrophobic AND J1:LEU1010 AND J1:LEU959:hydrogen_bond AND J1:VAL889 AND J2:LEU855,5,J1:ALA906:hydrophobic|J1:LEU1010|J1:LEU959:hydrogen_bond|J1:VAL889|J2:LEU855,beam_5,225,36,189,57,132,0.16,0.1978021978021978,0.0449938195302843,3.5560439560439563,4.793215916503588,5.877696639346305e-12,23.508023511948032,True,6.528434661971111e-10,True,J1:ALA906:hydrophobic AND J1:LEU1010 AND J1:LEU959:hydrogen_bond AND J1:VAL889 AND J2:LEU855,5,holdout,42,98,16,82,30,52,0.1632653061224489,0.2051282051282051,0.0449826989619377,3.6295133437990574,4.9535798583792285,3.0645601536290812e-06,225,3.5560439560439563,5.877696639346305e-12,6.528434661971111e-10,J1:ALA906:hydrophobic AND J1:LEU1010 AND J1:LEU959:hydrogen_bond AND J1:VAL889 AND J2:LEU855,5,463,63,17,383,400,0.1360691144708423,0.2202797202797203,0.1025089605734767,1.3273875152924828,1.4860089686098654,0.0116640355176637,0.1298563089185727,-0.0267375540147151,0.1565938629332878,0.0,660421.0,6.016060224642873e-15,8,2,6,6,0,0.25,0.3333333333333333,0.0057142857142857,43.75,86.5,0.0007510502802914,3.578328173374613,0.5555220397637247,1.2116532644477895,2.953260869565217,True,True,,False
J1:ALA906 AND J1:LEU1010:hydrophobic AND J1:LEU959:hydrogen_bond AND J1:VAL889 AND J2:LEU855,5,J1:ALA906|J1:LEU1010:hydrophobic|J1:LEU959:hydrogen_bond|J1:VAL889|J2:LEU855,beam_5,225,36,189,57,132,0.16,0.1978021978021978,0.0449938195302843,3.5560439560439563,4.793215916503588,5.877696639346305e-12,23.508023511948032,True,6.528434661971111e-10,True,J1:ALA906 AND J1:LEU1010:hydrophobic AND J1:LEU959:hydrogen_bond AND J1:VAL889 AND J2:LEU855,5,holdout,42,98,16,82,30,52,0.1632653061224489,0.2051282051282051,0.0449826989619377,3.6295133437990574,4.9535798583792285,3.0645601536290812e-06,225,3.5560439560439563,5.877696639346305e-12,6.528434661971111e-10,J1:ALA906 AND J1:LEU1010:hydrophobic AND J1:LEU959:hydrogen_bond AND J1:VAL889 AND J2:LEU855,5,463,63,17,383,400,0.1360691144708423,0.2202797202797203,0.1025089605734767,1.3273875152924828,1.4860089686098654,0.0116640355176637,0.1298563089185727,-0.0267375540147151,0.1565938629332878,0.0,660421.0,6.016060224642873e-15,8,2,6,6,0,0.25,0.3333333333333333,0.0057142857142857,43.75,86.5,0.0007510502802914,3.578328173374613,0.5555220397637247,1.2116532644477895,2.953260869565217,True,True,,False
J1:ALA906 AND J1:LEU1010 AND J1:LEU959:hydrogen_bond AND J1:VAL889 AND J2:LEU855,5,J1:ALA906|J1:LEU1010|J1:LEU959:hydrogen_bond|J1:VAL889|J2:LEU855,beam_5,225,36,189,57,132,0.16,0.1978021978021978,0.0449938195302843,3.5560439560439563,4.793215916503588,5.877696639346305e-12,23.508023511948032,True,6.528434661971111e-10,True,J1:ALA906 AND J1:LEU1010 AND J1:LEU959:hydrogen_bond AND J1:VAL889 AND J2:LEU855,5,holdout,42,98,16,82,30,52,0.1632653061224489,0.2051282051282051,0.0449826989619377,3.6295133437990574,4.9535798583792285,3.0645601536290812e-06,225,3.5560439560439563,5.877696639346305e-12,6.528434661971111e-10,J1:ALA906 AND J1:LEU1010 AND J1:LEU959:hydrogen_bond AND J1:VAL889 AND J2:LEU855,5,463,63,17,383,400,0.1360691144708423,0.2202797202797203,0.1025089605734767,1.3273875152924828,1.4860089686098654,0.0116640355176637,0.1298563089185727,-0.0267375540147151,0.1565938629332878,0.0,660421.0,6.016060224642873e-15,8,2,6,6,0,0.25,0.3333333333333333,0.0057142857142857,43.75,86.5,0.0007510502802914,3.578328173374613,0.5555220397637247,1.2116532644477895,2.953260869565217,True,True,,False
J1:ALA906:hydrophobic AND J1:LEU881:hydrophobic AND J1:LEU959:hydrogen_bond AND J1:VAL889:hydrophobic AND J2:LEU855,5,J1:ALA906:hydrophobic|J1:LEU881:hydrophobic|J1:LEU959:hydrogen_bond|J1:VAL889:hydrophobic|J2:LEU855,beam_5,223,38,185,52,133,0.1704035874439461,0.2087912087912088,0.0449938195302843,3.7872665451140786,5.246396396396396,1.698770757765937e-13,24.75237218168109,True,3.437367681937505e-11,True,J1:ALA906:hydrophobic AND J1:LEU881:hydrophobic AND J1:LEU959:hydrogen_bond AND J1:VAL889:hydrophobic AND J2:LEU855,5,holdout,42,93,15,78,27,51,0.1612903225806451,0.1923076923076923,0.0449826989619377,3.58560794044665,4.816849816849817,7.717260965608895e-06,223,3.7872665451140786,1.698770757765937e-13,3.437367681937505e-11,J1:ALA906:hydrophobic AND J1:LEU881:hydrophobic AND J1:LEU959:hydrogen_bond AND J1:VAL889:hydrophobic AND J2:LEU855,5,534,72,33,429,462,0.1348314606741573,0.2517482517482518,0.1025089605734767,1.3153138995835625,1.4870736739895618,0.0086529559100175,0.0818511115099052,-0.0203028859526739,0.1021539974625792,0.0,722221.0,3.6610198544126894e-13,9,2,7,7,0,0.2222222222222222,0.3333333333333333,0.0057142857142857,38.888888888888886,74.07142857142857,0.0009631731456891,3.7279333008763382,0.5156138472519629,1.238493684862772,3.010054347826087,True,True,,False
J1:ALA906 AND J1:LEU881:hydrophobic AND J1:LEU959:hydrogen_bond AND J1:VAL889:hydrophobic AND J2:LEU855,5,J1:ALA906|J1:LEU881:hydrophobic|J1:LEU959:hydrogen_bond|J1:VAL889:hydrophobic|J2:LEU855,beam_5,223,38,185,52,133,0.1704035874439461,0.2087912087912088,0.0449938195302843,3.7872665451140786,5.246396396396396,1.698770757765937e-13,24.75237218168109,True,3.437367681937505e-11,True,J1:ALA906 AND J1:LEU881:hydrophobic AND J1:LEU959:hydrogen_bond AND J1:VAL889:hydrophobic AND J2:LEU855,5,holdout,42,93,15,78,27,51,0.1612903225806451,0.1923076923076923,0.0449826989619377,3.58560794044665,4.816849816849817,7.717260965608895e-06,223,3.7872665451140786,1.698770757765937e-13,3.437367681937505e-11,J1:ALA906 AND J1:LEU881:hydrophobic AND J1:LEU959:hydrogen_bond AND J1:VAL889:hydrophobic AND J2:LEU855,5,534,72,33,429,462,0.1348314606741573,0.2517482517482518,0.1025089605734767,1.3153138995835625,1.4870736739895618,0.0086529559100175,0.0818511115099052,-0.0203028859526739,0.1021539974625792,0.0,722221.0,3.6610198544126894e-13,9,2,7,7,0,0.2222222222222222,0.3333333333333333,0.0057142857142857,38.888888888888886,74.07142857142857,0.0009631731456891,3.7279333008763382,0.5156138472519629,1.238493684862772,3.010054347826087,True,True,,False
J1:ALA906 AND J1:LEU959:hydrogen_bond AND J1:VAL889:hydrophobic AND J2:LEU855,4,J1:ALA906|J1:LEU959:hydrogen_bond|J1:VAL889:hydrophobic|J2:LEU855,beam_4,244,38,206,67,139,0.1557377049180328,0.2087912087912088,0.0449938195302843,3.4613132768870476,4.684668284789644,3.222470056965155e-12,24.122660757112307,True,3.9931203429287365e-10,True,J1:ALA906 AND J1:LEU959:hydrogen_bond AND J1:VAL889:hydrophobic AND J2:LEU855,4,holdout,42,110,16,94,35,59,0.1454545454545454,0.2051282051282051,0.0449826989619377,3.233566433566433,4.288263555250515,1.4685666234888856e-05,244,3.4613132768870476,3.222470056965155e-12,3.9931203429287365e-10,J1:ALA906 AND J1:LEU959:hydrogen_bond AND J1:VAL889:hydrophobic AND J2:LEU855,4,558,75,34,449,483,0.1344086021505376,0.2622377622377622,0.1025089605734767,1.311188811188811,1.4872979894615996,0.0078062299098223,0.0783523841624696,-0.0205266341960578,0.0988790183585274,0.0,742445.0,9.429634210685582e-13,14,2,12,12,0,0.1428571428571428,0.3333333333333333,0.0057142857142857,25.0,43.0,0.0024037600113818,3.390547588005215,0.5942668070022623,1.189665820352707,2.8499999999999996,True,True,,False
J1:ALA906:hydrophobic AND J1:LEU959:hydrogen_bond AND J1:VAL889:hydrophobic AND J2:LEU855,4,J1:ALA906:hydrophobic|J1:LEU959:hydrogen_bond|J1:VAL889:hydrophobic|J2:LEU855,beam_4,244,38,206,67,139,0.1557377049180328,0.2087912087912088,0.0449938195302843,3.4613132768870476,4.684668284789644,3.222470056965155e-12,24.122660757112307,True,3.9931203429287365e-10,True,J1:ALA906:hydrophobic AND J1:LEU959:hydrogen_bond AND J1:VAL889:hydrophobic AND J2:LEU855,4,holdout,42,110,16,94,35,59,0.1454545454545454,0.2051282051282051,0.0449826989619377,3.233566433566433,4.288263555250515,1.4685666234888856e-05,244,3.4613132768870476,3.222470056965155e-12,3.9931203429287365e-10,J1:ALA906:hydrophobic AND J1:LEU959:hydrogen_bond AND J1:VAL889:hydrophobic AND J2:LEU855,4,558,75,34,449,483,0.1344086021505376,0.2622377622377622,0.1025089605734767,1.311188811188811,1.4872979894615996,0.0078062299098223,0.0783523841624696,-0.0205266341960578,0.0988790183585274,0.0,742445.0,9.429634210685582e-13,14,2,12,12,0,0.1428571428571428,0.3333333333333333,0.0057142857142857,25.0,43.0,0.0024037600113818,3.390547588005215,0.5942668070022623,1.189665820352707,2.8499999999999996,True,True,,False
J1:ALA906 AND J1:LEU1010 AND J1:LEU881:hydrophobic AND J1:LEU959:hydrogen_bond AND J1:VAL889:hydrophobic,5,J1:ALA906|J1:LEU1010|J1:LEU881:hydrophobic|J1:LEU959:hydrogen_bond|J1:VAL889:hydrophobic,beam_5,238,40,198,56,142,0.1680672268907563,0.2197802197802197,0.0449938195302843,3.735340289962139,5.214112960591834,5.5460064185985456e-14,25.476079820852767,True,1.3581328186181214e-11,True,J1:ALA906 AND J1:LEU1010 AND J1:LEU881:hydrophobic AND J1:LEU959:hydrogen_bond AND J1:VAL889:hydrophobic,5,holdout,42,97,16,81,28,53,0.1649484536082474,0.2051282051282051,0.0449826989619377,3.666931007137193,5.017921146953405,2.6575024185246366e-06,238,3.735340289962139,5.5460064185985456e-14,1.3581328186181214e-11,J1:ALA906 AND J1:LEU1010 AND J1:LEU881:hydrophobic AND J1:LEU959:hydrogen_bond AND J1:VAL889:hydrophobic,5,447,60,18,369,387,0.1342281879194631,0.2097902097902098,0.1025089605734767,1.3094288262073497,1.452287850723743,0.0212421582716623,0.1286192506255395,-0.0254321904364315,0.154051441061971,0.0,642355.0,1.1806345389168068e-14,5,2,3,3,0,0.4,0.3333333333333333,0.0057142857142857,70.0,173.5,0.000270293560781,3.715545350172216,0.5171529930646553,1.238091837463401,3.001025641025641,True,True,,False
J1:ALA906:hydrophobic AND J1:LEU1010 AND J1:LEU881:hydrophobic AND J1:LEU959:hydrogen_bond AND J1:VAL889:hydrophobic,5,J1:ALA906:hydrophobic|J1:LEU1010|J1:LEU881:hydrophobic|J1:LEU959:hydrogen_bond|J1:VAL889:hydrophobic,beam_5,238,40,198,56,142,0.1680672268907563,0.2197802197802197,0.0449938195302843,3.735340289962139,5.214112960591834,5.5460064185985456e-14,25.476079820852767,True,1.3581328186181214e-11,True,J1:ALA906:hydrophobic AND J1:LEU1010 AND J1:LEU881:hydrophobic AND J1:LEU959:hydrogen_bond AND J1:VAL889:hydrophobic,5,holdout,42,97,16,81,28,53,0.1649484536082474,0.2051282051282051,0.0449826989619377,3.666931007137193,5.017921146953405,2.6575024185246366e-06,238,3.735340289962139,5.5460064185985456e-14,1.3581328186181214e-11,J1:ALA906:hydrophobic AND J1:LEU1010 AND J1:LEU881:hydrophobic AND J1:LEU959:hydrogen_bond AND J1:VAL889:hydrophobic,5,447,60,18,369,387,0.1342281879194631,0.2097902097902098,0.1025089605734767,1.3094288262073497,1.452287850723743,0.0212421582716623,0.1286192506255395,-0.0254321904364315,0.154051441061971,0.0,642355.0,1.1806345389168068e-14,5,2,3,3,0,0.4,0.3333333333333333,0.0057142857142857,70.0,173.5,0.000270293560781,3.715545350172216,0.5171529930646553,1.238091837463401,3.001025641025641,True,True,,False
J1:ALA906:hydrophobic AND J1:LEU1010:hydrophobic AND J1:LEU881:hydrophobic AND J1:LEU959:hydrogen_bond AND J1:VAL889:hydrophobic,5,J1:ALA906:hydrophobic|J1:LEU1010:hydrophobic|J1:LEU881:hydrophobic|J1:LEU959:hydrogen_bond|J1:VAL889:hydrophobic,beam_5,238,40,198,56,142,0.1680672268907563,0.2197802197802197,0.0449938195302843,3.735340289962139,5.214112960591834,5.5460064185985456e-14,25.476079820852767,True,1.3581328186181214e-11,True,J1:ALA906:hydrophobic AND J1:LEU1010:hydrophobic AND J1:LEU881:hydrophobic AND J1:LEU959:hydrogen_bond AND J1:VAL889:hydrophobic,5,holdout,42,97,16,81,28,53,0.1649484536082474,0.2051282051282051,0.0449826989619377,3.666931007137193,5.017921146953405,2.6575024185246366e-06,238,3.735340289962139,5.5460064185985456e-14,1.3581328186181214e-11,J1:ALA906:hydrophobic AND J1:LEU1010:hydrophobic AND J1:LEU881:hydrophobic AND J1:LEU959:hydrogen_bond AND J1:VAL889:hydrophobic,5,447,60,18,369,387,0.1342281879194631,0.2097902097902098,0.1025089605734767,1.3094288262073497,1.452287850723743,0.0212421582716623,0.1286192506255395,-0.0254321904364315,0.154051441061971,0.0,642355.0,1.1806345389168068e-14,5,2,3,3,0,0.4,0.3333333333333333,0.0057142857142857,70.0,173.5,0.000270293560781,3.715545350172216,0.5171529930646553,1.238091837463401,3.001025641025641,True,True,,False
J1:ALA906 AND J1:LEU1010:hydrophobic AND J1:LEU881:hydrophobic AND J1:LEU959:hydrogen_bond AND J1:VAL889:hydrophobic,5,J1:ALA906|J1:LEU1010:hydrophobic|J1:LEU881:hydrophobic|J1:LEU959:hydrogen_bond|J1:VAL889:hydrophobic,beam_5,238,40,198,56,142,0.1680672268907563,0.2197802197802197,0.0449938195302843,3.735340289962139,5.214112960591834,5.5460064185985456e-14,25.476079820852767,True,1.3581328186181214e-11,True,J1:ALA906 AND J1:LEU1010:hydrophobic AND J1:LEU881:hydrophobic AND J1:LEU959:hydrogen_bond AND J1:VAL889:hydrophobic,5,holdout,42,97,16,81,28,53,0.1649484536082474,0.2051282051282051,0.0449826989619377,3.666931007137193,5.017921146953405,2.6575024185246366e-06,238,3.735340289962139,5.5460064185985456e-14,1.3581328186181214e-11,J1:ALA906 AND J1:LEU1010:hydrophobic AND J1:LEU881:hydrophobic AND J1:LEU959:hydrogen_bond AND J1:VAL889:hydrophobic,5,447,60,18,369,387,0.1342281879194631,0.2097902097902098,0.1025089605734767,1.3094288262073497,1.452287850723743,0.0212421582716623,0.1286192506255395,-0.0254321904364315,0.154051441061971,0.0,642355.0,1.1806345389168068e-14,5,2,3,3,0,0.4,0.3333333333333333,0.0057142857142857,70.0,173.5,0.000270293560781,3.715545350172216,0.5171529930646553,1.238091837463401,3.001025641025641,True,True,,False
J1:ARG1007 AND J1:LEU881:hydrophobic AND J2:LEU855:hydrophobic AND J2:TYR931,4,J1:ARG1007|J1:LEU881:hydrophobic|J2:LEU855:hydrophobic|J2:TYR931,beam_4,682,61,621,223,398,0.0894428152492668,0.3351648351648351,0.0449938195302843,1.987891141116948,2.6318787346455332,2.100188601155678e-08,25.27155719974317,True,8.517240796306551e-07,True,J1:ARG1007 AND J1:LEU881:hydrophobic AND J2:LEU855:hydrophobic AND J2:TYR931,4,holdout,42,291,22,269,90,179,0.0756013745704467,0.282051282051282,0.0449826989619377,1.6806767116045465,2.0256240042485394,0.0120341294853457,682,1.987891141116948,2.100188601155678e-08,8.517240796306551e-07,J1:ARG1007 AND J1:LEU881:hydrophobic AND J2:LEU855:hydrophobic AND J2:TYR931,4,575,77,34,464,498,0.1339130434782608,0.2692307692307692,0.1025089605734767,1.306354515050167,1.4840414288733883,0.0068183498550052,0.0893414184387597,-0.0241382089233543,0.113479627362114,0.0,727298.0,9.526217346020605e-08,130,3,127,108,19,0.023076923076923,0.5,0.0057142857142857,4.038461538461538,7.2204724409448815,0.0279869715431324,1.896027353941023,0.6634620110580242,1.2613221689329224,1.5032062391681111,True,True,,False
J1:ALA906:hydrophobic AND J1:LEU881:hydrophobic AND J1:LEU959:hydrogen_bond AND J1:VAL889 AND J2:LEU855,5,J1:ALA906:hydrophobic|J1:LEU881:hydrophobic|J1:LEU959:hydrogen_bond|J1:VAL889|J2:LEU855,beam_5,223,38,185,52,133,0.1704035874439461,0.2087912087912088,0.0449938195302843,3.7872665451140786,5.246396396396396,1.698770757765937e-13,24.75237218168109,True,3.437367681937505e-11,True,J1:ALA906:hydrophobic AND J1:LEU881:hydrophobic AND J1:LEU959:hydrogen_bond AND J1:VAL889 AND J2:LEU855,5,holdout,42,94,16,78,27,51,0.1702127659574468,0.2051282051282051,0.0449826989619377,3.7839607201309327,5.220843672456576,1.7116955819875538e-06,223,3.7872665451140786,1.698770757765937e-13,3.437367681937505e-11,J1:ALA906:hydrophobic AND J1:LEU881:hydrophobic AND J1:LEU959:hydrogen_bond AND J1:VAL889 AND J2:LEU855,5,538,72,33,433,466,0.1338289962825278,0.2517482517482518,0.1025089605734767,1.3055346140848,1.4714211222975413,0.009029704794266,0.0812425530600175,-0.0203389479170658,0.1015815009770833,0.0,725427.0,4.724683660516023e-13,9,2,7,7,0,0.2222222222222222,0.3333333333333333,0.0057142857142857,38.888888888888886,74.07142857142857,0.0009631731456891,3.786289735501091,0.5139873051470671,1.2345867647212494,3.066847826086956,True,True,,False
J1:ALA906 AND J1:LEU881:hydrophobic AND J1:LEU959:hydrogen_bond AND J1:VAL889 AND J2:LEU855,5,J1:ALA906|J1:LEU881:hydrophobic|J1:LEU959:hydrogen_bond|J1:VAL889|J2:LEU855,beam_5,223,38,185,52,133,0.1704035874439461,0.2087912087912088,0.0449938195302843,3.7872665451140786,5.246396396396396,1.698770757765937e-13,24.75237218168109,True,3.437367681937505e-11,True,J1:ALA906 AND J1:LEU881:hydrophobic AND J1:LEU959:hydrogen_bond AND J1:VAL889 AND J2:LEU855,5,holdout,42,94,16,78,27,51,0.1702127659574468,0.2051282051282051,0.0449826989619377,3.7839607201309327,5.220843672456576,1.7116955819875538e-06,223,3.7872665451140786,1.698770757765937e-13,3.437367681937505e-11,J1:ALA906 AND J1:LEU881:hydrophobic AND J1:LEU959:hydrogen_bond AND J1:VAL889 AND J2:LEU855,5,538,72,33,433,466,0.1338289962825278,0.2517482517482518,0.1025089605734767,1.3055346140848,1.4714211222975413,0.009029704794266,0.0812425530600175,-0.0203389479170658,0.1015815009770833,0.0,725427.0,4.724683660516023e-13,9,2,7,7,0,0.2222222222222222,0.3333333333333333,0.0057142857142857,38.888888888888886,74.07142857142857,0.0009631731456891,3.786289735501091,0.5139873051470671,1.2345867647212494,3.066847826086956,True,True,,False
J1:ARG1007 AND J1:LEU1010 AND J1:LEU881 AND J2:TYR931,4,J1:ARG1007|J1:LEU1010|J1:LEU881|J2:TYR931,beam_4,585,54,531,191,340,0.0923076923076923,0.2967032967032967,0.0449938195302843,2.0515638207945903,2.6472457627118646,6.166940841518068e-08,23.54630179796794,True,2.2206291924812587e-06,True,J1:ARG1007 AND J1:LEU1010 AND J1:LEU881 AND J2:TYR931,4,holdout,42,260,21,239,78,161,0.0807692307692307,0.2692307692307692,0.0449826989619377,1.7955621301775149,2.184320634221537,0.0051230225090702,585,2.0515638207945903,6.166940841518068e-08,2.2206291924812587e-06,J1:ARG1007 AND J1:LEU1010 AND J1:LEU881 AND J2:TYR931,4,487,65,25,397,422,0.1334702258726899,0.2272727272727272,0.1025089605734767,1.3020347209258911,1.45107332032339,0.0168469506075434,0.102211280523143,-0.0225235392000493,0.1247348197231923,0.0,650713.0,1.595191218003519e-08,125,3,122,105,17,0.024,0.5,0.0057142857142857,4.2,7.557377049180328,0.025147968926584,1.9728038233955392,0.6565686386309019,1.261084166534182,1.5643712574850297,True,True,,False
J1:ARG1007 AND J1:LEU1010:hydrophobic AND J1:LEU881 AND J2:TYR931,4,J1:ARG1007|J1:LEU1010:hydrophobic|J1:LEU881|J2:TYR931,beam_4,585,54,531,191,340,0.0923076923076923,0.2967032967032967,0.0449938195302843,2.0515638207945903,2.6472457627118646,6.166940841518068e-08,23.54630179796794,True,2.2206291924812587e-06,True,J1:ARG1007 AND J1:LEU1010:hydrophobic AND J1:LEU881 AND J2:TYR931,4,holdout,42,260,21,239,78,161,0.0807692307692307,0.2692307692307692,0.0449826989619377,1.7955621301775149,2.184320634221537,0.0051230225090702,585,2.0515638207945903,6.166940841518068e-08,2.2206291924812587e-06,J1:ARG1007 AND J1:LEU1010:hydrophobic AND J1:LEU881 AND J2:TYR931,4,487,65,25,397,422,0.1334702258726899,0.2272727272727272,0.1025089605734767,1.3020347209258911,1.45107332032339,0.0168469506075434,0.102211280523143,-0.0225235392000493,0.1247348197231923,0.0,650713.0,1.595191218003519e-08,125,3,122,105,17,0.024,0.5,0.0057142857142857,4.2,7.557377049180328,0.025147968926584,1.9728038233955392,0.6565686386309019,1.261084166534182,1.5643712574850297,True,True,,False
J1:ALA906 AND J1:LEU959:hydrogen_bond AND J1:VAL889 AND J2:LEU855,4,J1:ALA906|J1:LEU959:hydrogen_bond|J1:VAL889|J2:LEU855,beam_4,244,38,206,67,139,0.1557377049180328,0.2087912087912088,0.0449938195302843,3.4613132768870476,4.684668284789644,3.222470056965155e-12,24.122660757112307,True,3.9931203429287365e-10,True,J1:ALA906 AND J1:LEU959:hydrogen_bond AND J1:VAL889 AND J2:LEU855,4,holdout,42,111,17,94,35,59,0.1531531531531531,0.2179487179487179,0.0449826989619377,3.4047124047124044,4.63097314265783,3.59338752752281e-06,244,3.4613132768870476,3.222470056965155e-12,3.9931203429287365e-10,J1:ALA906 AND J1:LEU959:hydrogen_bond AND J1:VAL889 AND J2:LEU855,4,562,75,34,453,487,0.1334519572953736,0.2622377622377622,0.1025089605734767,1.301856506482841,1.4721624804149596,0.0081170096159021,0.0777947159477901,-0.020563486322083,0.0983582022698732,0.0,745555.0,1.1959287823116104e-12,14,2,12,12,0,0.1428571428571428,0.3333333333333333,0.0057142857142857,25.0,43.0,0.0024037600113818,3.443607800650054,0.5925928159966222,1.1863146490277698,2.9027777777777777,True,True,,False
J1:ALA906:hydrophobic AND J1:LEU959:hydrogen_bond AND J1:VAL889 AND J2:LEU855,4,J1:ALA906:hydrophobic|J1:LEU959:hydrogen_bond|J1:VAL889|J2:LEU855,beam_4,244,38,206,67,139,0.1557377049180328,0.2087912087912088,0.0449938195302843,3.4613132768870476,4.684668284789644,3.222470056965155e-12,24.122660757112307,True,3.9931203429287365e-10,True,J1:ALA906:hydrophobic AND J1:LEU959:hydrogen_bond AND J1:VAL889 AND J2:LEU855,4,holdout,42,111,17,94,35,59,0.1531531531531531,0.2179487179487179,0.0449826989619377,3.4047124047124044,4.63097314265783,3.59338752752281e-06,244,3.4613132768870476,3.222470056965155e-12,3.9931203429287365e-10,J1:ALA906:hydrophobic AND J1:LEU959:hydrogen_bond AND J1:VAL889 AND J2:LEU855,4,562,75,34,453,487,0.1334519572953736,0.2622377622377622,0.1025089605734767,1.301856506482841,1.4721624804149596,0.0081170096159021,0.0777947159477901,-0.020563486322083,0.0983582022698732,0.0,745555.0,1.1959287823116104e-12,14,2,12,12,0,0.1428571428571428,0.3333333333333333,0.0057142857142857,25.0,43.0,0.0024037600113818,3.443607800650054,0.5925928159966222,1.1863146490277698,2.9027777777777777,True,True,,False
J1:ALA906 AND J1:LEU881 AND J1:LEU959:hydrogen_bond AND J1:VAL889:hydrophobic AND J2:LEU855,5,J1:ALA906|J1:LEU881|J1:LEU959:hydrogen_bond|J1:VAL889:hydrophobic|J2:LEU855,beam_5,227,38,189,56,133,0.1674008810572687,0.2087912087912088,0.0449938195302843,3.720530570750835,5.129776601998824,3.063350909064758e-13,24.634694642927812,True,5.457629943064339e-11,True,J1:ALA906 AND J1:LEU881 AND J1:LEU959:hydrogen_bond AND J1:VAL889:hydrophobic AND J2:LEU855,5,holdout,42,96,15,81,29,52,0.15625,0.1923076923076923,0.0449826989619377,3.473557692307692,4.62962962962963,1.1598917573820015e-05,227,3.720530570750835,3.063350909064758e-13,5.457629943064339e-11,J1:ALA906 AND J1:LEU881 AND J1:LEU959:hydrogen_bond AND J1:VAL889:hydrophobic AND J2:LEU855,5,540,72,34,434,468,0.1333333333333333,0.2517482517482518,0.1025089605734767,1.3006993006993006,1.4636951833213516,0.0112743368284997,0.0776686340551,-0.0195715020234208,0.0972401360785209,0.0,725933.5,8.67686731660154e-13,10,2,8,8,0,0.2,0.3333333333333333,0.0057142857142857,35.0,64.75,0.0012008944116302,3.64714217670874,0.542751418159961,1.2182383365371796,2.9937837837837837,True,True,,False
J1:ALA906:hydrophobic AND J1:LEU881 AND J1:LEU959:hydrogen_bond AND J1:VAL889:hydrophobic AND J2:LEU855,5,J1:ALA906:hydrophobic|J1:LEU881|J1:LEU959:hydrogen_bond|J1:VAL889:hydrophobic|J2:LEU855,beam_5,227,38,189,56,133,0.1674008810572687,0.2087912087912088,0.0449938195302843,3.720530570750835,5.129776601998824,3.063350909064758e-13,24.634694642927812,True,5.457629943064339e-11,True,J1:ALA906:hydrophobic AND J1:LEU881 AND J1:LEU959:hydrogen_bond AND J1:VAL889:hydrophobic AND J2:LEU855,5,holdout,42,96,15,81,29,52,0.15625,0.1923076923076923,0.0449826989619377,3.473557692307692,4.62962962962963,1.1598917573820015e-05,227,3.720530570750835,3.063350909064758e-13,5.457629943064339e-11,J1:ALA906:hydrophobic AND J1:LEU881 AND J1:LEU959:hydrogen_bond AND J1:VAL889:hydrophobic AND J2:LEU855,5,540,72,34,434,468,0.1333333333333333,0.2517482517482518,0.1025089605734767,1.3006993006993006,1.4636951833213516,0.0112743368284997,0.0776686340551,-0.0195715020234208,0.0972401360785209,0.0,725933.5,8.67686731660154e-13,10,2,8,8,0,0.2,0.3333333333333333,0.0057142857142857,35.0,64.75,0.0012008944116302,3.64714217670874,0.542751418159961,1.2182383365371796,2.9937837837837837,True,True,,False
J1:ALA906 AND J1:LEU1010 AND J1:LEU881:hydrophobic AND J1:LEU959:hydrogen_bond AND J1:VAL889,5,J1:ALA906|J1:LEU1010|J1:LEU881:hydrophobic|J1:LEU959:hydrogen_bond|J1:VAL889,beam_5,238,40,198,56,142,0.1680672268907563,0.2197802197802197,0.0449938195302843,3.735340289962139,5.214112960591834,5.5460064185985456e-14,25.476079820852767,True,1.3581328186181214e-11,True,J1:ALA906 AND J1:LEU1010 AND J1:LEU881:hydrophobic AND J1:LEU959:hydrogen_bond AND J1:VAL889,5,holdout,42,98,17,81,28,53,0.173469387755102,0.2179487179487179,0.0449826989619377,3.856357927786499,5.418943533697632,5.713315261143564e-07,238,3.735340289962139,5.5460064185985456e-14,1.3581328186181214e-11,J1:ALA906 AND J1:LEU1010 AND J1:LEU881:hydrophobic AND J1:LEU959:hydrogen_bond AND J1:VAL889,5,451,60,18,373,391,0.1330376940133037,0.2097902097902098,0.1025089605734767,1.297815266773138,1.4347147092773238,0.0220781664940084,0.1274785033916101,-0.0254756828527401,0.1529541862443502,0.0,645909.0,1.648048334163169e-14,5,2,3,3,0,0.4,0.3333333333333333,0.0057142857142857,70.0,173.5,0.000270293560781,3.770638736263736,0.5156138472519629,1.2344070403280931,3.054615384615384,True,True,,False
J1:ALA906 AND J1:LEU1010:hydrophobic AND J1:LEU881:hydrophobic AND J1:LEU959:hydrogen_bond AND J1:VAL889,5,J1:ALA906|J1:LEU1010:hydrophobic|J1:LEU881:hydrophobic|J1:LEU959:hydrogen_bond|J1:VAL889,beam_5,238,40,198,56,142,0.1680672268907563,0.2197802197802197,0.0449938195302843,3.735340289962139,5.214112960591834,5.5460064185985456e-14,25.476079820852767,True,1.3581328186181214e-11,True,J1:ALA906 AND J1:LEU1010:hydrophobic AND J1:LEU881:hydrophobic AND J1:LEU959:hydrogen_bond AND J1:VAL889,5,holdout,42,98,17,81,28,53,0.173469387755102,0.2179487179487179,0.0449826989619377,3.856357927786499,5.418943533697632,5.713315261143564e-07,238,3.735340289962139,5.5460064185985456e-14,1.3581328186181214e-11,J1:ALA906 AND J1:LEU1010:hydrophobic AND J1:LEU881:hydrophobic AND J1:LEU959:hydrogen_bond AND J1:VAL889,5,451,60,18,373,391,0.1330376940133037,0.2097902097902098,0.1025089605734767,1.297815266773138,1.4347147092773238,0.0220781664940084,0.1274785033916101,-0.0254756828527401,0.1529541862443502,0.0,645909.0,1.648048334163169e-14,5,2,3,3,0,0.4,0.3333333333333333,0.0057142857142857,70.0,173.5,0.000270293560781,3.770638736263736,0.5156138472519629,1.2344070403280931,3.054615384615384,True,True,,False
J1:ALA906:hydrophobic AND J1:LEU1010:hydrophobic AND J1:LEU881:hydrophobic AND J1:LEU959:hydrogen_bond AND J1:VAL889,5,J1:ALA906:hydrophobic|J1:LEU1010:hydrophobic|J1:LEU881:hydrophobic|J1:LEU959:hydrogen_bond|J1:VAL889,beam_5,238,40,198,56,142,0.1680672268907563,0.2197802197802197,0.0449938195302843,3.735340289962139,5.214112960591834,5.5460064185985456e-14,25.476079820852767,True,1.3581328186181214e-11,True,J1:ALA906:hydrophobic AND J1:LEU1010:hydrophobic AND J1:LEU881:hydrophobic AND J1:LEU959:hydrogen_bond AND J1:VAL889,5,holdout,42,98,17,81,28,53,0.173469387755102,0.2179487179487179,0.0449826989619377,3.856357927786499,5.418943533697632,5.713315261143564e-07,238,3.735340289962139,5.5460064185985456e-14,1.3581328186181214e-11,J1:ALA906:hydrophobic AND J1:LEU1010:hydrophobic AND J1:LEU881:hydrophobic AND J1:LEU959:hydrogen_bond AND J1:VAL889,5,451,60,18,373,391,0.1330376940133037,0.2097902097902098,0.1025089605734767,1.297815266773138,1.4347147092773238,0.0220781664940084,0.1274785033916101,-0.0254756828527401,0.1529541862443502,0.0,645909.0,1.648048334163169e-14,5,2,3,3,0,0.4,0.3333333333333333,0.0057142857142857,70.0,173.5,0.000270293560781,3.770638736263736,0.5156138472519629,1.2344070403280931,3.054615384615384,True,True,,False
J1:ALA906:hydrophobic AND J1:LEU1010 AND J1:LEU881:hydrophobic AND J1:LEU959:hydrogen_bond AND J1:VAL889,5,J1:ALA906:hydrophobic|J1:LEU1010|J1:LEU881:hydrophobic|J1:LEU959:hydrogen_bond|J1:VAL889,beam_5,238,40,198,56,142,0.1680672268907563,0.2197802197802197,0.0449938195302843,3.735340289962139,5.214112960591834,5.5460064185985456e-14,25.476079820852767,True,1.3581328186181214e-11,True,J1:ALA906:hydrophobic AND J1:LEU1010 AND J1:LEU881:hydrophobic AND J1:LEU959:hydrogen_bond AND J1:VAL889,5,holdout,42,98,17,81,28,53,0.173469387755102,0.2179487179487179,0.0449826989619377,3.856357927786499,5.418943533697632,5.713315261143564e-07,238,3.735340289962139,5.5460064185985456e-14,1.3581328186181214e-11,J1:ALA906:hydrophobic AND J1:LEU1010 AND J1:LEU881:hydrophobic AND J1:LEU959:hydrogen_bond AND J1:VAL889,5,451,60,18,373,391,0.1330376940133037,0.2097902097902098,0.1025089605734767,1.297815266773138,1.4347147092773238,0.0220781664940084,0.1274785033916101,-0.0254756828527401,0.1529541862443502,0.0,645909.0,1.648048334163169e-14,5,2,3,3,0,0.4,0.3333333333333333,0.0057142857142857,70.0,173.5,0.000270293560781,3.770638736263736,0.5156138472519629,1.2344070403280931,3.054615384615384,True,True,,False
J1:ALA906 AND J1:LEU1010:hydrophobic AND J1:LEU881 AND J1:LEU959:hydrogen_bond AND J1:VAL889:hydrophobic,5,J1:ALA906|J1:LEU1010:hydrophobic|J1:LEU881|J1:LEU959:hydrogen_bond|J1:VAL889:hydrophobic,beam_5,247,40,207,65,142,0.1619433198380566,0.2197802197802197,0.0449938195302843,3.5992347733238423,4.975164999659794,2.0093862691627654e-13,25.216045223487868,True,3.92363424966313e-11,True,J1:ALA906 AND J1:LEU1010:hydrophobic AND J1:LEU881 AND J1:LEU959:hydrogen_bond AND J1:VAL889:hydrophobic,5,holdout,42,101,16,85,31,54,0.1584158415841584,0.2051282051282051,0.0449826989619377,3.5217060167555214,4.769639468690702,4.644719225800445e-06,247,3.5992347733238423,2.0093862691627654e-13,3.92363424966313e-11,J1:ALA906 AND J1:LEU1010:hydrophobic AND J1:LEU881 AND J1:LEU959:hydrogen_bond AND J1:VAL889:hydrophobic,5,453,60,19,374,393,0.1324503311258278,0.2097902097902098,0.1025089605734767,1.292085398045663,1.426062284672026,0.0274145495970504,0.1230140703600017,-0.024741202839548,0.1477552731995497,0.0,646589.5,3.3551764943312674e-14,8,2,6,6,0,0.25,0.3333333333333333,0.0057142857142857,43.75,86.5,0.0007510502802914,3.5767462422634835,0.5689532107607866,1.1979532868825065,2.9857142857142858,True,True,,False
J1:ALA906:hydrophobic AND J1:LEU1010:hydrophobic AND J1:LEU881 AND J1:LEU959:hydrogen_bond AND J1:VAL889:hydrophobic,5,J1:ALA906:hydrophobic|J1:LEU1010:hydrophobic|J1:LEU881|J1:LEU959:hydrogen_bond|J1:VAL889:hydrophobic,beam_5,247,40,207,65,142,0.1619433198380566,0.2197802197802197,0.0449938195302843,3.5992347733238423,4.975164999659794,2.0093862691627654e-13,25.216045223487868,True,3.92363424966313e-11,True,J1:ALA906:hydrophobic AND J1:LEU1010:hydrophobic AND J1:LEU881 AND J1:LEU959:hydrogen_bond AND J1:VAL889:hydrophobic,5,holdout,42,101,16,85,31,54,0.1584158415841584,0.2051282051282051,0.0449826989619377,3.5217060167555214,4.769639468690702,4.644719225800445e-06,247,3.5992347733238423,2.0093862691627654e-13,3.92363424966313e-11,J1:ALA906:hydrophobic AND J1:LEU1010:hydrophobic AND J1:LEU881 AND J1:LEU959:hydrogen_bond AND J1:VAL889:hydrophobic,5,453,60,19,374,393,0.1324503311258278,0.2097902097902098,0.1025089605734767,1.292085398045663,1.426062284672026,0.0274145495970504,0.1230140703600017,-0.024741202839548,0.1477552731995497,0.0,646589.5,3.3551764943312674e-14,8,2,6,6,0,0.25,0.3333333333333333,0.0057142857142857,43.75,86.5,0.0007510502802914,3.5767462422634835,0.5689532107607866,1.1979532868825065,2.9857142857142858,True,True,,False
J1:ALA906 AND J1:LEU1010 AND J1:LEU881 AND J1:LEU959:hydrogen_bond AND J1:VAL889:hydrophobic,5,J1:ALA906|J1:LEU1010|J1:LEU881|J1:LEU959:hydrogen_bond|J1:VAL889:hydrophobic,beam_5,247,40,207,65,142,0.1619433198380566,0.2197802197802197,0.0449938195302843,3.5992347733238423,4.975164999659794,2.0093862691627654e-13,25.216045223487868,True,3.92363424966313e-11,True,J1:ALA906 AND J1:LEU1010 AND J1:LEU881 AND J1:LEU959:hydrogen_bond AND J1:VAL889:hydrophobic,5,holdout,42,101,16,85,31,54,0.1584158415841584,0.2051282051282051,0.0449826989619377,3.5217060167555214,4.769639468690702,4.644719225800445e-06,247,3.5992347733238423,2.0093862691627654e-13,3.92363424966313e-11,J1:ALA906 AND J1:LEU1010 AND J1:LEU881 AND J1:LEU959:hydrogen_bond AND J1:VAL889:hydrophobic,5,453,60,19,374,393,0.1324503311258278,0.2097902097902098,0.1025089605734767,1.292085398045663,1.426062284672026,0.0274145495970504,0.1230140703600017,-0.024741202839548,0.1477552731995497,0.0,646589.5,3.3551764943312674e-14,8,2,6,6,0,0.25,0.3333333333333333,0.0057142857142857,43.75,86.5,0.0007510502802914,3.5767462422634835,0.5689532107607866,1.1979532868825065,2.9857142857142858,True,True,,False
J1:ALA906:hydrophobic AND J1:LEU1010 AND J1:LEU881 AND J1:LEU959:hydrogen_bond AND J1:VAL889:hydrophobic,5,J1:ALA906:hydrophobic|J1:LEU1010|J1:LEU881|J1:LEU959:hydrogen_bond|J1:VAL889:hydrophobic,beam_5,247,40,207,65,142,0.1619433198380566,0.2197802197802197,0.0449938195302843,3.5992347733238423,4.975164999659794,2.0093862691627654e-13,25.216045223487868,True,3.92363424966313e-11,True,J1:ALA906:hydrophobic AND J1:LEU1010 AND J1:LEU881 AND J1:LEU959:hydrogen_bond AND J1:VAL889:hydrophobic,5,holdout,42,101,16,85,31,54,0.1584158415841584,0.2051282051282051,0.0449826989619377,3.5217060167555214,4.769639468690702,4.644719225800445e-06,247,3.5992347733238423,2.0093862691627654e-13,3.92363424966313e-11,J1:ALA906:hydrophobic AND J1:LEU1010 AND J1:LEU881 AND J1:LEU959:hydrogen_bond AND J1:VAL889:hydrophobic,5,453,60,19,374,393,0.1324503311258278,0.2097902097902098,0.1025089605734767,1.292085398045663,1.426062284672026,0.0274145495970504,0.1230140703600017,-0.024741202839548,0.1477552731995497,0.0,646589.5,3.3551764943312674e-14,8,2,6,6,0,0.25,0.3333333333333333,0.0057142857142857,43.75,86.5,0.0007510502802914,3.5767462422634835,0.5689532107607866,1.1979532868825065,2.9857142857142858,True,True,,False
J1:ALA906:hydrophobic AND J1:LEU881 AND J1:LEU959:hydrogen_bond AND J1:VAL889 AND J2:LEU855,5,J1:ALA906:hydrophobic|J1:LEU881|J1:LEU959:hydrogen_bond|J1:VAL889|J2:LEU855,beam_5,227,38,189,56,133,0.1674008810572687,0.2087912087912088,0.0449938195302843,3.720530570750835,5.129776601998824,3.063350909064758e-13,24.634694642927812,True,5.457629943064339e-11,True,J1:ALA906:hydrophobic AND J1:LEU881 AND J1:LEU959:hydrogen_bond AND J1:VAL889 AND J2:LEU855,5,holdout,42,97,16,81,29,52,0.1649484536082474,0.2051282051282051,0.0449826989619377,3.666931007137193,5.017921146953405,2.6575024185246366e-06,227,3.720530570750835,3.063350909064758e-13,5.457629943064339e-11,J1:ALA906:hydrophobic AND J1:LEU881 AND J1:LEU959:hydrogen_bond AND J1:VAL889 AND J2:LEU855,5,544,72,34,438,472,0.1323529411764706,0.2517482517482518,0.1025089605734767,1.2911353352529822,1.448439727546333,0.0143609453253581,0.0770975411576361,-0.0196063577705685,0.0967038989282046,0.0,729115.5,1.1096483272988277e-12,10,2,8,8,0,0.2,0.3333333333333333,0.0057142857142857,35.0,64.75,0.0012008944116302,3.704487179487179,0.5410762594619364,1.214478341671324,3.05027027027027,True,True,,False
J1:ALA906 AND J1:LEU881 AND J1:LEU959:hydrogen_bond AND J1:VAL889 AND J2:LEU855,5,J1:ALA906|J1:LEU881|J1:LEU959:hydrogen_bond|J1:VAL889|J2:LEU855,beam_5,227,38,189,56,133,0.1674008810572687,0.2087912087912088,0.0449938195302843,3.720530570750835,5.129776601998824,3.063350909064758e-13,24.634694642927812,True,5.457629943064339e-11,True,J1:ALA906 AND J1:LEU881 AND J1:LEU959:hydrogen_bond AND J1:VAL889 AND J2:LEU855,5,holdout,42,97,16,81,29,52,0.1649484536082474,0.2051282051282051,0.0449826989619377,3.666931007137193,5.017921146953405,2.6575024185246366e-06,227,3.720530570750835,3.063350909064758e-13,5.457629943064339e-11,J1:ALA906 AND J1:LEU881 AND J1:LEU959:hydrogen_bond AND J1:VAL889 AND J2:LEU855,5,544,72,34,438,472,0.1323529411764706,0.2517482517482518,0.1025089605734767,1.2911353352529822,1.448439727546333,0.0143609453253581,0.0770975411576361,-0.0196063577705685,0.0967038989282046,0.0,729115.5,1.1096483272988277e-12,10,2,8,8,0,0.2,0.3333333333333333,0.0057142857142857,35.0,64.75,0.0012008944116302,3.704487179487179,0.5410762594619364,1.214478341671324,3.05027027027027,True,True,,False
J1:ARG1007 AND J1:LEU1010:hydrophobic AND J1:LEU881:hydrophobic AND J2:TYR931,4,J1:ARG1007|J1:LEU1010:hydrophobic|J1:LEU881:hydrophobic|J2:TYR931,beam_4,576,54,522,185,337,0.09375,0.2967032967032967,0.0449938195302843,2.0836195054945055,2.7001616379310347,4.5996473816052134e-08,23.839479290850605,True,1.7086299668906864e-06,True,J1:ARG1007 AND J1:LEU1010:hydrophobic AND J1:LEU881:hydrophobic AND J2:TYR931,4,holdout,42,255,21,234,74,160,0.0823529411764705,0.2692307692307692,0.0449826989619377,1.8307692307692307,2.2388663967611335,0.0046304685282412,576,2.0836195054945055,4.5996473816052134e-08,1.7086299668906864e-06,J1:ARG1007 AND J1:LEU1010:hydrophobic AND J1:LEU881:hydrophobic AND J2:TYR931,4,478,63,25,390,415,0.1317991631799163,0.2202797202797203,0.1025089605734767,1.2857330953565265,1.4220865524879789,0.0250315512713773,0.0955792755777703,-0.0206668299693413,0.1162461055471116,0.0,635014.0,1.799602458517597e-07,117,3,114,98,16,0.0256410256410256,0.5,0.0057142857142857,4.487179487179487,8.157894736842104,0.020972934217577,2.0060399888919744,0.6428110057196553,1.2720917058747194,1.5769617706237424,True,True,,False
J1:ARG1007 AND J1:LEU1010 AND J1:LEU881:hydrophobic AND J2:TYR931,4,J1:ARG1007|J1:LEU1010|J1:LEU881:hydrophobic|J2:TYR931,beam_4,576,54,522,185,337,0.09375,0.2967032967032967,0.0449938195302843,2.0836195054945055,2.7001616379310347,4.5996473816052134e-08,23.839479290850605,True,1.7086299668906864e-06,True,J1:ARG1007 AND J1:LEU1010 AND J1:LEU881:hydrophobic AND J2:TYR931,4,holdout,42,255,21,234,74,160,0.0823529411764705,0.2692307692307692,0.0449826989619377,1.8307692307692307,2.2388663967611335,0.0046304685282412,576,2.0836195054945055,4.5996473816052134e-08,1.7086299668906864e-06,J1:ARG1007 AND J1:LEU1010 AND J1:LEU881:hydrophobic AND J2:TYR931,4,478,63,25,390,415,0.1317991631799163,0.2202797202797203,0.1025089605734767,1.2857330953565265,1.4220865524879789,0.0250315512713773,0.0955792755777703,-0.0206668299693413,0.1162461055471116,0.0,635014.0,1.799602458517597e-07,117,3,114,98,16,0.0256410256410256,0.5,0.0057142857142857,4.487179487179487,8.157894736842104,0.020972934217577,2.0060399888919744,0.6428110057196553,1.2720917058747194,1.5769617706237424,True,True,,False
J1:ALA906 AND J1:LEU881:hydrophobic AND J1:LEU959:hydrogen_bond AND J1:VAL889:hydrophobic,4,J1:ALA906|J1:LEU881:hydrophobic|J1:LEU959:hydrogen_bond|J1:VAL889:hydrophobic,beam_4,254,42,212,64,148,0.1653543307086614,0.2307692307692307,0.0449938195302843,3.675045427013931,5.166509433962264,2.0454238247041875e-14,26.17231826066372,True,5.67264207384628e-12,True,J1:ALA906 AND J1:LEU881:hydrophobic AND J1:LEU959:hydrogen_bond AND J1:VAL889:hydrophobic,4,holdout,42,107,16,91,33,58,0.1495327102803738,0.2051282051282051,0.0449826989619377,3.324227174694464,4.438142502658632,1.0157744567394625e-05,254,3.675045427013931,2.0454238247041875e-14,5.67264207384628e-12,J1:ALA906 AND J1:LEU881:hydrophobic AND J1:LEU959:hydrogen_bond AND J1:VAL889:hydrophobic,4,547,72,36,439,475,0.1316270566727605,0.2517482517482518,0.1025089605734767,1.284054154255251,1.4371667486473192,0.0146875465633429,0.0713199531698246,-0.0183267193699674,0.0896466725397921,0.0,728389.5,5.032675325201095e-12,10,2,8,8,0,0.2,0.3333333333333333,0.0057142857142857,35.0,64.75,0.0012008944116302,3.5710845940762836,0.5541777638054338,1.2137327608970705,2.9422330097087377,True,True,,False
J1:ALA906:hydrophobic AND J1:LEU881:hydrophobic AND J1:LEU959:hydrogen_bond AND J1:VAL889:hydrophobic,4,J1:ALA906:hydrophobic|J1:LEU881:hydrophobic|J1:LEU959:hydrogen_bond|J1:VAL889:hydrophobic,beam_4,254,42,212,64,148,0.1653543307086614,0.2307692307692307,0.0449938195302843,3.675045427013931,5.166509433962264,2.0454238247041875e-14,26.17231826066372,True,5.67264207384628e-12,True,J1:ALA906:hydrophobic AND J1:LEU881:hydrophobic AND J1:LEU959:hydrogen_bond AND J1:VAL889:hydrophobic,4,holdout,42,107,16,91,33,58,0.1495327102803738,0.2051282051282051,0.0449826989619377,3.324227174694464,4.438142502658632,1.0157744567394625e-05,254,3.675045427013931,2.0454238247041875e-14,5.67264207384628e-12,J1:ALA906:hydrophobic AND J1:LEU881:hydrophobic AND J1:LEU959:hydrogen_bond AND J1:VAL889:hydrophobic,4,547,72,36,439,475,0.1316270566727605,0.2517482517482518,0.1025089605734767,1.284054154255251,1.4371667486473192,0.0146875465633429,0.0713199531698246,-0.0183267193699674,0.0896466725397921,0.0,728389.5,5.032675325201095e-12,10,2,8,8,0,0.2,0.3333333333333333,0.0057142857142857,35.0,64.75,0.0012008944116302,3.5710845940762836,0.5541777638054338,1.2137327608970705,2.9422330097087377,True,True,,False
J1:ARG1007 AND J1:LEU1010 AND J1:LEU881:hydrophobic AND J2:LEU855:hydrophobic AND J2:TYR931,5,J1:ARG1007|J1:LEU1010|J1:LEU881:hydrophobic|J2:LEU855:hydrophobic|J2:TYR931,beam_5,562,53,509,179,330,0.094306049822064,0.2912087912087912,0.0449938195302843,2.095977865550819,2.707269155206286,3.7736566970101914e-08,23.61030094607114,True,1.428338123418788e-06,True,J1:ARG1007 AND J1:LEU1010 AND J1:LEU881:hydrophobic AND J2:LEU855:hydrophobic AND J2:TYR931,5,holdout,42,250,20,230,73,157,0.08,0.2564102564102564,0.0449826989619377,1.7784615384615383,2.1379310344827585,0.0074333182376695,562,2.095977865550819,3.7736566970101914e-08,1.428338123418788e-06,J1:ARG1007 AND J1:LEU1010 AND J1:LEU881:hydrophobic AND J2:LEU855:hydrophobic AND J2:TYR931,5,464,61,25,378,403,0.1314655172413793,0.2132867132867132,0.1025089605734767,1.2824782975645044,1.4134105321202095,0.0290362965921092,0.0960177874924196,-0.0200546305070617,0.1160724179994813,0.0,621224.0,1.7283364236727218e-07,116,3,113,98,15,0.0258620689655172,0.5,0.0057142857142857,4.525862068965517,8.238938053097344,0.0204824403403828,1.9982332322849563,0.640072362105885,1.2756630846467507,1.5664271047227925,True,True,,False
J1:ARG1007 AND J1:LEU1010:hydrophobic AND J1:LEU881:hydrophobic AND J2:LEU855:hydrophobic AND J2:TYR931,5,J1:ARG1007|J1:LEU1010:hydrophobic|J1:LEU881:hydrophobic|J2:LEU855:hydrophobic|J2:TYR931,beam_5,562,53,509,179,330,0.094306049822064,0.2912087912087912,0.0449938195302843,2.095977865550819,2.707269155206286,3.7736566970101914e-08,23.61030094607114,True,1.428338123418788e-06,True,J1:ARG1007 AND J1:LEU1010:hydrophobic AND J1:LEU881:hydrophobic AND J2:LEU855:hydrophobic AND J2:TYR931,5,holdout,42,250,20,230,73,157,0.08,0.2564102564102564,0.0449826989619377,1.7784615384615383,2.1379310344827585,0.0074333182376695,562,2.095977865550819,3.7736566970101914e-08,1.428338123418788e-06,J1:ARG1007 AND J1:LEU1010:hydrophobic AND J1:LEU881:hydrophobic AND J2:LEU855:hydrophobic AND J2:TYR931,5,464,61,25,378,403,0.1314655172413793,0.2132867132867132,0.1025089605734767,1.2824782975645044,1.4134105321202095,0.0290362965921092,0.0960177874924196,-0.0200546305070617,0.1160724179994813,0.0,621224.0,1.7283364236727218e-07,116,3,113,98,15,0.0258620689655172,0.5,0.0057142857142857,4.525862068965517,8.238938053097344,0.0204824403403828,1.9982332322849563,0.640072362105885,1.2756630846467507,1.5664271047227925,True,True,,False
J1:ALA906:hydrophobic AND J1:LEU1010:hydrophobic AND J1:LEU881 AND J1:LEU959:hydrogen_bond AND J1:VAL889,5,J1:ALA906:hydrophobic|J1:LEU1010:hydrophobic|J1:LEU881|J1:LEU959:hydrogen_bond|J1:VAL889,beam_5,247,40,207,65,142,0.1619433198380566,0.2197802197802197,0.0449938195302843,3.5992347733238423,4.975164999659794,2.0093862691627654e-13,25.216045223487868,True,3.92363424966313e-11,True,J1:ALA906:hydrophobic AND J1:LEU1010:hydrophobic AND J1:LEU881 AND J1:LEU959:hydrogen_bond AND J1:VAL889,5,holdout,42,102,17,85,31,54,0.1666666666666666,0.2179487179487179,0.0449826989619377,3.705128205128205,5.150819672131147,1.0408812846383157e-06,247,3.5992347733238423,2.0093862691627654e-13,3.92363424966313e-11,J1:ALA906:hydrophobic AND J1:LEU1010:hydrophobic AND J1:LEU881 AND J1:LEU959:hydrogen_bond AND J1:VAL889,5,457,60,19,378,397,0.1312910284463894,0.2097902097902098,0.1025089605734767,1.280776116662331,1.4090189697064266,0.0345911423413527,0.1219373607726056,-0.0247836223900658,0.1467209831626715,0.0,650119.5,4.6207988843500424e-14,8,2,6,6,0,0.25,0.3333333333333333,0.0057142857142857,43.75,86.5,0.0007510502802914,3.6301851443685256,0.567322972334538,1.1945207559745337,3.0390306122448982,True,True,,False
J1:ALA906:hydrophobic AND J1:LEU1010 AND J1:LEU881 AND J1:LEU959:hydrogen_bond AND J1:VAL889,5,J1:ALA906:hydrophobic|J1:LEU1010|J1:LEU881|J1:LEU959:hydrogen_bond|J1:VAL889,beam_5,247,40,207,65,142,0.1619433198380566,0.2197802197802197,0.0449938195302843,3.5992347733238423,4.975164999659794,2.0093862691627654e-13,25.216045223487868,True,3.92363424966313e-11,True,J1:ALA906:hydrophobic AND J1:LEU1010 AND J1:LEU881 AND J1:LEU959:hydrogen_bond AND J1:VAL889,5,holdout,42,102,17,85,31,54,0.1666666666666666,0.2179487179487179,0.0449826989619377,3.705128205128205,5.150819672131147,1.0408812846383157e-06,247,3.5992347733238423,2.0093862691627654e-13,3.92363424966313e-11,J1:ALA906:hydrophobic AND J1:LEU1010 AND J1:LEU881 AND J1:LEU959:hydrogen_bond AND J1:VAL889,5,457,60,19,378,397,0.1312910284463894,0.2097902097902098,0.1025089605734767,1.280776116662331,1.4090189697064266,0.0345911423413527,0.1219373607726056,-0.0247836223900658,0.1467209831626715,0.0,650119.5,4.6207988843500424e-14,8,2,6,6,0,0.25,0.3333333333333333,0.0057142857142857,43.75,86.5,0.0007510502802914,3.6301851443685256,0.567322972334538,1.1945207559745337,3.0390306122448982,True,True,,False
J1:ALA906 AND J1:LEU1010 AND J1:LEU881 AND J1:LEU959:hydrogen_bond AND J1:VAL889,5,J1:ALA906|J1:LEU1010|J1:LEU881|J1:LEU959:hydrogen_bond|J1:VAL889,beam_5,247,40,207,65,142,0.1619433198380566,0.2197802197802197,0.0449938195302843,3.5992347733238423,4.975164999659794,2.0093862691627654e-13,25.216045223487868,True,3.92363424966313e-11,True,J1:ALA906 AND J1:LEU1010 AND J1:LEU881 AND J1:LEU959:hydrogen_bond AND J1:VAL889,5,holdout,42,102,17,85,31,54,0.1666666666666666,0.2179487179487179,0.0449826989619377,3.705128205128205,5.150819672131147,1.0408812846383157e-06,247,3.5992347733238423,2.0093862691627654e-13,3.92363424966313e-11,J1:ALA906 AND J1:LEU1010 AND J1:LEU881 AND J1:LEU959:hydrogen_bond AND J1:VAL889,5,457,60,19,378,397,0.1312910284463894,0.2097902097902098,0.1025089605734767,1.280776116662331,1.4090189697064266,0.0345911423413527,0.1219373607726056,-0.0247836223900658,0.1467209831626715,0.0,650119.5,4.6207988843500424e-14,8,2,6,6,0,0.25,0.3333333333333333,0.0057142857142857,43.75,86.5,0.0007510502802914,3.6301851443685256,0.567322972334538,1.1945207559745337,3.0390306122448982,True,True,,False
J1:ALA906 AND J1:LEU1010:hydrophobic AND J1:LEU881 AND J1:LEU959:hydrogen_bond AND J1:VAL889,5,J1:ALA906|J1:LEU1010:hydrophobic|J1:LEU881|J1:LEU959:hydrogen_bond|J1:VAL889,beam_5,247,40,207,65,142,0.1619433198380566,0.2197802197802197,0.0449938195302843,3.5992347733238423,4.975164999659794,2.0093862691627654e-13,25.216045223487868,True,3.92363424966313e-11,True,J1:ALA906 AND J1:LEU1010:hydrophobic AND J1:LEU881 AND J1:LEU959:hydrogen_bond AND J1:VAL889,5,holdout,42,102,17,85,31,54,0.1666666666666666,0.2179487179487179,0.0449826989619377,3.705128205128205,5.150819672131147,1.0408812846383157e-06,247,3.5992347733238423,2.0093862691627654e-13,3.92363424966313e-11,J1:ALA906 AND J1:LEU1010:hydrophobic AND J1:LEU881 AND J1:LEU959:hydrogen_bond AND J1:VAL889,5,457,60,19,378,397,0.1312910284463894,0.2097902097902098,0.1025089605734767,1.280776116662331,1.4090189697064266,0.0345911423413527,0.1219373607726056,-0.0247836223900658,0.1467209831626715,0.0,650119.5,4.6207988843500424e-14,8,2,6,6,0,0.25,0.3333333333333333,0.0057142857142857,43.75,86.5,0.0007510502802914,3.6301851443685256,0.567322972334538,1.1945207559745337,3.0390306122448982,True,True,,False
J1:ALA906:hydrophobic AND J1:LEU1010:hydrophobic AND J1:LEU959:hydrogen_bond AND J1:VAL889:hydrophobic,4,J1:ALA906:hydrophobic|J1:LEU1010:hydrophobic|J1:LEU959:hydrogen_bond|J1:VAL889:hydrophobic,beam_4,276,41,235,81,154,0.1485507246376811,0.2252747252747252,0.0449938195302843,3.3015806657111004,4.489150445148635,1.8818268534365813e-12,24.94750728471632,True,2.5214952390686956e-10,True,J1:ALA906:hydrophobic AND J1:LEU1010:hydrophobic AND J1:LEU959:hydrogen_bond AND J1:VAL889:hydrophobic,4,holdout,42,119,16,103,37,66,0.134453781512605,0.2051282051282051,0.0449826989619377,2.9890109890109886,3.8910115878484186,4.094924452742607e-05,276,3.3015806657111004,1.8818268534365813e-12,2.5214952390686956e-10,J1:ALA906:hydrophobic AND J1:LEU1010:hydrophobic AND J1:LEU959:hydrogen_bond AND J1:VAL889:hydrophobic,4,480,63,20,397,417,0.13125,0.2202797202797203,0.1025089605734767,1.2803758741258742,1.4139110236474497,0.0255025186120646,0.1147982798427166,-0.024761035275951,0.1395593151186677,0.0,667229.0,1.00069911503132e-12,11,2,9,8,1,0.1818181818181818,0.3333333333333333,0.0057142857142857,31.81818181818182,57.5,0.0014640132487188,3.2074294060370008,0.6161259136782948,1.1846461333469993,2.7075,True,True,,False
J1:ALA906:hydrophobic AND J1:LEU1010 AND J1:LEU959:hydrogen_bond AND J1:VAL889:hydrophobic,4,J1:ALA906:hydrophobic|J1:LEU1010|J1:LEU959:hydrogen_bond|J1:VAL889:hydrophobic,beam_4,276,41,235,81,154,0.1485507246376811,0.2252747252747252,0.0449938195302843,3.3015806657111004,4.489150445148635,1.8818268534365813e-12,24.94750728471632,True,2.5214952390686956e-10,True,J1:ALA906:hydrophobic AND J1:LEU1010 AND J1:LEU959:hydrogen_bond AND J1:VAL889:hydrophobic,4,holdout,42,119,16,103,37,66,0.134453781512605,0.2051282051282051,0.0449826989619377,2.9890109890109886,3.8910115878484186,4.094924452742607e-05,276,3.3015806657111004,1.8818268534365813e-12,2.5214952390686956e-10,J1:ALA906:hydrophobic AND J1:LEU1010 AND J1:LEU959:hydrogen_bond AND J1:VAL889:hydrophobic,4,480,63,20,397,417,0.13125,0.2202797202797203,0.1025089605734767,1.2803758741258742,1.4139110236474497,0.0255025186120646,0.1147982798427166,-0.024761035275951,0.1395593151186677,0.0,667229.0,1.00069911503132e-12,11,2,9,8,1,0.1818181818181818,0.3333333333333333,0.0057142857142857,31.81818181818182,57.5,0.0014640132487188,3.2074294060370008,0.6161259136782948,1.1846461333469993,2.7075,True,True,,False
J1:ALA906 AND J1:LEU1010:hydrophobic AND J1:LEU959:hydrogen_bond AND J1:VAL889:hydrophobic,4,J1:ALA906|J1:LEU1010:hydrophobic|J1:LEU959:hydrogen_bond|J1:VAL889:hydrophobic,beam_4,276,41,235,81,154,0.1485507246376811,0.2252747252747252,0.0449938195302843,3.3015806657111004,4.489150445148635,1.8818268534365813e-12,24.94750728471632,True,2.5214952390686956e-10,True,J1:ALA906 AND J1:LEU1010:hydrophobic AND J1:LEU959:hydrogen_bond AND J1:VAL889:hydrophobic,4,holdout,42,119,16,103,37,66,0.134453781512605,0.2051282051282051,0.0449826989619377,2.9890109890109886,3.8910115878484186,4.094924452742607e-05,276,3.3015806657111004,1.8818268534365813e-12,2.5214952390686956e-10,J1:ALA906 AND J1:LEU1010:hydrophobic AND J1:LEU959:hydrogen_bond AND J1:VAL889:hydrophobic,4,480,63,20,397,417,0.13125,0.2202797202797203,0.1025089605734767,1.2803758741258742,1.4139110236474497,0.0255025186120646,0.1147982798427166,-0.024761035275951,0.1395593151186677,0.0,667229.0,1.00069911503132e-12,11,2,9,8,1,0.1818181818181818,0.3333333333333333,0.0057142857142857,31.81818181818182,57.5,0.0014640132487188,3.2074294060370008,0.6161259136782948,1.1846461333469993,2.7075,True,True,,False
J1:ALA906 AND J1:LEU1010 AND J1:LEU959:hydrogen_bond AND J1:VAL889:hydrophobic,4,J1:ALA906|J1:LEU1010|J1:LEU959:hydrogen_bond|J1:VAL889:hydrophobic,beam_4,276,41,235,81,154,0.1485507246376811,0.2252747252747252,0.0449938195302843,3.3015806657111004,4.489150445148635,1.8818268534365813e-12,24.94750728471632,True,2.5214952390686956e-10,True,J1:ALA906 AND J1:LEU1010 AND J1:LEU959:hydrogen_bond AND J1:VAL889:hydrophobic,4,holdout,42,119,16,103,37,66,0.134453781512605,0.2051282051282051,0.0449826989619377,2.9890109890109886,3.8910115878484186,4.094924452742607e-05,276,3.3015806657111004,1.8818268534365813e-12,2.5214952390686956e-10,J1:ALA906 AND J1:LEU1010 AND J1:LEU959:hydrogen_bond AND J1:VAL889:hydrophobic,4,480,63,20,397,417,0.13125,0.2202797202797203,0.1025089605734767,1.2803758741258742,1.4139110236474497,0.0255025186120646,0.1147982798427166,-0.024761035275951,0.1395593151186677,0.0,667229.0,1.00069911503132e-12,11,2,9,8,1,0.1818181818181818,0.3333333333333333,0.0057142857142857,31.81818181818182,57.5,0.0014640132487188,3.2074294060370008,0.6161259136782948,1.1846461333469993,2.7075,True,True,,False
J1:ALA906 AND J1:LEU881:hydrophobic AND J1:LEU959:hydrogen_bond AND J1:VAL889,4,J1:ALA906|J1:LEU881:hydrophobic|J1:LEU959:hydrogen_bond|J1:VAL889,beam_4,254,42,212,64,148,0.1653543307086614,0.2307692307692307,0.0449938195302843,3.675045427013931,5.166509433962264,2.0454238247041875e-14,26.17231826066372,True,5.67264207384628e-12,True,J1:ALA906 AND J1:LEU881:hydrophobic AND J1:LEU959:hydrogen_bond AND J1:VAL889,4,holdout,42,108,17,91,33,58,0.1574074074074074,0.2179487179487179,0.0449826989619377,3.4992877492877494,4.792830120698973,2.415629186293724e-06,254,3.675045427013931,2.0454238247041875e-14,5.67264207384628e-12,J1:ALA906 AND J1:LEU881:hydrophobic AND J1:LEU959:hydrogen_bond AND J1:VAL889,4,551,72,36,443,479,0.1306715063520871,0.2517482517482518,0.1025089605734767,1.2747325270011294,1.4223557645406122,0.0184629481965934,0.0708022039635101,-0.0183594602710303,0.0891616642345405,0.0,731543.5,6.334956303576302e-12,10,2,8,8,0,0.2,0.3333333333333333,0.0057142857142857,35.0,64.75,0.0012008944116302,3.622620059498512,0.5526468860048663,1.2103799079664157,2.9929611650485435,True,True,,False
J1:ALA906:hydrophobic AND J1:LEU881:hydrophobic AND J1:LEU959:hydrogen_bond AND J1:VAL889,4,J1:ALA906:hydrophobic|J1:LEU881:hydrophobic|J1:LEU959:hydrogen_bond|J1:VAL889,beam_4,254,42,212,64,148,0.1653543307086614,0.2307692307692307,0.0449938195302843,3.675045427013931,5.166509433962264,2.0454238247041875e-14,26.17231826066372,True,5.67264207384628e-12,True,J1:ALA906:hydrophobic AND J1:LEU881:hydrophobic AND J1:LEU959:hydrogen_bond AND J1:VAL889,4,holdout,42,108,17,91,33,58,0.1574074074074074,0.2179487179487179,0.0449826989619377,3.4992877492877494,4.792830120698973,2.415629186293724e-06,254,3.675045427013931,2.0454238247041875e-14,5.67264207384628e-12,J1:ALA906:hydrophobic AND J1:LEU881:hydrophobic AND J1:LEU959:hydrogen_bond AND J1:VAL889,4,551,72,36,443,479,0.1306715063520871,0.2517482517482518,0.1025089605734767,1.2747325270011294,1.4223557645406122,0.0184629481965934,0.0708022039635101,-0.0183594602710303,0.0891616642345405,0.0,731543.5,6.334956303576302e-12,10,2,8,8,0,0.2,0.3333333333333333,0.0057142857142857,35.0,64.75,0.0012008944116302,3.622620059498512,0.5526468860048663,1.2103799079664157,2.9929611650485435,True,True,,False
J1:ALA906 AND J1:LEU881 AND J1:LEU959:hydrogen_bond AND J1:VAL889:hydrophobic,4,J1:ALA906|J1:LEU881|J1:LEU959:hydrogen_bond|J1:VAL889:hydrophobic,beam_4,263,42,221,73,148,0.1596958174904943,0.2307692307692307,0.0449938195302843,3.5492834162035685,4.943891402714932,7.239133720321722e-14,25.917682295666456,True,1.7285141534840197e-11,True,J1:ALA906 AND J1:LEU881 AND J1:LEU959:hydrogen_bond AND J1:VAL889:hydrophobic,4,holdout,42,112,16,96,36,60,0.1428571428571428,0.2051282051282051,0.0449826989619377,3.1758241758241756,4.193548387096774,1.863139807730901e-05,263,3.5492834162035685,7.239133720321722e-14,1.7285141534840197e-11,J1:ALA906 AND J1:LEU881 AND J1:LEU959:hydrogen_bond AND J1:VAL889:hydrophobic,4,553,72,37,444,481,0.1301989150090416,0.2517482517482518,0.1025089605734767,1.2701222827805108,1.4150426486875085,0.0187962656251108,0.0673500600856396,-0.0175857847073319,0.0849358447929716,0.0,732024.0,1.118170374958298e-11,13,2,11,11,0,0.1538461538461538,0.3333333333333333,0.0057142857142857,26.923076923076923,46.95454545454545,0.0020656446938343,3.4377641025641026,0.5994870330716155,1.179763955342903,2.9139423076923077,True,True,,False
J1:ALA906:hydrophobic AND J1:LEU881 AND J1:LEU959:hydrogen_bond AND J1:VAL889:hydrophobic,4,J1:ALA906:hydrophobic|J1:LEU881|J1:LEU959:hydrogen_bond|J1:VAL889:hydrophobic,beam_4,263,42,221,73,148,0.1596958174904943,0.2307692307692307,0.0449938195302843,3.5492834162035685,4.943891402714932,7.239133720321722e-14,25.917682295666456,True,1.7285141534840197e-11,True,J1:ALA906:hydrophobic AND J1:LEU881 AND J1:LEU959:hydrogen_bond AND J1:VAL889:hydrophobic,4,holdout,42,112,16,96,36,60,0.1428571428571428,0.2051282051282051,0.0449826989619377,3.1758241758241756,4.193548387096774,1.863139807730901e-05,263,3.5492834162035685,7.239133720321722e-14,1.7285141534840197e-11,J1:ALA906:hydrophobic AND J1:LEU881 AND J1:LEU959:hydrogen_bond AND J1:VAL889:hydrophobic,4,553,72,37,444,481,0.1301989150090416,0.2517482517482518,0.1025089605734767,1.2701222827805108,1.4150426486875085,0.0187962656251108,0.0673500600856396,-0.0175857847073319,0.0849358447929716,0.0,732024.0,1.118170374958298e-11,13,2,11,11,0,0.1538461538461538,0.3333333333333333,0.0057142857142857,26.923076923076923,46.95454545454545,0.0020656446938343,3.4377641025641026,0.5994870330716155,1.179763955342903,2.9139423076923077,True,True,,False
J1:ALA906 AND J1:LEU1010 AND J1:LEU959:hydrogen_bond AND J1:VAL889,4,J1:ALA906|J1:LEU1010|J1:LEU959:hydrogen_bond|J1:VAL889,beam_4,276,41,235,81,154,0.1485507246376811,0.2252747252747252,0.0449938195302843,3.3015806657111004,4.489150445148635,1.8818268534365813e-12,24.94750728471632,True,2.5214952390686956e-10,True,J1:ALA906 AND J1:LEU1010 AND J1:LEU959:hydrogen_bond AND J1:VAL889,4,holdout,42,120,17,103,37,66,0.1416666666666666,0.2179487179487179,0.0449826989619377,3.1493589743589743,4.201973579500239,1.0867391367204613e-05,276,3.3015806657111004,1.8818268534365813e-12,2.5214952390686956e-10,J1:ALA906 AND J1:LEU1010 AND J1:LEU959:hydrogen_bond AND J1:VAL889,4,484,63,20,401,421,0.1301652892561983,0.2202797202797203,0.1025089605734767,1.2697942553314454,1.3977929976673094,0.0318845779195389,0.113849533728314,-0.0248039859008876,0.1386535196292016,0.0,670651.0,1.3165988237605898e-12,11,2,9,8,1,0.1818181818181818,0.3333333333333333,0.0057142857142857,31.81818181818182,57.5,0.0014640132487188,3.25545843045843,0.6145700401589053,1.1816546027072343,2.755,True,True,,False
J1:ALA906:hydrophobic AND J1:LEU1010:hydrophobic AND J1:LEU959:hydrogen_bond AND J1:VAL889,4,J1:ALA906:hydrophobic|J1:LEU1010:hydrophobic|J1:LEU959:hydrogen_bond|J1:VAL889,beam_4,276,41,235,81,154,0.1485507246376811,0.2252747252747252,0.0449938195302843,3.3015806657111004,4.489150445148635,1.8818268534365813e-12,24.94750728471632,True,2.5214952390686956e-10,True,J1:ALA906:hydrophobic AND J1:LEU1010:hydrophobic AND J1:LEU959:hydrogen_bond AND J1:VAL889,4,holdout,42,120,17,103,37,66,0.1416666666666666,0.2179487179487179,0.0449826989619377,3.1493589743589743,4.201973579500239,1.0867391367204613e-05,276,3.3015806657111004,1.8818268534365813e-12,2.5214952390686956e-10,J1:ALA906:hydrophobic AND J1:LEU1010:hydrophobic AND J1:LEU959:hydrogen_bond AND J1:VAL889,4,484,63,20,401,421,0.1301652892561983,0.2202797202797203,0.1025089605734767,1.2697942553314454,1.3977929976673094,0.0318845779195389,0.113849533728314,-0.0248039859008876,0.1386535196292016,0.0,670651.0,1.3165988237605898e-12,11,2,9,8,1,0.1818181818181818,0.3333333333333333,0.0057142857142857,31.81818181818182,57.5,0.0014640132487188,3.25545843045843,0.6145700401589053,1.1816546027072343,2.755,True,True,,False
J1:ALA906 AND J1:LEU1010:hydrophobic AND J1:LEU959:hydrogen_bond AND J1:VAL889,4,J1:ALA906|J1:LEU1010:hydrophobic|J1:LEU959:hydrogen_bond|J1:VAL889,beam_4,276,41,235,81,154,0.1485507246376811,0.2252747252747252,0.0449938195302843,3.3015806657111004,4.489150445148635,1.8818268534365813e-12,24.94750728471632,True,2.5214952390686956e-10,True,J1:ALA906 AND J1:LEU1010:hydrophobic AND J1:LEU959:hydrogen_bond AND J1:VAL889,4,holdout,42,120,17,103,37,66,0.1416666666666666,0.2179487179487179,0.0449826989619377,3.1493589743589743,4.201973579500239,1.0867391367204613e-05,276,3.3015806657111004,1.8818268534365813e-12,2.5214952390686956e-10,J1:ALA906 AND J1:LEU1010:hydrophobic AND J1:LEU959:hydrogen_bond AND J1:VAL889,4,484,63,20,401,421,0.1301652892561983,0.2202797202797203,0.1025089605734767,1.2697942553314454,1.3977929976673094,0.0318845779195389,0.113849533728314,-0.0248039859008876,0.1386535196292016,0.0,670651.0,1.3165988237605898e-12,11,2,9,8,1,0.1818181818181818,0.3333333333333333,0.0057142857142857,31.81818181818182,57.5,0.0014640132487188,3.25545843045843,0.6145700401589053,1.1816546027072343,2.755,True,True,,False
J1:ALA906:hydrophobic AND J1:LEU1010 AND J1:LEU959:hydrogen_bond AND J1:VAL889,4,J1:ALA906:hydrophobic|J1:LEU1010|J1:LEU959:hydrogen_bond|J1:VAL889,beam_4,276,41,235,81,154,0.1485507246376811,0.2252747252747252,0.0449938195302843,3.3015806657111004,4.489150445148635,1.8818268534365813e-12,24.94750728471632,True,2.5214952390686956e-10,True,J1:ALA906:hydrophobic AND J1:LEU1010 AND J1:LEU959:hydrogen_bond AND J1:VAL889,4,holdout,42,120,17,103,37,66,0.1416666666666666,0.2179487179487179,0.0449826989619377,3.1493589743589743,4.201973579500239,1.0867391367204613e-05,276,3.3015806657111004,1.8818268534365813e-12,2.5214952390686956e-10,J1:ALA906:hydrophobic AND J1:LEU1010 AND J1:LEU959:hydrogen_bond AND J1:VAL889,4,484,63,20,401,421,0.1301652892561983,0.2202797202797203,0.1025089605734767,1.2697942553314454,1.3977929976673094,0.0318845779195389,0.113849533728314,-0.0248039859008876,0.1386535196292016,0.0,670651.0,1.3165988237605898e-12,11,2,9,8,1,0.1818181818181818,0.3333333333333333,0.0057142857142857,31.81818181818182,57.5,0.0014640132487188,3.25545843045843,0.6145700401589053,1.1816546027072343,2.755,True,True,,False
J1:ALA906 AND J1:LEU881:hydrophobic AND J1:LEU959 AND J1:VAL889:hydrophobic AND J2:LEU855:hydrophobic,5,J1:ALA906|J1:LEU881:hydrophobic|J1:LEU959|J1:VAL889:hydrophobic|J2:LEU855:hydrophobic,beam_5,240,38,202,58,144,0.1583333333333333,0.2087912087912088,0.0449938195302843,3.5190018315018317,4.782659515951595,1.8917990886765707e-12,24.244825799242207,True,2.5214952390686956e-10,True,J1:ALA906 AND J1:LEU881:hydrophobic AND J1:LEU959 AND J1:VAL889:hydrophobic AND J2:LEU855:hydrophobic,5,holdout,42,96,15,81,29,52,0.15625,0.1923076923076923,0.0449826989619377,3.473557692307692,4.62962962962963,1.1598917573820015e-05,240,3.5190018315018317,1.8917990886765707e-12,2.5214952390686956e-10,J1:ALA906 AND J1:LEU881:hydrophobic AND J1:LEU959 AND J1:VAL889:hydrophobic AND J2:LEU855:hydrophobic,5,608,79,32,497,529,0.1299342105263158,0.2762237762237762,0.1025089605734767,1.26754002576371,1.4248468078500132,0.015336501760878,0.0736820491362492,-0.0214910646369305,0.0951731137731797,0.0,770021.0,7.083817209035577e-10,16,2,14,12,2,0.125,0.3333333333333333,0.0057142857142857,21.875,36.785714285714285,0.0031536031289325,3.506032509157509,0.5340286275109616,1.240737332842596,2.8257653061224484,True,True,,False
J1:ALA906:hydrophobic AND J1:LEU881:hydrophobic AND J1:LEU959 AND J1:VAL889:hydrophobic AND J2:LEU855:hydrophobic,5,J1:ALA906:hydrophobic|J1:LEU881:hydrophobic|J1:LEU959|J1:VAL889:hydrophobic|J2:LEU855:hydrophobic,beam_5,240,38,202,58,144,0.1583333333333333,0.2087912087912088,0.0449938195302843,3.5190018315018317,4.782659515951595,1.8917990886765707e-12,24.244825799242207,True,2.5214952390686956e-10,True,J1:ALA906:hydrophobic AND J1:LEU881:hydrophobic AND J1:LEU959 AND J1:VAL889:hydrophobic AND J2:LEU855:hydrophobic,5,holdout,42,96,15,81,29,52,0.15625,0.1923076923076923,0.0449826989619377,3.473557692307692,4.62962962962963,1.1598917573820015e-05,240,3.5190018315018317,1.8917990886765707e-12,2.5214952390686956e-10,J1:ALA906:hydrophobic AND J1:LEU881:hydrophobic AND J1:LEU959 AND J1:VAL889:hydrophobic AND J2:LEU855:hydrophobic,5,608,79,32,497,529,0.1299342105263158,0.2762237762237762,0.1025089605734767,1.26754002576371,1.4248468078500132,0.015336501760878,0.0736820491362492,-0.0214910646369305,0.0951731137731797,0.0,770021.0,7.083817209035577e-10,16,2,14,12,2,0.125,0.3333333333333333,0.0057142857142857,21.875,36.785714285714285,0.0031536031289325,3.506032509157509,0.5340286275109616,1.240737332842596,2.8257653061224484,True,True,,False
J1:ALA906 AND J1:LEU881:hydrophobic AND J1:LEU959:hydrogen_bond AND J1:VAL889:hydrophobic AND J2:VAL863:hydrophobic,5,J1:ALA906|J1:LEU881:hydrophobic|J1:LEU959:hydrogen_bond|J1:VAL889:hydrophobic|J2:VAL863:hydrophobic,beam_5,231,39,192,60,132,0.1688311688311688,0.2142857142857142,0.0449938195302843,3.7523191094619666,5.214488636363637,1.0480428040061053e-13,25.099730572770557,True,2.3875413211262895e-11,True,J1:ALA906 AND J1:LEU881:hydrophobic AND J1:LEU959:hydrogen_bond AND J1:VAL889:hydrophobic AND J2:VAL863:hydrophobic,5,holdout,42,94,13,81,30,51,0.1382978723404255,0.1666666666666666,0.0449826989619377,3.074468085106383,3.888888888888889,0.0001802268564765,231,3.7523191094619666,1.0480428040061053e-13,2.3875413211262895e-11,J1:ALA906 AND J1:LEU881:hydrophobic AND J1:LEU959:hydrogen_bond AND J1:VAL889:hydrophobic AND J2:VAL863:hydrophobic,5,495,64,33,398,431,0.1292929292929293,0.2237762237762237,0.1025089605734767,1.2612841703750794,1.3865930896093308,0.0336141676871024,0.0695088134039013,-0.0159048713716227,0.0854136847755241,0.0,672900.0,5.806962418663436e-11,8,1,7,7,0,0.125,0.1666666666666666,0.0057142857142857,21.875,29.62857142857143,0.0449574554291817,3.5563076923076924,0.5711414923406358,1.197652388097732,2.969398907103826,True,True,,False
J1:ALA906:hydrophobic AND J1:LEU881:hydrophobic AND J1:LEU959:hydrogen_bond AND J1:VAL889:hydrophobic AND J2:VAL863:hydrophobic,5,J1:ALA906:hydrophobic|J1:LEU881:hydrophobic|J1:LEU959:hydrogen_bond|J1:VAL889:hydrophobic|J2:VAL863:hydrophobic,beam_5,231,39,192,60,132,0.1688311688311688,0.2142857142857142,0.0449938195302843,3.7523191094619666,5.214488636363637,1.0480428040061053e-13,25.099730572770557,True,2.3875413211262895e-11,True,J1:ALA906:hydrophobic AND J1:LEU881:hydrophobic AND J1:LEU959:hydrogen_bond AND J1:VAL889:hydrophobic AND J2:VAL863:hydrophobic,5,holdout,42,94,13,81,30,51,0.1382978723404255,0.1666666666666666,0.0449826989619377,3.074468085106383,3.888888888888889,0.0001802268564765,231,3.7523191094619666,1.0480428040061053e-13,2.3875413211262895e-11,J1:ALA906:hydrophobic AND J1:LEU881:hydrophobic AND J1:LEU959:hydrogen_bond AND J1:VAL889:hydrophobic AND J2:VAL863:hydrophobic,5,495,64,33,398,431,0.1292929292929293,0.2237762237762237,0.1025089605734767,1.2612841703750794,1.3865930896093308,0.0336141676871024,0.0695088134039013,-0.0159048713716227,0.0854136847755241,0.0,672900.0,5.806962418663436e-11,8,1,7,7,0,0.125,0.1666666666666666,0.0057142857142857,21.875,29.62857142857143,0.0449574554291817,3.5563076923076924,0.5711414923406358,1.197652388097732,2.969398907103826,True,True,,False
J1:ALA906 AND J1:LEU881 AND J1:LEU959:hydrogen_bond AND J1:VAL889,4,J1:ALA906|J1:LEU881|J1:LEU959:hydrogen_bond|J1:VAL889,beam_4,263,42,221,73,148,0.1596958174904943,0.2307692307692307,0.0449938195302843,3.5492834162035685,4.943891402714932,7.239133720321722e-14,25.917682295666456,True,1.7285141534840197e-11,True,J1:ALA906 AND J1:LEU881 AND J1:LEU959:hydrogen_bond AND J1:VAL889,4,holdout,42,113,17,96,36,60,0.1504424778761062,0.2179487179487179,0.0449826989619377,3.3444520081688225,4.528688524590164,4.644382193243372e-06,263,3.5492834162035685,7.239133720321722e-14,1.7285141534840197e-11,J1:ALA906 AND J1:LEU881 AND J1:LEU959:hydrogen_bond AND J1:VAL889,4,557,72,37,448,485,0.1292639138240574,0.2517482517482518,0.1025089605734767,1.2610011173745463,1.4005973600539552,0.0233925728010538,0.0668663971765865,-0.0176172863369017,0.0844836835134883,0.0,735154.0,1.3960563001546291e-11,13,2,11,11,0,0.1538461538461538,0.3333333333333333,0.0057142857142857,26.923076923076923,46.95454545454545,0.0020656446938343,3.4877352700490993,0.5978926526645102,1.1766262852489058,2.9641826923076917,True,True,,False
J1:ALA906:hydrophobic AND J1:LEU881 AND J1:LEU959:hydrogen_bond AND J1:VAL889,4,J1:ALA906:hydrophobic|J1:LEU881|J1:LEU959:hydrogen_bond|J1:VAL889,beam_4,263,42,221,73,148,0.1596958174904943,0.2307692307692307,0.0449938195302843,3.5492834162035685,4.943891402714932,7.239133720321722e-14,25.917682295666456,True,1.7285141534840197e-11,True,J1:ALA906:hydrophobic AND J1:LEU881 AND J1:LEU959:hydrogen_bond AND J1:VAL889,4,holdout,42,113,17,96,36,60,0.1504424778761062,0.2179487179487179,0.0449826989619377,3.3444520081688225,4.528688524590164,4.644382193243372e-06,263,3.5492834162035685,7.239133720321722e-14,1.7285141534840197e-11,J1:ALA906:hydrophobic AND J1:LEU881 AND J1:LEU959:hydrogen_bond AND J1:VAL889,4,557,72,37,448,485,0.1292639138240574,0.2517482517482518,0.1025089605734767,1.2610011173745463,1.4005973600539552,0.0233925728010538,0.0668663971765865,-0.0176172863369017,0.0844836835134883,0.0,735154.0,1.3960563001546291e-11,13,2,11,11,0,0.1538461538461538,0.3333333333333333,0.0057142857142857,26.923076923076923,46.95454545454545,0.0020656446938343,3.4877352700490993,0.5978926526645102,1.1766262852489058,2.9641826923076917,True,True,,False
J1:ALA906 AND J1:LEU959:hydrogen_bond AND J1:VAL889:hydrophobic,3,J1:ALA906|J1:LEU959:hydrogen_bond|J1:VAL889:hydrophobic,beam_3,296,43,253,91,162,0.1452702702702702,0.2362637362637362,0.0449938195302843,3.228671666171666,4.414081383114852,1.0518135458165873e-12,25.545460728615815,True,1.5533906073784286e-10,True,J1:ALA906 AND J1:LEU959:hydrogen_bond AND J1:VAL889:hydrophobic,3,holdout,42,133,17,116,43,73,0.1278195488721804,0.2179487179487179,0.0449826989619377,2.8415268941584726,3.699830412662521,4.4301732297210326e-05,296,3.228671666171666,1.0518135458165873e-12,1.5533906073784286e-10,J1:ALA906 AND J1:LEU959:hydrogen_bond AND J1:VAL889:hydrophobic,3,581,75,38,468,506,0.1290877796901893,0.2622377622377622,0.1025089605734767,1.25928288578891,1.4035367064421258,0.0209414085366488,0.0626515231138821,-0.0174265966917648,0.0800781198056469,0.0,750053.5,1.9677151168716384e-10,18,2,16,15,1,0.1111111111111111,0.3333333333333333,0.0057142857142857,19.444444444444443,32.125,0.0040002907112611,3.108660570199032,0.6442168347949934,1.165127964907133,2.668085106382979,True,True,,False
J1:ALA906:hydrophobic AND J1:LEU959:hydrogen_bond AND J1:VAL889:hydrophobic,3,J1:ALA906:hydrophobic|J1:LEU959:hydrogen_bond|J1:VAL889:hydrophobic,beam_3,296,43,253,91,162,0.1452702702702702,0.2362637362637362,0.0449938195302843,3.228671666171666,4.414081383114852,1.0518135458165873e-12,25.545460728615815,True,1.5533906073784286e-10,True,J1:ALA906:hydrophobic AND J1:LEU959:hydrogen_bond AND J1:VAL889:hydrophobic,3,holdout,42,133,17,116,43,73,0.1278195488721804,0.2179487179487179,0.0449826989619377,2.8415268941584726,3.699830412662521,4.4301732297210326e-05,296,3.228671666171666,1.0518135458165873e-12,1.5533906073784286e-10,J1:ALA906:hydrophobic AND J1:LEU959:hydrogen_bond AND J1:VAL889:hydrophobic,3,581,75,38,468,506,0.1290877796901893,0.2622377622377622,0.1025089605734767,1.25928288578891,1.4035367064421258,0.0209414085366488,0.0626515231138821,-0.0174265966917648,0.0800781198056469,0.0,750053.5,1.9677151168716384e-10,18,2,16,15,1,0.1111111111111111,0.3333333333333333,0.0057142857142857,19.444444444444443,32.125,0.0040002907112611,3.108660570199032,0.6442168347949934,1.165127964907133,2.668085106382979,True,True,,False
J1:ALA906 AND J1:LEU881:hydrophobic AND J1:LEU959 AND J1:VAL889 AND J2:LEU855:hydrophobic,5,J1:ALA906|J1:LEU881:hydrophobic|J1:LEU959|J1:VAL889|J2:LEU855:hydrophobic,beam_5,240,38,202,58,144,0.1583333333333333,0.2087912087912088,0.0449938195302843,3.5190018315018317,4.782659515951595,1.8917990886765707e-12,24.244825799242207,True,2.5214952390686956e-10,True,J1:ALA906 AND J1:LEU881:hydrophobic AND J1:LEU959 AND J1:VAL889 AND J2:LEU855:hydrophobic,5,holdout,42,97,16,81,29,52,0.1649484536082474,0.2051282051282051,0.0449826989619377,3.666931007137193,5.017921146953405,2.6575024185246366e-06,240,3.5190018315018317,1.8917990886765707e-12,2.5214952390686956e-10,J1:ALA906 AND J1:LEU881:hydrophobic AND J1:LEU959 AND J1:VAL889 AND J2:LEU855:hydrophobic,5,612,79,32,501,533,0.1290849673202614,0.2762237762237762,0.1025089605734767,1.259255450431921,1.4112896647361122,0.0158188971632384,0.0732004671157508,-0.0215305339934722,0.094731001109223,0.0,772931.0,8.440730087682216e-10,16,2,14,12,2,0.125,0.3333333333333333,0.0057142857142857,21.875,36.785714285714285,0.0031536031289325,3.5615841132161608,0.5324439728299201,1.2370556196887603,2.8790816326530613,True,True,,False
J1:ALA906:hydrophobic AND J1:LEU881:hydrophobic AND J1:LEU959 AND J1:VAL889 AND J2:LEU855:hydrophobic,5,J1:ALA906:hydrophobic|J1:LEU881:hydrophobic|J1:LEU959|J1:VAL889|J2:LEU855:hydrophobic,beam_5,240,38,202,58,144,0.1583333333333333,0.2087912087912088,0.0449938195302843,3.5190018315018317,4.782659515951595,1.8917990886765707e-12,24.244825799242207,True,2.5214952390686956e-10,True,J1:ALA906:hydrophobic AND J1:LEU881:hydrophobic AND J1:LEU959 AND J1:VAL889 AND J2:LEU855:hydrophobic,5,holdout,42,97,16,81,29,52,0.1649484536082474,0.2051282051282051,0.0449826989619377,3.666931007137193,5.017921146953405,2.6575024185246366e-06,240,3.5190018315018317,1.8917990886765707e-12,2.5214952390686956e-10,J1:ALA906:hydrophobic AND J1:LEU881:hydrophobic AND J1:LEU959 AND J1:VAL889 AND J2:LEU855:hydrophobic,5,612,79,32,501,533,0.1290849673202614,0.2762237762237762,0.1025089605734767,1.259255450431921,1.4112896647361122,0.0158188971632384,0.0732004671157508,-0.0215305339934722,0.094731001109223,0.0,772931.0,8.440730087682216e-10,16,2,14,12,2,0.125,0.3333333333333333,0.0057142857142857,21.875,36.785714285714285,0.0031536031289325,3.5615841132161608,0.5324439728299201,1.2370556196887603,2.8790816326530613,True,True,,False
J1:ALA906 AND J1:LEU881:hydrophobic AND J1:LEU959:hydrogen_bond AND J1:VAL889:hydrophobic AND J2:VAL863,5,J1:ALA906|J1:LEU881:hydrophobic|J1:LEU959:hydrogen_bond|J1:VAL889:hydrophobic|J2:VAL863,beam_5,233,39,194,60,134,0.167381974248927,0.2142857142857142,0.0449938195302843,3.720110361741263,5.157919400187441,1.4052147202762351e-13,25.041653720503405,True,2.987798765245114e-11,True,J1:ALA906 AND J1:LEU881:hydrophobic AND J1:LEU959:hydrogen_bond AND J1:VAL889:hydrophobic AND J2:VAL863,5,holdout,42,95,13,82,31,51,0.1368421052631579,0.1666666666666666,0.0449826989619377,3.042105263157895,3.8390243902439023,0.0002012917727169,233,3.720110361741263,1.4052147202762351e-13,2.987798765245114e-11,J1:ALA906 AND J1:LEU881:hydrophobic AND J1:LEU959:hydrogen_bond AND J1:VAL889:hydrophobic AND J2:VAL863,5,496,64,33,399,432,0.1290322580645161,0.2237762237762237,0.1025089605734767,1.2587412587412588,1.382716049382716,0.0339602711222108,0.0693686746671999,-0.015911804619823,0.085280479287023,0.0,673742.0,6.157734740467986e-11,8,1,7,7,0,0.125,0.1666666666666666,0.0057142857142857,21.875,29.62857142857143,0.0449574554291817,3.5237804878048777,0.5722056109747393,1.199667630187527,2.9372972972972975,True,True,,False
J1:ALA906:hydrophobic AND J1:LEU881:hydrophobic AND J1:LEU959:hydrogen_bond AND J1:VAL889:hydrophobic AND J2:VAL863,5,J1:ALA906:hydrophobic|J1:LEU881:hydrophobic|J1:LEU959:hydrogen_bond|J1:VAL889:hydrophobic|J2:VAL863,beam_5,233,39,194,60,134,0.167381974248927,0.2142857142857142,0.0449938195302843,3.720110361741263,5.157919400187441,1.4052147202762351e-13,25.041653720503405,True,2.987798765245114e-11,True,J1:ALA906:hydrophobic AND J1:LEU881:hydrophobic AND J1:LEU959:hydrogen_bond AND J1:VAL889:hydrophobic AND J2:VAL863,5,holdout,42,95,13,82,31,51,0.1368421052631579,0.1666666666666666,0.0449826989619377,3.042105263157895,3.8390243902439023,0.0002012917727169,233,3.720110361741263,1.4052147202762351e-13,2.987798765245114e-11,J1:ALA906:hydrophobic AND J1:LEU881:hydrophobic AND J1:LEU959:hydrogen_bond AND J1:VAL889:hydrophobic AND J2:VAL863,5,496,64,33,399,432,0.1290322580645161,0.2237762237762237,0.1025089605734767,1.2587412587412588,1.382716049382716,0.0339602711222108,0.0693686746671999,-0.015911804619823,0.085280479287023,0.0,673742.0,6.157734740467986e-11,8,1,7,7,0,0.125,0.1666666666666666,0.0057142857142857,21.875,29.62857142857143,0.0449574554291817,3.5237804878048777,0.5722056109747393,1.199667630187527,2.9372972972972975,True,True,,False
J1:ALA906 AND J1:LEU881:hydrophobic AND J1:LEU959:hydrogen_bond AND J1:VAL889 AND J2:VAL863:hydrophobic,5,J1:ALA906|J1:LEU881:hydrophobic|J1:LEU959:hydrogen_bond|J1:VAL889|J2:VAL863:hydrophobic,beam_5,231,39,192,60,132,0.1688311688311688,0.2142857142857142,0.0449938195302843,3.7523191094619666,5.214488636363637,1.0480428040061053e-13,25.099730572770557,True,2.3875413211262895e-11,True,J1:ALA906 AND J1:LEU881:hydrophobic AND J1:LEU959:hydrogen_bond AND J1:VAL889 AND J2:VAL863:hydrophobic,5,holdout,42,95,14,81,30,51,0.1473684210526315,0.1794871794871795,0.0449826989619377,3.2761133603238863,4.253472222222222,4.735584634426394e-05,231,3.7523191094619666,1.0480428040061053e-13,2.3875413211262895e-11,J1:ALA906 AND J1:LEU881:hydrophobic AND J1:LEU959:hydrogen_bond AND J1:VAL889 AND J2:VAL863:hydrophobic,5,498,64,33,401,434,0.1285140562248996,0.2237762237762237,0.1025089605734767,1.2536860729631811,1.3750155685639556,0.0412532115312404,0.0690900856123116,-0.0159256892660881,0.0850157748783997,0.0,675423.0,6.919290511678798e-11,8,1,7,7,0,0.125,0.1666666666666666,0.0057142857142857,21.875,29.62857142857143,0.0449574554291817,3.613579518640868,0.5693895245727199,1.193978607766144,3.026502732240437,True,True,,False
J1:ALA906:hydrophobic AND J1:LEU881:hydrophobic AND J1:LEU959:hydrogen_bond AND J1:VAL889 AND J2:VAL863:hydrophobic,5,J1:ALA906:hydrophobic|J1:LEU881:hydrophobic|J1:LEU959:hydrogen_bond|J1:VAL889|J2:VAL863:hydrophobic,beam_5,231,39,192,60,132,0.1688311688311688,0.2142857142857142,0.0449938195302843,3.7523191094619666,5.214488636363637,1.0480428040061053e-13,25.099730572770557,True,2.3875413211262895e-11,True,J1:ALA906:hydrophobic AND J1:LEU881:hydrophobic AND J1:LEU959:hydrogen_bond AND J1:VAL889 AND J2:VAL863:hydrophobic,5,holdout,42,95,14,81,30,51,0.1473684210526315,0.1794871794871795,0.0449826989619377,3.2761133603238863,4.253472222222222,4.735584634426394e-05,231,3.7523191094619666,1.0480428040061053e-13,2.3875413211262895e-11,J1:ALA906:hydrophobic AND J1:LEU881:hydrophobic AND J1:LEU959:hydrogen_bond AND J1:VAL889 AND J2:VAL863:hydrophobic,5,498,64,33,401,434,0.1285140562248996,0.2237762237762237,0.1025089605734767,1.2536860729631811,1.3750155685639556,0.0412532115312404,0.0690900856123116,-0.0159256892660881,0.0850157748783997,0.0,675423.0,6.919290511678798e-11,8,1,7,7,0,0.125,0.1666666666666666,0.0057142857142857,21.875,29.62857142857143,0.0449574554291817,3.613579518640868,0.5693895245727199,1.193978607766144,3.026502732240437,True,True,,False
J1:ALA906:hydrophobic AND J1:LEU881:hydrophobic AND J1:LEU959:hydrogen_bond AND J1:VAL889 AND J2:VAL863,5,J1:ALA906:hydrophobic|J1:LEU881:hydrophobic|J1:LEU959:hydrogen_bond|J1:VAL889|J2:VAL863,beam_5,233,39,194,60,134,0.167381974248927,0.2142857142857142,0.0449938195302843,3.720110361741263,5.157919400187441,1.4052147202762351e-13,25.041653720503405,True,2.987798765245114e-11,True,J1:ALA906:hydrophobic AND J1:LEU881:hydrophobic AND J1:LEU959:hydrogen_bond AND J1:VAL889 AND J2:VAL863,5,holdout,42,96,14,82,31,51,0.1458333333333333,0.1794871794871795,0.0449826989619377,3.2419871794871797,4.1989329268292686,5.3460687841656754e-05,233,3.720110361741263,1.4052147202762351e-13,2.987798765245114e-11,J1:ALA906:hydrophobic AND J1:LEU881:hydrophobic AND J1:LEU959:hydrogen_bond AND J1:VAL889 AND J2:VAL863,5,499,64,33,402,435,0.1282565130260521,0.2237762237762237,0.1025089605734767,1.2511736760233754,1.3711918815367092,0.0415245881538589,0.0689516285269162,-0.0159326406799974,0.0848842692069136,0.0,676262.0,7.3321510772441e-11,8,1,7,7,0,0.125,0.1666666666666666,0.0057142857142857,21.875,29.62857142857143,0.0449574554291817,3.5806289455225624,0.5704663841936611,1.196021224016745,2.9937837837837833,True,True,,False
J1:ALA906 AND J1:LEU881:hydrophobic AND J1:LEU959:hydrogen_bond AND J1:VAL889 AND J2:VAL863,5,J1:ALA906|J1:LEU881:hydrophobic|J1:LEU959:hydrogen_bond|J1:VAL889|J2:VAL863,beam_5,233,39,194,60,134,0.167381974248927,0.2142857142857142,0.0449938195302843,3.720110361741263,5.157919400187441,1.4052147202762351e-13,25.041653720503405,True,2.987798765245114e-11,True,J1:ALA906 AND J1:LEU881:hydrophobic AND J1:LEU959:hydrogen_bond AND J1:VAL889 AND J2:VAL863,5,holdout,42,96,14,82,31,51,0.1458333333333333,0.1794871794871795,0.0449826989619377,3.2419871794871797,4.1989329268292686,5.3460687841656754e-05,233,3.720110361741263,1.4052147202762351e-13,2.987798765245114e-11,J1:ALA906 AND J1:LEU881:hydrophobic AND J1:LEU959:hydrogen_bond AND J1:VAL889 AND J2:VAL863,5,499,64,33,402,435,0.1282565130260521,0.2237762237762237,0.1025089605734767,1.2511736760233754,1.3711918815367092,0.0415245881538589,0.0689516285269162,-0.0159326406799974,0.0848842692069136,0.0,676262.0,7.3321510772441e-11,8,1,7,7,0,0.125,0.1666666666666666,0.0057142857142857,21.875,29.62857142857143,0.0449574554291817,3.5806289455225624,0.5704663841936611,1.196021224016745,2.9937837837837833,True,True,,False
J1:ALA906 AND J1:LEU881 AND J1:LEU959 AND J1:VAL889:hydrophobic AND J2:LEU855:hydrophobic,5,J1:ALA906|J1:LEU881|J1:LEU959|J1:VAL889:hydrophobic|J2:LEU855:hydrophobic,beam_5,245,38,207,63,144,0.1551020408163265,0.2087912087912088,0.0449938195302843,3.447185467593631,4.660762211486849,3.67437964668725e-12,24.091962106313943,True,4.454212691701815e-10,True,J1:ALA906 AND J1:LEU881 AND J1:LEU959 AND J1:VAL889:hydrophobic AND J2:LEU855:hydrophobic,5,holdout,42,100,15,85,32,53,0.15,0.1923076923076923,0.0449826989619377,3.3346153846153843,4.400560224089636,1.944293983348303e-05,245,3.447185467593631,3.67437964668725e-12,4.454212691701815e-10,J1:ALA906 AND J1:LEU881 AND J1:LEU959 AND J1:VAL889:hydrophobic AND J2:LEU855:hydrophobic,5,616,79,33,504,537,0.1282467532467532,0.2762237762237762,0.1025089605734767,1.251078466987558,1.3979344902347088,0.0195786680985086,0.0690757549271751,-0.0205361003671034,0.0896118552942785,0.0,773307.5,2.460095218819811e-09,19,2,17,15,2,0.1052631578947368,0.3333333333333333,0.0057142857142857,18.421052631578945,30.205882352941178,0.0044594648421697,3.414570791527314,0.5679224984224519,1.21453542643474,2.8114213197969544,True,True,,False
J1:ALA906:hydrophobic AND J1:LEU881 AND J1:LEU959 AND J1:VAL889:hydrophobic AND J2:LEU855:hydrophobic,5,J1:ALA906:hydrophobic|J1:LEU881|J1:LEU959|J1:VAL889:hydrophobic|J2:LEU855:hydrophobic,beam_5,245,38,207,63,144,0.1551020408163265,0.2087912087912088,0.0449938195302843,3.447185467593631,4.660762211486849,3.67437964668725e-12,24.091962106313943,True,4.454212691701815e-10,True,J1:ALA906:hydrophobic AND J1:LEU881 AND J1:LEU959 AND J1:VAL889:hydrophobic AND J2:LEU855:hydrophobic,5,holdout,42,100,15,85,32,53,0.15,0.1923076923076923,0.0449826989619377,3.3346153846153843,4.400560224089636,1.944293983348303e-05,245,3.447185467593631,3.67437964668725e-12,4.454212691701815e-10,J1:ALA906:hydrophobic AND J1:LEU881 AND J1:LEU959 AND J1:VAL889:hydrophobic AND J2:LEU855:hydrophobic,5,616,79,33,504,537,0.1282467532467532,0.2762237762237762,0.1025089605734767,1.251078466987558,1.3979344902347088,0.0195786680985086,0.0690757549271751,-0.0205361003671034,0.0896118552942785,0.0,773307.5,2.460095218819811e-09,19,2,17,15,2,0.1052631578947368,0.3333333333333333,0.0057142857142857,18.421052631578945,30.205882352941178,0.0044594648421697,3.414570791527314,0.5679224984224519,1.21453542643474,2.8114213197969544,True,True,,False
J1:ALA906 AND J1:LEU959:hydrogen_bond AND J1:VAL889,3,J1:ALA906|J1:LEU959:hydrogen_bond|J1:VAL889,beam_3,296,43,253,91,162,0.1452702702702702,0.2362637362637362,0.0449938195302843,3.228671666171666,4.414081383114852,1.0518135458165873e-12,25.545460728615815,True,1.5533906073784286e-10,True,J1:ALA906 AND J1:LEU959:hydrogen_bond AND J1:VAL889,3,holdout,42,134,18,116,43,73,0.1343283582089552,0.2307692307692307,0.0449826989619377,2.986222732491389,3.9827586206896552,1.2297925724848797e-05,296,3.228671666171666,1.0518135458165873e-12,1.5533906073784286e-10,J1:ALA906 AND J1:LEU959:hydrogen_bond AND J1:VAL889,3,585,75,38,472,510,0.1282051282051282,0.2622377622377622,0.1025089605734767,1.2506724045185582,1.3897407304153888,0.0259314977493986,0.0622231366310522,-0.017458209565582,0.0796813461966342,0.0,753071.5,2.3839143830864503e-10,18,2,16,15,1,0.1111111111111111,0.3333333333333333,0.0057142857142857,19.444444444444443,32.125,0.0040002907112611,3.153121645796064,0.6427186561094236,1.1624183649887443,2.7125531914893615,True,True,,False
J1:ALA906:hydrophobic AND J1:LEU959:hydrogen_bond AND J1:VAL889,3,J1:ALA906:hydrophobic|J1:LEU959:hydrogen_bond|J1:VAL889,beam_3,296,43,253,91,162,0.1452702702702702,0.2362637362637362,0.0449938195302843,3.228671666171666,4.414081383114852,1.0518135458165873e-12,25.545460728615815,True,1.5533906073784286e-10,True,J1:ALA906:hydrophobic AND J1:LEU959:hydrogen_bond AND J1:VAL889,3,holdout,42,134,18,116,43,73,0.1343283582089552,0.2307692307692307,0.0449826989619377,2.986222732491389,3.9827586206896552,1.2297925724848797e-05,296,3.228671666171666,1.0518135458165873e-12,1.5533906073784286e-10,J1:ALA906:hydrophobic AND J1:LEU959:hydrogen_bond AND J1:VAL889,3,585,75,38,472,510,0.1282051282051282,0.2622377622377622,0.1025089605734767,1.2506724045185582,1.3897407304153888,0.0259314977493986,0.0622231366310522,-0.017458209565582,0.0796813461966342,0.0,753071.5,2.3839143830864503e-10,18,2,16,15,1,0.1111111111111111,0.3333333333333333,0.0057142857142857,19.444444444444443,32.125,0.0040002907112611,3.153121645796064,0.6427186561094236,1.1624183649887443,2.7125531914893615,True,True,,False
J1:ALA906 AND J1:LEU881 AND J1:LEU959 AND J1:VAL889 AND J2:LEU855:hydrophobic,5,J1:ALA906|J1:LEU881|J1:LEU959|J1:VAL889|J2:LEU855:hydrophobic,beam_5,245,38,207,63,144,0.1551020408163265,0.2087912087912088,0.0449938195302843,3.447185467593631,4.660762211486849,3.67437964668725e-12,24.091962106313943,True,4.454212691701815e-10,True,J1:ALA906 AND J1:LEU881 AND J1:LEU959 AND J1:VAL889 AND J2:LEU855:hydrophobic,5,holdout,42,101,16,85,32,53,0.1584158415841584,0.2051282051282051,0.0449826989619377,3.5217060167555214,4.769639468690702,4.644719225800445e-06,245,3.447185467593631,3.67437964668725e-12,4.454212691701815e-10,J1:ALA906 AND J1:LEU881 AND J1:LEU959 AND J1:VAL889 AND J2:LEU855:hydrophobic,5,620,79,33,508,541,0.1274193548387096,0.2762237762237762,0.1025089605734767,1.243006993006993,1.3847768044505169,0.0241264536674324,0.0686301048953869,-0.020573954929992,0.089204059825379,0.0,776185.5,2.9011582430420878e-09,19,2,17,15,2,0.1052631578947368,0.3333333333333333,0.0057142857142857,18.421052631578945,30.205882352941178,0.0044594648421697,3.4689417518897288,0.5662811039183407,1.2110252084392636,2.8644670050761425,True,True,,False
J1:ALA906:hydrophobic AND J1:LEU881 AND J1:LEU959 AND J1:VAL889 AND J2:LEU855:hydrophobic,5,J1:ALA906:hydrophobic|J1:LEU881|J1:LEU959|J1:VAL889|J2:LEU855:hydrophobic,beam_5,245,38,207,63,144,0.1551020408163265,0.2087912087912088,0.0449938195302843,3.447185467593631,4.660762211486849,3.67437964668725e-12,24.091962106313943,True,4.454212691701815e-10,True,J1:ALA906:hydrophobic AND J1:LEU881 AND J1:LEU959 AND J1:VAL889 AND J2:LEU855:hydrophobic,5,holdout,42,101,16,85,32,53,0.1584158415841584,0.2051282051282051,0.0449826989619377,3.5217060167555214,4.769639468690702,4.644719225800445e-06,245,3.447185467593631,3.67437964668725e-12,4.454212691701815e-10,J1:ALA906:hydrophobic AND J1:LEU881 AND J1:LEU959 AND J1:VAL889 AND J2:LEU855:hydrophobic,5,620,79,33,508,541,0.1274193548387096,0.2762237762237762,0.1025089605734767,1.243006993006993,1.3847768044505169,0.0241264536674324,0.0686301048953869,-0.020573954929992,0.089204059825379,0.0,776185.5,2.9011582430420878e-09,19,2,17,15,2,0.1052631578947368,0.3333333333333333,0.0057142857142857,18.421052631578945,30.205882352941178,0.0044594648421697,3.4689417518897288,0.5662811039183407,1.2110252084392636,2.8644670050761425,True,True,,False
J1:ALA906 AND J1:LEU881:hydrophobic AND J1:LEU959 AND J1:VAL889:hydrophobic AND J2:LEU855,5,J1:ALA906|J1:LEU881:hydrophobic|J1:LEU959|J1:VAL889:hydrophobic|J2:LEU855,beam_5,242,38,204,60,144,0.1570247933884297,0.2087912087912088,0.0449938195302843,3.4899191717373537,4.733183551198257,2.4728886315012818e-12,24.183869819327455,True,3.1698409374819105e-10,True,J1:ALA906 AND J1:LEU881:hydrophobic AND J1:LEU959 AND J1:VAL889:hydrophobic AND J2:LEU855,5,holdout,42,97,15,82,29,53,0.1546391752577319,0.1923076923076923,0.0449826989619377,3.437747819191118,4.570267131242741,1.3234542297349646e-05,242,3.4899191717373537,2.4728886315012818e-12,3.1698409374819105e-10,J1:ALA906 AND J1:LEU881:hydrophobic AND J1:LEU959 AND J1:VAL889:hydrophobic AND J2:LEU855,5,630,79,35,516,551,0.1253968253968254,0.2762237762237762,0.1025089605734767,1.2232767232767232,1.3527183776532783,0.036392782402345,0.0605551334849853,-0.0186317366937424,0.0791868701787278,0.0,780206.0,1.2445800018817749e-08,16,2,14,12,2,0.125,0.3333333333333333,0.0057142857142857,21.875,36.785714285714285,0.0031536031289325,3.4750056727932837,0.5414705888545687,1.2360316286725228,2.811421319796955,True,True,,False
J1:ALA906:hydrophobic AND J1:LEU881:hydrophobic AND J1:LEU959 AND J1:VAL889:hydrophobic AND J2:LEU855,5,J1:ALA906:hydrophobic|J1:LEU881:hydrophobic|J1:LEU959|J1:VAL889:hydrophobic|J2:LEU855,beam_5,242,38,204,60,144,0.1570247933884297,0.2087912087912088,0.0449938195302843,3.4899191717373537,4.733183551198257,2.4728886315012818e-12,24.183869819327455,True,3.1698409374819105e-10,True,J1:ALA906:hydrophobic AND J1:LEU881:hydrophobic AND J1:LEU959 AND J1:VAL889:hydrophobic AND J2:LEU855,5,holdout,42,97,15,82,29,53,0.1546391752577319,0.1923076923076923,0.0449826989619377,3.437747819191118,4.570267131242741,1.3234542297349646e-05,242,3.4899191717373537,2.4728886315012818e-12,3.1698409374819105e-10,J1:ALA906:hydrophobic AND J1:LEU881:hydrophobic AND J1:LEU959 AND J1:VAL889:hydrophobic AND J2:LEU855,5,630,79,35,516,551,0.1253968253968254,0.2762237762237762,0.1025089605734767,1.2232767232767232,1.3527183776532783,0.036392782402345,0.0605551334849853,-0.0186317366937424,0.0791868701787278,0.0,780206.0,1.2445800018817749e-08,16,2,14,12,2,0.125,0.3333333333333333,0.0057142857142857,21.875,36.785714285714285,0.0031536031289325,3.4750056727932837,0.5414705888545687,1.2360316286725228,2.811421319796955,True,True,,False
J1:ALA906 AND J1:LEU959 AND J1:VAL889:hydrophobic AND J2:LEU855:hydrophobic,4,J1:ALA906|J1:LEU959|J1:VAL889:hydrophobic|J2:LEU855:hydrophobic,beam_4,263,38,225,74,151,0.1444866920152091,0.2087912087912088,0.0449938195302843,3.211256424184181,4.26679012345679,3.449314865098677e-11,23.52902469678348,True,2.937333914874113e-09,True,J1:ALA906 AND J1:LEU959 AND J1:VAL889:hydrophobic AND J2:LEU855:hydrophobic,4,holdout,42,114,16,98,38,60,0.1403508771929824,0.2051282051282051,0.0449826989619377,3.120107962213225,4.1026991441737986,2.3497054531756866e-05,263,3.211256424184181,3.449314865098677e-11,2.937333914874113e-09,J1:ALA906 AND J1:LEU959 AND J1:VAL889:hydrophobic AND J2:LEU855:hydrophobic,4,654,82,33,539,572,0.1253822629969418,0.2867132867132867,0.1025089605734767,1.2231346635016358,1.3576717400246812,0.0324141568337893,0.06323933980982,-0.0203433264974556,0.0835826663072756,0.0,795777.5,4.287530998397866e-08,23,2,21,19,2,0.0869565217391304,0.3333333333333333,0.0057142857142857,15.217391304347826,24.357142857142858,0.0065305361934209,3.1836972046521117,0.6127188423577702,1.19043081726315,2.674407582938388,True,True,,False
J1:ALA906:hydrophobic AND J1:LEU959 AND J1:VAL889:hydrophobic AND J2:LEU855:hydrophobic,4,J1:ALA906:hydrophobic|J1:LEU959|J1:VAL889:hydrophobic|J2:LEU855:hydrophobic,beam_4,263,38,225,74,151,0.1444866920152091,0.2087912087912088,0.0449938195302843,3.211256424184181,4.26679012345679,3.449314865098677e-11,23.52902469678348,True,2.937333914874113e-09,True,J1:ALA906:hydrophobic AND J1:LEU959 AND J1:VAL889:hydrophobic AND J2:LEU855:hydrophobic,4,holdout,42,114,16,98,38,60,0.1403508771929824,0.2051282051282051,0.0449826989619377,3.120107962213225,4.1026991441737986,2.3497054531756866e-05,263,3.211256424184181,3.449314865098677e-11,2.937333914874113e-09,J1:ALA906:hydrophobic AND J1:LEU959 AND J1:VAL889:hydrophobic AND J2:LEU855:hydrophobic,4,654,82,33,539,572,0.1253822629969418,0.2867132867132867,0.1025089605734767,1.2231346635016358,1.3576717400246812,0.0324141568337893,0.06323933980982,-0.0203433264974556,0.0835826663072756,0.0,795777.5,4.287530998397866e-08,23,2,21,19,2,0.0869565217391304,0.3333333333333333,0.0057142857142857,15.217391304347826,24.357142857142858,0.0065305361934209,3.1836972046521117,0.6127188423577702,1.19043081726315,2.674407582938388,True,True,,False
J1:ALA906:hydrophobic AND J1:LEU959 AND J1:VAL889 AND J2:LEU855:hydrophobic,4,J1:ALA906:hydrophobic|J1:LEU959|J1:VAL889|J2:LEU855:hydrophobic,beam_4,263,38,225,74,151,0.1444866920152091,0.2087912087912088,0.0449938195302843,3.211256424184181,4.26679012345679,3.449314865098677e-11,23.52902469678348,True,2.937333914874113e-09,True,J1:ALA906:hydrophobic AND J1:LEU959 AND J1:VAL889 AND J2:LEU855:hydrophobic,4,holdout,42,115,17,98,38,60,0.1478260869565217,0.2179487179487179,0.0449826989619377,3.28628762541806,4.430578788892606,5.9652713078139805e-06,263,3.211256424184181,3.449314865098677e-11,2.937333914874113e-09,J1:ALA906:hydrophobic AND J1:LEU959 AND J1:VAL889 AND J2:LEU855:hydrophobic,4,658,82,33,543,576,0.1246200607902735,0.2867132867132867,0.1025089605734767,1.2156991944225986,1.3454520697167756,0.0392672663274803,0.0628549061331645,-0.0203814940893833,0.0832364002225478,0.0,798503.5,4.922117534052302e-08,23,2,21,19,2,0.0869565217391304,0.3333333333333333,0.0057142857142857,15.217391304347826,24.357142857142858,0.0065305361934209,3.2340761090761085,0.6110978930393635,1.1872815293867929,2.723933649289098,True,True,,False
J1:ALA906 AND J1:LEU959 AND J1:VAL889 AND J2:LEU855:hydrophobic,4,J1:ALA906|J1:LEU959|J1:VAL889|J2:LEU855:hydrophobic,beam_4,263,38,225,74,151,0.1444866920152091,0.2087912087912088,0.0449938195302843,3.211256424184181,4.26679012345679,3.449314865098677e-11,23.52902469678348,True,2.937333914874113e-09,True,J1:ALA906 AND J1:LEU959 AND J1:VAL889 AND J2:LEU855:hydrophobic,4,holdout,42,115,17,98,38,60,0.1478260869565217,0.2179487179487179,0.0449826989619377,3.28628762541806,4.430578788892606,5.9652713078139805e-06,263,3.211256424184181,3.449314865098677e-11,2.937333914874113e-09,J1:ALA906 AND J1:LEU959 AND J1:VAL889 AND J2:LEU855:hydrophobic,4,658,82,33,543,576,0.1246200607902735,0.2867132867132867,0.1025089605734767,1.2156991944225986,1.3454520697167756,0.0392672663274803,0.0628549061331645,-0.0203814940893833,0.0832364002225478,0.0,798503.5,4.922117534052302e-08,23,2,21,19,2,0.0869565217391304,0.3333333333333333,0.0057142857142857,15.217391304347826,24.357142857142858,0.0065305361934209,3.2340761090761085,0.6110978930393635,1.1872815293867929,2.723933649289098,True,True,,False
J1:ALA906 AND J1:LEU881:hydrophobic AND J1:LEU959 AND J1:VAL889 AND J2:LEU855,5,J1:ALA906|J1:LEU881:hydrophobic|J1:LEU959|J1:VAL889|J2:LEU855,beam_5,242,38,204,60,144,0.1570247933884297,0.2087912087912088,0.0449938195302843,3.4899191717373537,4.733183551198257,2.4728886315012818e-12,24.183869819327455,True,3.1698409374819105e-10,True,J1:ALA906 AND J1:LEU881:hydrophobic AND J1:LEU959 AND J1:VAL889 AND J2:LEU855,5,holdout,42,98,16,82,29,53,0.1632653061224489,0.2051282051282051,0.0449826989619377,3.6295133437990574,4.9535798583792285,3.0645601536290812e-06,242,3.4899191717373537,2.4728886315012818e-12,3.1698409374819105e-10,J1:ALA906 AND J1:LEU881:hydrophobic AND J1:LEU959 AND J1:VAL889 AND J2:LEU855,5,634,79,35,520,555,0.1246056782334384,0.2762237762237762,0.1025089605734767,1.2155588890604665,1.340218479348914,0.0440457822759243,0.0601730821696227,-0.0186663039232299,0.0788393860928526,0.0,783028.0,1.4473841286446922e-08,16,2,14,12,2,0.125,0.3333333333333333,0.0057142857142857,21.875,36.785714285714285,0.0031536031289325,3.5301583710407236,0.5398780282991141,1.2323962415293686,2.8644670050761416,True,True,,False
J1:ALA906:hydrophobic AND J1:LEU881:hydrophobic AND J1:LEU959 AND J1:VAL889 AND J2:LEU855,5,J1:ALA906:hydrophobic|J1:LEU881:hydrophobic|J1:LEU959|J1:VAL889|J2:LEU855,beam_5,242,38,204,60,144,0.1570247933884297,0.2087912087912088,0.0449938195302843,3.4899191717373537,4.733183551198257,2.4728886315012818e-12,24.183869819327455,True,3.1698409374819105e-10,True,J1:ALA906:hydrophobic AND J1:LEU881:hydrophobic AND J1:LEU959 AND J1:VAL889 AND J2:LEU855,5,holdout,42,98,16,82,29,53,0.1632653061224489,0.2051282051282051,0.0449826989619377,3.6295133437990574,4.9535798583792285,3.0645601536290812e-06,242,3.4899191717373537,2.4728886315012818e-12,3.1698409374819105e-10,J1:ALA906:hydrophobic AND J1:LEU881:hydrophobic AND J1:LEU959 AND J1:VAL889 AND J2:LEU855,5,634,79,35,520,555,0.1246056782334384,0.2762237762237762,0.1025089605734767,1.2155588890604665,1.340218479348914,0.0440457822759243,0.0601730821696227,-0.0186663039232299,0.0788393860928526,0.0,783028.0,1.4473841286446922e-08,16,2,14,12,2,0.125,0.3333333333333333,0.0057142857142857,21.875,36.785714285714285,0.0031536031289325,3.5301583710407236,0.5398780282991141,1.2323962415293686,2.8644670050761416,True,True,,False
J1:ALA906 AND J1:LEU881:hydrophobic AND J1:LEU959 AND J1:VAL889:hydrophobic,4,J1:ALA906|J1:LEU881:hydrophobic|J1:LEU959|J1:VAL889:hydrophobic,beam_4,274,42,232,72,160,0.1532846715328467,0.2307692307692307,0.0449938195302843,3.4067939359910167,4.695258620689655,3.1329587658715924e-13,25.60001053589736,True,5.4802705801556074e-11,True,J1:ALA906 AND J1:LEU881:hydrophobic AND J1:LEU959 AND J1:VAL889:hydrophobic,4,holdout,42,112,16,96,35,61,0.1428571428571428,0.2051282051282051,0.0449826989619377,3.1758241758241756,4.193548387096774,1.863139807730901e-05,274,3.4067939359910167,3.1329587658715924e-13,5.4802705801556074e-11,J1:ALA906 AND J1:LEU881:hydrophobic AND J1:LEU959 AND J1:VAL889:hydrophobic,4,654,81,38,535,573,0.1238532110091743,0.2832167832167832,0.1025089605734767,1.2082183871174696,1.3315540799387051,0.0464192015540662,0.0568727591816262,-0.0183940082714075,0.0752667674530338,0.0,800125.5,1.0442162960123228e-08,17,2,15,13,2,0.1176470588235294,0.3333333333333333,0.0057142857142857,20.58823529411765,34.3,0.0035649388439534,3.339796731765644,0.5717169083519174,1.2177777226863675,2.7425339366515833,True,True,,False
J1:ALA906:hydrophobic AND J1:LEU881:hydrophobic AND J1:LEU959 AND J1:VAL889:hydrophobic,4,J1:ALA906:hydrophobic|J1:LEU881:hydrophobic|J1:LEU959|J1:VAL889:hydrophobic,beam_4,274,42,232,72,160,0.1532846715328467,0.2307692307692307,0.0449938195302843,3.4067939359910167,4.695258620689655,3.1329587658715924e-13,25.60001053589736,True,5.4802705801556074e-11,True,J1:ALA906:hydrophobic AND J1:LEU881:hydrophobic AND J1:LEU959 AND J1:VAL889:hydrophobic,4,holdout,42,112,16,96,35,61,0.1428571428571428,0.2051282051282051,0.0449826989619377,3.1758241758241756,4.193548387096774,1.863139807730901e-05,274,3.4067939359910167,3.1329587658715924e-13,5.4802705801556074e-11,J1:ALA906:hydrophobic AND J1:LEU881:hydrophobic AND J1:LEU959 AND J1:VAL889:hydrophobic,4,654,81,38,535,573,0.1238532110091743,0.2832167832167832,0.1025089605734767,1.2082183871174696,1.3315540799387051,0.0464192015540662,0.0568727591816262,-0.0183940082714075,0.0752667674530338,0.0,800125.5,1.0442162960123228e-08,17,2,15,13,2,0.1176470588235294,0.3333333333333333,0.0057142857142857,20.58823529411765,34.3,0.0035649388439534,3.339796731765644,0.5717169083519174,1.2177777226863675,2.7425339366515833,True,True,,False
J1:ALA906 AND J1:LEU881 AND J1:LEU959 AND J1:VAL889:hydrophobic AND J2:LEU855,5,J1:ALA906|J1:LEU881|J1:LEU959|J1:VAL889:hydrophobic|J2:LEU855,beam_5,247,38,209,65,144,0.1538461538461538,0.2087912087912088,0.0449938195302843,3.4192730346576505,4.613636363636363,4.766446722286798e-12,24.030378127752417,True,5.57133570107994e-10,True,J1:ALA906 AND J1:LEU881 AND J1:LEU959 AND J1:VAL889:hydrophobic AND J2:LEU855,5,holdout,42,101,15,86,32,54,0.1485148514851485,0.1923076923076923,0.0449826989619377,3.301599390708301,4.346622369878184,2.202402482319509e-05,247,3.4192730346576505,4.766446722286798e-12,5.57133570107994e-10,J1:ALA906 AND J1:LEU881 AND J1:LEU959 AND J1:VAL889:hydrophobic AND J2:LEU855,5,638,79,36,523,559,0.1238244514106583,0.2762237762237762,0.1025089605734767,1.207937830194883,1.3278974704657212,0.0450431129513505,0.056272277830472,-0.0176563803061264,0.0739286581365984,0.0,783316.5,3.817289018722399e-08,19,2,17,15,2,0.1052631578947368,0.3333333333333333,0.0057142857142857,18.421052631578945,30.205882352941178,0.0044594648421697,3.3851348364279397,0.5748798067062115,1.2101773000139606,2.797222222222222,True,True,,False
J1:ALA906:hydrophobic AND J1:LEU881 AND J1:LEU959 AND J1:VAL889:hydrophobic AND J2:LEU855,5,J1:ALA906:hydrophobic|J1:LEU881|J1:LEU959|J1:VAL889:hydrophobic|J2:LEU855,beam_5,247,38,209,65,144,0.1538461538461538,0.2087912087912088,0.0449938195302843,3.4192730346576505,4.613636363636363,4.766446722286798e-12,24.030378127752417,True,5.57133570107994e-10,True,J1:ALA906:hydrophobic AND J1:LEU881 AND J1:LEU959 AND J1:VAL889:hydrophobic AND J2:LEU855,5,holdout,42,101,15,86,32,54,0.1485148514851485,0.1923076923076923,0.0449826989619377,3.301599390708301,4.346622369878184,2.202402482319509e-05,247,3.4192730346576505,4.766446722286798e-12,5.57133570107994e-10,J1:ALA906:hydrophobic AND J1:LEU881 AND J1:LEU959 AND J1:VAL889:hydrophobic AND J2:LEU855,5,638,79,36,523,559,0.1238244514106583,0.2762237762237762,0.1025089605734767,1.207937830194883,1.3278974704657212,0.0450431129513505,0.056272277830472,-0.0176563803061264,0.0739286581365984,0.0,783316.5,3.817289018722399e-08,19,2,17,15,2,0.1052631578947368,0.3333333333333333,0.0057142857142857,18.421052631578945,30.205882352941178,0.0044594648421697,3.3851348364279397,0.5748798067062115,1.2101773000139606,2.797222222222222,True,True,,False
J1:ALA906:hydrophobic AND J1:ARG879 AND J1:LEU1010:hydrophobic AND J2:VAL863:hydrophobic,4,J1:ALA906:hydrophobic|J1:ARG879|J1:LEU1010:hydrophobic|J2:VAL863:hydrophobic,beam_4,178,31,147,22,125,0.1741573033707865,0.1703296703296703,0.0449938195302843,3.8706939128287448,5.189710321214578,2.2759408797758465e-11,21.969423107797475,True,2.086699744885244e-09,True,J1:ALA906:hydrophobic AND J1:ARG879 AND J1:LEU1010:hydrophobic AND J2:VAL863:hydrophobic,4,holdout,42,57,14,43,4,39,0.2456140350877192,0.1794871794871795,0.0449826989619377,5.460188933873144,8.205668604651162,7.040129551223451e-08,178,3.8706939128287448,2.2759408797758465e-11,2.086699744885244e-09,J1:ALA906:hydrophobic AND J1:ARG879 AND J1:LEU1010:hydrophobic AND J2:VAL863:hydrophobic,4,668,55,19,594,613,0.0823353293413173,0.1923076923076923,0.1025089605734767,0.8032012897282358,0.7344830264895518,0.0485312873172266,0.0379460702385348,-0.0129325127626221,0.050878583001157,0.0,760782.5,0.0036332619342149,2,2,0,0,0,1.0,0.3333333333333333,0.0057142857142857,175.0,inf,2.723682418629987e-05,4.256219312602291,0.2281865536774644,1.4843593136986195,2.8673780487804876,True,True,,False
J1:ALA906 AND J1:ARG879 AND J1:LEU1010 AND J2:VAL863:hydrophobic,4,J1:ALA906|J1:ARG879|J1:LEU1010|J2:VAL863:hydrophobic,beam_4,178,31,147,22,125,0.1741573033707865,0.1703296703296703,0.0449938195302843,3.8706939128287448,5.189710321214578,2.2759408797758465e-11,21.969423107797475,True,2.086699744885244e-09,True,J1:ALA906 AND J1:ARG879 AND J1:LEU1010 AND J2:VAL863:hydrophobic,4,holdout,42,57,14,43,4,39,0.2456140350877192,0.1794871794871795,0.0449826989619377,5.460188933873144,8.205668604651162,7.040129551223451e-08,178,3.8706939128287448,2.2759408797758465e-11,2.086699744885244e-09,J1:ALA906 AND J1:ARG879 AND J1:LEU1010 AND J2:VAL863:hydrophobic,4,668,55,19,594,613,0.0823353293413173,0.1923076923076923,0.1025089605734767,0.8032012897282358,0.7344830264895518,0.0485312873172266,0.0379460702385348,-0.0129325127626221,0.050878583001157,0.0,760782.5,0.0036332619342149,2,2,0,0,0,1.0,0.3333333333333333,0.0057142857142857,175.0,inf,2.723682418629987e-05,4.256219312602291,0.2281865536774644,1.4843593136986195,2.8673780487804876,True,True,,False
J1:ALA906:hydrophobic AND J1:ARG879 AND J1:LEU1010 AND J2:VAL863:hydrophobic,4,J1:ALA906:hydrophobic|J1:ARG879|J1:LEU1010|J2:VAL863:hydrophobic,beam_4,178,31,147,22,125,0.1741573033707865,0.1703296703296703,0.0449938195302843,3.8706939128287448,5.189710321214578,2.2759408797758465e-11,21.969423107797475,True,2.086699744885244e-09,True,J1:ALA906:hydrophobic AND J1:ARG879 AND J1:LEU1010 AND J2:VAL863:hydrophobic,4,holdout,42,57,14,43,4,39,0.2456140350877192,0.1794871794871795,0.0449826989619377,5.460188933873144,8.205668604651162,7.040129551223451e-08,178,3.8706939128287448,2.2759408797758465e-11,2.086699744885244e-09,J1:ALA906:hydrophobic AND J1:ARG879 AND J1:LEU1010 AND J2:VAL863:hydrophobic,4,668,55,19,594,613,0.0823353293413173,0.1923076923076923,0.1025089605734767,0.8032012897282358,0.7344830264895518,0.0485312873172266,0.0379460702385348,-0.0129325127626221,0.050878583001157,0.0,760782.5,0.0036332619342149,2,2,0,0,0,1.0,0.3333333333333333,0.0057142857142857,175.0,inf,2.723682418629987e-05,4.256219312602291,0.2281865536774644,1.4843593136986195,2.8673780487804876,True,True,,False
J1:ALA906 AND J1:ARG879 AND J1:LEU1010:hydrophobic AND J2:VAL863:hydrophobic,4,J1:ALA906|J1:ARG879|J1:LEU1010:hydrophobic|J2:VAL863:hydrophobic,beam_4,178,31,147,22,125,0.1741573033707865,0.1703296703296703,0.0449938195302843,3.8706939128287448,5.189710321214578,2.2759408797758465e-11,21.969423107797475,True,2.086699744885244e-09,True,J1:ALA906 AND J1:ARG879 AND J1:LEU1010:hydrophobic AND J2:VAL863:hydrophobic,4,holdout,42,57,14,43,4,39,0.2456140350877192,0.1794871794871795,0.0449826989619377,5.460188933873144,8.205668604651162,7.040129551223451e-08,178,3.8706939128287448,2.2759408797758465e-11,2.086699744885244e-09,J1:ALA906 AND J1:ARG879 AND J1:LEU1010:hydrophobic AND J2:VAL863:hydrophobic,4,668,55,19,594,613,0.0823353293413173,0.1923076923076923,0.1025089605734767,0.8032012897282358,0.7344830264895518,0.0485312873172266,0.0379460702385348,-0.0129325127626221,0.050878583001157,0.0,760782.5,0.0036332619342149,2,2,0,0,0,1.0,0.3333333333333333,0.0057142857142857,175.0,inf,2.723682418629987e-05,4.256219312602291,0.2281865536774644,1.4843593136986195,2.8673780487804876,True,True,,False
J1:ALA906:hydrophobic AND J1:ARG879 AND J1:LEU1010 AND J2:VAL863,4,J1:ALA906:hydrophobic|J1:ARG879|J1:LEU1010|J2:VAL863,beam_4,180,31,149,22,127,0.1722222222222222,0.1703296703296703,0.0449938195302843,3.827686202686203,5.117294101960087,3.080479033012918e-11,21.903973672520884,True,2.6673324332911854e-09,True,J1:ALA906:hydrophobic AND J1:ARG879 AND J1:LEU1010 AND J2:VAL863,4,holdout,42,57,14,43,4,39,0.2456140350877192,0.1794871794871795,0.0449826989619377,5.460188933873144,8.205668604651162,7.040129551223451e-08,180,3.827686202686203,3.080479033012918e-11,2.6673324332911854e-09,J1:ALA906:hydrophobic AND J1:ARG879 AND J1:LEU1010 AND J2:VAL863,4,670,55,19,596,615,0.0820895522388059,0.1923076923076923,0.1025089605734767,0.8008036739380022,0.7313201703445605,0.0484073739210309,0.0378327983870765,-0.0129447132463604,0.050777511633437,0.0,762119.5,0.0037439387820317,2,2,0,0,0,1.0,0.3333333333333333,0.0057142857142857,175.0,inf,2.723682418629987e-05,4.220301850048686,0.2262609287519162,1.4897822586030447,2.832831325301205,True,True,,False
J1:ALA906:hydrophobic AND J1:ARG879 AND J1:LEU1010:hydrophobic AND J2:VAL863,4,J1:ALA906:hydrophobic|J1:ARG879|J1:LEU1010:hydrophobic|J2:VAL863,beam_4,180,31,149,22,127,0.1722222222222222,0.1703296703296703,0.0449938195302843,3.827686202686203,5.117294101960087,3.080479033012918e-11,21.903973672520884,True,2.6673324332911854e-09,True,J1:ALA906:hydrophobic AND J1:ARG879 AND J1:LEU1010:hydrophobic AND J2:VAL863,4,holdout,42,57,14,43,4,39,0.2456140350877192,0.1794871794871795,0.0449826989619377,5.460188933873144,8.205668604651162,7.040129551223451e-08,180,3.827686202686203,3.080479033012918e-11,2.6673324332911854e-09,J1:ALA906:hydrophobic AND J1:ARG879 AND J1:LEU1010:hydrophobic AND J2:VAL863,4,670,55,19,596,615,0.0820895522388059,0.1923076923076923,0.1025089605734767,0.8008036739380022,0.7313201703445605,0.0484073739210309,0.0378327983870765,-0.0129447132463604,0.050777511633437,0.0,762119.5,0.0037439387820317,2,2,0,0,0,1.0,0.3333333333333333,0.0057142857142857,175.0,inf,2.723682418629987e-05,4.220301850048686,0.2262609287519162,1.4897822586030447,2.832831325301205,True,True,,False
J1:ALA906 AND J1:ARG879 AND J1:LEU1010:hydrophobic AND J2:VAL863,4,J1:ALA906|J1:ARG879|J1:LEU1010:hydrophobic|J2:VAL863,beam_4,180,31,149,22,127,0.1722222222222222,0.1703296703296703,0.0449938195302843,3.827686202686203,5.117294101960087,3.080479033012918e-11,21.903973672520884,True,2.6673324332911854e-09,True,J1:ALA906 AND J1:ARG879 AND J1:LEU1010:hydrophobic AND J2:VAL863,4,holdout,42,57,14,43,4,39,0.2456140350877192,0.1794871794871795,0.0449826989619377,5.460188933873144,8.205668604651162,7.040129551223451e-08,180,3.827686202686203,3.080479033012918e-11,2.6673324332911854e-09,J1:ALA906 AND J1:ARG879 AND J1:LEU1010:hydrophobic AND J2:VAL863,4,670,55,19,596,615,0.0820895522388059,0.1923076923076923,0.1025089605734767,0.8008036739380022,0.7313201703445605,0.0484073739210309,0.0378327983870765,-0.0129447132463604,0.050777511633437,0.0,762119.5,0.0037439387820317,2,2,0,0,0,1.0,0.3333333333333333,0.0057142857142857,175.0,inf,2.723682418629987e-05,4.220301850048686,0.2262609287519162,1.4897822586030447,2.832831325301205,True,True,,False
J1:ALA906 AND J1:ARG879 AND J1:LEU1010 AND J2:VAL863,4,J1:ALA906|J1:ARG879|J1:LEU1010|J2:VAL863,beam_4,180,31,149,22,127,0.1722222222222222,0.1703296703296703,0.0449938195302843,3.827686202686203,5.117294101960087,3.080479033012918e-11,21.903973672520884,True,2.6673324332911854e-09,True,J1:ALA906 AND J1:ARG879 AND J1:LEU1010 AND J2:VAL863,4,holdout,42,57,14,43,4,39,0.2456140350877192,0.1794871794871795,0.0449826989619377,5.460188933873144,8.205668604651162,7.040129551223451e-08,180,3.827686202686203,3.080479033012918e-11,2.6673324332911854e-09,J1:ALA906 AND J1:ARG879 AND J1:LEU1010 AND J2:VAL863,4,670,55,19,596,615,0.0820895522388059,0.1923076923076923,0.1025089605734767,0.8008036739380022,0.7313201703445605,0.0484073739210309,0.0378327983870765,-0.0129447132463604,0.050777511633437,0.0,762119.5,0.0037439387820317,2,2,0,0,0,1.0,0.3333333333333333,0.0057142857142857,175.0,inf,2.723682418629987e-05,4.220301850048686,0.2262609287519162,1.4897822586030447,2.832831325301205,True,True,,False
J1:ALA906 AND J1:ARG879 AND J1:LEU1010:hydrophobic AND J1:VAL889:hydrophobic,4,J1:ALA906|J1:ARG879|J1:LEU1010:hydrophobic|J1:VAL889:hydrophobic,beam_4,157,31,126,17,109,0.197452229299363,0.1703296703296703,0.0449938195302843,4.388430041296283,6.088878376957847,6.947657294315328e-13,22.63492766717074,True,1.0808973169432368e-10,True,J1:ALA906 AND J1:ARG879 AND J1:LEU1010:hydrophobic AND J1:VAL889:hydrophobic,4,holdout,42,45,13,32,5,27,0.2888888888888888,0.1666666666666666,0.0449826989619377,6.422222222222222,10.15,2.5949287814561223e-08,157,4.388430041296283,6.947657294315328e-13,1.0808973169432368e-10,J1:ALA906 AND J1:ARG879 AND J1:LEU1010:hydrophobic AND J1:VAL889:hydrophobic,4,597,48,16,533,549,0.0804020100502512,0.1678321678321678,0.1025089605734767,0.7843412868538496,0.7181889149102264,0.0476691660707872,0.0343439119757017,-0.0103046660339429,0.0446485780096446,0.0,694569.5,0.0201286752303484,1,1,0,0,0,1.0,0.1666666666666666,0.0057142857142857,175.0,inf,0.0057142857142857,4.841507996953541,0.2246238542483798,1.4320249838749055,3.380882352941176,True,True,,False
J1:ALA906:hydrophobic AND J1:ARG879 AND J1:LEU1010:hydrophobic AND J1:VAL889:hydrophobic,4,J1:ALA906:hydrophobic|J1:ARG879|J1:LEU1010:hydrophobic|J1:VAL889:hydrophobic,beam_4,157,31,126,17,109,0.197452229299363,0.1703296703296703,0.0449938195302843,4.388430041296283,6.088878376957847,6.947657294315328e-13,22.63492766717074,True,1.0808973169432368e-10,True,J1:ALA906:hydrophobic AND J1:ARG879 AND J1:LEU1010:hydrophobic AND J1:VAL889:hydrophobic,4,holdout,42,45,13,32,5,27,0.2888888888888888,0.1666666666666666,0.0449826989619377,6.422222222222222,10.15,2.5949287814561223e-08,157,4.388430041296283,6.947657294315328e-13,1.0808973169432368e-10,J1:ALA906:hydrophobic AND J1:ARG879 AND J1:LEU1010:hydrophobic AND J1:VAL889:hydrophobic,4,597,48,16,533,549,0.0804020100502512,0.1678321678321678,0.1025089605734767,0.7843412868538496,0.7181889149102264,0.0476691660707872,0.0343439119757017,-0.0103046660339429,0.0446485780096446,0.0,694569.5,0.0201286752303484,1,1,0,0,0,1.0,0.1666666666666666,0.0057142857142857,175.0,inf,0.0057142857142857,4.841507996953541,0.2246238542483798,1.4320249838749055,3.380882352941176,True,True,,False
J1:ALA906 AND J1:ARG879 AND J1:LEU1010 AND J1:VAL889:hydrophobic,4,J1:ALA906|J1:ARG879|J1:LEU1010|J1:VAL889:hydrophobic,beam_4,157,31,126,17,109,0.197452229299363,0.1703296703296703,0.0449938195302843,4.388430041296283,6.088878376957847,6.947657294315328e-13,22.63492766717074,True,1.0808973169432368e-10,True,J1:ALA906 AND J1:ARG879 AND J1:LEU1010 AND J1:VAL889:hydrophobic,4,holdout,42,45,13,32,5,27,0.2888888888888888,0.1666666666666666,0.0449826989619377,6.422222222222222,10.15,2.5949287814561223e-08,157,4.388430041296283,6.947657294315328e-13,1.0808973169432368e-10,J1:ALA906 AND J1:ARG879 AND J1:LEU1010 AND J1:VAL889:hydrophobic,4,597,48,16,533,549,0.0804020100502512,0.1678321678321678,0.1025089605734767,0.7843412868538496,0.7181889149102264,0.0476691660707872,0.0343439119757017,-0.0103046660339429,0.0446485780096446,0.0,694569.5,0.0201286752303484,1,1,0,0,0,1.0,0.1666666666666666,0.0057142857142857,175.0,inf,0.0057142857142857,4.841507996953541,0.2246238542483798,1.4320249838749055,3.380882352941176,True,True,,False
J1:ALA906:hydrophobic AND J1:ARG879 AND J1:LEU1010 AND J1:VAL889:hydrophobic,4,J1:ALA906:hydrophobic|J1:ARG879|J1:LEU1010|J1:VAL889:hydrophobic,beam_4,157,31,126,17,109,0.197452229299363,0.1703296703296703,0.0449938195302843,4.388430041296283,6.088878376957847,6.947657294315328e-13,22.63492766717074,True,1.0808973169432368e-10,True,J1:ALA906:hydrophobic AND J1:ARG879 AND J1:LEU1010 AND J1:VAL889:hydrophobic,4,holdout,42,45,13,32,5,27,0.2888888888888888,0.1666666666666666,0.0449826989619377,6.422222222222222,10.15,2.5949287814561223e-08,157,4.388430041296283,6.947657294315328e-13,1.0808973169432368e-10,J1:ALA906:hydrophobic AND J1:ARG879 AND J1:LEU1010 AND J1:VAL889:hydrophobic,4,597,48,16,533,549,0.0804020100502512,0.1678321678321678,0.1025089605734767,0.7843412868538496,0.7181889149102264,0.0476691660707872,0.0343439119757017,-0.0103046660339429,0.0446485780096446,0.0,694569.5,0.0201286752303484,1,1,0,0,0,1.0,0.1666666666666666,0.0057142857142857,175.0,inf,0.0057142857142857,4.841507996953541,0.2246238542483798,1.4320249838749055,3.380882352941176,True,True,,False
J1:ALA906:hydrophobic AND J1:ARG879 AND J1:LEU1010:hydrophobic AND J1:VAL889,4,J1:ALA906:hydrophobic|J1:ARG879|J1:LEU1010:hydrophobic|J1:VAL889,beam_4,157,31,126,17,109,0.197452229299363,0.1703296703296703,0.0449938195302843,4.388430041296283,6.088878376957847,6.947657294315328e-13,22.63492766717074,True,1.0808973169432368e-10,True,J1:ALA906:hydrophobic AND J1:ARG879 AND J1:LEU1010:hydrophobic AND J1:VAL889,4,holdout,42,45,13,32,5,27,0.2888888888888888,0.1666666666666666,0.0449826989619377,6.422222222222222,10.15,2.5949287814561223e-08,157,4.388430041296283,6.947657294315328e-13,1.0808973169432368e-10,J1:ALA906:hydrophobic AND J1:ARG879 AND J1:LEU1010:hydrophobic AND J1:VAL889,4,598,48,16,534,550,0.0802675585284281,0.1678321678321678,0.1025089605734767,0.7830296793507495,0.7165164247517188,0.047709378297759,0.0342864806847724,-0.0103093670677175,0.04459584775249,0.0,695309.5,0.0203850488977124,1,1,0,0,0,1.0,0.1666666666666666,0.0057142857142857,175.0,inf,0.0057142857142857,4.841507996953541,0.2246238542483798,1.4320249838749055,3.380882352941176,True,True,,False
J1:ALA906 AND J1:ARG879 AND J1:LEU1010:hydrophobic AND J1:VAL889,4,J1:ALA906|J1:ARG879|J1:LEU1010:hydrophobic|J1:VAL889,beam_4,157,31,126,17,109,0.197452229299363,0.1703296703296703,0.0449938195302843,4.388430041296283,6.088878376957847,6.947657294315328e-13,22.63492766717074,True,1.0808973169432368e-10,True,J1:ALA906 AND J1:ARG879 AND J1:LEU1010:hydrophobic AND J1:VAL889,4,holdout,42,45,13,32,5,27,0.2888888888888888,0.1666666666666666,0.0449826989619377,6.422222222222222,10.15,2.5949287814561223e-08,157,4.388430041296283,6.947657294315328e-13,1.0808973169432368e-10,J1:ALA906 AND J1:ARG879 AND J1:LEU1010:hydrophobic AND J1:VAL889,4,598,48,16,534,550,0.0802675585284281,0.1678321678321678,0.1025089605734767,0.7830296793507495,0.7165164247517188,0.047709378297759,0.0342864806847724,-0.0103093670677175,0.04459584775249,0.0,695309.5,0.0203850488977124,1,1,0,0,0,1.0,0.1666666666666666,0.0057142857142857,175.0,inf,0.0057142857142857,4.841507996953541,0.2246238542483798,1.4320249838749055,3.380882352941176,True,True,,False
J1:ALA906 AND J1:ARG879 AND J1:LEU1010 AND J1:VAL889,4,J1:ALA906|J1:ARG879|J1:LEU1010|J1:VAL889,beam_4,157,31,126,17,109,0.197452229299363,0.1703296703296703,0.0449938195302843,4.388430041296283,6.088878376957847,6.947657294315328e-13,22.63492766717074,True,1.0808973169432368e-10,True,J1:ALA906 AND J1:ARG879 AND J1:LEU1010 AND J1:VAL889,4,holdout,42,45,13,32,5,27,0.2888888888888888,0.1666666666666666,0.0449826989619377,6.422222222222222,10.15,2.5949287814561223e-08,157,4.388430041296283,6.947657294315328e-13,1.0808973169432368e-10,J1:ALA906 AND J1:ARG879 AND J1:LEU1010 AND J1:VAL889,4,598,48,16,534,550,0.0802675585284281,0.1678321678321678,0.1025089605734767,0.7830296793507495,0.7165164247517188,0.047709378297759,0.0342864806847724,-0.0103093670677175,0.04459584775249,0.0,695309.5,0.0203850488977124,1,1,0,0,0,1.0,0.1666666666666666,0.0057142857142857,175.0,inf,0.0057142857142857,4.841507996953541,0.2246238542483798,1.4320249838749055,3.380882352941176,True,True,,False
J1:ALA906:hydrophobic AND J1:ARG879 AND J1:LEU1010 AND J1:VAL889,4,J1:ALA906:hydrophobic|J1:ARG879|J1:LEU1010|J1:VAL889,beam_4,157,31,126,17,109,0.197452229299363,0.1703296703296703,0.0449938195302843,4.388430041296283,6.088878376957847,6.947657294315328e-13,22.63492766717074,True,1.0808973169432368e-10,True,J1:ALA906:hydrophobic AND J1:ARG879 AND J1:LEU1010 AND J1:VAL889,4,holdout,42,45,13,32,5,27,0.2888888888888888,0.1666666666666666,0.0449826989619377,6.422222222222222,10.15,2.5949287814561223e-08,157,4.388430041296283,6.947657294315328e-13,1.0808973169432368e-10,J1:ALA906:hydrophobic AND J1:ARG879 AND J1:LEU1010 AND J1:VAL889,4,598,48,16,534,550,0.0802675585284281,0.1678321678321678,0.1025089605734767,0.7830296793507495,0.7165164247517188,0.047709378297759,0.0342864806847724,-0.0103093670677175,0.04459584775249,0.0,695309.5,0.0203850488977124,1,1,0,0,0,1.0,0.1666666666666666,0.0057142857142857,175.0,inf,0.0057142857142857,4.841507996953541,0.2246238542483798,1.4320249838749055,3.380882352941176,True,True,,False
J1:ALA906 AND J1:ARG879:hydrogen_bond AND J1:LEU1010:hydrophobic,3,J1:ALA906|J1:ARG879:hydrogen_bond|J1:LEU1010:hydrophobic,beam_3,191,32,159,28,131,0.1675392670157068,0.1758241758241758,0.0449938195302843,3.7236062366952423,4.969727463312369,3.0313368670582775e-11,22.15894519406653,True,2.645300560366061e-09,True,J1:ALA906 AND J1:ARG879:hydrogen_bond AND J1:LEU1010:hydrophobic,3,holdout,42,63,17,46,5,41,0.2698412698412698,0.2179487179487179,0.0449826989619377,5.998778998778998,9.754098360655735,4.322466760248143e-10,191,3.7236062366952423,3.0313368670582775e-11,2.645300560366061e-09,J1:ALA906 AND J1:ARG879:hydrogen_bond AND J1:LEU1010:hydrophobic,3,717,57,22,638,660,0.0794979079497908,0.1993006993006993,0.1025089605734767,0.775521549580127,0.6954346963080588,0.0183624854234821,0.038688559092596,-0.0143919508115457,0.0530805099041418,0.0,803002.5,0.0010914541810105,2,2,0,0,0,1.0,0.3333333333333333,0.0057142857142857,175.0,inf,2.723682418629987e-05,4.287870987280436,0.2679568025088941,1.440316003929763,2.97703488372093,True,True,,False
J1:ALA906 AND J1:ARG879:hydrogen_bond AND J1:LEU1010,3,J1:ALA906|J1:ARG879:hydrogen_bond|J1:LEU1010,beam_3,191,32,159,28,131,0.1675392670157068,0.1758241758241758,0.0449938195302843,3.7236062366952423,4.969727463312369,3.0313368670582775e-11,22.15894519406653,True,2.645300560366061e-09,True,J1:ALA906 AND J1:ARG879:hydrogen_bond AND J1:LEU1010,3,holdout,42,63,17,46,5,41,0.2698412698412698,0.2179487179487179,0.0449826989619377,5.998778998778998,9.754098360655735,4.322466760248143e-10,191,3.7236062366952423,3.0313368670582775e-11,2.645300560366061e-09,J1:ALA906 AND J1:ARG879:hydrogen_bond AND J1:LEU1010,3,717,57,22,638,660,0.0794979079497908,0.1993006993006993,0.1025089605734767,0.775521549580127,0.6954346963080588,0.0183624854234821,0.038688559092596,-0.0143919508115457,0.0530805099041418,0.0,803002.5,0.0010914541810105,2,2,0,0,0,1.0,0.3333333333333333,0.0057142857142857,175.0,inf,2.723682418629987e-05,4.287870987280436,0.2679568025088941,1.440316003929763,2.97703488372093,True,True,,False
J1:ALA906:hydrophobic AND J1:ARG879:hydrogen_bond AND J1:LEU1010,3,J1:ALA906:hydrophobic|J1:ARG879:hydrogen_bond|J1:LEU1010,beam_3,191,32,159,28,131,0.1675392670157068,0.1758241758241758,0.0449938195302843,3.7236062366952423,4.969727463312369,3.0313368670582775e-11,22.15894519406653,True,2.645300560366061e-09,True,J1:ALA906:hydrophobic AND J1:ARG879:hydrogen_bond AND J1:LEU1010,3,holdout,42,63,17,46,5,41,0.2698412698412698,0.2179487179487179,0.0449826989619377,5.998778998778998,9.754098360655735,4.322466760248143e-10,191,3.7236062366952423,3.0313368670582775e-11,2.645300560366061e-09,J1:ALA906:hydrophobic AND J1:ARG879:hydrogen_bond AND J1:LEU1010,3,717,57,22,638,660,0.0794979079497908,0.1993006993006993,0.1025089605734767,0.775521549580127,0.6954346963080588,0.0183624854234821,0.038688559092596,-0.0143919508115457,0.0530805099041418,0.0,803002.5,0.0010914541810105,2,2,0,0,0,1.0,0.3333333333333333,0.0057142857142857,175.0,inf,2.723682418629987e-05,4.287870987280436,0.2679568025088941,1.440316003929763,2.97703488372093,True,True,,False
J1:ALA906:hydrophobic AND J1:ARG879:hydrogen_bond AND J1:LEU1010:hydrophobic,3,J1:ALA906:hydrophobic|J1:ARG879:hydrogen_bond|J1:LEU1010:hydrophobic,beam_3,191,32,159,28,131,0.1675392670157068,0.1758241758241758,0.0449938195302843,3.7236062366952423,4.969727463312369,3.0313368670582775e-11,22.15894519406653,True,2.645300560366061e-09,True,J1:ALA906:hydrophobic AND J1:ARG879:hydrogen_bond AND J1:LEU1010:hydrophobic,3,holdout,42,63,17,46,5,41,0.2698412698412698,0.2179487179487179,0.0449826989619377,5.998778998778998,9.754098360655735,4.322466760248143e-10,191,3.7236062366952423,3.0313368670582775e-11,2.645300560366061e-09,J1:ALA906:hydrophobic AND J1:ARG879:hydrogen_bond AND J1:LEU1010:hydrophobic,3,717,57,22,638,660,0.0794979079497908,0.1993006993006993,0.1025089605734767,0.775521549580127,0.6954346963080588,0.0183624854234821,0.038688559092596,-0.0143919508115457,0.0530805099041418,0.0,803002.5,0.0010914541810105,2,2,0,0,0,1.0,0.3333333333333333,0.0057142857142857,175.0,inf,2.723682418629987e-05,4.287870987280436,0.2679568025088941,1.440316003929763,2.97703488372093,True,True,,False
J1:ALA906:hydrophobic AND J1:ARG879 AND J1:LEU1010:hydrophobic,3,J1:ALA906:hydrophobic|J1:ARG879|J1:LEU1010:hydrophobic,beam_3,201,34,167,29,138,0.1691542288557214,0.1868131868131868,0.0449938195302843,3.7594992072604017,5.084317850784917,4.968548161406032e-12,23.054809367708113,True,5.782336779467078e-10,True,J1:ALA906:hydrophobic AND J1:ARG879 AND J1:LEU1010:hydrophobic,3,holdout,42,67,18,49,5,44,0.2686567164179104,0.2307692307692307,0.0449826989619377,5.972445464982778,9.838775510204082,1.3063285868003482e-10,201,3.7594992072604017,4.968548161406032e-12,5.782336779467078e-10,J1:ALA906:hydrophobic AND J1:ARG879 AND J1:LEU1010:hydrophobic,3,734,58,22,654,676,0.0790190735694822,0.2027972027972027,0.1025089605734767,0.7708504030029916,0.6878957749403094,0.015777642816181,0.0348651644647685,-0.0134658793191065,0.048331043783875,0.0,809051.5,0.0031548022725199,2,2,0,0,0,1.0,0.3333333333333333,0.0057142857142857,175.0,inf,2.723682418629987e-05,4.312686567164179,0.2616547881577125,1.444440477040634,2.9857142857142858,True,True,,False
J1:ALA906 AND J1:ARG879 AND J1:LEU1010,3,J1:ALA906|J1:ARG879|J1:LEU1010,beam_3,201,34,167,29,138,0.1691542288557214,0.1868131868131868,0.0449938195302843,3.7594992072604017,5.084317850784917,4.968548161406032e-12,23.054809367708113,True,5.782336779467078e-10,True,J1:ALA906 AND J1:ARG879 AND J1:LEU1010,3,holdout,42,67,18,49,5,44,0.2686567164179104,0.2307692307692307,0.0449826989619377,5.972445464982778,9.838775510204082,1.3063285868003482e-10,201,3.7594992072604017,4.968548161406032e-12,5.782336779467078e-10,J1:ALA906 AND J1:ARG879 AND J1:LEU1010,3,734,58,22,654,676,0.0790190735694822,0.2027972027972027,0.1025089605734767,0.7708504030029916,0.6878957749403094,0.015777642816181,0.0348651644647685,-0.0134658793191065,0.048331043783875,0.0,809051.5,0.0031548022725199,2,2,0,0,0,1.0,0.3333333333333333,0.0057142857142857,175.0,inf,2.723682418629987e-05,4.312686567164179,0.2616547881577125,1.444440477040634,2.9857142857142858,True,True,,False
J1:ALA906:hydrophobic AND J1:ARG879 AND J1:LEU1010,3,J1:ALA906:hydrophobic|J1:ARG879|J1:LEU1010,beam_3,201,34,167,29,138,0.1691542288557214,0.1868131868131868,0.0449938195302843,3.7594992072604017,5.084317850784917,4.968548161406032e-12,23.054809367708113,True,5.782336779467078e-10,True,J1:ALA906:hydrophobic AND J1:ARG879 AND J1:LEU1010,3,holdout,42,67,18,49,5,44,0.2686567164179104,0.2307692307692307,0.0449826989619377,5.972445464982778,9.838775510204082,1.3063285868003482e-10,201,3.7594992072604017,4.968548161406032e-12,5.782336779467078e-10,J1:ALA906:hydrophobic AND J1:ARG879 AND J1:LEU1010,3,734,58,22,654,676,0.0790190735694822,0.2027972027972027,0.1025089605734767,0.7708504030029916,0.6878957749403094,0.015777642816181,0.0348651644647685,-0.0134658793191065,0.048331043783875,0.0,809051.5,0.0031548022725199,2,2,0,0,0,1.0,0.3333333333333333,0.0057142857142857,175.0,inf,2.723682418629987e-05,4.312686567164179,0.2616547881577125,1.444440477040634,2.9857142857142858,True,True,,False
J1:ALA906 AND J1:ARG879 AND J1:LEU1010:hydrophobic,3,J1:ALA906|J1:ARG879|J1:LEU1010:hydrophobic,beam_3,201,34,167,29,138,0.1691542288557214,0.1868131868131868,0.0449938195302843,3.7594992072604017,5.084317850784917,4.968548161406032e-12,23.054809367708113,True,5.782336779467078e-10,True,J1:ALA906 AND J1:ARG879 AND J1:LEU1010:hydrophobic,3,holdout,42,67,18,49,5,44,0.2686567164179104,0.2307692307692307,0.0449826989619377,5.972445464982778,9.838775510204082,1.3063285868003482e-10,201,3.7594992072604017,4.968548161406032e-12,5.782336779467078e-10,J1:ALA906 AND J1:ARG879 AND J1:LEU1010:hydrophobic,3,734,58,22,654,676,0.0790190735694822,0.2027972027972027,0.1025089605734767,0.7708504030029916,0.6878957749403094,0.015777642816181,0.0348651644647685,-0.0134658793191065,0.048331043783875,0.0,809051.5,0.0031548022725199,2,2,0,0,0,1.0,0.3333333333333333,0.0057142857142857,175.0,inf,2.723682418629987e-05,4.312686567164179,0.2616547881577125,1.444440477040634,2.9857142857142858,True,True,,False
