smiles,fold_selectivity,dataset,TSNE1,TSNE2
C=CC(=O)Nc1cccc(Oc2nc(Nc3ccc(N4CCN(C)CC4)c(F)c3)nc3[nH]ccc23)c1,6.526946107784431,JAK2-selective,-14.769633,2.1979356
C=CC(=O)Nc1cccc(Oc2nc(Nc3ccc(N4CCN(C)CC4)cc3)nc3[nH]ccc23)c1,5.649122807017544,JAK2-selective,-14.772322,2.255333
C=CC(=O)Nc1cccc(Oc2nc(Nc3ccc(N4CCN(C)CC4)nc3)nc3[nH]ccc23)c1,6.796116504854369,JAK2-selective,-14.815787,2.2270093
CC(C)(C)OC(=O)N1CC(CC#N)(n2nc(NC3CC3)c3c(=O)[nH]ccc32)C1,16.254980079681275,JAK2-selective,42.38997,-32.87901
CC(C)(C)S(=O)(=O)Nc1cc(-n2ccc3cnc(Nc4cc(F)c5c(c4)CC4CNCCN54)nc32)ccc1F,123.14176741624897,JAK2-selective,-9.925639,4.546622
CC(C)(C)S(=O)(=O)Nc1cc(-n2ccc3cnc(Nc4ccc(N5CCNCC5)c(F)c4)nc32)ccc1F,41.93299108025375,JAK2-selective,-9.883577,4.589462
CC(C)(C)S(=O)(=O)Nc1cccc(-c2csc3cnc(Nc4ccc(N5CCNCC5)c(F)c4)nc23)c1,84.5,JAK2-selective,-9.912541,4.0197134
CC(C)(C)S(=O)(=O)Nc1cccc(-c2csc3cnc(Nc4ccc5c(c4)CCN4CCNCC54)nc23)c1,22.0,JAK2-selective,-10.187307,3.672275
CC(C)(C)S(=O)(=O)Nc1cccc(-n2ccc3cnc(Nc4ccc(C(=O)N5CCNCC5)c(F)c4)nc32)c1,19.998322745665345,JAK2-selective,-10.478418,5.2700787
CC(C)(C)S(=O)(=O)Nc1cccc(-n2ccc3cnc(Nc4ccc(C(=O)NC5CCNCC5)c(F)c4)nc32)c1,11.444444444444445,JAK2-selective,-10.412754,5.1128235
CC(C)(C)S(=O)(=O)Nc1cccc(-n2ccc3cnc(Nc4ccc(C5CCNCC5)cc4)nc32)c1,23.186274509803923,JAK2-selective,-11.08368,3.9022079
CC(C)(C)S(=O)(=O)Nc1cccc(-n2ccc3cnc(Nc4ccc(N5CCNCC5)cc4)nc32)c1,38.15783467981195,JAK2-selective,-10.925393,3.8214037
CC(C)(O)Cn1cc(-c2nc(-c3cnn4ccccc34)nc(N[C@@H]3CCCN(C(=O)CO)C3)c2F)cn1,10.0,JAK2-selective,1.3501297,31.299479
CC(C)OC(=O)c1nc(-c2cnn3ccccc23)nc(N[C@@H]2CCCN(C(=O)CO)C2)c1F,12.0,JAK2-selective,2.6595643,29.043478
CC(C)Oc1nc(-c2cnn3ccccc23)nc(N[C@@H]2CCCN(C(=O)CO)C2)c1F,18.0,JAK2-selective,2.550783,29.017288
CCCCOc1nc(-c2cnn3ccccc23)nc(N[C@@H]2CCCN(C(=O)CC#N)C2)c1F,13.0,JAK2-selective,-4.2252483,27.843426
CCCCc1cncc2ccc(NC(=O)[C@@H]3CC3c3ccc(S(=O)(=O)Nc4ccccn4)cc3)cc12,24.0,JAK2-selective,-3.2374506,-11.802803
CCCS(=O)(=O)N1CC(CC#N)(n2ccc(-c3nc(-c4cnn(C)c4)cc4ncccc34)n2)C1,6.032402234636871,JAK2-selective,-2.3392038,68.52886
CCCc1cncc2ccc(NC(=O)[C@@H]3CC3c3ccc(S(=O)(=O)Nc4ccccn4)cc3)cc12,21.8174811378791,JAK2-selective,-3.2217488,-11.82523
CCCc1cncc2ccc(NC(=O)[C@@H]3CC3c3ccc(S(=O)(=O)Nc4ncccn4)cc3)cc12,24.4,JAK2-selective,-3.067317,-12.100078
CCOC(=O)C1(C)CCN(c2nc(-c3cnn4ccccc34)nc(N[C@@H]3CCCN(C(=O)CO)C3)c2F)CC1,6.25,JAK2-selective,2.187591,30.854435
CCOC(=O)C1CCN(c2nc(-c3cnn4ccccc34)nc(N[C@@H]3CCCN(C(=O)CC#N)C3)c2F)CC1,6.666666666666667,JAK2-selective,-4.4305663,27.657143
CCOC(=O)CCn1cc(Nc2ncc3ccn(Cc4ccsc4)c3n2)cn1,5.5,JAK2-selective,16.485142,20.273493
CCOC(=O)Cn1cc(Nc2ncc3ccn(CC45CC6CC(CC(C6)C4)C5)c3n2)cn1,5.5,JAK2-selective,14.369775,21.404823
CCOC(=O)Cn1cc(Nc2ncc3ccn(CC4CCCCCC4)c3n2)cn1,5.5,JAK2-selective,12.862366,22.427608
CCOC(=O)Cn1cc(Nc2ncc3ccn(CC4CCSCC4)c3n2)cn1,5.5,JAK2-selective,13.863429,22.739935
CCOC(=O)Cn1cc(Nc2ncc3ccn(CC=C(C)C)c3n2)cn1,5.5,JAK2-selective,16.305553,19.788925
CCOC(=O)Cn1cc(Nc2ncc3ccn(CCC#N)c3n2)cn1,10.0,JAK2-selective,16.1079,17.769657
CCOC(=O)Cn1cc(Nc2ncc3ccn(CCC4CCCCC4)c3n2)cn1,18.181818181818183,JAK2-selective,12.671255,22.329613
CCOC(=O)Cn1cc(Nc2ncc3ccn(C[C@@H]4CCC[C@@H](OC)C4)c3n2)cn1,5.5,JAK2-selective,12.584713,23.064507
CCOC(=O)Cn1cc(Nc2ncc3ccn(C[C@H]4CC[C@@H](O)CC4)c3n2)cn1,5.5,JAK2-selective,14.078475,23.145609
CCOC(=O)Cn1cc(Nc2ncc3ccn(C[C@H]4CC[C@@H](OC)CC4)c3n2)cn1,10.0,JAK2-selective,13.198386,23.365526
CCOC(=O)Cn1cc(Nc2ncc3ccn(C[C@H]4CC[C@H](NC)CC4)c3n2)cn1,5.5,JAK2-selective,13.580866,23.630575
CCOC(=O)Cn1cc(Nc2ncc3ccn(C[C@H]4CC[C@H](OC)CC4)c3n2)cn1,5.5,JAK2-selective,13.198386,23.365526
CCOC(=O)Cn1cc(Nc2ncc3ccn(Cc4csc(C)n4)c3n2)cn1,5.5,JAK2-selective,16.258514,19.936853
CCOC(=O)Cn1ccc(Nc2ncc3ccn(CC(CC)CC)c3n2)n1,10.0,JAK2-selective,18.45417,19.931725
CCOC(=O)Cn1ccc2cnc(Nc3cnn(C)c3)nc21,10.0,JAK2-selective,16.7443,20.737122
CCOCCOc1nc(-c2cnn3ccccc23)nc(N[C@@H]2CCCN(C(=O)CC#N)C2)c1F,5.714285714285714,JAK2-selective,-4.249605,27.871761
CCOCCOc1nc(-c2cnn3ccccc23)nc(N[C@@H]2CCCN(C(=O)CO)C2)c1F,16.0,JAK2-selective,1.4682409,29.939785
CCS(=O)(=O)N1CC(CC#N)(n2ccc(-c3nc(-c4cnn(C)c4)cc4ncccc34)n2)C1,7.741379310344827,JAK2-selective,-2.337791,68.52025
CCc1cncc2ccc(NC(=O)[C@@H]3CC3c3ccc(S(=O)(=O)Nc4ccccn4)cc3)cc12,15.0,JAK2-selective,-3.2158065,-11.815783
CCc1cncc2ccc(NC(=O)[C@@H]3CC3c3ccc(S(=O)(=O)Nc4ncccn4)cc3)cc12,7.3,JAK2-selective,-3.0586393,-12.102131
CCc1cncc2ccc(NC(=O)[C@@H]3C[C@H]3c3ccc(S(=O)(=O)Nc4ncc(C5CCNCC5)cn4)cc3)cc12,5.9405940594059405,JAK2-selective,-2.1840594,-13.118425
CCn1cc(-c2cc(-c3cnn(C4(CC#N)CN(S(C)(=O)=O)C4)n3)c3cccnc3c2)ccc1=O,5.900293255131965,JAK2-selective,-9.589162,50.997864
CN(C)C1CCN(C(=O)c2ccc(Nc3ncc4ccn(-c5cccc(NS(=O)(=O)C(C)(C)C)c5)c4n3)cc2F)CC1,55.0,JAK2-selective,-10.326913,5.4955597
CN(C)C1CCN(c2ccc(Nc3ncc4ccn(-c5ccc(F)c(NS(=O)(=O)C(C)(C)C)c5)c4n3)cc2F)CC1,77.77777777777777,JAK2-selective,-9.466118,4.826085
CN(C)C1CCN(c2ccc(Nc3ncc4ccn(-c5cccc(NS(=O)(=O)C(C)(C)C)c5)c4n3)cc2)CC1,58.06863712908658,JAK2-selective,-10.91469,3.8778105
CN(C)C1CCN(c2ccc(Nc3ncc4scc(-c5ccc(F)c(NS(=O)(=O)C(C)(C)C)c5)c4n3)cc2F)CC1,115.875,JAK2-selective,-9.055584,4.690928
CN(C)C1CCN(c2ccc(Nc3ncc4scc(-c5ccc(F)c(NS(=O)(=O)C6(C)CC6)c5)c4n3)cc2F)CC1,66.72727272727273,JAK2-selective,-8.8307085,4.702322
CN(C)C1CCN(c2nc(-c3cnn4ccccc34)nc(N[C@H]3CC[C@H](CC#N)CC3)c2F)CC1,220.0,JAK2-selective,0.06973502,22.212038
CN(C)CCCn1c(=O)c2cc([N+](=O)[O-])ccc2c2cnc3[nH]ccc3c21,6.8040816326530615,JAK2-selective,-29.018866,-18.285566
CN(C)CCOc1nc(-c2cnn3ccccc23)nc(N[C@H]2CC[C@@H](CC#N)CC2)c1F,64.0,JAK2-selective,0.20113523,22.33325
CN(C)CCOc1nc(-c2cnn3ccccc23)nc(N[C@H]2CC[C@H](CC#N)CC2)c1F,121.42857142857143,JAK2-selective,0.20113523,22.33325
CN(C)CCn1cc(-c2cc3ncccc3c(-c3ccn(C4(CC#N)CC(C#N)C4)n3)n2)cn1,9.853658536585366,JAK2-selective,13.148548,79.78856
CN1C(=O)COc2ccc(-c3cc(-c4cnn(C5(CC#N)CC(C#N)C5)n4)c4cccnc4c3)nc21,20.477062100008144,JAK2-selective,4.497858,44.930588
CN1CCC(n2cc(-c3cc4ncccc4c(-c4ccn(C5(CC#N)CN(CC(F)(F)F)C5)n4)n3)cn2)CC1,16.5625,JAK2-selective,-2.8737884,83.14264
CN1CCN(c2ccc(Nc3ncc4ccn(-c5ccc(F)c(NS(=O)(=O)C(C)(C)C)c5)c4n3)cc2)CC1,11.982662123446076,JAK2-selective,-10.109751,4.31579
CN1CCN(c2ccc(Nc3ncc4ccn(-c5cccc(NS(=O)(=O)C(C)(C)C)c5)c4n3)cc2)CC1,32.83783783783784,JAK2-selective,-10.825037,3.7274013
CN1CCN(c2ccc(Nc3ncc4ccn(-c5cccc(NS(=O)(=O)C(C)(C)C)c5)c4n3)cc2C#N)CC1,58.2010582010582,JAK2-selective,-10.52298,3.9510443
CN1CCN(c2ccc(Nc3ncc4ccn(-c5cccc(NS(=O)(=O)C(C)(C)C)c5)c4n3)cc2F)CC1,23.555555555555557,JAK2-selective,-10.36282,4.46233
CN1CCN(c2ccc(Nc3ncc4ccn(-c5cccc(NS(=O)(=O)C6CC6)c5)c4n3)cc2)CC1,74.41928557485848,JAK2-selective,-11.095461,3.4463866
CN1CCN(c2nc(-c3cnn4ccccc34)nc(N[C@@H]3CCCN(C(=O)CO)C3)c2F)CC1,36.66666666666667,JAK2-selective,0.75016546,28.273819
CN1CCN(c2nc(-c3cnn4ccccc34)nc(O[C@@H]3CCCN(C(=O)CC#N)C3)c2F)CC1,48.0,JAK2-selective,-2.5838523,27.02998
CN1CCN(c2nc(-c3cnn4ccccc34)nc(O[C@@H]3CCCN(C(=O)CO)C3)c2F)CC1,27.8,JAK2-selective,1.4941628,27.110367
CNC(=O)c1cc(-c2cn3nccc3c(-c3cnn([C@]4(CC#N)C[C@@H](OC)C4)c3)n2)[nH]n1,11.44,JAK2-selective,-14.640523,79.617805
CNC(=O)c1cnc(-c2cnc3[nH]ccc3c2N[C@@H]2CCCN(C(=O)CC#N)C2)o1,5.5,JAK2-selective,-40.682163,-26.450983
CNC1CCN(c2ccc(Nc3ncc4ccn(-c5ccc(F)c(NS(=O)(=O)C(C)(C)C)c5)c4n3)cc2F)CC1,85.57156593010062,JAK2-selective,-9.735992,4.7488523
CNC1CCN(c2ccc(Nc3ncc4scc(-c5ccc(F)c(NS(=O)(=O)C(C)(C)C)c5)c4n3)cc2F)CC1,82.80773424237823,JAK2-selective,-9.307854,4.5267715
CNS(=O)(=O)N1CC(CC#N)(n2ccc(-c3nc(-c4cnn(C)c4)cc4ncccc34)n2)C1,6.267195767195767,JAK2-selective,-2.327796,68.57106
COC1CC(CC#N)(n2cc(-c3nc(-c4cnn(CCO)c4)cc4ncccc34)cn2)C1,5.049228331266363,JAK2-selective,-14.416851,85.47338
COC1CC(CC#N)(n2ccc(-c3nc(-c4cnn(C)c4)cc4ncccc34)n2)C1,7.370967741935484,JAK2-selective,7.1562114,81.87451
COC1CC(CC#N)(n2ccc(-c3nc(-c4cnn(C5COC5)c4)cc4ncccc34)n2)C1,17.020460358056265,JAK2-selective,7.062072,81.76674
COC1CC(CC#N)(n2ccc(-c3nc(-c4cnn(CCO)c4)cc4ncccc34)n2)C1,5.2331488881823205,JAK2-selective,7.14895,81.83021
COCCOc1cc(N[C@@H]2CCCN(C(=O)CO)C2)nc(-c2cnn3ccccc23)n1,6.0,JAK2-selective,-1.4282568,32.28593
COCCOc1nc(-c2cnn3ccccc23)nc(N[C@@H]2CCCN(C(=O)CO)C2)c1C,27.142857142857146,JAK2-selective,-0.55346215,32.19345
COCCOc1nc(-c2cnn3ccccc23)nc(N[C@@H]2CCCN(C(=O)CO)C2)c1F,13.75,JAK2-selective,1.6760763,29.896063
COC[C@@H](C)Oc1nc(-c2cnn3ccccc23)nc(N[C@@H]2CCCN(C(=O)CO)C2)c1F,15.714285714285714,JAK2-selective,2.6294627,29.117947
COC[C@@H](C)Oc1nc(-c2cnn3ccccc23)nc(N[C@@H]2CCCN(c3cnc(C#N)cn3)C2)c1F,57.0,JAK2-selective,-0.13923633,24.628778
COC[C@H](C)Oc1nc(-c2cnn3ccccc23)nc(N[C@@H]2CCCN(C(=O)CO)C2)c1F,33.0,JAK2-selective,2.629339,29.117592
CO[C@H]1C[C@@](CC#N)(n2cc(-c3nc(-c4cc(C(N)=O)n[nH]4)cn4nccc34)cn2)C1,6.648967551622419,JAK2-selective,-14.575526,79.690895
CO[C@H]1C[C@@](CC#N)(n2cc(-c3nc(-c4cnn(C)c4)cn4nccc34)cn2)C1,6.707070707070707,JAK2-selective,-13.236935,80.00184
CO[C@H]1C[C@](CC#N)(n2cc(-c3nc(-c4cc(CO)[nH]n4)cn4nccc34)cn2)C1,5.469879518072289,JAK2-selective,-14.231419,79.829834
CO[C@H]1C[C@](CC#N)(n2cc(-c3nc(-c4cc(N)n(C)n4)cn4nccc34)cn2)C1,8.217592592592593,JAK2-selective,-13.8128395,80.022224
CO[C@H]1C[C@](CC#N)(n2cc(-c3nc(-c4cn(C)nc4CO)cn4nccc34)cn2)C1,30.42283950617284,JAK2-selective,-13.412814,79.96581
CO[C@H]1C[C@](CC#N)(n2cc(-c3nc(-c4cnn(C)c4)cn4nccc34)cn2)C1,6.557017543859649,JAK2-selective,-13.236935,80.00184
COc1cc(-c2cc3ncccc3c(-c3ccn(C4(CC#N)CN(S(C)(=O)=O)C4)n3)n2)ccn1,11.500689655172414,JAK2-selective,-1.8816831,62.01877
COc1cc(N[C@@H]2CCCN(C(=O)CO)C2)nc(-c2cnn3ccccc23)n1,7.0,JAK2-selective,-1.4115901,32.30032
COc1cc(Nc2ncc3ccn(-c4cccc(NS(=O)(=O)C(C)(C)C)c4)c3n2)ccc1N1CCN(C)CC1,56.34615384615385,JAK2-selective,-10.878103,4.0866838
COc1cc(Nc2ncc3ccn(-c4cccc(NS(=O)(=O)C(C)(C)C)c4)c3n2)ccc1N1CCNCC1,98.21428571428572,JAK2-selective,-10.930415,4.1511803
COc1cc2c(=O)n(C3CCCCCC3)c3c4cc[nH]c4ncc3c2cc1OC,7.404494382022472,JAK2-selective,-30.339964,-19.061768
COc1cc2c(=O)n(C3CCCCCCC3)c3c4cc[nH]c4ncc3c2cc1OC,9.889502762430938,JAK2-selective,-30.339962,-19.061768
COc1cc2c(=O)n(CC(=O)OC(C)(C)C)c3c4cc[nH]c4ncc3c2cc1OC,7.304964539007092,JAK2-selective,-28.831861,-19.511795
COc1cc2c(=O)n(CC3CCCCC3)c3c4cc[nH]c4ncc3c2cc1OC,35.0140056022409,JAK2-selective,-30.225946,-18.983435
COc1ccc(-c2nc(-c3cnn4ccccc34)nc(N[C@@H]3CCCN(C(=O)CC#N)C3)c2F)cn1,6.666666666666667,JAK2-selective,-4.3103313,28.60448
COc1nc(-c2cnn3ccccc23)nc(N[C@@H]2CCCN(C(=O)CO)C2)c1C,7.666666666666667,JAK2-selective,-0.52923906,32.2169
COc1nc(-c2cnn3ccccc23)nc(N[C@@H]2CCCN(C(=O)CO)C2)c1F,13.0,JAK2-selective,1.7299943,29.903933
COc1nc(-c2cnn3ccccc23)nc(N[C@@H]2CCCN(c3cnc(C#N)cn3)C2)c1F,6.142857142857143,JAK2-selective,-0.19558764,24.680115
COc1nc(-c2cnn3ccccc23)nc(N[C@@H]2CCCN(c3cnc(CO)cn3)C2)c1F,14.166666666666666,JAK2-selective,0.0071643237,24.900454
COc1nc(-c2cnn3ccccc23)nc(O[C@@H]2CCCN(C(=O)CC#N)C2)c1F,9.333333333333334,JAK2-selective,-2.7195933,27.30516
COc1nc(-c2cnn3ccccc23)nc(O[C@@H]2CCCN(C(=O)CO)C2)c1F,42.333333333333336,JAK2-selective,1.6449921,27.310421
COc1nccc2cc(NC(=O)[C@@H]3CC3c3ccc(S(=O)(=O)Nc4ccccn4)cc3)ccc12,7.142857142857143,JAK2-selective,-3.56411,-11.057198
CS(=O)(=O)N1CC(CC#N)(n2ccc(-c3nc(-c4ccc(F)cc4O)cc4ncccc34)n2)C1,17.6678445229682,JAK2-selective,-7.087921,63.63529
CS(=O)(=O)N1CC(CC#N)(n2ccc(-c3nc(-c4cccc(O)n4)cc4ncccc34)n2)C1,10.13550135501355,JAK2-selective,-4.8717327,64.094025
CS(=O)(=O)N1CC(CC#N)(n2ccc(-c3nc(-c4ccccc4O)cc4ncccc34)n2)C1,5.61864406779661,JAK2-selective,-5.5737224,63.61239
CS(=O)(=O)N1CC(CC#N)(n2ccc(-c3nc(-c4cccnc4N)cc4ncccc34)n2)C1,5.429645542427497,JAK2-selective,-4.390955,63.4476
CS(=O)(=O)N1CC(CC#N)(n2ccc(-c3nc(-c4ccn(C5COC5)n4)cc4ncccc34)n2)C1,6.743088334457181,JAK2-selective,-0.42055482,66.034386
CS(=O)(=O)N1CC(CC#N)(n2ccc(-c3nc(-c4ccn5ccnc5c4)cc4ncccc34)n2)C1,13.826530612244898,JAK2-selective,-3.3257535,63.995846
CS(=O)(=O)N1CC(CC#N)(n2ccc(-c3nc(-c4ccnc(O)c4)cc4ncccc34)n2)C1,7.933006535947713,JAK2-selective,-4.72826,64.34226
CS(=O)(=O)N1CC(CC#N)(n2ccc(-c3nc(-c4cnc5[nH]c(=O)[nH]c5c4)cc4ncccc34)n2)C1,41.49377593360996,JAK2-selective,-2.223767,63.54041
CS(=O)(=O)N1CC(CC#N)(n2ccc(-c3nc(-c4cnc5cn[nH]c5c4)cc4ncccc34)n2)C1,10.134615384615385,JAK2-selective,-2.1400006,63.548084
CS(=O)(=O)N1CC(CC#N)(n2ccc(-c3nc(-c4cnn(C5COC5)c4)cc4ncccc34)n2)C1,17.366336633663366,JAK2-selective,-0.48995954,66.59684
CS(=O)(=O)N1CC(CC#N)(n2ccc(-c3nc(-c4cnn(CC5(O)COC5)c4)cc4ncccc34)n2)C1,7.310043668122271,JAK2-selective,-1.563778,66.935234
CS(=O)(=O)N1CC(CC#N)(n2ccc(-c3nc(-c4cnn(CC5COC5)c4)cc4ncccc34)n2)C1,8.842857142857143,JAK2-selective,-0.65036327,66.65004
CS(=O)(=O)N1CC(CC#N)(n2ccc(-c3nc(-c4cnn(CCO)c4)cc4ncccc34)n2)C1,5.95679012345679,JAK2-selective,-2.2956867,67.19413
CS(=O)(=O)N1CC(CC#N)(n2ccc(-c3nc(-c4cnn([C@@H]5CCOC5)c4)cc4ncccc34)n2)C1,10.514705882352942,JAK2-selective,-0.21801826,66.68055
CS(=O)(=O)N1CC(CC#N)(n2ccc(-c3nc(-c4cnn([C@H]5CCOC5)c4)cc4ncccc34)n2)C1,13.777777777777779,JAK2-selective,-0.21801887,66.68112
CS(=O)(=O)N1CC(CC#N)(n2ncc(-c3cc(-c4cccc(CN)c4)cc4ncccc34)n2)C1,5.656025024456251,JAK2-selective,-8.783273,50.1791
CS(=O)(=O)Nc1cccc(-c2cc(-c3cnn(C4(CC#N)CC(C#N)C4)n3)c3cccnc3c2)n1,8.6212278302303,JAK2-selective,5.5129743,47.315094
CS(=O)(=O)c1ccc(-c2cc(-c3cnn(C4(CC#N)CC(C#N)C4)n3)c3cccnc3c2)nc1,12.493809659692369,JAK2-selective,5.5462174,47.351818
CS(=O)(=O)c1ccc(-c2cc3ncccc3c(-c3ccn(C4(CC#N)CC(C#N)C4)n3)n2)cn1,6.026092147773564,JAK2-selective,12.808276,77.77167
CS(=O)(=O)c1ccc(-c2cc3ncccc3c(-c3ccn(C4(CC#N)CN(S(C)(=O)=O)C4)n3)n2)cn1,5.288100208768268,JAK2-selective,-2.888452,64.54128
C[C@@H](CO)Oc1nc(-c2cnn3ccccc23)nc(N[C@@H]2CCCN(C(=O)CO)C2)c1F,9.666666666666666,JAK2-selective,2.4971,29.03214
C[C@H](CO)Oc1nc(-c2cnn3ccccc23)nc(N[C@@H]2CCCN(C(=O)CO)C2)c1F,5.8,JAK2-selective,2.4971,29.03214
C[C@H](Nc1nc(-c2cnn3ccccc23)nc(N2CCC(N)CC2)c1F)c1ccc(F)cn1,40.0,JAK2-selective,1.4279565,24.162054
C[C@H](Nc1nc(-c2cnn3ccccc23)nc(OCCO)c1F)c1ncc(F)cn1,8.0,JAK2-selective,1.5822496,24.219463
C[C@H](O)COc1nc(-c2cnn3ccccc23)nc(O[C@@H]2CCCN(C(=O)CO)C2)c1F,14.0,JAK2-selective,2.425842,27.89
C[C@H]1N(CC(F)(F)F)C[C@]1(CC#N)n1cc(-c2nc(-c3cnn(C)c3)cn3nccc23)cn1,8.429268292682927,JAK2-selective,-10.891887,80.86494
Cc1c(N[C@@H]2CCCN(C(=O)CO)C2)nc(-c2cnn3ccccc23)nc1N1CCOCC1,6.5,JAK2-selective,1.0438405,32.781322
Cc1cc(-c2cc(-c3cnn(C4(CC#N)CN(S(C)(=O)=O)C4)n3)c3cccnc3c2)ccn1,10.277492291880781,JAK2-selective,-9.140075,50.74051
Cc1cc(-c2cc3ncccc3c(-c3ccn(C4(CC#N)CC(C#N)C4)n3)n2)nn1C,11.807949771478693,JAK2-selective,11.364591,80.21148
Cc1cc(-c2nc(-c3cc(N)n(C)n3)cc3ncccc23)nn1C1(CC#N)CC(C#N)C1,10.591163927061475,JAK2-selective,11.511788,82.24639
Cc1cc(-c2nc(-c3cnn4ccccc34)nc(N(C)[C@@H]3CCCN(C(=O)CC#N)C3)c2F)ccn1,6.0,JAK2-selective,-2.6334639,29.7373
Cc1cc(-c2nc(-c3cnn4ccccc34)nc(N[C@@H]3CCCN(C(=O)CC#N)C3)c2F)cc(C)n1,10.0,JAK2-selective,-4.2907896,28.709196
Cc1cc(-c2nc(-c3cnn4ccccc34)nc(N[C@@H]3CCCN(C(=O)CO)C3)c2F)ccn1,10.0,JAK2-selective,-0.6878345,30.495356
Cc1cc(-c2nc(-c3cnn4ccccc34)nc(O[C@@H]3CCCN(C(=O)CC#N)C3)c2F)ccn1,6.0,JAK2-selective,-2.8551066,29.43287
Cc1cc(-c2nc(-c3cnn4ccccc34)nc(O[C@@H]3CCCN(C(=O)CO)C3)c2F)ccn1,17.5,JAK2-selective,-1.6160742,30.051878
Cc1ccc(-c2cc(-c3cnn(C4(CC#N)CN(S(C)(=O)=O)C4)n3)c3cccnc3c2)cn1,6.333122229259025,JAK2-selective,-9.347786,50.700016
Cc1ccc(NC(=O)c2cccc(C(F)(F)F)c2)cc1N1CCc2nc(Nc3ccc(N4CCN(C)CC4)cc3)ncc2C1=O,7.733333333333333,JAK2-selective,-8.54021,2.3123276
Cc1ccn2ncc(-c3nc(N[C@@H]4CCCN(C(=O)CO)C4)c(F)c(N4CCOCC4)n3)c2c1,6.75,JAK2-selective,1.1267054,32.786556
Cc1cnc(Nc2ccc(C(=O)NC3CCN(C)CC3)c(F)c2)nc1Nc1ccc2c(c1)N(S(=O)(=O)C(C)(C)C)CC2,42.083333333333336,JAK2-selective,-9.01937,3.679374
Cc1cncc2ccc(NC(=O)[C@@H]3CC3c3ccc(S(=O)(=O)NC[C@@H]4CCCNC4)cc3)cc12,7.6923076923076925,JAK2-selective,-1.5757109,-13.353021
Cc1cncc2ccc(NC(=O)[C@@H]3CC3c3ccc(S(=O)(=O)Nc4ccccn4)cc3)cc12,12.5,JAK2-selective,-2.5689619,-11.684292
Cc1cncc2ccc(NC(=O)[C@@H]3CC3c3ccc(S(=O)(=O)Nc4cccnc4)cc3)cc12,104.34782608695653,JAK2-selective,-2.4755757,-11.888368
Cc1cncc2ccc(NC(=O)[C@@H]3CC3c3ccc(S(=O)(=O)Nc4cccnn4)cc3)cc12,40.0,JAK2-selective,-2.3206275,-11.901934
Cc1cncc2ccc(NC(=O)[C@@H]3CC3c3ccc(S(=O)(=O)Nc4cnccn4)cc3)cc12,5.0,JAK2-selective,-2.1305647,-12.059826
Cc1cncc2ccc(NC(=O)[C@@H]3CC3c3ccc(S(=O)(=O)Nc4ncccn4)cc3)cc12,5.5,JAK2-selective,-2.5127566,-11.96623
Cc1cncc2ccc(NC(=O)[C@@H]3C[C@H]3c3ccc(S(=O)(=O)NC4CCCNC4)cc3)cc12,5.761904761904762,JAK2-selective,-1.4731131,-12.873455
Cc1cncc2ccc(NC(=O)[C@@H]3C[C@H]3c3ccc(S(=O)(=O)NC4CCNC4)cc3)cc12,6.0,JAK2-selective,-1.5638037,-12.765224
Cc1cncc2ccc(NC(=O)[C@@H]3C[C@H]3c3ccc(S(=O)(=O)Nc4cncc(C5=CCNCC5)n4)cc3)cc12,6.296296296296296,JAK2-selective,-1.7916096,-12.487497
Cc1cncc2ccc(NC(=O)[C@@H]3C[C@H]3c3ccc(S(=O)(=O)Nc4cncc(C5CCNCC5)n4)cc3)cc12,15.714285714285714,JAK2-selective,-1.7315063,-12.682967
Cc1cncc2ccc(NC(=O)[C@@H]3C[C@H]3c3ccc(S(=O)(=O)Nc4ncc(C5CCNCC5)cn4)cc3)cc12,5.0,JAK2-selective,-1.8159496,-12.82821
Cc1nc(-c2cc(-c3cnn(C4(CC#N)CC(C#N)C4)n3)c3cccnc3c2)c[nH]1,11.043392272310776,JAK2-selective,4.413437,46.0903
Cc1nc(-c2cc(-c3cnn(C4(CC#N)CC(C#N)C4)n3)c3cccnc3c2)ccc1CCO,7.069496381047577,JAK2-selective,4.4772005,45.651817
Cc1nc(-c2cc3ncccc3c(-c3ccn(C4(CC#N)CN(CC(F)(F)F)C4)n3)n2)cn1C,6.016847172081829,JAK2-selective,-3.555303,85.0806
Cc1nc2ccc(-c3cc(-c4cnn(C5(CC#N)CC(C#N)C5)n4)c4cccnc4c3)nc2[nH]1,8.878048780487806,JAK2-selective,4.406935,45.983284
Cc1ncc(-c2cc(-c3cnn(C4(CC#N)CC(C#N)C4)c3)n3ccnc3c2)[nH]1,6.9825378346915015,JAK2-selective,-15.84164,82.61155
Cc1ncc(-c2cc3ncccc3c(-c3ccn(C4(CC#N)CN(S(C)(=O)=O)C4)n3)n2)cc1N,5.757855822550832,JAK2-selective,-3.7338345,64.84846
Cc1ncc(-c2cc3ncccc3c(-c3ccn(C4(CC#N)CN(S(C)(=O)=O)C4)n3)n2)cc1O,7.710100231303007,JAK2-selective,-4.363207,65.194954
Cc1nccc2cc(NC(=O)[C@@H]3CC3c3ccc(S(=O)(=O)Nc4ccccn4)cc3)ccc12,46.13791666666666,JAK2-selective,-3.1967187,-11.366371
Cc1nn([C@]2(CC#N)C[C@@H](C#N)C2)cc1-c1nc(-c2cnn(C)c2)cn2nccc12,11.81651376146789,JAK2-selective,-12.818032,81.94846
Cn1cc(-c2cc(-c3ccn(C4(CC#N)CN(S(C)(=O)=O)C4)n3)c3cccnc3c2)cn1,5.521811154058531,JAK2-selective,-8.803443,53.781963
Cn1cc(-c2cc(-c3cn(C4(CC#N)CN(S(C)(=O)=O)C4)nn3)c3cccnc3c2)cn1,8.887417218543046,JAK2-selective,-8.869448,53.58842
Cn1cc(-c2cc(-c3cnn(C4(CC#N)CC(C#N)C4)c3)n3ccnc3c2)cn1,5.111378177157874,JAK2-selective,-15.8743725,82.39859
Cn1cc(-c2cc(-c3cnn(C4(CC#N)CC(C#N)C4)n3)c3cccnc3c2)c(CO)n1,10.50900900900901,JAK2-selective,4.318039,43.725124
Cn1cc(-c2cc(-c3cnn(C4(CC#N)CC(C#N)C4)n3)c3cccnc3c2)c(N)n1,15.759949937421778,JAK2-selective,4.2663484,44.12515
Cn1cc(-c2cc(-c3cnn(C4(CC#N)CC(C#N)C4)n3)c3cccnc3c2)cn1,9.92176163742242,JAK2-selective,4.3638997,43.83585
Cn1cc(-c2cc(-c3cnn(C4(CC#N)CC(C#N)C4)n3)c3cccnc3c2)nn1,57.31506849315068,JAK2-selective,4.2172194,44.191544
Cn1cc(-c2cc(-c3cnn(C4(CC#N)CN(CC#N)C4)c3)c3cccnc3c2)cn1,9.19718309859155,JAK2-selective,-7.726707,80.489944
Cn1cc(-c2cc(-c3cnn(C4(CC#N)CN(S(C)(=O)=O)C4)n3)c3cccnc3c2)cn1,11.631147540983607,JAK2-selective,-9.57346,51.578518
Cn1cc(-c2cc3ncccc3c(-c3ccn(C4(CC#N)CC(C#N)C4)n3)n2)c(CO)n1,14.382352941176471,JAK2-selective,12.642103,80.26604
Cn1cc(-c2cc3ncccc3c(-c3ccn(C4(CC#N)CC(C#N)C4)n3)n2)c(N)n1,7.636772473677884,JAK2-selective,12.240211,80.24202
Cn1cc(-c2cc3ncccc3c(-c3ccn(C4(CC#N)CC(C#N)C4)n3)n2)cn1,5.270849839060029,JAK2-selective,13.085262,79.929726
Cn1cc(-c2cc3ncccc3c(-c3ccn(C4(CC#N)CN(CC#N)C4)n3)n2)cn1,5.985915492957746,JAK2-selective,-2.2113183,80.534035
Cn1cc(-c2cc3ncccc3c(-c3ccn(C4(CC#N)CN(S(C)(=O)=O)C4)n3)n2)c(N)n1,18.19047619047619,JAK2-selective,-4.261982,66.13006
Cn1cc(-c2cc3ncccc3c(-c3ccn(C4(CC#N)CN(S(C)(=O)=O)C4)n3)n2)cn1,8.396341463414634,JAK2-selective,-2.4087923,68.13393
Cn1cc(-c2cc3ncccc3c(-c3ccn(C4(CC#N)CN(S(N)(=O)=O)C4)n3)n2)cn1,6.22,JAK2-selective,-2.335363,68.56093
Cn1cc(-c2cc3ncccc3c(-c3cn(C4(CC#N)CN(CC(F)(F)F)C4)nn3)n2)cn1,6.5,JAK2-selective,-5.547449,82.65905
Cn1cc(-c2cc3ncccc3c(-n3ccc(C4(CC#N)CN(CC(F)(F)F)C4)n3)n2)cn1,9.239067055393585,JAK2-selective,-5.81329,82.78521
Cn1cc(-c2cc3nccnc3c(-c3cnn(C4(CC#N)CN(CC#N)C4)c3)n2)cn1,8.529411764705882,JAK2-selective,-9.163321,80.72785
Cn1cc(-c2cc3nccnc3c(-c3cnn(C4(CC#N)CN(CC(F)(F)F)C4)c3)n2)cn1,7.041666666666667,JAK2-selective,-7.035311,82.03934
Cn1cc(-c2cn3nccc3c(-c3cnn(C4(CC#N)CCC4)c3)n2)cn1,9.48936170212766,JAK2-selective,-11.606304,80.53597
Cn1cc(-c2cn3nccc3c(-c3cnn(C4(CC#N)CN(CC#N)C4)c3)n2)cn1,6.756756756756757,JAK2-selective,-11.117514,80.34549
Cn1cc(-c2cn3nccc3c(-c3cnn(C4(CC#N)CN(S(C)(=O)=O)C4)c3)n2)cn1,6.309523809523809,JAK2-selective,-10.584274,79.71968
Cn1cc(-c2cn3nccc3c(-c3cnn([C@]4(CC#N)C[C@@H](C#N)C4)c3)n2)c(=O)[nH]1,21.018072289156628,JAK2-selective,-13.422338,81.5117
Cn1cc(-c2cn3nccc3c(-c3cnn([C@]4(CC#N)C[C@@H](C#N)C4)c3)n2)c(CO)n1,20.031496062992126,JAK2-selective,-13.225344,81.36663
Cn1cc(-c2cn3nccc3c(-c3cnn([C@]4(CC#N)C[C@@H](C#N)C4)c3)n2)c(N)n1,16.576923076923077,JAK2-selective,-13.159054,81.602
Cn1cc(-c2cn3nccc3c(-c3cnn([C@]4(CC#N)C[C@@H](C#N)C4)c3)n2)cn1,5.175675675675675,JAK2-selective,-12.924688,81.39173
Cn1cc(-c2cn3nccc3c(-c3cnn([C@]4(CC#N)C[C@@H](C#N)C4)c3)n2)nn1,19.632882882882882,JAK2-selective,-13.120979,81.50596
Cn1cc(-c2cn3nccc3c(-c3cnn([C@]4(CC#N)C[C@@H](c5ccn[nH]5)C4)c3)n2)cn1,5.237864077669903,JAK2-selective,-12.417072,80.57359
Cn1cc(-c2cn3nccc3c(-c3cnn([C@]4(CC#N)C[C@@](C)(C#N)C4)c3)n2)cn1,7.145522388059701,JAK2-selective,-11.665793,80.41387
Cn1cc(-c2cn3nccc3c(-c3cnn([C@]4(CC#N)C[C@H](CC#N)C4)c3)n2)cn1,7.184210526315789,JAK2-selective,-12.162262,80.67666
Cn1cc(-c2cn3nccc3c(-c3cnn([C@]4(CC#N)C[C@H](O)C4)c3)n2)cn1,6.628336755646817,JAK2-selective,-12.27677,80.59739
Cn1cc(-c2cn3nccc3c(-c3cnn([C@]4(CC#N)C[C@](C)(C#N)C4)c3)n2)cn1,5.052631578947368,JAK2-selective,-11.665793,80.41387
Cn1ccc(-c2cc(-c3cnn(C4(CC#N)CC(C#N)C4)n3)c3cccnc3c2)n1,6.39433740298122,JAK2-selective,4.1350613,44.6801
Cn1ccc(-c2cc(-c3cnn(C4(CC#N)CN(S(C)(=O)=O)C4)n3)c3cccnc3c2)n1,7.86411149825784,JAK2-selective,-9.286296,51.26078
Cn1cnc(-c2cc3ncccc3c(-c3ccn(C4(CC#N)CN(CC(F)(F)F)C4)n3)n2)c1,7.604562737642586,JAK2-selective,-3.3041737,84.725784
Cn1nc(-c2cc(-c3cnn(C4(CC#N)CC(C#N)C4)n3)c3cccnc3c2)cc1CO,11.515337423312884,JAK2-selective,3.96955,44.57375
Cn1nc(-c2cc3ncccc3c(-c3ccn(C4(CC#N)CC(C#N)C4)n3)n2)cc1CN,18.12682926829268,JAK2-selective,11.436736,79.863174
Cn1nc(-c2cc3ncccc3c(-c3ccn(C4(CC#N)CC(C#N)C4)n3)n2)cc1CO,9.644870244628407,JAK2-selective,11.768209,79.79184
Cn1nc(-c2cc3ncccc3c(-c3ccn(C4(CC#N)CC(C#N)C4)n3)n2)cc1N,8.072818958874537,JAK2-selective,11.422992,79.93898
N#CCC(=O)N1CCC[C@@H](Nc2nc(-c3cnn4ccccc34)nc(-c3cncc(CO)c3)c2F)C1,5.0,JAK2-selective,-3.8375723,28.38627
N#CCC(=O)N1CCC[C@@H](Oc2nc(-c3cnn4ccccc34)nc(-c3ccnc(CO)c3)c2F)C1,6.5,JAK2-selective,-2.7621675,29.153648
N#CCC(=O)N1CCC[C@@H](Oc2nc(-c3cnn4ccccc34)nc(N3CCC(O)CC3)c2F)C1,9.0,JAK2-selective,-2.520986,27.096846
N#CCC(=O)N1CCC[C@@H](Oc2nc(-c3cnn4ccccc34)nc(NCCO)c2F)C1,9.333333333333334,JAK2-selective,-2.5890296,27.236692
N#CCC(=O)N1CCC[C@@H](Oc2nc(-c3cnn4ccccc34)nc(OCCO)c2F)C1,33.333333333333336,JAK2-selective,-2.6479506,27.38976
N#CCC1(n2cc(-c3nc(-c4cnn(C5CCOCC5)c4)cc4ncccc34)cn2)CN(CC(F)(F)F)C1,5.0,JAK2-selective,-4.1037283,82.24774
N#CCC1(n2ccc(-c3nc(-c4cc5n(n4)CCNC5)cc4ncccc34)n2)CC(C#N)C1,17.7933273262643,JAK2-selective,10.200919,78.68267
N#CCC1(n2ccc(-c3nc(-c4cccc(O)n4)cc4ncccc34)n2)CC(C#N)C1,7.910089886015856,JAK2-selective,10.749773,78.32225
N#CCC1(n2ccc(-c3nc(-c4cn(C5COC5)cn4)cc4ncccc34)n2)CN(CC(F)(F)F)C1,7.283321194464676,JAK2-selective,-1.6130693,83.23929
N#CCC1(n2ccc(-c3nc(-c4cnn(C5CCNCC5)c4)cc4ncccc34)n2)CN(CC(F)(F)F)C1,19.27777777777778,JAK2-selective,-2.4710174,83.36816
N#CCC1(n2ccc(-c3nc(-c4cnn(C5CNC5)c4)cc4ncccc34)n2)CN(CC(F)(F)F)C1,21.593272171253822,JAK2-selective,-2.4594824,83.576836
N#CCC1(n2ccc(-c3nc(-c4cnn(C5COC5)c4)cc4ncccc34)n2)CN(CC(F)(F)F)C1,11.902439024390244,JAK2-selective,-2.0471756,83.05899
N#CCC1(n2ncc(-c3cc(-c4cc(CO)[nH]n4)cc4ncccc34)n2)CC(C#N)C1,5.488549618320611,JAK2-selective,0.7144971,44.618614
N#CCC1(n2ncc(-c3cc(-c4cc(N)ncn4)cc4ncccc34)n2)CC(C#N)C1,8.204134366925064,JAK2-selective,2.0792222,46.803383
N#CCC1(n2ncc(-c3cc(-c4cc5c(cn4)CCN5)cc4ncccc34)n2)CC(C#N)C1,11.581997533908755,JAK2-selective,0.76175827,45.69801
N#CCC1(n2ncc(-c3cc(-c4cc[nH]c(=O)c4)cc4ncccc34)n2)CC(C#N)C1,8.184127295710725,JAK2-selective,-0.11646639,46.661385
N#CCC1(n2ncc(-c3cc(-c4ccc(C(N)=O)cn4)cc4ncccc34)n2)CC(C#N)C1,10.636025654318427,JAK2-selective,2.023693,41.365196
N#CCC1(n2ncc(-c3cc(-c4ccc(F)cn4)cc4ncccc34)n2)CC(C#N)C1,10.966447582852604,JAK2-selective,1.193404,47.441563
N#CCC1(n2ncc(-c3cc(-c4ccc(N)nn4)cc4ncccc34)n2)CC(C#N)C1,10.580405126085157,JAK2-selective,1.9326267,46.283257
N#CCC1(n2ncc(-c3cc(-c4ccc(OCCN)cc4)cc4ncccc34)n2)CC(C#N)C1,7.9888198757763975,JAK2-selective,0.11950949,45.04917
N#CCC1(n2ncc(-c3cc(-c4cccc(C(=O)O)n4)cc4ncccc34)n2)CC(C#N)C1,6.18507014095279,JAK2-selective,2.249017,41.953846
N#CCC1(n2ncc(-c3cc(-c4cccc(C(N)=O)n4)cc4ncccc34)n2)CC(C#N)C1,5.35112,JAK2-selective,2.1673555,41.51823
N#CCC1(n2ncc(-c3cc(-c4ccccn4)cc4ncccc34)n2)CC(C#N)C1,8.804878048780488,JAK2-selective,1.3859098,45.537704
N#CCC1(n2ncc(-c3cc(-c4cn5ccnc5c(N)n4)cc4ncccc34)n2)CC(C#N)C1,12.289617486338798,JAK2-selective,2.7408352,46.136154
N#CCC1(n2ncc(-c3cc(-c4cnc5ncccn45)cc4ncccc34)n2)CC(C#N)C1,5.640661815096433,JAK2-selective,1.7804154,45.1897
N#CCC1(n2ncc(-c3cc(-c4cnn(CCO)c4)cc4ncccc34)n2)CC(C#N)C1,6.096953910715578,JAK2-selective,2.63566,43.676994
N#CCC1(n2ncc(-c3cc(-c4ncc(CO)s4)cc4ncccc34)n2)CC(C#N)C1,5.0621212121212125,JAK2-selective,1.5709153,43.70467
N#CCN1CC(CC#N)(n2ccc(-c3nc(-c4cnn(C5COC5)c4)cc4ncccc34)n2)C1,18.607142857142858,JAK2-selective,-1.3546419,81.212425
N#CC[C@H]1CC[C@H](Nc2nc(-c3cnn4ccccc34)nc(N3CCC(N)CC3)c2F)CC1,82.0,JAK2-selective,0.02420152,22.449844
N#CC[C@H]1CC[C@H](Nc2nc(-c3cnn4ccccc34)nc(N3CCC(O)CC3)c2F)CC1,24.0,JAK2-selective,0.008609057,22.466053
N#CC[C@H]1CC[C@H](Nc2nc(-c3cnn4ccccc34)nc(N3CCNCC3)c2F)CC1,187.5,JAK2-selective,0.011217292,22.4448
N#CC[C@H]1CC[C@H](Nc2nc(-c3cnn4ccccc34)nc(NCCO)c2F)CC1,22.857142857142858,JAK2-selective,0.074745044,22.482006
N#CC[C@H]1CC[C@H](Nc2nc(-c3cnn4ccccc34)nc(OCCO)c2F)CC1,18.0,JAK2-selective,0.13263276,22.556652
N#CC[C@H]1CC[C@H](Nc2nc(-c3cnn4ccccc34)nc(OC[C@@H](O)CO)c2F)CC1,21.42857142857143,JAK2-selective,0.17792325,22.60295
N#CC[C@H]1CC[C@H](Nc2nc(-c3cnn4ccccc34)nc(OC[C@H](O)CO)c2F)CC1,20.0,JAK2-selective,0.17792329,22.60295
N#CC[C@]1(n2cc(-c3nc(-c4cc(CO)on4)cn4nccc34)cn2)C[C@@H](C#N)C1,7.275,JAK2-selective,-13.902419,81.94866
N#CCc1cncc2ccc(NC(=O)[C@@H]3CC3c3ccc(S(=O)(=O)Nc4ncccn4)cc3)cc12,5.25,JAK2-selective,-3.9258177,-13.780345
N#Cc1cnc(N2CCC[C@@H](Nc3nc(-c4cnn5ccccc45)nc(OCCO)c3F)C2)nc1,9.5,JAK2-selective,-0.5379314,24.60921
NC(=O)c1nc(-c2cnn3ccccc23)nc(N[C@@H]2CCCN(C(=O)CO)C2)c1F,6.5,JAK2-selective,-0.15736069,28.43871
O=C(CO)N1CCC[C@@H](Nc2nc(-c3cnn4ccccc34)nc(-c3cncc(CO)c3)c2F)C1,14.0,JAK2-selective,0.038469728,29.550402
O=C(CO)N1CCC[C@@H](Nc2nc(-c3cnn4ccccc34)nc(N3CCC(CO)CC3)c2F)C1,8.0,JAK2-selective,0.2842289,28.247652
O=C(CO)N1CCC[C@@H](Nc2nc(-c3cnn4ccccc34)nc(N3CCC(O)CC3)c2F)C1,10.0,JAK2-selective,0.2347806,28.274305
O=C(CO)N1CCC[C@@H](Nc2nc(-c3cnn4ccccc34)nc(NCCO)c2F)C1,17.0,JAK2-selective,0.07268844,28.575443
O=C(CO)N1CCC[C@@H](Nc2nc(-c3cnn4ccccc34)nc(O)c2F)C1,5.714285714285714,JAK2-selective,0.0409563,28.537374
O=C(CO)N1CCC[C@@H](Nc2nc(-c3cnn4ccccc34)nc(OCC(F)F)c2F)C1,5.0,JAK2-selective,1.4218097,28.853565
O=C(CO)N1CCC[C@@H](Nc2nc(-c3cnn4ccccc34)nc(OCCCO)c2F)C1,8.0,JAK2-selective,0.8173195,29.151747
O=C(CO)N1CCC[C@@H](Nc2nc(-c3cnn4ccccc34)nc(OCCO)c2F)C1,5.0,JAK2-selective,0.6900632,29.237158
O=C(CO)N1CCC[C@@H](Oc2nc(-c3cnn4ccccc34)nc(N3CCC(O)CC3)c2F)C1,7.25,JAK2-selective,1.0334693,27.073013
O=C(CO)N1CCC[C@@H](Oc2nc(-c3cnn4ccccc34)nc(N3CCOCC3)c2F)C1,11.0,JAK2-selective,0.7426462,26.797619
O=C(CO)N1CCC[C@@H](Oc2nc(-c3cnn4ccccc34)nc(NCCO)c2F)C1,12.333333333333334,JAK2-selective,1.0792288,27.255041
O=C(CO)N1CCC[C@@H](Oc2nc(-c3cnn4ccccc34)nc(OCCO)c2F)C1,19.0,JAK2-selective,1.0517092,27.220364
O=C(NCc1ncccn1)c1cccc([C@@H]2C[C@H]2C(=O)Nc2ccc3cncc(C(F)(F)F)c3c2)c1,33.78378378378378,JAK2-selective,-5.6467056,-12.180747
O=C(NCc1ncccn1)c1csc(C2C[C@H]2C(=O)Nc2ccc3cncc(Cl)c3c2)c1,6.0,JAK2-selective,-5.6456847,-11.922826
O=C(Nc1ccc2cncc(C(F)(F)F)c2c1)[C@@H]1CC1c1ccc(S(=O)(=O)Nc2ccccn2)cc1,13.88888888888889,JAK2-selective,-5.0234013,-12.934677
O=C(Nc1ccc2cncc(C(F)(F)F)c2c1)[C@@H]1CC1c1ccc(S(=O)(=O)Nc2ncccn2)cc1,5.0,JAK2-selective,-5.1008716,-13.054176
O=C(Nc1ccc2cncc(C(F)(F)F)c2c1)[C@@H]1C[C@H]1c1ccc(S(=O)(=O)Nc2nccs2)cc1,7.5,JAK2-selective,-5.1626563,-13.330145
O=C(Nc1ccc2cncc(C3CC3)c2c1)[C@@H]1C[C@H]1c1ccc(S(=O)(=O)Nc2ccccn2)cc1,7.3984329657574,JAK2-selective,-3.8619916,-12.211529
O=C(Nc1ccc2cncc(CC(F)(F)F)c2c1)[C@@H]1CC1c1ccc(S(=O)(=O)Nc2ccccn2)cc1,33.050847457627114,JAK2-selective,-5.063744,-12.92514
O=C(Nc1ccc2cncc(Cl)c2c1)[C@@H]1CC1c1ccc(S(=O)(=O)Nc2cccnc2)cc1,25.448334874477275,JAK2-selective,-3.6315043,-13.03537
O=C(Nc1ccc2cncc(Cl)c2c1)[C@@H]1C[C@H]1c1ccc(S(=O)(=O)Nc2ncc(C3CCNCC3)cn2)cc1,7.315603752474396,JAK2-selective,-2.6875417,-14.031035
O=C(Nc1ccc2cncc(F)c2c1)[C@@H]1CC1c1ccc(S(=O)(=O)Nc2ccccn2)cc1,8.485311168084655,JAK2-selective,-4.30657,-12.1273
O=C(Nc1ccc2cnccc2c1)[C@@H]1CC1c1ccc(S(=O)(=O)NC2CCNCC2)cc1,8.474576271186441,JAK2-selective,-2.9127395,-13.299157
O=C(Nc1ccc2cnccc2c1)[C@@H]1CC1c1ccc(S(=O)(=O)Nc2ccccn2)c(F)c1,9.2,JAK2-selective,-4.5812216,-11.872842
O=C(Nc1ccc2cnccc2c1)[C@@H]1CC1c1ccc(S(=O)(=O)Nc2ccccn2)cc1,22.821671459217672,JAK2-selective,-3.783423,-12.29971
O=C(O)C(Cc1ccccc1)Oc1nc(-c2cnn3ccccc23)nc(N[C@@H]2CCCN(C(=O)CO)C2)c1F,13.108108108108109,JAK2-selective,1.4494092,28.803883
O=C(O)Cn1cc(Nc2ncc3ccn(Cc4ccsc4)c3n2)cn1,5.5,JAK2-selective,18.153164,21.997513
O=S(=O)(Nc1cccc(-n2ccc3cnc(Nc4ccc(N5CCNCC5)cc4)nc32)c1)C1CC1,37.6,JAK2-selective,-11.2553835,3.465066
BrC[C@H]1CC[C@H](c2nnn3cnc4[nH]ccc4c23)CC1,7.5,JAK1-selective,-23.377405,-52.572212
Brc1ccc(CN2CCC(c3nnn4cnc5[nH]ccc5c34)CC2)cc1,5.545454545454545,JAK1-selective,-47.0255,-58.635532
Brc1ccc(CN2CCC(c3nnn4cnc5[nH]ccc5c34)CC2)s1,5.822784810126581,JAK1-selective,-49.26215,-58.229584
Brc1csc(CN2CCC(c3nnn4cnc5[nH]ccc5c34)CC2)c1,6.666666666666667,JAK1-selective,-49.255444,-58.12318
C#CCCOC(=O)N1CC[C@@H](n2cc(C(N)=O)c(Nc3ccc(F)cc3)n2)[C@H](C#N)C1,17.11111111111111,JAK1-selective,32.38512,2.3655868
C#CCCOC(=O)N1CC[C@H](n2cc(C(N)=O)c(Nc3ccc(F)cc3)n2)[C@H](C#N)C1,6.631578947368421,JAK1-selective,32.38512,2.36559
C#CCNC[C@H]1CC[C@H](c2nnn3cnc4[nH]ccc4c23)CC1,5.176470588235294,JAK1-selective,-25.350216,-50.969276
C#Cc1ccc(C(=O)c2ccc(-c3nc4cnc5[nH]ccc5c4n3[C@H]3CC[C@H](CC#N)CC3)cc2)cc1,15.35,JAK1-selective,-43.800755,4.2131057
C#Cc1ccc(C(=O)c2ccc(CCc3nc4cnc5[nH]ccc5c4n3[C@H]3CC[C@H](CC#N)CC3)cc2)cc1,53.93333333333334,JAK1-selective,-43.071907,4.9122434
C#Cc1ccc(C(=O)c2ccc(COCc3nc4cnc5[nH]ccc5c4n3[C@H]3CC[C@H](CC#N)CC3)cc2)cc1,27.714285714285715,JAK1-selective,-42.89376,4.974846
C#Cc1ccc(C(=O)c2ccc(OCc3nc4cnc5[nH]ccc5c4n3[C@H]3CC[C@H](CC#N)CC3)cc2)cc1,19.624999999999996,JAK1-selective,-42.868996,5.0123563
C(=C/c1ccco1)\CN1CCC(c2nnn3cnc4[nH]ccc4c23)CC1,9.615384615384615,JAK1-selective,-49.706226,-59.050922
C/C=C/C(=O)N1CCC(CC#N)(n2cc(C(N)=O)c(Nc3ccccc3)n2)CC1,32.0,JAK1-selective,22.392918,49.98109
C=CC(=O)N(C)c1cc(Nc2ncc(Cl)c(NCCCNC(=O)c3ccc(C#N)cc3)n2)ccc1F,13.371428571428572,JAK1-selective,-6.962608,1.4337568
C=CC(=O)N(C)c1cc(Nc2ncc(Cl)c(NCCCNC(=O)c3ccc(C(F)(F)F)cc3)n2)ccc1F,35.842293906810035,JAK1-selective,-7.118775,1.542789
C=CC(=O)N(C)c1cc(Nc2ncc(Cl)c(NCCCNC(=O)c3ccc(F)cc3)n2)ccc1F,11.06936416184971,JAK1-selective,-6.988208,1.4365947
C=C[C@@]1(O)CC[C@H](n2cc(C(N)=O)c(Nc3ccc(Cl)cc3)n2)[C@@H](C#N)C1,7.0588235294117645,JAK1-selective,80.13156,5.762658
C=C[C@]1(O)CC[C@H](n2cc(C(N)=O)c(Nc3ccc(Cl)cc3)n2)[C@@H](C#N)C1,8.333333333333334,JAK1-selective,80.13156,5.762658
C=Cc1cncnc1N(C)[C@H]1C[C@@H](NS(=O)(=O)[C@@H]2CC[C@@H](C#N)C2)C1,100.625,JAK1-selective,-57.308346,-18.418543
CC(=N)/C(=C1\NC=Nc2ccsc21)c1ccc(CC#N)cc1,10.0,JAK1-selective,-24.546913,-6.638243
CC(=N)NCc1nc2cnc3[nH]ccc3c2n1[C@H]1CC[C@H](CC#N)CC1,35.0,JAK1-selective,-39.642433,3.5401874
CC(=O)N1CC(CC#N)(n2cc(C(N)=O)c(Nc3ccccc3)n2)C1,5.425531914893617,JAK1-selective,18.689663,58.950565
CC(=O)N1CC(S(=O)(=O)C[C@H]2C[C@@H](N(C)c3ncnc4[nH]ccc34)C2)C1,30.03030303030303,JAK1-selective,-69.93594,-16.989939
CC(=O)N1CC(c2nc3cnc4[nH]ccc4c3n2[C@H]2CC[C@H](CC#N)CC2)C1,286.3636363636363,JAK1-selective,-49.136192,10.454785
CC(=O)N1CCC(c2nc3cnc4[nH]ccc4c3n2[C@H]2CC[C@H](CC#N)CC2)CC1,78.125,JAK1-selective,-49.59859,10.909095
CC(=O)N1CCN(C2CCC(CC#N)(n3cc(C(N)=O)c(Nc4ccc(F)cc4)n3)CC2)CC1,17.307692307692307,JAK1-selective,33.570827,33.685966
CC(=O)N1CCN(S(=O)(=O)C[C@H]2C[C@@H](N(C)c3ncnc4[nH]ccc34)C2)CC1,47.851851851851855,JAK1-selective,-72.54581,-19.273525
CC(=O)NC(C)c1nc2cnc3ccsc3c2n1[C@H]1CC[C@H](CC#N)OC1,14.142100000000001,JAK1-selective,-69.63911,11.632259
CC(=O)NCC1CCCN(S(=O)(=O)C[C@H]2CC[C@H](N(C)c3ncnc4[nH]ccc34)CC2)C1,9.156626506024097,JAK1-selective,-15.693257,-27.04357
CC(=O)NC[C@H]1CC[C@H](n2c([C@@H](C)O)nc3cnc4ccsc4c32)CC1,20.0,JAK1-selective,-66.93044,17.416996
CC(=O)NCc1cc(Nc2nn([C@H]3CCCC[C@@H]3C#N)c3cc[nH]c(=O)c23)ccc1S(=O)(=O)N(C)C,7.9,JAK1-selective,10.150015,-64.679825
CC(=O)N[C@@H]1CCN(C[C@H]2CC[C@H](c3nnn4cnc5[nH]ccc5c34)CC2)C1,11.875,JAK1-selective,-28.786482,-53.449688
CC(=O)N[C@H]1CCN(C[C@H]2CC[C@H](c3nnn4cnc5[nH]ccc5c34)CC2)C1,8.518518518518519,JAK1-selective,-28.7867,-53.449646
CC(=O)Nc1ccc(CN2CCC(CC#N)(n3cc(C(N)=O)c(Nc4ccccc4)n3)CC2)cc1,18.285714285714285,JAK1-selective,16.901623,46.160305
CC(=O)c1ccc(Nc2nn(C3(CC#N)CCN(C(=O)OC(C)(C)C)CC3)cc2C(N)=O)cc1,15.0,JAK1-selective,37.48115,53.131714
CC(=O)c1ccc(Nc2nn([C@H]3CCCC[C@@H]3C#N)cc2C(N)=O)cc1,6.666666666666667,JAK1-selective,54.82264,7.5725794
CC(=O)c1ccc(Nc2nn([C@H]3CC[C@@H](N4CCC4)C[C@@H]3C#N)cc2C(N)=O)cc1,45.0,JAK1-selective,66.14853,-4.146718
CC(=O)c1ccc(Nc2nn([C@H]3CC[C@H](N4CCC4)C[C@@H]3C#N)cc2C(N)=O)cc1,30.0,JAK1-selective,66.14843,-4.1466904
CC(=O)c1cccc(NC(=O)N2CC(CC#N)(n3cc(C(N)=O)c(Nc4ccccc4)n3)C2)c1,21.5,JAK1-selective,17.240082,60.55706
CC(=O)c1cnc(-c2cnc3[nH]ccc3c2N[C@@H]2CCCN(C(=O)CC#N)C2)o1,5.5,JAK1-selective,-40.597565,-26.8901
CC(C#N)C1(n2cc(-c3ncnc4[nH]ccc34)cn2)CN(C2CCN(S(C)(=O)=O)CC2)C1,6.0,JAK1-selective,-36.303593,30.094032
CC(C#N)c1ccc(-c2cccc3nc(NC(=O)C4CC4)cn23)cc1,6.666666666666667,JAK1-selective,-13.755429,18.658623
CC(C(=O)N1CCC(CC#N)(n2cc(C(N)=O)c(Nc3ccnc(F)c3)n2)CC1)C(F)(F)F,43.333333333333336,JAK1-selective,56.71587,42.588543
CC(C)(C#N)CNC(=O)Cc1nc2cnc3[nH]ccc3c2n1C1CCC(CC#N)CC1,27.999999999999996,JAK1-selective,-50.137444,6.1392016
CC(C)(C#N)CNC(=O)Cc1nc2cnc3[nH]ccc3c2n1[C@H]1CC[C@H](CC#N)CC1,27.999999999999996,JAK1-selective,-50.137413,6.139284
CC(C)(C#N)COC(=O)N1CC[C@@H](C#N)[C@H](n2cc(C(N)=O)c(Nc3ccc(F)cc3)n2)C1,41.0,JAK1-selective,36.16374,0.92066014
CC(C)(C#N)COC(=O)N1CC[C@@H](n2cc(C(N)=O)c(Nc3ccc(F)cc3)n2)[C@H](C#N)C1,27.4,JAK1-selective,35.77391,1.1925437
CC(C)(C(=O)N1CCC(CC#N)(n2cc(C(N)=O)c(Nc3ccnc(F)c3)n2)CC1)C(F)(F)F,28.0,JAK1-selective,57.582516,42.985867
CC(C)(C(=O)O)N1Cc2cc(Nc3nn([C@@H](CC#N)C4CC4)c4cc[nH]c(=O)c34)ccc2C1=O,7.714285714285714,JAK1-selective,2.6856084,-37.348194
CC(C)(C(=O)O)c1ccc(Nc2nn([C@@H]3CCCC[C@H]3C#N)cc2C(N)=O)cc1,58.333333333333336,JAK1-selective,53.624195,8.370138
CC(C)(C(=O)O)c1ccc(Nc2nn([C@H]3CCC(N4CC5(CCC5)C4)C[C@@H]3C#N)cc2C(N)=O)cc1,320.0,JAK1-selective,69.5943,-6.2479115
CC(C)(C(=O)O)c1ccc(Nc2nn([C@H]3CCC(N4CCC4)C[C@@H]3C#N)cc2C(N)=O)cc1,217.77777777777777,JAK1-selective,68.92304,-6.3122573
CC(C)(C(=O)O)c1ccc(Nc2nn([C@H]3CCCC[C@@H]3C#N)cc2C(N)=O)cc1,72.0,JAK1-selective,53.624306,8.370153
CC(C)(C(=O)O)c1ccc(Nc2nn([C@H]3CC[C@@H](N4CCC4)C[C@@H]3C#N)cc2C(N)=O)cc1,433.33333333333337,JAK1-selective,68.923386,-6.312536
CC(C)(C)C(=O)N1CCC(CC#N)(n2cc(C(N)=O)c(Nc3ccccc3)n2)CC1,7.0,JAK1-selective,22.831308,50.31626
CC(C)(C)C/C(=N/O)NCc1nc2cnc3[nH]ccc3c2n1[C@H]1CC[C@H](CC#N)CC1,59.4,JAK1-selective,-39.287315,2.3564487
CC(C)(C)CC(=O)N1CCC(CC#N)(n2cc(C(N)=O)c(Nc3ccnc(F)c3)n2)CC1,73.33333333333334,JAK1-selective,57.52539,42.67481
CC(C)(C)CC(C)(C)NC(=O)N1CC(CC#N)(n2cc(C(N)=O)c(Nc3ccccc3)n2)C1,8.005405405405405,JAK1-selective,18.499147,59.11658
CC(C)(C)CCOC(=O)N1CC[C@@H](C#N)[C@H](n2cc(C(N)=O)c(Nc3ccc(F)cc3)n2)C1,14.625,JAK1-selective,36.130875,0.879745
CC(C)(C)CNC(=O)Cc1nc2cnc3[nH]ccc3c2n1[C@H]1CC[C@H](CC#N)CC1,27.0,JAK1-selective,-50.12691,6.1233463
CC(C)(C)COC(=O)N1CC(CC#N)(n2cc(C(N)=O)c(Nc3ccccc3)n2)C1,20.72222222222222,JAK1-selective,21.48409,59.222637
CC(C)(C)COC(=O)N1CCC(CC#N)(n2cc(C(N)=O)c(Nc3ccccc3)n2)CC1,41.5,JAK1-selective,24.317392,51.630817
CC(C)(C)COC(=O)N1CC[C@@H](C#N)[C@H](n2cc(C(N)=O)c(Nc3ccc(F)cc3)n2)C1,24.166666666666668,JAK1-selective,36.144985,0.91618276
CC(C)(C)COC(=O)N1CC[C@@H](n2cc(C(N)=O)c(Nc3ccc(F)cc3)n2)[C@H](C#N)C1,11.847642614113383,JAK1-selective,35.7605,1.1885486
CC(C)(C)COC(=O)NCc1nc2cnc3[nH]ccc3c2n1[C@H]1CC[C@H](CC#N)CC1,54.50000000000001,JAK1-selective,-49.33852,4.937993
CC(C)(C)N1Cc2cc(Nc3nn(C4(CC#N)CCCC4)c4cc[nH]c(=O)c34)ccc2S1(=O)=O,12.75,JAK1-selective,46.940964,-41.735535
CC(C)(C)N1Cc2cc(Nc3nn(C4(CC#N)CCCCC4)c4cc[nH]c(=O)c34)ccc2S1(=O)=O,15.125,JAK1-selective,46.941673,-41.728313
CC(C)(C)N1Cc2cc(Nc3nn(C4(CC#N)CCOCC4)c4cc[nH]c(=O)c34)ccc2S1(=O)=O,13.000000000000002,JAK1-selective,46.422424,-42.217316
CC(C)(C)N1Cc2cc(Nc3nn([C@@H](CC#N)C4CC4)c4cc[nH]c(=O)c34)ccc2S1(=O)=O,7.0,JAK1-selective,4.455636,-35.104958
CC(C)(C)N1Cc2cc(Nc3nn([C@@H]4CCCCC[C@H]4C#N)c4cc[nH]c(=O)c34)ccc2S1(=O)=O,6.739130434782608,JAK1-selective,-5.3473735,-78.63613
CC(C)(C)N1Cc2cc(Nc3nn([C@@]4(CC#N)CCOC4)c4cc[nH]c(=O)c34)ccc2S1(=O)=O,20.363636363636367,JAK1-selective,46.384235,-42.21902
CC(C)(C)N1Cc2cc(Nc3nn([C@@]4(CC#N)CCOC[C@H]4F)c4cc[nH]c(=O)c34)ccc2C1=O,9.038461538461538,JAK1-selective,44.525055,-44.038708
CC(C)(C)N1Cc2cc(Nc3nn([C@@]4(CC#N)CCOC[C@H]4F)c4cc[nH]c(=O)c34)ccc2S1(=O)=O,23.71428571428571,JAK1-selective,45.744175,-43.331703
CC(C)(C)N1Cc2cc(Nc3nn([C@H]4CCCC[C@@H]4C#N)c4cc[nH]c(=O)c34)ccc2C1=O,6.956521739130435,JAK1-selective,-0.05787576,-76.011894
CC(C)(C)N1Cc2cc(Nc3nn([C@H]4CCC[C@@H]4C#N)c4cc[nH]c(=O)c34)ccc2S1(=O)=O,6.511627906976744,JAK1-selective,-5.3471627,-78.6163
CC(C)(C)N1Cc2cc(Nc3nn([C@]4(CC#N)CCOC4)c4cc[nH]c(=O)c34)ccc2S1(=O)=O,24.512820512820515,JAK1-selective,46.384235,-42.21902
CC(C)(C)N1Cc2cc(Nc3nn([C@]4(CC#N)CC[C@H](N5CC(F)C5)CC4)c4cc[nH]c(=O)c34)ccc2S1(=O)=O,8.25301204819277,JAK1-selective,47.894165,-42.567825
CC(C)(C)NC(=O)[C@@H]1CC[C@@H](n2cc(C(N)=O)c(Nc3ccc(Cl)cc3)n2)[C@H](C#N)C1,9.042553191489361,JAK1-selective,84.3225,3.5563722
CC(C)(C)NC(=O)[C@@H]1CC[C@@](CC#N)(n2nc(Nc3ccc4c(c3)CN(C(C)(C)C)S4(=O)=O)c3c(=O)[nH]ccc32)CO1,24.25,JAK1-selective,52.08337,-42.862614
CC(C)(C)N[C@@H]1CC[C@H](n2cc(C(N)=O)c(Nc3ccc([C@H](O)C(F)(F)F)cc3)n2)[C@@H](C#N)C1,57.5,JAK1-selective,70.86341,-15.206339
CC(C)(C)N[C@H]1CCC(n2cc(C(N)=O)c(Nc3ccc(C(F)(F)F)cc3)n2)[C@@H](C#N)C1,130.0,JAK1-selective,67.70807,-13.920338
CC(C)(C)N[C@H]1CCC(n2cc(C(N)=O)c(Nc3ccccc3)n2)[C@@H](C#N)C1,35.0,JAK1-selective,51.807804,-1.3032779
CC(C)(C)N[C@H]1CC[C@H](n2cc(C(N)=O)c(Nc3ccc(Cl)cc3)n2)[C@@H](C#N)C1,18.0,JAK1-selective,86.1797,1.8227838
CC(C)(C)OC(=O)C(C)(C)N1Cc2cc(Nc3nn([C@H]4CCCC[C@@H]4C#N)c4cc[nH]c(=O)c34)ccc2S1(=O)=O,7.7,JAK1-selective,-6.7829037,-77.14016
CC(C)(C)OC(=O)C1CCC(CC#N)(n2cc(C(N)=O)c(Nc3ccccc3)n2)CC1,30.333333333333332,JAK1-selective,33.314587,57.31114
CC(C)(C)OC(=O)C1CCC(n2cc(C(N)=O)c(Nc3ccc(S(=O)(=O)C(F)(F)F)cc3)n2)C(C#N)C1,18.956521739130434,JAK1-selective,71.56397,-24.271175
CC(C)(C)OC(=O)C1CC[C@@H](C#N)C(n2cc(C(N)=O)c(Nc3ccccc3)n2)C1,5.836575875486381,JAK1-selective,49.88659,-0.13034369
CC(C)(C)OC(=O)C1CC[C@H](C#N)C(n2cc(C(N)=O)c(Nc3ccccc3)n2)C1,7.142857142857143,JAK1-selective,49.88659,-0.13034369
CC(C)(C)OC(=O)CC(C)(C)N1Cc2cc(Nc3nn([C@H]4CCCC[C@@H]4C#N)c4cc[nH]c(=O)c34)ccc2S1(=O)=O,5.916666666666667,JAK1-selective,-6.8036866,-77.205
CC(C)(C)OC(=O)CCN1Cc2cc(Nc3nn([C@H]4CCCC[C@@H]4C#N)c4cc[nH]c(=O)c34)ccc2S1(=O)=O,8.333333333333334,JAK1-selective,-6.809387,-77.15959
CC(C)(C)OC(=O)CCN1Cc2ccc(Nc3nn([C@H]4CCCC[C@@H]4C#N)c4cc[nH]c(=O)c34)cc2C1,6.122448979591836,JAK1-selective,-4.99968,-73.79957
CC(C)(C)OC(=O)CN1Cc2cc(Nc3nn([C@H]4CCCC[C@@H]4C#N)c4cc[nH]c(=O)c34)ccc2S1(=O)=O,12.682926829268293,JAK1-selective,-6.814456,-77.1567
CC(C)(C)OC(=O)CN1Cc2cc(Nc3nn([C@H]4COCC[C@@H]4C#N)c4cc[nH]c(=O)c34)ccc2S1(=O)=O,7.5,JAK1-selective,23.968369,-69.49447
CC(C)(C)OC(=O)CN1Cc2cc(Nc3nn([C@]4(CC#N)CCCOC4)c4cc[nH]c(=O)c34)ccc2S1(=O)=O,18.75,JAK1-selective,46.1287,-41.619827
CC(C)(C)OC(=O)CN1Cc2ccc(Nc3nn([C@H]4CCCC[C@@H]4C#N)c4cc[nH]c(=O)c34)cc2C1,7.575757575757576,JAK1-selective,-5.0055027,-73.799286
CC(C)(C)OC(=O)N1CC(CC#N)(n2cc(C(N)=O)c(Nc3ccc(S(C)(=O)=O)cc3)n2)C1,11.666666666666668,JAK1-selective,35.633583,50.65314
CC(C)(C)OC(=O)N1CC(CC#N)(n2cc(C(N)=O)c(Nc3ccccc3)n2)C1,7.125,JAK1-selective,34.88875,57.611332
CC(C)(C)OC(=O)N1CC(CC#N)(n2nc(Nc3ccc(F)cc3)c3c(=O)[nH]ccc32)C1,13.636363636363635,JAK1-selective,40.19085,-33.93877
CC(C)(C)OC(=O)N1CC(CC#N)(n2nc(Nc3ccc(S(=O)(=O)C(F)(F)F)cc3)c3c(=O)[nH]ccc32)C1,14.85557083906465,JAK1-selective,35.950634,-31.029585
CC(C)(C)OC(=O)N1CC(CC#N)(n2nc(Nc3ccc(S(C)(=O)=O)cc3)c3c(=O)[nH]ccc32)C1,10.426829268292684,JAK1-selective,36.198128,-30.986221
CC(C)(C)OC(=O)N1CC(CC#N)(n2nc(Nc3ccccc3)c3c(=O)[nH]ccc32)C1,11.210762331838565,JAK1-selective,42.45428,-31.701468
CC(C)(C)OC(=O)N1CC(CC#N)(n2nc(Nc3ccnc(C(F)(F)F)c3)c3c(=O)[nH]ccc32)C1,6.62613981762918,JAK1-selective,42.212505,-35.87409
CC(C)(C)OC(=O)N1CC(CC#N)(n2nc(Nc3ccnc(F)c3)c3c(=O)[nH]ccc32)C1,12.322946175637394,JAK1-selective,42.131275,-36.12047
CC(C)(C)OC(=O)N1CC2(C1)CC(CC#N)(n1cc(C(N)=O)c(Nc3ccccc3)n1)C2,7.47979797979798,JAK1-selective,34.928883,57.5303
CC(C)(C)OC(=O)N1CCC(CC#N)(n2cc(C(N)=O)c(Nc3cc(Cl)nc(Cl)c3)n2)CC1,33.0,JAK1-selective,40.406506,56.332603
CC(C)(C)OC(=O)N1CCC(CC#N)(n2cc(C(N)=O)c(Nc3cc(F)cc(F)c3)n2)CC1,21.0,JAK1-selective,41.50215,53.201633
CC(C)(C)OC(=O)N1CCC(CC#N)(n2cc(C(N)=O)c(Nc3cc(F)ccn3)n2)CC1,60.2,JAK1-selective,41.758774,54.207703
CC(C)(C)OC(=O)N1CCC(CC#N)(n2cc(C(N)=O)c(Nc3cc(F)ncn3)n2)CC1,16.0,JAK1-selective,41.675774,54.152042
CC(C)(C)OC(=O)N1CCC(CC#N)(n2cc(C(N)=O)c(Nc3ccc(Br)cc3)n2)CC1,46.0,JAK1-selective,37.94181,53.29505
CC(C)(C)OC(=O)N1CCC(CC#N)(n2cc(C(N)=O)c(Nc3ccc(C#N)c(F)c3)n2)CC1,17.5,JAK1-selective,41.96381,52.986347
CC(C)(C)OC(=O)N1CCC(CC#N)(n2cc(C(N)=O)c(Nc3ccc(C#N)cc3)n2)CC1,30.0,JAK1-selective,37.932163,53.21501
CC(C)(C)OC(=O)N1CCC(CC#N)(n2cc(C(N)=O)c(Nc3ccc(C#N)nc3)n2)CC1,12.0,JAK1-selective,39.88582,53.481647
CC(C)(C)OC(=O)N1CCC(CC#N)(n2cc(C(N)=O)c(Nc3ccc(C(=O)C(F)(F)F)cc3)n2)CC1,15.0,JAK1-selective,37.543396,52.631447
CC(C)(C)OC(=O)N1CCC(CC#N)(n2cc(C(N)=O)c(Nc3ccc(C(C)(C)O)cc3)n2)CC1,10.0,JAK1-selective,37.778572,53.198757
CC(C)(C)OC(=O)N1CCC(CC#N)(n2cc(C(N)=O)c(Nc3ccc(CC(=O)O)cc3)n2)CC1,100.0,JAK1-selective,37.91418,53.337646
CC(C)(C)OC(=O)N1CCC(CC#N)(n2cc(C(N)=O)c(Nc3ccc(F)c(F)c3)n2)CC1,24.0,JAK1-selective,41.958363,52.987156
CC(C)(C)OC(=O)N1CCC(CC#N)(n2cc(C(N)=O)c(Nc3ccc(F)cc3)n2)CC1,26.25,JAK1-selective,40.880207,48.47248
CC(C)(C)OC(=O)N1CCC(CC#N)(n2cc(C(N)=O)c(Nc3ccc(F)cn3)n2)CC1,45.75,JAK1-selective,41.00553,53.208195
CC(C)(C)OC(=O)N1CCC(CC#N)(n2cc(C(N)=O)c(Nc3ccc(F)nc3)n2)CC1,8.75,JAK1-selective,41.010654,53.090538
CC(C)(C)OC(=O)N1CCC(CC#N)(n2cc(C(N)=O)c(Nc3ccc(S(=O)(=O)C(F)(F)F)cc3)n2)CC1,6.5,JAK1-selective,36.233765,50.445137
CC(C)(C)OC(=O)N1CCC(CC#N)(n2cc(C(N)=O)c(Nc3ccc(S(=O)(=O)C(F)F)cc3)n2)CC1,6.666666666666667,JAK1-selective,36.28804,50.57445
CC(C)(C)OC(=O)N1CCC(CC#N)(n2cc(C(N)=O)c(Nc3ccc(S(C)(=O)=O)cc3)n2)C1,10.0,JAK1-selective,36.013134,50.666504
CC(C)(C)OC(=O)N1CCC(CC#N)(n2cc(C(N)=O)c(Nc3ccc(S(C)(=O)=O)cc3)n2)CC1,10.0,JAK1-selective,36.13475,50.66008
CC(C)(C)OC(=O)N1CCC(CC#N)(n2cc(C(N)=O)c(Nc3ccc(S(N)(=O)=O)cc3)n2)CC1,10.0,JAK1-selective,36.224392,50.698956
CC(C)(C)OC(=O)N1CCC(CC#N)(n2cc(C(N)=O)c(Nc3ccc4c(c3)CNC4=O)n2)CC1,20.0,JAK1-selective,41.56298,55.90658
CC(C)(C)OC(=O)N1CCC(CC#N)(n2cc(C(N)=O)c(Nc3cccc(-c4ccc(Cl)cc4)c3)n2)CC1,10.006756756756756,JAK1-selective,40.200943,57.668125
CC(C)(C)OC(=O)N1CCC(CC#N)(n2cc(C(N)=O)c(Nc3cccc(-c4ccc(F)cc4)c3)n2)CC1,21.647058823529413,JAK1-selective,40.111385,58.947784
CC(C)(C)OC(=O)N1CCC(CC#N)(n2cc(C(N)=O)c(Nc3cccc(-c4ccc(O)cc4)c3)n2)CC1,20.928571428571427,JAK1-selective,39.21179,58.132454
CC(C)(C)OC(=O)N1CCC(CC#N)(n2cc(C(N)=O)c(Nc3cccc(-c4cccc(Cl)c4)c3)n2)CC1,9.198757763975156,JAK1-selective,40.057575,57.716328
CC(C)(C)OC(=O)N1CCC(CC#N)(n2cc(C(N)=O)c(Nc3cccc(-c4ccccc4F)c3)n2)CC1,27.129032258064516,JAK1-selective,39.580288,58.85172
CC(C)(C)OC(=O)N1CCC(CC#N)(n2cc(C(N)=O)c(Nc3cccc(-c4ccccc4O)c3)n2)CC1,14.0,JAK1-selective,39.051548,58.34872
CC(C)(C)OC(=O)N1CCC(CC#N)(n2cc(C(N)=O)c(Nc3cccc(Br)c3)n2)CC1,37.0,JAK1-selective,39.13567,57.834835
CC(C)(C)OC(=O)N1CCC(CC#N)(n2cc(C(N)=O)c(Nc3cccc(Cn4ccnc4)c3)n2)CC1,18.333333333333336,JAK1-selective,38.91004,57.695724
CC(C)(C)OC(=O)N1CCC(CC#N)(n2cc(C(N)=O)c(Nc3cccc(Cn4nnc5ccccc54)c3)n2)CC1,36.0,JAK1-selective,38.76315,58.22219
CC(C)(C)OC(=O)N1CCC(CC#N)(n2cc(C(N)=O)c(Nc3ccccc3)n2)C1,13.5,JAK1-selective,35.548378,57.216774
CC(C)(C)OC(=O)N1CCC(CC#N)(n2cc(C(N)=O)c(Nc3ccccc3)n2)CC1,27.0,JAK1-selective,35.710903,57.149162
CC(C)(C)OC(=O)N1CCC(CC#N)(n2cc(C(N)=O)c(Nc3ccccn3)n2)CC1,58.25,JAK1-selective,38.94673,55.315403
CC(C)(C)OC(=O)N1CCC(CC#N)(n2cc(C(N)=O)c(Nc3cccnc3)n2)CC1,8.0,JAK1-selective,38.978966,54.98117
CC(C)(C)OC(=O)N1CCC(CC#N)(n2cc(C(N)=O)c(Nc3cccnn3)n2)CC1,6.884615384615385,JAK1-selective,38.97993,55.28198
CC(C)(C)OC(=O)N1CCC(CC#N)(n2cc(C(N)=O)c(Nc3ccnc(C#N)c3)n2)CC1,30.0,JAK1-selective,42.163067,55.51732
CC(C)(C)OC(=O)N1CCC(CC#N)(n2cc(C(N)=O)c(Nc3ccnc(C(F)(F)F)c3)n2)CC1,25.0,JAK1-selective,42.639275,55.267334
CC(C)(C)OC(=O)N1CCC(CC#N)(n2cc(C(N)=O)c(Nc3ccnc(C(N)=O)c3)n2)CC1,17.5,JAK1-selective,42.17363,55.523003
CC(C)(C)OC(=O)N1CCC(CC#N)(n2cc(C(N)=O)c(Nc3ccnc(CO)c3)n2)CC1,16.833333333333332,JAK1-selective,42.178844,55.52748
CC(C)(C)OC(=O)N1CCC(CC#N)(n2cc(C(N)=O)c(Nc3ccnc(Cl)c3)n2)CC1,30.0,JAK1-selective,42.14156,55.839622
CC(C)(C)OC(=O)N1CCC(CC#N)(n2cc(C(N)=O)c(Nc3ccnc(F)c3)n2)CC1,25.0,JAK1-selective,43.17754,55.347973
CC(C)(C)OC(=O)N1CCC(CC#N)(n2cc(C(N)=O)c(Nc3ccnc(N)c3)n2)CC1,15.0,JAK1-selective,42.171913,55.534073
CC(C)(C)OC(=O)N1CCC(CC#N)(n2cc(C(N)=O)c(Nc3ccncc3)n2)CC1,33.333333333333336,JAK1-selective,38.616653,54.02501
CC(C)(C)OC(=O)N1CCC(CC#N)(n2cc(C(N)=O)c(Nc3ccncn3)n2)CC1,46.333333333333336,JAK1-selective,39.68172,54.786877
CC(C)(C)OC(=O)N1CCC(CC#N)(n2cc(C(N)=O)c(Nc3ccnnc3)n2)CC1,37.5,JAK1-selective,39.720356,54.394016
CC(C)(C)OC(=O)N1CCC(CC#N)(n2cc(C(N)=O)c(Nc3cnc(C#N)nc3)n2)CC1,12.666666666666666,JAK1-selective,39.932552,53.76373
CC(C)(C)OC(=O)N1CCC(CC#N)(n2cc(C(N)=O)c(Nc3cncc(Cl)c3)n2)CC1,23.333333333333332,JAK1-selective,40.486412,56.385582
CC(C)(C)OC(=O)N1CCC(CC#N)(n2cc(C(N)=O)c(Nc3cncc(F)c3)n2)CC1,16.0,JAK1-selective,41.359795,53.18674
CC(C)(C)OC(=O)N1CCC(CC#N)(n2cc(C(N)=O)c(Nc3cnccn3)n2)CC1,26.25,JAK1-selective,39.803516,54.624474
CC(C)(C)OC(=O)N1CCC(CC#N)(n2nc(NC3CCC3)c3c(=O)[nH]ccc32)CC1,22.1301775147929,JAK1-selective,42.539906,-32.977642
CC(C)(C)OC(=O)N1CCC(CC#N)(n2nc(Nc3ccc(C(F)(F)F)cc3)c3c(=O)[nH]ccc32)CC1,10.204081632653061,JAK1-selective,40.175724,-32.958908
CC(C)(C)OC(=O)N1CCC(CC#N)(n2nc(Nc3ccc(F)cc3)c3c(=O)[nH]ccc32)CC1,10.272727272727272,JAK1-selective,40.09752,-33.703617
CC(C)(C)OC(=O)N1CCC(CC#N)(n2nc(Nc3ccc(S(=O)(=O)C(F)(F)F)cc3)c3c(=O)[nH]ccc32)CC1,8.766666666666666,JAK1-selective,36.042393,-31.761372
CC(C)(C)OC(=O)N1CCC(CC#N)(n2nc(Nc3ccc(S(F)(F)(F)(F)F)cc3)c3c(=O)[nH]ccc32)CC1,5.710814094775213,JAK1-selective,40.7458,-32.989643
CC(C)(C)OC(=O)N1CCC(CC#N)(n2nc(Nc3ccc4c(c3)CCC4=O)c3c(=O)[nH]ccc32)CC1,5.083333333333333,JAK1-selective,43.849377,-35.277645
CC(C)(C)OC(=O)N1CCC(CC#N)(n2nc(Nc3cccc(S(C)(=O)=O)c3)c3c(=O)[nH]ccc32)CC1,9.72,JAK1-selective,43.779545,-33.71566
CC(C)(C)OC(=O)N1CCC(CC#N)(n2nc(Nc3ccccc3)c3c(=O)[nH]ccc32)CC1,26.444444444444443,JAK1-selective,42.433453,-31.75372
CC(C)(C)OC(=O)N1CCC(CC#N)(n2nc(Nc3ccnc(F)c3)c3c(=O)[nH]ccc32)CC1,11.777777777777779,JAK1-selective,42.0952,-36.231773
CC(C)(C)OC(=O)N1CCC(CNC[C@H]2CC[C@H](c3nnn4cnc5[nH]ccc5c34)CC2)CC1,10.0,JAK1-selective,-31.541775,-51.817326
CC(C)(C)OC(=O)N1CC[C@@](CC#N)(n2cc(C(N)=O)c(Nc3ccc(F)cc3)n2)[C@H](F)C1,16.0,JAK1-selective,41.834488,49.0732
CC(C)(C)OC(=O)N1CC[C@@](CC#N)(n2nc(Nc3ccc(S(C)(=O)=O)cc3)c3c(=O)[nH]ccc32)[C@H](F)C1,12.777777777777777,JAK1-selective,37.380993,-30.421646
CC(C)(C)OC(=O)N1CC[C@H](C#N)[C@@H](n2cc(C(N)=O)c(Nc3ccc(F)cc3)n2)C1,6.5,JAK1-selective,38.054447,0.034176454
CC(C)(C)OC(=O)N1CC[C@H](C#N)[C@@H](n2cc(C(N)=O)c(Nc3ccccc3)n2)C1,8.2,JAK1-selective,47.508705,0.099700265
CC(C)(C)OC(=O)N1CC[C@H](NC[C@H]2CC[C@H](c3nnn4cnc5[nH]ccc5c34)CC2)C1,11.724137931034482,JAK1-selective,-31.485342,-51.789276
CC(C)(C)OC(=O)N1CC[C@H](n2cc(C(N)=O)c(Nc3ccc(F)cc3)n2)[C@@H](C#N)C1,13.592592592592593,JAK1-selective,38.05571,0.03629513
CC(C)(C)OC(=O)N1CC[C@H](n2cc(C(N)=O)c(Nc3ccc(F)cc3)n2)[C@H](C#N)C1,5.461038961038961,JAK1-selective,38.05571,0.03629513
CC(C)(C)OC(=O)N1CC[C@H](n2cc(C(N)=O)c(Nc3ccccc3)n2)[C@@H](C#N)C1,20.666666666666668,JAK1-selective,47.470325,0.10263924
CC(C)(C)OC(=O)N1CC[C@H](n2cc(C(N)=O)c(Nc3ccccc3)n2)[C@H](C#N)C1,11.75925925925926,JAK1-selective,47.470325,0.10263924
CC(C)(C)OC(=O)N1CC[C@](CC#N)(n2cc(C(N)=O)c(Nc3ccc(F)cc3)n2)[C@@H](F)C1,32.21035065513608,JAK1-selective,41.83451,49.073177
CC(C)(C)OC(=O)N1CC[C@](CC#N)(n2nc(Nc3ccc(S(C)(=O)=O)cc3)c3c(=O)[nH]ccc32)[C@@H](F)C1,16.542056074766354,JAK1-selective,37.380527,-30.421715
CC(C)(C)OC(=O)N1[C@@H]2CC[C@H]1C[C@H](c1ccc(Nc3nn([C@H]4CCCC[C@@H]4C#N)c4cc[nH]c(=O)c34)cc1)C2,6.770833333333333,JAK1-selective,8.420618,-79.71701
CC(C)(C)OC(=O)NC1CCC(CC#N)(n2cc(C(N)=O)c(Nc3ccccc3)n2)CC1,22.25,JAK1-selective,33.268154,57.312893
CC(C)(C)OC(=O)NC1CC[C@@H](C#N)C(n2cc(C(N)=O)c(Nc3ccc(F)cc3)n2)C1,25.0,JAK1-selective,47.054073,-7.764282
CC(C)(C)OC(=O)NC1CC[C@H](C#N)C(n2cc(C(N)=O)c(Nc3ccc(F)cc3)n2)C1,25.95670838241456,JAK1-selective,47.053696,-7.7647114
CC(C)(C)OC(=O)NCC1CCN(C[C@H]2CC[C@H](c3nnn4cnc5[nH]ccc5c34)CC2)CC1,14.8,JAK1-selective,-30.21519,-52.30348
CC(C)(C)OC(=O)NCC1CC[C@@H](C#N)[C@@H](n2cc(C(N)=O)c(Nc3ccc(F)cc3)n2)C1,9.49367088607595,JAK1-selective,46.452953,-7.6734056
CC(C)(C)OC(=O)NCC1CC[C@H](C#N)[C@@H](n2cc(C(N)=O)c(Nc3ccc(F)cc3)n2)C1,15.628234070221065,JAK1-selective,46.453823,-7.672561
CC(C)(C)OC(=O)NCCN1CCC(c2nnn3cnc4[nH]ccc4c23)CC1,9.4,JAK1-selective,-30.37937,-52.17086
CC(C)(C)OC(=O)NCc1nc2cnc3[nH]ccc3c2n1[C@H]1CC[C@H](CC#N)CC1,55.64285714285715,JAK1-selective,-49.440514,4.82661
CC(C)(C)OC(=O)N[C@@H]1CCN(C[C@H]2CC[C@H](c3nnn4cnc5[nH]ccc5c34)CC2)C1,10.625,JAK1-selective,-30.35983,-52.17372
CC(C)(C)OC(=O)N[C@@H]1CC[C@H](C#N)C(n2cc(C(N)=O)c(Nc3ccc(F)cc3)n2)C1,26.636431589587875,JAK1-selective,47.054073,-7.764282
CC(C)(C)OC(=O)N[C@H]1CCN(C[C@H]2CC[C@H](c3nnn4cnc5[nH]ccc5c34)CC2)C1,39.3939393939394,JAK1-selective,-30.35983,-52.17372
CC(C)(C)OC(=O)N[C@H]1CC[C@H](c2nnn3cnc4[nH]ccc4c23)CC1,5.625,JAK1-selective,-30.421812,-51.480297
CC(C)(C)OC(=O)[C@@H]1CC[C@@](CC#N)(n2nc(Nc3ccc(S(C)(=O)=O)cc3)c3c(=O)[nH]ccc32)CO1,5.203273606614711,JAK1-selective,62.15622,-44.01857
CC(C)(C)OC(=O)[C@@H]1CC[C@@](CC#N)(n2nc(Nc3ccc4nc(C#N)ccc4c3)c3c(=O)[nH]ccc32)CO1,8.285714285714285,JAK1-selective,57.238415,-44.29518
CC(C)(C)OC(=O)[C@@H]1CC[C@@](CC#N)(n2nc(Nc3ccc4nc(C(N)=O)ccc4c3)c3c(=O)[nH]ccc32)CO1,11.714285714285712,JAK1-selective,57.26184,-44.258812
CC(C)(C)OC(=O)[C@@H]1CC[C@@](CC#N)(n2nc(Nc3ccc4nc(N5CCOCC5)ccc4c3)c3c(=O)[nH]ccc32)CO1,5.066666666666667,JAK1-selective,56.81636,-44.90652
CC(C)(C)OC(=O)[C@@H]1CC[C@@](CC#N)(n2nc(Nc3ccc4ncccc4c3)c3c(=O)[nH]ccc32)CO1,9.0,JAK1-selective,57.469627,-43.865166
CC(C)(C)OC(=O)[C@@H]1CC[C@@](CC#N)(n2nc(Nc3ccccc3)c3c(=O)[nH]ccc32)CO1,13.500000000000002,JAK1-selective,58.769405,-43.202335
CC(C)(C)OC(=O)[C@@H]1CC[C@@](CC#N)(n2nc(Nc3ccnc(F)c3)c3c(=O)[nH]ccc32)CO1,18.75,JAK1-selective,56.922886,-43.129883
CC(C)(C)OC(=O)[C@@H]1CC[C@@](CC#N)(n2nc(Nc3cnc4ccccc4c3)c3c(=O)[nH]ccc32)CO1,15.114285714285716,JAK1-selective,57.796368,-43.849983
CC(C)(C)OC(=O)[C@@H]1CC[C@](CC#N)(n2nc(Nc3ccc(S(C)(=O)=O)cc3)c3c(=O)[nH]ccc32)CO1,8.69972638092129,JAK1-selective,62.15622,-44.01857
CC(C)(C)OC(=O)[C@H]1CCC(n2cc(C(N)=O)c(Nc3ccc(F)cc3)n2)[C@@H](C#N)C1,27.294117647058822,JAK1-selective,47.151688,-7.7395663
CC(C)(C)OC(=O)[C@H]1CC[C@@H](N2Cc3cc(Nc4nn([C@H]5CCCC[C@@H]5C#N)c5cc[nH]c(=O)c45)ccc3S2(=O)=O)CC1,5.454545454545454,JAK1-selective,-6.8176084,-76.90164
CC(C)(C)OC(=O)[C@H]1CC[C@@](O)(c2ccc(Nc3nn([C@H]4CCCC[C@@H]4C#N)c4cc[nH]c(=O)c34)cc2)CC1,6.176470588235294,JAK1-selective,8.524799,-79.44966
CC(C)(C)OC(=O)[C@H]1CC[C@](CC#N)(n2nc(Nc3ccc(S(C)(=O)=O)cc3)c3c(=O)[nH]ccc32)CO1,7.0873786407766985,JAK1-selective,62.15622,-44.01857
CC(C)(C)OC(=O)c1ccc(Nc2nn(C3(CC#N)CCCC3)c3cc[nH]c(=O)c23)cc1,6.407563025210084,JAK1-selective,41.006706,-34.24096
CC(C)(C)OCc1nc2cnc3[nH]ccc3c2n1[C@H]1CC[C@H](CC#N)CC1,10.18,JAK1-selective,-39.192398,1.6651294
CC(C)(C)[S@+]([O-])N[C@H](c1cccc(Nc2nn([C@H]3CCCC[C@@H]3C#N)c3cc[nH]c(=O)c23)c1)C(F)(F)F,28.26086956521739,JAK1-selective,5.801099,-74.563675
CC(C)(C)[S@@+]([O-])N[C@@H](c1cccc(Nc2nn([C@H]3CCCC[C@@H]3C#N)c3cc[nH]c(=O)c23)c1)C(F)(F)F,18.125,JAK1-selective,5.801099,-74.563675
CC(C)(CF)c1ccc(Nc2nn([C@H]3CC[C@@H](O)C[C@@H]3C#N)cc2C(N)=O)cc1,6.0,JAK1-selective,65.923065,-11.024655
CC(C)(CF)c1ccc(Nc2nn([C@H]3CC[C@H](O)C[C@@H]3C#N)cc2C(N)=O)cc1,6.0,JAK1-selective,65.923065,-11.024655
CC(C)(CO)CN1Cc2cc(Nc3nn([C@H]4CCCC[C@@H]4C#N)c4cc[nH]c(=O)c34)ccc2S1(=O)=O,7.7272727272727275,JAK1-selective,-5.917524,-78.357414
CC(C)(CO)CNC(=O)Cc1nc2cnc3[nH]ccc3c2n1[C@H]1CC[C@H](CC#N)CC1,39.0,JAK1-selective,-50.143562,6.1500916
CC(C)(CO)N[C@H]1CCC(n2cc(C(N)=O)c(Nc3ccc(Cl)cc3)n2)[C@@H](C#N)C1,41.0,JAK1-selective,86.35851,1.7704743
CC(C)(CO)OC(=O)N1CCC(CC#N)(n2cc(C(N)=O)c(Nc3ccc(F)cc3)n2)CC1,48.0,JAK1-selective,40.85647,48.0386
CC(C)(COC(=O)N1CC[C@@H](C#N)[C@H](n2cc(C(N)=O)c(Nc3ccc(F)cc3)n2)C1)n1cccn1,14.185185185185185,JAK1-selective,36.911633,1.3951019
CC(C)(COC(=O)N1CC[C@@H](n2cc(C(N)=O)c(Nc3ccc(F)cc3)n2)[C@H](C#N)C1)n1cccn1,14.173913043478262,JAK1-selective,36.856735,1.4894676
CC(C)(NC1CCC(n2cc(C(N)=O)c(Nc3ccc(Cl)cc3)n2)[C@@H](C#N)C1)C1CC1,113.33333333333334,JAK1-selective,86.18473,1.8360544
CC(C)(N[C@@H]1CCC(n2cc(C(N)=O)c(Nc3ccc(Cl)cc3)n2)[C@@H](C#N)C1)C1CC1,69.33333333333333,JAK1-selective,86.18473,1.8360544
CC(C)(N[C@H]1CCC(n2cc(C(N)=O)c(Nc3ccccc3)n2)[C@@H](C#N)C1)C1CC1,38.0,JAK1-selective,51.806507,-1.3018397
CC(C)(O)C(=O)N1CCC(CC#N)(n2cc(C(N)=O)c(Nc3ccnc(F)c3)n2)CC1,21.272727272727273,JAK1-selective,57.183117,42.692608
CC(C)(O)C1CC(CN2CCC(CC#N)(n3cc(C(N)=O)c(Nc4ccnc(F)c4)n3)CC2)C1,14.96,JAK1-selective,59.529957,44.830757
CC(C)(O)C1CC(CN2CC[C@@H](C#N)[C@H](n3cc(C(N)=O)c(Nc4ccc(F)cc4)n3)C2)C1,21.32,JAK1-selective,39.384342,-11.4409895
CC(C)(O)C1CC(CN[C@H]2CC[C@@H](n3cc(C(N)=O)c(Nc4ccc(C(F)(F)F)cc4)n3)[C@H](C#N)C2)C1,265.0,JAK1-selective,67.2025,-14.570333
CC(C)(O)C1CCN(C(=O)Cc2nc3cnc4[nH]ccc4c3n2[C@H]2CC[C@H](CC#N)CC2)CC1,24.0,JAK1-selective,-50.340298,6.903079
CC(C)(O)C1CCN(C[C@H]2CC[C@H](c3nnn4cnc5[nH]ccc5c34)CC2)CC1,6.4,JAK1-selective,-28.839674,-52.357788
CC(C)(O)C1CN(C(=O)[C@@H]2CC[C@@H](n3cc(C(N)=O)c(Nc4ccc(Cl)cc4)n3)[C@H](C#N)C2)C1,6.555555555555555,JAK1-selective,84.07602,3.996327
CC(C)(O)C1CN(C(=O)[C@H]2CC[C@H](n3cc(C(N)=O)c(Nc4ccc(Cl)cc4)n3)[C@@H](C#N)C2)C1,10.5,JAK1-selective,84.07602,3.996327
CC(C)(O)C1CN([C@@H]2CCC(n3cc(C(N)=O)c(Nc4ccc(Cl)cc4)n3)[C@@H](C#N)C2)C1,60.0,JAK1-selective,82.509384,4.476302
CC(C)(O)C1CN([C@@H]2CC[C@H](n3cc(C(N)=O)c(Nc4ccc(C(F)(F)F)cc4)n3)[C@@H](C#N)C2)C1,122.5,JAK1-selective,68.572525,-10.133629
CC(C)(O)C1CN([C@H]2CCC(n3cc(C(N)=O)c(Nc4ccc(Cl)cc4)n3)[C@@H](C#N)C2)C1,17.75,JAK1-selective,82.50877,4.4763265
CC(C)(O)C1CN([C@H]2CC[C@H](n3cc(C(N)=O)c(Nc4ccc(C(F)(F)F)cc4)n3)[C@@H](C#N)C2)C1,25.666666666666668,JAK1-selective,68.572525,-10.133629
CC(C)(O)CC(=O)N1CCC(CC#N)(n2cc(C(N)=O)c(Nc3ccnc(F)c3)n2)CC1,40.0,JAK1-selective,57.48947,42.84496
CC(C)(O)CC(=O)NCc1nc2cnc3[nH]ccc3c2n1[C@H]1CC[C@H](CC#N)CC1,144.5,JAK1-selective,-49.752403,5.466373
CC(C)(O)CCNC(=O)Cc1nc2cnc3[nH]ccc3c2n1[C@H]1CC[C@H](CC#N)CC1,22.333333333333336,JAK1-selective,-50.082493,6.050328
CC(C)(O)CN1CCC(c2nc3cnc4[nH]ccc4c3n2[C@H]2CC[C@H](CC#N)CC2)CC1,17.1,JAK1-selective,-38.351456,1.6320133
CC(C)(O)CNC(=O)Cc1nc2cnc3[nH]cc(Br)c3c2n1[C@H]1CC[C@H](CC#N)CC1,12.441176470588236,JAK1-selective,-51.856827,5.039021
CC(C)(O)CNC(=O)Cc1nc2cnc3[nH]cc(Cl)c3c2n1[C@H]1CC[C@H](CC#N)CC1,11.46875,JAK1-selective,-51.89316,5.0208173
CC(C)(O)CNC(=O)Cc1nc2cnc3[nH]cc(F)c3c2n1[C@H]1CC[C@H](CC#N)CC1,17.25,JAK1-selective,-51.90042,5.02585
CC(C)(O)CNC(=O)Cc1nc2cnc3[nH]ccc3c2n1C1CCC(CC#N)CC1,21.499999999999996,JAK1-selective,-50.197784,6.026376
CC(C)(O)CNC(=O)Cc1nc2cnc3[nH]ccc3c2n1[C@H]1CC[C@H](CC#N)CC1,21.499999999999996,JAK1-selective,-50.197834,6.0263586
CC(C)(O)CNC(=O)c1nc2cnc3[nH]ccc3c2n1[C@H]1CC[C@H](CC#N)CC1,25.0,JAK1-selective,-50.092415,5.416274
CC(C)(O)CN[C@H]1CCC(n2cc(C(N)=O)c(Nc3ccc(Cl)cc3)n2)[C@@H](C#N)C1,21.0,JAK1-selective,86.50905,1.7142588
CC(C)(O)Cc1cccc(N2CCC(CC#N)(n3cc(C(N)=O)c(Nc4ccc(F)cc4)n3)CC2)n1,29.4,JAK1-selective,42.11449,31.33329
CC(C)(O)Cn1cc(-c2nc3cnc4[nH]ccc4c3n2[C@H]2CC[C@H](CC#N)CC2)cn1,18.923076923076923,JAK1-selective,-37.648525,1.3336995
CC(C)(O)c1ccc(Nc2nn(C3(CC#N)CCN(C(=O)OCC(F)(F)F)CC3)cc2C(N)=O)cn1,6.999999999999999,JAK1-selective,38.596325,44.00122
CC(C)(O)c1cccc(N2CCC(CC#N)(n3cc(C(N)=O)c(Nc4ccc(F)cc4)n3)CC2)n1,73.33333333333334,JAK1-selective,42.148148,31.355667
CC(C)(O)c1cn(C[C@H]2CC[C@H](c3nnn4cnc5[nH]ccc5c34)CC2)nn1,13.108108108108107,JAK1-selective,-27.80972,-51.78962
CC(C)(O)c1cn(Cc2cccc(Nc3nn([C@H]4CCCC[C@@H]4C#N)c4cc[nH]c(=O)c34)c2)nn1,5.0,JAK1-selective,4.1226664,-71.52181
CC(C)(c1ccc(Nc2nn([C@@H]3CCCC[C@H]3C#N)cc2C(N)=O)cc1)[C@@H](O)C(F)(F)F,10.0,JAK1-selective,53.276417,9.906675
CC(C)(c1ccc(Nc2nn([C@@H]3CCCC[C@H]3C#N)cc2C(N)=O)cc1)[C@H](O)C(F)(F)F,10.0,JAK1-selective,53.276333,9.906741
CC(C)(c1ccc(Nc2nn([C@H]3CCCC[C@@H]3C#N)cc2C(N)=O)cc1)[C@@H](O)C(F)(F)F,16.666666666666668,JAK1-selective,53.27636,9.90643
CC(C)(c1ccc(Nc2nn([C@H]3CCCC[C@@H]3C#N)cc2C(N)=O)cc1)[C@H](O)C(F)(F)F,8.333333333333334,JAK1-selective,53.276337,9.906464
CC(C)(c1ccc(Nc2nn([C@H]3CCCC[C@@H]3C#N)cc2C(N)=O)cc1F)[C@H](O)C(F)(F)F,5.5,JAK1-selective,55.14202,12.734645
CC(C)/C(=N/O)NCc1nc2cnc3[nH]ccc3c2n1[C@H]1CC[C@H](CC#N)CC1,85.66666666666667,JAK1-selective,-39.722187,3.5420194
CC(C)/C(N)=N/OCc1nc2cnc3[nH]ccc3c2n1[C@H]1CC[C@H](CC#N)CC1,8.333333333333334,JAK1-selective,-40.13571,3.2512376
CC(C)C(=O)N1CC(S(=O)(=O)C[C@H]2C[C@@H](N(C)c3ncnc4[nH]ccc34)C2)C1,33.25773195876289,JAK1-selective,-69.58932,-16.766464
CC(C)CCS(=O)(=O)C[C@H]1C[C@@H](N(C)c2ncnc3[nH]ccc23)C1,27.75,JAK1-selective,-68.30741,-15.56812
CC(C)CN(CC1CC1)[C@H]1CC[C@@H](n2cc(C(N)=O)c(Nc3ccc(C(F)(F)F)cc3)n2)[C@H](C#N)C1,56.875,JAK1-selective,64.5191,-13.766845
CC(C)CN1CCC(NC(=O)Cc2nc3cnc4[nH]ccc4c3n2[C@H]2CC[C@H](CC#N)CC2)CC1,7.000000000000001,JAK1-selective,-46.863575,9.741155
CC(C)CN[C@H]1CC[C@@H](n2cc(C(N)=O)c(Nc3ccc(C(F)(F)F)cc3)n2)[C@H](C#N)C1,70.0,JAK1-selective,69.74191,-15.479619
CC(C)COC(=O)N1CC(CC#N)(n2cc(C(N)=O)c(Nc3ccccc3)n2)C1,21.285714285714285,JAK1-selective,21.134975,59.74333
CC(C)COC(=O)N1CCC(CC#N)(n2cc(C(N)=O)c(Nc3ccccc3)n2)CC1,34.0,JAK1-selective,24.094809,51.588856
CC(C)COC(=O)N1CC[C@@H](C#N)[C@H](n2cc(C(N)=O)c(Nc3ccc(F)cc3)n2)C1,19.0,JAK1-selective,33.15956,4.9257207
CC(C)COC(=O)N1CC[C@@H](n2cc(C(N)=O)c(Nc3ccc(F)cc3)n2)[C@H](C#N)C1,22.87878787878788,JAK1-selective,33.07267,4.8421216
CC(C)COC(=O)NCc1nc2cnc3[nH]ccc3c2n1[C@H]1CC[C@H](CC#N)CC1,27.88888888888889,JAK1-selective,-41.47236,3.3796911
CC(C)COC1CCCN(S(=O)(=O)C[C@H]2CC[C@H](N(C)c3ncnc4[nH]ccc34)CC2)C1,5.7669172932330826,JAK1-selective,-13.838602,-30.164871
CC(C)CS(=O)(=O)N[C@H]1C[C@@H](N(C)c2ncnc3[nH]ccc23)C1,38.714285714285715,JAK1-selective,-63.868088,-16.969358
CC(C)N1CCC(S(=O)(=O)C[C@H]2C[C@@H](N(C)c3ncnc4[nH]ccc34)C2)C1,35.471698113207545,JAK1-selective,-69.0433,-16.190517
CC(C)N1Cc2cc(Nc3nn([C@H]4CCCC[C@@H]4C#N)c4cc[nH]c(=O)c34)ccc2C1=O,6.315789473684211,JAK1-selective,1.7242619,-76.335594
CC(C)N1Cc2cc(Nc3nn([C@H]4CCCC[C@@H]4C#N)c4cc[nH]c(=O)c34)ccc2S1(=O)=O,6.76056338028169,JAK1-selective,-4.433653,-78.868744
CC(C)NC(=O)N1CC(CC#N)(n2cc(C(N)=O)c(Nc3ccccc3)n2)C1,18.5,JAK1-selective,19.32268,60.395092
CC(C)NC(=O)N1CCC(CC#N)(n2cc(C(N)=O)c(Nc3ccc(S(=O)(=O)C(F)(F)F)cc3)n2)CC1,20.0,JAK1-selective,32.484856,43.36161
CC(C)NC(=O)N1CCC(CC#N)(n2cc(C(N)=O)c(Nc3ccccc3)n2)CC1,29.5,JAK1-selective,21.980251,50.549973
CC(C)NC(=O)N1[C@@H]2CC[C@H]1CN(c1ccnc(Nc3cnn(C)c3)n1)C2,5.418181818181818,JAK1-selective,5.0789213,10.002463
CC(C)NC(=O)NCc1nc2cnc3[nH]ccc3c2n1[C@H]1CC[C@H](CC#N)CC1,16.95,JAK1-selective,-40.760662,5.2852974
CC(C)NC(=O)O[C@@H]1CCC(n2cc(C(N)=O)c(Nc3ccc(F)cc3)n2)[C@@H](C#N)C1,9.5,JAK1-selective,51.601345,-9.838648
CC(C)NC(=O)O[C@H]1CCC(n2cc(C(N)=O)c(Nc3ccc(F)cc3)n2)[C@@H](C#N)C1,15.666666666666666,JAK1-selective,51.60136,-9.83866
CC(C)NC(=O)c1nc2cnc3[nH]ccc3c2n1[C@H]1CC[C@H](CC#N)CC1,35.80952380952381,JAK1-selective,-41.51196,3.4316516
CC(C)NC[C@H]1CC[C@H](c2nnn3cnc4[nH]ccc4c23)CC1,6.136363636363636,JAK1-selective,-21.24043,-50.64632
CC(C)N[C@@H]1CC[C@H](n2cc(C(N)=O)c(Nc3ccc(S(=O)(=O)C(F)(F)F)cc3)n2)[C@@H](C#N)C1,54.28571428571429,JAK1-selective,74.20572,-20.545818
CC(C)N[C@H]1CC[C@H](n2cc(C(N)=O)c(Nc3ccc(S(=O)(=O)C(F)(F)F)cc3)n2)[C@@H](C#N)C1,53.333333333333336,JAK1-selective,74.20572,-20.545818
CC(C)OC(=O)N1CCC(CC#N)(n2nc(Nc3ccnc(F)c3)c3c(=O)[nH]ccc32)CC1,17.363636363636363,JAK1-selective,41.617825,-36.872143
CC(C)OC(=O)NC[C@H]1CC[C@H](n2c(CC#N)nc3cnc4ccsc4c32)CC1,141.421,JAK1-selective,-64.910255,11.376149
CC(C)OC(=O)NC[C@H]1CC[C@H](n2c([C@@H](C)O)nc3cnc4ccsc4c32)CC1,10.0,JAK1-selective,-66.92553,17.339636
CC(C)OC(=O)NC[C@H]1CC[C@H](n2c([C@@H](C)O)nc3cnc4ccsc4c32)CO1,20.0,JAK1-selective,-67.75982,16.86634
CC(C)OC(=O)c1ccc(Nc2nn(C3(CC#N)CCN(C(=O)OC(C)(C)C)CC3)cc2C(N)=O)cc1,10.0,JAK1-selective,38.15827,52.2666
CC(C)OC(=O)c1ccc2cc(Nc3nn([C@@H](CC#N)C4CC4)c4cc[nH]c(=O)c34)ccc2n1,12.0625,JAK1-selective,5.021797,-38.139935
CC(C)OC(=O)c1ccc2cc(Nc3nn([C@H]4CCCC[C@@H]4C#N)c4cc[nH]c(=O)c34)ccc2n1,14.615384615384615,JAK1-selective,2.7669394,-75.88986
CC(C)Oc1ccc(CN2CCC(CC#N)(n3cc(C(N)=O)c(Nc4ccccc4)n3)CC2)cc1,22.47222222222222,JAK1-selective,16.190197,46.191685
CC(C)Oc1ccc(CN2CCC(CC#N)(n3nc(Nc4ccc(S(=O)(=O)N(C)C)cc4)c4c(=O)[nH]ccc43)CC2)cc1,6.391752577319588,JAK1-selective,23.589098,-38.159878
CC(C)Oc1cccc(N2CCC(CC#N)(n3cc(C(N)=O)c(Nc4ccc(F)cc4)n3)CC2)n1,7.832460732984293,JAK1-selective,42.43648,33.01437
CC(C)Oc1cccc(S(=O)(=O)C[C@H]2C[C@@H](N(C)c3ncnc4[nH]ccc34)C2)c1,12.991452991452991,JAK1-selective,-69.7942,-8.287239
CC(C)S(=O)(=O)N1CCC(CC#N)(n2cc(C(N)=O)c(Nc3ccccc3)n2)CC1,6.5,JAK1-selective,17.540697,51.79959
CC(C)S(=O)(=O)Nc1ccc(N(C)[C@@H]2CCN(c3ncnc4[nH]ccc34)C2)nc1,10.0,JAK1-selective,-55.879547,-36.464706
CC(C)S(=O)(=O)c1ccc(Nc2nn(C3(CC#N)CCC(N4CCC(F)(F)CC4)CC3)cc2C(N)=O)cc1,12.109375,JAK1-selective,29.999853,38.85854
CC(C)[C@@H](O)C(=O)N1CCC(CC#N)(n2cc(C(N)=O)c(Nc3ccnc(F)c3)n2)CC1,69.5,JAK1-selective,56.55299,41.877815
CC(C)[C@H](O)C(=O)N1CCC(CC#N)(n2cc(C(N)=O)c(Nc3ccnc(F)c3)n2)CC1,39.5,JAK1-selective,56.552773,41.87768
CC(C)c1cc(Nc2nn([C@H]3COCC[C@@H]3C#N)cc2C(N)=O)ccc1C#N,19.79591836734694,JAK1-selective,67.432,17.613585
CC(C)c1ccc(CN2CCC(CC#N)(n3cc(C(N)=O)c(Nc4ccccc4)n3)CC2)cc1,8.775,JAK1-selective,16.274096,45.999718
CC(C)c1ccc(NC(=O)N2CC(CC#N)(n3cc(C(N)=O)c(Nc4ccccc4)n3)C2)cc1,16.0,JAK1-selective,19.089485,60.707798
CC(C)c1ccccc1NC(=O)N1CC(CC#N)(n2cc(C(N)=O)c(Nc3ccccc3)n2)C1,30.571428571428573,JAK1-selective,18.952469,60.783688
CC(C)c1nc2cnc3ccsc3c2n1[C@H]1CC[C@H](CC#N)CC1,10.0,JAK1-selective,-66.76853,11.626937
CC(C)c1nc2cnc3ccsc3c2n1[C@H]1CC[C@H](CC#N)OC1,10.0,JAK1-selective,-69.01828,11.1735735
CC(C)c1noc(=O)n1Cc1nc2cnc3[nH]ccc3c2n1[C@H]1CC[C@H](CC#N)CC1,187.5,JAK1-selective,-39.09727,3.270147
CC(CC#N)n1nc(Nc2ccc(C(F)(F)F)cc2)c2c(=O)[nH]ccc21,5.6897018970189706,JAK1-selective,-1.7174869,-38.92561
CC(CC#N)n1nc(Nc2ccc(Cl)cc2)c2c(=O)[nH]ccc21,6.545304777594728,JAK1-selective,8.11578,-35.52616
CC(CC#N)n1nc(Nc2ccc3c(c2)C=CS3(=O)=O)c2c(=O)[nH]ccc21,6.9826302729528535,JAK1-selective,6.835069,-35.51029
CC(CC#N)n1nc(Nc2ccc3c(c2)CCS3(=O)=O)c2c(=O)[nH]ccc21,6.05625,JAK1-selective,6.2848487,-35.249607
CC(CC#N)n1nc(Nc2ccc3c(c2)CN(C)S3(=O)=O)c2c(=O)[nH]ccc21,9.693181818181818,JAK1-selective,5.785592,-34.97421
CC(CC#N)n1nc(Nc2ccc3ncccc3c2)c2c(=O)[nH]ccc21,11.969849246231156,JAK1-selective,7.3450294,-36.44356
CC(CC#N)n1nc(Nc2ccnc(F)c2)c2c(=O)[nH]ccc21,5.113253012048193,JAK1-selective,7.4836674,-37.317444
CC(CC(=O)N1CCC[C@H](n2c([C@@H](C)O)nc3cnc4ccsc4c32)C1)c1ccccc1,14.142100000000001,JAK1-selective,-72.528786,15.847952
CC(CF)(CF)C(=O)N1CCC(CC#N)(n2cc(C(N)=O)c(Nc3ccnc(F)c3)n2)CC1,16.0,JAK1-selective,57.483803,42.85134
CC(CO)CNc1nc(-c2cc(F)c(O)cc2CC(F)(F)F)nc2[nH]nc(-c3nc4c([nH]3)CCN(Cc3ccccc3)C4)c12,5.408602150537634,JAK1-selective,21.765505,-14.432428
CC(CO)OC(=O)N1CCC(CC#N)(n2cc(C(N)=O)c(Nc3ccc(F)cc3)n2)CC1,20.0,JAK1-selective,41.887184,41.18411
CC(F)(F)C(=O)N1CCC(CC#N)(n2cc(C(N)=O)c(Nc3ccnc(F)c3)n2)CC1,20.0,JAK1-selective,57.586124,42.980637
CC(F)(F)C(=O)N1CC[C@](CC#N)(n2cc(C(N)=O)c(Nc3ccc(F)nc3)n2)[C@H](F)C1,5.555555555555555,JAK1-selective,42.143196,45.854618
CC(F)c1nc2cnc3ccsc3c2n1[C@H]1CC[C@H](CC#N)OC1,10.0,JAK1-selective,-68.99045,11.198211
CC(N)c1nc2cnc3ccsc3c2n1[C@H]1CC[C@H](CC#N)OC1,20.0,JAK1-selective,-69.03605,11.02659
CC(NC[C@H]1CC[C@H](c2nnn3cnc4[nH]ccc4c23)CC1)c1ccc(F)c(F)c1,6.875,JAK1-selective,-21.588726,-57.835423
CC(N[C@@H]1CC[C@H](n2cc(C(N)=O)c(Nc3ccc(S(=O)(=O)C(F)(F)F)cc3)n2)[C@@H](C#N)C1)C1CC1,43.0,JAK1-selective,74.174545,-20.211721
CC(N[C@H]1CC[C@H](n2cc(C(N)=O)c(Nc3ccc(S(=O)(=O)C(F)(F)F)cc3)n2)[C@@H](C#N)C1)C1CC1,55.0,JAK1-selective,74.17467,-20.21151
CC(O)(C(=O)N1CCC(CC#N)(n2cc(C(N)=O)c(Nc3ccnc(F)c3)n2)CC1)C(F)F,19.0,JAK1-selective,57.120335,42.68478
CC(O)(c1ccc(Nc2nn([C@H]3CCCC[C@@H]3C#N)c3cc[nH]c(=O)c23)cc1)C(F)(F)F,6.226511596877849,JAK1-selective,11.600403,-78.74302
CC(O)(c1ccc(Nc2nn([C@H]3COCC[C@@H]3C#N)c3cc[nH]c(=O)c23)cc1)C(F)(F)F,5.924527544032293,JAK1-selective,28.296976,-64.30285
CC(O)CCS(=O)(=O)C[C@H]1C[C@@H](N(C)c2ncnc3[nH]ccc23)C1,30.806451612903224,JAK1-selective,-68.47339,-15.681433
CC(O)c1ccc(Nc2nn(C3(CC#N)CCN(C(=O)OC(C)(C)C)CC3)cc2C(N)=O)cc1,15.0,JAK1-selective,38.469646,52.25669
CC(OC(=O)N1CCC(CC#N)(n2cc(C(N)=O)c(Nc3ccc(F)cc3)n2)CC1)C(F)(F)F,35.0,JAK1-selective,41.893093,41.833313
CC(OC(=O)N1CCC(CC#N)(n2cc(C(N)=O)c(Nc3ccc(F)cc3)n2)CC1)C1CC1,11.833333333333334,JAK1-selective,42.029854,41.161633
CC(OC(=O)N1CC[C@@H](C#N)[C@H](n2cc(C(N)=O)c(Nc3ccc(F)cc3)n2)C1)C(F)(F)F,16.875,JAK1-selective,34.189156,5.7017217
CC(OC(=O)N1CC[C@@H](C#N)[C@H](n2cc(C(N)=O)c(Nc3ccc(F)cc3)n2)C1)C1CC1,12.833333333333334,JAK1-selective,33.426216,5.426058
CC(OC(=O)N1CC[C@@H](n2cc(C(N)=O)c(Nc3ccc(F)cc3)n2)[C@H](C#N)C1)C(F)(F)F,25.8,JAK1-selective,34.13711,5.689693
CC(OC(=O)N1CC[C@@H](n2cc(C(N)=O)c(Nc3ccc(F)cc3)n2)[C@H](C#N)C1)C1CC1,24.63157894736842,JAK1-selective,33.35819,5.37596
CC(OC(=O)N1CC[C@H](n2cc(C(N)=O)c(Nc3ccc(F)cc3)n2)[C@H](C#N)C1)C(F)(F)F,7.957446808510638,JAK1-selective,34.13711,5.689693
CC(c1ccccc1)N1CCC(CC#N)(n2cc(C(N)=O)c(Nc3ccc(F)cc3)n2)CC1,26.25,JAK1-selective,42.42413,33.641537
CC1(C(=O)N2CCC(CC#N)(n3cc(C(N)=O)c(Nc4ccnc(F)c4)n3)CC2)CCC1,14.375,JAK1-selective,57.73565,41.752758
CC1(C)C(=O)Nc2cc(Nc3nn(C4CCCC[C@@H]4C#N)c4cc[nH]c(=O)c34)ccc21,12.727272727272727,JAK1-selective,1.5972099,-74.76732
CC1(C)CC(CN2CCC(CC#N)(n3cc(C(N)=O)c(Nc4ccnc(F)c4)n3)CC2)CCO1,24.4,JAK1-selective,60.18418,45.072304
CC1(C)CC1NC[C@H]1CC[C@H](c2nnn3cnc4[nH]ccc4c23)CC1,5.131578947368421,JAK1-selective,-25.380508,-52.033173
CC1(C)CCC(NC(=O)Cc2nc3cnc4[nH]ccc4c3n2[C@H]2CC[C@H](CC#N)CC2)CC1,23.333333333333336,JAK1-selective,-43.469982,11.488229
CC1(C)CCCCN1S(=O)(=O)c1ccc(Nc2nn([C@@H](CC#N)C3CC3)c3cc[nH]c(=O)c23)cc1,6.083333333333333,JAK1-selective,-2.026299,-49.76522
CC1(C)CCN1[C@@H]1CC[C@H](n2cc(C(N)=O)c(Nc3ccc(C(F)(F)F)cc3)n2)[C@@H](C#N)C1,61.42857142857143,JAK1-selective,69.908676,-7.597545
CC1(C)CCN1[C@H]1CC[C@H](n2cc(C(N)=O)c(Nc3ccc(C(F)(F)F)cc3)n2)[C@@H](C#N)C1,34.0,JAK1-selective,69.908676,-7.597545
CC1(C)CN(C(=O)c2ccc(-c3cccc4nc(NC(=O)C5CC5)cn34)c(F)c2)C1,6.666666666666667,JAK1-selective,-13.845342,19.812534
CC1(C)CN(C(=O)c2ccc(-c3cccc4nc(NC(=O)C5CC5)cn34)cc2)C1,7.74596,JAK1-selective,-13.491548,19.556105
CC1(C)CN(C(=O)c2ccc(-c3cccc4nc(NC(=O)C5CC5)cn34)cc2F)C1,7.74596,JAK1-selective,-13.845964,19.786299
CC1(C)CN(C[C@H]2CC[C@H](c3nnn4cnc5[nH]ccc5c34)CC2)C1,7.777777777777778,JAK1-selective,-26.091524,-52.2959
CC1(C)CN([C@@H]2CC[C@H](n3cc(C(N)=O)c(Nc4ccc(C(F)(F)F)cc4)n3)[C@@H](C#N)C2)C1,142.5,JAK1-selective,71.04876,-7.7034945
CC1(C)CN([C@@H]2CC[C@H](n3cc(C(N)=O)c(Nc4ccc([C@@H](O)C(F)(F)F)cc4)n3)[C@@H](C#N)C2)C1,120.0,JAK1-selective,70.00835,-3.9709728
CC1(C)CN([C@@H]2CC[C@H](n3cc(C(N)=O)c(Nc4ccc([C@@](C)(O)C(F)(F)F)cc4)n3)[C@@H](C#N)C2)C1,80.0,JAK1-selective,71.09524,-7.0146437
CC1(C)CN([C@@H]2CC[C@H](n3cc(C(N)=O)c(Nc4ccc([C@H](O)C(F)(F)F)cc4)n3)[C@@H](C#N)C2)C1,183.33333333333334,JAK1-selective,70.00835,-3.9709728
CC1(C)CN([C@@H]2CC[C@H](n3cc(C(N)=O)c(Nc4ccc([C@](C)(O)C(F)(F)F)cc4)n3)[C@@H](C#N)C2)C1,120.0,JAK1-selective,71.09529,-7.0145483
CC1(C)CN([C@@H]2CC[C@H](n3cc(C(N)=O)c(Nc4ccnc(F)c4)n3)[C@@H](C#N)C2)C1,70.5,JAK1-selective,70.4118,9.40069
CC1(C)CN([C@H]2CC[C@H](n3cc(C(N)=O)c(Nc4ccc(C(F)(F)F)cc4)n3)[C@@H](C#N)C2)C1,52.0,JAK1-selective,71.04882,-7.7034183
CC1(C)CN([C@H]2CC[C@H](n3cc(C(N)=O)c(Nc4ccc(Cl)cc4)n3)[C@@H](C#N)C2)C1,21.0,JAK1-selective,81.53237,3.87505
CC1(C)CN([C@H]2CC[C@H](n3cc(C(N)=O)c(Nc4ccc([C@@H](O)C(F)(F)F)cc4)n3)[C@@H](C#N)C2)C1,66.66666666666667,JAK1-selective,70.00835,-3.9709728
CC1(C)CN([C@H]2CC[C@H](n3cc(C(N)=O)c(Nc4ccc([C@@](C)(O)C(F)(F)F)cc4)n3)[C@@H](C#N)C2)C1,16.666666666666668,JAK1-selective,71.09524,-7.0146437
CC1(C)CN([C@H]2CC[C@H](n3cc(C(N)=O)c(Nc4ccc([C@H](O)C(F)(F)F)cc4)n3)[C@@H](C#N)C2)C1,83.33333333333334,JAK1-selective,70.00835,-3.9709728
CC1(C)CN([C@H]2CC[C@H](n3cc(C(N)=O)c(Nc4ccc([C@](C)(O)C(F)(F)F)cc4)n3)[C@@H](C#N)C2)C1,20.0,JAK1-selective,71.09524,-7.0146437
CC1(C)CN([C@H]2CC[C@H](n3cc(C(N)=O)c(Nc4ccccc4)n3)[C@@H](C#N)C2)C1,44.44444444444444,JAK1-selective,53.989365,-1.2049973
CC1(C)CN([C@H]2CC[C@H](n3cc(C(N)=O)c(Nc4ccnc(F)c4)n3)[C@@H](C#N)C2)C1,50.0,JAK1-selective,70.4118,9.40069
CC1(C)CN(c2ccc(C#N)nn2)CC[C@H]1Nc1c(C(N)=O)cnc2cc(-c3ccc(F)nc3)nn12,5.40084388185654,JAK1-selective,37.047714,15.115974
CC1(C)CN(c2ccc(C#N)nn2)CC[C@H]1Nc1c(C(N)=O)cnc2cc(-c3ccc(N)nc3)nn12,7.842105263157895,JAK1-selective,37.053764,15.138731
CC1(C)CN(c2ccc(C#N)nn2)CC[C@H]1Nc1c(C(N)=O)cnc2cc(-c3cccnc3)nn12,6.957494407158838,JAK1-selective,37.13607,15.158495
CC1(C)CN(c2ccc(C#N)nn2)CC[C@H]1Nc1c(C(N)=O)cnc2cc(-c3ccnc(N4CCOCC4)c3)nn12,5.529411764705882,JAK1-selective,37.312645,15.274559
CC1(C)C[N+](C)(C2CC[C@H](n3cc(C(N)=O)c(Nc4ccc(Cl)cc4)n3)[C@@H](C#N)C2)C1,34.0,JAK1-selective,82.142456,2.9566998
CC1(C)Cc2cc(Nc3nn([C@H]4CCCC[C@@H]4C#N)c4cc[nH]c(=O)c34)ccc2S1(=O)=O,5.0,JAK1-selective,-0.8226971,-76.9564
CC1(C)OC(=O)c2ccc(Nc3nn(C4(CC#N)CCCC4)c4cc[nH]c(=O)c34)cc21,8.23399558498896,JAK1-selective,39.672657,-47.12131
CC1(CNC(=O)[C@@H]2CC[C@@H](n3cc(C(N)=O)c(Nc4ccc(Cl)cc4)n3)[C@H](C#N)C2)COC1,13.157894736842104,JAK1-selective,83.91035,2.4930873
CC1(CNC(=O)[C@H]2CC[C@H](n3cc(C(N)=O)c(Nc4ccc(Cl)cc4)n3)[C@@H](C#N)C2)COC1,6.555555555555555,JAK1-selective,83.91035,2.4930873
CC1(CN[C@@H]2CC[C@H](n3cc(C(N)=O)c(Nc4ccc(C(F)(F)F)cc4)n3)[C@@H](C#N)C2)COC1,21.0,JAK1-selective,67.7634,-15.5018215
CC1(CN[C@H]2CCC(n3cc(C(N)=O)c(Nc4ccc(Cl)cc4)n3)[C@@H](C#N)C2)COC1,23.5,JAK1-selective,84.74494,1.7370265
CC1(CN[C@H]2CC[C@H](n3cc(C(N)=O)c(Nc4ccc(C(F)(F)F)cc4)n3)[C@@H](C#N)C2)COC1,87.5,JAK1-selective,67.76343,-15.501268
CC1(COC(=O)N2CCC(CC#N)(n3cc(C(N)=O)c(Nc4ccc(F)cc4)n3)CC2)CC1,72.0,JAK1-selective,41.275253,40.52537
CC1(COC(=O)N2CCC(CC#N)(n3cc(C(N)=O)c(Nc4ccc(F)cc4)n3)CC2)COC1,30.0,JAK1-selective,41.249203,40.137722
CC1(COC(=O)N2CC[C@@H](C#N)[C@H](n3cc(C(N)=O)c(Nc4ccc(F)cc4)n3)C2)CC1,13.8,JAK1-selective,32.188873,-0.6143267
CC1(COC(=O)N2CC[C@@H](C#N)[C@H](n3cc(C(N)=O)c(Nc4ccc(F)cc4)n3)C2)COC1,24.0,JAK1-selective,31.533108,-0.9581927
CC1(COC(=O)N2CC[C@@H](n3cc(C(N)=O)c(Nc4ccc(F)cc4)n3)[C@H](C#N)C2)CC1,20.76086956521739,JAK1-selective,31.995836,-0.47835997
CC1(COC(=O)N2CC[C@@H](n3cc(C(N)=O)c(Nc4ccc(F)cc4)n3)[C@H](C#N)C2)COC1,14.75,JAK1-selective,31.319624,-0.94251806
CC1(N2Cc3cc(Nc4nn([C@@H](CC#N)C5CC5)c5cc[nH]c(=O)c45)ccc3S2(=O)=O)CCCCC1,5.454545454545454,JAK1-selective,3.936394,-35.34173
CC1(NC[C@H]2CC[C@H](c3nnn4cnc5[nH]ccc5c34)CC2)CC1,9.27536231884058,JAK1-selective,-25.444424,-52.087982
CC1(N[C@@H]2CCC(n3cc(C(N)=O)c(Nc4ccc(Cl)cc4)n3)[C@@H](C#N)C2)CC1,16.25,JAK1-selective,85.00438,1.1725005
CC1(N[C@H]2CCC(n3cc(C(N)=O)c(Nc4ccc(Cl)cc4)n3)[C@@H](C#N)C2)CC1,23.333333333333332,JAK1-selective,85.00438,1.1725005
CC1(N[C@H]2CCC(n3cc(C(N)=O)c(Nc4ccc(Cl)cc4)n3)[C@@H](C#N)C2)CCOCC1,29.411764705882355,JAK1-selective,84.53233,1.7212746
CC1(N[C@H]2CCC(n3cc(C(N)=O)c(Nc4ccc(Cl)cc4)n3)[C@@H](C#N)C2)COC1,22.0,JAK1-selective,84.6385,1.7308505
CC1(N[C@H]2CCC(n3cc(C(N)=O)c(Nc4ccccc4)n3)[C@@H](C#N)C2)CC1,12.0,JAK1-selective,52.09619,-1.2317948
CC1(N[C@H]2CCC(n3cc(C(N)=O)c(Nc4ccccc4)n3)[C@@H](C#N)C2)COC1,6.0,JAK1-selective,52.110687,-1.2367562
CC1(O)CN(C(=O)[C@@H]2CC[C@@H](n3cc(C(N)=O)c(Nc4ccc(Cl)cc4)n3)[C@H](C#N)C2)C1,7.0,JAK1-selective,81.6757,2.6273983
CC1(O)CN(C(=O)[C@H]2CC[C@H](n3cc(C(N)=O)c(Nc4ccc(Cl)cc4)n3)[C@@H](C#N)C2)C1,18.0,JAK1-selective,81.6757,2.6273983
CC1(O)CN(C[C@H]2CC[C@H](c3nnn4cnc5[nH]ccc5c34)CC2)C1,18.214285714285715,JAK1-selective,-26.189812,-52.298374
CC1(O)CN([C@@H]2CC[C@H](n3cc(C(N)=O)c(Nc4ccc(C(F)(F)F)cc4)n3)[C@@H](C#N)C2)C1,30.0,JAK1-selective,71.03889,-7.777688
CC1(O)CN([C@@H]2CC[C@H](n3nc(Nc4ccc(Cl)cc4)c4c(=O)[nH]ccc43)[C@@H](C#N)C2)C1,18.571428571428573,JAK1-selective,15.091302,-84.41342
CC1(O)CN([C@H]2CC[C@H](n3cc(C(N)=O)c(Nc4ccc(C(F)(F)F)cc4)n3)[C@@H](C#N)C2)C1,20.0,JAK1-selective,71.03889,-7.777688
CC1(O)CN([C@H]2CC[C@H](n3nc(Nc4ccc(Cl)cc4)c4c(=O)[nH]ccc43)[C@@H](C#N)C2)C1,16.666666666666668,JAK1-selective,15.091302,-84.41342
CC1(c2ccc(Nc3nn([C@H]4COCC[C@@H]4C#N)cc3C(N)=O)cc2)COC1,5.999999999999999,JAK1-selective,66.72504,18.363445
CC1=NOC(CN2CCC(CC#N)(n3cc(C(N)=O)c(Nc4ccnc(F)c4)n3)CC2)C1,32.333333333333336,JAK1-selective,60.157932,45.52927
CC1=NOC(CN2CC[C@@H](C#N)[C@H](n3cc(C(N)=O)c(Nc4ccc(F)cc4)n3)C2)C1,16.333333333333332,JAK1-selective,38.029964,-10.981712
CC1=NOC(CN2CC[C@@H](n3cc(C(N)=O)c(Nc4ccc(F)cc4)n3)[C@H](C#N)C2)C1,9.25,JAK1-selective,38.040775,-10.924574
CC1CC(C)CC(NC(=O)Cc2nc3cnc4[nH]ccc4c3n2[C@H]2CC[C@H](CC#N)CC2)C1,8.5,JAK1-selective,-45.82793,9.941462
CC1CC1NC[C@H]1CC[C@H](c2nnn3cnc4[nH]ccc4c23)CC1,18.867924528301888,JAK1-selective,-24.560225,-51.15115
CC1CCC(C#N)C(n2cc(C(N)=O)c(Nc3ccccc3)n2)C1,5.428571428571429,JAK1-selective,52.102757,0.6697128
CC1CCCCN1S(=O)(=O)C[C@H]1C[C@@H](N(C)c2ncnc3[nH]ccc23)C1,19.82456140350877,JAK1-selective,-71.78537,-20.047752
CC1CCCN(S(=O)(=O)C[C@H]2C[C@@H](N(C)c3ncnc4[nH]ccc34)C2)C1,38.9375,JAK1-selective,-73.16646,-21.332903
CC1CCN(C(=O)C2CCC(C(C)(C)C)CC2)CC1n1ccc(=O)c2cnc3[nH]ccc3c21,5.9122274815415325,JAK1-selective,-29.223701,-17.11138
CC1CCN(C(=O)CC#N)CC1c1nnn2cnc3[nH]ccc3c12,10.476190476190476,JAK1-selective,-38.09849,-31.62856
CC1CCN(S(=O)(=O)C[C@H]2CC[C@H](N(C)c3ncnc4[nH]ccc34)CC2)CC1,5.189024390243903,JAK1-selective,-15.2250395,-22.991447
CC1CN(S(=O)(=O)C[C@H]2CC[C@H](N(C)c3ncnc4[nH]ccc34)CC2)CCN1C,11.052631578947368,JAK1-selective,-15.43651,-23.993326
CC1CN(S(=O)(=O)C[C@H]2C[C@@H](N(C)c3ncnc4[nH]ccc34)C2)C1,21.136363636363637,JAK1-selective,-72.807816,-20.87124
CC1CN([C@@H]2CC[C@H](n3cc(C(N)=O)c(Nc4ccc(S(=O)(=O)C(F)(F)F)cc4)n3)[C@@H](C#N)C2)C1,125.0,JAK1-selective,69.97555,-25.731798
CC1CN([C@H]2CC[C@H](n3cc(C(N)=O)c(Nc4ccc(C(F)(F)F)cc4)n3)[C@@H](C#N)C2)C1,61.0,JAK1-selective,68.57036,-10.160091
CC1CN([C@H]2CC[C@H](n3cc(C(N)=O)c(Nc4ccc(Cl)cc4)n3)[C@@H](C#N)C2)C1,42.5,JAK1-selective,82.3366,4.3299584
CC1CN([C@H]2CC[C@H](n3cc(C(N)=O)c(Nc4ccc(S(=O)(=O)C(F)(F)F)cc4)n3)[C@@H](C#N)C2)C1,60.0,JAK1-selective,69.97555,-25.731798
CC1CN([C@H]2CC[C@H](n3cc(C(N)=O)c(Nc4ccccc4)n3)[C@@H](C#N)C2)C1,44.0,JAK1-selective,53.66535,-0.9905079
CC1Cc2cc(Nc3nn([C@@H](CC#N)C4CC4)c4cc[nH]c(=O)c34)ccc2S1(=O)=O,5.888888888888889,JAK1-selective,3.8496578,-36.556427
CC1c2cc(Nc3nn([C@H]4CCCC[C@@H]4C#N)c4cc[nH]c(=O)c34)ccc2S(=O)(=O)N1C,15.993914870926258,JAK1-selective,0.06411352,-76.47356
CC1c2cc(Nc3nn([C@H]4CCCC[C@@H]4C#N)c4cc[nH]c(=O)c34)ccc2S(=O)(=O)N1CC(F)(F)F,6.87550461695513,JAK1-selective,-3.2225335,-76.05931
CC1c2cc(Nc3nn([C@H]4COCC[C@@H]4C#N)c4cc[nH]c(=O)c34)ccc2S(=O)(=O)N1C,39.333333333333336,JAK1-selective,24.867815,-68.24236
CCC(=O)N1CC(CC#N)(n2cc(C(N)=O)c(Nc3ccccc3)n2)C1,7.095238095238095,JAK1-selective,18.688198,59.19689
CCC(=O)N1CCC(CC#N)(n2cc(C(N)=O)c(Nc3ccccc3)n2)CC1,13.0,JAK1-selective,22.429422,50.04507
CCC(=O)NC[C@H]1CC[C@H](n2c(CC#N)nc3cnc4ccsc4c32)CC1,20.0,JAK1-selective,-64.73397,11.0176525
CCC(C)CS(=O)(=O)C[C@H]1C[C@@H](N(C)c2ncnc3[nH]ccc23)C1,23.375,JAK1-selective,-67.99915,-15.040984
CCC(CC)CS(=O)(=O)C[C@H]1C[C@@H](N(C)c2ncnc3[nH]ccc23)C1,22.428571428571427,JAK1-selective,-67.89201,-14.589124
CCC(CC)S(=O)(=O)C[C@H]1C[C@@H](N(C)c2ncnc3[nH]ccc23)C1,14.413333333333334,JAK1-selective,-67.94516,-14.661561
CCC(F)(F)C(=O)N1CCC(CC#N)(n2cc(C(N)=O)c(Nc3ccnc(F)c3)n2)CC1,15.0,JAK1-selective,57.72777,42.827946
CCC1(C(N)=O)CCN(S(=O)(=O)C[C@H]2CC[C@H](N(C)c3ncnc4[nH]ccc34)CC2)CC1,7.627965043695381,JAK1-selective,-9.849308,-25.244335
CCC1CN(S(=O)(=O)C[C@H]2C[C@@H](N(C)c3ncnc4[nH]ccc34)C2)CCO1,24.989247311827956,JAK1-selective,-70.644135,-21.701248
CCCC(C)N(C)S(=O)(=O)C[C@H]1C[C@@H](N(C)c2ncnc3[nH]ccc23)C1,59.357142857142854,JAK1-selective,-68.23028,-15.43567
CCCCC(=O)N1CCC(CC#N)(n2cc(C(N)=O)c(Nc3ccccc3)n2)CC1,5.833333333333333,JAK1-selective,22.454432,50.015915
CCCCN(C)S(=O)(=O)C[C@H]1C[C@@H](N(C)c2ncnc3[nH]ccc23)C1,52.11764705882353,JAK1-selective,-67.56583,-13.175516
CCCCNC(=O)N1CC(CC#N)(n2cc(C(N)=O)c(Nc3ccc(S(C)(=O)=O)cc3)n2)C1,16.1,JAK1-selective,29.27914,43.11808
CCCCNC(=O)N1CC(CC#N)(n2cc(C(N)=O)c(Nc3ccccc3)n2)C1,53.5,JAK1-selective,18.371798,59.520382
CCCCS(=O)(=O)C[C@H]1C[C@@H](N(C)c2ncnc3[nH]ccc23)C1,24.444444444444443,JAK1-selective,-67.728836,-13.317578
CCCNC(=O)N1CC(CC#N)(n2cc(C(N)=O)c(Nc3ccccc3)n2)C1,15.142857142857142,JAK1-selective,18.381628,59.565758
CCCOC(=O)NC[C@H]1CC[C@H](n2c([C@@H](C)O)nc3cnc4ccsc4c32)CC1,10.0,JAK1-selective,-66.863625,17.484184
CCCS(=O)(=O)CC1CCCN(S(=O)(=O)C[C@H]2CC[C@H](N(C)c3ncnc4[nH]ccc34)CC2)C1,9.026402640264028,JAK1-selective,-16.536318,-24.818062
CCCS(=O)(=O)C[C@H]1C[C@H](N(C)c2ncnc3[nH]ccc23)C1,14.119402985074627,JAK1-selective,-67.68287,-13.28424
CCCS(=O)(=O)N[C@H]1CCC(N(C)c2ncnc3[nH]ccc23)C1,19.79310344827586,JAK1-selective,-63.535957,-18.412909
CCCS(=O)(=O)N[C@H]1CC[C@@H](N(C)c2ncnc3[nH]ccc23)C1,19.79310344827586,JAK1-selective,-63.535957,-18.412909
CCCS(=O)(=O)N[C@H]1C[C@@H](N(C)c2ncnc3[nH]ccc23)C1,27.689655172413794,JAK1-selective,-63.625973,-17.729061
CCCc1ccc(CN2CCC(CC#N)(n3cc(C(N)=O)c(Nc4ccccc4)n3)CC2)cc1,12.333333333333334,JAK1-selective,16.91531,46.268887
CCN(C)C1CN(C[C@H]2CC[C@H](c3nnn4cnc5[nH]ccc5c34)CC2)C1,10.909090909090908,JAK1-selective,-24.3202,-48.007423
CCN(C)S(=O)(=O)C[C@H]1C[C@@H](N(C)c2ncnc3[nH]ccc23)C1,7.848484848484849,JAK1-selective,-67.729294,-13.200603
CCN(CC)C(=O)C1CCN(S(=O)(=O)C[C@H]2CC[C@H](N(C)c3ncnc4[nH]ccc34)CC2)CC1,5.088495575221239,JAK1-selective,-13.036685,-25.77731
CCN(CC)C(=O)CO[C@@H]1CCN(S(=O)(=O)C[C@H]2CC[C@H](N(C)c3ncnc4[nH]ccc34)CC2)C1,7.386831275720164,JAK1-selective,-14.240436,-28.211298
CCN(c1ccc(Cl)cc1CNc1nc(-c2cc(F)c(O)cc2CC(F)(F)F)cc2[nH]nc(C(N)=O)c12)S(C)(=O)=O,5.144927536231884,JAK1-selective,21.09942,-22.295055
CCN(c1ccc(F)cc1CNc1nc(-c2cc(F)c(O)cc2CC(F)(F)F)cc2[nH]nc(C(N)=O)c12)S(C)(=O)=O,5.231404958677686,JAK1-selective,19.614758,-21.129337
CCN(c1ccc(O)cc1CNc1nc(-c2cc(F)c(O)cc2CC(F)(F)F)cc2[nH]nc(C(=O)NC)c12)S(=O)(=O)c1ccccc1,5.346666666666667,JAK1-selective,14.998102,-22.6716
CCN(c1ccc(O)cc1CNc1nc(-c2cc(F)c(O)cc2CC(F)(F)F)cc2[nH]nc(C(=O)NC)c12)S(C)(=O)=O,5.450980392156863,JAK1-selective,18.461164,-23.081873
CCN(c1ccc(O)cc1CNc1nc(-c2cc(F)c(O)cc2CC(F)(F)F)cc2[nH]nc(C(N)=O)c12)S(=O)(=O)c1ccccc1,5.480943738656987,JAK1-selective,15.423731,-20.572264
CCN(c1ccc(O)cc1CNc1nc(-c2cc(F)c(O)cc2CC(F)(F)F)nc2[nH]nc(C(=O)NC)c12)S(=O)(=O)c1ccccc1,5.253682487725041,JAK1-selective,16.79704,-18.571222
CCN(c1ccccc1CNc1nc(-c2cc(F)c(O)cc2CC(F)(F)F)cc(N)c1C(=N)C(N)=O)S(=O)(=O)CC,6.124087591240877,JAK1-selective,17.014622,-13.805159
CCN(c1ccccc1CNc1nc(-c2cc(F)c(O)cc2CC(F)(F)F)cc2[nH]nc(C(N)=O)c12)S(=O)(=O)CC,6.124087591240877,JAK1-selective,16.054665,-20.536678
CCN(c1ccccc1CNc1nc(-c2cc(F)c(O)cc2CC(F)(F)F)cc2[nH]nc(C(N)=O)c12)S(C)(=O)=O,6.703703703703704,JAK1-selective,16.178165,-20.571295
CCN(c1ccccc1CNc1nc(-c2cc(F)c(O)cc2CC(F)(F)F)nc2[nH]nc(C(=O)NC)c12)S(C)(=O)=O,6.2,JAK1-selective,17.324287,-18.960075
CCN(c1ncc(F)cc1CNc1nc(-c2cc(F)c(O)cc2CC(F)(F)F)cc2[nH]nc(C(N)=O)c12)S(C)(=O)=O,5.5233644859813085,JAK1-selective,19.867224,-21.524181
CCN(c1ncccc1CNc1nc(-c2cc(F)c(O)cc2CC(F)(F)F)cc2[nH]nc(C(N)=O)c12)S(C)(=O)=O,5.172413793103448,JAK1-selective,17.804985,-21.40749
CCN(c1nccnc1CNc1nc(-c2cc(F)c(O)cc2CC(F)(F)F)cc2[nH]nc(C(N)=O)c12)S(C)(=O)=O,5.586206896551724,JAK1-selective,18.506672,-21.670647
CCN1CCN(C[C@H]2CCN(S(=O)(=O)C[C@H]3CC[C@H](N(C)c4ncnc5[nH]ccc45)CC3)C2)C(=O)C1=O,5.078651685393258,JAK1-selective,-15.098358,-23.637753
CCN1CCN([C@H](C)C(=O)Nc2cccc3c(-c4ccnc(Nc5cn(C)nc5OC)n4)c[nH]c23)CC1,111.32075471698113,JAK1-selective,-70.2018,35.49352
CCN1CCN([C@H](C)C(=O)Nc2cccc3c(-c4nc(Nc5cn(C)nc5OC)ncc4C)c[nH]c23)CC1,328.42105263157896,JAK1-selective,-68.75047,31.82973
CCN1CCN([C@H](C)C(=O)Nc2cccc3c(-c4nc(Nc5cn(C)nc5OC)ncc4F)c[nH]c23)CC1,152.7906976744186,JAK1-selective,-72.369064,32.390617
CCN1CN([C@H]2CC[C@H](CN(C)CC#N)CC2)c2c(cnc3[nH]ccc23)C1=O,18.571428571428573,JAK1-selective,-39.761948,-13.809278
CCN1CN([C@H]2CC[C@H](CNCC(F)(F)F)CC2)c2c(cnc3[nH]ccc23)C1=O,6.96969696969697,JAK1-selective,-36.660885,-10.381989
CCN1Cc2cc(Nc3nn([C@H]4CCCC[C@@H]4C#N)c4cc[nH]c(=O)c34)ccc2S1(=O)=O,9.318181818181818,JAK1-selective,-4.861976,-79.40349
CCN1Cc2ccc(Nc3nn([C@H]4CCCC[C@@H]4C#N)c4cc[nH]c(=O)c34)cc2C1,5.121951219512195,JAK1-selective,0.45541602,-76.468414
CCNC(=O)C[C@H]1CC[C@H](n2c([C@@H](C)O)nc3cnc4ccsc4c32)CC1,20.0,JAK1-selective,-67.02558,17.424824
CCNC(=O)N1[C@@H]2CC[C@H]1CN(c1ccnc(Nc3cn[nH]c3)n1)C2,11.634146341463415,JAK1-selective,5.1750894,7.446247
CCNC(=O)N1[C@@H]2CC[C@H]1CN(c1ccnc(Nc3cnc(C(=O)NC)c(F)c3)n1)C2,5.3026706231454,JAK1-selective,2.5613096,5.69529
CCNC(=O)N1[C@@H]2CC[C@H]1CN(c1ccnc(Nc3cnn(C)c3)n1)C2,5.173076923076923,JAK1-selective,5.291669,9.687494
CCNC(=O)N1[C@@H]2CC[C@H]1CN(c1ccnc(Nc3cnsc3)n1)C2,10.313432835820896,JAK1-selective,5.252418,7.529345
CCNC(=O)N[C@H]1CC[C@H](n2c([C@@H](C)O)nc3cnc4ccsc4c32)CC1,5.0,JAK1-selective,-67.80223,17.330446
CCNC(=O)O[C@@H]1CCC(n2cc(C(N)=O)c(Nc3ccc(F)cc3)n2)[C@@H](C#N)C1,10.588235294117647,JAK1-selective,51.15183,-10.382708
CCNC(=O)c1ccc(Nc2ncc(F)c(N3C[C@H]4CC[C@@H](C3)N4C(=O)C3CC3)n2)cc1,5.6,JAK1-selective,-2.0965874,5.9094005
CCNC1CCC(n2cc(C(N)=O)c(Nc3ccc(S(=O)(=O)C(F)(F)F)cc3)n2)[C@@H](C#N)C1,55.0,JAK1-selective,73.91604,-23.165266
CCNC[C@H]1CC[C@H](c2nnn3cnc4[nH]ccc4c23)CC1,6.351351351351351,JAK1-selective,-25.414408,-50.937534
CCN[C@@H](C)[C@@H]1CCN(S(=O)(=O)CC2CCC(N(C)c3ncnc4[nH]ccc34)CC2)C1,5.63063063063063,JAK1-selective,-12.235602,-25.025955
CCNc1nn(C2(CC#N)CN(C(=O)OC(C)(C)C)C2)c2cc[nH]c(=O)c12,7.1201923076923075,JAK1-selective,42.15685,-33.307873
CCOC(=O)C(C)NC(=O)N1CC(CC#N)(n2cc(C(N)=O)c(Nc3ccccc3)n2)C1,14.68421052631579,JAK1-selective,19.877037,60.43973
CCOC(=O)C(CC)n1c(=O)c2cc(OC)c(OC)cc2c2cnc3[nH]ccc3c21,5.445026178010472,JAK1-selective,-28.880232,-19.712854
CCOC(=O)COC(=O)N1CC(CC#N)(n2cc(C(N)=O)c(Nc3ccccc3)n2)C1,12.41025641025641,JAK1-selective,21.67438,59.33095
CCOC(=O)COC(=O)N1CC[C@@H](C#N)[C@H](n2cc(C(N)=O)c(Nc3ccc(F)cc3)n2)C1,31.166666666666668,JAK1-selective,33.870758,-0.7928782
CCOC(=O)COC(=O)N1CC[C@@H](n2cc(C(N)=O)c(Nc3ccc(F)cc3)n2)[C@H](C#N)C1,24.333333333333332,JAK1-selective,33.53427,-0.5666718
CCOC(=O)Cn1cc(-c2nc3cnc4[nH]ccc4c3n2[C@H]2CC[C@H](CC#N)CC2)cn1,8.678571428571429,JAK1-selective,-46.211124,4.3866973
CCOC(=O)N1CC(c2nc3cnc4[nH]ccc4c3n2[C@H]2CC[C@H](CC#N)CC2)C1,157.14285714285714,JAK1-selective,-45.158585,2.9214165
CCOC(=O)N1CCC[C@H](n2c([C@@H](C)O)nc3cnc4ccsc4c32)C1,14.142100000000001,JAK1-selective,-72.259186,15.883764
CCOC(=O)N1CC[C@@H](C#N)[C@H](n2cc(C(N)=O)c(Nc3ccc(F)cc3)n2)C1,12.4,JAK1-selective,33.906044,-0.78768766
CCOC(=O)N1CC[C@@H](n2cc(C(N)=O)c(Nc3ccc(F)cc3)n2)[C@H](C#N)C1,15.8,JAK1-selective,33.528477,-0.55557966
CCOC(=O)N1CC[C@H](n2cc(C(N)=O)c(Nc3ccc(F)cc3)n2)[C@H](C#N)C1,5.98,JAK1-selective,33.528477,-0.55557966
CCOC(=O)N1[C@@H]2CC[C@H]1CN(c1ccnc(Nc3cnsc3)n1)C2,10.313432835820896,JAK1-selective,5.327232,7.3916025
CCOC(=O)NC[C@H]1CC[C@H](n2c(CC#N)nc3cnc4ccsc4c32)CC1,10.0,JAK1-selective,-64.70359,10.9827795
CCOC(=O)NC[C@H]1CC[C@H](n2c([C@@H](C)O)nc3cnc4ccsc4c32)CC1,10.0,JAK1-selective,-66.78924,17.563545
CCOC(=O)c1cnn(-c2ccc(Nc3nn([C@@H](CC#N)C4CC4)c4cc[nH]c(=O)c34)cc2C)c1,5.1,JAK1-selective,6.661829,-42.44183
CCOCC1(F)CCN(S(=O)(=O)C[C@H]2C[C@@H](N(C)c3ncnc4[nH]ccc34)C2)CC1,31.07792207792208,JAK1-selective,-73.90717,-24.628511
CCOC[C@H](C(=O)Nc1cccc2c(-c3nc(Nc4cccc(S(C)(=O)=O)c4F)ncc3C)c[nH]c12)N1CCN(C)CC1,1380.0,JAK1-selective,-92.40424,1.7065802
CCOP(=O)(Cc1ccc(NC(=O)Cc2nc3cnc4[nH]ccc4c3n2[C@H]2CC[C@H](CC#N)CC2)cc1)OCC,6.333333333333333,JAK1-selective,-46.07241,6.2909827
CCOc1cc(S(=O)(=O)C[C@H]2C[C@@H](N(C)c3ncnc4[nH]ccc34)C2)ccn1,30.000000000000004,JAK1-selective,-70.01716,-7.022038
CCOc1ccc(N2CCC(CC#N)(n3cc(C(N)=O)c(Nc4ccc(F)cc4)n3)CC2)cn1,15.333333333333334,JAK1-selective,43.48987,31.481258
CCOc1ccc(NC(=O)N2CC(CC#N)(n3cc(C(N)=O)c(Nc4ccccc4)n3)C2)cc1,34.5,JAK1-selective,18.424284,61.041523
CCOc1ccc(S(=O)(=O)C[C@H]2C[C@@H](N(C)c3ncnc4[nH]ccc34)C2)cc1,19.40740740740741,JAK1-selective,-70.61807,-7.7370067
CCOc1ccc(S(=O)(=O)C[C@H]2C[C@@H](N(C)c3ncnc4[nH]ccc34)C2)cc1Cl,23.500000000000004,JAK1-selective,-69.51204,-6.23061
CCOc1ccc(S(=O)(=O)C[C@H]2C[C@@H](N(C)c3ncnc4[nH]ccc34)C2)cn1,19.53846153846154,JAK1-selective,-70.67117,-7.7040334
CCOc1cccc(N2CCC(CC#N)(n3cc(C(N)=O)c(Nc4ccc(F)cc4)n3)CC2)n1,19.133333333333333,JAK1-selective,42.464394,32.245754
CCOc1cccc(S(=O)(=O)C[C@H]2C[C@@H](N(C)c3ncnc4[nH]ccc34)C2)c1,19.11111111111111,JAK1-selective,-69.836754,-7.6313396
CCOc1ccccc1CN1CCC(CC#N)(n2cc(C(N)=O)c(Nc3ccccc3)n2)CC1,12.202898550724637,JAK1-selective,16.944798,47.423073
CCOc1ccccc1NC(=O)N1CC(CC#N)(n2cc(C(N)=O)c(Nc3ccccc3)n2)C1,8.17741935483871,JAK1-selective,18.377346,61.358208
CCOc1ncccc1S(=O)(=O)C[C@H]1C[C@@H](N(C)c2ncnc3[nH]ccc23)C1,66.25,JAK1-selective,-65.223206,-10.390993
CCOc1nn(C)cc1Nc1cnc(C)c(-c2c[nH]c3c(NC(=O)[C@@H](COC)N4CCN(C)CC4)cccc23)n1,408.0,JAK1-selective,-67.36312,33.1621
CCOc1nn(C)cc1Nc1cnc(C)c(-c2c[nH]c3c(NC(=O)[C@H](COC)N4CCN(C)CC4)cccc23)n1,11.857707509881424,JAK1-selective,-67.36312,33.1621
CCOc1nn(C)cc1Nc1ncc(C)c(-c2c[nH]c3c(NC(=O)[C@@H](C)N4CCN(C)CC4)cccc23)n1,850.0,JAK1-selective,-67.965744,31.619688
CCOc1nn(C)cc1Nc1ncc(C)c(-c2c[nH]c3c(NC(=O)[C@@H](C)N4CCN(C)C[C@@H]4C)cccc23)n1,61.224489795918366,JAK1-selective,-68.83237,30.492952
CCOc1nn(C)cc1Nc1ncc(C)c(-c2c[nH]c3c(NC(=O)[C@@H](C)N4CCN(C)C[C@H]4C)cccc23)n1,886.2068965517242,JAK1-selective,-68.83236,30.492952
CCOc1nn(C)cc1Nc1ncc(C)c(-c2c[nH]c3c(NC(=O)[C@@H](C)N4CCN(C)[C@@H](C)C4)cccc23)n1,1320.0,JAK1-selective,-69.09439,30.650398
CCOc1nn(C)cc1Nc1ncc(C)c(-c2c[nH]c3c(NC(=O)[C@@H](C)N4CCN(C)[C@H](C)C4)cccc23)n1,265.4867256637168,JAK1-selective,-69.09439,30.650398
CCOc1nn(C)cc1Nc1ncc(C)c(-c2c[nH]c3c(NC(=O)[C@@H](C)N4CCN(CC)CC4)cccc23)n1,337.2549019607843,JAK1-selective,-68.4553,31.492636
CCOc1nn(C)cc1Nc1ncc(C)c(-c2c[nH]c3c(NC(=O)[C@@H](C)N4CCN(CCOC)CC4)cccc23)n1,163.04347826086956,JAK1-selective,-68.67354,31.756855
CCOc1nn(C)cc1Nc1ncc(C)c(-c2c[nH]c3c(NC(=O)[C@@H](CC)N4CCN(C)CC4)cccc23)n1,835.0,JAK1-selective,-67.43462,32.008663
CCOc1nn(C)cc1Nc1ncc(C)c(-c2c[nH]c3c(NC(=O)[C@@H](COC)N4CCN(C)CC4)cccc23)n1,408.0,JAK1-selective,-67.47324,32.55864
CCOc1nn(C)cc1Nc1ncc(C)c(-c2c[nH]c3c(NC(=O)[C@H](C)N4CCN(C)[C@@H](C)C4)cccc23)n1,66.07929515418502,JAK1-selective,-69.09439,30.650398
CCOc1nn(C)cc1Nc1ncc(C)c(-c2c[nH]c3c(NC(=O)[C@H](CC)N4CCN(C)CC4)cccc23)n1,156.25,JAK1-selective,-67.43462,32.008663
CCOc1nn(C)cc1Nc1ncc(C)c(-c2c[nH]c3c(NC(=O)[C@H](COC)N4CCN(C)CC4)cccc23)n1,11.857707509881424,JAK1-selective,-67.47324,32.55864
CCOc1nn(C)cc1Nc1ncc(Cl)c(-c2c[nH]c3c(NC(=O)[C@@H](C)N4CCN(C)CC4)cccc23)n1,372.0833333333333,JAK1-selective,-69.6242,32.91157
CCOc1nn(C)cc1Nc1ncc(F)c(-c2c[nH]c3c(NC(=O)[C@@H](C)N4CCN(C)CC4)cccc23)n1,463.6363636363636,JAK1-selective,-72.2832,31.826372
CCOc1nn(C)cc1Nc1ncc(F)c(-c2c[nH]c3c(NC(=O)[C@@H](C)N4CCN(C)C[C@@H]4C)cccc23)n1,35.46099290780142,JAK1-selective,-73.40699,31.733252
CCOc1nn(C)cc1Nc1ncc(F)c(-c2c[nH]c3c(NC(=O)[C@@H](C)N4CCN(C)C[C@H]4C)cccc23)n1,332.3529411764706,JAK1-selective,-73.40699,31.733252
CCOc1nn(C)cc1Nc1ncc(F)c(-c2c[nH]c3c(NC(=O)[C@@H](C)N4CCN(C)[C@@H](C)C4)cccc23)n1,750.0,JAK1-selective,-73.3368,32.080193
CCOc1nn(C)cc1Nc1ncc(F)c(-c2c[nH]c3c(NC(=O)[C@@H](C)N4CCN(C)[C@H](C)C4)cccc23)n1,180.72289156626505,JAK1-selective,-73.3368,32.080193
CCOc1nn(C)cc1Nc1ncc(F)c(-c2c[nH]c3c(NC(=O)[C@@H](C)N4CCN(CC)CC4)cccc23)n1,214.54545454545453,JAK1-selective,-72.44021,32.13298
CCOc1nn(C)cc1Nc1ncc(F)c(-c2c[nH]c3c(NC(=O)[C@@H](C)N4CCN(CCOC)CC4)cccc23)n1,70.4225352112676,JAK1-selective,-72.37038,32.374607
CCOc1nn(C)cc1Nc1ncc(F)c(-c2c[nH]c3c(NC(=O)[C@H](C)N4CCN(C)[C@@H](C)C4)cccc23)n1,16.216216216216218,JAK1-selective,-73.3368,32.080193
CCOc1nn(CC)cc1Nc1ncc(C)c(-c2c[nH]c3c(NC(=O)[C@@H](C)N4CCN(C)CC4)cccc23)n1,434.7826086956522,JAK1-selective,-67.47672,31.430124
CCS(=O)(=NC)N1CC(CC#N)(n2cc(-c3ncnc4[nH]ccc34)cn2)C1,11.0,JAK1-selective,-33.670296,29.942177
CCS(=O)(=NC1CC1)N1CC(CC#N)(n2cc(-c3ncnc4[nH]ccc34)cn2)C1,11.0,JAK1-selective,-34.162895,30.263563
CCS(=O)(=O)N(C)c1ccccc1CNc1nc(-c2cc(F)c(O)cc2CC(F)(F)F)cc2[nH]nc(C(=O)NC)c12,5.018867924528302,JAK1-selective,15.505332,-22.771835
CCS(=O)(=O)N(C)c1ccccc1CNc1nc(-c2cc(F)c(O)cc2CC(F)(F)F)cc2[nH]nc(C(N)=O)c12,6.051282051282052,JAK1-selective,15.854943,-20.576902
CCS(=O)(=O)N1CC(CC#N)(n2cc(-c3ncnc4[nH]ccc34)cn2)C1,5.714285714285714,JAK1-selective,-33.622772,29.913155
CCS(=O)(=O)N1CCC(CC#N)(n2cc(C(N)=O)c(Nc3ccccc3)n2)CC1,12.0,JAK1-selective,17.46739,51.600075
CCS(=O)(=O)N1CCN(C[C@H]2CC[C@H](c3nnn4cnc5[nH]ccc5c34)CC2)CC1,8.0,JAK1-selective,-28.982971,-55.548756
CCS(=O)(=O)c1ccc(Nc2nn(C3CCCC[C@@H]3C#N)cc2C(N)=O)cc1,11.428571428571429,JAK1-selective,49.580227,14.825215
CCS(=O)(=O)c1cccc(Nc2ncc(C)c(-c3c[nH]c4c(NC(=O)[C@@H](C)N5CCN(C)CC5)cccc34)n2)c1F,1373.3333333333333,JAK1-selective,-91.69014,4.2599926
CC[C@@H](C(=O)Nc1cccc2c(-c3ccnc(Nc4cn(C)nc4OC)n3)c[nH]c12)N1CCN(C)CC1,24.793388429752067,JAK1-selective,-69.709206,35.45753
CC[C@@H](C(=O)Nc1cccc2c(-c3nc(Nc4cccc(S(C)(=O)=O)c4F)ncc3C)c[nH]c12)N1CCCN(C)CC1,426.7425320056899,JAK1-selective,-92.20186,2.483708
CC[C@@H](C(=O)Nc1cccc2c(-c3nc(Nc4cccc(S(C)(=O)=O)c4F)ncc3C)c[nH]c12)N1CCN(C)CC1,1165.1785714285716,JAK1-selective,-92.08965,2.4946382
CC[C@@H](C(=O)Nc1cccc2c(-c3nc(Nc4cccc(S(C)(=O)=O)c4F)ncc3C)c[nH]c12)N1CCN(C)C[C@@H]1C,618.5567010309278,JAK1-selective,-90.65916,2.172566
CC[C@@H](C(=O)Nc1cccc2c(-c3nc(Nc4cccc(S(C)(=O)=O)c4F)ncc3C)c[nH]c12)N1CCN(C)C[C@H]1C,700.9345794392524,JAK1-selective,-90.65916,2.172566
CC[C@@H](C(=O)Nc1cccc2c(-c3nc(Nc4cccc(S(C)(=O)=O)c4F)ncc3C)c[nH]c12)N1C[C@@H](C)N[C@H](C)C1,54.0,JAK1-selective,-90.03372,1.8783519
CC[C@@H](C(=O)Nc1cccc2c(-c3nc(Nc4cccc(S(C)(=O)=O)c4F)ncc3C)c[nH]c12)N1C[C@H](C)N(C)[C@@H](C)C1,209.7902097902098,JAK1-selective,-90.12688,2.0109284
CC[C@@H](C(=O)Nc1cccc2c(-c3nc(Nc4cccc(S(C)(=O)=O)c4F)ncc3F)c[nH]c12)N1CCCN(C)CC1,74.44168734491315,JAK1-selective,-93.084755,2.9335
CC[C@@H](C(=O)Nc1cccc2c(-c3nc(Nc4cccc(S(C)(=O)=O)c4F)ncc3F)c[nH]c12)N1CCN(C)CC1,117.1875,JAK1-selective,-93.037224,2.9154603
CC[C@@H](C(=O)Nc1cccc2c(-c3nc(Nc4cccc(S(C)(=O)=O)c4F)ncc3F)c[nH]c12)N1CCN(C)C[C@@H]1C,86.20689655172414,JAK1-selective,-89.17416,1.4893974
CC[C@@H](C(=O)Nc1cccc2c(-c3nc(Nc4cccc(S(C)(=O)=O)c4F)ncc3F)c[nH]c12)N1C[C@@H](C)N[C@H](C)C1,81.69014084507043,JAK1-selective,-88.87143,1.3342581
CC[C@@H](C(=O)Nc1cccc2c(-c3nc(Nc4cccc(S(C)(=O)=O)c4F)ncc3F)c[nH]c12)N1C[C@H](C)N(C)[C@@H](C)C1,163.9344262295082,JAK1-selective,-88.89721,1.4344952
CC[C@@H](C(=O)Nc1cccc2c(-c3nc(Nc4cn(C)nc4C)ncc3F)c[nH]c12)N1CCN(C)CC1,90.94339622641509,JAK1-selective,-71.95686,30.23377
CC[C@@H](C(=O)Nc1cccc2c(-c3nc(Nc4cn(C)nc4OC)ncc3C)c[nH]c12)N1CCN(C)CC1,267.0886075949367,JAK1-selective,-67.69472,32.435535
CC[C@@H](C(=O)Nc1cccc2c(-c3nc(Nc4cn(C)nc4OC)ncc3F)c[nH]c12)N1CCN(C)CC1,101.35135135135135,JAK1-selective,-72.008224,31.513777
CC[C@@H](C)CS(=O)(=O)C[C@H]1C[C@@H](N(C)c2ncnc3[nH]ccc23)C1,14.166666666666668,JAK1-selective,-67.99929,-15.040926
CC[C@@H]1CN(C(=O)NCC(F)(F)F)C[C@@H]1c1cnc2cnc3[nH]ccc3n12,12.8,JAK1-selective,-28.159842,-16.916405
CC[C@@](C)(Nc1ccnc(-c2c[nH]c3ncccc23)n1)C(=O)NCC(F)(F)F,6.5,JAK1-selective,-27.205297,21.165174
CC[C@H](C(=O)N1CC(C#N)C1)n1c(=O)c2cc(OC)c(OC)cc2c2cnc3[nH]ccc3c21,8.783382789317507,JAK1-selective,-29.230043,-20.43825
CC[C@H](C(=O)Nc1cccc2c(-c3ccnc(Nc4cn(C)nc4OC)n3)c[nH]c12)N1CCN(C)CC1,534.6153846153846,JAK1-selective,-69.709206,35.45753
CC[C@H](C(=O)Nc1cccc2c(-c3nc(Nc4cccc(S(C)(=O)=O)c4F)ncc3C)c[nH]c12)N1CCCN(C)CC1,322.6666666666667,JAK1-selective,-92.20186,2.483708
CC[C@H](C(=O)Nc1cccc2c(-c3nc(Nc4cccc(S(C)(=O)=O)c4F)ncc3C)c[nH]c12)N1CCN(C)CC1,810.0,JAK1-selective,-92.08965,2.4946382
CC[C@H](C(=O)Nc1cccc2c(-c3nc(Nc4cccc(S(C)(=O)=O)c4F)ncc3C)c[nH]c12)N1CCN(C)C[C@@H]1C,204.0,JAK1-selective,-90.65916,2.172566
CC[C@H](C(=O)Nc1cccc2c(-c3nc(Nc4cccc(S(C)(=O)=O)c4F)ncc3C)c[nH]c12)N1CCN(C)C[C@H]1C,1608.1081081081081,JAK1-selective,-90.65916,2.172566
CC[C@H](C(=O)Nc1cccc2c(-c3nc(Nc4cccc(S(C)(=O)=O)c4F)ncc3C)c[nH]c12)N1C[C@@H](C)N[C@H](C)C1,152.0,JAK1-selective,-90.03372,1.8783519
CC[C@H](C(=O)Nc1cccc2c(-c3nc(Nc4cccc(S(C)(=O)=O)c4F)ncc3F)c[nH]c12)N1CCCN(C)CC1,1350.0,JAK1-selective,-93.08462,2.933322
CC[C@H](C(=O)Nc1cccc2c(-c3nc(Nc4cccc(S(C)(=O)=O)c4F)ncc3F)c[nH]c12)N1CCN(C)CC1,2081.818181818182,JAK1-selective,-93.037224,2.91546
CC[C@H](C(=O)Nc1cccc2c(-c3nc(Nc4cccc(S(C)(=O)=O)c4F)ncc3F)c[nH]c12)N1CCN(C)C[C@@H]1C,693.3333333333334,JAK1-selective,-89.17416,1.4893974
CC[C@H](C(=O)Nc1cccc2c(-c3nc(Nc4cccc(S(C)(=O)=O)c4F)ncc3F)c[nH]c12)N1C[C@@H](C)N[C@H](C)C1,279.6875,JAK1-selective,-88.87143,1.3342581
CC[C@H](C(=O)Nc1cccc2c(-c3nc(Nc4cn(C)nc4C)ncc3F)c[nH]c12)N1CCN(C)CC1,442.5,JAK1-selective,-71.95686,30.23377
CC[C@H](C(=O)Nc1cccc2c(-c3nc(Nc4cn(C)nc4OC)ncc3C)c[nH]c12)N1CCN(C)CC1,487.5,JAK1-selective,-67.69472,32.435535
CC[C@H](C(=O)Nc1cccc2c(-c3nc(Nc4cn(C)nc4OC)ncc3F)c[nH]c12)N1CCN(C)CC1,1063.3333333333333,JAK1-selective,-72.007164,31.514017
CC[C@H](C)CS(=O)(=O)C[C@H]1C[C@@H](N(C)c2ncnc3[nH]ccc23)C1,25.5,JAK1-selective,-67.99926,-15.040927
CC[C@H](Cn1ccc2cnc(Nc3cnn(CC(=O)O[C@@H]4C[C@@H](C(=O)OC(C)C)N(C)C4)c3)nc21)C(C)C,5.5,JAK1-selective,18.913954,14.692301
CC[N+]1(C2CC[C@H](n3cc(C(N)=O)c(Nc4ccc(Cl)cc4)n3)[C@@H](C#N)C2)CCC1,28.0,JAK1-selective,83.03283,3.0495617
CCc1cc(O)c(F)cc1-c1cc(N)c(C(=N)C(=O)NC)c(NCc2ccccc2N(CC)S(C)(=O)=O)n1,6.352941176470589,JAK1-selective,13.033208,-11.263124
CCc1cc(O)c(F)cc1-c1cc(N)c(C(=N)C(N)=O)c(NCc2ccccc2N(C)S(=O)(=O)c2ccccc2)n1,5.021739130434783,JAK1-selective,13.655168,-11.632595
CCc1cc(O)c(F)cc1-c1cc2[nH]nc(-c3nc(C)c(C)[nH]3)c2c(NCc2ccccc2N(C)S(C)(=O)=O)n1,5.245283018867925,JAK1-selective,10.30012,-14.555634
CCc1cc(O)c(F)cc1-c1cc2[nH]nc(-n3cccn3)c2c(NCc2ccccc2N(C)S(C)(=O)=O)n1,5.75609756097561,JAK1-selective,10.351469,-14.526485
CCc1cc(O)c(F)cc1-c1cc2[nH]nc(C(=O)NC)c2c(NCc2cc(Cl)ccc2N(C)S(C)(=O)=O)n1,5.096774193548387,JAK1-selective,8.624306,-17.667633
CCc1cc(O)c(F)cc1-c1cc2[nH]nc(C(=O)NC)c2c(NCc2cc(F)ccc2N(C)S(C)(=O)=O)n1,5.411764705882352,JAK1-selective,9.155523,-17.414373
CCc1cc(O)c(F)cc1-c1cc2[nH]nc(C(=O)NC)c2c(NCc2cc(O)ccc2N(C)S(C)(=O)=O)n1,5.384615384615384,JAK1-selective,9.219393,-17.432007
CCc1cc(O)c(F)cc1-c1cc2[nH]nc(C(=O)NC)c2c(NCc2ccc(O)cc2N(C)S(C)(=O)=O)n1,5.666666666666667,JAK1-selective,9.285939,-17.429188
CCc1cc(O)c(F)cc1-c1cc2[nH]nc(C(=O)NC)c2c(NCc2ccccc2N(C)S(=O)(=O)CC)n1,5.052631578947368,JAK1-selective,10.368475,-17.47334
CCc1cc(O)c(F)cc1-c1cc2[nH]nc(C(=O)NC)c2c(NCc2ccccc2N(C)S(C)(=O)=O)n1,6.555555555555555,JAK1-selective,10.157484,-17.38647
CCc1cc(O)c(F)cc1-c1cc2[nH]nc(C(=O)NC)c2c(NCc2ccccc2N(CC)S(=O)(=O)CC)n1,5.0,JAK1-selective,10.331331,-17.560598
CCc1cc(O)c(F)cc1-c1cc2[nH]nc(C(=O)NC)c2c(NCc2ccccc2N(CC)S(C)(=O)=O)n1,6.352941176470589,JAK1-selective,10.217756,-17.474548
CCc1cc(O)c(F)cc1-c1cc2[nH]nc(C(=O)NC)c2c(N[C@H](C)c2ccccc2N(C)S(C)(=O)=O)n1,6.25,JAK1-selective,9.968746,-18.164448
CCc1cc(O)c(F)cc1-c1cc2[nH]nc(C(N)=O)c2c(NCc2ccc(O)cc2N(C)S(C)(=O)=O)n1,5.8,JAK1-selective,9.117242,-16.955505
CCc1cc(O)c(F)cc1-c1cc2[nH]nc(C(N)=O)c2c(NCc2ccccc2N(C)S(=O)(=O)c2ccccc2)n1,5.021739130434783,JAK1-selective,11.63448,-16.798454
CCc1cc(O)c(F)cc1-c1cc2[nH]ncc2c(N(C)Cc2ccccc2N(C)S(C)(=O)=O)n1,5.666666666666666,JAK1-selective,10.307329,-9.900341
CCc1cc(O)c(F)cc1-c1cc2[nH]ncc2c(NCc2ccccc2N(CC)S(=O)(=O)CC)n1,5.374999999999999,JAK1-selective,10.658422,-10.391677
CCc1cc(O)ccc1-c1cc(N)c(C=N)c(N2CC(Oc3ccccc3)C2)n1,6.8512396694214885,JAK1-selective,10.192909,-6.156751
CCc1cc(O)ccc1-c1cc(N)c(C=N)c(NCc2ccccc2N(C)SC)n1,5.0,JAK1-selective,10.855381,-7.6652937
CCc1cc(O)ccc1-c1cc2[nH]ncc2c(N2CC(Oc3cc(C#N)ccc3Cl)C2)n1,11.851851851851851,JAK1-selective,9.558466,-4.8926454
CCc1cc(O)ccc1-c1cc2[nH]ncc2c(N2CC(Oc3ccccc3)C2)n1,6.8512396694214885,JAK1-selective,9.652967,-5.6812744
CCc1cc(O)ccc1-c1cc2[nH]ncc2c(NCc2ccccc2N(C)SC)n1,5.0,JAK1-selective,10.000516,-7.6140637
CCc1ccc(NC(=O)N2CC(CC#N)(n3cc(C(N)=O)c(Nc4ccccc4)n3)C2)cc1,14.0,JAK1-selective,17.93731,60.168655
CCc1cccc(C)c1NC(=O)N1CC(CC#N)(n2cc(C(N)=O)c(Nc3ccccc3)n2)C1,12.702127659574469,JAK1-selective,17.418854,60.86717
CCc1cccc(NC(=O)N2CC(CC#N)(n3cc(C(N)=O)c(Nc4ccccc4)n3)C2)c1,18.0,JAK1-selective,17.327785,60.520626
CCc1ccccc1NC(=O)N1CC(CC#N)(n2cc(C(N)=O)c(Nc3ccccc3)n2)C1,18.9375,JAK1-selective,17.943329,60.608517
CCc1nc2cnc3ccsc3c2n1[C@@H]1CC[C@@H](CC#N)[C@@H](O)C1,20.0,JAK1-selective,-66.21935,9.781648
CCc1nc2cnc3ccsc3c2n1[C@@H]1CC[C@@H](CC#N)[C@H](O)C1,5.0,JAK1-selective,-66.21935,9.781648
CCc1nc2cnc3ccsc3c2n1[C@@H]1CC[C@H](CC#N)[C@@H](O)C1,250.0,JAK1-selective,-66.21935,9.781648
CCc1nc2cnc3ccsc3c2n1[C@H]1CC[C@H](CC#N)CC1,10.0,JAK1-selective,-64.94985,9.40812
CCc1nc2cnc3ccsc3c2n1[C@H]1CC[C@H](CC#N)OC1,10.0,JAK1-selective,-66.99497,8.884005
CCc1nc2cnc3ccsc3c2n1[C@H]1CC[C@H](CC#N)[C@@H](O)C1,10.0,JAK1-selective,-66.21935,9.781648
CCc1nc2cnc3ccsc3c2n1[C@H]1CC[C@H](CC#N)[C@H](O)C1,20.0,JAK1-selective,-66.21935,9.781648
CCc1nn(C)cc1Nc1ncc(C)c(-c2c[nH]c3c(NC(=O)[C@@H](C)N4CCN(C)CC4)cccc23)n1,156.2962962962963,JAK1-selective,-67.36556,30.849483
CCn1cc(Nc2ncc(C)c(-c3c[nH]c4c(NC(=O)[C@@H](C)N5CCN(C)CC5)cccc34)n2)c(OC)n1,520.5882352941177,JAK1-selective,-67.7015,31.798515
CCn1cc(Nc2nccc(N3C[C@H]4CC[C@@H](C3)N4C(=O)[C@@H]3C[C@H]3C#N)n2)cn1,5.153846153846154,JAK1-selective,6.718188,9.290994
CCn1ccnc1CN1CCC(CC#N)(n2cc(C(N)=O)c(Nc3ccnc(F)c3)n2)CC1,14.9,JAK1-selective,60.168636,47.332035
CCn1ccnc1CN1CC[C@@H](C#N)[C@H](n2cc(C(N)=O)c(Nc3ccc(F)cc3)n2)C1,5.5,JAK1-selective,38.561596,-12.467624
CCn1ccnc1CN1CC[C@@H](n2cc(C(N)=O)c(Nc3ccc(F)cc3)n2)[C@H](C#N)C1,11.714285714285714,JAK1-selective,38.61327,-12.583936
CCn1nc(Nc2cc(O[C@H]3CC[C@@H](NC[C@@H](O)C(F)(F)F)CC3)cc3c2ncn3C)cc1C,165.93001841620628,JAK1-selective,-20.130182,-7.305783
CN(C(=O)CC#N)C1CCN(c2nccc(-c3cnc4[nH]ccc4c3N[C@@H]3CCCN(C(=O)CC#N)C3)n2)C1,5.5,JAK1-selective,-43.514103,-27.853003
CN(C(=O)CC#N)[C@@H]1CCN(c2ncnc3[nH]ccc23)C1,42.640181818181816,JAK1-selective,-54.02025,-34.419403
CN(C(=O)Nc1ccc(C(F)(F)F)cc1)[C@@H]1CCN(c2ncnc3[nH]ccc23)C1,10.0,JAK1-selective,-54.50656,-36.88912
CN(C(=O)Nc1cccc(C#N)c1)[C@@H]1CCN(c2ncnc3[nH]ccc23)C1,10.0,JAK1-selective,-53.832508,-34.63576
CN(C(=O)OC(C)(C)C)[C@H]1CCN(S(=O)(=O)C[C@H]2CC[C@H](N(C)c3ncnc4[nH]ccc34)CC2)C1,11.722141823444284,JAK1-selective,-16.537601,-29.057495
CN(C(=O)[C@@H]1CC[C@@](CC#N)(n2nc(Nc3ccc4c(c3)CN(C(C)(C)C)S4(=O)=O)c3c(=O)[nH]ccc32)CO1)C(C)(C)C,20.699999999999996,JAK1-selective,51.999355,-42.84329
CN(C(C1CC1)C1CC1)[C@@H]1CC[C@H](n2cc(C(N)=O)c(Nc3ccc(S(=O)(=O)C(F)(F)F)cc3)n2)[C@@H](C#N)C1,24.285714285714285,JAK1-selective,72.790146,-25.49072
CN(C(C1CC1)C1CC1)[C@H]1CC[C@H](n2cc(C(N)=O)c(Nc3ccc(S(=O)(=O)C(F)(F)F)cc3)n2)[C@@H](C#N)C1,13.333333333333334,JAK1-selective,72.790146,-25.49072
CN(C)C(=O)[C@@H]1CC[C@@](CC#N)(n2nc(Nc3ccc(Cl)cc3)c3c(=O)[nH]ccc32)CO1,10.869565217391305,JAK1-selective,35.80588,-52.948532
CN(C)C(=O)c1coc(-c2cnc3[nH]ccc3c2N[C@@H]2CCCN(C(=O)CC#N)C2)n1,5.5,JAK1-selective,-40.484295,-26.5697
CN(C)C1CN(C[C@H]2CC[C@H](c3nnn4cnc5[nH]ccc5c34)CC2)C1,9.35064935064935,JAK1-selective,-24.322865,-47.930557
CN(C)CC(=O)N1CCC(CC#N)(n2cc(C(N)=O)c(Nc3ccccc3)n2)CC1,24.46153846153846,JAK1-selective,22.781733,49.910793
CN(C)CC(=O)N1CCC(CC#N)(n2nc(Nc3ccc(S(=O)(=O)N(C)C)cc3)c3c(=O)[nH]ccc32)CC1,7.953846153846153,JAK1-selective,28.497253,-33.978157
CN(C)CC(C)(C)COC(=O)N1CC[C@@H](C#N)[C@H](n2cc(C(N)=O)c(Nc3ccc(F)cc3)n2)C1,27.75,JAK1-selective,36.023846,0.42354032
CN(C)CC(C)(C)COC(=O)N1CC[C@@H](n2cc(C(N)=O)c(Nc3ccc(F)cc3)n2)[C@H](C#N)C1,17.0,JAK1-selective,35.759636,0.58230567
CN(C)CC1CCC(n2cc(C(N)=O)c(Nc3ccc(F)cc3)n2)[C@H](C#N)C1,32.45454545454545,JAK1-selective,50.484837,-11.827832
CN(C)CCCOC(=O)N1CC(CC#N)(n2cc(C(N)=O)c(Nc3ccccc3)n2)C1,7.405,JAK1-selective,21.911589,59.197784
CN(C)CCOC(=O)N1CC[C@@H](C#N)[C@H](n2cc(C(N)=O)c(Nc3ccc(F)cc3)n2)C1,39.111111111111114,JAK1-selective,34.973846,-0.006605479
CN(C)CCOC(=O)N1CC[C@@H](n2cc(C(N)=O)c(Nc3ccc(F)cc3)n2)[C@H](C#N)C1,44.44,JAK1-selective,34.65682,0.10640345
CN(C)C[C@H]1CC[C@H](N2CNC(=O)c3cnc4[nH]ccc4c32)CC1,6.2727272727272725,JAK1-selective,-36.187138,-14.119197
CN(C)C[C@H]1CC[C@H](c2nnn3cnc4[nH]ccc4c23)CC1,17.105263157894736,JAK1-selective,-24.35545,-49.06675
CN(C)Cc1cc(C#N)cc(C(=O)N2CCC(N3CC(CC#N)(n4cc(-c5ncnc6[nH]ccc56)cn4)C3)CC2)n1,20.0,JAK1-selective,-41.408737,50.320805
CN(C)Cc1cc(C(=O)N2CCC(N3CC(CC#N)(n4cc(-c5ncnc6[nH]ccc56)cn4)C3)CC2)nc(C(F)(F)F)n1,6.123726677857807,JAK1-selective,-50.033127,54.353565
CN(C)S(=O)(=O)CCNC1CC[C@H](n2cc(C(N)=O)c(Nc3ccc(S(=O)(=O)C(F)(F)F)cc3)n2)[C@@H](C#N)C1,13.0,JAK1-selective,73.72678,-23.66938
CN(C)S(=O)(=O)C[C@H]1CCCN(S(=O)(=O)C[C@H]2CC[C@H](N(C)c3ncnc4[nH]ccc34)CC2)C1,6.5974025974025965,JAK1-selective,-16.126413,-25.70373
CN(C)S(=O)(=O)c1ccc(Nc2nn(C3(CC#N)CCN(C(=O)C(C)(C)C)CC3)c3cc[nH]c(=O)c23)cc1,5.545454545454545,JAK1-selective,29.205591,-34.39024
CN(C)S(=O)(=O)c1ccc(Nc2nn(C3(CC#N)CCN(C(=O)C45CC6C[C@H](C4)C[C@@H](C6)C5)CC3)c3cc[nH]c(=O)c23)cc1,9.797979797979798,JAK1-selective,28.059574,-33.717808
CN(C)S(=O)(=O)c1ccc(Nc2nn(C3(CC#N)CCN(C(=O)C4CC(F)(F)C4)CC3)c3cc[nH]c(=O)c23)cc1,5.666666666666667,JAK1-selective,27.978815,-33.648403
CN(C)S(=O)(=O)c1ccc(Nc2nn(C3(CC#N)CCN(C(=O)C4CCCCC4)CC3)c3cc[nH]c(=O)c23)cc1,7.5625,JAK1-selective,27.521107,-33.18294
CN(C)S(=O)(=O)c1ccc(Nc2nn(C3(CC#N)CCN(C(=O)C4CCOCC4)CC3)c3cc[nH]c(=O)c23)cc1,8.0,JAK1-selective,26.960682,-31.954649
CN(C)S(=O)(=O)c1ccc(Nc2nn(C3(CC#N)CCN(C(=O)CC(C)(C)C)CC3)c3cc[nH]c(=O)c23)cc1,9.428571428571429,JAK1-selective,29.161648,-34.366936
CN(C)S(=O)(=O)c1ccc(Nc2nn(C3(CC#N)CCN(C(=O)CC4CC4)CC3)c3cc[nH]c(=O)c23)cc1,6.294117647058823,JAK1-selective,27.48594,-33.27456
CN(C)S(=O)(=O)c1ccc(Nc2nn(C3(CC#N)CCN(C(=O)CCC4CC4)CC3)c3cc[nH]c(=O)c23)cc1,8.214285714285714,JAK1-selective,27.527903,-33.301537
CN(C)S(=O)(=O)c1ccc(Nc2nn(C3(CC#N)CCN(C(=O)CN4CCCC4=O)CC3)c3cc[nH]c(=O)c23)cc1,12.076923076923077,JAK1-selective,28.458199,-34.03321
CN(C)S(=O)(=O)c1ccc(Nc2nn(C3(CC#N)CCN(C(=O)Cc4ccc(C(F)(F)F)cc4)CC3)c3cc[nH]c(=O)c23)cc1,6.428571428571428,JAK1-selective,30.31566,-35.007618
CN(C)S(=O)(=O)c1ccc(Nc2nn(C3(CC#N)CCN(C(=O)OC4CCOC4)CC3)c3cc[nH]c(=O)c23)cc1,5.6875,JAK1-selective,26.897188,-31.549133
CN(C)S(=O)(=O)c1ccc(Nc2nn(C3(CC#N)CCN(C(=O)OC4CCOCC4)CC3)c3cc[nH]c(=O)c23)cc1,7.500000000000001,JAK1-selective,26.958422,-31.611864
CN(C)S(=O)(=O)c1ccc(Nc2nn(C3(CC#N)CCN(C(=O)OC4CCSCC4)CC3)c3cc[nH]c(=O)c23)cc1,5.37037037037037,JAK1-selective,28.008553,-32.462532
CN(C)S(=O)(=O)c1ccc(Nc2nn(C3(CC#N)CCN(C(=O)OCC(C)(C)C)CC3)c3cc[nH]c(=O)c23)cc1,6.844444444444444,JAK1-selective,29.69456,-33.560085
CN(C)S(=O)(=O)c1ccc(Nc2nn(C3(CC#N)CCN(C(=O)c4ccc(Cl)cc4)CC3)c3cc[nH]c(=O)c23)cc1,11.11111111111111,JAK1-selective,26.534473,-34.8467
CN(C)S(=O)(=O)c1ccc(Nc2nn(C3(CC#N)CCN(C(=O)c4cccc(Cl)c4)CC3)c3cc[nH]c(=O)c23)cc1,8.521739130434781,JAK1-selective,26.607233,-34.895226
CN(C)S(=O)(=O)c1ccc(Nc2nn(C3(CC#N)CCN(C(=O)c4ccccc4)CC3)c3cc[nH]c(=O)c23)cc1,9.940828402366865,JAK1-selective,27.31407,-34.9855
CN(C)S(=O)(=O)c1ccc(Nc2nn(C3(CC#N)CCN(C(=O)c4ccccc4Cl)CC3)c3cc[nH]c(=O)c23)cc1,10.345679012345679,JAK1-selective,26.834904,-34.872528
CN(C)S(=O)(=O)c1ccc(Nc2nn(C3(CC#N)CCN(CCCc4ccccc4)CC3)c3cc[nH]c(=O)c23)cc1,5.3584905660377355,JAK1-selective,24.973001,-37.425987
CN(C)S(=O)(=O)c1ccc(Nc2nn(C3(CC#N)CCN(Cc4cccc5[nH]ccc45)CC3)c3cc[nH]c(=O)c23)cc1,5.415584415584416,JAK1-selective,24.64438,-37.94272
CN(C)[C@@H]1CCC(n2cc(C(N)=O)c(Nc3ccc(S(=O)(=O)C(F)(F)F)cc3)n2)[C@@H](C#N)C1,23.23786822416114,JAK1-selective,72.606064,-25.613256
CN(C)[C@@H]1CCN(C[C@H]2CC[C@H](c3nnn4cnc5[nH]ccc5c34)CC2)C1,10.952380952380953,JAK1-selective,-24.279264,-47.755547
CN(C)[C@@H]1CC[C@@H](n2cc(C(N)=O)c(Nc3ccc(C(F)(F)F)nc3)n2)[C@H](C#N)C1,13.333333333333334,JAK1-selective,61.868446,-12.451893
CN(C)[C@@H]1CC[C@@H](n2cc(C(N)=O)c(Nc3ccc(OC(F)F)nc3)n2)[C@H](C#N)C1,10.476190476190476,JAK1-selective,60.180023,-11.454073
CN(C)[C@@H]1CC[C@H](n2cc(C(N)=O)c(Nc3ccc(C(F)(F)F)cc3)n2)[C@@H](C#N)C1,60.00000000000001,JAK1-selective,64.46783,-12.742545
CN(C)[C@@H]1CC[C@H](n2cc(C(N)=O)c(Nc3ccc(C(F)(F)F)nc3)n2)[C@@H](C#N)C1,19.375,JAK1-selective,61.868446,-12.451893
CN(C)[C@@H]1CC[C@H](n2cc(C(N)=O)c(Nc3ccc(Cl)c(F)c3)n2)[C@@H](C#N)C1,24.714285714285715,JAK1-selective,74.97135,3.422217
CN(C)[C@@H]1CC[C@H](n2cc(C(N)=O)c(Nc3ccc(Cl)cc3)n2)[C@@H](C#N)C1,36.0,JAK1-selective,86.30467,4.9853997
CN(C)[C@@H]1CC[C@H](n2cc(C(N)=O)c(Nc3ccc(OC(F)(F)F)cc3)n2)[C@@H](C#N)C1,18.4,JAK1-selective,63.49638,-12.642614
CN(C)[C@@H]1CC[C@H](n2cc(C(N)=O)c(Nc3ccc(OC(F)F)cc3)n2)[C@@H](C#N)C1,32.0,JAK1-selective,60.362392,-11.568128
CN(C)[C@@H]1CC[C@H](n2cc(C(N)=O)c(Nc3ccc(OC(F)F)nc3)n2)[C@@H](C#N)C1,14.285714285714286,JAK1-selective,60.180077,-11.454303
CN(C)[C@@H]1CC[C@H](n2cc(C(N)=O)c(Nc3ccnc(F)c3)n2)[C@@H](C#N)C1,21.166666666666668,JAK1-selective,69.20952,9.140038
CN(C)[C@@H]1CC[C@H](n2nc(Nc3ccc(Cl)c(F)c3)c3c(=O)[nH]ccc32)[C@@H](C#N)C1,12.666666666666666,JAK1-selective,16.417048,-85.25325
CN(C)[C@@H]1CC[C@H](n2nc(Nc3ccc(Cl)cc3)c3c(=O)[nH]ccc32)[C@@H](C#N)C1,39.285714285714285,JAK1-selective,16.01284,-84.63419
CN(C)[C@@H]1CC[C@H](n2nc(Nc3ccc(OC(F)(F)F)cc3)c3c(=O)[nH]ccc32)[C@@H](C#N)C1,22.916666666666668,JAK1-selective,16.595049,-81.49402
CN(C)[C@H]1CCC(n2cc(C(N)=O)c(Nc3ccc(S(=O)(=O)C(F)(F)F)cc3)n2)[C@@H](C#N)C1,27.38610894512735,JAK1-selective,72.606064,-25.613256
CN(C)[C@H]1CCN(C[C@H]2CC[C@H](c3nnn4cnc5[nH]ccc5c34)CC2)C1,5.416666666666667,JAK1-selective,-24.279264,-47.755547
CN(C)[C@H]1CC[C@@H](n2cc(C(N)=O)c(Nc3ccc(C(F)(F)F)nc3)n2)[C@H](C#N)C1,16.0,JAK1-selective,61.868446,-12.451893
CN(C)[C@H]1CC[C@@](CC#N)(n2nc(Nc3ccc4c(c3)CN(C(C)(C)C)S4(=O)=O)c3c(=O)[nH]ccc32)CC1,13.1055900621118,JAK1-selective,47.959282,-41.908134
CN(C)[C@H]1CC[C@H](c2nnn3cnc4[nH]ccc4c23)CC1,9.130434782608695,JAK1-selective,-24.901127,-46.7546
CN(C)[C@H]1CC[C@H](n2cc(C(N)=O)c(Nc3ccc(C(F)(F)F)cc3)n2)[C@@H](C#N)C1,46.66666666666667,JAK1-selective,64.46783,-12.742545
CN(C)[C@H]1CC[C@H](n2cc(C(N)=O)c(Nc3ccc(C(F)(F)F)nc3)n2)[C@@H](C#N)C1,18.125,JAK1-selective,61.868446,-12.451893
CN(C)[C@H]1CC[C@H](n2cc(C(N)=O)c(Nc3ccc(Cl)c(F)c3)n2)[C@@H](C#N)C1,29.0,JAK1-selective,74.97135,3.422217
CN(C)[C@H]1CC[C@H](n2cc(C(N)=O)c(Nc3ccc(Cl)cc3)n2)[C@@H](C#N)C1,41.81818181818181,JAK1-selective,86.30467,4.9853997
CN(C)[C@H]1CC[C@H](n2cc(C(N)=O)c(Nc3ccc(F)cc3)n2)[C@@H](C#N)C1,22.0,JAK1-selective,49.85513,-12.1395855
CN(C)[C@H]1CC[C@H](n2cc(C(N)=O)c(Nc3ccc(OC(F)(F)F)cc3)n2)[C@@H](C#N)C1,24.0,JAK1-selective,63.49638,-12.642614
CN(C)[C@H]1CC[C@H](n2cc(C(N)=O)c(Nc3ccc(OC(F)F)cc3)n2)[C@@H](C#N)C1,32.5,JAK1-selective,60.362583,-11.56816
CN(C)[C@H]1CC[C@H](n2cc(C(N)=O)c(Nc3ccccc3)n2)[C@@H](C#N)C1,49.230769230769226,JAK1-selective,52.7108,-0.5738517
CN(C)[C@H]1CC[C@H](n2cc(C(N)=O)c(Nc3ccnc(F)c3)n2)[C@@H](C#N)C1,36.666666666666664,JAK1-selective,69.20952,9.140038
CN(C)[C@H]1CC[C@H](n2nc(Nc3ccc(Cl)c(F)c3)c3c(=O)[nH]ccc32)[C@@H](C#N)C1,23.333333333333332,JAK1-selective,16.417671,-85.25399
CN(C)[C@H]1CC[C@H](n2nc(Nc3ccc(Cl)cc3)c3c(=O)[nH]ccc32)[C@@H](C#N)C1,32.35294117647059,JAK1-selective,16.01284,-84.63419
CN(C)[C@H]1CC[C@H](n2nc(Nc3ccc(OC(F)(F)F)cc3)c3c(=O)[nH]ccc32)[C@@H](C#N)C1,21.21212121212121,JAK1-selective,16.595049,-81.49402
CN(C)[C@H]1CC[C@](CC#N)(n2nc(Nc3ccc4c(c3)CN(C(C)(C)C)S4(=O)=O)c3c(=O)[nH]ccc32)CC1,19.26086956521739,JAK1-selective,47.959282,-41.908134
CN(C)c1ccc(C(=O)N2CCC(CC#N)(n3cc(C(N)=O)c(Nc4ccccc4)n3)CC2)cc1,16.428571428571427,JAK1-selective,23.831388,48.373093
CN(C)c1ccc2cc(Nc3nn([C@]4(CC#N)CCCOC4)c4cc[nH]c(=O)c34)ccc2n1,15.333333333333332,JAK1-selective,40.275455,-48.11901
CN(C12CC(C1)C2)S(=O)(=O)C[C@H]1C[C@@H](N(C)c2ncnc3[nH]ccc23)C1,18.678571428571427,JAK1-selective,-66.746635,-13.918392
CN(C1CCC1)S(=O)(=O)C[C@H]1C[C@@H](N(C)c2ncnc3[nH]ccc23)C1,27.0,JAK1-selective,-69.56949,-13.780611
CN(C1CCC1)[C@H]1CC[C@@H](n2cc(C(N)=O)c(Nc3ccc(C(F)(F)F)cc3)n2)[C@H](C#N)C1,40.0,JAK1-selective,64.64912,-12.697383
CN(C1CCCOC1)S(=O)(=O)C[C@H]1C[C@@H](N(C)c2ncnc3[nH]ccc23)C1,49.275,JAK1-selective,-67.72988,-19.458153
CN(C1CCOC1)S(=O)(=O)C[C@H]1C[C@@H](N(C)c2ncnc3[nH]ccc23)C1,24.833333333333332,JAK1-selective,-67.64849,-19.569267
CN(CC#N)C[C@H]1CC[C@H](N2CN(C3CC3)C(=O)c3cnc4[nH]ccc4c32)CC1,8.333333333333334,JAK1-selective,-39.68331,-13.833754
CN(CC#N)C[C@H]1CC[C@H](N2CN(CC(F)(F)F)C(=O)c3cnc4[nH]ccc4c32)CC1,6.7272727272727275,JAK1-selective,-39.010605,-11.220456
CN(CC(F)(F)F)C[C@H]1CC[C@H](N2CN(CC#N)C(=O)c3cnc4[nH]ccc4c32)CC1,7.555555555555555,JAK1-selective,-39.041737,-11.262798
CN(CC(F)(F)F)C[C@H]1CC[C@H](n2c(=O)[nH]c(=O)c3cnc4[nH]ccc4c32)CC1,15.9375,JAK1-selective,-33.956005,-10.598257
CN(CC(F)(F)F)S(=O)(=O)C[C@H]1C[C@@H](N(C)c2ncnc3[nH]ccc23)C1,27.0,JAK1-selective,-73.81404,-12.527883
CN(CC(F)(F)F)[C@H]1CCC(n2cc(C(N)=O)c(Nc3ccnc(F)c3)n2)[C@@H](C#N)C1,6.0,JAK1-selective,69.125595,8.945294
CN(CC(F)F)[C@H]1CC[C@H](n2cc(C(N)=O)c(Nc3ccc(S(=O)(=O)C(F)(F)F)cc3)n2)[C@@H](C#N)C1,9.666666666666666,JAK1-selective,72.819374,-25.559366
CN(CC1(C)COC1)[C@H]1CCC(n2cc(C(N)=O)c(Nc3ccc(Cl)cc3)n2)[C@@H](C#N)C1,11.0,JAK1-selective,85.65078,5.483208
CN(CC1CC1)[C@@H]1CC[C@H](n2cc(C(N)=O)c(Nc3ccc(C(F)(F)F)cc3)n2)[C@@H](C#N)C1,33.75,JAK1-selective,64.64974,-13.773674
CN(CC1CCCO1)S(=O)(=O)C[C@H]1C[C@@H](N(C)c2ncnc3[nH]ccc23)C1,38.11290322580645,JAK1-selective,-68.115295,-18.74156
CN(CCC#N)S(=O)(=O)N[C@H]1C[C@@H](N(C)c2ncnc3[nH]ccc23)C1,18.727272727272727,JAK1-selective,-57.347176,-16.519701
CN(CCC(F)(F)F)[C@@H]1CC[C@H](n2cc(C(N)=O)c(Nc3ccc(S(=O)(=O)C(F)(F)F)cc3)n2)[C@@H](C#N)C1,16.363636363636363,JAK1-selective,72.714554,-25.662128
CN(CCC(F)(F)F)[C@H]1CC[C@H](n2cc(C(N)=O)c(Nc3ccc(S(=O)(=O)C(F)(F)F)cc3)n2)[C@@H](C#N)C1,15.5,JAK1-selective,72.714554,-25.662128
CN(CCCO)Cc1cc(C(=O)N2CCC(N3CC(CC#N)(n4cc(-c5ncnc6[nH]ccc56)cn4)C3)CC2)nc(C(F)(F)F)n1,6.123726677857807,JAK1-selective,-50.084267,54.27074
CN(CCO)C[C@H]1CC[C@H](c2nnn3cnc4[nH]ccc4c23)CC1,10.526315789473685,JAK1-selective,-24.40804,-49.116528
CN(CCS(C)(=O)=O)C1CCC(CC#N)(n2cc(C(N)=O)c(Nc3ccc(F)cc3)n2)CC1,37.0,JAK1-selective,32.709793,31.97348
CN(C[C@H]1CC[C@H](N2CN(CC(F)(F)F)C(=O)c3cnc4[nH]ccc4c32)CC1)S(C)(=O)=O,5.8,JAK1-selective,-35.29806,-11.65494
CN(C[C@H]1CC[C@H](c2nnn3cnc4[nH]ccc4c23)CC1)c1ccc(C#N)cc1,6.153846153846154,JAK1-selective,-36.389145,-46.17165
CN(C[C@H]1CC[C@H](c2nnn3cnc4[nH]ccc4c23)CC1)c1ccc(F)cc1,7.894736842105263,JAK1-selective,-17.779976,-56.53877
CN(Cc1ccccc1N(C)S(C)(=O)=O)c1nc(-c2cc(F)c(O)cc2CC(F)(F)F)cc2[nH]ncc12,5.37037037037037,JAK1-selective,10.638907,-12.409871
CN(Cc1cccnc1)S(=O)(=O)C[C@H]1C[C@@H](N(C)c2ncnc3[nH]ccc23)C1,17.423728813559322,JAK1-selective,-65.838264,-10.941464
CN(Cc1ccncc1)S(=O)(=O)C[C@H]1C[C@@H](N(C)c2ncnc3[nH]ccc23)C1,12.313953488372093,JAK1-selective,-66.72715,-12.384352
CN(Cc1cnccn1)S(=O)(=O)C[C@H]1C[C@@H](N(C)c2ncnc3[nH]ccc23)C1,24.37142857142857,JAK1-selective,-66.34298,-11.727831
CN([C@H]1CCC(n2cc(C(N)=O)c(Nc3ccc(Cl)cc3)n2)[C@@H](C#N)C1)C(C)(C)C1CC1,38.0,JAK1-selective,86.41863,4.9011736
CN([C@H]1CCC(n2cc(C(N)=O)c(Nc3ccc(Cl)cc3)n2)[C@@H](C#N)C1)C1(C)COC1,10.769230769230768,JAK1-selective,85.63428,5.4919243
CN([C@H]1CC[C@H](n2cc(C(N)=O)c(Nc3ccc(Cl)cc3)n2)[C@@H](C#N)C1)C(C)(C)C,29.09090909090909,JAK1-selective,86.3986,4.8953724
CN([C@H]1CC[C@H](n2cc(C(N)=O)c(Nc3ccc(Cl)cc3)n2)[C@@H](C#N)C1)S(C)(=O)=O,6.0,JAK1-selective,85.99243,4.644502
CN(c1ccc(Br)cn1)[C@@H]1CCN(c2ncnc3[nH]ccc23)C1,10.0,JAK1-selective,-55.351532,-35.71616
CN(c1ccc(C(=O)Nc2cccs2)cn1)[C@@H]1CCN(c2ncnc3[nH]ccc23)C1,5.357142857142857,JAK1-selective,-54.398296,-36.286263
CN(c1ccc(C(=O)Nc2nccs2)cn1)[C@@H]1CCN(c2ncnc3[nH]ccc23)C1,5.357142857142857,JAK1-selective,-54.481586,-36.283676
CN(c1ccc(F)cc1CNc1nc(-c2cc(F)c(O)cc2CC(F)(F)F)cc2[nH]nc(C(N)=O)c12)S(C)(=O)=O,6.2272727272727275,JAK1-selective,19.553091,-21.149357
CN(c1ccc(NS(C)(=O)=O)cn1)[C@@H]1CCN(c2ncnc3[nH]ccc23)C1,10.0,JAK1-selective,-55.994087,-36.405807
CN(c1ccc(O)cc1CNc1nc(-c2cc(F)c(O)cc2CC(F)(F)F)cc(N)c1C(=N)C(N)=O)S(=O)(=O)c1ccccc1,6.245059288537549,JAK1-selective,16.517693,-14.585206
CN(c1ccc(O)cc1CNc1nc(-c2cc(F)c(O)cc2CC(F)(F)F)cc2[nH]nc(C(N)=O)c12)S(=O)(=O)c1ccccc1,6.245059288537549,JAK1-selective,15.097122,-20.720158
CN(c1ccc(O)cc1CNc1nc(-c2cc(F)c(O)cc2CC(F)(F)F)cc2[nH]nc(C(N)=O)c12)S(C)(=O)=O,6.428571428571428,JAK1-selective,19.193272,-21.246506
CN(c1ccc(O)cc1CNc1nc(-c2cc(F)c(O)cc2CC(F)(F)F)nc(N)c1C(=N)c1nc2c([nH]1)CCNC2)S(C)(=O)=O,6.303571428571429,JAK1-selective,19.228815,-15.022135
CN(c1ccc(O)cc1CNc1nc(-c2cc(F)c(O)cc2CC(F)(F)F)nc2[nH]nc(-c3nc4c([nH]3)CCNC4)c12)S(C)(=O)=O,6.303571428571429,JAK1-selective,19.505604,-16.110336
CN(c1ccc(S(=O)(=O)N2CCOCC2)cn1)[C@@H]1CCN(c2ncnc3[nH]ccc23)C1,10.0,JAK1-selective,-56.939503,-36.712944
CN(c1ccc(S(=O)(=O)NC2CCOCC2)cn1)[C@@H]1CCN(c2ncnc3[nH]ccc23)C1,10.0,JAK1-selective,-56.93639,-36.794655
CN(c1ccc(S(=O)(=O)NCCO)cn1)[C@@H]1CCN(c2ncnc3[nH]ccc23)C1,10.0,JAK1-selective,-56.276474,-36.74422
CN(c1ccc(S(N)(=O)=O)cn1)[C@@H]1CCN(c2ncnc3[nH]ccc23)C1,8.058823529411766,JAK1-selective,-56.254353,-36.564613
CN(c1ccccc1)C1CCC(CC#N)(n2cc(C(N)=O)c(Nc3ccnc(F)c3)n2)CC1,25.617437266323133,JAK1-selective,67.0713,37.820843
CN(c1ccncn1)[C@H]1CCN(c2ncnc3[nH]ccc23)C1,10.0,JAK1-selective,-55.246643,-35.63683
CN(c1ncc(Br)cn1)[C@@H]1CCN(c2ncnc3[nH]ccc23)C1,5.8510638297872335,JAK1-selective,-55.286762,-35.66624
CN(c1ncc(C#N)cn1)[C@H]1CCN(c2ncnc3[nH]ccc23)C1,5.8510638297872335,JAK1-selective,-54.697212,-34.596622
CN(c1ncc(F)cc1CNc1nc(-c2cc(F)c(O)cc2CC(F)(F)F)cc2[nH]nc(C(N)=O)c12)S(C)(=O)=O,6.677966101694914,JAK1-selective,19.900686,-21.571657
CN(c1ncnc2[nH]ccc12)[C@H]1CC[C@H](CS(=O)(=O)N2CC(c3nnn[nH]3)C2)CC1,6.445161290322581,JAK1-selective,-13.49483,-22.6988
CN(c1ncnc2[nH]ccc12)[C@H]1CC[C@H](CS(=O)(=O)N2CCC(C(C)(C)O)CC2)CC1,5.066666666666667,JAK1-selective,-13.800337,-25.646387
CN(c1ncnc2[nH]ccc12)[C@H]1CC[C@H](CS(=O)(=O)N2CCC(C)(O)CC2)CC1,5.439276485788113,JAK1-selective,-9.088875,-24.89429
CN(c1ncnc2[nH]ccc12)[C@H]1CC[C@H](CS(=O)(=O)N2CCC(COCC3CC3)CC2)CC1,14.69287469287469,JAK1-selective,-12.156396,-28.85093
CN(c1ncnc2[nH]ccc12)[C@H]1CC[C@H](CS(=O)(=O)N2CCC(CS(=O)(=O)CC3CC3)CC2)CC1,7.572649572649572,JAK1-selective,-15.340341,-22.894165
CN(c1ncnc2[nH]ccc12)[C@H]1CC[C@H](CS(=O)(=O)N2CCC(c3nc(CS(C)(=O)=O)no3)CC2)CC1,7.899159663865546,JAK1-selective,-15.861438,-22.89851
CN(c1ncnc2[nH]ccc12)[C@H]1CC[C@H](CS(=O)(=O)N2CCCC(C(F)(F)F)C2)CC1,7.4896551724137925,JAK1-selective,-15.346466,-25.244287
CN(c1ncnc2[nH]ccc12)[C@H]1CC[C@H](CS(=O)(=O)N2CCCC(CN3CCCC3)C2)CC1,8.445945945945946,JAK1-selective,-16.828375,-24.767561
CN(c1ncnc2[nH]ccc12)[C@H]1CC[C@H](CS(=O)(=O)N2CCCC(COc3ccc(F)cc3)C2)CC1,5.414551607445008,JAK1-selective,-10.909073,-28.901083
CN(c1ncnc2[nH]ccc12)[C@H]1CC[C@H](CS(=O)(=O)N2CCCC(OCC(N)=O)C2)CC1,6.1824324324324325,JAK1-selective,-14.731562,-28.369568
CN(c1ncnc2[nH]ccc12)[C@H]1CC[C@H](CS(=O)(=O)N2CCC[C@@H](O)C2)CC1,5.583333333333333,JAK1-selective,-15.92758,-25.920301
CN(c1ncnc2[nH]ccc12)[C@H]1CC[C@H](CS(=O)(=O)N2CCC[C@@H](OC(=O)C(C)(C)C)C2)CC1,5.682819383259912,JAK1-selective,-15.136746,-28.43785
CN(c1ncnc2[nH]ccc12)[C@H]1CC[C@H](CS(=O)(=O)N2CCC[C@@](C)(CO)C2)CC1,5.70945945945946,JAK1-selective,-9.016934,-25.160957
CN(c1ncnc2[nH]ccc12)[C@H]1CC[C@H](CS(=O)(=O)N2CCC[C@@](C)(O)C2)CC1,5.381578947368421,JAK1-selective,-8.990862,-25.190857
CN(c1ncnc2[nH]ccc12)[C@H]1CC[C@H](CS(=O)(=O)N2CCC[C@H](C#N)C2)CC1,11.845018450184503,JAK1-selective,-16.519142,-19.351116
CN(c1ncnc2[nH]ccc12)[C@H]1CC[C@H](CS(=O)(=O)N2CCC[C@H](CO)C2)CC1,8.375000000000002,JAK1-selective,-16.068443,-25.791416
CN(c1ncnc2[nH]ccc12)[C@H]1CC[C@H](CS(=O)(=O)N2CCC[C@H](CS(N)(=O)=O)C2)CC1,7.096774193548387,JAK1-selective,-16.36883,-24.95856
CN(c1ncnc2[nH]ccc12)[C@H]1CC[C@H](CS(=O)(=O)N2CCC[C@H]2CN2CCCC2)CC1,8.583509513742072,JAK1-selective,-17.56918,-23.555239
CN(c1ncnc2[nH]ccc12)[C@H]1CC[C@H](CS(=O)(=O)N2CC[C@@H](c3ccccc3)C2)CC1,5.90711175616836,JAK1-selective,-11.152323,-19.98442
CN(c1ncnc2[nH]ccc12)[C@H]1CC[C@H](CS(=O)(=O)N2CC[C@@](O)(COc3cccc(F)c3)C2)CC1,8.397435897435898,JAK1-selective,-9.320429,-27.432037
CN(c1ncnc2[nH]ccc12)[C@H]1CC[C@H](CS(=O)(=O)N2CC[C@@](O)(CSc3ccccn3)C2)CC1,9.63235294117647,JAK1-selective,-8.679604,-23.448595
CN(c1ncnc2[nH]ccc12)[C@H]1CC[C@H](CS(=O)(=O)N2CC[C@@](O)(Cn3cccn3)C2)CC1,5.166666666666667,JAK1-selective,-8.714189,-24.136019
CN(c1ncnc2[nH]ccc12)[C@H]1CC[C@H](CS(=O)(=O)N2CC[C@@](O)(c3ccccc3)C2)CC1,5.625000000000001,JAK1-selective,-8.60697,-23.25743
CN(c1ncnc2[nH]ccc12)[C@H]1CC[C@H](CS(=O)(=O)N2CC[C@H](CC#N)C2)CC1,7.260638297872341,JAK1-selective,-15.86025,-19.169903
CN(c1ncnc2[nH]ccc12)[C@H]1CC[C@H](CS(=O)(=O)N2CC[C@H](CO)C2)CC1,5.0,JAK1-selective,-14.3374405,-24.668074
CN(c1ncnc2[nH]ccc12)[C@H]1CC[C@H](CS(=O)(=O)N2CC[C@H](NC(=O)OC(C)(C)C)C2)CC1,33.611111111111114,JAK1-selective,-16.551266,-29.064243
CN(c1ncnc2[nH]ccc12)[C@H]1CC[C@H](CS(=O)(=O)N2CC[C@H](OCC(=O)N3CCCC3)C2)CC1,6.773455377574371,JAK1-selective,-14.890086,-28.297247
CN(c1ncnc2[nH]ccc12)[C@H]1CC[C@H](CS(=O)(=O)N2CC[C@H](S(C)(=O)=O)C2)CC1,9.12751677852349,JAK1-selective,-14.874583,-23.546694
CN(c1ncnc2[nH]ccc12)[C@H]1CC[C@H](CS(=O)(=O)N2CC[C@H](c3ccccc3F)C2)CC1,6.8,JAK1-selective,-13.6543,-21.403212
CN(c1ncnc2[nH]ccc12)[C@H]1CC[C@H](CS(=O)(=O)N2C[C@@H](O)[C@H](O)C2)CC1,6.6891891891891895,JAK1-selective,-13.000563,-23.6309
CN(c1ncnc2[nH]ccc12)[C@H]1CC[C@H](CS(=O)(=O)N2C[C@H](CO)[C@@H](F)C2)CC1,6.105610561056106,JAK1-selective,-12.882322,-23.243275
CN(c1ncnc2[nH]ccc12)[C@H]1C[C@@H](CS(=O)(=O)C2CC(C#N)C2)C1,34.0,JAK1-selective,-58.3393,-14.68595
CN(c1ncnc2[nH]ccc12)[C@H]1C[C@@H](CS(=O)(=O)C2CC(C(F)F)C2)C1,13.5,JAK1-selective,-67.55795,-15.361685
CN(c1ncnc2[nH]ccc12)[C@H]1C[C@@H](CS(=O)(=O)C2CC(F)(F)C2)C1,23.333333333333336,JAK1-selective,-66.38726,-14.930931
CN(c1ncnc2[nH]ccc12)[C@H]1C[C@@H](CS(=O)(=O)C2CCC(C#N)C2)C1,39.875,JAK1-selective,-58.214176,-14.717986
CN(c1ncnc2[nH]ccc12)[C@H]1C[C@@H](CS(=O)(=O)C2CN(C(=O)C3CC3)C2)C1,33.05882352941177,JAK1-selective,-70.10529,-17.102976
CN(c1ncnc2[nH]ccc12)[C@H]1C[C@@H](CS(=O)(=O)C2CN(C3CC3)C2)C1,63.57142857142857,JAK1-selective,-71.36707,-16.038588
CN(c1ncnc2[nH]ccc12)[C@H]1C[C@@H](CS(=O)(=O)C2CN(C3CCC3)C2)C1,31.90909090909091,JAK1-selective,-71.38108,-16.052942
CN(c1ncnc2[nH]ccc12)[C@H]1C[C@@H](CS(=O)(=O)C2CN(CC(F)(F)F)C2)C1,37.666666666666664,JAK1-selective,-74.0903,-13.226107
CN(c1ncnc2[nH]ccc12)[C@H]1C[C@@H](CS(=O)(=O)C2CN(CC(F)F)C2)C1,39.22222222222222,JAK1-selective,-68.140175,-16.326046
CN(c1ncnc2[nH]ccc12)[C@H]1C[C@@H](CS(=O)(=O)C2CN(CC3CC3)C2)C1,23.707865168539325,JAK1-selective,-70.51013,-15.004935
CN(c1ncnc2[nH]ccc12)[C@H]1C[C@@H](CS(=O)(=O)C2COC2)C1,22.208333333333332,JAK1-selective,-67.44046,-18.858795
CN(c1ncnc2[nH]ccc12)[C@H]1C[C@@H](CS(=O)(=O)CC2(C)CC(F)(F)C2)C1,34.5,JAK1-selective,-66.306656,-14.81477
CN(c1ncnc2[nH]ccc12)[C@H]1C[C@@H](CS(=O)(=O)CC2(C)CCC2)C1,16.666666666666668,JAK1-selective,-65.995,-14.154536
CN(c1ncnc2[nH]ccc12)[C@H]1C[C@@H](CS(=O)(=O)CC2(C)COC2)C1,25.666666666666668,JAK1-selective,-67.14647,-18.50446
CN(c1ncnc2[nH]ccc12)[C@H]1C[C@@H](CS(=O)(=O)CC2CC(C)(C#N)C2)C1,54.90909090909091,JAK1-selective,-58.695446,-14.635204
CN(c1ncnc2[nH]ccc12)[C@H]1C[C@@H](CS(=O)(=O)CC2CC(F)(F)C2)C1,32.2,JAK1-selective,-66.43204,-14.847831
CN(c1ncnc2[nH]ccc12)[C@H]1C[C@@H](CS(=O)(=O)CC2CCC(F)(F)CC2)C1,50.08333333333333,JAK1-selective,-66.16192,-15.086555
CN(c1ncnc2[nH]ccc12)[C@H]1C[C@@H](CS(=O)(=O)CC2CCCCC2)C1,31.0,JAK1-selective,-69.77161,-13.819276
CN(c1ncnc2[nH]ccc12)[C@H]1C[C@@H](CS(=O)(=O)CC2CCOC2)C1,27.958333333333332,JAK1-selective,-67.64859,-19.579453
CN(c1ncnc2[nH]ccc12)[C@H]1C[C@@H](CS(=O)(=O)CCC(C)(F)F)C1,44.38461538461539,JAK1-selective,-73.87102,-12.401641
CN(c1ncnc2[nH]ccc12)[C@H]1C[C@@H](CS(=O)(=O)CCC(F)(F)F)C1,28.666666666666668,JAK1-selective,-73.80674,-12.522767
CN(c1ncnc2[nH]ccc12)[C@H]1C[C@@H](CS(=O)(=O)CCC(F)F)C1,22.0,JAK1-selective,-68.047386,-16.044327
CN(c1ncnc2[nH]ccc12)[C@H]1C[C@@H](CS(=O)(=O)CCC2CC2)C1,30.428571428571427,JAK1-selective,-70.21909,-14.072462
CN(c1ncnc2[nH]ccc12)[C@H]1C[C@@H](CS(=O)(=O)CCC2CCCC2)C1,34.45454545454545,JAK1-selective,-69.83824,-13.763817
CN(c1ncnc2[nH]ccc12)[C@H]1C[C@@H](CS(=O)(=O)CCCC(F)(F)F)C1,23.444444444444443,JAK1-selective,-73.81523,-12.475435
CN(c1ncnc2[nH]ccc12)[C@H]1C[C@@H](CS(=O)(=O)CCCC(F)F)C1,24.857142857142854,JAK1-selective,-68.039566,-16.035986
CN(c1ncnc2[nH]ccc12)[C@H]1C[C@@H](CS(=O)(=O)CCCCF)C1,44.625,JAK1-selective,-68.20947,-13.543655
CN(c1ncnc2[nH]ccc12)[C@H]1C[C@@H](CS(=O)(=O)CCCCO)C1,25.6874358974359,JAK1-selective,-67.84091,-13.474592
CN(c1ncnc2[nH]ccc12)[C@H]1C[C@@H](CS(=O)(=O)CCCF)C1,18.571428571428573,JAK1-selective,-68.241325,-13.532036
CN(c1ncnc2[nH]ccc12)[C@H]1C[C@@H](CS(=O)(=O)C[C@H]2CC[C@@H](C(F)(F)F)CC2)C1,65.29411764705883,JAK1-selective,-73.316025,-13.222706
CN(c1ncnc2[nH]ccc12)[C@H]1C[C@@H](CS(=O)(=O)C[C@H]2CC[C@H](C(F)(F)F)CC2)C1,41.75824175824176,JAK1-selective,-73.316025,-13.222706
CN(c1ncnc2[nH]ccc12)[C@H]1C[C@@H](CS(=O)(=O)C[C@H]2C[C@@H](C#N)C2)C1,52.666666666666664,JAK1-selective,-58.290737,-14.6825
CN(c1ncnc2[nH]ccc12)[C@H]1C[C@@H](CS(=O)(=O)C[C@H]2C[C@H](C#N)C2)C1,29.25,JAK1-selective,-58.290806,-14.682485
CN(c1ncnc2[nH]ccc12)[C@H]1C[C@@H](CS(=O)(=O)Cc2ccccc2)C1,23.020408163265305,JAK1-selective,-66.13198,-9.342396
CN(c1ncnc2[nH]ccc12)[C@H]1C[C@@H](CS(=O)(=O)N2CC(C#N)C2)C1,22.166666666666668,JAK1-selective,-58.536743,-12.679374
CN(c1ncnc2[nH]ccc12)[C@H]1C[C@@H](CS(=O)(=O)N2CC(C(F)(F)F)C2)C1,42.666666666666664,JAK1-selective,-74.94138,-19.365135
CN(c1ncnc2[nH]ccc12)[C@H]1C[C@@H](CS(=O)(=O)N2CC(C(F)F)C2)C1,21.428571428571427,JAK1-selective,-75.2146,-21.16764
CN(c1ncnc2[nH]ccc12)[C@H]1C[C@@H](CS(=O)(=O)N2CC(C)(C#N)C2)C1,38.333333333333336,JAK1-selective,-59.56105,-13.127937
CN(c1ncnc2[nH]ccc12)[C@H]1C[C@@H](CS(=O)(=O)N2CC(C)(O)C2)C1,16.243243243243242,JAK1-selective,-72.62714,-25.143787
CN(c1ncnc2[nH]ccc12)[C@H]1C[C@@H](CS(=O)(=O)N2CC(CC(F)F)C2)C1,41.666666666666664,JAK1-selective,-75.149666,-20.944561
CN(c1ncnc2[nH]ccc12)[C@H]1C[C@@H](CS(=O)(=O)N2CC(COC(F)F)C2)C1,30.05263157894737,JAK1-selective,-75.76897,-21.722569
CN(c1ncnc2[nH]ccc12)[C@H]1C[C@@H](CS(=O)(=O)N2CC(Cl)C2)C1,15.0,JAK1-selective,-72.76087,-20.645853
CN(c1ncnc2[nH]ccc12)[C@H]1C[C@@H](CS(=O)(=O)N2CC(F)(F)C2)C1,14.5,JAK1-selective,-72.590904,-24.84364
CN(c1ncnc2[nH]ccc12)[C@H]1C[C@@H](CS(=O)(=O)N2CC(F)C2)C1,9.5,JAK1-selective,-73.806496,-20.74801
CN(c1ncnc2[nH]ccc12)[C@H]1C[C@@H](CS(=O)(=O)N2CC(OC(F)F)C2)C1,27.22222222222222,JAK1-selective,-75.80602,-21.791407
CN(c1ncnc2[nH]ccc12)[C@H]1C[C@@H](CS(=O)(=O)N2CC3(CCO3)C2)C1,20.25,JAK1-selective,-70.30753,-23.82318
CN(c1ncnc2[nH]ccc12)[C@H]1C[C@@H](CS(=O)(=O)N2CC3(COC3)C2)C1,25.225806451612904,JAK1-selective,-70.24778,-23.758364
CN(c1ncnc2[nH]ccc12)[C@H]1C[C@@H](CS(=O)(=O)N2CC3C(C2)C3C(F)(F)F)C1,30.166666666666668,JAK1-selective,-75.03556,-19.32531
CN(c1ncnc2[nH]ccc12)[C@H]1C[C@@H](CS(=O)(=O)N2CCC(C(F)(F)F)C2)C1,38.2,JAK1-selective,-74.869095,-19.717487
CN(c1ncnc2[nH]ccc12)[C@H]1C[C@@H](CS(=O)(=O)N2CCC(C(F)(F)F)CC2)C1,55.666666666666664,JAK1-selective,-74.93372,-19.641254
CN(c1ncnc2[nH]ccc12)[C@H]1C[C@@H](CS(=O)(=O)N2CCC(C(F)F)C2)C1,33.07142857142857,JAK1-selective,-75.02422,-21.669191
CN(c1ncnc2[nH]ccc12)[C@H]1C[C@@H](CS(=O)(=O)N2CCC(C(F)F)CC2)C1,32.333333333333336,JAK1-selective,-75.0322,-21.801367
CN(c1ncnc2[nH]ccc12)[C@H]1C[C@@H](CS(=O)(=O)N2CCC(CF)CC2)C1,37.375,JAK1-selective,-73.93193,-21.75139
CN(c1ncnc2[nH]ccc12)[C@H]1C[C@@H](CS(=O)(=O)N2CCC(COC(F)F)CC2)C1,60.58333333333333,JAK1-selective,-76.04237,-22.227701
CN(c1ncnc2[nH]ccc12)[C@H]1C[C@@H](CS(=O)(=O)N2CCC(F)(F)C2)C1,22.8,JAK1-selective,-73.02925,-24.593914
CN(c1ncnc2[nH]ccc12)[C@H]1C[C@@H](CS(=O)(=O)N2CCC(F)(F)CC2)C1,41.44444444444444,JAK1-selective,-73.184326,-24.417027
CN(c1ncnc2[nH]ccc12)[C@H]1C[C@@H](CS(=O)(=O)N2CCC(F)C2)C1,13.35483870967742,JAK1-selective,-74.03607,-21.348234
CN(c1ncnc2[nH]ccc12)[C@H]1C[C@@H](CS(=O)(=O)N2CCC(F)CC2)C1,19.333333333333332,JAK1-selective,-73.866394,-21.67095
CN(c1ncnc2[nH]ccc12)[C@H]1C[C@@H](CS(=O)(=O)N2CCC(O)(C(F)(F)F)CC2)C1,14.666666666666666,JAK1-selective,-75.56698,-19.323673
CN(c1ncnc2[nH]ccc12)[C@H]1C[C@@H](CS(=O)(=O)N2CCC(c3cnco3)CC2)C1,38.23076923076923,JAK1-selective,-71.33824,-21.681358
CN(c1ncnc2[nH]ccc12)[C@H]1C[C@@H](CS(=O)(=O)N2CCC(c3ncco3)CC2)C1,39.75,JAK1-selective,-71.37104,-21.62799
CN(c1ncnc2[nH]ccc12)[C@H]1C[C@@H](CS(=O)(=O)N2CCC3(CC2)CC3(F)F)C1,32.94736842105263,JAK1-selective,-73.2113,-24.361681
CN(c1ncnc2[nH]ccc12)[C@H]1C[C@@H](CS(=O)(=O)N2CCC3(CC2)CC3)C1,31.6,JAK1-selective,-73.094055,-24.1273
CN(c1ncnc2[nH]ccc12)[C@H]1C[C@@H](CS(=O)(=O)N2CCC3(CCOCC3)C2)C1,26.343434343434343,JAK1-selective,-69.939545,-23.563688
CN(c1ncnc2[nH]ccc12)[C@H]1C[C@@H](CS(=O)(=O)N2CCCC(C(F)(F)F)C2)C1,49.6,JAK1-selective,-74.807625,-19.748117
CN(c1ncnc2[nH]ccc12)[C@H]1C[C@@H](CS(=O)(=O)N2CCCC3(COC3)C2)C1,35.0,JAK1-selective,-70.03958,-23.6591
CN(c1ncnc2[nH]ccc12)[C@H]1C[C@@H](CS(=O)(=O)N2CCCCC2)C1,20.555555555555557,JAK1-selective,-72.53702,-22.019125
CN(c1ncnc2[nH]ccc12)[C@H]1C[C@@H](CS(=O)(=O)N2CCN(C(=O)C3CC3)CC2)C1,44.82692307692308,JAK1-selective,-72.508224,-19.147446
CN(c1ncnc2[nH]ccc12)[C@H]1C[C@@H](CS(=O)(=O)N2CCOC3(CCCC3)C2)C1,27.91860465116279,JAK1-selective,-70.09656,-23.692678
CN(c1ncnc2[nH]ccc12)[C@H]1C[C@@H](CS(=O)(=O)N2CCOCC2)C1,23.11904761904762,JAK1-selective,-69.89936,-22.020615
CN(c1ncnc2[nH]ccc12)[C@H]1C[C@@H](CS(=O)(=O)N2CCS(=O)(=O)CC2)C1,20.77777777777778,JAK1-selective,-72.52872,-22.854563
CN(c1ncnc2[nH]ccc12)[C@H]1C[C@@H](CS(=O)(=O)N2CC[C@@H](C#N)C2)C1,35.8,JAK1-selective,-58.45864,-12.387809
CN(c1ncnc2[nH]ccc12)[C@H]1C[C@@H](CS(=O)(=O)N2CC[C@@H](F)C2)C1,12.826086956521738,JAK1-selective,-74.03719,-21.348257
CN(c1ncnc2[nH]ccc12)[C@H]1C[C@@H](CS(=O)(=O)N2CC[C@@H](OC(F)F)C2)C1,43.857142857142854,JAK1-selective,-75.97369,-22.204758
CN(c1ncnc2[nH]ccc12)[C@H]1C[C@@H](CS(=O)(=O)N2CC[C@H](C#N)C2)C1,21.88235294117647,JAK1-selective,-58.459362,-12.3878975
CN(c1ncnc2[nH]ccc12)[C@H]1C[C@@H](CS(=O)(=O)N2CC[C@H](F)C2)C1,10.107142857142858,JAK1-selective,-74.03708,-21.34935
CN(c1ncnc2[nH]ccc12)[C@H]1C[C@@H](CS(=O)(=O)N2CC[C@H](S(C)(=O)=O)C2)C1,35.727272727272734,JAK1-selective,-73.42948,-21.441301
CN(c1ncnc2[nH]ccc12)[C@H]1C[C@@H](CS(=O)(=O)N2CCc3ccccc3C2)C1,23.799999999999997,JAK1-selective,-72.349525,-23.27503
CN(c1ncnc2[nH]ccc12)[C@H]1C[C@@H](CS(=O)(=O)N2CCn3cccc3C2)C1,21.499999999999996,JAK1-selective,-72.3459,-23.04522
CN(c1ncnc2[nH]ccc12)[C@H]1C[C@@H](CS(=O)(=O)N2CCn3cncc3C2)C1,24.0,JAK1-selective,-72.11938,-22.879072
CN(c1ncnc2[nH]ccc12)[C@H]1C[C@@H](CS(=O)(=O)N2C[C@@H]3C[C@]3(C#N)C2)C1,24.416666666666668,JAK1-selective,-59.522312,-13.068117
CN(c1ncnc2[nH]ccc12)[C@H]1C[C@@H](CS(=O)(=O)N2Cc3ccccc3C(F)(F)C2)C1,30.5,JAK1-selective,-72.22587,-24.795631
CN(c1ncnc2[nH]ccc12)[C@H]1C[C@@H](CS(=O)(=O)[C@@H]2CC[C@@H](C#N)C2)C1,21.64864864864865,JAK1-selective,-58.21436,-14.718069
CN(c1ncnc2[nH]ccc12)[C@H]1C[C@@H](CS(=O)(=O)[C@H]2CC[C@@H](C#N)C2)C1,32.666666666666664,JAK1-selective,-58.214363,-14.718021
CN(c1ncnc2[nH]ccc12)[C@H]1C[C@@H](CS(=O)(=O)[C@H]2CC[C@H](C#N)C2)C1,34.333333333333336,JAK1-selective,-58.214275,-14.718085
CN(c1ncnc2[nH]ccc12)[C@H]1C[C@@H](CS(=O)(=O)[C@H]2C[C@@H](C#N)C2)C1,52.666666666666664,JAK1-selective,-58.33935,-14.685931
CN(c1ncnc2[nH]ccc12)[C@H]1C[C@@H](CS(=O)(=O)c2cc(C#N)ccn2)C1,94.83333333333333,JAK1-selective,-59.264854,-14.823855
CN(c1ncnc2[nH]ccc12)[C@H]1C[C@@H](CS(=O)(=O)c2cc(C(F)(F)F)ccc2Cl)C1,16.70731707317073,JAK1-selective,-74.56915,-11.921709
CN(c1ncnc2[nH]ccc12)[C@H]1C[C@@H](CS(=O)(=O)c2ccc(C(F)(F)F)c(F)c2)C1,11.279069767441861,JAK1-selective,-73.587585,-11.454347
CN(c1ncnc2[nH]ccc12)[C@H]1C[C@@H](CS(=O)(=O)c2ccc(C(F)(F)F)cc2)C1,30.849999999999998,JAK1-selective,-73.81911,-11.9944935
CN(c1ncnc2[nH]ccc12)[C@H]1C[C@@H](CS(=O)(=O)c2ccc(C(F)(F)F)nc2)C1,27.037104734052278,JAK1-selective,-73.71056,-11.907871
CN(c1ncnc2[nH]ccc12)[C@H]1C[C@@H](CS(=O)(=O)c2ccc(Cl)cc2F)C1,32.75,JAK1-selective,-67.381676,-6.654234
CN(c1ncnc2[nH]ccc12)[C@H]1C[C@@H](CS(=O)(=O)c2ccc(Cl)cn2)C1,21.304347826086953,JAK1-selective,-66.76388,-7.793221
CN(c1ncnc2[nH]ccc12)[C@H]1C[C@@H](CS(=O)(=O)c2ccc(F)c(Cl)c2)C1,21.25,JAK1-selective,-67.43371,-6.6251082
CN(c1ncnc2[nH]ccc12)[C@H]1C[C@@H](CS(=O)(=O)c2ccc(F)cc2)C1,18.0,JAK1-selective,-71.33166,-10.970109
CN(c1ncnc2[nH]ccc12)[C@H]1C[C@@H](CS(=O)(=O)c2cccc(C(F)(F)F)c2)C1,15.111111111111112,JAK1-selective,-73.95295,-11.367432
CN(c1ncnc2[nH]ccc12)[C@H]1C[C@@H](CS(=O)(=O)c2cccc(F)c2)C1,12.8,JAK1-selective,-71.25571,-10.917974
CN(c1ncnc2[nH]ccc12)[C@H]1C[C@@H](CS(=O)(=O)c2cccc(OC(F)(F)F)c2)C1,34.5945945945946,JAK1-selective,-74.04148,-10.673739
CN(c1ncnc2[nH]ccc12)[C@H]1C[C@@H](CS(=O)(=O)c2cccc3cccnc23)C1,22.048192771084338,JAK1-selective,-65.52885,-10.389001
CN(c1ncnc2[nH]ccc12)[C@H]1C[C@@H](CS(=O)(=O)c2cccc3cnccc23)C1,47.83333333333333,JAK1-selective,-65.84978,-10.611367
CN(c1ncnc2[nH]ccc12)[C@H]1C[C@@H](CS(=O)(=O)c2cccc3ncccc23)C1,10.777777777777779,JAK1-selective,-65.33941,-10.343057
CN(c1ncnc2[nH]ccc12)[C@H]1C[C@@H](CS(=O)(=O)c2ccccc2)C1,26.666666666666668,JAK1-selective,-66.2285,-9.393682
CN(c1ncnc2[nH]ccc12)[C@H]1C[C@@H](CS(=O)(=O)c2ccccc2Cl)C1,17.0,JAK1-selective,-66.52444,-8.312807
CN(c1ncnc2[nH]ccc12)[C@H]1C[C@@H](CS(=O)(=O)c2ccccc2F)C1,30.533333333333335,JAK1-selective,-70.91288,-11.150556
CN(c1ncnc2[nH]ccc12)[C@H]1C[C@@H](CS(=O)(=O)c2ccccc2OC(F)(F)F)C1,40.526315789473685,JAK1-selective,-74.11902,-10.689848
CN(c1ncnc2[nH]ccc12)[C@H]1C[C@@H](CS(=O)(=O)c2cccnc2)C1,12.615384615384617,JAK1-selective,-65.93893,-10.936685
CN(c1ncnc2[nH]ccc12)[C@H]1C[C@@H](CS(=O)(=O)c2ccncc2)C1,15.0,JAK1-selective,-66.78826,-12.135317
CN(c1ncnc2[nH]ccc12)[C@H]1C[C@@H](CS(=O)(=O)c2cnc(N3CCCC3)nc2)C1,12.11267605633803,JAK1-selective,-69.62618,-12.305297
CN(c1ncnc2[nH]ccc12)[C@H]1C[C@@H](CS(=O)(=O)c2cnc3ccccc3c2)C1,24.0,JAK1-selective,-67.79853,-9.396179
CN(c1ncnc2[nH]ccc12)[C@H]1C[C@@H](CS(=O)(=O)c2cnc3ccoc3c2)C1,13.533333333333335,JAK1-selective,-68.35399,-9.951828
CN(c1ncnc2[nH]ccc12)[C@H]1C[C@@H](CS(=O)(=O)c2cncc(F)c2)C1,15.733333333333333,JAK1-selective,-71.33172,-10.869517
CN(c1ncnc2[nH]ccc12)[C@H]1C[C@@H](CS(=O)(=O)c2cnccc2C(F)(F)F)C1,24.42105263157895,JAK1-selective,-74.16118,-12.253164
CN(c1ncnc2[nH]ccc12)[C@H]1C[C@@H](NS(=O)(=O)C2CC(F)(F)C2)C1,35.4,JAK1-selective,-63.64651,-16.902037
CN(c1ncnc2[nH]ccc12)[C@H]1C[C@@H](NS(=O)(=O)C2CN(C3CC3)C2)C1,99.5,JAK1-selective,-62.897873,-18.59693
CN(c1ncnc2[nH]ccc12)[C@H]1C[C@@H](NS(=O)(=O)CC(F)(F)F)C1,17.318181818181817,JAK1-selective,-63.705994,-15.945397
CN(c1ncnc2[nH]ccc12)[C@H]1C[C@@H](NS(=O)(=O)CC2(C)COC2)C1,79.85714285714286,JAK1-selective,-64.96709,-18.021557
CN(c1ncnc2[nH]ccc12)[C@H]1C[C@@H](NS(=O)(=O)CC2CC(F)(F)C2)C1,68.83333333333333,JAK1-selective,-64.51817,-16.644981
CN(c1ncnc2[nH]ccc12)[C@H]1C[C@@H](NS(=O)(=O)CC2CC2)C1,28.571428571428573,JAK1-selective,-64.09886,-19.160513
CN(c1ncnc2[nH]ccc12)[C@H]1C[C@@H](NS(=O)(=O)CC2COC2)C1,33.32142857142857,JAK1-selective,-65.4037,-18.409935
CN(c1ncnc2[nH]ccc12)[C@H]1C[C@@H](NS(=O)(=O)C[C@]2(C)C[C@@H](CN)C2)C1,66.0,JAK1-selective,-64.63208,-16.879663
CN(c1ncnc2[nH]ccc12)[C@H]1C[C@@H](NS(=O)(=O)C[C@]2(C)C[C@H](C#N)C2)C1,233.0,JAK1-selective,-58.366512,-17.033047
CN(c1ncnc2[nH]ccc12)[C@H]1C[C@@H](NS(=O)(=O)N2CC(C#N)C2)C1,42.75,JAK1-selective,-58.942154,-18.435219
CN(c1ncnc2[nH]ccc12)[C@H]1C[C@@H](NS(=O)(=O)N2CC(C)(C#N)C2)C1,69.0,JAK1-selective,-59.71039,-18.015797
CN(c1ncnc2[nH]ccc12)[C@H]1C[C@@H](NS(=O)(=O)N2CC(CC(F)F)C2)C1,106.0,JAK1-selective,-65.38964,-17.072561
CN(c1ncnc2[nH]ccc12)[C@H]1C[C@@H](NS(=O)(=O)N2CCC(c3cc[nH]n3)CC2)C1,52.0,JAK1-selective,-61.868782,-18.762918
CN(c1ncnc2[nH]ccc12)[C@H]1C[C@@H](NS(=O)(=O)N2CC[C@@H](C#N)C2)C1,61.6,JAK1-selective,-58.993507,-18.775936
CN(c1ncnc2[nH]ccc12)[C@H]1C[C@@H](NS(=O)(=O)N2CC[C@H](C#N)C2)C1,33.38461538461539,JAK1-selective,-58.998325,-18.7759
CN(c1ncnc2[nH]ccc12)[C@H]1C[C@@H](NS(=O)(=O)N2C[C@@H]3C[C@]3(C#N)C2)C1,58.05882352941177,JAK1-selective,-59.677002,-18.107197
CN(c1ncnc2[nH]ccc12)[C@H]1C[C@@H](NS(=O)(=O)N2C[C@H]3C[C@@H](C2)O3)C1,33.8235294117647,JAK1-selective,-62.20414,-18.309877
CN(c1ncnc2[nH]ccc12)[C@H]1C[C@@H](NS(=O)(=O)N2C[C@H]3C[C@@]3(C#N)C2)C1,68.875,JAK1-selective,-59.677002,-18.107197
CN(c1ncnc2[nH]ccc12)[C@H]1C[C@@H](NS(=O)(=O)NCC2CC2)C1,21.568627450980394,JAK1-selective,-64.136566,-19.206024
CN(c1ncnc2[nH]ccc12)[C@H]1C[C@@H](NS(=O)(=O)[C@@H]2CC[C@H](C#N)C2)C1,79.0,JAK1-selective,-57.91074,-17.837645
CN(c1ncnc2[nH]ccc12)[C@H]1C[C@@H](NS(=O)(=O)[C@@H]2C[C@H]2CC#N)C1,60.333333333333336,JAK1-selective,-57.349327,-16.474903
CN(c1ncnc2[nH]ccc12)[C@H]1C[C@@H](NS(=O)(=O)[C@H]2CC[C@@H](C#N)C2)C1,39.26923076923077,JAK1-selective,-57.91074,-17.837645
CN(c1ncnc2[nH]ccc12)[C@H]1C[C@@H](NS(=O)(=O)[C@H]2CC[C@H](C#N)C2)C1,39.52173913043478,JAK1-selective,-57.911224,-17.837246
CN(c1ncnc2[nH]ccc12)[C@H]1C[C@@H](NS(=O)(=O)[C@H]2C[C@@H](C#N)C2)C1,32.81818181818182,JAK1-selective,-57.931396,-17.695547
CN(c1ncnc2[nH]ccc12)[C@H]1C[C@@H](NS(=O)(=O)[C@H]2C[C@@H](C(F)F)C2)C1,83.0,JAK1-selective,-63.559803,-16.90146
CN(c1ncnc2[nH]ccc12)[C@H]1C[C@@H](NS(=O)(=O)[C@H]2C[C@@H](CC#N)C2)C1,77.77777777777777,JAK1-selective,-57.29012,-16.369457
CN(c1ncnc2[nH]ccc12)[C@H]1C[C@@H](NS(=O)(=O)[C@H]2C[C@@H](F)C2)C1,33.25,JAK1-selective,-63.29969,-17.283293
CN(c1ncnc2[nH]ccc12)[C@H]1C[C@@H](NS(=O)(=O)[C@H]2C[C@@H]2CC#N)C1,21.428571428571427,JAK1-selective,-57.349327,-16.474903
CN(c1ncnc2[nH]ccc12)[C@H]1C[C@@H](NS(=O)(=O)[C@H]2C[C@@](C)(CC#N)C2)C1,65.16129032258064,JAK1-selective,-58.067055,-16.549591
CN(c1ncnc2[nH]ccc12)[C@H]1C[C@@H](NS(=O)(=O)[C@H]2C[C@H](C#N)C2)C1,55.875,JAK1-selective,-57.931396,-17.695547
CN(c1ncnc2[nH]ccc12)[C@H]1C[C@@H](NS(=O)(=O)[C@H]2C[C@H](C(F)F)C2)C1,75.33333333333333,JAK1-selective,-63.559803,-16.90146
CN(c1ncnc2[nH]ccc12)[C@H]1C[C@@H](NS(=O)(=O)[C@H]2C[C@H](CC#N)C2)C1,101.16666666666667,JAK1-selective,-57.29012,-16.369457
CN(c1ncnc2[nH]ccc12)[C@H]1C[C@@H](NS(=O)(=O)[C@H]2C[C@H](F)C2)C1,37.22222222222222,JAK1-selective,-63.299637,-17.283457
CN(c1ncnc2[nH]ccc12)[C@H]1C[C@@H](NS(=O)(=O)[C@H]2C[C@](C)(CC#N)C2)C1,46.875,JAK1-selective,-58.067055,-16.549591
CN(c1ncnc2[nH]ccc12)[C@H]1C[C@@H](NS(=O)(=O)c2cc(C#N)ccn2)C1,233.33333333333334,JAK1-selective,-57.12277,-17.365799
CN(c1ncnc2[nH]ccc12)[C@H]1C[C@@H](NS(=O)(=O)c2cccc(C(C)(C)O)c2)C1,24.372294372294373,JAK1-selective,-62.36493,-16.999582
CN(c1ncnc2[nH]ccc12)[C@H]1C[C@@H](NS(=O)(=O)c2cccc3nonc23)C1,61.0,JAK1-selective,-62.495213,-17.316042
CN(c1ncnc2[nH]ccc12)[C@H]1C[C@H](NS(=O)(=O)CC2CC2)C1,6.970873786407767,JAK1-selective,-64.098145,-19.161203
CN(c1ncnc2[nH]ccc12)[C@H]1C[C@H](NS(=O)(=O)N2CCC(C#N)C2)C1,13.983402489626556,JAK1-selective,-58.998325,-18.7759
CN1CCC(COC(=O)N2CC(CC#N)(n3cc(C(N)=O)c(Nc4ccccc4)n3)C2)CC1,11.392307692307693,JAK1-selective,23.019558,57.68819
CN1CCC(COC(=O)N2CCC(CC#N)(n3cc(C(N)=O)c(Nc4ccccc4)n3)CC2)CC1,28.90909090909091,JAK1-selective,23.576063,52.926834
CN1CCC(COC(=O)N2CC[C@@H](n3cc(C(N)=O)c(Nc4ccc(F)cc4)n3)[C@H](C#N)C2)CC1,47.34782608695652,JAK1-selective,33.00606,1.0128952
CN1CCC(NC(=O)Cc2nc3cnc4[nH]ccc4c3n2[C@H]2CC[C@H](CC#N)CC2)CC1,8.333333333333334,JAK1-selective,-47.098648,9.921852
CN1CCC(NC(=O)c2nc3cnc4[nH]ccc4c3n2[C@H]2CC[C@H](CC#N)CC2)CC1,67.75,JAK1-selective,-47.39618,9.925758
CN1CCC(OC(=O)N2CCC(CC#N)(n3cc(C(N)=O)c(Nc4ccccc4)n3)CC2)CC1,19.463414634146343,JAK1-selective,23.510359,52.921803
CN1CCC(OC(=O)N2CC[C@@H](n3cc(C(N)=O)c(Nc4ccc(F)cc4)n3)[C@H](C#N)C2)CC1,25.79310344827586,JAK1-selective,32.58921,0.97756636
CN1CCN(CCOC(=O)N2CC(CC#N)(n3cc(C(N)=O)c(Nc4ccccc4)n3)C2)CC1,16.47222222222222,JAK1-selective,22.8808,58.00044
CN1CCN(CCOC(=O)N2CCC(CC#N)(n3cc(C(N)=O)c(Nc4ccccc4)n3)CC2)CC1,26.5,JAK1-selective,23.98636,52.19891
CN1CCN(CCOC(=O)N2CC[C@@H](n3cc(C(N)=O)c(Nc4ccc(F)cc4)n3)[C@H](C#N)C2)CC1,28.157894736842106,JAK1-selective,32.94631,0.88092613
CN1CCN(S(=O)(=O)C[C@H]2C[C@@H](N(C)c3ncnc4[nH]ccc34)C2)CC1,24.872340425531913,JAK1-selective,-72.46379,-22.840101
CN1CCN(S(=O)(=O)C[C@H]2C[C@@H](N(C)c3ncnc4[nH]ccc34)C2)CC1=O,19.523809523809522,JAK1-selective,-72.407745,-22.685446
CN1CCN(c2ccc(C(=O)N3CCC(CC#N)(n4cc(C(N)=O)c(Nc5ccccc5)n4)CC3)cc2)CC1,13.833333333333334,JAK1-selective,24.214937,47.97127
CN1CN([C@H]2CC[C@H](CN3CC(O)C3)CC2)c2c(cnc3[nH]ccc23)C1=O,21.5,JAK1-selective,-36.837067,-14.172834
CN1CN([C@H]2CC[C@H](CN3CCN(CCC#N)CC3)CC2)c2c(cnc3[nH]ccc23)C1=O,6.805555555555555,JAK1-selective,-39.42031,-14.41137
CN1CN([C@H]2CC[C@H](CNC3(C#N)CC3)CC2)c2c(cnc3[nH]ccc23)C1=O,5.0,JAK1-selective,-39.06536,-13.852733
CN1CN([C@H]2CC[C@H](CNC3CC3)CC2)c2c(cnc3[nH]ccc23)C1=O,5.461538461538462,JAK1-selective,-36.545383,-13.818824
CN1CN([C@H]2CC[C@H](CNCC#N)CC2)c2c(cnc3[nH]ccc23)C1=O,9.0,JAK1-selective,-39.12293,-13.537384
CN1CN([C@H]2CC[C@H](CNCC(F)(F)F)CC2)c2c(cnc3[nH]ccc23)C1=O,7.2727272727272725,JAK1-selective,-36.496613,-10.492009
CN1Cc2cc(Nc3nn(C4(CC#N)CCCCC4)c4cc[nH]c(=O)c34)ccc2S1(=O)=O,15.541666666666668,JAK1-selective,47.07265,-41.691242
CN1Cc2cc(Nc3nn([C@@H](CC#N)C4CC4)c4cc[nH]c(=O)c34)ccc2S1(=O)=O,14.0,JAK1-selective,4.1391854,-35.37748
CN1Cc2cc(Nc3nn([C@H]4CCCC[C@@H]4C#N)c4cc[nH]c(=O)c34)ccc2S1(=O)=O,11.153846153846153,JAK1-selective,-4.533242,-79.12179
CN1Cc2cc(Nc3nn([C@H]4CCC[C@@H]4C#N)c4cc[nH]c(=O)c34)ccc2S1(=O)=O,12.941176470588236,JAK1-selective,-4.5055556,-79.107735
CN1Cc2cc(Nc3nn([C@H]4COCC[C@@H]4C#N)c4cc[nH]c(=O)c34)ccc2S1(=O)=O,8.5,JAK1-selective,24.240578,-69.132324
CN1Cc2cc(Nc3nn([C@]4(CC#N)CC[C@@H](N(C)C)CC4)c4cc[nH]c(=O)c34)ccc2S1(=O)=O,11.30841121495327,JAK1-selective,48.03336,-41.89465
CN1Cc2cc(Nc3nn([C@]4(CC#N)CC[C@H](N(C)C)CC4)c4cc[nH]c(=O)c34)ccc2S1(=O)=O,12.206185567010309,JAK1-selective,48.03336,-41.89465
CN1Cc2cc(Nc3nn([C@]4(CC#N)CC[C@H](N5CC(F)C5)CC4)c4cc[nH]c(=O)c34)ccc2S1(=O)=O,9.337016574585634,JAK1-selective,47.942543,-42.558735
CNC(=O)C(=N)c1c(N)cc(-c2cc(F)c(O)cc2CC(F)(F)F)nc1NCc1cc(O)ccc1N(C)S(=O)(=O)c1cccnc1,5.39344262295082,JAK1-selective,16.733149,-14.686723
CNC(=O)C(=N)c1c(N)cc(-c2cc(F)c(O)cc2CC(F)(F)F)nc1NCc1cc(O)ccc1N(C)S(C)(=O)=O,6.294117647058823,JAK1-selective,18.123297,-14.131266
CNC(=O)C(=N)c1c(N)cc(-c2cc(F)c(O)cc2CC(F)(F)F)nc1NCc1nccnc1N(C)S(C)(=O)=O,5.942857142857143,JAK1-selective,17.872145,-14.331385
CNC(=O)Cc1nc2cnc3[nH]ccc3c2n1C12CCC(CC#N)(CC1)CC2,27.513227513227516,JAK1-selective,-39.11785,12.954608
CNC(=O)O[C@@H]1CCC(n2cc(C(N)=O)c(Nc3ccc(F)cc3)n2)[C@@H](C#N)C1,12.0,JAK1-selective,50.963634,-10.058789
CNC(=O)O[C@H]1CCC(n2cc(C(N)=O)c(Nc3ccc(F)cc3)n2)[C@@H](C#N)C1,17.0,JAK1-selective,50.963207,-10.058945
CNC(=O)c1ccc(Nc2nn(C3(CC#N)CCCC3)c3cc[nH]c(=O)c23)cc1,10.181818181818183,JAK1-selective,38.002796,-46.580868
CNC(=O)c1ccc(Nc2nn(C3(CC#N)CCN(C(=O)OC(C)(C)C)CC3)cc2C(N)=O)cc1,20.0,JAK1-selective,37.25986,52.93994
CNC(=O)c1ccc(Nc2nn([C@H]3CCCC[C@@H]3C#N)cc2C(N)=O)cc1,12.06896551724138,JAK1-selective,54.579716,7.4063687
CNC(=O)c1cn(C2(CC#N)CCN(C(=O)OC(C)(C)C)CC2)nc1Nc1ccccc1,22.104477611940297,JAK1-selective,35.877167,57.151928
CNC(=O)c1coc(-c2cnc3[nH]ccc3c2N[C@@H]2CCCN(C(=O)CC#N)C2)n1,5.5,JAK1-selective,-40.86842,-26.432793
CNC(=O)c1csc(-c2cnc3[nH]ccc3c2N[C@@H]2CCCN(C(=O)CC#N)C2)n1,5.5,JAK1-selective,-41.32049,-26.382328
CNC(=O)c1n[nH]c2cc(-c3cc(F)c(O)cc3CC(F)(F)F)nc(NCc3cc(O)ccc3N(C)S(=O)(=O)c3ccccc3)c12,6.2406015037593985,JAK1-selective,14.899043,-23.132296
CNC(=O)c1n[nH]c2cc(-c3cc(F)c(O)cc3CC(F)(F)F)nc(NCc3cc(O)ccc3N(C)S(=O)(=O)c3cccnc3)c12,5.39344262295082,JAK1-selective,15.486134,-24.199656
CNC(=O)c1n[nH]c2cc(-c3cc(F)c(O)cc3CC(F)(F)F)nc(NCc3cc(O)ccc3N(C)S(C)(=O)=O)c12,6.294117647058823,JAK1-selective,18.502314,-23.312878
CNC(=O)c1n[nH]c2cc(-c3cc(F)c(O)cc3CC(F)(F)F)nc(NCc3ccccc3N(C)S(=O)(=O)c3cccnc3)c12,5.119718309859155,JAK1-selective,15.338335,-24.07392
CNC(=O)c1n[nH]c2cc(-c3cc(F)c(O)cc3CC(F)(F)F)nc(NCc3ccccc3N(C)S(=O)(=O)c3cn[nH]c3)c12,5.281553398058252,JAK1-selective,14.650453,-23.718233
CNC(=O)c1n[nH]c2cc(-c3cc(F)c(O)cc3CC(F)(F)F)nc(NCc3ccccc3N(CCO)S(C)(=O)=O)c12,5.689655172413794,JAK1-selective,15.797827,-22.557837
CNC(=O)c1n[nH]c2cc(-c3cc(F)c(O)cc3CC(F)(F)F)nc(NCc3ncccc3N(C)S(C)(=O)=O)c12,6.523809523809523,JAK1-selective,17.067602,-23.472591
CNC(=O)c1n[nH]c2cc(-c3cc(F)c(O)cc3CC(F)(F)F)nc(NCc3nccnc3N(C)S(C)(=O)=O)c12,5.942857142857143,JAK1-selective,17.778233,-23.320225
CNC(=O)c1n[nH]c2nc(-c3cc(F)c(O)cc3CC(F)(F)F)nc(NCc3cc(F)ccc3N(C)S(C)(=O)=O)c12,6.35576923076923,JAK1-selective,18.969423,-19.313524
CNC(=O)c1n[nH]c2nc(-c3cc(F)c(O)cc3CC(F)(F)F)nc(NCc3cc(O)ccc3N(C)S(=O)(=O)c3ccccc3)c12,5.182481751824818,JAK1-selective,16.728611,-18.595781
CNC(=O)c1n[nH]c2nc(-c3cc(F)c(O)cc3CC(F)(F)F)nc(NCc3ccccc3N(C)S(C)(=O)=O)c12,5.129629629629629,JAK1-selective,17.429073,-18.964266
CNC(=O)c1n[nH]c2nc(-c3cc(F)c(O)cc3CC(F)(F)F)nc(NCc3nccnc3N(C)S(C)(=O)=O)c12,6.868932038834951,JAK1-selective,18.780487,-19.396526
CNC(=O)c1nc2cnc3[nH]ccc3c2n1[C@H]1CC[C@H](CC#N)CC1,11.75,JAK1-selective,-44.469833,5.0540614
CNC(=O)c1ncc(Nc2nccc(N3C[C@H]4CC[C@@H](C3)N4C(=O)NCC(F)(F)F)n2)cc1C,6.5,JAK1-selective,2.4363987,3.9814644
CNC(=O)c1ncc(Nc2nccc(N3C[C@H]4CC[C@@H](C3)N4C(=O)[C@@H]3C[C@H]3C#N)n2)cc1C,5.0,JAK1-selective,4.9423456,4.0106297
CNC(=O)c1ncc(Nc2nccc(N3C[C@H]4CC[C@@H](C3)N4C(=O)[C@@H]3C[C@H]3C#N)n2)cc1Cl,5.141025641025641,JAK1-selective,5.211165,4.415852
CNC(=O)c1ncc(Nc2nccc(N3C[C@H]4CC[C@@H](C3)N4C(=O)[C@@H]3C[C@H]3C#N)n2)cc1F,8.205128205128204,JAK1-selective,5.239551,4.456419
CNC1CCC(CC#N)(n2cc(C(N)=O)c(Nc3ccc(F)cc3)n2)CC1,22.0,JAK1-selective,31.63008,32.67134
CNC1CCC(n2cc(C(N)=O)c(Nc3ccc(S(=O)(=O)C(F)(F)F)cc3)n2)[C@@H](C#N)C1,62.5,JAK1-selective,73.32349,-23.110325
CNCCOc1cccc(-c2cnc3[nH]ccc3c2N[C@@H]2CCCN(C(=O)CC#N)C2)n1,55.0,JAK1-selective,-42.204433,-28.567507
CNC[C@H]1CC[C@H](c2nnn3cnc4[nH]ccc4c23)CC1,6.041666666666667,JAK1-selective,-24.667946,-51.081512
CNCc1cc(C(=O)N2CCC(N3CC(CC#N)(n4cc(-c5ncnc6[nH]ccc56)cn4)C3)CC2)nc(C(F)(F)F)n1,6.123726677857807,JAK1-selective,-49.750923,54.982574
CNS(=O)(=O)C[C@H]1CC[C@H](N(C)c2c(C#N)cnc3[nH]ccc23)CC1,88.23529411764706,JAK1-selective,-24.491442,-12.881072
CNS(=O)(=O)C[C@H]1CC[C@H](N(C)c2c(C#N)cnn3cccc23)CC1,10.75268817204301,JAK1-selective,-22.705542,-11.188928
CNS(=O)(=O)C[C@H]1CC[C@H](N(C)c2c([N+](=O)[O-])cnc3[nH]ccc23)CC1,57.142857142857146,JAK1-selective,-24.612413,-12.90737
CNS(=O)(=O)C[C@H]1CC[C@H](N(C)c2ncnc3[nH]c(C)nc23)CC1,9.460620525059666,JAK1-selective,-21.841413,-12.518171
CNS(=O)(=O)C[C@H]1CC[C@H](N(C)c2ncnn3cccc23)CC1,18.181818181818183,JAK1-selective,-21.919441,-11.694849
CNS(=O)(=O)C[C@H]1CC[C@H](Nc2c(C#N)cnn3cccc23)CC1,5.555555555555555,JAK1-selective,-22.719961,-10.048253
CNS(=O)(=O)C[C@H]1CC[C@H](Nc2nc(N)ncc2Br)CC1,5.0,JAK1-selective,-22.17853,-10.339448
CNS(=O)(=O)C[C@H]1CC[C@H](Oc2c([N+](=O)[O-])cnc3[nH]ccc23)CC1,50.70422535211268,JAK1-selective,-25.467213,-12.849359
CNS(=O)(=O)C[C@H]1CC[C@H](n2c([C@@H](C)O)nc3cnc4ccsc4c32)CC1,14.142100000000001,JAK1-selective,-66.49271,16.574263
CNS(=O)(=O)C[C@H]1CC[C@H](n2cnc3cnc4[nH]ccc4c32)CC1,26.0,JAK1-selective,-26.118929,-13.003558
CNS(=O)(=O)[C@H]1CCN(S(=O)(=O)C[C@H]2CC[C@H](N(C)c3ncnc4[nH]ccc34)CC2)C1,8.92086330935252,JAK1-selective,-14.960863,-23.4227
CNS(=O)(=O)c1ccc(N(C)[C@@H]2CCN(c3ncnc4[nH]ccc34)C2)nc1,10.0,JAK1-selective,-56.28767,-36.58363
CNS(=O)(=O)c1ccc(Nc2nn([C@H]3CCCC[C@@H]3C#N)c3cc[nH]c(=O)c23)cc1,5.959595959595959,JAK1-selective,13.917269,-64.96235
CN[C@@H]1CCC(n2cc(C(N)=O)c(Nc3ccc(F)cc3)n2)[C@@H](C#N)C1,31.25,JAK1-selective,49.86722,-9.572433
CN[C@@H]1CC[C@H](C#N)[C@@H](n2cc(C(N)=O)c(Nc3ccc(F)cc3)n2)C1,6.0,JAK1-selective,49.050934,-9.869012
CN[C@@H]1CC[C@H](n2cc(C(N)=O)c(Nc3ccc(Cl)c(F)c3)n2)[C@@H](C#N)C1,17.5,JAK1-selective,75.85763,2.6939275
CN[C@@H]1CC[C@H](n2cc(C(N)=O)c(Nc3ccc(Cl)cc3)n2)[C@@H](C#N)C1,18.0,JAK1-selective,85.565735,1.5750431
CN[C@H]1CCC(n2cc(C(N)=O)c(Nc3ccc(F)cc3)n2)[C@@H](C#N)C1,56.0,JAK1-selective,49.86725,-9.572494
CN[C@H]1CCC(n2cc(C(N)=O)c(Nc3ccc(S(=O)(=O)C(F)(F)F)cc3)n2)[C@@H](C#N)C1,17.0,JAK1-selective,73.32349,-23.110325
CN[C@H]1CC[C@H](n2cc(C(N)=O)c(Nc3ccc(Cl)c(F)c3)n2)[C@@H](C#N)C1,13.0,JAK1-selective,75.85763,2.6939275
CN[C@H]1CC[C@H](n2cc(C(N)=O)c(Nc3ccc(Cl)cc3)n2)[C@@H](C#N)C1,22.857142857142858,JAK1-selective,85.56434,1.575942
CNc1nccc(-c2nc3cnc4[nH]ccc4c3n2[C@H]2CC[C@H](CC#N)CC2)n1,8.5,JAK1-selective,-35.44703,0.14985052
CNc1nn(C2(CC#N)CCN(C(=O)OC(C)(C)C)CC2)c2cc[nH]c(=O)c12,24.137931034482758,JAK1-selective,42.51651,-33.44497
COC(=N)c1cc(Nc2nn(C3COCC[C@@H]3C#N)c3cc[nH]c(=O)c23)ccc1O,14.0,JAK1-selective,25.756222,-67.23512
COC(=O)Cc1ccc(Nc2nn(C3(CC#N)CCN(C(=O)OC(C)(C)C)CC3)cc2C(N)=O)cc1,15.0,JAK1-selective,37.92013,53.284836
COC(=O)N1CCC(CC#N)(n2cc(C(N)=O)c(Nc3ccc(S(=O)(=O)C(F)(F)F)cc3)n2)CC1,6.666666666666667,JAK1-selective,32.686916,43.553925
COC(=O)N1CCC(CC#N)(n2cc(C(N)=O)c(Nc3ccc(S(C)(=O)=O)cc3)n2)CC1,16.0,JAK1-selective,30.963642,42.901066
COC(=O)N1CCC(CC#N)(n2nc(Nc3ccc(C#N)cc3)c3c(=O)[nH]ccc32)CC1,6.421052631578947,JAK1-selective,39.302265,-36.279255
COC(=O)N1CCC(CC#N)(n2nc(Nc3ccc(C(F)(F)F)cc3)c3c(=O)[nH]ccc32)CC1,9.21875,JAK1-selective,39.519028,-35.41664
COC(=O)N1CCC(CC#N)(n2nc(Nc3ccc(F)cc3)c3c(=O)[nH]ccc32)CC1,6.666666666666667,JAK1-selective,38.920174,-36.469997
COC(=O)N1CCC(CC#N)(n2nc(Nc3ccc4c(c3)CN(C)S4(=O)=O)c3c(=O)[nH]ccc32)CC1,8.285714285714285,JAK1-selective,46.596077,-39.46255
COC(=O)N1CCC(CC#N)(n2nc(Nc3ccc4ncccc4c3)c3c(=O)[nH]ccc32)CC1,10.5,JAK1-selective,40.548912,-36.484108
COC(=O)N1CCC(CC#N)(n2nc(Nc3ccnc(F)c3)c3c(=O)[nH]ccc32)CC1,8.65625,JAK1-selective,41.608665,-36.81975
COC(=O)NC[C@H]1CC[C@H](n2c(CC#N)nc3cnc4ccsc4c32)CC1,10.0,JAK1-selective,-64.74157,10.990267
COC(=O)NC[C@H]1CC[C@H](n2c([C@@H](C)O)nc3cnc4ccsc4c32)CC1,10.0,JAK1-selective,-66.91218,17.435007
COC(=O)[C@@H]1CC[C@@](CC#N)(n2nc(Nc3ccc(S(C)(=O)=O)cc3)c3c(=O)[nH]ccc32)CO1,7.16293034427542,JAK1-selective,62.965755,-44.80118
COC(=O)[C@H]1CCC(n2cc(C(N)=O)c(Nc3ccc(F)cc3)n2)[C@@H](C#N)C1,7.214285714285714,JAK1-selective,50.906044,-10.124542
COC(=O)c1ccc(Nc2nn(C3(CC#N)CCN(C(=O)OC(C)(C)C)CC3)cc2C(N)=O)cc1,30.0,JAK1-selective,37.50934,53.09043
COC(=O)c1ccc(Nc2nn(C3(CC#N)CN(C(=O)OC(C)(C)C)C3)c3cc[nH]c(=O)c23)cc1,15.263157894736842,JAK1-selective,41.208595,-33.881668
COC(=O)c1cccc(N2CCC(CC#N)(n3cc(C(N)=O)c(Nc4ccc(F)cc4)n3)CC2)n1,14.736842105263158,JAK1-selective,42.72959,32.349285
COC(=O)c1ccccc1CN1CCC(CC#N)(n2cc(C(N)=O)c(Nc3ccccc3)n2)CC1,19.047619047619047,JAK1-selective,16.85456,47.33112
COC(=O)c1cncc(Nc2nn([C@H]3CCCC[C@@H]3C#N)cc2C(N)=O)c1,7.416666666666667,JAK1-selective,58.05216,7.587777
COC(C)(C)CNC(=O)Cc1nc2cnc3[nH]ccc3c2n1[C@H]1CC[C@H](CC#N)CC1,17.0,JAK1-selective,-49.671146,5.782909
COC(C)(C)CN[C@H]1CCC(n2cc(C(N)=O)c(Nc3ccc(Cl)cc3)n2)[C@@H](C#N)C1,24.0,JAK1-selective,87.11288,1.7275493
COC(C)(C)c1ccc(Nc2nn([C@H]3COCC[C@@H]3C#N)cc2C(N)=O)cc1,5.666666666666667,JAK1-selective,66.57836,19.087006
COC(C)C1CCN(S(=O)(=O)C[C@H]2C[C@@H](N(C)c3ncnc4[nH]ccc34)C2)CC1,110.0,JAK1-selective,-76.72811,-22.50125
COC(C)COC(=O)N1CCC(CC#N)(n2cc(C(N)=O)c(Nc3ccc(F)cc3)n2)CC1,24.0,JAK1-selective,41.85598,41.07723
COC(C)c1ccc(S(=O)(=O)C[C@H]2C[C@@H](N(C)c3ncnc4[nH]ccc34)C2)cc1,18.888888888888893,JAK1-selective,-70.215744,-8.433178
COC1(C)CN(S(=O)(=O)C[C@H]2C[C@@H](N(C)c3ncnc4[nH]ccc34)C2)C1,21.25,JAK1-selective,-74.32326,-25.026442
COC1CC(CN2CCC(CC#N)(n3cc(C(N)=O)c(Nc4ccnc(F)c4)n3)CC2)C1,17.0,JAK1-selective,59.559128,44.8746
COC1CC(CN2CC[C@@H](C#N)[C@H](n3cc(C(N)=O)c(Nc4ccc(F)cc4)n3)C2)C1,11.9375,JAK1-selective,40.44412,-11.32171
COC1CC(CN2CC[C@@H](n3cc(C(N)=O)c(Nc4ccc(F)cc4)n3)[C@H](C#N)C2)C1,10.375,JAK1-selective,40.502384,-11.307311
COC1CC12CCN(S(=O)(=O)C[C@H]1C[C@@H](N(C)c3ncnc4[nH]ccc34)C1)CC2,28.02469135802469,JAK1-selective,-74.49235,-24.826612
COC1CCCN(S(=O)(=O)C[C@H]2C[C@@H](N(C)c3ncnc4[nH]ccc34)C2)C1,38.410714285714285,JAK1-selective,-77.14653,-24.34676
COC1CCN(C(=O)c2nc3cnc4[nH]ccc4c3n2[C@H]2CC[C@H](CC#N)CC2)CC1,60.38461538461538,JAK1-selective,-44.108665,2.1182542
COC1CCN(S(=O)(=O)C[C@H]2C[C@@H](N(C)c3ncnc4[nH]ccc34)C2)CC1,29.069767441860463,JAK1-selective,-76.59662,-24.159742
COC1CN(C2CCC(CC#N)(n3cc(C(N)=O)c(Nc4ccc(F)cc4)n3)CC2)C1,35.0,JAK1-selective,33.052795,33.950768
COC1CN(C2CCC(CC#N)(n3cc(C(N)=O)c(Nc4ccnc(F)c4)n3)CC2)C1,17.879004000124034,JAK1-selective,63.694485,38.321724
COC1CN(C2CC[C@H](n3cc(C(N)=O)c(Nc4ccc(S(=O)(=O)C(F)(F)F)cc4)n3)[C@@H](C#N)C2)C1,11.11111111111111,JAK1-selective,70.007034,-26.215292
COC1CN(S(=O)(=O)C[C@H]2C[C@@H](N(C)c3ncnc4[nH]ccc34)C2)C1,21.584415584415584,JAK1-selective,-76.1638,-23.741764
COC1CN([C@H]2CC[C@@](CC#N)(n3nc(Nc4ccc(Cl)c(F)c4)c4c(=O)[nH]ccc43)CC2)C1,11.968,JAK1-selective,34.126255,-51.288284
COC1CN([C@H]2CC[C@@](CC#N)(n3nc(Nc4ccc(Cl)cc4)c4c(=O)[nH]ccc43)CC2)C1,89.47368421052633,JAK1-selective,34.618412,-51.559746
COC1CN([C@H]2CC[C@@](CC#N)(n3nc(Nc4ccc(OC(F)(F)F)cc4)c4c(=O)[nH]ccc43)CC2)C1,7.529801324503311,JAK1-selective,34.056858,-49.244106
COC1CN([C@H]2CC[C@H](n3cc(C(N)=O)c(Nc4ccc(C(F)(F)F)cc4)n3)[C@@H](C#N)C2)C1,10.666666666666666,JAK1-selective,69.12614,-10.489397
COC1CN([C@H]2CC[C@](CC#N)(n3nc(Nc4ccc(Cl)c(F)c4)c4c(=O)[nH]ccc43)CC2)C1,65.22222222222223,JAK1-selective,34.126255,-51.288284
COC1CN([C@H]2CC[C@](CC#N)(n3nc(Nc4ccc(Cl)cc4)c4c(=O)[nH]ccc43)CC2)C1,84.33333333333333,JAK1-selective,34.618412,-51.559746
COC1CN([C@H]2CC[C@](CC#N)(n3nc(Nc4ccc(OC(F)(F)F)cc4)c4c(=O)[nH]ccc43)CC2)C1,9.533333333333333,JAK1-selective,34.05684,-49.244118
COCC(=O)N1CCC(CC#N)(n2cc(C(N)=O)c(Nc3ccccc3)n2)CC1,18.6,JAK1-selective,23.943842,51.13435
COCC(=O)N1CCC(CC#N)(n2cc(C(N)=O)c(Nc3ccnc(F)c3)n2)CC1,32.0,JAK1-selective,57.319645,41.465923
COCC(=O)N1CCC(CC#N)(n2nc(Nc3ccc(S(=O)(=O)N(C)C)cc3)c3c(=O)[nH]ccc32)CC1,6.791666666666666,JAK1-selective,28.915777,-33.25546
COCC(C)(C)CN1Cc2cc(Nc3nn([C@@H]4CCCCC[C@H]4C#N)c4cc[nH]c(=O)c34)ccc2S1(=O)=O,6.052631578947368,JAK1-selective,-6.7339807,-78.68016
COCC(C)(C)CN1Cc2cc(Nc3nn([C@H]4CCCC[C@@H]4C#N)c4cc[nH]c(=O)c34)ccc2S1(=O)=O,7.4576271186440675,JAK1-selective,-6.7402377,-78.67489
COCC(C)(C)N(C)[C@H]1CCC(n2cc(C(N)=O)c(Nc3ccc(Cl)cc3)n2)[C@@H](C#N)C1,31.5,JAK1-selective,87.19614,4.723669
COCC(C)(C)N[C@H]1CCC(n2cc(C(N)=O)c(Nc3ccc(Cl)cc3)n2)[C@@H](C#N)C1,53.75,JAK1-selective,87.216965,1.7746667
COCC(C)(C)N[C@H]1CCC(n2cc(C(N)=O)c(Nc3ccccc3)n2)[C@@H](C#N)C1,10.625,JAK1-selective,51.5617,-1.398358
COCC(C)(C)OC(=O)N1CCC(CC#N)(n2cc(C(N)=O)c(Nc3ccc(F)cc3)n2)CC1,27.20295,JAK1-selective,40.848625,47.968765
COCC(C)N(C)[C@H]1CCC(n2cc(C(N)=O)c(Nc3ccc(Cl)cc3)n2)[C@@H](C#N)C1,13.74775,JAK1-selective,87.467865,4.663567
COCC(C)NC(=O)c1nc2cnc3[nH]ccc3c2n1[C@H]1CC[C@H](CC#N)CC1,14.928571428571429,JAK1-selective,-41.687317,3.093121
COCC(C)N[C@H]1CCC(n2cc(C(N)=O)c(Nc3ccc(Cl)cc3)n2)[C@@H](C#N)C1,25.040057700058693,JAK1-selective,87.536476,1.0905213
COCC(C)OC(=O)N1CCC(CC#N)(n2cc(C(N)=O)c(Nc3ccc(F)cc3)n2)CC1,20.0,JAK1-selective,41.934803,41.089996
COCC/C(=N/O)NCc1nc2cnc3[nH]ccc3c2n1[C@H]1CC[C@H](CC#N)CC1,38.714285714285715,JAK1-selective,-41.228558,2.1868925
COCC/C(N)=N/OCc1nc2cnc3[nH]ccc3c2n1[C@H]1CC[C@H](CC#N)CC1,13.0,JAK1-selective,-41.0634,1.8164114
COCC1CCCN(S(=O)(=O)C[C@H]2C[C@@H](N(C)c3ncnc4[nH]ccc34)C2)C1,36.035714285714285,JAK1-selective,-77.029335,-24.285748
COCC1CCN(S(=O)(=O)C[C@H]2CC[C@H](N(C)c3ncnc4[nH]ccc34)CC2)CC1,5.546875,JAK1-selective,-12.192359,-29.22316
COCC1CCN(S(=O)(=O)C[C@H]2C[C@@H](N(C)c3ncnc4[nH]ccc34)C2)C1,25.32608695652174,JAK1-selective,-76.62265,-24.08164
COCC1CCN(S(=O)(=O)C[C@H]2C[C@@H](N(C)c3ncnc4[nH]ccc34)C2)CC1,115.22222222222223,JAK1-selective,-76.51376,-24.120241
COCC1CN(S(=O)(=O)C[C@H]2C[C@@H](N(C)c3ncnc4[nH]ccc34)C2)CCO1,22.9375,JAK1-selective,-75.748634,-24.24566
COCCC1(C(N)=O)CCN(S(=O)(=O)C[C@H]2CC[C@H](N(C)c3ncnc4[nH]ccc34)CC2)CC1,5.6415094339622645,JAK1-selective,-12.382494,-27.483143
COCCCNC(=O)c1nc2cnc3[nH]ccc3c2n1[C@H]1CC[C@H](CC#N)CC1,21.538461538461537,JAK1-selective,-42.672085,2.3467793
COCCCOC(=O)N1CC(CC#N)(n2cc(C(N)=O)c(Nc3ccccc3)n2)C1,16.2972972972973,JAK1-selective,22.031086,59.217316
COCCCOC(=O)N1CC[C@@H](n2cc(C(N)=O)c(Nc3ccc(F)cc3)n2)[C@H](C#N)C1,22.916666666666668,JAK1-selective,33.94915,0.6608616
COCCCS(=O)(=O)C[C@H]1C[C@@H](N(C)c2ncnc3[nH]ccc23)C1,24.9811320754717,JAK1-selective,-71.526535,-7.9602
COCCCn1nc(Nc2cc(O[C@H]3CC[C@@H](NC[C@@H](O)C(F)(F)F)CC3)cc3c2ncn3C)cc1C,369.2307692307692,JAK1-selective,-20.128456,-7.3054724
COCCN(C)C[C@H]1CC[C@H](c2nnn3cnc4[nH]ccc4c23)CC1,5.2727272727272725,JAK1-selective,-24.463049,-49.397114
COCCN(C)Cc1cc(C(=O)N2CCC(N3CC(CC#N)(n4cc(-c5ncnc6[nH]ccc56)cn4)C3)CC2)nc(C(F)(F)F)n1,6.123726677857807,JAK1-selective,-50.035812,53.32051
COCCN(C)S(=O)(=O)C[C@H]1C[C@@H](N(C)c2ncnc3[nH]ccc23)C1,19.5,JAK1-selective,-71.600716,-8.003068
COCCN(C)[C@H]1CCC(n2cc(C(N)=O)c(Nc3ccc(Cl)cc3)n2)[C@@H](C#N)C1,10.0,JAK1-selective,87.355064,4.71049
COCCN(C)[C@H]1CC[C@H](n2cc(C(N)=O)c(Nc3ccc(S(=O)(=O)C(F)(F)F)cc3)n2)[C@@H](C#N)C1,28.333333333333336,JAK1-selective,72.95697,-26.020185
COCCN(CCOC)C[C@H]1CC[C@H](c2nnn3cnc4[nH]ccc4c23)CC1,6.458333333333333,JAK1-selective,-24.514715,-49.780636
COCCN1CCN([C@H](C)C(=O)Nc2cccc3c(-c4ccnc(Nc5cn(C)nc5OC)n4)c[nH]c23)CC1,52.17391304347826,JAK1-selective,-70.27454,35.49579
COCCN1CCN([C@H](C)C(=O)Nc2cccc3c(-c4nc(Nc5cn(C)nc5OC)ncc4C)c[nH]c23)CC1,169.15887850467288,JAK1-selective,-68.90505,31.873964
COCCN1CCN([C@H](C)C(=O)Nc2cccc3c(-c4nc(Nc5cn(C)nc5OC)ncc4F)c[nH]c23)CC1,140.31413612565444,JAK1-selective,-72.41148,32.543583
COCCN1Cc2cc(Nc3nn([C@H]4CCCC[C@@H]4C#N)c4cc[nH]c(=O)c34)ccc2S1(=O)=O,8.333333333333334,JAK1-selective,-6.711264,-79.15111
COCCNC(=O)Cc1nc2cnc3[nH]ccc3c2n1[C@H]1CC[C@H](CC#N)CC1,22.857142857142858,JAK1-selective,-42.961536,2.348727
COCCNC(=O)OCc1nc2cnc3[nH]ccc3c2n1[C@H]1CC[C@H](CC#N)CC1,12.5,JAK1-selective,-42.76832,2.314434
COCCNC(=O)c1nc2cnc3[nH]ccc3c2n1[C@H]1CC[C@H](CC#N)CC1,8.636363636363635,JAK1-selective,-42.716892,2.3755214
COCCNC1CCC(CC#N)(n2cc(C(N)=O)c(Nc3ccc(F)cc3)n2)CC1,33.916666666666664,JAK1-selective,31.771688,33.251648
COCCN[C@H]1CCC(n2cc(C(N)=O)c(Nc3ccc(Cl)cc3)n2)[C@@H](C#N)C1,25.555555555555554,JAK1-selective,87.43063,1.5257202
COCCN[C@H]1CCC(n2cc(C(N)=O)c(Nc3ccc(S(=O)(=O)C(F)(F)F)cc3)n2)[C@@H](C#N)C1,35.0,JAK1-selective,74.38389,-23.69881
COCCOC(=O)N1CC(CC#N)(n2cc(C(N)=O)c(Nc3ccccc3)n2)C1,22.4,JAK1-selective,22.028477,59.218487
COCCOC(=O)N1CCC(CC#N)(n2cc(C(N)=O)c(Nc3ccc(F)cc3)n2)CC1,17.75,JAK1-selective,41.514507,40.573288
COCCOC(=O)N1CCC(CC#N)(n2cc(C(N)=O)c(Nc3ccc(S(=O)(=O)C(F)(F)F)cc3)n2)CC1,20.0,JAK1-selective,32.772224,43.615013
COCCOC(=O)N1CCC(CC#N)(n2cc(C(N)=O)c(Nc3ccccc3)n2)CC1,17.75,JAK1-selective,24.238136,51.65561
COCCOC(=O)N1CC[C@@H](C#N)[C@H](n2cc(C(N)=O)c(Nc3ccc(F)cc3)n2)C1,15.0,JAK1-selective,34.247704,0.5121787
COCCOC(=O)N1CC[C@@H](n2cc(C(N)=O)c(Nc3ccc(F)cc3)n2)[C@H](C#N)C1,22.444444444444443,JAK1-selective,33.937366,0.657218
COCCOC1CCN(S(=O)(=O)C[C@H]2C[C@@H](N(C)c3ncnc4[nH]ccc34)C2)CC1,34.392857142857146,JAK1-selective,-76.60848,-24.17748
COCCOCCOCCOCCc1nc2cnc3[nH]ccc3c2n1[C@H]1CC[C@H](CC#N)CC1,69.0,JAK1-selective,-40.7277,1.5222416
COCCOCCOCc1nc2cnc3[nH]ccc3c2n1[C@H]1CC[C@H](CC#N)CC1,14.148936170212766,JAK1-selective,-40.76455,1.5382172
COCCn1cc(-c2ccc(Nc3nn([C@H]4CCCC[C@@H]4C#N)c4cc[nH]c(=O)c34)cc2)cn1,15.0,JAK1-selective,8.942032,-72.575676
COCCn1ccc(-c2ccc(Nc3nn([C@@H](CC#N)C4CC4)c4cc[nH]c(=O)c34)cc2)n1,20.583333333333332,JAK1-selective,1.23815,-44.03729
COC[C@@H](C(=O)Nc1cccc2c(-c3ccnc(Nc4cn(C)nc4OC)n3)c[nH]c12)N1CCN(C)CC1,10.344827586206897,JAK1-selective,-69.70905,35.509464
COC[C@@H](C(=O)Nc1cccc2c(-c3nc(Nc4cccc(S(C)(=O)=O)c4F)ncc3C)c[nH]c12)N1CCCN(C)CC1,315.7894736842105,JAK1-selective,-92.56904,0.96255356
COC[C@@H](C(=O)Nc1cccc2c(-c3nc(Nc4cccc(S(C)(=O)=O)c4F)ncc3C)c[nH]c12)N1CCN(C)CC1,140.8450704225352,JAK1-selective,-92.44994,1.0335374
COC[C@@H](C(=O)Nc1cccc2c(-c3nc(Nc4cccc(S(C)(=O)=O)c4F)ncc3C)c[nH]c12)N1CCN(C)C[C@H]1C,480.0,JAK1-selective,-91.10914,0.38929084
COC[C@@H](C(=O)Nc1cccc2c(-c3nc(Nc4cccc(S(C)(=O)=O)c4F)ncc3C)c[nH]c12)N1C[C@@H](C)N[C@H](C)C1,163.93805309734512,JAK1-selective,-90.50218,0.4247581
COC[C@@H](C(=O)Nc1cccc2c(-c3nc(Nc4cccc(S(C)(=O)=O)c4F)ncc3C)c[nH]c12)N1C[C@H](C)N(C)[C@@H](C)C1,30.425963488843813,JAK1-selective,-90.62064,0.42011634
COC[C@@H](C(=O)Nc1cccc2c(-c3nc(Nc4cccc(S(C)(=O)=O)c4F)ncc3F)c[nH]c12)N1CCCN(C)CC1,31.47953830010493,JAK1-selective,-92.57345,-0.014445561
COC[C@@H](C(=O)Nc1cccc2c(-c3nc(Nc4cccc(S(C)(=O)=O)c4F)ncc3F)c[nH]c12)N1CCN(C)CC1,16.304347826086957,JAK1-selective,-92.43099,-0.046486024
COC[C@@H](C(=O)Nc1cccc2c(-c3nc(Nc4cccc(S(C)(=O)=O)c4F)ncc3F)c[nH]c12)N1CCN(C)C[C@H]1C,243.90243902439025,JAK1-selective,-90.492935,-0.5543581
COC[C@@H](C(=O)Nc1cccc2c(-c3nc(Nc4cccc(S(C)(=O)=O)c4F)ncc3F)c[nH]c12)N1C[C@@H](C)N[C@H](C)C1,62.24066390041494,JAK1-selective,-89.79203,-0.25746226
COC[C@@H](C(=O)Nc1cccc2c(-c3nc(Nc4cccc(S(C)(=O)=O)c4F)ncc3F)c[nH]c12)N1C[C@H](C)N(C)[C@@H](C)C1,9.146341463414634,JAK1-selective,-89.901085,-0.31023586
COC[C@@H](C(=O)Nc1cccc2c(-c3nc(Nc4cn(C)nc4C)ncc3F)c[nH]c12)N1CCN(C)CC1,17.964071856287426,JAK1-selective,-71.80025,30.854727
COC[C@@H](C(=O)Nc1cccc2c(-c3nc(Nc4cn(C)nc4OC)ncc3C)c[nH]c12)N1CCN(C)CC1,30.425963488843813,JAK1-selective,-67.676575,32.72457
COC[C@@H]1CCN(S(=O)(=O)C[C@H]2CC[C@H](N(C)c3ncnc4[nH]ccc34)CC2)C1,13.313609467455622,JAK1-selective,-12.257946,-29.577711
COC[C@H](C(=O)Nc1cccc2c(-c3ccnc(Nc4cn(C)nc4OC)n3)c[nH]c12)N1CCN(C)CC1,382.5,JAK1-selective,-69.70905,35.509464
COC[C@H](C(=O)Nc1cccc2c(-c3nc(Nc4cccc(S(C)(=O)=O)c4F)ncc3C)c[nH]c12)N1CCCN(C)CC1,201.33333333333334,JAK1-selective,-92.56904,0.96255356
COC[C@H](C(=O)Nc1cccc2c(-c3nc(Nc4cccc(S(C)(=O)=O)c4F)ncc3C)c[nH]c12)N1CCN(C)CC1,241.66666666666666,JAK1-selective,-92.44994,1.0335374
COC[C@H](C(=O)Nc1cccc2c(-c3nc(Nc4cccc(S(C)(=O)=O)c4F)ncc3C)c[nH]c12)N1CCN(C)C[C@H]1C,97.66666666666667,JAK1-selective,-91.11098,0.38932747
COC[C@H](C(=O)Nc1cccc2c(-c3nc(Nc4cccc(S(C)(=O)=O)c4F)ncc3C)c[nH]c12)N1C[C@@H](C)N[C@H](C)C1,400.0,JAK1-selective,-90.50218,0.4247581
COC[C@H](C(=O)Nc1cccc2c(-c3nc(Nc4cccc(S(C)(=O)=O)c4F)ncc3C)c[nH]c12)N1C[C@H](C)N(C)[C@@H](C)C1,853.3333333333334,JAK1-selective,-90.62064,0.42011634
COC[C@H](C(=O)Nc1cccc2c(-c3nc(Nc4cccc(S(C)(=O)=O)c4F)ncc3F)c[nH]c12)N1CCCN(C)CC1,239.33333333333334,JAK1-selective,-92.57345,-0.0144461
COC[C@H](C(=O)Nc1cccc2c(-c3nc(Nc4cccc(S(C)(=O)=O)c4F)ncc3F)c[nH]c12)N1CCN(C)CC1,406.6666666666667,JAK1-selective,-92.43099,-0.046486054
COC[C@H](C(=O)Nc1cccc2c(-c3nc(Nc4cccc(S(C)(=O)=O)c4F)ncc3F)c[nH]c12)N1CCN(C)C[C@H]1C,236.33333333333334,JAK1-selective,-90.49294,-0.55435777
COC[C@H](C(=O)Nc1cccc2c(-c3nc(Nc4cccc(S(C)(=O)=O)c4F)ncc3F)c[nH]c12)N1C[C@@H](C)N[C@H](C)C1,643.3333333333334,JAK1-selective,-89.79204,-0.2574172
COC[C@H](C(=O)Nc1cccc2c(-c3nc(Nc4cccc(S(C)(=O)=O)c4F)ncc3F)c[nH]c12)N1C[C@H](C)N(C)[C@@H](C)C1,1220.253164556962,JAK1-selective,-89.901085,-0.31023586
COC[C@H](C(=O)Nc1cccc2c(-c3nc(Nc4cn(C)nc4C)ncc3F)c[nH]c12)N1CCN(C)CC1,107.33333333333333,JAK1-selective,-71.80025,30.854727
COC[C@H](C(=O)Nc1cccc2c(-c3nc(Nc4cn(C)nc4OC)ncc3C)c[nH]c12)N1CCN(C)CC1,263.3333333333333,JAK1-selective,-67.67658,32.72457
COC[C@H]1CCCN1S(=O)(=O)C[C@H]1CC[C@H](N(C)c2ncnc3[nH]ccc23)CC1,5.884816753926701,JAK1-selective,-12.606949,-29.09775
COC[C@H]1CC[C@H](S(=O)(=O)C[C@H]2C[C@@H](N(C)c3ncnc4[nH]ccc34)C2)CC1,37.777777777777786,JAK1-selective,-71.86937,-8.355984
COCc1cccc(S(=O)(=O)C[C@H]2C[C@@H](N(C)c3ncnc4[nH]ccc34)C2)c1,20.526315789473685,JAK1-selective,-69.820335,-7.5450253
COCc1nc2cnc3[nH]ccc3c2n1[C@H]1CC[C@H](CC#N)CC1,17.0,JAK1-selective,-40.604923,1.5113062
CO[C@@H](C)C1CCN(S(=O)(=O)C[C@H]2C[C@@H](N(C)c3ncnc4[nH]ccc34)C2)CC1,137.0,JAK1-selective,-76.72811,-22.50125
CO[C@@H]1CCCN(S(=O)(=O)C[C@H]2CC[C@H](N(C)c3ncnc4[nH]ccc34)CC2)C1,13.941176470588236,JAK1-selective,-13.202976,-29.811268
CO[C@@H]1CCCN(S(=O)(=O)C[C@H]2C[C@@H](N(C)c3ncnc4[nH]ccc34)C2)C1,27.70212765957447,JAK1-selective,-77.14653,-24.34676
CO[C@@H]1CCN(S(=O)(=O)C[C@H]2C[C@@H](N(C)c3ncnc4[nH]ccc34)C2)C1,27.462962962962962,JAK1-selective,-76.762726,-24.150425
CO[C@@H]1CN(C(=O)c2ccnc(C(F)(F)F)n2)CC[C@@H]1N1CC(CC#N)(n2cc(-c3ncnc4[nH]ccc34)cn2)C1,7.745970553254317,JAK1-selective,-47.883038,53.344418
CO[C@@H]1CN(S(=O)(=O)C[C@H]2C[C@@H](N(C)c3ncnc4[nH]ccc34)C2)C[C@H]1F,14.435897435897436,JAK1-selective,-75.81999,-23.287533
CO[C@@H]1C[C@H]2CC[C@@H](C1)N2S(=O)(=O)C[C@H]1C[C@@H](N(C)c2ncnc3[nH]ccc23)C1,32.3125,JAK1-selective,-78.29588,-23.100496
CO[C@H](C)C1CCN(S(=O)(=O)C[C@H]2C[C@@H](N(C)c3ncnc4[nH]ccc34)C2)CC1,53.92156862745098,JAK1-selective,-76.72822,-22.501352
CO[C@H]1C[C@H](N2CC(S(=O)(=O)C[C@H]3C[C@@H](N(C)c4ncnc5[nH]ccc45)C3)C2)C1,33.42857142857143,JAK1-selective,-78.58064,-22.827896
COc1cc(C(F)(F)F)c(S(=O)(=O)C[C@H]2C[C@@H](N(C)c3ncnc4[nH]ccc34)C2)cn1,11.57777777777778,JAK1-selective,-74.10618,-10.196657
COc1cc(C)c(S(=O)(=O)C[C@H]2C[C@@H](N(C)c3ncnc4[nH]ccc34)C2)cn1,22.6,JAK1-selective,-71.4547,-5.8903027
COc1cc(Cl)ccc1S(=O)(=O)C[C@H]1C[C@@H](N(C)c2ncnc3[nH]ccc23)C1,13.1875,JAK1-selective,-69.43427,-5.6977673
COc1cc(F)cc(N2CCC(CC#N)(n3cc(C(N)=O)c(Nc4ccc(F)cc4)n3)CC2)c1,20.0,JAK1-selective,44.211517,32.058693
COc1cc(N2CCC(CC#N)(n3cc(C(N)=O)c(Nc4ccc(F)cc4)n3)CC2)ccc1F,18.5,JAK1-selective,44.41731,32.005558
COc1cc(N2CCC(CC#N)(n3cc(C(N)=O)c(Nc4ccc(F)cc4)n3)CC2)ccn1,25.0,JAK1-selective,44.31749,32.0324
COc1cc(Nc2cc(O[C@H]3CC[C@@H](NC[C@@H](O)C(F)(F)F)CC3)cc3c2ncn3C)nn1C,146.28571428571428,JAK1-selective,-20.135986,-7.307808
COc1cc(Nc2nn(C3(CC#N)CCN(C(=O)OC(C)(C)C)CC3)cc2C(N)=O)ccn1,24.333333333333332,JAK1-selective,42.237072,55.56836
COc1cc(Nc2nn(C3(CC#N)CCN(C(=O)OCC(F)F)CC3)cc2C(N)=O)ccn1,49.714285714285715,JAK1-selective,56.540714,40.129025
COc1cc(Nc2nn(C3COCC[C@@H]3C#N)c3cc[nH]c(=O)c23)ccc1F,28.0,JAK1-selective,26.225252,-67.4928
COc1cc(Nc2nn([C@H]3COCC[C@@H]3C#N)cc2C(N)=O)ccc1C#N,46.85714285714285,JAK1-selective,67.15905,17.289318
COc1cc(Nc2nn([C@H]3COCC[C@@H]3C#N)cc2C(N)=O)ccc1Cl,32.333333333333336,JAK1-selective,67.48603,16.949226
COc1cc(S(=O)(=O)C[C@H]2C[C@@H](N(C)c3ncnc4[nH]ccc34)C2)c(C)cn1,16.68421052631579,JAK1-selective,-71.42825,-5.950371
COc1cc(S(=O)(=O)C[C@H]2C[C@@H](N(C)c3ncnc4[nH]ccc34)C2)ccn1,14.375,JAK1-selective,-70.26231,-6.852274
COc1cc(S(=O)(=O)C[C@H]2C[C@@H](N(C)c3ncnc4[nH]ccc34)C2)cnc1C,22.5,JAK1-selective,-71.27488,-6.362128
COc1cc(S(=O)(=O)C[C@H]2C[C@@H](N(C)c3ncnc4[nH]ccc34)C2)cnc1OC,18.75,JAK1-selective,-72.05535,-6.802873
COc1ccc(-c2cc3ncc(C(N)=O)c(N[C@@H]4CCN(c5ccc(C#N)nn5)CC4(C)C)n3n2)cc1,10.555555555555555,JAK1-selective,36.848045,15.048466
COc1ccc(-c2cc3ncc(C(N)=O)c(N[C@@H]4CCN(c5ccc(C#N)nn5)CC4(C)C)n3n2)cn1,10.374531835205993,JAK1-selective,36.856598,15.052825
COc1ccc(-c2cccc(Nc3nn(C4(CC#N)CCN(C(=O)OC(C)(C)C)CC4)cc3C(N)=O)c2)cc1,23.365853658536587,JAK1-selective,39.301983,58.136204
COc1ccc(C(=O)N2CCC(CC#N)(n3cc(C(N)=O)c(Nc4ccccc4)n3)CC2)cc1,17.125,JAK1-selective,24.796,49.625687
COc1ccc(C(=O)N2CCC(CC#N)(n3cc(C(N)=O)c(Nc4ccccc4)n3)CC2)cc1OC,14.0,JAK1-selective,24.833448,49.589844
COc1ccc(C(O)(CN[C@H]2CC[C@H](c3nnn4cnc5[nH]ccc5c34)CC2)C(F)(F)F)cc1,20.833333333333336,JAK1-selective,-26.404476,-68.32236
COc1ccc(C(O)(CN[C@H]2CC[C@H](c3nnn4cnc5[nH]ccc5c34)CC2)C(F)(F)F)cc1OC,37.083333333333336,JAK1-selective,-26.336998,-68.42228
COc1ccc(C(O)(CN[C@H]2CC[C@H](c3nnn4cnc5[nH]ccc5c34)CC2)C(F)(F)F)cn1,16.842105263157894,JAK1-selective,-26.391447,-68.30256
COc1ccc(C)cc1NC(=O)N1CC(CC#N)(n2cc(C(N)=O)c(Nc3ccccc3)n2)C1,9.333333333333334,JAK1-selective,17.95758,62.22715
COc1ccc(CC(=O)N2CCC(CC#N)(n3cc(C(N)=O)c(Nc4ccccc4)n3)CC2)cc1,12.0,JAK1-selective,24.042854,51.005764
COc1ccc(CN2CCC(CC#N)(n3cc(C(N)=O)c(Nc4ccnc(F)c4)n3)CC2)cc1,16.0,JAK1-selective,58.787796,49.861828
COc1ccc(CN2CCC(c3nnn4cnc5[nH]ccc5c34)CC2)cc1F,6.8,JAK1-selective,-46.130276,-61.434986
COc1ccc(CN2CCC(c3nnn4cnc5[nH]ccc5c34)CC2)cn1,5.238095238095238,JAK1-selective,-47.81745,-56.892014
COc1ccc(CNC[C@H]2CC[C@H](c3nnn4cnc5[nH]ccc5c34)CC2)cc1,8.333333333333334,JAK1-selective,-24.932999,-50.255615
COc1ccc(Cl)c(S(=O)(=O)C[C@H]2C[C@@H](N(C)c3ncnc4[nH]ccc34)C2)c1,8.2987012987013,JAK1-selective,-69.55359,-5.772636
COc1ccc(F)c(-c2cc3ncc(C(N)=O)c(N[C@@H]4CCN(c5ccc(C#N)nn5)CC4(C)C)n3n2)c1,15.85561497326203,JAK1-selective,36.688477,14.978336
COc1ccc(F)cc1S(=O)(=O)C[C@H]1C[C@@H](N(C)c2ncnc3[nH]ccc23)C1,9.65625,JAK1-selective,-72.95469,-6.981591
COc1ccc(N2CCC(CC#N)(n3cc(C(N)=O)c(Nc4ccc(F)cc4)n3)CC2)cc1OC,38.5,JAK1-selective,44.292862,32.028214
COc1ccc(N2CCC(CC#N)(n3cc(C(N)=O)c(Nc4ccc(F)cc4)n3)CC2)cn1,22.5,JAK1-selective,43.895477,31.784071
COc1ccc(NC(=O)N2CC(CC#N)(n3cc(C(N)=O)c(Nc4ccccc4)n3)C2)c(C)c1,15.533333333333333,JAK1-selective,17.9157,62.28513
COc1ccc(S(=O)(=O)C[C@H]2C[C@@H](N(C)c3ncnc4[nH]ccc34)C2)c(C(F)(F)F)n1,17.181818181818183,JAK1-selective,-74.111534,-10.278784
COc1ccc(S(=O)(=O)C[C@H]2C[C@@H](N(C)c3ncnc4[nH]ccc34)C2)c(C)n1,18.428571428571427,JAK1-selective,-71.33671,-6.512262
COc1ccc(S(=O)(=O)C[C@H]2C[C@@H](N(C)c3ncnc4[nH]ccc34)C2)c(F)c1,22.111111111111114,JAK1-selective,-72.89088,-6.971189
COc1ccc(S(=O)(=O)C[C@H]2C[C@@H](N(C)c3ncnc4[nH]ccc34)C2)cc1,15.333333333333334,JAK1-selective,-70.80266,-7.413487
COc1ccc(S(=O)(=O)C[C@H]2C[C@@H](N(C)c3ncnc4[nH]ccc34)C2)cn1,10.125,JAK1-selective,-70.867645,-7.3326693
COc1ccc2c(c1)CN(S(=O)(=O)C[C@H]1C[C@@H](N(C)c3ncnc4[nH]ccc34)C1)C2,25.6,JAK1-selective,-75.96311,-25.486376
COc1ccc2c(n1)CCN(S(=O)(=O)C[C@H]1C[C@@H](N(C)c3ncnc4[nH]ccc34)C1)C2,29.588235294117645,JAK1-selective,-75.95995,-25.406641
COc1ccc2cc(CN3CCC(CC#N)(n4cc(C(N)=O)c(Nc5ccccc5)n4)CC3)ccc2c1,12.375,JAK1-selective,16.49944,47.08634
COc1cccc(-c2cc3ncc(C(N)=O)c(N[C@@H]4CCN(c5ccc(C#N)nn5)CC4(C)C)n3n2)n1,23.599999999999998,JAK1-selective,36.799644,15.019516
COc1cccc(CN2CCC(CC#N)(n3cc(C(N)=O)c(Nc4ccnc(F)c4)n3)CC2)c1,40.0,JAK1-selective,58.751102,49.907475
COc1cccc(COC(=O)N2CC(CC#N)(n3cc(C(N)=O)c(Nc4ccccc4)n3)C2)c1,20.142857142857142,JAK1-selective,22.370451,59.465897
COc1cccc(Nc2nn(C3(CC#N)CCN(C(=O)OC(C)(C)C)CC3)cc2C(N)=O)n1,18.6,JAK1-selective,38.93064,55.841236
COc1ccccc1CN1CCC(CC#N)(n2cc(C(N)=O)c(Nc3ccnc(F)c3)n2)CC1,41.0,JAK1-selective,58.72169,49.879013
COc1ccccc1COC(=O)N1CC(CC#N)(n2cc(C(N)=O)c(Nc3ccccc3)n2)C1,21.64516129032258,JAK1-selective,22.134027,59.328045
COc1ccccc1N1CCC(CC#N)(n2cc(C(N)=O)c(Nc3ccc(F)cc3)n2)CC1,7.023474178403756,JAK1-selective,43.59679,32.59088
COc1cccnc1N1CCC(CC#N)(n2cc(C(N)=O)c(Nc3ccc(F)cc3)n2)CC1,16.939393939393938,JAK1-selective,43.900536,32.566597
COc1ccncc1S(=O)(=O)C[C@H]1C[C@@H](N(C)c2ncnc3[nH]ccc23)C1,11.92,JAK1-selective,-70.612045,-6.51483
COc1cnc(C)c(S(=O)(=O)C[C@H]2C[C@@H](N(C)c3ncnc4[nH]ccc34)C2)c1,17.486486486486488,JAK1-selective,-71.357155,-6.127441
COc1cncc(N2CCC(CC#N)(n3cc(C(N)=O)c(Nc4ccc(F)cc4)n3)CC2)c1,28.333333333333336,JAK1-selective,44.23487,31.903599
COc1cncc(S(=O)(=O)C[C@H]2C[C@@H](N(C)c3ncnc4[nH]ccc34)C2)c1,23.639232893584673,JAK1-selective,-71.096,-6.725387
COc1ncc(N2CCC(CC#N)(n3cc(C(N)=O)c(Nc4ccc(F)cc4)n3)CC2)cn1,30.000000000000004,JAK1-selective,43.855515,31.843584
COc1ncc(S(=O)(=O)C[C@H]2C[C@@H](N(C)c3ncnc4[nH]ccc34)C2)c(C)n1,17.0,JAK1-selective,-71.32991,-6.316912
COc1ncc(S(=O)(=O)C[C@H]2C[C@@H](N(C)c3ncnc4[nH]ccc34)C2)cn1,12.916666666666666,JAK1-selective,-70.91923,-7.237735
COc1nccc(-c2cnc3[nH]ccc3c2N[C@@H]2CCCN(C(=O)CC#N)C2)n1,5.5,JAK1-selective,-42.81967,-28.218441
COc1nn(C)cc1Nc1ncc(Br)c(-c2c[nH]c3c(NC(=O)[C@@H](C)N4CCN(C)CC4)cccc23)n1,197.5,JAK1-selective,-69.773796,32.98359
COc1nn(C)cc1Nc1ncc(C)c(-c2c[nH]c3c(NC(=O)[C@@H](C)N4CCN(C)CC4)cccc23)n1,537.0,JAK1-selective,-68.911255,32.41542
COc1nn(C)cc1Nc1ncc(C)c(-c2c[nH]c3c(NC(=O)[C@@H](C)N4CCN(C)C[C@@H]4C)cccc23)n1,101.35135135135135,JAK1-selective,-69.54651,30.859535
COc1nn(C)cc1Nc1ncc(C)c(-c2c[nH]c3c(NC(=O)[C@@H](C)N4CCN(C)C[C@H]4C)cccc23)n1,498.46153846153845,JAK1-selective,-69.54652,30.859535
COc1nn(C)cc1Nc1ncc(C)c(-c2c[nH]c3c(NC(=O)[C@@H](C)N4CCN(C)[C@@H](C)C4)cccc23)n1,710.0,JAK1-selective,-69.69879,30.96271
COc1nn(C)cc1Nc1ncc(C)c(-c2c[nH]c3c(NC(=O)[C@@H](C)N4CCN(C)[C@H](C)C4)cccc23)n1,303.50877192982455,JAK1-selective,-69.69879,30.96271
COc1nn(C)cc1Nc1ncc(C)c(-c2c[nH]c3c(NC(=O)[C@@H](C)N4CCN(CCO)CC4)cccc23)n1,361.42857142857144,JAK1-selective,-68.89045,31.841259
COc1nn(C)cc1Nc1ncc(C)c(-c2c[nH]c3c(NC(=O)[C@H](C)N4CCN(C)CC4)cccc23)n1,110.29411764705883,JAK1-selective,-68.911255,32.41542
COc1nn(C)cc1Nc1ncc(Cl)c(-c2c[nH]c3c(NC(=O)[C@@H](C)N4CCN(C)CC4)cccc23)n1,251.42857142857142,JAK1-selective,-69.81069,33.01841
COc1nn(C)cc1Nc1ncc(F)c(-c2c[nH]c3c(NC(=O)[C@@H](C)N4CCN(C)CC4)cccc23)n1,348.42105263157896,JAK1-selective,-72.20816,32.32361
COc1nn(C)cc1Nc1ncc(F)c(-c2c[nH]c3c(NC(=O)[C@@H](C)N4CCN(C)C[C@@H]4C)cccc23)n1,83.56545961002786,JAK1-selective,-73.53345,32.457073
COc1nn(C)cc1Nc1ncc(F)c(-c2c[nH]c3c(NC(=O)[C@@H](C)N4CCN(C)C[C@H]4C)cccc23)n1,320.6666666666667,JAK1-selective,-73.53345,32.457073
COc1nn(C)cc1Nc1ncc(F)c(-c2c[nH]c3c(NC(=O)[C@@H](C)N4CCN(C)[C@@H](C)C4)cccc23)n1,433.3333333333333,JAK1-selective,-73.44088,32.750122
COc1nn(C)cc1Nc1ncc(F)c(-c2c[nH]c3c(NC(=O)[C@@H](C)N4CCN(C)[C@H](C)C4)cccc23)n1,150.58823529411765,JAK1-selective,-73.44088,32.750122
COc1nn(C)cc1Nc1ncc(F)c(-c2c[nH]c3c(NC(=O)[C@H](C)N4CCN(C)C[C@@H]4C)cccc23)n1,8.333333333333334,JAK1-selective,-73.53344,32.457073
COc1nn(C)cc1Nc1nccc(-c2c[nH]c3c(NC(=O)[C@@H](C)N4CCN(C)CC4)cccc23)n1,201.36986301369862,JAK1-selective,-70.119095,35.245667
COc1nn(C)cc1Nc1nccc(-c2c[nH]c3c(NC(=O)[C@@H](C)N4CCN(C)C[C@@H]4C)cccc23)n1,35.41912632821724,JAK1-selective,-70.74415,35.201782
COc1nn(C)cc1Nc1nccc(-c2c[nH]c3c(NC(=O)[C@@H](C)N4CCN(C)C[C@H]4C)cccc23)n1,210.30927835051546,JAK1-selective,-70.74415,35.201782
COc1nn(C)cc1Nc1nccc(-c2c[nH]c3c(NC(=O)[C@@H](C)N4CCN(C)[C@@H](C)C4)cccc23)n1,242.02898550724638,JAK1-selective,-70.82054,35.250397
COc1nn(C)cc1Nc1nccc(-c2c[nH]c3c(NC(=O)[C@@H](C)N4CCN(C)[C@H](C)C4)cccc23)n1,98.6842105263158,JAK1-selective,-70.82054,35.250397
CS(=O)(=O)C1CN(C(=O)[C@@H]2CC[C@@H](n3cc(C(N)=O)c(Nc4ccc(Cl)cc4)n3)[C@H](C#N)C2)C1,6.333333333333333,JAK1-selective,84.24474,4.594616
CS(=O)(=O)C1CN(C(=O)[C@H]2CC[C@H](n3cc(C(N)=O)c(Nc4ccc(Cl)cc4)n3)[C@@H](C#N)C2)C1,24.5,JAK1-selective,84.24474,4.594616
CS(=O)(=O)CC(=O)N1CCC(CC#N)(n2cc(C(N)=O)c(Nc3ccnc(F)c3)n2)CC1,44.0,JAK1-selective,57.425766,42.052017
CS(=O)(=O)CCNC1CC[C@H](n2cc(C(N)=O)c(Nc3ccc(S(=O)(=O)C(F)(F)F)cc3)n2)[C@@H](C#N)C1,11.428571428571429,JAK1-selective,73.90178,-23.132902
CS(=O)(=O)N(CCO)c1ccccc1CNc1nc(-c2cc(F)c(O)cc2CC(F)(F)F)cc(N)c1C(=N)C(N)=O,5.068965517241379,JAK1-selective,17.110947,-13.875431
CS(=O)(=O)N(CCO)c1ccccc1CNc1nc(-c2cc(F)c(O)cc2CC(F)(F)F)cc2[nH]nc(C(N)=O)c12,5.068965517241379,JAK1-selective,16.130701,-20.562477
CS(=O)(=O)N1CC(c2nc3cnc4[nH]ccc4c3n2[C@H]2CC[C@H](CC#N)CC2)C1,147.5,JAK1-selective,-37.53156,-1.5332191
CS(=O)(=O)N1CCC(CC#N)(n2cc(C(N)=O)c(Nc3ccccc3)n2)CC1,7.5,JAK1-selective,17.39371,51.77449
CS(=O)(=O)NC(=O)C1CC[C@@](CC#N)(n2nc(Nc3ccc(Cl)cc3)c3c(=O)[nH]ccc32)CO1,6.164021164021165,JAK1-selective,35.807,-52.988884
CS(=O)(=O)NC(=O)c1ccc(Nc2nn([C@@H](CC#N)C3CC3)c3cc[nH]c(=O)c23)cc1,16.714285714285715,JAK1-selective,0.42362854,-45.25206
CS(=O)(=O)NC[C@H]1CC[C@H](N2CN(CC(F)(F)F)C(=O)c3cnc4[nH]ccc4c32)CC1,13.636363636363637,JAK1-selective,-35.527233,-11.629023
CS(=O)(=O)NC[C@H]1CC[C@H](c2nnn3cnc4[nH]ccc4c23)CC1,7.5,JAK1-selective,-23.17775,-50.427105
CS(=O)(=O)NCc1nc2cnc3[nH]ccc3c2n1[C@@H]1C[C@H]2CC[C@@H]1C2,190.0,JAK1-selective,-26.541327,-13.175588
CS(=O)(=O)NCc1nc2cnc3ccsc3c2n1[C@H]1CC2CCC1C2,14.142100000000001,JAK1-selective,-66.11398,15.5832815
CS(=O)(=O)NCc1nc2cnc3ccsc3c2n1[C@H]1CC[C@H](CC#N)CC1,10.0,JAK1-selective,-64.39171,9.509765
CS(=O)(=O)N[C@@H]1CCC(n2cc(C(N)=O)c(Nc3ccc(F)cc3)n2)[C@H](C#N)C1,13.333333333333332,JAK1-selective,49.80131,-9.232503
CS(=O)(=O)N[C@@H]1CC[C@H](n2cc(C(N)=O)c(Nc3ccc(Cl)cc3)n2)[C@@H](C#N)C1,8.88888888888889,JAK1-selective,85.82135,2.6821218
CS(=O)(=O)N[C@H]1CCC(n2cc(C(N)=O)c(Nc3ccc(F)cc3)n2)[C@@H](C#N)C1,7.0,JAK1-selective,49.801212,-9.232589
CS(=O)(=O)N[C@H]1CC[C@H](n2cc(C(N)=O)c(Nc3ccc(Cl)cc3)n2)[C@@H](C#N)C1,10.0,JAK1-selective,85.82135,2.6821218
CS(=O)(=O)Nc1ccnc(-c2cnc3[nH]ccc3c2N[C@@H]2CCCN(C(=O)CC#N)C2)c1,10.0,JAK1-selective,-43.61038,-26.415257
CS(=O)(=O)c1ccc(-c2ccc(-c3nc4cnc5[nH]ccc5c4n3[C@H]3CC[C@H](CC#N)CC3)cc2)cc1,75.25,JAK1-selective,-37.626686,-1.5178794
CS(=O)(=O)c1ccc(CN2CCC(c3nnn4cnc5[nH]ccc5c34)CC2)cc1,13.125,JAK1-selective,-47.500732,-56.561954
CS(=O)(=O)c1ccc(CNC[C@H]2CC[C@H](c3nnn4cnc5[nH]ccc5c34)CC2)cc1,11.41025641025641,JAK1-selective,-22.979633,-50.136566
CS(=O)(=O)c1ccc(Nc2nn(C3(CC#N)CCC4(CC3)OCCO4)cc2C(N)=O)cc1,10.842105263157896,JAK1-selective,30.050625,42.32089
CS(=O)(=O)c1ccc(Nc2nn(C3(CC#N)CCCCC3)cc2C(N)=O)cc1,9.65,JAK1-selective,30.101028,42.387444
CS(=O)(=O)c1ccc(Nc2nn(C3(CC#N)CCN(C(=O)CC#N)CC3)cc2C(N)=O)cc1,16.666666666666668,JAK1-selective,30.74473,42.75672
CS(=O)(=O)c1ccc(Nc2nn(C3(CC#N)CCN(c4ccc(I)cn4)CC3)c3cc[nH]c(=O)c23)cc1,6.0,JAK1-selective,31.843525,-39.175903
CS(=O)(=O)c1ccc(Nc2nn(C3(CC#N)CCOCC3)cc2C(N)=O)cc1,8.318181818181818,JAK1-selective,29.98848,42.282894
CS(=O)(=O)c1ccc(Nc2nn(C3(CC#N)CN(C(=O)Nc4cc(F)ccc4F)C3)cc2C(N)=O)cc1,12.473684210526315,JAK1-selective,28.966858,43.541565
CS(=O)(=O)c1ccc(Nc2nn(C3(CC#N)CN(C(=O)OC4CCCC4)C3)cc2C(N)=O)cc1,22.0,JAK1-selective,29.096664,42.366978
CS(=O)(=O)c1ccc(Nc2nn(C3(CC#N)CN(C(=O)OC4CCOC4)C3)cc2C(N)=O)cc1,10.045454545454545,JAK1-selective,28.847565,42.02653
CS(=O)(=O)c1ccc(Nc2nn(C3CCCCC3C#N)cc2C(N)=O)cc1,15.0,JAK1-selective,49.80373,15.178609
CS(=O)(=O)c1ccc(Nc2nn(C3CCCC[C@@H]3C#N)cc2C(N)=O)cc1F,5.0,JAK1-selective,54.684414,13.7846985
CS(=O)(=O)c1ccc(Nc2nn(C3CCCC[C@H]3C#N)cc2C(N)=O)cc1,9.0,JAK1-selective,49.803352,15.179225
CS(=O)(=O)c1ccc(Nc2nn([C@H]3CCCC[C@@H]3C#N)c3cc[nH]c(=O)c23)cc1,6.916666666666667,JAK1-selective,14.049874,-64.79456
CS(=O)(=O)c1ccc(Nc2nn([C@H]3CCCC[C@@H]3C#N)cc2C(N)=O)cc1,9.0,JAK1-selective,49.803707,15.178618
CS(=O)(=O)c1ccc(Nc2nn([C@H]3CCC[C@@H]3C#N)c3cc[nH]c(=O)c23)cc1,5.75,JAK1-selective,14.1559,-64.70867
CS(=O)(=O)c1ccc(Nc2nn([C@H]3CCC[C@@H]3C#N)cc2C(N)=O)cc1,22.0,JAK1-selective,49.823856,15.214962
CS(=O)(=O)c1ccc(Nc2nn([C@H]3CCC[C@H]3C#N)cc2C(N)=O)cc1,16.4,JAK1-selective,49.823856,15.214962
CS(=O)(=O)c1ccc(Nc2nn([C@H]3CC[C@@H](N4CC5(CCC5)C4)C[C@@H]3C#N)cc2C(N)=O)cc1,60.0,JAK1-selective,67.61255,-22.858065
CS(=O)(=O)c1ccc(Nc2nn([C@H]3CC[C@@H](O)C[C@@H]3C#N)cc2C(N)=O)cc1,30.0,JAK1-selective,69.193405,-23.037619
CS(=O)(=O)c1ccc(Nc2nn([C@H]3CC[C@H](N4CC5(CCC5)C4)C[C@@H]3C#N)cc2C(N)=O)cc1,20.0,JAK1-selective,67.61047,-22.8579
CS(=O)(=O)c1ccc(Nc2nn([C@H]3COCC[C@@H]3C#N)c3cc[nH]c(=O)c23)cc1,7.0,JAK1-selective,23.345175,-63.340553
CS(=O)(=O)c1ccc(Nc2nn([C@]3(CC#N)CCCOC3)c3cc[nH]c(=O)c23)cc1,6.3076923076923075,JAK1-selective,31.806145,-43.877884
CS(=O)(=O)c1ccc(Nc2nn([C@]3(CC#N)C[C@@H](C#N)C3)cc2C(N)=O)cc1,9.76923076923077,JAK1-selective,30.305113,41.981625
CS(=O)(=O)c1cccc(-c2cnc3[nH]ccc3c2N[C@@H]2CCCN(C(=O)CC#N)C2)c1,55.0,JAK1-selective,-43.003662,-25.465597
CS(=O)(=O)c1cnc(-c2cnc3[nH]ccc3c2N[C@@H]2CCCN(C(=O)CC#N)C2)o1,5.5,JAK1-selective,-42.469612,-25.410952
CS(C)(=O)=NCc1nc2cnc3[nH]ccc3c2n1[C@H]1CC[C@H](CC#N)CC1,11.11111111111111,JAK1-selective,-37.75318,-1.3634572
CSCCCN1CCC(CC#N)(n2cc(C(N)=O)c(Nc3ccccc3)n2)CC1,20.166666666666668,JAK1-selective,19.353153,48.60792
CSCN1CN([C@H]2CC[C@H](CNCC(F)(F)F)CC2)c2c(cnc3[nH]ccc23)C1=O,5.666666666666667,JAK1-selective,-36.690567,-10.391811
CSc1cc(Nc2nn([C@H]3COCC[C@@H]3C#N)cc2C(N)=O)ccc1Cl,21.92,JAK1-selective,67.97475,17.033136
CSc1ccc(C(O)(CN[C@H]2CC[C@H](c3nnn4cnc5[nH]ccc5c34)CC2)C(F)(F)F)cc1,15.882352941176471,JAK1-selective,-26.609657,-67.98991
CSc1nccc(-c2cnc3[nH]ccc3c2N[C@@H]2CCCN(C(=O)CC#N)C2)n1,5.5,JAK1-selective,-42.51373,-27.891754
CSc1nccc(-c2nc3cnc4[nH]ccc4c3n2[C@H]2CC[C@H](CC#N)CC2)n1,18.6,JAK1-selective,-35.516468,0.3711711
C[C@@H](N)c1nc2cnc3ccsc3c2n1[C@H]1CC[C@H](CC#N)OC1,20.0,JAK1-selective,-69.03605,11.02659
C[C@@H](NC(=O)N1CC(CC#N)(n2cc(C(N)=O)c(Nc3ccccc3)n2)C1)c1ccccc1,10.192307692307692,JAK1-selective,19.329952,60.426865
C[C@@H](N[C@@H]1CC[C@H](n2cc(C(N)=O)c(Nc3ccc(S(=O)(=O)C(F)(F)F)cc3)n2)[C@@H](C#N)C1)C1CC1,76.25,JAK1-selective,74.174545,-20.211721
C[C@@H](N[C@H]1CC[C@H](n2cc(C(N)=O)c(Nc3ccc(S(=O)(=O)C(F)(F)F)cc3)n2)[C@@H](C#N)C1)C1CC1,80.0,JAK1-selective,74.17467,-20.21151
C[C@@H](O)CC(=O)N1CCC(CC#N)(n2cc(C(N)=O)c(Nc3ccnc(F)c3)n2)CC1,47.0,JAK1-selective,56.65816,41.83056
C[C@@H](O)CNC[C@H]1CC[C@H](c2nnn3cnc4[nH]ccc4c23)CC1,6.296296296296297,JAK1-selective,-21.201483,-50.61366
C[C@@H](O)c1cc2cnc3ccsc3c2n1[C@H]1CC[C@H](CC#N)CC1,10.0,JAK1-selective,-66.29038,11.526673
C[C@@H](O)c1nc2cnc3ccsc3c2n1C1CCC(O)(CC#N)CC1,6.324550640676979,JAK1-selective,-69.280495,12.960645
C[C@@H](O)c1nc2cnc3ccsc3c2n1C1CCCC(CCC#N)C1,20.0,JAK1-selective,-68.804276,12.85258
C[C@@H](O)c1nc2cnc3ccsc3c2n1C1CCCCC1,20.0,JAK1-selective,-68.71385,16.139166
C[C@@H](O)c1nc2cnc3ccsc3c2n1C1CCN(CC#N)CC1,14.142100000000001,JAK1-selective,-70.53673,13.033026
C[C@@H](O)c1nc2cnc3ccsc3c2n1C1CCN(CC(F)(F)F)CC1,7.0710500000000005,JAK1-selective,-70.439445,17.31117
C[C@@H](O)c1nc2cnc3ccsc3c2n1C1CCN(CCCC(F)(F)F)CC1,14.142100000000001,JAK1-selective,-70.427864,17.297531
C[C@@H](O)c1nc2cnc3ccsc3c2n1C1CCNC[C@@H]1F,10.0,JAK1-selective,-69.108154,16.39111
C[C@@H](O)c1nc2cnc3ccsc3c2n1[C@@H]1CCNCC1F,500.0,JAK1-selective,-69.10814,16.391087
C[C@@H](O)c1nc2cnc3ccsc3c2n1[C@@H]1CC[C@@H](CC#N)OC1,14.142100000000001,JAK1-selective,-69.18544,11.736072
C[C@@H](O)c1nc2cnc3ccsc3c2n1[C@@H]1CC[C@@H](CC#N)[C@@H](O)C1,10.0,JAK1-selective,-68.65166,12.416023
C[C@@H](O)c1nc2cnc3ccsc3c2n1[C@@H]1CC[C@@H](CC#N)[C@H](O)C1,7.071068975549288,JAK1-selective,-68.65166,12.416023
C[C@@H](O)c1nc2cnc3ccsc3c2n1[C@@H]1CC[C@H](CC#N)[C@H](O)C1,10.0,JAK1-selective,-68.65166,12.416023
C[C@@H](O)c1nc2cnc3ccsc3c2n1[C@H]1CCC(CO)OC1,14.142100000000001,JAK1-selective,-68.222015,16.292768
C[C@@H](O)c1nc2cnc3ccsc3c2n1[C@H]1CCCN(C(=O)CC/C(C=N)=C/N)C1,14.142100000000001,JAK1-selective,-72.257385,15.799707
C[C@@H](O)c1nc2cnc3ccsc3c2n1[C@H]1CCCN(C(=O)CCC#N)C1,141.421,JAK1-selective,-72.14967,14.709231
C[C@@H](O)c1nc2cnc3ccsc3c2n1[C@H]1CCCN(C(=O)CCC(F)(F)F)C1,14.142100000000001,JAK1-selective,-71.82864,16.235823
C[C@@H](O)c1nc2cnc3ccsc3c2n1[C@H]1CCCN(C(=O)CCCC#N)C1,14.142100000000001,JAK1-selective,-72.151764,14.720104
C[C@@H](O)c1nc2cnc3ccsc3c2n1[C@H]1CCCN(C(=O)CCc2ccccc2)C1,20.0,JAK1-selective,-72.558304,15.861961
C[C@@H](O)c1nc2cnc3ccsc3c2n1[C@H]1CCCN(C(=O)CCc2cccnc2)C1,14.142100000000001,JAK1-selective,-72.477875,15.856941
C[C@@H](O)c1nc2cnc3ccsc3c2n1[C@H]1CCCN(C(=O)CCc2cn[nH]c2)C1,50.0,JAK1-selective,-72.30442,15.805186
C[C@@H](O)c1nc2cnc3ccsc3c2n1[C@H]1CCCN(C(=O)OCC(F)(F)F)C1,50.0,JAK1-selective,-71.779396,16.384314
C[C@@H](O)c1nc2cnc3ccsc3c2n1[C@H]1CCCN(CCC#N)C1,14.142100000000001,JAK1-selective,-71.022026,13.423762
C[C@@H](O)c1nc2cnc3ccsc3c2n1[C@H]1CCCOC1,14.142100000000001,JAK1-selective,-68.57982,15.855058
C[C@@H](O)c1nc2cnc3ccsc3c2n1[C@H]1CCN(C(=O)CC#N)C1,7.0710500000000005,JAK1-selective,-72.110115,14.478626
C[C@@H](O)c1nc2cnc3ccsc3c2n1[C@H]1CCN(CCCC#N)C1,14.142100000000001,JAK1-selective,-70.82058,13.205907
C[C@@H](O)c1nc2cnc3ccsc3c2n1[C@H]1CCN(CCCC(F)(F)F)C1,141.421,JAK1-selective,-70.50129,17.264246
C[C@@H](O)c1nc2cnc3ccsc3c2n1[C@H]1CCN(CCCCC#N)C1,14.142100000000001,JAK1-selective,-70.816895,13.212306
C[C@@H](O)c1nc2cnc3ccsc3c2n1[C@H]1CC[C@@H](C#N)CC1,20.0,JAK1-selective,-68.65993,13.341425
C[C@@H](O)c1nc2cnc3ccsc3c2n1[C@H]1CC[C@@H](CC#N)C1,14.142100000000001,JAK1-selective,-67.75929,12.211243
C[C@@H](O)c1nc2cnc3ccsc3c2n1[C@H]1CC[C@@H](CC#N)OC1,14.142100000000001,JAK1-selective,-69.18544,11.736072
C[C@@H](O)c1nc2cnc3ccsc3c2n1[C@H]1CC[C@@H](n2cncn2)CC1,7.0710500000000005,JAK1-selective,-68.43819,16.24586
C[C@@H](O)c1nc2cnc3ccsc3c2n1[C@H]1CC[C@H](CC#N)CC1,10.0,JAK1-selective,-67.36236,12.038607
C[C@@H](O)c1nc2cnc3ccsc3c2n1[C@H]1CC[C@H](CC#N)OC1,10.0,JAK1-selective,-69.18544,11.736072
C[C@@H](O)c1nc2cnc3ccsc3c2n1[C@H]1CC[C@H](CC#N)[C@@H](O)C1,10.0,JAK1-selective,-68.65166,12.416023
C[C@@H](O)c1nc2cnc3ccsc3c2n1[C@H]1CC[C@H](CC#N)[C@H](O)C1,20.0,JAK1-selective,-68.65166,12.416023
C[C@@H](O)c1nc2cnc3ccsc3c2n1[C@H]1CC[C@H](CCC#N)CC1,10.0,JAK1-selective,-67.73969,12.35621
C[C@@H](O)c1nc2cnc3ccsc3c2n1[C@H]1CC[C@H](CCS(C)(=O)=O)CC1,141.421,JAK1-selective,-66.54973,16.430017
C[C@@H](O)c1nc2cnc3ccsc3c2n1[C@H]1CC[C@H](CF)CC1,20.0,JAK1-selective,-67.553566,16.824736
C[C@@H](O)c1nc2cnc3ccsc3c2n1[C@H]1CC[C@H](CNC(=O)N(C)C)CC1,20.0,JAK1-selective,-66.817795,17.4294
C[C@@H](O)c1nc2cnc3ccsc3c2n1[C@H]1CC[C@H](CNC(=O)OC2CCOC2)CC1,141.421,JAK1-selective,-66.659134,18.087988
C[C@@H](O)c1nc2cnc3ccsc3c2n1[C@H]1CC[C@H](CNS(C)(=O)=O)CC1,20.0,JAK1-selective,-66.50729,16.549734
C[C@@H](O)c1nc2cnc3ccsc3c2n1[C@H]1CC[C@H](CNS(C)(=O)=O)OC1,20.0,JAK1-selective,-66.97806,16.097404
C[C@@H](O)c1nc2cnc3ccsc3c2n1[C@H]1CC[C@H](CO)CC1,141.421,JAK1-selective,-67.44919,16.816803
C[C@@H](O)c1nc2cnc3ccsc3c2n1[C@H]1CC[C@H](NCC(F)(F)F)CC1,20.0,JAK1-selective,-69.79675,17.500376
C[C@@H](O)c1nc2cnc3ccsc3c2n1[C@H]1CC[C@H](O)CC1,14.142100000000001,JAK1-selective,-68.45116,16.276852
C[C@@H](OC(=O)N1CCC(CC#N)(n2cc(C(N)=O)c(Nc3ccc(F)cc3)n2)CC1)C(F)(F)F,15.0,JAK1-selective,41.89314,41.833256
C[C@@H](OC(=O)N1CCC(CC#N)(n2cc(C(N)=O)c(Nc3ccnc(F)c3)n2)CC1)C1CC1,40.0,JAK1-selective,56.68349,40.689034
C[C@@H]1CCCN1S(=O)(=O)C[C@H]1C[C@@H](N(C)c2ncnc3[nH]ccc23)C1,18.0,JAK1-selective,-71.86111,-20.143059
C[C@@H]1CCN(C(=O)CC#N)C[C@@H]1N(C)c1ncnc2[nH]ccc12,7.5,JAK1-selective,-49.548748,-26.831413
C[C@@H]1CN(C(=O)OC(C)(C)C)CC[C@]1(CC#N)n1cc(C(N)=O)c(Nc2ccccc2)n1,24.0,JAK1-selective,35.11006,56.668312
C[C@@H]1CN(C)CCN1[C@@H](C)C(=O)Nc1cccc2c(-c3nc(Nc4cccc(S(C)(=O)=O)c4F)ncc3F)c[nH]c12,946.1538461538462,JAK1-selective,-88.754555,2.8088737
C[C@@H]1CN(S(=O)(=O)C[C@H]2C[C@@H](N(C)c3ncnc4[nH]ccc34)C2)CCO1,16.642857142857142,JAK1-selective,-70.66667,-21.607468
C[C@@H]1CN(S(=O)(=O)C[C@H]2C[C@@H](N(C)c3ncnc4[nH]ccc34)C2)C[C@H](C)O1,23.772727272727273,JAK1-selective,-72.402374,-20.913494
C[C@@H]1CN(S(=O)(=O)C[C@H]2C[C@@H](N(C)c3ncnc4[nH]ccc34)C2)[C@H](C)CO1,15.141176470588235,JAK1-selective,-69.74218,-19.93989
C[C@@H]1CN(c2ccc3cc(Nc4nn([C@@H](CC#N)C5CC5)c5cc[nH]c(=O)c45)ccc3n2)[C@@H](C)CO1,10.172413793103448,JAK1-selective,5.6862807,-38.948864
C[C@@H]1CN(c2ccc3cc(Nc4nn([C@@H](CC#N)C5CC5)c5cc[nH]c(=O)c45)ccc3n2)[C@H](C)CO1,9.5,JAK1-selective,5.6862273,-38.94859
C[C@@H]1CN(c2ccc3cc(Nc4nn([C@H]5CCCC[C@@H]5C#N)c5cc[nH]c(=O)c45)ccc3n2)[C@@H](C)CO1,10.3125,JAK1-selective,4.0524306,-76.92467
C[C@@H]1CN(c2ccc3cc(Nc4nn([C@H]5CCCC[C@@H]5C#N)c5cc[nH]c(=O)c45)ccc3n2)[C@H](C)CO1,11.25,JAK1-selective,4.0525656,-76.926216
C[C@@H]1COCCN1S(=O)(=O)C[C@H]1C[C@@H](N(C)c2ncnc3[nH]ccc23)C1,14.25,JAK1-selective,-68.923965,-21.11055
C[C@@H]1C[C@@H](C)N1[C@@H]1CC[C@H](n2cc(C(N)=O)c(Nc3ccc(C(F)(F)F)cc3)n2)[C@@H](C#N)C1,38.333333333333336,JAK1-selective,68.10877,-10.455906
C[C@@H]1C[C@@H](C)N1[C@H]1CC[C@H](n2cc(C(N)=O)c(Nc3ccc(C(F)(F)F)cc3)n2)[C@@H](C#N)C1,42.0,JAK1-selective,68.10877,-10.455906
C[C@@H]1C[C@H](C#N)[C@@H](n2cc(C(N)=O)c(Nc3ccnc(F)c3)n2)CO1,5.0,JAK1-selective,69.07737,10.150171
C[C@@H]1C[C@](CC#N)(n2cc(C(N)=O)c(Nc3ccccc3)n2)CCN1C(=O)OC(C)(C)C,21.17241379310345,JAK1-selective,34.399685,57.079506
C[C@@H]1OCC[C@@H]1N(C)S(=O)(=O)C[C@H]1C[C@@H](N(C)c2ncnc3[nH]ccc23)C1,22.08974358974359,JAK1-selective,-68.06812,-18.83565
C[C@@H]1[C@@H]2CN(c3nc(Nc4cnn(C)c4)ncc3F)C[C@]12NC(=O)[C@@H]1CC1(F)F,15.902439024390244,JAK1-selective,-3.0856807,8.146107
C[C@@H]1[C@@H]2CN(c3nc(Nc4cnn(C)c4)ncc3F)C[C@]12NC(=O)[C@@H]1C[C@H]1C#N,20.727272727272727,JAK1-selective,-2.626356,8.525571
C[C@@H]1[C@@H]2CN(c3nc(Nc4cnn(C)c4)ncc3F)C[C@]12NC(=O)[C@H]1CC1(F)F,10.017699115044248,JAK1-selective,-3.0856488,8.146107
C[C@@H]1[C@@H]2CN(c3nc(Nc4cnn(C5COC5)c4)ncc3F)C[C@]12NC(=O)[C@@H]1CC1(F)F,6.015384615384615,JAK1-selective,-3.1214898,7.99081
C[C@@H]1[C@H](O)c2cc(Nc3nn([C@@H](CC#N)C4CC4)c4cc[nH]c(=O)c34)ccc2S1(=O)=O,7.769230769230769,JAK1-selective,3.921134,-37.228752
C[C@@](O)(c1ccc(Nc2nn([C@H]3CCCC[C@@H]3C#N)cc2C(N)=O)cn1)C(F)(F)F,5.0,JAK1-selective,54.496113,11.296379
C[C@@](O)(c1ccc(Nc2nn([C@H]3CC[C@@H](N4CCC4)C[C@@H]3C#N)cc2C(N)=O)cc1)C(F)(F)F,50.0,JAK1-selective,68.978294,-7.2124133
C[C@@](O)(c1ccc(Nc2nn([C@H]3CC[C@@H](O)C[C@@H]3C#N)cc2C(N)=O)cc1)C(F)(F)F,5.714285714285714,JAK1-selective,66.472496,-11.064622
C[C@@](O)(c1ccc(Nc2nn([C@H]3CC[C@H](N4CCC4)C[C@@H]3C#N)cc2C(N)=O)cc1)C(F)(F)F,33.333333333333336,JAK1-selective,68.97833,-7.212426
C[C@@]1(C#N)CS(=O)(=O)C[C@H]1n1cc(C(N)=O)c(Nc2ccc(F)cc2)n1,9.0,JAK1-selective,46.99857,-12.347212
C[C@@]1(O)CC[C@H](n2cc(C(N)=O)c(Nc3ccc(Cl)c(F)c3)n2)[C@@H](C#N)C1,5.6,JAK1-selective,75.77126,5.159361
C[C@@]1(O)CC[C@H](n2cc(C(N)=O)c(Nc3ccc(Cl)cc3)n2)[C@@H](C#N)C1,5.666666666666667,JAK1-selective,80.15684,5.787975
C[C@H](C(=O)Nc1cccc2c(-c3nc(Nc4cccc(S(C)(=O)=O)c4F)ncc3Cl)c[nH]c12)N1CCN(C)CC1,984.3137254901961,JAK1-selective,-92.53867,4.2321186
C[C@H](C(=O)Nc1cccc2c(-c3nc(Nc4cccc(S(C)(=O)=O)c4F)ncc3F)c[nH]c12)N1CCCN(C)CC1,898.989898989899,JAK1-selective,-92.74601,3.8250945
C[C@H](C(=O)Nc1cccc2c(-c3nc(Nc4cccc(S(C)(=O)=O)c4F)ncc3F)c[nH]c12)N1C[C@H](C)N(C)[C@@H](C)C1,1224.4897959183672,JAK1-selective,-88.60019,2.6019588
C[C@H](C(=O)Nc1cccc2c(-c3nc(Nc4cccc(S(C)(=O)=O)c4F)ncc3F)c[nH]c12)N1C[C@H](C)N[C@@H](C)C1,847.3282442748092,JAK1-selective,-88.57846,2.4798956
C[C@H](NC1CC[C@H](n2cc(C(N)=O)c(Nc3ccc(C(F)(F)F)cc3)n2)[C@@H](C#N)C1)C1CC1,115.55555555555556,JAK1-selective,70.06514,-15.576498
C[C@H](N[C@@H]1CC[C@@H](n2nc(Nc3ccc(C(F)(F)F)cc3)c3c(=O)[nH]ccc32)[C@H](C#N)C1)C1CC1,61.702127659574465,JAK1-selective,17.927517,-82.23833
C[C@H](N[C@@H]1CC[C@@H](n2nc(Nc3ccc(Cl)cc3)c3c(=O)[nH]ccc32)[C@H](C#N)C1)C1CC1,67.3076923076923,JAK1-selective,17.620018,-83.945625
C[C@H](N[C@@H]1CC[C@H](n2cc(C(N)=O)c(Nc3ccc(C(F)(F)F)cc3)n2)[C@@H](C#N)C1)C1CC1,135.0,JAK1-selective,70.06465,-15.575895
C[C@H](N[C@@H]1CC[C@H](n2cc(C(N)=O)c(Nc3ccc(C(F)(F)F)nc3)n2)[C@@H](C#N)C1)C1CC1,21.774193548387096,JAK1-selective,71.76909,-17.311035
C[C@H](N[C@@H]1CC[C@H](n2cc(C(N)=O)c(Nc3ccc(Cl)c(F)c3)n2)[C@@H](C#N)C1)C1CC1,26.875,JAK1-selective,76.432915,2.4292305
C[C@H](N[C@@H]1CC[C@H](n2cc(C(N)=O)c(Nc3ccc(Cl)cc3)n2)[C@@H](C#N)C1)C1CC1,54.0,JAK1-selective,87.10235,0.22448443
C[C@H](N[C@@H]1CC[C@H](n2cc(C(N)=O)c(Nc3ccc(OC(F)(F)F)cc3)n2)[C@@H](C#N)C1)C1CC1,50.0,JAK1-selective,70.84493,-16.149704
C[C@H](N[C@@H]1CC[C@H](n2cc(C(N)=O)c(Nc3ccc(OC(F)F)nc3)n2)[C@@H](C#N)C1)C1CC1,15.909090909090908,JAK1-selective,58.4064,-12.585958
C[C@H](N[C@@H]1CC[C@H](n2cc(C(N)=O)c(Nc3ccc(S(=O)(=O)C(F)(F)F)cc3)n2)[C@@H](C#N)C1)C1CC1,103.75,JAK1-selective,74.17467,-20.21151
C[C@H](N[C@@H]1CC[C@H](n2nc(Nc3ccc(C(F)(F)F)cc3)c3c(=O)[nH]ccc32)[C@@H](C#N)C1)C1CC1,35.333333333333336,JAK1-selective,17.927517,-82.23833
C[C@H](N[C@@H]1CC[C@H](n2nc(Nc3ccc(Cl)c(F)c3)c3c(=O)[nH]ccc32)[C@@H](C#N)C1)C1CC1,15.915492957746478,JAK1-selective,17.924885,-84.36258
C[C@H](N[C@@H]1CC[C@H](n2nc(Nc3ccc(Cl)cc3)c3c(=O)[nH]ccc32)[C@@H](C#N)C1)C1CC1,23.0188679245283,JAK1-selective,17.620018,-83.945625
C[C@H](N[C@@H]1CC[C@H](n2nc(Nc3ccc(OC(F)(F)F)cc3)c3c(=O)[nH]ccc32)[C@@H](C#N)C1)C1CC1,62.972972972972975,JAK1-selective,17.996058,-82.408714
C[C@H](N[C@H]1CC[C@@H](n2nc(Nc3ccc(C(F)(F)F)cc3)c3c(=O)[nH]ccc32)[C@H](C#N)C1)C1CC1,15.463917525773196,JAK1-selective,17.927517,-82.23833
C[C@H](N[C@H]1CC[C@@H](n2nc(Nc3ccc(Cl)cc3)c3c(=O)[nH]ccc32)[C@H](C#N)C1)C1CC1,17.857142857142858,JAK1-selective,17.620018,-83.945625
C[C@H](N[C@H]1CC[C@H](n2cc(C(N)=O)c(Nc3ccc(C(F)(F)F)nc3)n2)[C@@H](C#N)C1)C1CC1,40.0,JAK1-selective,71.76865,-17.31103
C[C@H](N[C@H]1CC[C@H](n2cc(C(N)=O)c(Nc3ccc(Cl)c(F)c3)n2)[C@@H](C#N)C1)C1CC1,48.5,JAK1-selective,76.432915,2.4292305
C[C@H](N[C@H]1CC[C@H](n2cc(C(N)=O)c(Nc3ccc(Cl)cc3)n2)[C@@H](C#N)C1)C1CC1,85.0,JAK1-selective,87.102425,0.22416714
C[C@H](N[C@H]1CC[C@H](n2cc(C(N)=O)c(Nc3ccc(OC(F)(F)F)cc3)n2)[C@@H](C#N)C1)C1CC1,65.0,JAK1-selective,70.84493,-16.149704
C[C@H](N[C@H]1CC[C@H](n2cc(C(N)=O)c(Nc3ccc(OC(F)F)nc3)n2)[C@@H](C#N)C1)C1CC1,28.8,JAK1-selective,58.4064,-12.585958
C[C@H](N[C@H]1CC[C@H](n2cc(C(N)=O)c(Nc3ccc(S(=O)(=O)C(F)(F)F)cc3)n2)[C@@H](C#N)C1)C1CC1,115.0,JAK1-selective,74.17467,-20.21151
C[C@H](N[C@H]1CC[C@H](n2nc(Nc3ccc(C(F)(F)F)cc3)c3c(=O)[nH]ccc32)[C@@H](C#N)C1)C1CC1,58.333333333333336,JAK1-selective,17.927517,-82.23833
C[C@H](N[C@H]1CC[C@H](n2nc(Nc3ccc(Cl)c(F)c3)c3c(=O)[nH]ccc32)[C@@H](C#N)C1)C1CC1,42.30769230769231,JAK1-selective,17.924885,-84.36258
C[C@H](N[C@H]1CC[C@H](n2nc(Nc3ccc(Cl)cc3)c3c(=O)[nH]ccc32)[C@@H](C#N)C1)C1CC1,43.333333333333336,JAK1-selective,17.620018,-83.945625
C[C@H](N[C@H]1CC[C@H](n2nc(Nc3ccc(OC(F)(F)F)cc3)c3c(=O)[nH]ccc32)[C@@H](C#N)C1)C1CC1,74.0,JAK1-selective,17.996067,-82.40872
C[C@H](O)CNC[C@H]1CC[C@H](c2nnn3cnc4[nH]ccc4c23)CC1,12.0,JAK1-selective,-21.201614,-50.614082
C[C@H](O)c1nc2cnc3ccsc3c2n1[C@H]1CC[C@H](CC#N)OC1,20.0,JAK1-selective,-69.18544,11.736072
C[C@H](OC(=O)N1CCC(CC#N)(n2cc(C(N)=O)c(Nc3ccnc(F)c3)n2)CC1)C1CC1,45.0,JAK1-selective,56.68349,40.688972
C[C@H]1CCCN(S(=O)(=O)C[C@H]2CC[C@H](N(C)c3ncnc4[nH]ccc34)CC2)C1,6.685185185185185,JAK1-selective,-16.363447,-24.868729
C[C@H]1CCCN1S(=O)(=O)C[C@H]1CC[C@H](N(C)c2ncnc3[nH]ccc23)CC1,6.615146831530139,JAK1-selective,-17.568264,-23.508718
C[C@H]1CN(C(=O)OC(C)(C)C)CC[C@]1(CC#N)n1cc(C(N)=O)c(Nc2ccccc2)n1,9.513457070018156,JAK1-selective,35.11006,56.668312
C[C@H]1CN(S(=O)(=O)C[C@H]2CC[C@H](N(C)c3ncnc4[nH]ccc34)CC2)C[C@@H]1CO,8.291457286432161,JAK1-selective,-12.700304,-23.65014
C[C@H]1CN(S(=O)(=O)C[C@H]2C[C@@H](N(C)c3ncnc4[nH]ccc34)C2)CCO1,27.369565217391305,JAK1-selective,-70.66667,-21.607468
C[C@H]1CN([C@@H](C)C(=O)Nc2cccc3c(-c4nc(Nc5cccc(S(C)(=O)=O)c5F)ncc4F)c[nH]c23)C[C@H](C)N1,26.548672566371682,JAK1-selective,-88.57847,2.4798954
C[C@H]1CN(c2ccc3cc(Nc4nn([C@@H](CC#N)C5CC5)c5cc[nH]c(=O)c45)ccc3n2)[C@@H](C)CO1,10.379310344827585,JAK1-selective,5.686262,-38.948616
C[C@H]1CN(c2ccc3cc(Nc4nn([C@H]5CCCC[C@@H]5C#N)c5cc[nH]c(=O)c45)ccc3n2)[C@@H](C)CO1,9.142857142857142,JAK1-selective,4.052467,-76.92345
C[C@H]1C[C@H](C)N1[C@@H]1CC[C@H](n2cc(C(N)=O)c(Nc3ccc(C(F)(F)F)cc3)n2)[C@@H](C#N)C1,71.0,JAK1-selective,68.10877,-10.455906
C[C@H]1C[C@H](C)N1[C@H]1CC[C@H](n2cc(C(N)=O)c(Nc3ccc(C(F)(F)F)cc3)n2)[C@@H](C#N)C1,111.66666666666667,JAK1-selective,68.10858,-10.454871
C[C@H]1C[C@](CC#N)(n2cc(C(N)=O)c(Nc3ccccc3)n2)CCN1C(=O)OC(C)(C)C,10.5,JAK1-selective,34.3997,57.079544
C[C@H]1OCC[C@@H](C#N)[C@@H]1n1cc(C(N)=O)c(Nc2ccnc(F)c2)n1,7.103448275862069,JAK1-selective,68.85536,10.677719
C[C@](O)(c1ccc(Nc2nn([C@H]3CCCC[C@@H]3C#N)cc2C(N)=O)cn1)C(F)(F)F,5.5,JAK1-selective,54.496113,11.296379
C[C@](O)(c1ccc(Nc2nn([C@H]3CC[C@@H](N4CCC4)C[C@@H]3C#N)cc2C(N)=O)cc1)C(F)(F)F,53.333333333333336,JAK1-selective,68.97871,-7.21171
C[C@](O)(c1ccc(Nc2nn([C@H]3CC[C@@H](O)C[C@@H]3C#N)cc2C(N)=O)cc1)C(F)(F)F,6.666666666666667,JAK1-selective,66.47252,-11.064485
C[C@](O)(c1ccc(Nc2nn([C@H]3CC[C@H](N4CCC4)C[C@@H]3C#N)cc2C(N)=O)cc1)C(F)(F)F,35.0,JAK1-selective,68.97845,-7.210426
C[C@](O)(c1ccc(Nc2nn([C@H]3COCC[C@@H]3C#N)cc2C(N)=O)cc1)C(F)F,6.666666666666667,JAK1-selective,66.8358,19.652718
C[C@]1(C#N)CS(=O)(=O)CC1n1cc(C(N)=O)c(Nc2ccc(F)cc2)n1,12.0,JAK1-selective,46.998318,-12.347043
C[C@]1(O)CC[C@H](n2cc(C(N)=O)c(Nc3ccc(Cl)c(F)c3)n2)[C@@H](C#N)C1,5.5,JAK1-selective,75.771454,5.1595926
C[C@]1(O)CC[C@H](n2cc(C(N)=O)c(Nc3ccc(Cl)cc3)n2)[C@@H](C#N)C1,9.0,JAK1-selective,80.15684,5.787975
C[C@]1(O)CC[C@H](n2cc(C(N)=O)c(Nc3ccc([C@](C)(O)C(F)(F)F)cc3)n2)[C@@H](C#N)C1,5.333333333333333,JAK1-selective,66.13852,-0.35319477
C[N+]1(C2CC[C@H](n3cc(C(N)=O)c(Nc4ccc(Cl)cc4)n3)[C@@H](C#N)C2)CCC1,35.0,JAK1-selective,82.91153,2.9263573
C[S+]([O-])c1cc(Nc2nn([C@H]3COCC[C@@H]3C#N)c3cc[nH]c(=O)c23)ccc1Cl,8.36,JAK1-selective,25.343252,-66.82894
C[S+]([O-])c1cc(Nc2nn([C@H]3COCC[C@@H]3C#N)c3cc[nH]c(=O)c23)ccc1F,8.365752313473603,JAK1-selective,26.15159,-67.44411
C[S@@](=O)(=NCc1nc2cnc3[nH]ccc3c2n1[C@H]1CC[C@H](CC#N)CC1)c1ccccc1,6.624999999999999,JAK1-selective,-38.758278,-1.8081776
C[S@](=O)(=NCc1nc2cnc3[nH]ccc3c2n1[C@H]1CC[C@H](CC#N)CC1)c1ccccc1,70.625,JAK1-selective,-38.75856,-1.8084832
C[Si](C)(C)C1CCC(c2nc3cnc4[nH]ccc4c3n2[C@H]2CC[C@H](CC#N)CC2)CC1,26.805555555555557,JAK1-selective,-36.293972,1.5752261
C[Si](C)(C)CNC(=O)Cc1nc2cnc3[nH]ccc3c2n1[C@H]1CC[C@H](CC#N)CC1,61.8,JAK1-selective,-45.703396,8.960697
C[Si](C)(C)COC(=O)N1CCC(CC#N)(n2cc(C(N)=O)c(Nc3ccc(F)cc3)n2)CC1,35.476190476190474,JAK1-selective,41.277016,40.414864
C[Si](C)(C)[C@H]1CC[C@@H](NC(=O)Cc2nc3cnc4[nH]ccc4c3n2[C@H]2CC[C@H](CC#N)CC2)CC1,5.0,JAK1-selective,-45.830276,10.106465
C[Si](C)(C)[C@H]1CC[C@H](NC(=O)Cc2nc3cnc4[nH]ccc4c3n2[C@H]2CC[C@H](CC#N)CC2)CC1,10.947368421052632,JAK1-selective,-45.830578,10.106238
Cc1c(CN2CCC(CC#N)(n3cc(C(N)=O)c(Nc4ccnc(F)c4)n3)CC2)cnn1C,25.304347826086957,JAK1-selective,60.3716,46.76019
Cc1c(CN2CC[C@@H](C#N)[C@H](n3cc(C(N)=O)c(Nc4ccc(F)cc4)n3)C2)cnn1C,20.0,JAK1-selective,38.35213,-11.195575
Cc1c(CN2CC[C@@H](n3cc(C(N)=O)c(Nc4ccc(F)cc4)n3)[C@H](C#N)C2)cnn1C,11.1,JAK1-selective,38.39978,-11.223107
Cc1c(Cl)cccc1NC(=O)N1CC(CC#N)(n2cc(C(N)=O)c(Nc3ccccc3)n2)C1,13.105263157894736,JAK1-selective,15.924982,60.936024
Cc1c(S(=O)(=O)C[C@H]2C[C@@H](N(C)c3ncnc4[nH]ccc34)C2)ccc(=O)n1C,13.402061855670103,JAK1-selective,-68.01937,-11.769603
Cc1c[nH]c(CN2CCC(CC#N)(n3cc(C(N)=O)c(Nc4ccnc(F)c4)n3)CC2)n1,15.945945945945946,JAK1-selective,60.72275,46.826015
Cc1c[nH]c2ncc3nc(CC(=O)NCC(C)(C)O)n([C@H]4CC[C@H](CC#N)CC4)c3c12,12.096774193548386,JAK1-selective,-51.890194,5.0263677
Cc1cc(-c2cc3ncc(C(N)=O)c(N[C@@H]4CCN(c5ccc(C#N)nn5)CC4(C)C)n3n2)ccn1,9.901960784313726,JAK1-selective,37.141674,15.179941
Cc1cc(-c2cnc3[nH]ccc3c2N[C@@H]2CCCN(C(=O)CC#N)C2)[nH]n1,5.5,JAK1-selective,-41.86032,-26.775356
Cc1cc(-c2nc3cnc4[nH]ccc4c3n2[C@H]2CC[C@H](CC#N)CC2)[nH]n1,9.25,JAK1-selective,-36.003513,0.7415042
Cc1cc(=O)n(C)cc1S(=O)(=O)C[C@H]1C[C@@H](N(C)c2ncnc3[nH]ccc23)C1,33.333333333333336,JAK1-selective,-67.960976,-11.388472
Cc1cc(C#N)ccc1NC1CCC(c2nnn3cnc4[nH]ccc4c23)CC1,6.8,JAK1-selective,-35.518066,-41.96621
Cc1cc(C#N)ccc1NC[C@H]1CC[C@H](c2nnn3cnc4[nH]ccc4c23)CC1,10.625,JAK1-selective,-37.89027,-45.49684
Cc1cc(C(=O)N2CCC(CC#N)(n3cc(C(N)=O)c(Nc4ccccc4)n3)CC2)no1,13.0,JAK1-selective,23.578375,49.016014
Cc1cc(C)c(NC(=O)N2CC(CC#N)(n3cc(C(N)=O)c(Nc4ccccc4)n3)C2)c(C)c1,11.2109375,JAK1-selective,17.015959,61.313717
Cc1cc(C)c(S(=O)(=O)C[C@H]2C[C@@H](N(C)c3ncnc4[nH]ccc34)C2)cn1,39.85714285714286,JAK1-selective,-67.80371,-11.076083
Cc1cc(C)cc(NC(=O)N2CC(CC#N)(n3cc(C(N)=O)c(Nc4ccccc4)n3)C2)c1,17.157894736842106,JAK1-selective,17.148684,61.1692
Cc1cc(C)cc(Nc2nn(C3(CC#N)CCN(C(=O)OC(C)(C)C)CC3)c3cc[nH]c(=O)c23)c1,19.84375,JAK1-selective,43.24182,-34.04084
Cc1cc(CN2CCC(CC#N)(n3cc(C(N)=O)c(Nc4ccnc(F)c4)n3)CC2)no1,26.166666666666668,JAK1-selective,60.509876,46.80806
Cc1cc(CN2CC[C@@H](C#N)[C@H](n3cc(C(N)=O)c(Nc4ccc(F)cc4)n3)C2)no1,10.5,JAK1-selective,37.813442,-11.302003
Cc1cc(CN2CC[C@@H](n3cc(C(N)=O)c(Nc4ccc(F)cc4)n3)[C@H](C#N)C2)no1,13.142857142857142,JAK1-selective,37.86794,-11.278723
Cc1cc(Cl)ccc1NC(=O)N1CC(CC#N)(n2cc(C(N)=O)c(Nc3ccccc3)n2)C1,13.36,JAK1-selective,15.677394,61.124256
Cc1cc(N(C)[C@@H]2CCN(c3ncnc4[nH]ccc34)C2)ncc1[N+](=O)[O-],10.0,JAK1-selective,-55.830547,-35.678905
Cc1cc(N2CC(CC#N)(n3cc(-c4ncnc5[nH]ccc45)cn3)C2)ccc1NC(=O)N1CCCCC1,6.0,JAK1-selective,-31.372309,40.309536
Cc1cc(N2CCC(CC#N)(n3cc(C(N)=O)c(Nc4ccc(F)cc4)n3)CC2)ccc1F,23.916666666666668,JAK1-selective,42.846516,29.63937
Cc1cc(N2CCC(CC#N)(n3cc(C(N)=O)c(Nc4ccc(F)cc4)n3)CC2)ccn1,21.75,JAK1-selective,41.506264,29.1211
Cc1cc(N2CCC(CC#N)(n3cc(C(N)=O)c(Nc4ccc(F)cc4)n3)CC2)cnc1C,24.5,JAK1-selective,42.546173,29.378891
Cc1cc(N2CCC(CC#N)(n3cc(C(N)=O)c(Nc4ccc(F)cc4)n3)CC2)cnc1F,23.0,JAK1-selective,42.52582,29.367785
Cc1cc(NC(=O)N2CCC(c3nnn4cnc5[nH]ccc5c34)CC2)sn1,9.130434782608695,JAK1-selective,-30.290947,-47.58638
Cc1cc(NC(=O)N2CCCC(c3nnn4cnc5[nH]ccc5c34)C2)sn1,7.333333333333333,JAK1-selective,-30.315704,-47.571224
Cc1cc(Nc2cc(O[C@H]3CC[C@@H](NC[C@@H](O)C(F)F)CC3)cc3c2ncn3C)nn1C,143.36448598130843,JAK1-selective,-20.119165,-7.294387
Cc1cc(Nc2nn(C3(CC#N)CCN(C(=O)OC(C)(C)C)CC3)cc2C(N)=O)ccn1,8.866666666666667,JAK1-selective,42.17906,55.53735
Cc1cc(Nc2nn(C3(CC#N)CCN(C(=O)OC(C)(C)C)CC3)cc2C(N)=O)nc(C)n1,29.666666666666668,JAK1-selective,39.814262,55.40521
Cc1cc(Nc2nn(C3(CC#N)CCN(C(=O)OC(C)(C)C)CC3)cc2C(N)=O)ncn1,25.2,JAK1-selective,40.161415,55.26511
Cc1cc(Nc2nn([C@@H](CC#N)C3CC3)c3cc[nH]c(=O)c23)ccc1C(O)C(F)(F)F,6.596736969464389,JAK1-selective,3.99251,-41.936817
Cc1cc(Nc2nn([C@@H]3CCCCC[C@H]3C#N)c3cc[nH]c(=O)c23)ccc1C(O)C(F)(F)F,6.8824624194702935,JAK1-selective,4.923284,-74.9127
Cc1cc(Nc2nn([C@H]3CCCC[C@@H]3C#N)c3cc[nH]c(=O)c23)ccc1-c1cnn(CCC#N)c1,13.529411764705882,JAK1-selective,1.7621672,-72.74077
Cc1cc(Nc2nn([C@]3(CC#N)CC[C@@H](C(=O)OC(C)(C)C)OC3)c3cc[nH]c(=O)c23)ccc1-n1cccn1,10.461538461538462,JAK1-selective,57.656403,-45.021698
Cc1cc2c(ncc3nc(CC(=O)NCC(C)(C)O)n([C@H]4CC[C@H](CC#N)CC4)c32)[nH]1,44.07692307692307,JAK1-selective,-51.860878,5.0479927
Cc1ccc(-c2cccc(Nc3nn(C4(CC#N)CCN(C(=O)OC(C)(C)C)CC4)cc3C(N)=O)c2)cc1,17.423529411764704,JAK1-selective,39.198036,58.12868
Cc1ccc(C)c(NC(=O)N2CC(CC#N)(n3cc(C(N)=O)c(Nc4ccccc4)n3)C2)c1,15.857142857142858,JAK1-selective,16.914528,61.516846
Cc1ccc(C)c(S(=O)(=O)C[C@H]2C[C@@H](N(C)c3ncnc4[nH]ccc34)C2)c1,14.964285714285714,JAK1-selective,-67.65783,-11.169787
Cc1ccc(CN2CCC(CC#N)(n3cc(C(N)=O)c(Nc4ccccc4)n3)CC2)cc1,12.272727272727273,JAK1-selective,16.864885,46.31105
Cc1ccc(CN2CCC(CC#N)(n3cc(C(N)=O)c(Nc4ccccc4)n3)CC2)cc1C,11.615384615384615,JAK1-selective,16.829578,46.53988
Cc1ccc(CN2CCC(c3nnn4cnc5[nH]ccc5c34)CC2)s1,7.647058823529412,JAK1-selective,-49.15627,-57.232037
Cc1ccc(CNC(=O)[C@H]2CC[C@H](c3nnn4cnc5[nH]ccc5c34)CC2)o1,8.135593220338983,JAK1-selective,-27.77439,-48.813168
Cc1ccc(CNC[C@H]2CC[C@H](c3nnn4cnc5[nH]ccc5c34)CC2)o1,7.222222222222221,JAK1-selective,-25.849146,-50.754044
Cc1ccc(CNC[C@H]2CC[C@H](c3nnn4cnc5[nH]ccc5c34)CC2)s1,21.578947368421055,JAK1-selective,-25.890228,-50.754765
Cc1ccc(Cl)cc1NC(=O)N1CC(CC#N)(n2cc(C(N)=O)c(Nc3ccccc3)n2)C1,13.545454545454545,JAK1-selective,15.697343,61.101032
Cc1ccc(F)cc1N1CCC(CC#N)(n2cc(C(N)=O)c(Nc3ccc(F)cc3)n2)CC1,7.333333333333333,JAK1-selective,42.629257,29.690187
Cc1ccc(F)cc1NC(=O)N1CC(CC#N)(n2cc(C(N)=O)c(Nc3ccccc3)n2)C1,14.076923076923077,JAK1-selective,16.482319,62.729637
Cc1ccc(N(C)S(C)(=O)=O)c(CNc2nc(-c3cc(F)c(O)cc3CC(F)(F)F)cc(N)c2C(=N)C(N)=O)c1,5.76595744680851,JAK1-selective,18.207184,-14.015055
Cc1ccc(N(C)S(C)(=O)=O)c(CNc2nc(-c3cc(F)c(O)cc3CC(F)(F)F)cc3[nH]nc(C(N)=O)c23)c1,5.76595744680851,JAK1-selective,19.408394,-21.351297
Cc1ccc(N2CCC(CC#N)(n3cc(C(N)=O)c(Nc4ccc(F)cc4)n3)CC2)cc1,29.25,JAK1-selective,42.300716,29.993198
Cc1ccc(N2CCC(CC#N)(n3cc(C(N)=O)c(Nc4ccc(F)cc4)n3)CC2)cc1F,43.0,JAK1-selective,42.79023,29.655592
Cc1ccc(N2CCC(CC#N)(n3cc(C(N)=O)c(Nc4ccc(F)cc4)n3)CC2)cn1,20.0,JAK1-selective,42.204407,29.63402
Cc1ccc(NC(=O)N2CC(CC#N)(n3cc(C(N)=O)c(Nc4ccc(S(C)(=O)=O)cc4)n3)C2)cc1,13.461538461538462,JAK1-selective,29.172577,43.260742
Cc1ccc(NC(=O)N2CC(CC#N)(n3cc(C(N)=O)c(Nc4ccccc4)n3)C2)c(C)c1,14.521739130434783,JAK1-selective,16.894371,61.574036
Cc1ccc(NC(=O)N2CC(CC#N)(n3cc(C(N)=O)c(Nc4ccccc4)n3)C2)cc1,34.5,JAK1-selective,17.457977,60.812202
Cc1ccc(NC(=O)N2CC(CC#N)(n3cc(C(N)=O)c(Nc4ccccc4)n3)C2)cc1C,15.916666666666666,JAK1-selective,16.821795,61.55193
Cc1ccc(NC(=O)N2CC(CC#N)(n3cc(C(N)=O)c(Nc4ccccc4)n3)C2)cc1Cl,16.142857142857142,JAK1-selective,15.8078375,61.26275
Cc1ccc(NC(=O)N2CC(CC#N)(n3cc(C(N)=O)c(Nc4ccccc4)n3)C2)cc1F,14.25,JAK1-selective,16.36108,62.737453
Cc1ccc(Nc2nn([C@H]3COCC[C@@H]3C#N)c3cc[nH]c(=O)c23)cc1C,6.535714285714286,JAK1-selective,25.525686,-67.12544
Cc1ccc(S(=O)(=O)C[C@H]2C[C@@H](N(C)c3ncnc4[nH]ccc34)C2)cn1,23.369309500133394,JAK1-selective,-68.74752,-11.07465
Cc1ccc2cc(Nc3nn([C@]4(CC#N)CCCOC4)c4cc[nH]c(=O)c34)ccc2n1,26.727272727272727,JAK1-selective,40.32505,-48.089832
Cc1ccc2cc(Nc3nn([C@]4(CC#N)CC[C@@H](C(=O)OC(C)(C)C)OC4)c4cc[nH]c(=O)c34)ccc2n1,11.0,JAK1-selective,57.356445,-44.516678
Cc1cccc(-c2cnc3[nH]ccc3c2N[C@@H]2CCCN(C(=O)CC#N)C2)n1,5.5,JAK1-selective,-41.888702,-27.819715
Cc1cccc(C)c1NC(=O)N1CC(CC#N)(n2cc(C(N)=O)c(Nc3ccccc3)n2)C1,19.87878787878788,JAK1-selective,17.20162,61.034607
Cc1cccc(C)c1NS(=O)(=O)c1ccc(Nc2nn([C@H]3CCCC[C@@H]3C#N)cc2C(N)=O)cc1,9.0,JAK1-selective,49.1951,15.165876
Cc1cccc(C[C@H]2CCCN2S(=O)(=O)C[C@H]2CC[C@H](N(C)c3ncnc4[nH]ccc34)CC2)n1,6.75,JAK1-selective,-17.779066,-23.149555
Cc1cccc(Cl)c1NC(=O)N1CC(CC#N)(n2cc(C(N)=O)c(Nc3ccccc3)n2)C1,35.8,JAK1-selective,16.014336,60.937523
Cc1cccc(N2CCC(CC#N)(n3cc(C(N)=O)c(Nc4ccc(F)cc4)n3)CC2)c1F,29.5,JAK1-selective,42.196133,30.549236
Cc1cccc(N2CCC(CC#N)(n3cc(C(N)=O)c(Nc4ccc(F)cc4)n3)CC2)n1,20.4,JAK1-selective,42.01661,30.97719
Cc1cccc(NC(=O)N2CC(CC#N)(n3cc(C(N)=O)c(Nc4ccccc4)n3)C2)c1,19.5,JAK1-selective,17.028383,61.192356
Cc1cccc(Nc2nn(C3(CC#N)CCN(C(=O)OC(C)(C)C)CC3)c3cc[nH]c(=O)c23)c1,15.333333333333336,JAK1-selective,43.49812,-34.018856
Cc1cccc(Nc2nn(C3(CC#N)CCN(C(=O)OC(C)(C)C)CC3)cc2C(N)=O)n1,77.61538461538461,JAK1-selective,39.106514,55.721165
Cc1ccccc1-c1cccc(Nc2nn(C3(CC#N)CCN(C(=O)OC(C)(C)C)CC3)cc2C(N)=O)c1,11.661417322834646,JAK1-selective,38.967888,58.3305
Cc1ccccc1-c1nnn2cnc3[nH]ccc3c12,6.5,JAK1-selective,-27.602343,-40.016685
Cc1ccccc1NC(=O)N1CC(CC#N)(n2cc(C(N)=O)c(Nc3ccccc3)n2)C1,14.727272727272727,JAK1-selective,17.215466,61.34325
Cc1ccccc1S(=O)(=O)C[C@H]1C[C@@H](N(C)c2ncnc3[nH]ccc23)C1,19.0,JAK1-selective,-66.66115,-10.003349
Cc1ccnc(-c2cnc3[nH]ccc3c2N[C@@H]2CCCN(C(=O)CC#N)C2)c1,5.5,JAK1-selective,-42.660812,-27.28819
Cc1ccnc(-c2cnc3[nH]ccc3c2N[C@@H]2CCCN(C(=O)CC#N)C2)n1,5.5,JAK1-selective,-42.41541,-27.433279
Cc1ccnc(N2CCC(CC#N)(n3cc(C(N)=O)c(Nc4ccc(F)cc4)n3)CC2)c1,44.0,JAK1-selective,41.465317,29.148968
Cc1ccncc1N1CCC(CC#N)(n2cc(C(N)=O)c(Nc3ccc(F)cc3)n2)CC1,14.571428571428571,JAK1-selective,42.018166,29.29789
Cc1ccncc1S(=O)(=O)C[C@H]1C[C@@H](N(C)c2ncnc3[nH]ccc23)C1,22.4,JAK1-selective,-67.06253,-11.197378
Cc1cn(Cc2cccc(Nc3nn([C@H]4CCCC[C@@H]4C#N)c4cc[nH]c(=O)c34)c2)nn1,11.666666666666666,JAK1-selective,4.654305,-71.783905
Cc1cnc(-c2cnc3[nH]ccc3c2N[C@@H]2CCCN(CCC#N)C2)o1,5.5,JAK1-selective,-38.212696,-25.761654
Cc1cnc(CNC[C@H]2CC[C@H](c3nnn4cnc5[nH]ccc5c34)CC2)cn1,9.01639344262295,JAK1-selective,-25.968119,-50.667286
Cc1cnc(F)c(CN2CCC(CC#N)(n3cc(C(N)=O)c(Nc4ccnc(F)c4)n3)CC2)c1,32.5,JAK1-selective,60.428577,46.881084
Cc1cnc(Nc2ccc(N3CCN(C)CC3)cc2)nc1Nc1cccc(NS(=O)(=O)C(C)(C)C)c1,33.851851851851855,JAK1-selective,-10.407049,2.9958835
Cc1cnc(Nc2ccc(N3CCN(C)CC3)cc2)nc1Nc1cccc(S(=O)(=O)NC(C)(C)C)c1,191.37254901960782,JAK1-selective,-10.405323,2.846612
Cc1cnc(Nc2ccc(OCCO)nc2)nc1N1C[C@H]2[C@@H](C)[C@@]2(NC(=O)[C@H]2C[C@@H]2C#N)C1,11.307692307692308,JAK1-selective,-2.1242988,8.679005
Cc1cnc(Nc2cccc(S(=O)(=O)C3CC3)c2F)nc1-c1c[nH]c2c(NC(=O)[C@@H](C)N3CCN(C)CC3)cccc12,533.3333333333334,JAK1-selective,-91.309784,4.623878
Cc1cnc(Nc2cccc(S(C)(=O)=O)c2F)nc1-c1c[nH]c2c(NC(=O)[C@@H](C)N3CCN(C)CC3)cccc12,2450.0,JAK1-selective,-91.55397,3.9877574
Cc1cnc(Nc2cccc(S(C)(=O)=O)c2F)nc1-c1c[nH]c2c(NC(=O)[C@@H](C)N3CCN(C)C[C@@H]3C)cccc12,520.5761316872428,JAK1-selective,-90.20515,3.5712328
Cc1cnc(Nc2cccc(S(C)(=O)=O)c2F)nc1-c1c[nH]c2c(NC(=O)[C@@H](C)N3CCN(C)C[C@H]3C)cccc12,2743.3333333333335,JAK1-selective,-90.20515,3.5712328
Cc1cnc(Nc2cccc(S(C)(=O)=O)c2F)nc1-c1c[nH]c2c(NC(=O)[C@@H](C)N3CCN(CCO)CC3)cccc12,526.6666666666666,JAK1-selective,-91.3478,3.9108217
Cc1cnc(Nc2cccc(S(C)(=O)=O)c2F)nc1-c1c[nH]c2c(NC(=O)[C@@H](C)N3CCNCC3)cccc12,823.8095238095237,JAK1-selective,-91.05704,4.002543
Cc1cnc(Nc2cccc(S(C)(=O)=O)c2F)nc1-c1c[nH]c2c(NC(=O)[C@@H](C)N3C[C@H](C)N(C)[C@@H](C)C3)cccc12,2196.969696969697,JAK1-selective,-89.744774,3.369908
Cc1cnc(Nc2cccc(S(C)(=O)=O)c2F)nc1-c1c[nH]c2c(NC(=O)[C@@H](C)N3C[C@H](C)N[C@@H](C)C3)cccc12,1685.2941176470588,JAK1-selective,-89.642845,3.2101502
Cc1cnc(Nc2cccc(S(C)(=O)=O)c2F)nc1-c1c[nH]c2c(NC(=O)[C@@H](COCc3ccccc3)N3CCN(C)CC3)cccc12,30.333333333333332,JAK1-selective,-92.82523,1.585217
Cc1cnc(Nc2cccc(S(C)(=O)=O)c2F)nc1-c1c[nH]c2c(NC(=O)[C@H](C)N3CCN(C)CC3)cccc12,522.6480836236934,JAK1-selective,-91.55397,3.9877574
Cc1cnc(Nc2cccc(S(C)(=O)=O)c2F)nc1-c1c[nH]c2c(NC(=O)[C@H](C)N3CCN(C)C[C@@H]3C)cccc12,206.89655172413794,JAK1-selective,-90.205124,3.5712328
Cc1cnc(Nc2cccc(S(C)(=O)=O)c2F)nc1-c1c[nH]c2c(NC(=O)[C@H](C)N3CCN(C)C[C@H]3C)cccc12,166.66666666666666,JAK1-selective,-90.20515,3.5712328
Cc1cnc(Nc2cccc(S(C)(=O)=O)c2F)nc1-c1c[nH]c2c(NC(=O)[C@H](C)N3CCNCC3)cccc12,289.03508771929825,JAK1-selective,-91.054565,4.0070343
Cc1cnc(Nc2cccc(S(C)(=O)=O)c2F)nc1-c1c[nH]c2c(NC(=O)[C@H](C)N3C[C@H](C)N[C@@H](C)C3)cccc12,527.6381909547739,JAK1-selective,-89.642845,3.2101502
Cc1cnc(Nc2cccc(S(C)(=O)=O)c2F)nc1-c1c[nH]c2c(NC(=O)[C@H](COCc3ccccc3)N3CCN(C)CC3)cccc12,410.958904109589,JAK1-selective,-92.82521,1.5852226
Cc1cnc(Nc2cn(C)nc2C)nc1-c1c[nH]c2c(NC(=O)[C@@H](C)N3CCN(C)CC3)cccc12,516.0,JAK1-selective,-67.382095,30.666576
Cc1cnc(Nc2cn(C)nc2C)nc1-c1c[nH]c2c(NC(=O)[C@H](C)N3CCN(C)CC3)cccc12,199.0566037735849,JAK1-selective,-67.382095,30.666576
Cc1cncc(N2CCC(CC#N)(n3cc(C(N)=O)c(Nc4ccc(F)cc4)n3)CC2)c1,26.0,JAK1-selective,42.612976,29.529295
Cc1cncc(Nc2nn(C3(CC#N)CCN(C(=O)OC(C)(C)C)CC3)cc2C(N)=O)n1,19.555555555555557,JAK1-selective,39.7494,55.17016
Cc1nc(-c2ccc(Nc3nn(C4(CC#N)CCN(C(=O)OC(C)(C)C)CC4)cc3C(N)=O)cc2)no1,26.666666666666668,JAK1-selective,37.188217,53.82663
Cc1nc(-c2cnc3[nH]ccc3c2N[C@@H]2CCCN(C(=O)CC#N)C2)no1,10.0,JAK1-selective,-40.881245,-26.595514
Cc1nc(C)c(-c2nc3cnc4[nH]ccc4c3n2[C@H]2CC[C@H](CC#N)CC2)o1,12.30232558139535,JAK1-selective,-36.08878,1.1401666
Cc1nc(C)c(-c2nc3cnc4[nH]ccc4c3n2[C@H]2CC[C@H](CC#N)CC2)s1,9.019607843137255,JAK1-selective,-36.099808,1.1157947
Cc1nc2ccc(Nc3nn(C4CCCC[C@@H]4C#N)c4cc[nH]c(=O)c34)cc2s1,17.391304347826086,JAK1-selective,2.381147,-74.28016
Cc1nc2ccc(Nc3nn(C4COCC[C@@H]4C#N)c4cc[nH]c(=O)c34)cc2s1,29.666666666666668,JAK1-selective,25.546513,-67.1225
Cc1nc2ccc(Nc3nn([C@@H](CC#N)C4CC4)c4cc[nH]c(=O)c34)cc2s1,14.9,JAK1-selective,5.1495905,-39.86473
Cc1nc2ccc(Nc3nn([C@@]4(CC#N)CCCOC4)c4cc[nH]c(=O)c34)cc2s1,14.666666666666668,JAK1-selective,40.31464,-48.077934
Cc1nc2ccc(Nc3nn([C@]4(CC#N)CC[C@@H](C(=O)OC(C)(C)C)OC4)c4cc[nH]c(=O)c34)cc2s1,9.125,JAK1-selective,57.433895,-44.542103
Cc1nc2cnc3ccsc3c2n1[C@@H]1CC[C@@H](CC#N)[C@H](O)C1,5.0,JAK1-selective,-66.64035,9.7090845
Cc1nc2cnc3ccsc3c2n1[C@@H]1CC[C@H](CC#N)[C@@H](O)C1,250.0,JAK1-selective,-66.64035,9.7090845
Cc1nc2cnc3ccsc3c2n1[C@H]1CC[C@H](CC#N)[C@@H](O)C1,10.0,JAK1-selective,-66.64035,9.7090845
Cc1nc2cnc3ccsc3n2c1-c1ccc(CC#N)cc1,10.0,JAK1-selective,-24.670723,-6.337645
Cc1ncc(-c2cnc3[nH]ccc3c2N[C@@H]2CCCN(C(=O)CC#N)C2)s1,10.0,JAK1-selective,-41.497665,-26.67021
Cc1ncc(CN2CCC(CC#N)(n3cc(C(N)=O)c(Nc4ccnc(F)c4)n3)CC2)s1,18.0,JAK1-selective,60.539604,46.64649
Cc1ncc(CN2CC[C@@H](C#N)[C@H](n3cc(C(N)=O)c(Nc4ccc(F)cc4)n3)C2)s1,19.0,JAK1-selective,37.369995,-11.453059
Cc1ncc(CN2CC[C@@H](n3cc(C(N)=O)c(Nc4ccc(F)cc4)n3)[C@H](C#N)C2)s1,20.8,JAK1-selective,37.44146,-11.445019
Cc1ncc(S(=O)(=O)C[C@H]2C[C@@H](N(C)c3ncnc4[nH]ccc34)C2)s1,22.590909090909093,JAK1-selective,-68.04702,-11.55784
Cc1ncc(S(=O)(=O)N[C@H]2C[C@@H](N(C)c3ncnc4[nH]ccc34)C2)s1,111.30434782608697,JAK1-selective,-63.056454,-17.513737
Cc1nccc(S(=O)(=O)C[C@H]2C[C@@H](N(C)c3ncnc4[nH]ccc34)C2)c1C,26.2,JAK1-selective,-67.02138,-11.254152
Cc1ncccc1N1CCC(CC#N)(n2cc(C(N)=O)c(Nc3ccc(F)cc3)n2)CC1,23.22222222222222,JAK1-selective,40.99089,29.40588
Cc1ncncc1N1CCC(CC#N)(n2cc(C(N)=O)c(Nc3ccc(F)cc3)n2)CC1,13.923076923076923,JAK1-selective,42.152744,29.673176
Cc1ncoc1CN1CC[C@@H](C#N)[C@H](n2cc(C(N)=O)c(Nc3ccc(F)cc3)n2)C1,13.333333333333334,JAK1-selective,37.78633,-11.516386
Cc1nn(C)c(C)c1S(=O)(=O)C[C@H]1C[C@@H](N(C)c2ncnc3[nH]ccc23)C1,9.664429530201343,JAK1-selective,-68.145325,-12.088922
Cc1nn(C)c2c1CN(S(=O)(=O)C[C@H]1C[C@@H](N(C)c3ncnc4[nH]ccc34)C1)CC2,49.69230769230769,JAK1-selective,-72.37546,-22.675636
Cc1nn(C)cc1Nc1ncc(F)c(-c2c[nH]c3c(NC(=O)[C@@H](C)N4CCN(C)CC4)cccc23)n1,183.92857142857142,JAK1-selective,-72.10485,30.251179
Cc1nn(C)cc1Nc1nccc(-c2c[nH]c3c(NC(=O)[C@@H](C)N4CCN(C)CC4)cccc23)n1,134.20289855072463,JAK1-selective,-69.53537,34.74203
Cc1nn2cnc3ccsc3c2c1-c1ccc(CC#N)cc1,10.0,JAK1-selective,-24.674923,-6.345702
Cc1noc(-c2ccc(Nc3nn(C4(CC#N)CCN(C(=O)OC(C)(C)C)CC4)cc3C(N)=O)cc2)n1,25.0,JAK1-selective,37.368515,53.8569
Cc1noc(-c2ccc(Nc3nn([C@H]4CCCC[C@@H]4C#N)cc3C(N)=O)cc2)n1,6.25,JAK1-selective,54.92635,7.4398623
Cc1noc(-c2cnc3[nH]ccc3c2N[C@@H]2CCCN(C(=O)CC#N)C2)n1,5.5,JAK1-selective,-41.064365,-26.7365
Cc1noc(C)c1S(=O)(=O)C[C@H]1C[C@@H](N(C)c2ncnc3[nH]ccc23)C1,8.976190476190476,JAK1-selective,-67.89912,-12.30451
Cc1noc2ccc(Nc3nn([C@H]4COCC[C@@H]4C#N)cc3C(N)=O)cc12,19.0,JAK1-selective,67.47992,17.61754
ClC[C@H]1CC[C@H](c2nnn3cnc4[nH]ccc4c23)CC1,5.0,JAK1-selective,-23.18089,-52.47604
Clc1ccc(C2(NC[C@H]3CC[C@H](c4nnn5cnc6[nH]ccc6c45)CC3)COC2)cc1,5.0,JAK1-selective,-18.47589,-51.651554
Clc1ccc(CCNC[C@H]2CC[C@H](c3nnn4cnc5[nH]ccc5c34)CC2)cc1,9.23076923076923,JAK1-selective,-18.51038,-51.54045
Clc1ccc(CCN[C@H]2CC[C@H](c3nnn4cnc5[nH]ccc5c34)CC2)cc1,14.8,JAK1-selective,-19.346003,-44.585617
Clc1ccc(CN2CCC(c3nnn4cnc5[nH]ccc5c34)CC2)c(Cl)n1,5.348837209302326,JAK1-selective,-47.335876,-58.339027
Clc1ccc(CN2CCC(c3nnn4cnc5[nH]ccc5c34)CC2)cc1,12.5,JAK1-selective,-46.54704,-58.41049
Clc1ccc(CN2CCC(c3nnn4cnc5[nH]ccc5c34)CC2)cn1,5.0,JAK1-selective,-46.807068,-58.396782
Clc1ccc(CNC[C@H]2CC[C@H](c3nnn4cnc5[nH]ccc5c34)CC2)cc1,10.689655172413794,JAK1-selective,-18.51059,-51.54111
Clc1ccc(CN[C@H]2CC[C@@H](c3nnn4cnc5[nH]ccc5c34)CC2)cc1,25.0,JAK1-selective,-19.346409,-44.585453
Clc1ccc(CN[C@H]2CC[C@H](c3nnn4cnc5[nH]ccc5c34)CC2)cc1,8.333333333333332,JAK1-selective,-19.346409,-44.585453
Clc1ccc(NC2CCC(c3nnn4cnc5[nH]ccc5c34)CC2)cc1,9.615384615384615,JAK1-selective,-19.33908,-44.571285
Clc1ccc(NC[C@H]2CC[C@H](c3nnn4cnc5[nH]ccc5c34)CC2)cc1,5.588235294117647,JAK1-selective,-18.488539,-51.585033
Clc1ncc(CN2CCC(c3nnn4cnc5[nH]ccc5c34)CC2)s1,22.448979591836736,JAK1-selective,-48.219204,-57.704975
Cn1c(=O)c2cnc3[nH]ccc3c2n(C2CCCCC2)c1=O,10.5,JAK1-selective,-30.413294,-18.300695
Cn1c(C(=O)N2CCC(CC#N)(n3cc(C(N)=O)c(Nc4ccccc4)n3)CC2)cc2ccccc21,23.8,JAK1-selective,23.509037,48.990387
Cn1cc(-c2cc(Nc3nn([C@H]4CCCC[C@@H]4C#N)cc3C(N)=O)ccn2)cn1,20.0,JAK1-selective,59.667587,7.176411
Cn1cc(-c2ccc(Nc3nn(C4(CC#N)CCN(C(=O)OCC(F)(F)F)CC4)cc3C(N)=O)cn2)cn1,16.666666666666668,JAK1-selective,38.36818,44.42494
Cn1cc(-c2ccc(Nc3nn(C4CCCC[C@@H]4C#N)cc3C(N)=O)cn2)cn1,7.5,JAK1-selective,59.462578,7.1235733
Cn1cc(-c2ccc(Nc3nn([C@H]4CCCC[C@@H]4C#N)c4cc[nH]c(=O)c34)cc2Cl)cn1,22.06896551724138,JAK1-selective,1.822217,-72.9254
Cn1cc(-c2cccc(Nc3nn(C4(CC#N)CCN(C(=O)OCC(F)(F)F)CC4)cc3C(N)=O)c2)cn1,105.0,JAK1-selective,37.80693,44.726086
Cn1cc(-c2cncc(Nc3nn(C4(CC#N)CCN(C(=O)OCC(F)(F)F)CC4)cc3C(N)=O)c2)cn1,88.75,JAK1-selective,38.199604,44.489193
Cn1cc(-c2cncc(Nc3nn(C4CCCC[C@@H]4C#N)cc3C(N)=O)c2)cn1,12.166666666666666,JAK1-selective,59.403328,7.1626925
Cn1cc(C(=O)N2CCC(CC#N)(n3cc(C(N)=O)c(Nc4ccnc(F)c4)n3)CC2)cn1,31.5,JAK1-selective,57.738125,41.666298
Cn1cc(NC(=O)Cc2nc3cnc4[nH]ccc4c3n2C2CCC(CC#N)CC2)cn1,32.99999999999999,JAK1-selective,-47.900963,8.163523
Cn1cc(NC(=O)Cc2nc3cnc4[nH]ccc4c3n2[C@H]2CC[C@H](CC#N)CC2)cn1,32.99999999999999,JAK1-selective,-47.900963,8.163523
Cn1cc(Nc2ncc(F)c(N3C[C@@]4(CO)C[C@@]4(NC(=O)[C@@H]4CC4(F)F)C3)n2)cn1,11.075829383886257,JAK1-selective,-3.047947,8.300852
Cn1cc(Nc2ncc(F)c(N3C[C@@]4(CO)C[C@@]4(NC(=O)[C@@H]4C[C@H]4C#N)C3)n2)cn1,15.689655172413794,JAK1-selective,-2.5214288,8.622903
Cn1cc(Nc2nccc(N3C[C@H]4CC[C@@H](C3)N4C(=O)NCC#N)n2)cn1,5.153846153846154,JAK1-selective,6.67512,9.547093
Cn1cc(Nc2nccc(N3C[C@H]4CC[C@@H](C3)N4C(=O)NCCC#N)n2)cn1,6.238095238095238,JAK1-selective,6.6720104,9.567989
Cn1cc(Nc2nccc(N3C[C@H]4CC[C@@H](C3)N4C(=O)Nc3ccc(C(F)(F)F)cn3)n2)cn1,8.36,JAK1-selective,4.0652046,10.762404
Cn1cc(Nc2nccc(N3C[C@H]4CC[C@@H](C3)N4CC3C[C@@H]3C#N)n2)cn1,5.94980694980695,JAK1-selective,7.2435074,10.314823
Cn1cc(Nc2nccc(N3C[C@H]4CC[C@@H](C3)N4CC3C[C@H]3C#N)n2)cn1,5.193989071038251,JAK1-selective,7.243516,10.314837
Cn1cc(Nc2nccc(N3C[C@H]4CC[C@@H](C3)N4Cc3ccns3)n2)cn1,6.314285714285714,JAK1-selective,6.1784396,11.109603
Cn1cc(Nc2nccc(N3C[C@H]4CC[C@@H](C3)N4c3cc(C#N)ccn3)n2)cn1,5.076923076923077,JAK1-selective,7.402884,10.535514
Cn1cc(Nc2nccc(N3C[C@H]4CC[C@@H](C3)N4c3ncc(C#N)o3)n2)cn1,6.779411764705882,JAK1-selective,7.23866,10.63532
Cn1cc(S(=O)(=O)C[C@H]2C[C@@H](N(C)c3ncnc4[nH]ccc34)C2)ccc1=O,23.2,JAK1-selective,-69.22204,-10.9503145
Cn1cc2c(n1)C(C)(C)CN(S(=O)(=O)C[C@H]1C[C@@H](N(C)c3ncnc4[nH]ccc34)C1)C2,39.55555555555556,JAK1-selective,-71.59459,-23.974684
Cn1cc2c(n1)CN(S(=O)(=O)N[C@H]1C[C@@H](N(C)c3ncnc4[nH]ccc34)C1)C2,23.47826086956522,JAK1-selective,-61.876785,-18.411701
Cn1cc2cc(S(=O)(=O)C[C@H]3C[C@@H](N(C)c4ncnc5[nH]ccc45)C3)ccc2n1,7.63157894736842,JAK1-selective,-69.229576,-10.267439
Cn1ccc(-c2ccc(Nc3nn(C4(CC#N)CCN(C(=O)OC(C)(C)C)CC4)cc3C(N)=O)cc2)n1,46.0,JAK1-selective,37.709457,53.881294
Cn1ccc(-c2ccc(Nc3nn([C@@H](CC#N)C4CC4)c4cc[nH]c(=O)c34)cc2Cl)n1,16.142857142857142,JAK1-selective,3.7525802,-39.372864
Cn1ccc(C2CCN(S(=O)(=O)C[C@H]3C[C@@H](N(C)c4ncnc5[nH]ccc45)C3)CC2)n1,22.0,JAK1-selective,-72.81114,-22.21811
Cn1ccc(CN2CCC(CC#N)(n3cc(C(N)=O)c(Nc4ccnc(F)c4)n3)CC2)n1,17.3953488372093,JAK1-selective,60.230106,47.14106
Cn1ccc(CN2CC[C@@H](C#N)[C@H](n3cc(C(N)=O)c(Nc4ccc(F)cc4)n3)C2)n1,7.0,JAK1-selective,38.55875,-11.8508415
Cn1ccc(CN2CC[C@@H](n3cc(C(N)=O)c(Nc4ccc(F)cc4)n3)[C@H](C#N)C2)n1,8.705882352941176,JAK1-selective,38.642982,-11.93277
Cn1ccc(NC(=O)Cc2cccc(Nc3nn([C@H]4CCCC[C@@H]4C#N)c4cc[nH]c(=O)c34)c2)n1,8.048780487804878,JAK1-selective,4.317147,-70.727554
Cn1cnc2c(Nc3cc[nH]n3)cc(OC3CCC(C)(NC[C@@H](O)C(F)(F)F)CC3)cc21,125.13089005235602,JAK1-selective,-20.210148,-7.2877274
Cn1cnc2c(Nc3ccn(-c4ccccn4)n3)cc(O[C@H]3CC[C@@H](NC[C@@H](O)C(F)(F)F)CC3)cc21,147.6510067114094,JAK1-selective,-20.147408,-7.3132606
Cn1ncc2c(S(=O)(=O)C[C@H]3C[C@@H](N(C)c4ncnc5[nH]ccc45)C3)cccc21,14.373134328358208,JAK1-selective,-67.09365,-9.635407
Cn1ncc2c1CN(S(=O)(=O)C[C@H]1C[C@@H](N(C)c3ncnc4[nH]ccc34)C1)C2,35.166666666666664,JAK1-selective,-71.80447,-23.337448
Cn1ncc2cc(S(=O)(=O)C[C@H]3C[C@@H](N(C)c4ncnc5[nH]ccc45)C3)ccc21,22.679999999999996,JAK1-selective,-69.052986,-10.07527
Cn1ncc2ccc(S(=O)(=O)C[C@H]3C[C@@H](N(C)c4ncnc5[nH]ccc45)C3)cc21,21.81818181818182,JAK1-selective,-69.07959,-10.059301
Cn1ncc2cccc(S(=O)(=O)C[C@H]3C[C@@H](N(C)c4ncnc5[nH]ccc45)C3)c21,16.444444444444446,JAK1-selective,-67.06276,-9.663269
Cn1nccc1CN1CCC(CC#N)(n2cc(C(N)=O)c(Nc3ccnc(F)c3)n2)CC1,18.5,JAK1-selective,60.488564,47.054043
Cn1nccc1CN1CC[C@@H](C#N)[C@H](n2cc(C(N)=O)c(Nc3ccc(F)cc3)n2)C1,10.0,JAK1-selective,38.16663,-11.9230995
FC(F)(Br)CNC[C@H]1CC[C@H](c2nnn3cnc4[nH]ccc4c23)CC1,9.23076923076923,JAK1-selective,-24.42587,-62.46112
FC(F)(Br)CN[C@H]1CC[C@H](c2nnn3cnc4[nH]ccc4c23)CC1,9.032258064516128,JAK1-selective,-27.43844,-67.36621
FC(F)(F)C(F)(F)CNC[C@H]1CC[C@H](c2nnn3cnc4[nH]ccc4c23)CC1,8.717948717948719,JAK1-selective,-24.477427,-62.506706
FC(F)(F)C(F)(F)CN[C@H]1CC[C@H](c2nnn3cnc4[nH]ccc4c23)CC1,8.666666666666666,JAK1-selective,-27.398624,-67.37504
FC(F)(F)C(NC[C@H]1CC[C@H](c2nnn3cnc4[nH]ccc4c23)CC1)C(F)(F)F,12.307692307692307,JAK1-selective,-23.717096,-62.43814
FC(F)(F)C1(NC[C@H]2CC[C@H](c3nnn4cnc5[nH]ccc5c34)CC2)CC1,6.296296296296296,JAK1-selective,-24.621563,-61.73818
FC(F)(F)C1CCN(C[C@H]2CC[C@H](c3nnn4cnc5[nH]ccc5c34)CC2)CC1,6.75,JAK1-selective,-25.387732,-60.145485
FC(F)(F)CNC[C@H]1CC[C@H](c2nnn3cnc4[nH]ccc4c23)CC1,7.000000000000001,JAK1-selective,-24.62013,-62.599476
FC(F)(F)COC1CN(C[C@H]2CC[C@H](c3nnn4cnc5[nH]ccc5c34)CC2)C1,17.0,JAK1-selective,-24.428064,-61.04787
FC(F)(F)Oc1ccc(CN2CCC(c3nnn4cnc5[nH]ccc5c34)CC2)cc1,7.592592592592592,JAK1-selective,-43.30511,-61.71915
FC(F)(F)Oc1ccc(CNC[C@H]2CC[C@H](c3nnn4cnc5[nH]ccc5c34)CC2)cc1,16.25,JAK1-selective,-24.145327,-62.314407
FC(F)(F)Sc1ccc(CN2CCC(c3nnn4cnc5[nH]ccc5c34)CC2)cc1,6.9565217391304355,JAK1-selective,-43.287,-61.69814
FC(F)(F)c1ccc(CCN2CCC(c3nnn4cnc5[nH]ccc5c34)CC2)cc1,5.0,JAK1-selective,-42.355476,-62.871372
FC(F)(F)c1ccc(CN2CCC(c3[nH]c(=S)n4cnc5[nH]ccc5c34)CC2)cc1,8.5,JAK1-selective,-40.526592,-61.898705
FC(F)(F)c1ccc(CN2CCC(c3nnn4cnc5[nH]ccc5c34)CC2)cc1,7.6,JAK1-selective,-42.83352,-62.422264
FC(F)(F)c1ccc(CN2CCC(c3nnn4cnc5[nH]ccc5c34)CC2)cn1,8.571428571428571,JAK1-selective,-42.922256,-61.8158
FC(F)(F)c1ccc(CNC[C@H]2CC[C@H](c3nnn4cnc5[nH]ccc5c34)CC2)cc1,21.212121212121215,JAK1-selective,-23.872107,-61.952335
FC(F)(F)c1ccc(CN[C@H]2CC[C@@H](c3nnn4cnc5[nH]ccc5c34)CC2)cc1,32.17391304347826,JAK1-selective,-27.799177,-67.960556
FC(F)(F)c1ccc(CN[C@H]2CC[C@H](c3nnn4cnc5[nH]ccc5c34)CC2)cc1,10.0,JAK1-selective,-27.799177,-67.960556
FC(F)(F)c1ccc(NC2CCC(c3nnn4cnc5[nH]ccc5c34)CC2)cc1,7.142857142857143,JAK1-selective,-27.932283,-68.05673
FC(F)(F)c1ccc(NC[C@H]2CC[C@H](c3nnn4cnc5[nH]ccc5c34)CC2)cc1,7.0,JAK1-selective,-23.225481,-61.68918
FC(F)(F)c1cccc(CCNC2CCC(c3nnn4cnc5[nH]ccc5c34)CC2)c1,9.235830985915493,JAK1-selective,-27.87119,-67.84025
FC(F)(F)c1cccc(CN2CCC(c3nnn4cnc5[nH]ccc5c34)CC2)c1,5.7142857142857135,JAK1-selective,-43.31144,-62.510555
FC(F)C(F)(F)Oc1ccc(CN2CCC(c3nnn4cnc5[nH]ccc5c34)CC2)cc1,10.4,JAK1-selective,-43.45058,-61.57273
FC(F)CNC[C@H]1CC[C@H](c2nnn3cnc4[nH]ccc4c23)CC1,6.0,JAK1-selective,-23.054613,-54.364197
FC(F)Oc1ccc(CN2CCC(c3nnn4cnc5[nH]ccc5c34)CC2)cc1,6.615384615384615,JAK1-selective,-46.164524,-60.069763
FC(F)[C@H]1CC[C@H](c2nnn3cnc4[nH]ccc4c23)CC1,6.666666666666667,JAK1-selective,-27.506363,-43.3869
FC1(F)CC1CN1[C@@H]2CC[C@H]1CN(c1ccnc(Nc3cn[nH]c3)n1)C2,6.274606056825011,JAK1-selective,4.225932,7.770412
FC1(F)Oc2ccc(CN3CCC(c4nnn5cnc6[nH]ccc6c45)CC3)cc2O1,8.4,JAK1-selective,-47.532845,-60.169075
FC1(F)Oc2ccc(NC[C@H]3CC[C@H](c4nnn5cnc6[nH]ccc6c45)CC3)cc2O1,9.701492537313433,JAK1-selective,-21.499056,-56.3318
FC1CN(C[C@H]2CC[C@H](c3nnn4cnc5[nH]ccc5c34)CC2)C1,8.695652173913043,JAK1-selective,-26.397484,-56.358753
FCCNC[C@H]1CC[C@H](c2nnn3cnc4[nH]ccc4c23)CC1,19.642857142857142,JAK1-selective,-23.346676,-54.08901
FC[C@H]1CC[C@H](c2nnn3cnc4[nH]ccc4c23)CC1,7.36842105263158,JAK1-selective,-22.913704,-53.028084
F[C@@H]1CCN(C[C@H]2CC[C@H](c3nnn4cnc5[nH]ccc5c34)CC2)C1,8.383838383838384,JAK1-selective,-26.90483,-56.411705
F[C@H]1CCN(C[C@H]2CC[C@H](c3nnn4cnc5[nH]ccc5c34)CC2)C1,10.0,JAK1-selective,-26.904099,-56.41153
Fc1cc(C(F)(F)F)cc(F)c1CN1CCC(c2nnn3cnc4[nH]ccc4c23)CC1,6.0,JAK1-selective,-43.501606,-62.904385
Fc1cc(C(F)(F)F)ccc1CN1CCC(c2nnn3cnc4[nH]ccc4c23)CC1,10.0,JAK1-selective,-43.502945,-62.89978
Fc1cc(CN2CCC(c3nnn4cnc5[nH]ccc5c34)CC2)ccc1C(F)(F)F,9.67741935483871,JAK1-selective,-43.776154,-62.460403
Fc1cc(CN2CCC(c3nnn4cnc5[nH]ccc5c34)CC2)ccc1Cl,6.875,JAK1-selective,-46.05358,-61.96251
Fc1cc(Cl)ccc1CN1CCC(c2nnn3cnc4[nH]ccc4c23)CC1,6.2857142857142865,JAK1-selective,-46.103123,-62.125244
Fc1cc(NC[C@H]2CC[C@H](c3nnn4cnc5[nH]ccc5c34)CC2)cc(F)c1F,5.806451612903226,JAK1-selective,-21.170923,-58.043427
Fc1ccc(C2(NC[C@H]3CC[C@H](c4nnn5cnc6[nH]ccc6c45)CC3)CC2)cc1,6.666666666666667,JAK1-selective,-18.791443,-57.501938
Fc1ccc(C2(NC[C@H]3CC[C@H](c4nnn5cnc6[nH]ccc6c45)CC3)CCC2)cc1,10.0,JAK1-selective,-18.851992,-57.474842
Fc1ccc(C2(NC[C@H]3CC[C@H](c4nnn5cnc6[nH]ccc6c45)CC3)COC2)cc1,5.461538461538461,JAK1-selective,-18.90213,-57.449562
Fc1ccc(CCNC[C@H]2CC[C@H](c3nnn4cnc5[nH]ccc5c34)CC2)cc1,14.210526315789474,JAK1-selective,-18.463552,-57.839897
Fc1ccc(CCN[C@H]2CC[C@H](c3nnn4cnc5[nH]ccc5c34)CC2)cc1,16.923076923076923,JAK1-selective,-16.11842,-58.81807
Fc1ccc(CN2CCC(c3nnn4cnc5[nH]ccc5c34)CC2)c(F)c1,5.172413793103448,JAK1-selective,-47.060005,-62.143703
Fc1ccc(CN2CCC(c3nnn4cnc5[nH]ccc5c34)CC2)cc1,5.185185185185185,JAK1-selective,-47.084427,-62.153435
Fc1ccc(CN2CCC(c3nnn4cnc5[nH]ccc5c34)CC2)nc1,6.25,JAK1-selective,-47.367424,-62.16784
Fc1ccc(CNC[C@H]2CC[C@H](c3nnn4cnc5[nH]ccc5c34)CC2)cc1,17.692307692307693,JAK1-selective,-18.463528,-57.835846
Fc1ccc(CNC[C@H]2CC[C@H](c3nnn4cnc5[nH]ccc5c34)CC2)cc1C(F)(F)F,16.122448979591837,JAK1-selective,-22.707842,-60.935272
Fc1ccc(CN[C@H]2CC[C@@H](c3nnn4cnc5[nH]ccc5c34)CC2)cc1,18.333333333333332,JAK1-selective,-16.120323,-58.830273
Fc1ccc(CN[C@H]2CC[C@H](c3nnn4cnc5[nH]ccc5c34)CC2)cc1,6.0,JAK1-selective,-16.120323,-58.830273
Fc1ccc(NC2CCC(c3nnn4cnc5[nH]ccc5c34)CC2)cc1,5.925925925925926,JAK1-selective,-15.974834,-58.58847
Fc1ccc(NC[C@H]2CC[C@H](c3nnn4cnc5[nH]ccc5c34)CC2)c(C(F)(F)F)c1,9.23076923076923,JAK1-selective,-22.134066,-60.920246
Fc1ccc(NC[C@H]2CC[C@H](c3nnn4cnc5[nH]ccc5c34)CC2)cc1C(F)(F)F,6.451612903225806,JAK1-selective,-22.384836,-60.88719
Fc1ccc(N[C@H]2CC[C@H](c3nnn4cnc5[nH]ccc5c34)CC2)cc1,8.636363636363637,JAK1-selective,-15.974834,-58.58847
Fc1ccc([C@@H]2C[C@H]2CN[C@H]2CC[C@H](c3nnn4cnc5[nH]ccc5c34)CC2)cc1,17.72151898734177,JAK1-selective,-16.123192,-58.66564
N#C/C(=C\N1CCC(c2nnn3cnc4[nH]ccc4c23)CC1)c1ccc(Cl)cc1,6.607142857142857,JAK1-selective,-31.998356,-43.396618
N#C/C=C/[C@H]1CC[C@H](c2nnn3cnc4[nH]ccc4c23)CC1,5.849056603773585,JAK1-selective,-33.42294,-43.306717
N#CC(NC(=O)[C@H]1CC[C@H](c2nnn3cnc4[nH]ccc4c23)CC1)c1ccccc1,7.416666666666667,JAK1-selective,-27.60431,-45.648666
N#CC1(c2ccccc2)CCN(C[C@H]2CC[C@H](c3nnn4cnc5[nH]ccc5c34)CC2)CC1,5.352112676056338,JAK1-selective,-38.18698,-49.681435
N#CC1CCC2(CC1n1cc(C(N)=O)c(Nc3ccccc3)n1)OCCO2,5.222222222222222,JAK1-selective,51.1742,1.884785
N#CC1CCN(C2CCC(c3nnn4cnc5[nH]ccc5c34)CC2)CC1,11.176470588235293,JAK1-selective,-33.573254,-44.007256
N#CC1CCN(C[C@H]2CC[C@H](c3nnn4cnc5[nH]ccc5c34)CC2)CC1,8.0,JAK1-selective,-38.916977,-49.53916
N#CC1CCN(Cc2ccc(-c3cccc4nc(NC(=O)C5CC5)cn34)cc2)CC1,6.666666666666667,JAK1-selective,-10.444924,18.734997
N#CC1CN(C(=O)[C@H]2CC[C@H](c3nnn4cnc5[nH]ccc5c34)CC2)C1,6.590909090909091,JAK1-selective,-31.11013,-45.86887
N#CC1CN(C[C@H]2CC[C@H](c3nnn4cnc5[nH]ccc5c34)CC2)C1,6.4935064935064934,JAK1-selective,-38.907864,-49.290066
N#CC=C1CCC(c2nnn3cnc4[nH]ccc4c23)CC1,6.086956521739131,JAK1-selective,-33.30163,-43.315334
N#CCC(=O)N(CC(F)(F)F)C[C@H]1CC[C@H](n2c(=O)[nH]c(=O)c3cnc4[nH]ccc4c32)CC1,12.244897959183673,JAK1-selective,-33.890358,-2.5014625
N#CCC(=O)N1CC(c2nc3cnc4[nH]ccc4c3n2[C@H]2CC[C@H](CC#N)CC2)C1,58.06666666666666,JAK1-selective,-49.002075,10.5649805
N#CCC(=O)N1CCC(CC#N)(n2cc(C(N)=O)c(Nc3ccccc3)n2)CC1,15.4,JAK1-selective,21.750921,49.716305
N#CCC(=O)N1CCC(CC#N)(n2cc(C(N)=O)c(Nc3ccnc(F)c3)n2)CC1,45.0,JAK1-selective,58.26116,41.658638
N#CCC(=O)N1CCC[C@@H](Nc2c(-c3cccc(N)n3)cnc3[nH]ccc23)C1,5.5,JAK1-selective,-41.154747,-29.251003
N#CCC(=O)N1CCC[C@@H](Nc2c(-c3ccccn3)cnc3[nH]ccc23)C1,5.5,JAK1-selective,-41.23286,-29.376303
N#CCC(=O)N1CCC[C@@H](Nc2c(-c3ccn(C(F)F)n3)cnc3[nH]ccc23)C1,5.5,JAK1-selective,-39.856922,-29.207598
N#CCC(=O)N1CCC[C@@H](Nc2c(-c3ccn[nH]3)cnc3[nH]ccc23)C1,5.5,JAK1-selective,-40.840515,-28.454569
N#CCC(=O)N1CCC[C@@H](Nc2c(-c3ccncn3)cnc3[nH]ccc23)C1,5.5,JAK1-selective,-41.08175,-28.574522
N#CCC(=O)N1CCC[C@@H](Nc2c(-c3cncs3)cnc3[nH]ccc23)C1,10.0,JAK1-selective,-40.40823,-28.120646
N#CCC(=O)N1CCC[C@@H](Nc2c(-c3nc(C(N)=O)co3)cnc3[nH]ccc23)C1,5.5,JAK1-selective,-39.657104,-27.70524
N#CCC(=O)N1CCC[C@@H](Nc2c(-c3ncccn3)cnc3[nH]ccc23)C1,10.0,JAK1-selective,-41.156307,-29.074312
N#CCC(=O)N1CCC[C@@H](Nc2c(-c3nncs3)cnc3[nH]ccc23)C1,5.5,JAK1-selective,-40.38732,-28.013891
N#CCC(=O)N1CCC[C@@H](Nc2c(C#N)cnc3[nH]ccc23)C1,5.5,JAK1-selective,-39.88429,-28.333612
N#CCC1(C2C=C(C(N)=O)C(Nc3ccc(F)cc3)=N2)CCC(NC2CCOCC2)CC1,64.5,JAK1-selective,31.967234,30.67019
N#CCC1(C2C=C(C(N)=O)C(Nc3ccnc(F)c3)=N2)CCC(N2CCC(O)CC2)CC1,53.0,JAK1-selective,62.148613,37.136456
N#CCC1(C2C=C(C(N)=O)C(Nc3ccnc(F)c3)=N2)CCC(NC2CCOCC2)CC1,103.0,JAK1-selective,62.153526,37.08743
N#CCC1(COC(=O)N2CC[C@@H](C#N)[C@H](n3cc(C(N)=O)c(Nc4ccc(F)cc4)n3)C2)CC1,21.42857142857143,JAK1-selective,31.338125,0.59011465
N#CCC1(COC(=O)N2CC[C@@H](n3cc(C(N)=O)c(Nc4ccc(F)cc4)n3)[C@H](C#N)C2)CC1,17.04,JAK1-selective,31.32852,0.65209365
N#CCC1(n2c(CC(=O)NCC3CCOCC3)nc3cnc4[nH]ccc4c32)CCCCC1,13.999999999999998,JAK1-selective,-40.05048,13.042279
N#CCC1(n2cc(-c3c(C#N)cnc4[nH]ccc34)cn2)CN(C2CCN(C(=O)c3ccnc(C(F)(F)F)c3F)CC2)C1,6.123726677857807,JAK1-selective,-21.034706,58.22432
N#CCC1(n2cc(-c3c(F)cnc4[nH]ccc34)cn2)CN(C2(C(F)(F)F)C=CN=CC2NC(=O)N2CCCCC2)C1,6.0,JAK1-selective,-20.187895,54.36379
N#CCC1(n2cc(-c3c(F)cnc4[nH]ccc34)cn2)CN(C2(NC(=O)N3CCCCC3)C=CN=CC2C(F)(F)F)C1,6.0,JAK1-selective,-20.188036,54.36454
N#CCC1(n2cc(-c3c(F)cnc4[nH]ccc34)cn2)CN(c2ccnc(NC(=O)N3CCCCC3)c2C(F)(F)F)C1,6.0,JAK1-selective,-20.19857,54.31751
N#CCC1(n2cc(-c3ccnc4[nH]ccc34)cn2)CN(C2CCN(C(=O)Nc3ccc(F)cc3C(F)(F)F)CC2)C1,6.123726677857807,JAK1-selective,-23.20838,55.784027
N#CCC1(n2cc(-c3ccnc4[nH]ccc34)cn2)CN(C2CCN(C(=O)Nc3ccc(F)cc3Cl)CC2)C1,6.123726677857807,JAK1-selective,-23.874973,55.72598
N#CCC1(n2cc(-c3ccnc4[nH]ccc34)cn2)CN(C2CCN(C(=O)Nc3cnccc3C(F)(F)F)CC2)C1,6.123726677857807,JAK1-selective,-22.967,56.179726
N#CCC1(n2cc(-c3ncnc4[nH]ccc34)cn2)CN(C2(F)C=CC(NC(=O)N3CCCCC3)=C(F)C2)C1,6.0,JAK1-selective,-31.633615,40.355904
N#CCC1(n2cc(-c3ncnc4[nH]ccc34)cn2)CN(C2CCN(C(=O)Nc3ccccc3C(F)(F)F)CC2)C1,6.123726677857807,JAK1-selective,-28.539103,47.440205
N#CCC1(n2cc(-c3ncnc4[nH]ccc34)cn2)CN(C2CCN(C(=O)OCc3cc(F)cc(F)c3)CC2)C1,6.123726677857807,JAK1-selective,-34.980583,54.87918
N#CCC1(n2cc(-c3ncnc4[nH]ccc34)cn2)CN(C2CCN(C(=O)c3cc(CN4CCC(F)(F)C4)nc(C(F)(F)F)n3)CC2)C1,6.123726677857807,JAK1-selective,-50.187828,56.25648
N#CCC1(n2cc(-c3ncnc4[nH]ccc34)cn2)CN(C2CCN(C(=O)c3ccc(-c4ccc5ncccc5c4)c(F)c3)CC2)C1,6.123726677857807,JAK1-selective,-39.57711,60.232624
N#CCC1(n2cc(-c3ncnc4[nH]ccc34)cn2)CN(C2CCN(C(=O)c3ccnc(C(F)(F)F)c3F)CC2)C1,6.708206820184215,JAK1-selective,-47.81698,54.778683
N#CCC1(n2cc(-c3ncnc4[nH]ccc34)cn2)CN(C2CCN(C(=O)c3nc(C(F)(F)F)cs3)CC2)C1,6.123726677857807,JAK1-selective,-48.694553,55.369675
N#CCC1(n2cc(-c3ncnc4[nH]ccc34)cn2)CN([C@@H]2CCN(C(=O)c3ccnc(C(F)(F)F)c3F)C[C@@H]2F)C1,6.123726677857807,JAK1-selective,-47.658306,53.572422
N#CCC1(n2cc(-c3ncnc4[nH]ccc34)cn2)CN([C@@H]2CCN(C(=O)c3ccnc(C(F)(F)F)n3)C[C@@H]2F)C1,6.123726677857807,JAK1-selective,-47.77113,53.502796
N#CCC1(n2cc(C(N)=O)c(Nc3ccc(-c4cn[nH]c4)nc3)n2)CCN(C(=O)OCC(F)(F)F)CC1,60.0,JAK1-selective,38.428352,43.822845
N#CCC1(n2cc(C(N)=O)c(Nc3ccc(C(F)(F)F)cc3)n2)CCC(N2CC(F)C2)CC1,30.0,JAK1-selective,32.21463,35.030617
N#CCC1(n2cc(C(N)=O)c(Nc3ccc(C(O)C(F)(F)F)nc3)n2)CCN(C(=O)OCC(F)(F)F)CC1,10.0,JAK1-selective,38.601612,43.59586
N#CCC1(n2cc(C(N)=O)c(Nc3ccc(C4CC4)nc3)n2)CCN(C(=O)OCC(F)F)CC1,15.714285714285715,JAK1-selective,38.738495,41.334145
N#CCC1(n2cc(C(N)=O)c(Nc3ccc(C4CCC4)nc3)n2)CCN(C(=O)OCC(F)F)CC1,10.0,JAK1-selective,38.705803,41.310562
N#CCC1(n2cc(C(N)=O)c(Nc3ccc(Cl)cc3)n2)CCC(N2CC(F)C2)CC1,22.22222222222222,JAK1-selective,32.689655,34.81771
N#CCC1(n2cc(C(N)=O)c(Nc3ccc(F)cc3)n2)CCC(=O)CC1,6.5,JAK1-selective,34.97767,31.59792
N#CCC1(n2cc(C(N)=O)c(Nc3ccc(F)cc3)n2)CCC(N2CC(F)C2)CC1,12.0,JAK1-selective,33.152943,33.696518
N#CCC1(n2cc(C(N)=O)c(Nc3ccc(F)cc3)n2)CCC(N2CCC(F)(F)CC2)CC1,45.0,JAK1-selective,33.527084,33.56462
N#CCC1(n2cc(C(N)=O)c(Nc3ccc(F)cc3)n2)CCC(N2CCC(O)CC2)CC1,9.349660580524343,JAK1-selective,33.568066,33.5297
N#CCC1(n2cc(C(N)=O)c(Nc3ccc(F)cc3)n2)CCC(N2CCC2)CC1,23.214285714285715,JAK1-selective,33.634167,33.584404
N#CCC1(n2cc(C(N)=O)c(Nc3ccc(F)cc3)n2)CCC(N2CCc3ccccc32)CC1,15.48255153828265,JAK1-selective,33.423687,33.096245
N#CCC1(n2cc(C(N)=O)c(Nc3ccc(F)cc3)n2)CCC(N2Cc3ccccc3C2)CC1,9.333333333333334,JAK1-selective,33.26213,33.167976
N#CCC1(n2cc(C(N)=O)c(Nc3ccc(F)cc3)n2)CCC(NC2CCCCC2)CC1,22.978245397405228,JAK1-selective,31.41756,32.789906
N#CCC1(n2cc(C(N)=O)c(Nc3ccc(F)cc3)n2)CCC(NCC(F)(F)F)CC1,21.802132634397452,JAK1-selective,31.091486,33.819958
N#CCC1(n2cc(C(N)=O)c(Nc3ccc(F)cc3)n2)CCC(NCC(F)F)CC1,18.571428571428573,JAK1-selective,31.156559,33.000576
N#CCC1(n2cc(C(N)=O)c(Nc3ccc(F)cc3)n2)CCC(NCC2CC2)CC1,74.11111111111111,JAK1-selective,31.445883,32.46079
N#CCC1(n2cc(C(N)=O)c(Nc3ccc(F)cc3)n2)CCC(NCCF)CC1,16.625,JAK1-selective,31.21314,32.774246
N#CCC1(n2cc(C(N)=O)c(Nc3ccc(F)cc3)n2)CCC(NCCO)CC1,14.217391304347826,JAK1-selective,31.223644,32.76586
N#CCC1(n2cc(C(N)=O)c(Nc3ccc(F)cc3)n2)CCC(NCc2ccc(C#N)cc2)CC1,41.48,JAK1-selective,30.973022,32.929756
N#CCC1(n2cc(C(N)=O)c(Nc3ccc(F)cc3)n2)CCC(NCc2ccccc2)CC1,5.0,JAK1-selective,29.771854,33.135025
N#CCC1(n2cc(C(N)=O)c(Nc3ccc(F)cc3)n2)CCC(Nc2cc(F)ccc2F)CC1,60.0,JAK1-selective,30.871023,32.23287
N#CCC1(n2cc(C(N)=O)c(Nc3ccc(F)cc3)n2)CCC(Nc2ccc(C(F)(F)F)cc2)CC1,10.762589928057555,JAK1-selective,31.234995,34.094837
N#CCC1(n2cc(C(N)=O)c(Nc3ccc(F)cc3)n2)CCC(Nc2ccc(Cl)cc2)CC1,11.165447750114575,JAK1-selective,30.58547,31.74327
N#CCC1(n2cc(C(N)=O)c(Nc3ccc(F)cc3)n2)CCC(Nc2ccc(F)c(F)c2)CC1,37.5,JAK1-selective,30.891632,32.246326
N#CCC1(n2cc(C(N)=O)c(Nc3ccc(F)cc3)n2)CCC(Nc2ccc(F)cc2)CC1,14.567024318668768,JAK1-selective,31.182894,32.71821
N#CCC1(n2cc(C(N)=O)c(Nc3ccc(F)cc3)n2)CCC(Nc2cccc(Cl)c2)CC1,60.0,JAK1-selective,30.260662,31.953825
N#CCC1(n2cc(C(N)=O)c(Nc3ccc(F)cc3)n2)CCC(Nc2cccc(F)c2)CC1,27.46433024544139,JAK1-selective,30.231754,32.609802
N#CCC1(n2cc(C(N)=O)c(Nc3ccc(F)cc3)n2)CCC(Nc2ccccc2)CC1,25.819899797930393,JAK1-selective,29.791395,33.05229
N#CCC1(n2cc(C(N)=O)c(Nc3ccc(F)cc3)n2)CCC(Nc2ccccc2F)CC1,24.280766666666665,JAK1-selective,30.166832,32.855072
N#CCC1(n2cc(C(N)=O)c(Nc3ccc(F)cc3)n2)CCC(Nc2ccccn2)CC1,36.5,JAK1-selective,29.83413,32.86405
N#CCC1(n2cc(C(N)=O)c(Nc3ccc(F)cc3)n2)CCC(Nc2cccnc2)CC1,29.77693315751442,JAK1-selective,29.884724,32.811253
N#CCC1(n2cc(C(N)=O)c(Nc3ccc(F)cc3)n2)CCC2(CC1)OCCO2,6.857142857142857,JAK1-selective,34.898087,31.578735
N#CCC1(n2cc(C(N)=O)c(Nc3ccc(F)cc3)n2)CCN(C(=O)CC(F)(F)F)CC1,50.0,JAK1-selective,40.334312,42.44059
N#CCC1(n2cc(C(N)=O)c(Nc3ccc(F)cc3)n2)CCN(C(=O)OC(CF)CF)CC1,16.666666666666668,JAK1-selective,41.088963,41.04779
N#CCC1(n2cc(C(N)=O)c(Nc3ccc(F)cc3)n2)CCN(C(=O)OC2CCC2)CC1,36.666666666666664,JAK1-selective,39.88305,40.0516
N#CCC1(n2cc(C(N)=O)c(Nc3ccc(F)cc3)n2)CCN(C(=O)OC2CCCOC2)CC1,30.0,JAK1-selective,39.729565,38.453953
N#CCC1(n2cc(C(N)=O)c(Nc3ccc(F)cc3)n2)CCN(C(=O)OC2CCOC2)CC1,37.0,JAK1-selective,39.733364,38.38846
N#CCC1(n2cc(C(N)=O)c(Nc3ccc(F)cc3)n2)CCN(C(=O)OC2CCOCC2)CC1,34.333333333333336,JAK1-selective,39.766697,38.498596
N#CCC1(n2cc(C(N)=O)c(Nc3ccc(F)cc3)n2)CCN(C(=O)OC2COC2)CC1,22.0,JAK1-selective,39.894646,38.793125
N#CCC1(n2cc(C(N)=O)c(Nc3ccc(F)cc3)n2)CCN(C(=O)OCC(F)(F)CO)CC1,55.0,JAK1-selective,40.45491,42.06264
N#CCC1(n2cc(C(N)=O)c(Nc3ccc(F)cc3)n2)CCN(C(=O)OCC(F)(F)F)CC1,50.0,JAK1-selective,40.344013,42.28038
N#CCC1(n2cc(C(N)=O)c(Nc3ccc(F)cc3)n2)CCN(C(=O)OCC(F)F)CC1,18.0,JAK1-selective,41.01914,41.037884
N#CCC1(n2cc(C(N)=O)c(Nc3ccc(F)cc3)n2)CCN(C(=O)OCC2(O)CC2)CC1,22.22222222222222,JAK1-selective,40.778336,40.80787
N#CCC1(n2cc(C(N)=O)c(Nc3ccc(F)cc3)n2)CCN(C(=O)OCC2CC2(F)F)CC1,42.22222222222222,JAK1-selective,40.415474,40.454224
N#CCC1(n2cc(C(N)=O)c(Nc3ccc(F)cc3)n2)CCN(C(=O)OCC2CC2)CC1,37.0,JAK1-selective,39.9685,40.104286
N#CCC1(n2cc(C(N)=O)c(Nc3ccc(F)cc3)n2)CCN(C(=O)OCC2CCC2)CC1,30.0,JAK1-selective,39.9269,40.113384
N#CCC1(n2cc(C(N)=O)c(Nc3ccc(F)cc3)n2)CCN(C(=O)OCC2CCOC2)CC1,24.6,JAK1-selective,39.748154,38.457634
N#CCC1(n2cc(C(N)=O)c(Nc3ccc(F)cc3)n2)CCN(C(=O)OCC2CCOCC2)CC1,24.166666666666668,JAK1-selective,39.78432,38.621883
N#CCC1(n2cc(C(N)=O)c(Nc3ccc(F)cc3)n2)CCN(C(=O)OCCC(F)(F)F)CC1,32.333333333333336,JAK1-selective,40.389385,42.200466
N#CCC1(n2cc(C(N)=O)c(Nc3ccc(F)cc3)n2)CCN(C(=O)O[C@@H]2CCOC2)CC1,31.0,JAK1-selective,39.733425,38.38883
N#CCC1(n2cc(C(N)=O)c(Nc3ccc(F)cc3)n2)CCN(C(=O)O[C@H]2CCOC2)CC1,47.0,JAK1-selective,39.733364,38.38846
N#CCC1(n2cc(C(N)=O)c(Nc3ccc(F)cc3)n2)CCN(CC2CC2)CC1,22.365853658536587,JAK1-selective,36.60437,30.93753
N#CCC1(n2cc(C(N)=O)c(Nc3ccc(F)cc3)n2)CCN(CC2CCCCC2)CC1,35.166666666666664,JAK1-selective,36.57272,30.955698
N#CCC1(n2cc(C(N)=O)c(Nc3ccc(F)cc3)n2)CCN(CCF)CC1,5.9,JAK1-selective,37.848614,28.739992
N#CCC1(n2cc(C(N)=O)c(Nc3ccc(F)cc3)n2)CCN(Cc2cc(F)ccn2)CC1,26.666666666666668,JAK1-selective,38.405743,27.811993
N#CCC1(n2cc(C(N)=O)c(Nc3ccc(F)cc3)n2)CCN(Cc2cc3ccccc3[nH]2)CC1,64.0,JAK1-selective,37.391254,27.267881
N#CCC1(n2cc(C(N)=O)c(Nc3ccc(F)cc3)n2)CCN(Cc2ccc(F)cn2)CC1,36.5,JAK1-selective,38.377068,27.869574
N#CCC1(n2cc(C(N)=O)c(Nc3ccc(F)cc3)n2)CCN(Cc2ccc3[nH]ccc3c2)CC1,13.25,JAK1-selective,37.75697,26.510315
N#CCC1(n2cc(C(N)=O)c(Nc3ccc(F)cc3)n2)CCN(Cc2ccc3cc[nH]c3c2)CC1,23.0,JAK1-selective,37.764233,26.521679
N#CCC1(n2cc(C(N)=O)c(Nc3ccc(F)cc3)n2)CCN(Cc2cccc(F)n2)CC1,31.666666666666668,JAK1-selective,37.556587,27.500383
N#CCC1(n2cc(C(N)=O)c(Nc3ccc(F)cc3)n2)CCN(Cc2cccc3[nH]ccc23)CC1,20.0,JAK1-selective,37.665348,26.243088
N#CCC1(n2cc(C(N)=O)c(Nc3ccc(F)cc3)n2)CCN(Cc2cccc3cc[nH]c23)CC1,32.0,JAK1-selective,37.588356,26.52895
N#CCC1(n2cc(C(N)=O)c(Nc3ccc(F)cc3)n2)CCN(Cc2ccccc2)CC1,43.333333333333336,JAK1-selective,37.01523,27.311209
N#CCC1(n2cc(C(N)=O)c(Nc3ccc(F)cc3)n2)CCN(Cc2cccnc2)CC1,22.5,JAK1-selective,37.682243,27.580133
N#CCC1(n2cc(C(N)=O)c(Nc3ccc(F)cc3)n2)CCN(Cc2cccnn2)CC1,16.666666666666668,JAK1-selective,37.736164,27.62731
N#CCC1(n2cc(C(N)=O)c(Nc3ccc(F)cc3)n2)CCN(Cc2ccco2)CC1,28.0,JAK1-selective,37.735302,27.703644
N#CCC1(n2cc(C(N)=O)c(Nc3ccc(F)cc3)n2)CCN(Cc2ccnc3[nH]ccc23)CC1,21.75,JAK1-selective,37.97905,25.916878
N#CCC1(n2cc(C(N)=O)c(Nc3ccc(F)cc3)n2)CCN(Cc2ccon2)CC1,17.0,JAK1-selective,37.93495,27.823645
N#CCC1(n2cc(C(N)=O)c(Nc3ccc(F)cc3)n2)CCN(Cc2cncc(F)c2)CC1,14.5,JAK1-selective,38.216156,27.239317
N#CCC1(n2cc(C(N)=O)c(Nc3ccc(F)cc3)n2)CCN(Cc2cnccn2)CC1,25.0,JAK1-selective,38.375633,27.864695
N#CCC1(n2cc(C(N)=O)c(Nc3ccc(F)cc3)n2)CCN(c2cc(C(F)(F)F)ccn2)CC1,75.0,JAK1-selective,38.908497,32.90972
N#CCC1(n2cc(C(N)=O)c(Nc3ccc(F)cc3)n2)CCN(c2cc(F)cc(F)c2)CC1,22.333333333333332,JAK1-selective,39.924595,31.416029
N#CCC1(n2cc(C(N)=O)c(Nc3ccc(F)cc3)n2)CCN(c2cc(F)ccn2)CC1,30.0,JAK1-selective,40.49289,29.98021
N#CCC1(n2cc(C(N)=O)c(Nc3ccc(F)cc3)n2)CCN(c2ccc(C#N)cc2)CC1,15.0,JAK1-selective,39.83463,31.621862
N#CCC1(n2cc(C(N)=O)c(Nc3ccc(F)cc3)n2)CCN(c2ccc(C(F)(F)F)nc2)CC1,43.333333333333336,JAK1-selective,39.13771,32.93178
N#CCC1(n2cc(C(N)=O)c(Nc3ccc(F)cc3)n2)CCN(c2ccc(C(O)C(F)(F)F)cc2)CC1,37.0,JAK1-selective,39.915516,33.166206
N#CCC1(n2cc(C(N)=O)c(Nc3ccc(F)cc3)n2)CCN(c2ccc(F)c(F)c2)CC1,35.0,JAK1-selective,39.632786,31.535725
N#CCC1(n2cc(C(N)=O)c(Nc3ccc(F)cc3)n2)CCN(c2ccc(F)cc2)CC1,18.5,JAK1-selective,39.87487,31.352617
N#CCC1(n2cc(C(N)=O)c(Nc3ccc(F)cc3)n2)CCN(c2ccc(F)nc2)CC1,30.0,JAK1-selective,39.97434,31.224031
N#CCC1(n2cc(C(N)=O)c(Nc3ccc(F)cc3)n2)CCN(c2ccc(OC(F)F)cn2)CC1,30.0,JAK1-selective,41.142998,33.042965
N#CCC1(n2cc(C(N)=O)c(Nc3ccc(F)cc3)n2)CCN(c2ccc(OC(F)F)nc2)CC1,30.000000000000004,JAK1-selective,41.048325,32.955265
N#CCC1(n2cc(C(N)=O)c(Nc3ccc(F)cc3)n2)CCN(c2cccc(C#N)n2)CC1,29.666666666666668,JAK1-selective,41.046482,31.549467
N#CCC1(n2cc(C(N)=O)c(Nc3ccc(F)cc3)n2)CCN(c2cccc(C3CC3)c2)CC1,24.375,JAK1-selective,38.701385,31.431646
N#CCC1(n2cc(C(N)=O)c(Nc3ccc(F)cc3)n2)CCN(c2cccc(CF)n2)CC1,13.0,JAK1-selective,40.98024,31.401037
N#CCC1(n2cc(C(N)=O)c(Nc3ccc(F)cc3)n2)CCN(c2cccc(F)c2)CC1,24.0,JAK1-selective,40.29673,31.388666
N#CCC1(n2cc(C(N)=O)c(Nc3ccc(F)cc3)n2)CCN(c2cccc(F)n2)CC1,13.333333333333334,JAK1-selective,40.95894,31.398947
N#CCC1(n2cc(C(N)=O)c(Nc3ccc(F)cc3)n2)CCN(c2cccc(OCCO)n2)CC1,15.666666666666666,JAK1-selective,41.63336,32.145847
N#CCC1(n2cc(C(N)=O)c(Nc3ccc(F)cc3)n2)CCN(c2ccccn2)CC1,25.0,JAK1-selective,39.828857,29.891045
N#CCC1(n2cc(C(N)=O)c(Nc3ccc(F)cc3)n2)CCN(c2cccnc2)CC1,20.0,JAK1-selective,39.717037,30.166096
N#CCC1(n2cc(C(N)=O)c(Nc3ccc(F)cc3)n2)CCN(c2cccnc2F)CC1,10.0,JAK1-selective,39.846676,29.752476
N#CCC1(n2cc(C(N)=O)c(Nc3ccc(F)cc3)n2)CCN(c2ccnc3ccccc23)CC1,97.6,JAK1-selective,39.725143,29.631922
N#CCC1(n2cc(C(N)=O)c(Nc3ccc(F)cc3)n2)CCN(c2ccncc2)CC1,26.0,JAK1-selective,39.804554,30.817404
N#CCC1(n2cc(C(N)=O)c(Nc3ccc(F)cc3)n2)CCN(c2ccncn2)CC1,12.5,JAK1-selective,40.23677,30.262453
N#CCC1(n2cc(C(N)=O)c(Nc3ccc(F)cc3)n2)CCN(c2cncc(C#N)c2)CC1,33.333333333333336,JAK1-selective,39.836334,31.881052
N#CCC1(n2cc(C(N)=O)c(Nc3ccc(F)cc3)n2)CCN(c2cncc(C(F)(F)F)c2)CC1,54.0,JAK1-selective,39.070118,32.905464
N#CCC1(n2cc(C(N)=O)c(Nc3ccc(F)cc3)n2)CCN(c2cncc(F)c2)CC1,20.0,JAK1-selective,39.856834,31.679075
N#CCC1(n2cc(C(N)=O)c(Nc3ccc(F)cc3)n2)CCN(c2cncc3ccccc23)CC1,69.0,JAK1-selective,39.26036,30.20281
N#CCC1(n2cc(C(N)=O)c(Nc3ccc(F)cc3)n2)CCN(c2cncnc2)CC1,20.0,JAK1-selective,39.966904,31.332703
N#CCC1(n2cc(C(N)=O)c(Nc3ccc(F)cc3)n2)CCS(=O)(=O)CC1,16.26,JAK1-selective,34.9734,31.625654
N#CCC1(n2cc(C(N)=O)c(Nc3ccc(F)cc3)n2)CCSCC1,14.125,JAK1-selective,34.9583,31.600376
N#CCC1(n2cc(C(N)=O)c(Nc3ccc(OC4CCC4)nc3)n2)CCN(C(=O)OCC(F)F)CC1,15.0,JAK1-selective,38.69851,41.298397
N#CCC1(n2cc(C(N)=O)c(Nc3ccc(S(=O)(=O)C(F)(F)F)cc3)n2)CCN(C(=O)Nc2ccc(C#N)cc2)CC1,5.0,JAK1-selective,32.60965,43.42224
N#CCC1(n2cc(C(N)=O)c(Nc3ccc(S(=O)(=O)C(F)(F)F)cc3)n2)CCN(C(=O)OC2COC2)CC1,15.0,JAK1-selective,32.845562,43.567234
N#CCC1(n2cc(C(N)=O)c(Nc3ccc(S(=O)(=O)C(F)(F)F)cc3)n2)CCN(C(=O)OCC(F)(F)F)CC1,8.0,JAK1-selective,32.853363,43.584057
N#CCC1(n2cc(C(N)=O)c(Nc3ccc(S(=O)(=O)C(F)F)cc3)n2)CCC(N2CC(F)C2)CC1,7.762799276079078,JAK1-selective,29.919321,38.638454
N#CCC1(n2cc(C(N)=O)c(Nc3ccc(S(=O)(=O)C(F)F)cc3)n2)CCC(N2CCC(F)(F)CC2)CC1,20.0,JAK1-selective,29.952969,38.739937
N#CCC1(n2cc(C(N)=O)c(Nc3ccc(S(=O)(=O)C(F)F)cc3)n2)CCC(N2CCC(O)CC2)CC1,31.22428091617717,JAK1-selective,29.974457,38.7493
N#CCC1(n2cc(C(N)=O)c(Nc3ccc(S(=O)(=O)C(F)F)cc3)n2)CCC(NC2CCOCC2)CC1,16.4864323907014,JAK1-selective,29.113432,38.283764
N#CCC1(n2cc(C(N)=O)c(Nc3ccc(S(=O)(=O)C(F)F)cc3)n2)CCC(NCC(F)(F)F)CC1,18.933069491784696,JAK1-selective,29.114988,38.00113
N#CCC1(n2cc(C(N)=O)c(Nc3ccc(S(=O)(=O)C(F)F)cc3)n2)CCC(NCC(F)F)CC1,14.890895309731956,JAK1-selective,29.35443,37.963093
N#CCC1(n2cc(C(N)=O)c(Nc3ccc(S(=O)(=O)C(F)F)cc3)n2)CCC(Nc2ccc(O)cc2)CC1,5.142857142857143,JAK1-selective,29.356495,37.864994
N#CCC1(n2cc(C(N)=O)c(Nc3ccc(S(=O)(=O)C(F)F)cc3)n2)CCC(Nc2ccccc2)CC1,12.231111729511618,JAK1-selective,29.01361,37.42171
N#CCC1(n2cc(C(N)=O)c(Nc3ccc(S(=O)(=O)C(F)F)cc3)n2)CCC(Nc2ccccc2O)CC1,15.0,JAK1-selective,29.144474,37.60012
N#CCC1(n2cc(C(N)=O)c(Nc3ccc(S(=O)(=O)C(F)F)cc3)n2)CCC(Nc2cccnc2)CC1,24.22115876186511,JAK1-selective,29.05811,37.63421
N#CCC1(n2cc(C(N)=O)c(Nc3ccc([S+]([O-])C(F)F)cc3)n2)CCC(NC2CCCCC2)CC1,24.01610022798046,JAK1-selective,29.563425,36.60582
N#CCC1(n2cc(C(N)=O)c(Nc3ccc([S+]([O-])C(F)F)cc3)n2)CCC(Nc2ccc(O)cc2)CC1,6.0,JAK1-selective,29.473215,36.654343
N#CCC1(n2cc(C(N)=O)c(Nc3ccc([S+]([O-])C(F)F)cc3)n2)CCC(Nc2cccc(O)c2)CC1,22.803483562492886,JAK1-selective,29.33527,36.50654
N#CCC1(n2cc(C(N)=O)c(Nc3ccc([S+]([O-])C(F)F)cc3)n2)CCC(Nc2ccccc2O)CC1,14.75,JAK1-selective,29.32493,36.65456
N#CCC1(n2cc(C(N)=O)c(Nc3cccc(-c4cc[nH]n4)c3)n2)CCN(C(=O)OCC(F)(F)F)CC1,72.5,JAK1-selective,37.267925,44.698997
N#CCC1(n2cc(C(N)=O)c(Nc3cccc(Cn4nnc5ccccc54)c3)n2)CCN(C(=O)OCC(F)(F)F)CC1,46.0,JAK1-selective,37.122353,44.793446
N#CCC1(n2cc(C(N)=O)c(Nc3ccccc3)n2)CCCCC1,9.2,JAK1-selective,19.865662,51.78238
N#CCC1(n2cc(C(N)=O)c(Nc3ccccc3)n2)CCN(C(=O)/C=C/c2cccnc2)CC1,15.8,JAK1-selective,21.680267,48.525635
N#CCC1(n2cc(C(N)=O)c(Nc3ccccc3)n2)CCN(C(=O)C2CC2)CC1,16.0,JAK1-selective,21.305492,51.46744
N#CCC1(n2cc(C(N)=O)c(Nc3ccccc3)n2)CCN(C(=O)C2CCCCC2)CC1,22.0,JAK1-selective,21.232574,51.61792
N#CCC1(n2cc(C(N)=O)c(Nc3ccccc3)n2)CCN(C(=O)C2CCCO2)CC1,21.4,JAK1-selective,21.298628,51.71154
N#CCC1(n2cc(C(N)=O)c(Nc3ccccc3)n2)CCN(C(=O)CN2CCCC2=O)CC1,38.8,JAK1-selective,21.674723,49.885292
N#CCC1(n2cc(C(N)=O)c(Nc3ccccc3)n2)CCN(C(=O)CO)CC1,5.636363636363637,JAK1-selective,21.901678,49.712982
N#CCC1(n2cc(C(N)=O)c(Nc3ccccc3)n2)CCN(C(=O)Cc2ccc(C(F)(F)F)cc2)CC1,10.371428571428572,JAK1-selective,20.013817,46.791374
N#CCC1(n2cc(C(N)=O)c(Nc3ccccc3)n2)CCN(C(=O)Nc2ccc(C#N)cc2)CC1,30.0,JAK1-selective,21.339481,49.710587
N#CCC1(n2cc(C(N)=O)c(Nc3ccccc3)n2)CCN(C(=O)OC2CCCC2)CC1,50.0,JAK1-selective,22.634771,53.015144
N#CCC1(n2cc(C(N)=O)c(Nc3ccccc3)n2)CCN(C(=O)OC2CCCCC2)CC1,39.75,JAK1-selective,22.607155,53.018276
N#CCC1(n2cc(C(N)=O)c(Nc3ccccc3)n2)CCN(C(=O)OC2CCOC2)CC1,40.0,JAK1-selective,23.7663,54.828705
N#CCC1(n2cc(C(N)=O)c(Nc3ccccc3)n2)CCN(C(=O)OC2CCOCC2)CC1,34.333333333333336,JAK1-selective,23.77572,54.750248
N#CCC1(n2cc(C(N)=O)c(Nc3ccccc3)n2)CCN(C(=O)OC2Cc3ccccc3C2)CC1,27.666666666666668,JAK1-selective,23.673483,52.969337
N#CCC1(n2cc(C(N)=O)c(Nc3ccccc3)n2)CCN(C(=O)OCCN2CCOCC2)CC1,10.838709677419354,JAK1-selective,23.961683,54.734528
N#CCC1(n2cc(C(N)=O)c(Nc3ccccc3)n2)CCN(C(=O)OCc2cccc(F)c2)CC1,22.0,JAK1-selective,25.241331,53.05929
N#CCC1(n2cc(C(N)=O)c(Nc3ccccc3)n2)CCN(C(=O)OCc2ccccc2)CC1,28.333333333333332,JAK1-selective,24.829912,52.297165
N#CCC1(n2cc(C(N)=O)c(Nc3ccccc3)n2)CCN(C(=O)OCc2ccccc2F)CC1,20.0,JAK1-selective,25.123396,53.067627
N#CCC1(n2cc(C(N)=O)c(Nc3ccccc3)n2)CCN(C(=O)OCc2ccccn2)CC1,22.285714285714285,JAK1-selective,25.062996,52.177994
N#CCC1(n2cc(C(N)=O)c(Nc3ccccc3)n2)CCN(C(=O)OCc2cccnc2)CC1,19.0,JAK1-selective,25.162722,52.211346
N#CCC1(n2cc(C(N)=O)c(Nc3ccccc3)n2)CCN(C(=O)OCc2ccncc2)CC1,29.0,JAK1-selective,25.018679,52.230274
N#CCC1(n2cc(C(N)=O)c(Nc3ccccc3)n2)CCN(C(=O)c2cc3ccccc3[nH]2)CC1,29.333333333333332,JAK1-selective,23.017189,48.39871
N#CCC1(n2cc(C(N)=O)c(Nc3ccccc3)n2)CCN(C(=O)c2ccc(Cl)cc2)CC1,16.727272727272727,JAK1-selective,22.90099,46.780327
N#CCC1(n2cc(C(N)=O)c(Nc3ccccc3)n2)CCN(C(=O)c2ccc(N3CCOCC3)cc2)CC1,11.540983606557377,JAK1-selective,24.614717,47.336285
N#CCC1(n2cc(C(N)=O)c(Nc3ccccc3)n2)CCN(C(=O)c2ccc3ccccc3n2)CC1,27.666666666666668,JAK1-selective,22.757757,48.361977
N#CCC1(n2cc(C(N)=O)c(Nc3ccccc3)n2)CCN(C(=O)c2cccc(Cl)c2)CC1,15.75,JAK1-selective,22.922815,46.857075
N#CCC1(n2cc(C(N)=O)c(Nc3ccccc3)n2)CCN(C(=O)c2cccc(N3CCOCC3)c2)CC1,11.402173913043478,JAK1-selective,24.607002,47.326923
N#CCC1(n2cc(C(N)=O)c(Nc3ccccc3)n2)CCN(C(=O)c2cccc3ccccc23)CC1,12.5,JAK1-selective,22.858912,48.131123
N#CCC1(n2cc(C(N)=O)c(Nc3ccccc3)n2)CCN(C(=O)c2ccccc2)CC1,15.666666666666666,JAK1-selective,22.94978,48.13063
N#CCC1(n2cc(C(N)=O)c(Nc3ccccc3)n2)CCN(C(=O)c2ccccc2Cl)CC1,8.846153846153847,JAK1-selective,22.846857,47.02039
N#CCC1(n2cc(C(N)=O)c(Nc3ccccc3)n2)CCN(C(=O)c2ccccn2)CC1,20.666666666666668,JAK1-selective,22.140032,48.25182
N#CCC1(n2cc(C(N)=O)c(Nc3ccccc3)n2)CCN(C(=O)c2cccnc2)CC1,13.642857142857142,JAK1-selective,22.142277,47.946793
N#CCC1(n2cc(C(N)=O)c(Nc3ccccc3)n2)CCN(C(=O)c2cccs2)CC1,26.666666666666668,JAK1-selective,22.679836,48.337673
N#CCC1(n2cc(C(N)=O)c(Nc3ccccc3)n2)CCN(C(=O)c2ccncc2)CC1,15.9,JAK1-selective,22.581928,47.995865
N#CCC1(n2cc(C(N)=O)c(Nc3ccccc3)n2)CCN(C(=O)c2ccsc2)CC1,17.5,JAK1-selective,22.919382,48.090965
N#CCC1(n2cc(C(N)=O)c(Nc3ccccc3)n2)CCN(C(=O)c2cnccn2)CC1,23.583333333333332,JAK1-selective,21.87869,48.186726
N#CCC1(n2cc(C(N)=O)c(Nc3ccccc3)n2)CCN(C/C=C/c2ccccc2)CC1,10.947368421052632,JAK1-selective,19.42917,48.64616
N#CCC1(n2cc(C(N)=O)c(Nc3ccccc3)n2)CCN(CC#Cc2ccccc2)CC1,9.0,JAK1-selective,19.42233,48.629
N#CCC1(n2cc(C(N)=O)c(Nc3ccccc3)n2)CCN(CC2CCCCC2)CC1,21.266666666666666,JAK1-selective,20.419882,51.24246
N#CCC1(n2cc(C(N)=O)c(Nc3ccccc3)n2)CCN(Cc2c(Cl)cccc2Cl)CC1,12.444444444444445,JAK1-selective,17.39716,45.574474
N#CCC1(n2cc(C(N)=O)c(Nc3ccccc3)n2)CCN(Cc2c(F)ccc(F)c2F)CC1,15.714285714285715,JAK1-selective,18.319489,45.01994
N#CCC1(n2cc(C(N)=O)c(Nc3ccccc3)n2)CCN(Cc2c(F)cccc2F)CC1,16.25,JAK1-selective,18.367598,45.07006
N#CCC1(n2cc(C(N)=O)c(Nc3ccccc3)n2)CCN(Cc2cc3ccccc3o2)CC1,10.5,JAK1-selective,18.081896,46.792603
N#CCC1(n2cc(C(N)=O)c(Nc3ccccc3)n2)CCN(Cc2ccc(-c3ccccc3)cc2)CC1,7.666666666666667,JAK1-selective,17.360786,45.970398
N#CCC1(n2cc(C(N)=O)c(Nc3ccccc3)n2)CCN(Cc2ccc(C#N)cc2)CC1,8.379310344827585,JAK1-selective,17.490973,45.99984
N#CCC1(n2cc(C(N)=O)c(Nc3ccccc3)n2)CCN(Cc2ccc(C(F)(F)F)cc2)CC1,13.142857142857142,JAK1-selective,19.375963,46.36536
N#CCC1(n2cc(C(N)=O)c(Nc3ccccc3)n2)CCN(Cc2ccc(Cl)cc2F)CC1,14.666666666666666,JAK1-selective,17.928627,44.7644
N#CCC1(n2cc(C(N)=O)c(Nc3ccccc3)n2)CCN(Cc2ccc3c(c2)OCO3)CC1,9.75,JAK1-selective,17.638592,46.3006
N#CCC1(n2cc(C(N)=O)c(Nc3ccccc3)n2)CCN(Cc2cccc(F)c2)CC1,36.5,JAK1-selective,18.267714,45.210636
N#CCC1(n2cc(C(N)=O)c(Nc3ccccc3)n2)CCN(Cc2cccc(O)c2)CC1,20.0,JAK1-selective,17.717476,46.23037
N#CCC1(n2cc(C(N)=O)c(Nc3ccccc3)n2)CCN(Cc2cccc3ccccc23)CC1,14.584269662921349,JAK1-selective,18.07365,46.708252
N#CCC1(n2cc(C(N)=O)c(Nc3ccccc3)n2)CCN(Cc2ccccc2Cl)CC1,18.333333333333332,JAK1-selective,17.389158,45.585342
N#CCC1(n2cc(C(N)=O)c(Nc3ccccc3)n2)CCN(S(=O)(=O)C(F)(F)F)CC1,8.571428571428571,JAK1-selective,18.15379,50.258537
N#CCC1(n2cc(C(N)=O)c(Nc3ccccc3)n2)CCN(S(=O)(=O)C2CC2)CC1,7.5,JAK1-selective,17.845499,51.102406
N#CCC1(n2cc(C(N)=O)c(Nc3ccccc3)n2)CCOCC1,10.23076923076923,JAK1-selective,19.750763,52.81501
N#CCC1(n2cc(C(N)=O)c(Nc3ccccc3)n2)CN(C(=O)NC2CCCCC2)C1,31.4,JAK1-selective,20.969332,56.145836
N#CCC1(n2cc(C(N)=O)c(Nc3ccccc3)n2)CN(C(=O)Nc2cc(F)ccc2F)C1,31.6,JAK1-selective,16.016842,63.33368
N#CCC1(n2cc(C(N)=O)c(Nc3ccccc3)n2)CN(C(=O)Nc2ccc(C#N)cc2)C1,23.333333333333332,JAK1-selective,17.519138,59.705418
N#CCC1(n2cc(C(N)=O)c(Nc3ccccc3)n2)CN(C(=O)Nc2ccc(F)c(Cl)c2)C1,15.5,JAK1-selective,15.687688,63.375088
N#CCC1(n2cc(C(N)=O)c(Nc3ccccc3)n2)CN(C(=O)Nc2ccc(F)c(F)c2)C1,24.714285714285715,JAK1-selective,15.903561,63.338463
N#CCC1(n2cc(C(N)=O)c(Nc3ccccc3)n2)CN(C(=O)Nc2ccc(F)cc2F)C1,13.166666666666666,JAK1-selective,16.057407,63.325832
N#CCC1(n2cc(C(N)=O)c(Nc3ccccc3)n2)CN(C(=O)Nc2cccc(F)c2)C1,22.666666666666668,JAK1-selective,16.058846,63.272545
N#CCC1(n2cc(C(N)=O)c(Nc3ccccc3)n2)CN(C(=O)OC2CCCC2)C1,25.333333333333332,JAK1-selective,21.398228,56.27147
N#CCC1(n2cc(C(N)=O)c(Nc3ccccc3)n2)CN(C(=O)OC2CCCCC2)C1,33.285714285714285,JAK1-selective,21.388578,56.253685
N#CCC1(n2cc(C(N)=O)c(Nc3ccccc3)n2)CN(C(=O)OC2CCOC2)C1,20.4,JAK1-selective,23.328882,55.79863
N#CCC1(n2cc(C(N)=O)c(Nc3ccccc3)n2)CN(C(=O)OC2CCOCC2)C1,23.454545454545453,JAK1-selective,23.295597,55.84532
N#CCC1(n2cc(C(N)=O)c(Nc3ccccc3)n2)CN(C(=O)OCCCc2cccnc2)C1,9.88888888888889,JAK1-selective,21.253187,58.03237
N#CCC1(n2cc(C(N)=O)c(Nc3ccccc3)n2)CN(C(=O)OCCF)C1,13.5,JAK1-selective,21.687202,58.277195
N#CCC1(n2cc(C(N)=O)c(Nc3ccccc3)n2)CN(C(=O)OCCN2CCCC2=O)C1,7.877659574468085,JAK1-selective,22.19476,57.779694
N#CCC1(n2cc(C(N)=O)c(Nc3ccccc3)n2)CN(C(=O)OCCN2CCOCC2)C1,6.635135135135135,JAK1-selective,23.447096,56.1053
N#CCC1(n2cc(C(N)=O)c(Nc3ccccc3)n2)CN(C(=O)OCCc2ccccc2)C1,10.644736842105264,JAK1-selective,21.740482,58.29467
N#CCC1(n2cc(C(N)=O)c(Nc3ccccc3)n2)CN(C(=O)OCCc2ccccn2)C1,7.861111111111111,JAK1-selective,21.240875,58.063972
N#CCC1(n2cc(C(N)=O)c(Nc3ccccc3)n2)CN(C(=O)OCc2ccccc2)C1,23.818181818181817,JAK1-selective,21.72897,58.260376
N#CCC1(n2cc(C(N)=O)c(Nc3ccccc3)n2)CN(C(=O)OCc2cccnc2)C1,22.583333333333332,JAK1-selective,21.22396,58.006454
N#CCC1(n2cc(C(N)=O)c(Nc3ccccc3)n2)CN(C(=O)OCc2ccncc2)C1,18.57894736842105,JAK1-selective,21.456198,58.12502
N#CCC1(n2cc(C(N)=O)c(Nc3ccccc3)n2)CN(C(=O)c2ccccn2)C1,9.186440677966102,JAK1-selective,20.011078,57.99494
N#CCC1(n2cc(C(N)=O)c(Nc3ccccc3)n2)CN(CC(F)(F)F)C1,5.37037037037037,JAK1-selective,17.802237,56.32612
N#CCC1(n2cc(C(N)=O)c(Nc3ccccc3)n2)COC1,7.303030303030303,JAK1-selective,19.730083,52.8676
N#CCC1(n2cc(C(N)=O)c(Nc3cccnc3)n2)CCN(C(=O)OCC(F)(F)F)CC1,20.0,JAK1-selective,37.995823,43.934917
N#CCC1(n2cc(C(N)=O)c(Nc3ccnc(C4CC4)c3)n2)CCN(C(=O)OCC(F)F)CC1,33.5,JAK1-selective,56.77081,39.95772
N#CCC1(n2cc(C(N)=O)c(Nc3ccnc(F)c3)n2)CCC(N)CC1,23.833900725063497,JAK1-selective,64.453735,37.36962
N#CCC1(n2cc(C(N)=O)c(Nc3ccnc(F)c3)n2)CCC(N2CC(F)C2)CC1,30.64687438331835,JAK1-selective,63.93169,38.032944
N#CCC1(n2cc(C(N)=O)c(Nc3ccnc(F)c3)n2)CCC(N2CCC(O)CC2)CC1,13.008695652173913,JAK1-selective,63.89239,38.127903
N#CCC1(n2cc(C(N)=O)c(Nc3ccnc(F)c3)n2)CCC(N2CCC3C=CC=CC32)CC1,26.666666666666664,JAK1-selective,63.93285,38.072323
N#CCC1(n2cc(C(N)=O)c(Nc3ccnc(F)c3)n2)CCC(NC2CCCCC2)CC1,17.217695297138494,JAK1-selective,64.445595,36.506966
N#CCC1(n2cc(C(N)=O)c(Nc3ccnc(F)c3)n2)CCC(NCC(F)(F)F)CC1,15.986077252765627,JAK1-selective,65.05008,36.917385
N#CCC1(n2cc(C(N)=O)c(Nc3ccnc(F)c3)n2)CCC(NCC(F)F)CC1,40.30769230769231,JAK1-selective,65.026505,36.559402
N#CCC1(n2cc(C(N)=O)c(Nc3ccnc(F)c3)n2)CCC(NCC2CCCCC2)CC1,191.25,JAK1-selective,64.3299,36.44451
N#CCC1(n2cc(C(N)=O)c(Nc3ccnc(F)c3)n2)CCC(NCc2ccc(C#N)cc2)CC1,37.0,JAK1-selective,65.45995,36.363686
N#CCC1(n2cc(C(N)=O)c(Nc3ccnc(F)c3)n2)CCC(NCc2ccc(Cl)cc2)CC1,24.221304113526138,JAK1-selective,66.64581,34.723804
N#CCC1(n2cc(C(N)=O)c(Nc3ccnc(F)c3)n2)CCC(NCc2ccc(F)cc2)CC1,42.38709177679567,JAK1-selective,65.22432,35.556488
N#CCC1(n2cc(C(N)=O)c(Nc3ccnc(F)c3)n2)CCC(NCc2ccc(F)cc2F)CC1,24.608027077480063,JAK1-selective,65.097046,35.619194
N#CCC1(n2cc(C(N)=O)c(Nc3ccnc(F)c3)n2)CCC(NCc2ccc(O)cc2)CC1,47.4375,JAK1-selective,65.467476,36.40379
N#CCC1(n2cc(C(N)=O)c(Nc3ccnc(F)c3)n2)CCC(NCc2cccc(C#N)c2)CC1,31.533333333333335,JAK1-selective,66.15472,36.26578
N#CCC1(n2cc(C(N)=O)c(Nc3ccnc(F)c3)n2)CCC(NCc2cccc(Cl)c2)CC1,29.678294949910253,JAK1-selective,66.78853,35.212017
N#CCC1(n2cc(C(N)=O)c(Nc3ccnc(F)c3)n2)CCC(NCc2cccc(F)c2)CC1,34.45731063250801,JAK1-selective,66.07765,36.185936
N#CCC1(n2cc(C(N)=O)c(Nc3ccnc(F)c3)n2)CCC(NCc2cccc(O)c2)CC1,59.5,JAK1-selective,66.2201,36.305935
N#CCC1(n2cc(C(N)=O)c(Nc3ccnc(F)c3)n2)CCC(NCc2ccccc2)CC1,60.621901980611085,JAK1-selective,66.87179,36.58026
N#CCC1(n2cc(C(N)=O)c(Nc3ccnc(F)c3)n2)CCC(NCc2ccccc2Cl)CC1,50.33222238983275,JAK1-selective,66.84378,35.54076
N#CCC1(n2cc(C(N)=O)c(Nc3ccnc(F)c3)n2)CCC(NCc2ccccc2F)CC1,26.457466983198714,JAK1-selective,66.698944,36.601646
N#CCC1(n2cc(C(N)=O)c(Nc3ccnc(F)c3)n2)CCC(NCc2ccccc2O)CC1,39.0,JAK1-selective,66.57476,36.704773
N#CCC1(n2cc(C(N)=O)c(Nc3ccnc(F)c3)n2)CCC(NCc2ccccn2)CC1,30.26086956521739,JAK1-selective,66.38731,36.7342
N#CCC1(n2cc(C(N)=O)c(Nc3ccnc(F)c3)n2)CCC(NCc2cccnc2)CC1,37.607142857142854,JAK1-selective,66.14145,36.636078
N#CCC1(n2cc(C(N)=O)c(Nc3ccnc(F)c3)n2)CCC(NCc2ccncc2)CC1,11.674418604651162,JAK1-selective,65.40195,36.49334
N#CCC1(n2cc(C(N)=O)c(Nc3ccnc(F)c3)n2)CCC(NS(=O)(=O)c2cccc(F)c2)CC1,42.0,JAK1-selective,66.03892,37.490376
N#CCC1(n2cc(C(N)=O)c(Nc3ccnc(F)c3)n2)CCC(Nc2cc(F)ccc2F)CC1,25.357142857142858,JAK1-selective,65.049164,35.41926
N#CCC1(n2cc(C(N)=O)c(Nc3ccnc(F)c3)n2)CCC(Nc2ccc(Cl)cc2)CC1,31.830102584819564,JAK1-selective,66.50213,34.64552
N#CCC1(n2cc(C(N)=O)c(Nc3ccnc(F)c3)n2)CCC(Nc2ccc(F)c(F)c2)CC1,31.458920947724334,JAK1-selective,65.04148,35.736374
N#CCC1(n2cc(C(N)=O)c(Nc3ccnc(F)c3)n2)CCC(Nc2ccc(F)cc2)CC1,17.695015127854774,JAK1-selective,64.90986,35.2793
N#CCC1(n2cc(C(N)=O)c(Nc3ccnc(F)c3)n2)CCC(Nc2ccc(F)cc2F)CC1,33.333333333333336,JAK1-selective,64.98998,35.447784
N#CCC1(n2cc(C(N)=O)c(Nc3ccnc(F)c3)n2)CCC(Nc2cccc(Cl)c2)CC1,35.371286673411205,JAK1-selective,66.81092,35.257042
N#CCC1(n2cc(C(N)=O)c(Nc3ccnc(F)c3)n2)CCC(Nc2cccc(F)c2)CC1,35.474792427929636,JAK1-selective,66.1841,36.270573
N#CCC1(n2cc(C(N)=O)c(Nc3ccnc(F)c3)n2)CCC(Nc2ccccc2)CC1,10.0,JAK1-selective,66.95912,36.794666
N#CCC1(n2cc(C(N)=O)c(Nc3ccnc(F)c3)n2)CCC(Nc2ccccc2Cl)CC1,22.85216852365726,JAK1-selective,66.84911,35.437607
N#CCC1(n2cc(C(N)=O)c(Nc3ccnc(F)c3)n2)CCC(Nc2ccccc2F)CC1,23.97924640038184,JAK1-selective,66.69415,36.597015
N#CCC1(n2cc(C(N)=O)c(Nc3ccnc(F)c3)n2)CCC(Nc2ccccn2)CC1,30.416666666666668,JAK1-selective,66.46708,36.928936
N#CCC1(n2cc(C(N)=O)c(Nc3ccnc(F)c3)n2)CCN(C(=O)C(C2CCC2)C(F)(F)F)CC1,9.25,JAK1-selective,59.05795,42.270454
N#CCC1(n2cc(C(N)=O)c(Nc3ccnc(F)c3)n2)CCN(C(=O)C2(C(F)(F)F)CC2)CC1,20.0,JAK1-selective,58.406647,42.558296
N#CCC1(n2cc(C(N)=O)c(Nc3ccnc(F)c3)n2)CCN(C(=O)C2CC(F)(F)C2)CC1,50.0,JAK1-selective,58.392593,41.264915
N#CCC1(n2cc(C(N)=O)c(Nc3ccnc(F)c3)n2)CCN(C(=O)CC(F)(F)F)CC1,50.0,JAK1-selective,58.404415,42.70183
N#CCC1(n2cc(C(N)=O)c(Nc3ccnc(F)c3)n2)CCN(C(=O)CC2CC2)CC1,46.0,JAK1-selective,59.051758,40.817318
N#CCC1(n2cc(C(N)=O)c(Nc3ccnc(F)c3)n2)CCN(C(=O)CC2CCCO2)CC1,46.666666666666664,JAK1-selective,59.375675,40.723587
N#CCC1(n2cc(C(N)=O)c(Nc3ccnc(F)c3)n2)CCN(C(=O)CCC(F)(F)F)CC1,90.0,JAK1-selective,58.416325,42.703648
N#CCC1(n2cc(C(N)=O)c(Nc3ccnc(F)c3)n2)CCN(C(=O)Cn2ccnc2)CC1,38.5,JAK1-selective,58.246696,41.680077
N#CCC1(n2cc(C(N)=O)c(Nc3ccnc(F)c3)n2)CCN(C(=O)OC2CCOC2)CC1,42.22222222222222,JAK1-selective,59.322174,39.0512
N#CCC1(n2cc(C(N)=O)c(Nc3ccnc(F)c3)n2)CCN(C(=O)OC2CCOCC2)CC1,32.0,JAK1-selective,59.29289,39.09853
N#CCC1(n2cc(C(N)=O)c(Nc3ccnc(F)c3)n2)CCN(C(=O)OCC(F)(F)F)CC1,40.0,JAK1-selective,58.58891,42.94638
N#CCC1(n2cc(C(N)=O)c(Nc3ccnc(F)c3)n2)CCN(C(=O)OCC(F)F)CC1,71.42857142857142,JAK1-selective,57.09243,40.353233
N#CCC1(n2cc(C(N)=O)c(Nc3ccnc(F)c3)n2)CCN(C(=O)OCC2CC2)CC1,60.0,JAK1-selective,58.38124,40.198673
N#CCC1(n2cc(C(N)=O)c(Nc3ccnc(F)c3)n2)CCN(C(=O)O[C@@H]2CCOC2)CC1,33.333333333333336,JAK1-selective,59.321747,39.051216
N#CCC1(n2cc(C(N)=O)c(Nc3ccnc(F)c3)n2)CCN(C(=O)O[C@H]2CCOC2)CC1,55.0,JAK1-selective,59.322174,39.0512
N#CCC1(n2cc(C(N)=O)c(Nc3ccnc(F)c3)n2)CCN(CC2CCCCC2)CC1,57.0,JAK1-selective,60.75839,41.224167
N#CCC1(n2cc(C(N)=O)c(Nc3ccnc(F)c3)n2)CCN(CCc2ccccc2)CC1,39.0,JAK1-selective,62.720295,50.21148
N#CCC1(n2cc(C(N)=O)c(Nc3ccnc(F)c3)n2)CCN(Cc2cc3ccccc3[nH]2)CC1,70.0,JAK1-selective,62.469013,49.372128
N#CCC1(n2cc(C(N)=O)c(Nc3ccnc(F)c3)n2)CCN(Cc2cc3ccccn3n2)CC1,20.375,JAK1-selective,63.139366,49.720882
N#CCC1(n2cc(C(N)=O)c(Nc3ccnc(F)c3)n2)CCN(Cc2ccc(C#N)cc2)CC1,45.0,JAK1-selective,60.44265,49.789177
N#CCC1(n2cc(C(N)=O)c(Nc3ccnc(F)c3)n2)CCN(Cc2ccc(Cl)cc2)CC1,40.0,JAK1-selective,60.55729,50.835697
N#CCC1(n2cc(C(N)=O)c(Nc3ccnc(F)c3)n2)CCN(Cc2ccc(F)cc2)CC1,40.0,JAK1-selective,60.088795,49.378326
N#CCC1(n2cc(C(N)=O)c(Nc3ccnc(F)c3)n2)CCN(Cc2ccc(F)cn2)CC1,48.5,JAK1-selective,60.126225,48.326088
N#CCC1(n2cc(C(N)=O)c(Nc3ccnc(F)c3)n2)CCN(Cc2ccc(O)cc2)CC1,60.0,JAK1-selective,60.50765,49.64977
N#CCC1(n2cc(C(N)=O)c(Nc3ccnc(F)c3)n2)CCN(Cc2ccc(O)nc2)CC1,80.0,JAK1-selective,60.621387,49.004566
N#CCC1(n2cc(C(N)=O)c(Nc3ccnc(F)c3)n2)CCN(Cc2ccc3[nH]ccc3c2)CC1,15.5,JAK1-selective,62.439064,47.922928
N#CCC1(n2cc(C(N)=O)c(Nc3ccnc(F)c3)n2)CCN(Cc2cccc(=O)[nH]2)CC1,68.0,JAK1-selective,61.96842,48.95049
N#CCC1(n2cc(C(N)=O)c(Nc3ccnc(F)c3)n2)CCN(Cc2cccc(C#N)c2)CC1,36.666666666666664,JAK1-selective,61.486237,49.904728
N#CCC1(n2cc(C(N)=O)c(Nc3ccnc(F)c3)n2)CCN(Cc2cccc(Cl)c2)CC1,25.0,JAK1-selective,60.978462,50.790955
N#CCC1(n2cc(C(N)=O)c(Nc3ccnc(F)c3)n2)CCN(Cc2cccc(F)c2)CC1,42.857142857142854,JAK1-selective,61.481888,49.78173
N#CCC1(n2cc(C(N)=O)c(Nc3ccnc(F)c3)n2)CCN(Cc2cccc(F)n2)CC1,41.5,JAK1-selective,61.90459,49.225616
N#CCC1(n2cc(C(N)=O)c(Nc3ccnc(F)c3)n2)CCN(Cc2cccc(O)c2)CC1,25.0,JAK1-selective,61.60718,49.793198
N#CCC1(n2cc(C(N)=O)c(Nc3ccnc(F)c3)n2)CCN(Cc2cccc3cc[nH]c23)CC1,58.57142857142858,JAK1-selective,62.624596,48.239258
N#CCC1(n2cc(C(N)=O)c(Nc3ccnc(F)c3)n2)CCN(Cc2cccc3ccnn23)CC1,40.5,JAK1-selective,61.84198,48.813213
N#CCC1(n2cc(C(N)=O)c(Nc3ccnc(F)c3)n2)CCN(Cc2ccccc2)CC1,60.0,JAK1-selective,61.982826,50.385544
N#CCC1(n2cc(C(N)=O)c(Nc3ccnc(F)c3)n2)CCN(Cc2ccccc2C#N)CC1,43.333333333333336,JAK1-selective,62.267437,49.623405
N#CCC1(n2cc(C(N)=O)c(Nc3ccnc(F)c3)n2)CCN(Cc2ccccc2Cl)CC1,35.0,JAK1-selective,61.45575,50.725094
N#CCC1(n2cc(C(N)=O)c(Nc3ccnc(F)c3)n2)CCN(Cc2ccccc2F)CC1,33.333333333333336,JAK1-selective,62.460625,49.702885
N#CCC1(n2cc(C(N)=O)c(Nc3ccnc(F)c3)n2)CCN(Cc2cccnc2)CC1,25.0,JAK1-selective,61.376514,49.499752
N#CCC1(n2cc(C(N)=O)c(Nc3ccnc(F)c3)n2)CCN(Cc2cccnc2F)CC1,60.0,JAK1-selective,61.94051,49.09668
N#CCC1(n2cc(C(N)=O)c(Nc3ccnc(F)c3)n2)CCN(Cc2cccnn2)CC1,24.166666666666668,JAK1-selective,61.674282,48.93596
N#CCC1(n2cc(C(N)=O)c(Nc3ccnc(F)c3)n2)CCN(Cc2ccco2)CC1,35.714285714285715,JAK1-selective,61.549545,48.567978
N#CCC1(n2cc(C(N)=O)c(Nc3ccnc(F)c3)n2)CCN(Cc2ccn[nH]2)CC1,13.0,JAK1-selective,61.256325,48.307224
N#CCC1(n2cc(C(N)=O)c(Nc3ccnc(F)c3)n2)CCN(Cc2ccnc3[nH]ccc23)CC1,36.0,JAK1-selective,62.811737,47.52273
N#CCC1(n2cc(C(N)=O)c(Nc3ccnc(F)c3)n2)CCN(Cc2ccon2)CC1,47.0,JAK1-selective,61.02635,48.05634
N#CCC1(n2cc(C(N)=O)c(Nc3ccnc(F)c3)n2)CCN(Cc2cn3ccccc3n2)CC1,12.064516129032258,JAK1-selective,62.776127,49.57344
N#CCC1(n2cc(C(N)=O)c(Nc3ccnc(F)c3)n2)CCN(Cc2cn[nH]c2)CC1,11.666666666666666,JAK1-selective,60.082684,49.02271
N#CCC1(n2cc(C(N)=O)c(Nc3ccnc(F)c3)n2)CCN(Cc2cncc(F)c2)CC1,25.0,JAK1-selective,60.465687,48.862076
N#CCC1(n2cc(C(N)=O)c(Nc3ccnc(F)c3)n2)CCN(Cc2cnccn2)CC1,46.66666666666667,JAK1-selective,60.633,48.3277
N#CCC1(n2cc(C(N)=O)c(Nc3ccnc(F)c3)n2)CCN(Cc2cnn3ccccc23)CC1,29.58823529411765,JAK1-selective,63.433647,49.80473
N#CCC1(n2cc(C(N)=O)c(Nc3ccnc(F)c3)n2)CCN(Cc2cocn2)CC1,19.5,JAK1-selective,61.0403,48.027958
N#CCC1(n2cc(C(N)=O)c(Nc3ccnc(F)c3)n2)CCN(Cc2cscn2)CC1,34.666666666666664,JAK1-selective,60.91708,48.248775
N#CCC1(n2cc(C(N)=O)c(Nc3ccnc(F)c3)n2)CCN(Cc2nc3ccccc3[nH]2)CC1,35.611111111111114,JAK1-selective,62.463337,49.403652
N#CCC1(n2cc(C(N)=O)c(Nc3ccnc(F)c3)n2)CCN(Cc2ncco2)CC1,24.333333333333332,JAK1-selective,61.03891,47.901268
N#CCC1(n2cc(C(N)=O)c(Nc3cncc(Cl)c3)n2)CCN(C(=O)OCC(F)(F)F)CC1,37.5,JAK1-selective,38.2999,43.733017
N#CCC1(n2cc(C(N)=O)c(Nc3cncc(F)c3)n2)CCN(C(=O)CC(F)(F)F)CC1,11.666666666666666,JAK1-selective,38.803135,43.50871
N#CCC1(n2cc(C(N)=O)c(Nc3cncc(F)c3)n2)CCN(C(=O)OCC(F)(F)F)CC1,30.000000000000004,JAK1-selective,38.52722,43.67697
N#CCC1(n2cc(C(N)=O)c(Nc3cncc(F)c3)n2)CCN(C(=O)OCC(F)F)CC1,19.0,JAK1-selective,38.845165,41.811043
N#CCC1(n2ccc(-c3ncnc4[nH]ccc34)c2)CN(C2CCN(C(=O)Nc3ccc(F)cc3C(F)(F)F)CC2)C1,6.123726677857807,JAK1-selective,-55.233234,43.585682
N#CCC1(n2ccc(-c3ncnc4[nH]ccc34)c2)CN(C2CCN(C(=O)Nc3ccc(F)cc3F)CC2)C1,6.0,JAK1-selective,-54.618847,43.681183
N#CCC1(n2ccc(-c3ncnc4[nH]ccc34)c2)CN(C2CCN(C(=O)Nc3ccccc3C#N)CC2)C1,6.0,JAK1-selective,-54.207737,43.180267
N#CCC1(n2ccc(-c3ncnc4[nH]ccc34)c2)CN(C2CCN(C(=O)Nc3cnccc3C(F)(F)F)CC2)C1,7.5,JAK1-selective,-55.69269,43.580418
N#CCC1(n2ccc(-c3ncnc4[nH]ccc34)c2)CN(C2CCN(C(=O)c3cc(F)cc(C#N)c3)CC2)C1,6.123726677857807,JAK1-selective,-54.791485,46.629898
N#CCC1(n2nc(Nc3ccc(C#N)cc3)c3c(=O)[nH]ccc32)CCCC1,6.362068965517242,JAK1-selective,37.708363,-47.15821
N#CCC1(n2nc(Nc3ccc(C(F)(F)F)cc3)c3c(=O)[nH]ccc32)CCC(O)CC1,20.434782608695652,JAK1-selective,34.93131,-48.171444
N#CCC1(n2nc(Nc3ccc(C(F)(F)F)cc3)c3c(=O)[nH]ccc32)CCC2(CC1)OCCO2,10.964467005076143,JAK1-selective,36.43032,-46.08692
N#CCC1(n2nc(Nc3ccc(Cl)cc3)c3c(=O)[nH]ccc32)CCC(O)CC1,7.116451016635859,JAK1-selective,35.583706,-51.66152
N#CCC1(n2nc(Nc3ccc(F)cc3)c3c(=O)[nH]ccc32)CCN(C(=O)C2CC2)CC1,21.11111111111111,JAK1-selective,38.582027,-36.81693
N#CCC1(n2nc(Nc3ccc4c(c3)COC4=O)c3c(=O)[nH]ccc32)CCCC1,10.037037037037036,JAK1-selective,39.840416,-47.029453
N#CCC12CCC(NC(=O)Cc3nc4cnc5[nH]ccc5c4n3[C@H]3CC[C@H](CC#N)CC3)(CC1)C2,6.5,JAK1-selective,-42.20451,11.79239
N#CCC12CCC(n3c(CC(=O)N4CCCCC4)nc4cnc5[nH]ccc5c43)(CC1)CC2,91.88679245283019,JAK1-selective,-39.118267,12.979861
N#CCC12CCC(n3c(CC(=O)NCC4CCCCC4)nc4cnc5[nH]ccc5c43)(CC1)CC2,58.15789473684211,JAK1-selective,-39.611458,12.875945
N#CCC12CCC(n3c(CC(=O)Nc4ccccc4)nc4cnc5[nH]ccc5c43)(CC1)CC2,29.11764705882353,JAK1-selective,-38.92343,12.969672
N#CCC12CCC(n3c(CC(N)=O)nc4cnc5[nH]ccc5c43)(CC1)CC2,37.5,JAK1-selective,-39.095562,12.956676
N#CCC1CCC(CO)(n2cnc3cnc4ccsc4c32)CC1,10.0,JAK1-selective,-65.35226,7.6037965
N#CCC1CCC(n2c(-c3c[nH]cn3)nc3cnc4[nH]ccc4c32)CC1,5.0,JAK1-selective,-35.48563,1.5385659
N#CCC1CCC(n2c(CC(=O)NC34CCC(CC#N)(CC3)C4)nc3cnc4[nH]ccc4c32)CC1,6.5,JAK1-selective,-42.204704,11.79229
N#CCC1CCC(n2c(CC(=O)NC3CCOCC3)nc3cnc4[nH]ccc4c32)CC1,7.000000000000001,JAK1-selective,-44.700447,13.64336
N#CCC1CCC(n2c(CC(=O)NCC3(O)CC3)nc3cnc4[nH]ccc4c32)CC1,10.444444444444445,JAK1-selective,-42.541542,11.152001
N#CCC1CCC(n2c(CC(=O)NCC3(O)CCC3)nc3cnc4[nH]ccc4c32)CC1,17.5,JAK1-selective,-41.759045,10.965494
N#CCC1CCC(n2c(CC(=O)NCC3CC3)nc3cnc4[nH]ccc4c32)CC1,31.0,JAK1-selective,-43.822536,8.552467
N#CCCC(=O)NCc1nc2cnc3[nH]ccc3c2n1[C@H]1CC[C@H](CC#N)CC1,53.50000000000001,JAK1-selective,-42.693497,7.24126
N#CCCCN1CCC(CC#N)(n2cc(C(N)=O)c(Nc3ccccc3)n2)CC1,6.826086956521739,JAK1-selective,19.427443,48.65337
N#CCCCN1CN([C@H]2CC[C@H](CNCC(F)(F)F)CC2)c2c(cnc3[nH]ccc23)C1=O,10.588235294117647,JAK1-selective,-38.24033,-10.855215
N#CCCN1CCN(C[C@H]2CC[C@H](N3CN(C4CC4)C(=O)c4cnc5[nH]ccc5c43)CC2)CC1,7.181818181818182,JAK1-selective,-39.336308,-14.463777
N#CCCN1CCN(C[C@H]2CC[C@H](c3nnn4cnc5[nH]ccc5c34)CC2)CC1,23.75,JAK1-selective,-38.652412,-49.403194
N#CCCN1[C@@H]2CC[C@H]1CN(c1ccnc(Nc3cn[nH]c3)n1)C2,10.68421052631579,JAK1-selective,7.8844213,8.662126
N#CCCNC(=O)Cc1nc2cnc3[nH]ccc3c2n1C1CCC(CC#N)CC1,65.99999999999999,JAK1-selective,-43.987663,8.541917
N#CCCNC(=O)Cc1nc2cnc3[nH]ccc3c2n1[C@H]1CC[C@H](CC#N)CC1,65.99999999999999,JAK1-selective,-43.987663,8.541917
N#CCCNC(=O)[C@H]1CC[C@H](c2nnn3cnc4[nH]ccc4c23)CC1,10.0,JAK1-selective,-33.431152,-47.610706
N#CCCNC(=O)c1nc2cnc3[nH]ccc3c2n1[C@H]1CC[C@H](CC#N)CC1,20.999999999999996,JAK1-selective,-44.055645,5.471281
N#CCCNC[C@H]1CC[C@H](c2nnn3cnc4[nH]ccc4c23)CC1,5.531914893617021,JAK1-selective,-36.854107,-47.373608
N#CCCN[C@H]1CC[C@H](c2nnn3cnc4[nH]ccc4c23)CC1,6.0,JAK1-selective,-35.820915,-43.202927
N#CCCS(=O)(=O)NCc1nc2cnc3[nH]ccc3c2n1[C@H]1CC[C@H](CC#N)CC1,70.99999999999999,JAK1-selective,-37.91354,-1.0499716
N#CCC[C@H]1CC[C@H](n2c(=O)[nH]c(=O)c3cnc4[nH]ccc4c32)CC1,12.5,JAK1-selective,-33.903854,-2.3326998
N#CCCn1cc(-c2ccc(Nc3nn([C@H]4CCCC[C@@H]4C#N)c4cc[nH]c(=O)c34)cc2)cn1,16.923076923076923,JAK1-selective,9.120758,-72.66156
N#CCCn1ccc(-c2ccc(Nc3nn([C@@H](CC#N)C4CC4)c4cc[nH]c(=O)c34)cc2Cl)n1,15.25,JAK1-selective,3.7232285,-39.38421
N#CCN(CC1CC1)C[C@H]1CC[C@H](c2nnn3cnc4[nH]ccc4c23)CC1,13.68421052631579,JAK1-selective,-37.033714,-46.741184
N#CCN1CN(C2CCCCC2)c2c(cnc3[nH]ccc23)C1=O,6.857142857142857,JAK1-selective,-38.670006,-14.69503
N#CCN1CN([C@H]2CC[C@H](CF)CC2)c2c(cnc3[nH]ccc23)C1=O,5.454545454545454,JAK1-selective,-39.102303,-13.142378
N#CCN1CN([C@H]2CC[C@H](CNC3(C(F)(F)F)CC3)CC2)c2c(cnc3[nH]ccc23)C1=O,7.894736842105264,JAK1-selective,-38.54751,-11.319376
N#CCN1CN([C@H]2CC[C@H](CNC3CC3)CC2)c2c(cnc3[nH]ccc23)C1=O,23.076923076923077,JAK1-selective,-39.304234,-13.005255
N#CCN1CN([C@H]2CC[C@H](CNCC(F)(F)F)CC2)c2c(cnc3[nH]ccc23)C1=O,7.2727272727272725,JAK1-selective,-38.234272,-10.86591
N#CCN1CN([C@H]2CC[C@H](CNCC(F)F)CC2)c2c(cnc3[nH]ccc23)C1=O,10.74074074074074,JAK1-selective,-38.60894,-12.764954
N#CCN1CN([C@H]2CC[C@H](CO)CC2)c2c(cnc3[nH]ccc23)C1=O,8.571428571428571,JAK1-selective,-39.087982,-13.370804
N#CCNC(=O)[C@H]1CC[C@H](c2nnn3cnc4[nH]ccc4c23)CC1,7.857142857142857,JAK1-selective,-33.590435,-47.73062
N#CCNC[C@H]1CC[C@H](N2CN(C3CC3)C(=O)c3cnc4[nH]ccc4c32)CC1,5.0,JAK1-selective,-39.121506,-13.475762
N#CCNC[C@H]1CC[C@H](N2CN(CC(F)(F)F)C(=O)c3cnc4[nH]ccc4c32)CC1,13.75,JAK1-selective,-38.3999,-10.952799
N#CCOc1ccc(CN2CCC(c3nnn4cnc5[nH]ccc5c34)CC2)cc1,7.916666666666667,JAK1-selective,-43.972282,-56.5196
N#CC[C@@H](C1CC1)n1nc(Nc2ccc(-c3cnco3)cc2)c2c(=O)[nH]ccc21,11.526315789473685,JAK1-selective,1.2024264,-43.47705
N#CC[C@@H](C1CC1)n1nc(Nc2ccc(-c3ncco3)cc2)c2c(=O)[nH]ccc21,11.291666666666666,JAK1-selective,1.2905163,-43.46362
N#CC[C@@H](C1CC1)n1nc(Nc2ccc(C#N)cc2)c2c(=O)[nH]ccc21,5.6,JAK1-selective,1.1740589,-43.49542
N#CC[C@@H](C1CC1)n1nc(Nc2ccc(C(=O)O)cc2)c2c(=O)[nH]ccc21,22.46153846153846,JAK1-selective,0.80409473,-44.129753
N#CC[C@@H](C1CC1)n1nc(Nc2ccc(C(F)(F)F)cc2)c2c(=O)[nH]ccc21,6.3076923076923075,JAK1-selective,-1.6728692,-41.139065
N#CC[C@@H](C1CC1)n1nc(Nc2ccc(C(O)C(F)(F)F)c(Cl)c2)c2c(=O)[nH]ccc21,8.090488372093024,JAK1-selective,1.5751442,-40.373047
N#CC[C@@H](C1CC1)n1nc(Nc2ccc(C(O)C(F)(F)F)c(F)c2)c2c(=O)[nH]ccc21,7.036868020616027,JAK1-selective,2.0096035,-40.501656
N#CC[C@@H](C1CC1)n1nc(Nc2ccc(C3(C(F)(F)F)CC3)cc2)c2c(=O)[nH]ccc21,5.105769230769231,JAK1-selective,-1.2770512,-42.079987
N#CC[C@@H](C1CC1)n1nc(Nc2ccc(Cl)cc2)c2c(=O)[nH]ccc21,9.702702702702704,JAK1-selective,1.7729824,-42.898487
N#CC[C@@H](C1CC1)n1nc(Nc2ccc3c(c2)CCC3=O)c2c(=O)[nH]ccc21,5.346153846153846,JAK1-selective,3.4878316,-37.884586
N#CC[C@@H](C1CC1)n1nc(Nc2ccc3c(c2)CCO3)c2c(=O)[nH]ccc21,5.027027027027027,JAK1-selective,4.2807665,-38.463276
N#CC[C@@H](C1CC1)n1nc(Nc2ccc3c(c2)CCS3(=O)=O)c2c(=O)[nH]ccc21,7.2,JAK1-selective,3.6876388,-36.144135
N#CC[C@@H](C1CC1)n1nc(Nc2ccc3c(c2)CN(C2CCCC2)C3=O)c2c(=O)[nH]ccc21,5.0,JAK1-selective,2.4516854,-36.160557
N#CC[C@@H](C1CC1)n1nc(Nc2ccc3c(c2)CN(C2CCCCC2)C3=O)c2c(=O)[nH]ccc21,6.875,JAK1-selective,2.440497,-36.137917
N#CC[C@@H](C1CC1)n1nc(Nc2ccc3c(c2)CN(C2CCCCC2)S3(=O)=O)c2c(=O)[nH]ccc21,8.9,JAK1-selective,3.5249438,-35.396954
N#CC[C@@H](C1CC1)n1nc(Nc2ccc3c(c2)CN(CC(F)(F)F)C3=O)c2c(=O)[nH]ccc21,5.153846153846154,JAK1-selective,1.6211001,-38.513775
N#CC[C@@H](C1CC1)n1nc(Nc2ccc3c(c2)CN(Cc2ccccc2)S3(=O)=O)c2c(=O)[nH]ccc21,17.333333333333332,JAK1-selective,3.4837232,-34.81835
N#CC[C@@H](C1CC1)n1nc(Nc2ccc3nc(N4CCOCC4)ccc3c2)c2c(=O)[nH]ccc21,12.75,JAK1-selective,5.2892103,-38.802456
N#CC[C@@H](C1CC1)n1nc(Nc2ccc3ncccc3c2)c2c(=O)[nH]ccc21,12.0,JAK1-selective,4.659931,-39.425514
N#CC[C@@H](C1CC1)n1nc(Nc2ccnc(F)c2)c2c(=O)[nH]ccc21,6.73469387755102,JAK1-selective,7.076271,-38.19011
N#CC[C@@]1(n2nc(Nc3cc(F)c4nccc(Cl)c4c3)c3c(=O)[nH]ccc32)CCOC1,15.105740181268882,JAK1-selective,39.77867,-49.735867
N#CC[C@@]1(n2nc(Nc3ccc(C#N)cc3)c3c(=O)[nH]ccc32)CCOC1,7.292576419213973,JAK1-selective,38.121845,-48.018986
N#CC[C@@]1(n2nc(Nc3ccc(C4(C(F)(F)F)CC4)cc3)c3c(=O)[nH]ccc32)CCCOC1,8.333333333333334,JAK1-selective,36.57975,-45.58252
N#CC[C@@]1(n2nc(Nc3ccc(Cl)cc3)c3c(=O)[nH]ccc32)CCOC1,8.931297709923664,JAK1-selective,37.855263,-49.329193
N#CC[C@@]1(n2nc(Nc3ccc4c(c3)CN(C3CCCC3)C4=O)c3c(=O)[nH]ccc32)CCCOC1,8.692307692307692,JAK1-selective,40.76119,-47.321857
N#CC[C@@]1(n2nc(Nc3ccc4nccc(F)c4c3)c3c(=O)[nH]ccc32)CCOC1,10.763358778625953,JAK1-selective,39.88504,-49.55362
N#CC[C@@]1(n2nc(Nc3ccccc3)c3c(=O)[nH]ccc32)CCCOC1,12.772727272727273,JAK1-selective,38.236652,-48.009544
N#CC[C@H]1CC[C@H](NC(=O)Cc2nc3cnc4[nH]ccc4c3n2[C@H]2CC[C@H](CC#N)CC2)CC1,23.999999999999996,JAK1-selective,-44.99715,9.981498
N#CC[C@H]1CC[C@H](c2nnn3cnc4[nH]ccc4c23)CC1,22.727272727272727,JAK1-selective,-37.176777,-46.690716
N#CC[C@H]1CC[C@H](n2/c(=N/C#N)[nH]c3cnc4ccsc4c32)CC1,10.0,JAK1-selective,-64.86876,8.547476
N#CC[C@H]1CC[C@H](n2c(-c3c[nH]cn3)nc3cnc4[nH]ccc4c32)CC1,5.0,JAK1-selective,-35.485645,1.5386
N#CC[C@H]1CC[C@H](n2c(-c3cc[nH]n3)nc3cnc4[nH]ccc4c32)CC1,5.666666666666667,JAK1-selective,-34.536682,1.5969732
N#CC[C@H]1CC[C@H](n2c(-c3ccc(C#N)cc3)nc3cnc4[nH]ccc4c32)CC1,67.6,JAK1-selective,-34.639282,2.2779703
N#CC[C@H]1CC[C@H](n2c(-c3ccc(C#N)nc3)nc3cnc4[nH]ccc4c32)CC1,122.00000000000001,JAK1-selective,-34.77554,2.1227818
N#CC[C@H]1CC[C@H](n2c(-c3ccc(C(=O)c4ccc(CO)cc4)cc3)nc3cnc4[nH]ccc4c32)CC1,16.28571428571429,JAK1-selective,-43.78071,4.2039437
N#CC[C@H]1CC[C@H](n2c(-c3ccc(C(=O)c4ccccc4)cc3)nc3cnc4[nH]ccc4c32)CC1,29.249999999999996,JAK1-selective,-44.21721,3.7571461
N#CC[C@H]1CC[C@H](n2c(-c3ccc(S(F)(F)(F)(F)F)cc3)nc3cnc4[nH]ccc4c32)CC1,42.77777777777778,JAK1-selective,-35.101116,2.0862305
N#CC[C@H]1CC[C@H](n2c(-c3cccnc3N)nc3cnc4[nH]ccc4c32)CC1,22.216216216216218,JAK1-selective,-34.657227,0.5568576
N#CC[C@H]1CC[C@H](n2c(-c3ccnc(N)n3)nc3cnc4[nH]ccc4c32)CC1,16.0,JAK1-selective,-35.144093,0.66286457
N#CC[C@H]1CC[C@H](n2c(-c3cn[nH]n3)nc3cnc4[nH]ccc4c32)CC1,11.999999999999998,JAK1-selective,-35.390404,1.6558474
N#CC[C@H]1CC[C@H](n2c(-c3cnc(N)nc3)nc3cnc4[nH]ccc4c32)CC1,16.0,JAK1-selective,-35.168026,1.5200912
N#CC[C@H]1CC[C@H](n2c(-c3cncs3)nc3cnc4[nH]ccc4c32)CC1,12.571428571428573,JAK1-selective,-35.38961,1.8584877
N#CC[C@H]1CC[C@H](n2c(-c3cnn(CC(=O)NC4CC4)c3)nc3cnc4[nH]ccc4c32)CC1,9.428571428571429,JAK1-selective,-46.1281,4.6234136
N#CC[C@H]1CC[C@H](n2c(-c3cnn(Cc4cocn4)c3)nc3cnc4[nH]ccc4c32)CC1,9.444444444444445,JAK1-selective,-35.11373,2.945826
N#CC[C@H]1CC[C@H](n2c(-c3cocn3)nc3cnc4[nH]ccc4c32)CC1,8.0,JAK1-selective,-35.48763,2.0037932
N#CC[C@H]1CC[C@H](n2c(-c3n[nH]cc3Cl)nc3cnc4[nH]ccc4c32)CC1,27.5,JAK1-selective,-33.87176,1.5721714
N#CC[C@H]1CC[C@H](n2c(-c3ncc[nH]3)nc3cnc4[nH]ccc4c32)CC1,9.499999999999998,JAK1-selective,-35.356457,1.3267608
N#CC[C@H]1CC[C@H](n2c(-c3nn[nH]n3)nc3cnc4[nH]ccc4c32)CC1,7.333333333333334,JAK1-selective,-35.097404,2.037285
N#CC[C@H]1CC[C@H](n2c(C(=O)N3CCC(C#N)CC3)nc3cnc4[nH]ccc4c32)CC1,59.629629629629626,JAK1-selective,-50.13804,11.955531
N#CC[C@H]1CC[C@H](n2c(C(=O)N3CCC(O)(c4ccccc4)C3)nc3cnc4[nH]ccc4c32)CC1,20.0,JAK1-selective,-51.399776,11.851834
N#CC[C@H]1CC[C@H](n2c(C(=O)N3CCC(O)(c4ccccn4)CC3)nc3cnc4[nH]ccc4c32)CC1,108.49999999999999,JAK1-selective,-51.377132,11.866004
N#CC[C@H]1CC[C@H](n2c(C(=O)N3CCC(O)CC3)nc3cnc4[nH]ccc4c32)CC1,61.29629629629629,JAK1-selective,-50.08994,11.872858
N#CC[C@H]1CC[C@H](n2c(C(=O)N3CCOCC3)nc3cnc4[nH]ccc4c32)CC1,43.82352941176471,JAK1-selective,-49.8558,13.392107
N#CC[C@H]1CC[C@H](n2c(C(=O)NC3CC3)nc3cnc4[nH]ccc4c32)CC1,11.120000000000001,JAK1-selective,-44.730957,5.316537
N#CC[C@H]1CC[C@H](n2c(C(=O)NC3CCOCC3)nc3cnc4[nH]ccc4c32)CC1,19.35483870967742,JAK1-selective,-44.97391,13.274257
N#CC[C@H]1CC[C@H](n2c(C(=O)NC3COC3)nc3cnc4[nH]ccc4c32)CC1,29.71428571428572,JAK1-selective,-44.974834,13.080342
N#CC[C@H]1CC[C@H](n2c(C(=O)NCC3(O)CCCCCC3)nc3cnc4[nH]ccc4c32)CC1,6.666666666666666,JAK1-selective,-40.849735,10.645803
N#CC[C@H]1CC[C@H](n2c(C(=O)NCC3(O)COC3)nc3cnc4[nH]ccc4c32)CC1,5.25,JAK1-selective,-44.680344,12.745837
N#CC[C@H]1CC[C@H](n2c(C(=O)NCC3CC3)nc3cnc4[nH]ccc4c32)CC1,26.0,JAK1-selective,-44.04994,5.457196
N#CC[C@H]1CC[C@H](n2c(C(=O)NCCO)nc3cnc4[nH]ccc4c32)CC1,8.0,JAK1-selective,-44.010296,5.5015
N#CC[C@H]1CC[C@H](n2c(C(=O)Nc3cn[nH]c3)nc3cnc4[nH]ccc4c32)CC1,12.285714285714286,JAK1-selective,-44.11252,5.5735183
N#CC[C@H]1CC[C@H](n2c(C3CC3)nc3cnc4ccsc4c32)CC1,10.0,JAK1-selective,-65.00277,8.929871
N#CC[C@H]1CC[C@H](n2c(C3CC3)nc3cnc4ccsc4c32)CO1,10.0,JAK1-selective,-66.995415,8.511585
N#CC[C@H]1CC[C@H](n2c(C3CCN(c4ccc(C#N)cc4)CC3)nc3cnc4[nH]ccc4c32)CC1,59.0,JAK1-selective,-34.188267,3.0106041
N#CC[C@H]1CC[C@H](n2c(C3CNC3)nc3cnc4[nH]ccc4c32)CC1,35.625,JAK1-selective,-36.025963,2.2275355
N#CC[C@H]1CC[C@H](n2c(C3CNC3)nc3cnc4ccsc4c32)CC1,7.0710500000000005,JAK1-selective,-64.96112,8.921179
N#CC[C@H]1CC[C@H](n2c(C3NC(C4CC4)=NO3)nc3cnc4[nH]ccc4c32)CC1,5.0,JAK1-selective,-36.034607,2.4022996
N#CC[C@H]1CC[C@H](n2c(CC(=O)N3CC(O)C3)nc3cnc4[nH]ccc4c32)CC1,352.99999999999994,JAK1-selective,-48.745033,11.457597
N#CC[C@H]1CC[C@H](n2c(CC(=O)N3CCC(C#N)CC3)nc3cnc4[nH]ccc4c32)CC1,32.333333333333336,JAK1-selective,-49.33824,12.174709
N#CC[C@H]1CC[C@H](n2c(CC(=O)N3CCC(C(F)(F)F)CC3)nc3cnc4[nH]ccc4c32)CC1,42.99999999999999,JAK1-selective,-50.260555,9.17278
N#CC[C@H]1CC[C@H](n2c(CC(=O)N3CCC(CO)CC3)nc3cnc4[nH]ccc4c32)CC1,49.74999999999999,JAK1-selective,-48.964897,12.021344
N#CC[C@H]1CC[C@H](n2c(CC(=O)N3CCC(Cc4ccccc4)CC3)nc3cnc4[nH]ccc4c32)CC1,69.25,JAK1-selective,-47.871387,1.4132509
N#CC[C@H]1CC[C@H](n2c(CC(=O)N3CCC(F)(F)CC3)nc3cnc4[nH]ccc4c32)CC1,30.333333333333332,JAK1-selective,-48.668346,12.847816
N#CC[C@H]1CC[C@H](n2c(CC(=O)N3CCC(N4CCOCC4)CC3)nc3cnc4[nH]ccc4c32)CC1,60.99999999999999,JAK1-selective,-49.76556,13.435453
N#CC[C@H]1CC[C@H](n2c(CC(=O)N3CCC(O)CC3)nc3cnc4[nH]ccc4c32)CC1,91.99999999999999,JAK1-selective,-48.98642,11.968745
N#CC[C@H]1CC[C@H](n2c(CC(=O)N3CCCC3)nc3cnc4[nH]ccc4c32)CC1,217.5,JAK1-selective,-48.159424,12.198424
N#CC[C@H]1CC[C@H](n2c(CC(=O)N3CCC[C@@H]3CO)nc3cnc4[nH]ccc4c32)CC1,49.454545454545446,JAK1-selective,-47.786274,12.227913
N#CC[C@H]1CC[C@H](n2c(CC(=O)N3CCC[C@H]3CO)nc3cnc4[nH]ccc4c32)CC1,10.212121212121213,JAK1-selective,-47.78557,12.227624
N#CC[C@H]1CC[C@H](n2c(CC(=O)N3CCS(=O)(=O)CC3)nc3cnc4[nH]ccc4c32)CC1,41.00000000000001,JAK1-selective,-48.731415,12.0646
N#CC[C@H]1CC[C@H](n2c(CC(=O)N3CC[C@@H](O)C3)nc3cnc4[nH]ccc4c32)CC1,99.14285714285715,JAK1-selective,-48.966793,11.797845
N#CC[C@H]1CC[C@H](n2c(CC(=O)N3CC[C@H](O)C3)nc3cnc4[nH]ccc4c32)CC1,121.99999999999999,JAK1-selective,-48.966885,11.797786
N#CC[C@H]1CC[C@H](n2c(CC(=O)NC34CC5CC(CC(C5)C3)C4)nc3cnc4[nH]ccc4c32)CC1,6.5,JAK1-selective,-42.94814,10.307324
N#CC[C@H]1CC[C@H](n2c(CC(=O)NC34CC5CC(CC(O)(C5)C3)C4)nc3cnc4[nH]ccc4c32)CC1,8.5,JAK1-selective,-42.944824,10.614905
N#CC[C@H]1CC[C@H](n2c(CC(=O)NC34CCC(C#N)(CC3)C4)nc3cnc4[nH]ccc4c32)CC1,13.999999999999998,JAK1-selective,-42.51213,11.113302
N#CC[C@H]1CC[C@H](n2c(CC(=O)NC34CCC(C(N)=O)(CC3)C4)nc3cnc4[nH]ccc4c32)CC1,10.5,JAK1-selective,-42.23241,11.389665
N#CC[C@H]1CC[C@H](n2c(CC(=O)NC34CCC(CO)(CC3)C4)nc3cnc4[nH]ccc4c32)CC1,6.999999999999999,JAK1-selective,-42.49577,11.138444
N#CC[C@H]1CC[C@H](n2c(CC(=O)NC3CC4CCC3C4)nc3cnc4[nH]ccc4c32)CC1,27.999999999999996,JAK1-selective,-44.25253,9.422711
N#CC[C@H]1CC[C@H](n2c(CC(=O)NC3CCCCC3)nc3cnc4[nH]ccc4c32)CC1,23.999999999999996,JAK1-selective,-41.166008,8.671385
N#CC[C@H]1CC[C@H](n2c(CC(=O)NC3CCOCC3)nc3cnc4[nH]ccc4c32)CC1,7.000000000000001,JAK1-selective,-44.700447,13.64336
N#CC[C@H]1CC[C@H](n2c(CC(=O)NC3CCSCC3)nc3cnc4[nH]ccc4c32)CC1,10.249999999999998,JAK1-selective,-44.944836,9.849253
N#CC[C@H]1CC[C@H](n2c(CC(=O)NCC(F)(F)F)nc3cnc4[nH]ccc4c32)CC1,27.999999999999996,JAK1-selective,-50.31917,8.401693
N#CC[C@H]1CC[C@H](n2c(CC(=O)NCC(O)CO)nc3cnc4[nH]ccc4c32)CC1,23.833333333333336,JAK1-selective,-42.8272,7.4019346
N#CC[C@H]1CC[C@H](n2c(CC(=O)NCC(O)c3ccccc3)nc3cnc4[nH]ccc4c32)CC1,23.0,JAK1-selective,-46.828312,0.58863854
N#CC[C@H]1CC[C@H](n2c(CC(=O)NCC3(O)CC3)nc3cnc4[nH]ccc4c32)CC1,10.444444444444445,JAK1-selective,-42.541664,11.151969
N#CC[C@H]1CC[C@H](n2c(CC(=O)NCC3(O)CCC3)nc3cnc4[nH]ccc4c32)CC1,17.5,JAK1-selective,-41.758957,10.965523
N#CC[C@H]1CC[C@H](n2c(CC(=O)NCC3(O)COC3)nc3cnc4[nH]ccc4c32)CC1,49.0,JAK1-selective,-43.680885,12.34144
N#CC[C@H]1CC[C@H](n2c(CC(=O)NCC34CC5CC(CC(O)(C5)C3)C4)nc3cnc4[nH]ccc4c32)CC1,13.0,JAK1-selective,-42.931583,10.478252
N#CC[C@H]1CC[C@H](n2c(CC(=O)NCC3CC3)nc3cnc4[nH]ccc4c32)CC1,31.0,JAK1-selective,-43.822536,8.552467
N#CC[C@H]1CC[C@H](n2c(CC(=O)NCC3CCCCC3)nc3cnc4[nH]ccc4c32)CC1,13.666666666666666,JAK1-selective,-40.833347,8.315189
N#CC[C@H]1CC[C@H](n2c(CC(=O)NCC3CCOCC3)nc3cnc4[nH]ccc4c32)CC1,13.999999999999998,JAK1-selective,-44.598835,13.715792
N#CC[C@H]1CC[C@H](n2c(CC(=O)NCCO)nc3cnc4[nH]ccc4c32)CC1,73.0,JAK1-selective,-43.921047,8.606611
N#CC[C@H]1CC[C@H](n2c(CC(=O)NCCOCCOCCN)nc3cnc4[nH]ccc4c32)CC1,50.49999999999999,JAK1-selective,-43.8677,7.50958
N#CC[C@H]1CC[C@H](n2c(CC(=O)NCCOc3ccncc3)nc3cnc4[nH]ccc4c32)CC1,25.499999999999996,JAK1-selective,-44.54687,7.377335
N#CC[C@H]1CC[C@H](n2c(CC(=O)NCc3ccc(C#N)cc3)nc3cnc4[nH]ccc4c32)CC1,26.499999999999996,JAK1-selective,-43.623123,7.739977
N#CC[C@H]1CC[C@H](n2c(CC(=O)NCc3ccc(CO)cc3)nc3cnc4[nH]ccc4c32)CC1,27.333333333333332,JAK1-selective,-43.64037,8.164081
N#CC[C@H]1CC[C@H](n2c(CC(=O)NCc3ccc(F)cc3)nc3cnc4[nH]ccc4c32)CC1,30.499999999999996,JAK1-selective,-43.039677,8.718831
N#CC[C@H]1CC[C@H](n2c(CC(=O)NCc3ccc(OC(F)F)cc3)nc3cnc4[nH]ccc4c32)CC1,26.499999999999996,JAK1-selective,-43.16839,6.9493313
N#CC[C@H]1CC[C@H](n2c(CC(=O)NCc3ccccc3)nc3cnc4[nH]ccc4c32)CC1,26.499999999999996,JAK1-selective,-47.13464,0.812076
N#CC[C@H]1CC[C@H](n2c(CC(=O)NCc3ccncn3)nc3cnc4[nH]ccc4c32)CC1,18.0,JAK1-selective,-44.847763,8.213656
N#CC[C@H]1CC[C@H](n2c(CC(=O)NCc3cnccn3)nc3cnc4[nH]ccc4c32)CC1,18.0,JAK1-selective,-44.900883,8.171472
N#CC[C@H]1CC[C@H](n2c(CC(=O)N[C@H]3CC[C@@H](O)CC3)nc3cnc4[nH]ccc4c32)CC1,11.499999999999998,JAK1-selective,-44.884594,10.012492
N#CC[C@H]1CC[C@H](n2c(CC(=O)N[C@H]3CC[C@H](CO)CC3)nc3cnc4[nH]ccc4c32)CC1,28.999999999999996,JAK1-selective,-44.97633,9.9914875
N#CC[C@H]1CC[C@H](n2c(CC(=O)N[C@H]3CC[C@H](O)CC3)nc3cnc4[nH]ccc4c32)CC1,11.499999999999998,JAK1-selective,-44.88556,10.012515
N#CC[C@H]1CC[C@H](n2c(CC(=O)N[C@H]3C[C@H](O)C3)nc3cnc4[nH]ccc4c32)CC1,22.999999999999996,JAK1-selective,-44.702858,9.907579
N#CC[C@H]1CC[C@H](n2c(CC(=O)Nc3ccc(C(O)(C(F)(F)F)C(F)(F)F)cc3)nc3cnc4[nH]ccc4c32)CC1,35.0,JAK1-selective,-50.281574,8.336327
N#CC[C@H]1CC[C@H](n2c(CC(=O)Nc3ccc(CO)cc3)nc3cnc4[nH]ccc4c32)CC1,5.999999999999999,JAK1-selective,-46.01871,7.4843655
N#CC[C@H]1CC[C@H](n2c(CC(=O)Nc3ccccc3)nc3cnc4[nH]ccc4c32)CC1,11.999999999999998,JAK1-selective,-47.289085,0.91735
N#CC[C@H]1CC[C@H](n2c(CC(=O)Nc3cccnc3)nc3cnc4[nH]ccc4c32)CC1,6.666666666666667,JAK1-selective,-46.79753,7.046131
N#CC[C@H]1CC[C@H](n2c(CC(=O)Nc3ccncc3)nc3cnc4[nH]ccc4c32)CC1,5.0,JAK1-selective,-46.335068,7.4967785
N#CC[C@H]1CC[C@H](n2c(CC(=O)Nc3cn[nH]c3)nc3cnc4[nH]ccc4c32)CC1,18.666666666666668,JAK1-selective,-45.287437,6.821903
N#CC[C@H]1CC[C@H](n2c(CN/C(=N\O)C3CC3)nc3cnc4[nH]ccc4c32)CC1,48.333333333333336,JAK1-selective,-39.482124,5.1337476
N#CC[C@H]1CC[C@H](n2c(CN/C(=N\O)c3ccccc3)nc3cnc4[nH]ccc4c32)CC1,10.392295411145446,JAK1-selective,-46.10669,0.18521896
N#CC[C@H]1CC[C@H](n2c(CN/C(Cc3ccccc3)=N\O)nc3cnc4[nH]ccc4c32)CC1,50.2,JAK1-selective,-46.217297,0.2081864
N#CC[C@H]1CC[C@H](n2c(CNC(=N)C34CC5CC(CC(C5)C3)C4)nc3cnc4[nH]ccc4c32)CC1,25.846153846153847,JAK1-selective,-39.150307,5.0772142
N#CC[C@H]1CC[C@H](n2c(CNC(=N)c3ccccc3)nc3cnc4[nH]ccc4c32)CC1,32.99999999999999,JAK1-selective,-46.08898,0.18311173
N#CC[C@H]1CC[C@H](n2c(CNC(=O)C3CCCCC3)nc3cnc4[nH]ccc4c32)CC1,74.33333333333334,JAK1-selective,-40.365597,7.589456
N#CC[C@H]1CC[C@H](n2c(CNC(=O)CC3CC3)nc3cnc4[nH]ccc4c32)CC1,41.0,JAK1-selective,-42.77335,7.2454934
N#CC[C@H]1CC[C@H](n2c(CNC(=O)NCC3CCCCC3)nc3cnc4[nH]ccc4c32)CC1,37.30769230769231,JAK1-selective,-40.352787,7.6990857
N#CC[C@H]1CC[C@H](n2c(CNC(=O)Nc3ccccc3)nc3cnc4[nH]ccc4c32)CC1,25.249999999999996,JAK1-selective,-47.047787,0.70966107
N#CC[C@H]1CC[C@H](n2c(CNC(=O)Oc3ccccc3)nc3cnc4[nH]ccc4c32)CC1,72.5,JAK1-selective,-46.62998,0.4559988
N#CC[C@H]1CC[C@H](n2c(CNC(=O)c3ccc(C#N)cc3)nc3cnc4[nH]ccc4c32)CC1,34.0,JAK1-selective,-42.539574,5.397833
N#CC[C@H]1CC[C@H](n2c(CNC(=O)c3ccccc3)nc3cnc4[nH]ccc4c32)CC1,45.81818181818181,JAK1-selective,-46.390038,0.46360052
N#CC[C@H]1CC[C@H](n2c(CNC(=O)c3cn[nH]c3)nc3cnc4[nH]ccc4c32)CC1,43.1,JAK1-selective,-42.3901,5.438123
N#CC[C@H]1CC[C@H](n2c(CNC(N)=O)nc3cnc4[nH]ccc4c32)CC1,5.0,JAK1-selective,-42.44054,7.226889
N#CC[C@H]1CC[C@H](n2c(CNS(=O)(=O)C3CCCCC3)nc3cnc4[nH]ccc4c32)CC1,106.44444444444444,JAK1-selective,-37.93286,-0.89055103
N#CC[C@H]1CC[C@H](n2c(CNS(=O)(=O)c3ccc(C#N)cc3)nc3cnc4[nH]ccc4c32)CC1,90.2,JAK1-selective,-38.153584,-1.1023239
N#CC[C@H]1CC[C@H](n2c(CNS(=O)(=O)c3ccccc3)nc3cnc4[nH]ccc4c32)CC1,98.49999999999999,JAK1-selective,-38.826355,-1.761264
N#CC[C@H]1CC[C@H](n2c(CO)nc3cnc4ccsc4c32)CC1,10.0,JAK1-selective,-64.88511,9.176003
N#CC[C@H]1CC[C@H](n2c(CO)nc3cnc4ccsc4c32)CO1,10.0,JAK1-selective,-66.8975,8.582177
N#CC[C@H]1CC[C@H](n2c(CO/N=C(\N)C34CC5CC(CC(C5)C3)C4)nc3cnc4[nH]ccc4c32)CC1,7.571428571428572,JAK1-selective,-38.129528,5.075662
N#CC[C@H]1CC[C@H](n2c(CO/N=C(\N)C3CC3)nc3cnc4[nH]ccc4c32)CC1,7.571428571428572,JAK1-selective,-38.10325,4.9814353
N#CC[C@H]1CC[C@H](n2c(CO/N=C(\N)CC3CC3)nc3cnc4[nH]ccc4c32)CC1,6.0,JAK1-selective,-38.062214,4.9734674
N#CC[C@H]1CC[C@H](n2c(CO/N=C(\N)CN3CCCCC3)nc3cnc4[nH]ccc4c32)CC1,11.64864864864865,JAK1-selective,-37.79511,5.412059
N#CC[C@H]1CC[C@H](n2c(CO/N=C(\N)c3ccccc3)nc3cnc4[nH]ccc4c32)CC1,6.2857142857142865,JAK1-selective,-45.749985,-0.013493396
N#CC[C@H]1CC[C@H](n2c(COC(=O)NC34CC5CC(CC(C5)C3)C4)nc3cnc4[nH]ccc4c32)CC1,12.176470588235293,JAK1-selective,-42.202988,9.3803625
N#CC[C@H]1CC[C@H](n2c(COC(=O)NCC3CCCCC3)nc3cnc4[nH]ccc4c32)CC1,16.363636363636363,JAK1-selective,-40.48408,7.987846
N#CC[C@H]1CC[C@H](n2c(COC(=O)Nc3ccccc3)nc3cnc4[nH]ccc4c32)CC1,12.5,JAK1-selective,-47.165962,0.75789
N#CC[C@H]1CC[C@H](n2c(Cc3ccn[nH]3)nc3cnc4[nH]ccc4c32)CC1,47.0,JAK1-selective,-36.401604,2.3083668
N#CC[C@H]1CC[C@H](n2c(Cn3c(-c4ccccc4)noc3=O)nc3cnc4[nH]ccc4c32)CC1,17.88235294117647,JAK1-selective,-36.21402,3.6758595
N#CC[C@H]1CC[C@H](n2c(Cn3c(C4CC4)noc3=O)nc3cnc4[nH]ccc4c32)CC1,71.76470588235294,JAK1-selective,-36.453175,3.123366
N#CC[C@H]1CC[C@](CO)(n2cnc3cnc4ccsc4c32)CC1,10.0,JAK1-selective,-65.35221,7.603756
N#CC[C@]1(n2cc(C(N)=O)c(Nc3ccc(F)cc3)n2)CC[C@@H](NCc2ccccc2)CC1,22.22222222222222,JAK1-selective,29.771854,33.135025
N#CC[C@]1(n2cc(C(N)=O)c(Nc3ccc(F)cc3)n2)CC[C@@H](n2cc(C3CC3)nn2)CC1,12.1875,JAK1-selective,32.686993,32.6703
N#CC[C@]1(n2cc(C(N)=O)c(Nc3ccc(F)cc3)n2)CC[C@H](n2cc(C3CC3)nn2)CC1,9.55483870967742,JAK1-selective,32.68732,32.67036
N#CC[C@]1(n2cc(C(N)=O)c(Nc3ccc(S(=O)(=O)C(F)F)cc3)n2)CC[C@@H](N)CC1,33.0,JAK1-selective,29.565912,38.32387
N#CC[C@]1(n2cc(C(N)=O)c(Nc3ccc(S(=O)(=O)C(F)F)cc3)n2)CC[C@H](N)CC1,17.3953488372093,JAK1-selective,29.565855,38.323986
N#CC[C@]1(n2cc(C(N)=O)c(Nc3ccccc3)n2)CC[C@@H](C(=O)NCC(F)(F)F)CC1,43.0,JAK1-selective,22.389376,43.543316
N#CC[C@]1(n2cc(C(N)=O)c(Nc3ccccc3)n2)C[C@@H](C#N)C1,13.064516129032258,JAK1-selective,20.105978,50.070923
N#CC[C@]1(n2nc(Nc3cc(F)c4nccc(Cl)c4c3)c3c(=O)[nH]ccc32)CCOC1,15.130434782608695,JAK1-selective,39.778667,-49.736153
N#CC[C@]1(n2nc(Nc3ccc(C#N)cc3)c3c(=O)[nH]ccc32)CCOC1,6.1461538461538465,JAK1-selective,38.121845,-48.018986
N#CC[C@]1(n2nc(Nc3ccc(C(F)(F)F)cc3)c3c(=O)[nH]ccc32)CC[C@@H](N2CC(F)C2)CC1,5.833288209015838,JAK1-selective,34.56073,-48.399593
N#CC[C@]1(n2nc(Nc3ccc(C(F)(F)F)cc3)c3c(=O)[nH]ccc32)CC[C@@H](Nc2ccccc2)CC1,31.43552311435523,JAK1-selective,35.27286,-49.14517
N#CC[C@]1(n2nc(Nc3ccc(C(F)(F)F)cc3)c3c(=O)[nH]ccc32)CC[C@H](Nc2ccccc2)CC1,16.113744075829384,JAK1-selective,35.27286,-49.14517
N#CC[C@]1(n2nc(Nc3ccc(Cl)c(F)c3)c3c(=O)[nH]ccc32)CC[C@@H](NC2CCCCC2)CC1,72.97560975609755,JAK1-selective,37.28,-50.94963
N#CC[C@]1(n2nc(Nc3ccc(Cl)c(F)c3)c3c(=O)[nH]ccc32)CC[C@@H](Nc2ccccc2)CC1,21.31054131054131,JAK1-selective,36.967293,-51.07946
N#CC[C@]1(n2nc(Nc3ccc(Cl)c(F)c3)c3c(=O)[nH]ccc32)CC[C@H](NC2CCCCC2)CC1,535.0,JAK1-selective,37.28,-50.94963
N#CC[C@]1(n2nc(Nc3ccc(Cl)c(F)c3)c3c(=O)[nH]ccc32)CC[C@H](Nc2ccccc2)CC1,22.056451612903228,JAK1-selective,36.967293,-51.07946
N#CC[C@]1(n2nc(Nc3ccc(Cl)cc3)c3c(=O)[nH]ccc32)CCOC1,9.285714285714286,JAK1-selective,37.85455,-49.32919
N#CC[C@]1(n2nc(Nc3ccc(Cl)cc3)c3c(=O)[nH]ccc32)CC[C@@H](N2CC(F)C2)CC1,6.644295302013423,JAK1-selective,35.11771,-51.482914
N#CC[C@]1(n2nc(Nc3ccc(Cl)cc3)c3c(=O)[nH]ccc32)CC[C@@H](NCC(F)(F)F)CC1,13.783783783783784,JAK1-selective,35.609997,-50.648346
N#CC[C@]1(n2nc(Nc3ccc(Cl)cc3)c3c(=O)[nH]ccc32)CC[C@@H](Nc2ccccc2)CC1,23.015384615384615,JAK1-selective,36.16445,-51.17673
N#CC[C@]1(n2nc(Nc3ccc(Cl)cc3)c3c(=O)[nH]ccc32)CC[C@H](N2CC(F)C2)CC1,19.444444444444446,JAK1-selective,35.1176,-51.483
N#CC[C@]1(n2nc(Nc3ccc(Cl)cc3)c3c(=O)[nH]ccc32)CC[C@H](NCC(F)(F)F)CC1,10.0,JAK1-selective,35.609997,-50.648346
N#CC[C@]1(n2nc(Nc3ccc(Cl)cc3)c3c(=O)[nH]ccc32)CC[C@H](Nc2ccccc2)CC1,18.94736842105263,JAK1-selective,36.16445,-51.17673
N#CC[C@]1(n2nc(Nc3ccc(OC(F)(F)F)cc3)c3c(=O)[nH]ccc32)CC[C@@H](NC2CCCCC2)CC1,28.65900383141762,JAK1-selective,35.386887,-48.48059
N#CC[C@]1(n2nc(Nc3ccc(OC(F)(F)F)cc3)c3c(=O)[nH]ccc32)CC[C@@H](Nc2ccccc2)CC1,9.158333333333333,JAK1-selective,35.340023,-49.25294
N#CC[C@]1(n2nc(Nc3ccc(OC(F)(F)F)cc3)c3c(=O)[nH]ccc32)CC[C@H](NC2CCCCC2)CC1,98.91891891891892,JAK1-selective,35.38687,-48.48036
N#CC[C@]1(n2nc(Nc3ccc(OC(F)(F)F)cc3)c3c(=O)[nH]ccc32)CC[C@H](Nc2ccccc2)CC1,7.524071526822559,JAK1-selective,35.340023,-49.25294
N#CC[C@]1(n2nc(Nc3ccc4c(c3)CN(C3CCN(CC(F)(F)F)CC3)S4(=O)=O)c3c(=O)[nH]ccc32)CCOC[C@H]1F,13.249999999999998,JAK1-selective,45.611794,-43.87721
N#CC[C@]1(n2nc(Nc3ccc4c(c3)CN(C3CCNCC3)S4(=O)=O)c3c(=O)[nH]ccc32)CCOC[C@H]1F,13.08,JAK1-selective,45.624065,-43.728233
N#CC[C@]1(n2nc(Nc3ccc4nccc(F)c4c3)c3c(=O)[nH]ccc32)CCOC1,10.238095238095237,JAK1-selective,39.88504,-49.55362
N#CC[C@]1(n2nc(Nc3ccnc(F)c3)c3c(=O)[nH]ccc32)CCCC[C@H]1F,7.555555555555556,JAK1-selective,39.292152,-49.016632
N#CCc1ccc(-c2cccc3nc(NC(=O)C4CC4)cn23)c(F)c1,10.0,JAK1-selective,-13.882076,17.913998
N#CCc1ccc(-c2cccc3nc(NC(=O)C4CC4)cn23)cc1,10.0,JAK1-selective,-13.594366,18.277308
N#CCc1ccc(-c2cccc3nc(NC(=O)C4CC4)cn23)cc1F,10.0,JAK1-selective,-13.894995,17.999424
N#CCc1ccc(NC(=O)Cc2nc3cnc4[nH]ccc4c3n2[C@H]2CC[C@H](CC#N)CC2)cc1,5.0,JAK1-selective,-46.028305,7.468708
N#CCc1ccccc1NCc1ccc(-c2cccc3nc(NC(=O)C4CC4)cn23)cc1,10.0,JAK1-selective,-13.641188,18.189482
N#CCc1nc2cnc3ccsc3c2n1[C@H]1CC[C@@H](CC#N)OC1,14.142100000000001,JAK1-selective,-66.963036,8.526122
N#CCc1nc2cnc3ccsc3c2n1[C@H]1CC[C@H](CC#N)CC1,10.0,JAK1-selective,-64.89564,9.055562
N#CCc1nc2cnc3ccsc3c2n1[C@H]1CC[C@H](CC#N)OC1,10.0,JAK1-selective,-66.963036,8.526122
N#C[C@@H]1C(n2cc(C(N)=O)c(Nc3ccccc3)n2)CCC[C@@H]1O,9.8,JAK1-selective,52.67227,1.7218072
N#C[C@@H]1C(n2cc(C(N)=O)c(Nc3ccccc3)n2)CCC[C@H]1O,12.625,JAK1-selective,52.67217,1.7214029
N#C[C@@H]1CC(CN)CCC1n1cc(C(N)=O)c(Nc2ccc(F)cc2)n1,20.583333333333332,JAK1-selective,50.774403,-11.301771
N#C[C@@H]1CC(CO)CCC1n1cc(C(N)=O)c(Nc2ccc(F)cc2)n1,11.0,JAK1-selective,50.773983,-11.303673
N#C[C@@H]1CCCCC1n1cc(C(N)=O)c(Nc2ccc(S(=O)(=O)CC(F)(F)F)cc2)n1,7.745959180096508,JAK1-selective,51.243313,13.195651
N#C[C@@H]1CCCCC1n1cc(C(N)=O)c(Nc2ccccc2)n1,5.75,JAK1-selective,52.6566,2.7352502
N#C[C@@H]1CCCCC[C@H]1n1nc(Nc2ccc3c(c2)CN(C2CCCC2)C3=O)c2c(=O)[nH]ccc21,5.660377358490566,JAK1-selective,0.6562532,-78.78107
N#C[C@@H]1CCCC[C@@H]1n1cc(C(N)=O)c(Nc2ccc(S(=O)(=O)C(F)(F)F)cc2)n1,9.0,JAK1-selective,51.26325,13.171803
N#C[C@@H]1CCCC[C@@H]1n1nc(Nc2ccc(F)cc2)c2c(=O)[nH]ccc21,14.4,JAK1-selective,12.981903,-73.78296
N#C[C@@H]1CCCC[C@H]1n1cc(C(N)=O)c(Nc2ccc(C(F)F)nc2)n1,6.219512195121951,JAK1-selective,56.703835,9.950847
N#C[C@@H]1CCCC[C@H]1n1cc(C(N)=O)c(Nc2ccc(Cl)nc2)n1,6.0,JAK1-selective,58.9771,9.261295
N#C[C@@H]1CCCC[C@H]1n1cc(C(N)=O)c(Nc2ccc(F)nc2)n1,5.0,JAK1-selective,57.413982,10.218371
N#C[C@@H]1CCCC[C@H]1n1cc(C(N)=O)c(Nc2ccc(S(=O)(=O)C(F)F)cc2)n1,7.888103823932758,JAK1-selective,50.297657,14.033187
N#C[C@@H]1CCCC[C@H]1n1cc(C(N)=O)c(Nc2ccc3c(c2)CCS3(=O)=O)n1,15.999983029442504,JAK1-selective,58.642124,12.751513
N#C[C@@H]1CCCC[C@H]1n1nc(Nc2ccnc(F)c2)c2c(=O)[nH]ccc21,5.388888888888889,JAK1-selective,4.4447417,-79.79988
N#C[C@@H]1CCC[C@@H]1n1cc(C(N)=O)c(Nc2ccccc2)n1,7.25,JAK1-selective,52.589844,2.5304203
N#C[C@@H]1CCN(C(=O)OC(CF)CF)C[C@H]1n1cc(C(N)=O)c(Nc2ccc(F)cc2)n1,11.0,JAK1-selective,32.56393,3.7285864
N#C[C@@H]1CCN(C(=O)OC2CCOCC2)C[C@H]1n1cc(C(N)=O)c(Nc2ccc(F)cc2)n1,14.5,JAK1-selective,28.55265,0.8988924
N#C[C@@H]1CCN(C(=O)OC2COC2)C[C@H]1n1cc(C(N)=O)c(Nc2ccc(F)cc2)n1,14.333333333333334,JAK1-selective,28.616385,1.0132672
N#C[C@@H]1CCN(C(=O)OCC(F)(F)CO)C[C@H]1n1cc(C(N)=O)c(Nc2ccc(F)cc2)n1,14.0,JAK1-selective,35.610653,2.931045
N#C[C@@H]1CCN(C(=O)OCC(F)(F)F)C[C@H]1n1cc(C(N)=O)c(Nc2ccc(F)cc2)n1,15.25,JAK1-selective,35.762787,3.0686193
N#C[C@@H]1CCN(C(=O)OCC2CC2)C[C@H]1n1cc(C(N)=O)c(Nc2ccc(F)cc2)n1,17.333333333333332,JAK1-selective,33.775963,2.5412178
N#C[C@@H]1CCN(C(=O)OCCC2CC2)C[C@H]1n1cc(C(N)=O)c(Nc2ccc(F)cc2)n1,76.0,JAK1-selective,34.308594,2.589273
N#C[C@@H]1CCN(C(=O)OCCF)C[C@H]1n1cc(C(N)=O)c(Nc2ccc(F)cc2)n1,9.333333333333334,JAK1-selective,32.734974,2.537365
N#C[C@@H]1CCN(C(=O)OCCN2CCOCC2)C[C@H]1n1cc(C(N)=O)c(Nc2ccc(F)cc2)n1,21.25,JAK1-selective,29.6149,0.60049367
N#C[C@@H]1CCN(C(=O)OCc2ccccc2)C[C@H]1n1cc(C(N)=O)c(Nc2ccc(F)cc2)n1,26.5,JAK1-selective,29.828842,5.2684574
N#C[C@@H]1CCN(CC2CCC2)C[C@H]1n1cc(C(N)=O)c(Nc2ccc(F)cc2)n1,6.6,JAK1-selective,39.37491,-13.029415
N#C[C@@H]1CCN(CC2CCOC2)C[C@H]1n1cc(C(N)=O)c(Nc2ccc(F)cc2)n1,10.5,JAK1-selective,35.5628,-11.496199
N#C[C@@H]1CCN(CCC2CCOCC2)C[C@H]1n1cc(C(N)=O)c(Nc2ccc(F)cc2)n1,12.333333333333334,JAK1-selective,35.584393,-11.507774
N#C[C@@H]1CCN(Cc2cc(F)ccn2)C[C@H]1n1cc(C(N)=O)c(Nc2ccc(F)cc2)n1,11.75,JAK1-selective,36.997604,-13.626185
N#C[C@@H]1CCN(Cc2ccc(F)cn2)C[C@H]1n1cc(C(N)=O)c(Nc2ccc(F)cc2)n1,20.0,JAK1-selective,37.392063,-12.736685
N#C[C@@H]1CCN(Cc2cccnc2F)C[C@H]1n1cc(C(N)=O)c(Nc2ccc(F)cc2)n1,12.0,JAK1-selective,37.568317,-14.101934
N#C[C@@H]1CCN(Cc2cccnn2)C[C@H]1n1cc(C(N)=O)c(Nc2ccc(F)cc2)n1,12.833333333333334,JAK1-selective,37.762566,-13.795601
N#C[C@@H]1CCN(Cc2ccon2)C[C@H]1n1cc(C(N)=O)c(Nc2ccc(F)cc2)n1,6.5,JAK1-selective,37.538982,-12.685896
N#C[C@@H]1CCN(Cc2cnccn2)C[C@H]1n1cc(C(N)=O)c(Nc2ccc(F)cc2)n1,13.0,JAK1-selective,37.061306,-13.328591
N#C[C@@H]1CCN(Cc2cncs2)C[C@H]1n1cc(C(N)=O)c(Nc2ccc(F)cc2)n1,12.0,JAK1-selective,37.02298,-12.285778
N#C[C@@H]1CCN(Cc2cocn2)C[C@H]1n1cc(C(N)=O)c(Nc2ccc(F)cc2)n1,9.0,JAK1-selective,37.492393,-12.597516
N#C[C@@H]1CCN(Cc2cscn2)C[C@H]1n1cc(C(N)=O)c(Nc2ccc(F)cc2)n1,9.5,JAK1-selective,37.650112,-12.870187
N#C[C@@H]1CCN(Cc2ncco2)C[C@H]1n1cc(C(N)=O)c(Nc2ccc(F)cc2)n1,11.0,JAK1-selective,36.905396,-13.231073
N#C[C@@H]1CCOC[C@H]1n1cc(C(N)=O)c(Nc2ccc(C(F)F)nc2)n1,6.0,JAK1-selective,68.5581,18.740969
N#C[C@@H]1CCOC[C@H]1n1cc(C(N)=O)c(Nc2ccc(Cl)c(Cl)c2)n1,12.5,JAK1-selective,68.29504,17.028925
N#C[C@@H]1CCOC[C@H]1n1cc(C(N)=O)c(Nc2ccc(Cl)c(F)c2)n1,20.0,JAK1-selective,68.42193,16.455591
N#C[C@@H]1CCOC[C@H]1n1cc(C(N)=O)c(Nc2ccc(Cl)cc2)n1,12.2,JAK1-selective,68.76594,17.036226
N#C[C@@H]1CCOC[C@H]1n1cc(C(N)=O)c(Nc2ccc(Cl)nc2)n1,8.0,JAK1-selective,68.791,17.647202
N#C[C@@H]1CCOC[C@H]1n1cc(C(N)=O)c(Nc2ccc([C@@H](O)C(F)(F)F)cc2)n1,7.0,JAK1-selective,67.39353,20.243252
N#C[C@@H]1CCOC[C@H]1n1cc(C(N)=O)c(Nc2ccc([C@H](O)C(F)(F)F)cc2)n1,6.75,JAK1-selective,67.39353,20.243252
N#C[C@@H]1CCOC[C@H]1n1cc(C(N)=O)c(Nc2ccccc2)n1,10.0,JAK1-selective,65.338715,17.605772
N#C[C@@H]1CCOC[C@H]1n1cc(C(N)=O)c(Nc2ccnc(F)c2)n1,6.166666666666667,JAK1-selective,68.77949,11.537101
N#C[C@@H]1CCOC[C@H]1n1cc(C(N)=O)c(Nc2cnc3cc(Cl)ccc3c2)n1,5.619047619047619,JAK1-selective,69.131615,17.186705
N#C[C@@H]1CCOC[C@H]1n1cc(C(N)=O)c(Nc2cncc(F)c2)n1,7.777777777777778,JAK1-selective,68.65947,18.345493
N#C[C@@H]1CN(C(=O)OC(CF)CF)CC[C@@H]1n1cc(C(N)=O)c(Nc2ccc(F)cc2)n1,11.049586776859504,JAK1-selective,32.372543,3.6033304
N#C[C@@H]1CN(C(=O)OC(CF)CF)CC[C@H]1n1cc(C(N)=O)c(Nc2ccc(F)cc2)n1,22.166666666666668,JAK1-selective,32.373547,3.6033707
N#C[C@@H]1CN(C(=O)OC2CCCC2)CC[C@@H]1n1cc(C(N)=O)c(Nc2ccc(F)cc2)n1,5.821011673151751,JAK1-selective,30.305922,2.3791578
N#C[C@@H]1CN(C(=O)OC2CCCC2)CC[C@H]1n1cc(C(N)=O)c(Nc2ccc(F)cc2)n1,26.06896551724138,JAK1-selective,30.305922,2.3791585
N#C[C@@H]1CN(C(=O)OC2CCOC2)CC[C@@H]1n1cc(C(N)=O)c(Nc2ccc(F)cc2)n1,7.056603773584905,JAK1-selective,28.42174,0.87731516
N#C[C@@H]1CN(C(=O)OC2CCOC2)CC[C@H]1n1cc(C(N)=O)c(Nc2ccc(F)cc2)n1,21.25,JAK1-selective,28.421743,0.8773149
N#C[C@@H]1CN(C(=O)OC2CCOCC2)CC[C@H]1n1cc(C(N)=O)c(Nc2ccc(F)cc2)n1,21.6,JAK1-selective,28.569752,0.9163214
N#C[C@@H]1CN(C(=O)OC2COC2)CC[C@H]1n1cc(C(N)=O)c(Nc2ccc(F)cc2)n1,15.416666666666666,JAK1-selective,28.556868,0.93381256
N#C[C@@H]1CN(C(=O)OC2Cc3ccccc3C2)CC[C@H]1n1cc(C(N)=O)c(Nc2ccc(F)cc2)n1,27.703703703703702,JAK1-selective,29.576746,3.3833497
N#C[C@@H]1CN(C(=O)OCC(F)(F)CO)CC[C@@H]1n1cc(C(N)=O)c(Nc2ccc(F)cc2)n1,17.44927536231884,JAK1-selective,35.379787,3.093937
N#C[C@@H]1CN(C(=O)OCC(F)(F)CO)CC[C@H]1n1cc(C(N)=O)c(Nc2ccc(F)cc2)n1,21.2,JAK1-selective,35.379787,3.09394
N#C[C@@H]1CN(C(=O)OCC(F)(F)F)CC[C@@H]1n1cc(C(N)=O)c(Nc2ccc(F)cc2)n1,11.833333333333334,JAK1-selective,35.6012,3.1954918
N#C[C@@H]1CN(C(=O)OCC(F)(F)F)CC[C@H]1n1cc(C(N)=O)c(Nc2ccc(F)cc2)n1,26.8,JAK1-selective,35.6012,3.1954918
N#C[C@@H]1CN(C(=O)OCC(F)F)CC[C@@H]1n1cc(C(N)=O)c(Nc2ccc(F)cc2)n1,13.060240963855422,JAK1-selective,32.35222,3.5236518
N#C[C@@H]1CN(C(=O)OCC(F)F)CC[C@H]1n1cc(C(N)=O)c(Nc2ccc(F)cc2)n1,16.5,JAK1-selective,32.35222,3.5236518
N#C[C@@H]1CN(C(=O)OCC2(N)CC2)CC[C@H]1n1cc(C(N)=O)c(Nc2ccc(F)cc2)n1,54.07692307692308,JAK1-selective,31.619547,0.9399677
N#C[C@@H]1CN(C(=O)OCC2CC2)CC[C@@H]1n1cc(C(N)=O)c(Nc2ccc(F)cc2)n1,5.960159362549801,JAK1-selective,33.643276,2.526355
N#C[C@@H]1CN(C(=O)OCC2CC2)CC[C@H]1n1cc(C(N)=O)c(Nc2ccc(F)cc2)n1,23.833333333333332,JAK1-selective,33.643276,2.526355
N#C[C@@H]1CN(C(=O)OCCC2CC2)CC[C@H]1n1cc(C(N)=O)c(Nc2ccc(F)cc2)n1,11.31578947368421,JAK1-selective,34.135445,2.6402354
N#C[C@@H]1CN(C(=O)OCCCc2ccccc2)CC[C@H]1n1cc(C(N)=O)c(Nc2ccc(F)cc2)n1,22.84090909090909,JAK1-selective,29.82942,5.230018
N#C[C@@H]1CN(C(=O)OCCF)CC[C@@H]1n1cc(C(N)=O)c(Nc2ccc(F)cc2)n1,11.019607843137255,JAK1-selective,32.41542,2.4417653
N#C[C@@H]1CN(C(=O)OCCF)CC[C@H]1n1cc(C(N)=O)c(Nc2ccc(F)cc2)n1,26.0,JAK1-selective,32.41797,2.4417658
N#C[C@@H]1CN(C(=O)OCCN2CCCC2)CC[C@H]1n1cc(C(N)=O)c(Nc2ccc(F)cc2)n1,50.04545454545455,JAK1-selective,31.657623,2.258886
N#C[C@@H]1CN(C(=O)OCCN2CCCC2=O)CC[C@H]1n1cc(C(N)=O)c(Nc2ccc(F)cc2)n1,21.63157894736842,JAK1-selective,31.720697,2.282183
N#C[C@@H]1CN(C(=O)OCCN2CCOCC2)CC[C@H]1n1cc(C(N)=O)c(Nc2ccc(F)cc2)n1,28.79310344827586,JAK1-selective,29.659206,0.6304329
N#C[C@@H]1CN(C(=O)OCCc2ccccc2)CC[C@H]1n1cc(C(N)=O)c(Nc2ccc(F)cc2)n1,9.569767441860465,JAK1-selective,29.832253,5.222662
N#C[C@@H]1CN(C(=O)OCc2ccccc2)CC[C@H]1n1cc(C(N)=O)c(Nc2ccc(F)cc2)n1,24.6,JAK1-selective,29.82745,5.214347
N#C[C@@H]1CN(CC2CCC2)CC[C@H]1n1cc(C(N)=O)c(Nc2ccc(F)cc2)n1,13.2,JAK1-selective,39.394886,-13.084029
N#C[C@@H]1CN(CCC2CCOCC2)CC[C@H]1n1cc(C(N)=O)c(Nc2ccc(F)cc2)n1,11.217391304347826,JAK1-selective,35.558174,-11.49863
N#C[C@@H]1CN(Cc2cccc(F)n2)CC[C@H]1n1cc(C(N)=O)c(Nc2ccc(F)cc2)n1,12.0,JAK1-selective,38.28837,-13.762241
N#C[C@@H]1CN(Cc2cccnc2F)CC[C@H]1n1cc(C(N)=O)c(Nc2ccc(F)cc2)n1,15.8,JAK1-selective,37.70339,-14.11306
N#C[C@@H]1CN(Cc2cccnn2)CC[C@H]1n1cc(C(N)=O)c(Nc2ccc(F)cc2)n1,11.578947368421053,JAK1-selective,37.948254,-13.80412
N#C[C@@H]1CN(Cc2ccn[nH]2)CC[C@H]1n1cc(C(N)=O)c(Nc2ccc(F)cc2)n1,8.75,JAK1-selective,38.171284,-13.472722
N#C[C@@H]1CN(Cc2ccon2)CC[C@H]1n1cc(C(N)=O)c(Nc2ccc(F)cc2)n1,11.333333333333334,JAK1-selective,37.829983,-12.961428
N#C[C@@H]1CN(Cc2cncc(F)c2)CC[C@H]1n1cc(C(N)=O)c(Nc2ccc(F)cc2)n1,9.666666666666666,JAK1-selective,38.558403,-13.581428
N#C[C@@H]1CN(Cc2cnccn2)CC[C@H]1n1cc(C(N)=O)c(Nc2ccc(F)cc2)n1,10.714285714285714,JAK1-selective,37.246136,-13.485147
N#C[C@@H]1CN(Cc2cocn2)CC[C@H]1n1cc(C(N)=O)c(Nc2ccc(F)cc2)n1,8.666666666666666,JAK1-selective,37.78856,-12.861084
N#C[C@@H]1CN(Cc2cscn2)CC[C@H]1n1cc(C(N)=O)c(Nc2ccc(F)cc2)n1,7.4,JAK1-selective,37.952843,-13.120566
N#C[C@@H]1CN(Cc2ncco2)CC[C@H]1n1cc(C(N)=O)c(Nc2ccc(F)cc2)n1,9.4,JAK1-selective,37.0099,-13.360011
N#C[C@@H]1CNCCC1n1cc(C(N)=O)c(Nc2ccc(F)cc2)n1,6.1568627450980395,JAK1-selective,48.474335,-10.662229
N#C[C@@H]1CNCC[C@H]1n1cc(C(N)=O)c(Nc2ccc(F)cc2)n1,11.571428571428571,JAK1-selective,48.47439,-10.662034
N#C[C@@H]1COCC[C@H]1n1cc(C(N)=O)c(Nc2ccnc(F)c2)n1,7.878048780487805,JAK1-selective,68.8041,11.273275
N#C[C@@H]1CS(=O)(=O)CC[C@@H]1n1cc(C(N)=O)c(Nc2ccc(C(F)(F)F)cc2)n1,12.366666666666667,JAK1-selective,66.255424,-12.6823225
N#C[C@@H]1CS(=O)(=O)CC[C@H]1n1cc(C(N)=O)c(Nc2ccc(C(F)(F)F)cc2)n1,48.666666666666664,JAK1-selective,66.254,-12.682364
N#C[C@@H]1CS(=O)(=O)C[C@H]1n1cc(C(N)=O)c(Nc2ccc(F)cc2)n1,15.8344057627062,JAK1-selective,48.282997,-10.934294
N#C[C@@H]1CS(=O)(=O)C[C@H]1n1cc(C(N)=O)c(Nc2ccc(S(=O)(=O)C(F)(F)F)cc2)n1,30.0,JAK1-selective,70.94948,-23.081383
N#C[C@@H]1C[C@@H](N(CC2CC2)C2CCC2)CC[C@H]1n1cc(C(N)=O)c(Nc2ccc(C(F)(F)F)cc2)n1,61.0,JAK1-selective,65.05648,-14.067028
N#C[C@@H]1C[C@@H](N2CCC2)CC[C@H]1n1nc(Nc2ccc(C(F)(F)F)cc2)c2c(=O)[nH]ccc21,26.4,JAK1-selective,15.215274,-81.34184
N#C[C@@H]1C[C@@H](NC2CC3(CCCC3)C2)CC[C@H]1n1cc(C(N)=O)c(Nc2ccc(C(F)(F)F)cc2)n1,31.666666666666668,JAK1-selective,68.364525,-13.809306
N#C[C@@H]1C[C@@H](NC2CCC2)CC[C@H]1n1cc(C(N)=O)c(Nc2ccc(C(F)(F)F)cc2)n1,68.0,JAK1-selective,68.25382,-13.988015
N#C[C@@H]1C[C@@H](NC2COC2)CC[C@H]1n1cc(C(N)=O)c(Nc2ccc(C(F)(F)F)cc2)n1,20.0,JAK1-selective,68.1851,-14.480629
N#C[C@@H]1C[C@@H](NCC2CCC2)CC[C@H]1n1cc(C(N)=O)c(Nc2ccc(C(F)(F)F)cc2)n1,121.0,JAK1-selective,67.11985,-14.627976
N#C[C@@H]1C[C@@H](O)CC[C@@H]1n1cc(C(N)=O)c(Nc2ccc(S(=O)(=O)C(F)(F)F)cc2)n1,14.705882352941176,JAK1-selective,70.81872,-24.268784
N#C[C@@H]1C[C@@H](O)CC[C@H]1n1nc(Nc2ccc(C(F)(F)F)cc2)c2c(=O)[nH]ccc21,11.938775510204081,JAK1-selective,15.983044,-81.28876
N#C[C@@H]1C[C@H](C(=O)N2CC(F)(F)C2)CC[C@H]1n1cc(C(N)=O)c(Nc2ccc(Cl)cc2)n1,9.333333333333334,JAK1-selective,81.175995,1.0354593
N#C[C@@H]1C[C@H](C(=O)N2CC(F)C2)CC[C@H]1n1cc(C(N)=O)c(Nc2ccc(Cl)cc2)n1,22.22222222222222,JAK1-selective,81.47078,0.53230935
N#C[C@@H]1C[C@H](C(=O)N2CC3(CCC3)C2)CC[C@H]1n1cc(C(N)=O)c(Nc2ccc(Cl)cc2)n1,8.3125,JAK1-selective,81.03704,1.6016164
N#C[C@@H]1C[C@H](C(=O)N2CC3(COC3)C2)CC[C@H]1n1cc(C(N)=O)c(Nc2ccc(Cl)cc2)n1,11.1,JAK1-selective,81.39104,1.9100106
N#C[C@@H]1C[C@H](C(=O)N2CCC(F)(F)C2)CC[C@H]1n1cc(C(N)=O)c(Nc2ccc(Cl)cc2)n1,12.0,JAK1-selective,80.72456,1.0468926
N#C[C@@H]1C[C@H](C(=O)NC(C2CC2)C2CC2)CC[C@H]1n1cc(C(N)=O)c(Nc2ccc(Cl)cc2)n1,13.0,JAK1-selective,82.463,-0.09854838
N#C[C@@H]1C[C@H](C(=O)NC2CC(F)(F)C2)CC[C@H]1n1cc(C(N)=O)c(Nc2ccc(Cl)cc2)n1,10.461538461538462,JAK1-selective,83.0626,-0.018657655
N#C[C@@H]1C[C@H](C(=O)NC2CCC2)CC[C@H]1n1cc(C(N)=O)c(Nc2ccc(Cl)cc2)n1,7.8,JAK1-selective,82.92526,0.69965523
N#C[C@@H]1C[C@H](C(=O)NC2COC2)CC[C@H]1n1cc(C(N)=O)c(Nc2ccc(Cl)cc2)n1,7.6,JAK1-selective,83.419975,1.1871247
N#C[C@@H]1C[C@H](C(=O)NCC(F)(F)F)CCC1n1cc(C(N)=O)c(Nc2ccc(Cl)cc2)n1,12.666666666666666,JAK1-selective,84.18199,-2.1031923
N#C[C@@H]1C[C@H](C(=O)N[C@@H](C2CC2)C(F)(F)F)CC[C@H]1n1cc(C(N)=O)c(Nc2ccc(Cl)cc2)n1,6.444444444444445,JAK1-selective,82.95951,-1.850804
N#C[C@@H]1C[C@H](C(=O)N[C@H](C2CC2)C(F)(F)F)CC[C@H]1n1cc(C(N)=O)c(Nc2ccc(Cl)cc2)n1,14.571428571428571,JAK1-selective,82.959496,-1.8509557
N#C[C@@H]1C[C@H](N2CCC2)CC[C@H]1n1cc(C(N)=O)c(Nc2ccc(C(F)(F)F)cc2)n1,120.0,JAK1-selective,68.76255,-8.2228
N#C[C@@H]1C[C@H](N2CCC2)CC[C@H]1n1nc(Nc2ccc(C(F)(F)F)cc2)c2c(=O)[nH]ccc21,25.405405405405407,JAK1-selective,15.215274,-81.34184
N#C[C@@H]1C[C@H](OCC2CC2)CC[C@H]1n1cc(C(N)=O)c(Nc2ccc([C@@H](O)C(F)(F)F)cc2)n1,19.0,JAK1-selective,62.913483,-6.5363092
N#C[C@@H]1C[C@H](OCC2CC2)CC[C@H]1n1cc(C(N)=O)c(Nc2ccc([C@H](O)C(F)(F)F)cc2)n1,32.0,JAK1-selective,62.91135,-6.536344
N#C[C@H]1C(n2cc(C(N)=O)c(Nc3ccccc3)n2)CCC[C@@H]1O,7.6923076923076925,JAK1-selective,52.672195,1.7213978
N#C[C@H]1CC(F)CCC1n1cc(C(N)=O)c(Nc2ccccc2)n1,7.0,JAK1-selective,52.96402,-0.37359333
N#C[C@H]1CC(N(C2CC2)C2CC2)CC[C@@H]1n1cc(C(N)=O)c(Nc2ccc(S(=O)(=O)C(F)(F)F)cc2)n1,16.0,JAK1-selective,71.95027,-25.019112
N#C[C@H]1CC(N2CCC[C@@H]2CF)CC[C@@H]1n1cc(C(N)=O)c(Nc2ccc(S(=O)(=O)C(F)(F)F)cc2)n1,14.0,JAK1-selective,69.182884,-24.839273
N#C[C@H]1CC(N2CCC[C@H]2CF)CC[C@@H]1n1cc(C(N)=O)c(Nc2ccc(S(=O)(=O)C(F)(F)F)cc2)n1,28.0,JAK1-selective,69.182884,-24.839273
N#C[C@H]1CC(N2CC[C@@H](F)C2)CC[C@@H]1n1cc(C(N)=O)c(Nc2ccc(S(=O)(=O)C(F)(F)F)cc2)n1,9.0,JAK1-selective,69.444405,-25.43843
N#C[C@H]1CC(N2CC[C@H](F)C2)CC[C@@H]1n1cc(C(N)=O)c(Nc2ccc(S(=O)(=O)C(F)(F)F)cc2)n1,17.0,JAK1-selective,69.44498,-25.438538
N#C[C@H]1CC(NC(C2CC2)C2CC2)CC[C@@H]1n1cc(C(N)=O)c(Nc2ccc(S(=O)(=O)C(F)(F)F)cc2)n1,56.25,JAK1-selective,73.81403,-21.09188
N#C[C@H]1CC(NC2CC2)CCC1n1cc(C(N)=O)c(Nc2ccc(S(=O)(=O)C(F)(F)F)cc2)n1,10.0,JAK1-selective,73.29212,-22.669964
N#C[C@H]1CC(NC2CCS(=O)(=O)C2)CC[C@@H]1n1cc(C(N)=O)c(Nc2ccc(S(=O)(=O)C(F)(F)F)cc2)n1,17.5,JAK1-selective,73.16876,-22.638184
N#C[C@H]1CC(NC2COC2)CC[C@@H]1n1cc(C(N)=O)c(Nc2ccc(S(=O)(=O)C(F)(F)F)cc2)n1,13.636363636363637,JAK1-selective,72.75199,-22.657276
N#C[C@H]1CC(NCC(=O)O)CC[C@@H]1n1cc(C(N)=O)c(Nc2ccc(S(=O)(=O)C(F)(F)F)cc2)n1,5.0,JAK1-selective,73.88336,-22.547472
N#C[C@H]1CC(NCC(F)F)CC[C@@H]1n1cc(C(N)=O)c(Nc2ccc(S(=O)(=O)C(F)F)cc2)n1,6.666666666666666,JAK1-selective,72.62564,-20.631598
N#C[C@H]1CC(NCC2CCS(=O)(=O)C2)CC[C@@H]1n1cc(C(N)=O)c(Nc2ccc(S(=O)(=O)C(F)(F)F)cc2)n1,25.0,JAK1-selective,74.641846,-22.787756
N#C[C@H]1CC(NCCO)CCC1n1cc(C(N)=O)c(Nc2ccc(S(=O)(=O)C(F)(F)F)cc2)n1,31.42857142857143,JAK1-selective,74.02824,-22.57034
N#C[C@H]1CC([N+]2(CC3CC3)CCC2)CC[C@@H]1n1cc(C(N)=O)c(Nc2ccc(Cl)cc2)n1,32.94117647058824,JAK1-selective,82.96889,2.9796236
N#C[C@H]1CCC2(CC1n1cc(C(N)=O)c(Nc3ccccc3)n1)OCCO2,5.340909090909091,JAK1-selective,51.174305,1.8847164
N#C[C@H]1CCCC(F)[C@@H]1n1cc(C(N)=O)c(Nc2ccccc2)n1,12.0,JAK1-selective,52.92556,2.0110235
N#C[C@H]1CCCCC1n1cc(C(N)=O)c(Nc2ccc(-c3cn[nH]c3)nc2)n1,8.0,JAK1-selective,57.4047,8.83354
N#C[C@H]1CCCCC1n1cc(C(N)=O)c(Nc2ccc(F)cc2)n1,7.333333333333333,JAK1-selective,47.363064,-10.042335
N#C[C@H]1CCCCC1n1cc(C(N)=O)c(Nc2ccc(S(=O)(=O)C(F)(F)F)cc2)n1,8.5,JAK1-selective,51.26325,13.171803
N#C[C@H]1CCCCC1n1cc(C(N)=O)c(Nc2ccc(S(=O)(=O)C(F)F)c(CO)c2)n1,7.0,JAK1-selective,54.15011,13.665845
N#C[C@H]1CCCCC1n1cc(C(N)=O)c(Nc2ccc(S(=O)(=O)C(F)F)cc2)n1,10.0,JAK1-selective,50.296223,14.033231
N#C[C@H]1CCCCC1n1cc(C(N)=O)c(Nc2ccc(S(=O)(=O)CC(F)(F)F)cc2)n1,10.204081632653061,JAK1-selective,51.24333,13.195621
N#C[C@H]1CCCCC1n1cc(C(N)=O)c(Nc2ccc(S(=O)(=O)CF)cc2)n1,12.5,JAK1-selective,49.8597,13.979475
N#C[C@H]1CCCCC1n1cc(C(N)=O)c(Nc2ccc3c(c2)C(O)CS3(=O)=O)n1,7.142857142857142,JAK1-selective,58.635365,12.643586
N#C[C@H]1CCCCC1n1cc(C(N)=O)c(Nc2ccc3c(c2)C=CS3(=O)=O)n1,24.444444444444443,JAK1-selective,58.568363,12.6497
N#C[C@H]1CCCCC1n1cc(C(N)=O)c(Nc2ccc3c(c2)CCS3(=O)=O)n1,15.0,JAK1-selective,58.642124,12.751513
N#C[C@H]1CCCCC1n1cc(C(N)=O)c(Nc2ccccc2)n1,7.5,JAK1-selective,52.656513,2.7354372
N#C[C@H]1CCCCC1n1nc(Nc2ccc(-c3ccno3)cc2)c2c(=O)[nH]ccc21,10.0,JAK1-selective,10.57683,-73.19832
N#C[C@H]1CCCCC1n1nc(Nc2ccc(-c3ccon3)cc2)c2c(=O)[nH]ccc21,8.88888888888889,JAK1-selective,10.502628,-73.04737
N#C[C@H]1CCCCC1n1nc(Nc2ccc(-c3nccs3)cc2)c2c(=O)[nH]ccc21,13.846153846153847,JAK1-selective,10.00222,-73.16522
N#C[C@H]1CCCCC1n1nc(Nc2ccc(-c3ncno3)cc2)c2c(=O)[nH]ccc21,6.545454545454546,JAK1-selective,10.451015,-73.15486
N#C[C@H]1CCCCC1n1nc(Nc2ccc(-c3ncon3)cc2)c2c(=O)[nH]ccc21,7.0588235294117645,JAK1-selective,10.341166,-73.05981
N#C[C@H]1CCCC[C@@H]1n1cc(C(N)=O)c(Nc2cc(Cl)cc(Cl)c2)n1,6.611111111111111,JAK1-selective,59.87159,9.723435
N#C[C@H]1CCCC[C@@H]1n1cc(C(N)=O)c(Nc2cc(F)cc(Cl)c2)n1,6.0,JAK1-selective,59.656425,10.63387
N#C[C@H]1CCCC[C@@H]1n1cc(C(N)=O)c(Nc2ccc(Br)cc2)n1,11.0,JAK1-selective,55.618122,8.047587
N#C[C@H]1CCCC[C@@H]1n1cc(C(N)=O)c(Nc2ccc(C(F)(F)F)cc2)n1,9.5,JAK1-selective,53.31966,9.704051
N#C[C@H]1CCCC[C@@H]1n1cc(C(N)=O)c(Nc2ccc(C(F)F)nc2)n1,6.5,JAK1-selective,56.703835,9.950847
N#C[C@H]1CCCC[C@@H]1n1cc(C(N)=O)c(Nc2ccc(C=O)cc2)n1,5.660377358490566,JAK1-selective,55.588352,8.035126
N#C[C@H]1CCCC[C@@H]1n1cc(C(N)=O)c(Nc2ccc(Cl)c(Cl)c2)n1,5.470588235294118,JAK1-selective,59.856323,9.861442
N#C[C@H]1CCCC[C@@H]1n1cc(C(N)=O)c(Nc2ccc(Cl)c(F)c2)n1,10.96583617059641,JAK1-selective,59.752335,10.863199
N#C[C@H]1CCCC[C@@H]1n1cc(C(N)=O)c(Nc2ccc(Cl)cc2)n1,12.5,JAK1-selective,60.443504,9.692506
N#C[C@H]1CCCC[C@@H]1n1cc(C(N)=O)c(Nc2ccc(Cl)nc2)n1,9.88888888888889,JAK1-selective,58.977325,9.261257
N#C[C@H]1CCCC[C@@H]1n1cc(C(N)=O)c(Nc2ccc(F)c(Cl)c2)n1,7.0,JAK1-selective,59.78588,10.788275
N#C[C@H]1CCCC[C@@H]1n1cc(C(N)=O)c(Nc2ccc(F)c(F)c2)n1,8.5,JAK1-selective,59.38388,11.009451
N#C[C@H]1CCCC[C@@H]1n1cc(C(N)=O)c(Nc2ccc(F)nc2)n1,6.0,JAK1-selective,57.414314,10.217875
N#C[C@H]1CCCC[C@@H]1n1cc(C(N)=O)c(Nc2ccc(OC(F)(F)F)cc2)n1,10.0,JAK1-selective,54.0619,9.801124
N#C[C@H]1CCCC[C@@H]1n1cc(C(N)=O)c(Nc2ccc(OC(F)F)cc2)n1,7.142857142857143,JAK1-selective,55.662617,9.101193
N#C[C@H]1CCCC[C@@H]1n1cc(C(N)=O)c(Nc2ccc(OC(F)F)nc2)n1,6.5,JAK1-selective,56.596344,9.674305
N#C[C@H]1CCCC[C@@H]1n1cc(C(N)=O)c(Nc2ccc(S(=O)(=O)C(F)(F)F)c(CO)c2)n1,5.0,JAK1-selective,53.9882,13.615431
N#C[C@H]1CCCC[C@@H]1n1cc(C(N)=O)c(Nc2ccc(S(=O)(=O)C(F)(F)F)cc2)n1,7.4375,JAK1-selective,51.26325,13.171803
N#C[C@H]1CCCC[C@@H]1n1cc(C(N)=O)c(Nc2ccc(S(=O)(=O)Nc3ccc(C(F)(F)F)cc3)cc2)n1,5.166666666666667,JAK1-selective,51.514347,12.568874
N#C[C@H]1CCCC[C@@H]1n1cc(C(N)=O)c(Nc2ccc(S(=O)(=O)Nc3ccc4cccnc4c3)cc2)n1,6.6,JAK1-selective,47.53277,14.265996
N#C[C@H]1CCCC[C@@H]1n1cc(C(N)=O)c(Nc2ccc(S(=O)(=O)Nc3ccncc3)cc2)n1,5.714285714285714,JAK1-selective,48.556225,14.292814
N#C[C@H]1CCCC[C@@H]1n1cc(C(N)=O)c(Nc2ccc([C@@H](O)C(F)(F)F)cc2)n1,10.526315789473685,JAK1-selective,53.88619,10.1721945
N#C[C@H]1CCCC[C@@H]1n1cc(C(N)=O)c(Nc2ccc([C@@H](O)C(F)(F)F)nc2)n1,8.571428571428571,JAK1-selective,55.394753,10.646277
N#C[C@H]1CCCC[C@@H]1n1cc(C(N)=O)c(Nc2ccc([C@H](O)C(F)(F)F)nc2)n1,10.0,JAK1-selective,55.394722,10.6463
N#C[C@H]1CCCC[C@@H]1n1cc(C(N)=O)c(Nc2ccnc(C(F)(F)F)c2)n1,6.473684210526316,JAK1-selective,56.39229,11.970389
N#C[C@H]1CCCC[C@@H]1n1cc(C(N)=O)c(Nc2ccnc(Cl)c2)n1,7.75,JAK1-selective,60.129242,8.943984
N#C[C@H]1CCCC[C@@H]1n1cc(C(N)=O)c(Nc2ccnc(F)c2)n1,10.5,JAK1-selective,68.38558,10.192326
N#C[C@H]1CCCC[C@@H]1n1cc(C(N)=O)c(Nc2ccnnc2)n1,9.333333333333334,JAK1-selective,57.375614,8.384497
N#C[C@H]1CCCC[C@@H]1n1cc(C(N)=O)c(Nc2cnc3c(c2)CNC3=O)n1,12.727272727272727,JAK1-selective,58.097202,8.915216
N#C[C@H]1CCCC[C@@H]1n1cc(C(N)=O)c(Nc2cnc3cc(Cl)ccc3c2)n1,5.25,JAK1-selective,59.715313,9.368603
N#C[C@H]1CCCC[C@@H]1n1cc(C(N)=O)c(Nc2cnc3cc(F)ccc3c2)n1,8.0,JAK1-selective,57.854713,10.606974
N#C[C@H]1CCCC[C@@H]1n1cc(C(N)=O)c(Nc2cnc3ccc(F)cc3c2)n1,7.0,JAK1-selective,57.84471,10.590187
N#C[C@H]1CCCC[C@@H]1n1cc(C(N)=O)c(Nc2cncc(Cl)c2)n1,5.571428571428571,JAK1-selective,59.712635,9.500406
N#C[C@H]1CCCC[C@@H]1n1nc(Nc2ccc(-c3ncco3)cc2)c2c(=O)[nH]ccc21,14.615384615384615,JAK1-selective,10.217823,-72.96115
N#C[C@H]1CCCC[C@@H]1n1nc(Nc2ccc(-c3noc(=O)[nH]3)cc2)c2c(=O)[nH]ccc21,17.058823529411764,JAK1-selective,10.595689,-73.247665
N#C[C@H]1CCCC[C@@H]1n1nc(Nc2ccc(C(=O)O)cc2)c2c(=O)[nH]ccc21,21.25,JAK1-selective,10.806223,-71.70841
N#C[C@H]1CCCC[C@@H]1n1nc(Nc2ccc(C(O)C(F)(F)F)cc2)c2c(=O)[nH]ccc21,6.484680751539721,JAK1-selective,12.73922,-76.972
N#C[C@H]1CCCC[C@@H]1n1nc(Nc2ccc(C3(C(F)(F)F)CC3)cc2)c2c(=O)[nH]ccc21,8.1,JAK1-selective,13.952345,-75.52718
N#C[C@H]1CCCC[C@@H]1n1nc(Nc2ccc(CNC(=O)c3ncccn3)cc2)c2c(=O)[nH]ccc21,6.896551724137931,JAK1-selective,8.672802,-70.945595
N#C[C@H]1CCCC[C@@H]1n1nc(Nc2ccc(Cl)cc2)c2c(=O)[nH]ccc21,22.88888888888889,JAK1-selective,10.188416,-74.41476
N#C[C@H]1CCCC[C@@H]1n1nc(Nc2ccc(F)cc2)c2c(=O)[nH]ccc21,13.392857142857142,JAK1-selective,12.981939,-73.78317
N#C[C@H]1CCCC[C@@H]1n1nc(Nc2ccc(S(=O)(=O)NCc3ccccc3)cc2)c2c(=O)[nH]ccc21,5.714285714285714,JAK1-selective,13.252486,-66.264046
N#C[C@H]1CCCC[C@@H]1n1nc(Nc2ccc(S(N)(=O)=O)cc2)c2c(=O)[nH]ccc21,7.7272727272727275,JAK1-selective,13.998886,-65.625374
N#C[C@H]1CCCC[C@@H]1n1nc(Nc2ccc([C@]3(O)CC[C@H](C(=O)O)CC3)cc2)c2c(=O)[nH]ccc21,5.09433962264151,JAK1-selective,11.689424,-71.97206
N#C[C@H]1CCCC[C@@H]1n1nc(Nc2ccc3c(c2)CC(C(=O)O)C3)c2c(=O)[nH]ccc21,7.23404255319149,JAK1-selective,-0.09233944,-74.84511
N#C[C@H]1CCCC[C@@H]1n1nc(Nc2ccc3c(c2)CCS3(=O)=O)c2c(=O)[nH]ccc21,11.451612903225806,JAK1-selective,-0.8220404,-77.664055
N#C[C@H]1CCCC[C@@H]1n1nc(Nc2ccc3c(c2)CN(C2CCCC2)C3=O)c2c(=O)[nH]ccc21,8.035714285714286,JAK1-selective,0.6548865,-78.77144
N#C[C@H]1CCCC[C@@H]1n1nc(Nc2ccc3c(c2)CN(C2CCCCC2)C3=O)c2c(=O)[nH]ccc21,7.560975609756097,JAK1-selective,0.6560584,-78.779564
N#C[C@H]1CCCC[C@@H]1n1nc(Nc2ccc3c(c2)CN(C2CCOCC2)C3=O)c2c(=O)[nH]ccc21,5.256410256410256,JAK1-selective,-0.07229875,-79.39794
N#C[C@H]1CCCC[C@@H]1n1nc(Nc2ccc3c(c2)CN(CC(F)(F)F)S3(=O)=O)c2c(=O)[nH]ccc21,11.6,JAK1-selective,-4.3971977,-77.0697
N#C[C@H]1CCCC[C@@H]1n1nc(Nc2ccc3c(c2)CN(CC2CC2)S3(=O)=O)c2c(=O)[nH]ccc21,8.181818181818182,JAK1-selective,-4.7090917,-80.03978
N#C[C@H]1CCCC[C@@H]1n1nc(Nc2ccc3c(c2)CN(CC2CCCC2)S3(=O)=O)c2c(=O)[nH]ccc21,5.416666666666667,JAK1-selective,-4.668162,-79.95801
N#C[C@H]1CCCC[C@@H]1n1nc(Nc2ccc3c(c2)CN(CCO)S3(=O)=O)c2c(=O)[nH]ccc21,11.645569620253164,JAK1-selective,-4.687824,-79.96293
N#C[C@H]1CCCC[C@@H]1n1nc(Nc2ccc3c(c2)CN([C@H]2CC[C@@H](C(=O)O)CC2)S3(=O)=O)c2c(=O)[nH]ccc21,6.811594202898551,JAK1-selective,-4.171364,-80.718094
N#C[C@H]1CCCC[C@@H]1n1nc(Nc2ccc3c(c2)CNS3(=O)=O)c2c(=O)[nH]ccc21,12.156862745098039,JAK1-selective,-0.726294,-77.64961
N#C[C@H]1CCCC[C@@H]1n1nc(Nc2cccc(CNC(=O)c3cnco3)c2)c2c(=O)[nH]ccc21,7.419354838709677,JAK1-selective,5.623323,-70.3622
N#C[C@H]1CCCC[C@@H]1n1nc(Nc2cccc(CNC(=O)c3ncccn3)c2)c2c(=O)[nH]ccc21,6.373626373626373,JAK1-selective,5.784702,-70.39839
N#C[C@H]1CCCC[C@@H]1n1nc(Nc2cccc([C@@H](N)C(F)(F)F)c2)c2c(=O)[nH]ccc21,8.461538461538462,JAK1-selective,5.98304,-74.3628
N#C[C@H]1CCCC[C@@H]1n1nc(Nc2ccccc2)c2c(=O)[nH]ccc21,7.111111111111111,JAK1-selective,7.8326187,-72.42917
N#C[C@H]1CCCC[C@@H]1n1nc(Nc2ccnc(F)c2)c2c(=O)[nH]ccc21,13.5,JAK1-selective,4.4447417,-79.79988
N#C[C@H]1CCC[C@@H]1n1cc(C(N)=O)c(Nc2ccccc2)n1,12.625,JAK1-selective,52.58985,2.5303006
N#C[C@H]1CCC[C@@H]1n1nc(Nc2ccc(C(O)C(F)(F)F)cc2)c2c(=O)[nH]ccc21,7.066666666666666,JAK1-selective,12.770344,-77.0162
N#C[C@H]1CCC[C@@H]1n1nc(Nc2ccc(S(N)(=O)=O)cc2)c2c(=O)[nH]ccc21,5.666666666666667,JAK1-selective,14.036668,-65.5948
N#C[C@H]1CCC[C@@H]1n1nc(Nc2ccc3c(c2)CN(CC(F)(F)F)C3=O)c2c(=O)[nH]ccc21,5.365853658536586,JAK1-selective,-3.1147163,-75.94244
N#C[C@H]1CCC[C@@H]1n1nc(Nc2ccc3c(c2)CN(CC(F)(F)F)S3(=O)=O)c2c(=O)[nH]ccc21,8.928571428571429,JAK1-selective,-4.388873,-77.05994
N#C[C@H]1CCC[C@@H]1n1nc(Nc2ccnc(F)c2)c2c(=O)[nH]ccc21,8.90625,JAK1-selective,4.4487057,-79.80073
N#C[C@H]1CCN(C[C@H]2CC[C@H](c3nnn4cnc5[nH]ccc5c34)CC2)C1,5.0,JAK1-selective,-38.992325,-49.52507
N#C[C@H]1CCNC[C@@H]1n1cc(C(N)=O)c(Nc2ccc(F)cc2)n1,9.615384615384615,JAK1-selective,48.274876,-10.626888
N#C[C@H]1CCOCC1n1nc(Nc2ccnc(F)c2)c2c(=O)[nH]ccc21,18.6,JAK1-selective,26.749174,-68.215324
N#C[C@H]1CCOC[C@@H]1n1cc(C(N)=O)c(Nc2ccc(C(F)(F)F)nc2)n1,5.714285714285714,JAK1-selective,68.637825,19.706995
N#C[C@H]1CCOC[C@@H]1n1cc(C(N)=O)c(Nc2ccc(Cl)c(Cl)c2)n1,10.271434714721558,JAK1-selective,68.29504,17.028925
N#C[C@H]1CCOC[C@@H]1n1cc(C(N)=O)c(Nc2ccc(Cl)c(F)c2)n1,7.5625,JAK1-selective,68.42193,16.455591
N#C[C@H]1CCOC[C@@H]1n1cc(C(N)=O)c(Nc2ccc(Cl)cc2)n1,13.015819644125797,JAK1-selective,68.76594,17.036226
N#C[C@H]1CCOC[C@@H]1n1cc(C(N)=O)c(Nc2ccc(F)nc2)n1,6.25,JAK1-selective,68.69779,18.56709
N#C[C@H]1CCOC[C@@H]1n1cc(C(N)=O)c(Nc2ccc(OC(F)(F)F)cc2)n1,6.75,JAK1-selective,67.645584,19.748407
N#C[C@H]1CCOC[C@@H]1n1cc(C(N)=O)c(Nc2ccc(OCC(F)(F)F)nc2)n1,5.0,JAK1-selective,68.60891,19.772606
N#C[C@H]1CCOC[C@@H]1n1cc(C(N)=O)c(Nc2ccc([C@@H](O)C(F)(F)F)cc2)n1,6.666666666666667,JAK1-selective,67.39353,20.243252
N#C[C@H]1CCOC[C@@H]1n1cc(C(N)=O)c(Nc2ccc([C@H](O)C(F)(F)F)cc2)n1,7.777777777777778,JAK1-selective,67.39353,20.243252
N#C[C@H]1CCOC[C@@H]1n1cc(C(N)=O)c(Nc2ccccc2)n1,6.7,JAK1-selective,65.338715,17.605772
N#C[C@H]1CCOC[C@@H]1n1cc(C(N)=O)c(Nc2ccnc(F)c2)n1,10.0,JAK1-selective,68.77949,11.537101
N#C[C@H]1CCOC[C@@H]1n1cc(C(N)=O)c(Nc2cnc3cc(Cl)ccc3c2)n1,10.0,JAK1-selective,69.131615,17.186705
N#C[C@H]1CCOC[C@@H]1n1nc(Nc2ccc3c(c2)CN(CC(F)(F)F)S3(=O)=O)c2c(=O)[nH]ccc21,5.8,JAK1-selective,24.050116,-69.41956
N#C[C@H]1CCOC[C@@H]1n1nc(Nc2ccccc2)c2c(=O)[nH]ccc21,12.636363636363637,JAK1-selective,26.67095,-65.53183
N#C[C@H]1CC[C@@H](NCc2ccccc2)C[C@@H]1n1cc(C(N)=O)c(Nc2ccc(F)cc2)n1,15.454545454545455,JAK1-selective,49.849064,-7.500027
N#C[C@H]1CC[C@@H](O)CC1n1cc(C(N)=O)c(Nc2ccccc2)n1,6.851851851851852,JAK1-selective,52.582607,0.67461747
N#C[C@H]1CC[C@H](NCc2ccccc2)C[C@@H]1n1cc(C(N)=O)c(Nc2ccc(F)cc2)n1,13.75,JAK1-selective,49.849064,-7.500027
N#C[C@H]1CC[C@H](O)CC1n1cc(C(N)=O)c(Nc2ccccc2)n1,5.266666666666667,JAK1-selective,52.582607,0.67461747
N#C[C@H]1CC[C@H](c2nnn3cnc4[nH]ccc4c23)CC1,5.6976744186046515,JAK1-selective,-33.446823,-43.519592
N#C[C@H]1COCC[C@@H]1n1cc(C(N)=O)c(Nc2ccnc(F)c2)n1,7.0,JAK1-selective,68.8041,11.273275
N#C[C@H]1CS(=O)(=O)CC[C@@H]1n1cc(C(N)=O)c(Nc2ccc(F)cc2)n1,20.0,JAK1-selective,48.40463,-10.809398
N#C[C@H]1CS(=O)(=O)C[C@H]1n1cc(C(N)=O)c(Nc2ccc(F)cc2)n1,22.6274,JAK1-selective,48.283054,-10.934178
N#C[C@H]1CS(=O)(=O)C[C@H]1n1cc(C(N)=O)c(Nc2ccnc(F)c2)n1,19.2,JAK1-selective,68.80457,10.106636
N#C[C@H]1C[C@@H](C(=O)N2CC(F)(F)C2)CC[C@@H]1n1cc(C(N)=O)c(Nc2ccc(Cl)cc2)n1,8.064516129032258,JAK1-selective,81.175995,1.0354593
N#C[C@H]1C[C@@H](C(=O)N2CC(F)C2)CC[C@@H]1n1cc(C(N)=O)c(Nc2ccc(Cl)cc2)n1,7.666666666666667,JAK1-selective,81.47078,0.53230935
N#C[C@H]1C[C@@H](C(=O)N2CC3(CCC3)C2)CC[C@@H]1n1cc(C(N)=O)c(Nc2ccc(Cl)cc2)n1,7.2727272727272725,JAK1-selective,81.03675,1.60174
N#C[C@H]1C[C@@H](C(=O)N2CC3(COC3)C2)CC[C@@H]1n1cc(C(N)=O)c(Nc2ccc(Cl)cc2)n1,11.627906976744185,JAK1-selective,81.39104,1.9100106
N#C[C@H]1C[C@@H](C(=O)N2CCC(F)(F)C2)CC[C@@H]1n1cc(C(N)=O)c(Nc2ccc(Cl)cc2)n1,38.333333333333336,JAK1-selective,80.72431,1.0471238
N#C[C@H]1C[C@@H](C(=O)NC(C2CC2)C2CC2)CC[C@@H]1n1cc(C(N)=O)c(Nc2ccc(Cl)cc2)n1,20.0,JAK1-selective,82.463,-0.09854838
N#C[C@H]1C[C@@H](C(=O)NC2CC(F)(F)C2)CC[C@@H]1n1cc(C(N)=O)c(Nc2ccc(Cl)cc2)n1,8.19047619047619,JAK1-selective,83.0626,-0.018657655
N#C[C@H]1C[C@@H](C(=O)NC2CC2)CC[C@@H]1n1cc(C(N)=O)c(Nc2ccc(Cl)cc2)n1,7.972972972972973,JAK1-selective,83.2975,0.5744629
N#C[C@H]1C[C@@H](C(=O)NC2CCC2)CC[C@@H]1n1cc(C(N)=O)c(Nc2ccc(Cl)cc2)n1,5.15,JAK1-selective,82.925735,0.6997182
N#C[C@H]1C[C@@H](C(=O)NC2COC2)CC[C@@H]1n1cc(C(N)=O)c(Nc2ccc(Cl)cc2)n1,7.363636363636363,JAK1-selective,83.419975,1.1871247
N#C[C@H]1C[C@@H](C(=O)NCC(F)(F)F)CC[C@@H]1n1cc(C(N)=O)c(Nc2ccc(Cl)cc2)n1,31.142857142857142,JAK1-selective,84.18317,-2.103375
N#C[C@H]1C[C@@H](C(=O)N[C@H](C2CC2)C(F)(F)F)CC[C@@H]1n1cc(C(N)=O)c(Nc2ccc(Cl)cc2)n1,55.55555555555556,JAK1-selective,82.96,-1.8508599
N#C[C@H]1C[C@@H](N)CCC1n1cc(C(N)=O)c(Nc2ccc(F)cc2)n1,35.0,JAK1-selective,50.037296,-10.543557
N#C[C@H]1C[C@@H](N2CC(F)C2)CC[C@@H]1n1cc(C(N)=O)c(Nc2ccc(C(F)(F)F)cc2)n1,10.0,JAK1-selective,68.97043,-9.669781
N#C[C@H]1C[C@@H](N2CC(F)C2)CC[C@@H]1n1cc(C(N)=O)c(Nc2ccc(S(=O)(=O)C(F)(F)F)cc2)n1,13.0,JAK1-selective,69.72252,-25.512352
N#C[C@H]1C[C@@H](N2CC(O)(C(F)(F)F)C2)CCC1n1cc(C(N)=O)c(Nc2ccc(Cl)cc2)n1,12.0,JAK1-selective,81.31121,4.1456304
N#C[C@H]1C[C@@H](N2CC(O)(C(F)(F)F)C2)CC[C@@H]1n1cc(C(N)=O)c(Nc2ccc(C(F)(F)F)cc2)n1,23.0,JAK1-selective,70.606735,-8.5563345
N#C[C@H]1C[C@@H](N2CC(O)C2)CC[C@@H]1n1cc(C(N)=O)c(Nc2ccc(S(=O)(=O)C(F)(F)F)cc2)n1,7.692307692307692,JAK1-selective,69.77203,-25.408533
N#C[C@H]1C[C@@H](N2CC(O)C2)CC[C@@H]1n1nc(Nc2ccc(Cl)cc2)c2c(=O)[nH]ccc21,21.428571428571427,JAK1-selective,15.166228,-84.175064
N#C[C@H]1C[C@@H](N2CC3(CCC3)C2)CC[C@@H]1n1cc(C(N)=O)c(Nc2ccc(C(F)(F)F)cc2)n1,60.5,JAK1-selective,70.384796,-8.5502205
N#C[C@H]1C[C@@H](N2CC3(CCC3)C2)CC[C@@H]1n1cc(C(N)=O)c(Nc2ccc([C@@H](O)C(F)(F)F)cc2)n1,45.0,JAK1-selective,69.20185,-3.905878
N#C[C@H]1C[C@@H](N2CC3(CCC3)C2)CC[C@@H]1n1cc(C(N)=O)c(Nc2ccc([C@H](O)C(F)(F)F)cc2)n1,70.0,JAK1-selective,69.20185,-3.905878
N#C[C@H]1C[C@@H](N2CC3(CCC3)C2)CC[C@@H]1n1cc(C(N)=O)c(Nc2ccccc2)n1,61.0,JAK1-selective,54.089886,-1.1456043
N#C[C@H]1C[C@@H](N2CC3(CCC3)C2)CC[C@@H]1n1cc(C(N)=O)c(Nc2ccnc(F)c2)n1,72.0,JAK1-selective,70.42586,9.376777
N#C[C@H]1C[C@@H](N2CC3(COC3)C2)CC[C@@H]1n1cc(C(N)=O)c(Nc2ccc(C(F)(F)F)cc2)n1,21.05263157894737,JAK1-selective,70.65752,-9.005513
N#C[C@H]1C[C@@H](N2CCC2)CC[C@@H]1n1cc(C(N)=O)c(Nc2ccc(C(F)(F)F)cc2)n1,67.5,JAK1-selective,68.76273,-8.222899
N#C[C@H]1C[C@@H](N2CCC2)CC[C@@H]1n1cc(C(N)=O)c(Nc2ccc(C(F)(F)F)nc2)n1,12.5,JAK1-selective,66.082535,-6.08903
N#C[C@H]1C[C@@H](N2CCC2)CC[C@@H]1n1cc(C(N)=O)c(Nc2ccc(C=O)cc2)n1,35.55555555555556,JAK1-selective,66.175575,-4.308168
N#C[C@H]1C[C@@H](N2CCC2)CC[C@@H]1n1cc(C(N)=O)c(Nc2ccc(CC(F)(F)F)cc2)n1,26.666666666666668,JAK1-selective,67.375626,-5.910083
N#C[C@H]1C[C@@H](N2CCC2)CC[C@@H]1n1cc(C(N)=O)c(Nc2ccc(Cl)c(F)c2)n1,42.0,JAK1-selective,74.81625,0.9124541
N#C[C@H]1C[C@@H](N2CCC2)CC[C@@H]1n1cc(C(N)=O)c(Nc2ccc(Cl)cc2)n1,58.57142857142858,JAK1-selective,80.22601,3.3568845
N#C[C@H]1C[C@@H](N2CCC2)CC[C@@H]1n1cc(C(N)=O)c(Nc2ccc(OC(F)(F)F)cc2)n1,32.85714285714286,JAK1-selective,67.20589,-5.58634
N#C[C@H]1C[C@@H](N2CCC2)CC[C@@H]1n1cc(C(N)=O)c(Nc2ccc(OC(F)F)cc2)n1,15.5,JAK1-selective,66.44008,-4.7395735
N#C[C@H]1C[C@@H](N2CCC2)CC[C@@H]1n1cc(C(N)=O)c(Nc2ccc(S(=O)(=O)C(F)(F)F)cc2)n1,26.666666666666668,JAK1-selective,69.031845,-25.210392
N#C[C@H]1C[C@@H](N2CCC2)CC[C@@H]1n1cc(C(N)=O)c(Nc2ccc([C@@H](O)C(F)(F)F)cc2)n1,23.636363636363633,JAK1-selective,68.31165,-4.230019
N#C[C@H]1C[C@@H](N2CCC2)CC[C@@H]1n1cc(C(N)=O)c(Nc2ccc([C@H](O)C(F)(F)F)cc2)n1,36.66666666666667,JAK1-selective,68.310974,-4.2300625
N#C[C@H]1C[C@@H](N2CCC2)CC[C@@H]1n1cc(C(N)=O)c(Nc2ccccc2)n1,52.0,JAK1-selective,54.091274,-1.086149
N#C[C@H]1C[C@@H](N2CCC2)CC[C@@H]1n1cc(C(N)=O)c(Nc2ccnc(F)c2)n1,18.5,JAK1-selective,70.45642,9.289318
N#C[C@H]1C[C@@H](N2CCC2)CC[C@@H]1n1nc(Nc2ccc(C(F)(F)F)cc2)c2c(=O)[nH]ccc21,25.0,JAK1-selective,15.215274,-81.34184
N#C[C@H]1C[C@@H](N2CCC2)CC[C@@H]1n1nc(Nc2ccc(Cl)c(F)c2)c2c(=O)[nH]ccc21,18.235294117647058,JAK1-selective,14.339844,-83.55947
N#C[C@H]1C[C@@H](N2CCC2)CC[C@@H]1n1nc(Nc2ccc(Cl)cc2)c2c(=O)[nH]ccc21,24.074074074074073,JAK1-selective,14.9124365,-83.966705
N#C[C@H]1C[C@@H](N2CCC2)CC[C@@H]1n1nc(Nc2ccc(OC(F)(F)F)cc2)c2c(=O)[nH]ccc21,35.22727272727273,JAK1-selective,15.0620775,-81.45932
N#C[C@H]1C[C@@H](N2CCOCC2)CCC1n1cc(C(N)=O)c(Nc2ccc(S(=O)(=O)C(F)(F)F)cc2)n1,20.0,JAK1-selective,68.712456,-25.60458
N#C[C@H]1C[C@@H](N2C[C@@H]3[C@@H](CO)[C@@H]3C2)CC[C@@H]1n1cc(C(N)=O)c(Nc2ccc(C(F)(F)F)cc2)n1,33.333333333333336,JAK1-selective,69.02422,-9.613217
N#C[C@H]1C[C@@H](NC(C2CC2)C2CC2)CC[C@@H]1n1cc(C(N)=O)c(Nc2ccc(S(=O)(=O)C(F)(F)F)cc2)n1,65.0,JAK1-selective,73.81403,-21.09188
N#C[C@H]1C[C@@H](NC2(C(F)(F)F)CC2)CC[C@@H]1n1cc(C(N)=O)c(Nc2ccc(Cl)cc2)n1,7.2,JAK1-selective,84.86863,-1.1786999
N#C[C@H]1C[C@@H](NC2(CO)CC2)CCC1n1cc(C(N)=O)c(Nc2ccc(Cl)cc2)n1,7.0,JAK1-selective,84.661095,0.60695744
N#C[C@H]1C[C@@H](NC2CC2)CC[C@@H]1n1cc(C(N)=O)c(Nc2ccc(C(F)(F)F)cc2)n1,24.444444444444443,JAK1-selective,68.17925,-14.196549
N#C[C@H]1C[C@@H](NC2CCOCC2)CCC1n1cc(C(N)=O)c(Nc2ccc(Cl)cc2)n1,25.5,JAK1-selective,83.91162,1.3447921
N#C[C@H]1C[C@@H](NC2COC2)CC[C@@H]1n1cc(C(N)=O)c(Nc2ccc(CC(F)(F)F)cc2)n1,10.0,JAK1-selective,67.08886,-16.637423
N#C[C@H]1C[C@@H](NCC(F)(F)F)CCC1n1cc(C(N)=O)c(Nc2ccc(S(=O)(=O)C(F)(F)F)cc2)n1,10.909090909090908,JAK1-selective,74.12003,-22.577312
N#C[C@H]1C[C@@H](NCC(F)(F)F)CCC1n1cc(C(N)=O)c(Nc2ccc(S(=O)(=O)C(F)F)cc2)n1,33.333333333333336,JAK1-selective,73.92257,-22.041842
N#C[C@H]1C[C@@H](NCC(F)(F)F)CC[C@@H]1n1cc(C(N)=O)c(Nc2ccc(Cl)cc2)n1,11.333333333333334,JAK1-selective,84.996124,-1.8030782
N#C[C@H]1C[C@@H](NCC(F)(F)F)CC[C@@H]1n1cc(C(N)=O)c(Nc2ccc(S(=O)(=O)C(F)(F)F)cc2)n1,15.5,JAK1-selective,74.12003,-22.577312
N#C[C@H]1C[C@@H](NCC(F)(F)F)CC[C@@H]1n1cc(C(N)=O)c(Nc2ccnc(F)c2)n1,16.0,JAK1-selective,69.13162,7.9720054
N#C[C@H]1C[C@@H](NCC(F)F)CCC1n1cc(C(N)=O)c(Nc2ccc(S(=O)(=O)C(F)(F)F)cc2)n1,44.0,JAK1-selective,73.84179,-21.509123
N#C[C@H]1C[C@@H](NCC(F)F)CC[C@@H]1n1cc(C(N)=O)c(Nc2ccc(Cl)c(F)c2)n1,8.75,JAK1-selective,76.32682,2.4291692
N#C[C@H]1C[C@@H](NCC(F)F)CC[C@@H]1n1cc(C(N)=O)c(Nc2ccc(F)c(Cl)c2)n1,10.25,JAK1-selective,76.34013,2.4252405
N#C[C@H]1C[C@@H](NCC(F)F)CC[C@@H]1n1cc(C(N)=O)c(Nc2ccc(S(=O)(=O)C(F)(F)F)cc2)n1,8.88888888888889,JAK1-selective,73.84179,-21.509123
N#C[C@H]1C[C@@H](NCC(F)F)CC[C@@H]1n1cc(C(N)=O)c(Nc2ccc(S(=O)(=O)C(F)F)cc2)n1,10.0,JAK1-selective,72.62564,-20.631598
N#C[C@H]1C[C@@H](NCC(F)F)CC[C@@H]1n1cc(C(N)=O)c(Nc2ccnc(F)c2)n1,11.0,JAK1-selective,69.17414,7.8841705
N#C[C@H]1C[C@@H](NCC2(O)CC2)CC[C@@H]1n1cc(C(N)=O)c(Nc2ccc(C(F)(F)F)cc2)n1,51.11111111111111,JAK1-selective,67.943214,-14.906471
N#C[C@H]1C[C@@H](NCC2CC2)CC[C@@H]1n1cc(C(N)=O)c(Nc2ccc(C(F)(F)F)cc2)n1,21.333333333333332,JAK1-selective,66.9645,-14.735058
N#C[C@H]1C[C@@H](NCC2CC2)CC[C@@H]1n1cc(C(N)=O)c(Nc2ccc(S(=O)(=O)C(F)(F)F)cc2)n1,40.0,JAK1-selective,74.95279,-22.842653
N#C[C@H]1C[C@@H](NCCC(F)(F)F)CC[C@@H]1n1cc(C(N)=O)c(Nc2ccc(S(=O)(=O)C(F)(F)F)cc2)n1,27.5,JAK1-selective,74.04817,-22.593058
N#C[C@H]1C[C@@H](NCc2ccccc2)CC[C@@H]1n1cc(C(N)=O)c(Nc2ccnc(F)c2)n1,30.0,JAK1-selective,69.09504,7.6937914
N#C[C@H]1C[C@@H](N[C@@H](C2CC2)C(F)(F)F)CC[C@@H]1n1cc(C(N)=O)c(Nc2ccc(C(F)(F)F)cc2)n1,38.0,JAK1-selective,69.543106,-15.058856
N#C[C@H]1C[C@@H](N[C@H](C2CC2)C(F)(F)F)CC[C@@H]1n1cc(C(N)=O)c(Nc2ccc(C(F)(F)F)cc2)n1,33.5,JAK1-selective,69.54325,-15.058101
N#C[C@H]1C[C@@H](O)CCC1n1cc(C(N)=O)c(Nc2ccc(F)cc2)n1,6.5,JAK1-selective,50.073242,-10.5830345
N#C[C@H]1C[C@@H](O)CC[C@@H]1n1cc(C(N)=O)c(Nc2ccc(C(F)(F)F)cc2)n1,18.0,JAK1-selective,67.22487,-11.944022
N#C[C@H]1C[C@@H](O)CC[C@@H]1n1cc(C(N)=O)c(Nc2ccc(Cl)c(Cl)c2)n1,10.0,JAK1-selective,74.36613,2.097038
N#C[C@H]1C[C@@H](O)CC[C@@H]1n1cc(C(N)=O)c(Nc2ccc(Cl)c(F)c2)n1,6.0,JAK1-selective,74.67622,2.4385905
N#C[C@H]1C[C@@H](O)CC[C@@H]1n1cc(C(N)=O)c(Nc2ccc(Cl)cc2)n1,24.0,JAK1-selective,82.537834,1.6684818
N#C[C@H]1C[C@@H](O)CC[C@@H]1n1cc(C(N)=O)c(Nc2ccc(OC(F)(F)F)cc2)n1,10.0,JAK1-selective,62.83482,-9.447673
N#C[C@H]1C[C@@H](O)CC[C@@H]1n1cc(C(N)=O)c(Nc2ccc(OC(F)F)cc2)n1,6.818181818181818,JAK1-selective,60.43468,-8.989724
N#C[C@H]1C[C@@H](O)CC[C@@H]1n1cc(C(N)=O)c(Nc2ccc(OC(F)F)nc2)n1,8.5,JAK1-selective,59.851395,-9.627573
N#C[C@H]1C[C@@H](O)CC[C@@H]1n1cc(C(N)=O)c(Nc2ccc(S(=O)(=O)C(F)(F)F)cc2)n1,10.776327152654305,JAK1-selective,70.81872,-24.268784
N#C[C@H]1C[C@@H](O)CC[C@@H]1n1cc(C(N)=O)c(Nc2ccc([C@@H](O)C(F)(F)F)cc2)n1,6.666666666666666,JAK1-selective,63.21633,-8.251204
N#C[C@H]1C[C@@H](O)CC[C@@H]1n1cc(C(N)=O)c(Nc2ccc([C@H](O)C(F)(F)F)cc2)n1,6.666666666666667,JAK1-selective,63.216263,-8.249347
N#C[C@H]1C[C@@H](OC(=O)NC2CCCCC2)CCC1n1cc(C(N)=O)c(Nc2ccc(F)cc2)n1,32.8,JAK1-selective,51.109215,-9.405869
N#C[C@H]1C[C@@H](OC(=O)Nc2ccccc2)CCC1n1cc(C(N)=O)c(Nc2ccc(F)cc2)n1,15.285714285714286,JAK1-selective,51.113758,-8.024124
N#C[C@H]1C[C@@H](OCC2CC2)CC[C@@H]1n1cc(C(N)=O)c(Nc2ccc(F)cc2)n1,8.25,JAK1-selective,51.36207,-11.256272
N#C[C@H]1C[C@H](N(CC2CC2)C2CCC2)CC[C@@H]1n1cc(C(N)=O)c(Nc2ccc(C(F)(F)F)cc2)n1,12.0,JAK1-selective,65.05648,-14.067028
N#C[C@H]1C[C@H](N(CC2CC2)C2COC2)CC[C@@H]1n1cc(C(N)=O)c(Nc2ccc(C(F)(F)F)cc2)n1,30.0,JAK1-selective,65.041664,-14.230507
N#C[C@H]1C[C@H](N(CC2CC2)CC2CC2)CC[C@@H]1n1cc(C(N)=O)c(Nc2ccc(C(F)(F)F)cc2)n1,5.769230769230769,JAK1-selective,64.90332,-13.977899
N#C[C@H]1C[C@H](N2CC(F)C2)CC[C@@H]1n1cc(C(N)=O)c(Nc2ccc(S(=O)(=O)C(F)(F)F)cc2)n1,13.333333333333332,JAK1-selective,69.72252,-25.512352
N#C[C@H]1C[C@H](N2CC(O)(C(F)(F)F)C2)CC[C@@H]1n1cc(C(N)=O)c(Nc2ccc(C(F)(F)F)cc2)n1,31.0,JAK1-selective,70.60751,-8.55639
N#C[C@H]1C[C@H](N2CC(O)C2)CC[C@@H]1n1cc(C(N)=O)c(Nc2ccc(S(=O)(=O)C(F)(F)F)cc2)n1,6.666666666666667,JAK1-selective,69.77203,-25.408533
N#C[C@H]1C[C@H](N2CC(O)C2)CC[C@@H]1n1nc(Nc2ccc(Cl)cc2)c2c(=O)[nH]ccc21,22.727272727272727,JAK1-selective,15.166228,-84.175064
N#C[C@H]1C[C@H](N2CC3(CCC3)C2)CC[C@@H]1n1cc(C(N)=O)c(Nc2ccc(C(F)(F)F)cc2)n1,400.0,JAK1-selective,70.384834,-8.550258
N#C[C@H]1C[C@H](N2CC3(CCC3)C2)CC[C@@H]1n1cc(C(N)=O)c(Nc2ccc([C@@H](O)C(F)(F)F)cc2)n1,270.0,JAK1-selective,69.20185,-3.905878
N#C[C@H]1C[C@H](N2CC3(CCC3)C2)CC[C@@H]1n1cc(C(N)=O)c(Nc2ccc([C@H](O)C(F)(F)F)cc2)n1,185.0,JAK1-selective,69.20122,-3.905344
N#C[C@H]1C[C@H](N2CC3(CCC3)C2)CC[C@@H]1n1cc(C(N)=O)c(Nc2ccnc(F)c2)n1,122.0,JAK1-selective,70.42586,9.376777
N#C[C@H]1C[C@H](N2CC3(COC3)C2)CC[C@@H]1n1cc(C(N)=O)c(Nc2ccc(C(F)(F)F)cc2)n1,23.0,JAK1-selective,70.65752,-9.005513
N#C[C@H]1C[C@H](N2CCC2)CC[C@@H]1n1cc(C(N)=O)c(Nc2ccc(C(F)(F)F)cc2)n1,56.666666666666664,JAK1-selective,68.76255,-8.2228
N#C[C@H]1C[C@H](N2CCC2)CC[C@@H]1n1cc(C(N)=O)c(Nc2ccc(C(F)(F)F)nc2)n1,22.5,JAK1-selective,66.081116,-6.0892143
N#C[C@H]1C[C@H](N2CCC2)CC[C@@H]1n1cc(C(N)=O)c(Nc2ccc(C(F)F)nc2)n1,23.5,JAK1-selective,66.2085,-4.77302
N#C[C@H]1C[C@H](N2CCC2)CC[C@@H]1n1cc(C(N)=O)c(Nc2ccc(CC(F)(F)F)cc2)n1,20.0,JAK1-selective,67.375626,-5.910083
N#C[C@H]1C[C@H](N2CCC2)CC[C@@H]1n1cc(C(N)=O)c(Nc2ccc(Cl)c(F)c2)n1,60.0,JAK1-selective,74.81625,0.9124541
N#C[C@H]1C[C@H](N2CCC2)CC[C@@H]1n1cc(C(N)=O)c(Nc2ccc(Cl)cc2)n1,55.0,JAK1-selective,80.22601,3.3568845
N#C[C@H]1C[C@H](N2CCC2)CC[C@@H]1n1cc(C(N)=O)c(Nc2ccc(OC(F)(F)F)cc2)n1,20.0,JAK1-selective,67.20589,-5.58634
N#C[C@H]1C[C@H](N2CCC2)CC[C@@H]1n1cc(C(N)=O)c(Nc2ccc(S(=O)(=O)C(F)(F)F)cc2)n1,17.24137931034483,JAK1-selective,69.03182,-25.210295
N#C[C@H]1C[C@H](N2CCC2)CC[C@@H]1n1cc(C(N)=O)c(Nc2ccc([C@@H](O)C(F)(F)F)cc2)n1,26.153846153846153,JAK1-selective,68.31165,-4.230019
N#C[C@H]1C[C@H](N2CCC2)CC[C@@H]1n1cc(C(N)=O)c(Nc2ccc([C@H](O)C(F)(F)F)cc2)n1,40.0,JAK1-selective,68.31165,-4.230019
N#C[C@H]1C[C@H](N2CCC2)CC[C@@H]1n1cc(C(N)=O)c(Nc2ccnc(F)c2)n1,17.25,JAK1-selective,70.45642,9.289318
N#C[C@H]1C[C@H](N2CCC2)CC[C@@H]1n1nc(Nc2ccc(C(F)(F)F)cc2)c2c(=O)[nH]ccc21,42.857142857142854,JAK1-selective,15.215274,-81.34184
N#C[C@H]1C[C@H](N2CCC2)CC[C@@H]1n1nc(Nc2ccc(Cl)c(F)c2)c2c(=O)[nH]ccc21,23.529411764705884,JAK1-selective,14.339844,-83.55947
N#C[C@H]1C[C@H](N2CCC2)CC[C@@H]1n1nc(Nc2ccc(Cl)cc2)c2c(=O)[nH]ccc21,39.75903614457831,JAK1-selective,14.9124365,-83.966705
N#C[C@H]1C[C@H](N2CCC2)CC[C@@H]1n1nc(Nc2ccc(OC(F)(F)F)cc2)c2c(=O)[nH]ccc21,35.22727272727273,JAK1-selective,15.0620775,-81.45932
N#C[C@H]1C[C@H](N2C[C@@H]3[C@@H](CO)[C@@H]3C2)CC[C@@H]1n1cc(C(N)=O)c(Nc2ccc(C(F)(F)F)cc2)n1,24.444444444444443,JAK1-selective,69.02422,-9.613217
N#C[C@H]1C[C@H](NC2(C(F)(F)F)CC2)CC[C@@H]1n1cc(C(N)=O)c(Nc2ccc(Cl)cc2)n1,6.888888888888889,JAK1-selective,84.87157,-1.1787032
N#C[C@H]1C[C@H](NC2(O)CC2)CCC1n1cc(C(N)=O)c(Nc2ccc(Cl)cc2)n1,15.0,JAK1-selective,84.670845,0.7036114
N#C[C@H]1C[C@H](NC2CC2)CC[C@@H]1n1cc(C(N)=O)c(Nc2ccc(C(F)(F)F)cc2)n1,22.6,JAK1-selective,68.17994,-14.196919
N#C[C@H]1C[C@H](NC2CCC2)CC[C@@H]1n1cc(C(N)=O)c(Nc2ccc(C(F)(F)F)cc2)n1,20.58823529411765,JAK1-selective,68.25378,-13.988008
N#C[C@H]1C[C@H](NC2COC2)CC[C@@H]1n1cc(C(N)=O)c(Nc2ccc(CC(F)(F)F)cc2)n1,5.714285714285714,JAK1-selective,67.08916,-16.637138
N#C[C@H]1C[C@H](NCC(F)F)CC[C@@H]1n1cc(C(N)=O)c(Nc2ccnc(F)c2)n1,5.888888888888889,JAK1-selective,69.17414,7.8841705
N#C[C@H]1C[C@H](NCC2(O)CC2)CC[C@@H]1n1cc(C(N)=O)c(Nc2ccc(C(F)(F)F)cc2)n1,48.0,JAK1-selective,67.94316,-14.906627
N#C[C@H]1C[C@H](NCC2CC2)CC[C@@H]1n1cc(C(N)=O)c(Nc2ccc(S(=O)(=O)C(F)(F)F)cc2)n1,160.0,JAK1-selective,74.95279,-22.842653
N#C[C@H]1C[C@H](NCCC(F)(F)F)CC[C@@H]1n1cc(C(N)=O)c(Nc2ccc(S(=O)(=O)C(F)(F)F)cc2)n1,27.333333333333332,JAK1-selective,74.04817,-22.593058
N#C[C@H]1C[C@H](NCc2c(F)cccc2F)CC[C@@H]1n1cc(C(N)=O)c(Nc2ccc(C(F)(F)F)cc2)n1,45.45454545454545,JAK1-selective,68.3364,-14.810989
N#C[C@H]1C[C@H](NCc2ccccc2)CC[C@@H]1n1cc(C(N)=O)c(Nc2ccnc(F)c2)n1,28.0,JAK1-selective,69.09504,7.6937914
N#C[C@H]1C[C@H](N[C@H](C2CC2)C(F)(F)F)CC[C@@H]1n1cc(C(N)=O)c(Nc2ccc(C(F)(F)F)cc2)n1,6.0606060606060606,JAK1-selective,69.54325,-15.058101
N#C[C@H]1C[C@H](O)CCC1n1cc(C(N)=O)c(Nc2ccc(F)cc2)n1,9.2,JAK1-selective,50.073242,-10.5830345
N#C[C@H]1C[C@H](O)CCC1n1cc(C(N)=O)c(Nc2ccc(S(=O)(=O)C(F)(F)F)cc2)n1,15.247938196491138,JAK1-selective,70.81917,-24.269218
N#C[C@H]1C[C@H](O)CCC1n1cc(C(N)=O)c(Nc2ccc(S(=O)(=O)C(F)F)cc2)n1,9.375,JAK1-selective,69.57982,-23.211529
N#C[C@H]1C[C@H](O)CCC1n1cc(C(N)=O)c(Nc2ccccc2)n1,11.666666666666666,JAK1-selective,53.0579,-0.3807106
N#C[C@H]1C[C@H](O)CCC1n1cc(C(N)=O)c(Nc2ccnc(F)c2)n1,15.333333333333334,JAK1-selective,69.458786,9.353944
N#C[C@H]1C[C@H](O)CC[C@@H]1n1cc(C(N)=O)c(Nc2ccc(C(F)(F)F)c(F)c2)n1,14.0,JAK1-selective,73.40206,2.273154
N#C[C@H]1C[C@H](O)CC[C@@H]1n1cc(C(N)=O)c(Nc2ccc(C(F)(F)F)cc2)n1,19.3649,JAK1-selective,67.22513,-11.943825
N#C[C@H]1C[C@H](O)CC[C@@H]1n1cc(C(N)=O)c(Nc2ccc(Cl)c(Cl)c2)n1,6.666666666666667,JAK1-selective,74.36658,2.096211
N#C[C@H]1C[C@H](O)CC[C@@H]1n1cc(C(N)=O)c(Nc2ccc(Cl)c(F)c2)n1,26.0,JAK1-selective,74.67474,2.4387138
N#C[C@H]1C[C@H](O)CC[C@@H]1n1cc(C(N)=O)c(Nc2ccc(Cl)cc2)n1,20.0,JAK1-selective,82.53621,1.6683791
N#C[C@H]1C[C@H](O)CC[C@@H]1n1cc(C(N)=O)c(Nc2ccc(Cl)nc2)n1,6.666666666666667,JAK1-selective,58.916237,-8.800634
N#C[C@H]1C[C@H](O)CC[C@@H]1n1cc(C(N)=O)c(Nc2ccc(OC(F)F)cc2)n1,13.333333333333334,JAK1-selective,60.43468,-8.989724
N#C[C@H]1C[C@H](O)CC[C@@H]1n1cc(C(N)=O)c(Nc2ccc(OC(F)F)nc2)n1,10.5,JAK1-selective,59.845036,-9.627359
N#C[C@H]1C[C@H](O)CC[C@@H]1n1cc(C(N)=O)c(Nc2ccc(S(=O)(=O)C(F)(F)F)cc2)n1,15.0,JAK1-selective,70.81917,-24.269218
N#C[C@H]1C[C@H](O)CC[C@@H]1n1cc(C(N)=O)c(Nc2ccc([C@@H](O)C(F)(F)F)cc2)n1,10.0,JAK1-selective,63.216293,-8.251125
N#C[C@H]1C[C@H](O)CC[C@@H]1n1cc(C(N)=O)c(Nc2ccc([C@H](O)C(F)(F)F)cc2)n1,12.0,JAK1-selective,63.216206,-8.250739
N#C[C@H]1C[C@H](O)CC[C@@H]1n1cc(C(N)=O)c(Nc2ccccc2)n1,13.0,JAK1-selective,53.0579,-0.3807106
N#C[C@H]1C[C@H](O)CC[C@@H]1n1nc(Nc2ccc(C(F)(F)F)cc2)c2c(=O)[nH]ccc21,8.541666666666666,JAK1-selective,15.983044,-81.28876
N#C[C@H]1C[C@H](O)CC[C@@H]1n1nc(Nc2ccc(Cl)cc2)c2c(=O)[nH]ccc21,26.071428571428573,JAK1-selective,15.452886,-84.26824
N#C[C@H]1C[C@H](OC(=O)NC2CCCCC2)CCC1n1cc(C(N)=O)c(Nc2ccc(F)cc2)n1,12.571428571428571,JAK1-selective,51.10916,-9.405884
N#C[C@H]1C[C@H](OC(=O)Nc2ccccc2)CCC1n1cc(C(N)=O)c(Nc2ccc(F)cc2)n1,13.68421052631579,JAK1-selective,51.113758,-8.024124
N#C[C@H]1C[C@H](OCC2CC2)CC[C@@H]1n1cc(C(N)=O)c(Nc2ccc([C@@H](O)C(F)(F)F)cc2)n1,7.0,JAK1-selective,62.913483,-6.5363092
N#C[C@H]1C[C@H](OCC2CC2)CC[C@@H]1n1cc(C(N)=O)c(Nc2ccc([C@H](O)C(F)(F)F)cc2)n1,10.0,JAK1-selective,62.913483,-6.5363092
N#C[C@H]1C[C@](O)(C2CC2)CC[C@@H]1n1cc(C(N)=O)c(Nc2ccc(Cl)cc2)n1,10.0,JAK1-selective,80.12869,5.762877
N#Cc1cc(CN2CCC(c3nnn4cnc5[nH]ccc5c34)CC2)ccc1C(F)(F)F,6.590909090909091,JAK1-selective,-43.014122,-59.417793
N#Cc1cc(F)ccc1NC[C@H]1CC[C@H](c2nnn3cnc4[nH]ccc4c23)CC1,9.696969696969697,JAK1-selective,-39.78313,-45.73263
N#Cc1cc(NC[C@H]2CC[C@H](c3nnn4cnc5[nH]ccc5c34)CC2)ccc1Cl,8.148148148148149,JAK1-selective,-38.99559,-45.837494
N#Cc1ccc(CCN2CCC(c3nnn4cnc5[nH]ccc5c34)CC2)cc1,7.0212765957446805,JAK1-selective,-43.790073,-55.79925
N#Cc1ccc(CCNC(=O)[C@H]2CC[C@H](c3nnn4cnc5[nH]ccc5c34)CC2)cc1,7.702702702702703,JAK1-selective,-33.276,-47.492363
N#Cc1ccc(CCNC[C@H]2CC[C@H](c3nnn4cnc5[nH]ccc5c34)CC2)cc1,13.461538461538462,JAK1-selective,-37.91577,-47.02987
N#Cc1ccc(CCN[C@H]2CC[C@H](c3nnn4cnc5[nH]ccc5c34)CC2)cc1,21.666666666666668,JAK1-selective,-36.093307,-42.92526
N#Cc1ccc(CN2CCC(c3nnn4cnc5[nH]ccc5c34)CC2)cc1C#N,8.0,JAK1-selective,-43.791656,-56.83223
N#Cc1ccc(CN2CCC(c3nnn4cnc5[nH]ccc5c34)CC2)cc1C(F)(F)F,7.037037037037036,JAK1-selective,-43.015545,-59.394875
N#Cc1ccc(CN2CCC(c3nnn4cnc5[nH]ccc5c34)CC2)cc1F,9.428571428571429,JAK1-selective,-43.33646,-57.97666
N#Cc1ccc(CN2CCC(c3nnn4cnc5[nH]ccc5c34)CC2)s1,6.0606060606060606,JAK1-selective,-44.204388,-55.52966
N#Cc1ccc(CN2CCCC(c3nnn4cnc5[nH]ccc5c34)C2)cc1,9.180327868852459,JAK1-selective,-43.97313,-56.302868
N#Cc1ccc(CNC(=O)[C@H]2CC[C@H](c3nnn4cnc5[nH]ccc5c34)CC2)cc1,5.875,JAK1-selective,-33.2771,-47.49207
N#Cc1ccc(CNC[C@H]2CC[C@H](c3nnn4cnc5[nH]ccc5c34)CC2)cc1,8.133333333333333,JAK1-selective,-37.89545,-47.034
N#Cc1ccc(CN[C@H]2CC[C@@H](c3nnn4cnc5[nH]ccc5c34)CC2)cc1,15.3125,JAK1-selective,-36.1113,-42.931896
N#Cc1ccc(CN[C@H]2CC[C@H](c3nnn4cnc5[nH]ccc5c34)CC2)cc1,9.51219512195122,JAK1-selective,-36.1113,-42.931896
N#Cc1ccc(COc2ccc(-c3cccc4nc(NC(=O)C5CC5)nn34)cc2)cn1,30.0,JAK1-selective,-13.748738,18.180668
N#Cc1ccc(N2CCC(c3nnn4cnc5[nH]ccc5c34)CC2)cc1,10.0,JAK1-selective,-34.16249,-42.79025
N#Cc1ccc(NC2CCC(c3nnn4cnc5[nH]ccc5c34)CC2)c(F)c1,10.985915492957748,JAK1-selective,-35.88151,-41.940826
N#Cc1ccc(NC2CCC(c3nnn4cnc5[nH]ccc5c34)CC2)cc1,10.76923076923077,JAK1-selective,-35.58229,-42.390125
N#Cc1ccc(NC[C@H]2CC[C@H](c3nnn4cnc5[nH]ccc5c34)CC2)cc1,172.41379310344828,JAK1-selective,-38.298687,-46.41837
N#Cc1ccc(NC[C@H]2CC[C@H](c3nnn4cnc5[nH]ccc5c34)CC2)cc1C#N,9.574468085106382,JAK1-selective,-38.639957,-46.17871
N#Cc1ccc(NC[C@H]2CC[C@H](c3nnn4cnc5[nH]ccc5c34)CC2)cc1C(F)(F)F,9.047619047619047,JAK1-selective,-39.71905,-46.599957
N#Cc1ccc(NC[C@H]2CC[C@H](c3nnn4cnc5[nH]ccc5c34)CC2)cc1Cl,6.923076923076923,JAK1-selective,-38.98455,-45.838966
N#Cc1ccc(N[C@H]2CC[C@H](c3nnn4cnc5[nH]ccc5c34)CC2)cc1,10.909090909090908,JAK1-selective,-35.582096,-42.39496
N#Cc1ccc(Nc2nn([C@H]3CCCC[C@@H]3C#N)cc2C(N)=O)cc1,9.0,JAK1-selective,55.715878,8.098172
N#Cc1ccc(Nc2nn([C@H]3CC[C@@H](O)C[C@@H]3C#N)cc2C(N)=O)cc1,5.454545454545454,JAK1-selective,59.839622,-8.158508
N#Cc1ccc(Nc2nn([C@H]3CC[C@H](NCC(F)F)C[C@@H]3C#N)cc2C(N)=O)cc1,9.0,JAK1-selective,71.55603,-19.394157
N#Cc1ccc(Nc2nn([C@H]3CC[C@H](O)C[C@@H]3C#N)cc2C(N)=O)cc1,6.0,JAK1-selective,59.839622,-8.158508
N#Cc1ccc(Nc2nn([C@H]3COCC[C@@H]3C#N)c3cc[nH]c(=O)c23)cc1,8.0,JAK1-selective,26.73643,-65.75335
N#Cc1ccc(Nc2nn([C@H]3COCC[C@@H]3C#N)c3cc[nH]c(=O)c23)cc1F,8.791666666666666,JAK1-selective,26.37876,-67.532776
N#Cc1ccc(Nc2nn([C@H]3COCC[C@@H]3C#N)cc2C(N)=O)cc1,9.092075729481799,JAK1-selective,67.57064,18.340511
N#Cc1ncc(Nc2nn([C@H]3CCCC[C@@H]3C#N)cc2C(N)=O)cc1F,5.714285714285714,JAK1-selective,57.97901,10.600329
N=Cc1c(N)nc(-c2cc(F)c(O)cc2CC(F)(F)F)nc1NCCC1CC1,5.480769230769231,JAK1-selective,20.805235,-12.648542
NC(=O)C1CCN(Cc2ccc(-c3cccc4nc(NC(=O)C5CC5)nn34)cc2)CC1,7.440436781609196,JAK1-selective,-10.930494,17.843704
NC(=O)CC1(n2cc(-c3ccnc4[nH]ccc34)cn2)CN(C2CCN(C(=O)c3ccc(O)c(F)c3)CC2)C1,6.0,JAK1-selective,-22.769257,59.745743
NC(=O)CC1(n2ccc(-c3ncnc4[nH]ccc34)c2)CN(C2CCN(C(=O)c3cc(OC(F)(F)F)ccc3F)CC2)C1,6.0,JAK1-selective,-56.28564,47.40313
NC(=O)[C@H]1CC[C@H](c2nnn3cnc4[nH]ccc4c23)CC1,5.151515151515151,JAK1-selective,-28.505686,-46.19554
NC(=O)c1cn2ccc(Nc3ncc(F)c(N4C[C@H]5CC[C@@H](C4)N5C(=O)C4CC4)n3)cc2n1,9.18139534883721,JAK1-selective,-1.7763163,6.5936003
NC[C@H]1CC[C@H](c2nnn3cnc4[nH]ccc4c23)CC1,10.606060606060607,JAK1-selective,-23.29226,-52.459305
N[C@H]1CC[C@H](c2nnn3cnc4[nH]ccc4c23)CC1,9.375,JAK1-selective,-27.950066,-42.76389
O=C(C1CC1)N1[C@@H]2CC[C@H]1CN(c1ccnc(Nc3cn[nH]c3)n1)C2,7.974025974025974,JAK1-selective,4.525854,7.660848
O=C(C1CC1)N1[C@@H]2CC[C@H]1CN(c1ccnc(Nc3cnsc3)n1)C2,7.215116279069767,JAK1-selective,4.6540394,7.955621
O=C(CC(F)(F)F)NC[C@H]1CC[C@H](c2nnn3cnc4[nH]ccc4c23)CC1,7.333333333333333,JAK1-selective,-25.777702,-63.1256
O=C(CC(F)(F)F)NCc1ccc(-c2cccc3nc(NC(=O)C4CC4)cn23)cc1,6.666666666666667,JAK1-selective,-12.691115,18.42726
O=C(CNC[C@H]1CC[C@H](c2nnn3cnc4[nH]ccc4c23)CC1)NCC(F)(F)F,5.9,JAK1-selective,-25.938116,-63.230255
O=C(CN[C@H]1CC[C@@H](c2nnn3cnc4[nH]ccc4c23)CC1)NCC(F)(F)F,6.436781609195402,JAK1-selective,-26.814314,-65.151535
O=C(NC1CC1)[C@H]1CC[C@H](c2nnn3cnc4[nH]ccc4c23)CC1,5.238095238095238,JAK1-selective,-28.4557,-46.286133
O=C(NCC(F)(F)F)C1CN(C[C@H]2CC[C@H](c3nnn4cnc5[nH]ccc5c34)CC2)C1,5.636363636363637,JAK1-selective,-26.425665,-63.12479
O=C(NCC(F)(F)F)[C@H]1CC[C@H](c2nnn3cnc4[nH]ccc4c23)CC1,14.444444444444445,JAK1-selective,-26.754396,-63.948883
O=C(NCC(O)(c1ccc(F)cc1)C(F)(F)F)[C@H]1CC[C@H](c2nnn3cnc4[nH]ccc4c23)CC1,15.942028985507246,JAK1-selective,-26.357971,-64.41028
O=C(NCC(O)(c1ccccc1)C(F)(F)F)[C@H]1CC[C@H](c2nnn3cnc4[nH]ccc4c23)CC1,11.764705882352942,JAK1-selective,-27.063082,-64.13047
O=C(NCCc1ccc(Cl)cc1)[C@H]1CC[C@H](c2nnn3cnc4[nH]ccc4c23)CC1,5.8,JAK1-selective,-27.577457,-47.371822
O=C(NCCc1ccc(F)cc1)[C@H]1CC[C@H](c2nnn3cnc4[nH]ccc4c23)CC1,11.785714285714286,JAK1-selective,-18.093807,-60.682335
O=C(NC[C@@H](O)c1ccccc1)[C@H]1CC[C@H](c2nnn3cnc4[nH]ccc4c23)CC1,10.689655172413794,JAK1-selective,-27.299269,-45.83837
O=C(NCc1ccc(F)cc1)[C@H]1CC[C@H](c2nnn3cnc4[nH]ccc4c23)CC1,6.111111111111111,JAK1-selective,-18.097692,-60.687405
O=C(N[C@@H]1CCN(C[C@H]2CC[C@H](c3nnn4cnc5[nH]ccc5c34)CC2)C1)C(F)(F)F,7.5,JAK1-selective,-27.002972,-61.830204
O=C(N[C@@]12CC1CN(c1nc(Nc3cnn(CCO)c3)ncc1Cl)C2)C1CC1,9.31578947368421,JAK1-selective,-4.130326,8.802854
O=C(N[C@H]1CCN(C[C@H]2CC[C@H](c3nnn4cnc5[nH]ccc5c34)CC2)C1)C(F)(F)F,8.75,JAK1-selective,-27.002975,-61.83001
O=C(N[C@H]1CC[C@H](c2nnn3cnc4[nH]ccc4c23)CC1)OCc1ccccc1,6.274509803921569,JAK1-selective,-23.351465,-43.248634
O=C(Nc1cccc(C(F)(F)F)c1)N1CCC(c2nnn3cnc4[nH]ccc4c23)CC1,7.246376811594203,JAK1-selective,-29.497305,-63.046124
O=C(Nc1cn2c(-c3ccc(CN4CCOCC4)cc3)cccc2n1)C1CC1,6.666666666666667,JAK1-selective,-11.004034,18.91146
O=C(Nc1cn2c(-c3ccc(CN4CCS(=O)(=O)CC4)cc3)cccc2n1)C1CC1,8.164971618558654,JAK1-selective,-10.914813,18.153217
O=C(Nc1cn2c(-c3ccc(CN4CCS(=O)(=O)CC4)cc3F)cccc2n1)C1CC1,7.74596,JAK1-selective,-11.962812,17.917927
O=C(Nc1cn2c(-c3ccc(CN4CC[C@H](O)C4)cc3)cccc2n1)C1CC1,6.666666666666667,JAK1-selective,-11.0952015,18.159105
O=C(Nc1nc2cccc(-c3ccc(CN4CCCCC4)cc3)n2n1)C1CC1,12.79309660781591,JAK1-selective,-11.021464,18.011639
O=C(Nc1nncs1)N1CCC(c2nnn3cnc4[nH]ccc4c23)CC1,6.7368421052631575,JAK1-selective,-30.21488,-47.231655
O=C(O)C1CN(C[C@H]2CC[C@H](c3nnn4cnc5[nH]ccc5c34)CC2)C1,7.906976744186047,JAK1-selective,-27.340631,-53.894905
O=C(O)[C@H]1CC[C@H](c2nnn3cnc4[nH]ccc4c23)CC1,12.5,JAK1-selective,-28.43257,-46.20376
O=C(OCc1ccccc1)N1CC(c2nnn3cnc4[nH]ccc4c23)C1,15.2,JAK1-selective,-31.570957,-37.83913
O=C(OCc1ccccc1)N1CCC(c2[nH]c(=S)n3cnc4[nH]ccc4c23)CC1,5.849056603773585,JAK1-selective,-31.522898,-37.332825
O=C(OCc1ccccc1)N1CCC(c2nnn3cnc4[nH]ccc4c23)C1,6.166666666666667,JAK1-selective,-31.5824,-37.777267
O=C(OCc1ccccc1)N1CCCC(c2nnn3cnc4[nH]ccc4c23)C1,5.238095238095238,JAK1-selective,-31.58455,-37.790867
O=C([C@@H]1CC1(F)F)N1[C@@H]2CC[C@H]1CN(c1ccnc(Nc3cn[nH]c3)n1)C2,7.461538461538462,JAK1-selective,3.7977605,7.4530945
O=C([C@H]1CC1(F)F)N1[C@@H]2CC[C@H]1CN(c1ccnc(Nc3cn[nH]c3)n1)C2,7.150627615062762,JAK1-selective,3.7977605,7.4530945
O=C([C@H]1CC[C@H](c2nnn3cnc4[nH]ccc4c23)CC1)N1CC[C@H](F)C1,6.885245901639344,JAK1-selective,-29.899023,-46.549927
O=C1CCC(c2nnn3cnc4[nH]ccc4c23)CC1,7.317073170731708,JAK1-selective,-27.969475,-42.497265
O=C1COc2ccc(CN3CCC(c4nnn5cnc6[nH]ccc6c45)CC3)cc2N1,9.523809523809524,JAK1-selective,-47.615067,-59.75391
O=C1COc2ccc(NC[C@H]3CC[C@H](c4nnn5cnc6[nH]ccc6c45)CC3)cc2N1,8.285714285714286,JAK1-selective,-21.59482,-56.01679
O=C1NCCN1CCNC[C@H]1CC[C@H](c2nnn3cnc4[nH]ccc4c23)CC1,8.4,JAK1-selective,-24.219526,-55.284122
O=C1OCCC1NC[C@H]1CC[C@H](c2nnn3cnc4[nH]ccc4c23)CC1,5.945945945945946,JAK1-selective,-21.958849,-54.974785
O=C1SCCC1NC[C@H]1CC[C@H](c2nnn3cnc4[nH]ccc4c23)CC1,5.999999999999999,JAK1-selective,-22.8512,-53.382225
O=C1c2cnc3[nH]ccc3c2N([C@H]2CC[C@H](CF)CC2)CN1C1CC1,5.238095238095238,JAK1-selective,-36.83636,-13.88055
O=C1c2cnc3[nH]ccc3c2N([C@H]2CC[C@H](CN3CCCS3(=O)=O)CC2)CN1C1CC1,5.428571428571429,JAK1-selective,-37.20162,-14.783388
O=C1c2cnc3[nH]ccc3c2N([C@H]2CC[C@H](CN3CCCS3(=O)=O)CC2)CN1CC(F)(F)F,10.769230769230768,JAK1-selective,-37.54189,-10.00957
O=C1c2cnc3[nH]ccc3c2N([C@H]2CC[C@H](CNCC(F)(F)F)CC2)CN1CC(F)(F)F,10.9375,JAK1-selective,-37.078445,-10.379837
O=C1c2cnc3[nH]ccc3c2N([C@H]2CC[C@H](CNCC(F)(F)F)CC2)CN1CC1CC1,5.1923076923076925,JAK1-selective,-37.039753,-10.401553
O=C1c2cnc3[nH]ccc3c2N([C@H]2CC[C@H](CNS(=O)(=O)C3CC3)CC2)CN1CC(F)(F)F,22.857142857142858,JAK1-selective,-35.868744,-11.370642
O=S(=O)(c1ccc(NC[C@H]2CC[C@H](c3nnn4cnc5[nH]ccc5c34)CC2)cc1)C(F)(F)F,7.647058823529412,JAK1-selective,-22.783237,-63.22868
O=c1c2cnc3[nH]ccc3c2n(C2CCCCC2)c(=O)n1CC(F)(F)F,7.7,JAK1-selective,-30.822857,-17.551172
O=c1ccn(C2CCN(Cc3ccc(C(F)(F)F)cc3)CC2)c2c1cnc1[nH]ccc12,12.631578947368421,JAK1-selective,-40.397945,-61.869213
OC(CN1CCC(c2nnn3cnc4[nH]ccc4c23)CC1)c1ccc(C(F)(F)F)cc1,8.703703703703702,JAK1-selective,-41.97352,-63.145317
OC(CNC[C@H]1CC[C@H](c2nnn3cnc4[nH]ccc4c23)CC1)(c1ccccc1)C(F)(F)F,7.153846153846154,JAK1-selective,-24.52443,-63.368275
OC(CNC[C@H]1CC[C@H](c2nnn3cnc4[nH]ccc4c23)CC1)C(F)(F)F,6.3,JAK1-selective,-23.89747,-62.60336
OC(CNC[C@H]1CC[C@H](c2nnn3cnc4[nH]ccc4c23)CC1)c1ccccc1,10.0,JAK1-selective,-19.55459,-48.109077
OC(CN[C@H]1CC[C@@H](c2nnn3cnc4[nH]ccc4c23)CC1)(c1ccccc1)C(F)(F)F,12.5,JAK1-selective,-27.123383,-66.542046
OC(CN[C@H]1CC[C@H](c2nnn3cnc4[nH]ccc4c23)CC1)(c1ccc(Cl)cc1)C(F)(F)F,10.0,JAK1-selective,-26.473581,-67.436714
OC(CN[C@H]1CC[C@H](c2nnn3cnc4[nH]ccc4c23)CC1)(c1ccc(F)cc1)C(F)(F)F,12.8,JAK1-selective,-26.324642,-67.113716
OC(CN[C@H]1CC[C@H](c2nnn3cnc4[nH]ccc4c23)CC1)(c1ccccc1)C(F)(F)F,11.25,JAK1-selective,-27.123383,-66.542046
OC(CN[C@H]1CC[C@H](c2nnn3cnc4[nH]ccc4c23)CC1)(c1cccnc1)C(F)(F)F,16.315789473684212,JAK1-selective,-27.085941,-66.720695
OC(CN[C@H]1CC[C@H](c2nnn3cnc4[nH]ccc4c23)CC1)c1ccccc1,25.0,JAK1-selective,-23.006783,-43.40214
OC1(C(F)(F)F)CN(C[C@H]2CC[C@H](c3nnn4cnc5[nH]ccc5c34)CC2)C1,8.8,JAK1-selective,-24.868841,-61.55734
OC1(CNC[C@H]2CC[C@H](c3nnn4cnc5[nH]ccc5c34)CC2)CCCCC1,6.071428571428571,JAK1-selective,-24.957766,-53.72918
OC1(c2ccc(Cl)c(C(F)(F)F)c2)CCN(C[C@H]2CC[C@H](c3nnn4cnc5[nH]ccc5c34)CC2)CC1,12.763157894736842,JAK1-selective,-25.32874,-59.972248
OC12CC3CC(C1)C(NC[C@H]1CC[C@H](c4nnn5cnc6[nH]ccc6c45)CC1)C(C3)C2,5.816764051407033,JAK1-selective,-24.735065,-53.202675
OC1CN(C[C@H]2CC[C@@H](c3nnn4cnc5[nH]ccc5c34)CC2)C1,7.5,JAK1-selective,-26.874641,-54.595947
OC1CN(C[C@H]2CC[C@H](c3nnn4cnc5[nH]ccc5c34)CC2)C1,9.411764705882353,JAK1-selective,-26.874516,-54.59602
OCC1(NC[C@H]2CC[C@H](c3nnn4cnc5[nH]ccc5c34)CC2)CC1,7.714285714285714,JAK1-selective,-24.766768,-53.34309
OCCN(CCO)C[C@H]1CC[C@H](c2nnn3cnc4[nH]ccc4c23)CC1,5.7894736842105265,JAK1-selective,-24.070032,-53.116604
OCCN(Cc1ccccc1)C[C@H]1CC[C@H](c2nnn3cnc4[nH]ccc4c23)CC1,8.181818181818182,JAK1-selective,-20.084663,-47.8274
OCCN1CCN(C[C@H]2CC[C@H](c3nnn4cnc5[nH]ccc5c34)CC2)CC1,20.0,JAK1-selective,-27.870514,-55.59233
OCCNC[C@H]1CC[C@H](c2nnn3cnc4[nH]ccc4c23)CC1,15.142857142857142,JAK1-selective,-23.777475,-53.72942
OCCOc1ccc(CN2CCC(c3nnn4cnc5[nH]ccc5c34)CC2)cc1,8.452380952380953,JAK1-selective,-46.620975,-58.029163
OC[C@H]1CC[C@H](c2nnn3cnc4[nH]ccc4c23)CC1,6.129032258064516,JAK1-selective,-23.894255,-53.172512
O[C@@H](CNC[C@H]1CC[C@H](c2nnn3cnc4[nH]ccc4c23)CC1)c1ccccc1,16.896551724137932,JAK1-selective,-19.55486,-48.1088
O[C@@H](CN[C@H]1CC[C@H](c2nnn3cnc4[nH]ccc4c23)CC1)c1ccccc1,26.38888888888889,JAK1-selective,-23.006887,-43.402836
O[C@@H]1CCN(C[C@H]2CC[C@@H](c3nnn4cnc5[nH]ccc5c34)CC2)C1,10.0,JAK1-selective,-27.501942,-55.210194
O[C@@H]1CCN(C[C@H]2CC[C@H](c3nnn4cnc5[nH]ccc5c34)CC2)C1,32.0,JAK1-selective,-27.501871,-55.206764
O[C@@H]1Cc2ccccc2[C@@H]1NC1CCC(c2nnn3cnc4[nH]ccc4c23)CC1,8.461538461538462,JAK1-selective,-24.336555,-42.6577
O[C@H](CNC[C@H]1CC[C@H](c2nnn3cnc4[nH]ccc4c23)CC1)c1ccccc1,22.0,JAK1-selective,-19.55459,-48.109077
O[C@H](CN[C@H]1CC[C@H](c2nnn3cnc4[nH]ccc4c23)CC1)c1ccccc1,39.024390243902445,JAK1-selective,-23.006887,-43.402836
O[C@H]1CCN(C[C@H]2CC[C@H](c3nnn4cnc5[nH]ccc5c34)CC2)C1,9.75,JAK1-selective,-27.501923,-55.209026
O[C@H]1CC[C@@H](c2nnn3cnc4[nH]ccc4c23)CC1,5.274725274725275,JAK1-selective,-28.32363,-43.38101
O[C@H]1CC[C@H](NC[C@H]2CC[C@H](c3nnn4cnc5[nH]ccc5c34)CC2)CC1,6.304347826086956,JAK1-selective,-21.479925,-53.023613
O[C@H]1Cc2ccccc2[C@H]1NC1CCC(c2nnn3cnc4[nH]ccc4c23)CC1,17.75,JAK1-selective,-24.336555,-42.6577
Oc1cc(CC(F)(F)F)c(-c2nc(NCCC3CC3)c3cn[nH]c3n2)cc1F,5.480769230769231,JAK1-selective,20.883577,-12.594178
SC[C@H]1CC[C@H](c2nnn3cnc4[nH]ccc4c23)CC1,6.666666666666667,JAK1-selective,-23.318865,-52.609943
[C-]#[N+][C@@H]1CCCC[C@@H]1n1cc(C(N)=O)c(Nc2ccc(CC(=O)O)cc2)n1,18.166666666666668,JAK1-selective,54.737812,3.9416454
[C-]#[N+][C@@H]1C[C@@H](N(C)C2COC2)CC[C@H]1n1cc(C(N)=O)c(Nc2ccc(C(F)(F)F)cc2)n1,11.777777777777779,JAK1-selective,65.51804,-9.123886
[C-]#[N+][C@@H]1C[C@H](C(=O)N2CC(C)(C)C2)CC[C@H]1n1cc(C(N)=O)c(Nc2ccc(Cl)cc2)n1,32.22222222222222,JAK1-selective,82.92533,6.5164647
[C-]#[N+][C@@H]1C[C@H](N2CCC2)CC[C@H]1n1cc(C(N)=O)c(Nc2ccc(C(F)(F)F)cc2)n1,120.0,JAK1-selective,66.517944,-8.302438
[C-]#[N+][C@H]1CCCC[C@@H]1n1cc(C(N)=O)c(Nc2ccc(/C(C)=N/OC)cc2)n1,5.714285714285714,JAK1-selective,55.0215,4.3179035
[C-]#[N+][C@H]1CCCC[C@@H]1n1cc(C(N)=O)c(Nc2ccc(CC(=O)O)cc2)n1,24.5,JAK1-selective,54.737858,3.9408243
[C-]#[N+][C@H]1CCCC[C@@H]1n1cc(C(N)=O)c(Nc2ccccc2)n1,12.0,JAK1-selective,53.83118,2.8107154
[C-]#[N+][C@H]1C[C@@H](C(=O)N2CC(C)(C)C2)CC[C@@H]1n1cc(C(N)=O)c(Nc2ccc(Cl)cc2)n1,7.5,JAK1-selective,82.92533,6.5164647
[C-]#[N+][C@H]1C[C@@H](C(C)(C)O)CC[C@@H]1n1cc(C(N)=O)c(Nc2ccc(Cl)cc2)n1,6.405143151773821,JAK1-selective,83.098015,6.435581
[C-]#[N+][C@H]1C[C@@H](CF)CC[C@@H]1n1cc(C(N)=O)c(Nc2ccnc(F)c2)n1,16.25,JAK1-selective,67.711845,9.041009
[C-]#[N+][C@H]1C[C@@H](N2CCC2)CC[C@@H]1n1cc(C(N)=O)c(Nc2ccc(C(F)(F)F)cc2)n1,62.29975,JAK1-selective,66.517944,-8.302438
[C-]#[N+][C@H]1C[C@@H](N2CCC2)CC[C@@H]1n1cc(Nc2ccc(OC(F)F)nc2)c(C(N)=O)c1,16.75,JAK1-selective,61.70855,-3.8651435
[C-]#[N+][C@H]1C[C@@H]([N+]2(C)CCC2)CC[C@@H]1n1cc(C(N)=O)c(Nc2ccc(C(F)(F)F)cc2)n1,110.0,JAK1-selective,65.64291,-8.945047
[C-]#[N+][C@H]1C[C@H](N2CCC2)CC[C@@H]1n1cc(Nc2ccc(OC(F)F)nc2)c(C(N)=O)c1,17.4,JAK1-selective,61.70855,-3.8651435
[C-]#[N+][C@H]1C[C@H](O)CC[C@@H]1n1cc(C(N)=O)c(Nc2ccc(C(F)(F)F)cc2)n1,37.5,JAK1-selective,65.59736,-8.904519
[C-]#[N+][C@H]1C[C@H](O)CC[C@@H]1n1cc(C(N)=O)c(Nc2ccc(OC(F)(F)F)cc2)n1,10.166666666666666,JAK1-selective,65.36074,-8.854487
[C-]#[N+][C@H]1C[C@H](OC(C)=O)[C@@H](O)C[C@@H]1n1cc(C(N)=O)c(Nc2ccc(C(F)(F)F)cc2)n1,9.2,JAK1-selective,65.542404,-8.960019
[C-]#[N+][C@H]1C[C@H](OCC2CC2)CC[C@H]1n1cc(C(N)=O)c(Nc2ccnc(F)c2)n1,12.666666666666666,JAK1-selective,67.61842,8.9975
[N-]=[N+]=NC[C@H]1CC[C@H](c2nnn3cnc4[nH]ccc4c23)CC1,5.151515151515151,JAK1-selective,-23.328892,-52.51136
c1cc(CCNC2CCC(c3nnn4cnc5[nH]ccc5c34)CC2)ccn1,20.434782608695652,JAK1-selective,-24.93234,-43.76643
c1cc2c(ncn3nnc(C4CCC(N5CCOCC5)CC4)c23)[nH]1,7.931034482758621,JAK1-selective,-31.704796,-57.29513
c1cc2c(ncn3nnc(C4CCC(NCCN5CCOCC5)CC4)c23)[nH]1,8.219178082191782,JAK1-selective,-32.344196,-57.269123
c1cc2c(ncn3nnc(C4CCCNC4)c23)[nH]1,8.620689655172415,JAK1-selective,-28.629684,-41.964676
c1cc2c(ncn3nnc(C4CCN(CC5CCCCC5)CC4)c23)[nH]1,90.9090909090909,JAK1-selective,-28.2916,-56.961555
c1cc2c(ncn3nnc([C@H]4CC[C@@H](CNC5CC5)CC4)c23)[nH]1,6.746987951807229,JAK1-selective,-21.24739,-52.97137
c1cc2c(ncn3nnc([C@H]4CC[C@H](CN5CCC(N6CCOCC6)CC5)CC4)c23)[nH]1,15.625,JAK1-selective,-30.741255,-57.296112
c1cc2c(ncn3nnc([C@H]4CC[C@H](CN5CCC5)CC4)c23)[nH]1,5.932203389830508,JAK1-selective,-28.015562,-56.5134
c1cc2c(ncn3nnc([C@H]4CC[C@H](CN5CCCC5)CC4)c23)[nH]1,11.846153846153847,JAK1-selective,-28.022228,-56.478283
c1cc2c(ncn3nnc([C@H]4CC[C@H](CN5CCOCC5)CC4)c23)[nH]1,5.222222222222222,JAK1-selective,-30.550917,-57.300926
c1cc2c(ncn3nnc([C@H]4CC[C@H](CNC56CC(C5)C6)CC4)c23)[nH]1,7.615384615384615,JAK1-selective,-24.248747,-52.623463
c1cc2c(ncn3nnc([C@H]4CC[C@H](CNC5CC5)CC4)c23)[nH]1,32.631578947368425,JAK1-selective,-21.24749,-52.97139
c1cc2c(ncn3nnc([C@H]4CC[C@H](CNC5CCC5)CC4)c23)[nH]1,7.857142857142857,JAK1-selective,-20.954487,-53.284817
c1cc2c(ncn3nnc([C@H]4CC[C@H](CNC5CCCC5)CC4)c23)[nH]1,8.823529411764707,JAK1-selective,-20.829046,-53.351406
c1cc2c(ncn3nnc([C@H]4CC[C@H](CNC5COC5)CC4)c23)[nH]1,5.454545454545454,JAK1-selective,-21.713549,-54.60042
c1cc2c(ncn3nnc([C@H]4CC[C@H](CNC5CSC5)CC4)c23)[nH]1,5.666666666666667,JAK1-selective,-21.661785,-53.065094
c1cc2c(ncn3nnc([C@H]4CC[C@H](CNCC5CC5)CC4)c23)[nH]1,13.186813186813188,JAK1-selective,-23.805765,-53.587486
c1cc2c(ncn3nnc([C@H]4CC[C@H](CNC[C@@H]5CCCO5)CC4)c23)[nH]1,14.285714285714286,JAK1-selective,-23.139349,-55.578545
c1cc2c(ncn3nnc([C@H]4CC[C@H](CNC[C@H]5CCCO5)CC4)c23)[nH]1,7.142857142857143,JAK1-selective,-23.139421,-55.578815
c1cc2c(ncn3nnc([C@H]4CC[C@H](NC5CC5)CC4)c23)[nH]1,5.714285714285714,JAK1-selective,-26.61028,-43.240005
c1cc2c(ncn3nnc([C@H]4CC[C@H](NCC5CC5)CC4)c23)[nH]1,8.636363636363637,JAK1-selective,-21.247522,-52.971775
c1cc[n+]2cc(CN3CCC(c4nnn5cnc6[nH]ccc6c45)CC3)sc2c1,6.226415094339623,JAK1-selective,-49.999214,-59.146324
c1ccc(CCCN2CCC(c3nnn4cnc5[nH]ccc5c34)CC2)cc1,15.151515151515152,JAK1-selective,-50.610424,-60.142773
c1ccc(CCCN[C@H]2CC[C@@H](c3nnn4cnc5[nH]ccc5c34)CC2)cc1,7.142857142857143,JAK1-selective,-22.593557,-42.79339
c1ccc(CCCN[C@H]2CC[C@H](c3nnn4cnc5[nH]ccc5c34)CC2)cc1,18.125,JAK1-selective,-22.593557,-42.79339
c1ccc(CCNC2CCC(c3nnn4cnc5[nH]ccc5c34)CC2)cc1,31.14754098360656,JAK1-selective,-22.596006,-42.79676
c1ccc(CCNC[C@H]2CC[C@H](c3nnn4cnc5[nH]ccc5c34)CC2)cc1,12.631578947368421,JAK1-selective,-19.975382,-47.859936
c1ccc(CCN[C@H]2CC[C@@H](c3nnn4cnc5[nH]ccc5c34)CC2)cc1,9.690721649484535,JAK1-selective,-22.596006,-42.79676
c1ccc(CCN[C@H]2CC[C@H](c3nnn4cnc5[nH]ccc5c34)CC2)cc1,14.920634920634921,JAK1-selective,-22.596006,-42.79676
c1ccc(CNC[C@H]2CC[C@H](c3nnn4cnc5[nH]ccc5c34)CC2)cc1,7.735849056603774,JAK1-selective,-19.981468,-47.864716
c1ccc(CN[C@H]2CC[C@@H](c3nnn4cnc5[nH]ccc5c34)CC2)cc1,23.125,JAK1-selective,-22.588186,-42.800022
c1ccc(CN[C@H]2CC[C@H](c3nnn4cnc5[nH]ccc5c34)CC2)cc1,5.476190476190476,JAK1-selective,-22.588186,-42.800022
c1ccc2sc(CN3CCC(c4nnn5cnc6[nH]ccc6c45)CC3)nc2c1,6.226415094339623,JAK1-selective,-50.18189,-59.59429
c1cn(-c2ccc(CN3CCC(c4nnn5cnc6[nH]ccc6c45)CC3)cc2)cn1,5.0,JAK1-selective,-47.115227,-58.949856
c1cnc2cc(CN3CCC(c4nnn5cnc6[nH]ccc6c45)CC3)ccc2n1,5.0,JAK1-selective,-47.47666,-59.462288
c1nc(CCNC[C@H]2CC[C@H](c3nnn4cnc5[nH]ccc5c34)CC2)c[nH]1,9.743589743589745,JAK1-selective,-23.787062,-53.666233
Brc1cc(CN2CCC(c3nnn4cnc5[nH]ccc5c34)CC2)sc1Br,3.380952380952381,Non-selective,-49.32235,-58.03224
Brc1ccc(CN2CCC(c3nnn4cnc5[nH]ccc5c34)CC2)o1,2.0,Non-selective,-48.909725,-58.343746
Brc1nc(CN2CCC(c3nnn4cnc5[nH]ccc5c34)CC2)sc1Br,3.380952380952381,Non-selective,-48.805992,-58.823208
Brc1ncc(CN2CCC(c3nnn4cnc5[nH]ccc5c34)CC2)s1,2.3,Non-selective,-49.597595,-57.88291
C#CCC1(n2cc(-c3c(C)n[nH]c3C)cn2)CN(c2cnc(C(=O)NC(C)C)cn2)C1,2.1666666666666665,Non-selective,-19.762117,34.180565
C#CCC1(n2cc(-c3c(C)n[nH]c3C)cn2)CN(c2cnc(C(=O)N[C@@H](C)C(F)(F)F)cn2)C1,2.1666666666666665,Non-selective,-19.792526,34.869823
C#CCC1(n2cc(-c3c[nH]nc3C)c(CO)n2)CN(c2cc(F)c(C(=O)N[C@@H](C)C(F)(F)F)cc2F)C1,3.3333333333333335,Non-selective,-18.873793,35.48299
C#CCC1(n2cc(-c3c[nH]nc3CC)cn2)CN(c2cnc(C(=O)N[C@@H](C)C(F)(F)F)cn2)C1,1.5384615384615385,Non-selective,-19.862598,34.85891
C#CCC1(n2cc(-c3c[nH]nc3CO)cn2)CN(c2cc(F)c(C(=O)N[C@@H](C)C(F)(F)F)cc2F)C1,1.5384615384615385,Non-selective,-19.260508,35.406406
C#CCN(c1ccc(C#N)cn1)[C@@H]1CCN(c2ncnc3[nH]ccc23)C1,1.0,Non-selective,-54.59718,-34.2244
C/C(Nc1cccc(-c2cnc3ccccc3n2)c1)=C1/CCOC1=O,1.0,Non-selective,-20.929745,6.298051
C=C(CO)n1cc(-c2cc3ncccc3c(-c3ccn(C4(CC#N)CN(S(C)(=O)=O)C4)n3)n2)cn1,1.2820109976433622,Non-selective,-2.5241256,66.8533
C=C1CCC(c2nnn3cnc4[nH]ccc4c23)CC1,3.3333333333333335,Non-selective,-27.896183,-42.598587
C=CC(=O)N[C@H]1CC[C@H](Cn2ccc3cnc(Nc4cnn(CC(=O)OCC)c4)nc32)CC1,1.0,Non-selective,13.569824,23.658184
C=CC(=O)Nc1cccc(-c2cnc3ccccc3n2)c1,1.0,Non-selective,-20.583784,7.067759
C=CC(=O)Nc1cccc(CNc2nc(Nc3ccc(N4CCN(CCCCNC(=O)CC5C6C[C@H]7CC5C[C@@H](C6)C7)CC4)cc3)ncc2Cl)c1,1.6468253968253967,Non-selective,-14.8651,4.941019
C=CC(=O)Nc1cccc(CNc2nc(Nc3ccc(N4CCN(CCCNC(=O)CC5C6CC7CC(C6)CC5C7)CC4)cc3)ncc2Cl)c1,1.0848214285714286,Non-selective,-14.867107,4.9427342
C=CC(=O)Nc1cccc(CNc2nc(Nc3ccc(N4CCN(CCCNC(=O)CC5C6CC7CC(C6)CC5C7)CC4)cc3OC)ncc2Cl)c1,1.0781350482315113,Non-selective,-14.902714,4.8175464
C=CC(=O)Nc1cccc(CNc2nc(Nc3ccc(N4CCN(CCNC(=O)CC5C6CC7CC(C6)CC5C7)CC4)cc3OC)ncc2Cl)c1,2.061835270838486,Non-selective,-14.9015045,4.820999
C=CC(=O)Nc1cccc(CNc2nc(Nc3cnn(C4CCN(C(=O)CC5C6CC7CC(C6)CC5C7)CC4)c3)ncc2Cl)c1,1.523992322456814,Non-selective,-15.0266075,5.266389
C=CC(=O)Nc1cccc(CNc2nc(Nc3cnn(C4CCN(CCNC(=O)CC5C6CC7CC(C6)CC5C7)CC4)c3)ncc2Cl)c1,1.5125786163522013,Non-selective,-14.982956,5.2001014
C=CC(=O)Nc1cccc(CNc2nc(Nc3cnn(CCN4CCN(C(=O)CC5C6CC7CC(C6)CC5C7)CC4)c3)ncc2Cl)c1,1.2384823848238482,Non-selective,-14.994925,5.2332644
C=CC(=O)Nc1cccc(Cn2ccc3cnc(Nc4cnn(CC(=O)OCC)c4)nc32)c1,1.0,Non-selective,15.768865,19.690035
C=CCC(=O)Nc1cccc(-c2cnc3ccccc3n2)c1,1.0,Non-selective,-20.61344,7.481064
C=CC[C@H](Cn1ccc2cnc(Nc3cnn(CC(=O)OC(C)C)c3)nc21)C(C)C,1.0,Non-selective,21.72431,17.263868
CC#CCn1ccc2cnc(Nc3cnn(CC(=O)OCC)c3)nc21,1.0,Non-selective,16.347692,19.648472
CC(=N)/C(=C1\NC=Nc2ccsc21)[C@H]1CC[C@H](CC#N)CC1,1.0,Non-selective,-24.51812,-6.979426
CC(=N)NC(=N)c1n[nH]c2cc(-c3cc(F)c(O)cc3CC(F)(F)F)nc(NCc3ccccc3N(C)S(C)(=O)=O)c12,4.6909090909090905,Non-selective,14.938543,-19.625954
CC(=O)C1CCCN(S(=O)(=O)C[C@H]2CC[C@H](N(C)c3ncnc4[nH]ccc34)CC2)C1,3.0975954738330973,Non-selective,-15.701844,-26.789747
CC(=O)N(C)C1CC(CC#N)(n2ccc(-c3nc(-c4cc[nH]n4)cc4ncccc34)n2)C1,1.3556376531888106,Non-selective,5.853785,78.75161
CC(=O)N1C2CC1CN(C1CCN(c3ccc(Nc4nccc(-c5ccc(C(=O)NCC#N)cc5)n4)cc3)CC1)C2,1.7600000000000002,Non-selective,17.5966,2.5398343
CC(=O)N1CC2(C1)CC(CC#N)(n1ccc(-c3nc(-c4cc[nH]n4)cc4ncccc34)n1)C2,1.774937877174299,Non-selective,5.369503,78.80239
CC(=O)N1CCN(Cc2ccc(-c3cccc4nc(NC(=O)C5CC5)nn34)cc2)CC1,2.538737660783727,Non-selective,-11.053502,17.304636
CC(=O)N1CCN(S(=O)(=O)c2ccc(Nc3nn([C@H]4CCCC[C@@H]4C#N)cc3C(N)=O)cc2)CC1,2.0,Non-selective,49.272625,15.638784
CC(=O)N1CCc2[nH]c(-c3n[nH]c4nc(-c5cc(F)c(O)cc5CC(F)(F)F)nc(NCc5cc(O)ccc5N(C)S(C)(=O)=O)c34)nc2C1,4.5,Non-selective,20.020954,-16.489824
CC(=O)N1Cc2ccc(Nc3nn([C@H]4CCCC[C@@H]4C#N)c4cc[nH]c(=O)c34)cc2C1,4.0,Non-selective,-0.051479783,-74.76492
CC(=O)NC1CC(CC#N)(n2ccc(-c3nc(-c4cc[nH]n4)cc4ncccc34)n2)C1,1.6993292505103528,Non-selective,5.8933105,78.79388
CC(=O)Nc1cc(-c2cc3ncccc3c(-c3ccn(C4(CC#N)CN(S(C)(=O)=O)C4)n3)n2)cnc1C,1.524620340543028,Non-selective,-5.65482,66.04116
CC(=O)Nc1cc(-c2cc3ncccc3c(-c3ccn(C4(CC#N)CN(S(C)(=O)=O)C4)n3)n2)cnc1NC(C)=O,1.3702290076335877,Non-selective,-5.6576257,65.98429
CC(=O)Nc1cccc(-c2cc(-c3cnn(C4(CC#N)CC(C#N)C4)n3)c3cccnc3c2)n1,2.909148871911319,Non-selective,2.765843,42.02179
CC(=O)OCC(=O)Nc1cccc(-c2cnc3ccccc3n2)c1,1.0,Non-selective,-21.525003,7.335242
CC(=O)OC[C@H]1CC[C@H](c2nnn3cnc4[nH]ccc4c23)CC1,3.6666666666666665,Non-selective,-26.805994,-49.92312
CC(=O)SCC(=O)Nc1cccc(-c2cnc3ccccc3n2)c1,1.0,Non-selective,-21.05089,7.185672
CC(=O)SC[C@H]1CC[C@H](c2nnn3cnc4[nH]ccc4c23)CC1,2.978723404255319,Non-selective,-26.89527,-49.89692
CC(C#N)=C1CCC(c2nnn3cnc4[nH]ccc4c23)CC1,2.75,Non-selective,-33.008175,-43.234013
CC(C#N)C1(n2cc(C(N)=O)c(Nc3ccc(F)cc3)n2)CCN(C(=O)OC(C)(C)C)CC1,4.764705882352941,Non-selective,41.193256,49.761837
CC(C#N)OC(=O)N1CCC(CC#N)(n2nc(Nc3ccc(S(=O)(=O)N(C)C)cc3)c3c(=O)[nH]ccc32)CC1,1.6666666666666667,Non-selective,29.633085,-33.015007
CC(C#N)[C@H]1CC[C@@H](c2nnn3cnc4[nH]ccc4c23)CC1,2.6153846153846154,Non-selective,-32.86829,-41.98256
CC(C#N)[C@H]1CC[C@H](c2nnn3cnc4[nH]ccc4c23)CC1,2.161290322580645,Non-selective,-32.868332,-41.98205
CC(C(=O)O)n1cc(Nc2ncc3ccn(C[C@H]4CC[C@H](O)CC4)c3n2)cn1,1.0,Non-selective,16.49366,23.665596
CC(C)(C#N)c1ccc(Nc2nccc(N3C[C@H]4CC[C@@H](C3)N4C(=O)[C@@H]3CC3(F)F)n2)cn1,3.2,Non-selective,2.816431,7.993046
CC(C)(C(=O)NCC(F)(F)F)c1ccc(Nc2nn([C@H]3CCCC[C@@H]3C#N)cc2C(N)=O)cc1,3.3,Non-selective,52.92175,9.702824
CC(C)(C)C(=O)N1CC(CC#N)(n2cc(C(N)=O)c(Nc3ccccc3)n2)C1,4.130434782608695,Non-selective,18.696808,58.8729
CC(C)(C)C(=O)Nc1cc(CN2CCC(N3CC(CC#N)(n4cc(-c5ncnc6[nH]ccc56)cn4)C3)CC2)ccn1,2.4,Non-selective,-46.96481,31.147951
CC(C)(C)C(=O)Nc1ncccc1CN1CCC(N2CC(CC#N)(n3cc(-c4ncnc5[nH]ccc45)cn3)C2)CC1,2.4,Non-selective,-46.99073,31.139175
CC(C)(C)CNC(c1ccc(Nc2nn([C@H]3COCC[C@@H]3C#N)c3cc[nH]c(=O)c23)cc1)C(F)(F)F,2.4976309425437235,Non-selective,29.391758,-64.51859
CC(C)(C)COC(=O)N1CC[C@H](n2cc(C(N)=O)c(Nc3ccc(F)cc3)n2)[C@H](C#N)C1,2.3936,Non-selective,35.7605,1.1885486
CC(C)(C)N1Cc2cc(Nc3nn([C@@H](CC#N)C4CC4)c4cc[nH]c(=O)c34)ccc2C1=O,2.3157894736842106,Non-selective,2.7144341,-37.328785
CC(C)(C)N1Cc2cc(Nc3nn([C@@H]4CCCCC[C@@H]4C#N)c4cc[nH]c(=O)c34)ccc2S1(=O)=O,4.782608695652174,Non-selective,-5.3473735,-78.63613
CC(C)(C)N1Cc2cc(Nc3nn([C@H]4CCCCC[C@@H]4C#N)c4cc[nH]c(=O)c34)ccc2S1(=O)=O,4.526315789473684,Non-selective,-5.347245,-78.636314
CC(C)(C)N1Cc2cc(Nc3nn([C@H]4CCCCC[C@H]4C#N)c4cc[nH]c(=O)c34)ccc2S1(=O)=O,3.5714285714285716,Non-selective,-5.347074,-78.63555
CC(C)(C)N1Cc2cc(Nc3nn([C@H]4CCCC[C@@H]4C#N)c4cc[nH]c(=O)c34)ccc2S1(=O)=O,4.871794871794871,Non-selective,-5.358458,-78.62943
CC(C)(C)N1Cc2cc(Nc3nn([C@H]4COCC[C@@H]4C#N)c4cc[nH]c(=O)c34)ccc2S1(=O)=O,3.0,Non-selective,24.108065,-69.31593
CC(C)(C)N1Cc2cc(Nc3nn([C@]4(CC#N)CCCOC4)c4cc[nH]c(=O)c34)ccc2S1(=O)=O,4.25,Non-selective,46.359985,-42.159367
CC(C)(C)N1Cc2cc(Nc3nn([C@]4(CC#N)CCOC[C@@H]4F)c4cc[nH]c(=O)c34)ccc2C1=O,1.25,Non-selective,44.525055,-44.038708
CC(C)(C)N1Cc2cc(Nc3nn([C@]4(CC#N)CCOC[C@@H]4F)c4cc[nH]c(=O)c34)ccc2S1(=O)=O,1.5,Non-selective,45.744175,-43.331703
CC(C)(C)N1Cc2cc(Nc3nn([C@]4(CC#N)CC[C@@H](N5CC(F)C5)CC4)c4cc[nH]c(=O)c34)ccc2S1(=O)=O,1.0,Non-selective,47.894165,-42.567825
CC(C)(C)NC(=O)c1cncc(Nc2nn([C@H]3CCCC[C@@H]3C#N)cc2C(N)=O)c1,4.75,Non-selective,58.070972,7.481615
CC(C)(C)NC(c1ccc(Nc2nn([C@@H](CC#N)C3CC3)c3cc[nH]c(=O)c23)cc1)C(F)(F)F,1.84375,Non-selective,-1.0162716,-40.853634
CC(C)(C)NC(c1ccc(Nc2nn([C@@H](CC#N)C3CC3)c3cc[nH]c(=O)c23)cc1Cl)C(F)(F)F,1.7640909828114337,Non-selective,1.619659,-40.537415
CC(C)(C)NC(c1ccc(Nc2nn([C@@H](CC#N)C3CC3)c3cc[nH]c(=O)c23)cc1F)C(F)(F)F,1.2142436213632495,Non-selective,2.1290517,-40.691242
CC(C)(C)NC(c1ccc(Nc2nn([C@H]3COCC[C@@H]3C#N)c3cc[nH]c(=O)c23)cc1)C(F)(F)F,1.403125,Non-selective,29.238474,-64.67402
CC(C)(C)NC(c1ccc(Nc2nn([C@]3(CC#N)CCCOC3)c3cc[nH]c(=O)c23)cc1)C(F)(F)F,1.4823228199505434,Non-selective,36.241623,-45.008713
CC(C)(C)NC(c1ccc(Nc2nn([C@]3(CC#N)CC[C@@H](C(=O)OC(C)(C)C)OC3)c3cc[nH]c(=O)c23)cc1)C(F)(F)F,1.383774067416563,Non-selective,60.034496,-41.40272
CC(C)(C)NC[C@H]1CC[C@H](c2nnn3cnc4[nH]ccc4c23)CC1,3.75,Non-selective,-27.06323,-51.610508
CC(C)(C)NCc1cc(C(=O)N2CCC(N3CC(CC#N)(n4cc(-c5ncnc6[nH]ccc56)cn4)C3)CC2)nc(C(F)(F)F)n1,2.738609573940012,Non-selective,-49.814407,54.95458
CC(C)(C)NS(=O)(=O)c1ccc(Nc2nn(C3(CC#N)CCN(C(=O)C(C)(F)F)CC3)c3cc[nH]c(=O)c23)cc1,1.5833333333333335,Non-selective,32.102272,-34.625896
CC(C)(C)NS(=O)(=O)c1ccc(Nc2nn(C3CCC[C@@H]3C#N)c3cc[nH]c(=O)c23)cc1,2.1818181818181817,Non-selective,13.582894,-64.05546
CC(C)(C)NS(=O)(=O)c1ccc(Nc2nn([C@@H](CC#N)C3CC3)c3cc[nH]c(=O)c23)cc1,2.4285714285714284,Non-selective,-0.44553936,-48.32757
CC(C)(C)NS(=O)(=O)c1ccc(Nc2nn([C@H]3CCCC[C@@H]3C#N)c3cc[nH]c(=O)c23)cc1,2.5294117647058822,Non-selective,13.44932,-64.129326
CC(C)(C)NS(=O)(=O)c1ccc(Nc2nn([C@H]3COCC[C@@H]3C#N)c3cc[nH]c(=O)c23)cc1,2.625,Non-selective,22.734745,-63.38793
CC(C)(C)NS(=O)(=O)c1ccc(Nc2nn([C@]3(CC#N)CCCOC3)c3cc[nH]c(=O)c23)cc1,2.9999999999999996,Non-selective,32.02373,-43.344658
CC(C)(C)N[C@@H](c1ccc(Nc2nn([C@@]3(CC#N)CCOC[C@H]3F)c3cc[nH]c(=O)c23)cc1)C(F)(F)F,1.8174904942965782,Non-selective,37.543236,-43.8718
CC(C)(C)N[C@@H](c1ccc(Nc2nn([C@]3(CC#N)CCOC[C@@H]3F)c3cc[nH]c(=O)c23)cc1)C(F)(F)F,1.0833333333333335,Non-selective,37.54382,-43.872715
CC(C)(C)N[C@H](c1ccc(Nc2nn([C@@]3(CC#N)CCOC[C@H]3F)c3cc[nH]c(=O)c23)cc1)C(F)(F)F,1.6611570247933882,Non-selective,37.543774,-43.872284
CC(C)(C)N[C@H](c1ccc(Nc2nn([C@]3(CC#N)CCOC[C@@H]3F)c3cc[nH]c(=O)c23)cc1)C(F)(F)F,1.2222222222222223,Non-selective,37.543236,-43.8718
CC(C)(C)OC(=O)C(C)(C)N1Cc2cc(Nc3nn(C4(CC#N)CCCC4)c4cc[nH]c(=O)c34)ccc2C1=O,2.3125,Non-selective,44.0201,-36.241608
CC(C)(C)OC(=O)C(C)(C)N1Cc2cc(Nc3nn([C@@H](CC#N)C4CC4)c4cc[nH]c(=O)c34)ccc2C1=O,1.5,Non-selective,1.949786,-37.17299
CC(C)(C)OC(=O)C1CCC(N2Cc3cc(Nc4nn([C@@H](CC#N)C5CC5)c5cc[nH]c(=O)c45)ccc3C2=O)CC1,4.116355797762165,Non-selective,1.7900321,-37.11421
CC(C)(C)OC(=O)C1CCC(N2Cc3cc(Nc4nn([C@H]5CCCC[C@@H]5C#N)c5cc[nH]c(=O)c45)ccc3C2=O)CC1,4.250659588416828,Non-selective,-5.2240963,-73.98479
CC(C)(C)OC(=O)C1CCN(S(=O)(=O)c2ccc(Nc3nn([C@@H](CC#N)C4CC4)c4cc[nH]c(=O)c34)cc2)C1,1.5888115940060819,Non-selective,0.962659,-50.468063
CC(C)(C)OC(=O)C1CCN(S(=O)(=O)c2ccc(Nc3nn([C@@H](CC#N)C4CC4)c4cc[nH]c(=O)c34)cc2)CC1,1.7258064516129032,Non-selective,0.9575139,-50.45823
CC(C)(C)OC(=O)CC(C)(C)S(=O)(=O)c1ccc(Nc2nn([C@]3(CC#N)CCCOC3)c3cc[nH]c(=O)c23)cc1,3.7222222222222228,Non-selective,32.55035,-42.593864
CC(C)(C)OC(=O)CNC(c1ccc(Nc2nn([C@H]3COCC[C@@H]3C#N)c3cc[nH]c(=O)c23)cc1)C(F)(F)F,4.570877821282055,Non-selective,29.645645,-63.795586
CC(C)(C)OC(=O)N1CC(CC#N)(NC[C@H]2CC[C@H](c3nnn4cnc5[nH]ccc5c34)CC2)C1,3.9473684210526314,Non-selective,-32.326324,-51.776844
CC(C)(C)OC(=O)N1CC(CC#N)(n2cc(C(N)=O)c(Nc3ccc(C(=O)N4CCS(=O)(=O)CC4)cc3)n2)C1,2.5,Non-selective,36.28311,53.039925
CC(C)(C)OC(=O)N1CCC(C(C#N)C2CC2)(n2cc(C(N)=O)c(Nc3ccc(F)cc3)n2)CC1,2.7232472324723247,Non-selective,41.221962,49.755634
CC(C)(C)OC(=O)N1CCC(CC#N)(n2cc(C(N)=O)c(Nc3ccc(C(=O)N4CCOCC4)c(F)c3)n2)CC1,3.4999999999999996,Non-selective,42.285816,52.718647
CC(C)(C)OC(=O)N1CCC(CC#N)(n2cc(C(N)=O)c(Nc3ccc(C(=O)N4CCOCC4)cc3)n2)CC1,2.3333333333333335,Non-selective,36.467987,53.515736
CC(C)(C)OC(=O)N1CCC(CC#N)(n2cc(C(N)=O)c(Nc3ccc(C(=O)N4CCS(=O)(=O)CC4)cc3)n2)CC1,2.0,Non-selective,36.655888,53.05056
CC(C)(C)OC(=O)N1CCC(CC#N)(n2cc(C(N)=O)c(Nc3ccc(C(C)(C)O)nc3)n2)CC1,3.75,Non-selective,39.73555,53.268383
CC(C)(C)OC(=O)N1CCC(CC#N)(n2cc(C(N)=O)c(Nc3ccc(N4CCOCC4)nc3)n2)CC1,3.75,Non-selective,39.788483,53.04306
CC(C)(C)OC(=O)N1CCC(CC#N)(n2cc(C(N)=O)c(Nc3cccc(-c4ccc5ccccc5c4)c3)n2)CC1,2.299689440993789,Non-selective,39.087723,58.20314
CC(C)(C)OC(=O)N1CCC(CC#N)(n2cc(C(N)=O)c(Nc3cccc(-c4ccccc4)c3)n2)CC1,3.0791788856304985,Non-selective,38.95312,58.289593
CC(C)(C)OC(=O)N1CCC(CC#N)(n2nc(NCC3CC3)c3c(=O)[nH]ccc32)CC1,1.2537688442211057,Non-selective,42.552586,-33.0909
CC(C)(C)OC(=O)N1CCC(CC#N)(n2nc(Nc3cc(Cn4cccn4)cc(Cn4cccn4)c3)c3c(=O)[nH]ccc32)CC1,2.3260869565217392,Non-selective,42.964897,-34.22504
CC(C)(C)OC(=O)N1CCC(CC#N)(n2nc(Nc3cc(Cn4ccnn4)cc(Cn4ccnn4)c3)c3c(=O)[nH]ccc32)CC1,1.032258064516129,Non-selective,42.949104,-34.272686
CC(C)(C)OC(=O)N1CCC(CC#N)(n2nc(Nc3cc(Cn4ccnn4)cc(Cn4nccn4)c3)c3c(=O)[nH]ccc32)CC1,1.2391304347826084,Non-selective,42.939632,-34.30165
CC(C)(C)OC(=O)N1CCC(CC#N)(n2nc(Nc3cc(Cn4nccn4)cc(Cn4nccn4)c3)c3c(=O)[nH]ccc32)CC1,3.0000000000000004,Non-selective,42.965397,-34.288826
CC(C)(C)OC(=O)N1CCC(CC#N)(n2nc(Nc3ccc(C4(C(F)(F)F)CCN(Cc5ccccc5)C4)cc3)c3c(=O)[nH]ccc32)CC1,1.2848839501370628,Non-selective,42.310173,-31.515013
CC(C)(C)OC(=O)N1CCC(CC#N)(n2nc(Nc3ccc(C4(C(F)(F)F)CCNC4)cc3)c3c(=O)[nH]ccc32)CC1,1.3909727272727272,Non-selective,40.59741,-32.79752
CC(C)(C)OC(=O)N1CCC(CC#N)(n2nc(Nc3ccc(CNCC(F)(F)F)cc3)c3c(=O)[nH]ccc32)CC1,2.1304347826086953,Non-selective,40.71997,-32.826008
CC(C)(C)OC(=O)N1CCC(CC#N)(n2nc(Nc3ccc(S(=O)(=O)N4CCCCC4)cc3)c3c(=O)[nH]ccc32)CC1,1.5813953488372094,Non-selective,36.425762,-32.09503
CC(C)(C)OC(=O)N1CCC(CC#N)(n2nc(Nc3ccc(S(=O)(=O)N4CCOCC4)cc3)c3c(=O)[nH]ccc32)CC1,1.6818181818181819,Non-selective,35.97368,-32.115955
CC(C)(C)OC(=O)N1CCC(CC#N)(n2nc(Nc3ccc(S(=O)(=O)NC4CCCCC4)cc3)c3c(=O)[nH]ccc32)CC1,1.6,Non-selective,36.85504,-32.073154
CC(C)(C)OC(=O)N1CCC(CC#N)(n2nc(Nc3ccc(S(=O)(=O)NCC4CC4)c(F)c3)c3c(=O)[nH]ccc32)CC1,1.4,Non-selective,38.262405,-32.73759
CC(C)(C)OC(=O)N1CCC(CC#N)(n2nc(Nc3ccc(S(=O)(=O)NCC4CC4)cc3)c3c(=O)[nH]ccc32)CC1,1.92,Non-selective,37.17684,-32.239388
CC(C)(C)OC(=O)N1CCC(CC#N)(n2nc(Nc3ccc(S(=O)(=O)NCc4ccccc4)cc3)c3c(=O)[nH]ccc32)CC1,2.1477272727272725,Non-selective,36.66563,-32.559254
CC(C)(C)OC(=O)N1CCC(CC#N)(n2nc(Nc3ccc(S(C)(=O)=O)cc3)c3c(=O)[nH]ccc32)CC1,2.125,Non-selective,36.33806,-31.938652
CC(C)(C)OC(=O)N1CCC(CC#N)(n2nc(Nc3ccc(S(N)(=O)=O)cc3)c3c(=O)[nH]ccc32)CC1,1.9166666666666667,Non-selective,36.353344,-32.072838
CC(C)(C)OC(=O)N1CCC(CC#N)(n2nc(Nc3ccc([C@@H](O)C(F)(F)F)cc3)c3c(=O)[nH]ccc32)CC1,2.5813953488372094,Non-selective,40.456703,-31.815205
CC(C)(C)OC(=O)N1CCC(CC#N)(n2nc(Nc3ccc([C@@]4(C(F)(F)F)CCCCN4)cc3)c3c(=O)[nH]ccc32)CC1,1.0862068965517242,Non-selective,40.26974,-32.812912
CC(C)(C)OC(=O)N1CCC(CC#N)(n2nc(Nc3ccc([C@@]4(C(F)(F)F)CCCN4)cc3)c3c(=O)[nH]ccc32)CC1,1.1,Non-selective,40.2932,-32.817623
CC(C)(C)OC(=O)N1CCC(CC#N)(n2nc(Nc3ccc([C@H](O)C(F)(F)F)cc3)c3c(=O)[nH]ccc32)CC1,2.0952380952380953,Non-selective,40.4566,-31.815145
CC(C)(C)OC(=O)N1CCC(CC#N)(n2nc(Nc3ccc([C@]4(C(F)(F)F)CCCCN4)cc3)c3c(=O)[nH]ccc32)CC1,1.109375,Non-selective,40.26974,-32.812912
CC(C)(C)OC(=O)N1CCC(CC#N)(n2nc(Nc3ccc([C@]4(C(F)(F)F)CCCN4)cc3)c3c(=O)[nH]ccc32)CC1,1.1111111111111112,Non-selective,40.2932,-32.817623
CC(C)(C)OC(=O)N1CCC(CC#N)(n2nc(Nc3ccc4c(c3)CCS4(=O)=O)c3c(=O)[nH]ccc32)CC1,3.0999999999999996,Non-selective,45.31515,-37.2308
CC(C)(C)OC(=O)N1CCC(CC#N)(n2nc(Nc3ccc4c(c3)CN(C(C)(C)C)S4(=O)=O)c3c(=O)[nH]ccc32)CC1,1.4166666666666667,Non-selective,45.893257,-38.059643
CC(C)(C)OC(=O)N1CCC(CC#N)(n2nc(Nc3ccc4c(c3)CN(C3CCN(CC(F)(F)F)CC3)S4(=O)=O)c3c(=O)[nH]ccc32)CC1,1.1846153846153846,Non-selective,46.158348,-37.53316
CC(C)(C)OC(=O)N1CCC(CC#N)(n2nc(Nc3ccc4c(c3)CN(CC(F)(F)F)C4=O)c3c(=O)[nH]ccc32)CC1,1.107142857142857,Non-selective,44.19712,-35.726902
CC(C)(C)OC(=O)N1CCC(CC#N)(n2nc(Nc3ccc4c(c3)CN(CC(F)(F)F)S4(=O)=O)c3c(=O)[nH]ccc32)CC1,1.5789473684210527,Non-selective,45.936028,-37.68506
CC(C)(C)OC(=O)N1CCC(CC#N)(n2nc(Nc3ccc4c(c3)CN(CC3CC3)S4(=O)=O)c3c(=O)[nH]ccc32)CC1,1.32,Non-selective,46.004383,-37.89815
CC(C)(C)OC(=O)N1CCC(CC#N)(n2nc(Nc3ccc4c(c3)CNC4)c3c(=O)[nH]ccc32)CC1,1.6538461538461537,Non-selective,43.779865,-35.114567
CC(C)(C)OC(=O)N1CCC(c2nnn3cnc4[nH]ccc4c23)CC1,3.1875,Non-selective,-31.370676,-51.318195
CC(C)(C)OC(=O)N1CCCC(c2nnn3cnc4[nH]ccc4c23)C1,2.0833333333333335,Non-selective,-31.430809,-51.22171
CC(C)(C)OC(=O)N1CC[C@@](CC#N)(n2nc(Nc3ccc(S(C)(=O)=O)cc3)c3c(=O)[nH]ccc32)[C@@H](F)C1,2.9166666666666665,Non-selective,37.3808,-30.421797
CC(C)(C)OC(=O)N1CC[C@](CC#N)(n2cc(C(N)=O)c(Nc3ccc(F)cc3)n2)[C@H](F)C1,4.0,Non-selective,41.834534,49.072723
CC(C)(C)OC(=O)N1CC[C@](CC#N)(n2nc(Nc3ccc(S(C)(=O)=O)cc3)c3c(=O)[nH]ccc32)[C@H](F)C1,1.125,Non-selective,37.3808,-30.421797
CC(C)(C)OC(=O)N1CC[C@](CC#N)(n2nc(Nc3ccc([C@@H](O)C(F)(F)F)cc3)c3c(=O)[nH]ccc32)[C@H](F)C1,1.0714285714285714,Non-selective,40.37279,-30.71236
CC(C)(C)OC(=O)N1CC[C@](CC#N)(n2nc(Nc3ccc([C@H](O)C(F)(F)F)cc3)c3c(=O)[nH]ccc32)[C@H](F)C1,1.25,Non-selective,40.373386,-30.712397
CC(C)(C)OC(=O)N1CC[C@](CC#N)(n2nc(Nc3ccc4c(c3)CN(C(C)(C)C)S4(=O)=O)c3c(=O)[nH]ccc32)[C@H](F)C1,1.2666666666666668,Non-selective,46.46783,-37.397858
CC(C)(C)OC(=O)N1CC[C@](CC#N)(n2nc(Nc3ccc4c(c3)CN(CC(F)(F)F)S4(=O)=O)c3c(=O)[nH]ccc32)[C@H](F)C1,1.25,Non-selective,46.46505,-37.30572
CC(C)(C)OC(=O)N1CC[C@](CC#N)(n2nc(Nc3ccccc3)c3c(=O)[nH]ccc32)[C@H](F)C1,1.0,Non-selective,41.9982,-31.076881
CC(C)(C)OC(=O)N1[C@@H]2CC[C@H]1C[C@@H](c1ccc(Nc3nn([C@H]4CCCC[C@@H]4C#N)c4cc[nH]c(=O)c34)cc1)C2,3.0384615384615383,Non-selective,8.420802,-79.7133
CC(C)(C)OC(=O)NCc1cc(F)cc(Nc2nn([C@H]3CCCC[C@@H]3C#N)c3cc[nH]c(=O)c23)c1,1.6521739130434783,Non-selective,-4.2968006,-72.81915
CC(C)(C)OC(=O)NCc1cc(Nc2nn([C@H]3CCCC[C@@H]3C#N)c3cc[nH]c(=O)c23)ccc1F,1.46875,Non-selective,-4.347594,-72.847206
CC(C)(C)OC(=O)NCc1ccc(Nc2nn([C@H]3CCCC[C@@H]3C#N)c3cc[nH]c(=O)c23)cc1,3.3333333333333335,Non-selective,8.485133,-79.34217
CC(C)(C)OC(=O)NCc1cccc(Nc2nn([C@H]3CCCC[C@@H]3C#N)c3cc[nH]c(=O)c23)c1,2.357142857142857,Non-selective,-4.1014385,-72.77059
CC(C)(C)OC(=O)[C@@H]1CC[C@@](CC#N)(n2nc(Nc3ccc(C(C)(O)C(F)(F)F)cc3)c3c(=O)[nH]ccc32)CO1,2.969233768608282,Non-selective,59.132164,-41.966766
CC(C)(C)OC(=O)[C@@H]1CC[C@@](CC#N)(n2nc(Nc3ccc(C(N)C(F)(F)F)cc3)c3c(=O)[nH]ccc32)CO1,3.559985714285714,Non-selective,59.95993,-41.293644
CC(C)(C)OC(=O)[C@@H]1CC[C@@](CC#N)(n2nc(Nc3ccc(C(O)(C(C)(C)C)C(F)(F)F)cc3)c3c(=O)[nH]ccc32)CO1,2.8158780670010577,Non-selective,59.176258,-41.996845
CC(C)(C)OC(=O)[C@@H]1CC[C@@](CC#N)(n2nc(Nc3ccc(C(O)C(F)(F)F)cc3)c3c(=O)[nH]ccc32)CO1,4.174311926605505,Non-selective,60.1263,-41.127705
CC(C)(C)OC(=O)[C@@H]1CC[C@@](CC#N)(n2nc(Nc3ccc(C4(C(F)(F)F)CCCCN4)cc3)c3c(=O)[nH]ccc32)CO1,1.3874439168969868,Non-selective,59.188087,-42.14242
CC(C)(C)OC(=O)[C@@H]1CC[C@@](CC#N)(n2nc(Nc3ccc(C4(C(F)(F)F)CCNC4)cc3)c3c(=O)[nH]ccc32)CO1,1.49666,Non-selective,59.20506,-42.222385
CC(C)(C)OC(=O)[C@@H]1CC[C@@](CC#N)(n2nc(Nc3ccc(Cn4ccnn4)cc3)c3c(=O)[nH]ccc32)CO1,4.857142857142857,Non-selective,59.39198,-43.56437
CC(C)(C)OC(=O)[C@@H]1CC[C@@](CC#N)(n2nc(Nc3ccc(Cn4nccn4)cc3)c3c(=O)[nH]ccc32)CO1,1.5555555555555558,Non-selective,59.39816,-43.569378
CC(C)(C)OC(=O)[C@@H]1CC[C@@](CC#N)(n2nc(Nc3ccc(S(=O)(=O)C(C)(C)C)cc3)c3c(=O)[nH]ccc32)CO1,1.4999999999999998,Non-selective,62.141033,-43.91263
CC(C)(C)OC(=O)[C@@H]1CC[C@@](CC#N)(n2nc(Nc3ccc(S(=O)(=O)C4CC4)cc3)c3c(=O)[nH]ccc32)CO1,2.4152301132072544,Non-selective,62.087715,-43.906784
CC(C)(C)OC(=O)[C@@H]1CC[C@@](CC#N)(n2nc(Nc3ccc(S(=O)(=O)N4CCOCC4)cc3)c3c(=O)[nH]ccc32)CO1,1.8000000000000003,Non-selective,61.895515,-44.36037
CC(C)(C)OC(=O)[C@@H]1CC[C@@](CC#N)(n2nc(Nc3ccc([C@@H](N)C(F)(F)F)cc3)c3c(=O)[nH]ccc32)CO1,2.7222222222222223,Non-selective,59.95993,-41.293644
CC(C)(C)OC(=O)[C@@H]1CC[C@@](CC#N)(n2nc(Nc3ccc([C@H](N)C(F)(F)F)cc3)c3c(=O)[nH]ccc32)CO1,2.9999999999999996,Non-selective,59.95993,-41.293644
CC(C)(C)OC(=O)[C@@H]1CC[C@@](CC#N)(n2nc(Nc3ccc4c(c3)CC(C)(C)C4(O)C(F)(F)F)c3c(=O)[nH]ccc32)CO1,1.5828843233946497,Non-selective,56.23479,-43.62831
CC(C)(C)OC(=O)[C@@H]1CC[C@@](CC#N)(n2nc(Nc3ccc4c(c3)CN(C(C)(C)C)C4=O)c3c(=O)[nH]ccc32)CO1,1.857142857142857,Non-selective,55.85465,-43.65999
CC(C)(C)OC(=O)[C@@H]1CC[C@@](CC#N)(n2nc(Nc3ccc4c(c3)CN(C(C)(C)C)S4(=O)=O)c3c(=O)[nH]ccc32)CO1,1.2222222222222223,Non-selective,52.83621,-43.007164
CC(C)(C)OC(=O)[C@@H]1CC[C@@](CC#N)(n2nc(Nc3ccc4c(c3)CN(C3CCCC3)C4=O)c3c(=O)[nH]ccc32)CO1,2.0,Non-selective,55.416977,-43.53384
CC(C)(C)OC(=O)[C@@H]1CC[C@@](CC#N)(n2nc(Nc3ccc4c(c3)CN(C3CCCCC3)C4=O)c3c(=O)[nH]ccc32)CO1,2.2222222222222223,Non-selective,55.40022,-43.528625
CC(C)(C)OC(=O)[C@@H]1CC[C@@](CC#N)(n2nc(Nc3ccc4c(c3)CN(CC(F)(F)F)C4=O)c3c(=O)[nH]ccc32)CO1,2.857142857142857,Non-selective,55.762135,-43.53677
CC(C)(C)OC(=O)[C@@H]1CC[C@@](CC#N)(n2nc(Nc3ccc4c(c3)CN(CC(F)(F)F)S4(=O)=O)c3c(=O)[nH]ccc32)CO1,2.642857142857143,Non-selective,53.074318,-43.05247
CC(C)(C)OC(=O)[C@@H]1CC[C@@](CC#N)(n2nc(Nc3ccc4c(c3)NC(=O)C4(C)C)c3c(=O)[nH]ccc32)CO1,1.714285714285714,Non-selective,57.08993,-44.09956
CC(C)(C)OC(=O)[C@@H]1CC[C@@](CC#N)(n2nc(Nc3ccc4nc(N5CC6CCC(C5)O6)ccc4c3)c3c(=O)[nH]ccc32)CO1,4.088235294117647,Non-selective,56.97715,-44.655613
CC(C)(C)OC(=O)[C@H]1CCCN1S(=O)(=O)c1ccc(Nc2nn([C@@H](CC#N)C3CC3)c3cc[nH]c(=O)c23)cc1,2.0,Non-selective,0.9644524,-50.473072
CC(C)(C)OC(=O)[C@H]1CC[C@@](CC#N)(n2nc(Nc3ccc([C@@H](N)C(F)(F)F)cc3)c3c(=O)[nH]ccc32)CO1,2.923728813559322,Non-selective,59.95993,-41.293644
CC(C)(C)OC(=O)[C@H]1CC[C@@](CC#N)(n2nc(Nc3ccc([C@H](N)C(F)(F)F)cc3)c3c(=O)[nH]ccc32)CO1,2.58974358974359,Non-selective,59.95993,-41.293644
CC(C)(C)OC(=O)[C@H]1CC[C@](CC#N)(n2nc(Nc3ccc4c(c3)CN(C(C)(C)C)S4(=O)=O)c3c(=O)[nH]ccc32)CO1,4.50625,Non-selective,52.83621,-43.007164
CC(C)(C)OC(=O)[C@H]1CC[C@](O)(c2ccc(Nc3nn([C@H]4CCCC[C@@H]4C#N)c4cc[nH]c(=O)c34)cc2)CC1,1.948051948051948,Non-selective,8.524813,-79.44986
CC(C)(C)S(=O)(=O)c1ccc(Nc2nn(C3(CC#N)CCCC3)c3cc[nH]c(=O)c23)cc1,2.1818181818181817,Non-selective,30.591467,-40.723885
CC(C)(C)S(=O)(=O)c1ccc(Nc2nn(C3(CC#N)CCOCC3)c3cc[nH]c(=O)c23)cc1,2.4705882352941173,Non-selective,31.695404,-42.75445
CC(C)(C)S(=O)(=O)c1ccc(Nc2nn(C3CCC[C@@H]3C#N)c3cc[nH]c(=O)c23)cc1,3.0,Non-selective,13.572629,-63.950603
CC(C)(C)S(=O)(=O)c1ccc(Nc2nn(C3COCCC[C@H]3C#N)c3cc[nH]c(=O)c23)cc1,1.185483870967742,Non-selective,22.023027,-63.079582
CC(C)(C)S(=O)(=O)c1ccc(Nc2nn(N3CCOCC[C@@H]3C#N)c3cc[nH]c(=O)c23)cc1,1.3493150684931507,Non-selective,20.989775,-61.897724
CC(C)(C)S(=O)(=O)c1ccc(Nc2nn(N3CCOCC[C@H]3C#N)c3cc[nH]c(=O)c23)cc1,2.5359574000878347,Non-selective,20.989775,-61.897724
CC(C)(C)S(=O)(=O)c1ccc(Nc2nn([C@@H](CC#N)C3CC3)c3cc[nH]c(=O)c23)cc1,2.8181818181818183,Non-selective,-0.4200936,-48.32312
CC(C)(C)S(=O)(=O)c1ccc(Nc2nn([C@@H]3CC(F)(F)C[C@H]3C#N)c3cc[nH]c(=O)c23)cc1,1.2142857142857142,Non-selective,16.380919,-62.745964
CC(C)(C)S(=O)(=O)c1ccc(Nc2nn([C@@H]3CCCCC[C@@H]3C#N)c3cc[nH]c(=O)c23)cc1,1.411764705882353,Non-selective,13.43337,-64.03958
CC(C)(C)S(=O)(=O)c1ccc(Nc2nn([C@@H]3CCCCC[C@H]3C#N)c3cc[nH]c(=O)c23)cc1,2.0,Non-selective,13.43343,-64.03937
CC(C)(C)S(=O)(=O)c1ccc(Nc2nn([C@@H]3COCCC[C@@H]3C#N)c3cc[nH]c(=O)c23)cc1,1.5110132158590308,Non-selective,22.023027,-63.079582
CC(C)(C)S(=O)(=O)c1ccc(Nc2nn([C@@H]3COCCC[C@H]3C#N)c3cc[nH]c(=O)c23)cc1,2.76,Non-selective,22.023027,-63.079582
CC(C)(C)S(=O)(=O)c1ccc(Nc2nn([C@@]3(CC#N)CCOC3)c3cc[nH]c(=O)c23)cc1,2.1504424778761067,Non-selective,31.872238,-43.002842
CC(C)(C)S(=O)(=O)c1ccc(Nc2nn([C@H]3CC(F)(F)C[C@@H]3C#N)c3cc[nH]c(=O)c23)cc1,3.1818181818181817,Non-selective,16.380508,-62.745968
CC(C)(C)S(=O)(=O)c1ccc(Nc2nn([C@H]3CC(F)(F)C[C@H]3C#N)c3cc[nH]c(=O)c23)cc1,2.0588235294117645,Non-selective,16.380512,-62.746017
CC(C)(C)S(=O)(=O)c1ccc(Nc2nn([C@H]3CCCCC[C@@H]3C#N)c3cc[nH]c(=O)c23)cc1,1.2463768115942029,Non-selective,13.43343,-64.03937
CC(C)(C)S(=O)(=O)c1ccc(Nc2nn([C@H]3CCCCC[C@H]3C#N)c3cc[nH]c(=O)c23)cc1,1.263157894736842,Non-selective,13.433279,-64.039505
CC(C)(C)S(=O)(=O)c1ccc(Nc2nn([C@H]3CCCC[C@@H]3C#N)c3cc[nH]c(=O)c23)cc1,3.6666666666666665,Non-selective,13.453694,-64.02107
CC(C)(C)S(=O)(=O)c1ccc(Nc2nn([C@H]3CCOCC[C@@H]3C#N)c3cc[nH]c(=O)c23)cc1,3.0,Non-selective,22.179937,-63.179512
CC(C)(C)S(=O)(=O)c1ccc(Nc2nn([C@H]3COCCC[C@@H]3C#N)c3cc[nH]c(=O)c23)cc1,1.2254335260115607,Non-selective,22.023027,-63.079582
CC(C)(C)S(=O)(=O)c1ccc(Nc2nn([C@H]3COCC[C@@H]3C#N)c3cc[nH]c(=O)c23)cc1,2.625,Non-selective,22.654882,-63.399757
CC(C)(C)S(=O)(=O)c1ccc(Nc2nn([C@]3(CC#N)CCCOC3)c3cc[nH]c(=O)c23)cc1,2.7647058823529407,Non-selective,31.99452,-43.27535
CC(C)(C)S(=O)(=O)c1ccc(Nc2nn([C@]3(CC#N)CCOC3)c3cc[nH]c(=O)c23)cc1,2.7880184331797233,Non-selective,31.872435,-43.00308
CC(C)(C)[S@+]([O-])N[C@H](c1ccc(Nc2nn([C@H]3CCCC[C@@H]3C#N)c3cc[nH]c(=O)c23)cc1)C(F)(F)F,1.7419354838709677,Non-selective,12.429654,-77.70328
CC(C)(C)[S@@+]([O-])N[C@@H](c1ccc(Nc2nn([C@H]3CCCC[C@@H]3C#N)c3cc[nH]c(=O)c23)cc1)C(F)(F)F,2.8846153846153846,Non-selective,12.429654,-77.70328
CC(C)(CC(=O)NCC(F)(F)F)n1cc(-c2c[nH]c3ncccc23)cn1,1.4285714285714286,Non-selective,-26.453661,21.826923
CC(C)(CC(=O)NCC(F)(F)F)n1cc(-c2ncnc3[nH]ccc23)cn1,1.4285714285714286,Non-selective,-30.410608,27.470953
CC(C)(CCO)N1Cc2cc(Nc3nn([C@H]4CCCC[C@@H]4C#N)c4cc[nH]c(=O)c34)ccc2S1(=O)=O,4.181818181818182,Non-selective,-5.882029,-78.402855
CC(C)(COC(=O)N1CC[C@H](n2cc(C(N)=O)c(Nc3ccc(F)cc3)n2)[C@H](C#N)C1)n1cccn1,3.3617977528089886,Non-selective,36.856735,1.4894676
CC(C)(N)c1ccc(Nc2nn([C@H]3COCC[C@@H]3C#N)c3cc[nH]c(=O)c23)cc1,2.8095238095238093,Non-selective,27.7405,-64.645
CC(C)(O)C1CC(CC#N)(n2ccc(-c3nc(-c4cc[nH]n4)cc4ncccc34)n2)C1,1.4541389775014073,Non-selective,6.2336197,79.5707
CC(C)(O)C1CC(CC#N)(n2ccc(-c3nc(-c4cn[nH]c4)cc4ncccc34)n2)C1,1.4995812395309882,Non-selective,6.359637,79.726616
CC(C)(O)[C@@H]1CC[C@@](CC#N)(n2nc(Nc3ccc(Cl)cc3)c3c(=O)[nH]ccc32)CO1,3.323529411764705,Non-selective,35.77614,-52.789818
CC(C)(O)c1cn(Cc2ccc(Nc3nn([C@H]4CCCC[C@@H]4C#N)c4cc[nH]c(=O)c34)cc2)nn1,2.5625,Non-selective,8.77862,-74.88437
CC(C)(c1ccc(Nc2nn([C@H]3CCCC[C@@H]3C#N)c3cc[nH]c(=O)c23)cc1)n1ccnn1,2.9411764705882355,Non-selective,10.48007,-77.86015
CC(C)(c1ccc(Nc2nn([C@H]3CCCC[C@@H]3C#N)c3cc[nH]c(=O)c23)cc1)n1nccn1,1.7142857142857142,Non-selective,10.474001,-77.8446
CC(C)(c1ccc(Nc2nn([C@H]3CCCC[C@@H]3C#N)cc2C(N)=O)cc1F)[C@@H](O)C(F)(F)F,2.0,Non-selective,55.14202,12.734645
CC(C)(c1ccc(Nc2nn([C@H]3CC[C@@](C)(O)C[C@@H]3C#N)cc2C(N)=O)cc1)C(O)C(F)(F)F,3.1622884861512786,Non-selective,66.13768,-0.33414528
CC(C)(c1ccc(Nc2nn([C@H]3CC[C@H](O)C[C@@H]3C#N)cc2C(N)=O)cc1)C(O)C(F)(F)F,4.140393639031251,Non-selective,66.222855,-10.878317
CC(C)(c1ccc(Nc2nn([C@H]3CC[C@](C)(O)C[C@@H]3C#N)cc2C(N)=O)cc1)C(O)C(F)(F)F,4.948714581544523,Non-selective,66.137146,-0.33347628
CC(C)C(=O)Nc1nc2c(-c3ccc(CN4CC(S(=O)(=O)C5CC5)C4)cc3)cccn2n1,1.4285714285714286,Non-selective,-11.554006,14.613425
CC(C)C(=O)Nc1nc2c(-c3ccc(CN4CC(S(C)(=O)=O)C4)cc3)cccn2n1,1.4285714285714286,Non-selective,-11.551279,14.543986
CC(C)C(=O)Nc1nc2cccc(-c3ccc(CN4CC(S(=O)(=O)C5CC5)C4)cc3)n2n1,1.4285714285714286,Non-selective,-11.165847,15.277925
CC(C)C(C)(C)S(=O)(=O)c1ccc(Nc2nn([C@H]3COCC[C@@H]3C#N)c3cc[nH]c(=O)c23)cc1,2.2857142857142856,Non-selective,22.610716,-63.57769
CC(C)C(C)(C)S(=O)(=O)c1ccc(Nc2nn([C@]3(CC#N)CCCOC3)c3cc[nH]c(=O)c23)cc1,1.764705882352941,Non-selective,32.450928,-43.3262
CC(C)C(Cn1ccc2cnc(Nc3cnn(CC(=O)O)c3)nc21)C(C)C,1.0,Non-selective,21.676245,19.3697
CC(C)C(Cn1ccc2cnc(Nc3cnn(CC(=O)OCCO)c3)nc21)C(C)C,1.0,Non-selective,19.703915,16.752316
CC(C)C(c1ccc(Nc2nn([C@H]3CCCC[C@@H]3C#N)c3cc[nH]c(=O)c23)cc1)n1cc(C(=O)OC(C)(C)C)nn1,1.8257400062475742,Non-selective,8.945663,-79.19127
CC(C)C(c1ccc(Nc2nn([C@H]3CCCC[C@@H]3C#N)c3cc[nH]c(=O)c23)cc1)n1cc(C(C)(C)C)nn1,4.734680768083691,Non-selective,10.500394,-76.74894
CC(C)C(c1ccc(Nc2nn([C@H]3CCCC[C@@H]3C#N)c3cc[nH]c(=O)c23)cc1)n1ccnn1,3.5189602185534783,Non-selective,10.300935,-76.37397
CC(C)C(c1ccc(Nc2nn([C@H]3CCCC[C@@H]3C#N)c3cc[nH]c(=O)c23)cc1)n1nccn1,1.1224966666666667,Non-selective,10.298181,-76.30489
CC(C)CN1Cc2cc(Nc3nn(C4(CC#N)CCN(C(=O)OC(C)(C)C)CC4)c4cc[nH]c(=O)c34)ccc2S1(=O)=O,1.1063829787234043,Non-selective,45.84232,-38.119247
CC(C)CN1Cc2cc(Nc3nn([C@H]4CCCC[C@@H]4C#N)c4cc[nH]c(=O)c34)ccc2S1(=O)=O,4.9397590361445785,Non-selective,-4.6235294,-78.927895
CC(C)CN1Cc2ccc(Nc3nn([C@H]4CCCC[C@@H]4C#N)c4cc[nH]c(=O)c34)cc2C1,2.4285714285714284,Non-selective,1.7507007,-76.24929
CC(C)CN1Cc2ccc(Nc3nn([C@H]4COCC[C@@H]4C#N)c4cc[nH]c(=O)c34)cc2C1,1.8636363636363635,Non-selective,25.113989,-67.907875
CC(C)CNC(c1ccc(Nc2nn([C@H]3COCC[C@@H]3C#N)c3cc[nH]c(=O)c23)cc1)C(F)(F)F,1.5339359810314166,Non-selective,29.52765,-64.6871
CC(C)CNc1nc(-c2cc(F)c(O)cc2CC(F)(F)F)nc(N)c1C=N,3.2567567567567566,Non-selective,20.631334,-13.140491
CC(C)CNc1nc(-c2cc(F)c(O)cc2CC(F)(F)F)nc2[nH]ncc12,3.2567567567567566,Non-selective,20.780714,-13.026477
CC(C)COC(=O)N1CCC(N2CC(CC#N)(n3cc(-c4ncnc5[nH]ccc45)cn3)C2)CC1,2.738609573940012,Non-selective,-39.876293,45.38815
CC(C)COC(=O)N1CC[C@H](n2cc(C(N)=O)c(Nc3ccc(F)cc3)n2)[C@H](C#N)C1,3.0161290322580645,Non-selective,33.07267,4.8421216
CC(C)CS(=O)(=O)N1CC(CC#N)(n2cc(-c3ccnc4[nH]ccc34)cn2)C1,2.7590361445783134,Non-selective,-24.668276,27.264965
CC(C)N(C)S(=O)(=O)c1ccc(Nc2nn([C@@H](CC#N)C3CC3)c3cc[nH]c(=O)c23)cc1,1.1111111111111112,Non-selective,-0.14185493,-48.85128
CC(C)N(C)S(=O)(=O)c1ccc(Nc2nn([C@]3(CC#N)CC[C@@H](C(=O)OC(C)(C)C)OC3)c3cc[nH]c(=O)c23)cc1,1.6428571428571428,Non-selective,62.527985,-43.466904
CC(C)N1Cc2cc(Nc3nn([C@H]4CCCC[C@@H]4C#N)c4cc[nH]c(=O)c34)ccc2C1C,1.0224719101123596,Non-selective,1.736225,-76.224556
CC(C)N1Cc2cc(Nc3nn([C@H]4CCCC[C@@H]4C#N)c4cc[nH]c(=O)c34)ccc2[C@H]1C,1.0444444444444445,Non-selective,1.7364471,-76.22463
CC(C)N1Cc2ccc(Nc3nn(C4(CC#N)CCCC4)c4cc[nH]c(=O)c34)cc2C1,1.710144927536232,Non-selective,39.76671,-46.590244
CC(C)N1Cc2ccc(Nc3nn([C@H]4CCCC[C@@H]4C#N)c4cc[nH]c(=O)c34)cc2C1,2.0714285714285716,Non-selective,1.7504237,-76.22265
CC(C)N1Cc2ccc(Nc3nn([C@H]4COCC[C@@H]4C#N)c4cc[nH]c(=O)c34)cc2C1,2.25,Non-selective,25.161652,-67.84885
CC(C)N=S(C)(=O)N1CC(CC#N)(n2cc(-c3ncnc4[nH]ccc34)cn2)C1,1.0,Non-selective,-33.33054,29.736713
CC(C)NC(=O)N1CCC(N2CC(CC#N)(n3cc(-c4ncnc5[nH]ccc45)cn3)C2)CC1,2.738609573940012,Non-selective,-35.63247,45.650974
CC(C)NC(=O)c1cc(Cl)c(N2CC(CC#N)(n3cc(-c4ncnc5[nH]ccc45)cn3)C2)cc1F,1.0,Non-selective,-26.084412,37.828785
CC(C)NC(=O)c1cc(F)c(N2CC(CC#N)(n3cc(-c4ncnc5[nH]ccc45)cn3)C2)cc1F,1.0,Non-selective,-26.270567,37.664074
CC(C)NC(=O)c1ccc(N2CC(CC#N)(n3cc(-c4ccnc5[nH]ccc45)cn3)C2)c(F)c1,1.0,Non-selective,-21.372944,32.378544
CC(C)NC(=O)c1ccc(N2CC(CC#N)(n3cc(-c4ccnc5[nH]ccc45)cn3)C2)cc1,2.5,Non-selective,-21.37337,32.290375
CC(C)NC(=O)c1ccc(N2CC(CC#N)(n3cc(-c4ncnc5[nH]ccc45)cn3)C2)c(F)c1,1.0,Non-selective,-26.41665,37.587086
CC(C)NC(=O)c1ccc(N2CC(CC#N)(n3cc(-c4ncnc5[nH]ccc45)cn3)C2)cc1,2.5,Non-selective,-27.551504,36.57005
CC(C)NC(=O)c1ccc(N2CC(CC#N)(n3cc(-c4ncnc5[nH]ccc45)cn3)C2)cc1F,2.5,Non-selective,-26.401413,37.634106
CC(C)NC(=O)c1ccc(N2CC(CC#N)(n3cc(-c4ncnc5[nH]ccc45)cn3)C2)cn1,1.0,Non-selective,-27.603603,36.437256
CC(C)NC(=O)c1cnc(N2CC(CC#N)(n3cc(-c4ccnc5[nH]ccc45)cn3)C2)cn1,2.5,Non-selective,-21.376572,32.167328
CC(C)NC(=O)c1cnc(N2CC(CC#N)(n3cc(-c4ncnc5[nH]ccc45)cn3)C2)cn1,2.5,Non-selective,-27.515047,36.41532
CC(C)NC(C)(C)c1ccc(Nc2nn(C3(CC#N)CCN(C(=O)OC(C)(C)C)CC3)c3cc[nH]c(=O)c23)cc1,1.4249999999999998,Non-selective,40.671677,-32.20339
CC(C)NC(C)(C)c1ccc(Nc2nn([C@@]3(CC#N)CCCC[C@H]3F)c3cc[nH]c(=O)c23)cc1,1.5,Non-selective,35.84066,-47.02834
CC(C)NC(C)(C)c1ccc(Nc2nn([C@@]3(CC#N)CCN(C(=O)OC(C)(C)C)C[C@H]3F)c3cc[nH]c(=O)c23)cc1,1.2142857142857142,Non-selective,40.351242,-30.742334
CC(C)NC(C)(C)c1ccc(Nc2nn([C@H]3COCC[C@@H]3C#N)c3cc[nH]c(=O)c23)cc1,1.0,Non-selective,28.143152,-65.125
CC(C)NC(C)(C)c1ccc(Nc2nn([C@]3(CC#N)CC[C@@H](C(=O)OC(C)(C)C)OC3)c3cc[nH]c(=O)c23)cc1,1.3846153846153846,Non-selective,60.436867,-42.058964
CC(C)NC(c1ccc(Nc2nn([C@@H](CC#N)C3CC3)c3cc[nH]c(=O)c23)cc1)C(F)(F)F,1.16859993850798,Non-selective,-0.92068005,-41.08285
CC(C)NC(c1ccc(Nc2nn([C@@H](CC#N)C3CC3)c3cc[nH]c(=O)c23)cc1F)C(F)(F)F,1.0750071775654129,Non-selective,2.103262,-40.758144
CC(C)NC(c1ccc(Nc2nn([C@H]3CCC[C@@H]3C#N)c3cc[nH]c(=O)c23)cc1)C(F)(F)F,1.290999361799424,Non-selective,12.633648,-77.66442
CC(C)NC(c1ccc(Nc2nn([C@H]3COCC[C@@H]3C#N)c3cc[nH]c(=O)c23)cc1)C(F)(F)F,1.24373375,Non-selective,29.454912,-64.98041
CC(C)NC(c1ccc(Nc2nn([C@]3(CC#N)CCCOC3)c3cc[nH]c(=O)c23)cc1)C(F)(F)F,1.2033081978461062,Non-selective,36.12261,-44.983547
CC(C)NC(c1ccc(Nc2nn([C@]3(CC#N)CC[C@@H](C(=O)OC(C)(C)C)OC3)c3cc[nH]c(=O)c23)cc1)C(F)(F)F,1.1664149745317007,Non-selective,60.42606,-41.254307
CC(C)NC1(C)C(=O)Nc2cc(Nc3nn(C4COCC[C@@H]4C#N)c4cc[nH]c(=O)c34)ccc21,1.296148,Non-selective,25.52766,-67.34532
CC(C)NCc1cc(C(=O)N2CCC(N3CC(CC#N)(n4cc(-c5ncnc6[nH]ccc56)cn4)C3)CC2)nc(C(F)(F)F)n1,2.738609573940012,Non-selective,-50.399113,55.216644
CC(C)NS(=O)(=O)c1ccc(Nc2nn(C3(CC#N)CCCC3)c3cc[nH]c(=O)c23)cc1,2.14,Non-selective,30.487274,-41.035343
CC(C)NS(=O)(=O)c1ccc(Nc2nn(C3(CC#N)CCN(C(=O)OC(C)(C)C)CC3)c3cc[nH]c(=O)c23)cc1,2.0,Non-selective,36.46243,-32.177307
CC(C)NS(=O)(=O)c1ccc(Nc2nn(C3(CC#N)CCNCC3)c3cc[nH]c(=O)c23)cc1F,1.4285714285714286,Non-selective,39.34545,-46.24556
CC(C)NS(=O)(=O)c1ccc(Nc2nn([C@H]3CCCC[C@@H]3C#N)c3cc[nH]c(=O)c23)cc1,3.0833333333333335,Non-selective,15.012314,-64.744385
CC(C)NS(=O)(=O)c1ccc(Nc2nn([C@H]3CCCC[C@@H]3C#N)cc2C(N)=O)cc1,3.3333333333333335,Non-selective,50.28609,14.892423
CC(C)OC(=O)C(C)(C)C(O)(c1ccc(Nc2nn([C@@H](CC#N)C3CC3)c3cc[nH]c(=O)c23)cc1)C(F)(F)F,1.937653826549188,Non-selective,-1.8126109,-40.371735
CC(C)OC(=O)C(C)(C)C(O)(c1ccc(Nc2nn([C@H]3CCCC[C@@H]3C#N)c3cc[nH]c(=O)c23)cc1)C(F)(F)F,3.078230539013192,Non-selective,12.007966,-78.58433
CC(C)OC(=O)C(C)(C)C(O)(c1ccc(Nc2nn([C@]3(CC#N)CC[C@@H](C(=O)OC(C)(C)C)OC3)c3cc[nH]c(=O)c23)cc1)C(F)(F)F,2.2956682503170884,Non-selective,59.510834,-41.295284
CC(C)OC(=O)Cn1cc(Nc2ncc3ccn(CC(C(C)C)C(C)C)c3n2)cn1,1.0,Non-selective,21.710167,17.439331
CC(C)OC(=O)Cn1cc(Nc2ncc3ccn(C[C@@H](CCCl)C(C)C)c3n2)cn1,1.0,Non-selective,22.14448,16.997288
CC(C)OC(=O)Cn1cc(Nc2ncc3ccn(C[C@@H](CCF)C(C)C)c3n2)cn1,1.0,Non-selective,22.19707,16.452614
CC(C)OC(=O)Cn1cc(Nc2ncc3ccn(C[C@@H](CCN(C)C)C(C)C)c3n2)cn1,1.0,Non-selective,22.579136,17.004616
CC(C)OC(=O)Cn1cc(Nc2ncc3ccn(C[C@@H](CCO)C(C)C)c3n2)cn1,1.0,Non-selective,22.086973,16.913084
CC(C)OC(=O)Cn1cc(Nc2ncc3ccn(C[C@H]4CC[C@H](O)CC4)c3n2)cn1,1.0,Non-selective,16.360739,23.438152
CC(C)OC(=O)N1CCC(CC#N)(n2nc(Nc3ccc(S(=O)(=O)N(C)C)cc3)c3c(=O)[nH]ccc32)CC1,2.2500000000000004,Non-selective,29.776693,-32.917683
CC(C)OC(=O)[C@@H]1CC[C@@](CC#N)(n2nc(Nc3ccc4c(c3)CN(C(C)(C)C)S4(=O)=O)c3c(=O)[nH]ccc32)CO1,1.5,Non-selective,52.35874,-42.912037
CC(C)S(=N)(=O)N1CC(CC#N)(n2cc(-c3ncnc4[nH]ccc34)cn2)C1,1.0,Non-selective,-33.344414,29.738083
CC(C)S(=N)(=O)c1ccc(Nc2nn(C3CCC[C@@H]3C#N)c3cc[nH]c(=O)c23)cc1,1.6341522612658772,Non-selective,15.049858,-64.68987
CC(C)S(=N)(=O)c1ccc(Nc2nn([C@]3(CC#N)CCCOC3)c3cc[nH]c(=O)c23)cc1,1.5713493002832224,Non-selective,32.50389,-43.95874
CC(C)S(=N)(=O)c1ccc(Nc2nn([C@]3(CC#N)CC[C@@H](C(=O)OC(C)(C)C)OC3)c3cc[nH]c(=O)c23)cc1,1.527525,Non-selective,61.979122,-43.450245
CC(C)S(=O)(=O)N1CC(CC#N)(n2cc(-c3c(C#N)cnc4[nH]ccc34)cn2)C1,4.618181818181818,Non-selective,-25.303444,28.374105
CC(C)S(=O)(=O)N1CCC(N2CC(CC#N)(n3cc(-c4ncnc5[nH]ccc45)cn3)C2)CC1,1.0,Non-selective,-36.600685,31.0498
CC(C)S(=O)(=O)c1ccc(Nc2nn(C3(CC#N)CCN(C(=O)C(C)(F)F)CC3)c3cc[nH]c(=O)c23)cc1,1.625,Non-selective,32.04444,-34.563725
CC(C)S(=O)(=O)c1ccc(Nc2nn(C3CCC[C@@H]3C#N)c3cc[nH]c(=O)c23)cc1,3.6363636363636362,Non-selective,15.103169,-64.67743
CC(C)S(=O)(=O)c1ccc(Nc2nn([C@@H](CC#N)C3CC3)c3cc[nH]c(=O)c23)cc1,3.5,Non-selective,-0.7767504,-48.63275
CC(C)S(=O)(=O)c1ccc(Nc2nn([C@@]3(CC#N)CCCC[C@H]3F)c3cc[nH]c(=O)c23)cc1,1.25,Non-selective,29.644629,-41.525608
CC(C)S(=O)(=O)c1ccc(Nc2nn([C@H]3CCCC[C@@H]3C#N)c3cc[nH]c(=O)c23)cc1,4.6,Non-selective,15.065931,-64.72068
CC(C)S(=O)(=O)c1ccc(Nc2nn([C@H]3COCC[C@@H]3C#N)c3cc[nH]c(=O)c23)cc1,3.7777777777777777,Non-selective,23.624672,-63.59429
CC(C)S(=O)(=O)c1ccc(Nc2nn([C@]3(CC#N)CCCOC3)c3cc[nH]c(=O)c23)cc1,3.25,Non-selective,32.50952,-43.966877
CC(C)S(=O)(=O)c1ccc(Nc2nn([C@]3(CC#N)CC[C@@H](C(=O)OC(C)(C)C)OC3)c3cc[nH]c(=O)c23)cc1,2.190875378159461,Non-selective,61.99242,-43.43608
CC(C)[C@@H](C)N1Cc2ccc(Nc3nn([C@H]4CCCC[C@@H]4C#N)c4cc[nH]c(=O)c34)cc2C1,1.2708333333333333,Non-selective,1.7928995,-76.21692
CC(C)[C@H](C)N1Cc2ccc(Nc3nn([C@H]4CCCC[C@@H]4C#N)c4cc[nH]c(=O)c34)cc2C1,1.3870967741935485,Non-selective,1.7929012,-76.21691
CC(C)c1ccc(CN2CCC(CC#N)(n3nc(Nc4ccc(S(=O)(=O)N(C)C)cc4)c4c(=O)[nH]ccc43)CC2)cc1,4.797101449275362,Non-selective,23.620296,-38.195236
CC(CC#N)N1[C@@H]2CC[C@H]1CN(c1ccnc(Nc3cn[nH]c3)n1)C2,3.5037037037037035,Non-selective,7.9617934,8.665661
CC(CC#N)N1[C@@H]2CC[C@H]1CN(c1ccnc(Nc3cnn(C)c3)n1)C2,1.8484060865396053,Non-selective,7.642701,10.39754
CC(CC#N)n1nc(Nc2cc(F)c(F)c(F)c2)c2c(=O)[nH]ccc21,3.3991537376586742,Non-selective,7.788945,-36.356956
CC(CC#N)n1nc(Nc2ccc(C#N)cc2)c2c(=O)[nH]ccc21,4.41712204007286,Non-selective,7.8125706,-35.70386
CC(CC#N)n1nc(Nc2ccc(C(C)(O)C(F)(F)F)cc2)c2c(=O)[nH]ccc21,3.487840099937539,Non-selective,-1.7179526,-38.966846
CC(CC#N)n1nc(Nc2ccc(S(=O)(=O)NC(C)(C)C)cc2)c2c(=O)[nH]ccc21,1.6622073578595318,Non-selective,1.0914963,-47.44711
CC(CC#N)n1nc(Nc2ccc(S(C)(=O)=O)c(F)c2)c2c(=O)[nH]ccc21,2.2461964038727524,Non-selective,8.064756,-36.615074
CC(CC#N)n1nc(Nc2ccc(S(C)(=O)=O)cc2)c2c(=O)[nH]ccc21,3.6641975308641976,Non-selective,1.0954359,-47.440655
CC(CC#N)n1nc(Nc2ccc3c(c2)CCC3(O)C(F)(F)F)c2c(=O)[nH]ccc21,4.223986012775461,Non-selective,6.8536224,-35.20722
CC(CC#N)n1nc(Nc2ccc3c(c2)CCC3=O)c2c(=O)[nH]ccc21,3.9856938483547926,Non-selective,7.0028768,-35.642338
CC(CC#N)n1nc(Nc2ccc3c(c2)CCO3)c2c(=O)[nH]ccc21,3.688549618320611,Non-selective,7.07164,-35.727505
CC(CC#N)n1nc(Nc2ccc3c(c2)CN(C(C)(C)C)S3(=O)=O)c2c(=O)[nH]ccc21,1.8857142857142857,Non-selective,5.703945,-34.88398
CC(CC#N)n1nc(Nc2ccc3c(c2)OCO3)c2c(=O)[nH]ccc21,3.176359039190898,Non-selective,7.327713,-35.896084
CC(CC#N)n1nc(Nc2ccc3nccnc3c2)c2c(=O)[nH]ccc21,4.194046306504961,Non-selective,7.3907385,-36.299282
CC(Cl)C(=O)Nc1cccc(-c2cnc3ccccc3n2)c1,1.0,Non-selective,-20.664894,6.374742
CC(F)(F)C(=O)N1CCC(CC#N)(n2nc(Nc3ccc(S(=O)(=O)C(C)(C)C)cc3)c3c(=O)[nH]ccc32)CC1,1.4999999999999998,Non-selective,32.081303,-34.623383
CC(F)(F)C(=O)N1CCC(CC#N)(n2nc(Nc3ccc(S(C)(=O)=O)cc3)c3c(=O)[nH]ccc32)CC1,2.4,Non-selective,32.149845,-34.632828
CC(F)(F)C(=O)N1CCC(CC#N)(n2nc(Nc3ccc4c(c3)CN(C(C)(C)C)S4(=O)=O)c3c(=O)[nH]ccc32)CC1,1.1111111111111112,Non-selective,46.106262,-39.41223
CC(F)(F)C(=O)N1CC[C@@](CC#N)(n2cc(C(N)=O)c(Nc3ccc(F)nc3)n2)[C@@H](F)C1,2.0,Non-selective,42.14303,45.854374
CC(F)(F)C(=O)N1CC[C@@](CC#N)(n2cc(C(N)=O)c(Nc3ccc(F)nc3)n2)[C@H](F)C1,3.7222222222222223,Non-selective,42.142666,45.85432
CC(F)(F)C(=O)N1CC[C@](CC#N)(n2cc(C(N)=O)c(Nc3ccc(F)nc3)n2)[C@@H](F)C1,3.25,Non-selective,42.143333,45.85477
CC(F)(F)c1ccncc1NC(=O)N1CCC(N2CC(CC#N)(n3cc(-c4ncnc5[nH]ccc45)cn3)C2)CC1,1.2,Non-selective,-28.546541,46.728397
CC(N=S(C)(=O)N1CC(CC#N)(n2cc(-c3ncnc4[nH]ccc34)cn2)C1)c1ccccc1,1.0,Non-selective,-33.02638,29.988127
CC(NC(=O)c1ccc(N2CC(CC#N)(n3cc(-c4ncnc5[nH]ccc45)cn3)C2)cc1)C(F)(F)F,2.5,Non-selective,-26.32015,36.216366
CC(NC(=O)c1ccc(N2CC(CC#N)(n3cc(-c4ncnc5[nH]ccc45)cn3)C2)cc1)C1CCN(C)CC1,2.5,Non-selective,-27.93493,36.794983
CC(O)(CCO)c1cc(Nc2nn([C@H]3CCCC[C@@H]3C#N)c3cc[nH]c(=O)c23)ccc1S(C)(=O)=O,2.7142857142857144,Non-selective,9.43478,-65.46511
CC(O)(CO)c1cc(Nc2nn([C@H]3CCCC[C@@H]3C#N)c3cc[nH]c(=O)c23)ccc1S(C)(=O)=O,3.8,Non-selective,9.436761,-65.46197
CC(O)(CO)c1cccc(Nc2nn([C@H]3CCCC[C@@H]3C#N)c3cc[nH]c(=O)c23)c1,1.6,Non-selective,3.885109,-71.58071
CC(O)(c1ccc(Nc2nn([C@@H](CC#N)C3CC3)c3cc[nH]c(=O)c23)cc1)C(F)(F)F,4.620927979145765,Non-selective,-1.6344198,-40.527733
CC(O)(c1ccc(Nc2nn([C@@]3(CC#N)CCCC[C@H]3F)c3cc[nH]c(=O)c23)cc1)C(F)(F)F,1.953542857142857,Non-selective,35.654205,-47.09901
CC(O)(c1ccc(Nc2nn([C@H]3CCC[C@@H]3C#N)c3cc[nH]c(=O)c23)cc1)C(F)(F)F,3.8224323593503953,Non-selective,11.621634,-78.75543
CC(O)(c1ccc(Nc2nn([C@]3(CC#N)CCCOC3)c3cc[nH]c(=O)c23)cc1)C(F)(F)F,3.7868583333333334,Non-selective,36.64683,-45.392136
CC(O)c1ccc(Nc2nn(C3(CC#N)CCN(C(=O)OC(C)(C)C)CC3)cc2C(N)=O)cn1,4.0,Non-selective,39.423542,52.66081
CC(O)c1cccc(Nc2nn([C@H]3CCCC[C@@H]3C#N)c3cc[nH]c(=O)c23)c1,3.6956521739130435,Non-selective,2.8078423,-75.663246
CC(OC(=O)N1CCC(CC#N)(n2nc(Nc3ccc(S(=O)(=O)N(C)C)cc3)c3c(=O)[nH]ccc32)CC1)C(F)(F)F,1.6111111111111112,Non-selective,30.533796,-33.768555
CC(OC(=O)N1CCC(CC#N)(n2nc(Nc3ccc(S(=O)(=O)N(C)C)cc3)c3c(=O)[nH]ccc32)CC1)c1ccccn1,3.3414634146341466,Non-selective,29.851746,-32.61896
CC(OC(=O)N1CC[C@H](n2cc(C(N)=O)c(Nc3ccc(F)cc3)n2)[C@H](C#N)C1)C1CC1,3.447004608294931,Non-selective,33.35819,5.37596
CC(c1c(F)cccc1F)N1CCC(CC#N)(n2nc(Nc3ccc(S(=O)(=O)N(C)C)cc3)c3c(=O)[nH]ccc32)CC1,2.3285714285714287,Non-selective,25.799934,-38.411835
CC(c1ccc(Nc2nn([C@H]3CCCC[C@@H]3C#N)c3cc[nH]c(=O)c23)cc1)n1ccnn1,3.4805670434184877,Non-selective,10.319719,-76.3585
CC(c1ccc(Nc2nn([C@H]3CCCC[C@@H]3C#N)c3cc[nH]c(=O)c23)cc1)n1nccn1,1.2461482991499218,Non-selective,10.309299,-76.30238
CC(c1ccc(Nc2nn([C@H]3COCC[C@@H]3C#N)c3cc[nH]c(=O)c23)cc1)n1nccn1,1.4999961424217876,Non-selective,27.388807,-65.5316
CC(c1ccc(Nc2nn([C@]3(CC#N)CCCOC3)c3cc[nH]c(=O)c23)cc1)N1CCCC1,1.9843874740275877,Non-selective,35.319843,-44.84855
CC(c1ccc(Nc2nn([C@]3(CC#N)CC[C@@H](C(=O)OC(C)(C)C)OC3)c3cc[nH]c(=O)c23)cc1)N1CCCC1,1.5238812199994036,Non-selective,60.666206,-41.975143
CC(c1ccccc1)N1CCC(c2nnn3cnc4[nH]ccc4c23)CC1,3.6470588235294117,Non-selective,-25.914062,-41.629307
CC1(C#N)CC(CC#N)(n2ccc(-c3nc(-c4cc[nH]n4)cc4ncccc34)n2)C1,1.4408863463661519,Non-selective,4.661256,80.35571
CC1(C#N)CC(CC#N)(n2ccc(-c3nc(-c4ccnc(N)c4)cc4ncccc34)n2)C1,1.3739748911263678,Non-selective,3.8273532,80.50195
CC1(C#N)CC(CC#N)(n2ccc(-c3nc(-c4cn[nH]c4)cc4ncccc34)n2)C1,1.1241494643483965,Non-selective,4.5644965,80.46711
CC1(C#N)CC(CC#N)(n2ncc(-c3cc(-c4c[nH]nc4N)cc4ncccc34)n2)C1,1.875846650780263,Non-selective,-2.1954558,46.05708
CC1(C)C(=O)Nc2cc(Nc3nn(C4COCC[C@@H]4C#N)c4cc[nH]c(=O)c34)ccc21,3.2,Non-selective,25.699095,-67.0796
CC1(C)C(=O)Nc2cc(Nc3nn([C@@H](CC#N)C4CC4)c4cc[nH]c(=O)c34)ccc21,2.4,Non-selective,4.0525336,-38.616776
CC1(C)C(=O)Nc2cc(Nc3nn([C@@]4(CC#N)CCCC[C@H]4F)c4cc[nH]c(=O)c34)ccc21,1.0,Non-selective,39.059067,-47.364937
CC1(C)C(=O)Nc2cc(Nc3nn([C@]4(CC#N)CCCOC4)c4cc[nH]c(=O)c34)ccc21,2.111111111111111,Non-selective,40.22359,-47.88404
CC1(C)C(=O)c2cc(Nc3nn([C@H]4CCCC[C@@H]4C#N)c4cc[nH]c(=O)c34)ccc2S1(=O)=O,4.741379310344827,Non-selective,-0.47913888,-76.64421
CC1(C)C(O)c2cc(Nc3nn([C@@H](CC#N)C4CC4)c4cc[nH]c(=O)c34)ccc2S1(=O)=O,2.6605926075616826,Non-selective,3.8393445,-37.25319
CC1(C)C(O)c2cc(Nc3nn([C@H]4CCCC[C@@H]4C#N)c4cc[nH]c(=O)c34)ccc2S1(=O)=O,3.6559633985835753,Non-selective,-0.65629834,-76.44149
CC1(C)CC1NC(c1ccc(Nc2nn([C@H]3COCC[C@@H]3C#N)c3cc[nH]c(=O)c23)cc1)C(F)(F)F,1.629210628974752,Non-selective,29.625725,-64.646935
CC1(C)CC2(c3ccc(Nc4nn([C@@H](CC#N)C5CC5)c5cc[nH]c(=O)c45)cc3)CCC1C(=O)O2,2.8792586206896553,Non-selective,0.7714146,-42.945393
CC1(C)CCC(c2nnn3cnc4[nH]ccc4c23)CC1,2.4618361080820317,Non-selective,-27.050201,-42.343197
CC1(C)CCCC(O)(c2ccc(Nc3nn(C4COCC[C@@H]4C#N)c4cc[nH]c(=O)c34)cc2)C1,3.872992031600989,Non-selective,26.557695,-66.18205
CC1(C)CCCC1S(=O)(=O)c1ccc(Nc2nn([C@]3(CC#N)CCCOC3)c3cc[nH]c(=O)c23)cc1,3.0769230769230766,Non-selective,31.460907,-44.376175
CC1(C)CCCN(S(=O)(=O)c2ccc(Nc3nn([C@@H](CC#N)C4CC4)c4cc[nH]c(=O)c34)cc2)C1,2.1333333333333333,Non-selective,-1.9310869,-49.970222
CC1(C)CCCN1S(=O)(=O)c1ccc(Nc2nn([C@@H](CC#N)C3CC3)c3cc[nH]c(=O)c23)cc1,2.4347826086956523,Non-selective,-2.0380673,-49.711056
CC1(C)CCCN1S(=O)(=O)c1ccc(Nc2nn([C@H]3COCC[C@@H]3C#N)c3cc[nH]c(=O)c23)cc1,2.0,Non-selective,23.6083,-62.385414
CC1(C)CCCN1S(=O)(=O)c1ccc(Nc2nn([C@]3(CC#N)CCCOC3)c3cc[nH]c(=O)c23)cc1,1.65,Non-selective,31.923922,-44.24969
CC1(C)CCN(S(=O)(=O)c2ccc(Nc3nn([C@@H](CC#N)C4CC4)c4cc[nH]c(=O)c34)cc2)C1,1.144578313253012,Non-selective,-1.7790648,-49.950966
CC1(C)CCN1S(=O)(=O)c1ccc(Nc2nn([C@@H](CC#N)C3CC3)c3cc[nH]c(=O)c23)cc1,2.282608695652174,Non-selective,-1.8273602,-49.696228
CC1(C)CC[C@@H](C#N)[C@@H](n2cc(C(N)=O)c(Nc3ccccc3)n2)C1,3.259259259259259,Non-selective,51.240063,1.3356224
CC1(C)CC[C@H](C#N)[C@@H](n2cc(C(N)=O)c(Nc3ccccc3)n2)C1,4.545454545454546,Non-selective,51.240063,1.3356224
CC1(C)CN(Cc2ccc(-c3cccc4nc(NC(=O)C5CC5)cn34)cc2)C1,1.0,Non-selective,-11.678046,17.458149
CC1(C)CN(S(=O)(=O)c2ccc(Nc3nn([C@@H](CC#N)C4CC4)c4cc[nH]c(=O)c34)cc2)C1,2.1176470588235294,Non-selective,-1.3876272,-49.623318
CC1(C)CN(S(=O)(=O)c2ccc(Nc3nn([C@@H](CC#N)C4CC4)c4cc[nH]c(=O)c34)cc2)CCO1,1.2692307692307692,Non-selective,-2.5187016,-49.731457
CC1(C)CN(S(=O)(=O)c2ccc(Nc3nn([C@H]4COCC[C@@H]4C#N)c4cc[nH]c(=O)c34)cc2)CCO1,3.1818181818181817,Non-selective,23.763777,-62.58976
CC1(C)CN(c2ccc(C#N)nn2)CC[C@H]1Nc1c(C(N)=O)cnc2cc(-c3ccc(N4CCOCC4)nc3)nn12,4.533333333333333,Non-selective,37.258255,15.255116
CC1(C)COCCN1S(=O)(=O)c1ccc(Nc2nn([C@@H](CC#N)C3CC3)c3cc[nH]c(=O)c23)cc1,2.393939393939394,Non-selective,-2.9976742,-49.6635
CC1(C)Cc2cc(Nc3nn([C@@H](CC#N)C4CC4)c4cc[nH]c(=O)c34)ccc2C1(O)C(F)(F)F,2.0493978525827043,Non-selective,1.8281366,-39.061443
CC1(C)Cc2cc(Nc3nn([C@H]4CCCC[C@@H]4C#N)c4cc[nH]c(=O)c34)ccc2C1(O)C(F)(F)F,2.8867453124815863,Non-selective,-1.7728335,-75.51428
CC1(C)Cc2cc(Nc3nn([C@]4(CC#N)CCCOC4)c4cc[nH]c(=O)c34)ccc2C1(O)C(F)(F)F,2.6832731531179856,Non-selective,40.350513,-47.367752
CC1(C)OCC(C)(c2cccc(Nc3nn([C@H]4CCCC[C@@H]4C#N)c4cc[nH]c(=O)c34)c2)O1,3.2,Non-selective,1.7973613,-74.337105
CC1(C)O[C@@H]2C[C@H]3[C@@H]4CCC5=CC(=O)C=C[C@]5(C)[C@@]4(F)[C@@H](O)C[C@]3(C)[C@]2(C(=O)COC(=O)CCC(=O)OCc2ccc([C@@H](CN)C(=O)Nc3ccc4cnccc4c3)cc2)O1,1.1805260424044954,Non-selective,-10.4296875,-9.595795
CC1(C)O[C@@H]2C[C@H]3[C@@H]4C[C@H](F)C5=CC(=O)C=C[C@]5(C)[C@@]4(F)[C@@H](O)C[C@]3(C)[C@]2(C(=O)COC(=O)CCC(=O)OCc2ccc([C@@H](CN)C(=O)Nc3ccc4cnccc4c3)cc2)O1,1.3048016701461378,Non-selective,-10.431921,-9.594362
CC1(COC(=O)N2CCC(N3CC(CC#N)(n4cc(-c5ncnc6[nH]ccc56)cn4)C3)CC2)CC1,1.0,Non-selective,-39.812035,45.444645
CC1(COC(=O)N2CC[C@H](n3cc(C(N)=O)c(Nc4ccc(F)cc4)n3)[C@H](C#N)C2)CC1,2.904854368932039,Non-selective,31.995667,-0.47825775
CC1(COC(=O)N2CC[C@H](n3cc(C(N)=O)c(Nc4ccc(F)cc4)n3)[C@H](C#N)C2)COC1,2.3974358974358974,Non-selective,31.319624,-0.94251806
CC1(N2CC(CC#N)(n3cc(-c4ncnc5[nH]ccc45)cn3)C2)CCN(C(=O)C2CCCCC2)CC1,2.236071448858502,Non-selective,-32.376827,40.508644
CC1(N2CC(CC#N)(n3cc(-c4ncnc5[nH]ccc45)cn3)C2)CCN(C(=O)c2cccc(F)c2)CC1,1.0,Non-selective,-41.900257,54.163662
CC1(N2Cc3cc(Nc4nn([C@@H](CC#N)C5CC5)c5cc[nH]c(=O)c45)ccc3S2(=O)=O)CCC(F)(F)CC1,2.4,Non-selective,4.1509194,-35.231106
CC1(N2Cc3cc(Nc4nn([C@@H](CC#N)C5CC5)c5cc[nH]c(=O)c45)ccc3S2(=O)=O)CCOCC1,2.5714285714285716,Non-selective,4.177014,-35.045074
CC1(N2Cc3cc(Nc4nn([C@H]5CCCC[C@@H]5C#N)c5cc[nH]c(=O)c45)ccc3C2=O)CCOCC1,2.2580645161290325,Non-selective,-1.0346985,-79.27897
CC1(N2Cc3cc(Nc4nn([C@H]5CCCC[C@@H]5C#N)c5cc[nH]c(=O)c45)ccc3S2(=O)=O)CCC(F)(F)CC1,1.9642857142857142,Non-selective,-3.689454,-78.72042
CC1(N2Cc3cc(Nc4nn([C@H]5CCCC[C@@H]5C#N)c5cc[nH]c(=O)c45)ccc3S2(=O)=O)CCOCC1,2.463768115942029,Non-selective,-2.3490882,-79.535995
CC1(O)CN(S(=O)(=O)c2ccc(Nc3nn([C@@H](CC#N)C4CC4)c4cc[nH]c(=O)c34)cc2)C1,2.0,Non-selective,-1.3710922,-49.783947
CC1(O)Cc2ccc(Nc3nn([C@@H](CC#N)C4CC4)c4cc[nH]c(=O)c34)cc2C1,1.807970909090909,Non-selective,3.7863934,-37.748688
CC1(S(=O)(=O)N2CC(CC#N)(n3cc(-c4c(C#N)cnc5[nH]ccc45)cn3)C2)CC1,2.5384615384615383,Non-selective,-25.259943,28.266155
CC1(S(=O)(=O)N2CC(CC#N)(n3cc(-c4ccnc5[nH]ccc45)cn3)C2)CC1,1.7083333333333335,Non-selective,-24.499447,26.91303
CC1(S(=O)(=O)c2ccc(Nc3nn([C@@H](CC#N)C4CC4)c4cc[nH]c(=O)c34)cc2)CC1,2.5555555555555554,Non-selective,-1.2451499,-49.552692
CC1(c2ccc(Nc3nn(C4CCCC[C@@H]4C#N)c4cc[nH]c(=O)c34)cc2)COC1,3.272727272727273,Non-selective,11.887326,-72.81218
CC1(c2ccc(Nc3nn([C@@H]4COCC[C@H]4C#N)cc3C(N)=O)cc2)COC1,3.5,Non-selective,66.72511,18.363455
CC1(c2ccc(Nc3nn([C@H]4CC[C@@H](O)C[C@@H]4C#N)cc3C(N)=O)cc2)COC1,4.0,Non-selective,59.265068,-6.8325863
CC1(c2ccc(Nc3nn([C@H]4CC[C@H](O)C[C@@H]4C#N)cc3C(N)=O)cc2)COC1,4.0,Non-selective,59.26527,-6.832507
CC1CC(N2CC(CC#N)(n3cc(-c4ncnc5[nH]ccc45)cn3)C2)CCN1C(=O)C1CCC(F)(F)CC1,2.236071448858502,Non-selective,-37.79639,41.59617
CC1CC(N2CC(CC#N)(n3cc(-c4ncnc5[nH]ccc45)cn3)C2)CCN1C(=O)c1cccc(F)c1,1.5811326998601345,Non-selective,-41.608562,54.231186
CC1CC(N2CC(CC#N)(n3cc(-c4ncnc5[nH]ccc45)cn3)C2)CCN1Cc1c(F)cccc1Cl,2.4,Non-selective,-42.74865,32.81736
CC1CC(N2CC(CC#N)(n3cc(-c4ncnc5[nH]ccc45)cn3)C2)CCN1Cc1ccc(N(C)C)c(C#N)c1F,4.899000921263293,Non-selective,-41.22918,31.991697
CC1CCCCC1c1nnn2cnc3[nH]ccc3c12,2.857142857142857,Non-selective,-28.655985,-41.119087
CC1CCCN1C(c1ccc(Nc2nn([C@H]3COCC[C@@H]3C#N)c3cc[nH]c(=O)c23)cc1)C(F)(F)F,1.1962933333333332,Non-selective,29.433184,-65.25759
CC1CCCN1S(=O)(=O)c1ccc(Nc2nn([C@@H](CC#N)C3CC3)c3cc[nH]c(=O)c23)cc1,1.34765710266547,Non-selective,-1.9375005,-48.493313
CC1CCN(C(=O)CC#N)CC1N(C)c1ncnc2[nH]ccc12,1.1666666666666667,Non-selective,-49.548748,-26.831413
CC1CCN(C(=O)OC(C)(C)C)CC1c1nnn2cnc3[nH]ccc3c12,2.8333333333333335,Non-selective,-31.444279,-51.236126
CC1CCN1S(=O)(=O)c1ccc(Nc2nn([C@@H](CC#N)C3CC3)c3cc[nH]c(=O)c23)cc1,2.2554258239143596,Non-selective,-1.453382,-48.517906
CC1CCN1S(=O)(=O)c1ccc(Nc2nn([C@H]3COCC[C@@H]3C#N)c3cc[nH]c(=O)c23)cc1,2.6076785735033834,Non-selective,23.544773,-63.073616
CC1CCN1S(=O)(=O)c1ccc(Nc2nn([C@]3(CC#N)CCCOC3)c3cc[nH]c(=O)c23)cc1,1.4910828209347307,Non-selective,31.454197,-44.518497
CC1CN(S(=O)(=O)c2ccc(Nc3nn([C@@H](CC#N)C4CC4)c4cc[nH]c(=O)c34)cc2)C1,2.116504854368932,Non-selective,-1.35349,-48.198524
CC1CN(S(=O)(=O)c2ccc(Nc3nn([C@@H](CC#N)C4CC4)c4cc[nH]c(=O)c34)cc2)CCO1,1.3013324786822835,Non-selective,-2.7169633,-48.79217
CC1CN(S(=O)(=O)c2ccc(Nc3nn([C@H]4COCC[C@@H]4C#N)c4cc[nH]c(=O)c34)cc2)C1,4.333333333333333,Non-selective,23.648638,-63.195934
CC1CN(S(=O)(=O)c2ccc(Nc3nn([C@H]4COCC[C@@H]4C#N)c4cc[nH]c(=O)c34)cc2)CCO1,3.3380956880531665,Non-selective,23.82422,-62.955524
CC1CN(S(=O)(=O)c2ccc(Nc3nn([C@]4(CC#N)CCCOC4)c4cc[nH]c(=O)c34)cc2)C1,2.5384615384615383,Non-selective,31.62529,-44.261703
CC1COCCN1S(=O)(=O)c1ccc(Nc2nn([C@@H](CC#N)C3CC3)c3cc[nH]c(=O)c23)cc1,1.8726797204819579,Non-selective,-3.3263347,-49.3284
CC1NCc2cc(Nc3nn([C@H]4CCCC[C@@H]4C#N)c4cc[nH]c(=O)c34)ccc21,2.2950819672131146,Non-selective,0.7452126,-76.17714
CC1NNC(C)C1C1=NC(C2(CC#N)CN(c3cc(F)c(C(=O)N[C@@H](C)C(F)(F)F)cc3F)C2)N=C1,2.1666666666666665,Non-selective,-18.550806,35.647392
CC1c2ccc(Nc3nn([C@H]4CCCC[C@@H]4C#N)c4cc[nH]c(=O)c34)cc2CN1C(=O)OC(C)(C)C,4.153846153846154,Non-selective,-5.048034,-73.81446
CCC(=O)N1CC(CC#N)(n2cc(-c3nc(-c4cnn(C)c4)cn4nccc34)cn2)C1,3.565896314803248,Non-selective,-11.246912,79.777725
CCC(=O)N1CCC(CC#N)(n2nc(Nc3ccc(S(=O)(=O)N(C)C)cc3)c3c(=O)[nH]ccc32)CC1,4.363636363636363,Non-selective,28.464417,-33.968086
CCC(=O)Nc1cccc(-c2cnc3ccccc3n2)c1,1.0,Non-selective,-21.104626,7.216892
CCC(C#N)C1(n2cc(-c3ncnc4[nH]ccc34)cn2)CN(C2CCN(S(C)(=O)=O)CC2)C1,2.4,Non-selective,-36.330326,30.113834
CCC(C)(C)S(=O)(=O)c1ccc(Nc2nn([C@H]3COCC[C@@H]3C#N)c3cc[nH]c(=O)c23)cc1,2.888888888888889,Non-selective,22.646923,-63.57373
CCC(C)(C)S(=O)(=O)c1ccc(Nc2nn([C@]3(CC#N)CCCOC3)c3cc[nH]c(=O)c23)cc1,2.2,Non-selective,32.001606,-43.278084
CCC(C)OC(=O)Cn1cc(Nc2ncc3ccn(CC(CC)C(C)C)c3n2)cn1,1.0,Non-selective,20.786806,17.207964
CCC(CC)Cn1ccc2cnc(Nc3cnn(C4CCOC4=O)c3)nc21,1.0,Non-selective,22.747232,21.975445
CCC(CC)Cn1ccc2cnc(Nc3cnn(CC(=O)O)c3)nc21,1.0,Non-selective,21.38673,19.269276
CCC(CC)Cn1ccc2cnc(Nc3cnn(CC(=O)OC(C)C(C)O)c3)nc21,1.0,Non-selective,20.795605,17.645014
CCC(CC)Cn1ccc2cnc(Nc3cnn(CC(=O)OC(C)C)c3)nc21,1.0,Non-selective,21.401157,17.262093
CCC(CC)Cn1ccc2cnc(Nc3cnn(CC(=O)OC4CC(C#N)C4)c3)nc21,1.0,Non-selective,16.680937,16.631447
CCC(CC)Cn1ccc2cnc(Nc3cnn(CC(=O)OCC4OC(O)CC(O)C4O)c3)nc21,1.0,Non-selective,17.818094,16.405905
CCC(CC)Cn1ccc2cnc(Nc3cnn(CC(=O)OCCC#N)c3)nc21,1.0,Non-selective,16.407555,17.093752
CCC(CC)Cn1ccc2cnc(Nc3cnn(CC(=O)OCCN(C)C)c3)nc21,1.0,Non-selective,18.415274,17.095797
CCC(CC)Cn1ccc2cnc(Nc3cnn(CC(=O)OCCO)c3)nc21,1.0,Non-selective,18.73684,17.048769
CCC(CC)Cn1ccc2cnc(Nc3cnn(CC(=O)O[C@@H]4C[C@@H](C(=O)OC)N(C)C4)c3)nc21,1.0,Non-selective,18.525639,14.817024
CCC(Cn1ccc2cnc(Nc3cnn(C(=O)OC(C)(C)C)c3)nc21)C(C)C,1.0,Non-selective,20.601961,20.44403
CCC(Cn1ccc2cnc(Nc3cnn(CC(=O)O)c3)nc21)C(C)C,1.0,Non-selective,21.729565,18.975243
CCC(Cn1ccc2cnc(Nc3cnn(CC(=O)OC(C)C(C)O)c3)nc21)C(C)C,1.0,Non-selective,20.82832,17.360214
CCC(Cn1ccc2cnc(Nc3cnn(CC(=O)OC(C)C)c3)nc21)C(C)C,1.0,Non-selective,21.319618,16.965876
CCC(Cn1ccc2cnc(Nc3cnn(CC(=O)OC(C)C)c3)nc21)CC(F)(F)F,1.0,Non-selective,22.334406,15.836144
CCC(Cn1ccc2cnc(Nc3cnn(CC(=O)OCC(C)C)c3)nc21)C(C)C,1.0,Non-selective,20.128218,17.132015
CCC(Cn1ccc2cnc(Nc3cnn(CC(=O)OCC(O)CO)c3)nc21)C(C)C,1.0,Non-selective,20.242987,16.703157
CCC(Cn1ccc2cnc(Nc3cnn(CC(=O)OCCC#N)c3)nc21)C(C)C,1.0,Non-selective,16.499142,16.978294
CCC(Cn1ccc2cnc(Nc3cnn(CC(=O)OCCO)c3)nc21)C(C)C,1.0,Non-selective,20.05283,16.825188
CCC(Cn1ccc2cnc(Nc3cnn(CC(=O)OC[C@@H](C)O)c3)nc21)C(C)C,1.0,Non-selective,20.211237,17.161465
CCC(Cn1ccc2cnc(Nc3cnn(CC(=O)OC[C@H](C)O)c3)nc21)C(C)C,1.0,Non-selective,20.211237,17.161465
CCC(Cn1ccc2cnc(Nc3cnn(CC(=O)O[C@@H](C)CO)c3)nc21)C(C)C,1.0,Non-selective,20.819216,17.093687
CCC(Cn1ccc2cnc(Nc3cnn(CC(=O)O[C@H](C)CO)c3)nc21)C(C)C,1.0,Non-selective,20.819374,17.0928
CCC(Cn1ccc2cnc(Nc3cnn(CCC(=O)O)c3)nc21)C(C)C,1.0,Non-selective,21.883776,19.342937
CCC(O)(c1ccc(Nc2nn([C@@H](CC#N)C3CC3)c3cc[nH]c(=O)c23)cc1)C(F)(F)F,2.3458144246136743,Non-selective,-1.6079258,-40.617336
CCC1(NC(=O)OCc2ccccc2)CCCN(S(=O)(=O)CC2CCC(N(C)c3ncnc4[nH]ccc34)CC2)C1,1.6076233183856503,Non-selective,-8.321305,-23.014437
CCC1COCCN1C(=O)c1ccc(Nc2nn([C@@H](CC#N)C3CC3)c3cc[nH]c(=O)c23)cc1C,1.4401635053578028,Non-selective,8.178142,-43.522736
CCCCC(CC#N)n1cc(-c2ncnc3[nH]ccc23)cn1,2.769230769230769,Non-selective,-34.149437,26.653065
CCCCCC(CC#N)n1cc(-c2ncnc3[nH]ccc23)cn1,2.1724137931034484,Non-selective,-34.14954,26.654589
CCCCN(c1ccccc1CN(C)c1nc(-c2cc(F)c(O)cc2CC)cc2[nH]ncc12)S(C)(=O)=O,2.2153846153846155,Non-selective,10.340569,-9.746045
CCCCN(c1ccccc1CNc1nc(-c2cc(F)c(O)cc2CC)cc(N)c1C=N)S(C)(=O)=O,1.964705882352941,Non-selective,12.59093,-10.979697
CCCCN(c1ccccc1CNc1nc(-c2cc(F)c(O)cc2CC)cc2[nH]ncc12)S(C)(=O)=O,1.964705882352941,Non-selective,10.584604,-10.497162
CCCCNc1nc(-c2cc(F)c(O)cc2CC(F)(F)F)nc(N)c1C=N,3.891752577319588,Non-selective,20.578926,-13.084567
CCCCNc1nc(-c2cc(F)c(O)cc2CC(F)(F)F)nc2[nH]ncc12,3.891752577319588,Non-selective,20.77046,-12.926745
CCCCOC(=O)Cn1cc(Nc2ncc3ccn(CC(CC)C(C)C)c3n2)cn1,1.0,Non-selective,19.921679,17.107128
CCCN(Cc1cc(C)ccc1N(C)S(C)(=O)=O)c1nc(-c2cc(F)c(O)cc2CC)cc2[nH]ncc12,1.278481012658228,Non-selective,9.577328,-10.01365
CCCN(c1ccccc1CNc1nc(-c2cc(F)c(O)cc2CC)cc2[nH]ncc12)S(C)(=O)=O,2.9999999999999996,Non-selective,10.563911,-10.499771
CCCNC(=O)c1cc(Nc2ncc(F)c(N3C[C@H]4CC[C@@H](C3)N4C(=O)C3CC3)n2)[nH]n1,3.0517129928894633,Non-selective,-2.291285,6.1779013
CCCOC(=O)N1CCC(N2CC(CC#N)(n3cc(-c4ncnc5[nH]ccc45)cn3)C2)CC1,2.738609573940012,Non-selective,-39.814728,45.4521
CCCS(=O)(=O)N1CC(CC#N)(n2cc(-c3c(C#N)cnc4[nH]ccc34)cn2)C1,2.309278350515464,Non-selective,-25.306005,28.294533
CCCS(=O)(=O)N1CC(CC#N)(n2cc(-c3ccnc4[nH]ccc34)cn2)C1,2.707865168539326,Non-selective,-24.570623,26.980862
CCC[C@H](Cn1ccc2cnc(Nc3cnn(CC(=O)OC(C)C)c3)nc21)C(C)C,1.0,Non-selective,21.752321,16.88371
CCCc1cncc2ccc(NC(=O)[C@@H]3CC3c3ccc(S(=O)(=O)NC[C@@H]4CCCNC4)cc3)cc12,4.112,Non-selective,-1.8094045,-13.611797
CCN(C(C)(C)C)S(=O)(=O)c1ccc(Nc2nn(C3(CC#N)CCCC3)c3cc[nH]c(=O)c23)cc1,1.5612244897959184,Non-selective,30.123426,-40.361767
CCN(C(C)(C)C)S(=O)(=O)c1ccc(Nc2nn([C@H]3COCC[C@@H]3C#N)c3cc[nH]c(=O)c23)cc1,2.0,Non-selective,22.787853,-63.921673
CCN(C)C(=O)c1ccc(Nc2nn([C@@H](CC#N)C3CC3)c3cc[nH]c(=O)c23)cc1C,1.7959183673469388,Non-selective,6.850393,-42.97915
CCN(C)Cc1cc(C(=O)N2CCC(N3CC(CC#N)(n4cc(-c5ncnc6[nH]ccc56)cn4)C3)CC2)nc(C(F)(F)F)n1,2.738609573940012,Non-selective,-50.113125,54.2962
CCN(C)S(=O)(=O)c1ccc(Nc2nn([C@@H](CC#N)C3CC3)c3cc[nH]c(=O)c23)cc1,2.9545454545454546,Non-selective,-0.081761934,-48.906174
CCN(C)S(=O)(=O)c1ccc(Nc2nn([C@]3(CC#N)CC[C@@H](C(=O)OC(C)(C)C)OC3)c3cc[nH]c(=O)c23)cc1,1.4444444444444446,Non-selective,62.696117,-43.712833
CCN(CC(F)(F)F)C(=O)c1ccc(Nc2nn([C@@H](CC#N)C3CC3)c3cc[nH]c(=O)c23)cc1C,1.7608695652173914,Non-selective,5.4932566,-42.975555
CCN(CC(F)(F)F)C(=O)c1ccc(Nc2nn([C@]3(CC#N)CC[C@@H](C(=O)OC(C)(C)C)OC3)c3cc[nH]c(=O)c23)cc1C,1.8214285714285714,Non-selective,57.48419,-46.19016
CCN(CC)Cc1cc(C(=O)N2CCC(N3CC(CC#N)(n4cc(-c5ncnc6[nH]ccc56)cn4)C3)CC2)nc(C(F)(F)F)n1,2.738609573940012,Non-selective,-49.92838,54.635143
CCN(CC)S(=O)(=O)c1ccc(Nc2nn(C3(CC#N)CCCC3)c3cc[nH]c(=O)c23)cc1,1.8035714285714284,Non-selective,29.966917,-40.509678
CCN(CC)S(=O)(=O)c1ccc(Nc2nn([C@@H](CC#N)C3CC3)c3cc[nH]c(=O)c23)cc1,1.7647058823529411,Non-selective,-0.31855068,-48.82629
CCN(c1ccc(C)cc1CNc1nc(-c2cc(F)c(O)cc2CC(F)(F)F)cc(N)c1C(=N)C(N)=O)S(C)(=O)=O,4.45993031358885,Non-selective,18.176903,-13.741236
CCN(c1ccc(C)cc1CNc1nc(-c2cc(F)c(O)cc2CC(F)(F)F)cc2[nH]nc(C(N)=O)c12)S(C)(=O)=O,4.45993031358885,Non-selective,19.485119,-21.299559
CCN(c1ccc(O)cc1CNc1nc(-c2cc(F)c(O)cc2CC(F)(F)F)nc2[nH]nc(C(N)=O)c12)S(=O)(=O)c1ccccc1,3.720508166969147,Non-selective,16.746674,-17.57815
CCN(c1ccccc1CNc1nc(-c2cc(F)c(O)cc2CC(F)(F)F)cc2[nH]nc(C(=O)NC)c12)S(=O)(=O)CC,4.7625,Non-selective,15.661162,-22.458897
CCN(c1ccccc1CNc1nc(-c2cc(F)c(O)cc2CC(F)(F)F)cc2[nH]nc(C(=O)NC)c12)S(C)(=O)=O,4.921875,Non-selective,15.863765,-22.426031
CCN(c1ncc(C)cc1CNc1nc(-c2cc(F)c(O)cc2CC(F)(F)F)cc(N)c1C(=N)C(N)=O)S(C)(=O)=O,2.8692810457516336,Non-selective,18.249725,-13.647903
CCN(c1ncc(C)cc1CNc1nc(-c2cc(F)c(O)cc2CC(F)(F)F)cc2[nH]nc(C(N)=O)c12)S(C)(=O)=O,2.8692810457516336,Non-selective,19.928534,-21.616365
CCN(c1ncc(Cl)cc1CNc1nc(-c2cc(F)c(O)cc2CC(F)(F)F)cc2[nH]nc(C(N)=O)c12)S(C)(=O)=O,3.5374149659863945,Non-selective,20.982508,-22.175297
CCN(c1ncccc1CNc1nc(-c2cc(F)c(O)cc2CC(F)(F)F)cc2[nH]nc(C(=O)NC)c12)S(C)(=O)=O,4.5,Non-selective,17.148727,-23.229794
CCN(c1nccnc1CNc1nc(-c2cc(F)c(O)cc2CC(F)(F)F)cc2[nH]nc(C(=O)NC)c12)S(C)(=O)=O,4.725,Non-selective,17.771315,-22.922352
CCN1CC(CC#N)(n2cc(-c3nc(-c4cc(CO)[nH]n4)cn4nccc34)cn2)C1,4.706365503080082,Non-selective,-11.78682,79.60107
CCN1CC(CC#N)(n2ccc(-c3nc(-c4c[nH]nc4N)cc4ncccc34)n2)C1,2.230851063829787,Non-selective,3.2288942,80.70593
CCN1CC(CC#N)(n2ccc(-c3nc(-c4cc(CO)[nH]n4)cc4ncccc34)n2)C1,3.9824651882413615,Non-selective,2.995745,80.78559
CCN1CC(CC#N)(n2ccc(-c3nc(-c4cc(N)n(C)n4)cc4ncccc34)n2)C1,1.694053870913095,Non-selective,2.8949225,80.734215
CCN1CC(CC#N)(n2ccc(-c3nc(-c4ccc(O)nc4)cc4ncccc34)n2)C1,1.0002482005460411,Non-selective,2.375153,81.1329
CCN1CC(CC#N)(n2ccc(-c3nc(C4=CCOCC4)cc4ncccc34)n2)C1,1.0446046171524077,Non-selective,2.2736638,80.564926
CCN1CC(CC#N)(n2ccc(-c3nc(N4CCCC4)cc4ncccc34)n2)C1,1.0,Non-selective,2.4668987,80.73166
CCN1CC(CC#N)(n2ccc(-c3nc(N4CCOCC4)cc4ncccc34)n2)C1,1.0,Non-selective,2.0972126,80.52411
CCN1CN([C@H]2CC[C@H](CN(C)S(C)(=O)=O)CC2)c2c(cnc3[nH]ccc23)C1=O,3.2857142857142856,Non-selective,-35.13553,-13.360838
CCN1CN([C@H]2CC[C@H](CNCC#N)CC2)c2c(cnc3[nH]ccc23)C1=O,4.2,Non-selective,-39.168076,-13.443537
CCN1CN([C@H]2CC[C@H](CNCC(F)F)CC2)c2c(cnc3[nH]ccc23)C1=O,2.872340425531915,Non-selective,-37.269848,-12.847404
CCN1CN([C@H]2CC[C@H](CNS(=O)(=O)C3CC3)CC2)c2c(cnc3[nH]ccc23)C1=O,4.285714285714286,Non-selective,-35.541275,-13.471198
CCN1CN([C@H]2CC[C@H](CNS(=O)(=O)CC(F)(F)F)CC2)c2c(cnc3[nH]ccc23)C1=O,3.368421052631579,Non-selective,-35.646847,-11.636818
CCN1CN([C@H]2CC[C@H](CNS(C)(=O)=O)CC2)c2c(cnc3[nH]ccc23)C1=O,4.411764705882353,Non-selective,-35.368816,-13.425286
CCN1Cc2cc(Nc3nn(C4(CC#N)CCN(C(=O)OC(C)(C)C)CC4)c4cc[nH]c(=O)c34)ccc2S1(=O)=O,1.4166666666666667,Non-selective,45.811604,-37.885086
CCN1Cc2cc(Nc3nn(C4(CC#N)CCN(C(=O)OC)CC4)c4cc[nH]c(=O)c34)ccc2S1(=O)=O,4.333333333333334,Non-selective,46.588253,-39.450146
CCN=S(=O)(C1CC1)N1CC(CC#N)(n2cc(-c3ncnc4[nH]ccc34)cn2)C1,1.0,Non-selective,-34.182575,30.2921
CCNC(=O)N1[C@@H]2CC[C@H]1CN(c1ccnc(Nc3cnc(C(=O)NC)c(C)c3)n1)C2,2.80327868852459,Non-selective,3.4314568,3.920143
CCNC(=O)N1[C@@H]2CC[C@H]1CN(c1ccnc(Nc3cnc(C(=O)NC)c(Cl)c3)n1)C2,2.79004329004329,Non-selective,4.0277653,5.5528207
CCNC(=O)c1ccc(N2CC(CC#N)(n3cc(-c4ncnc5[nH]ccc45)cn3)C2)cn1,1.0,Non-selective,-27.800753,35.96877
CCNC(=O)c1ccc(Nc2ncc(F)c(N3CC4CC(C3)N4C(=O)C(C)(C)F)n2)cc1C,1.3394797497530457,Non-selective,-2.467296,4.510091
CCNC(=O)c1ccc(Nc2ncc(F)c(N3CC4CC(C3)N4C(=O)C(C)(F)F)n2)cc1C,1.309284447072738,Non-selective,-2.4620867,4.5301566
CCNC(=O)c1ccc(Nc2ncc(F)c(N3CC4CC(C3)N4C(=O)C(F)(F)F)n2)cc1C,1.3008849557522124,Non-selective,-2.4450092,4.5242968
CCNC(=O)c1ccc(Nc2ncc(F)c(N3C[C@H]4CC[C@@H](C3)N4C(=O)C(F)(F)F)n2)cc1C,1.8641975308641976,Non-selective,-2.3948214,4.546325
CCNC(=O)c1ccc(Nc2ncc(F)c(N3C[C@H]4CC[C@@H](C3)N4C(=O)OC(C)(C)C)n2)cc1C,1.5294117647058822,Non-selective,-2.406308,4.476821
CCNC(=O)c1ccc(Nc2nccc(N3CC4CC(C3)N4C(=O)C(C)(F)F)n2)cc1,1.942408376963351,Non-selective,0.9012757,3.6089997
CCNC(=O)c1ccc(Nc2nccc(N3CC4CC(C3)N4C(=O)C(F)(F)F)n2)cc1C,1.1453611362949532,Non-selective,1.6185136,3.3832998
CCNC(=O)c1ccc(Nc2nccc(N3CC4CC(C3)N4C(=O)C3CC3)n2)cc1C,1.0914176732358551,Non-selective,2.575898,3.2148504
CCNC(=O)c1ccc(Nc2nccc(N3C[C@H]4CC[C@@H](C3)N4C(=O)CC#N)n2)cc1,4.853658536585366,Non-selective,6.566819,6.9520164
CCNC(=O)c1n[nH]c2cc(-c3cc(F)c(O)cc3CC(F)(F)F)nc(NCc3nccnc3N(CC)S(C)(=O)=O)c12,3.069908814589666,Non-selective,17.889868,-22.623407
CCNC(=O)c1ncc(Nc2nccc(N3C[C@H]4CC[C@@H](C3)N4C(=O)C3CC3)n2)cc1C,1.0161073825503355,Non-selective,3.3736234,3.8479352
CCNC(c1ccc(Nc2nn([C@@H](CC#N)C3CC3)c3cc[nH]c(=O)c23)cc1)C(F)(F)F,2.072551162703049,Non-selective,-1.0579748,-40.921387
CCNC(c1ccc(Nc2nn([C@@H](CC#N)C3CC3)c3cc[nH]c(=O)c23)cc1F)C(F)(F)F,1.5048646917534028,Non-selective,2.1708734,-40.657024
CCNC(c1ccc(Nc2nn([C@@]3(CC#N)CCCC[C@H]3F)c3cc[nH]c(=O)c23)cc1)C(F)(F)F,1.0,Non-selective,35.859486,-46.982143
CCNC(c1ccc(Nc2nn([C@H]3CCC[C@@H]3C#N)c3cc[nH]c(=O)c23)cc1)C(F)(F)F,1.7451708634691594,Non-selective,12.774061,-77.686806
CCNC(c1ccc(Nc2nn([C@H]3COCC[C@@H]3C#N)c3cc[nH]c(=O)c23)cc1)C(F)(F)F,1.7320543983878793,Non-selective,29.409647,-64.58872
CCNC(c1ccc(Nc2nn([C@]3(CC#N)CC[C@@H](C(=O)OC(C)(C)C)OC3)c3cc[nH]c(=O)c23)cc1)C(F)(F)F,1.3294855344616048,Non-selective,60.015736,-41.352592
CCNCc1cc(C(=O)N2CCC(N3CC(CC#N)(n4cc(-c5ncnc6[nH]ccc56)cn4)C3)CC2)nc(C(F)(F)F)n1,2.738609573940012,Non-selective,-49.79138,54.952457
CCNc1nn(C2(CC#N)CCN(C(=O)OC(C)(C)C)CC2)c2cc[nH]c(=O)c12,1.25103734439834,Non-selective,42.514088,-33.472057
CCOC(=O)C(C)(C)C(O)(c1ccc(Nc2nn([C@@H](CC#N)C3CC3)c3cc[nH]c(=O)c23)cc1)C(F)(F)F,1.798761161063275,Non-selective,-1.9440517,-40.261806
CCOC(=O)C(C)(C)C(O)(c1ccc(Nc2nn([C@H]3CCCC[C@@H]3C#N)c3cc[nH]c(=O)c23)cc1)C(F)(F)F,2.492347774400892,Non-selective,11.470678,-79.12036
CCOC(=O)C(C)(C)C(O)(c1ccc(Nc2nn([C@]3(CC#N)CCCOC3)c3cc[nH]c(=O)c23)cc1)C(F)(F)F,1.694451701540311,Non-selective,36.785175,-45.350845
CCOC(=O)C(C)(C)N(C)S(=O)(=O)c1ccc(Nc2nn(C3(CC#N)CCCC3)c3cc[nH]c(=O)c23)cc1,1.894736842105263,Non-selective,29.902748,-38.31006
CCOC(=O)C(C)(C)N(C)S(=O)(=O)c1ccc(Nc2nn([C@@H](CC#N)C3CC3)c3cc[nH]c(=O)c23)cc1,2.051282051282051,Non-selective,0.6654796,-49.53425
CCOC(=O)C(C)(C)n1cc(Nc2ncc3ccn(CC(CC)CC)c3n2)cn1,1.0,Non-selective,19.089718,20.088358
CCOC(=O)C(C)n1cc(Nc2ncc3ccn(CC(CC)CC)c3n2)cn1,1.0,Non-selective,19.350283,19.648014
CCOC(=O)C(C)n1cc(Nc2ncc3ccn(C[C@@H](CC)C(C)C)c3n2)cn1,1.0,Non-selective,19.616219,19.396135
CCOC(=O)C(C)n1cc(Nc2ncc3ccn(C[C@H]4CC[C@H](O)CC4)c3n2)cn1,1.0,Non-selective,16.28823,23.470228
CCOC(=O)C=C1CCC(c2nnn3cnc4[nH]ccc4c23)CC1,4.857142857142857,Non-selective,-27.477488,-49.34322
CCOC(=O)CC(=O)Nc1cccc(-c2cnc3ccccc3n2)c1,1.0,Non-selective,-21.812515,7.579859
CCOC(=O)CC1CCC(c2nnn3cnc4[nH]ccc4c23)CC1,2.588235294117647,Non-selective,-27.007656,-49.843082
CCOC(=O)CCn1cc(Nc2ncc3ccn(CC(CC)C(C)C)c3n2)cn1,1.0,Non-selective,19.445465,18.337105
CCOC(=O)CCn1cc(Nc2ncc3ccn(C[C@@H](CC)C(C)C)c3n2)cn1,1.0,Non-selective,19.445465,18.337105
CCOC(=O)CCn1cc(Nc2ncc3ccn(C[C@H]4CC[C@H](O)CC4)c3n2)cn1,1.0,Non-selective,14.441483,23.283144
CCOC(=O)COC(=O)N1CC[C@H](n2cc(C(N)=O)c(Nc3ccc(F)cc3)n2)[C@H](C#N)C1,4.318885448916409,Non-selective,33.53427,-0.5666718
CCOC(=O)Cn1cc(Nc2ncc3ccn(CC(C(C)C)C(C)C)c3n2)cn1,1.0,Non-selective,18.784191,18.076283
CCOC(=O)Cn1cc(Nc2ncc3ccn(CC(C)(C)C)c3n2)cn1,1.0,Non-selective,16.505848,19.664242
CCOC(=O)Cn1cc(Nc2ncc3ccn(CC(CC)C(C)C)c3n2)cn1,1.0,Non-selective,19.211966,17.711813
CCOC(=O)Cn1cc(Nc2ncc3ccn(CC(CC)CC#N)c3n2)cn1,1.0,Non-selective,16.29162,17.29931
CCOC(=O)Cn1cc(Nc2ncc3ccn(CC(CC)CC)c3n2)cn1,1.0,Non-selective,18.10916,18.169373
CCOC(=O)Cn1cc(Nc2ncc3ccn(CC(CC)CO)c3n2)cn1,1.0,Non-selective,18.180855,18.118746
CCOC(=O)Cn1cc(Nc2ncc3ccn(CC4(C)CCCC4)c3n2)cn1,1.0,Non-selective,14.290076,20.542948
CCOC(=O)Cn1cc(Nc2ncc3ccn(CC4(C)CCCCC4)c3n2)cn1,1.0,Non-selective,14.268642,20.54395
CCOC(=O)Cn1cc(Nc2ncc3ccn(CC4CC4)c3n2)cn1,1.0,Non-selective,13.733635,23.092241
CCOC(=O)Cn1cc(Nc2ncc3ccn(CC4CC5CCC4C5)c3n2)cn1,1.0,Non-selective,14.140243,22.260519
CCOC(=O)Cn1cc(Nc2ncc3ccn(CC4CCC(C)CC4)c3n2)cn1,1.0,Non-selective,13.756993,23.125751
CCOC(=O)Cn1cc(Nc2ncc3ccn(CC4CCC(F)(F)CC4)c3n2)cn1,1.0,Non-selective,13.56747,21.571598
CCOC(=O)Cn1cc(Nc2ncc3ccn(CC4CCCC(C)C4)c3n2)cn1,1.0,Non-selective,13.2322,22.567032
CCOC(=O)Cn1cc(Nc2ncc3ccn(CC4CCCC(F)(F)C4)c3n2)cn1,1.0,Non-selective,13.384474,21.429625
CCOC(=O)Cn1cc(Nc2ncc3ccn(CC4CCCC4)c3n2)cn1,1.0,Non-selective,12.92591,22.455437
CCOC(=O)Cn1cc(Nc2ncc3ccn(CC4CCCCC4(F)F)c3n2)cn1,1.0,Non-selective,13.316843,21.335531
CCOC(=O)Cn1cc(Nc2ncc3ccn(CC4CCCCC4)c3n2)cn1,1.0,Non-selective,12.862359,22.427618
CCOC(=O)Cn1cc(Nc2ncc3ccn(CC4CCCCC4C)c3n2)cn1,1.0,Non-selective,12.84308,22.188456
CCOC(=O)Cn1cc(Nc2ncc3ccn(CC4CCS(=O)(=O)CC4)c3n2)cn1,1.0,Non-selective,13.836189,22.67422
CCOC(=O)Cn1cc(Nc2ncc3ccn(CCC(C)C)c3n2)cn1,1.0,Non-selective,18.470795,18.557444
CCOC(=O)Cn1cc(Nc2ncc3ccn(C[C@@H](CC)C(C)C)c3n2)cn1,1.0,Non-selective,19.211977,17.71179
CCOC(=O)Cn1cc(Nc2ncc3ccn(C[C@@H]4C[C@@H]5C[C@@H]5C4)c3n2)cn1,1.0,Non-selective,14.210288,22.222046
CCOC(=O)Cn1cc(Nc2ncc3ccn(C[C@H](CC)C(C)C)c3n2)cn1,1.0,Non-selective,19.211966,17.711813
CCOC(=O)Cn1cc(Nc2ncc3ccn(C[C@H]4CCC[C@@H](OC)C4)c3n2)cn1,1.0,Non-selective,12.584713,23.064507
CCOC(=O)Cn1cc(Nc2ncc3ccn(C[C@H]4CC[C@H](N)CC4)c3n2)cn1,1.0,Non-selective,13.70715,23.119267
CCOC(=O)Cn1cc(Nc2ncc3ccn(C[C@H]4CC[C@H](O)CC4)c3n2)cn1,1.0,Non-selective,14.078475,23.145609
CCOC(=O)Cn1cc(Nc2ncc3ccn(Cc4ccsc4)c3n2)cn1,1.0,Non-selective,16.240793,19.956484
CCOC(=O)N1CCC(CC#N)(n2nc(Nc3ccc(S(=O)(=O)N(C)C)cc3)c3c(=O)[nH]ccc32)CC1,2.4166666666666665,Non-selective,29.029118,-32.97855
CCOC(=O)N1CCC(N2CC(CC#N)(n3cc(-c4ncnc5[nH]ccc45)cn3)C2)CC1,1.0,Non-selective,-39.835674,45.49492
CCOC(=O)Nc1cncc(-c2cc3ncccc3c(-c3ccn(C4(CC#N)CN(S(C)(=O)=O)C4)n3)n2)c1,1.0,Non-selective,-5.779527,66.21873
CCOC(=O)[C@@H]1C[C@@H](OC(=O)Cn2cc(Nc3ncc4ccn(C[C@@H](CC)C(C)C)c4n3)cn2)CN1C,1.0,Non-selective,18.709196,14.868234
CCOC(=O)c1ccc(-c2nc(-c3cnn4ccccc34)nc(N[C@@H]3CCCN(C(=O)CO)C3)c2F)cn1,2.0,Non-selective,0.77234405,30.86512
CCOC(=O)c1ccc(Nc2ncc3ccn(CC(CC)CC)c3n2)cc1,1.0,Non-selective,18.78528,20.162418
CCOC(=O)c1cnc(-c2cnc3[nH]ccc3c2N[C@@H]2CCCN(C(=O)CC#N)C2)s1,1.0,Non-selective,-42.143585,-26.469898
CCOC(=O)c1cnn(-c2ccc(Nc3nn([C@H]4CCCC[C@@H]4C#N)c4cc[nH]c(=O)c34)cc2C)c1,3.4705882352941178,Non-selective,1.2374023,-72.227165
CCOC(=O)c1nc(-c2cnn3ccccc23)nc(N[C@@H]2CCCN(C(=O)CO)C2)c1F,3.3333333333333335,Non-selective,1.5265404,30.707502
CCOC(=O)c1nc(Cn2ccc3cnc(Nc4cnn(C)c4)nc32)cs1,1.0,Non-selective,16.77899,20.81113
CCOC1CCCN(S(=O)(=O)CC2CCC(N(C)c3ncnc4[nH]ccc34)CC2)C1,3.408333333333333,Non-selective,-13.349175,-29.767658
CCOCCOC(=O)Cn1cc(Nc2ncc3ccn(CC(CC)C(C)C)c3n2)cn1,1.0,Non-selective,19.787872,17.169725
CCOCCO[C@@H]1CCN(S(=O)(=O)CC2CCC(N(C)c3ncnc4[nH]ccc34)CC2)C1,2.6624405705229797,Non-selective,-12.497224,-29.729242
CCOP(=O)(OCC)O[C@@H]1CCCN(S(=O)(=O)C[C@H]2CC[C@H](N(C)c3ncnc4[nH]ccc34)CC2)C1,4.9361702127659575,Non-selective,-13.501483,-29.774931
CCOc1ccc(-c2cc3ncc(C(N)=O)c(N[C@@H]4CCN(c5ccc(C#N)nn5)CC4(C)C)n3n2)cn1,4.257425742574258,Non-selective,36.911747,15.080509
CCOc1nc(-c2cnn3ccccc23)nc(N[C@@H]2CCCN(C(=O)CO)C2)c1F,4.0,Non-selective,1.4604867,29.949478
CCOc1ncc(-c2cc3ncc(C(N)=O)c(N[C@@H]4CCN(c5ccc(C#N)nn5)CC4(C)C)n3n2)cn1,1.8863157894736842,Non-selective,36.908123,15.078214
CCOc1nn(C)cc1Nc1ncc(F)c(-c2c[nH]c3c(NC(=O)[C@H](C)N4CCN(C)C[C@@H]4C)cccc23)n1,3.9473684210526314,Non-selective,-73.40698,31.733253
CCS(=N)(=O)N1CC(CC#N)(n2cc(-c3ncnc4[nH]ccc34)cn2)C1,1.0,Non-selective,-33.63805,29.964384
CCS(=O)(=O)C1CN(Cc2ccc(-c3cccc4nc(NC(=O)C(C)C)nn34)cc2)C1,1.0,Non-selective,-11.152498,15.111667
CCS(=O)(=O)C1CN(Cc2ccc(-c3cccc4nc(NC(=O)C5CC5)nn34)cc2)C1,1.4285714285714286,Non-selective,-11.381632,16.229942
CCS(=O)(=O)C1CN(Cc2ccc(-c3cccn4nc(N)nc34)cc2)C1,1.0,Non-selective,-11.406734,14.144725
CCS(=O)(=O)C1CN(Cc2ccc(-c3cccn4nc(NC(=O)C(C)C)nc34)cc2)C1,1.4285714285714286,Non-selective,-11.530949,14.518738
CCS(=O)(=O)C1CN(Cc2ccc(-c3cccn4nc(NC(=O)C5CC5)nc34)cc2)C1,1.4285714285714286,Non-selective,-11.661444,15.282922
CCS(=O)(=O)N1CC(C#N)(Nc2ccnc(-c3c[nH]c4ncccc34)n2)C1,1.4285714285714286,Non-selective,-29.612392,20.698254
CCS(=O)(=O)N1CC(C#N)(Nc2ccnc(-c3ccnc4[nH]ccc34)n2)C1,1.0,Non-selective,-30.093176,20.909529
CCS(=O)(=O)N1CC(C#N)(Nc2ccnc(-c3ncnc4[nH]ccc34)n2)C1,1.0,Non-selective,-31.489511,21.506853
CCS(=O)(=O)N1CC(C(C)C#N)(n2cc(-c3c(C#N)cnc4[nH]ccc34)cn2)C1,1.4188034188034189,Non-selective,-25.771921,28.292305
CCS(=O)(=O)N1CC(C(C)C#N)(n2cc(-c3ncnc4[nH]ccc34)cn2)C1,2.104651162790698,Non-selective,-33.198807,29.1728
CCS(=O)(=O)N1CC(CC#N)(n2cc(-c3c(C#N)cnc4[nH]ccc34)cn2)C1,2.098591549295775,Non-selective,-25.29895,28.284925
CCS(=O)(=O)N1CC(CC#N)(n2cc(-c3c(Cl)cnc4[nH]ccc34)cn2)C1,1.1945959364793683,Non-selective,-25.289644,28.07774
CCS(=O)(=O)N1CC(CC#N)(n2cc(-c3c(F)cnc4[nH]ccc34)cn2)C1,1.2106658541930586,Non-selective,-25.10085,28.653812
CCS(=O)(=O)N1CC(CC#N)(n2cc(-c3c[nH]c4ncccc34)cn2)C1,1.75,Non-selective,-24.506903,26.11773
CCS(=O)(=O)N1CC(CC#N)(n2cc(-c3ccnc4[nH]ccc34)c(C)n2)C1,2.0069444444444446,Non-selective,-25.49593,26.611906
CCS(=O)(=O)N1CC(CC#N)(n2cc(-c3ccnc4[nH]ccc34)c(Cl)n2)C1,4.042857142857144,Non-selective,-25.521904,26.60048
CCS(=O)(=O)N1CC(CC#N)(n2cc(-c3ccnc4[nH]ccc34)cn2)C1,1.2804878048780488,Non-selective,-24.562832,26.972982
CCS(=O)(=O)N1CC(CC#N)(n2cc(-c3ncnc4[nH]ccc34)cc2C#N)C1,1.2608695652173914,Non-selective,-33.945248,28.402935
CCS(=O)(=O)N1CC(CC#N)(n2cc(C(N)=O)c(Nc3ccc(C(=O)N4CCS(=O)(=O)CC4)cc3)n2)C1,1.4074074074074074,Non-selective,17.009449,53.560234
CCS(=O)(=O)N1CC(CC#N)(n2cc(C(N)=O)c(Nc3ccccc3)n2)C1,3.5130434782608697,Non-selective,17.30604,54.66641
CCS(=O)(=O)N1CC(CC#N)(n2cc(C)c(-c3ncnc4[nH]ccc34)c2)C1,2.0,Non-selective,-33.850273,28.295513
CCS(=O)(=O)N1CC(CC#N)(n2ccc(-c3c(C#N)cnc4[nH]ccc34)c2)C1,1.21505376344086,Non-selective,-26.143581,27.861357
CCS(=O)(=O)N1CC(CC(=O)NC)(n2cc(-c3ccnc4[nH]ccc34)cn2)C1,1.0,Non-selective,-25.954788,24.157202
CCS(=O)(=O)N1CC(CC(=O)NCC(F)(F)F)(n2cc(-c3c[nH]c4ncccc34)cn2)C1,1.0,Non-selective,-26.384228,22.877413
CCS(=O)(=O)N1CC(CC(=O)NCC(F)(F)F)(n2cc(-c3ccnc4[nH]ccc34)cn2)C1,1.0,Non-selective,-26.299826,23.423763
CCS(=O)(=O)N1CC(CC(=O)NCC(F)(F)F)(n2cc(-c3ncnc4[nH]ccc34)cn2)C1,1.0,Non-selective,-30.684868,27.799004
CCS(=O)(=O)N1CC(CC(N)=O)(n2cc(-c3c[nH]c4ncccc34)cn2)C1,1.0,Non-selective,-25.808918,23.772758
CCS(=O)(=O)N1CC(CC(N)=O)(n2cc(-c3ccnc4[nH]ccc34)cn2)C1,1.0,Non-selective,-25.95015,24.160555
CCS(=O)(=O)N1CC(Nc2ccnc(-c3c[nH]c4ncccc34)n2)(C(=O)NCC(F)(F)F)C1,1.0,Non-selective,-27.243124,20.894573
CCS(=O)(=O)N1CCC(Nc2ccnc(-c3c[nH]c4ncccc34)n2)(C(=O)NCC(F)(F)F)CC1,1.0,Non-selective,-27.219023,20.827703
CCS(=O)(=O)c1ccc(Nc2nn(C3(CC#N)CCCC3)c3cc[nH]c(=O)c23)cc1,3.1363636363636362,Non-selective,30.40533,-40.794624
CC[C@@H](C)NC(=O)c1ccc(N2CC(CC#N)(n3cc(-c4ncnc5[nH]ccc45)cn3)C2)cc1,1.0,Non-selective,-27.571352,36.5103
CC[C@@H](Cn1ccc2cnc(Nc3cnn(C(C)C(=O)O)c3)nc21)C(C)C,1.0,Non-selective,21.908833,19.663568
CC[C@@H](Cn1ccc2cnc(Nc3cnn(CC(=O)OC(C)C)c3)nc21)C(C)C,1.0,Non-selective,21.319618,16.965876
CC[C@@]1(CO)CCN(S(=O)(=O)C[C@H]2CC[C@H](N(C)c3ncnc4[nH]ccc34)CC2)C1,3.1907514450867054,Non-selective,-9.263771,-24.948936
CC[C@H](C(=O)NCC(F)(F)F)n1c(=O)c2cc(OC)c(OC)cc2c2cnc3[nH]ccc3c21,3.1963470319634704,Non-selective,-28.197275,-19.643723
CC[C@H](Cn1ccc2cnc(Nc3cnn(C(CC(C)(C)O)C(=O)O)c3)nc21)C(C)C,1.0,Non-selective,21.499517,20.184526
CC[C@H](Cn1ccc2cnc(Nc3cnn(C(CCO)C(=O)O)c3)nc21)C(C)C,1.0,Non-selective,22.173542,19.965788
CC[C@H](Cn1ccc2cnc(Nc3cnn(C4CC(C)(C)OC4=O)c3)nc21)C(C)C,1.0,Non-selective,22.77034,21.851606
CC[C@H](Cn1ccc2cnc(Nc3cnn(C4CCOC4=O)c3)nc21)C(C)C,1.0,Non-selective,22.770386,21.928452
CC[C@H](Cn1ccc2cnc(Nc3cnn(CC(=O)O)c3)nc21)C(C)C,1.0,Non-selective,21.729565,18.975243
CC[C@H](Cn1ccc2cnc(Nc3cnn(CC(=O)OC(C)C)c3)nc21)C(C)C,1.0,Non-selective,21.319618,16.965876
CC[C@H](Cn1ccc2cnc(Nc3cnn(CC(=O)OC4COC4)c3)nc21)C(C)C,1.0,Non-selective,20.21535,15.177412
CC[C@H](Cn1ccc2cnc(Nc3cnn(CC(=O)OCC4COC4)c3)nc21)C(C)C,1.0,Non-selective,20.205395,15.246403
CC[C@H](Cn1ccc2cnc(Nc3cnn(CC(=O)O[C@@H]4CCN(C)C4)c3)nc21)C(C)C,1.0,Non-selective,19.622448,13.903382
CC[C@H](Cn1ccc2cnc(Nc3cnn(CC(=O)O[C@@H]4C[C@@H](C(=O)O)N(C)C4)c3)nc21)C(C)C,1.0,Non-selective,18.821104,14.736431
CC[C@H](Cn1ccc2cnc(Nc3cnn(CC(=O)O[C@@H]4C[C@@H](C(=O)OC)N(C)C4)c3)nc21)C(C)C,1.0,Non-selective,18.749924,14.740834
CC[C@H](Cn1ccc2cnc(Nc3cnn(CC(=O)O[C@H]4CCN(C)C4)c3)nc21)C(C)C,1.0,Non-selective,19.622448,13.903382
CC[C@H](Cn1ccc2cnc(Nc3cnn(CCC(=O)O)c3)nc21)C(C)C,1.0,Non-selective,21.883892,19.342918
CC[C@H](Cn1ccc2cnc(Nc3cnn([C@@H](CCO)C(=O)O)c3)nc21)C(C)C,1.0,Non-selective,22.173645,19.965775
CC[C@H](Cn1ccc2cnc(Nc3cnn([C@@H]4CCOC4=O)c3)nc21)C(C)C,1.0,Non-selective,22.770481,21.92842
CC[C@H](Cn1ccc2cnc(Nc3cnn([C@H]4CCOC4=O)c3)nc21)C(C)C,1.0,Non-selective,22.770493,21.928425
CC[C@H](O)C1CCN(S(=O)(=O)C[C@H]2CC[C@H](N(C)c3ncnc4[nH]ccc34)CC2)CC1,3.9736842105263155,Non-selective,-12.431389,-25.060196
CC[C@H]1CCCCC1NS(=O)(=O)C[C@H]1CC[C@H](N(C)c2ncnc3[nH]ccc23)CC1,4.118055555555555,Non-selective,-19.711784,-22.023212
CC[C@](C)(C#N)Nc1ccnc(-c2c[nH]c3ncccc23)n1,1.0,Non-selective,-30.085209,20.347971
CC[C@](C)(C#N)Nc1ccnc(-c2ccnc3[nH]ccc23)n1,1.0,Non-selective,-30.615328,20.517859
CC[C@](C)(C#N)Nc1ccnc(-c2ncnc3[nH]ccc23)n1,1.0,Non-selective,-31.755999,21.06646
CCc1cc(O)c(F)cc1-c1cc(N)c(C(=N)C(=O)NC)c(NCCc2ccc(NS(=O)(=O)c3ccccc3)cc2)n1,4.431034482758621,Non-selective,13.620573,-10.811947
CCc1cc(O)c(F)cc1-c1cc(N)c(C=N)c(N(C)Cc2ccccc2N(CC)S(C)(=O)=O)n1,4.5,Non-selective,12.464417,-10.345006
CCc1cc(O)c(F)cc1-c1cc(N)c(C=N)c(N(CCc2ccc(OC)c(OC)c2)Cc2ccccc2N(C)S(C)(=O)=O)n1,3.767241379310345,Non-selective,12.260641,-9.771007
CCc1cc(O)c(F)cc1-c1cc(N)c(C=N)c(NCc2c(F)cccc2N(C)S(C)(=O)=O)n1,3.4,Non-selective,12.6489105,-11.0060005
CCc1cc(O)c(F)cc1-c1cc(N)c(C=N)c(NCc2cc(C)ccc2N(C)S(C)(=O)=O)n1,1.6526315789473685,Non-selective,12.459753,-11.325734
CCc1cc(O)c(F)cc1-c1cc(N)c(C=N)c(NCc2ccccc2N(C)S(C)(=O)=O)n1,4.166666666666667,Non-selective,12.604307,-11.130641
CCc1cc(O)c(F)cc1-c1cc(N)c(C=N)c(NCc2ccccc2N(CC)S(C)(=O)=O)n1,4.333333333333334,Non-selective,12.673114,-10.980394
CCc1cc(O)c(F)cc1-c1cc(N)c(C=N)c(NCc2ccccc2N(CCO)S(C)(=O)=O)n1,4.2727272727272725,Non-selective,12.648808,-10.966857
CCc1cc(O)c(F)cc1-c1cc2[nH]nc(-c3nc(C)c[nH]3)c2c(NCc2ccccc2N(C)S(C)(=O)=O)n1,4.302325581395349,Non-selective,10.290883,-14.537227
CCc1cc(O)c(F)cc1-c1cc2[nH]nc(-c3ncc[nH]3)c2c(NCc2ccccc2N(C)S(C)(=O)=O)n1,4.411764705882353,Non-selective,10.299843,-14.480542
CCc1cc(O)c(F)cc1-c1cc2[nH]nc(-c3nnc(C)[nH]3)c2c(NCc2ccccc2N(C)S(C)(=O)=O)n1,4.828571428571428,Non-selective,10.302156,-14.538392
CCc1cc(O)c(F)cc1-c1cc2[nH]nc(C(=O)NC)c2c(NCC(C)C)n1,3.571428571428571,Non-selective,10.053944,-19.788992
CCc1cc(O)c(F)cc1-c1cc2[nH]nc(C(=O)NC)c2c(NCC2CCCC2)n1,4.042553191489362,Non-selective,10.228163,-20.365692
CCc1cc(O)c(F)cc1-c1cc2[nH]nc(C(=O)NC)c2c(NCCc2ccc(NS(=O)(=O)c3ccccc3)cc2)n1,4.431034482758621,Non-selective,10.253765,-18.689646
CCc1cc(O)c(F)cc1-c1cc2[nH]nc(C(=O)NC)c2c(NCCc2ccc(O)cc2)n1,3.647058823529412,Non-selective,9.986285,-19.623356
CCc1cc(O)c(F)cc1-c1cc2[nH]nc(C(=O)NC)c2c(NCc2c(F)cccc2N(C)S(C)(=O)=O)n1,4.411764705882353,Non-selective,9.954619,-17.422249
CCc1cc(O)c(F)cc1-c1cc2[nH]nc(C(=O)NC)c2c(NCc2cc(C)ccc2N(C)S(C)(=O)=O)n1,4.888888888888888,Non-selective,9.174066,-17.455973
CCc1cc(O)c(F)cc1-c1cc2[nH]nc(C(=O)NC)c2c(NCc2ccccc2N(C)S(=O)(=O)c2ccccc2)n1,4.645714285714286,Non-selective,10.830868,-17.276281
CCc1cc(O)c(F)cc1-c1cc2[nH]nc(C(=O)NC)c2c(NCc2ccccc2N(C)S(N)(=O)=O)n1,3.4814814814814814,Non-selective,10.3821125,-17.447046
CCc1cc(O)c(F)cc1-c1cc2[nH]nc(C(=O)NC)c2c(N[C@@H](C)c2ccccc2N(C)S(C)(=O)=O)n1,1.4922600619195048,Non-selective,9.968739,-18.16444
CCc1cc(O)c(F)cc1-c1cc2[nH]nc(C(=O)Nc3ccc(C)nc3)c2c(NCc2ccccc2N(C)S(C)(=O)=O)n1,3.954545454545455,Non-selective,9.742753,-16.622906
CCc1cc(O)c(F)cc1-c1cc2[nH]ncc2c(N(C)Cc2cc(C)ccc2N(CC)S(C)(=O)=O)n1,2.323529411764706,Non-selective,9.559212,-9.858011
CCc1cc(O)c(F)cc1-c1cc2[nH]ncc2c(N(C)Cc2ccccc2N(CC)S(C)(=O)=O)n1,4.5,Non-selective,10.314297,-9.755471
CCc1cc(O)c(F)cc1-c1cc2[nH]ncc2c(N(CC)Cc2cc(C)ccc2N(C)S(C)(=O)=O)n1,1.0792079207920793,Non-selective,9.57971,-10.028903
CCc1cc(O)c(F)cc1-c1cc2[nH]ncc2c(N(CCN2CCOCC2)Cc2ccccc2N(C)S(C)(=O)=O)n1,2.9558011049723754,Non-selective,9.674653,-9.382246
CCc1cc(O)c(F)cc1-c1cc2[nH]ncc2c(N(CCc2ccc(NS(C)(=O)=O)cc2)Cc2ccccc2N(C)S(C)(=O)=O)n1,3.538812785388128,Non-selective,10.437187,-9.743035
CCc1cc(O)c(F)cc1-c1cc2[nH]ncc2c(NCc2c(F)cccc2N(C)S(C)(=O)=O)n1,3.4,Non-selective,10.431301,-10.509102
CCc1cc(O)c(F)cc1-c1cc2[nH]ncc2c(NCc2cc(C)ccc2N(C)S(C)(=O)=O)n1,1.6526315789473685,Non-selective,9.703929,-10.67935
CCc1cc(O)c(F)cc1-c1cc2[nH]ncc2c(NCc2cc(Cl)ccc2N(C)S(C)(=O)=O)n1,4.916666666666667,Non-selective,9.414427,-10.922889
CCc1cc(O)c(F)cc1-c1cc2[nH]ncc2c(NCc2ccccc2N(C)S(=O)(=O)CC)n1,4.857142857142858,Non-selective,10.594343,-10.592095
CCc1cc(O)c(F)cc1-c1cc2[nH]ncc2c(NCc2ccccc2N(C)S(C)(=O)=O)n1,4.2,Non-selective,10.485,-10.77944
CCc1cc(O)c(F)cc1-c1cc2[nH]ncc2c(NCc2ccccc2N(CC)S(C)(=O)=O)n1,4.333333333333334,Non-selective,10.573489,-10.514498
CCc1cc(O)c(F)cc1-c1cc2[nH]ncc2c(NCc2ccccc2N(CCO)S(C)(=O)=O)n1,4.2727272727272725,Non-selective,10.592996,-10.504681
CCc1cc(O)c(F)cc1-c1nc(N(CCc2ccc(OC)c(OC)c2)Cc2ccccc2N(C)S(C)(=O)=O)c2cn[nH]c2n1,3.767241379310345,Non-selective,11.8338585,-9.54347
CCc1cc(O)c(F)cc1-c1nc(N)c(C(=N)C(N)=O)c(NCc2ccccc2N(C)S(=O)(=O)c2ccccc2)n1,4.029850746268656,Non-selective,13.918444,-11.825173
CCc1cc(O)c(F)cc1-c1nc(NCc2ccccc2N(C)S(=O)(=O)c2ccccc2)c2c(C(N)=O)n[nH]c2n1,4.029850746268656,Non-selective,12.435281,-16.455046
CCc1cc(O)c(F)cc1-c1nc(NCc2ccccc2N(C)S(C)(=O)=O)c2c(C(=O)NC)n[nH]c2n1,4.2,Non-selective,10.746936,-17.436304
CCc1cc(O)c(F)cc1-c1nc(NCc2ccccc2N(C)S(C)(=O)=O)c2cn[nH]c2n1,4.166666666666667,Non-selective,11.34812,-10.929934
CCc1cc(O)cc(C)c1-c1cc2[nH]ncc2c(NCc2ccccc2N(C)S(C)(=O)=O)n1,4.705882352941177,Non-selective,10.175086,-8.483804
CCc1cc(O)ccc1-c1cc(N)c(C=N)c(N2CC(C)(O)C2)n1,2.3488372093023258,Non-selective,10.301913,-6.1736865
CCc1cc(O)ccc1-c1cc(N)c(C=N)c(NCCc2ccc(-c3ccccc3)cc2)n1,2.089041095890411,Non-selective,10.661708,-6.9796014
CCc1cc(O)ccc1-c1cc2[nH]ncc2c(N2CC(C)(O)C2)n1,2.3488372093023258,Non-selective,9.551926,-5.7040224
CCc1cc(O)ccc1-c1cc2[nH]ncc2c(N2CCC(OC)CC2)n1,3.5,Non-selective,9.244873,-5.1616445
CCc1cc(O)ccc1-c1cc2[nH]ncc2c(N2CCC(S(=O)(=O)N(C)C)C2)n1,2.9012345679012346,Non-selective,8.483968,-5.748223
CCc1cc(O)ccc1-c1cc2[nH]ncc2c(N2CCc3c(Cl)cccc3C2)n1,1.1802030456852792,Non-selective,9.129348,-5.5986075
CCc1cc(O)ccc1-c1cc2[nH]ncc2c(N2CCc3c(cccc3C(=O)NCc3ccccc3)C2)n1,1.44,Non-selective,9.286281,-5.95321
CCc1cc(O)ccc1-c1cc2[nH]ncc2c(N2CCc3c(cccc3NS(C)(=O)=O)C2)n1,1.3636363636363638,Non-selective,8.8319,-5.8331256
CCc1cc(O)ccc1-c1cc2[nH]ncc2c(N2CCc3c(cccc3NSC)C2)n1.O.O,1.3636363636363638,Non-selective,9.106272,-5.6973114
CCc1cc(O)ccc1-c1cc2[nH]ncc2c(N2CCc3cc(-n4cnc(C)c4)ccc3C2)n1,2.457943925233645,Non-selective,8.929161,-5.538108
CCc1cc(O)ccc1-c1cc2[nH]ncc2c(N2CCc3cc(F)ccc3C2)n1,1.7422680412371134,Non-selective,8.752242,-5.3271966
CCc1cc(O)ccc1-c1cc2[nH]ncc2c(N2CCc3cc(OC)c(OCc4ccccc4)cc3C2)n1,1.7655786350148366,Non-selective,9.380966,-5.3171654
CCc1cc(O)ccc1-c1cc2[nH]ncc2c(N2CCc3cc(OCCOC)ccc3C2)n1,2.5643564356435644,Non-selective,9.060511,-5.1657443
CCc1cc(O)ccc1-c1cc2[nH]ncc2c(N2CCc3ccc(OC)c(OC)c3C2)n1,3.797101449275362,Non-selective,9.119574,-5.166198
CCc1cc(O)ccc1-c1cc2[nH]ncc2c(N2CCc3ccc(S(=O)(=O)NCCN4CCCC4)cc3C2)n1,2.6578947368421053,Non-selective,8.4857435,-5.726351
CCc1cc(O)ccc1-c1cc2[nH]ncc2c(N2CCc3cccc(OC)c3C2)n1,1.6845637583892619,Non-selective,9.179935,-5.2122536
CCc1cc(O)ccc1-c1cc2[nH]ncc2c(NCCc2ccc(-c3ccccc3)cc2)n1,2.089041095890411,Non-selective,9.91484,-6.741644
CCc1cc(O)ccc1-c1cc2[nH]ncc2c(NCc2c(C)cccc2N(C)S(C)(=O)=O)n1,2.4833333333333334,Non-selective,10.009129,-8.275269
CCc1cc(O)ccc1-c1cc2[nH]ncc2c(NCc2c(C)cccc2N(C)[S+](C)[O-])n1.O,2.4833333333333334,Non-selective,9.886469,-7.516023
CCc1ccc(COC[C@H]2CCN(S(=O)(=O)C[C@H]3CC[C@H](N(C)c4ncnc5[nH]ccc45)CC3)C2)nc1,3.6342857142857143,Non-selective,-12.1838,-30.089924
CCc1n[nH]cc1-c1cnn(C2(CC#N)CN(c3cnc(C(=O)N[C@@H](C)C(F)(F)F)cn3)C2)c1,1.2871692307692306,Non-selective,-19.697348,34.71952
CCn1cc(-c2cc3ncccc3c(-c3ccn(C4(CC#N)CC(C#N)C4)n3)n2)cn1,4.183245693448617,Non-selective,12.864131,79.70562
CCn1cc(-c2cc3ncccc3c(-c3ccn(C4(CC#N)CN(CC(F)(F)F)C4)n3)n2)cn1,3.2949640287769784,Non-selective,-3.6998246,84.37585
CCn1cc(-c2cc3ncccc3c(-c3ccn(C4(CC#N)CN(S(C)(=O)=O)C4)n3)n2)ccc1=O,2.3624454148471616,Non-selective,-3.5009425,66.2771
CCn1nccc1NC(=O)N1CCC(N2CC(CC#N)(n3cc(-c4ncnc5[nH]ccc45)cn3)C2)CC1,2.236071448858502,Non-selective,-33.763718,46.948376
CN(C(=O)c1ccc(N2CC(CC#N)(n3cc(-c4ncnc5[nH]ccc45)cn3)C2)c(F)c1)C1CC1,1.0,Non-selective,-27.248741,38.662113
CN(C(C)(C)C(=O)OC(C)(C)C)S(=O)(=O)c1ccc(Nc2nn(C3(CC#N)CCCC3)c3cc[nH]c(=O)c23)cc1,3.0789473684210527,Non-selective,29.991217,-38.083225
CN(C(C)(C)C(=O)OC(C)(C)C)S(=O)(=O)c1ccc(Nc2nn([C@@H](CC#N)C3CC3)c3cc[nH]c(=O)c23)cc1,4.083333333333333,Non-selective,0.85302186,-49.924652
CN(C(C)(C)C)S(=O)(=O)c1ccc(Nc2nn(C3(CC#N)CCCC3)c3cc[nH]c(=O)c23)cc1,1.5285714285714287,Non-selective,29.910088,-40.22811
CN(C(C)(C)C)S(=O)(=O)c1ccc(Nc2nn(C3(CC#N)CCN(C(=O)C(C)(F)F)CC3)c3cc[nH]c(=O)c23)cc1,1.2857142857142856,Non-selective,30.717842,-34.761936
CN(C(C)(C)C)S(=O)(=O)c1ccc(Nc2nn(C3(CC#N)CCOCC3)c3cc[nH]c(=O)c23)cc1,1.9444444444444444,Non-selective,30.605549,-42.591343
CN(C(C)(C)C)S(=O)(=O)c1ccc(Nc2nn([C@@H]3CCCCC[C@H]3C#N)c3cc[nH]c(=O)c23)cc1,1.608695652173913,Non-selective,13.659,-63.015446
CN(C(C)(C)C)S(=O)(=O)c1ccc(Nc2nn([C@H]3CCCCC[C@@H]3C#N)c3cc[nH]c(=O)c23)cc1,1.0555555555555556,Non-selective,13.659055,-63.015583
CN(C(C)(C)C)S(=O)(=O)c1ccc(Nc2nn([C@H]3CCCC[C@@H]3C#N)c3cc[nH]c(=O)c23)cc1,2.3448275862068964,Non-selective,13.67125,-63.000042
CN(C(C)(C)C)S(=O)(=O)c1ccc(Nc2nn([C@H]3COCC[C@@H]3C#N)c3cc[nH]c(=O)c23)cc1,3.0,Non-selective,22.982298,-64.058975
CN(C(C)(C)C)S(=O)(=O)c1ccc(Nc2nn([C@]3(CC#N)CCCOC3)c3cc[nH]c(=O)c23)cc1,2.28,Non-selective,31.062641,-42.985905
CN(C(C)(C)C)S(=O)(=O)c1ccc(Nc2nn([C@]3(CC#N)CC[C@@H](C(=O)OC(C)(C)C)OC3)c3cc[nH]c(=O)c23)cc1,1.2424242424242422,Non-selective,62.714527,-43.70062
CN(C)C(=O)CN1CN([C@H]2CC[C@H](CNCC(F)(F)F)CC2)c2c(cnc3[nH]ccc23)C1=O,1.4666666666666666,Non-selective,-36.509632,-9.987448
CN(C)C(=O)CO[C@@H]1CCN(S(=O)(=O)C[C@H]2CC[C@H](N(C)c3ncnc4[nH]ccc34)CC2)C1,4.970297029702971,Non-selective,-14.293537,-28.224672
CN(C)C(=O)c1ccc(Nc2nn(C3(CC#N)CCN(C(=O)OC(C)(C)C)CC3)cc2C(N)=O)cc1,2.857142857142857,Non-selective,37.309406,52.931927
CN(C)C(=O)c1ccc(Nc2nn([C@H]3CCCC[C@@H]3C#N)c3cc[nH]c(=O)c23)cc1C1CC1,2.7142857142857144,Non-selective,0.45997775,-72.42938
CN(C)C(=O)c1ccc(Nc2nn([C@H]3COCC[C@@H]3C#N)cc2C(N)=O)cc1,4.0,Non-selective,67.008835,18.381046
CN(C)C(=O)c1ccc(Nc2oc(-c3c(F)cccc3F)nc2C(N)=O)cc1,1.2641083521444696,Non-selective,-6.0046983,-2.6785817
CN(C)C(=O)c1ccc2cc(Nc3nn([C@]4(CC#N)CC[C@@H](C(=O)OC(C)(C)C)OC4)c4cc[nH]c(=O)c34)ccc2n1,4.363636363636363,Non-selective,57.27124,-44.27962
CN(C)C(c1ccc(Nc2nn([C@H]3CCCC[C@@H]3C#N)c3cc[nH]c(=O)c23)cc1)C(F)(F)F,2.3536727848339805,Non-selective,12.543591,-77.88856
CN(C)C(c1ccc(Nc2nn([C@H]3COCC[C@@H]3C#N)c3cc[nH]c(=O)c23)cc1)C(F)(F)F,1.72377655474571,Non-selective,28.928493,-64.6479
CN(C)C(c1ccc(Nc2nn([C@]3(CC#N)CC[C@@H](C(=O)OC(C)(C)C)OC3)c3cc[nH]c(=O)c23)cc1)C(F)(F)F,1.5627231501621044,Non-selective,59.49111,-41.215324
CN(C)CC(=O)Nc1cccc(-c2cnc3ccccc3n2)c1,1.0,Non-selective,-21.340355,7.1789923
CN(C)CCCn1c(=O)c2ccccc2c2cnc3[nH]ccc3c21,1.851528384279476,Non-selective,-28.986645,-18.122065
CN(C)CCNC(=O)N1CCc2[nH]c(-c3n[nH]c4nc(-c5cc(F)c(O)cc5CC(F)(F)F)nc(NCc5cc(O)ccc5N(C)S(C)(=O)=O)c34)nc2C1,4.981481481481481,Non-selective,20.056736,-16.547344
CN(C)Cc1cc(C#N)cc(C(=O)N2CCC(N3CC(CC#N)(n4cc(-c5ncnc6[nH]ccc56)cn4)C3)CC2)c1,3.0,Non-selective,-41.45256,50.407005
CN(C)Cc1cc(C(=O)N2CCC(N3CC(CC#N)(n4cc(-c5ncnc6[nH]ccc56)cn4)C3)CC2)c(F)c(C(F)(F)F)n1,2.738609573940012,Non-selective,-49.983288,54.114937
CN(C)Cc1cc(C(=O)N2CCC(N3CC(CC#N)(n4cc(-c5ncnc6[nH]ccc56)cn4)C3)CC2)cc(C(F)F)c1,2.738609573940012,Non-selective,-41.632954,50.811176
CN(C)Cc1cc(C(=O)N2CCC(N3CC(CC#N)(n4cc(-c5ncnc6[nH]ccc56)cn4)C3)CC2)nc(C(F)(F)F)c1,2.738609573940012,Non-selective,-50.16041,54.335938
CN(C)Cc1cccc(Nc2nn([C@H]3CCCC[C@@H]3C#N)c3cc[nH]c(=O)c23)c1,1.0,Non-selective,4.6154366,-71.87398
CN(C)S(=O)(=O)C[C@H]1CC[C@H](c2nnn3cnc4[nH]ccc4c23)CC1,1.9534883720930234,Non-selective,-23.955635,-49.169064
CN(C)S(=O)(=O)N1CC(CC#N)(n2cc(-c3c(C#N)cnc4[nH]ccc34)cn2)C1,2.0749999999999997,Non-selective,-25.338116,28.346888
CN(C)S(=O)(=O)N1CC(CC#N)(n2cc(-c3ccnc4[nH]ccc34)cn2)C1,2.6,Non-selective,-24.57317,27.01487
CN(C)S(=O)(=O)Nc1ccnc(-c2cnc3[nH]ccc3c2N[C@@H]2CCCN(C(=O)CC#N)C2)c1,1.0,Non-selective,-43.679363,-26.495241
CN(C)S(=O)(=O)c1ccc(Nc2nn(C3(CC#N)CCC(=O)CC3)c3cc[nH]c(=O)c23)cc1,1.2992700729927007,Non-selective,29.122267,-39.991234
CN(C)S(=O)(=O)c1ccc(Nc2nn(C3(CC#N)CCCC3)c3cc[nH]c(=O)c23)cc1,2.0,Non-selective,29.39164,-40.195694
CN(C)S(=O)(=O)c1ccc(Nc2nn(C3(CC#N)CCCCC3)c3cc[nH]c(=O)c23)cc1,1.6282051282051282,Non-selective,29.412365,-40.208733
CN(C)S(=O)(=O)c1ccc(Nc2nn(C3(CC#N)CCN(C(=O)C4CC4)CC3)c3cc[nH]c(=O)c23)cc1,3.6249999999999996,Non-selective,27.634602,-33.310394
CN(C)S(=O)(=O)c1ccc(Nc2nn(C3(CC#N)CCN(C(=O)C4Cc5ccccc5C4)CC3)c3cc[nH]c(=O)c23)cc1,2.7857142857142856,Non-selective,27.669653,-34.27734
CN(C)S(=O)(=O)c1ccc(Nc2nn(C3(CC#N)CCN(C(=O)CC#N)CC3)c3cc[nH]c(=O)c23)cc1,1.5999999999999999,Non-selective,28.49567,-34.121727
CN(C)S(=O)(=O)c1ccc(Nc2nn(C3(CC#N)CCN(C(=O)CC(F)(F)F)CC3)c3cc[nH]c(=O)c23)cc1,3.875,Non-selective,30.156996,-34.742256
CN(C)S(=O)(=O)c1ccc(Nc2nn(C3(CC#N)CCN(C(=O)CCC#N)CC3)c3cc[nH]c(=O)c23)cc1,2.3333333333333335,Non-selective,28.493885,-33.986298
CN(C)S(=O)(=O)c1ccc(Nc2nn(C3(CC#N)CCN(C(=O)CCC(F)(F)F)CC3)c3cc[nH]c(=O)c23)cc1,4.125,Non-selective,30.163696,-34.746136
CN(C)S(=O)(=O)c1ccc(Nc2nn(C3(CC#N)CCN(C(=O)CCc4ccccc4)CC3)c3cc[nH]c(=O)c23)cc1,4.666666666666667,Non-selective,27.642597,-34.896942
CN(C)S(=O)(=O)c1ccc(Nc2nn(C3(CC#N)CCN(C(=O)OC(C)(C)C)CC3)c3cc[nH]c(=O)c23)cc1,1.272727272727273,Non-selective,35.304314,-32.394737
CN(C)S(=O)(=O)c1ccc(Nc2nn(C3(CC#N)CCN(C(=O)OC(C)(C)C)CC3)cc2C(N)=O)cc1,2.666666666666667,Non-selective,36.29927,50.631134
CN(C)S(=O)(=O)c1ccc(Nc2nn(C3(CC#N)CCN(C(=O)OCC(F)(F)F)CC3)c3cc[nH]c(=O)c23)cc1,2.1818181818181817,Non-selective,30.315817,-34.31537
CN(C)S(=O)(=O)c1ccc(Nc2nn(C3(CC#N)CCN(C(=O)O[C@@H]4CCOC4)CC3)c3cc[nH]c(=O)c23)cc1,3.9166666666666665,Non-selective,26.897171,-31.549116
CN(C)S(=O)(=O)c1ccc(Nc2nn(C3(CC#N)CCN(C(=O)Oc4ccc(F)cc4)CC3)c3cc[nH]c(=O)c23)cc1,3.592592592592592,Non-selective,29.013393,-32.14746
CN(C)S(=O)(=O)c1ccc(Nc2nn(C3(CC#N)CCN(C(=O)Oc4ccccc4)CC3)c3cc[nH]c(=O)c23)cc1,4.526315789473684,Non-selective,27.867153,-34.766495
CN(C)S(=O)(=O)c1ccc(Nc2nn(C3(CC#N)CCN(CCc4ccccc4)CC3)c3cc[nH]c(=O)c23)cc1,4.430379746835443,Non-selective,24.973103,-37.403126
CN(C)S(=O)(=O)c1ccc(Nc2nn(C3(CC#N)CCN(Cc4c(F)ccc(F)c4F)CC3)c3cc[nH]c(=O)c23)cc1,1.1666666666666667,Non-selective,25.076239,-38.53155
CN(C)S(=O)(=O)c1ccc(Nc2nn(C3(CC#N)CCN(Cc4c(F)cccc4F)CC3)c3cc[nH]c(=O)c23)cc1,1.526315789473684,Non-selective,25.17346,-38.39229
CN(C)S(=O)(=O)c1ccc(Nc2nn(C3(CC#N)CCN(Cc4ccc(-c5ccon5)cc4)CC3)c3cc[nH]c(=O)c23)cc1,2.4193548387096775,Non-selective,23.85318,-38.563847
CN(C)S(=O)(=O)c1ccc(Nc2nn(C3(CC#N)CCN(Cc4ccc(C#N)cc4)CC3)c3cc[nH]c(=O)c23)cc1,2.7,Non-selective,23.940496,-38.337555
CN(C)S(=O)(=O)c1ccc(Nc2nn(C3(CC#N)CCN(Cc4ccc(C(F)(F)F)cc4)CC3)c3cc[nH]c(=O)c23)cc1,3.71551724137931,Non-selective,23.812864,-39.06637
CN(C)S(=O)(=O)c1ccc(Nc2nn(C3(CC#N)CCN(Cc4ccc(F)cc4)CC3)c3cc[nH]c(=O)c23)cc1,3.0,Non-selective,24.788261,-38.72294
CN(C)S(=O)(=O)c1ccc(Nc2nn(C3(CC#N)CCN(Cc4ccc(N5CCCC5=O)cc4)CC3)c3cc[nH]c(=O)c23)cc1,3.8904109589041096,Non-selective,23.920275,-38.344173
CN(C)S(=O)(=O)c1ccc(Nc2nn(C3(CC#N)CCN(Cc4cccc(F)c4)CC3)c3cc[nH]c(=O)c23)cc1,1.7931034482758623,Non-selective,24.939405,-38.412376
CN(C)S(=O)(=O)c1ccc(Nc2nn(C3(CC#N)CCN(Cc4ccccc4)CC3)c3cc[nH]c(=O)c23)cc1,2.235294117647059,Non-selective,24.548006,-37.698387
CN(C)S(=O)(=O)c1ccc(Nc2nn(C3(CC#N)CCN(Cc4ccccc4F)CC3)c3cc[nH]c(=O)c23)cc1,1.473684210526316,Non-selective,25.207657,-38.29828
CN(C)S(=O)(=O)c1ccc(Nc2nn(C3(CC#N)CCN(Cc4ncco4)CC3)c3cc[nH]c(=O)c23)cc1,3.8076923076923075,Non-selective,24.010164,-38.687744
CN(C)S(=O)(=O)c1ccc(Nc2nn(C3(CC#N)CCN(S(=O)(=O)C4CC4)CC3)c3cc[nH]c(=O)c23)cc1,2.0,Non-selective,28.538368,-39.688404
CN(C)S(=O)(=O)c1ccc(Nc2nn(C3(CC#N)CCOCC3)c3cc[nH]c(=O)c23)cc1,2.121212121212121,Non-selective,30.114212,-42.503933
CN(C)S(=O)(=O)c1ccc(Nc2nn(C3CCN(S(=O)(=O)CC(F)(F)F)CC3CC#N)c3cc[nH]c(=O)c23)cc1,2.0,Non-selective,15.895287,-60.822083
CN(C)S(=O)(=O)c1ccc(Nc2nn([C@@]3(CC#N)CCCC[C@H]3F)c3cc[nH]c(=O)c23)cc1,1.982057906458797,Non-selective,29.141144,-41.125378
CN(C)S(=O)(=O)c1ccc(Nc2nn([C@@]3(CC#N)CCCOC3)c3cc[nH]c(=O)c23)cc1,2.051851851851852,Non-selective,30.504604,-42.954605
CN(C)S(=O)(=O)c1ccc(Nc2nn([C@@]3(CC#N)CCN(C(=O)OC(C)(C)C)C[C@H]3F)c3cc[nH]c(=O)c23)cc1,1.2,Non-selective,37.054287,-30.341942
CN(C)S(=O)(=O)c1ccc(Nc2nn([C@@]3(CC#N)COCC[C@H]3F)c3cc[nH]c(=O)c23)cc1,3.2758620689655173,Non-selective,29.32324,-43.030327
CN(C)S(=O)(=O)c1ccc(Nc2nn([C@H]3CCC4(CC4)C[C@@H]3C#N)c3cc[nH]c(=O)c23)cc1,2.75,Non-selective,15.166604,-62.4235
CN(C)S(=O)(=O)c1ccc(Nc2nn([C@H]3CCCC[C@@H]3C#N)c3cc[nH]c(=O)c23)cc1,3.0,Non-selective,14.148394,-62.76577
CN(C)S(=O)(=O)c1ccc(Nc2nn([C@H]3CCCC[C@@H]3C#N)c3cc[nH]c(=O)c23)cc1CN,2.051282051282051,Non-selective,10.194229,-64.71194
CN(C)S(=O)(=O)c1ccc(Nc2nn([C@H]3CCC[C@@H]3C#N)c3cc[nH]c(=O)c23)cc1,2.727272727272727,Non-selective,14.239221,-62.71699
CN(C)S(=O)(=O)c1ccc(Nc2nn([C@H]3COCC[C@@H]3C#N)c3cc[nH]c(=O)c23)cc1,3.0,Non-selective,23.430767,-64.179726
CN(C)S(=O)(=O)c1ccc(Nc2nn([C@H]3COCC[C@@H]3C#N)c3cc[nH]c(=O)c23)cn1,2.742857142857143,Non-selective,23.802034,-64.38075
CN(C)S(=O)(=O)c1ccc(Nc2nn([C@]3(CC#N)CCCOC3)c3cc[nH]c(=O)c23)cc1,2.2307692307692304,Non-selective,30.504604,-42.954613
CN(C)S(=O)(=O)c1ccc(Nc2nn([C@]3(CC#N)CC[C@@H](C(=O)OC(C)(C)C)OC3)c3cc[nH]c(=O)c23)cc1,2.0,Non-selective,62.79706,-43.696697
CN(C)S(=O)(=O)c1ccc(Nc2nn([C@]3(CC#N)CC[C@@H](N4CC(F)C4)CC3)c3cc[nH]c(=O)c23)cc1,1.3,Non-selective,27.796074,-41.57161
CN(C)S(=O)(=O)c1ccc(Nc2nn([C@]3(CC#N)CC[C@H](N4CC(F)C4)CC3)c3cc[nH]c(=O)c23)cc1,1.3511450381679388,Non-selective,27.796066,-41.57163
CN(C)S(=O)(=O)c1ccc(Nc2nn([C@]3(CC#N)COCC[C@@H]3F)c3cc[nH]c(=O)c23)cc1,2.1904761904761907,Non-selective,29.323393,-43.030476
CN(C)S(=O)(=O)c1ccc(Nc2oc(-c3c(F)cccc3F)nc2C(N)=O)cc1,1.995798319327731,Non-selective,-6.791101,-3.1310697
CN(C)S(=O)(=O)c1ccc2c(c1)CCN2C[C@H]1CC[C@H](c2nnn3cnc4[nH]ccc4c23)CC1,4.454545454545454,Non-selective,-22.624413,-48.78661
CN(C)S(=O)(=O)c1cccc(Nc2nn(C3(CC#N)CCN(Cc4cccnc4)CC3)c3cc[nH]c(=O)c23)c1,1.6638655462184875,Non-selective,24.387968,-37.380234
CN(C)[C@@H]1CC[C@H](C#N)[C@@H](n2cc(C(N)=O)c(Nc3ccc(F)cc3)n2)C1,4.918032786885246,Non-selective,49.549328,-12.179442
CN(C)[C@H]1CC[C@@H](n2cc(C(N)=O)c(Nc3ccc(OC(F)F)nc3)n2)[C@H](C#N)C1,3.9473684210526314,Non-selective,60.180023,-11.454073
CN(C)[C@H]1CC[C@H](C#N)[C@@H](n2cc(C(N)=O)c(Nc3ccc(F)cc3)n2)C1,3.658536585365854,Non-selective,49.549328,-12.179442
CN(C)c1c(F)c(F)c(C(=O)N2CCC(N3CC(CC#N)(n4cc(-c5ncnc6[nH]ccc56)cn4)C3)CC2)c(F)c1F,1.0954446660644168,Non-selective,-41.94131,52.17894
CN(C)c1ccc(-c2cc3ncccc3c(-c3ccn(C4(CC#N)CN(S(C)(=O)=O)C4)n3)n2)cn1,3.0697674418604652,Non-selective,-2.2831051,65.0878
CN(C)c1ccc(-c2nc(-c3cnn4ccccc34)nc(N[C@@H]3CCCN(C(=O)CO)C3)c2F)cn1,3.0,Non-selective,0.52329284,30.481297
CN(C)c1ccc(C(=O)N2CCC(N3CC(CC#N)(n4cc(-c5ncnc6[nH]ccc56)cn4)C3)CC2)c(F)c1C#N,1.2910005388898869,Non-selective,-41.969215,52.178814
CN(C)c1ccc(C(=O)N2CCC(N3CC(CC#N)(n4cc(-c5ncnc6[nH]ccc56)cn4)C3)CC2)cc1C#N,1.0,Non-selective,-41.45457,50.414223
CN(C)c1ccc(CN2C3CCC2CC(N2CC(CC#N)(n4cc(-c5ncnc6[nH]ccc56)cn4)C2)C3)c(F)c1C#N,2.738609573940012,Non-selective,-41.07962,32.09054
CN(C)c1ccc(CN2CCC(N3CC(CC#N)(n4cc(-c5ncnc6[nH]ccc56)cn4)C3)CC2)c(F)c1C#N,2.738609573940012,Non-selective,-41.722324,31.714077
CN(C)c1ccc(S(=O)(=O)N2CCC(N3CC(CC#N)(n4cc(-c5ncnc6[nH]ccc56)cn4)C3)CC2)cc1C#N,2.738609573940012,Non-selective,-37.613747,31.85369
CN(C)c1ccc2cc(Nc3nn([C@]4(CC#N)CC[C@@H](C(=O)OC(C)(C)C)OC4)c4cc[nH]c(=O)c34)ccc2n1,4.923076923076923,Non-selective,57.25635,-44.2787
CN(CC#N)C[C@H]1CC[C@H](N2CN(C)C(=O)c3cnc4[nH]ccc4c32)CC1,3.8181818181818183,Non-selective,-39.71415,-13.888958
CN(CC(F)(F)F)C[C@H]1CC[C@H](N2CN(C)C(=O)c3cnc4[nH]ccc4c32)CC1,2.066666666666667,Non-selective,-35.252766,-10.580674
CN(CC(F)(F)F)C[C@H]1CC[C@H](N2CNC(=O)c3cnc4[nH]ccc4c32)CC1,3.2857142857142856,Non-selective,-35.070873,-10.599839
CN(CCC#N)C[C@H]1CC[C@H](c2nnn3cnc4[nH]ccc4c23)CC1,2.4166666666666665,Non-selective,-36.337265,-46.405853
CN(CCC#N)c1ccc(CN2CCC(c3nnn4cnc5[nH]ccc5c34)CC2)cc1,3.5714285714285716,Non-selective,-43.711525,-56.38203
CN(C[C@H]1CC[C@H](N2CN(C3CC3)C(=O)c3cnc4[nH]ccc4c32)CC1)S(C)(=O)=O,1.6341463414634148,Non-selective,-35.123123,-13.39792
CN([C@@H]1CC[C@H](n2cc(C(N)=O)c(Nc3ccc(Cl)cc3)n2)[C@@H](C#N)C1)S(C)(=O)=O,3.8333333333333335,Non-selective,85.99038,4.6451735
CN(c1cc(O)ccc1CNc1nc(-c2cc(F)c(O)cc2CC(F)(F)F)cc2[nH]nc(C(N)=O)c12)S(C)(=O)=O,3.955882352941176,Non-selective,19.143335,-21.23319
CN(c1cc2cn[nH]c2cn1)[C@@H]1CCN(c2ncnc3[nH]ccc23)C1,1.0,Non-selective,-55.521248,-35.478504
CN(c1ccc(-c2nnn[nH]2)cc1F)[C@@H]1CCN(c2ncnc3[nH]ccc23)C1,1.0,Non-selective,-54.471783,-35.678684
CN(c1ccc(C#N)c(F)c1)[C@@H]1CCN(c2ncnc3[nH]ccc23)C1,3.4785714285714286,Non-selective,-54.29392,-34.837833
CN(c1ccc(C#N)cc1)[C@@H]1CCN(c2ncnc3[nH]ccc23)C1,1.0,Non-selective,-54.676422,-34.574375
CN(c1ccc(C(=O)NC2c3ccccc3C[C@H]2O)cc1F)[C@@H]1CCN(c2ncnc3[nH]ccc23)C1,4.0,Non-selective,-53.48317,-36.266006
CN(c1ccc(C(=O)NC[C@H](O)c2ccccc2)cc1F)[C@@H]1CCN(c2ncnc3[nH]ccc23)C1,1.0,Non-selective,-53.35282,-36.309162
CN(c1ccc(C(=O)N[C@@H]2c3ccccc3C[C@H]2O)cc1F)[C@@H]1CCN(c2ncnc3[nH]ccc23)C1,4.0,Non-selective,-53.48317,-36.266006
CN(c1ccc(C(F)(F)F)cn1)[C@@H]1CCN(c2ncnc3[nH]ccc23)C1,1.0,Non-selective,-54.84978,-36.572407
CN(c1ccc(Cl)cc1CNc1nc(-c2cc(F)c(O)cc2CC(F)(F)F)cc(N)c1C(=N)C(N)=O)S(C)(=O)=O,3.9109589041095894,Non-selective,18.66793,-14.000977
CN(c1ccc(Cl)cc1CNc1nc(-c2cc(F)c(O)cc2CC(F)(F)F)cc2[nH]nc(C(N)=O)c12)S(C)(=O)=O,3.9109589041095894,Non-selective,21.03765,-22.383272
CN(c1ccc(Cl)cn1)[C@@H]1CCN(c2ncnc3[nH]ccc23)C1,1.0,Non-selective,-55.394997,-35.584045
CN(c1ccc(F)cc1)C1CCC(c2nnn3cnc4[nH]ccc4c23)CC1,2.1818181818181817,Non-selective,-17.61749,-56.343323
CN(c1ccc(O)cc1CNc1nc(-c2cc(F)c(O)cc2CC(F)(F)F)cc2[nH]nc(C(=O)Nc3ccc(NCCO)nc3)c12)S(C)(=O)=O,4.933333333333334,Non-selective,19.348936,-23.028835
CN(c1ccc(O)cc1CNc1nc(-c2cc(F)c(O)cc2CC(F)(F)F)nc(N)c1C(=N)C(=N)NC(=N)C1CCN(C(N)=O)CC1)S(C)(=O)=O,3.9024390243902443,Non-selective,20.256174,-16.071634
CN(c1ccc(O)cc1CNc1nc(-c2cc(F)c(O)cc2CC(F)(F)F)nc(N)c1C(=N)C(N)=O)S(C)(=O)=O,3.9687499999999996,Non-selective,18.700264,-14.545617
CN(c1ccc(O)cc1CNc1nc(-c2cc(F)c(O)cc2CC(F)(F)F)nc2[nH]nc(-c3nnc(C4CCN(C(N)=O)CC4)[nH]3)c12)S(C)(=O)=O,3.9024390243902443,Non-selective,20.426893,-16.545687
CN(c1ccc(O)cc1CNc1nc(-c2cc(F)c(O)cc2CC(F)(F)F)nc2[nH]nc(C(=O)Nc3ccc(NCCO)nc3)c12)S(C)(=O)=O,2.1809523809523808,Non-selective,19.449883,-19.332235
CN(c1ccc(O)cc1CNc1nc(-c2cc(F)c(O)cc2CC(F)(F)F)nc2[nH]nc(C(N)=O)c12)S(=O)(=O)c1ccccc1,4.032786885245901,Non-selective,16.660797,-17.681082
CN(c1ccc(O)cc1CNc1nc(-c2cc(F)c(O)cc2CC(F)(F)F)nc2[nH]nc(C(N)=O)c12)S(C)(=O)=O,3.9687499999999996,Non-selective,18.69202,-18.054106
CN(c1ccc(S(=O)(=O)C(F)(F)F)cc1)[C@@H]1CCN(c2ncnc3[nH]ccc23)C1,1.0,Non-selective,-56.245605,-37.27588
CN(c1ccc(S(=O)(=O)NC2CC2)cn1)[C@@H]1CCN(c2ncnc3[nH]ccc23)C1,1.0,Non-selective,-56.395317,-36.844494
CN(c1ccc(S(=O)(=O)NC2COC2)cn1)[C@@H]1CCN(c2ncnc3[nH]ccc23)C1,1.0,Non-selective,-56.722683,-36.719654
CN(c1ccc(S(=O)(=O)NC[C@@H]2CCCO2)cn1)[C@@H]1CCN(c2ncnc3[nH]ccc23)C1,1.0,Non-selective,-56.79455,-36.531948
CN(c1ccc(S(=O)(=O)NC[C@H]2CCCO2)cn1)[C@@H]1CCN(c2ncnc3[nH]ccc23)C1,1.0,Non-selective,-56.79455,-36.531948
CN(c1ccccc1CNc1nc(-c2cc(F)c(O)cc2C2CC2)cc2[nH]nc(C(N)=O)c12)S(C)(=O)=O,2.6792452830188678,Non-selective,11.716424,-18.052872
CN(c1ccccc1CNc1nc(-c2cc(F)c(O)cc2CC(F)(F)F)cc(N)c1C(=N)C(N)=O)S(=O)(=O)c1cccnc1,4.136986301369863,Non-selective,16.602427,-14.689321
CN(c1ccccc1CNc1nc(-c2cc(F)c(O)cc2CC(F)(F)F)cc(N)c1C=N)S(C)(=O)=O,3.5,Non-selective,17.140509,-13.809857
CN(c1ccccc1CNc1nc(-c2cc(F)c(O)cc2CC(F)(F)F)cc2[nH]nc(-n3cccn3)c12)S(C)(=O)=O,4.5592705167173255,Non-selective,14.699982,-19.214352
CN(c1ccccc1CNc1nc(-c2cc(F)c(O)cc2CC(F)(F)F)cc2[nH]nc(C(N)=O)c12)S(=O)(=O)CCCN1CCOCC1,4.228571428571429,Non-selective,13.330703,-22.249516
CN(c1ccccc1CNc1nc(-c2cc(F)c(O)cc2CC(F)(F)F)cc2[nH]nc(C(N)=O)c12)S(=O)(=O)c1ccc(N2CCOCC2)nc1,3.59656652360515,Non-selective,13.290898,-22.0585
CN(c1ccccc1CNc1nc(-c2cc(F)c(O)cc2CC(F)(F)F)cc2[nH]nc(C(N)=O)c12)S(=O)(=O)c1ccccc1,4.577889447236181,Non-selective,15.077196,-20.750196
CN(c1ccccc1CNc1nc(-c2cc(F)c(O)cc2CC(F)(F)F)cc2[nH]nc(C(N)=O)c12)S(=O)(=O)c1cccnc1,4.136986301369863,Non-selective,14.682803,-21.126368
CN(c1ccccc1CNc1nc(-c2cc(F)c(O)cc2CC(F)(F)F)cc2[nH]nc(C(N)=O)c12)S(C)(=O)=O,4.575757575757576,Non-selective,16.107624,-20.59869
CN(c1ccccc1CNc1nc(-c2cc(F)c(O)cc2CC(F)(F)F)cc2[nH]ncc12)S(C)(=O)=O,3.5,Non-selective,10.697601,-12.788741
CN(c1ccccc1CNc1nc(-c2cc(F)c(O)cc2CC(F)(F)F)nc(N)c1C(=N)C(N)=O)S(=O)(=O)c1ccccc1,2.4554455445544554,Non-selective,16.371033,-15.231792
CN(c1ccccc1CNc1nc(-c2cc(F)c(O)cc2CC(F)(F)F)nc2[nH]nc(-c3nnc(C4CCN(C(=O)CN5CCCC5)CC4)[nH]3)c12)S(C)(=O)=O,3.2321428571428568,Non-selective,20.663364,-16.859129
CN(c1ccccc1CNc1nc(-c2cc(F)c(O)cc2CC(F)(F)F)nc2[nH]nc(C(=N)NC(=N)C3CCN(C(=O)CN4CCCC4)CC3)c12)S(C)(=O)=O,3.2321428571428568,Non-selective,20.6677,-16.917618
CN(c1ccccc1CNc1nc(-c2cc(F)c(O)cc2CC(F)(F)F)nc2[nH]nc(C(N)=O)c12)S(=O)(=O)c1ccccc1,2.4554455445544554,Non-selective,16.685005,-17.691673
CN(c1ccccc1CNc1nc(-c2cc(F)c(O)cc2CC(F)(F)F)nc2[nH]nc(C(N)=O)c12)S(C)(=O)=O,3.7346938775510203,Non-selective,17.536678,-17.904835
CN(c1ccnc(C#N)c1)[C@@H]1CCN(c2ncnc3[nH]ccc23)C1,1.0,Non-selective,-54.69348,-34.694656
CN(c1ccnc(Cl)n1)[C@@H]1CCN(c2ncnc3[nH]ccc23)C1,2.34521,Non-selective,-55.266098,-35.526024
CN(c1ncc(Cl)cc1CNc1nc(-c2cc(F)c(O)cc2CC(F)(F)F)cc2[nH]nc(C(N)=O)c12)S(C)(=O)=O,3.013392857142857,Non-selective,20.946867,-22.210382
CN(c1ncccc1CNc1nc(-c2cc(F)c(O)cc2CC(F)(F)F)cc2[nH]nc(C(N)=O)c12)S(C)(=O)=O,4.9655172413793105,Non-selective,17.768497,-21.408787
CN(c1ncnc2[nH]ccc12)C1CCC(CS(=O)(=O)N2CCC(CO)CC2)CC1,3.9818181818181815,Non-selective,-13.650082,-24.945305
CN(c1ncnc2[nH]ccc12)C1CCC(CS(=O)(=O)N2CC[C@@H](O)C2)CC1,3.099315068493151,Non-selective,-14.255348,-24.7277
CN(c1ncnc2[nH]ccc12)[C@H]1CC[C@@H](CS(=O)(=O)N2CCC[C@H](C#N)C2)CC1,3.2222222222222228,Non-selective,-16.518877,-19.351181
CN(c1ncnc2[nH]ccc12)[C@H]1CC[C@H](CS(=O)(=O)N2CC(F)C2)CC1,1.6,Non-selective,-13.236955,-22.804367
CN(c1ncnc2[nH]ccc12)[C@H]1CC[C@H](CS(=O)(=O)N2CC(O)C2)CC1,3.2149532710280373,Non-selective,-12.988332,-23.671772
CN(c1ncnc2[nH]ccc12)[C@H]1CC[C@H](CS(=O)(=O)N2CC(S(=O)(=O)CC3CC3)C2)CC1,4.663551401869159,Non-selective,-13.118662,-22.806213
CN(c1ncnc2[nH]ccc12)[C@H]1CC[C@H](CS(=O)(=O)N2CC(S(=O)(=O)c3ccccc3)C2)CC1,3.0163934426229506,Non-selective,-10.661477,-20.188221
CN(c1ncnc2[nH]ccc12)[C@H]1CC[C@H](CS(=O)(=O)N2CC(c3cccnc3)C2)CC1,1.5682819383259914,Non-selective,-12.451971,-21.107128
CN(c1ncnc2[nH]ccc12)[C@H]1CC[C@H](CS(=O)(=O)N2CC(c3ncccn3)C2)CC1,1.378048780487805,Non-selective,-12.392059,-21.081837
CN(c1ncnc2[nH]ccc12)[C@H]1CC[C@H](CS(=O)(=O)N2CCC(C#N)CC2)CC1,4.054545454545455,Non-selective,-16.37901,-19.314217
CN(c1ncnc2[nH]ccc12)[C@H]1CC[C@H](CS(=O)(=O)N2CCC(C)(O)C2)CC1,4.710424710424711,Non-selective,-9.009213,-24.89008
CN(c1ncnc2[nH]ccc12)[C@H]1CC[C@H](CS(=O)(=O)N2CCC(CC(N)=O)CC2)CC1,4.218905472636815,Non-selective,-13.153374,-25.759678
CN(c1ncnc2[nH]ccc12)[C@H]1CC[C@H](CS(=O)(=O)N2CCC(Cc3ncccn3)CC2)CC1,2.9598662207357855,Non-selective,-12.233816,-20.68284
CN(c1ncnc2[nH]ccc12)[C@H]1CC[C@H](CS(=O)(=O)N2CCC(N)CC2)CC1,2.3049645390070923,Non-selective,-15.211618,-22.951757
CN(c1ncnc2[nH]ccc12)[C@H]1CC[C@H](CS(=O)(=O)N2CCC(O)(c3ccccc3)CC2)CC1,1.4751491053677932,Non-selective,-8.651492,-23.162403
CN(c1ncnc2[nH]ccc12)[C@H]1CC[C@H](CS(=O)(=O)N2CCC(O)CC2)CC1,3.725490196078432,Non-selective,-13.606947,-24.926697
CN(c1ncnc2[nH]ccc12)[C@H]1CC[C@H](CS(=O)(=O)N2CCC2)CC1,2.755244755244755,Non-selective,-16.51002,-23.699692
CN(c1ncnc2[nH]ccc12)[C@H]1CC[C@H](CS(=O)(=O)N2CCCC(C(=O)O)C2)CC1,3.619718309859155,Non-selective,-15.687834,-26.81543
CN(c1ncnc2[nH]ccc12)[C@H]1CC[C@H](CS(=O)(=O)N2CCCC(Cc3ccccn3)C2)CC1,2.9203539823008846,Non-selective,-12.104456,-20.147594
CN(c1ncnc2[nH]ccc12)[C@H]1CC[C@H](CS(=O)(=O)N2CCCC(F)C2)CC1,4.943396226415095,Non-selective,-15.879449,-24.83067
CN(c1ncnc2[nH]ccc12)[C@H]1CC[C@H](CS(=O)(=O)N2CCCC(O)(COc3cccc(F)c3)C2)CC1,3.162162162162162,Non-selective,-9.342889,-27.456644
CN(c1ncnc2[nH]ccc12)[C@H]1CC[C@H](CS(=O)(=O)N2CCCC3(CNC(=O)C3)C2)CC1,4.340277777777778,Non-selective,-8.348801,-25.289137
CN(c1ncnc2[nH]ccc12)[C@H]1CC[C@H](CS(=O)(=O)N2CCC[C@@H](OP(=O)(O)O)C2)CC1,4.03041825095057,Non-selective,-14.00094,-29.44848
CN(c1ncnc2[nH]ccc12)[C@H]1CC[C@H](CS(=O)(=O)N2CCC[C@H](C(N)=O)C2)CC1,3.1937984496124034,Non-selective,-15.6466875,-26.85375
CN(c1ncnc2[nH]ccc12)[C@H]1CC[C@H](CS(=O)(=O)N2CCC[C@H](CS(C)(=O)=O)C2)CC1,4.475728155339806,Non-selective,-16.493092,-24.893396
CN(c1ncnc2[nH]ccc12)[C@H]1CC[C@H](CS(=O)(=O)N2CCC[C@H](O)C2)CC1,4.104120150837465,Non-selective,-15.92758,-25.920301
CN(c1ncnc2[nH]ccc12)[C@H]1CC[C@H](CS(=O)(=O)N2CCN(Cc3ccccn3)CC2)CC1,3.6350364963503647,Non-selective,-11.955387,-19.755457
CN(c1ncnc2[nH]ccc12)[C@H]1CC[C@H](CS(=O)(=O)N2CCN(c3ccccn3)CC2)CC1,2.645314353499407,Non-selective,-11.784408,-20.63301
CN(c1ncnc2[nH]ccc12)[C@H]1CC[C@H](CS(=O)(=O)N2CCN(c3ncccc3C#N)CC2)CC1,1.4545454545454548,Non-selective,-15.462521,-18.985449
CN(c1ncnc2[nH]ccc12)[C@H]1CC[C@H](CS(=O)(=O)N2CCN(c3ncccc3C(=O)NC3CC3)CC2)CC1,4.144230769230769,Non-selective,-11.062733,-21.729012
CN(c1ncnc2[nH]ccc12)[C@H]1CC[C@H](CS(=O)(=O)N2CCS(=O)(=O)CC2)CC1,2.2989690721649487,Non-selective,-15.415727,-22.189108
CN(c1ncnc2[nH]ccc12)[C@H]1CC[C@H](CS(=O)(=O)N2CCSC2)CC1,3.352272727272727,Non-selective,-15.238499,-22.417198
CN(c1ncnc2[nH]ccc12)[C@H]1CC[C@H](CS(=O)(=O)N2CC[C@@H](CC#N)C2)CC1,4.738738738738739,Non-selective,-15.860307,-19.169912
CN(c1ncnc2[nH]ccc12)[C@H]1CC[C@H](CS(=O)(=O)N2CC[C@@H](CO)C2)CC1,2.7320261437908493,Non-selective,-14.3374405,-24.668074
CN(c1ncnc2[nH]ccc12)[C@H]1CC[C@H](CS(=O)(=O)N2CC[C@@H](F)C2)CC1,2.272108843537415,Non-selective,-14.189126,-23.154377
CN(c1ncnc2[nH]ccc12)[C@H]1CC[C@H](CS(=O)(=O)N2CC[C@@H](O)[C@@H](O)C2)CC1,4.57796852646638,Non-selective,-14.119717,-24.59726
CN(c1ncnc2[nH]ccc12)[C@H]1CC[C@H](CS(=O)(=O)N2CC[C@@H](O)[C@H](O)C2)CC1,2.7570093457943927,Non-selective,-14.119717,-24.59726
CN(c1ncnc2[nH]ccc12)[C@H]1CC[C@H](CS(=O)(=O)N2CC[C@H](COCc3cccnc3)C2)CC1,1.6632124352331605,Non-selective,-11.417773,-30.199627
CN(c1ncnc2[nH]ccc12)[C@H]1CC[C@H](CS(=O)(=O)N2CC[C@H](Cc3ccccc3)C2)CC1,3.6333333333333337,Non-selective,-11.037635,-19.801594
CN(c1ncnc2[nH]ccc12)[C@H]1CC[C@H](CS(=O)(=O)N2CC[C@H](Cc3cnccn3)C2)CC1,1.4371859296482414,Non-selective,-14.603712,-21.116821
CN(c1ncnc2[nH]ccc12)[C@H]1CC[C@H](CS(=O)(=O)N2CC[C@H](F)C2)CC1,1.7499999999999998,Non-selective,-14.1890955,-23.154434
CN(c1ncnc2[nH]ccc12)[C@H]1CC[C@H](CS(=O)(=O)N2CC[C@H](NC(=O)C(F)(F)F)C2)CC1,3.256544502617801,Non-selective,-14.435504,-25.95107
CN(c1ncnc2[nH]ccc12)[C@H]1CC[C@H](CS(=O)(=O)N2CC[C@H](O)C2)CC1,3.3609022556390977,Non-selective,-14.255348,-24.7277
CN(c1ncnc2[nH]ccc12)[C@H]1CC[C@H](CS(=O)(=O)N2CC[C@H](O)[C@H](O)C2)CC1,2.8260869565217392,Non-selective,-14.119717,-24.59726
CN(c1ncnc2[nH]ccc12)[C@H]1CC[C@H](CS(=O)(=O)N2CC[C@H](Oc3ccccc3C#N)C2)CC1,3.476968796433878,Non-selective,-15.217924,-18.821703
CN(c1ncnc2[nH]ccc12)[C@H]1CC[C@H](CS(=O)(=O)N2CC[C@H](S(=O)(=O)CCc3ccccc3)C2)CC1,3.48643006263048,Non-selective,-10.987747,-19.817463
CN(c1ncnc2[nH]ccc12)[C@H]1CC[C@H](CS(=O)(=O)N2CC[C@H](S(=O)(=O)Cc3ccccc3)C2)CC1,2.3705722070844684,Non-selective,-11.019124,-19.821287
CN(c1ncnc2[nH]ccc12)[C@H]1CC[C@H](CS(=O)(=O)N2CC[C@H](c3ccccn3)C2)CC1,2.448818897637795,Non-selective,-11.929057,-20.289818
CN(c1ncnc2[nH]ccc12)[C@H]1CC[C@H](CS(=O)(=O)N2CC[C@H](c3ncccn3)C2)CC1,1.7492354740061162,Non-selective,-12.237021,-20.562607
CN(c1ncnc2[nH]ccc12)[C@H]1CC[C@H](CS(=O)(=O)N2CC[C@](C)(O)C2)CC1,4.700239808153477,Non-selective,-9.009258,-24.890062
CN(c1ncnc2[nH]ccc12)[C@H]1CC[C@H](CS(=O)(=O)N2CC[C@](CO)(CCO)C2)CC1,3.6639999999999997,Non-selective,-9.244674,-24.98817
CN(c1ncnc2[nH]ccc12)[C@H]1CC[C@H](CS(=O)(=O)N2CC[C@](O)(c3ccccn3)C2)CC1,3.3773584905660377,Non-selective,-8.676867,-23.499517
CN(c1ncnc2[nH]ccc12)[C@H]1CC[C@H](CS(=O)(=O)N2C[C@@H](F)[C@H](F)C2)CC1,2.485507246376811,Non-selective,-13.242553,-22.829191
CN(c1ncnc2[nH]ccc12)[C@H]1CC[C@H](CS(=O)(=O)N2C[C@@H](O)[C@@H](O)C2)CC1,3.3888888888888884,Non-selective,-13.000563,-23.6309
CN(c1ncnc2[nH]ccc12)[C@H]1CC[C@H](CS(=O)(=O)N2C[C@@H](O)[C@H](C#N)C2)CC1,3.4953271028037385,Non-selective,-16.459085,-19.419767
CN(c1ncnc2[nH]ccc12)[C@H]1CC[C@H](CS(=O)(=O)N2C[C@@H](O)[C@H](c3ccccc3)C2)CC1,2.873563218390805,Non-selective,-10.521338,-20.26811
CN(c1ncnc2[nH]ccc12)[C@H]1CC[C@H](CS(=O)(=O)N2C[C@](C)(CO)[C@](C)(CO)C2)CC1,3.861111111111111,Non-selective,-9.911028,-24.638512
CN(c1ncnc2[nH]ccc12)[C@H]1CC[C@H](CS(=O)(=O)NC2CCC2)CC1,2.2444444444444445,Non-selective,-19.74429,-22.009405
CN1CC(CC#N)(n2cc(C(N)=O)c(Nc3ccccc3)n2)C1,4.136871508379889,Non-selective,18.545927,58.630337
CN1CC(c2nc3cnc4ccsc4c3n2[C@H]2CC[C@H](CC#N)CC2)C1,2.0,Non-selective,-65.02495,9.276899
CN1CCC(NC(=O)c2ccc(Nc3ncc4ccn(-c5cccc(NS(=O)(=O)C(C)(C)C)c5)c4n3)cc2F)CC1,4.956521739130435,Non-selective,-10.417987,5.058687
CN1CCC(NC(=O)c2ccc(Nc3oc(-c4c(F)cccc4F)nc3C(N)=O)cc2)CC1,1.6271186440677967,Non-selective,-5.066542,-2.7479913
CN1CCC(c2nnn3cnc4[nH]ccc4c23)CC1,2.6315789473684212,Non-selective,-27.189034,-41.914474
CN1CCCC1(c1ccc(Nc2nn([C@@H](CC#N)C3CC3)c3cc[nH]c(=O)c23)cc1)C(F)(F)F,2.507699791001855,Non-selective,-1.4369628,-41.98971
CN1CCN(C(c2ccc(Nc3nn([C@H]4COCC[C@@H]4C#N)c4cc[nH]c(=O)c34)cc2)C(F)(F)F)CC1,1.2990343062802732,Non-selective,29.06219,-65.31425
CN1CCN(CC(=O)Nc2cccc(-c3cnc4ccccc4n3)c2)CC1,1.0,Non-selective,-19.588022,6.8531365
CN1CCN(Cc2ccc(-c3cccc4nc(NC(=O)C5CC5)cn34)cc2)CC1,1.0,Non-selective,-10.719513,17.649763
CN1CCN(Cc2ccc(-c3cccc4nc(NC(=O)C5CC5)nn34)cc2)CC1,1.4704176334106729,Non-selective,-10.783937,17.41005
CN1CCN(S(=O)(=O)C[C@H]2CC[C@H](N(C)c3ncnc4[nH]ccc34)CC2)CC1,4.448979591836735,Non-selective,-15.453822,-22.071432
CN1CC[C@@H](OC(=O)Cn2cc(Nc3ncc4ccn(C[C@H]5CC[C@H](O)CC5)c4n3)cn2)C1,1.0,Non-selective,15.1838875,23.589233
CN1CN(C2CCCCC2)c2c(cnc3[nH]ccc23)C1=O,2.962962962962963,Non-selective,-36.368687,-15.533882
CN1CN([C@H]2CC[C@H](C(F)F)CC2)c2c(cnc3[nH]ccc23)C1=O,2.4,Non-selective,-36.236233,-15.020248
CN1CN([C@H]2CC[C@H](CF)CC2)c2c(cnc3[nH]ccc23)C1=O,2.6999999999999997,Non-selective,-36.651947,-13.935326
CN1CN([C@H]2CC[C@H](CN(C)S(C)(=O)=O)CC2)c2c(cnc3[nH]ccc23)C1=O,2.923076923076923,Non-selective,-35.12058,-13.407699
CN1CN([C@H]2CC[C@H](CN3CCCS3(=O)=O)CC2)c2c(cnc3[nH]ccc23)C1=O,1.631578947368421,Non-selective,-37.103092,-14.760233
CN1CN([C@H]2CC[C@H](CNC3(C(F)(F)F)CC3)CC2)c2c(cnc3[nH]ccc23)C1=O,3.75,Non-selective,-36.532883,-11.250421
CN1CN([C@H]2CC[C@H](CNCC(F)F)CC2)c2c(cnc3[nH]ccc23)C1=O,4.1,Non-selective,-37.11951,-12.956647
CN1CN([C@H]2CC[C@H](CNS(=O)(=O)CC(F)(F)F)CC2)c2c(cnc3[nH]ccc23)C1=O,4.285714285714286,Non-selective,-35.604687,-11.651802
CN1CN([C@H]2CC[C@H](CNS(C)(=O)=O)CC2)c2c(cnc3[nH]ccc23)C1=O,4.153846153846154,Non-selective,-35.387238,-13.483918
CN1CN([C@H]2CC[C@H](COCCC#N)CC2)c2c(cnc3[nH]ccc23)C1=O,2.235294117647059,Non-selective,-39.59818,-13.68559
CN1Cc2cc(Nc3nn(C4(CC#N)CCN(C(=O)OC(C)(C)C)CC4)c4cc[nH]c(=O)c34)ccc2S1(=O)=O,1.7272727272727273,Non-selective,45.806805,-37.87002
CN1Cc2cc(Nc3nn([C@@]4(CC#N)CCN(C(=O)OC(C)(C)C)C[C@H]4F)c4cc[nH]c(=O)c34)ccc2S1(=O)=O,1.4285714285714286,Non-selective,46.456093,-37.326744
CN1Cc2cc(Nc3nn([C@]4(CC#N)CC[C@@H](C(=O)OC(C)(C)C)OC4)c4cc[nH]c(=O)c34)ccc2S1(=O)=O,2.4,Non-selective,52.98219,-43.0407
CN1Cc2cc(Nc3nn([C@]4(CC#N)CC[C@@H](N5CC(F)C5)CC4)c4cc[nH]c(=O)c34)ccc2S1(=O)=O,2.25,Non-selective,47.942238,-42.558758
CN1Cc2ccc(Nc3nn([C@H]4CCCC[C@@H]4C#N)c4cc[nH]c(=O)c34)cc2C1,4.102564102564102,Non-selective,0.23316854,-76.42779
CN=S(=O)(C1CC1)N1CC(CC#N)(n2cc(-c3ncnc4[nH]ccc34)cn2)C1,1.0,Non-selective,-34.27981,30.331522
CN=S(C)(=O)N1CC(CC#N)(n2cc(-c3ncnc4[nH]ccc34)cn2)C1,1.0,Non-selective,-33.6367,29.923395
CNC(=O)C(=N)c1c(N)cc(-c2cc(F)c(O)cc2C2CC2)nc1NCc1ccccc1N(C)S(C)(=O)=O,3.94,Non-selective,13.508277,-12.057365
CNC(=O)C(=N)c1c(N)cc(-c2cc(F)c(O)cc2CC(F)(F)F)nc1NCc1c(F)cccc1N(C)S(C)(=O)=O,4.35,Non-selective,17.460213,-14.0393715
CNC(=O)C(=N)c1c(N)cc(-c2cc(F)c(O)cc2CC(F)(F)F)nc1NCc1cc(C)ccc1N(C)S(C)(=O)=O,4.241379310344827,Non-selective,18.195702,-14.073821
CNC(=O)C(=N)c1c(N)cc(-c2cc(F)c(O)cc2CC(F)(F)F)nc1NCc1cccnc1N(C)S(C)(=O)=O,3.412371134020619,Non-selective,17.479929,-14.463285
CNC(=O)C(=N)c1c(N)cc(-c2cc(F)c(O)cc2CC(F)(F)F)nc1NCc1nccnc1N(C)S(=O)(=O)c1ccccc1,3.302325581395349,Non-selective,16.650826,-14.715588
CNC(=O)C1CC(CC#N)(n2ccc(-c3nc(-c4cc[nH]n4)cc4ncccc34)n2)C1,1.2481326671150828,Non-selective,5.871737,78.72219
CNC(=O)C1CCN(S(=O)(=O)C[C@H]2CC[C@H](N(C)c3ncnc4[nH]ccc34)CC2)CC1,2.040909090909091,Non-selective,-13.080713,-26.00561
CNC(=O)CC1(n2cc(-c3ncnc4[nH]ccc34)cn2)CN(S(C)(=O)=O)C1,1.0,Non-selective,-31.397343,28.353498
CNC(=O)Cc1nc2cnc3[nH]ccc3c2n1[C@H]1CC[C@H](CC#N)CC1,1.9047619047619047,Non-selective,-45.77404,9.038634
CNC(=O)c1cc(Nc2nccc(N3C[C@H]4CC[C@@H](C3)N4C(=O)[C@@H]3CC3(F)F)n2)cc(C)n1,1.9523809523809523,Non-selective,2.9840558,5.1871896
CNC(=O)c1cc(Nc2nccc(N3C[C@H]4CC[C@@H](C3)N4C(=O)[C@@H]3CC3(F)F)n2)cc(CO)n1,1.3880597014925373,Non-selective,2.9301305,5.605816
CNC(=O)c1ccc(Nc2ncc3c(n2)CCN(c2cc(NC(=O)c4cc(C(F)(F)F)ccn4)ccc2Cl)C3)cc1,1.875,Non-selective,-7.924138,2.0388718
CNC(=O)c1ccc(Nc2nccc(N3C[C@H]4CC[C@@H](C3)N4CC3CC3(F)F)n2)cc1C,2.327751196172249,Non-selective,2.5094998,3.56813
CNC(=O)c1ccc(Nc2nn([C@H]3CCCC[C@H]3C#N)cc2C(N)=O)cc1,2.7228915662650603,Non-selective,54.579716,7.4063687
CNC(=O)c1ccnc(-c2cnc3[nH]ccc3c2N[C@@H]2CCCN(C(=O)CC#N)C2)c1,1.0,Non-selective,-42.911243,-27.524298
CNC(=O)c1cnc(-c2cnc3[nH]ccc3c2N[C@@H]2CCCN(C(=O)CC#N)C2)s1,1.0,Non-selective,-41.34187,-26.444859
CNC(=O)c1coc(-c2cnc3[nH]ccc3c2N[C@@H]2CC[C@H](C)N(C(=O)CC#N)C2)n1,1.0,Non-selective,-39.506104,-24.119724
CNC(=O)c1coc(-c2cnc3[nH]ccc3c2N[C@@H]2C[C@H](C)CN(C(=O)CC#N)C2)n1,1.0,Non-selective,-39.99613,-23.934961
CNC(=O)c1coc(-c2cnc3[nH]ccc3c2N[C@H]2C[C@@H](C)CN(C(=O)CC#N)C2)n1,1.0,Non-selective,-39.99613,-23.934961
CNC(=O)c1n[nH]c2cc(-c3cc(F)c(O)cc3C3CC3)nc(NCc3ccccc3N(C)S(C)(=O)=O)c12,3.94,Non-selective,11.606386,-18.216408
CNC(=O)c1n[nH]c2cc(-c3cc(F)c(O)cc3C3CC3)nc(NCc3cccnc3N(C)S(C)(=O)=O)c12,2.3205128205128207,Non-selective,11.79143,-18.432167
CNC(=O)c1n[nH]c2cc(-c3cc(F)c(O)cc3CC(F)(F)F)nc(NCC(C)C)c12,3.6507936507936507,Non-selective,10.819944,-20.962994
CNC(=O)c1n[nH]c2cc(-c3cc(F)c(O)cc3CC(F)(F)F)nc(NCC3CCCC3)c12,2.8594594594594596,Non-selective,10.478405,-20.816
CNC(=O)c1n[nH]c2cc(-c3cc(F)c(O)cc3CC(F)(F)F)nc(NCc3c(F)cccc3N(C)S(C)(=O)=O)c12,4.35,Non-selective,16.259203,-22.78753
CNC(=O)c1n[nH]c2cc(-c3cc(F)c(O)cc3CC(F)(F)F)nc(NCc3cc(C)ccc3N(C)S(C)(=O)=O)c12,4.241379310344827,Non-selective,18.593567,-23.521187
CNC(=O)c1n[nH]c2cc(-c3cc(F)c(O)cc3CC(F)(F)F)nc(NCc3cc(C)cnc3N(C)S(C)(=O)=O)c12,2.9570552147239266,Non-selective,18.742731,-23.781837
CNC(=O)c1n[nH]c2cc(-c3cc(F)c(O)cc3CC(F)(F)F)nc(NCc3cc(Cl)ccc3N(C)S(C)(=O)=O)c12,4.044117647058823,Non-selective,20.67224,-23.084509
CNC(=O)c1n[nH]c2cc(-c3cc(F)c(O)cc3CC(F)(F)F)nc(NCc3cc(F)ccc3N(C)S(C)(=O)=O)c12,4.8809523809523805,Non-selective,18.768932,-23.411154
CNC(=O)c1n[nH]c2cc(-c3cc(F)c(O)cc3CC(F)(F)F)nc(NCc3ccc(O)cc3N(C)S(C)(=O)=O)c12,4.385964912280701,Non-selective,18.421513,-23.312075
CNC(=O)c1n[nH]c2cc(-c3cc(F)c(O)cc3CC(F)(F)F)nc(NCc3ccccc3CS(N)(=O)=O)c12,3.3636363636363638,Non-selective,15.761174,-22.273113
CNC(=O)c1n[nH]c2cc(-c3cc(F)c(O)cc3CC(F)(F)F)nc(NCc3ccccc3N(C)S(=O)(=O)CCOC)c12,4.424242424242425,Non-selective,14.550304,-23.590107
CNC(=O)c1n[nH]c2cc(-c3cc(F)c(O)cc3CC(F)(F)F)nc(NCc3ccccc3N(C)S(=O)(=O)N(C)C)c12,4.42654028436019,Non-selective,15.425832,-22.937689
CNC(=O)c1n[nH]c2cc(-c3cc(F)c(O)cc3CC(F)(F)F)nc(NCc3ccccc3N(C)S(=O)(=O)N3CCOC3)c12,4.673469387755103,Non-selective,13.540205,-22.503286
CNC(=O)c1n[nH]c2cc(-c3cc(F)c(O)cc3CC(F)(F)F)nc(NCc3ccccc3N(C)S(=O)(=O)NCCO)c12,4.673469387755103,Non-selective,15.631982,-23.163218
CNC(=O)c1n[nH]c2cc(-c3cc(F)c(O)cc3CC(F)(F)F)nc(NCc3ccccc3N(C)S(=O)(=O)c3ccc(C)nc3)c12,3.932098765432099,Non-selective,15.097741,-24.186003
CNC(=O)c1n[nH]c2cc(-c3cc(F)c(O)cc3CC(F)(F)F)nc(NCc3ccccc3N(C)S(=O)(=O)c3cccc(O)c3)c12,4.586092715231788,Non-selective,15.062523,-23.175785
CNC(=O)c1n[nH]c2cc(-c3cc(F)c(O)cc3CC(F)(F)F)nc(NCc3ccccc3N(C)S(=O)(=O)c3cn(C)cn3)c12,4.433962264150944,Non-selective,14.628936,-22.944075
CNC(=O)c1n[nH]c2cc(-c3cc(F)c(O)cc3CC(F)(F)F)nc(NCc3ccccc3N(C)S(C)(=O)=O)c12,4.611111111111112,Non-selective,15.893857,-22.78748
CNC(=O)c1n[nH]c2cc(-c3cc(F)c(O)cc3CC(F)(F)F)nc(NCc3cccnc3N(C)S(C)(=O)=O)c12,3.412371134020619,Non-selective,17.098831,-23.441244
CNC(=O)c1n[nH]c2cc(-c3cc(F)c(O)cc3CC(F)(F)F)nc(NCc3cnccc3N(C)S(C)(=O)=O)c12,2.781065088757397,Non-selective,17.837616,-23.582527
CNC(=O)c1n[nH]c2cc(-c3cc(F)c(O)cc3CC(F)(F)F)nc(NCc3nccnc3N(C)S(=O)(=O)c3ccccc3)c12,3.302325581395349,Non-selective,15.397695,-23.954166
CNC(=O)c1n[nH]c2nc(-c3cc(F)c(O)cc3CC(F)(F)F)nc(NCc3ccccc3N(C)S(=O)(=O)NC)c12,3.7898089171974525,Non-selective,17.322931,-18.879501
CNC(=O)c1n[nH]c2nc(-c3cc(F)c(O)cc3CC(F)(F)F)nc(NCc3ccccc3N(C)S(N)(=O)=O)c12,4.875,Non-selective,17.366823,-18.778643
CNC(=O)c1n[nH]c2nc(-c3cc(F)c(O)cc3CC(F)(F)F)nc(NCc3ccccc3N(CCO)S(C)(=O)=O)c12,3.7126436781609193,Non-selective,17.383991,-18.885046
CNC(=O)c1ncc(Nc2ncc(F)c(N3C[C@@H]4[C@H](C)[C@]4(NC(=O)C4CC4)C3)n2)cc1C,1.545986177565125,Non-selective,-3.3145487,6.548476
CNC(=O)c1ncc(Nc2ncc(F)c(N3C[C@H]4[C@@H](C)[C@@]4(NC(=O)C4CC4)C3)n2)cc1C,4.407253886010363,Non-selective,-3.3145926,6.5484753
CNC(=O)c1ncc(Nc2nccc(N3C[C@H]4CC[C@@H](C3)N4C(=O)C3CC3(F)F)n2)cc1F,4.701553113069085,Non-selective,2.3929758,5.8752995
CNC(=O)c1ncc(Nc2nccc(N3C[C@H]4CC[C@@H](C3)N4C(=O)C3CC3)n2)cc1C,2.2373887240356085,Non-selective,3.5604768,4.2502613
CNC(=O)c1ncc(Nc2nccc(N3C[C@H]4CC[C@@H](C3)N4C(=O)C3CC3)n2)cc1Cl,1.8391003460207613,Non-selective,3.9821687,5.514454
CNC(=O)c1ncc(Nc2nccc(N3C[C@H]4CC[C@@H](C3)N4C(=O)NCC#N)n2)cc1C,4.470588235294118,Non-selective,4.6004066,3.7560294
CNC(=O)c1ncc(Nc2nccc(N3C[C@H]4CC[C@@H](C3)N4C(=O)[C@@H]3CC3(F)F)n2)cc1C,1.8709677419354838,Non-selective,2.9534318,4.7221527
CNC(=O)c1ncc(Nc2nccc(N3C[C@H]4CC[C@@H](C3)N4C(=O)[C@@H]3CC3(F)F)n2)cc1Cl,2.146198830409357,Non-selective,3.194538,5.8101745
CNC(=O)c1ncc(Nc2nccc(N3C[C@H]4CC[C@@H](C3)N4C(=O)[C@@H]3C[C@H]3F)n2)cc1C,2.1739130434782608,Non-selective,3.3177483,4.3285108
CNC(=O)c1ncc(Nc2nccc(N3C[C@H]4CC[C@@H](C3)N4C(=O)[C@H]3C[C@@H]3F)n2)cc1C,1.7978947368421052,Non-selective,3.3177483,4.3285108
CNC(=O)c1ncc(Nc2nccc(N3C[C@H]4CC[C@@H](C3)N4CC3(C)COC3)n2)cc1C,1.5263157894736843,Non-selective,3.316444,3.7663028
CNC(=O)c1ncc(Nc2nccc(N3C[C@H]4CC[C@@H](C3)N4CC3CC3(F)F)n2)cc1C,2.211764705882353,Non-selective,2.9556322,4.304266
CNC(=O)c1ncc(Nc2nccc(N3C[C@H]4CC[C@@H](C3)N4Cc3ccno3)n2)cc1C,1.6592920353982301,Non-selective,3.170916,3.9813354
CNC(=O)c1ncc(Nc2nccc(N3C[C@H]4CC[C@@H](C3)N4[C@H]3C[C@@H](C#N)C3)n2)cc1C,1.3584720861900097,Non-selective,4.8335204,3.9003232
CNC(=O)c1ncc(Nc2nccc(N3C[C@H]4CC[C@@H](C3)N4[C@H]3C[C@H](C#N)C3)n2)cc1C,1.4193548387096775,Non-selective,4.8336716,3.9003599
CNC(=S)Nc1cccc(-c2cnc3ccccc3n2)c1,1.9607843137254901,Non-selective,-21.138346,6.4447117
CNC(C)c1nc2cnc3ccsc3c2n1[C@H]1CC[C@H](CC#N)OC1,2.0,Non-selective,-69.011475,11.115679
CNCCCNC(=O)c1ccc(Nc2oc(-c3c(F)cccc3F)nc2C(N)=O)cc1,1.7789473684210526,Non-selective,-5.785553,-2.3805711
CNCCNC(=O)Cc1ccc(Nc2ncc3ccn(-c4cccc(NS(=O)(=O)C(C)(C)C)c4)c3n2)cc1,3.56,Non-selective,-11.56349,4.014474
CNCCNC(=O)c1ccc(Nc2oc(-c3c(F)cccc3F)nc2C(N)=O)cc1,1.6994535519125684,Non-selective,-5.7886977,-2.3851686
CNS(=O)(=O)C[C@H]1CC[C@H](N(C)c2[nH]cnc3nccc2-3)CC1,1.8363064008394545,Non-selective,-22.626461,-12.103788
CNS(=O)(=O)C[C@H]1CC[C@H](N(C)c2c(C#N)cnc3sccc23)CC1,1.0,Non-selective,-23.256617,-11.326034
CNS(=O)(=O)C[C@H]1CC[C@H](N(C)c2cc(Cl)nc(N)n2)CC1,1.0,Non-selective,-22.156803,-11.990744
CNS(=O)(=O)C[C@H]1CC[C@H](N(C)c2ccnc(N)n2)CC1,1.0,Non-selective,-22.331722,-12.048632
CNS(=O)(=O)C[C@H]1CC[C@H](N(C)c2nc(N)ncc2-c2ccccc2)CC1,1.0,Non-selective,-21.704376,-11.867382
CNS(=O)(=O)C[C@H]1CC[C@H](N(C)c2nc(N)ncc2Br)CC1,1.0,Non-selective,-22.06551,-12.1142235
CNS(=O)(=O)C[C@H]1CC[C@H](N(C)c2ncnc3[nH]c(-c4ccccc4)nc23)CC1,1.0,Non-selective,-21.51387,-12.360839
CNS(=O)(=O)C[C@H]1CC[C@H](N(C)c2ncnc3[nH]c(Cc4ccccc4)nc23)CC1,1.0,Non-selective,-21.436167,-12.439686
CNS(=O)(=O)C[C@H]1CC[C@H](N(C)c2ncnc3[nH]cnc23)CC1,3.240549828178694,Non-selective,-21.87193,-12.61411
CNS(=O)(=O)C[C@H]1CC[C@H](N(C)c2ncnc3[nH]ncc23)CC1,1.0,Non-selective,-21.85958,-12.717708
CNS(=O)(=O)C[C@H]1CC[C@H](N(C)c2ncnc3sccc23)CC1,1.0,Non-selective,-21.89335,-12.576494
CNS(=O)(=O)C[C@H]1CC[C@H](Nc2c(C#N)cnc3sccc23)CC1,1.0,Non-selective,-23.355745,-10.427047
CNS(=O)(=O)C[C@H]1CC[C@H](Nc2ccnc(N)n2)CC1,1.0,Non-selective,-22.02787,-10.4453335
CNS(=O)(=O)C[C@H]1CC[C@H](Nc2nc(N)ncc2-c2ccccc2)CC1,1.0,Non-selective,-22.013996,-10.190856
CNS(=O)(=O)C[C@H]1CC[C@H](Nc2nc(N)ncc2C)CC1,1.0,Non-selective,-22.048128,-10.305547
CNS(=O)(=O)C[C@H]1CC[C@H](Nc2ncnc3sccc23)CC1,1.0,Non-selective,-22.298218,-10.5399275
CNS(=O)(=O)C[C@H]1CC[C@H](Nc2ncnn3cccc23)CC1,1.0,Non-selective,-22.303183,-10.046928
CNS(=O)(=O)C[C@H]1CC[C@H](Oc2c(C#N)cnc3sccc23)CC1,1.0,Non-selective,-23.382298,-10.438988
CNS(=O)(=O)C[C@H]1CC[C@H](Oc2ncnc3sccc23)CC1,1.0,Non-selective,-22.782385,-10.516325
CNS(=O)(=O)C[C@H]1CC[C@H](Oc2ncnn3cccc23)CC1,1.0,Non-selective,-22.59192,-9.996449
CNS(=O)(=O)N(C)[C@@H]1CCN(c2ncnc3[nH]ccc23)C1,1.2142857142857142,Non-selective,-55.79623,-36.177002
CNS(=O)(=O)c1ccc(Nc2nn(C3(CC#N)CCCC3)c3cc[nH]c(=O)c23)cc1,3.92,Non-selective,30.451616,-40.857925
CNS(=O)(=O)c1ccc(Nc2nn([C@@H](CC#N)C3CC3)c3cc[nH]c(=O)c23)cc1,2.923076923076923,Non-selective,-0.8127357,-48.471745
CNS(=O)(=O)c1ccc(Nc2nn([C@]3(CC#N)CC[C@@H](C(=O)OC(C)(C)C)OC3)c3cc[nH]c(=O)c23)cc1,4.5,Non-selective,62.105076,-43.899464
CNS(=O)(=O)c1ccc(Nc2oc(-c3c(F)cccc3F)nc2C(N)=O)cc1,1.6615853658536588,Non-selective,-6.6235623,-3.0487823
CN[C@@H]1CC2OC([C@@H]1OC)n1c3ccccc3c3c4c(c5c6ccccc6n2c5c31)C(=O)NC4,2.399172780960561,Non-selective,-21.240309,-4.7533836
CN[C@@H]1C[C@H]2O[C@@](C)([C@@H]1OC)n1c3ccccc3c3c4c(c5c6ccccc6n2c5c31)C(=O)NC4,1.0,Non-selective,-21.230757,-4.726656
CN[C@H]1CC[C@H](C#N)[C@@H](n2cc(C(N)=O)c(Nc3ccc(F)cc3)n2)C1,3.658536585365854,Non-selective,49.050934,-9.869012
CN[C@H]1CC[C@H](c2nnn3cnc4[nH]ccc4c23)CC1,3.793103448275862,Non-selective,-26.579971,-43.161144
CNc1cc(-c2cc3ncccc3c(-c3ccn(C4(CC#N)CC(C#N)C4)n3)n2)nn1C,4.178706842795605,Non-selective,11.421976,79.97783
COC(=O)C1CC[C@H](C#N)C(n2cc(C(N)=O)c(Nc3ccccc3)n2)C1,3.5460992907801416,Non-selective,51.766747,0.49953786
COC(=O)Cn1c(=O)c2cc(OC)c(OC)cc2c2cnc3[nH]ccc3c21,1.7813765182186234,Non-selective,-29.001713,-19.53142
COC(=O)N1CCC(CC#N)(n2cc(C(N)=O)c(Nc3ccccc3)n2)CC1,4.7,Non-selective,24.005537,51.42169
COC(=O)N1CCC(CC#N)(n2nc(Nc3ccc(C(C)(O)C(F)(F)F)cc3)c3c(=O)[nH]ccc32)CC1,2.462532113930091,Non-selective,39.581024,-35.293125
COC(=O)N1CCC(CC#N)(n2nc(Nc3ccc(S(=O)(=O)C(C)(C)C)cc3)c3c(=O)[nH]ccc32)CC1,1.4000000000000001,Non-selective,32.890316,-33.59235
COC(=O)N1CCC(CC#N)(n2nc(Nc3ccc(S(=O)(=O)C(C)C)cc3)c3c(=O)[nH]ccc32)CC1,1.9166666666666667,Non-selective,30.788984,-32.781826
COC(=O)N1CCC(CC#N)(n2nc(Nc3ccc4c(c3)CCC4(O)C(F)(F)F)c3c(=O)[nH]ccc32)CC1,2.7748874511791537,Non-selective,40.179874,-36.02382
COC(=O)N1CCC(CC#N)(n2nc(Nc3ccc4c(c3)CN(C(C)(C)C)S4(=O)=O)c3c(=O)[nH]ccc32)CC1,1.875,Non-selective,46.35802,-39.21241
COC(=O)N1CCC(CC#N)(n2nc(Nc3ccc4c(c3)CN(CC(C)C)S4(=O)=O)c3c(=O)[nH]ccc32)CC1,2.9166666666666665,Non-selective,46.534637,-39.44332
COC(=O)N1CCC(CC#N)(n2nc(Nc3ccc4c(c3)CN(CC3CC3)S4(=O)=O)c3c(=O)[nH]ccc32)CC1,4.500000000000001,Non-selective,46.830357,-39.527233
COC(=O)N1CCC(CC#N)(n2nc(Nc3ccc4c(c3)CN(CC3CCCC3)S4(=O)=O)c3c(=O)[nH]ccc32)CC1,3.0833333333333335,Non-selective,46.852066,-39.583782
COC(=O)N1CCC(n2nc(Nc3ccc(S(=O)(=O)N(C)C)cc3)c3c(=O)[nH]ccc32)C(CC#N)C1,2.0,Non-selective,15.970863,-60.145832
COC(=O)N1CCCC1(c1ccc(Nc2nn([C@@H](CC#N)C3CC3)c3cc[nH]c(=O)c23)cc1)C(F)(F)F,1.0303591517904525,Non-selective,-2.2073612,-41.877644
COC(=O)NC1CN(S(=O)(=O)C[C@H]2CC[C@H](N(C)c3ncnc4[nH]ccc34)CC2)C1,2.9454545454545453,Non-selective,-13.423697,-27.505276
COC(=O)[C@@H](C(C)C)n1c(=O)c2cc(OC)c(OC)cc2c2cnc3[nH]ccc3c21,1.0806174957118353,Non-selective,-28.95107,-19.793058
COC(=O)[C@H](C(C)C)n1c(=O)c2cc(OC)c(OC)cc2c2cnc3[nH]ccc3c21,1.3755656108597285,Non-selective,-28.95107,-19.793058
COC(=O)[C@H]1CC[C@](CC#N)(n2nc(Nc3ccc(S(C)(=O)=O)cc3)c3c(=O)[nH]ccc32)CO1,4.767932489451477,Non-selective,62.965755,-44.80118
COC(=O)c1cc(F)ccc1NC(=O)N1CCC(N2CC(CC#N)(n3cc(-c4ncnc5[nH]ccc45)cn3)C2)CC1,1.0,Non-selective,-30.981987,48.31921
COC(=O)c1ccc(NC(=O)N2CCC(N3CC(CC#N)(n4cc(-c5ncnc6[nH]ccc56)cn4)C3)CC2)c(F)c1,2.738609573940012,Non-selective,-30.905855,48.297314
COC(=O)c1ccc(Nc2nn([C@H]3CCCC[C@@H]3C#N)cc2C(N)=O)cn1,4.333333333333333,Non-selective,57.696217,7.973745
COC(=O)c1ccccc1NC(=O)N1CCC(N2CC(CC#N)(n3cc(-c4ncnc5[nH]ccc45)cn3)C2)CC1,1.0,Non-selective,-31.99268,45.725063
COC(=O)c1ncc(Nc2nn([C@H]3CCCC[C@@H]3C#N)cc2C(N)=O)cc1C,2.8333333333333335,Non-selective,58.23294,7.219729
COC(C)(C)c1ccc(Nc2nn([C@@H]3COCC[C@H]3C#N)cc2C(N)=O)cc1,4.0,Non-selective,66.57836,19.087006
COC(C)(C)c1ccc(Nc2nn([C@H]3CC[C@@H](O)C[C@@H]3C#N)cc2C(N)=O)cc1,4.444444444444445,Non-selective,65.3999,-10.848297
COC(C)(c1ccc(Nc2nn([C@@H](CC#N)C3CC3)c3cc[nH]c(=O)c23)cc1)C(F)(F)F,2.8636363636363638,Non-selective,-1.6410195,-40.44423
COC(C)(c1ccc(Nc2nn([C@H]3CCCC[C@@H]3C#N)c3cc[nH]c(=O)c23)cc1)C(F)(F)F,2.6875,Non-selective,11.565074,-78.77317
COC(C)(c1ccc(Nc2nn([C@H]3COCC[C@@H]3C#N)c3cc[nH]c(=O)c23)cc1)C(F)(F)F,2.25,Non-selective,28.365536,-64.18598
COC(C)(c1ccc(Nc2nn([C@]3(CC#N)CC[C@@H](C(=O)OC(C)(C)C)OC3)c3cc[nH]c(=O)c23)cc1)C(F)(F)F,1.5199999999999998,Non-selective,59.122406,-41.961002
COC(c1ccc(Nc2nn([C@@]3(CC#N)CCN(C(=O)OC(C)(C)C)C[C@H]3F)c3cc[nH]c(=O)c23)cc1)C(F)(F)F,1.888888888888889,Non-selective,40.378143,-30.765533
COC1CC(CC#N)(n2cc(-c3cc(-c4c[nH]nc4CO)cc4nccn34)cn2)C1,1.0,Non-selective,-15.745176,81.48977
COC1CC(CC#N)(n2cc(-c3cc(-c4c[nH]nc4N)cc4ncccc34)cn2)C1,2.362248995983936,Non-selective,-15.384316,84.795
COC1CC(CC#N)(n2cc(-c3cc(-c4cnn(C)c4)cc4nccn34)cn2)C1,1.8646280067126608,Non-selective,-15.630259,81.32125
COC1CC(CC#N)(n2cc(-c3nc(-c4cc(CO)n[nH]4)cc4ncccc34)cn2)C1,3.615517743433089,Non-selective,-14.469117,85.45149
COC1CC(CC#N)(n2ccc(-c3nc(-c4c[nH]nc4N)cc4ncccc34)n2)C1,3.0425612437989056,Non-selective,6.422749,80.7922
COC1CC(CC#N)(n2ccc(-c3nc(-c4cc(CO)n[nH]4)cc4ncccc34)n2)C1,3.4671995939601574,Non-selective,6.363872,80.646545
COC1CC(CC#N)(n2ccc(-c3nc(-c4cc(N)[nH]n4)cc4ncccc34)n2)C1,1.632026145933383,Non-selective,6.4006553,80.8364
COC1CC(CC#N)(n2ccc(-c3nc(-c4ccc(=O)[nH]c4)cc4ncccc34)n2)C1,1.7236503856041132,Non-selective,6.3785963,80.82461
COC1CC(CC#N)(n2ccc(-c3nc(-c4ccn[nH]4)cc4ncccc34)n2)C1,1.4475262311109058,Non-selective,6.4142356,80.80135
COC1CC(CC#N)(n2ccc(-c3nc(-c4cn[nH]c4)cc4ncccc34)n2)C1,1.2759760161771028,Non-selective,6.6828246,80.86242
COC1CC(CC#N)(n2ncc(-c3cc(-c4cc[nH]n4)cc4ncccc34)n2)C1,2.665611275099905,Non-selective,-1.8683943,45.85346
COC1CCCC(C(=O)N2CCC(N3CC(CC#N)(n4cc(-c5ncnc6[nH]ccc56)cn4)C3)CC2)C1,1.0,Non-selective,-40.603374,45.681076
COC1CCN(C(=O)Cc2nc3cnc4[nH]ccc4c3n2[C@H]2CC[C@H](CC#N)CC2)CC1,3.875,Non-selective,-44.073547,2.0969813
COC1CCN(S(=O)(=O)C[C@H]2CC[C@H](N(C)c3ncnc4[nH]ccc34)CC2)CC1,4.841628959276018,Non-selective,-12.320416,-29.383602
COC1CN(S(=O)(=O)c2ccc(Nc3nn([C@@H](CC#N)C4CC4)c4cc[nH]c(=O)c34)cc2)C1,1.1612903225806452,Non-selective,-1.0457891,-47.63711
COCC(C)(C)CN1Cc2cc(Nc3nn([C@H]4CCCCC[C@@H]4C#N)c4cc[nH]c(=O)c34)ccc2S1(=O)=O,4.117647058823529,Non-selective,-6.7339807,-78.68016
COCC(C)(C)N1Cc2cc(Nc3nn([C@H]4CCCC[C@@H]4C#N)c4cc[nH]c(=O)c34)ccc2S1(=O)=O,3.877551020408163,Non-selective,-6.7124357,-78.69655
COCC(C)(O)c1cc(Nc2nn([C@H]3CCCC[C@@H]3C#N)c3cc[nH]c(=O)c23)ccc1S(C)(=O)=O,1.4,Non-selective,9.376529,-65.50622
COCC(C)OC(=O)N1CCC(CC#N)(n2nc(Nc3ccc(S(=O)(=O)N(C)C)cc3)c3c(=O)[nH]ccc32)CC1,2.259259259259259,Non-selective,29.776888,-32.83883
COCC1(NC[C@H]2CC[C@H](c3nnn4cnc5[nH]ccc5c34)CC2)CC1,4.166666666666667,Non-selective,-25.206715,-51.820248
COCCC(C)(C)N1Cc2cc(Nc3nn([C@H]4CCCC[C@@H]4C#N)c4cc[nH]c(=O)c34)ccc2S1(=O)=O,2.2388059701492535,Non-selective,-6.783987,-78.73365
COCCCOC(=O)N1CC[C@H](n2cc(C(N)=O)c(Nc3ccc(F)cc3)n2)[C@H](C#N)C1,2.0577716643741404,Non-selective,33.94915,0.6608616
COCCN1CN([C@H]2CC[C@H](CNCC(F)(F)F)CC2)c2c(cnc3[nH]ccc23)C1=O,3.2,Non-selective,-36.157623,-9.75434
COCCNS(=O)(=O)c1ccc(Nc2nn(C3(CC#N)CCN(C(=O)OC(C)(C)C)CC3)c3cc[nH]c(=O)c23)cc1,2.266666666666667,Non-selective,36.363327,-32.104637
COCCNS(=O)(=O)c1ccc(Nc2nn([C@H]3CCCC[C@@H]3C#N)c3cc[nH]c(=O)c23)cc1,4.647058823529412,Non-selective,12.99057,-65.13896
COCCNS(=O)(=O)c1ccc(Nc2nn([C@H]3CCCC[C@@H]3C#N)cc2C(N)=O)cc1,4.0,Non-selective,49.975502,15.993289
COCCOC(=O)N1CCC(n2nc(Nc3ccc(S(=O)(=O)N(C)C)cc3)c3c(=O)[nH]ccc32)C(CC#N)C1,3.7407407407407405,Non-selective,15.977886,-60.085705
COCCOC(=O)N1CC[C@H](n2cc(C(N)=O)c(Nc3ccc(F)cc3)n2)[C@H](C#N)C1,2.827977315689981,Non-selective,33.937366,0.657218
COCCOC1CCCN(S(=O)(=O)C[C@H]2CC[C@H](N(C)c3ncnc4[nH]ccc34)CC2)C1,3.2399999999999998,Non-selective,-13.255458,-29.877205
COCCOc1cc(N[C@@H]2CCCN(C(=O)CC#N)C2)nc(-c2cnn3ccccc23)n1,2.0,Non-selective,-4.463424,30.580011
COCN1CN([C@H]2CC[C@H](CN(C)CC(F)(F)F)CC2)c2c(cnc3[nH]ccc23)C1=O,2.03125,Non-selective,-35.406666,-10.153357
COCN1CN([C@H]2CC[C@H](CNCC(F)(F)F)CC2)c2c(cnc3[nH]ccc23)C1=O,2.6315789473684212,Non-selective,-36.243607,-9.857734
COCN1CN([C@H]2CC[C@H](CNCC(F)F)CC2)c2c(cnc3[nH]ccc23)C1=O,1.0,Non-selective,-37.270077,-12.704378
COC[C@H]1CC[C@H](c2nnn3cnc4[nH]ccc4c23)CC1,3.131313131313131,Non-selective,-24.48351,-50.296425
CO[C@@H](c1ccc(Nc2nn(C3(CC#N)CCN(C(=O)OC(C)(C)C)CC3)c3cc[nH]c(=O)c23)cc1)C(F)(F)F,2.0103092783505154,Non-selective,40.4888,-31.986656
CO[C@@H](c1ccc(Nc2nn([C@]3(CC#N)CC[C@@H](C(=O)OC(C)(C)C)OC3)c3cc[nH]c(=O)c23)cc1)C(F)(F)F,2.710526315789474,Non-selective,59.91327,-41.5607
CO[C@@H]1CCN(C(=O)c2ccc(Nc3nn([C@]4(CC#N)CCCOC4)c4cc[nH]c(=O)c34)cc2C)C1,3.022222222222222,Non-selective,46.25802,-53.581463
CO[C@@H]1CCN(S(=O)(=O)C[C@H]2CC[C@H](N(C)c3ncnc4[nH]ccc34)CC2)C1,3.5126050420168062,Non-selective,-12.490827,-29.68627
CO[C@H](c1ccc(Nc2nn(C3(CC#N)CCN(C(=O)OC(C)(C)C)CC3)c3cc[nH]c(=O)c23)cc1)C(F)(F)F,1.7657657657657655,Non-selective,40.488754,-31.98916
CO[C@H](c1ccc(Nc2nn([C@]3(CC#N)CC[C@@H](C(=O)OC(C)(C)C)OC3)c3cc[nH]c(=O)c23)cc1)C(F)(F)F,2.1951219512195124,Non-selective,59.91327,-41.5607
CO[C@H]1CCN(C(=O)c2ccc(Nc3nn([C@]4(CC#N)CCCOC4)c4cc[nH]c(=O)c34)cc2C)C1,2.0,Non-selective,46.25809,-53.581562
CO[C@H]1CC[C@@H](n2c(=O)n(C)c3cnc(Nc4cn5ncnc5cc4C)nc32)CC1,1.0,Non-selective,-15.981075,-5.4707932
CO[C@H]1CC[C@H](c2nnn3cnc4[nH]ccc4c23)CC1,3.6363636363636362,Non-selective,-26.923494,-42.87873
CO[C@H]1CC[C@H](n2c(=O)n(C)c3cnc(Nc4cn5ncnc5cc4C)nc32)CC1,1.0,Non-selective,-15.981075,-5.4707932
CO[C@H]1C[C@@](CC#N)(n2cc(-c3nc(-c4cc(CO)[nH]n4)cn4nccc34)cn2)C1,4.309941520467836,Non-selective,-14.231419,79.829834
CO[C@H]1C[C@](CC#N)(n2cc(-c3nc(-c4cc(N)[nH]n4)cn4nccc34)cn2)C1,2.4507042253521125,Non-selective,-14.201438,79.90016
CO[C@H]1C[C@](CC#N)(n2cc(-c3nc(-c4cc(NC(C)=O)[nH]n4)cn4nccc34)cn2)C1,4.061440677966102,Non-selective,-14.552179,79.65107
COc1c(Br)cc(C(=O)N2CCC(N3CC(CC#N)(n4cc(-c5ncnc6[nH]ccc56)cn4)C3)CC2)cc1Br,1.0,Non-selective,-43.184895,48.306786
COc1c(C(=O)N2CCC(N3CC(CC#N)(n4cc(-c5ncnc6[nH]ccc56)cn4)C3)CC2)csc1Cl,1.7320433824018149,Non-selective,-42.754147,47.906013
COc1c(F)c(F)cc(C(=O)N2CCC(N3CC(CC#N)(n4cc(-c5ncnc6[nH]ccc56)cn4)C3)CC2)c1F,1.7320433824018149,Non-selective,-44.62717,49.74578
COc1cc(-c2cc(N[C@@H]3CCCN(C(=O)CO)C3)nc(-c3cnn4ccccc34)n2)ccn1,1.5,Non-selective,-1.6933651,32.338917
COc1cc(C(=O)N2CCC(N3CC(CC#N)(n4cc(-c5ncnc6[nH]ccc56)cn4)C3)CC2)cc(Cl)n1,1.0,Non-selective,-43.146126,48.173946
COc1cc(C(=O)N2CCC(N3CC(CC#N)(n4cc(-c5ncnc6[nH]ccc56)cn4)C3)CC2)ccc1F,2.0,Non-selective,-44.487423,49.48249
COc1cc(C(F)(F)F)sc1C(=O)N1CCC(N2CC(CC#N)(n3cc(-c4ncnc5[nH]ccc45)cn3)C2)CC1,1.2247429070164564,Non-selective,-49.89412,52.947876
COc1cc(F)cc(C(=O)N2CCC(N3CC(CC#N)(n4cc(-c5ncnc6[nH]ccc56)cn4)C3)CC2)c1,1.0,Non-selective,-44.497044,49.62757
COc1cc(F)ccc1C(=O)N1CCC(N2CC(CC#N)(n3cc(-c4ncnc5[nH]ccc45)cn3)C2)CC1,1.0,Non-selective,-44.756783,49.975628
COc1cc(N[C@@H]2CCCN(C(=O)CC#N)C2)nc(-c2cnn3ccccc23)n1,1.0,Non-selective,-4.44812,30.62384
COc1cc(OC)cc(C(=O)N2CCC(N3CC(CC#N)(n4cc(-c5ncnc6[nH]ccc56)cn4)C3)CC2)c1,1.0954446660644168,Non-selective,-43.254803,48.3329
COc1cc2c(=O)n(C(C(=O)NCC(F)(F)F)C(C)C)c3c4cc[nH]c4ncc3c2cc1OC,3.642384105960265,Non-selective,-28.189798,-19.72092
COc1cc2c(=O)n(C3CCCCC3)c3c4cc[nH]c4ncc3c2cc1OC,3.9532710280373835,Non-selective,-30.340155,-19.062023
COc1cc2c(=O)n(C3CCCNC3)c3c4cc[nH]c4ncc3c2cc1OC,1.6875,Non-selective,-30.269772,-19.104408
COc1cc2c(=O)n(C3CCN(C)CC3)c3c4cc[nH]c4ncc3c2cc1OC,1.0107816711590296,Non-selective,-30.29221,-19.146685
COc1cc2c(=O)n(C3CCNCC3)c3c4cc[nH]c4ncc3c2cc1OC,1.2782608695652173,Non-selective,-30.150581,-19.152147
COc1cc2c(=O)n(CCCN(C)C)c3c4cc[nH]c4ncc3c2cc1OC,1.3095890410958904,Non-selective,-29.177671,-18.933094
COc1cc2c(=O)n([C@@H](C(=O)N3CC(C#N)C3)C(C)C)c3c4cc[nH]c4ncc3c2cc1OC,1.900974025974026,Non-selective,-29.242643,-20.429987
COc1cc2c(=O)n([C@@H](C(=O)NCC(F)(F)F)C(C)C)c3c4cc[nH]c4ncc3c2cc1OC,1.38,Non-selective,-28.189796,-19.7209
COc1cc2c(=O)n([C@@H]3CCCN(C(=O)CC#N)C3)c3c4cc[nH]c4ncc3c2cc1OC,3.058823529411765,Non-selective,-37.59964,-28.036009
COc1cc2c(=O)n([C@@H]3CCNC3)c3c4cc[nH]c4ncc3c2cc1OC,3.5754716981132075,Non-selective,-30.144623,-19.157555
COc1cc2ncnc(N(C)[C@@H]3CCN(c4ncnc5[nH]ccc45)C3)c2cc1OC,1.0,Non-selective,-55.777042,-34.863678
COc1ccc(-c2cc3ncccc3c(-c3ccn(C4(CC#N)CN(CC(F)(F)F)C4)n3)n2)cn1,3.0099778270509976,Non-selective,-3.0153663,87.19291
COc1ccc(-c2cccc3nc(NC(=O)C4CC4)cn23)cc1,1.6666666666666667,Non-selective,-13.42474,19.19346
COc1ccc(-c2nc(-c3cnn4ccccc34)nc(N[C@@H]3CCCN(C(=O)CO)C3)c2F)cn1,3.5,Non-selective,0.77826715,30.618229
COc1ccc(C(=O)N2CCC(N3CC(CC#N)(n4cc(-c5ncnc6[nH]ccc56)cn4)C3)CC2)cc1C#N,1.7320433824018149,Non-selective,-43.395023,48.453896
COc1ccc(C(=O)N2CCC(N3CC(CC#N)(n4cc(-c5ncnc6[nH]ccc56)cn4)C3)CC2)cc1F,2.738609573940012,Non-selective,-44.490345,49.502075
COc1ccc(CN2CCC(N3CC(CC#N)(n4cc(-c5ncnc6[nH]ccc56)cn4)C3)CC2)c(Cl)c1OC,1.0,Non-selective,-45.068222,32.84127
COc1ccc(F)c(C(=O)N2CCC(N3CC(CC#N)(n4cc(-c5ncnc6[nH]ccc56)cn4)C3)CC2)c1,1.7320554904608998,Non-selective,-44.62291,49.6475
COc1ccc(F)cc1C(=O)N1CCC(N2CC(CC#N)(n3cc(-c4ncnc5[nH]ccc45)cn3)C2)CC1,1.0,Non-selective,-44.735233,49.959175
COc1ccc(NC(=O)Nc2cccc(-c3cnc4ccccc4n3)c2)cc1,1.0,Non-selective,-21.922094,6.8953266
COc1ccc(OC)c(NC(=O)N2CCC(N3CC(CC#N)(n4cc(-c5ncnc6[nH]ccc56)cn4)C3)CC2)c1,2.738609573940012,Non-selective,-31.735594,45.519585
COc1ccc(S(=O)(=O)N2CCC(CC#N)(n3cc(C(N)=O)c(Nc4ccccc4)n3)CC2)cc1,3.75,Non-selective,15.9807625,51.27607
COc1ccc2nc(Cl)c(CN3CCC(N4CC(CC#N)(n5cc(-c6ncnc7[nH]ccc67)cn5)C4)CC3)cc2c1,2.738609573940012,Non-selective,-45.131653,32.877228
COc1cccc(C(=O)N2CCC(N3CC(CC#N)(n4cc(-c5ncnc6[nH]ccc56)cn4)C3)CC2)c1,1.25,Non-selective,-43.4,48.4237
COc1cccc(F)c1C(=O)N1CCC(N2CC(CC#N)(n3cc(-c4ncnc5[nH]ccc45)cn3)C2)CC1,1.0,Non-selective,-44.535057,49.942944
COc1cccc(F)c1CN1CCC(N2CC(CC#N)(n3cc(-c4ncnc5[nH]ccc45)cn3)C2)CC1,1.0,Non-selective,-44.0832,32.89672
COc1cccc(N2CCN(S(=O)(=O)c3ccc(Nc4nn([C@H]5CCCC[C@@H]5C#N)cc4C(N)=O)cc3)CC2)c1,2.6666666666666665,Non-selective,49.69496,16.47134
COc1cccc(NC(=O)N2CCC(N3CC(CC#N)(n4cc(-c5ncnc6[nH]ccc56)cn4)C3)CC2)c1,2.738609573940012,Non-selective,-31.706888,45.477505
COc1cccc(S(=O)(=O)N2CCC(CC#N)(n3cc(C(N)=O)c(Nc4ccccc4)n3)CC2)c1,4.285714285714286,Non-selective,15.937518,51.261375
COc1ccccc1CS(=O)(=O)[C@H]1CCN(S(=O)(=O)C[C@H]2CC[C@H](N(C)c3ncnc4[nH]ccc34)CC2)C1,3.932584269662921,Non-selective,-11.659017,-29.908943
COc1ccccc1NC(=O)N1CCC(N2CC(CC#N)(n3cc(-c4ncnc5[nH]ccc45)cn3)C2)CC1,2.738609573940012,Non-selective,-31.86949,45.622643
COc1ccccc1NC(=O)N1CCC(N2CC(CC#N)(n3ccc(-c4ncnc5[nH]ccc45)c3)C2)CC1,1.0,Non-selective,-54.029613,42.65393
COc1ccsc1C(=O)N1CCC(N2CC(CC#N)(n3cc(-c4ncnc5[nH]ccc45)cn3)C2)CC1,1.0,Non-selective,-42.736122,47.86226
COc1cscc1C(=O)N1CCC(N2CC(CC#N)(n3cc(-c4ncnc5[nH]ccc45)cn3)C2)CC1,2.0,Non-selective,-42.90348,48.05032
COc1nc(-c2cc(-c3cnn(C4(CC#N)CC(C#N)C4)c3)n3ccnc3c2)ccc1N,1.808022922636103,Non-selective,-15.783206,82.20563
COc1nc(-c2cc(-c3cnn(C4(CC#N)CC(C#N)C4)n3)c3cccnc3c2)ccc1N,2.2502754673965977,Non-selective,3.548193,47.79521
COc1nc(-c2cc(-c3cnn(C4(CC#N)CC(C#N)C4)n3)c3cccnc3c2)cnc1N,1.1855873642645607,Non-selective,3.5287418,47.78913
COc1nc(-c2cc3ncccc3c(-c3ccn(C4(CC#N)CC(C#N)C4)n3)n2)ccc1N,1.5869565217391304,Non-selective,10.280983,80.65894
COc1nc(CN2CCC(N3CC(CC#N)(n4cc(-c5ncnc6[nH]ccc56)cn4)C3)CC2)ccc1C#N,1.0,Non-selective,-45.055416,32.881737
COc1nc(N(C)[C@@H]2CCN(c3ncnc4[nH]ccc34)C2)ccc1C#N,1.0,Non-selective,-54.94344,-34.449013
COc1ncc(-c2cc(-c3cnn(C4(CC#N)CN(S(C)(=O)=O)C4)n3)c3cccnc3c2)cn1,1.0,Non-selective,-8.1502,50.53957
COc1ncc(-c2cc3ncc(C(N)=O)c(N[C@@H]4CCN(c5ccc(C#N)nn5)CC4(C)C)n3n2)cn1,3.1381733021077287,Non-selective,36.859886,15.050656
COc1ncc(-c2cc3ncccc3c(-c3ccn(C4(CC#N)CN(CC(F)(F)F)C4)n3)n2)cn1,1.0,Non-selective,-2.996692,87.12297
COc1ncc(-c2cc3ncccc3c(-c3ccn(C4(CC#N)CN(S(C)(=O)=O)C4)n3)n2)cn1,1.0,Non-selective,-1.8418815,62.143726
COc1ncccc1-c1cc2ncccc2c(-c2ccn(C3(CC#N)CN(S(C)(=O)=O)C3)n2)n1,1.0,Non-selective,-2.0512643,61.862972
COc1ncccc1NC(=O)N1CCC(N2CC(CC#N)(n3cc(-c4ccnc5[nH]ccc45)cn3)C2)CC1,1.0,Non-selective,-24.454569,56.220116
COc1ncccc1NC(=O)N1CCC(N2CC(CC#N)(n3cc(-c4ncnc5[nH]ccc45)cn3)C2)CC1,2.738609573940012,Non-selective,-31.98793,45.591526
COc1ncccc1NC(=O)N1CCC(N2CC(CC#N)(n3ccc(-c4ncnc5[nH]ccc45)c3)C2)CC1,2.738609573940012,Non-selective,-54.04311,42.617893
COc1nnc(C2CCN(c3ccc(Nc4nccc(-c5ccc(C(=O)NCC#N)cc5)n4)cc3)CC2)o1,1.1764705882352942,Non-selective,16.865702,3.4007409
CS(=N)(=O)N1CC(CC#N)(n2cc(-c3ncnc4[nH]ccc34)cn2)C1,1.0,Non-selective,-33.676826,29.937368
CS(=N)(=O)c1ccc(Nc2nn(C3CCCC[C@@H]3C#N)c3cc[nH]c(=O)c23)cc1,3.1655539647045576,Non-selective,14.08134,-64.77411
CS(=O)(=O)C1CN(Cc2c(F)cc(-c3cccc4nc(NC(=O)C5CC5)nn34)cc2F)C1,1.4285714285714286,Non-selective,-12.674506,15.722458
CS(=O)(=O)C1CN(Cc2c(F)cc(-c3cccn4nc(NC(=O)C5CC5)nc34)cc2F)C1,1.0,Non-selective,-12.620856,15.278483
CS(=O)(=O)C1CN(Cc2ccc(-c3cccc4nc(N)nn34)cc2)C1,1.4285714285714286,Non-selective,-11.1535,14.820642
CS(=O)(=O)C1CN(Cc2ccc(-c3cccc4nc(NC(=O)C5CC5)nn34)cc2)C1,3.849852883053006,Non-selective,-11.428921,16.146666
CS(=O)(=O)C1CN(Cc2ccc(-c3cccc4nc(NC(=O)C5CC5)nn34)cc2F)C1,1.4285714285714286,Non-selective,-12.666431,15.814899
CS(=O)(=O)C1CN(Cc2ccc(-c3cccn4nc(N)nc34)cc2)C1,1.4285714285714286,Non-selective,-11.405665,14.151509
CS(=O)(=O)C1CN(Cc2ccc(-c3cccn4nc(NC(=O)C5CC5)nc34)cc2)C1,1.4285714285714286,Non-selective,-11.710815,15.292163
CS(=O)(=O)C1CN(Cc2ccc(-c3cccn4nc(NC(=O)C5CC5)nc34)cc2F)C1,1.4285714285714286,Non-selective,-12.600031,15.337456
CS(=O)(=O)C[C@H]1CC[C@H](c2nnn3cnc4[nH]ccc4c23)CC1,4.153846153846154,Non-selective,-23.213745,-50.48641
CS(=O)(=O)N(CCO)c1ccccc1CNc1nc(-c2cc(F)c(O)cc2CC(F)(F)F)nc2[nH]nc(C(N)=O)c12,3.933333333333333,Non-selective,17.459303,-17.787346
CS(=O)(=O)N1CC(C#N)(Nc2ccnc(-c3c[nH]c4ncccc34)n2)C1,1.0,Non-selective,-29.53823,20.720861
CS(=O)(=O)N1CC(C#N)(Nc2ccnc(-c3ncnc4[nH]ccc34)n2)C1,1.0,Non-selective,-31.451939,21.595217
CS(=O)(=O)N1CC(CC#N)(n2cc(-c3c(C#N)cnc4[nH]ccc34)cn2)C1,2.4705882352941173,Non-selective,-25.284885,28.358198
CS(=O)(=O)N1CC(CC#N)(n2cc(-c3cc(-c4cc[nH]n4)cc4ncccc34)cn2)C1,2.369047619047619,Non-selective,-8.537974,54.272354
CS(=O)(=O)N1CC(CC#N)(n2cc(-c3cc(-c4ccc(=O)[nH]c4)cc4ncccc34)nn2)C1,2.9918573090345095,Non-selective,-7.9512553,53.432907
CS(=O)(=O)N1CC(CC#N)(n2cc(-c3cc(-c4cn[nH]c4)cc4ncccc34)cn2)C1,2.9085714285714284,Non-selective,-8.558235,54.245785
CS(=O)(=O)N1CC(CC#N)(n2cc(-c3ccnc4[nH]ccc34)cn2)C1,1.6829268292682926,Non-selective,-24.588646,27.008486
CS(=O)(=O)N1CC(CC#N)(n2cc(C(N)=O)c(Nc3ccccc3)n2)C1,4.632911392405063,Non-selective,17.28022,54.71728
CS(=O)(=O)N1CC(CC#N)(n2ccc(-c3cc(-c4cc[nH]n4)cc4ncccc34)n2)C1,2.8391783567134268,Non-selective,-7.275439,54.032455
CS(=O)(=O)N1CC(CC#N)(n2ccc(-c3cc(-c4ccc(=O)[nH]c4)cc4ncccc34)n2)C1,1.8577001671930151,Non-selective,-7.433987,53.959538
CS(=O)(=O)N1CC(CC#N)(n2ccc(-c3cc(-c4cn[nH]c4)cc4ncccc34)n2)C1,2.732107157137145,Non-selective,-7.4193025,54.03635
CS(=O)(=O)N1CC(CC#N)(n2ccc(-c3nc(-c4c[nH]c5cccnc45)cc4ncccc34)n2)C1,1.795654516071108,Non-selective,-3.5879107,61.945988
CS(=O)(=O)N1CC(CC#N)(n2ccc(-c3nc(-c4c[nH]c5nccc-5c4)cc4ncccc34)n2)C1,1.9672897196261683,Non-selective,-3.156367,62.980057
CS(=O)(=O)N1CC(CC#N)(n2ccc(-c3nc(-c4c[nH]c5ncccc45)cc4ncccc34)n2)C1,1.0344827586206897,Non-selective,-3.7374685,61.750244
CS(=O)(=O)N1CC(CC#N)(n2ccc(-c3nc(-c4c[nH]nc4N)cc4ncccc34)n2)C1,2.630434782608696,Non-selective,-3.052917,61.8836
CS(=O)(=O)N1CC(CC#N)(n2ccc(-c3nc(-c4cc(F)ccc4O)cc4ncccc34)n2)C1,1.0,Non-selective,-7.076889,63.631004
CS(=O)(=O)N1CC(CC#N)(n2ccc(-c3nc(-c4cc(O)cc(F)c4)cc4ncccc34)n2)C1,1.0,Non-selective,-6.9320846,63.67799
CS(=O)(=O)N1CC(CC#N)(n2ccc(-c3nc(-c4ccc(=O)[nH]c4)cc4ncccc34)n2)C1,1.6793893129770991,Non-selective,-3.083084,63.01432
CS(=O)(=O)N1CC(CC#N)(n2ccc(-c3nc(-c4ccc(N)nc4)cc4ncccc34)n2)C1,1.93348623853211,Non-selective,-3.339914,64.7566
CS(=O)(=O)N1CC(CC#N)(n2ccc(-c3nc(-c4ccc(N)nc4N)cc4ncccc34)n2)C1,2.4878048780487805,Non-selective,-4.3859663,63.415474
CS(=O)(=O)N1CC(CC#N)(n2ccc(-c3nc(-c4ccc(O)c(F)c4)cc4ncccc34)n2)C1,1.6414141414141414,Non-selective,-6.8254175,63.706154
CS(=O)(=O)N1CC(CC#N)(n2ccc(-c3nc(-c4ccc(O)cc4)cc4ncccc34)n2)C1,1.1560975609756097,Non-selective,-4.854249,64.32826
CS(=O)(=O)N1CC(CC#N)(n2ccc(-c3nc(-c4ccc(S(N)(=O)=O)nc4)cc4ncccc34)n2)C1,4.484988452655889,Non-selective,-3.18027,64.64954
CS(=O)(=O)N1CC(CC#N)(n2ccc(-c3nc(-c4ccc5nccn5c4)cc4ncccc34)n2)C1,1.4432234432234432,Non-selective,-3.273882,65.7078
CS(=O)(=O)N1CC(CC#N)(n2ccc(-c3nc(-c4ccccc4CO)cc4ncccc34)n2)C1,1.0,Non-selective,-5.601438,63.60086
CS(=O)(=O)N1CC(CC#N)(n2ccc(-c3nc(-c4ccccc4F)cc4ncccc34)n2)C1,1.0,Non-selective,-6.499233,63.401363
CS(=O)(=O)N1CC(CC#N)(n2ccc(-c3nc(-c4ccn[nH]4)cc4ncccc34)n2)C1,2.1939655172413794,Non-selective,-3.5030127,62.648582
CS(=O)(=O)N1CC(CC#N)(n2ccc(-c3nc(-c4cn[nH]c4)cc4ncccc34)n2)C1,1.5292792792792793,Non-selective,-2.2066486,62.425087
CS(=O)(=O)N1CC(CC#N)(n2ccc(-c3nc(-c4cnc(N)c(N)c4)cc4ncccc34)n2)C1,2.451645064805583,Non-selective,-3.2739687,64.69928
CS(=O)(=O)N1CC(CC#N)(n2ccc(-c3nc(-c4cnc(N)nc4)cc4ncccc34)n2)C1,1.1144544745347154,Non-selective,-3.3343916,64.64811
CS(=O)(=O)N1CC(CC#N)(n2ccc(-c3nc(-c4cnc5c(c4)NCCN5)cc4ncccc34)n2)C1,3.593984962406015,Non-selective,-2.4930387,63.804943
CS(=O)(=O)N1CC(CC#N)(n2ccc(-c3nc(-c4cnc5nccn5c4)cc4ncccc34)n2)C1,1.0593220338983051,Non-selective,-2.9043202,65.72215
CS(=O)(=O)N1CC(CC#N)(n2ccc(-c3nc(-c4cncc(N)c4)cc4ncccc34)n2)C1,3.3176400476758046,Non-selective,-2.9205267,64.7478
CS(=O)(=O)N1CC(CC#N)(n2ccc(-c3nc(-c4cncnc4)cc4ncccc34)n2)C1,1.0,Non-selective,-2.9435084,64.7287
CS(=O)(=O)N1CC(CC#N)(n2ccc(-c3nc(-c4cnco4)cc4ncccc34)n2)C1,1.8412520961430967,Non-selective,-2.126492,64.57989
CS(=O)(=O)N1CC(CC#N)(n2ccc(-c3nc(-c4cnn(C(CO)CCl)c4)cc4ncccc34)n2)C1,3.6825396825396823,Non-selective,-2.4942322,66.888016
CS(=O)(=O)N1CC(CC#N)(n2ccc(-c3nc(-c4cnn(C(F)(F)F)c4)cc4ncccc34)n2)C1,2.1752701080432173,Non-selective,-3.2891743,67.04015
CS(=O)(=O)N1CC(CC#N)(n2ccc(-c3nc(-c4cnn5ccccc45)cc4ncccc34)n2)C1,1.0978260869565217,Non-selective,-5.272666,62.45662
CS(=O)(=O)N1CC(CC#N)(n2ccc(-c3nc(-c4cnn5cccnc45)cc4ncccc34)n2)C1,1.3386460230722526,Non-selective,-5.056797,62.69903
CS(=O)(=O)N1CC(CC#N)(n2cnc(-c3cc(-c4ccc(=O)[nH]c4)cc4ncccc34)n2)C1,1.397233477714126,Non-selective,-7.78071,53.402405
CS(=O)(=O)N1CC(CC#N)(n2cnc(-c3cc(-c4ccn[nH]4)cc4ncccc34)n2)C1,1.0558330884513665,Non-selective,-7.77479,53.451584
CS(=O)(=O)N1CC(CC#N)(n2cnc(-c3cc(-c4cn[nH]c4)cc4ncccc34)n2)C1,2.614294710327456,Non-selective,-7.7931447,53.531097
CS(=O)(=O)N1CC(CC#N)(n2ncc(-c3cc(-c4c[nH]c(=O)[nH]c4=O)cc4ncccc34)n2)C1,1.6212710765239948,Non-selective,-8.284199,51.080387
CS(=O)(=O)N1CC(CC#N)(n2ncc(-c3cc(-c4c[nH]c5nccc-5c4)cc4ncccc34)n2)C1,1.8086453246518357,Non-selective,-8.460394,50.975277
CS(=O)(=O)N1CC(CC#N)(n2ncc(-c3cc(-c4cc(O)cc(F)c4)cc4ncccc34)n2)C1,1.549186676994578,Non-selective,-9.868217,49.605606
CS(=O)(=O)N1CC(CC#N)(n2ncc(-c3cc(-c4cc[nH]n4)cc4ncccc34)n2)C1,2.485355648535565,Non-selective,-7.8959756,50.941387
CS(=O)(=O)N1CC(CC#N)(n2ncc(-c3cc(-c4ccc(=O)[nH]c4)cc4ncccc34)n2)C1,2.6547861507128308,Non-selective,-8.482563,50.934612
CS(=O)(=O)N1CC(CC#N)(n2ncc(-c3cc(-c4ccc(F)c(CO)c4)cc4ncccc34)n2)C1,4.902489626556017,Non-selective,-9.949213,49.482582
CS(=O)(=O)N1CC(CC#N)(n2ncc(-c3cc(-c4ccc(F)cc4O)cc4ncccc34)n2)C1,1.0,Non-selective,-10.031402,49.48265
CS(=O)(=O)N1CC(CC#N)(n2ncc(-c3cc(-c4ccc(N)nc4)cc4ncccc34)n2)C1,3.550359712230216,Non-selective,-9.191972,50.47782
CS(=O)(=O)N1CC(CC#N)(n2ncc(-c3cc(-c4ccc(O)c(F)c4)cc4ncccc34)n2)C1,1.0560271646859083,Non-selective,-9.951059,49.517887
CS(=O)(=O)N1CC(CC#N)(n2ncc(-c3cc(-c4ccc(O)cc4)cc4ncccc34)n2)C1,1.9835796387520526,Non-selective,-9.046571,50.124405
CS(=O)(=O)N1CC(CC#N)(n2ncc(-c3cc(-c4ccc5c(c4)C(=O)NC5)cc4ncccc34)n2)C1,3.727171077152441,Non-selective,-8.678167,50.821526
CS(=O)(=O)N1CC(CC#N)(n2ncc(-c3cc(-c4cccc(C(N)=O)c4)cc4ncccc34)n2)C1,3.458745874587459,Non-selective,-8.79386,49.356255
CS(=O)(=O)N1CC(CC#N)(n2ncc(-c3cc(-c4cccc(CO)c4)cc4ncccc34)n2)C1,3.5723214285714286,Non-selective,-8.909721,49.910694
CS(=O)(=O)N1CC(CC#N)(n2ncc(-c3cc(-c4cccc(CO)c4F)cc4ncccc34)n2)C1,1.7815784785319793,Non-selective,-9.830052,49.525387
CS(=O)(=O)N1CC(CC#N)(n2ncc(-c3cc(-c4cccc(O)c4)cc4ncccc34)n2)C1,2.867482161060143,Non-selective,-8.993552,49.971348
CS(=O)(=O)N1CC(CC#N)(n2ncc(-c3cc(-c4ccccc4O)cc4ncccc34)n2)C1,1.0,Non-selective,-9.079025,49.975597
CS(=O)(=O)N1CC(CC#N)(n2ncc(-c3cc(-c4cn[nH]c4)cc4ncccc34)n2)C1,2.9410256410256412,Non-selective,-8.100442,50.846493
CS(=O)(=O)N1CC(CC#N)(n2ncc(-c3cc(-c4cnc(N)nc4)cc4ncccc34)n2)C1,1.0,Non-selective,-9.109236,50.506565
CS(=O)(=O)N1CC(CC#N)(n2ncc(-c3cc(-c4cncnc4)cc4ncccc34)n2)C1,1.0,Non-selective,-8.948269,50.622547
CS(=O)(=O)N1CC(CC#N)(n2ncc(-c3nc(-c4cc[nH]n4)cc4ncccc34)n2)C1,1.988888888888889,Non-selective,-7.1245027,53.91562
CS(=O)(=O)N1CC(CC(=O)NCC(F)(F)F)(n2cc(-c3ccnc4[nH]ccc34)cn2)C1,1.75,Non-selective,-26.359507,23.472322
CS(=O)(=O)N1CC(CC(=O)NCC(F)(F)F)(n2cc(-c3ncnc4[nH]ccc34)cn2)C1,1.0,Non-selective,-30.78841,27.88504
CS(=O)(=O)N1CC(CC(N)=O)(n2cc(-c3ncnc4[nH]ccc34)cn2)C1,1.0,Non-selective,-31.406464,28.358501
CS(=O)(=O)N1CC(Nc2ccnc(-c3c[nH]c4ncccc34)n2)(C(=O)NCC(F)(F)F)C1,1.0,Non-selective,-27.265566,20.876823
CS(=O)(=O)N1CC(Nc2nc(-c3c[nH]c4ncccc34)ncc2F)(C(=O)NCC(F)(F)F)C1,1.0,Non-selective,-26.886127,20.879782
CS(=O)(=O)N1CCC(CC#N)(n2cc(-c3c[nH]c4ncccc34)cn2)CC1,1.75,Non-selective,-24.423307,25.832947
CS(=O)(=O)N1CCC(CC(=O)NCC(F)(F)F)(n2cc(-c3c[nH]c4ncccc34)cn2)CC1,1.0,Non-selective,-26.452116,22.736023
CS(=O)(=O)N1CCC(CC(=O)NCC(F)(F)F)(n2cc(-c3ccnc4[nH]ccc34)cn2)CC1,1.4285714285714286,Non-selective,-26.359653,23.29572
CS(=O)(=O)N1CCC(CC(=O)NCC(F)(F)F)(n2cc(-c3ncnc4[nH]ccc34)cn2)CC1,1.4285714285714286,Non-selective,-30.64422,27.76092
CS(=O)(=O)N1CCC(N2CC(CC#N)(n3cc(-c4c(C#N)cnc5[nH]ccc45)cn3)C2)CC1,2.738609573940012,Non-selective,-23.992245,29.034653
CS(=O)(=O)N1CCC(N2CC(CC#N)(n3cc(-c4c(F)cnc5[nH]ccc45)cn3)C2)CC1,1.0,Non-selective,-23.909906,29.194187
CS(=O)(=O)N1CCC(N2CC(CC#N)(n3cc(-c4ccnc5[nH]ccc45)cn3)C2)CC1,2.738609573940012,Non-selective,-23.674078,27.859306
CS(=O)(=O)N1CCC(N2CC(CC#N)(n3cc(-c4ncnc5[nH]ccc45)cn3)C2)CC1,1.38564,Non-selective,-36.714687,31.13371
CS(=O)(=O)N1CCC(N2CC(CC#N)(n3ccc(-c4ncnc5[nH]ccc45)c3)C2)CC1,2.738609573940012,Non-selective,-36.751377,29.649166
CS(=O)(=O)N1CCC(Nc2ccnc(-c3c[nH]c4ncccc34)n2)(C(=O)NCC(F)(F)F)CC1,1.0,Non-selective,-27.221292,20.834108
CS(=O)(=O)N1CCN(c2ccc(Nc3ncc(C(N)=O)c(NC4CC4)n3)cc2)CC1,2.09375,Non-selective,-11.257485,2.333067
CS(=O)(=O)NC[C@H]1CC[C@H](N2CN(C3CC3)C(=O)c3cnc4[nH]ccc4c32)CC1,2.7222222222222223,Non-selective,-35.36481,-13.464981
CS(=O)(=O)Nc1ccc(-c2cc(-c3cnn(C4(CC#N)CC(C#N)C4)n3)c3cccnc3c2)nc1,2.544519264281346,Non-selective,5.5336595,47.341347
CS(=O)(=O)Nc1ccc(-c2cc3ncccc3c(-c3ccn(C4(CC#N)CC(C#N)C4)n3)n2)cc1,1.221282131440154,Non-selective,12.869878,77.70065
CS(=O)(=O)Nc1ccc(-c2cc3ncccc3c(-c3ccn(C4(CC#N)CN(S(C)(=O)=O)C4)n3)n2)cn1,1.2416666666666667,Non-selective,-2.8631124,64.86904
CS(=O)(=O)Nc1cccc(-c2cnc3ccccc3n2)c1,2.7027027027027026,Non-selective,-21.541027,5.951769
CS(=O)(=O)Nc1cncc(-c2cc3ncccc3c(-c3ccn(C4(CC#N)CN(S(C)(=O)=O)C4)n3)n2)c1,1.4949917775452235,Non-selective,-2.2582886,64.881676
CS(=O)(=O)OCC(=O)Nc1cccc(-c2cnc3ccccc3n2)c1,1.0,Non-selective,-21.803333,7.1575484
CS(=O)(=O)c1cc(Nc2nn(C3COCC[C@@H]3C#N)c3cc[nH]c(=O)c23)ccc1Cl,4.536585365853658,Non-selective,24.872486,-66.35411
CS(=O)(=O)c1ccc(Nc2nn(C3(CC#N)CCN(c4cc(C(F)(F)F)ccn4)CC3)c3cc[nH]c(=O)c23)cc1,2.3125,Non-selective,32.341324,-38.246147
CS(=O)(=O)c1ccc(Nc2nn(C3(CC#N)CCN(c4ccc(Br)cn4)CC3)c3cc[nH]c(=O)c23)cc1,4.555555555555555,Non-selective,31.847116,-39.18177
CS(=O)(=O)c1ccc(Nc2nn(C3(CC#N)CCN(c4ccc(C#N)cn4)CC3)c3cc[nH]c(=O)c23)cc1,1.0,Non-selective,31.88479,-39.177742
CS(=O)(=O)c1ccc(Nc2nn(C3(CC#N)CCN(c4ccc(C(F)(F)F)cn4)CC3)c3cc[nH]c(=O)c23)cc1,2.75,Non-selective,32.30403,-38.285027
CS(=O)(=O)c1ccc(Nc2nn(C3(CC#N)CN(C(=O)OC4CCOCC4)C3)cc2C(N)=O)cc1,3.8513513513513513,Non-selective,28.896402,42.072865
CS(=O)(=O)c1ccc(Nc2nn(C3COCC[C@H]3C#N)c3cc[nH]c(=O)c23)cc1,1.6246458923512748,Non-selective,23.345175,-63.340553
CS(=O)(=O)c1ccc(Nc2nn([C@@H](CC#N)C3CC3)c3cc[nH]c(=O)c23)cc1,4.894736842105263,Non-selective,-0.8870261,-48.428204
CS(=O)(=O)c1ccc(Nc2nn([C@@H](CC#N)C3CC3)c3cc[nH]c(=O)c23)cc1F,2.8369565217391304,Non-selective,2.9918668,-40.566742
CS(=O)(=O)c1ccc(Nc2nn([C@@H]3CCC4(CC4)C[C@@H]3C#N)c3cc[nH]c(=O)c23)cc1,1.2972972972972974,Non-selective,15.629027,-62.924137
CS(=O)(=O)c1ccc(Nc2nn([C@@H]3CCC4(CC4)C[C@H]3C#N)c3cc[nH]c(=O)c23)cc1,4.0,Non-selective,15.629027,-62.924137
CS(=O)(=O)c1ccc(Nc2nn([C@@H]3CCCC[C@H]3C#N)c3cc[nH]c(=O)c23)cc1,1.702127659574468,Non-selective,14.04992,-64.794495
CS(=O)(=O)c1ccc(Nc2nn([C@@H]3CCCC[C@H]3C#N)cc2C(N)=O)cc1,3.5,Non-selective,49.803696,15.178628
CS(=O)(=O)c1ccc(Nc2nn([C@@H]3CCC[C@H]3C#N)c3cc[nH]c(=O)c23)cc1,3.404255319148936,Non-selective,14.1559,-64.70867
CS(=O)(=O)c1ccc(Nc2nn([C@@]3(CC#N)CCCOC3)c3cc[nH]c(=O)c23)cc1,4.603174603174604,Non-selective,31.805927,-43.877792
CS(=O)(=O)c1ccc(Nc2nn([C@H]3CCCC[C@@H]3C#N)c3cc[nH]c(=O)c23)cc1CN,2.9,Non-selective,9.518729,-65.414536
CS(=O)(=O)c1ccc(Nc2nn([C@H]3CCCC[C@H]3C#N)cc2C(N)=O)cc1,2.65625,Non-selective,49.80333,15.179334
CS(=O)(=O)c1ccc(Nc2oc(-c3c(Cl)cccc3Cl)nc2C(N)=O)cc1,4.004566210045662,Non-selective,-7.043927,-3.169381
CS(=O)(=O)c1ccc(Nc2oc(-c3c(F)cc(F)cc3F)nc2C(N)=O)cc1,1.7095435684647302,Non-selective,-6.8728604,-3.1005151
CS(=O)(=O)c1ccc(Nc2oc(-c3c(F)cccc3Cl)nc2C(N)=O)cc1,2.5296167247386756,Non-selective,-6.8407726,-3.1031635
CS(=O)(=O)c1ccc(Nc2oc(-c3c(F)cccc3F)nc2C(N)=O)cc1,2.6053215077605323,Non-selective,-6.7344265,-3.0807495
CS(=O)(=O)c1ccc(Nc2oc(-c3cc(F)ccc3F)nc2C(N)=O)cc1,1.2714932126696832,Non-selective,-6.9588017,-3.1125975
CS(=O)(=O)c1ccc2c(c1)CCN2C[C@H]1CC[C@H](c2nnn3cnc4[nH]ccc4c23)CC1,3.4545454545454546,Non-selective,-22.571487,-48.905003
CS(=O)(=O)c1cnc(-c2cnc3[nH]ccc3c2N[C@@H]2CCCN(C(=O)CC#N)C2)s1,1.0,Non-selective,-42.493504,-25.45974
CS(=O)(=O)c1cnc(-c2cnc3[nH]ccc3c2N[C@@H]2CCCN(CCC#N)C2)s1,1.0,Non-selective,-38.224915,-25.735735
CSC(C)C(=O)N1CCC(CC#N)(n2nc(Nc3ccc(S(=O)(=O)N(C)C)cc3)c3c(=O)[nH]ccc32)CC1,2.571428571428571,Non-selective,29.100405,-33.682487
CSCC(=O)Nc1cccc(-c2cnc3ccccc3n2)c1,1.0,Non-selective,-21.065695,7.1995635
CSCCNc1nc(-c2cc(F)c(O)cc2CC(F)(F)F)cc2[nH]nc(-c3nc4c([nH]3)CCN(Cc3ccccc3)C4)c12,3.92,Non-selective,21.827492,-14.526159
CSCCOC(=O)N1CCC(CC#N)(n2nc(Nc3ccc(S(=O)(=O)N(C)C)cc3)c3c(=O)[nH]ccc32)CC1,3.516129032258065,Non-selective,29.126322,-33.04265
CSCc1cc(Cn2ccnn2)cc(Nc2nn([C@H]3CCCC[C@@H]3C#N)c3cc[nH]c(=O)c23)c1,2.2,Non-selective,4.14749,-73.154564
CSc1ccc(C(=O)N2CCC(N3CC(CC#N)(n4cc(-c5ncnc6[nH]ccc56)cn4)C3)CC2)cc1F,2.738620609464862,Non-selective,-41.469242,56.767006
C[C@@H](CO)c1ccc(Nc2nccc(N3C[C@H]4CC[C@@H](C3)N4C(=O)C3CC3(F)F)n2)cn1,1.014388489208633,Non-selective,2.7425587,7.763323
C[C@@H](NC(=O)c1cc(F)c(N2CC(CC#N)(n3cc(-c4ncnc5[nH]ccc45)cn3)C2)cc1F)C(F)(F)F,1.0,Non-selective,-25.79918,37.030674
C[C@@H](NC(=O)c1cc(F)c(N2CC(CC#N)(n3cc(-c4ncnc5[nH]ccc45)cn3)C2)cc1F)C1CC1,1.0,Non-selective,-26.810661,37.956284
C[C@@H](NC(=O)c1ccc(N2CC(CC#N)(n3cc(-c4ncnc5[nH]ccc45)cn3)C2)c(F)c1)C(F)(F)F,1.0,Non-selective,-25.93954,36.980568
C[C@@H](NC(=O)c1ccc(N2CC(CC#N)(n3cc(-c4ncnc5[nH]ccc45)cn3)C2)c(F)c1)C1CC1,1.0,Non-selective,-26.924412,37.95369
C[C@@H](NC(=O)c1ccc(N2CC(CC#N)(n3cc(-c4ncnc5[nH]ccc45)cn3)C2)cc1)C(F)(F)F,2.5,Non-selective,-26.32015,36.216366
C[C@@H](NC(=O)c1ccc(N2CC(CC#N)(n3cc(-c4ncnc5[nH]ccc45)cn3)C2)cc1F)C1CC1,2.5,Non-selective,-26.91646,37.955357
C[C@@H](NC(=O)c1cnc(N2CC(CC#N)(n3cc(-c4ncnc5[nH]ccc45)cn3)C2)cn1)C(F)(F)F,2.5,Non-selective,-26.101778,35.95347
C[C@@H](NCC(F)(F)F)c1ccc(Nc2nn([C@H]3CCCC[C@@H]3C#N)c3cc[nH]c(=O)c23)cc1,1.6,Non-selective,12.889849,-77.669785
C[C@@H](O)Cc1nc2cnc3[nH]ccc3c2n1[C@H]1CC[C@H](CC#N)CC1,2.9999999999999996,Non-selective,-39.688217,3.4951646
C[C@@H](O)c1nc2cnc3[nH]ccc3c2n1[C@H]1CC[C@H](CC#N)CC1,2.9999999999999996,Non-selective,-39.624386,3.509762
C[C@@H](O)c1nc2cnc3ccsc3c2n1C1CCC(NCCC#N)CC1,2.2360752646353794,Non-selective,-69.324005,12.512657
C[C@@H](O)c1nc2cnc3ccsc3c2n1C1CCN(CCC#N)CC1,2.0,Non-selective,-70.63513,13.085951
C[C@@H](O)c1nc2cnc3ccsc3c2n1C1CCNCC1F,4.0,Non-selective,-69.10814,16.391087
C[C@@H](O)c1nc2cnc3ccsc3c2n1C1CCNC[C@H]1F,1.0,Non-selective,-69.108025,16.39113
C[C@@H](O)c1nc2cnc3ccsc3c2n1[C@H]1CCCN(C(=O)CC#N)C1,2.0,Non-selective,-72.17419,14.61932
C[C@@H](O)c1nc2cnc3ccsc3c2n1[C@H]1CCN(CCC#N)C1,2.0,Non-selective,-70.81391,13.203389
C[C@@H](O)c1nc2cnc3ccsc3c2n1[C@H]1CC[C@H](CC#N)[C@H](N)C1,2.0,Non-selective,-68.683975,12.469283
C[C@@H]1CC(N2CC(CC#N)(n3cc(-c4ncnc5[nH]ccc45)cn3)C2)CCN1Cc1c(F)cccc1Cl,2.4,Non-selective,-42.74865,32.81736
C[C@@H]1CC(N2CC(CC#N)(n3cc(-c4ncnc5[nH]ccc45)cn3)C2)CCN1Cc1ccc(N(C)C)c(C#N)c1F,1.25,Non-selective,-41.22918,31.991697
C[C@@H]1CCCC1OC(=O)N1CCC(CC#N)(n2nc(Nc3ccc(S(=O)(=O)N(C)C)cc3)c3c(=O)[nH]ccc32)CC1,4.447368421052631,Non-selective,27.90573,-32.65452
C[C@@H]1CCN(C)C[C@@H]1n1ccc(=O)c2cnc3[nH]ccc3c21,2.0,Non-selective,-29.434252,-17.265015
C[C@@H]1CCN(Cc2cccc(F)c2F)C[C@@H]1n1ccc(=O)c2cnc3[nH]ccc3c21,1.7037037037037037,Non-selective,-29.47993,-16.99378
C[C@@H]1CN(C(=O)OC(C)(C)C)CC[C@]1(CC#N)n1nc(Nc2ccc(S(C)(=O)=O)cc2)c2c(=O)[nH]ccc21,1.1764705882352942,Non-selective,37.257896,-30.545073
C[C@@H]1CN(S(=O)(=O)c2ccc(Nc3nn([C@@H](CC#N)C4CC4)c4cc[nH]c(=O)c34)cc2)C[C@H](C)O1,1.8484848484848484,Non-selective,-1.5038643,-48.218296
C[C@@H]1CN(S(=O)(=O)c2ccc(Nc3nn([C@H]4COCC[C@@H]4C#N)c4cc[nH]c(=O)c34)cc2)C[C@H](C)O1,2.0,Non-selective,23.664202,-63.20671
C[C@@H]1C[C@@H](CS(=O)(=O)N2CCC(CO)CC2)CC[C@@H]1N(C)c1ncnc2[nH]ccc12,4.385964912280702,Non-selective,-18.95062,-26.787569
C[C@@H]1C[C@@H](CS(=O)(=O)N2CCC[C@@H](O)C2)CC[C@@H]1N(C)c1ncnc2[nH]ccc12,4.052941176470588,Non-selective,-18.861113,-26.820786
C[C@@H]1C[C@@H](CS(=O)(=O)N2CCC[C@H](O)C2)CC[C@@H]1N(C)c1ncnc2[nH]ccc12,2.2727272727272725,Non-selective,-18.861103,-26.820286
C[C@@H]1C[C@@H](CS(=O)(=O)N2CC[C@@H](CO)C2)CC[C@@H]1N(C)c1ncnc2[nH]ccc12,2.7384615384615385,Non-selective,-18.923449,-26.796623
C[C@@H]1C[C@@H](CS(=O)(=O)N2CC[C@H](CO)C2)CC[C@@H]1N(C)c1ncnc2[nH]ccc12,3.9173228346456694,Non-selective,-18.923338,-26.796635
C[C@@H]1C[C@H](Nc2c(-c3ccncn3)cnc3[nH]ccc23)CN(C(=O)CC#N)C1,1.0,Non-selective,-40.13804,-23.547724
C[C@@H]1C[C@H](Nc2c(-c3ncco3)cnc3[nH]ccc23)CN(C(=O)CC#N)C1,1.0,Non-selective,-39.906616,-23.643217
C[C@@H]1C[C@H]2[C@@H]3CCC4=CC(=O)C=C[C@]4(C)[C@@]3(F)[C@@H](O)C[C@]2(C)[C@@]1(O)C(=O)COC(=O)C1CC1C(=O)OCc1ccc([C@@H](CN)C(=O)Nc2ccc3cnccc3c2)cc1,1.1998176277205865,Non-selective,-10.400547,-9.61291
C[C@@H]1C[C@H]2[C@@H]3CCC4=CC(=O)C=C[C@]4(C)[C@@]3(F)[C@@H](O)C[C@]2(C)[C@@]1(O)C(=O)COC(=O)CCC(=O)OCc1ccc([C@@H](CN)C(=O)Nc2ccc3cnccc3c2)cc1,1.2233613075285654,Non-selective,-10.409505,-9.607687
C[C@@H]1C[C@H]2[C@@H]3CCC4=CC(=O)C=C[C@]4(C)[C@@]3(F)[C@@H](O)C[C@]2(C)[C@@]1(O)C(=O)COC(=O)C[C@H](N)C(=O)OCc1ccc([C@@H](CN)C(=O)Nc2ccc3cnccc3c2)cc1,1.5746333045729077,Non-selective,-10.408763,-9.608838
C[C@@H]1C[C@H]2[C@@H]3CCC4=CC(=O)C=C[C@]4(C)[C@@]3(F)[C@@H](O)C[C@]2(C)[C@@]1(O)C(=O)COC(=O)c1ccc(C(=O)OCc2ccc([C@@H](CN)C(=O)Nc3ccc4cnccc4c3)cc2)cc1,1.3796528793355591,Non-selective,-10.407125,-9.606552
C[C@@H]1Nc2nc(ncc2Cl)Nc2cccc(c2)COc2cccc1c2,1.0,Non-selective,-20.042871,-0.9824327
C[C@@H]1[C@@H](O)c2cc(Nc3nn([C@@H](CC#N)C4CC4)c4cc[nH]c(=O)c34)ccc2S1(=O)=O,3.3855421686746987,Non-selective,3.921026,-37.228836
C[C@@H]1[C@@H]2CN(c3nc(Nc4ccc(CCO)nc4)ncc3F)C[C@]12NC(=O)C1CC1,3.3102119460500963,Non-selective,-3.1024616,7.171477
C[C@@H]1[C@@H]2CN(c3nc(Nc4ccc([C@@H](C)CO)nc4)ncc3F)C[C@]12NC(=O)C1CC1,2.719130434782609,Non-selective,-3.211057,7.185497
C[C@@H]1[C@@H]2CN(c3nc(Nc4cnc(CO)c(Cl)c4)ncc3F)C[C@]12NC(=O)C1CC1,3.8878266411727216,Non-selective,-3.4033022,7.1310506
C[C@@](O)(c1ccc(Nc2nn([C@@H]3COCC[C@H]3C#N)cc2C(N)=O)cc1)C(F)F,4.5,Non-selective,66.8358,19.652718
C[C@@](O)(c1ccc(Nc2nn([C@H]3CC[C@H](O)C[C@@H]3C#N)cc2C(N)=O)cc1)C(F)(F)F,4.749999999999999,Non-selective,66.47252,-11.064485
C[C@@](O)(c1ccc(Nc2nn([C@H]3COCC[C@@H]3C#N)cc2C(N)=O)cc1)C(F)F,4.0,Non-selective,66.8358,19.652718
C[C@@]1(O)CC[C@H](n2cc(C(N)=O)c(Nc3ccc([C@@](C)(O)C(F)(F)F)cc3)n2)[C@@H](C#N)C1,4.0,Non-selective,66.13852,-0.35319477
C[C@@]1(O)CC[C@H](n2cc(C(N)=O)c(Nc3ccc([C@](C)(O)C(F)(F)F)cc3)n2)[C@@H](C#N)C1,4.0,Non-selective,66.13797,-0.3527166
C[C@H](CO)c1ccc(Nc2ncc(F)c(N3C[C@H]4[C@@H](C)[C@@]4(NC(=O)C4CC4)C3)n2)cn1,1.9936708860759493,Non-selective,-3.211057,7.185497
C[C@H](CO)c1ccc(Nc2nccc(N3C[C@H]4CC[C@@H](C3)N4C(=O)C3CC3(F)F)n2)cn1,1.0126582278481013,Non-selective,2.7425587,7.763323
C[C@H](NC(=O)c1cc(F)c(N2CC(CC#N)(n3cc(-c4c[nH]nc4CO)cn3)C2)cc1F)C(F)(F)F,1.2871692307692306,Non-selective,-19.154102,35.30336
C[C@H](NC(=O)c1cc(F)c(N2CC(CC#N)(n3cc(-c4cn[nH]c4)cn3)C2)cc1F)C(F)(F)F,1.5384615384615385,Non-selective,-19.145573,35.29004
C[C@H](NC(=O)c1cc(F)c(N2CC(CC#N)(n3cc(-c4ncnc5[nH]ccc45)cn3)C2)cc1F)C(F)(F)F,1.0,Non-selective,-25.79924,37.03051
C[C@H](NC(=O)c1ccc(N2CC(CC#N)(n3cc(-c4ccnc5[nH]ccc45)cn3)C2)cn1)C1CC1,1.0,Non-selective,-21.470953,32.05928
C[C@H](NC(=O)c1ccc(N2CC(CC#N)(n3cc(-c4ncnc5[nH]ccc45)cn3)C2)c(F)c1)C(F)(F)F,1.0,Non-selective,-25.93954,36.980568
C[C@H](NC(=O)c1ccc(N2CC(CC#N)(n3cc(-c4ncnc5[nH]ccc45)cn3)C2)c(F)c1)C1CC1,1.0,Non-selective,-26.924412,37.95369
C[C@H](NC(=O)c1ccc(N2CC(CC#N)(n3cc(-c4ncnc5[nH]ccc45)cn3)C2)cc1)C(F)(F)F,2.5,Non-selective,-26.32015,36.216366
C[C@H](NC(=O)c1ccc(N2CC(CC#N)(n3cc(-c4ncnc5[nH]ccc45)cn3)C2)cc1F)C(F)(F)F,2.5,Non-selective,-25.900953,37.015022
C[C@H](NC(=O)c1ccc(N2CC(CC#N)(n3cc(-c4ncnc5[nH]ccc45)cn3)C2)cc1F)C1CCCCC1,2.5,Non-selective,-26.928782,38.02822
C[C@H](NC(=O)c1ccc(N2CC(CC#N)(n3cc(-c4ncnc5[nH]ccc45)cn3)C2)cn1)C1CC1,1.0,Non-selective,-27.743637,36.552696
C[C@H](NC(=O)c1cnc(N2CC(CC#N)(n3cc(-c4ccnc5[nH]ccc45)cn3)C2)cn1)C(F)(F)F,2.5,Non-selective,-21.46565,31.773355
C[C@H](NC(=O)c1cnc(N2CC(CC#N)(n3cc(-c4ccnc5[nH]ccc45)cn3)C2)cn1)C1CC1,2.5,Non-selective,-21.454975,32.03488
C[C@H](NC(=O)c1cnc(N2CC(CC#N)(n3cc(-c4ncnc5[nH]ccc45)cn3)C2)cn1)C(F)(F)F,1.0,Non-selective,-26.101778,35.95347
C[C@H](NCC(F)(F)F)c1ccc(Nc2nn([C@H]3CCCC[C@@H]3C#N)c3cc[nH]c(=O)c23)cc1,1.7307692307692308,Non-selective,12.891073,-77.66928
C[C@H](Nc1nc(-c2cnn3ccccc23)nc(OC[C@@H](O)CO)c1F)c1ncc(F)cn1,4.0,Non-selective,1.5810791,24.215864
C[C@H](O)c1nc2ccc3[nH]ccc3c2n1C1CCC(C#N)CC1,2.9999999999999996,Non-selective,-32.016834,-0.5531746
C[C@H](O)c1ncc(Nc2ncc(F)c(N3C[C@H]4[C@@H](C)[C@@]4(NC(=O)C4CC4)C3)n2)cc1Cl,4.097518502394427,Non-selective,-3.4543428,7.1018295
C[C@H]1CC(N2CC(CC#N)(n3cc(-c4ncnc5[nH]ccc45)cn3)C2)CCN1Cc1c(F)cccc1Cl,2.4,Non-selective,-42.74865,32.81736
C[C@H]1CC(N2CC(CC#N)(n3cc(-c4ncnc5[nH]ccc45)cn3)C2)CCN1Cc1ccc(N(C)C)c(C#N)c1F,2.5,Non-selective,-41.22918,31.991697
C[C@H]1CC[C@@H](Nc2c(-c3ncco3)cnc3[nH]ccc23)CN1C(=O)CC#N,1.0,Non-selective,-39.41598,-23.895494
C[C@H]1CN(C(=O)OC(C)(C)C)CC[C@]1(CC#N)n1nc(Nc2ccc(S(C)(=O)=O)cc2)c2c(=O)[nH]ccc21,4.739130434782608,Non-selective,37.25789,-30.54507
C[C@H]1CN(S(=O)(=O)C[C@H]2CC[C@H](N(C)c3ncnc4[nH]ccc34)CC2)C[C@H]1S(C)(=O)=O,3.0961538461538463,Non-selective,-12.949366,-22.952997
C[C@H]1CN(S(=O)(=O)c2ccc(Nc3nn([C@@H](CC#N)C4CC4)c4cc[nH]c(=O)c34)cc2)C[C@H](C)O1,1.0952380952380953,Non-selective,-1.5038857,-48.218334
C[C@H]1CN(S(=O)(=O)c2ccc(Nc3nn([C@H]4COCC[C@@H]4C#N)c4cc[nH]c(=O)c34)cc2)C[C@H](C)O1,3.4166666666666665,Non-selective,23.664202,-63.20671
C[C@H]1CN(c2ccc3cc(Nc4nn([C@]5(CC#N)CC[C@@H](C(=O)OC(C)(C)C)OC5)c5cc[nH]c(=O)c45)ccc3n2)CCO1,4.24,Non-selective,56.852856,-44.94431
C[C@H]1C[C@@H](Nc2c(-c3cccc(CO)n3)cnc3[nH]ccc23)CN(C(=O)CC#N)C1,1.0,Non-selective,-40.27493,-23.597063
C[C@H]1C[C@@H](Nc2c(-c3ccn(C(F)F)n3)cnc3[nH]ccc23)CN(C(=O)CC#N)C1,1.0,Non-selective,-40.50418,-23.294512
C[C@H]1C[C@@H](Nc2c(-c3ncc(S(C)(=O)=O)s3)cnc3[nH]ccc23)CN(C(=O)CC#N)C1,1.0,Non-selective,-40.790493,-23.810673
C[C@H]1C[C@@H](Nc2c(-c3ncco3)cnc3[nH]ccc23)CN(C(=O)CC#N)C1,1.0,Non-selective,-39.906616,-23.643217
C[C@H]1C[C@@H](Nc2c(-c3nccs3)cnc3[nH]ccc23)CN(CC2CC2(F)F)C1,1.0,Non-selective,-36.538933,-23.243069
C[C@H]1C[C@@H](Nc2c(-c3nncs3)cnc3[nH]ccc23)CN(C(=O)CC#N)C1,1.0,Non-selective,-40.32647,-23.721457
C[C@H]1Nc2nc(ncc2Cl)Nc2cccc(c2)COc2cccc1c2,1.0115606936416186,Non-selective,-20.042871,-0.9824327
C[C@H]1[C@@H](O)c2cc(Nc3nn([C@@H](CC#N)C4CC4)c4cc[nH]c(=O)c34)ccc2S1(=O)=O,3.037037037037037,Non-selective,3.9212308,-37.2288
C[C@H]1[C@H](O)c2cc(Nc3nn([C@@H](CC#N)C4CC4)c4cc[nH]c(=O)c34)ccc2S1(=O)=O,2.210526315789474,Non-selective,3.9210403,-37.22504
C[C@H]1[C@H]2CN(c3nc(Nc4cnn(C)c4)ncc3F)C[C@]21NC(=O)[C@@H]1CC1(F)F,3.912280701754386,Non-selective,-3.0857348,8.146114
C[C@H]1[C@H]2CN(c3nc(Nc4cnn(C)c4)ncc3F)C[C@]21NC(=O)[C@H]1CC1(F)F,2.8020833333333335,Non-selective,-3.0857725,8.145958
C[C@](O)(c1ccc(Nc2nn([C@@H]3COCC[C@H]3C#N)cc2C(N)=O)cc1)C(F)F,4.0,Non-selective,66.8358,19.652718
C[C@](O)(c1ccc(Nc2nn([C@H]3CCCC[C@@H]3C#N)cc2C(N)=O)cn1)C(F)F,3.0,Non-selective,54.620632,11.287884
C[C@](O)(c1ccc(Nc2nn([C@H]3CC[C@H](O)C[C@@H]3C#N)cc2C(N)=O)cc1)C(F)(F)F,4.444444444444445,Non-selective,66.472496,-11.064622
C[C@]1(C#N)CC[C@@H](F)C[C@@H]1n1cc(C(N)=O)c(Nc2ccc(F)cc2)n1,2.75,Non-selective,46.96376,-12.41626
C[C@]1(C#N)CC[C@H](F)C[C@@H]1n1cc(C(N)=O)c(Nc2ccc(F)cc2)n1,2.6666666666666665,Non-selective,46.963757,-12.416037
C[C@]1(C#N)CC[C@H](O)C[C@@H]1n1cc(C(N)=O)c(Nc2ccc(F)cc2)n1,2.2,Non-selective,46.982468,-12.416317
C[C@]1(C#N)CS(=O)(=O)C[C@H]1n1cc(C(N)=O)c(Nc2ccc(F)cc2)n1,3.4761904761904763,Non-selective,46.998318,-12.347043
C[C@]1(O)CC[C@H](n2cc(C(N)=O)c(Nc3ccc([C@@](C)(O)C(F)(F)F)cc3)n2)[C@@H](C#N)C1,4.0,Non-selective,66.13798,-0.35267398
C[C@]12C=CC(=O)C=C1CC[C@@H]1[C@@H]2[C@@H](O)C[C@@]2(C)[C@H]1CC[C@]2(O)C(=O)COC(=O)C1CC1C(=O)OCc1ccc([C@@H](CN)C(=O)Nc2ccc3cnccc3c2)cc1,1.4412993524127846,Non-selective,-10.417844,-9.608436
C[S+]([O-])c1cnc(-c2cnc3[nH]ccc3c2N[C@@H]2CCCN(C(=O)CC#N)C2)s1,1.0,Non-selective,-41.19913,-27.015247
Cc1[nH]ncc1-c1cnn(C2(CC#N)CN(c3cnc(C(=O)N[C@@H](C)C(F)(F)F)cn3)C2)c1,2.3333333333333335,Non-selective,-19.682991,34.719532
Cc1c(CN2CCC(c3nnn4cnc5[nH]ccc5c34)CC2)c(Cl)nn1CC(F)(F)F,4.7368421052631575,Non-selective,-42.982685,-61.309223
Cc1cc(-c2cc(-c3cc[nH]n3)cc3ncccc23)nn1C1(CC#N)CN(S(C)(=O)=O)C1,2.742713567839196,Non-selective,-7.4580045,52.962475
Cc1cc(-c2cc(-c3cnn(C4(CC#N)CC(C#N)C4)c3)n3ccnc3c2)[nH]n1,4.31950715344878,Non-selective,-15.848776,82.61272
Cc1cc(-c2cc(-c3cnn(C4(CC#N)CN(S(C)(=O)=O)C4)n3)c3cccnc3c2)cnc1N,1.4532771399505886,Non-selective,-9.606249,50.702213
Cc1cc(-c2cc(N[C@@H]3CCCN(C(=O)CC#N)C3)nc(-c3cnn4ccccc34)n2)cc(C)n1,2.0,Non-selective,-4.2128654,31.117226
Cc1cc(-c2cc(N[C@@H]3CCCN(C(=O)CO)C3)nc(-c3cnn4ccccc34)n2)cc(C)n1,2.0,Non-selective,-2.605091,32.14371
Cc1cc(-c2cc3ncccc3c(-c3ccn(C4(CC#N)CC(C#N)C4)n3)n2)cc(N)n1,2.6238882257636025,Non-selective,11.331587,79.975044
Cc1cc(-c2cc3ncccc3c(-c3ccn(C4(CC#N)CC(C#N)C4)n3)n2)n[nH]1,4.497457514046679,Non-selective,10.523342,80.11614
Cc1cc(-c2cc3ncccc3c(-c3ccn(C4(CC#N)CC(C)(C#N)C4)n3)n2)n[nH]1,4.542985964286624,Non-selective,4.1432605,80.461586
Cc1cc(-c2cc3ncccc3c(-c3ccn(C4(CC#N)CN(CC(F)(F)F)C4)n3)n2)c[nH]c1=O,1.531059683313033,Non-selective,-3.7500145,86.28971
Cc1cc(-c2cc3ncccc3c(-c3ccn(C4(CC#N)CN(CC(F)(F)F)C4)n3)n2)ccn1,1.523659305993691,Non-selective,-3.424191,85.76177
Cc1cc(-c2cc3ncccc3c(-c3ccn(C4(CC#N)CN(CC(F)(F)F)C4)n3)n2)n[nH]1,3.5219298245614037,Non-selective,-3.5673869,86.09269
Cc1cc(-c2cc3ncccc3c(-c3ccn(C4(CC#N)CN(S(C)(=O)=O)C4)n3)n2)ccn1,2.3644578313253013,Non-selective,-3.3493044,63.715298
Cc1cc(-c2cc3ncccc3c(-c3ccn(C4(CC#N)CN(S(C)(=O)=O)C4)n3)n2)cnc1N,3.665523156089194,Non-selective,-3.9945116,64.91329
Cc1cc(-c2ccc(CN3CCS(=O)(=O)CC3)cc2)n2cc(NC(=O)C3CC3)nc2c1,1.0,Non-selective,-10.355909,17.35274
Cc1cc(-c2cn3nccc3c(-c3cnn([C@]4(CC#N)C[C@@H](C#N)C4)c3)n2)n[nH]1,4.512658227848101,Non-selective,-13.822121,81.70342
Cc1cc(-c2nc(-c3cc[nH]n3)cc3ncccc23)nn1C1(CC#N)CC(C#N)C1,2.751774334315873,Non-selective,11.227349,82.4996
Cc1cc(-c2nc(-c3ccn[nH]3)cc3ncccc23)nn1C1(CC#N)CN(S(C)(=O)=O)C1,3.4994068801897984,Non-selective,-4.4544964,59.729584
Cc1cc(-c2nc(-c3cn[nH]c3)cc3ncccc23)nn1C1(CC#N)CC(C#N)C1,2.111873966741223,Non-selective,11.242894,82.520966
Cc1cc(-c2nc(-c3cn[nH]c3)cc3ncccc23)nn1C1(CC#N)CN(S(C)(=O)=O)C1,2.7207465900933236,Non-selective,-4.4617705,59.671936
Cc1cc(-c2nc(-c3cn[nH]c3N)cc3ncccc23)nn1C1(CC#N)CC(C#N)C1,1.9,Non-selective,11.408216,82.48078
Cc1cc(-c2nc(-c3cnn4ccccc34)nc(N(C)[C@@H]3CCCN(C(=O)CO)C3)c2F)ccn1,1.5,Non-selective,-1.9824337,30.05896
Cc1cc(-c2nc(-c3cnn4ccccc34)nc(N[C@@H]3CCCN(C(=O)CC#N)C3)c2F)ccn1,2.0,Non-selective,-3.716405,29.210976
Cc1cc(-c2nc(-c3cnn4ccccc34)nc(N[C@@H]3CCCN(C(=O)CO)C3)c2F)cc(C)n1,3.0,Non-selective,0.5405184,30.855846
Cc1cc(C(=O)N2CCC(N3CC(CC#N)(n4cc(-c5ncnc6[nH]ccc56)cn4)C3)CC2)c(C)o1,2.2360745954243346,Non-selective,-40.366745,48.302395
Cc1cc(C(=O)N2CCC(N3CC(CC#N)(n4cc(-c5ncnc6[nH]ccc56)cn4)C3)CC2)cs1,1.5811326998601345,Non-selective,-40.316563,48.424976
Cc1cc(C)c(CC(=O)N2CCC(N3CC(CC#N)(n4cc(-c5ncnc6[nH]ccc56)cn4)C3)CC2)c(C)c1,1.1180343312848489,Non-selective,-39.826096,47.69552
Cc1cc(C)n(-c2ccc(Nc3nn([C@]4(CC#N)CC[C@@H](C(=O)OC(C)(C)C)OC4)c4cc[nH]c(=O)c34)cc2)n1,4.5625,Non-selective,58.038383,-44.25347
Cc1cc(CC[C@]2(O)CCN(S(=O)(=O)C[C@H]3CC[C@H](N(C)c4ncnc5[nH]ccc45)CC3)C2)on1,4.4,Non-selective,-9.319837,-25.60111
Cc1cc(CN2CCS(=O)(=O)CC2)ccc1-c1cccc2nc(NC(=O)C3CC3)cn12,1.6666666666666667,Non-selective,-10.362728,17.315979
Cc1cc(F)ccc1NC(=O)N1CCC(N2CC(CC#N)(n3cc(-c4ncnc5[nH]ccc45)cn3)C2)CC1,2.738609573940012,Non-selective,-31.401152,48.282665
Cc1cc(N(C)[C@@H]2CCN(c3ncnc4c3ccn4COCC[Si](C)(C)C)C2)ncc1[N+](=O)[O-],1.0,Non-selective,-56.698154,-35.02325
Cc1cc(NC(=O)N2CCC(N3CC(CC#N)(n4cc(-c5ncnc6[nH]ccc56)cn4)C3)CC2)n(C)n1,1.0,Non-selective,-33.055874,47.122448
Cc1cc(Nc2nc(N[C@@H](C)c3ncc(F)cn3)ncc2Cl)[nH]n1,3.4999999999999996,Non-selective,-17.051567,0.056320492
Cc1cc(Nc2nccc(N3C[C@H]4CC[C@@H](C3)N4C(=O)C3CC3(F)F)n2)cnc1C(N)=O,2.4802631578947367,Non-selective,2.7170537,4.9426565
Cc1cc(Nc2nccc(N3C[C@H]4CC[C@@H](C3)N4C(=O)C3CC3)n2)cnc1C(N)=O,1.4540816326530612,Non-selective,3.5509517,4.528186
Cc1cc(Nc2nccc(N3C[C@H]4CC[C@@H](C3)N4C(=O)[C@@H]3CC3(F)F)n2)cnc1C(N)=O,1.9823529411764707,Non-selective,2.7170537,4.9426565
Cc1cc(Nc2nn(C3(CC#N)CCN(C(=O)OC(C)(C)C)CC3)c3cc[nH]c(=O)c23)ccc1C(=O)N1C2CCC1COC2,1.35,Non-selective,46.012886,-33.10136
Cc1cc(Nc2nn(C3(CC#N)CCN(C(=O)OC(C)(C)C)CC3)c3cc[nH]c(=O)c23)ccc1C(=O)N1CC2CCC(C1)O2,1.4444444444444446,Non-selective,45.992603,-33.101368
Cc1cc(Nc2nn(C3(CC#N)CCN(C(=O)OC(C)(C)C)CC3)c3cc[nH]c(=O)c23)ccc1C(=O)N1CCC(F)(F)CC1,1.131578947368421,Non-selective,45.906948,-33.127598
Cc1cc(Nc2nn(C3(CC#N)CCN(C(=O)OC(C)(C)C)CC3)c3cc[nH]c(=O)c23)ccc1C(=O)N1CCOCC1,1.0588235294117645,Non-selective,46.00316,-33.10971
Cc1cc(Nc2nn(C3(CC#N)CCN(C(=O)OC(C)(C)C)CC3)c3cc[nH]c(=O)c23)ccc1C(=O)N1CCSCC1,1.03125,Non-selective,45.927063,-33.119644
Cc1cc(Nc2nn(C3(CC#N)CCN(C(=O)OC(C)(C)C)CC3)c3cc[nH]c(=O)c23)ccc1S(=O)(=O)N(C)C,1.7,Non-selective,44.061703,-33.865147
Cc1cc(Nc2nn(C3(CC#N)CCN(c4cc(C(F)(F)F)ccn4)CC3)c3cc[nH]c(=O)c23)ccc1C(=O)N1CCC(F)(F)CC1,1.0,Non-selective,44.72364,-51.716724
Cc1cc(Nc2nn(C3(CC#N)CCN(c4cc(C(F)(F)F)ccn4)CC3)c3cc[nH]c(=O)c23)ccc1C(=O)N1CCSCC1,1.1046931407942238,Non-selective,44.727104,-51.760693
Cc1cc(Nc2nn(C3(CC#N)CCN(c4ccc(C#N)cn4)CC3)c3cc[nH]c(=O)c23)ccc1C(=O)N1CCSCC1,1.1333333333333335,Non-selective,44.733936,-52.083263
Cc1cc(Nc2nn(C3COCC[C@@H]3CC#N)c3cc[nH]c(=O)c23)ccc1C(=O)N1CCC(F)(F)CC1,2.3666666666666667,Non-selective,43.870518,-55.284233
Cc1cc(Nc2nn([C@@H](CC#N)C3CC3)c3cc[nH]c(=O)c23)ccc1C(=O)N(C)C1CCN(C)CC1,1.1476793248945147,Non-selective,6.960934,-43.04307
Cc1cc(Nc2nn([C@@H](CC#N)C3CC3)c3cc[nH]c(=O)c23)ccc1C(=O)N(C)C1CCOCC1,1.1636363636363636,Non-selective,7.936726,-43.062412
Cc1cc(Nc2nn([C@@H](CC#N)C3CC3)c3cc[nH]c(=O)c23)ccc1C(=O)N(CCN(C)C)CC(F)(F)F,1.1402714932126696,Non-selective,5.5375876,-42.9999
Cc1cc(Nc2nn([C@@H](CC#N)C3CC3)c3cc[nH]c(=O)c23)ccc1C(=O)N1CC(C)(C)C1,1.2950819672131149,Non-selective,7.3517222,-44.075718
Cc1cc(Nc2nn([C@@H](CC#N)C3CC3)c3cc[nH]c(=O)c23)ccc1C(=O)N1CC2(CCC2)C1,2.096774193548387,Non-selective,7.3159947,-44.152714
Cc1cc(Nc2nn([C@@H](CC#N)C3CC3)c3cc[nH]c(=O)c23)ccc1C(=O)N1CCC(C)(C)C1,1.532258064516129,Non-selective,7.4761868,-44.259792
Cc1cc(Nc2nn([C@@H](CC#N)C3CC3)c3cc[nH]c(=O)c23)ccc1C(=O)N1CCC[C@H]1C(F)(F)F,1.0273972602739727,Non-selective,6.1874537,-43.676964
Cc1cc(Nc2nn([C@@H](CC#N)C3CC3)c3cc[nH]c(=O)c23)ccc1C(=O)N1CCN(C)CC1,1.025,Non-selective,7.238965,-43.855118
Cc1cc(Nc2nn([C@@H](CC#N)C3CC3)c3cc[nH]c(=O)c23)ccc1C(=O)N1CCOC(C)(C)C1,1.2741935483870968,Non-selective,7.7936835,-44.03014
Cc1cc(Nc2nn([C@@H](CC#N)C3CC3)c3cc[nH]c(=O)c23)ccc1C(=O)N1CCOCC1,1.3555555555555556,Non-selective,8.042988,-43.74704
Cc1cc(Nc2nn([C@@H](CC#N)C3CC3)c3cc[nH]c(=O)c23)ccc1C(=O)N1CCOCC1C(C)C,1.503519222187665,Non-selective,8.215394,-43.516792
Cc1cc(Nc2nn([C@@H](CC#N)C3CC3)c3cc[nH]c(=O)c23)ccc1C(=O)N1CCS(=O)(=O)CC1,1.2682926829268293,Non-selective,7.2722096,-43.90092
Cc1cc(Nc2nn([C@@H](CC#N)C3CC3)c3cc[nH]c(=O)c23)ccc1C(=O)N1CCSCC1,1.3783783783783783,Non-selective,7.294695,-43.968193
Cc1cc(Nc2nn([C@@H](CC#N)C3CC3)c3cc[nH]c(=O)c23)ccc1C(=O)N1CC[C@@H](F)C1,1.3278688524590163,Non-selective,7.021135,-44.092228
Cc1cc(Nc2nn([C@@H](CC#N)C3CC3)c3cc[nH]c(=O)c23)ccc1C(=O)N1CC[C@H](F)C1,1.8297872340425532,Non-selective,7.021135,-44.092228
Cc1cc(Nc2nn([C@@H](CC#N)C3CC3)c3cc[nH]c(=O)c23)ccc1C(=O)N1[C@H](C)CC[C@H]1C,1.5576923076923077,Non-selective,7.00106,-43.38026
Cc1cc(Nc2nn([C@@H](CC#N)C3CC3)c3cc[nH]c(=O)c23)ccc1C(C(C)C)n1ccnn1,3.6309285714285715,Non-selective,5.440838,-40.372784
Cc1cc(Nc2nn([C@@H](CC#N)C3CC3)c3cc[nH]c(=O)c23)ccc1C(C(C)C)n1nccn1,1.1613897972863754,Non-selective,5.4700046,-40.403023
Cc1cc(Nc2nn([C@@H](CC#N)C3CC3)c3cc[nH]c(=O)c23)ccc1C(C)(O)C(F)(F)F,3.082521785944072,Non-selective,3.9732819,-41.95733
Cc1cc(Nc2nn([C@@H](CC#N)C3CC3)c3cc[nH]c(=O)c23)ccc1C(C1CCCC1)n1nccn1,1.4474934484073427,Non-selective,5.493394,-40.49284
Cc1cc(Nc2nn([C@@H](CC#N)C3CC3)c3cc[nH]c(=O)c23)ccc1C(N(C)C)C(F)(F)F,2.9362782451531872,Non-selective,4.1919093,-41.96795
Cc1cc(Nc2nn([C@@H](CC#N)C3CC3)c3cc[nH]c(=O)c23)ccc1C(N)C(F)(F)F,2.2062173018787186,Non-selective,3.9828584,-41.87671
Cc1cc(Nc2nn([C@@H](CC#N)C3CC3)c3cc[nH]c(=O)c23)ccc1C1(C(F)(F)F)CCCN1,1.2079141174093262,Non-selective,3.7770534,-41.850487
Cc1cc(Nc2nn([C@@H](CC#N)C3CC3)c3cc[nH]c(=O)c23)ccc1S(=O)(=O)N(C)C,2.5,Non-selective,5.9904532,-41.04141
Cc1cc(Nc2nn([C@@H](CC#N)C3CC3)c3cc[nH]c(=O)c23)ccc1S(=O)(=O)N1CC2(CCC2)C1,2.0229007633587788,Non-selective,6.58809,-40.799488
Cc1cc(Nc2nn([C@@H](CC#N)C3CC3)c3cc[nH]c(=O)c23)ccc1S(=O)(=O)N1CCCC1,2.064516129032258,Non-selective,6.5291977,-40.806328
Cc1cc(Nc2nn([C@@H]3CC(F)(F)C[C@@H]3C#N)c3cc[nH]c(=O)c23)ccc1C(=O)N1CCCC1,1.0303030303030303,Non-selective,-0.098667435,-69.77981
Cc1cc(Nc2nn([C@@H]3CC(F)(F)C[C@H]3C#N)c3cc[nH]c(=O)c23)ccc1C(=O)N1CCCC1,1.8214285714285714,Non-selective,-0.098667435,-69.77981
Cc1cc(Nc2nn([C@@H]3CCCCC[C@H]3C#N)c3cc[nH]c(=O)c23)ccc1C(=O)N1CCCC1,1.048780487804878,Non-selective,0.07617678,-70.40593
Cc1cc(Nc2nn([C@@]3(CC#N)CCCC[C@H]3F)c3cc[nH]c(=O)c23)ccc1C(=O)N1CCC(F)(F)CC1,1.125,Non-selective,44.87358,-53.082535
Cc1cc(Nc2nn([C@@]3(CC#N)CCCC[C@H]3F)c3cc[nH]c(=O)c23)ccc1C(=O)N1CCOCC1,1.1111111111111112,Non-selective,45.1854,-53.519875
Cc1cc(Nc2nn([C@@]3(CC#N)CCCC[C@H]3F)c3cc[nH]c(=O)c23)ccc1C(=O)N1CCSCC1,1.125,Non-selective,44.854633,-53.09296
Cc1cc(Nc2nn([C@@]3(CC#N)CCN(C(=O)OC(C)(C)C)C[C@H]3F)c3cc[nH]c(=O)c23)ccc1C(=O)N1CCSCC1,1.5,Non-selective,46.06902,-33.035194
Cc1cc(Nc2nn([C@@]3(CC#N)CCOC[C@H]3F)c3cc[nH]c(=O)c23)ccc1C(=O)N1CCOCC1,1.5240384615384615,Non-selective,44.94417,-53.861984
Cc1cc(Nc2nn([C@@]3(CC#N)CCOC[C@H]3F)c3cc[nH]c(=O)c23)ccc1C(=O)N1CCSCC1,1.2123893805309736,Non-selective,44.878803,-53.84065
Cc1cc(Nc2nn([C@H]3CC(F)(F)C[C@@H]3C#N)c3cc[nH]c(=O)c23)ccc1C(=O)N1CCCC1,1.1176470588235294,Non-selective,-0.098667435,-69.77981
Cc1cc(Nc2nn([C@H]3CC(F)(F)C[C@H]3C#N)c3cc[nH]c(=O)c23)ccc1C(=O)N1CCCC1,3.4545454545454546,Non-selective,-0.098667435,-69.77981
Cc1cc(Nc2nn([C@H]3CCCCC[C@@H]3C#N)c3cc[nH]c(=O)c23)ccc1C(=O)N1CCCC1,1.3571428571428572,Non-selective,0.07617678,-70.40593
Cc1cc(Nc2nn([C@H]3CCCC[C@@H]3C#N)c3cc[nH]c(=O)c23)ccc1C(=O)N(C)C,1.2647058823529411,Non-selective,0.52207386,-71.859856
Cc1cc(Nc2nn([C@H]3CCCC[C@@H]3C#N)c3cc[nH]c(=O)c23)ccc1C(=O)N1CCC(F)(F)CC1,1.15625,Non-selective,-0.037478,-70.04014
Cc1cc(Nc2nn([C@H]3CCCC[C@@H]3C#N)c3cc[nH]c(=O)c23)ccc1C(=O)N1CCCC1,1.5384615384615385,Non-selective,0.07398379,-70.399574
Cc1cc(Nc2nn([C@H]3CCCC[C@@H]3C#N)c3cc[nH]c(=O)c23)ccc1C(=O)N1CCOCC1,1.6785714285714286,Non-selective,0.07009558,-70.4163
Cc1cc(Nc2nn([C@H]3CCCC[C@@H]3C#N)c3cc[nH]c(=O)c23)ccc1C(C(C)C)n1ccnn1,3.077286126317964,Non-selective,3.0223007,-74.68477
Cc1cc(Nc2nn([C@H]3CCCC[C@@H]3C#N)c3cc[nH]c(=O)c23)ccc1C(C(C)C)n1nccn1,1.1787670246457784,Non-selective,3.002752,-74.67089
Cc1cc(Nc2nn([C@H]3CCCC[C@@H]3C#N)c3cc[nH]c(=O)c23)ccc1C(C)(C)n1ccnn1,1.0,Non-selective,2.795208,-73.938995
Cc1cc(Nc2nn([C@H]3CCCC[C@@H]3C#N)c3cc[nH]c(=O)c23)ccc1C(C)(C)n1nccn1,1.7333333333333334,Non-selective,2.75374,-73.922485
Cc1cc(Nc2nn([C@H]3CCCC[C@@H]3C#N)cc2C(N)=O)cnc1C#N,4.5,Non-selective,58.341187,7.337898
Cc1cc(Nc2nn([C@H]3COCC[C@@H]3C#N)c3cc[nH]c(=O)c23)ccc1C(=O)N1CCC(F)(F)CC1,1.3333333333333333,Non-selective,43.635113,-55.59338
Cc1cc(Nc2nn([C@]3(CC#N)CCCOC3)c3cc[nH]c(=O)c23)ccc1C(=O)N1CCC(C)(O)CC1,2.5142857142857147,Non-selective,45.911606,-53.258118
Cc1cc(Nc2nn([C@]3(CC#N)CCCOC3)c3cc[nH]c(=O)c23)ccc1C(=O)N1CCC(O)(C(F)(F)F)C1,3.9696969696969697,Non-selective,45.783985,-53.12368
Cc1cc(Nc2nn([C@]3(CC#N)CCCOC3)c3cc[nH]c(=O)c23)ccc1C(=O)N1CCCC[C@@H]1C,1.4418604651162792,Non-selective,46.044785,-53.42679
Cc1cc(Nc2nn([C@]3(CC#N)CCCOC3)c3cc[nH]c(=O)c23)ccc1C(=O)N1CCCC[C@H]1C,1.2769230769230768,Non-selective,46.04477,-53.42678
Cc1cc(Nc2nn([C@]3(CC#N)CCCOC3)c3cc[nH]c(=O)c23)ccc1C(=O)N1CCOCC1,2.235294117647059,Non-selective,45.932564,-53.326965
Cc1cc(Nc2nn([C@]3(CC#N)CCCOC3)c3cc[nH]c(=O)c23)ccc1C(=O)N1CC[C@@H](F)C1,3.0,Non-selective,45.878838,-53.473778
Cc1cc(Nc2nn([C@]3(CC#N)CCN(c4ccc(C#N)cn4)CC3F)c3cc[nH]c(=O)c23)ccc1C(=O)N1CCSCC1,1.1111111111111112,Non-selective,44.724495,-52.454887
Cc1cc(Nc2nn([C@]3(CC#N)CCOC[C@@H]3F)c3cc[nH]c(=O)c23)ccc1C(=O)N1CCOCC1,1.1428571428571428,Non-selective,44.94427,-53.862488
Cc1cc(Nc2nn([C@]3(CC#N)CCOC[C@@H]3F)c3cc[nH]c(=O)c23)ccc1C(=O)N1CCSCC1,1.125,Non-selective,44.878803,-53.84065
Cc1cc(Nc2nn([C@]3(CC#N)CC[C@@H](C(=O)OC(C)(C)C)OC3)c3cc[nH]c(=O)c23)ccc1C(=O)N(C)CC(F)(F)F,2.6842105263157894,Non-selective,57.502796,-46.19167
Cc1cc(Nc2nn([C@]3(CC#N)CC[C@@H](C(=O)OC(C)(C)C)OC3)c3cc[nH]c(=O)c23)ccc1C(=O)N1CC(C)OC(C)C1,1.458517574119162,Non-selective,57.167114,-47.114033
Cc1cc(Nc2nn([C@]3(CC#N)CC[C@@H](C(=O)OC(C)(C)C)OC3)c3cc[nH]c(=O)c23)ccc1C(=O)N1CCC(O)(C(F)(F)F)C1,2.1532184950135993,Non-selective,57.44979,-47.35578
Cc1cc(Nc2nn([C@]3(CC#N)CC[C@@H](C(=O)OC(C)(C)C)OC3)c3cc[nH]c(=O)c23)ccc1C(=O)N1CCCC1,4.0,Non-selective,57.199806,-47.591587
Cc1cc(Nc2nn([C@]3(CC#N)CC[C@@H](C(=O)OC(C)(C)C)OC3)c3cc[nH]c(=O)c23)ccc1C(=O)N1CCOC(C)(C)C1,1.357142857142857,Non-selective,57.09263,-47.53835
Cc1cc(Nc2nn([C@]3(CC#N)CC[C@@H](C(=O)OC(C)(C)C)OC3)c3cc[nH]c(=O)c23)ccc1C(=O)N1CCOC(C)C1,1.4987873851656026,Non-selective,57.057953,-47.423397
Cc1cc(Nc2nn([C@]3(CC#N)CC[C@@H](C(=O)OC(C)(C)C)OC3)c3cc[nH]c(=O)c23)ccc1C(=O)N1CCOCC1,1.4615384615384615,Non-selective,56.960175,-47.627155
Cc1cc(Nc2nn([C@]3(CC#N)CC[C@@H](C(=O)OC(C)(C)C)OC3)c3cc[nH]c(=O)c23)ccc1C(=O)N1CCOCC1C,1.1380818968491657,Non-selective,56.76153,-47.38223
Cc1cc(Nc2nn([C@]3(CC#N)CC[C@@H](C(=O)OC(C)(C)C)OC3)c3cc[nH]c(=O)c23)ccc1C(=O)N1CCSC(C)C1,1.302468850055935,Non-selective,57.17449,-47.390575
Cc1cc(Nc2nn([C@]3(CC#N)CC[C@@H](C(=O)OC(C)(C)C)OC3)c3cc[nH]c(=O)c23)ccc1C(=O)N1CCSC1,2.166666666666667,Non-selective,57.20414,-47.433376
Cc1cc(Nc2nn([C@]3(CC#N)CC[C@@H](C(=O)OC(C)(C)C)OC3)c3cc[nH]c(=O)c23)ccc1C(=O)N1CCSC1C,1.5835846473998731,Non-selective,57.18079,-47.12099
Cc1cc(Nc2nn([C@]3(CC#N)CC[C@@H](C(=O)OC(C)(C)C)OC3)c3cc[nH]c(=O)c23)ccc1C(=O)N1CCSCC1,1.3076923076923077,Non-selective,57.20804,-47.52948
Cc1cc(Nc2nn([C@]3(CC#N)CC[C@@H](C(=O)OC(C)(C)C)OC3)c3cc[nH]c(=O)c23)ccc1C(=O)N1C[C@@H]2C[C@H]1CO2,1.4999999999999998,Non-selective,57.13436,-46.844727
Cc1cc(OC(F)(F)F)ccc1NC1CCC(c2nnn3cnc4[nH]ccc4c23)CC1,4.330125,Non-selective,-27.304539,-68.89165
Cc1cc(OC(F)(F)F)ccc1NC[C@H]1CC[C@H](c2nnn3cnc4[nH]ccc4c23)CC1,2.4098426966292137,Non-selective,-21.951105,-61.830334
Cc1cc2c(-c3cnn([C@]4(CC#N)C[C@@H](C#N)C4)c3)nc(-c3cnn(C)c3)cn2n1,4.663576158940398,Non-selective,-13.084094,82.11179
Cc1cc2ncnn2cc1Nc1ncc2c(n1)n(C1CCCCC1)c(=O)n2C,1.0,Non-selective,-15.848364,-5.3284845
Cc1cc2ncnn2cc1Nc1ncc2c(n1)n(C1CCOCC1)c(=O)n2C,1.0,Non-selective,-15.415111,-5.382195
Cc1cc2ncnn2cc1Nc1ncc2c(n1)n([C@@H]1CCCOC1)c(=O)n2C,1.0,Non-selective,-15.373587,-5.389925
Cc1cc2ncnn2cc1Nc1ncc2c(n1)n([C@H]1CCCOC1)c(=O)n2C,1.0,Non-selective,-15.373587,-5.389925
Cc1cc2ncnn2cc1Nc1ncc2c(n1)n([C@H]1CCOC1)c(=O)n2C,1.0,Non-selective,-15.333153,-5.398314
Cc1cc2ncnn2cc1Nc1ncc2c(n1)n([C@H]1CC[C@@H](O)CC1)c(=O)n2C,1.0,Non-selective,-15.920595,-5.2352424
Cc1cc2ncnn2cc1Nc1ncc2c(n1)n([C@H]1CC[C@@](C)(O)CC1)c(=O)n2C,1.0,Non-selective,-15.974774,-5.1598835
Cc1cc2ncnn2cc1Nc1ncc2c(n1)n([C@H]1CC[C@H](O)CC1)c(=O)n2C,1.0,Non-selective,-15.920595,-5.2352424
Cc1cc2ncnn2cc1Nc1ncc2c(n1)n([C@H]1CC[C@](C)(O)CC1)c(=O)n2C,1.0,Non-selective,-15.974287,-5.1588254
Cc1cc2ncnn2cc1Nc1ncc2c(n1)n([C@]1(C)CC[C@H](O)CC1)c(=O)n2C,1.0,Non-selective,-15.981329,-5.0547013
Cc1ccc(-c2cc(N[C@@H]3CCCN(C(=O)CC#N)C3)nc(-c3cnn4ccccc34)n2)cn1,4.0,Non-selective,-4.194239,31.168352
Cc1ccc(-c2cc(N[C@@H]3CCCN(C(=O)CO)C3)nc(-c3cnn4ccccc34)n2)cn1,4.5,Non-selective,-2.6616414,32.139885
Cc1ccc(-c2cc3ncccc3c(-c3ccn(C4(CC#N)CN(CC(F)(F)F)C4)n3)n2)cn1,3.282115869017632,Non-selective,-3.2323527,85.78622
Cc1ccc(-c2cc3ncccc3c(-c3ccn(C4(CC#N)CN(S(C)(=O)=O)C4)n3)n2)c(N)n1,4.804270462633452,Non-selective,-4.319367,63.307873
Cc1ccc(-c2cc3ncccc3c(-c3ccn(C4(CC#N)CN(S(C)(=O)=O)C4)n3)n2)cn1,4.866836301950806,Non-selective,-3.6595843,65.084274
Cc1ccc(-c2ccc(CN3CCS(=O)(=O)CC3)cc2)n2cc(NC(=O)C3CC3)nc12,1.0,Non-selective,-10.271242,17.273254
Cc1ccc(-c2cnc3[nH]ccc3c2N[C@@H]2CCCN(C(=O)CC#N)C2)nc1,2.345205759825346,Non-selective,-41.613827,-27.012102
Cc1ccc(-c2nc(-c3cnn4ccccc34)nc(N[C@@H]3CCCN(C(=O)CO)C3)c2F)cn1,4.0,Non-selective,0.4560385,30.772802
Cc1ccc(-c2nnc(-c3n[nH]c4cc(-c5cc(F)c(O)cc5CC(F)(F)F)nc(NCc5ccccc5N(C)S(C)(=O)=O)c34)[nH]2)cn1,4.660287081339714,Non-selective,14.501338,-19.106022
Cc1ccc(C#N)c(N2CCC(C(=O)N3CCC(N4CC(CC#N)(n5cc(-c6ncnc7[nH]ccc67)cn5)C4)CC3)CC2)n1,1.5811390712061515,Non-selective,-38.30956,46.800518
Cc1ccc(C(=O)N2CCC(N3CC(CC#N)(n4cc(-c5ncnc6[nH]ccc56)cn4)C3)CC2)cc1F,1.5811326998601345,Non-selective,-41.88081,56.66158
Cc1ccc(C(=O)N2CCC(N3CC(CC#N)(n4cc(-c5ncnc6[nH]ccc56)cn4)C3)CC2)s1,1.0,Non-selective,-40.002422,48.16285
Cc1ccc(CC2CCN(S(=O)(=O)C[C@H]3CC[C@H](N(C)c4ncnc5[nH]ccc45)CC3)CC2)nn1,3.7400881057268727,Non-selective,-16.546701,-22.2857
Cc1ccc(CN(C[C@H]2CC[C@H](c3nnn4cnc5[nH]ccc5c34)CC2)C(=O)CC#N)o1,1.8181818181818181,Non-selective,-35.33427,-48.30448
Cc1ccc(CN2CCC(CC#N)(n3nc(Nc4ccc(S(=O)(=O)N(C)C)cc4)c4c(=O)[nH]ccc43)CC2)cc1,2.6363636363636362,Non-selective,23.973114,-38.325172
Cc1ccc(Cl)cc1NC(=O)N1CCC(N2CC(CC#N)(n3cc(-c4ncnc5[nH]ccc45)cn3)C2)CC1,1.0,Non-selective,-33.429382,48.4811
Cc1ccc(N(C)S(C)(=O)=O)c(CNc2nc(-c3cc(F)c(O)cc3CC(F)(F)F)cc3[nH]ncc23)c1,2.263888888888889,Non-selective,10.7375555,-12.85155
Cc1ccc(N2CCN(S(=O)(=O)C[C@H]3CC[C@H](N(C)c4ncnc5[nH]ccc45)CC3)CC2)nc1,3.0419161676646707,Non-selective,-16.98764,-21.86522
Cc1ccc(N2CCN(S(=O)(=O)C[C@H]3CC[C@H](N(C)c4ncnc5[nH]ccc45)CC3)CC2)nc1C,2.1141975308641974,Non-selective,-16.995468,-21.899282
Cc1ccc(NC(=O)N2CCC(N3CC(CC#N)(n4cc(-c5ncnc6[nH]ccc56)cn4)C3)CC2)c(C)n1,1.0,Non-selective,-32.892193,47.15703
Cc1ccc(NC(=O)N2CCC(N3CC(CC#N)(n4cc(-c5ncnc6[nH]ccc56)cn4)C3)CC2)c(F)n1,2.738609573940012,Non-selective,-31.941841,47.70253
Cc1ccc(NC(=O)c2cccc(C(F)(F)F)c2)cc1N1CCc2nc(Nc3ccc(C(=O)NC4CC4)nc3)ncc2C1,1.3333333333333333,Non-selective,-8.470906,2.3625605
Cc1ccc(NC(=O)c2n[nH]c3cc(-c4cc(F)c(O)cc4CC(F)(F)F)nc(NCc4ccccc4N(C)S(C)(=O)=O)c23)cn1,3.8175675675675675,Non-selective,17.470028,-24.59633
Cc1ccc(S(=O)(=O)N(C)c2ccccc2CNc2nc(-c3cc(F)c(O)cc3CC(F)(F)F)cc3[nH]nc(C(N)=O)c23)cn1,4.366666666666666,Non-selective,14.46274,-21.198277
Cc1cccc(Cl)c1NC(=O)N1CCC(N2CC(CC#N)(n3cc(-c4ncnc5[nH]ccc45)cn3)C2)CC1,2.738609573940012,Non-selective,-33.487934,48.426285
Cc1ccccc1NC(=O)N1CCC(N2CC(CC#N)(n3cc(-c4ncnc5[nH]ccc45)cn3)C2)CC1,1.25,Non-selective,-32.81003,46.698364
Cc1ccn(-c2cc3ncccc3c(-c3ccn(C4(CC#N)CN(CC(F)(F)F)C4)n3)n2)n1,1.498576352465158,Non-selective,-3.438656,85.64201
Cc1ccsc1C(=O)N1CCC(N2CC(CC#N)(n3cc(-c4ncnc5[nH]ccc45)cn3)C2)CC1,1.7320433824018149,Non-selective,-40.141308,48.136093
Cc1cn(C2(CC#N)CC(C#N)C2)nc1-c1nc(-c2cc(N)n(C)n2)cc2ncccc12,2.10262049592407,Non-selective,11.632995,82.16731
Cc1cn(C2(CC#N)CC(C#N)C2)nc1-c1nc(-c2cn[nH]c2N)cc2ncccc12,3.6705385427666313,Non-selective,11.516555,82.43039
Cc1cnc(-c2cnc3[nH]ccc3c2N[C@@H]2CCCN(C(=O)CC#N)C2)o1,1.0,Non-selective,-41.041103,-26.756475
Cc1cnc(F)c(CN2CCC(CC#N)(n3cc(C(N)=O)c(Nc4ccc(F)cc4)n3)CC2)c1,4.4,Non-selective,39.138687,27.526308
Cc1cnc(N(C)S(C)(=O)=O)c(CNc2nc(-c3cc(F)c(O)cc3CC(F)(F)F)cc3[nH]nc(C(N)=O)c23)c1,2.8645833333333335,Non-selective,19.946842,-21.702887
Cc1cnc(Nc2ccc(N3CCC(N4CCC5(CCCO5)CC4)CC3)cc2)nc1-c1ccc(C(=O)NCC#N)cc1,1.72,Non-selective,15.961583,1.683721
Cc1cnc(Nc2ccc(N3CCC(N4CCCC4=O)CC3)cc2)nc1-c1ccc(C(=O)NCC#N)cc1,4.166666666666667,Non-selective,15.820566,1.9085433
Cc1cnc(Nc2ccc(N3CCC(N4CCOCC4)CC3)cc2)nc1-c1ccc(C(=O)NCC#N)cc1,2.1538461538461537,Non-selective,15.988845,1.6906173
Cc1cnc(Nc2ccc(OCCN3CCCC3)cc2)nc1Nc1cccc(S(=O)(=O)NC(C)(C)C)c1,2.5,Non-selective,-10.44796,2.6405666
Cc1cncc(-c2cc(-c3cnn(C4(CC#N)CC(C#N)C4)n3)c3cccnc3c2)n1,1.260782845284294,Non-selective,4.327689,45.9208
Cc1cncc(-c2cc3ncccc3c(-c3ccn(C4(CC#N)CN(CC(F)(F)F)C4)n3)n2)c1,1.2682308180088777,Non-selective,-3.2027311,85.61597
Cc1cncc(Cl)c1CN1CCC(N2CC(CC#N)(n3cc(-c4ncnc5[nH]ccc45)cn3)C2)CC1,2.4,Non-selective,-44.941715,32.173965
Cc1cncc(Nc2nn([C@H]3CCCC[C@@H]3C#N)cc2C(N)=O)c1,2.3125,Non-selective,58.321674,7.50269
Cc1cncc2ccc(NC(=O)[C@@H]3CC3c3ccc(S(=O)(=O)Nc4ccc(F)cn4)cc3)cc12,1.2307692307692308,Non-selective,-1.3158041,-12.016209
Cc1cnn(CC2CCC(N3C=CC(=O)C4C=Nc5[nH]ccc5C43)CC2)c1,4.634146341463414,Non-selective,-25.21093,-9.780466
Cc1cnn2cc(-c3cnn(C)c3)nc(-c3cnn([C@]4(CC#N)C[C@@H](C#N)C4)c3)c12,3.2222222222222223,Non-selective,-13.001081,82.11145
Cc1csc(C(=O)N2CCC(N3CC(CC#N)(n4cc(-c5ncnc6[nH]ccc56)cn4)C3)CC2)c1,1.0,Non-selective,-40.220352,48.202972
Cc1csc(NC(=O)N2CCC(N3CC(CC#N)(n4cc(-c5ncnc6[nH]ccc56)cn4)C3)CC2)n1,2.236071448858502,Non-selective,-33.227806,47.075497
Cc1n[nH]c(C)c1-c1cnn(C2(CC#N)CN(c3cc(F)c(C(=O)N[C@@H](C)C(F)(F)F)cc3F)C2)c1,2.1666666666666665,Non-selective,-19.146988,35.29121
Cc1n[nH]c(C)c1-c1cnn(C2(CC#N)CN(c3cnc(C(=O)NC(C)C)cn3)C2)c1,2.1666666666666665,Non-selective,-19.665651,34.036316
Cc1n[nH]c(C)c1-c1cnn(C2(CC#N)CN(c3cnc(C(=O)N[C@@H](C)C(F)(F)F)cn3)C2)c1,2.1666666666666665,Non-selective,-19.61702,34.763714
Cc1n[nH]cc1-c1cc2ncccc2c(-c2ccn(C3(CC#N)CC(C#N)C3)n2)n1,1.9094516501862075,Non-selective,9.962539,80.213715
Cc1n[nH]cc1-c1cc2ncccc2c(-c2ccn(C3(CC#N)CN(S(C)(=O)=O)C3)n2)n1,1.8548571428571428,Non-selective,-3.061803,61.79501
Cc1n[nH]cc1-c1cn(C2(CC#N)CN(c3cc(F)c(C(=O)N[C@@H](C)C(F)(F)F)cc3F)C2)nc1CO,2.7888666666666664,Non-selective,-18.859825,35.402878
Cc1n[nH]cc1-c1cn(C2(CC#N)CN(c3cnc(C(=O)NC(C)C)cn3)C2)nc1C,3.3333333333333335,Non-selective,-19.466114,33.819443
Cc1n[nH]cc1-c1cnn(C2(CC#N)CN(c3cc(F)c(C(=O)N[C@@H](C)C(F)(F)F)cc3F)C2)c1,2.1666666666666665,Non-selective,-19.181171,35.22847
Cc1n[nH]cc1-c1cnn(C2(CC#N)CN(c3ccc(C(=O)NC(C)C)cc3)C2)c1,2.7888666666666664,Non-selective,-19.698565,33.850616
Cc1n[nH]cc1-c1cnn(C2(CC#N)CN(c3cnc(C(=O)NC(C)C)cn3)C2)c1,2.1666666666666665,Non-selective,-19.685488,33.99329
Cc1nc(-c2cc(-c3cnn(C4(CC#N)CC(C#N)C4)n3)c3cccnc3c2)ccc1O,3.061020162535814,Non-selective,4.5429387,45.74208
Cc1nc(-c2cc3ncccc3c(-c3ccn(C4(CC#N)CN(CC(F)(F)F)C4)n3)n2)c[nH]1,2.873684210526316,Non-selective,-3.4206173,86.099495
Cc1nc(C(=O)N2CCC(N3CC(CC#N)(n4cc(-c5ncnc6[nH]ccc56)cn4)C3)CC2)c(C(F)(F)F)o1,1.5811415280014314,Non-selective,-49.703945,55.059677
Cc1nc(C(F)(F)F)ccc1N(C(=O)N1CCCCC1)N1CC(CC#N)(n2ccc(-c3ncnc4[nH]ccc34)c2)C1,2.4,Non-selective,-51.880817,45.026142
Cc1nc(C(F)(F)F)ccc1NC(=O)N1CCC(N2CC(CC#N)(n3cc(-c4ncnc5[nH]ccc45)cn3)C2)CC1,1.0,Non-selective,-28.871984,46.507812
Cc1nc(C(F)(F)F)ccc1NC(=O)N1CCC(N2CC(CC#N)(n3ccc(-c4ncnc5[nH]ccc45)c3)C2)CC1,2.4,Non-selective,-55.76492,43.459473
Cc1nc(C2CCCCC2)c2c3cc[nH]c3ncn12,1.3478260869565217,Non-selective,-28.066072,-38.927914
Cc1nc(F)ccc1NC(=O)N1CCC(N2CC(CC#N)(n3cc(-c4ncnc5[nH]ccc45)cn3)C2)CC1,2.738609573940012,Non-selective,-31.870686,47.74775
Cc1nc(N(C)[C@@H]2CCN(c3ncnc4[nH]ccc34)C2)ccc1C#N,1.0,Non-selective,-54.69151,-34.577644
Cc1nc(NC(=O)N2CCC(N3CC(CC#N)(n4cc(-c5ncnc6[nH]ccc56)cn4)C3)CC2)sc1C,1.0,Non-selective,-33.221382,47.053272
Cc1nc(S(=O)(=O)N2CCC(N3CC(CC#N)(n4cc(-c5ncnc6[nH]ccc56)cn4)C3)CC2)cn1C,1.0,Non-selective,-36.990654,31.197437
Cc1nc2cc(C)c(Nc3ncc4c(n3)n(C3CCOCC3)c(=O)n4C)cn2n1,1.0,Non-selective,-15.366414,-5.387376
Cc1nc2ccc3[nH]ccc3c2n1C1CCC(C#N)CC1,1.0,Non-selective,-32.06851,-0.53077555
Cc1nc2cnc3[nH]ccc3c2n1[C@H]1CC[C@H](CC#N)CC1,1.0,Non-selective,-36.066887,1.1565728
Cc1nc2cnc3ccsc3c2n1[C@@H]1CC[C@@H](CC#N)[C@@H](O)C1,2.0,Non-selective,-66.64035,9.7090845
Cc1nc2cnc3ccsc3c2n1[C@H]1CC[C@H](CC#N)CC1,1.0,Non-selective,-65.1111,9.329191
Cc1nc2cnc3ccsc3c2n1[C@H]1CC[C@H](CC#N)OC1,1.0,Non-selective,-67.370255,8.969834
Cc1ncc(-c2cc3ncccc3c(-c3ccn(C4(CC#N)CN(CC(F)(F)F)C4)n3)n2)n1C,1.0,Non-selective,-3.4723065,85.40416
Cc1ncc(-c2nc(-c3cnn4ccccc34)nc(N[C@@H]3CCCN(C(=O)CO)C3)c2F)cn1,4.5,Non-selective,0.57751924,30.793344
Cc1ncc(N)nc1-c1cc(-c2cnn(C3(CC#N)CC(C#N)C3)n2)c2cccnc2c1,1.0,Non-selective,4.175926,46.07968
Cc1nccc(-c2cnc3[nH]ccc3c2N[C@@H]2C[C@H](C)CN(C(=O)CC#N)C2)n1,1.0,Non-selective,-40.017345,-23.541002
Cc1ncccc1NC(=O)N1CCC(N2CC(CC#N)(n3cc(-c4ncnc5[nH]ccc45)cn3)C2)CC1,2.738609573940012,Non-selective,-32.807205,46.66555
Cc1nn(C2(CC#N)CN(S(=O)(=O)C(C)C)C2)cc1-c1ncnc2[nH]ccc12,1.3471074380165289,Non-selective,-33.777634,28.383646
Cc1nn(C2(CC#N)CN(c3cnc(C(=O)NC(C)C)cn3)C2)cc1-c1cn[nH]c1,1.5384615384615385,Non-selective,-19.494627,33.8075
Cc1nnc(-c2n[nH]c3cc(-c4cc(F)c(O)cc4CC(F)(F)F)nc(NCc4ccccc4N(C)S(C)(=O)=O)c23)[nH]1,4.6909090909090905,Non-selective,14.652747,-19.21677
Cc1nnc(C2CCCN(S(=O)(=O)C[C@H]3CC[C@H](N(C)c4ncnc5[nH]ccc45)CC3)C2)o1,2.0,Non-selective,-17.101072,-24.790174
Cc1nnc(C2CCN(c3ccc(Nc4ncc(C)c(-c5ccc(C(=O)NCC#N)cc5)n4)cc3)CC2)o1,2.166666666666667,Non-selective,15.732664,2.0524971
Cc1nnc(C2CCN(c3ccc(Nc4nccc(-c5ccc(C(=O)NCC#N)cc5)n4)cc3)CC2)o1,1.5,Non-selective,16.3737,2.8205044
Cc1nnc(N2CCN(c3ccc(Nc4nccc(-c5ccc(C(=O)NCC#N)cc5)n4)cc3)CC2)o1,1.373134328358209,Non-selective,16.228617,3.149371
Cc1noc(C)c1-c1ccc(Nc2nn(C3(CC#N)CCN(C(=O)OC(C)(C)C)CC3)cc2C(N)=O)cc1,3.8,Non-selective,37.366943,53.818104
Cc1noc(C)c1CN1CCC(c2nnn3cnc4[nH]ccc4c23)CC1,2.4657534246575343,Non-selective,-49.01675,-57.20015
Cc1noc(C)c1S(=O)(=O)N1CCC(N2CC(CC#N)(n3cc(-c4ncnc5[nH]ccc45)cn3)C2)CC1,2.738609573940012,Non-selective,-36.89755,31.202469
Cc1onc(-c2ccccc2)c1CN1CCC(N2CC(CC#N)(n3cc(-c4ncnc5[nH]ccc45)cn3)C2)CC1,2.8284318535081514,Non-selective,-45.535767,30.655193
Cc1onc(N)c1-c1cc2ncccc2c(-c2ccn(C3(CC#N)CN(S(C)(=O)=O)C3)n2)n1,1.0,Non-selective,-3.9476297,63.730022
Clc1cc(CN2CCC(c3nnn4cnc5[nH]ccc5c34)CC2)ccn1,3.9622641509433962,Non-selective,-46.87439,-59.020023
Clc1ccc(CN2CCC(c3nnn4cnc5[nH]ccc5c34)CC2)o1,2.75,Non-selective,-47.876564,-58.052967
Clc1ccc(CN2CCC(c3nnn4cnc5[nH]ccc5c34)CC2)s1,4.426229508196721,Non-selective,-47.97737,-57.862396
Clc1cnc2nc1NCCCc1cccc(c1)OCCc1cccc(c1)N2,1.28,Non-selective,-20.794786,-0.83898896
Clc1cnc2nc1NCCCc1cccc(c1)OCc1cccc(c1)N2,1.0427350427350428,Non-selective,-20.77221,-0.66502696
Clc1cnc2nc1NCCc1cccc(c1)OCCCc1cccc(c1)N2,2.5,Non-selective,-20.795784,-0.84650874
Clc1cnc2nc1NCCc1cccc(c1)OCCc1cccc(c1)N2,1.2173913043478262,Non-selective,-20.560339,-0.7747178
Clc1cnc2nc1NCCc1cccc(c1)OCc1cccc(c1)N2,1.8018018018018018,Non-selective,-20.534567,-0.5956371
Clc1cnc2nc1NCc1cc(Br)cc(c1)OCCCc1cccc(c1)N2,3.0,Non-selective,-20.780474,-0.9248152
Clc1cnc2nc1NCc1cc(ccc1-c1ccccc1)OCCCc1cccc(c1)N2,1.975609756097561,Non-selective,-20.980373,-0.46790174
Clc1cnc2nc1NCc1cc(ccc1Br)OCCCc1cccc(c1)N2,1.098901098901099,Non-selective,-20.811586,-0.8638277
Clc1cnc2nc1NCc1cccc(c1)OCCCc1cccc(c1)N2,2.210526315789474,Non-selective,-20.786667,-0.8829734
Clc1cnc2nc1NCc1cccc(c1)OCCOc1cccc(c1)N2,1.9277108433734937,Non-selective,-20.48469,-0.6822927
Clc1cnc2nc1NCc1cccc(c1)OCCc1cccc(c1)N2,1.3,Non-selective,-20.559402,-0.8339956
Clc1cnc2nc1NCc1cccc(c1)OCc1cccc(c1)N2,1.0408163265306123,Non-selective,-20.486488,-0.5954205
Clc1cnccc1CN1CCC(c2nnn3cnc4[nH]ccc4c23)CC1,3.4,Non-selective,-47.305622,-58.37832
Clc1n[nH]c2ccc(CN3CCC(c4nnn5cnc6[nH]ccc6c45)CC3)cc12,2.25,Non-selective,-46.38487,-58.94525
Clc1nc(NCc2ccccn2)c2c(-c3ccccc3)cccc2n1,2.810567734682406,Non-selective,-19.942791,0.52470344
Cn1c(=O)c(Sc2ccc(F)cc2)cc2cnc(Nc3ccc4[nH]ccc4c3)nc21,1.0,Non-selective,-16.505363,0.30068028
Cn1c(NC(=O)N2CCC(N3CC(CC#N)(n4cc(-c5ncnc6[nH]ccc56)cn4)C3)CC2)nc2ccccc21,1.0,Non-selective,-33.449688,46.129417
Cn1cc(-c2cc(-c3ccn(C4(CC#N)CN(CC(F)(F)F)C4)n3)c3cccnc3c2)cn1,3.389830508474576,Non-selective,-5.752948,82.91311
Cn1cc(-c2cc(-c3ccn(C4(CC#N)CN(CC(F)(F)F)C4)n3)n3ccnc3c2)cn1,1.38811771238201,Non-selective,-6.984188,82.15071
Cn1cc(-c2cc(-c3ccn(C4(CC#N)CN(CC(F)(F)F)C4)n3)n3ncnc3c2)cn1,1.4259259259259258,Non-selective,-7.024518,82.149704
Cn1cc(-c2cc(-c3cnn(C4(CC#N)CC(C#N)C4)n3)n3ccnc3c2)cn1,1.830605942684972,Non-selective,-16.730066,82.722206
Cn1cc(-c2cc(-c3cnn(C4(CC#N)CN(CC(F)(F)F)C4)c3)n3ccnc3c2)cn1,2.535496957403651,Non-selective,-7.5818496,82.00805
Cn1cc(-c2cc(-c3cnn(C4(CC#N)CN(CC(F)(F)F)C4)c3)n3ncnc3c2)cn1,1.0266866566716641,Non-selective,-7.622156,82.00284
Cn1cc(-c2cc(-c3cnn(C4(CC#N)CN(S(C)(=O)=O)C4)n3)c3cccnc3c2)ccc1=O,2.389751552795031,Non-selective,-9.250785,51.07381
Cn1cc(-c2cc3ncccc3c(-c3cc(C4(CC#N)CN(CC#N)C4)no3)n2)cn1,4.866666666666666,Non-selective,-6.97633,80.64264
Cn1cc(-c2cc3ncccc3c(-c3ccn(C4(CC#N)CN(CC(F)(F)F)C4)n3)n2)ccc1=O,1.0677179962894248,Non-selective,-3.3498077,84.7189
Cn1cc(-c2cc3ncccc3c(-c3ccn(C4(CC#N)CN(CC(F)(F)F)C4)n3)n2)cn1,4.2330827067669174,Non-selective,-4.126923,83.89203
Cn1cc(-c2cc3ncccc3c(-c3ccn(C4(CC#N)CN(CC5CC5)C4)n3)n2)cn1,4.73953488372093,Non-selective,-2.068737,80.555725
Cn1cc(-c2cc3ncccc3c(-c3ccn(C4(CC#N)CN(S(=O)(=O)C5CC5)C4)n3)n2)cn1,4.152263374485597,Non-selective,-2.1682832,68.71954
Cn1cc(-c2cc3ncccc3c(-c3ccn(C4(CC#N)CN(S(C)(=O)=O)C4)n3)n2)ccc1=O,1.868421052631579,Non-selective,-3.3125699,65.89111
Cn1cc(-c2cc3ncccc3c(-c3cnn(C4(CC#N)CN(CC(F)(F)F)C4)c3)n2)cn1,3.730769230769231,Non-selective,-5.5359945,82.38055
Cn1cc(-c2cc3nccnc3c(-c3ccn(C4(CC#N)CN(CC#N)C4)n3)n2)cn1,2.8304557033682425,Non-selective,-6.2853503,81.00558
Cn1cc(-c2cc3nccnc3c(-c3ccn(C4(CC#N)CN(CC(F)(F)F)C4)n3)n2)cn1,1.0,Non-selective,-6.0451293,82.28546
Cn1cc(-c2cn3nccc3c(-c3cnn(C4(CC#N)CC(O)C4)c3)n2)cn1,2.891008174386921,Non-selective,-12.27677,80.59739
Cn1cc(-c2cn3nccc3c(-c3cnn(C4(CC#N)CN(S(=O)(=O)C5CC5)C4)c3)n2)cn1,3.7755102040816326,Non-selective,-10.75871,79.779366
Cn1cc(-c2cn3nccc3c(-c3cnn([C@]4(CC#N)C[C@@H](CC#N)C4)c3)n2)cn1,4.80503144654088,Non-selective,-12.162262,80.67666
Cn1cc(-c2cn3nccc3c(-c3cnn([C@]4(CC#N)C[C@@H](O)C4)c3)n2)cn1,2.891008174386921,Non-selective,-12.276449,80.597565
Cn1cc(-c2cn3nccc3c(-c3cnn([C@]4(CC#N)C[C@H](C#N)C4)c3)n2)cn1,2.625,Non-selective,-12.924688,81.39173
Cn1cc(-c2cn3ncnc3c(-c3cnn(C4(CC#N)CN(CC#N)C4)c3)n2)cn1,3.7965072133637054,Non-selective,-10.034071,80.577385
Cn1cc(Nc2nccc(N3C[C@H]4CC[C@@H](C3)N4C(=O)C3(F)CC3)n2)cn1,3.040462427745665,Non-selective,4.590319,10.23234
Cn1cc(Nc2nccc(N3C[C@H]4CC[C@@H](C3)N4C(=O)C3CC(F)(F)C3)n2)cn1,3.839344262295082,Non-selective,4.552292,10.158256
Cn1cc(Nc2nccc(N3C[C@H]4CC[C@@H](C3)N4C(=O)C3CC3)n2)cn1,3.437185929648241,Non-selective,4.973707,9.880261
Cn1cc(Nc2nccc(N3C[C@H]4CC[C@@H](C3)N4C(=O)[C@@H]3CC3(F)F)n2)cn1,4.529411764705882,Non-selective,4.4511795,10.186334
Cn1cc(Nc2nccc(N3C[C@H]4CC[C@@H](C3)N4C(=O)[C@@H]3C[C@@H]3C#N)n2)cn1,2.993576017130621,Non-selective,6.7157493,9.6134815
Cn1cc(Nc2nccc(N3C[C@H]4CC[C@@H](C3)N4C(=O)[C@@H]3C[C@@H]3F)n2)cn1,3.1507760532150777,Non-selective,4.7914467,10.175067
Cn1cc(Nc2nccc(N3C[C@H]4CC[C@@H](C3)N4C(=O)[C@H]3CC3(F)F)n2)cn1,3.7387173396674585,Non-selective,4.4511795,10.186334
Cn1cc(Nc2nccc(N3C[C@H]4CC[C@@H](C3)N4C(=O)[C@H]3C[C@H]3C#N)n2)cn1,3.292786421499293,Non-selective,6.7157493,9.6134815
Cn1cc(Nc2nccc(N3C[C@H]4CC[C@@H](C3)N4C(=O)[C@H]3C[C@H]3F)n2)cn1,3.4295676429567643,Non-selective,4.7914467,10.175067
Cn1cc(Nc2nccc(N3C[C@H]4CC[C@@H](C3)N4C(N)=O)n2)cn1,2.7486033519553073,Non-selective,5.045086,10.007749
Cn1cc(Nc2nccc(N3C[C@H]4CC[C@@H](C3)N4C3(CC#N)CN(S(C)(=O)=O)C3)n2)cn1,3.0,Non-selective,7.310436,11.839113
Cn1cc(Nc2nccc(N3C[C@H]4CC[C@@H](C3)N4C3(CC#N)COC3)n2)cn1,1.099290780141844,Non-selective,7.559615,11.099372
Cn1cc(Nc2nccc(N3C[C@H]4CC[C@@H](C3)N4C3CC(C#N)C3)n2)cn1,3.0256410256410255,Non-selective,7.285933,10.382664
Cn1cc(Nc2nccc(N3C[C@H]4CC[C@@H](C3)N4C3CN(S(C)(=O)=O)C3)n2)cn1,4.416666666666667,Non-selective,6.2742944,11.95616
Cn1cc(Nc2nccc(N3C[C@H]4CC[C@@H](C3)N4C[C@@H]3CC3(F)F)n2)cn1,3.3684210526315788,Non-selective,5.5345078,11.0357895
Cn1cc(Nc2nccc(N3C[C@H]4CC[C@@H](C3)N4C[C@H]3CC3(F)F)n2)cn1,2.825082508250825,Non-selective,5.5349917,11.035695
Cn1cc(Nc2nccc(N3C[C@H]4CC[C@@H](C3)N4Cc3ccno3)n2)cn1,3.581818181818182,Non-selective,5.9917674,11.108783
Cn1cc(Nc2nccc(N3C[C@H]4CC[C@@H](C3)N4Cc3cnoc3)n2)cn1,3.0749063670411987,Non-selective,6.1531143,11.107589
Cn1cc(Nc2nccc(N3C[C@H]4CC[C@@H](C3)N4Cc3nccs3)n2)cn1,3.6360544217687076,Non-selective,6.1652355,11.115326
Cn1cc(Nc2nccc(N3C[C@H]4CC[C@@H](C3)N4S(C)(=O)=O)n2)cn1,1.7184210526315788,Non-selective,6.226161,11.839752
Cn1ccc(-c2cc3ncccc3c(-c3ccn(C4(CC#N)CN(CC(F)(F)F)C4)n3)n2)n1,3.4677356276886977,Non-selective,-3.3412554,84.86938
Cn1ccc(NC(=O)Cc2cccc(Nc3nn([C@@H]4CCCC[C@H]4C#N)c4cc[nH]c(=O)c34)c2)n1,2.142857142857143,Non-selective,4.317003,-70.72792
Cn1ccc(S(=O)(=O)N2CCC(N3CC(CC#N)(n4cc(-c5ncnc6[nH]ccc56)cn4)C3)CC2)n1,1.0,Non-selective,-36.953712,31.215645
Cn1ccnc1-c1cnc2[nH]ccc2c1N[C@@H]1CCCN(C(=O)CC#N)C1,1.0,Non-selective,-41.92269,-27.117123
Cn1cnc(S(=O)(=O)N2CCC(CC#N)(n3cc(C(N)=O)c(Nc4ccccc4)n3)CC2)c1,4.5,Non-selective,17.4748,51.51723
Cn1cnc(S(=O)(=O)N2CCC(N3CC(CC#N)(n4cc(-c5ncnc6[nH]ccc56)cn4)C3)CC2)c1,1.0,Non-selective,-36.92331,31.274937
Cn1cnc2cc(-c3cc4ncccc4c(-c4ccn(C5(CC#N)CN(S(C)(=O)=O)C5)n4)n3)cnc21,1.3901354784081288,Non-selective,-2.9666617,65.392975
Cn1nc(-c2cc3ncccc3c(-c3ccn(C4(CC#N)CC(C)(C#N)C4)n3)n2)cc1N,4.5208026509572905,Non-selective,3.8303716,80.5112
Cn1nc(CO)cc1-c1cc2ncccc2c(-c2ccn(C3(CC#N)CC(C#N)C3)n2)n1,4.221153760168358,Non-selective,11.765111,79.58023
Cn1ncc(-c2cc(-c3cnn(C4(CC#N)CC(C#N)C4)n3)c3cccnc3c2)c1C(N)=O,1.4577195726549301,Non-selective,2.6740701,41.72247
Cn1ncc(-c2cc(-c3cnn(C4(CC#N)CC(C#N)C4)n3)c3cccnc3c2)c1CO,1.1587485515643106,Non-selective,3.7323031,44.425606
Cn1ncc(-c2cc(-c3cnn(C4(CC#N)CC(C#N)C4)n3)c3cccnc3c2)c1N,4.878588144951914,Non-selective,3.793736,44.775032
Cn1ncc(-c2cc3ncccc3c(-c3ccn(C4(CC#N)CC(C#N)C4)n3)n2)c1CO,2.376923076923077,Non-selective,12.330396,79.67636
Cn1ncc(-c2cc3ncccc3c(-c3ccn(C4(CC#N)CC(C#N)C4)n3)n2)c1N,2.2222366229676047,Non-selective,11.913353,79.85288
Cn1ncc(-c2cc3ncccc3c(-c3ccn(C4(CC#N)CN(CC(F)(F)F)C4)n3)n2)n1,3.1436655139893115,Non-selective,-3.1570792,85.12134
Cn1ncc(-c2cc3ncccc3c(-c3ccn(C4(CC#N)CN(S(C)(=O)=O)C4)n3)n2)c1C(N)=O,1.0,Non-selective,-5.7998004,64.71256
Cn1ncc(-c2cc3ncccc3c(-c3ccn(C4(CC#N)CN(S(C)(=O)=O)C4)n3)n2)c1N,2.8309178743961354,Non-selective,-4.3656273,63.764725
Cn1nccc1-c1cc(-c2cnn(C3(CC#N)CN(S(C)(=O)=O)C3)n2)c2cccnc2c1,1.0,Non-selective,-9.101616,51.16879
Cn1nccc1-c1cc2ncccc2c(-c2ccn(C3(CC#N)CN(CC(F)(F)F)C3)n2)n1,1.0968049594659037,Non-selective,-3.2226565,84.82578
Cn1nccc1C1CC(CC#N)(n2ccc(-c3nc(-c4cn[nH]c4)cc4ncccc34)n2)C1,1.6822625698324023,Non-selective,7.0569563,80.45915
Cn1nccc1S(=O)(=O)N1CCC(N2CC(CC#N)(n3cc(-c4ncnc5[nH]ccc45)cn3)C2)CC1,2.738609573940012,Non-selective,-37.0543,31.179966
Cn1nncc1-c1cc(-c2cnn(C3(CC#N)CC(C#N)C3)n2)c2cccnc2c1,1.0,Non-selective,3.7786727,44.63455
FC(F)(Br)CN[C@H]1CC[C@@H](c2nnn3cnc4[nH]ccc4c23)CC1,4.2,Non-selective,-27.43844,-67.36621
FC(F)(F)C(F)(F)CN[C@H]1CC[C@@H](c2nnn3cnc4[nH]ccc4c23)CC1,4.111111111111111,Non-selective,-27.398739,-67.37561
FC(F)(F)C(N[C@H]1CC[C@H](c2nnn3cnc4[nH]ccc4c23)CC1)C(F)(F)F,4.523809523809524,Non-selective,-28.282883,-67.06279
FC(F)(F)C1CCC(N2CCC(c3nnn4cnc5[nH]ccc5c34)CC2)CC1,4.535558780841799,Non-selective,-30.411684,-65.70658
FC(F)(F)CCNC[C@H]1CC[C@H](c2nnn3cnc4[nH]ccc4c23)CC1,4.133333333333334,Non-selective,-24.401642,-62.443863
FC(F)(F)CN(CC1CC1)C[C@H]1CC[C@H](c2nnn3cnc4[nH]ccc4c23)CC1,3.1666666666666665,Non-selective,-23.95485,-61.72938
FC(F)(F)CN(CC1CC1)[C@H]1CC[C@H](c2nnn3cnc4[nH]ccc4c23)CC1,1.55,Non-selective,-23.885643,-61.51862
FC(F)(F)CN1CCC(c2nnn3cnc4[nH]ccc4c23)CC1,2.9375,Non-selective,-42.08932,-62.44873
FC(F)(F)CN[C@H]1CC[C@H](c2nnn3cnc4[nH]ccc4c23)CC1,4.545454545454545,Non-selective,-27.36024,-67.31018
FC(F)(F)Oc1ccc(NC[C@H]2CC[C@H](c3nnn4cnc5[nH]ccc5c34)CC2)c(Cl)c1,3.076923076923077,Non-selective,-22.254307,-61.320072
FC(F)(F)Oc1ccc(NC[C@H]2CC[C@H](c3nnn4cnc5[nH]ccc5c34)CC2)cc1,4.526315789473684,Non-selective,-23.055677,-61.828327
FC(F)(F)[C@H]1CC[C@H](c2nnn3cnc4[nH]ccc4c23)CC1,1.9988160858568387,Non-selective,-28.573376,-66.75721
FC(F)(F)c1cc(CN2CCC(c3nnn4cnc5[nH]ccc5c34)CC2)cc(C(F)(F)F)c1,1.626412946247052,Non-selective,-43.04759,-62.417316
FC(F)(F)c1cc(CN2CCC(c3nnn4cnc5[nH]ccc5c34)CC2)ccc1Cl,2.909090909090909,Non-selective,-43.662567,-61.747974
FC(F)(F)c1ccc(CN2CCC(c3nnn4cnc5[nH]ccc5c34)CC2)o1,2.2399999999999998,Non-selective,-42.42125,-62.4313
FC(F)(F)c1ccc(CN2CCCC(c3nnn4cnc5[nH]ccc5c34)C2)cc1,1.172602879912673,Non-selective,-42.51359,-62.90873
FC(F)(F)c1nc2cc(NC[C@H]3CC[C@H](c4nnn5cnc6[nH]ccc6c45)CC3)ccc2[nH]1,1.3214285714285716,Non-selective,-22.69472,-61.472576
FC(F)CN[C@H]1CC[C@H](c2nnn3cnc4[nH]ccc4c23)CC1,3.8666666666666667,Non-selective,-24.82395,-44.297894
FC1(F)CCC(c2nnn3cnc4[nH]ccc4c23)CC1,3.6363636363636362,Non-selective,-27.320084,-42.43573
FC1(F)CCN(C[C@H]2CC[C@H](c3nnn4cnc5[nH]ccc5c34)CC2)C1,4.52054794520548,Non-selective,-25.961508,-57.44138
FC1(F)CCN(C[C@H]2CC[C@H](c3nnn4cnc5[nH]ccc5c34)CC2)CC1,4.761904761904762,Non-selective,-26.069447,-57.45362
FC1(F)CN(C[C@H]2CC[C@H](c3nnn4cnc5[nH]ccc5c34)CC2)C1,2.888888888888889,Non-selective,-25.696257,-57.27486
FC1(F)Oc2cccc(CN3CCC(c4nnn5cnc6[nH]ccc6c45)CC3)c2O1,2.230769230769231,Non-selective,-48.567356,-60.38042
Fc1ccc(CN2CCC(c3nnn4cnc5[nH]ccc5c34)CC2)c(Cl)c1,4.545454545454545,Non-selective,-46.63362,-62.24146
Fc1ccc(CN2CCC(c3nnn4cnc5[nH]ccc5c34)CC2)cc1C(F)(F)F,2.7906976744186047,Non-selective,-43.83638,-62.408646
Fc1ccc(CN2CCC(c3nnn4cnc5[nH]ccc5c34)CC2)cc1F,4.339622641509434,Non-selective,-46.42935,-61.67764
Fc1ccc(CN2CCC(c3nnn4cnc5[nH]ccc5c34)CC2)cn1,4.0540540540540535,Non-selective,-47.030373,-61.35204
Fc1ccc(NC[C@H]2CC[C@H](c3nnn4cnc5[nH]ccc5c34)CC2)cc1,4.838709677419354,Non-selective,-18.577747,-57.668705
Fc1ccc(NC[C@H]2CC[C@H](c3nnn4cnc5[nH]ccc5c34)CC2)cc1F,3.2941176470588234,Non-selective,-21.166275,-58.066586
Fc1ccc(N[C@H]2CC[C@@H](c3nnn4cnc5[nH]ccc5c34)CC2)cc1,3.1884057971014492,Non-selective,-15.974834,-58.58847
Fc1ccc2c(c1)CCN2C[C@H]1CC[C@H](c2nnn3cnc4[nH]ccc4c23)CC1,3.357142857142857,Non-selective,-19.94228,-57.96723
Fc1cccc(CN2CCC(c3nnn4cnc5[nH]ccc5c34)CC2)c1,4.918032786885246,Non-selective,-46.90203,-61.63567
Fc1ccccc1CN1CCC(c2nnn3cnc4[nH]ccc4c23)CC1,1.75,Non-selective,-47.949432,-61.517628
Fc1cnccc1CN1CCC(c2nnn3cnc4[nH]ccc4c23)CC1,3.235294117647059,Non-selective,-47.675156,-61.78179
IC[C@H]1CC[C@H](c2nnn3cnc4[nH]ccc4c23)CC1,4.343434343434343,Non-selective,-23.307291,-52.50422
Ic1ccc(CN2CCC(c3nnn4cnc5[nH]ccc5c34)CC2)o1,2.041666666666667,Non-selective,-48.955967,-58.389748
N#C/C(=C\N1CCC(c2nnn3cnc4[nH]ccc4c23)CC1)c1ccccc1,3.7142857142857144,Non-selective,-32.02379,-43.345207
N#CC(C#N)=C[C@H]1CC[C@H](c2nnn3cnc4[nH]ccc4c23)CC1,2.7083333333333335,Non-selective,-32.91981,-43.44426
N#CC(C#N)C[C@H]1CC[C@H](c2nnn3cnc4[nH]ccc4c23)CC1,3.3846153846153846,Non-selective,-37.203297,-46.51147
N#CC1(CN2[C@@H]3CC[C@H]2CN(c2ccnc(Nc4cn[nH]c4)n2)C3)CC1,2.9607843137254903,Non-selective,7.8270082,8.472895
N#CC1(Nc2ccnc(-c3c[nH]c4ncccc34)n2)CCC1,1.0,Non-selective,-30.215345,20.184708
N#CC1(Nc2ccnc(-c3c[nH]c4ncccc34)n2)CCCC1,1.0,Non-selective,-30.217976,20.180202
N#CC1(Nc2ccnc(-c3ccnc4[nH]ccc34)n2)CCC1,1.0,Non-selective,-30.710423,20.332447
N#CC1(Nc2ccnc(-c3ccnc4[nH]ccc34)n2)CCCC1,1.0,Non-selective,-30.713802,20.328829
N#CC1(Nc2ccnc(-c3ncnc4[nH]ccc34)n2)CCC1,1.0,Non-selective,-31.684963,20.88601
N#CC1(Nc2ccnc(-c3ncnc4[nH]ccc34)n2)CCCC1,1.0,Non-selective,-31.686272,20.880608
N#CC1(Nc2ccnc(-c3ncnc4[nH]ccc34)n2)CCS(=O)(=O)CC1,1.0,Non-selective,-31.719841,20.928226
N#CC1(c2ccc(-c3cccc4nc(NC(=O)C5CC5)cn34)cc2)CC1,1.0,Non-selective,-13.636503,18.650478
N#CC1CC12CCC(c1nnn3cnc4[nH]ccc4c13)CC2,2.6470588235294117,Non-selective,-33.362144,-43.482594
N#CC1CCC(n2c(CO)nc3ccc4[nH]ccc4c32)CC1,1.0,Non-selective,-32.086773,-0.5108203
N#CC1CCCCC1n1nc(Nc2ccc(C(O)C(F)F)cc2)c2c(=O)[nH]ccc21,4.357142857142857,Non-selective,11.840015,-75.636475
N#CCC(=O)N(CC#N)C[C@H]1CC[C@H](c2nnn3cnc4[nH]ccc4c23)CC1,2.5,Non-selective,-35.532642,-48.329
N#CCC(=O)N(CC(F)(F)F)C[C@H]1CC[C@H](c2nnn3cnc4[nH]ccc4c23)CC1,2.1470588235294117,Non-selective,-35.477856,-50.126923
N#CCC(=O)N(C[C@H]1CC[C@H](c2nnn3cnc4[nH]ccc4c23)CC1)C1CC1,1.6842105263157894,Non-selective,-35.567913,-48.396328
N#CCC(=O)N1CCCC(Nc2c(-c3ccsn3)cnc3[nH]ccc23)C1,1.0,Non-selective,-40.56238,-28.143871
N#CCC(=O)N1CCCC(c2ncn3cnc4[nH]ccc4c23)C1,2.0,Non-selective,-38.246532,-31.345766
N#CCC(=O)N1CCC[C@@H](Nc2c(-c3cccc(CO)n3)cnc3[nH]ccc23)C1,1.0,Non-selective,-41.073124,-29.202007
N#CCC(=O)N1CCC[C@@H](Nc2c(-c3ccn(CCO)n3)cnc3[nH]ccc23)C1,1.0,Non-selective,-40.087948,-29.121471
N#CCC(=O)N1CCC[C@@H](Nc2c(-c3ccnc(N)n3)cnc3[nH]ccc23)C1,1.0,Non-selective,-41.696224,-28.612879
N#CCC(=O)N1CCC[C@@H](Nc2c(-c3cscn3)cnc3[nH]ccc23)C1,1.0,Non-selective,-40.483234,-28.329077
N#CCC(=O)N1CCC[C@@H](Nc2c(-c3ncco3)cnc3[nH]ccc23)C1,1.0,Non-selective,-41.200382,-28.432013
N#CCC(=O)N1CCC[C@@H](Nc2c(-c3nccs3)cnc3[nH]ccc23)C1,1.0,Non-selective,-40.54359,-28.151505
N#CCC(=O)N1CCC[C@@H](Nc2c(-c3ncon3)cnc3[nH]ccc23)C1,1.0,Non-selective,-40.122852,-27.798618
N#CCC(=O)N1CCC[C@@H](Nc2c(-c3nnc[nH]3)cnc3[nH]ccc23)C1,1.0,Non-selective,-40.369694,-28.169632
N#CCC(=O)N1CCC[C@@H](Nc2c(-c3nnco3)cnc3[nH]ccc23)C1,1.0,Non-selective,-40.171867,-27.822077
N#CCC(=O)N1CCC[C@@H](Nc2cc(-c3cncc(O)c3)nc(-c3cnn4ccccc34)n2)C1,1.0,Non-selective,-4.2543945,31.028042
N#CCC(=O)N1CCC[C@@H](Nc2cc(OCCO)nc(-c3cnn4ccccc34)n2)C1,1.0,Non-selective,-4.388485,30.56691
N#CCC(=O)N1CCC[C@@H](Nc2nc(-c3cnn4ccccc34)nc(-c3ccc(CO)cc3)c2F)C1,3.3333333333333335,Non-selective,-3.8173544,28.207474
N#CCC(=O)N1CCC[C@@H](Nc2nc(-c3cnn4ccccc34)nc(-c3ccc(CO)nc3)c2F)C1,1.0,Non-selective,-3.8635743,28.336206
N#CCC(=O)N1CCC[C@@H](Nc2nc(-c3cnn4ccccc34)nc(-c3ccc(N)nc3)c2F)C1,1.6666666666666667,Non-selective,-3.9101114,28.33896
N#CCC(=O)N1CCC[C@@H](Nc2nc(-c3cnn4ccccc34)nc(-c3ccnc(CO)c3)c2F)C1,4.0,Non-selective,-3.5359554,28.990816
N#CCC(=O)N1CCC[C@@H](Nc2nc(-c3cnn4ccccc34)nc(N3CCC(C(=O)O)CC3)c2F)C1,2.5,Non-selective,-3.7459295,27.345392
N#CCC(=O)N1CCC[C@@H](Nc2nc(-c3cnn4ccccc34)nc(OCCO)c2F)C1,2.0,Non-selective,-3.7612708,28.025208
N#CCC(=O)N1CCC[C@@H](Oc2nc(-c3cnn4ccccc34)nc(N3CCOCC3)c2F)C1,4.0,Non-selective,-2.1409066,26.837704
N#CCC(=O)NC[C@H]1CC[C@H](c2nnn3cnc4[nH]ccc4c23)CC1,3.9024390243902443,Non-selective,-35.318344,-48.297436
N#CCC(=O)Nc1cccc(-c2cnc3ccccc3n2)c1,1.1049723756906078,Non-selective,-21.176468,8.483278
N#CCC(C1CCCC1)n1cc(-c2ncnc3[nH]ccc23)cn1,1.1785714285714286,Non-selective,-34.49181,26.411037
N#CCC1(COC(=O)N2CC[C@H](n3cc(C(N)=O)c(Nc4ccc(F)cc4)n3)[C@H](C#N)C2)CC1,3.4,Non-selective,31.32852,0.65209365
N#CCC1(n2cc(-c3c(C#N)cnc4[nH]ccc34)cn2)CN(C2CCN(C(=O)c3c(F)cc(C#N)cc3F)CC2)C1,2.236071448858502,Non-selective,-20.158823,60.50893
N#CCC1(n2cc(-c3c(C#N)cnc4[nH]ccc34)cn2)CN(C2CCN(C(=O)c3cc(Br)cc(Br)c3)CC2)C1,2.0,Non-selective,-19.392572,61.3219
N#CCC1(n2cc(-c3c(C#N)cnc4[nH]ccc34)cn2)CN(C2CCN(C(=O)c3cc(Br)ccc3Br)CC2)C1,2.0,Non-selective,-19.320248,61.19166
N#CCC1(n2cc(-c3c(C#N)cnc4[nH]ccc34)cn2)CN(C2CCN(C(=O)c3cc(C#N)cc(C#N)c3)CC2)C1,2.236071448858502,Non-selective,-19.45226,61.30888
N#CCC1(n2cc(-c3c(C#N)cnc4[nH]ccc34)cn2)CN(C2CCN(C(=O)c3cc(C#N)ccc3C#N)CC2)C1,1.0,Non-selective,-19.344604,61.197773
N#CCC1(n2cc(-c3c(C#N)cnc4[nH]ccc34)cn2)CN(C2CCN(C(=O)c3cc(C(F)(F)F)ncc3Cl)CC2)C1,2.236071448858502,Non-selective,-19.637838,58.77518
N#CCC1(n2cc(-c3c(C#N)cnc4[nH]ccc34)cn2)CN(C2CCN(C(=O)c3cc(C(F)(F)F)ncc3F)CC2)C1,2.236071448858502,Non-selective,-19.955797,59.07206
N#CCC1(n2cc(-c3c(C#N)cnc4[nH]ccc34)cn2)CN(C2CCN(C(=O)c3cc(F)cc(C#N)c3)CC2)C1,2.236071448858502,Non-selective,-20.218977,60.951645
N#CCC1(n2cc(-c3c(C#N)cnc4[nH]ccc34)cn2)CN(C2CCN(C(=O)c3ccc(C#N)c(F)c3)CC2)C1,1.264911215136728,Non-selective,-20.434116,60.841484
N#CCC1(n2cc(-c3c(C#N)cnc4[nH]ccc34)cn2)CN(C2CCN(C(=O)c3ccc(C#N)cc3)CC2)C1,2.4,Non-selective,-19.457872,61.45694
N#CCC1(n2cc(-c3c(C#N)cnc4[nH]ccc34)cn2)CN(C2CCN(C(=O)c3ccc(C#N)cc3F)CC2)C1,2.4,Non-selective,-20.007145,60.53103
N#CCC1(n2cc(-c3c(C#N)cnc4[nH]ccc34)cn2)CN(S(=O)(=O)CCC(F)(F)F)C1,2.0153846153846153,Non-selective,-24.911713,28.675978
N#CCC1(n2cc(-c3c(C(N)=O)cnc4[nH]ccc34)cn2)CN(C2CCN(C(=O)c3cc(Br)cc(Br)c3)CC2)C1,2.0,Non-selective,-18.7737,61.565723
N#CCC1(n2cc(-c3c(C(N)=O)cnc4[nH]ccc34)cn2)CN(C2CCN(C(=O)c3cc(Br)ccc3Br)CC2)C1,2.0,Non-selective,-18.758514,61.540222
N#CCC1(n2cc(-c3c(F)cnc4[nH]ccc34)cn2)CN(C2CCN(C(=O)C3CCC(F)(F)CC3)CC2)C1,2.236071448858502,Non-selective,-20.948927,59.628597
N#CCC1(n2cc(-c3c(F)cnc4[nH]ccc34)cn2)CN(C2CCN(C(=O)Nc3ccc(F)cc3C(F)(F)F)CC2)C1,2.738609573940012,Non-selective,-22.43741,55.294434
N#CCC1(n2cc(-c3c(F)cnc4[nH]ccc34)cn2)CN(C2CCN(C(=O)Nc3ccncc3C(F)(F)F)CC2)C1,1.25,Non-selective,-22.455841,55.58336
N#CCC1(n2cc(-c3c(F)cnc4[nH]ccc34)cn2)CN(C2CCN(C(=O)Nc3cnccc3C(F)(F)F)CC2)C1,1.25,Non-selective,-22.432365,55.566074
N#CCC1(n2cc(-c3c(F)cnc4[nH]ccc34)cn2)CN(C2CCN(C(=O)Nc3ncccc3C(F)(F)F)CC2)C1,1.2,Non-selective,-22.30239,55.566734
N#CCC1(n2cc(-c3c(F)cnc4[nH]ccc34)cn2)CN(C2CCN(C(=O)c3c(F)cncc3F)CC2)C1,2.738609573940012,Non-selective,-20.706709,59.890224
N#CCC1(n2cc(-c3c(F)cnc4[nH]ccc34)cn2)CN(C2CCN(C(=O)c3cc(C#N)cc(C#N)c3)CC2)C1,2.236071448858502,Non-selective,-20.413973,60.69029
N#CCC1(n2cc(-c3c(F)cnc4[nH]ccc34)cn2)CN(C2CCN(C(=O)c3cc(C#N)ccc3C#N)CC2)C1,2.738609573940012,Non-selective,-20.011217,60.458385
N#CCC1(n2cc(-c3c(F)cnc4[nH]ccc34)cn2)CN(C2CCN(C(=O)c3cc(C(F)(F)F)ncc3Cl)CC2)C1,1.0,Non-selective,-19.747355,58.78416
N#CCC1(n2cc(-c3c(F)cnc4[nH]ccc34)cn2)CN(C2CCN(C(=O)c3cc(F)cc(C#N)c3)CC2)C1,2.738609573940012,Non-selective,-20.50807,60.711178
N#CCC1(n2cc(-c3c(F)cnc4[nH]ccc34)cn2)CN(C2CCN(C(=O)c3ccc(C#N)c(F)c3)CC2)C1,2.236071448858502,Non-selective,-20.492998,60.77398
N#CCC1(n2cc(-c3c(F)cnc4[nH]ccc34)cn2)CN(C2CCN(C(=O)c3ccc(C#N)cc3F)CC2)C1,2.738609573940012,Non-selective,-20.14419,60.403996
N#CCC1(n2cc(-c3c(F)cnc4[nH]ccc34)cn2)CN(C2CCN(C(=O)c3ccc(F)c(C#N)c3)CC2)C1,1.0,Non-selective,-20.539751,60.73701
N#CCC1(n2cc(-c3c(F)cnc4[nH]ccc34)cn2)CN(C2CCN(C(=O)c3ccc(F)cn3)CC2)C1,2.738609573940012,Non-selective,-20.841297,59.852337
N#CCC1(n2cc(-c3c(F)cnc4[nH]ccc34)cn2)CN(C2CCN(C(=O)c3ccc(O)c(F)c3)CC2)C1,1.0,Non-selective,-20.77409,60.617973
N#CCC1(n2cc(-c3c(F)cnc4[nH]ccc34)cn2)CN(C2CCN(C(=O)c3ccc(O)cc3F)CC2)C1,1.0,Non-selective,-20.289331,60.128914
N#CCC1(n2cc(-c3c(F)cnc4[nH]ccc34)cn2)CN(C2CCN(C(=O)c3ccnc(C(F)(F)F)c3F)CC2)C1,2.738609573940012,Non-selective,-20.953583,58.29487
N#CCC1(n2cc(-c3c(F)cnc4[nH]ccc34)cn2)CN(C2CCN(C(=O)c3ccnc(C(F)(F)F)n3)CC2)C1,1.0,Non-selective,-20.839815,58.182114
N#CCC1(n2cc(-c3c(F)cnc4[nH]ccc34)cn2)CN(C2CCN(C(=O)c3ccncc3F)CC2)C1,2.738609573940012,Non-selective,-21.04875,59.72362
N#CCC1(n2cc(-c3c(F)cnc4[nH]ccc34)cn2)CN(C2CCN(C(=O)c3cnc(C(F)(F)F)cn3)CC2)C1,1.0,Non-selective,-20.384111,58.53449
N#CCC1(n2cc(-c3c(F)cnc4[nH]ccc34)cn2)CN(C2CCN(C(=O)c3cncc(C(F)(F)F)n3)CC2)C1,2.738609573940012,Non-selective,-20.390638,58.481667
N#CCC1(n2cc(-c3c[nH]c4ncccc34)cn2)CCS(=O)(=O)CC1,1.75,Non-selective,-23.93629,25.492903
N#CCC1(n2cc(-c3cc(-c4c[nH]nc4N)cc4nccn34)cn2)CC(C#N)C1,2.1451229183187945,Non-selective,-15.812786,82.91229
N#CCC1(n2cc(-c3cc(-c4cc[nH]n4)cc4nccn34)cn2)CC(C#N)C1,1.8528996711333627,Non-selective,-15.757914,82.99877
N#CCC1(n2cc(-c3cc(-c4ccc(N)nc4)cc4nccn34)cn2)CC(C#N)C1,2.305689488910318,Non-selective,-15.772232,82.80434
N#CCC1(n2cc(-c3cc(-c4ccc(O)cc4)cc4nccn34)cn2)CC(C#N)C1,1.2561576354679802,Non-selective,-15.679168,82.80135
N#CCC1(n2cc(-c3cc(-c4cccc(C(N)=O)n4)cc4nccn34)cn2)CC(C#N)C1,4.217687074829932,Non-selective,-14.940431,82.86217
N#CCC1(n2cc(-c3cc(-c4cn[nH]c4)cc4nccn34)cn2)CC(C#N)C1,1.6108374384236452,Non-selective,-15.788487,82.828415
N#CCC1(n2cc(-c3cc(-c4cn[nH]c4N)cc4ncccc34)cn2)CC(C#N)C1,1.6960503720663995,Non-selective,-15.580825,84.678856
N#CCC1(n2cc(-c3cc(-c4nc(CO)cs4)cc4nccn34)cn2)CC(C#N)C1,3.083011583011583,Non-selective,-15.533227,82.796165
N#CCC1(n2cc(-c3ccnc4[nH]ccc34)cn2)CCS(=O)(=O)CC1,1.0,Non-selective,-23.843464,25.847448
N#CCC1(n2cc(-c3ccnc4[nH]ccc34)cn2)CN(C2CCN(C(=O)C3CCC(F)(F)CC3)CC2)C1,1.264911215136728,Non-selective,-22.843596,57.261066
N#CCC1(n2cc(-c3ccnc4[nH]ccc34)cn2)CN(C2CCN(C(=O)Nc3ccc(C#N)cc3C(F)(F)F)CC2)C1,2.8284318535081514,Non-selective,-23.020168,56.15813
N#CCC1(n2cc(-c3ccnc4[nH]ccc34)cn2)CN(C2CCN(C(=O)Nc3ccc(C#N)cc3Cl)CC2)C1,2.738609573940012,Non-selective,-24.123867,56.063583
N#CCC1(n2cc(-c3ccnc4[nH]ccc34)cn2)CN(C2CCN(C(=O)Nc3ccc(C#N)cc3F)CC2)C1,2.236071448858502,Non-selective,-23.647446,55.90979
N#CCC1(n2cc(-c3ccnc4[nH]ccc34)cn2)CN(C2CCN(C(=O)Nc3ccc(F)cc3F)CC2)C1,2.738609573940012,Non-selective,-23.671974,55.70381
N#CCC1(n2cc(-c3ccnc4[nH]ccc34)cn2)CN(C2CCN(C(=O)Nc3ccccc3Cl)CC2)C1,2.738609573940012,Non-selective,-24.27425,56.095722
N#CCC1(n2cc(-c3ccnc4[nH]ccc34)cn2)CN(C2CCN(C(=O)Nc3ccccc3F)CC2)C1,1.0,Non-selective,-23.81696,55.953377
N#CCC1(n2cc(-c3ccnc4[nH]ccc34)cn2)CN(C2CCN(C(=O)Nc3ccncc3C(F)(F)F)CC2)C1,2.236071448858502,Non-selective,-22.96198,56.20005
N#CCC1(n2cc(-c3ccnc4[nH]ccc34)cn2)CN(C2CCN(C(=O)c3cc(C(F)(F)F)ncc3Cl)CC2)C1,1.0,Non-selective,-21.912912,57.545364
N#CCC1(n2cc(-c3ccnc4[nH]ccc34)cn2)CN(C2CCN(C(=O)c3ccc(C#N)cc3F)CC2)C1,1.0,Non-selective,-22.081165,59.56586
N#CCC1(n2cc(-c3ccnc4[nH]ccc34)cn2)CN(C2CCN(C(=O)c3ccc(O)c(F)c3)CC2)C1,1.25,Non-selective,-22.31574,59.580902
N#CCC1(n2cc(-c3ccnc4[nH]ccc34)cn2)CN(C2CCN(C(=O)c3ccc(O)cc3F)CC2)C1,1.0,Non-selective,-22.195297,59.45316
N#CCC1(n2cc(-c3ccnc4[nH]ccc34)cn2)CN(C2CCN(C(=O)c3ccnc(C(F)(F)F)c3F)CC2)C1,2.8284318535081514,Non-selective,-21.78529,57.51415
N#CCC1(n2cc(-c3ccnc4[nH]ccc34)cn2)CN(C2CCN(C(=O)c3ccnc(C(F)(F)F)n3)CC2)C1,1.264911215136728,Non-selective,-21.899208,57.272736
N#CCC1(n2cc(-c3ccnc4[nH]ccc34)cn2)CN(C2CCN(C(=O)c3cnc(C(F)(F)F)cn3)CC2)C1,1.0,Non-selective,-21.989187,57.29141
N#CCC1(n2cc(-c3ccnc4[nH]ccc34)cn2)CN(C2CCN(C(=O)c3cncc(C(F)(F)F)n3)CC2)C1,2.8284318535081514,Non-selective,-21.923157,57.283623
N#CCC1(n2cc(-c3ccnc4[nH]ccc34)cn2)CN(C2CCN(C(=O)c3nc(C(F)(F)F)cs3)CC2)C1,2.8284318535081514,Non-selective,-21.910685,57.28538
N#CCC1(n2cc(-c3ccnc4[nH]ccc34)cn2)CN(S(=O)(=O)C2CC2)C1,1.2432432432432432,Non-selective,-24.083435,27.10628
N#CCC1(n2cc(-c3ccnc4[nH]ccc34)cn2)CN(S(=O)(=O)CCC(F)(F)F)C1,1.027777777777778,Non-selective,-23.951923,27.129852
N#CCC1(n2cc(-c3ccnc4[nH]ccc34)cn2)CN(S(=O)(=O)N2CCCC2)C1,1.042857142857143,Non-selective,-24.175377,26.98671
N#CCC1(n2cc(-c3ccnc4[nH]ccc34)cn2)CN(c2ccc(C(=O)NC3(C(F)(F)F)CC3)nc2)C1,2.5,Non-selective,-21.679165,31.248653
N#CCC1(n2cc(-c3ccnc4[nH]ccc34)cn2)CN(c2cnc(C(=O)NCC(F)(F)F)cn2)C1,2.5,Non-selective,-21.664707,31.250704
N#CCC1(n2cc(-c3ccnc4[nH]ccc34)cn2)CN(c2cnc(C(=O)N[C@@H](C3CC3)C(F)(F)F)cn2)C1,2.5,Non-selective,-21.555914,31.572033
N#CCC1(n2cc(-c3nc(-c4cc(CO)[nH]n4)cn4nccc34)cn2)CN(CC2CC2)C1,3.5351170568561874,Non-selective,-12.071274,79.35038
N#CCC1(n2cc(-c3nc(-c4cn[nH]c4)cc4ncccc34)cn2)CN(CC(F)(F)F)C1,1.1142857142857143,Non-selective,-4.8716574,82.395134
N#CCC1(n2cc(-c3nc(-c4cnn(CCO)c4)cc4ncccc34)cn2)CC(C#N)C1,2.381177359916848,Non-selective,-14.462606,85.46479
N#CCC1(n2cc(-c3nc[nH]c4nccc3-4)cn2)CN(C2C3COCC2CN(C(=O)c2ccnc(C(F)(F)F)c2F)C3)C1,2.738609573940012,Non-selective,-20.81254,56.55162
N#CCC1(n2cc(-c3nccc4[nH]ccc34)cn2)CN(C2CCN(C(=O)c3cnc4ccccc4c3)CC2)C1,1.25,Non-selective,-38.30144,52.08001
N#CCC1(n2cc(-c3ncnc4[nH]ccc34)cn2)CCS(=O)(=O)CC1,1.9148529472652744,Non-selective,-33.443493,31.173035
N#CCC1(n2cc(-c3ncnc4[nH]ccc34)cn2)CN(C2(F)C=CC(NC(=O)N3CCCCC3)=CC2F)C1,2.0,Non-selective,-31.825144,40.42043
N#CCC1(n2cc(-c3ncnc4[nH]ccc34)cn2)CN(C2CC3CCC(C2)N3C(=O)C2CCC(F)(F)CC2)C1,2.0,Non-selective,-37.808685,41.36959
N#CCC1(n2cc(-c3ncnc4[nH]ccc34)cn2)CN(C2CC3CCC(C2)N3C(=O)C2CCCC2)C1,1.0,Non-selective,-37.594276,41.327118
N#CCC1(n2cc(-c3ncnc4[nH]ccc34)cn2)CN(C2CC3CCC(C2)N3C(=O)C2CCCCC2)C1,1.0,Non-selective,-37.58312,41.327213
N#CCC1(n2cc(-c3ncnc4[nH]ccc34)cn2)CN(C2CC3CCC(C2)N3C(=O)C2CCOCC2)C1,1.0954446660644168,Non-selective,-37.59994,41.2507
N#CCC1(n2cc(-c3ncnc4[nH]ccc34)cn2)CN(C2CC3CCC(C2)N3C(=O)c2cc(F)cc(C#N)c2)C1,1.0,Non-selective,-41.203995,41.668663
N#CCC1(n2cc(-c3ncnc4[nH]ccc34)cn2)CN(C2CC3CCC(C2)N3C(=O)c2ccc(C#N)c(F)c2)C1,1.0954446660644168,Non-selective,-41.284927,41.68389
N#CCC1(n2cc(-c3ncnc4[nH]ccc34)cn2)CN(C2CC3CCC(C2)N3C(=O)c2ccc(C(F)(F)F)nc2)C1,1.0,Non-selective,-39.618366,40.939747
N#CCC1(n2cc(-c3ncnc4[nH]ccc34)cn2)CN(C2CC3CCC(C2)N3C(=O)c2ccc(Cl)c(F)c2)C1,1.0,Non-selective,-41.39723,41.68511
N#CCC1(n2cc(-c3ncnc4[nH]ccc34)cn2)CN(C2CC3CCC(C2)N3C(=O)c2ccc(F)c(F)c2)C1,1.0,Non-selective,-41.301437,41.678112
N#CCC1(n2cc(-c3ncnc4[nH]ccc34)cn2)CN(C2CC3CCC(C2)N3C(=O)c2ccnc(C(F)(F)F)c2)C1,1.0,Non-selective,-39.676605,40.930477
N#CCC1(n2cc(-c3ncnc4[nH]ccc34)cn2)CN(C2CC3CCC(C2)N3C(=O)c2ccnc(C(F)(F)F)c2F)C1,1.0954446660644168,Non-selective,-39.66364,40.936893
N#CCC1(n2cc(-c3ncnc4[nH]ccc34)cn2)CN(C2CC3CCC(C2)N3Cc2c(F)ccc(F)c2Cl)C1,1.0,Non-selective,-42.496418,33.04719
N#CCC1(n2cc(-c3ncnc4[nH]ccc34)cn2)CN(C2CCN(C(=O)C3(c4ccc(Cl)cc4)CC3)CC2)C1,1.4142133447629475,Non-selective,-34.734066,50.41378
N#CCC1(n2cc(-c3ncnc4[nH]ccc34)cn2)CN(C2CCN(C(=O)C3(c4ccccc4)CC3)CC2)C1,1.0,Non-selective,-36.652473,48.103867
N#CCC1(n2cc(-c3ncnc4[nH]ccc34)cn2)CN(C2CCN(C(=O)C3CCC(C(F)(F)F)CC3)CC2)C1,1.5811390712061515,Non-selective,-36.574936,44.61505
N#CCC1(n2cc(-c3ncnc4[nH]ccc34)cn2)CN(C2CCN(C(=O)C3CCC(F)(F)CC3)CC2)C1,2.4494936715397446,Non-selective,-36.719173,45.016838
N#CCC1(n2cc(-c3ncnc4[nH]ccc34)cn2)CN(C2CCN(C(=O)C3CCC(c4ccc(Cl)cc4)CC3)CC2)C1,1.8257414187524852,Non-selective,-34.651917,50.415974
N#CCC1(n2cc(-c3ncnc4[nH]ccc34)cn2)CN(C2CCN(C(=O)C3CCC(c4ccccc4)CC3)CC2)C1,1.5491946769670901,Non-selective,-36.56176,48.028084
N#CCC1(n2cc(-c3ncnc4[nH]ccc34)cn2)CN(C2CCN(C(=O)C3CCCC3)CC2)C1,1.8257414187524852,Non-selective,-36.93122,45.626804
N#CCC1(n2cc(-c3ncnc4[nH]ccc34)cn2)CN(C2CCN(C(=O)C3CCCCC3)CC2)C1,2.738620609464862,Non-selective,-36.932106,45.617996
N#CCC1(n2cc(-c3ncnc4[nH]ccc34)cn2)CN(C2CCN(C(=O)C3CCCCCC3)CC2)C1,1.0,Non-selective,-36.93251,45.617645
N#CCC1(n2cc(-c3ncnc4[nH]ccc34)cn2)CN(C2CCN(C(=O)C3CCN(c4ccc(C#N)cn4)CC3)CC2)C1,1.4142133447629475,Non-selective,-37.878834,46.60209
N#CCC1(n2cc(-c3ncnc4[nH]ccc34)cn2)CN(C2CCN(C(=O)C3CCN(c4ncc(Cl)cc4F)CC3)CC2)C1,1.5811390712061515,Non-selective,-37.290627,54.927326
N#CCC1(n2cc(-c3ncnc4[nH]ccc34)cn2)CN(C2CCN(C(=O)C3CCc4ccccc4C3)CC2)C1,1.4142133447629475,Non-selective,-36.552944,48.006992
N#CCC1(n2cc(-c3ncnc4[nH]ccc34)cn2)CN(C2CCN(C(=O)C3Cc4ccccc4C3)CC2)C1,1.4142133447629475,Non-selective,-36.508564,47.972458
N#CCC1(n2cc(-c3ncnc4[nH]ccc34)cn2)CN(C2CCN(C(=O)Cc3c(Cl)cccc3Cl)CC2)C1,2.449487207046165,Non-selective,-34.897602,49.974026
N#CCC1(n2cc(-c3ncnc4[nH]ccc34)cn2)CN(C2CCN(C(=O)Cc3ccccc3)CC2)C1,1.4142133447629475,Non-selective,-36.651104,48.11312
N#CCC1(n2cc(-c3ncnc4[nH]ccc34)cn2)CN(C2CCN(C(=O)Nc3c(Cl)cccc3Cl)CC2)C1,2.738609573940012,Non-selective,-33.838566,49.495167
N#CCC1(n2cc(-c3ncnc4[nH]ccc34)cn2)CN(C2CCN(C(=O)Nc3c(F)cccc3F)CC2)C1,2.738609573940012,Non-selective,-30.065521,49.637207
N#CCC1(n2cc(-c3ncnc4[nH]ccc34)cn2)CN(C2CCN(C(=O)Nc3cc(F)cc(F)c3)CC2)C1,2.0,Non-selective,-30.750387,49.66692
N#CCC1(n2cc(-c3ncnc4[nH]ccc34)cn2)CN(C2CCN(C(=O)Nc3cc(F)cc(F)c3F)CC2)C1,1.0,Non-selective,-30.768824,49.5748
N#CCC1(n2cc(-c3ncnc4[nH]ccc34)cn2)CN(C2CCN(C(=O)Nc3cc(F)ccc3F)CC2)C1,2.0,Non-selective,-30.929672,49.625023
N#CCC1(n2cc(-c3ncnc4[nH]ccc34)cn2)CN(C2CCN(C(=O)Nc3ccc(C(F)(F)F)cc3)CC2)C1,1.0,Non-selective,-27.845959,47.313084
N#CCC1(n2cc(-c3ncnc4[nH]ccc34)cn2)CN(C2CCN(C(=O)Nc3ccc(Cl)cc3)CC2)C1,1.0,Non-selective,-34.01023,50.036346
N#CCC1(n2cc(-c3ncnc4[nH]ccc34)cn2)CN(C2CCN(C(=O)Nc3ccc(Cl)cc3F)CC2)C1,1.0,Non-selective,-31.83678,50.20233
N#CCC1(n2cc(-c3ncnc4[nH]ccc34)cn2)CN(C2CCN(C(=O)Nc3ccc(F)c(F)c3)CC2)C1,2.0,Non-selective,-30.88772,50.074993
N#CCC1(n2cc(-c3ncnc4[nH]ccc34)cn2)CN(C2CCN(C(=O)Nc3ccc(F)c(F)c3F)CC2)C1,1.0,Non-selective,-30.798111,49.55597
N#CCC1(n2cc(-c3ncnc4[nH]ccc34)cn2)CN(C2CCN(C(=O)Nc3ccc(F)cc3C(F)(F)F)CC2)C1,2.738609573940012,Non-selective,-29.38222,48.384872
N#CCC1(n2cc(-c3ncnc4[nH]ccc34)cn2)CN(C2CCN(C(=O)Nc3ccc(F)cc3Cl)CC2)C1,2.738609573940012,Non-selective,-31.412474,49.964443
N#CCC1(n2cc(-c3ncnc4[nH]ccc34)cn2)CN(C2CCN(C(=O)Nc3ccc(F)cc3F)CC2)C1,1.25,Non-selective,-30.860868,49.46856
N#CCC1(n2cc(-c3ncnc4[nH]ccc34)cn2)CN(C2CCN(C(=O)Nc3ccc(OC(F)(F)F)cc3)CC2)C1,1.0,Non-selective,-28.103195,47.36041
N#CCC1(n2cc(-c3ncnc4[nH]ccc34)cn2)CN(C2CCN(C(=O)Nc3cccc(C(F)(F)F)c3)CC2)C1,1.0,Non-selective,-28.039515,47.657486
N#CCC1(n2cc(-c3ncnc4[nH]ccc34)cn2)CN(C2CCN(C(=O)Nc3cccc(C(F)(F)F)c3F)CC2)C1,2.738609573940012,Non-selective,-28.640623,47.617558
N#CCC1(n2cc(-c3ncnc4[nH]ccc34)cn2)CN(C2CCN(C(=O)Nc3cccc(C(F)(F)F)n3)CC2)C1,1.0,Non-selective,-28.398798,47.39299
N#CCC1(n2cc(-c3ncnc4[nH]ccc34)cn2)CN(C2CCN(C(=O)Nc3cccc(Cl)c3)CC2)C1,1.0,Non-selective,-33.549355,49.54516
N#CCC1(n2cc(-c3ncnc4[nH]ccc34)cn2)CN(C2CCN(C(=O)Nc3cccc(Cl)c3F)CC2)C1,1.0,Non-selective,-32.256134,49.898563
N#CCC1(n2cc(-c3ncnc4[nH]ccc34)cn2)CN(C2CCN(C(=O)Nc3ccccc3Cl)CC2)C1,2.738609573940012,Non-selective,-33.56199,49.33749
N#CCC1(n2cc(-c3ncnc4[nH]ccc34)cn2)CN(C2CCN(C(=O)Nc3ccccc3F)CC2)C1,2.738609573940012,Non-selective,-30.016602,49.50706
N#CCC1(n2cc(-c3ncnc4[nH]ccc34)cn2)CN(C2CCN(C(=O)Nc3ccccc3OC(F)(F)F)CC2)C1,2.738609573940012,Non-selective,-28.824831,47.465397
N#CCC1(n2cc(-c3ncnc4[nH]ccc34)cn2)CN(C2CCN(C(=O)Nc3ccccc3OC(F)F)CC2)C1,2.738609573940012,Non-selective,-30.508766,46.983166
N#CCC1(n2cc(-c3ncnc4[nH]ccc34)cn2)CN(C2CCN(C(=O)Nc3ccncc3C(F)(F)F)CC2)C1,2.236071448858502,Non-selective,-28.374836,46.96342
N#CCC1(n2cc(-c3ncnc4[nH]ccc34)cn2)CN(C2CCN(C(=O)Nc3ccsc3)CC2)C1,2.236071448858502,Non-selective,-34.14465,47.025284
N#CCC1(n2cc(-c3ncnc4[nH]ccc34)cn2)CN(C2CCN(C(=O)Nc3cscc3Br)CC2)C1,2.738609573940012,Non-selective,-33.96891,47.04889
N#CCC1(n2cc(-c3ncnc4[nH]ccc34)cn2)CN(C2CCN(C(=O)Nc3nc(-c4ccc(Cl)cc4)cs3)CC2)C1,1.0,Non-selective,-34.044743,49.941833
N#CCC1(n2cc(-c3ncnc4[nH]ccc34)cn2)CN(C2CCN(C(=O)Nc3nc4ccccc4s3)CC2)C1,1.0,Non-selective,-33.77557,46.155212
N#CCC1(n2cc(-c3ncnc4[nH]ccc34)cn2)CN(C2CCN(C(=O)Nc3ncc(F)cc3F)CC2)C1,2.236071448858502,Non-selective,-30.66677,49.74065
N#CCC1(n2cc(-c3ncnc4[nH]ccc34)cn2)CN(C2CCN(C(=O)Nc3ncccc3C(F)(F)F)CC2)C1,1.0,Non-selective,-28.381266,47.232388
N#CCC1(n2cc(-c3ncnc4[nH]ccc34)cn2)CN(C2CCN(C(=O)Nc3ncccc3F)CC2)C1,2.738609573940012,Non-selective,-29.882408,49.726162
N#CCC1(n2cc(-c3ncnc4[nH]ccc34)cn2)CN(C2CCN(C(=O)Nc3nccs3)CC2)C1,1.0,Non-selective,-34.16303,46.974358
N#CCC1(n2cc(-c3ncnc4[nH]ccc34)cn2)CN(C2CCN(C(=O)OCC3CC3)CC2)C1,2.236071448858502,Non-selective,-38.988842,45.07949
N#CCC1(n2cc(-c3ncnc4[nH]ccc34)cn2)CN(C2CCN(C(=O)OCC3CCC3)CC2)C1,2.738609573940012,Non-selective,-38.87454,45.06027
N#CCC1(n2cc(-c3ncnc4[nH]ccc34)cn2)CN(C2CCN(C(=O)OCC3CCCC3)CC2)C1,2.738609573940012,Non-selective,-38.80733,45.035843
N#CCC1(n2cc(-c3ncnc4[nH]ccc34)cn2)CN(C2CCN(C(=O)OCC3CCCCC3)CC2)C1,2.738609573940012,Non-selective,-38.785492,45.0288
N#CCC1(n2cc(-c3ncnc4[nH]ccc34)cn2)CN(C2CCN(C(=O)OCc3ccc(F)c(F)c3)CC2)C1,2.236071448858502,Non-selective,-35.017925,54.89776
N#CCC1(n2cc(-c3ncnc4[nH]ccc34)cn2)CN(C2CCN(C(=O)OCc3ccc(F)cc3F)CC2)C1,2.738609573940012,Non-selective,-34.973938,54.890167
N#CCC1(n2cc(-c3ncnc4[nH]ccc34)cn2)CN(C2CCN(C(=O)OCc3ccccc3)CC2)C1,2.738609573940012,Non-selective,-36.967,47.652172
N#CCC1(n2cc(-c3ncnc4[nH]ccc34)cn2)CN(C2CCN(C(=O)c3c(F)c(F)cc(F)c3F)CC2)C1,1.2909962183539738,Non-selective,-40.005207,55.718792
N#CCC1(n2cc(-c3ncnc4[nH]ccc34)cn2)CN(C2CCN(C(=O)c3c(F)cc(-c4cccnc4)cc3F)CC2)C1,2.738609573940012,Non-selective,-38.59294,58.382248
N#CCC1(n2cc(-c3ncnc4[nH]ccc34)cn2)CN(C2CCN(C(=O)c3c(F)cc(C#N)cc3F)CC2)C1,2.738609573940012,Non-selective,-40.159756,56.177975
N#CCC1(n2cc(-c3ncnc4[nH]ccc34)cn2)CN(C2CCN(C(=O)c3c(F)cc(F)cc3F)CC2)C1,1.0,Non-selective,-39.828842,55.690166
N#CCC1(n2cc(-c3ncnc4[nH]ccc34)cn2)CN(C2CCN(C(=O)c3c(F)ccc(F)c3F)CC2)C1,1.5811326998601345,Non-selective,-39.842396,55.152203
N#CCC1(n2cc(-c3ncnc4[nH]ccc34)cn2)CN(C2CCN(C(=O)c3c(F)cccc3C(F)(F)F)CC2)C1,2.738609573940012,Non-selective,-47.692482,56.544987
N#CCC1(n2cc(-c3ncnc4[nH]ccc34)cn2)CN(C2CCN(C(=O)c3c(F)cccc3F)CC2)C1,1.5811326998601345,Non-selective,-40.23339,54.493923
N#CCC1(n2cc(-c3ncnc4[nH]ccc34)cn2)CN(C2CCN(C(=O)c3c(F)cncc3F)CC2)C1,1.4142133447629475,Non-selective,-39.991142,55.16537
N#CCC1(n2cc(-c3ncnc4[nH]ccc34)cn2)CN(C2CCN(C(=O)c3cc(C(F)(F)F)ncc3Cl)CC2)C1,2.738609573940012,Non-selective,-49.176403,57.4676
N#CCC1(n2cc(-c3ncnc4[nH]ccc34)cn2)CN(C2CCN(C(=O)c3cc(C(F)(F)F)ncc3F)CC2)C1,2.236071448858502,Non-selective,-47.23883,56.184258
N#CCC1(n2cc(-c3ncnc4[nH]ccc34)cn2)CN(C2CCN(C(=O)c3cc(CN4CCC4)nc(C(F)(F)F)n3)CC2)C1,2.738609573940012,Non-selective,-50.299076,56.440517
N#CCC1(n2cc(-c3ncnc4[nH]ccc34)cn2)CN(C2CCN(C(=O)c3cc(CN4CCCC4)nc(C(F)(F)F)n3)CC2)C1,2.738609573940012,Non-selective,-50.28552,56.42774
N#CCC1(n2cc(-c3ncnc4[nH]ccc34)cn2)CN(C2CCN(C(=O)c3cc(CN4CC[C@@H](F)C4)nc(C(F)(F)F)n3)CC2)C1,2.738609573940012,Non-selective,-50.306427,56.384506
N#CCC1(n2cc(-c3ncnc4[nH]ccc34)cn2)CN(C2CCN(C(=O)c3cc(CN4CC[C@H](F)C4)nc(C(F)(F)F)n3)CC2)C1,2.738609573940012,Non-selective,-50.306427,56.384506
N#CCC1(n2cc(-c3ncnc4[nH]ccc34)cn2)CN(C2CCN(C(=O)c3cc(CO)nc(C(F)(F)F)n3)CC2)C1,2.738609573940012,Non-selective,-49.159916,55.583633
N#CCC1(n2cc(-c3ncnc4[nH]ccc34)cn2)CN(C2CCN(C(=O)c3cc(Cl)cc(C(F)(F)F)n3)CC2)C1,2.2360745954243346,Non-selective,-49.21319,57.436825
N#CCC1(n2cc(-c3ncnc4[nH]ccc34)cn2)CN(C2CCN(C(=O)c3cc(Cl)cc(Cl)c3)CC2)C1,1.5811326998601345,Non-selective,-36.326195,51.596123
N#CCC1(n2cc(-c3ncnc4[nH]ccc34)cn2)CN(C2CCN(C(=O)c3cc(Cl)sc3Cl)CC2)C1,1.0,Non-selective,-36.3677,51.410778
N#CCC1(n2cc(-c3ncnc4[nH]ccc34)cn2)CN(C2CCN(C(=O)c3cc(F)c(F)c(F)c3)CC2)C1,2.738620609464862,Non-selective,-40.38186,56.460613
N#CCC1(n2cc(-c3ncnc4[nH]ccc34)cn2)CN(C2CCN(C(=O)c3cc(F)c(F)c(F)c3F)CC2)C1,2.738620609464862,Non-selective,-39.80948,55.97018
N#CCC1(n2cc(-c3ncnc4[nH]ccc34)cn2)CN(C2CCN(C(=O)c3cc(F)c(F)cc3F)CC2)C1,1.7320433824018149,Non-selective,-39.77069,56.002274
N#CCC1(n2cc(-c3ncnc4[nH]ccc34)cn2)CN(C2CCN(C(=O)c3cc(F)cc(Br)c3)CC2)C1,1.0,Non-selective,-40.698097,55.89076
N#CCC1(n2cc(-c3ncnc4[nH]ccc34)cn2)CN(C2CCN(C(=O)c3cc(F)cc(C#N)c3)CC2)C1,1.7320554904608998,Non-selective,-40.80183,56.192883
N#CCC1(n2cc(-c3ncnc4[nH]ccc34)cn2)CN(C2CCN(C(=O)c3cc(F)cc(C(F)(F)F)c3)CC2)C1,1.7320433824018149,Non-selective,-47.479664,56.03727
N#CCC1(n2cc(-c3ncnc4[nH]ccc34)cn2)CN(C2CCN(C(=O)c3cc(F)cc(Cl)c3)CC2)C1,1.0,Non-selective,-38.07789,55.98173
N#CCC1(n2cc(-c3ncnc4[nH]ccc34)cn2)CN(C2CCN(C(=O)c3cc(F)cc(F)c3)CC2)C1,2.5,Non-selective,-40.62594,55.854706
N#CCC1(n2cc(-c3ncnc4[nH]ccc34)cn2)CN(C2CCN(C(=O)c3cc(F)ccc3F)CC2)C1,1.7320433824018149,Non-selective,-39.12359,55.69536
N#CCC1(n2cc(-c3ncnc4[nH]ccc34)cn2)CN(C2CCN(C(=O)c3cc4c(C(F)(F)F)cccc4s3)CC2)C1,1.0954446660644168,Non-selective,-48.435993,56.34973
N#CCC1(n2cc(-c3ncnc4[nH]ccc34)cn2)CN(C2CCN(C(=O)c3cc4ccc(C(F)(F)F)cc4s3)CC2)C1,1.0954446660644168,Non-selective,-49.033733,55.7271
N#CCC1(n2cc(-c3ncnc4[nH]ccc34)cn2)CN(C2CCN(C(=O)c3cc4cccc(C(F)(F)F)c4s3)CC2)C1,1.0,Non-selective,-48.45502,56.349346
N#CCC1(n2cc(-c3ncnc4[nH]ccc34)cn2)CN(C2CCN(C(=O)c3cc4ccccc4s3)CC2)C1,1.0,Non-selective,-38.05921,50.385044
N#CCC1(n2cc(-c3ncnc4[nH]ccc34)cn2)CN(C2CCN(C(=O)c3ccc(-c4cc(F)cc(C#N)c4)c(F)c3)CC2)C1,1.7320433824018149,Non-selective,-40.923958,57.86381
N#CCC1(n2cc(-c3ncnc4[nH]ccc34)cn2)CN(C2CCN(C(=O)c3ccc(-c4ccc(C#N)c(F)c4)c(F)c3)CC2)C1,1.7320433824018149,Non-selective,-40.908325,58.00802
N#CCC1(n2cc(-c3ncnc4[nH]ccc34)cn2)CN(C2CCN(C(=O)c3ccc(-c4ccc(C#N)cc4)c(F)c3)CC2)C1,2.738609573940012,Non-selective,-40.976654,58.056416
N#CCC1(n2cc(-c3ncnc4[nH]ccc34)cn2)CN(C2CCN(C(=O)c3ccc(-c4ccc(C#N)cc4)cc3)CC2)C1,1.5811437529598116,Non-selective,-39.663372,50.250103
N#CCC1(n2cc(-c3ncnc4[nH]ccc34)cn2)CN(C2CCN(C(=O)c3ccc(-c4ccc(F)c(F)c4)c(F)c3)CC2)C1,1.7320554904608998,Non-selective,-40.377033,57.659008
N#CCC1(n2cc(-c3ncnc4[nH]ccc34)cn2)CN(C2CCN(C(=O)c3ccc(-c4ccc5cccnc5c4)c(F)c3)CC2)C1,2.738609573940012,Non-selective,-39.55623,60.270042
N#CCC1(n2cc(-c3ncnc4[nH]ccc34)cn2)CN(C2CCN(C(=O)c3ccc(-c4ccc5ccncc5c4)c(F)c3)CC2)C1,2.738609573940012,Non-selective,-39.529747,59.152946
N#CCC1(n2cc(-c3ncnc4[nH]ccc34)cn2)CN(C2CCN(C(=O)c3ccc(-c4ccc5cnccc5c4)c(F)c3)CC2)C1,2.738609573940012,Non-selective,-39.539738,59.15977
N#CCC1(n2cc(-c3ncnc4[nH]ccc34)cn2)CN(C2CCN(C(=O)c3ccc(-c4ccc5nccn5c4)c(F)c3)CC2)C1,2.449499485605108,Non-selective,-40.103752,58.438667
N#CCC1(n2cc(-c3ncnc4[nH]ccc34)cn2)CN(C2CCN(C(=O)c3ccc(-c4cccc(C#N)c4)c(F)c3)CC2)C1,2.738609573940012,Non-selective,-41.1662,58.71599
N#CCC1(n2cc(-c3ncnc4[nH]ccc34)cn2)CN(C2CCN(C(=O)c3ccc(-c4cccc5cccnc45)c(F)c3)CC2)C1,1.5811326998601345,Non-selective,-39.724026,59.90845
N#CCC1(n2cc(-c3ncnc4[nH]ccc34)cn2)CN(C2CCN(C(=O)c3ccc(-c4cccc5ccncc45)c(F)c3)CC2)C1,1.7320433824018149,Non-selective,-39.643772,59.579174
N#CCC1(n2cc(-c3ncnc4[nH]ccc34)cn2)CN(C2CCN(C(=O)c3ccc(-c4cccc5cnccc45)c(F)c3)CC2)C1,2.0,Non-selective,-39.589695,59.57353
N#CCC1(n2cc(-c3ncnc4[nH]ccc34)cn2)CN(C2CCN(C(=O)c3ccc(-c4cccc5cnccc45)cc3)CC2)C1,1.25,Non-selective,-38.820644,51.640476
N#CCC1(n2cc(-c3ncnc4[nH]ccc34)cn2)CN(C2CCN(C(=O)c3ccc(-c4cccc5ncccc45)c(F)c3)CC2)C1,1.0,Non-selective,-39.554607,60.388718
N#CCC1(n2cc(-c3ncnc4[nH]ccc34)cn2)CN(C2CCN(C(=O)c3ccc(-c4ccccc4)cc3)CC2)C1,1.7320554904608998,Non-selective,-38.173077,50.51081
N#CCC1(n2cc(-c3ncnc4[nH]ccc34)cn2)CN(C2CCN(C(=O)c3ccc(-c4ccccc4C#N)c(F)c3)CC2)C1,1.5811326998601345,Non-selective,-41.06977,58.921402
N#CCC1(n2cc(-c3ncnc4[nH]ccc34)cn2)CN(C2CCN(C(=O)c3ccc(-c4cccnc4)c(F)c3)CC2)C1,1.0,Non-selective,-39.540756,59.482777
N#CCC1(n2cc(-c3ncnc4[nH]ccc34)cn2)CN(C2CCN(C(=O)c3ccc(-c4cccnc4)cc3F)CC2)C1,1.0,Non-selective,-38.6199,58.43421
N#CCC1(n2cc(-c3ncnc4[nH]ccc34)cn2)CN(C2CCN(C(=O)c3ccc(-c4ccncc4)c(F)c3)CC2)C1,2.738609573940012,Non-selective,-39.872593,58.607353
N#CCC1(n2cc(-c3ncnc4[nH]ccc34)cn2)CN(C2CCN(C(=O)c3ccc(-c4nc5ccccc5o4)c(F)c3)CC2)C1,4.0,Non-selective,-40.809902,59.62099
N#CCC1(n2cc(-c3ncnc4[nH]ccc34)cn2)CN(C2CCN(C(=O)c3ccc(-c4nc5ccccc5o4)cc3)CC2)C1,1.7888570999327207,Non-selective,-38.37223,50.999935
N#CCC1(n2cc(-c3ncnc4[nH]ccc34)cn2)CN(C2CCN(C(=O)c3ccc(-c4nccs4)c(F)c3)CC2)C1,1.0954446660644168,Non-selective,-39.903423,58.1553
N#CCC1(n2cc(-c3ncnc4[nH]ccc34)cn2)CN(C2CCN(C(=O)c3ccc(C#N)c(F)c3)CC2)C1,1.7320554904608998,Non-selective,-40.792007,57.493027
N#CCC1(n2cc(-c3ncnc4[nH]ccc34)cn2)CN(C2CCN(C(=O)c3ccc(C#N)cc3)CC2)C1,2.236063852663268,Non-selective,-39.62141,50.210983
N#CCC1(n2cc(-c3ncnc4[nH]ccc34)cn2)CN(C2CCN(C(=O)c3ccc(C(F)(F)F)c(F)c3)CC2)C1,2.738620609464862,Non-selective,-47.056305,56.21127
N#CCC1(n2cc(-c3ncnc4[nH]ccc34)cn2)CN(C2CCN(C(=O)c3ccc(C(F)(F)F)cc3F)CC2)C1,1.5811326998601345,Non-selective,-47.18246,56.17782
N#CCC1(n2cc(-c3ncnc4[nH]ccc34)cn2)CN(C2CCN(C(=O)c3ccc(Cl)c(F)c3)CC2)C1,1.7320433824018149,Non-selective,-38.022545,56.5079
N#CCC1(n2cc(-c3ncnc4[nH]ccc34)cn2)CN(C2CCN(C(=O)c3ccc(Cl)s3)CC2)C1,1.5811326998601345,Non-selective,-36.070686,50.781902
N#CCC1(n2cc(-c3ncnc4[nH]ccc34)cn2)CN(C2CCN(C(=O)c3ccc(F)c(-c4nccs4)c3)CC2)C1,1.0954446660644168,Non-selective,-39.821384,57.99053
N#CCC1(n2cc(-c3ncnc4[nH]ccc34)cn2)CN(C2CCN(C(=O)c3ccc(F)c(Cl)c3)CC2)C1,1.7320554904608998,Non-selective,-37.941174,56.450047
N#CCC1(n2cc(-c3ncnc4[nH]ccc34)cn2)CN(C2CCN(C(=O)c3ccc(F)c(F)c3)CC2)C1,1.7320433824018149,Non-selective,-40.27188,57.13498
N#CCC1(n2cc(-c3ncnc4[nH]ccc34)cn2)CN(C2CCN(C(=O)c3ccc(F)c(F)c3F)CC2)C1,1.7320433824018149,Non-selective,-39.880352,55.40012
N#CCC1(n2cc(-c3ncnc4[nH]ccc34)cn2)CN(C2CCN(C(=O)c3ccc(F)c(O)c3)CC2)C1,1.7320433824018149,Non-selective,-40.28263,57.19234
N#CCC1(n2cc(-c3ncnc4[nH]ccc34)cn2)CN(C2CCN(C(=O)c3ccc(F)cc3)CC2)C1,1.0,Non-selective,-41.26879,55.552372
N#CCC1(n2cc(-c3ncnc4[nH]ccc34)cn2)CN(C2CCN(C(=O)c3ccc(F)cc3F)CC2)C1,1.5811326998601345,Non-selective,-39.208183,55.750954
N#CCC1(n2cc(-c3ncnc4[nH]ccc34)cn2)CN(C2CCN(C(=O)c3ccc(O)c(Cl)c3)CC2)C1,2.449499485605108,Non-selective,-36.391064,51.66616
N#CCC1(n2cc(-c3ncnc4[nH]ccc34)cn2)CN(C2CCN(C(=O)c3ccc(O)c(F)c3)CC2)C1,1.7320433824018149,Non-selective,-40.421688,57.24456
N#CCC1(n2cc(-c3ncnc4[nH]ccc34)cn2)CN(C2CCN(C(=O)c3ccc4ncccc4c3)CC2)C1,1.0,Non-selective,-38.591755,51.831432
N#CCC1(n2cc(-c3ncnc4[nH]ccc34)cn2)CN(C2CCN(C(=O)c3cccc(Br)c3)CC2)C1,1.0954446660644168,Non-selective,-38.705177,50.689087
N#CCC1(n2cc(-c3ncnc4[nH]ccc34)cn2)CN(C2CCN(C(=O)c3cccc(C#N)c3)CC2)C1,1.02062,Non-selective,-39.039936,50.77515
N#CCC1(n2cc(-c3ncnc4[nH]ccc34)cn2)CN(C2CCN(C(=O)c3cccc(C(F)(F)F)c3)CC2)C1,1.7320554904608998,Non-selective,-48.188816,56.392593
N#CCC1(n2cc(-c3ncnc4[nH]ccc34)cn2)CN(C2CCN(C(=O)c3cccc(C(F)(F)F)c3F)CC2)C1,1.2910005388898869,Non-selective,-47.846806,56.426884
N#CCC1(n2cc(-c3ncnc4[nH]ccc34)cn2)CN(C2CCN(C(=O)c3cccc(Cl)c3)CC2)C1,1.0,Non-selective,-36.419144,51.5712
N#CCC1(n2cc(-c3ncnc4[nH]ccc34)cn2)CN(C2CCN(C(=O)c3cccc(Cl)n3)CC2)C1,1.5811437529598116,Non-selective,-36.41379,50.70408
N#CCC1(n2cc(-c3ncnc4[nH]ccc34)cn2)CN(C2CCN(C(=O)c3cccc(F)c3)CC2)C1,1.7320433824018149,Non-selective,-40.778263,55.173027
N#CCC1(n2cc(-c3ncnc4[nH]ccc34)cn2)CN(C2CCN(C(=O)c3cccc(F)c3F)CC2)C1,1.0,Non-selective,-40.291435,54.51036
N#CCC1(n2cc(-c3ncnc4[nH]ccc34)cn2)CN(C2CCN(C(=O)c3cccc(OC(F)(F)F)c3)CC2)C1,1.0,Non-selective,-48.1789,56.825974
N#CCC1(n2cc(-c3ncnc4[nH]ccc34)cn2)CN(C2CCN(C(=O)c3cccc4ccccc34)CC2)C1,1.7320433824018149,Non-selective,-38.154247,50.460056
N#CCC1(n2cc(-c3ncnc4[nH]ccc34)cn2)CN(C2CCN(C(=O)c3ccccc3)CC2)C1,1.5811437529598116,Non-selective,-38.062355,50.291714
N#CCC1(n2cc(-c3ncnc4[nH]ccc34)cn2)CN(C2CCN(C(=O)c3ccccc3C#N)CC2)C1,1.0,Non-selective,-38.278397,50.097965
N#CCC1(n2cc(-c3ncnc4[nH]ccc34)cn2)CN(C2CCN(C(=O)c3ccccc3F)CC2)C1,1.0954446660644168,Non-selective,-40.281635,54.340977
N#CCC1(n2cc(-c3ncnc4[nH]ccc34)cn2)CN(C2CCN(C(=O)c3cccs3)CC2)C1,1.0954446660644168,Non-selective,-38.370632,49.470203
N#CCC1(n2cc(-c3ncnc4[nH]ccc34)cn2)CN(C2CCN(C(=O)c3ccnc(C(F)(F)F)c3)CC2)C1,2.041240148956439,Non-selective,-48.126278,54.952663
N#CCC1(n2cc(-c3ncnc4[nH]ccc34)cn2)CN(C2CCN(C(=O)c3ccnc(C(F)(F)F)n3)CC2)C1,4.4721519100560805,Non-selective,-48.284973,54.827312
N#CCC1(n2cc(-c3ncnc4[nH]ccc34)cn2)CN(C2CCN(C(=O)c3ccsc3)CC2)C1,1.0,Non-selective,-38.92093,49.4542
N#CCC1(n2cc(-c3ncnc4[nH]ccc34)cn2)CN(C2CCN(C(=O)c3ccsc3Br)CC2)C1,1.0,Non-selective,-38.94422,49.170868
N#CCC1(n2cc(-c3ncnc4[nH]ccc34)cn2)CN(C2CCN(C(=O)c3cnc4ccccc4c3)CC2)C1,2.0,Non-selective,-38.28138,51.006416
N#CCC1(n2cc(-c3ncnc4[nH]ccc34)cn2)CN(C2CCN(C(=O)c3cncc(C(F)(F)F)n3)CC2)C1,2.738609573940012,Non-selective,-48.779972,55.367847
N#CCC1(n2cc(-c3ncnc4[nH]ccc34)cn2)CN(C2CCN(C(=O)c3cnccn3)CC2)C1,1.0,Non-selective,-38.626686,48.89208
N#CCC1(n2cc(-c3ncnc4[nH]ccc34)cn2)CN(C2CCN(C(=O)c3csc4ccccc34)CC2)C1,1.0954446660644168,Non-selective,-38.15345,50.004963
N#CCC1(n2cc(-c3ncnc4[nH]ccc34)cn2)CN(C2CCN(C(=O)c3cscc3O)CC2)C1,2.0,Non-selective,-38.95719,49.234142
N#CCC1(n2cc(-c3ncnc4[nH]ccc34)cn2)CN(C2CCN(C(=O)c3ncco3)CC2)C1,1.1180343312848489,Non-selective,-38.63777,48.82383
N#CCC1(n2cc(-c3ncnc4[nH]ccc34)cn2)CN(C2CCN(C(=O)c3sc(C(F)(F)F)cc3O)CC2)C1,1.2247429070164564,Non-selective,-49.034283,55.750183
N#CCC1(n2cc(-c3ncnc4[nH]ccc34)cn2)CN(C2CCN(C(=O)c3sc4cc(F)ccc4c3Cl)CC2)C1,1.0,Non-selective,-38.34575,55.425735
N#CCC1(n2cc(-c3ncnc4[nH]ccc34)cn2)CN(C2CCN(C(=O)c3sc4cccc(F)c4c3Cl)CC2)C1,1.0,Non-selective,-39.31345,54.393517
N#CCC1(n2cc(-c3ncnc4[nH]ccc34)cn2)CN(C2CCN(C(=O)c3sccc3Cl)CC2)C1,1.0,Non-selective,-36.00871,50.8116
N#CCC1(n2cc(-c3ncnc4[nH]ccc34)cn2)CN(C2CCN(Cc3c(C(F)(F)F)ccc(Cl)c3F)CC2)C1,1.0,Non-selective,-42.921577,30.440033
N#CCC1(n2cc(-c3ncnc4[nH]ccc34)cn2)CN(C2CCN(Cc3c(Cl)cncc3Cl)CC2)C1,2.4,Non-selective,-44.711052,31.92592
N#CCC1(n2cc(-c3ncnc4[nH]ccc34)cn2)CN(C2CCN(Cc3c(F)ccc(Cl)c3F)CC2)C1,1.0,Non-selective,-43.227226,32.21627
N#CCC1(n2cc(-c3ncnc4[nH]ccc34)cn2)CN(C2CCN(Cc3c(F)cccc3C(F)(F)F)CC2)C1,2.738609573940012,Non-selective,-42.921684,30.333921
N#CCC1(n2cc(-c3ncnc4[nH]ccc34)cn2)CN(C2CCN(Cc3c(F)cccc3Cl)CC2)C1,1.0,Non-selective,-43.280293,32.23176
N#CCC1(n2cc(-c3ncnc4[nH]ccc34)cn2)CN(C2CCN(Cc3cc(Br)nc(Br)c3)CC2)C1,2.738609573940012,Non-selective,-44.81192,31.188927
N#CCC1(n2cc(-c3ncnc4[nH]ccc34)cn2)CN(C2CCN(Cc3cc(C(F)(F)F)ccc3Cl)CC2)C1,1.0,Non-selective,-42.94465,30.16618
N#CCC1(n2cc(-c3ncnc4[nH]ccc34)cn2)CN(C2CCN(Cc3cc(Cl)cc(Cl)c3)CC2)C1,1.0,Non-selective,-44.70197,31.818361
N#CCC1(n2cc(-c3ncnc4[nH]ccc34)cn2)CN(C2CCN(Cc3cc(F)cc(F)c3)CC2)C1,2.738609573940012,Non-selective,-43.61652,31.244982
N#CCC1(n2cc(-c3ncnc4[nH]ccc34)cn2)CN(C2CCN(Cc3cc4ccccc4nc3Cl)CC2)C1,1.0,Non-selective,-45.21598,31.45742
N#CCC1(n2cc(-c3ncnc4[nH]ccc34)cn2)CN(C2CCN(Cc3cc4ccccc4o3)CC2)C1,2.738609573940012,Non-selective,-45.25612,30.8341
N#CCC1(n2cc(-c3ncnc4[nH]ccc34)cn2)CN(C2CCN(Cc3ccc(-c4conn4)cc3)CC2)C1,1.0,Non-selective,-44.854733,31.390373
N#CCC1(n2cc(-c3ncnc4[nH]ccc34)cn2)CN(C2CCN(Cc3ccc(C#N)c(F)c3)CC2)C1,2.236071448858502,Non-selective,-43.626705,31.218431
N#CCC1(n2cc(-c3ncnc4[nH]ccc34)cn2)CN(C2CCN(Cc3ccc(C(F)(F)F)cc3F)CC2)C1,1.0,Non-selective,-42.839745,30.195322
N#CCC1(n2cc(-c3ncnc4[nH]ccc34)cn2)CN(C2CCN(Cc3ccc(F)c(C#N)c3)CC2)C1,2.236071448858502,Non-selective,-43.59063,31.278496
N#CCC1(n2cc(-c3ncnc4[nH]ccc34)cn2)CN(C2CCN(Cc3ccc(F)cc3F)CC2)C1,1.0,Non-selective,-43.310497,31.374472
N#CCC1(n2cc(-c3ncnc4[nH]ccc34)cn2)CN(C2CCN(Cc3ccc4c(c3)OCCO4)CC2)C1,2.738609573940012,Non-selective,-44.821125,31.127848
N#CCC1(n2cc(-c3ncnc4[nH]ccc34)cn2)CN(C2CCN(Cc3cccc(C#N)c3)CC2)C1,1.0,Non-selective,-44.89525,30.815699
N#CCC1(n2cc(-c3ncnc4[nH]ccc34)cn2)CN(C2CCN(Cc3cccc(C(F)(F)F)c3F)CC2)C1,2.236071448858502,Non-selective,-42.922157,30.298569
N#CCC1(n2cc(-c3ncnc4[nH]ccc34)cn2)CN(C2CCN(Cc3cccc(Cl)c3Cl)CC2)C1,1.0,Non-selective,-44.812748,31.691553
N#CCC1(n2cc(-c3ncnc4[nH]ccc34)cn2)CN(C2CCN(Cc3cccc(Oc4ccccc4)c3)CC2)C1,1.0,Non-selective,-45.272152,30.569748
N#CCC1(n2cc(-c3ncnc4[nH]ccc34)cn2)CN(C2CCN(Cc3ccccc3C#N)CC2)C1,1.0,Non-selective,-45.150055,30.76837
N#CCC1(n2cc(-c3ncnc4[nH]ccc34)cn2)CN(C2CCN(Cc3ccnc(Br)c3)CC2)C1,1.0,Non-selective,-44.83261,31.075174
N#CCC1(n2cc(-c3ncnc4[nH]ccc34)cn2)CN(C2CCN(Cc3ccnc(C(F)(F)F)c3F)CC2)C1,2.236071448858502,Non-selective,-42.80504,30.187155
N#CCC1(n2cc(-c3ncnc4[nH]ccc34)cn2)CN(C2CCN(S(=O)(=O)C3CC3)CC2)C1,2.738609573940012,Non-selective,-36.86631,31.751657
N#CCC1(n2cc(-c3ncnc4[nH]ccc34)cn2)CN(C2CCN(S(=O)(=O)C3CCCC3)CC2)C1,1.0,Non-selective,-36.664948,31.998308
N#CCC1(n2cc(-c3ncnc4[nH]ccc34)cn2)CN(C2CCN(S(=O)(=O)C3CCCCC3)CC2)C1,1.0,Non-selective,-36.63558,32.027096
N#CCC1(n2cc(-c3ncnc4[nH]ccc34)cn2)CN(C2CCN(S(=O)(=O)c3ccc(C#N)cc3)CC2)C1,1.0,Non-selective,-37.258827,32.105354
N#CCC1(n2cc(-c3ncnc4[nH]ccc34)cn2)CN(C2CCN(S(=O)(=O)c3cccc(C#N)c3)CC2)C1,1.264911215136728,Non-selective,-37.3935,32.261932
N#CCC1(n2cc(-c3ncnc4[nH]ccc34)cn2)CN(C2CCN(S(=O)(=O)c3ccccc3C#N)CC2)C1,1.0,Non-selective,-37.260746,32.18294
N#CCC1(n2cc(-c3ncnc4[nH]ccc34)cn2)CN(S(=N)(=O)C2CC2)C1,1.0,Non-selective,-34.31094,30.554651
N#CCC1(n2cc(-c3ncnc4[nH]ccc34)cn2)CN(S(=N)(=O)c2ccccc2)C1,1.0,Non-selective,-33.36472,30.49574
N#CCC1(n2cc(-c3ncnc4[nH]ccc34)cn2)CN(S(=O)(=NC2CC2)C2CC2)C1,1.0,Non-selective,-34.306618,30.559778
N#CCC1(n2cc(-c3ncnc4[nH]ccc34)cn2)CN(c2c(F)cc(NC(=O)N3CCCCC3)cc2F)C1,2.0,Non-selective,-31.326422,40.25957
N#CCC1(n2cc(-c3ncnc4[nH]ccc34)cn2)CN(c2cc(F)c(C(=O)NCC(F)F)cc2F)C1,1.0,Non-selective,-26.1684,37.987167
N#CCC1(n2cc(-c3ncnc4[nH]ccc34)cn2)CN(c2cc(F)c(NC(=O)N3CCCCC3)cc2F)C1,2.0,Non-selective,-31.327976,40.263706
N#CCC1(n2cc(-c3ncnc4[nH]ccc34)cn2)CN(c2ccc(C(=O)NC3(C(F)(F)F)CC3)nc2)C1,1.0,Non-selective,-26.947763,35.236492
N#CCC1(n2cc(-c3ncnc4[nH]ccc34)cn2)CN(c2ccc(C(=O)NC3CC(F)(F)C3)nc2)C1,1.0,Non-selective,-27.50332,35.753025
N#CCC1(n2cc(-c3ncnc4[nH]ccc34)cn2)CN(c2ccc(C(=O)N[C@@H](C3CC3)C(F)(F)F)cc2)C1,2.5,Non-selective,-26.54059,35.679787
N#CCC1(n2cc(-c3ncnc4[nH]ccc34)cn2)CN(c2cnc(C(=O)NC3(C(F)(F)F)CC3)cn2)C1,2.5,Non-selective,-26.833046,35.180973
N#CCC1(n2cc(-c3ncnc4[nH]ccc34)cn2)CN(c2cnc(C(=O)N[C@@H](C3CC3)C(F)(F)F)cn2)C1,1.0,Non-selective,-26.507246,35.44053
N#CCC1(n2cc(C(N)=O)c(Nc3ccc(F)cc3)n2)CCC(NC2CCOCC2)CC1,3.33184855233853,Non-selective,31.750069,31.449306
N#CCC1(n2cc(C(N)=O)c(Nc3ccccc3)n2)CCN(C(=O)C(c2ccccc2)c2ccccc2)CC1,4.647058823529412,Non-selective,21.670485,49.831753
N#CCC1(n2cc(C(N)=O)c(Nc3ccccc3)n2)CCN(C(=O)c2ccccc2-c2ccccc2)CC1,3.8268733850129197,Non-selective,22.987865,48.273167
N#CCC1(n2cc(C(N)=O)c(Nc3ccccc3)n2)CCN(Cc2cccc(C#N)c2)CC1,2.962025316455696,Non-selective,17.774025,46.123325
N#CCC1(n2cc(C(N)=O)c(Nc3ccccc3)n2)CCN(Cc2cccnc2)CC1,3.6666666666666665,Non-selective,17.941166,46.623272
N#CCC1(n2cc(C(N)=O)c(Nc3ccccc3)n2)CCN(S(=O)(=O)Cc2ccccc2)CC1,2.3333333333333335,Non-selective,17.59283,51.122818
N#CCC1(n2cc(C(N)=O)c(Nc3ccccc3)n2)CCN(S(=O)(=O)c2ccc(-c3ccccc3)cc2)CC1,4.8,Non-selective,17.31675,51.012436
N#CCC1(n2cc(C(N)=O)c(Nc3ccccc3)n2)CCN(S(=O)(=O)c2ccc(C(F)(F)F)cc2)CC1,2.6666666666666665,Non-selective,18.225027,50.08917
N#CCC1(n2cc(C(N)=O)c(Nc3ccccc3)n2)CCN(S(=O)(=O)c2cccc(Cl)c2)CC1,3.3333333333333335,Non-selective,16.89128,50.46296
N#CCC1(n2cc(C(N)=O)c(Nc3ccccc3)n2)CCN(S(=O)(=O)c2ccccc2)CC1,3.3333333333333335,Non-selective,17.434837,51.05764
N#CCC1(n2cc(C(N)=O)c(Nc3ccccc3)n2)CCN(S(=O)(=O)c2ccccc2Cl)CC1,3.0,Non-selective,17.038729,50.579388
N#CCC1(n2cc(C(N)=O)c(Nc3ccccc3)n2)CCN(S(=O)(=O)c2ccco2)CC1,3.3333333333333335,Non-selective,17.603846,51.160435
N#CCC1(n2cc(C(N)=O)c(Nc3ccccc3)n2)CN(C(=O)OCCc2cccc3ccccc23)C1,3.949333333333333,Non-selective,21.656103,58.220936
N#CCC1(n2cc(C(N)=O)c(Nc3ccccc3)n2)CN(S(=O)(=O)C(F)(F)F)C1,3.6792452830188678,Non-selective,17.585024,55.52407
N#CCC1(n2cc(C(N)=O)c(Nc3ccccc3)n2)CN(S(=O)(=O)Cc2ccccc2)C1,4.961904761904762,Non-selective,17.38856,54.726707
N#CCC1(n2cc(C(N)=O)c(Nc3ccccc3)n2)CN(S(=O)(=O)c2ccccc2)C1,3.3550724637681157,Non-selective,17.387888,54.690544
N#CCC1(n2cc(C(N)=O)c(Nc3ccccc3)n2)CN(S(=O)(=O)c2ccco2)C1,2.6,Non-selective,17.409185,54.64654
N#CCC1(n2cc(C(N)=O)c(Nc3ccnc(F)c3)n2)CCC(N2CCc3ccccc32)CC1,4.588957055214724,Non-selective,64.34954,38.054726
N#CCC1(n2cc(C(N)=O)c(Nc3ccnc(F)c3)n2)CCC(NCc2ccccc2C#N)CC1,4.872964169381108,Non-selective,66.49661,36.70761
N#CCC1(n2ccc(-c3nc(-c4c[nH]nc4N)cc4ncccc34)n2)CC(C#N)C1,2.103395588151686,Non-selective,9.775953,79.32003
N#CCC1(n2ccc(-c3nc(-c4cc(CO)[nH]n4)cc4ncccc34)n2)CC(C#N)C1,3.2403733614232206,Non-selective,10.294855,78.503006
N#CCC1(n2ccc(-c3nc(-c4cc(CO)no4)cc4ncccc34)n2)CC(C#N)C1,4.040404040404041,Non-selective,10.997971,78.09005
N#CCC1(n2ccc(-c3nc(-c4cc(N)[nH]n4)cc4ncccc34)n2)CC(C#N)C1,1.5,Non-selective,10.4054165,79.01471
N#CCC1(n2ccc(-c3nc(-c4cc(N)cnn4)cc4ncccc34)n2)CC(C#N)C1,1.628006928797489,Non-selective,11.146336,78.82829
N#CCC1(n2ccc(-c3nc(-c4cc[nH]n4)cc4ncccc34)n2)CC(C(N)=O)C1,1.5837062439881227,Non-selective,6.049849,78.60802
N#CCC1(n2ccc(-c3nc(-c4cc[nH]n4)cc4ncccc34)n2)CC2(COC2)C1,1.5152158527954707,Non-selective,5.3222475,80.17249
N#CCC1(n2ccc(-c3nc(-c4cc[nH]n4)cc4ncccc34)n2)CN(CC(F)(F)F)C1,1.1020881670533642,Non-selective,-1.7942221,86.562386
N#CCC1(n2ccc(-c3nc(-c4ccc(=O)[nH]c4)cc4ncccc34)n2)CN(S(=O)(=O)C2CC2)C1,1.7527075812274369,Non-selective,0.38573205,64.033516
N#CCC1(n2ccc(-c3nc(-c4ccc(N)c(C(N)=O)n4)cc4ncccc34)n2)CC(C#N)C1,1.845861084681256,Non-selective,10.846676,76.7862
N#CCC1(n2ccc(-c3nc(-c4ccc(N)cn4)cc4ncccc34)n2)CC(C#N)C1,2.2013422818791946,Non-selective,11.071392,78.8511
N#CCC1(n2ccc(-c3nc(-c4ccc(N)nc4)cc4ncccc34)n2)CC(C#N)C1,1.8379610345906843,Non-selective,11.691533,78.404236
N#CCC1(n2ccc(-c3nc(-c4ccc(N)nc4)cc4ncccc34)n2)CN(CC(F)(F)F)C1,1.1307966706302022,Non-selective,-1.7713255,85.043846
N#CCC1(n2ccc(-c3nc(-c4ccc(O)nc4)cc4ncccc34)n2)CN(C2CC(F)(F)C2)C1,1.020679468242245,Non-selective,1.6891315,81.82208
N#CCC1(n2ccc(-c3nc(-c4ccc(O)nc4)cc4ncccc34)n2)CN(CC(F)(F)F)C1,1.0338541666666667,Non-selective,-2.0005064,85.16736
N#CCC1(n2ccc(-c3nc(-c4ccc(S(N)(=O)=O)nc4)cc4ncccc34)n2)CC(C#N)C1,4.858718463117217,Non-selective,12.482772,77.86922
N#CCC1(n2ccc(-c3nc(-c4ccc5nncn5c4)cc4ncccc34)n2)CN(CC(F)(F)F)C1,2.1147286821705427,Non-selective,-2.1502633,84.56954
N#CCC1(n2ccc(-c3nc(-c4cccc(C(N)=O)n4)cc4ncccc34)n2)CC(C#N)C1,4.282377919320594,Non-selective,10.851665,76.825134
N#CCC1(n2ccc(-c3nc(-c4cccc(CO)n4)cc4ncccc34)n2)CC(C#N)C1,3.281111111111111,Non-selective,10.926624,78.289604
N#CCC1(n2ccc(-c3nc(-c4cccnc4)cc4ncccc34)n2)CN(CC(F)(F)F)C1,2.8059548254620124,Non-selective,-1.8650409,85.350044
N#CCC1(n2ccc(-c3nc(-c4ccn(C5COC5)n4)cc4ncccc34)n2)CN(CC(F)(F)F)C1,4.262574595055414,Non-selective,-1.5577328,83.26183
N#CCC1(n2ccc(-c3nc(-c4ccn[nH]4)cc4ncccc34)n2)CC(C#N)C1,1.5014103792961797,Non-selective,10.151517,78.86828
N#CCC1(n2ccc(-c3nc(-c4ccn[nH]4)cc4ncccc34)n2)CC(CO)C1,1.5257102972974292,Non-selective,7.6497188,79.2403
N#CCC1(n2ccc(-c3nc(-c4ccn[nH]4)cc4ncccc34)n2)CN(S(=O)(=O)C2CC2)C1,1.7982261640798227,Non-selective,0.43262023,64.07195
N#CCC1(n2ccc(-c3nc(-c4ccn[nH]4)cc4ncccc34)n2)CN(S(=O)(=O)C2COC2)C1,1.0742857142857143,Non-selective,0.4550394,64.169266
N#CCC1(n2ccc(-c3nc(-c4ccnc(C(N)=O)c4)cc4ncccc34)n2)CC(C#N)C1,3.965811965811966,Non-selective,10.867807,76.825035
N#CCC1(n2ccc(-c3nc(-c4ccnc(C(N)=O)c4)cc4ncccc34)n2)CN(CC(F)(F)F)C1,2.7464595705801735,Non-selective,-0.9192811,84.90974
N#CCC1(n2ccc(-c3nc(-c4ccnc(C(N)=O)n4)cc4ncccc34)n2)CC(C#N)C1,1.7470940158251806,Non-selective,10.85257,76.822014
N#CCC1(n2ccc(-c3nc(-c4ccnc(CO)c4)cc4ncccc34)n2)CC(C#N)C1,1.891304347826087,Non-selective,11.131686,78.12014
N#CCC1(n2ccc(-c3nc(-c4ccnc(N)c4)cc4ncccc34)n2)CC(C#N)C1,1.4366344735631837,Non-selective,11.409191,78.45514
N#CCC1(n2ccc(-c3nc(-c4ccnc(N)c4)cc4ncccc34)n2)CN(CC(F)(F)F)C1,1.048780487804878,Non-selective,-1.4249945,85.04902
N#CCC1(n2ccc(-c3nc(-c4ccncc4)cc4ncccc34)n2)CN(CC(F)(F)F)C1,1.5670103092783505,Non-selective,-1.8686905,85.16619
N#CCC1(n2ccc(-c3nc(-c4ccncc4F)cc4ncccc34)n2)CN(CC(F)(F)F)C1,1.034233116144379,Non-selective,-1.2856451,85.75373
N#CCC1(n2ccc(-c3nc(-c4ccnnc4)cc4ncccc34)n2)CN(CC(F)(F)F)C1,1.55118237771299,Non-selective,-1.9267389,85.23688
N#CCC1(n2ccc(-c3nc(-c4cn[nH]c4)cc4ncccc34)n2)CC(C#N)C1,1.133191740782683,Non-selective,9.444451,79.24111
N#CCC1(n2ccc(-c3nc(-c4cn[nH]c4)cc4ncccc34)n2)CC(c2ccn[nH]2)C1,1.6116504854368932,Non-selective,7.182009,80.072296
N#CCC1(n2ccc(-c3nc(-c4cn[nH]c4)cc4ncccc34)n2)CN(CC(F)(F)F)C1,1.2304147465437787,Non-selective,-1.9313109,86.397934
N#CCC1(n2ccc(-c3nc(-c4cn[nH]c4CO)cc4ncccc34)n2)CC(C#N)C1,3.171519781019929,Non-selective,9.894479,78.282135
N#CCC1(n2ccc(-c3nc(-c4cn[nH]n4)cc4ncccc34)n2)CN(CC(F)(F)F)C1,1.7443249701314218,Non-selective,-1.8501146,85.94323
N#CCC1(n2ccc(-c3nc(-c4cnc5c(c4)CCC5)cc4ncccc34)n2)CN(CC(F)(F)F)C1,1.71939477303989,Non-selective,-1.9589573,84.89427
N#CCC1(n2ccc(-c3nc(-c4cnc5cc[nH]c5c4)cc4ncccc34)n2)CN(CC(F)(F)F)C1,2.963963963963964,Non-selective,-1.8051138,86.394646
N#CCC1(n2ccc(-c3nc(-c4cncc(F)c4)cc4ncccc34)n2)CN(CC(F)(F)F)C1,1.4742739200943535,Non-selective,-1.8965613,85.37376
N#CCC1(n2ccc(-c3nc(-c4cncnc4)cc4ncccc34)n2)CN(CC(F)(F)F)C1,1.0,Non-selective,-1.9550093,85.28719
N#CCC1(n2ccc(-c3nc(-c4cnn(C5CCCCO5)n4)cc4ncccc34)n2)CN(CC(F)(F)F)C1,2.3269646719538573,Non-selective,-1.3557152,83.32414
N#CCC1(n2ccc(-c3nc(-c4cnn(CCO)c4)cc4ncccc34)n2)CC(C#N)C1,3.9594590162590295,Non-selective,13.041089,79.40673
N#CCC1(n2ccc(-c3nc(-c4cnnc(N)c4)cc4ncccc34)n2)CC(C#N)C1,3.0846941071102636,Non-selective,11.499015,78.66806
N#CCC1(n2ccc(-c3nc(-c4nc(CO)cs4)cc4ncccc34)n2)CC(C#N)C1,2.5190184049079756,Non-selective,11.013782,78.261604
N#CCC1(n2ccc(-c3nc(-c4ncc[nH]4)cc4ncccc34)n2)CN(CC(F)(F)F)C1,3.445750097924011,Non-selective,-1.7633917,86.2235
N#CCC1(n2ccc(-c3nc(Cl)cc4ncccc34)n2)CN(CC(F)(F)F)C1,1.1163206072784104,Non-selective,-1.095605,85.753426
N#CCC1(n2ccc(-c3nc(Oc4cccc(N)n4)cc4ncccc34)n2)CC(C#N)C1,3.0156815440289506,Non-selective,10.551972,79.1658
N#CCC1(n2ccc(-c3nccc4ncccc34)n2)CN(CC(F)(F)F)C1,1.0,Non-selective,-0.8238439,85.8308
N#CCC1(n2ccc(-c3ncnc4[nH]ccc34)c2)CN(C2CCN(C(=O)Nc3ccc(C(F)(F)F)nc3)CC2)C1,2.5,Non-selective,-55.838184,43.585346
N#CCC1(n2ccc(-c3ncnc4[nH]ccc34)c2)CN(C2CCN(C(=O)Nc3ccc(Cl)cc3C#N)CC2)C1,2.738609573940012,Non-selective,-54.23353,43.40445
N#CCC1(n2ccc(-c3ncnc4[nH]ccc34)c2)CN(C2CCN(C(=O)Nc3ccc(F)cc3Cl)CC2)C1,2.738609573940012,Non-selective,-54.500427,43.57342
N#CCC1(n2ccc(-c3ncnc4[nH]ccc34)c2)CN(C2CCN(C(=O)Nc3ncccc3C(F)(F)F)CC2)C1,4.0,Non-selective,-55.620354,43.736385
N#CCC1(n2ccc(-c3ncnc4[nH]ccc34)c2)CN(C2CCN(C(=O)Nc3ncccc3F)CC2)C1,2.738609573940012,Non-selective,-54.588234,44.139164
N#CCC1(n2ccc(-c3ncnc4[nH]ccc34)c2)CN(C2CCN(C(=O)c3c(F)cc(C#N)cc3F)CC2)C1,2.236071448858502,Non-selective,-54.823658,46.577366
N#CCC1(n2ccc(-c3ncnc4[nH]ccc34)c2)CN(C2CCN(C(=O)c3c(F)ccc(F)c3F)CC2)C1,1.0,Non-selective,-54.753242,46.214813
N#CCC1(n2ccc(-c3ncnc4[nH]ccc34)c2)CN(C2CCN(C(=O)c3c(F)cccc3F)CC2)C1,1.0,Non-selective,-54.61734,46.05458
N#CCC1(n2ccc(-c3ncnc4[nH]ccc34)c2)CN(C2CCN(C(=O)c3cc(C(F)(F)F)ccc3F)CC2)C1,1.0,Non-selective,-56.27729,46.450436
N#CCC1(n2ccc(-c3ncnc4[nH]ccc34)c2)CN(C2CCN(C(=O)c3cc(F)cc(C(F)(F)F)c3)CC2)C1,2.738609573940012,Non-selective,-56.216198,46.090954
N#CCC1(n2ccc(-c3ncnc4[nH]ccc34)c2)CN(C2CCN(C(=O)c3cc(F)ccc3C(F)(F)F)CC2)C1,2.236071448858502,Non-selective,-55.86511,46.076
N#CCC1(n2ccc(-c3ncnc4[nH]ccc34)c2)CN(C2CCN(C(=O)c3cc(F)ccc3F)CC2)C1,1.0,Non-selective,-54.804707,46.623913
N#CCC1(n2ccc(-c3ncnc4[nH]ccc34)c2)CN(C2CCN(C(=O)c3cc(OC(F)(F)F)ccc3F)CC2)C1,1.25,Non-selective,-55.911545,46.832268
N#CCC1(n2ccc(-c3ncnc4[nH]ccc34)c2)CN(C2CCN(C(=O)c3ccc(C#N)cc3F)CC2)C1,2.236071448858502,Non-selective,-54.858845,46.754826
N#CCC1(n2ccc(-c3ncnc4[nH]ccc34)c2)CN(C2CCN(C(=O)c3ccc(C(F)(F)F)c(F)c3)CC2)C1,2.236071448858502,Non-selective,-56.06504,46.459763
N#CCC1(n2ccc(-c3ncnc4[nH]ccc34)c2)CN(C2CCN(C(=O)c3ccc(C(F)(F)F)cc3F)CC2)C1,1.0,Non-selective,-56.306034,46.457382
N#CCC1(n2ccc(-c3ncnc4[nH]ccc34)c2)CN(C2CCN(C(=O)c3ccc(F)c(C(F)(F)F)c3)CC2)C1,1.0,Non-selective,-56.017075,46.497177
N#CCC1(n2ccc(-c3ncnc4[nH]ccc34)c2)CN(C2CCN(C(=O)c3ccc(F)c(F)c3)CC2)C1,2.738609573940012,Non-selective,-54.85964,46.704308
N#CCC1(n2ccc(-c3ncnc4[nH]ccc34)c2)CN(C2CCN(C(=O)c3ccc(F)c(F)c3F)CC2)C1,1.0,Non-selective,-54.83057,46.38474
N#CCC1(n2ccc(-c3ncnc4[nH]ccc34)c2)CN(C2CCN(C(=O)c3ccc(O)c(C(F)(F)F)c3)CC2)C1,1.0,Non-selective,-56.30457,46.091747
N#CCC1(n2ccc(-c3ncnc4[nH]ccc34)c2)CN(C2CCN(C(=O)c3cccc(C#N)c3)CC2)C1,2.236071448858502,Non-selective,-54.19104,46.148422
N#CCC1(n2ccc(-c3ncnc4[nH]ccc34)c2)CN(C2CCN(C(=O)c3cccc(C(F)(F)F)c3)CC2)C1,1.0,Non-selective,-56.476322,45.979206
N#CCC1(n2ccc(-c3ncnc4[nH]ccc34)c2)CN(C2CCN(C(=O)c3cccc(F)c3F)CC2)C1,1.0,Non-selective,-54.650227,46.153145
N#CCC1(n2ccc(-c3ncnc4[nH]ccc34)c2)CN(C2CCN(C(=O)c3cccc(OC(F)(F)F)c3F)CC2)C1,2.738609573940012,Non-selective,-55.607277,45.90374
N#CCC1(n2ccc(-c3ncnc4[nH]ccc34)c2)CN(C2CCN(C(=O)c3cccs3)CC2)C1,2.738609573940012,Non-selective,-54.252308,45.586315
N#CCC1(n2ccc(-c3ncnc4[nH]ccc34)c2)CN(C2CCN(C(=O)c3ccnc(C(F)(F)F)c3F)CC2)C1,2.8284318535081514,Non-selective,-56.322727,45.54212
N#CCC1(n2ccc(-c3ncnc4[nH]ccc34)c2)CN(C2CCN(C(=O)c3ccnc(C(F)(F)F)n3)CC2)C1,2.236071448858502,Non-selective,-56.446552,45.25969
N#CCC1(n2ccc(-c3ncnc4[nH]ccc34)c2)CN(C2CCN(C(=O)c3cnc(C(F)(F)F)cn3)CC2)C1,1.0,Non-selective,-56.40374,45.18682
N#CCC1(n2ccc(-c3ncnc4[nH]ccc34)c2)CN(C2CCN(C(=O)c3nc(C(F)(F)F)cs3)CC2)C1,2.738609573940012,Non-selective,-56.385536,45.30793
N#CCC1(n2ccc(-c3ncnc4[nH]ccc34)c2)CN(N(C(=O)N2CCCCC2)c2ccc(F)cc2F)C1,1.25,Non-selective,-51.90761,45.058662
N#CCC1(n2ccc(-c3ncnc4[nH]ccc34)c2)CN(N(C(=O)N2CCCCC2)c2ccccc2C#N)C1,1.2,Non-selective,-51.85831,45.030346
N#CCC1(n2nc(Nc3ccc(C(N)C(F)(F)F)cc3)c3c(=O)[nH]ccc32)CCCC1,3.4353594685382927,Non-selective,36.638676,-46.631657
N#CCC1(n2nc(Nc3ccc(C(N)C(F)F)cc3)c3c(=O)[nH]ccc32)CCCCC1,2.3181818181818183,Non-selective,37.26353,-46.91758
N#CCC1(n2nc(Nc3ccc(F)cc3)c3c(=O)[nH]ccc32)CCNCC1,3.553444180522565,Non-selective,37.45661,-47.21399
N#CCC1(n2nc(Nc3ccc(S(=O)(=O)C(F)F)cc3)c3c(=O)[nH]ccc32)CCN(c2ccc(C#N)cn2)CC1,1.04,Non-selective,31.993177,-39.191074
N#CCC1(n2nc(Nc3ccc(S(=O)(=O)N4CCC4)cc3)c3c(=O)[nH]ccc32)CCCC1,1.7435897435897436,Non-selective,30.97317,-40.882614
N#CCC1(n2nc(Nc3ccc([C@@H](O)C(F)(F)F)cc3)c3c(=O)[nH]ccc32)CCN(c2cc(C(F)(F)F)ccn2)CC1,4.219298245614035,Non-selective,36.525448,-41.921776
N#CCC1(n2nc(Nc3ccc([C@H](O)C(F)(F)F)cc3)c3c(=O)[nH]ccc32)CCN(c2cc(C(F)(F)F)ccn2)CC1,3.3217391304347825,Non-selective,36.5247,-41.920982
N#CCC1(n2nc(Nc3ccc4c(c3)CN(CC(F)(F)F)C4=O)c3c(=O)[nH]ccc32)CCCC1,4.870967741935484,Non-selective,40.278866,-46.50754
N#CCC1(n2ncc(-c3cc(-c4c[nH]nc4CO)cc4ncccc34)n2)CC(C#N)C1,3.6484372694271467,Non-selective,-0.3853325,44.500805
N#CCC1(n2ncc(-c3cc(-c4cc(C(N)=O)c(F)cn4)cc4ncccc34)n2)CC(C#N)C1,1.0,Non-selective,1.9581058,40.84945
N#CCC1(n2ncc(-c3cc(-c4cc(C(N)=O)ccn4)cc4ncccc34)n2)CC(C#N)C1,1.0190823163741052,Non-selective,2.0018563,41.3725
N#CCC1(n2ncc(-c3cc(-c4cc(CO)ns4)cc4ncccc34)n2)CC(C#N)C1,2.0505376344086024,Non-selective,1.4832835,43.897697
N#CCC1(n2ncc(-c3cc(-c4cc(N)[nH]n4)cc4ncccc34)n2)CC(C#N)C1,1.547150434050846,Non-selective,1.0264618,46.19187
N#CCC1(n2ncc(-c3cc(-c4cc[nH]n4)cc4ncccc34)n2)CC(C#N)C1,2.653167830943601,Non-selective,-0.3354996,45.21984
N#CCC1(n2ncc(-c3cc(-c4cc[nH]n4)cc4ncccc34)n2)CN(CC(F)(F)F)C1,1.1198501872659177,Non-selective,-2.6498175,46.324177
N#CCC1(n2ncc(-c3cc(-c4cc[nH]n4)cc4ncccc34)n2)CN(CC2(F)CC2)C1,1.8601540332387516,Non-selective,-2.5000324,46.243538
N#CCC1(n2ncc(-c3cc(-c4cc[nH]n4)cc4ncccc34)n2)CN(S(=O)(=O)C2CC2)C1,1.1111111111111112,Non-selective,-6.953774,50.394672
N#CCC1(n2ncc(-c3cc(-c4cc[nH]n4)cc4ncccc34)n2)CN(S(N)(=O)=O)C1,2.3658536585365852,Non-selective,-7.144213,50.499928
N#CCC1(n2ncc(-c3cc(-c4ccc(-c5nnn[nH]5)cc4)cc4ncccc34)n2)CC(C#N)C1,1.125,Non-selective,0.76665395,45.425735
N#CCC1(n2ncc(-c3cc(-c4ccc(C(=O)O)cc4)cc4ncccc34)n2)CC(C#N)C1,1.2390715607100928,Non-selective,1.8520145,41.815845
N#CCC1(n2ncc(-c3cc(-c4ccc(C(N)=O)cc4)cc4ncccc34)n2)CC(C#N)C1,3.1986325552341763,Non-selective,1.9651424,41.43786
N#CCC1(n2ncc(-c3cc(-c4ccc(N)cn4)cc4ncccc34)n2)CC(C#N)C1,4.850282485875706,Non-selective,1.8750552,46.383728
N#CCC1(n2ncc(-c3cc(-c4ccc(N)nc4)cc4ncccc34)n2)CC(C#N)C1,2.9732304155033664,Non-selective,1.904525,45.691994
N#CCC1(n2ncc(-c3cc(-c4cccc(C(N)=O)c4)cc4ncccc34)n2)CC(C#N)C1,3.5576119587756487,Non-selective,1.9786509,41.42154
N#CCC1(n2ncc(-c3cc(-c4cccc(N)n4)cc4ncccc34)n2)CC(C#N)C1,4.112955847168854,Non-selective,2.3334787,46.359955
N#CCC1(n2ncc(-c3cc(-c4cccc5c4NC(=O)C5)cc4ncccc34)n2)CC(C#N)C1,1.2401562596887208,Non-selective,0.39664072,45.95402
N#CCC1(n2ncc(-c3cc(-c4cccnc4N)cc4ncccc34)n2)CC(C#N)C1,1.0,Non-selective,1.7899271,45.666298
N#CCC1(n2ncc(-c3cc(-c4ccn[nH]4)cc4ncccc34)n2)CN(S(=O)(=O)C2COC2)C1,1.7333333333333334,Non-selective,-7.016964,50.225666
N#CCC1(n2ncc(-c3cc(-c4ccnc(N)c4)cc4ncccc34)n2)CC(C#N)C1,2.1804043545878695,Non-selective,1.8944855,45.688507
N#CCC1(n2ncc(-c3cc(-c4cn[nH]c4)cc4ncccc34)n2)CC(C#N)C1,2.488901138925256,Non-selective,-0.26933023,45.094383
N#CCC1(n2ncc(-c3cc(-c4cn[nH]c4N)cc4ncccc34)n2)CC(C#N)C1,2.804692720837562,Non-selective,1.0510973,45.995243
N#CCC1(n2ncc(-c3cc(-c4cnc(CO)s4)cc4ncccc34)n2)CC(C#N)C1,2.601010101010101,Non-selective,1.2596383,43.63895
N#CCC1(n2ncc(-c3cc(-c4cnc(N)cn4)cc4ncccc34)n2)CC(C#N)C1,1.35180808943405,Non-selective,1.6738197,46.571262
N#CCC1(n2ncc(-c3cc(-c4cnc(N)nc4)cc4ncccc34)n2)CC(C#N)C1,1.6246206373292869,Non-selective,1.8110679,45.749634
N#CCC1(n2ncc(-c3cc(-c4cnc5[nH]ccc5n4)cc4ncccc34)n2)CC(C#N)C1,1.3900955690703736,Non-selective,-0.14739795,46.832752
N#CCC1(n2ncc(-c3cc(-c4cnc5c(N)nccn45)cc4ncccc34)n2)CC(C#N)C1,3.6716723549488055,Non-selective,2.2656865,45.62093
N#CCC1(n2ncc(-c3cc(-c4cnc5cccnn45)cc4ncccc34)n2)CC(C#N)C1,4.413597733711049,Non-selective,1.5321405,44.824913
N#CCC1(n2ncc(-c3cc(-c4cncc(N)n4)cc4ncccc34)n2)CC(C#N)C1,1.5847471364476842,Non-selective,2.2892027,46.41569
N#CCC1(n2ncc(-c3cc(-c4cnccn4)cc4ncccc34)n2)CC(C#N)C1,2.329184408778251,Non-selective,1.1856718,45.427856
N#CCC1(n2ncc(-c3cc(-c4cncnc4)cc4ncccc34)n2)CC(C#N)C1,1.016260162601626,Non-selective,1.50652,45.427265
N#CCC1(n2ncc(-c3cc(-c4cnn5cccnc45)cc4ncccc34)n2)CC(C#N)C1,4.667613309547071,Non-selective,2.260662,44.824688
N#CCC1(n2ncc(-c3cc(-c4nc(CO)cs4)cc4ncccc34)n2)CC(C#N)C1,4.792869462416091,Non-selective,1.6127002,43.76684
N#CCC1(n2ncc(-c3cc(-c4ncc(OCCO)cn4)cc4ncccc34)n2)CC(C#N)C1,1.0,Non-selective,0.20002021,43.978718
N#CCC1(n2ncc(-c3cc(-c4ncccn4)cc4ncccc34)n2)CC(C#N)C1,1.0,Non-selective,1.4379405,45.19953
N#CCC1(n2ncc(-c3cc(-c4scnc4CO)cc4ncccc34)n2)CC(C#N)C1,1.0,Non-selective,1.3623171,43.761456
N#CCC1CC(CC#N)(n2cc(-c3nc(-c4cn[nH]c4)cc4ncccc34)cn2)C1,1.0186813498507337,Non-selective,-14.429462,85.55813
N#CCC1CC(CC#N)(n2ccc(-c3nc(-c4ccn[nH]4)cc4ncccc34)n2)C1,1.1849222016056604,Non-selective,7.5963182,79.32855
N#CCC1CC(CC#N)(n2ccc(-c3nc(-c4cn[nH]c4)cc4ncccc34)n2)C1,1.497148577108255,Non-selective,7.2854958,79.88832
N#CCC1CCC(n2c(CC(=O)Nc3cc[nH]n3)nc3cnc4[nH]ccc4c32)CC1,4.0,Non-selective,-45.14067,6.7135506
N#CCCN(CCC#N)C1CCC(c2nnn3cnc4[nH]ccc4c23)CC1,1.25,Non-selective,-36.39716,-45.76711
N#CCCN(CCC#N)C[C@H]1CC[C@H](c2nnn3cnc4[nH]ccc4c23)CC1,1.4615384615384615,Non-selective,-37.06339,-46.7126
N#CCCN(C[C@H]1CC[C@H](c2nnn3cnc4[nH]ccc4c23)CC1)c1ccccc1,2.36,Non-selective,-37.682262,-47.90768
N#CCCN1CCC[C@@H](Nc2c(-c3ncco3)cnc3[nH]ccc23)C1,1.0,Non-selective,-38.184666,-25.753443
N#CCC[C@H]1CC[C@H](c2nnn3cnc4[nH]ccc4c23)CC1,2.8749999999999996,Non-selective,-37.191658,-46.701633
N#CCN(C[C@H]1CC[C@H](c2nnn3cnc4[nH]ccc4c23)CC1)C(=O)CC(F)(F)F,2.1538461538461537,Non-selective,-35.46414,-50.18622
N#CCN1CCC(c2nnn3cnc4[nH]ccc4c23)CC1,3.5849056603773586,Non-selective,-43.706245,-55.412457
N#CCNC(=O)C[C@H]1CC[C@@H](c2nnn3cnc4[nH]ccc4c23)CC1,2.3076923076923075,Non-selective,-35.04315,-48.24694
N#CCNC(=O)C[C@H]1CC[C@H](c2nnn3cnc4[nH]ccc4c23)CC1,3.0,Non-selective,-35.04315,-48.24694
N#CCNC(=O)c1ccc(-c2ccnc(Nc3ccc(N4CCC(C5=NCCN5)CC4)cc3)n2)cc1,1.5384615384615385,Non-selective,16.76037,3.2649086
N#CCNC(=O)c1ccc(-c2ccnc(Nc3ccc(N4CCC(N5C6CCC5COC6)CC4)cc3)n2)cc1,2.8666666666666667,Non-selective,16.754059,2.3601513
N#CCNC(=O)c1ccc(-c2ccnc(Nc3ccc(N4CCC(N5CC6CC(C5)O6)CC4)cc3)n2)cc1,1.625,Non-selective,17.320625,2.3603473
N#CCNC(=O)c1ccc(-c2ccnc(Nc3ccc(N4CCC(N5CC6OCCOC6C5)C4)cc3)n2)cc1,1.4,Non-selective,16.989822,2.273416
N#CCNC(=O)c1ccc(-c2ccnc(Nc3ccc(N4CCC(N5CC6OCCOC6C5)CC4)cc3)n2)cc1,2.0,Non-selective,17.069689,2.173484
N#CCNC(=O)c1ccc(-c2ccnc(Nc3ccc(N4CCC(N5CCC6(CCC(=O)O6)CC5)CC4)cc3)n2)cc1,1.8333333333333333,Non-selective,17.448053,2.1614976
N#CCNC(=O)c1ccc(-c2ccnc(Nc3ccc(N4CCC(N5CCC6(CCCO6)CC5)CC4)cc3)n2)cc1,1.0,Non-selective,17.303185,1.9895136
N#CCNC(=O)c1ccc(-c2ccnc(Nc3ccc(N4CCC(N5CCCC5)C4)cc3)n2)cc1,1.1875,Non-selective,17.553919,2.6869807
N#CCNC(=O)c1ccc(-c2ccnc(Nc3ccc(N4CCC(N5CCCC5=O)CC4)cc3)n2)cc1,2.1607142857142856,Non-selective,17.328978,2.9803143
N#CCNC(=O)c1ccc(-c2ccnc(Nc3ccc(N4CCC(N5CCCS5(=O)=O)CC4)cc3)n2)cc1,1.275,Non-selective,17.386007,3.0776062
N#CCNC(=O)c1ccc(-c2ccnc(Nc3ccc(N4CCC(N5CCNC5=O)CC4)cc3)n2)cc1,1.2222222222222223,Non-selective,17.063053,2.9010167
N#CCNC(=O)c1ccc(-c2ccnc(Nc3ccc(N4CCC(N5CCOC5=O)CC4)cc3)n2)cc1,1.3888888888888888,Non-selective,16.755573,2.5019608
N#CCNC(=O)c1ccc(-c2ccnc(Nc3ccc(N4CCC(N5CCOCC5)CC4)cc3)n2)cc1,1.7727272727272727,Non-selective,16.946198,2.060345
N#CCNC(=O)c1ccc(-c2ccnc(Nc3ccc(N4CCC(c5n[nH]c(=O)o5)CC4)cc3)n2)cc1,1.4,Non-selective,16.489546,2.9519062
N#CCNC(=O)c1ccc(-c2ccnc(Nc3ccc(N4CCC(c5nnco5)CC4)cc3)n2)cc1,1.4285714285714286,Non-selective,16.570297,2.963022
N#CCNC(=O)c1ccc(-c2ccnc(Nc3ccc(N4CCC(n5cncn5)CC4)cc3)n2)cc1,1.2352941176470589,Non-selective,17.113207,2.9007456
N#CCNC(=O)c1ccc(-c2ccnc(Nc3ccc(N4CCN(C5=NCCN5)CC4)cc3)n2)cc1,1.8181818181818181,Non-selective,16.571882,3.4785807
N#CCNC(=O)c1ccc(-c2ccnc(Nc3ccc(N4CCN(C5CCOCC5)CC4)cc3)n2)cc1,1.4545454545454546,Non-selective,16.842838,2.0958164
N#CCNC(=O)c1ccc(-c2ccnc(Nc3ccc(N4CCN(C5CCS(=O)(=O)C5)CC4)cc3)n2)cc1,1.75,Non-selective,17.412683,2.9132814
N#CCNC(=O)c1ccc(-c2ccnc(Nc3ccc(N4CCN(C5CCS(=O)(=O)CC5)CC4)cc3)n2)cc1,1.1666666666666667,Non-selective,17.541988,2.7780988
N#CCNC(=O)c1ccc(-c2ccnc(Nc3ccc(N4CCOCC4)cc3)n2)cc1,1.0,Non-selective,16.15897,3.0085337
N#CCNC(=O)c1ccc(-c2nc(Nc3ccc(N4CCC(N5CCOCC5)CC4)cc3)ncc2F)cc1,1.3673469387755102,Non-selective,16.326365,1.4081413
N#CCNC[C@H]1CC[C@H](N2CNC(=O)c3cnc4[nH]ccc4c32)CC1,3.333333333333333,Non-selective,-39.099014,-13.545681
N#CCNC[C@H]1CC[C@H](c2nnn3cnc4[nH]ccc4c23)CC1,3.8571428571428568,Non-selective,-36.334496,-47.451706
N#CCNS(=O)(=O)C[C@H]1CC[C@H](c2nnn3cnc4[nH]ccc4c23)CC1,1.7428571428571427,Non-selective,-36.34583,-46.902874
N#CCN[C@H]1CC[C@H](c2nnn3cnc4[nH]ccc4c23)CC1,4.838709677419355,Non-selective,-35.705868,-43.341858
N#CC[C@@H](C1CC1)n1nc(Nc2cc(F)c(F)c(F)c2)c2c(=O)[nH]ccc21,4.020648967551622,Non-selective,2.8376,-40.323433
N#CC[C@@H](C1CC1)n1nc(Nc2ccc(C(N3CCC3)C(F)(F)F)cc2)c2c(=O)[nH]ccc21,2.437557691438752,Non-selective,-1.0707203,-41.788567
N#CC[C@@H](C1CC1)n1nc(Nc2ccc(C(N3CCCC3)C(F)(F)F)cc2)c2c(=O)[nH]ccc21,2.064741494698583,Non-selective,-1.0552565,-41.757603
N#CC[C@@H](C1CC1)n1nc(Nc2ccc(C(N3CCSCC3)C(F)(F)F)cc2)c2c(=O)[nH]ccc21,1.086207059758995,Non-selective,-1.083812,-41.668198
N#CC[C@@H](C1CC1)n1nc(Nc2ccc(C(O)(c3ccccn3)C(F)(F)F)cc2)c2c(=O)[nH]ccc21,1.5884178836552667,Non-selective,-2.1957443,-41.17159
N#CC[C@@H](C1CC1)n1nc(Nc2ccc(C(O)(c3ccncc3)C(F)(F)F)cc2)c2c(=O)[nH]ccc21,1.7748240338717942,Non-selective,-1.8312625,-41.067226
N#CC[C@@H](C1CC1)n1nc(Nc2ccc(C3(C(F)(F)F)CCCCN3)cc2)c2c(=O)[nH]ccc21,1.0801229542587951,Non-selective,-1.2576632,-42.354504
N#CC[C@@H](C1CC1)n1nc(Nc2ccc(C3(C(F)(F)F)CCCN3)cc2)c2c(=O)[nH]ccc21,1.3220869632856256,Non-selective,-1.2535559,-42.32021
N#CC[C@@H](C1CC1)n1nc(Nc2ccc(C3(C(F)(F)F)CCCO3)cc2)c2c(=O)[nH]ccc21,2.164624811096808,Non-selective,-1.168613,-42.299416
N#CC[C@@H](C1CC1)n1nc(Nc2ccc(S(=O)(=O)N3CC(F)C3)cc2)c2c(=O)[nH]ccc21,3.325,Non-selective,-1.9436892,-47.570057
N#CC[C@@H](C1CC1)n1nc(Nc2ccc(S(=O)(=O)N3CC(O)C3)cc2)c2c(=O)[nH]ccc21,3.8,Non-selective,-2.0455613,-47.697655
N#CC[C@@H](C1CC1)n1nc(Nc2ccc(S(=O)(=O)N3CCC(C(F)(F)F)C3)cc2)c2c(=O)[nH]ccc21,2.258112292067502,Non-selective,-2.8309498,-46.881493
N#CC[C@@H](C1CC1)n1nc(Nc2ccc(S(=O)(=O)N3CCC(O)(C(F)(F)F)C3)cc2)c2c(=O)[nH]ccc21,1.8751551629571894,Non-selective,-2.953553,-46.60072
N#CC[C@@H](C1CC1)n1nc(Nc2ccc(S(=O)(=O)N3CCC3)cc2)c2c(=O)[nH]ccc21,1.275,Non-selective,-2.7095652,-48.243706
N#CC[C@@H](C1CC1)n1nc(Nc2ccc(S(=O)(=O)N3CCCC3)cc2)c2c(=O)[nH]ccc21,4.0,Non-selective,-2.7036679,-48.222984
N#CC[C@@H](C1CC1)n1nc(Nc2ccc(S(=O)(=O)N3CCCC3C(F)(F)F)cc2)c2c(=O)[nH]ccc21,1.8084868538722945,Non-selective,-2.960792,-46.875244
N#CC[C@@H](C1CC1)n1nc(Nc2ccc(S(=O)(=O)N3CCCCC3)cc2)c2c(=O)[nH]ccc21,2.4166666666666665,Non-selective,-2.7322705,-48.22037
N#CC[C@@H](C1CC1)n1nc(Nc2ccc(S(=O)(=O)N3CCOC4CCC[C@@H]43)cc2)c2c(=O)[nH]ccc21,1.3770491803278688,Non-selective,-3.295937,-48.56451
N#CC[C@@H](C1CC1)n1nc(Nc2ccc(S(=O)(=O)N3CCOC4CCC[C@H]43)cc2)c2c(=O)[nH]ccc21,2.096774193548387,Non-selective,-3.295937,-48.56451
N#CC[C@@H](C1CC1)n1nc(Nc2ccc(S(=O)(=O)N3CCOCC3)cc2)c2c(=O)[nH]ccc21,2.7,Non-selective,-3.3878825,-49.017647
N#CC[C@@H](C1CC1)n1nc(Nc2ccc(S(=O)(=O)N3CC[C@@H](O)C3)cc2)c2c(=O)[nH]ccc21,1.675,Non-selective,-2.3786123,-47.706173
N#CC[C@@H](C1CC1)n1nc(Nc2ccc(S(=O)(=O)N3CC[C@H](O)C3)cc2)c2c(=O)[nH]ccc21,1.269090909090909,Non-selective,-2.3786798,-47.70625
N#CC[C@@H](C1CC1)n1nc(Nc2ccc3c(c2)C(O)C2(CCCCC2)S3(=O)=O)c2c(=O)[nH]ccc21,1.3655596828740921,Non-selective,3.3729994,-36.388454
N#CC[C@@H](C1CC1)n1nc(Nc2ccc3c(c2)CC(O)(C(F)(F)F)C3)c2c(=O)[nH]ccc21,1.63897787660649,Non-selective,1.6775641,-38.99934
N#CC[C@@H](C1CC1)n1nc(Nc2ccc3c(c2)CC2(CCCC2)S3(=O)=O)c2c(=O)[nH]ccc21,3.1538461538461537,Non-selective,3.4384243,-35.859264
N#CC[C@@H](C1CC1)n1nc(Nc2ccc3c(c2)CC2(CCCCC2)S3(=O)=O)c2c(=O)[nH]ccc21,3.6153846153846154,Non-selective,3.420142,-35.839237
N#CC[C@@H](C1CC1)n1nc(Nc2ccc3c(c2)CCC3(O)C(F)(F)F)c2c(=O)[nH]ccc21,3.947575,Non-selective,1.6581707,-38.975746
N#CC[C@@H](C1CC1)n1nc(Nc2ccc3c(c2)CN(C2(C(F)(F)F)CCCCC2)C3=O)c2c(=O)[nH]ccc21,1.9152542372881356,Non-selective,1.6062404,-38.50615
N#CC[C@@H](C1CC1)n1nc(Nc2ccc3c(c2)OCO3)c2c(=O)[nH]ccc21,4.343434343434343,Non-selective,4.350555,-38.924053
N#CC[C@@H](C1CC1)n1nc(Nc2ccc3nccnc3c2)c2c(=O)[nH]ccc21,4.973214285714286,Non-selective,4.6300073,-39.342358
N#CC[C@@H](NCC1CCC(N2C=CC(=O)C3C=Nc4[nH]ccc4C32)CC1)C(F)(F)F,3.0,Non-selective,-26.248863,-9.137894
N#CC[C@@H](NCC1CCC([C@@H]2C(=O)NC(=O)C3C=Nc4[nH]ccc4C32)CC1)C(F)(F)F,4.646464646464646,Non-selective,-26.205954,-9.115641
N#CC[C@@]1(n2cc(C(N)=O)c(Nc3ccnc(F)c3)n2)CCN(C(=O)OCC(F)F)C[C@@H]1F,3.3333333333333335,Non-selective,57.30768,39.900066
N#CC[C@@]1(n2nc(Nc3ccc(C(N)C(F)(F)F)cc3)c3c(=O)[nH]ccc32)CCCOC1,3.071717115820929,Non-selective,36.22149,-45.1942
N#CC[C@@]1(n2nc(Nc3ccc(C(N4CCCC4)C(F)(F)F)cc3)c3c(=O)[nH]ccc32)CCCOC1,2.3157133727948156,Non-selective,36.147762,-45.100796
N#CC[C@@]1(n2nc(Nc3ccc(S(=O)(=O)C4CCCC4)cc3)c3c(=O)[nH]ccc32)CCCOC1,3.25,Non-selective,31.428429,-44.7477
N#CC[C@@]1(n2nc(Nc3ccc(S(=O)(=O)C4CCCCC4)cc3)c3c(=O)[nH]ccc32)CCCOC1,1.5714285714285716,Non-selective,31.421148,-44.76992
N#CC[C@@]1(n2nc(Nc3ccc(S(=O)(=O)N4CCC4)cc3)c3c(=O)[nH]ccc32)CCCOC1,2.391304347826087,Non-selective,31.98304,-44.6604
N#CC[C@@]1(n2nc(Nc3ccc(S(=O)(=O)N4CCOCC4)cc3)c3c(=O)[nH]ccc32)CCCOC1,1.6551724137931034,Non-selective,31.997414,-44.72775
N#CC[C@@]1(n2nc(Nc3ccc([C@@]4(C(F)(F)F)CCCCN4)cc3)c3c(=O)[nH]ccc32)CCOC[C@@H]1F,1.25,Non-selective,38.17511,-44.38478
N#CC[C@@]1(n2nc(Nc3ccc([C@]4(C(F)(F)F)CCCCN4)cc3)c3c(=O)[nH]ccc32)CCOC[C@@H]1F,1.25,Non-selective,38.17511,-44.38478
N#CC[C@@]1(n2nc(Nc3ccc4c(c3)CN(C3CCN(CC(F)(F)F)CC3)S4(=O)=O)c3c(=O)[nH]ccc32)CCOC[C@@H]1F,1.0,Non-selective,45.611794,-43.87721
N#CC[C@@]1(n2nc(Nc3ccc4c(c3)CN(C3CCNCC3)S4(=O)=O)c3c(=O)[nH]ccc32)CCOC[C@@H]1F,1.6666666666666667,Non-selective,45.624065,-43.728233
N#CC[C@H](C1CCCC1)n1cc(-c2ncnc3[nH]ccc23)cn1,2.0,Non-selective,-34.49181,26.411037
N#CC[C@H](OCC1CCC(N2C=CC(=O)C3C=Nc4[nH]ccc4C32)CC1)C(F)(F)F,2.7027027027027026,Non-selective,-26.196985,-9.146212
N#CC[C@H]1CC[C@@H](c2nnn3cnc4[nH]ccc4c23)CC1,3.888888888888889,Non-selective,-37.176777,-46.690716
N#CC[C@H]1CC[C@H](n2c(-c3nc[nH]n3)nc3cnc4[nH]ccc4c32)CC1,2.9999999999999996,Non-selective,-34.532375,1.7365906
N#CC[C@H]1CC[C@H](n2c(CC(=O)N3CCCCC3)nc3cnc4[nH]ccc4c32)CC1,2.025,Non-selective,-48.10273,12.215232
N#CC[C@H]1CC[C@H](n2c(CC(=O)NC34CCC(C(N)=O)(CC3)CC4)nc3cnc4[nH]ccc4c32)CC1,4.666666666666667,Non-selective,-42.232735,11.405653
N#CC[C@H]1CC[C@H](n2c(CC(=O)NCC34CC5CC(CC(C5)C3)C4)nc3cnc4[nH]ccc4c32)CC1,1.1111111111111112,Non-selective,-43.03102,10.273459
N#CC[C@H]1CC[C@H](n2c(CC(=O)NCc3ncc[nH]3)nc3cnc4[nH]ccc4c32)CC1,4.0,Non-selective,-44.6504,8.211511
N#CC[C@H]1CC[C@H](n2c(CC(=O)Nc3cc[nH]n3)nc3cnc4[nH]ccc4c32)CC1,4.0,Non-selective,-45.14067,6.7135506
N#CC[C@H]1CC[C@H](n2c(CC(=O)Nc3ccc(C#N)cc3)nc3cnc4[nH]ccc4c32)CC1,1.1428571428571428,Non-selective,-46.01511,7.459443
N#CC[C@H]1CC[C@H](n2c(CC(N)=O)nc3cnc4[nH]ccc4c32)CC1,2.1052631578947367,Non-selective,-42.771175,7.9856043
N#CC[C@H]1CC[C@H](n2c(CCO)nc3cnc4[nH]ccc4c32)CC1,1.0,Non-selective,-37.7687,3.875895
N#CC[C@H]1CC[C@H](n2c(CN/C(=N/O)C3CCCCC3)nc3cnc4[nH]ccc4c32)CC1,1.9552238805970148,Non-selective,-39.758713,6.912204
N#CC[C@H]1CC[C@H](n2c(CN/C(CC3CCCCC3)=N/O)nc3cnc4[nH]ccc4c32)CC1,1.2,Non-selective,-39.692287,6.890621
N#CC[C@H]1CC[C@H](n2c(CO)nc3cnc4[nH]ccc4c32)CC1,1.0,Non-selective,-37.774075,3.886955
N#CC[C@H]1CC[C@H](n2c(Cc3cscn3)nc3cnc4[nH]ccc4c32)CC1,2.0,Non-selective,-36.350853,2.4679947
N#CC[C@]1(n2cc(-c3nc(-c4cc(C(N)=O)no4)cn4nccc34)cn2)C[C@H](C#N)C1,1.2929957250904307,Non-selective,-14.237541,82.26227
N#CC[C@]1(n2cc(C(N)=O)c(Nc3ccccc3)n2)CC[C@H](C(=O)NCC(F)(F)F)CC1,3.917989417989418,Non-selective,22.389376,43.543316
N#CC[C@]1(n2nc(Nc3ccc(C(N)C(F)(F)F)cc3)c3c(=O)[nH]ccc32)CCCC[C@H]1F,1.7888554306669449,Non-selective,35.9289,-47.018406
N#CC[C@]1(n2nc(Nc3ccc(S(=O)(=O)C(F)F)cc3)c3c(=O)[nH]ccc32)CC[C@@H](N2CC(F)C2)CC1,4.067264573991031,Non-selective,27.83521,-42.408287
N#CC[C@]1(n2nc(Nc3ccc(S(=O)(=O)C(F)F)cc3)c3c(=O)[nH]ccc32)CC[C@H](N2CC(F)C2)CC1,2.1999999999999997,Non-selective,27.83521,-42.408287
N#CC[C@]1(n2nc(Nc3ccc([C@@]4(C(F)(F)F)CCCCN4)cc3)c3c(=O)[nH]ccc32)CCOC[C@H]1F,1.5490196078431373,Non-selective,38.17514,-44.384785
N#CC[C@]1(n2nc(Nc3ccc([C@]4(C(F)(F)F)CCCCN4)cc3)c3c(=O)[nH]ccc32)CCOC[C@H]1F,1.6041666666666667,Non-selective,38.174305,-44.3821
N#CCc1ccc(-c2cccc3nc(N)cn23)c(F)c1,1.0,Non-selective,-14.888452,16.898077
N#CCc1ccc(-c2cccc3nc(N)cn23)cc1,1.0,Non-selective,-14.865263,16.914427
N#CCc1ccc(NC[C@H]2CC[C@H](c3nnn4cnc5[nH]ccc5c34)CC2)cc1,2.909090909090909,Non-selective,-37.97815,-46.6628
N#C[C@@H]1CC2(CCC1n1cc(C(N)=O)c(Nc3ccnc(F)c3)n1)CC2,3.8,Non-selective,68.92415,10.021693
N#C[C@@H]1CCCC(F)[C@@H]1n1cc(C(N)=O)c(Nc2ccccc2)n1,3.1641791044776117,Non-selective,52.925575,2.011049
N#C[C@@H]1CCCC1n1nc(Nc2ccnc(F)c2)c2c(=O)[nH]ccc21,4.0,Non-selective,4.4487057,-79.80073
N#C[C@@H]1CCCCC[C@H]1n1nc(Nc2ccc3c(c2)CN(C(=O)N2CCCCC2)C3)c2c(=O)[nH]ccc21,2.619047619047619,Non-selective,-0.25440714,-74.60395
N#C[C@@H]1CCCC[C@@H]1n1cc(C(N)=O)c(Nc2ccc(F)cc2)n1,3.8,Non-selective,47.3634,-10.041856
N#C[C@@H]1CCCC[C@@H]1n1cc(C(N)=O)c(Nc2ccc(F)nc2)n1,2.272727272727273,Non-selective,57.413227,10.218359
N#C[C@@H]1CCCC[C@H]1n1cc(C(N)=O)c(Nc2ccc(S(=O)(=O)N3CCC(Cc4ccccc4)CC3)cc2)n1,2.2333333333333334,Non-selective,47.718708,13.360312
N#C[C@@H]1CCCC[C@H]1n1cc(C(N)=O)c(Nc2ccc(S(=O)(=O)NCC3CC3)cc2)n1,3.0303030303030303,Non-selective,48.863674,13.812877
N#C[C@@H]1CCCC[C@H]1n1cc(C(N)=O)c(Nc2ccc(S(=O)(=O)NCCN3CCOCC3)cc2)n1,2.5,Non-selective,48.078045,15.724741
N#C[C@@H]1CCCC[C@H]1n1cc(C(N)=O)c(Nc2ccc(S(=O)(=O)Nc3ccccn3)cc2)n1,3.0,Non-selective,47.73385,14.187487
N#C[C@@H]1CCCC[C@H]1n1cc(C(N)=O)c(Nc2ccc3c(c2)CN(CC(F)(F)F)C3=O)n1,4.0,Non-selective,57.17083,13.650833
N#C[C@@H]1CCCC[C@H]1n1nc(Nc2ccc(CS(=O)(=O)N3CCCC3)cc2)c2c(=O)[nH]ccc21,3.442622950819672,Non-selective,14.244838,-67.061356
N#C[C@@H]1CCCC[C@H]1n1nc(Nc2cccc(CNC(=O)c3cnco3)c2)c2c(=O)[nH]ccc21,1.7857142857142858,Non-selective,5.623617,-70.36227
N#C[C@@H]1CCCC[C@H]1n1nc(Nc2cccc(CNC(=O)c3ncccn3)c2)c2c(=O)[nH]ccc21,1.7894736842105263,Non-selective,5.7847295,-70.398544
N#C[C@@H]1CCC[C@@H](O)C1n1cc(C(N)=O)c(Nc2ccccc2)n1,2.142857142857143,Non-selective,52.69228,1.9951909
N#C[C@@H]1CCN(C[C@H]2CC[C@H](c3nnn4cnc5[nH]ccc5c34)CC2)C1,3.0,Non-selective,-38.99214,-49.52489
N#C[C@@H]1CCOC[C@H]1n1cc(C(N)=O)c(Nc2ccc(C(F)(F)F)nc2)n1,3.4130434782608696,Non-selective,68.637825,19.706995
N#C[C@@H]1CN(C(=O)OC2CCCCC2)CC[C@@H]1n1cc(C(N)=O)c(Nc2ccc(F)cc2)n1,2.4974958263772953,Non-selective,30.296043,2.3805387
N#C[C@@H]1CN(C(=O)OC2CCOCC2)CC[C@@H]1n1cc(C(N)=O)c(Nc2ccc(F)cc2)n1,4.17877094972067,Non-selective,28.569677,0.91632175
N#C[C@@H]1CN(C(=O)OC2COC2)CC[C@@H]1n1cc(C(N)=O)c(Nc2ccc(F)cc2)n1,3.76271186440678,Non-selective,28.556887,0.93381274
N#C[C@@H]1CN(C(=O)OC2Cc3ccccc3C2)CC[C@@H]1n1cc(C(N)=O)c(Nc2ccc(F)cc2)n1,2.294478527607362,Non-selective,29.576746,3.3833497
N#C[C@@H]1CN(C(=O)OCCC2CC2)CC[C@@H]1n1cc(C(N)=O)c(Nc2ccc(F)cc2)n1,3.796954314720812,Non-selective,34.135445,2.6402354
N#C[C@@H]1CN(C(=O)OCCCc2ccccc2)CC[C@@H]1n1cc(C(N)=O)c(Nc2ccc(F)cc2)n1,4.274285714285714,Non-selective,29.829046,5.229999
N#C[C@@H]1CN(C(=O)OCCc2ccccc2)CC[C@@H]1n1cc(C(N)=O)c(Nc2ccc(F)cc2)n1,3.7121588089330024,Non-selective,29.832253,5.222662
N#C[C@@H]1CN(C(=O)OCc2ccccc2)CC[C@@H]1n1cc(C(N)=O)c(Nc2ccc(F)cc2)n1,3.2034261241970023,Non-selective,29.827269,5.214335
N#C[C@@H]1C[C@@H](OCC2CC2)CC[C@H]1n1cc(C(N)=O)c(Nc2ccc(F)cc2)n1,4.857142857142857,Non-selective,51.362076,-11.256273
N#C[C@@H]1C[C@H](C(=O)NC2CC2)CC[C@H]1n1cc(C(N)=O)c(Nc2ccc(Cl)cc2)n1,4.6,Non-selective,83.2975,0.5744629
N#C[C@H]1C(n2cc(C(N)=O)c(Nc3ccccc3)n2)CCC[C@H]1O,3.6494252873563218,Non-selective,52.672302,1.7217997
N#C[C@H]1CCC2(C[C@@H]1n1cc(C(N)=O)c(Nc3ccccc3)n1)OCCO2,4.62142201765865,Non-selective,51.174187,1.8848459
N#C[C@H]1CCC2(C[C@H]1n1cc(C(N)=O)c(Nc3ccccc3)n1)OCCO2,2.0952380952380953,Non-selective,51.1742,1.884785
N#C[C@H]1CCCCC1n1cc(C(N)=O)c(Nc2ccc3c(c2)CCC(=O)N3)n1,4.0,Non-selective,58.6483,12.457844
N#C[C@H]1CCCCC1n1nc(Nc2ccc(-c3cnco3)cc2)c2c(=O)[nH]ccc21,1.9285714285714286,Non-selective,10.451576,-73.140366
N#C[C@H]1CCCCC1n1nc(Nc2ccc(C3(O)COC3)cc2)c2c(=O)[nH]ccc21,3.4375,Non-selective,11.648428,-72.70786
N#C[C@H]1CCCCC[C@@H]1n1nc(Nc2ccc(C3(C(F)(F)F)CCCCN3)cc2)c2c(=O)[nH]ccc21,1.154702637033697,Non-selective,14.052275,-75.41345
N#C[C@H]1CCCCC[C@@H]1n1nc(Nc2ccc3c(c2)CN(C2CCCC2)C3=O)c2c(=O)[nH]ccc21,2.121212121212121,Non-selective,0.6560584,-78.779564
N#C[C@H]1CCCCC[C@@H]1n1nc(Nc2ccc3c(c2)CN(C2CCOCC2)S3(=O)=O)c2c(=O)[nH]ccc21,4.938271604938271,Non-selective,-2.397236,-79.79932
N#C[C@H]1CCCC[C@@H]1n1cc(C(N)=O)c(Nc2ccc(C(F)(F)F)nc2)n1,4.83735,Non-selective,54.861042,11.223167
N#C[C@H]1CCCC[C@@H]1n1cc(C(N)=O)c(Nc2ccc(C3CC3)nc2)n1,2.1666666666666665,Non-selective,57.418774,9.052182
N#C[C@H]1CCCC[C@@H]1n1cc(C(N)=O)c(Nc2ccc(CN)cc2)n1,3.3333333333333335,Non-selective,55.50355,7.9105206
N#C[C@H]1CCCC[C@@H]1n1cc(C(N)=O)c(Nc2ccc(S(=O)(=O)N3CCC4(CC3)OCCO4)cc2)n1,3.333333333333333,Non-selective,48.298836,15.972682
N#C[C@H]1CCCC[C@@H]1n1cc(C(N)=O)c(Nc2ccc(S(=O)(=O)N3CCOCC3)cc2)n1,2.5,Non-selective,48.165707,15.942543
N#C[C@H]1CCCC[C@@H]1n1cc(C(N)=O)c(Nc2ccc(S(=O)(=O)NC3CCCCC3)cc2)n1,2.0,Non-selective,49.52949,14.334786
N#C[C@H]1CCCC[C@@H]1n1cc(C(N)=O)c(Nc2ccc(S(=O)(=O)NCCN3CCCC3)cc2)n1,4.0,Non-selective,48.643024,14.605181
N#C[C@H]1CCCC[C@@H]1n1cc(C(N)=O)c(Nc2ccc(S(=O)(=O)NCc3ccc(C(F)(F)F)cc3)cc2)n1,3.5,Non-selective,51.45519,12.59723
N#C[C@H]1CCCC[C@@H]1n1cc(C(N)=O)c(Nc2ccc(S(=O)(=O)NCc3ccc(Cl)cc3)cc2)n1,4.0,Non-selective,48.540398,12.896012
N#C[C@H]1CCCC[C@@H]1n1cc(C(N)=O)c(Nc2ccc(S(=O)(=O)NCc3ccccc3)cc2)n1,4.5,Non-selective,47.910103,13.441154
N#C[C@H]1CCCC[C@@H]1n1cc(C(N)=O)c(Nc2ccc(S(=O)(=O)NCc3ccccc3Cl)cc2)n1,4.0,Non-selective,48.26681,13.18827
N#C[C@H]1CCCC[C@@H]1n1cc(C(N)=O)c(Nc2ccc(S(=O)(=O)NCc3ccccn3)cc2)n1,4.444444444444445,Non-selective,47.907528,13.957509
N#C[C@H]1CCCC[C@@H]1n1cc(C(N)=O)c(Nc2ccc(S(=O)(=O)NCc3cccnc3)cc2)n1,3.3333333333333335,Non-selective,48.00958,13.82194
N#C[C@H]1CCCC[C@@H]1n1cc(C(N)=O)c(Nc2ccc(S(=O)(=O)NCc3ccncc3)cc2)n1,3.8,Non-selective,48.552,13.958685
N#C[C@H]1CCCC[C@@H]1n1cc(C(N)=O)c(Nc2ccc([C@@H](O)C(F)F)nc2)n1,4.0,Non-selective,56.653046,9.990586
N#C[C@H]1CCCC[C@@H]1n1cc(C(N)=O)c(Nc2ccc([C@H](O)C(F)F)nc2)n1,4.477611940298507,Non-selective,56.653046,9.990586
N#C[C@H]1CCCC[C@@H]1n1cc(C(N)=O)c(Nc2ccc3c(c2)CN(CC(F)(F)F)C3=O)n1,4.647058823529411,Non-selective,57.17083,13.650833
N#C[C@H]1CCCC[C@@H]1n1cc(C(N)=O)c(Nc2cccnc2)n1,3.6,Non-selective,56.928543,7.6719937
N#C[C@H]1CCCC[C@@H]1n1cc(C(N)=O)c(Nc2cnc3ccc(Cl)cc3c2)n1,3.8333333333333335,Non-selective,59.732525,9.37773
N#C[C@H]1CCCC[C@@H]1n1nc(Nc2cc(F)cc(CN)c2)c2c(=O)[nH]ccc21,1.6428571428571428,Non-selective,6.2485776,-76.305534
N#C[C@H]1CCCC[C@@H]1n1nc(Nc2ccc(C(=O)N3CCCC3)cc2)c2c(=O)[nH]ccc21,3.4285714285714284,Non-selective,10.77252,-71.305664
N#C[C@H]1CCCC[C@@H]1n1nc(Nc2ccc(C(N)C(F)F)cc2)c2c(=O)[nH]ccc21,2.473684210526316,Non-selective,11.795085,-75.58007
N#C[C@H]1CCCC[C@@H]1n1nc(Nc2ccc(C(O)C(F)F)cc2)c2c(=O)[nH]ccc21,4.357142857142857,Non-selective,11.839727,-75.6372
N#C[C@H]1CCCC[C@@H]1n1nc(Nc2ccc(C3(C(F)(F)F)CCCCN3)cc2)c2c(=O)[nH]ccc21,1.140170706102515,Non-selective,14.045681,-75.423
N#C[C@H]1CCCC[C@@H]1n1nc(Nc2ccc(C3(C(F)(F)F)CCCN3)cc2)c2c(=O)[nH]ccc21,2.153218852994029,Non-selective,14.027144,-75.4363
N#C[C@H]1CCCC[C@@H]1n1nc(Nc2ccc(C3(N)CCC3)cc2)c2c(=O)[nH]ccc21,1.125,Non-selective,11.619358,-73.47749
N#C[C@H]1CCCC[C@@H]1n1nc(Nc2ccc(C3(O)CCC(C(=O)O)CC3)cc2)c2c(=O)[nH]ccc21,4.0,Non-selective,11.689424,-71.97206
N#C[C@H]1CCCC[C@@H]1n1nc(Nc2ccc(C3CC4CCC(C3)N4)cc2)c2c(=O)[nH]ccc21,1.5,Non-selective,10.869407,-73.83448
N#C[C@H]1CCCC[C@@H]1n1nc(Nc2ccc(C3CCCN3)cc2)c2c(=O)[nH]ccc21,1.4907091565801893,Non-selective,10.83215,-73.69189
N#C[C@H]1CCCC[C@@H]1n1nc(Nc2ccc(C3CCNCC3)cc2)c2c(=O)[nH]ccc21,2.0416666666666665,Non-selective,10.907946,-73.72556
N#C[C@H]1CCCC[C@@H]1n1nc(Nc2ccc(CN)cc2)c2c(=O)[nH]ccc21,1.7826086956521738,Non-selective,9.714488,-73.80729
N#C[C@H]1CCCC[C@@H]1n1nc(Nc2ccc(CNC(=O)c3cnco3)cc2)c2c(=O)[nH]ccc21,4.6875,Non-selective,9.332532,-71.21672
N#C[C@H]1CCCC[C@@H]1n1nc(Nc2ccc(CNCC(F)(F)F)cc2)c2c(=O)[nH]ccc21,2.65,Non-selective,13.696939,-76.834465
N#C[C@H]1CCCC[C@@H]1n1nc(Nc2ccc(Cn3ccnn3)cc2)c2c(=O)[nH]ccc21,3.5789473684210527,Non-selective,9.167766,-74.047295
N#C[C@H]1CCCC[C@@H]1n1nc(Nc2ccc(Cn3nccn3)cc2)c2c(=O)[nH]ccc21,1.135135135135135,Non-selective,9.152326,-73.955986
N#C[C@H]1CCCC[C@@H]1n1nc(Nc2ccc(F)c(CN)c2)c2c(=O)[nH]ccc21,3.066666666666667,Non-selective,6.1427226,-76.38615
N#C[C@H]1CCCC[C@@H]1n1nc(Nc2ccc(S(=O)(=O)N3CCCCC3)cc2)c2c(=O)[nH]ccc21,1.5483870967741935,Non-selective,14.451419,-66.28298
N#C[C@H]1CCCC[C@@H]1n1nc(Nc2ccc(S(=O)(=O)N3CCOCC3)cc2)c2c(=O)[nH]ccc21,3.1333333333333333,Non-selective,15.118448,-66.54187
N#C[C@H]1CCCC[C@@H]1n1nc(Nc2ccc(S(=O)(=O)NC3CCCCC3)cc2)c2c(=O)[nH]ccc21,3.0,Non-selective,14.034334,-65.67059
N#C[C@H]1CCCC[C@@H]1n1nc(Nc2ccc(S(=O)(=O)NCC3CC3)cc2)c2c(=O)[nH]ccc21,4.615384615384615,Non-selective,13.305669,-66.02047
N#C[C@H]1CCCC[C@@H]1n1nc(Nc2ccc([C@@H](N)C(F)(F)F)cc2)c2c(=O)[nH]ccc21,3.0833333333333335,Non-selective,12.769083,-76.88897
N#C[C@H]1CCCC[C@@H]1n1nc(Nc2ccc([C@H](N)C(F)(F)F)cc2)c2c(=O)[nH]ccc21,3.727272727272727,Non-selective,12.769101,-76.89244
N#C[C@H]1CCCC[C@@H]1n1nc(Nc2ccc([C@H]3C[C@H]4CC[C@@H](C3)N4)cc2)c2c(=O)[nH]ccc21,1.0,Non-selective,10.869407,-73.83448
N#C[C@H]1CCCC[C@@H]1n1nc(Nc2ccc3c(c2)C(O)(CO)CCS3(=O)=O)c2c(=O)[nH]ccc21,1.0,Non-selective,-1.2252258,-77.04332
N#C[C@H]1CCCC[C@@H]1n1nc(Nc2ccc3c(c2)C(O)C2(CCCCC2)S3(=O)=O)c2c(=O)[nH]ccc21,1.7015999084676918,Non-selective,-1.1820414,-77.09094
N#C[C@H]1CCCC[C@@H]1n1nc(Nc2ccc3c(c2)C(O)C2(CCOCC2)S3(=O)=O)c2c(=O)[nH]ccc21,1.045489246083747,Non-selective,-1.36258,-78.9181
N#C[C@H]1CCCC[C@@H]1n1nc(Nc2ccc3c(c2)CC2(CC2)C3(O)C(F)(F)F)c2c(=O)[nH]ccc21,2.4827886174866074,Non-selective,-1.830888,-75.59515
N#C[C@H]1CCCC[C@@H]1n1nc(Nc2ccc3c(c2)CC2(CCCCC2)S3(=O)=O)c2c(=O)[nH]ccc21,2.038689702953148,Non-selective,-1.2463835,-77.71145
N#C[C@H]1CCCC[C@@H]1n1nc(Nc2ccc3c(c2)CC2(CCOCC2)S3(=O)=O)c2c(=O)[nH]ccc21,2.608695652173913,Non-selective,-1.6417015,-79.25291
N#C[C@H]1CCCC[C@@H]1n1nc(Nc2ccc3c(c2)CCNC3)c2c(=O)[nH]ccc21,3.1707317073170733,Non-selective,0.6240827,-77.08943
N#C[C@H]1CCCC[C@@H]1n1nc(Nc2ccc3c(c2)CN(C(=O)c2cnc(N4CCCCC4)cn2)C3)c2c(=O)[nH]ccc21,1.530612244897959,Non-selective,-0.37995765,-74.375694
N#C[C@H]1CCCC[C@@H]1n1nc(Nc2ccc3c(c2)CN(C2CCOCC2)S3(=O)=O)c2c(=O)[nH]ccc21,4.385964912280702,Non-selective,-2.3952262,-79.79754
N#C[C@H]1CCCC[C@@H]1n1nc(Nc2ccc3c(c2)CN(C2CCSCC2)C3=O)c2c(=O)[nH]ccc21,4.636363636363637,Non-selective,0.68520117,-78.73657
N#C[C@H]1CCCC[C@@H]1n1nc(Nc2ccc3c(c2)CN(CC(F)(F)F)C3)c2c(=O)[nH]ccc21,2.0,Non-selective,-3.1169906,-75.95969
N#C[C@H]1CCCC[C@@H]1n1nc(Nc2ccc3c(c2)CN(CC(F)(F)F)C3=O)c2c(=O)[nH]ccc21,3.5833333333333335,Non-selective,-3.1113284,-75.94487
N#C[C@H]1CCCC[C@@H]1n1nc(Nc2ccc3c(c2)CN(CC2CC2)C3)c2c(=O)[nH]ccc21,4.423076923076923,Non-selective,0.32639936,-77.713036
N#C[C@H]1CCCC[C@@H]1n1nc(Nc2ccc3c(c2)CN(CC2CCCC2)C3)c2c(=O)[nH]ccc21,2.787878787878788,Non-selective,0.32595453,-77.62042
N#C[C@H]1CCCC[C@@H]1n1nc(Nc2ccc3c(c2)CN([C@H]2CC[C@H](C(=O)O)CC2)S3(=O)=O)c2c(=O)[nH]ccc21,2.3728813559322033,Non-selective,-4.171364,-80.718094
N#C[C@H]1CCCC[C@@H]1n1nc(Nc2ccc3c(c2)CNC3)c2c(=O)[nH]ccc21,2.774193548387097,Non-selective,0.61338973,-77.012
N#C[C@H]1CCCC[C@@H]1n1nc(Nc2ccc3c(c2)CNC3C(F)F)c2c(=O)[nH]ccc21,2.871802525147002,Non-selective,1.3228223,-77.14447
N#C[C@H]1CCCC[C@@H]1n1nc(Nc2ccc3c(c2)CNCC3)c2c(=O)[nH]ccc21,1.9555555555555555,Non-selective,0.65278786,-77.07931
N#C[C@H]1CCCC[C@@H]1n1nc(Nc2cccc(CN)c2)c2c(=O)[nH]ccc21,3.466666666666667,Non-selective,5.225534,-71.88888
N#C[C@H]1CCCC[C@@H]1n1nc(Nc2cccc(CN3CCOCC3)c2)c2c(=O)[nH]ccc21,1.3076923076923077,Non-selective,6.0242925,-71.71564
N#C[C@H]1CCCC[C@@H]1n1nc(Nc2cccc(CNCC(F)(F)F)c2)c2c(=O)[nH]ccc21,2.8125,Non-selective,5.7603908,-73.48813
N#C[C@H]1CCCC[C@@H]1n1nc(Nc2cccc(Cn3cccn3)c2)c2c(=O)[nH]ccc21,1.2142857142857142,Non-selective,5.2936378,-71.84066
N#C[C@H]1CCCC[C@@H]1n1nc(Nc2cccc(Cn3ccnc3)c2)c2c(=O)[nH]ccc21,2.8205128205128207,Non-selective,5.309374,-71.87382
N#C[C@H]1CCCC[C@@H]1n1nc(Nc2cccc(Cn3ccnn3)c2)c2c(=O)[nH]ccc21,4.9,Non-selective,5.2617116,-71.88913
N#C[C@H]1CCCC[C@@H]1n1nc(Nc2cccc(Cn3cncn3)c2)c2c(=O)[nH]ccc21,2.6,Non-selective,5.2633295,-71.8503
N#C[C@H]1CCCC[C@@H]1n1nc(Nc2cccc(Cn3cnnc3)c2)c2c(=O)[nH]ccc21,4.8,Non-selective,5.3569784,-71.8182
N#C[C@H]1CCCC[C@@H]1n1nc(Nc2cccc(Cn3nccn3)c2)c2c(=O)[nH]ccc21,1.075268817204301,Non-selective,5.3332925,-71.77045
N#C[C@H]1CCCC[C@@H]1n1nc(Nc2cccc([C@H](N)C(F)(F)F)c2)c2c(=O)[nH]ccc21,2.459016393442623,Non-selective,5.983088,-74.364044
N#C[C@H]1CCC[C@@H](O)C1n1cc(C(N)=O)c(Nc2ccccc2)n1,2.7027027027027026,Non-selective,52.692318,1.9952195
N#C[C@H]1CCC[C@@H]1n1nc(Nc2ccc(C(N)C(F)(F)F)cc2)c2c(=O)[nH]ccc21,2.589319602083862,Non-selective,12.785528,-76.94766
N#C[C@H]1CCC[C@@H]1n1nc(Nc2ccc(C3(C(F)(F)F)CCCCN3)cc2)c2c(=O)[nH]ccc21,1.199944299858829,Non-selective,14.055393,-75.4334
N#C[C@H]1CCC[C@H](O)C1n1cc(C(N)=O)c(Nc2ccccc2)n1,1.8823529411764706,Non-selective,52.69228,1.9951909
N#C[C@H]1CCN(C(=O)[C@H]2CC[C@H](c3nnn4cnc5[nH]ccc5c34)CC2)C1,4.925373134328358,Non-selective,-31.084486,-45.896957
N#C[C@H]1CCOCC1n1nc(Nc2ccc(C(O)(c3ccccn3)C(F)(F)F)cc2)c2c(=O)[nH]ccc21,1.6598531843559619,Non-selective,28.002684,-64.288895
N#C[C@H]1CCOCC1n1nc(Nc2ccc(C(O)(c3ccncc3)C(F)(F)F)cc2)c2c(=O)[nH]ccc21,1.6770589763574955,Non-selective,28.183384,-64.3996
N#C[C@H]1CCOCC1n1nc(Nc2ccc(C3(C(F)(F)F)CCNC3)cc2)c2c(=O)[nH]ccc21,2.5448328431629723,Non-selective,28.355474,-65.84008
N#C[C@H]1CCOC[C@@H]1n1cc(C(N)=O)c(Nc2ccc(C(F)F)nc2)n1,3.526315789473684,Non-selective,68.5581,18.740969
N#C[C@H]1CCOC[C@@H]1n1cc(C(N)=O)c(Nc2ccc(Cl)nc2)n1,4.32258064516129,Non-selective,68.791,17.647202
N#C[C@H]1CCOC[C@@H]1n1cc(C(N)=O)c(Nc2cncc(F)c2)n1,3.6867469879518073,Non-selective,68.65947,18.345493
N#C[C@H]1CCOC[C@@H]1n1nc(Nc2ccc(C(N)C(F)(F)F)cc2)c2c(=O)[nH]ccc21,3.4372733371708666,Non-selective,29.324942,-65.2244
N#C[C@H]1CCOC[C@@H]1n1nc(Nc2ccc(C(N3CCC3)C(F)(F)F)cc2)c2c(=O)[nH]ccc21,2.3882386401523035,Non-selective,29.506432,-65.67484
N#C[C@H]1CCOC[C@@H]1n1nc(Nc2ccc(C(N3CCCC3)C(F)(F)F)cc2)c2c(=O)[nH]ccc21,2.2803400609104365,Non-selective,29.52252,-65.64643
N#C[C@H]1CCOC[C@@H]1n1nc(Nc2ccc(C(N3CCNCC3)C(F)(F)F)cc2)c2c(=O)[nH]ccc21,1.3743655643588155,Non-selective,29.39693,-65.56102
N#C[C@H]1CCOC[C@@H]1n1nc(Nc2ccc(C(N3CCSCC3)C(F)(F)F)cc2)c2c(=O)[nH]ccc21,1.1065704754350767,Non-selective,29.312326,-65.57466
N#C[C@H]1CCOC[C@@H]1n1nc(Nc2ccc(C(NC3CC3)C(F)(F)F)cc2)c2c(=O)[nH]ccc21,2.0044605929728956,Non-selective,29.946693,-65.27932
N#C[C@H]1CCOC[C@@H]1n1nc(Nc2ccc(C(NC3CCC3)C(F)(F)F)cc2)c2c(=O)[nH]ccc21,1.336525927500994,Non-selective,29.947752,-65.47163
N#C[C@H]1CCOC[C@@H]1n1nc(Nc2ccc(C(NC3CCCC3)C(F)(F)F)cc2)c2c(=O)[nH]ccc21,1.1602401921537229,Non-selective,30.0004,-65.5457
N#C[C@H]1CCOC[C@@H]1n1nc(Nc2ccc(C3(C(F)(F)F)CCCCN3)cc2)c2c(=O)[nH]ccc21,1.095446,Non-selective,28.401804,-66.04831
N#C[C@H]1CCOC[C@@H]1n1nc(Nc2ccc(S(=O)(=O)N3CCC3)cc2)c2c(=O)[nH]ccc21,3.75,Non-selective,23.560991,-62.407143
N#C[C@H]1CS(=O)(=O)CC[C@H]1n1cc(C(N)=O)c(Nc2ccc(F)cc2)n1,1.4421931637468695,Non-selective,48.40459,-10.809667
N#C[C@H]1C[C@@H](C(=O)N[C@@H](C2CC2)C(F)(F)F)CC[C@@H]1n1cc(C(N)=O)c(Nc2ccc(Cl)cc2)n1,2.7777777777777777,Non-selective,82.95953,-1.8509029
N#C[C@H]1C[C@@H](N2CCC23COC3)CC[C@@H]1n1cc(C(N)=O)c(Nc2ccc(Cl)cc2)n1,4.0,Non-selective,80.506805,3.100878
N#C[C@H]1C[C@@H](O)CC[C@@H]1n1cc(C(N)=O)c(Nc2ccc(C(F)(F)F)nc2)n1,3.0952380952380953,Non-selective,61.89124,-11.159552
N#C[C@H]1C[C@@H](O)CC[C@@H]1n1cc(C(N)=O)c(Nc2ccc(C(F)F)nc2)n1,4.125,Non-selective,59.69519,-9.476753
N#C[C@H]1C[C@@H](O)CC[C@@H]1n1cc(C(N)=O)c(Nc2ccc(C3CC3)cc2)n1,3.3333333333333335,Non-selective,59.79708,-8.093563
N#C[C@H]1C[C@@H](O)CC[C@@H]1n1cc(C(N)=O)c(Nc2ccc(Cl)nc2)n1,3.5,Non-selective,58.916103,-8.800619
N#C[C@H]1C[C@@H](OCC2CC2)CC[C@H]1n1cc(C(N)=O)c(Nc2ccc(F)cc2)n1,4.285714285714286,Non-selective,51.362076,-11.256273
N#C[C@H]1C[C@@](O)(C2CC2)CC[C@@H]1n1cc(C(N)=O)c(Nc2ccc(Cl)cc2)n1,4.866666666666666,Non-selective,80.12869,5.762877
N#C[C@H]1C[C@H](NCC(F)(F)F)CC[C@@H]1n1cc(C(N)=O)c(Nc2ccc(Cl)cc2)n1,4.25,Non-selective,84.99722,-1.8034884
N#C[C@H]1C[C@H](N[C@@H](C2CC2)C(F)(F)F)CC[C@@H]1n1cc(C(N)=O)c(Nc2ccc(C(F)(F)F)cc2)n1,2.1186440677966103,Non-selective,69.54334,-15.059308
N#C[C@H]1C[C@H](O)CC[C@@H]1n1cc(C(N)=O)c(Nc2ccc(C(F)(F)F)nc2)n1,4.25,Non-selective,61.891544,-11.159523
N#C[C@H]1C[C@H](O)CC[C@@H]1n1cc(C(N)=O)c(Nc2ccc(C(F)F)nc2)n1,3.3333333333333335,Non-selective,59.695187,-9.477316
N#C[C@H]1C[C@H](O)CC[C@@H]1n1cc(C(N)=O)c(Nc2ccc(C3CC3)cc2)n1,4.166666666666667,Non-selective,59.79726,-8.093546
N#Cc1cc(CN2CCC(c3nnn4cnc5[nH]ccc5c34)CC2)ccc1F,2.066666666666667,Non-selective,-43.34564,-57.985283
N#Cc1cc(F)c(CN2CCC(c3nnn4cnc5[nH]ccc5c34)CC2)c(F)c1,4.6875,Non-selective,-43.277042,-57.98797
N#Cc1cc(NC[C@H]2CC[C@H](c3nnn4cnc5[nH]ccc5c34)CC2)ccc1F,3.5294117647058822,Non-selective,-39.632565,-45.854374
N#Cc1ccc(CN2CCC(c3ncn4cnc5[nH]ccc5c34)CC2)cc1,4.042553191489362,Non-selective,-44.448784,-56.468056
N#Cc1ccc(CN2CCC(c3nnn4cnc5[nH]cc(Cl)c5c34)CC2)cc1,3.7777777777777777,Non-selective,-44.704487,-56.636562
N#Cc1ccc(CN2CCC(c3nnn4cnc5[nH]ccc5c34)CC2)c(F)c1,2.909090909090909,Non-selective,-43.296177,-58.001434
N#Cc1ccc(CN2CCC(c3nnn4cnc5[nH]ccc5c34)CC2)cc1,3.5000139655229328,Non-selective,-44.013817,-56.554684
N#Cc1ccc(N(CC2CC2)[C@@H]2CCN(c3ncnc4[nH]ccc34)C2)nc1,1.0,Non-selective,-54.594067,-34.162514
N#Cc1ccc(NC[C@H]2CC[C@H](c3nnn4cnc5[nH]ccc5c34)CC2)c2ccccc12,3.4146341463414633,Non-selective,-37.747177,-47.737232
N#Cc1ccc(N[C@H]2CC[C@@H](c3nnn4cnc5[nH]ccc5c34)CC2)cc1,4.318181818181818,Non-selective,-35.58229,-42.390125
N#Cc1ccc(Nc2nn([C@H]3CCCC[C@@H]3C#N)cc2C(N)=O)cn1,3.6666666666666665,Non-selective,57.461864,9.012367
N#Cc1ccc(Nc2nn([C@H]3CCCC[C@H]3C#N)cc2C(N)=O)cc1,3.272727272727273,Non-selective,55.716034,8.098411
N#Cc1ccc(Nc2nn([C@H]3CCC[C@@H]3C#N)c3cc[nH]c(=O)c23)cc1,4.8,Non-selective,10.872702,-73.72744
N#Cc1cccc(CN2CCC(c3nnn4cnc5[nH]ccc5c34)CC2)c1,3.4693877551020407,Non-selective,-43.739944,-57.006115
N#Cc1ccccc1S(=O)(=O)Nc1ccc2cc1CCc1cncc(c1)Nc1ncc(Cl)c(n1)NC2,1.0,Non-selective,-21.059984,0.12113939
N#Cc1cnc(N2CCC[C@@H](Nc3cc(OCCO)nc(-c4cnn5ccccc45)n3)C2)cn1,1.3333333333333333,Non-selective,-0.8858649,24.736288
N#Cc1cnc(N2CCC[C@@H](Nc3nc(-c4cnn5ccccc45)nc(OCCO)c3F)C2)cn1,3.5,Non-selective,-0.5209698,24.62866
N#Cc1cncc(Nc2nn([C@H]3CCCC[C@@H]3C#N)cc2C(N)=O)c1,4.083333333333333,Non-selective,58.15583,8.546244
N#Cc1cncc2ccc(NC(=O)[C@@H]3CC3c3ccc(S(=O)(=O)NC[C@@H]4CCCNC4)cc3)cc12,3.933333333333333,Non-selective,-1.9158787,-14.390503
N#Cc1cncc2ccc(NC(=O)[C@@H]3CC3c3ccc(S(=O)(=O)Nc4ccccn4)cc3)cc12,2.2222222222222223,Non-selective,-4.0187416,-13.572903
N#Cc1cncc2ccc(NC(=O)[C@@H]3CC3c3ccc(S(=O)(=O)Nc4ncc(F)cn4)cc3)cc12,1.1111111111111112,Non-selective,-3.8195705,-14.376206
N#Cc1nc(-c2cnn3ccccc23)nc(N[C@@H]2CCCN(C(=O)CO)C2)c1F,2.5,Non-selective,-0.9249018,28.18898
N=C(N)NS(=O)(=O)c1ccc(C2C[C@H]2C(=O)Nc2ccc3cnccc3c2)cc1,4.222222222222222,Non-selective,-3.17475,-13.047993
NC(=O)C1CCN(C[C@H]2CC[C@H](c3nnn4cnc5[nH]ccc5c34)CC2)CC1,3.9565217391304346,Non-selective,-28.074667,-54.28573
NC(=O)CC1(n2cc(-c3c[nH]c4ncccc34)cn2)CCS(=O)(=O)CC1,2.5,Non-selective,-25.430326,22.676289
NC(=O)c1ccc(CN2CCC(c3nnn4cnc5[nH]ccc5c34)CC2)cc1,3.6956521739130435,Non-selective,-46.49636,-57.48832
NC(=O)c1coc(-c2cnc3[nH]ccc3c2N[C@H]2CC[C@@H](O)C2)n1,1.0,Non-selective,-36.36146,-23.021433
NC(=O)c1nc(-c2c(F)cccc2F)oc1Nc1ccc(C(=O)N2CCC[C@@H]2CO)cc1,1.8666666666666667,Non-selective,-5.189952,-3.0565884
NC(=O)c1nc(-c2c(F)cccc2F)oc1Nc1ccc(C(=O)N2CCOCC2)cc1,3.531746031746032,Non-selective,-5.4095163,-3.250906
NC(=O)c1nc(-c2c(F)cccc2F)oc1Nc1ccc(C(=O)NC2CCNC2)cc1,1.5989374172024664,Non-selective,-5.16407,-2.6978953
NC(=O)c1nc(-c2c(F)cccc2F)oc1Nc1ccc(C(=O)NC2CCNCC2)cc1,1.091503267973856,Non-selective,-5.1660414,-2.7057748
NC(=O)c1nc(-c2c(F)cccc2F)oc1Nc1ccc(C(=O)NCCCO)cc1,2.0481927710843375,Non-selective,-5.6964436,-2.4008183
NC(=O)c1nc(-c2c(F)cccc2F)oc1Nc1ccc(C(=O)NCCO)cc1,2.457420924574209,Non-selective,-5.701552,-2.4134514
NC(=O)c1nc(-c2c(F)cccc2F)oc1Nc1ccc(C(=O)N[C@@H]2CCCNC2)cc1,1.2920792079207921,Non-selective,-5.0876923,-2.713547
NC(=O)c1nc(-c2c(F)cccc2F)oc1Nc1ccc(C(=O)N[C@@H]2CCNC2)cc1,1.727810650887574,Non-selective,-5.16407,-2.6978953
NC(=O)c1nc(-c2c(F)cccc2F)oc1Nc1ccc(C(=O)N[C@H]2CCCNC2)cc1,1.3333333333333333,Non-selective,-5.0876923,-2.713547
NC(=O)c1nc(-c2c(F)cccc2F)oc1Nc1ccc(C(=O)N[C@H]2CCNC2)cc1,1.4796747967479675,Non-selective,-5.164078,-2.697811
NC(=O)c1nc(-c2c(F)cccc2F)oc1Nc1ccc(S(N)(=O)=O)cc1,1.8797953964194374,Non-selective,-6.5322866,-3.05619
NC(=O)c1ncc(Nc2nccc(N3C[C@H]4CC[C@@H](C3)N4C(=O)[C@@H]3CC3(F)F)n2)cc1F,3.9649122807017543,Non-selective,1.9848746,6.4820886
NCCCNC(=O)c1ccc(Nc2oc(-c3c(F)cccc3F)nc2C(N)=O)cc1,1.546875,Non-selective,-5.6956806,-2.4146643
NS(=O)(=O)CCC(=O)Nc1cccc(-c2cnc3ccccc3n2)c1,1.0,Non-selective,-21.201965,7.740688
NS(=O)(=O)c1ccc(Nc2ncc(F)c(N3C[C@H]4CC[C@@H](C3)N4C(=O)C3CC3)n2)cn1,4.377845220030349,Non-selective,-1.7169544,6.5575914
Nc1ccc2cc1CCc1cncc(c1)Nc1ncc(Cl)c(n1)NC2,4.382352941176471,Non-selective,-20.047676,-0.5896938
Nc1cn2c(-c3ccc(CN4CCS(=O)(=O)CC4)cc3)cccc2n1,1.0,Non-selective,-9.612069,17.826797
O/N=C/[C@H]1CC[C@H](c2nnn3cnc4[nH]ccc4c23)CC1,2.0588235294117645,Non-selective,-28.119576,-43.196327
O=C(C1CC1)N1[C@@H]2CC[C@H]1CN(c1ccnc(Nc3cnn(CCO)c3)n1)C2,2.8066666666666666,Non-selective,4.943714,9.253551
O=C(C1CC1)N1[C@@H]2CC[C@H]1CN(c1nc(Nc3ccnnc3)ncc1F)C2,3.663003663003663,Non-selective,-1.6708184,6.5625725
O=C(CBr)Nc1cccc(-c2cnc3ccccc3n2)c1,1.0,Non-selective,-20.64937,7.448159
O=C(CC(=O)C(F)(F)F)Nc1cccc(-c2cnc3ccccc3n2)c1,1.0,Non-selective,-20.769476,8.290338
O=C(CC(F)(F)F)N(CC(F)(F)F)C[C@H]1CC[C@H](c2nnn3cnc4[nH]ccc4c23)CC1,3.488372093023256,Non-selective,-25.455555,-62.899994
O=C(CC(F)(F)F)N1CCC(c2nnn3cnc4[nH]ccc4c23)CC1,3.617021276595745,Non-selective,-28.804762,-63.14812
O=C(CC(F)(F)F)N1CCCC(c2nnn3cnc4[nH]ccc4c23)C1,2.6206896551724137,Non-selective,-28.702816,-63.032963
O=C(CC1(n2cc(-c3c[nH]c4ncccc34)cn2)CCCC1)NCC(F)(F)F,1.4285714285714286,Non-selective,-25.996,22.382828
O=C(CC1(n2cc(-c3c[nH]c4ncccc34)cn2)CCS(=O)(=O)CC1)NCC(F)(F)F,1.4285714285714286,Non-selective,-25.924095,22.329832
O=C(CC1(n2cc(-c3ccnc4[nH]ccc34)cn2)CCCC1)NCC(F)(F)F,1.4285714285714286,Non-selective,-25.899254,22.803509
O=C(CC1(n2cc(-c3ccnc4[nH]ccc34)cn2)CCS(=O)(=O)CC1)NCC(F)(F)F,1.4285714285714286,Non-selective,-25.867222,22.702723
O=C(CC1(n2cc(-c3ncnc4[nH]ccc34)cn2)CCCC1)NCC(F)(F)F,1.4285714285714286,Non-selective,-30.34478,27.520401
O=C(CC1(n2cc(-c3ncnc4[nH]ccc34)cn2)CCS(=O)(=O)CC1)NCC(F)(F)F,1.4285714285714286,Non-selective,-30.324646,27.501894
O=C(CCCCl)Nc1cccc(-c2cnc3ccccc3n2)c1,1.0,Non-selective,-20.562584,7.4407024
O=C(CCCl)Nc1cccc(-c2cnc3ccccc3n2)c1,1.0,Non-selective,-20.544245,7.4743667
O=C(CCl)Nc1cccc(-c2cnc3ccccc3n2)c1,1.0,Non-selective,-20.493793,7.443941
O=C(CN1CCC(O)CC1)Nc1cccc(-c2cnc3ccccc3n2)c1,1.0,Non-selective,-19.470676,7.91233
O=C(CN1CCCC1)Nc1cccc(-c2cnc3ccccc3n2)c1,1.0,Non-selective,-19.62503,7.5346518
O=C(CN1CCCCC1)Nc1cccc(-c2cnc3ccccc3n2)c1,1.0,Non-selective,-19.60423,7.549896
O=C(CN1CCN(c2ccc(Cl)cc2)CC1)Nc1cccc(-c2cnc3ccccc3n2)c1,1.0,Non-selective,-18.826656,6.9412317
O=C(CN1CCN(c2ccccc2)CC1)Nc1cccc(-c2cnc3ccccc3n2)c1,1.1111111111111112,Non-selective,-19.303616,7.2670617
O=C(CN1CCN(c2ccncc2)CC1)Nc1cccc(-c2cnc3ccccc3n2)c1,1.0,Non-selective,-19.30693,7.251679
O=C(CN1CCNCC1)Nc1cccc(-c2cnc3ccccc3n2)c1,1.0,Non-selective,-19.718405,7.4440393
O=C(CN1CCOCC1)Nc1cccc(-c2cnc3ccccc3n2)c1,1.0,Non-selective,-19.200987,7.691073
O=C(CN[C@H]1CC[C@H](c2nnn3cnc4[nH]ccc4c23)CC1)NCC(F)(F)F,3.6363636363636362,Non-selective,-26.814314,-65.151535
O=C(CO)N1CCC[C@@H](Nc2cc(-c3cncc(O)c3)nc(-c3cnn4ccccc34)n2)C1,2.5,Non-selective,-2.625989,32.059196
O=C(CO)N1CCC[C@@H](Nc2cc(OCC(F)(F)F)nc(-c3cnn4ccccc34)n2)C1,3.5,Non-selective,-1.5619512,31.688671
O=C(CO)N1CCC[C@@H](Nc2nc(-c3cnn4ccccc34)nc(-c3ccc(CO)nc3)c2F)C1,2.0,Non-selective,0.23358752,29.744244
O=C(CO)N1CCC[C@@H](Nc2nc(-c3cnn4ccccc34)nc(-c3cccnc3)c2F)C1,4.0,Non-selective,-0.07987571,29.534386
O=C(CO)N1CCC[C@@H](Nc2nc(-c3cnn4ccccc34)nc(-c3ccnc(CO)c3)c2F)C1,2.0,Non-selective,-0.764464,30.004416
O=C(CO)N1CCC[C@@H](Nc2nc(-c3cnn4ccccc34)nc(-c3ccncc3)c2F)C1,2.0,Non-selective,0.008140288,29.466152
O=C(CO)N1CCC[C@@H](Nc2nc(-c3cnn4ccccc34)nc(-c3cn[nH]c3)c2F)C1,3.3333333333333335,Non-selective,0.43213016,29.293674
O=C(CO)N1CCC[C@@H](Oc2nc(-c3cnn4ccccc34)nc(-c3ccnc(CO)c3)c2F)C1,3.0,Non-selective,-1.5261396,29.848911
O=C(CO)Nc1cccc(-c2cnc3ccccc3n2)c1,1.0,Non-selective,-20.63757,7.5072837
O=C(C[C@H]1CC[C@@H](c2nnn3cnc4[nH]ccc4c23)CC1)NCC(F)(F)F,2.259259259259259,Non-selective,-26.073042,-63.326588
O=C(C[C@H]1CC[C@H](c2nnn3cnc4[nH]ccc4c23)CC1)NCC(F)(F)F,4.375,Non-selective,-26.073042,-63.326588
O=C(Cn1cncn1)Nc1cccc(-c2cnc3ccccc3n2)c1,1.0,Non-selective,-20.56619,7.796515
O=C(NCC(F)(F)F)C1(Nc2ccnc(-c3c[nH]c4ncccc34)n2)CCN(S(=O)(=O)C2CC2)CC1,1.0,Non-selective,-27.020327,20.578987
O=C(NCC(F)(F)F)C1(Nc2ccnc(-c3c[nH]c4ncccc34)n2)CN(S(=O)(=O)C2CC2)C1,1.0,Non-selective,-27.04341,20.646278
O=C(NCC(F)(F)F)C1(Nc2nc(-c3c[nH]c4ncccc34)ncc2F)CCN(S(=O)(=O)C2CC2)CC1,1.4285714285714286,Non-selective,-26.701918,20.562397
O=C(NCC(F)(F)F)C1(Nc2nc(-c3c[nH]c4ncccc34)ncc2F)CCS(=O)(=O)CC1,1.4285714285714286,Non-selective,-26.577145,20.9083
O=C(NCC(F)(F)F)C1(Nc2nc(-c3c[nH]c4ncccc34)ncc2F)CN(S(=O)(=O)C2CC2)C1,1.0,Non-selective,-26.71323,20.63394
O=C(NCCO)[C@H]1CC[C@H](c2nnn3cnc4[nH]ccc4c23)CC1,3.8461538461538463,Non-selective,-28.275679,-46.703403
O=C(NCS(=O)(=O)c1ccccc1)[C@H]1CC[C@H](c2nnn3cnc4[nH]ccc4c23)CC1,1.9298245614035088,Non-selective,-27.288385,-45.991566
O=C(N[C@]12CC1CN(c1nc(Nc3cnn(CCO)c3)ncc1Cl)C2)C1CC1,4.61609907120743,Non-selective,-4.1302986,8.802877
O=C(Nc1cc2c(Cl)cncc2s1)[C@@H]1C[C@H]1c1ccc(S(=O)(=O)Nc2ccc(F)cn2)cc1,1.4166666666666667,Non-selective,-3.1738381,-14.859154
O=C(Nc1ccc(F)cc1)[C@H]1CC[C@H](c2nnn3cnc4[nH]ccc4c23)CC1,3.7037037037037037,Non-selective,-18.051214,-60.68289
O=C(Nc1ccc2cc1CCc1cncc(c1)Nc1ncc(Cl)c(n1)NC2)c1ccccc1,1.0,Non-selective,-20.245934,0.11712698
O=C(Nc1ccc2cncc(C(F)(F)F)c2c1)[C@@H]1CC1c1ccc(S(=O)(=O)NC[C@@H]2CCCNC2)cc1,4.666666666666667,Non-selective,-4.8992043,-14.008207
O=C(Nc1ccc2cncc(Cl)c2c1)[C@@H]1CC1c1ccc(S(=O)(=O)NCC2CCCCN2)cc1,4.305555555555555,Non-selective,-2.314449,-14.1870575
O=C(Nc1ccc2cncc(Cl)c2c1)[C@@H]1CC1c1ccc(S(=O)(=O)NC[C@@H]2CCCNC2)cc1,2.230566192051749,Non-selective,-2.2610252,-14.20021
O=C(Nc1ccc2cncc(Cl)c2c1)[C@@H]1CC1c1ccc(S(=O)(=O)Nc2ccc(F)cn2)cc1,2.5,Non-selective,-3.1469643,-14.701427
O=C(Nc1ccc2cncc(Cl)c2c1)[C@@H]1CC1c1ccc(S(=O)(=O)Nc2ccccn2)cc1,1.2247507948270504,Non-selective,-3.750993,-12.860153
O=C(Nc1ccc2cncc(Cl)c2c1)[C@@H]1CC1c1ccc(S(=O)(=O)Nc2ncccn2)cc1,2.857142857142857,Non-selective,-3.556095,-13.179025
O=C(Nc1ccc2cncc(Cl)c2c1)[C@@H]1C[C@H]1c1ccc(S(=O)(=O)NC2CCNCC2(F)F)cc1,4.067796610169491,Non-selective,-2.8775432,-14.361649
O=C(Nc1ccc2cnccc2c1)[C@@H]1CC1c1ccc(S(=O)(=O)Nc2cccnc2)cc1,4.583333333333333,Non-selective,-3.646613,-12.547961
O=C(Nc1ccc2cnccc2c1)[C@@H]1CC1c1ccc(S(=O)(=O)Nc2cccnn2)cc1,4.468085106382978,Non-selective,-3.5819213,-12.525603
O=C(Nc1cccc(-c2cnc3ccccc3n2)c1)C(Cl)Cl,1.0,Non-selective,-20.51924,6.769474
O=C(Nc1cccc(-c2cnc3ccccc3n2)c1)C1CC1,2.0,Non-selective,-20.108488,8.51743
O=C(Nc1cccc(-c2cnc3ccccc3n2)c1)c1ccco1,2.034174125305126,Non-selective,-20.385147,6.9454207
O=C(Nc1cn2c(-c3ccc(CN4CCCCC4)cc3)cccc2n1)C1CC1,1.6666666666666667,Non-selective,-11.032617,18.245098
O=C(Nc1cn2c(-c3ccc(CN4CCS(=O)(=O)CC4)c(F)c3)cccc2n1)C1CC1,3.87298,Non-selective,-12.084308,18.010986
O=C(Nc1cn2c(-c3ccc(CN4CCS(=O)(=O)CC4)cc3)c(Cl)ccc2n1)C1CC1,1.0,Non-selective,-10.418076,18.040247
O=C(Nc1cn2c(-c3ccc(CN4CCS(=O)(=O)CC4)cc3)cccc2n1)C1CCC1,1.6666666666666667,Non-selective,-10.849267,18.2232
O=C(Nc1cn2c(-c3ccc(CN4CC[C@@H](O)C4)cc3)cccc2n1)C1CC1,1.6666666666666667,Non-selective,-11.0952015,18.159105
O=C(Nc1cn2c(-c3ccc(NS(=O)(=O)C4CC4)cc3)cccc2n1)C1CC1,3.87298,Non-selective,-13.078238,19.093235
O=C(Nc1cn2c(-c3cccc(CN4CCS(=O)(=O)CC4)c3)cccc2n1)C1CC1,1.0,Non-selective,-11.363319,18.179415
O=C(Nc1nc2c(-c3ccc(CN4CC(S(=O)(=O)C5CC5)C4)cc3)cccn2n1)C1CC1,1.0,Non-selective,-11.657062,15.485487
O=C(Nc1nc2cccc(-c3ccc(C(=O)N4CCS(=O)(=O)CC4)cc3)n2n1)C1CC1,3.602422907488987,Non-selective,-12.963744,19.58829
O=C(Nc1nc2cccc(-c3ccc(CN4CCC(F)(F)CC4)cc3)n2n1)C1CC1,2.0169050715214563,Non-selective,-11.2978115,17.631718
O=C(Nc1nc2cccc(-c3ccc(CN4CCOCC4)cc3)n2n1)C1CC1,2.956908351373128,Non-selective,-11.036551,18.938911
O=C(Nc1nc2cccc(-c3ccc(CN4CCS(=O)(=O)CC4)cc3)n2n1)C1CC1,3.3468,Non-selective,-10.930524,17.927862
O=C(Nc1nc2cccc(-c3ccc(N4CCOCC4)cc3)n2n1)C1CC1,1.2137931034482758,Non-selective,-12.311207,19.560318
O=C(Nc1nncs1)N1CCCC(c2nnn3cnc4[nH]ccc4c23)C1,1.6842105263157894,Non-selective,-30.259523,-47.27148
O=C(O)CCn1cc(Nc2ncc3ccn(C[C@H]4CC[C@H](O)CC4)c3n2)cn1,1.0,Non-selective,15.988775,24.235094
O=C(O)CCn1cc(Nc2ncc3ccn(Cc4ccsc4)c3n2)cn1,1.0,Non-selective,18.155321,22.008059
O=C(O)Cn1cc(Nc2ncc3ccn(CC4CCCC(F)(F)C4)c3n2)cn1,1.0,Non-selective,15.787126,24.902834
O=C(O)Cn1cc(Nc2ncc3ccn(CC4CCCCC4(F)F)c3n2)cn1,1.0,Non-selective,15.780158,24.925982
O=C(O)Cn1cc(Nc2ncc3ccn(CC4CCCCC4)c3n2)cn1,1.0,Non-selective,15.774021,24.686546
O=C(O)c1ccc(-c2nc(-c3cnn4ccccc34)nc(N[C@@H]3CCCN(C(=O)CO)C3)c2F)cn1,2.0,Non-selective,0.32062775,29.760603
O=C(OCc1ccccc1)N1CCC(c2ncn3cnc4[nH]ccc4c23)CC1,4.944444444444445,Non-selective,-31.540302,-37.43058
O=C(OCc1ccccc1)N1CCC(c2nnn3cnc4[nH]ccc4c23)CC1,4.944444444444445,Non-selective,-31.577929,-37.80691
O=C(OCc1ccccc1)N1CCCC(c2ncn3cnc4[nH]ccc4c23)C1,2.280701754385965,Non-selective,-31.549952,-37.45946
O=C([C@@H]1CC1(F)F)N1[C@@H]2CC[C@H]1CN(c1ccnc(Nc3cnc(CCO)c(Cl)c3)n1)C2,1.0634441087613293,Non-selective,2.9398685,6.747799
O=C([C@@H]1CC1(F)F)N1[C@@H]2CC[C@H]1CN(c1ccnc(Nc3cnc(CCO)c(F)c3)n1)C2,1.1517412935323383,Non-selective,2.243774,6.710924
O=C([C@@H]1CC1(F)F)N1[C@@H]2CC[C@H]1CN(c1ccnc(Nc3cnc(CO)c(F)c3)n1)C2,1.476340694006309,Non-selective,2.2967443,6.673217
O=C([C@@H]1CC1(F)F)N1[C@@H]2CC[C@H]1CN(c1ccnc(Nc3cnc(N4CC(O)C4)c(F)c3)n1)C2,1.5705128205128205,Non-selective,1.8679924,6.730604
O=C([C@@H]1CC1(F)F)N1[C@@H]2CC[C@H]1CN(c1ccnc(Nc3cnc(N4CC[C@@H](O)C4)c(F)c3)n1)C2,1.433179723502304,Non-selective,1.6317478,6.7900434
O=C([C@@H]1CC1(F)F)N1[C@@H]2CC[C@H]1CN(c1ccnc(Nc3cnc(N4CC[C@H](O)C4)c(F)c3)n1)C2,1.1019108280254777,Non-selective,1.6317478,6.7900434
O=C([C@@H]1CC1(F)F)N1[C@@H]2CC[C@H]1CN(c1ccnc(Nc3cnc(OCCO)c(Cl)c3)n1)C2,1.930232558139535,Non-selective,3.0704353,6.7978106
O=C([C@H]1CC[C@H](c2nnn3cnc4[nH]ccc4c23)CC1)N1CC(O)C1,2.808988764044944,Non-selective,-29.612516,-46.430614
O=C([C@H]1CC[C@H](c2nnn3cnc4[nH]ccc4c23)CC1)N1CC[C@H](O)C1,1.4444444444444444,Non-selective,-29.911144,-46.572662
O=C(c1ccc(C(F)(F)F)cc1)N1CCC(c2nnn3cnc4[nH]ccc4c23)CC1,4.555555555555555,Non-selective,-29.137299,-63.39323
O=C(c1ccno1)N1[C@@H]2CC[C@H]1CN(c1ccnc(Nc3cn[nH]c3)n1)C2,4.934210526315789,Non-selective,4.414206,7.602704
O=C1C=CN(C2CCC(COCC(F)(F)F)CC2)C2c3cc[nH]c3N=CC12,3.3898305084745766,Non-selective,-25.793,-9.419042
O=C1C=CN(C2CCC(COCCC(F)(F)F)CC2)C2c3cc[nH]c3N=CC12,2.3529411764705883,Non-selective,-25.790302,-9.42804
O=C1CN(C[C@H]2CC[C@H](c3nnn4cnc5[nH]ccc5c34)CC2)CCN1,2.0,Non-selective,-28.16495,-56.0802
O=C1COc2cc(NC[C@H]3CC[C@H](c4nnn5cnc6[nH]ccc6c45)CC3)ccc2N1,4.565217391304349,Non-selective,-21.590256,-56.019516
O=C1NC(=O)[C@@H](C2CCC(COCCC(F)(F)F)CC2)C2c3cc[nH]c3N=CC12,4.285714285714286,Non-selective,-25.725826,-9.405513
O=C1NCN(C2CCCCC2)c2c1cnc1[nH]ccc21,1.4,Non-selective,-36.343445,-15.731801
O=C1NCN([C@H]2CC[C@H](CN3CC[C@@H](F)C3)CC2)c2c1cnc1[nH]ccc21,3.526315789473684,Non-selective,-37.139008,-14.466759
O=C1NCN([C@H]2CC[C@H](CNC3(C(F)(F)F)CC3)CC2)c2c1cnc1[nH]ccc21,4.571428571428572,Non-selective,-36.87788,-11.353722
O=C1NCN([C@H]2CC[C@H](CNCC(F)(F)Br)CC2)c2c1cnc1[nH]ccc21,2.3863636363636362,Non-selective,-36.88148,-11.030025
O=C1NCN([C@H]2CC[C@H](CNCC(F)(F)F)CC2)c2c1cnc1[nH]ccc21,1.9166666666666665,Non-selective,-36.8741,-10.83106
O=C1NOC[C@H]1NC[C@H]1CC[C@H](c2nnn3cnc4[nH]ccc4c23)CC1,3.260869565217391,Non-selective,-21.948143,-54.990532
O=C1Nc2cccc(c2)CNc2nc(ncc2Cl)Nc2cccc1c2,1.0833333333333333,Non-selective,-20.37446,-0.23895702
O=C1c2cnc3[nH]ccc3c2N([C@H]2CC[C@H](CNCC(F)(F)F)CC2)CN1C1CC1,4.583333333333334,Non-selective,-36.900604,-10.519357
O=C1c2cnc3[nH]ccc3c2N([C@H]2CC[C@H](CNCC(F)(F)F)CC2)CN1CC1CCCO1,2.0689655172413794,Non-selective,-37.334797,-10.035013
O=C1c2cnc3[nH]ccc3c2N([C@H]2CC[C@H](CNCC(F)F)CC2)CN1C1CC1,2.676056338028169,Non-selective,-37.224148,-12.872421
O=C[C@H]1CC[C@@H](c2nnn3cnc4[nH]ccc4c23)CC1,2.727272727272727,Non-selective,-28.016466,-42.88515
O=C[C@H]1CC[C@H](c2nnn3cnc4[nH]ccc4c23)CC1,4.545454545454546,Non-selective,-28.016207,-42.885063
O=S(=O)(C[C@H]1CC[C@H](c2nnn3cnc4[nH]ccc4c23)CC1)C(F)(F)F,4.692307692307692,Non-selective,-23.30559,-62.763367
O=S(=O)(C[C@H]1CC[C@H](c2nnn3cnc4[nH]ccc4c23)CC1)C1CC1,2.5454545454545454,Non-selective,-22.966604,-51.421165
O=S(=O)(C[C@H]1CC[C@H](c2nnn3cnc4[nH]ccc4c23)CC1)NC1CC1,3.3333333333333335,Non-selective,-21.11258,-52.44486
O=S(=O)(C[C@H]1CC[C@H](c2nnn3cnc4[nH]ccc4c23)CC1)NCC(F)(F)F,2.631578947368421,Non-selective,-23.430328,-62.80173
O=S(=O)(C[C@H]1CC[C@H](c2nnn3cnc4[nH]ccc4c23)CC1)c1ccc(F)cc1,2.962962962962963,Non-selective,-18.19907,-57.541805
O=S(=O)(C[C@H]1CC[C@H](c2nnn3cnc4[nH]ccc4c23)CC1)c1ccccc1,1.9298245614035088,Non-selective,-20.445303,-47.916904
O=S(=O)(Nc1cccc(-c2cnc3ccccc3n2)c1)c1cccs1,1.11,Non-selective,-21.439661,5.913713
O=S(=O)(O)C[C@H]1CC[C@H](c2nnn3cnc4[nH]ccc4c23)CC1,1.6206896551724137,Non-selective,-23.137093,-51.61441
O=S1(=O)CCN(C[C@H]2CC[C@H](c3nnn4cnc5[nH]ccc5c34)CC2)CC1,4.7272727272727275,Non-selective,-28.323168,-56.023182
O=S1(=O)CCN(Cc2ccc(-c3ncnc4[nH]ccc34)cc2)CC1,2.5,Non-selective,-32.565388,21.285345
O=S1(=O)Nc2cccc(c2)CNc2nc(ncc2Cl)Nc2cccc1c2,1.9633333333333334,Non-selective,-20.297129,-0.2764656
O=c1[nH]c(C2CCCCC2)c2c3cc[nH]c3ncn12,1.5333333333333334,Non-selective,-28.106579,-38.706856
OC12CC3CC(C1)CC(c1nnn4cnc5[nH]ccc5c14)(C3)C2,4.193548387096774,Non-selective,-27.724812,-40.285576
OC1CCN(C[C@H]2CC[C@H](c3nnn4cnc5[nH]ccc5c34)CC2)CC1,3.15,Non-selective,-27.829075,-55.49355
OCCN(C[C@H]1CC[C@H](c2nnn3cnc4[nH]ccc4c23)CC1)C1CCCCC1,3.6,Non-selective,-24.578903,-54.438343
OC[C@@H]1CCCN1C[C@H]1CC[C@H](c2nnn3cnc4[nH]ccc4c23)CC1,4.4,Non-selective,-25.997501,-55.222134
OC[C@H]1CCCN1C[C@H]1CC[C@H](c2nnn3cnc4[nH]ccc4c23)CC1,3.9130434782608696,Non-selective,-25.997519,-55.22161
OC[C@H]1CC[C@@H](c2nnn3cnc4[nH]ccc4c23)CC1,3.0,Non-selective,-23.894337,-53.171997
OCc1ccc(-c2nnn3cnc4[nH]ccc4c23)cc1,1.3928571428571428,Non-selective,-27.655907,-40.201363
O[C@H]1CCCC[C@H]1CNC[C@H]1CC[C@H](c2nnn3cnc4[nH]ccc4c23)CC1,3.75,Non-selective,-24.439163,-54.34996
O[C@H]1CCN(C[C@H]2CC[C@@H](c3nnn4cnc5[nH]ccc5c34)CC2)C1,3.1818181818181817,Non-selective,-27.502062,-55.209183
O[C@H]1CC[C@@H](Nc2c(-c3ccccn3)cnc3[nH]ccc23)C1,1.0,Non-selective,-36.350067,-23.030634
O[C@H]1CC[C@@H](Nc2c(-c3ncco3)cnc3[nH]ccc23)C1,1.0,Non-selective,-36.37702,-23.04865
O[C@H]1CC[C@H](c2nnn3cnc4[nH]ccc4c23)CC1,4.416666666666667,Non-selective,-28.323584,-43.381096
Oc1cc(CC(F)(F)F)c(-c2nc(NCC3CC3)c3cn[nH]c3n2)cc1F,4.985250737463127,Non-selective,20.8883,-12.564848
S=c1[nH]c(C2CCCCC2)c2c3cc[nH]c3ncn12,1.5,Non-selective,-28.101357,-38.77485
[C-]#[N+]C1=CCC[C@@H](OCC2CC2)C1,3.5238095238095237,Non-selective,-23.30539,-9.555645
[C-]#[N+][C@@H]1C[C@H](OCC2CC2)CC[C@@H]1n1cc(C(N)=O)c(Nc2ccnc(F)c2)n1,2.1739130434782608,Non-selective,67.61842,8.9975
[C-]#[N+][C@@H]1C[C@H](OCC2CC2)CC[C@H]1n1cc(C(N)=O)c(Nc2ccnc(F)c2)n1,4.5,Non-selective,67.61842,8.9975
[C-]#[N+][C@H]1CCCC[C@@H]1n1cc(C(N)=O)c(Nc2ccc(/C=N/OC)cc2)n1,4.444444444444445,Non-selective,55.014023,4.294267
[C-]#[N+][C@H]1C[C@@](O)(C2CC2)CC[C@@H]1n1cc(C(N)=O)c(Nc2ccc(Cl)c(F)c2)n1,4.538461538461538,Non-selective,75.74024,5.275783
c1cc(CN2CCC(c3nnn4cnc5[nH]ccc5c34)CC2)[nH]n1,1.469387755102041,Non-selective,-48.711864,-59.148556
c1cc(CN2CCC(c3nnn4cnc5[nH]ccc5c34)CC2)ccn1,4.320987654320988,Non-selective,-47.377113,-58.95306
c1cc2c(ncn3cnc(C4CCCCC4)c23)[nH]1,1.2142857142857142,Non-selective,-28.103762,-38.871513
c1cc2c(ncn3nnc(C4CC5CCC4C5)c23)[nH]1,4.193548387096774,Non-selective,-27.953651,-41.14922
c1cc2c(ncn3nnc(C4CCC4)c23)[nH]1,3.8461538461538463,Non-selective,-28.562304,-42.169857
c1cc2c(ncn3nnc(C4CCCC4)c23)[nH]1,4.8,Non-selective,-28.798569,-42.011986
c1cc2c(ncn3nnc(C4CCCCC4)c23)[nH]1,3.1578947368421053,Non-selective,-28.845627,-41.97565
c1cc2c(ncn3nnc(C4CCCCCC4)c23)[nH]1,3.9393939393939394,Non-selective,-28.848331,-41.982185
c1cc2c(ncn3nnc(C4CCCN(Cc5cncs5)C4)c23)[nH]1,3.75,Non-selective,-50.41444,-57.79573
c1cc2c(ncn3nnc(C4CCN(C5CCCC5)CC4)c23)[nH]1,2.4,Non-selective,-29.461756,-42.010574
c1cc2c(ncn3nnc(C4CCN(Cc5cnc(N6CCOCC6)s5)CC4)c23)[nH]1,2.4444444444444446,Non-selective,-50.05897,-57.282764
c1cc2c(ncn3nnc(C4CCN(Cc5cncs5)CC4)c23)[nH]1,2.6530612244897958,Non-selective,-49.636486,-57.945267
c1cc2c(ncn3nnc(C4CCN(Cc5cocn5)CC4)c23)[nH]1,2.076923076923077,Non-selective,-48.975056,-58.433754
c1cc2c(ncn3nnc(C4CCN(Cc5cscn5)CC4)c23)[nH]1,2.8205128205128207,Non-selective,-48.811935,-58.83119
c1cc2c(ncn3nnc(C4CCN(Cc5csnn5)CC4)c23)[nH]1,2.055555555555556,Non-selective,-48.801422,-58.839237
c1cc2c(ncn3nnc(C4CCNCC4)c23)[nH]1,1.1111111111111112,Non-selective,-27.984137,-42.606747
c1cc2c(ncn3nnc([C@H]4CC[C@@H](NN5CCOCC5)CC4)c23)[nH]1,1.5384615384615385,Non-selective,-32.286144,-57.25912
c1cc2c(ncn3nnc([C@H]4CC[C@H](CN5CCSC5)CC4)c23)[nH]1,3.3802816901408455,Non-selective,-27.8769,-56.0233
c1cc2c(ncn3nnc([C@H]4CC[C@H](CNc5ccc(N6CCOCC6)cc5)CC4)c23)[nH]1,2.3333333333333335,Non-selective,-30.366335,-57.418694
c1cc2c(ncn3nnc([C@H]4CC[C@H](NN5CCOCC5)CC4)c23)[nH]1,3.619047619047619,Non-selective,-32.286114,-57.25915
c1ccc(CN2CCC(c3nnn4cnc5[nH]ccc5c34)CC2)cc1,3.6734693877551017,Non-selective,-50.507526,-60.255844
c1ccc(CN2CCCC(c3nnn4cnc5[nH]ccc5c34)C2)cc1,2.0357142857142856,Non-selective,-50.57802,-60.456524
c1cncc(CN2CCC(c3nnn4cnc5[nH]ccc5c34)CC2)c1,2.1052631578947367,Non-selective,-49.50995,-60.233356
c1cncc(CN2CCCC(c3nnn4cnc5[nH]ccc5c34)C2)c1,2.9523809523809526,Non-selective,-50.01468,-60.54195
c1coc(CN2CCC(c3nnn4cnc5[nH]ccc5c34)CC2)c1,2.197802197802198,Non-selective,-49.326202,-59.094887
c1csc(CN2CCC(c3nnn4cnc5[nH]ccc5c34)CC2)c1,2.3255813953488373,Non-selective,-49.77891,-58.763985
c1csc(CN2CCC(c3nnn4cnc5[nH]ccc5c34)CC2)n1,2.4545454545454546,Non-selective,-49.03606,-59.133705
