fold,y_true,y_pred
1,-0.3357921019231931,-0.6599244038860635
1,-0.1870866433571443,-0.6599244038860635
1,-0.8216169441647336,-0.6599244038860635
1,0.0,-0.6599244038860635
1,-1.1861083798132057,-0.6599244038860635
1,-1.5051499783199063,-0.6599244038860635
1,-1.126177808723848,-0.6599244038860635
1,0.0,-0.6599244038860635
1,0.0,-0.6599244038860635
1,0.03267316440198176,-0.6599244038860635
1,-0.09288983391078975,-0.6599244038860635
1,-0.848732324669351,-0.6599244038860635
1,0.0,-0.6599244038860635
1,-0.30102999566398125,-0.6599244038860635
1,-0.6020599913279625,-0.6599244038860635
1,-1.3010299956639813,-0.6599244038860635
1,-1.0746336182969038,-0.6599244038860635
1,0.0,-0.6599244038860635
1,-0.4740301777425202,-0.6599244038860635
1,-1.4771212547196626,-0.6599244038860635
1,-0.7781512503836439,-0.6599244038860635
1,-0.22184874961635614,-0.6599244038860635
1,-0.8239087409443187,-0.6599244038860635
1,-0.5051499783199054,-0.6599244038860635
1,-1.4471580313422194,-0.6599244038860635
1,-0.518513939877888,-0.6599244038860635
1,-2.338013561917151,-0.6599244038860635
1,-1.857332496431268,-0.6599244038860635
1,-0.6159957692712545,-0.6599244038860635
1,-0.8450980400142569,-0.6599244038860635
1,-1.3832167518513314,-0.6599244038860635
1,-1.3088553331759378,-0.6599244038860635
1,-0.6557448502907386,-0.6599244038860635
1,-1.3893932852496,-0.6599244038860635
1,-0.17609125905568135,-0.6599244038860635
1,-0.6766936096248664,-0.6599244038860635
1,-0.24652098006676937,-0.6599244038860635
1,-0.5740312677277188,-0.6599244038860635
1,-0.4375301220789325,-0.6599244038860635
1,-0.22041068710403877,-0.6599244038860635
1,0.08715017571890016,-0.6599244038860635
1,-0.6284563261405438,-0.6599244038860635
1,-0.20107240033212914,-0.6599244038860635
1,-0.7661581357243872,-0.6599244038860635
1,-0.7720771026714504,-0.6599244038860635
1,-0.9208187539523758,-0.6599244038860635
1,-1.018152262344456,-0.6599244038860635
1,-0.8738898682596776,-0.6599244038860635
1,-1.204119982655925,-0.6599244038860635
1,-1.2430380486862944,-0.6599244038860635
1,-1.4191293077419758,-0.6599244038860635
1,-1.0,-0.6599244038860635
1,-1.0,-0.6599244038860635
1,-1.3010299956639813,-0.6599244038860635
1,-1.320739584675871,-0.6599244038860635
1,-1.568201724066995,-0.6599244038860635
1,-1.2632414347745815,-0.6599244038860635
1,-0.9030899869919438,-0.6599244038860635
1,-1.4771212547196626,-0.6599244038860635
1,-1.3979400086720375,-0.6599244038860635
1,-1.4771212547196626,-0.6599244038860635
1,-1.3979400086720375,-0.6599244038860635
1,-1.5228787452803374,-0.6599244038860635
1,-1.204119982655925,-0.6599244038860635
1,0.3666259460036354,-0.6599244038860635
1,-0.9428344937700945,-0.6599244038860635
1,-0.32735893438633035,-0.6599244038860635
1,0.045078374735187055,-0.6599244038860635
1,-0.045757490560674796,-0.6599244038860635
1,-0.151267675330649,-0.6599244038860635
1,-0.04420366249205365,-0.6599244038860635
1,-0.19836765376683374,-0.6599244038860635
1,-0.9876662649262755,-0.6599244038860635
1,-1.422334447617187,-0.6599244038860635
1,-1.1333023000931028,-0.6599244038860635
1,0.05115252244738144,-0.6599244038860635
1,-0.09691001300805624,-0.6599244038860635
1,-1.3979400086720375,-0.6599244038860635
1,-1.414249617943785,-0.6599244038860635
1,-0.3723859041996489,-0.6599244038860635
1,-1.4254760431426394,-0.6599244038860635
1,-0.4726443910685916,-0.6599244038860635
1,-0.19188552623891297,-0.6599244038860635
1,-0.7162766632434856,-0.6599244038860635
1,-0.4349235749252074,-0.6599244038860635
1,-0.26884531229258,-0.6599244038860635
1,-1.2730012720637376,-0.6599244038860635
1,-0.30102999566398037,-0.6599244038860635
1,-0.46593708776714937,-0.6599244038860635
1,-1.0077477780007396,-0.6599244038860635
1,2.0904053825965034,-0.6599244038860635
1,-0.1301133703771553,-0.6599244038860635
1,-0.33252783011489306,-0.6599244038860635
1,-0.08828975779995663,-0.6599244038860635
1,-0.44164893655744386,-0.6599244038860635
1,-0.4600879154208819,-0.6599244038860635
1,0.15490195998574308,-0.6599244038860635
1,-0.621365146523349,-0.6599244038860635
1,-1.5910646070264995,-0.6599244038860635
1,-1.151835009809636,-0.6599244038860635
1,-1.1514897640503463,-0.6599244038860635
1,-2.0543576623225928,-0.6599244038860635
1,-2.423245873936808,-0.6599244038860635
1,-1.3802112417116064,-0.6599244038860635
1,-0.8061799739838875,-0.6599244038860635
1,-2.0881360887005513,-0.6599244038860635
1,-1.4093694704528197,-0.6599244038860635
1,-2.159867847092566,-0.6599244038860635
1,-1.2367890994092932,-0.6599244038860635
1,-1.3324384599156058,-0.6599244038860635
1,-1.4683473304121577,-0.6599244038860635
1,-0.6989700043360187,-0.6599244038860635
1,-0.46852108295774464,-0.6599244038860635
1,-0.9208187539523749,-0.6599244038860635
1,-0.30102999566398125,-0.6599244038860635
1,-0.7403626894942441,-0.6599244038860635
1,-0.9208187539523749,-0.6599244038860635
1,-1.5218926287866976,-0.6599244038860635
1,0.0,-0.6599244038860635
1,0.0,-0.6599244038860635
1,-1.443262987458695,-0.6599244038860635
1,-0.27036117589752884,-0.6599244038860635
1,-0.5127853228438921,-0.6599244038860635
1,-1.2787536009528289,-0.6599244038860635
1,-1.3594330117513005,-0.6599244038860635
1,-1.1949766032160545,-0.6599244038860635
1,-0.3979400086720375,-0.6599244038860635
1,0.0,-0.6599244038860635
1,0.08432088570003593,-0.6599244038860635
1,-0.11092602757466441,-0.6599244038860635
1,0.11265459406045775,-0.6599244038860635
1,-0.4375301220789325,-0.6599244038860635
1,-1.7346855566025532,-0.6599244038860635
1,-0.4883011424844037,-0.6599244038860635
1,-1.3010299956639813,-0.6599244038860635
1,-0.17609125905568135,-0.6599244038860635
1,-0.8938982262807151,-0.6599244038860635
1,1.2552725051033065,-0.6599244038860635
1,-0.19627273648709753,-0.6599244038860635
1,-0.5440680443502757,-0.6599244038860635
1,-0.09691001300805624,-0.6599244038860635
1,-1.8419848045901137,-0.6599244038860635
1,-1.5965970956264606,-0.6599244038860635
1,-1.204119982655925,-0.6599244038860635
1,-1.0,-0.6599244038860635
1,-0.8159298739801057,-0.6599244038860635
1,-0.35144772761062537,-0.6599244038860635
1,-0.5639788777283403,-0.6599244038860635
1,-0.8440190469576176,-0.6599244038860635
1,-1.3010299956639813,-0.6599244038860635
1,0.0,-0.6599244038860635
1,-0.3979400086720375,-0.6599244038860635
1,-0.3979400086720375,-0.6599244038860635
1,-0.5239367104366721,-0.6599244038860635
1,-0.9007737442647628,-0.6599244038860635
1,-0.3670895643897012,-0.6599244038860635
1,0.15862972606545167,-0.6599244038860635
1,0.050824057875670015,-0.6599244038860635
1,-1.1047353505200128,-0.6599244038860635
1,-0.21197723476163066,-0.6599244038860635
1,-0.48811663902112556,-0.6599244038860635
1,-0.7841416140728308,-0.6599244038860635
1,-0.5131189079911813,-0.6599244038860635
1,-0.8890752499668562,-0.6599244038860635
1,-0.5026753591920503,-0.6599244038860635
1,-2.2632414347745815,-0.6599244038860635
1,-1.7160033436347994,-0.6599244038860635
1,-1.3010299956639813,-0.6599244038860635
1,-0.8944326674594443,-0.6599244038860635
1,-0.6564176536505553,-0.6599244038860635
1,-0.8424528658949022,-0.6599244038860635
1,-1.5314789170422554,-0.6599244038860635
1,-0.42866488543881687,-0.6599244038860635
1,-1.3710678622717358,-0.6599244038860635
1,-1.9420080530223132,-0.6599244038860635
1,-1.857332496431268,-0.6599244038860635
1,-0.3802112417116055,-0.6599244038860635
1,-1.2108533653148932,-0.6599244038860635
1,-1.079181246047625,-0.6599244038860635
1,-1.26884531229258,-0.6599244038860635
1,-0.404570587571051,-0.6599244038860635
1,-0.40748532657826786,-0.6599244038860635
1,-0.7781512503836439,-0.6599244038860635
1,-1.2130748253088512,-0.6599244038860635
1,-0.9661417327390325,-0.6599244038860635
1,-0.9294189257142929,-0.6599244038860635
1,-0.3494856763830949,-0.6599244038860635
1,-0.19896832053217395,-0.6599244038860635
1,-0.38021124171160636,-0.6599244038860635
1,-1.0434656937810907,-0.6599244038860635
1,-1.6283889300503116,-0.6599244038860635
1,-0.6184504075161312,-0.6599244038860635
1,-0.460730838531493,-0.6599244038860635
1,0.0,-0.6599244038860635
1,0.0,-0.6599244038860635
1,0.0,-0.6599244038860635
1,0.0,-0.6599244038860635
1,-0.20618429695565865,-0.6599244038860635
1,-0.7659167939666318,-0.6599244038860635
1,-1.7169848005087767,-0.6599244038860635
1,-0.5901452216989629,-0.6599244038860635
1,1.3802112417116064,-0.6599244038860635
1,-0.48454368673188686,-0.6599244038860635
1,-1.149816333700966,-0.6599244038860635
1,1.3388046091732582,-0.6599244038860635
1,1.3873898263387296,-0.6599244038860635
1,-0.8947858242033648,-0.6599244038860635
1,-0.7113792623178385,-0.6599244038860635
1,-0.6778349886836752,-0.6599244038860635
1,-0.7471170166436751,-0.6599244038860635
1,0.00010777875273149107,-0.6599244038860635
1,-1.26884531229258,-0.6599244038860635
1,-0.5166297960033361,-0.6599244038860635
1,-0.7244946516343056,-0.6599244038860635
1,-1.0134032446733716,-0.6599244038860635
1,-0.11423889126475562,-0.6599244038860635
1,-0.4375301220789325,-0.6599244038860635
1,-0.09727027390130161,-0.6599244038860635
1,-0.3966086423070294,-0.6599244038860635
1,0.0,-0.6599244038860635
1,0.0,-0.6599244038860635
1,0.0,-0.6599244038860635
1,-0.41300375510791376,-0.6599244038860635
1,0.0,-0.6599244038860635
1,-1.0937807546179128,-0.6599244038860635
1,-1.3862016054007933,-0.6599244038860635
1,-0.6353716852785132,-0.6599244038860635
1,0.0,-0.6599244038860635
1,0.0,-0.6599244038860635
1,0.7403626894942441,-0.6599244038860635
1,0.0,-0.6599244038860635
1,1.259637310505756,-0.6599244038860635
1,0.0,-0.6599244038860635
1,0.0,-0.6599244038860635
1,0.0,-0.6599244038860635
1,0.7403626894942441,-0.6599244038860635
1,-2.1962946451439684,-0.6599244038860635
1,-1.0934216851622347,-0.6599244038860635
1,-1.198657086954423,-0.6599244038860635
1,-1.0134032446733716,-0.6599244038860635
1,0.0,-0.6599244038860635
1,0.0,-0.6599244038860635
1,-0.5325420619597168,-0.6599244038860635
1,-0.6933901269551814,-0.6599244038860635
1,-1.5378190950732744,-0.6599244038860635
1,-0.912616269835083,-0.6599244038860635
1,0.6020599913279625,-0.6599244038860635
1,-2.1938200260161134,-0.6599244038860635
1,-1.0413926851582254,-0.6599244038860635
1,-0.15490195998574308,-0.6599244038860635
1,-0.15490195998574308,-0.6599244038860635
1,0.0,-0.6599244038860635
1,-0.32192791969320034,-0.6599244038860635
1,0.0772210331236014,-0.6599244038860635
1,-0.24303804868629442,-0.6599244038860635
1,0.302535350661298,-0.6599244038860635
1,-0.1484198324578232,-0.6599244038860635
1,0.30102999566398125,-0.6599244038860635
1,0.0,-0.6599244038860635
1,0.0,-0.6599244038860635
1,-1.079181246047625,-0.6599244038860635
1,0.0,-0.6599244038860635
1,-1.0579919469776868,-0.6599244038860635
1,-1.9121696448438614,-0.6599244038860635
1,-2.4266553640072512,-0.6599244038860635
1,0.0,-0.6599244038860635
1,-0.8129133566428557,-0.6599244038860635
1,-0.5038929746004035,-0.6599244038860635
1,-2.7280414522832768,-0.6599244038860635
1,-2.508754102588731,-0.6599244038860635
1,-2.8409420802430994,-0.6599244038860635
1,-3.0266694283375184,-0.6599244038860635
1,0.0,-0.6599244038860635
1,0.0,-0.6599244038860635
1,0.0,-0.6599244038860635
1,0.0,-0.6599244038860635
1,-0.6368220975871743,-0.6599244038860635
1,-0.644612342013426,-0.6599244038860635
1,-0.70729539312015,-0.6599244038860635
1,-0.8166095022028195,-0.6599244038860635
1,-0.7008541482105697,-0.6599244038860635
1,-0.7533276666586115,-0.6599244038860635
1,-0.5314789170422554,-0.6599244038860635
1,-0.6726410656136697,-0.6599244038860635
1,-0.6989700043360187,-0.6599244038860635
1,-1.0737862141609194,-0.6599244038860635
1,-0.8357691602338235,-0.6599244038860635
1,-0.5440680443502748,-0.6599244038860635
1,-0.134698573897456,-0.6599244038860635
1,-0.24111497034742868,-0.6599244038860635
1,-0.2264874530687644,-0.6599244038860635
1,1.1760912590556813,-0.6599244038860635
1,-0.6989700043360187,-0.6599244038860635
1,-2.3979400086720375,-0.6599244038860635
1,-0.71213145039399,-0.6599244038860635
1,-1.0,-0.6599244038860635
1,-1.0,-0.6599244038860635
1,-0.2887955392469692,-0.6599244038860635
1,-0.4771212547196626,-0.6599244038860635
1,-0.6020599913279625,-0.6599244038860635
1,-0.37174608568724743,-0.6599244038860635
1,1.740362689494244,-0.6599244038860635
1,-1.388483767677596,-0.6599244038860635
1,-1.443262987458695,-0.6599244038860635
1,-1.230448921378274,-0.6599244038860635
1,-1.5112755309539683,-0.6599244038860635
1,2.084320885700036,-0.6599244038860635
1,0.9935975083908692,-0.6599244038860635
1,-1.3010299956639813,-0.6599244038860635
1,-0.29081083048229495,-0.6599244038860635
1,0.0,-0.6599244038860635
1,-0.30102999566398125,-0.6599244038860635
1,-0.9744458955276123,-0.6599244038860635
1,-0.3679767852945943,-0.6599244038860635
1,-0.6690067809585756,-0.6599244038860635
1,-0.808114473761087,-0.6599244038860635
1,-0.7290424704462488,-0.6599244038860635
1,-0.5700192809338134,-0.6599244038860635
1,-0.2536053457358438,-0.6599244038860635
1,-0.16840443038939057,-0.6599244038860635
1,-0.30102999566398125,-0.6599244038860635
1,-0.30102999566398125,-0.6599244038860635
1,-0.29711633838748064,-0.6599244038860635
1,-0.30102999566398125,-0.6599244038860635
1,-0.13070197070604372,-0.6599244038860635
1,-0.6488033948702885,-0.6599244038860635
1,-0.2211182288690008,-0.6599244038860635
1,-1.0395085412836735,-0.6599244038860635
1,-1.020203386088287,-0.6599244038860635
1,-1.3929480631145381,-0.6599244038860635
1,-1.594234653816006,-0.6599244038860635
1,-1.117456579265843,-0.6599244038860635
1,-1.3424226808222066,-0.6599244038860635
1,-1.6922366216770506,-0.6599244038860635
1,-1.50991376811597,-0.6599244038860635
1,-1.2155998003393549,-0.6599244038860635
1,-0.31527043477859173,-0.6599244038860635
1,-1.2024201977780304,-0.6599244038860635
1,-0.7781512503836439,-0.6599244038860635
1,-1.528273777167044,-0.6599244038860635
1,-0.7634279935629378,-0.6599244038860635
1,-1.0,-0.6599244038860635
1,0.0,-0.6599244038860635
1,0.6020599913279625,-0.6599244038860635
1,-1.0,-0.6599244038860635
1,-0.6931404606752949,-0.6599244038860635
1,-0.7955365657786055,-0.6599244038860635
1,-0.7995866783816217,-0.6599244038860635
1,-0.5913361259361896,-0.6599244038860635
1,-0.6056052720926122,-0.6599244038860635
1,-0.9062716457781326,-0.6599244038860635
1,0.0,-0.6599244038860635
1,-0.7672348358945449,-0.6599244038860635
1,-0.479055754496863,-0.6599244038860635
1,-0.19542414077975234,-0.6599244038860635
1,-0.6079421735539166,-0.6599244038860635
1,-0.70472233322511,-0.6599244038860635
1,-0.47127208237339513,-0.6599244038860635
1,-0.4999841376791663,-0.6599244038860635
1,-0.9229848157088822,-0.6599244038860635
1,-0.5605087756033109,-0.6599244038860635
1,-0.42247728842341825,-0.6599244038860635
1,-0.22094772339709845,-0.6599244038860635
1,-0.5603052432209612,-0.6599244038860635
1,-0.5412007931861664,-0.6599244038860635
1,-0.37485318836652937,-0.6599244038860635
1,-0.9603526399579447,-0.6599244038860635
1,-0.2428482761327384,-0.6599244038860635
1,-0.5300573299074607,-0.6599244038860635
1,-0.785729099900708,-0.6599244038860635
1,-0.35110886000729824,-0.6599244038860635
1,-1.5378190950732744,-0.6599244038860635
1,-1.699693225955114,-0.6599244038860635
1,-1.3954512082683426,-0.6599244038860635
1,-1.6495782291202499,-0.6599244038860635
1,-1.8148740574083835,-0.6599244038860635
1,-1.6300887149282062,-0.6599244038860635
1,-1.3309932190414244,-0.6599244038860635
1,-1.2106727479357442,-0.6599244038860635
1,-1.5824130364264946,-0.6599244038860635
1,-1.4206723924623326,-0.6599244038860635
1,-1.5529998652172008,-0.6599244038860635
1,-1.0522732830226769,-0.6599244038860635
1,-1.515211304327801,-0.6599244038860635
1,-1.03252922482692,-0.6599244038860635
1,-1.100900495740861,-0.6599244038860635
1,-1.9023137678721662,-0.6599244038860635
1,-1.5227236124042802,-0.6599244038860635
1,-2.367355921026019,-0.6599244038860635
1,-2.0253058652647704,-0.6599244038860635
1,-1.7895807121644252,-0.6599244038860635
1,-1.5235463772056734,-0.6599244038860635
1,-1.7638682312913625,-0.6599244038860635
1,-1.5292189233113564,-0.6599244038860635
1,-1.8380616118598416,-0.6599244038860635
1,-1.3309932190414244,-0.6599244038860635
1,-1.8769871844277386,-0.6599244038860635
1,-1.5708022975975204,-0.6599244038860635
1,-1.3868964149592022,-0.6599244038860635
1,-1.7853298350107671,-0.6599244038860635
1,-0.8432872195371282,-0.6599244038860635
1,-1.1456128582964702,-0.6599244038860635
1,-0.30102999566398125,-0.6599244038860635
1,0.6951770153188797,-0.6599244038860635
1,-1.2892190346309942,-0.6599244038860635
1,-0.4202164033831899,-0.6599244038860635
1,-1.2167521925969762,-0.6599244038860635
1,-1.3957166532261231,-0.6599244038860635
1,-1.290564561985816,-0.6599244038860635
1,1.5642714304385628,-0.6599244038860635
1,-0.6127838567197355,-0.6599244038860635
1,-1.0534015926312401,-0.6599244038860635
1,-0.9702081297444902,-0.6599244038860635
1,-0.7989348563069356,-0.6599244038860635
1,-0.5330562595094737,-0.6599244038860635
1,0.0,-0.6599244038860635
1,0.279840696594043,-0.6599244038860635
1,-0.1424081458531088,-0.6599244038860635
1,-1.08167004645132,-0.6599244038860635
1,0.0,-0.6599244038860635
1,0.0,-0.6599244038860635
1,-0.6458389159065492,-0.6599244038860635
1,-0.8031681201868599,-0.6599244038860635
1,-1.0700378666077555,-0.6599244038860635
1,-0.6722413466622505,-0.6599244038860635
1,-0.7110497699297014,-0.6599244038860635
1,-0.2639451480479682,-0.6599244038860635
1,0.0,-0.6599244038860635
1,0.0,-0.6599244038860635
1,-0.7447274948966935,-0.6599244038860635
1,0.0,-0.6599244038860635
1,0.0,-0.6599244038860635
1,-1.1505139038522927,-0.6599244038860635
1,0.79707326088554,-0.6599244038860635
1,-0.9504068849081397,-0.6599244038860635
1,-0.775216817044595,-0.6599244038860635
1,0.0,-0.6599244038860635
1,-0.5633074023359459,-0.6599244038860635
1,-0.8076062297219195,-0.6599244038860635
1,-0.2730012720637376,-0.6599244038860635
1,-0.4890204780193699,-0.6599244038860635
1,-0.8550907278940816,-0.6599244038860635
1,0.13848130992364283,-0.6599244038860635
1,-0.45229767099463025,-0.6599244038860635
1,-0.4293484729236612,-0.6599244038860635
1,-1.3802112417116064,-0.6599244038860635
1,0.48323932891565047,-0.6599244038860635
1,0.10584251126615385,-0.6599244038860635
1,-1.5440680443502757,-0.6599244038860635
1,-0.06494080693301463,-0.6599244038860635
1,-1.269512944217916,-0.6599244038860635
1,-0.6146491186359828,-0.6599244038860635
1,-1.174018250432816,-0.6599244038860635
1,-0.6197887582883936,-0.6599244038860635
1,-1.5567331348946913,-0.6599244038860635
1,-1.3332146790353825,-0.6599244038860635
1,-1.3976121155028922,-0.6599244038860635
1,-1.2900346113625183,-0.6599244038860635
1,-0.9208187539523758,-0.6599244038860635
1,-1.0969100130080562,-0.6599244038860635
1,-1.3010299956639813,-0.6599244038860635
1,0.7781512503836439,-0.6599244038860635
1,1.1383026981662816,-0.6599244038860635
1,-2.499397649430815,-0.6599244038860635
1,-2.214679773167946,-0.6599244038860635
1,-1.4832443397784516,-0.6599244038860635
1,-2.3872161432802645,-0.6599244038860635
1,-1.794074216480813,-0.6599244038860635
1,-1.9897463656344465,-0.6599244038860635
1,-2.6020599913279625,-0.6599244038860635
1,-2.9311187105921865,-0.6599244038860635
1,-2.609238575955086,-0.6599244038860635
1,-0.7697329439853142,-0.6599244038860635
1,-1.5093705604380174,-0.6599244038860635
1,-0.24693309256981877,-0.6599244038860635
1,-1.5241178173958856,-0.6599244038860635
1,0.38929089956352403,-0.6599244038860635
1,0.0,-0.6599244038860635
1,1.0607238842192848,-0.6599244038860635
1,0.0,-0.6599244038860635
1,0.0,-0.6599244038860635
1,-1.4471580313422185,-0.6599244038860635
1,-1.2223056612649223,-0.6599244038860635
1,-0.5613857422010744,-0.6599244038860635
1,0.5969565896898335,-0.6599244038860635
1,0.8636181120497923,-0.6599244038860635
1,-0.48555442225652534,-0.6599244038860635
1,-1.5691787649333069,-0.6599244038860635
1,-1.2263963773670774,-0.6599244038860635
1,-0.9700367766225568,-0.6599244038860635
1,-1.079181246047625,-0.6599244038860635
1,-0.9208187539523749,-0.6599244038860635
1,-1.5854607295085001,-0.6599244038860635
1,-0.4375301220789325,-0.6599244038860635
1,0.0,-0.6599244038860635
1,1.6266824662362946,-0.6599244038860635
1,-1.230448921378274,-0.6599244038860635
1,0.8538719643217618,-0.6599244038860635
1,0.0,-0.6599244038860635
1,-2.2955670999624793,-0.6599244038860635
1,-0.9208187539523749,-0.6599244038860635
1,-2.322858433159654,-0.6599244038860635
1,-0.5004497215452615,-0.6599244038860635
1,-0.15490195998574308,-0.6599244038860635
1,-0.7049193368492208,-0.6599244038860635
1,-0.7049193368492208,-0.6599244038860635
1,0.0,-0.6599244038860635
1,-0.39280036901962667,-0.6599244038860635
1,0.0,-0.6599244038860635
1,0.0,-0.6599244038860635
1,0.6517613292186208,-0.6599244038860635
1,0.7496315210986477,-0.6599244038860635
1,0.18448680416588203,-0.6599244038860635
1,1.0217971290948444,-0.6599244038860635
1,0.1452689827860576,-0.6599244038860635
1,0.6904166833935195,-0.6599244038860635
1,0.5502723567515604,-0.6599244038860635
1,0.7525113222809265,-0.6599244038860635
1,0.4575007247852527,-0.6599244038860635
1,0.4684988108747685,-0.6599244038860635
1,0.0,-0.6599244038860635
1,-0.24303804868629442,-0.6599244038860635
1,-2.1687920203141813,-0.6599244038860635
1,-0.15490195998574308,-0.6599244038860635
1,-0.4349235749252074,-0.6599244038860635
1,-1.134698573897456,-0.6599244038860635
1,-1.1505139038522927,-0.6599244038860635
1,-1.0,-0.6599244038860635
1,0.7800357683867247,-0.6599244038860635
1,-1.8765065042658806,-0.6599244038860635
1,-1.0572954039544324,-0.6599244038860635
1,-0.6585413472804102,-0.6599244038860635
1,-0.7781512503836439,-0.6599244038860635
1,-1.3424226808222057,-0.6599244038860635
1,-1.0019695928629044,-0.6599244038860635
1,-0.11303951330859263,-0.6599244038860635
1,-0.6020599913279625,-0.6599244038860635
1,-0.23099212905622668,-0.6599244038860635
1,-0.4623979978989565,-0.6599244038860635
1,-0.9542425094393243,-0.6599244038860635
1,-0.8450980400142569,-0.6599244038860635
1,-0.7403626894942441,-0.6599244038860635
1,-1.304634119932806,-0.6599244038860635
1,-0.3424226808222066,-0.6599244038860635
1,-0.4375318721122108,-0.6599244038860635
1,-0.006204312401284717,-0.6599244038860635
1,-1.3010299956639813,-0.6599244038860635
1,-0.3979400086720375,-0.6599244038860635
1,-1.0,-0.6599244038860635
1,-0.4771212547196626,-0.6599244038860635
1,-0.3494864174906427,-0.6599244038860635
1,-1.0,-0.6599244038860635
1,-1.1505139038522927,-0.6599244038860635
1,-2.1505139038522927,-0.6599244038860635
1,-1.1505139038522927,-0.6599244038860635
1,-1.1505139038522927,-0.6599244038860635
1,-1.1505139038522927,-0.6599244038860635
1,-0.8494839081883114,-0.6599244038860635
1,-1.1505139038522927,-0.6599244038860635
1,-1.1505139038522927,-0.6599244038860635
1,-0.8494839081883114,-0.6599244038860635
1,-0.30102999566398125,-0.6599244038860635
1,-1.6020599913279625,-0.6599244038860635
1,-0.09691001300805624,-0.6599244038860635
1,-1.2552725051033056,-0.6599244038860635
1,-1.3802112417116064,-0.6599244038860635
1,-1.0511525224473814,-0.6599244038860635
1,-0.642065152999546,-0.6599244038860635
1,-0.35654732351381213,-0.6599244038860635
1,0.0,-0.6599244038860635
1,0.07911523830283684,-0.6599244038860635
1,0.0,-0.6599244038860635
1,-0.7569619513137056,-0.6599244038860635
1,-0.6020599913279625,-0.6599244038860635
1,-0.6020599913279625,-0.6599244038860635
1,-2.993133541047083,-0.6599244038860635
1,-2.9537548120473627,-0.6599244038860635
1,-2.1303337684950057,-0.6599244038860635
1,-1.7323937598229682,-0.6599244038860635
1,-1.201645363528069,-0.6599244038860635
1,-1.079181246047625,-0.6599244038860635
1,-0.4771212547196626,-0.6599244038860635
1,-1.653212513775344,-0.6599244038860635
1,-0.49082253239705054,-0.6599244038860635
1,-1.4240428112362427,-0.6599244038860635
1,-0.44748104696283963,-0.6599244038860635
1,-0.7403626894942441,-0.6599244038860635
1,-0.8239087409443187,-0.6599244038860635
1,-0.6478174818886373,-0.6599244038860635
1,-0.9542425094393252,-0.6599244038860635
1,-0.9225050021900998,-0.6599244038860635
1,-0.3679767852945943,-0.6599244038860635
1,-0.6754889084864963,-0.6599244038860635
1,-1.3010299956639813,-0.6599244038860635
1,-1.2026502875751488,-0.6599244038860635
1,0.6354341975677036,-0.6599244038860635
1,1.0249436899775137,-0.6599244038860635
1,0.43468809354410887,-0.6599244038860635
1,0.27875360095282886,-0.6599244038860635
1,-0.8325089127062366,-0.6599244038860635
1,-0.04845513955992686,-0.6599244038860635
1,-1.0211892990699383,-0.6599244038860635
1,-0.4375301220789325,-0.6599244038860635
1,-0.9604914587163265,-0.6599244038860635
1,0.013363961557981696,-0.6599244038860635
1,-0.3215516628085826,-0.6599244038860635
1,0.011738403271244202,-0.6599244038860635
1,0.17710898483871063,-0.6599244038860635
1,0.16061660671589717,-0.6599244038860635
1,-0.46779720744600084,-0.6599244038860635
1,-0.34364828614543974,-0.6599244038860635
1,0.012964977164368285,-0.6599244038860635
1,-0.07142797820037927,-0.6599244038860635
1,-0.5987573557778756,-0.6599244038860635
1,-0.349334675238536,-0.6599244038860635
1,0.045757490560674796,-0.6599244038860635
1,0.05115252244738144,-0.6599244038860635
1,-1.019595556063381,-0.6599244038860635
1,-0.11476734547590794,-0.6599244038860635
1,0.0,-0.6599244038860635
1,0.0,-0.6599244038860635
1,0.0,-0.6599244038860635
1,-0.3701809521413173,-0.6599244038860635
1,0.19897007056545224,-0.6599244038860635
1,-0.2596373105057559,-0.6599244038860635
1,-0.9103892257334429,-0.6599244038860635
1,-1.1485077374235928,-0.6599244038860635
1,-0.35485510797268915,-0.6599244038860635
1,-1.4661258704181988,-0.6599244038860635
1,-1.3010299956639813,-0.6599244038860635
1,-0.48314724113633556,-0.6599244038860635
1,-1.1620186307939715,-0.6599244038860635
1,-0.6401500409361018,-0.6599244038860635
1,-1.2983898994977725,-0.6599244038860635
1,-1.1856365769619117,-0.6599244038860635
1,-1.8899478139300738,-0.6599244038860635
1,-0.8129133566428557,-0.6599244038860635
1,-0.09691001300805624,-0.6599244038860635
1,0.5647297887733558,-0.6599244038860635
1,0.0,-0.6599244038860635
1,-0.3332146790353825,-0.6599244038860635
1,-2.716484251913524,-0.6599244038860635
1,-2.4609505675935557,-0.6599244038860635
1,-2.7126497016272113,-0.6599244038860635
1,-1.2912701583748243,-0.6599244038860635
1,1.0969100130080562,-0.6599244038860635
1,0.7781512503836439,-0.6599244038860635
1,0.7990851572192872,-0.6599244038860635
1,-0.6659697442330934,-0.6599244038860635
1,-0.5228787452803374,-0.6599244038860635
1,-1.4259687322722812,-0.6599244038860635
1,0.38021124171160636,-0.6599244038860635
1,-0.9551876555836376,-0.6599244038860635
1,-1.4722687519252506,-0.6599244038860635
1,-1.173186268412274,-0.6599244038860635
1,-2.3979400086720375,-0.6599244038860635
1,-1.0,-0.6599244038860635
1,0.8440132975922667,-0.6599244038860635
1,-1.2787536009528289,-0.6599244038860635
1,0.0,-0.6599244038860635
1,-1.4183012913197448,-0.6599244038860635
1,1.6640579802891544,-0.6599244038860635
1,-0.795880017344075,-0.6599244038860635
1,-0.4375301220789325,-0.6599244038860635
1,-0.9652378937407882,-0.6599244038860635
1,-1.0289636959353174,-0.6599244038860635
1,0.018173968928587136,-0.6599244038860635
1,0.11394335230683694,-0.6599244038860635
1,-1.0211892990699383,-0.6599244038860635
1,0.0,-0.6599244038860635
1,0.14242629585250466,-0.6599244038860635
1,0.26259486787588227,-0.6599244038860635
1,0.3783527524716668,-0.6599244038860635
1,0.6872316010647745,-0.6599244038860635
1,0.8829098516346567,-0.6599244038860635
1,0.7218806438005094,-0.6599244038860635
1,-0.028456562779072492,-0.6599244038860635
1,0.6266567538842605,-0.6599244038860635
1,0.6182848926385986,-0.6599244038860635
1,0.7937903846908192,-0.6599244038860635
1,-2.0211892990699383,-0.6599244038860635
1,1.322592881408056,-0.6599244038860635
1,1.2195039221899133,-0.6599244038860635
1,0.4610493196492511,-0.6599244038860635
1,0.8540339842758531,-0.6599244038860635
1,0.8214045648353983,-0.6599244038860635
1,-0.7950520009218449,-0.6599244038860635
1,-0.6560418037942082,-0.6599244038860635
1,-0.43911207178746725,-0.6599244038860635
1,-0.645094623553164,-0.6599244038860635
1,-0.5274263730310587,-0.6599244038860635
1,-0.5541035366673484,-0.6599244038860635
1,-0.23512958465826372,-0.6599244038860635
1,-1.3654879848908994,-0.6599244038860635
1,-1.5972074885335505,-0.6599244038860635
1,-1.370665923805375,-0.6599244038860635
1,0.8057955484803827,-0.6599244038860635
1,-0.9057300831581516,-0.6599244038860635
1,0.8810742471742232,-0.6599244038860635
1,1.2583218442658497,-0.6599244038860635
1,0.34679030058945237,-0.6599244038860635
1,-1.5461312049140492,-0.6599244038860635
1,-1.3556430502208698,-0.6599244038860635
1,-1.338818556553381,-0.6599244038860635
1,0.040129405552248976,-0.6599244038860635
1,0.2258937820265059,-0.6599244038860635
1,-0.6566307997724685,-0.6599244038860635
1,-0.6163004304425721,-0.6599244038860635
1,-0.8803900968967664,-0.6599244038860635
1,-0.4637572931616809,-0.6599244038860635
1,-0.9330532103693869,-0.6599244038860635
1,0.06915095647733605,-0.6599244038860635
1,-0.9999999999999991,-0.6599244038860635
1,-0.8450980400142569,-0.6599244038860635
1,-0.5873367345072564,-0.6599244038860635
1,-0.797586464381328,-0.6599244038860635
1,-0.5606673061697371,-0.6599244038860635
1,-0.460730838531493,-0.6599244038860635
1,-1.0,-0.6599244038860635
1,-1.0,-0.6599244038860635
1,-0.8372727025023003,-0.6599244038860635
1,-0.7136932611567257,-0.6599244038860635
1,-1.2632414347745815,-0.6599244038860635
1,-0.7781512503836439,-0.6599244038860635
1,-0.5259698222574789,-0.6599244038860635
1,-0.4327021149312493,-0.6599244038860635
1,0.0,-0.6599244038860635
1,-0.42276359239706984,-0.6599244038860635
1,-0.7178553484963919,-0.6599244038860635
1,-0.7844001996606451,-0.6599244038860635
1,-1.08795517035513,-0.6599244038860635
1,-0.2263963773670774,-0.6599244038860635
1,-1.7639268959519816,-0.6599244038860635
1,0.0,-0.6599244038860635
1,-0.7403626894942441,-0.6599244038860635
1,-0.7403626894942441,-0.6599244038860635
1,0.0,-0.6599244038860635
1,-1.0,-0.6599244038860635
1,0.5228787452803374,-0.6599244038860635
1,0.6020599913279625,-0.6599244038860635
1,0.30102999566398125,-0.6599244038860635
1,0.8129133566428557,-0.6599244038860635
1,0.6020599913279625,-0.6599244038860635
1,-1.3309932190414244,-0.6599244038860635
1,-1.1461280356782382,-0.6599244038860635
1,0.0,-0.6599244038860635
1,-0.30102999566398125,-0.6599244038860635
1,-0.4375301220789325,-0.6599244038860635
1,-0.4375301220789325,-0.6599244038860635
1,-0.10206004319610873,-0.6599244038860635
1,-0.3494856763830949,-0.6599244038860635
1,-0.3494856763830949,-0.6599244038860635
1,0.09455610761457933,-0.6599244038860635
1,-0.30102999566398125,-0.6599244038860635
1,0.0,-0.6599244038860635
1,0.03959044503700948,-0.6599244038860635
1,-0.2614392680716957,-0.6599244038860635
1,-0.19010599608076895,-0.6599244038860635
1,-0.15051493100552538,-0.6599244038860635
1,-0.19897007056545224,-0.6599244038860635
1,0.30102999566398125,-0.6599244038860635
1,0.0,-0.6599244038860635
1,0.0,-0.6599244038860635
1,0.30102999566398125,-0.6599244038860635
1,0.0,-0.6599244038860635
1,-0.4375301220789325,-0.6599244038860635
1,0.0,-0.6599244038860635
1,-0.3494856763830949,-0.6599244038860635
1,-0.7870157984620274,-0.6599244038860635
1,-0.4375301220789325,-0.6599244038860635
1,-0.4375301220789325,-0.6599244038860635
1,-0.4375301220789325,-0.6599244038860635
1,-0.4375301220789325,-0.6599244038860635
1,0.0,-0.6599244038860635
1,-0.23855876556918343,-0.6599244038860635
1,-0.3979400086720375,-0.6599244038860635
1,-0.23855876556918343,-0.6599244038860635
1,-0.4375301220789325,-0.6599244038860635
1,-0.4375301220789325,-0.6599244038860635
1,-0.23856180154675855,-0.6599244038860635
1,-0.19896832053217395,-0.6599244038860635
1,-0.23856180154675855,-0.6599244038860635
1,-0.23855876556918343,-0.6599244038860635
1,0.0,-0.6599244038860635
1,0.23855876556918343,-0.6599244038860635
1,-0.03959044503700948,-0.6599244038860635
1,0.0,-0.6599244038860635
1,0.03959044503700948,-0.6599244038860635
1,-0.7870157984620274,-0.6599244038860635
1,0.0,-0.6599244038860635
1,-0.4375301220789325,-0.6599244038860635
1,0.0,-0.6599244038860635
1,-0.4375301220789325,-0.6599244038860635
1,0.0,-0.6599244038860635
1,-0.8129133566428557,-0.6599244038860635
1,-1.3657553253006363,-0.6599244038860635
1,-0.5226852525251191,-0.6599244038860635
1,-1.3384989773683804,-0.6599244038860635
1,-0.8361431973613307,-0.6599244038860635
1,-1.5357159699855094,-0.6599244038860635
1,-1.3909351071033793,-0.6599244038860635
1,-1.672097857935717,-0.6599244038860635
1,-1.4259687322722812,-0.6599244038860635
1,-1.5622928644564746,-0.6599244038860635
1,-1.3521825181113627,-0.6599244038860635
1,-1.4471580313422194,-0.6599244038860635
1,-1.1760912590556813,-0.6599244038860635
1,-1.568201724066995,-0.6599244038860635
1,-1.4771212547196626,-0.6599244038860635
1,-1.3979400086720375,-0.6599244038860635
1,-1.3010299956639813,-0.6599244038860635
1,-1.3010299956639813,-0.6599244038860635
1,-1.8388490907372548,-0.6599244038860635
1,-1.2111205412580492,-0.6599244038860635
1,-1.1760912590556813,-0.6599244038860635
1,-0.6989700043360187,-0.6599244038860635
1,-0.9030899869919438,-0.6599244038860635
1,-0.8900183566879223,-0.6599244038860635
1,-1.1760912590556813,-0.6599244038860635
1,-1.6627578316815743,-0.6599244038860635
1,-0.6671781699121677,-0.6599244038860635
1,-1.0158385806858368,-0.6599244038860635
1,-1.4522976709946303,-0.6599244038860635
1,-1.0622428241313449,-0.6599244038860635
1,-1.1949766032160545,-0.6599244038860635
1,-1.134905331569489,-0.6599244038860635
1,-1.0949755132308567,-0.6599244038860635
1,-0.989004615698537,-0.6599244038860635
1,-1.1638846858194372,-0.6599244038860635
1,-0.9330532103693869,-0.6599244038860635
1,-0.5228787452803374,-0.6599244038860635
1,-0.5228787452803374,-0.6599244038860635
1,-1.1303337684950057,-0.6599244038860635
1,-0.5965237907934897,-0.6599244038860635
1,-0.695648424229586,-0.6599244038860635
1,-0.5257019046167164,-0.6599244038860635
1,-1.3771951260533504,-0.6599244038860635
1,-1.2359750178074123,-0.6599244038860635
1,-1.3910767959981944,-0.6599244038860635
1,-0.6877932180512554,-0.6599244038860635
1,-1.358927418111449,-0.6599244038860635
1,-1.6989700043360187,-0.6599244038860635
1,-1.6627578316815743,-0.6599244038860635
1,-1.9542425094393252,-0.6599244038860635
1,-1.3090976174120144,-0.6599244038860635
1,-1.653212513775344,-0.6599244038860635
1,-1.6020599913279625,-0.6599244038860635
1,-1.6074550232146683,-0.6599244038860635
1,-1.5440680443502757,-0.6599244038860635
1,-1.5228787452803374,-0.6599244038860635
1,-1.0815099083662076,-0.6599244038860635
1,-1.2900346113625174,-0.6599244038860635
1,-1.539912084579118,-0.6599244038860635
1,-1.5515855244155112,-0.6599244038860635
1,0.5105950532510466,-0.6599244038860635
1,0.6064247967304128,-0.6599244038860635
1,0.2116562489144309,-0.6599244038860635
1,0.6865217347376262,-0.6599244038860635
1,0.17649941383186984,-0.6599244038860635
1,-0.25484431233319516,-0.6599244038860635
1,0.19066286227392482,-0.6599244038860635
1,0.20727086333488298,-0.6599244038860635
1,0.0,-0.6599244038860635
1,0.5372837771665315,-0.6599244038860635
1,0.47938547812176413,-0.6599244038860635
1,0.3979400086720375,-0.6599244038860635
1,-0.4375301220789325,-0.6599244038860635
1,-0.7781512503836439,-0.6599244038860635
1,-0.09691001300805624,-0.6599244038860635
1,0.0,-0.6599244038860635
1,0.0,-0.6599244038860635
1,0.0,-0.6599244038860635
1,-0.4375301220789325,-0.6599244038860635
1,0.0,-0.6599244038860635
1,-0.24144430567973707,-0.6599244038860635
1,-0.5213655225580975,-0.6599244038860635
1,-0.6876152534588957,-0.6599244038860635
1,0.311867744492071,-0.6599244038860635
1,0.09309638912348284,-0.6599244038860635
1,1.0400659671353036,-0.6599244038860635
1,0.473228566892149,-0.6599244038860635
1,0.7913446290509967,-0.6599244038860635
1,0.5511585763075146,-0.6599244038860635
1,0.9447233451859223,-0.6599244038860635
1,-1.5740312677277188,-0.6599244038860635
1,0.07368983682500208,-0.6599244038860635
1,-0.6989700043360187,-0.6599244038860635
1,-0.8450980400142569,-0.6599244038860635
1,-1.018885344160374,-0.6599244038860635
1,-0.6020599913279625,-0.6599244038860635
1,-1.8195439355418692,-0.6599244038860635
1,-0.4586378490256493,-0.6599244038860635
1,-1.1362197470179893,-0.6599244038860635
1,-0.7367585652254185,-0.6599244038860635
1,-0.8616973018337184,-0.6599244038860635
1,-0.9330532103693869,-0.6599244038860635
1,-0.14612803567823818,-0.6599244038860635
1,0.0,-0.6599244038860635
1,0.24864192620429204,-0.6599244038860635
1,-0.14612803567823818,-0.6599244038860635
1,0.15490195998574308,-0.6599244038860635
1,0.24303804868629442,-0.6599244038860635
1,0.06694678963061307,-0.6599244038860635
1,-0.7481880270062007,-0.6599244038860635
1,-0.2009647680475215,-0.6599244038860635
1,-0.2491553011056098,-0.6599244038860635
1,-0.7080611817826883,-0.6599244038860635
1,-0.27303720999868375,-0.6599244038860635
1,-0.25731535616566603,-0.6599244038860635
1,-0.1389494510511149,-0.6599244038860635
1,-0.7013112201509211,-0.6599244038860635
1,-0.8573324964312681,-0.6599244038860635
1,-1.2388820889151368,-0.6599244038860635
1,-0.6378332609820365,-0.6599244038860635
1,-0.4771212547196626,-0.6599244038860635
1,-0.36468480362316846,-0.6599244038860635
1,-0.5118833609788744,-0.6599244038860635
1,0.09691001300805624,-0.6599244038860635
1,-1.0319478169996161,-0.6599244038860635
1,-1.1062836390828732,-0.6599244038860635
1,-0.5898255349109505,-0.6599244038860635
1,-1.3802112417116064,-0.6599244038860635
1,-1.4661258704181988,-0.6599244038860635
1,-1.6312182200691758,-0.6599244038860635
1,-0.865301426102544,-0.6599244038860635
1,-2.035429738184548,-0.6599244038860635
1,-1.7874342339527498,-0.6599244038860635
1,-1.4149733479708173,-0.6599244038860635
1,-0.9030899869919438,-0.6599244038860635
1,-0.6989700043360187,-0.6599244038860635
1,-1.6967930850817439,-0.6599244038860635
1,-2.0863598306747484,-0.6599244038860635
1,-1.3802112417116064,-0.6599244038860635
1,-1.2430380486862944,-0.6599244038860635
1,-1.113943352306837,-0.6599244038860635
1,-1.491361693834273,-0.6599244038860635
1,-1.8633228601204568,-0.6599244038860635
1,-1.436692597664054,-0.6599244038860635
1,-1.4842998393467859,-0.6599244038860635
1,-0.8239087409443187,-0.6599244038860635
1,0.32330639037513365,-0.6599244038860635
1,-1.6842467475153127,-0.6599244038860635
1,-1.518513939877888,-0.6599244038860635
1,-1.4022613824546797,-0.6599244038860635
1,-0.30102999566398125,-0.6599244038860635
1,-1.2524246622304798,-0.6599244038860635
1,-1.8559109092964743,-0.6599244038860635
1,-1.346787486224656,-0.6599244038860635
1,-1.1798514079289877,-0.6599244038860635
1,-2.7283537820212285,-0.6599244038860635
1,-1.1222158782728258,-0.6599244038860635
1,-1.0,-0.6599244038860635
1,0.720159303405957,-0.6599244038860635
1,-1.1505139038522927,-0.6599244038860635
1,-0.4181433947603246,-0.6599244038860635
1,-0.35654732351381213,-0.6599244038860635
1,-1.1583624920952502,-0.6599244038860635
1,-0.48148606012211204,-0.6599244038860635
1,-0.7314992291629387,-0.6599244038860635
1,-0.3309932190414244,-0.6599244038860635
1,-1.0413926851582254,-0.6599244038860635
1,-1.1613680022349744,-0.6599244038860635
1,-1.1563472008599236,-0.6599244038860635
1,-1.2388820889151368,-0.6599244038860635
1,-0.4771212547196617,-0.6599244038860635
1,-1.1083394747888384,-0.6599244038860635
1,-1.3010299956639813,-0.6599244038860635
1,-0.8450980400142569,-0.6599244038860635
1,-0.8293037728310244,-0.6599244038860635
1,-0.8908555305749317,-0.6599244038860635
1,-0.39750477113913085,-0.6599244038860635
1,-0.3606839977965217,-0.6599244038860635
1,-1.3263358609287517,-0.6599244038860635
1,-1.0731070983354316,-0.6599244038860635
1,-0.7752578720474039,-0.6599244038860635
1,-1.0421661394711244,-0.6599244038860635
1,-1.0636690798693778,-0.6599244038860635
1,-0.9420080530223132,-0.6599244038860635
1,-1.0543576623225928,-0.6599244038860635
1,-0.985276743179293,-0.6599244038860635
1,-1.4216039268698313,-0.6599244038860635
1,-1.019595556063381,-0.6599244038860635
1,-0.8860566476931631,-0.6599244038860635
1,-1.0,-0.6599244038860635
1,-0.6989700043360187,-0.6599244038860635
1,-1.079181246047625,-0.6599244038860635
1,-0.9294189257142929,-0.6599244038860635
1,-0.8450980400142569,-0.6599244038860635
1,-0.8538719643217618,-0.6599244038860635
1,-0.6020599913279625,-0.6599244038860635
1,-0.5362427068383191,-0.6599244038860635
1,-0.693574972449313,-0.6599244038860635
1,-0.6846075113226178,-0.6599244038860635
1,-0.8129133566428557,-0.6599244038860635
1,-0.9951474972055872,-0.6599244038860635
1,-0.6020599913279625,-0.6599244038860635
1,-0.5440680443502757,-0.6599244038860635
1,-0.5228787452803374,-0.6599244038860635
1,-0.7132104434506292,-0.6599244038860635
1,-1.0,-0.6599244038860635
1,-0.6510464520188357,-0.6599244038860635
1,-0.5563025007672877,-0.6599244038860635
1,-1.1047353505200128,-0.6599244038860635
1,-1.3273589343863303,-0.6599244038860635
1,-0.3933442569828882,-0.6599244038860635
1,-0.811888600118249,-0.6599244038860635
1,-0.33308817372373056,-0.6599244038860635
1,0.05115252244738144,-0.6599244038860635
1,-0.2510560207021424,-0.6599244038860635
1,-1.359624710929828,-0.6599244038860635
1,-0.5537553117534078,-0.6599244038860635
1,-0.055047566330905795,-0.6599244038860635
1,-0.18987954354131453,-0.6599244038860635
1,-0.7569619513137056,-0.6599244038860635
1,-0.5713911715615101,-0.6599244038860635
1,0.0,-0.6599244038860635
1,0.0,-0.6599244038860635
1,-0.2308574535331438,-0.6599244038860635
1,-0.4581545730397769,-0.6599244038860635
1,-0.44909253111941894,-0.6599244038860635
1,-0.4503280781317258,-0.6599244038860635
1,-0.7533276666586115,-0.6599244038860635
1,-0.9829666607012193,-0.6599244038860635
1,-0.40565926106331407,-0.6599244038860635
1,-0.5666433341055059,-0.6599244038860635
1,-0.9065783148377653,-0.6599244038860635
1,-0.8846065812979305,-0.6599244038860635
1,-0.9016202919111684,-0.6599244038860635
1,-0.4436974992327123,-0.6599244038860635
1,-1.845098040014257,-0.6599244038860635
1,-1.4259687322722812,-0.6599244038860635
1,-1.6232492903979008,-0.6599244038860635
1,-1.260912772455999,-0.6599244038860635
1,-1.3881801713828814,-0.6599244038860635
1,-1.0,-0.6599244038860635
1,-1.7085153222422491,-0.6599244038860635
1,-1.4393326938302629,-0.6599244038860635
1,-1.5250448070368456,-0.6599244038860635
1,-0.8129133566428557,-0.6599244038860635
1,-0.5228787452803374,-0.6599244038860635
1,-0.8239087409443187,-0.6599244038860635
1,-0.9164539485499255,-0.6599244038860635
1,-1.4771212547196626,-0.6599244038860635
1,-2.431363764158987,-0.6599244038860635
1,-1.3521825181113627,-0.6599244038860635
1,-1.3710678622717358,-0.6599244038860635
1,-1.236572006437063,-0.6599244038860635
1,-1.6320232147054057,-0.6599244038860635
1,-1.3541084391474012,-0.6599244038860635
1,-0.6283889300503116,-0.6599244038860635
1,-0.9637878273455556,-0.6599244038860635
1,-1.066946789630613,-0.6599244038860635
1,-0.8239087409443187,-0.6599244038860635
1,-1.1760912590556813,-0.6599244038860635
1,-0.9315426193441478,-0.6599244038860635
1,-1.0,-0.6599244038860635
1,-0.5477023290053697,-0.6599244038860635
1,-0.8866431359415152,-0.6599244038860635
1,-1.1290946963794575,-0.6599244038860635
1,-1.335792101923193,-0.6599244038860635
1,-0.4637572931616809,-0.6599244038860635
1,-0.7825160557860933,-0.6599244038860635
1,-0.9628581919954335,-0.6599244038860635
1,-1.0408362539714062,-0.6599244038860635
1,-0.981114655839626,-0.6599244038860635
1,-0.8402991571324883,-0.6599244038860635
1,-0.635300924466641,-0.6599244038860635
1,-0.5642714304385628,-0.6599244038860635
1,-0.9030899869919438,-0.6599244038860635
1,0.1249387366082999,-0.6599244038860635
1,0.5440680443502757,-0.6599244038860635
1,0.9777236052888476,-0.6599244038860635
1,-0.6110148339808887,-0.6599244038860635
1,-0.045757490560674796,-0.6599244038860635
1,0.6255410871774849,-0.6599244038860635
1,-0.7781512503836439,-0.6599244038860635
1,-0.20383146568774357,-0.6599244038860635
1,0.8129133566428557,-0.6599244038860635
1,-0.5982335834749097,-0.6599244038860635
1,-0.6412604028977409,-0.6599244038860635
1,-0.6417073513700187,-0.6599244038860635
1,-0.901677645968685,-0.6599244038860635
1,-0.44819083677998695,-0.6599244038860635
1,0.0,-0.6599244038860635
1,-0.5426228034760943,-0.6599244038860635
1,-0.8239087409443187,-0.6599244038860635
1,-0.15490195998574308,-0.6599244038860635
1,-0.15490195998574308,-0.6599244038860635
1,-0.15490195998574308,-0.6599244038860635
1,0.0,-0.6599244038860635
1,0.0,-0.6599244038860635
1,0.6020599913279625,-0.6599244038860635
1,1.1461280356782382,-0.6599244038860635
1,1.0,-0.6599244038860635
1,1.230448921378274,-0.6599244038860635
1,0.15490195998574308,-0.6599244038860635
1,-1.1597008428675117,-0.6599244038860635
1,-0.5850266520291818,-0.6599244038860635
1,-0.7634279935629378,-0.6599244038860635
1,-0.2855178294857339,-0.6599244038860635
1,-0.7861201800549189,-0.6599244038860635
1,0.8691397431914831,-0.6599244038860635
1,0.45593195564972433,-0.6599244038860635
1,0.6093592300694626,-0.6599244038860635
1,1.3583474489749054,-0.6599244038860635
1,0.30102999566398125,-0.6599244038860635
1,-0.22184874961635614,-0.6599244038860635
1,-1.1069756794991905,-0.6599244038860635
1,0.0,-0.6599244038860635
1,0.0,-0.6599244038860635
1,0.7403626894942441,-0.6599244038860635
1,0.19604148601007143,-0.6599244038860635
1,0.15630065517830793,-0.6599244038860635
1,-0.924279286061882,-0.6599244038860635
1,-0.547321201747998,-0.6599244038860635
1,-0.28254658996996795,-0.6599244038860635
1,-0.7346855566025532,-0.6599244038860635
1,-1.0389180660303694,-0.6599244038860635
1,-0.7153604205241875,-0.6599244038860635
1,0.3157532524846882,-0.6599244038860635
1,-0.6575773191777934,-0.6599244038860635
1,-0.6713864827039302,-0.6599244038860635
1,-0.045322978786657586,-0.6599244038860635
1,-0.8834944309285628,-0.6599244038860635
1,-0.939704098112748,-0.6599244038860635
1,-0.9999999999999991,-0.6599244038860635
1,-1.0969100130080562,-0.6599244038860635
1,-1.0,-0.6599244038860635
1,-1.1072099696478688,-0.6599244038860635
1,-1.3979400086720375,-0.6599244038860635
1,-0.9444826721501691,-0.6599244038860635
1,-0.7832908900360547,-0.6599244038860635
1,-0.6225816584725639,-0.6599244038860635
1,-0.9736710612776509,-0.6599244038860635
1,-1.2277980821295582,-0.6599244038860635
1,-1.0,-0.6599244038860635
1,-0.5740312677277188,-0.6599244038860635
1,-0.5026753591920503,-0.6599244038860635
1,-0.645094623553164,-0.6599244038860635
1,-0.8239087409443187,-0.6599244038860635
1,-1.2405492482825995,-0.6599244038860635
1,-1.5740312677277188,-0.6599244038860635
1,-1.0071785846271233,-0.6599244038860635
1,-1.310370021918124,-0.6599244038860635
1,-0.8993298381186365,-0.6599244038860635
1,-0.5740312677277188,-0.6599244038860635
1,-0.045757490560674796,-0.6599244038860635
1,-1.5136380885454246,-0.6599244038860635
1,-0.8952646494799872,-0.6599244038860635
1,-0.8538719643217618,-0.6599244038860635
1,-0.3679767852945943,-0.6599244038860635
1,-0.7942380702770997,-0.6599244038860635
1,-1.4934237659420617,-0.6599244038860635
1,-0.9863561193334531,-0.6599244038860635
1,-0.6989700043360187,-0.6599244038860635
1,-0.3665315444204129,-0.6599244038860635
2,-1.4427036899159686,-0.6594192671157902
2,0.10789175076418633,-0.6594192671157902
2,-0.5228787452803365,-0.6594192671157902
2,-0.21664755593054874,-0.6594192671157902
2,-0.03535825526414893,-0.6594192671157902
2,0.0,-0.6594192671157902
2,-0.9208187539523749,-0.6594192671157902
2,-1.5440680443502757,-0.6594192671157902
2,-0.4910247010432185,-0.6594192671157902
2,-0.40461782558408554,-0.6594192671157902
2,-1.6798987495000786,-0.6594192671157902
2,-0.9617354999047176,-0.6594192671157902
2,-0.8976270912904418,-0.6594192671157902
2,-0.18316170956143552,-0.6594192671157902
2,-1.2621119296336119,-0.6594192671157902
2,-1.653212513775344,-0.6594192671157902
2,-0.3347131088665538,-0.6594192671157902
2,0.0,-0.6594192671157902
2,-1.4471580313422194,-0.6594192671157902
2,-1.437750562820388,-0.6594192671157902
2,-0.8872957198087112,-0.6594192671157902
2,-2.6368220975871743,-0.6594192671157902
2,-0.38021124171160636,-0.6594192671157902
2,-1.7737864449811935,-0.6594192671157902
2,-1.6180480967120925,-0.6594192671157902
2,-1.0736319451536467,-0.6594192671157902
2,-1.7363965022766426,-0.6594192671157902
2,-1.375010048025798,-0.6594192671157902
2,-0.5528419686577806,-0.6594192671157902
2,-0.8136895757626332,-0.6594192671157902
2,-0.2657020333222384,-0.6594192671157902
2,-0.08430583072525177,-0.6594192671157902
2,-1.7596678446896306,-0.6594192671157902
2,-2.113943352306837,-0.6594192671157902
2,-1.5440680443502757,-0.6594192671157902
2,-0.8864907251724823,-0.6594192671157902
2,-1.4819201376014313,-0.6594192671157902
2,-0.23699208818695627,-0.6594192671157902
2,-0.5708022975975204,-0.6594192671157902
2,-0.8750612633917001,-0.6594192671157902
2,-0.659999612833376,-0.6594192671157902
2,-0.5963076624388712,-0.6594192671157902
2,-1.066946789630613,-0.6594192671157902
2,-0.8527848686805477,-0.6594192671157902
2,1.2109864416088412,-0.6594192671157902
2,-1.1718893446279113,-0.6594192671157902
2,-1.518513939877888,-0.6594192671157902
2,-1.4771212547196626,-0.6594192671157902
2,-0.5440680443502757,-0.6594192671157902
2,-1.0,-0.6594192671157902
2,-0.5740312677277188,-0.6594192671157902
2,-2.0,-0.6594192671157902
2,-1.3802112417116064,-0.6594192671157902
2,-1.0,-0.6594192671157902
2,-1.1461280356782382,-0.6594192671157902
2,-1.5740312677277188,-0.6594192671157902
2,-1.1026623418971475,-0.6594192671157902
2,-0.3284682440109208,-0.6594192671157902
2,-0.22577904324478837,-0.6594192671157902
2,-0.3319791320230756,-0.6594192671157902
2,0.03591255589064524,-0.6594192671157902
2,-0.4913616938342731,-0.6594192671157902
2,0.0735773685296266,-0.6594192671157902
2,-0.2184951076087689,-0.6594192671157902
2,-1.0710633558254443,-0.6594192671157902
2,-0.8129133566428557,-0.6594192671157902
2,-0.7372752749614495,-0.6594192671157902
2,-1.507995452753926,-0.6594192671157902
2,-1.2185894886765967,-0.6594192671157902
2,-0.10266234189714751,-0.6594192671157902
2,-0.48265374331962363,-0.6594192671157902
2,-0.8306421236032868,-0.6594192671157902
2,-1.1702617153949575,-0.6594192671157902
2,-1.1939099072010784,-0.6594192671157902
2,-0.21805576059921705,-0.6594192671157902
2,-0.5228787452803374,-0.6594192671157902
2,-1.7454094219943261,-0.6594192671157902
2,-0.3829585148536534,-0.6594192671157902
2,-0.19944917794067507,-0.6594192671157902
2,-0.08715017571890016,-0.6594192671157902
2,-0.30102999566398125,-0.6594192671157902
2,-0.23408320603336819,-0.6594192671157902
2,-1.1303337684950066,-0.6594192671157902
2,-1.1793876276849105,-0.6594192671157902
2,-0.850485635415283,-0.6594192671157902
2,-0.28960053388319906,-0.6594192671157902
2,1.3652309733119132,-0.6594192671157902
2,-0.5026753591920503,-0.6594192671157902
2,-0.4452956408039386,-0.6594192671157902
2,-1.4511855206252626,-0.6594192671157902
2,-1.2582780152430315,-0.6594192671157902
2,-0.7781512503836439,-0.6594192671157902
2,-0.44863271690822515,-0.6594192671157902
2,-1.8409420802430994,-0.6594192671157902
2,-1.3278231722519171,-0.6594192671157902
2,0.1626059156547921,-0.6594192671157902
2,-1.328787200354535,-0.6594192671157902
2,-1.232996110392154,-0.6594192671157902
2,-1.094861450332787,-0.6594192671157902
2,-1.0595160859321835,-0.6594192671157902
2,-0.8450980400142569,-0.6594192671157902
2,-1.117540014535269,-0.6594192671157902
2,-0.6944924064814408,-0.6594192671157902
2,-0.3590219426416681,-0.6594192671157902
2,-0.05018506000905987,-0.6594192671157902
2,-0.04390548569908148,-0.6594192671157902
2,-0.6937057643436617,-0.6594192671157902
2,-0.18580723466839366,-0.6594192671157902
2,-1.5314789170422554,-0.6594192671157902
2,-0.47944991703824513,-0.6594192671157902
2,-1.4454312120417132,-0.6594192671157902
2,-1.5878712508601485,-0.6594192671157902
2,-0.8299828886565122,-0.6594192671157902
2,0.01888534416037313,-0.6594192671157902
2,-0.7338535745820112,-0.6594192671157902
2,0.0,-0.6594192671157902
2,0.0,-0.6594192671157902
2,-0.3979400086720375,-0.6594192671157902
2,0.17609125905568135,-0.6594192671157902
2,0.03141136394152788,-0.6594192671157902
2,-0.08037687545407124,-0.6594192671157902
2,-0.3609091278607206,-0.6594192671157902
2,0.0,-0.6594192671157902
2,0.0,-0.6594192671157902
2,0.0,-0.6594192671157902
2,-1.0814373263518489,-0.6594192671157902
2,-1.351646020844985,-0.6594192671157902
2,-1.1136577261986105,-0.6594192671157902
2,-1.0,-0.6594192671157902
2,-0.21085336531489318,-0.6594192671157902
2,-0.5118833609788744,-0.6594192671157902
2,-0.10408859763517953,-0.6594192671157902
2,-2.2730012720637376,-0.6594192671157902
2,-0.5313708073918022,-0.6594192671157902
2,-0.5425565664822658,-0.6594192671157902
2,-0.755089512814898,-0.6594192671157902
2,-0.6257224714138969,-0.6594192671157902
2,-0.501929586930868,-0.6594192671157902
2,-0.17609125905568135,-0.6594192671157902
2,-0.38021124171160636,-0.6594192671157902
2,-0.5708022975975204,-0.6594192671157902
2,-0.5118833609788744,-0.6594192671157902
2,0.07918124604762511,-0.6594192671157902
2,-1.3010299956639813,-0.6594192671157902
2,-1.6334684555795862,-0.6594192671157902
2,-0.5782790584341573,-0.6594192671157902
2,-1.1760912590556813,-0.6594192671157902
2,-1.0731070983354316,-0.6594192671157902
2,-1.2272437815030628,-0.6594192671157902
2,-1.41161970596323,-0.6594192671157902
2,-1.391492252121295,-0.6594192671157902
2,-0.5416500036495355,-0.6594192671157902
2,-0.5619427681199793,-0.6594192671157902
2,-0.675904700267326,-0.6594192671157902
2,-0.7102510147457082,-0.6594192671157902
2,-1.3679767852945943,-0.6594192671157902
2,-0.35843146738836396,-0.6594192671157902
2,-1.5314789170422554,-0.6594192671157902
2,-0.8890752499668562,-0.6594192671157902
2,-2.153814864344529,-0.6594192671157902
2,-1.9030899869919438,-0.6594192671157902
2,-1.8481891169913984,-0.6594192671157902
2,-1.6989700043360187,-0.6594192671157902
2,-0.7324616236377643,-0.6594192671157902
2,-0.31162627680464805,-0.6594192671157902
2,-0.9156106297958564,-0.6594192671157902
2,-0.5051499783199063,-0.6594192671157902
2,0.11554450392951221,-0.6594192671157902
2,-0.7367585652254185,-0.6594192671157902
2,-0.8450980400142569,-0.6594192671157902
2,-1.2552725051033065,-0.6594192671157902
2,-0.5149098156090615,-0.6594192671157902
2,-0.5440680443502757,-0.6594192671157902
2,-0.6020599913279625,-0.6594192671157902
2,-1.2972035878109285,-0.6594192671157902
2,-1.5903680640032443,-0.6594192671157902
2,-0.17350176664279715,-0.6594192671157902
2,-0.32561926889943305,-0.6594192671157902
2,-0.6368220975871743,-0.6594192671157902
2,-0.272463507476008,-0.6594192671157902
2,-0.770033360161464,-0.6594192671157902
2,-0.36079820066747104,-0.6594192671157902
2,-0.3424226808222066,-0.6594192671157902
2,0.0,-0.6594192671157902
2,0.0,-0.6594192671157902
2,0.0,-0.6594192671157902
2,0.0,-0.6594192671157902
2,0.0,-0.6594192671157902
2,-1.15876443056161,-0.6594192671157902
2,-0.3702936524708784,-0.6594192671157902
2,-0.8824086941583156,-0.6594192671157902
2,-0.34544913545239364,-0.6594192671157902
2,-0.29329754543329045,-0.6594192671157902
2,-0.4375301220789325,-0.6594192671157902
2,-0.1934653551251042,-0.6594192671157902
2,-0.4375301220789325,-0.6594192671157902
2,-0.7065894012062106,-0.6594192671157902
2,-0.2466723333413885,-0.6594192671157902
2,-0.7186183397009049,-0.6594192671157902
2,-0.7204638221623183,-0.6594192671157902
2,-0.4577730894245233,-0.6594192671157902
2,-0.7422037031960453,-0.6594192671157902
2,-0.7057484281664701,-0.6594192671157902
2,-1.3010299956639813,-0.6594192671157902
2,-0.4456109417972778,-0.6594192671157902
2,0.0,-0.6594192671157902
2,-0.11703400894496152,-0.6594192671157902
2,-0.2883405423673189,-0.6594192671157902
2,-0.4871254758326682,-0.6594192671157902
2,-1.740362689494244,-0.6594192671157902
2,-0.8524917235584466,-0.6594192671157902
2,-0.2549735016899879,-0.6594192671157902
2,-0.27754889981445885,-0.6594192671157902
2,0.0,-0.6594192671157902
2,-1.1668506023207685,-0.6594192671157902
2,-0.7359999720510526,-0.6594192671157902
2,0.0,-0.6594192671157902
2,0.0,-0.6594192671157902
2,0.0,-0.6594192671157902
2,0.0,-0.6594192671157902
2,0.0,-0.6594192671157902
2,0.7403626894942441,-0.6594192671157902
2,0.7403626894942441,-0.6594192671157902
2,-0.7767011839884104,-0.6594192671157902
2,0.30102999566398125,-0.6594192671157902
2,-0.5404030902638697,-0.6594192671157902
2,0.0,-0.6594192671157902
2,0.0,-0.6594192671157902
2,0.7569619513137056,-0.6594192671157902
2,1.204119982655925,-0.6594192671157902
2,-3.139879086401236,-0.6594192671157902
2,-0.8016323462331663,-0.6594192671157902
2,-0.6291470817969431,-0.6594192671157902
2,-1.3710678622717367,-0.6594192671157902
2,-1.2812859374682244,-0.6594192671157902
2,-1.7869251746911488,-0.6594192671157902
2,-2.5706402171769405,-0.6594192671157902
2,-2.5215995264411646,-0.6594192671157902
2,-2.2570131666796076,-0.6594192671157902
2,0.0,-0.6594192671157902
2,0.0,-0.6594192671157902
2,-0.15490195998574308,-0.6594192671157902
2,0.15192222629389285,-0.6594192671157902
2,0.08302429367597952,-0.6594192671157902
2,-0.7569619513137056,-0.6594192671157902
2,0.0,-0.6594192671157902
2,0.0,-0.6594192671157902
2,0.0,-0.6594192671157902
2,-0.49642640991504905,-0.6594192671157902
2,-1.3943358844032128,-0.6594192671157902
2,-2.6301659296998388,-0.6594192671157902
2,-1.7323937598229682,-0.6594192671157902
2,-2.214670164989233,-0.6594192671157902
2,-1.9587711686380604,-0.6594192671157902
2,0.0,-0.6594192671157902
2,-0.9436618101875993,-0.6594192671157902
2,-0.5046539251741384,-0.6594192671157902
2,-2.9084850188786495,-0.6594192671157902
2,-2.1818435879447726,-0.6594192671157902
2,-3.318442797181662,-0.6594192671157902
2,0.0,-0.6594192671157902
2,-0.6146922012690137,-0.6594192671157902
2,-1.4471580313422194,-0.6594192671157902
2,-0.6465051297683573,-0.6594192671157902
2,-0.8029748341086753,-0.6594192671157902
2,-0.653212513775344,-0.6594192671157902
2,-0.5760234477435038,-0.6594192671157902
2,-0.719768926317288,-0.6594192671157902
2,-0.5417640894407105,-0.6594192671157902
2,-0.795880017344075,-0.6594192671157902
2,-0.5970965717964116,-0.6594192671157902
2,-0.7634279935629369,-0.6594192671157902
2,-0.6863808770279984,-0.6594192671157902
2,-0.6232492903979008,-0.6594192671157902
2,-0.4245377771658321,-0.6594192671157902
2,-0.39503501802863017,-0.6594192671157902
2,-0.5604190669621198,-0.6594192671157902
2,-1.2773226458463798,-0.6594192671157902
2,0.37336178276668086,-0.6594192671157902
2,-2.716494349319551,-0.6594192671157902
2,0.0,-0.6594192671157902
2,-0.48840226512935203,-0.6594192671157902
2,-0.10914446942506828,-0.6594192671157902
2,-0.45593195564972433,-0.6594192671157902
2,-0.43365556093857194,-0.6594192671157902
2,1.8908555305749326,-0.6594192671157902
2,2.3424226808222066,-0.6594192671157902
2,-0.9708417712587858,-0.6594192671157902
2,-0.8695250628572273,-0.6594192671157902
2,-1.5923001540388055,-0.6594192671157902
2,1.8061799739838875,-0.6594192671157902
2,-0.4771212547196626,-0.6594192671157902
2,-0.4375301220789325,-0.6594192671157902
2,-0.4375301220789325,-0.6594192671157902
2,-0.8193729871114366,-0.6594192671157902
2,-0.31701810104811123,-0.6594192671157902
2,-0.11369943515248693,-0.6594192671157902
2,-0.8786653876605257,-0.6594192671157902
2,-1.0457574905606748,-0.6594192671157902
2,-0.9305282353388833,-0.6594192671157902
2,-0.9974225771121894,-0.6594192671157902
2,-0.4313637641589878,-0.6594192671157902
2,-0.5899954799265803,-0.6594192671157902
2,-0.349334675238536,-0.6594192671157902
2,-0.31214600056944164,-0.6594192671157902
2,-0.515325607389892,-0.6594192671157902
2,-0.4382031886892923,-0.6594192671157902
2,-0.3484546455921187,-0.6594192671157902
2,-0.30011665256835407,-0.6594192671157902
2,-1.287241711178348,-0.6594192671157902
2,-1.5563025007672868,-0.6594192671157902
2,-1.1026623418971475,-0.6594192671157902
2,-1.621365146523349,-0.6594192671157902
2,-1.3802112417116064,-0.6594192671157902
2,-1.5118833609788744,-0.6594192671157902
2,-1.3679767852945943,-0.6594192671157902
2,-1.2846758902054773,-0.6594192671157902
2,0.4871054756262634,-0.6594192671157902
2,0.4771212547196626,-0.6594192671157902
2,-0.4375301220789325,-0.6594192671157902
2,-0.4375301220789325,-0.6594192671157902
2,-1.1856365769619117,-0.6594192671157902
2,-0.6922366216770506,-0.6594192671157902
2,-1.2713436575250547,-0.6594192671157902
2,-1.431363764158987,-0.6594192671157902
2,-1.3950350180286302,-0.6594192671157902
2,-0.5818566052396754,-0.6594192671157902
2,-0.9208187539523749,-0.6594192671157902
2,-0.8782664032669114,-0.6594192671157902
2,-1.568201724066995,-0.6594192671157902
2,-0.7300042380759875,-0.6594192671157902
2,-1.3868809868172471,-0.6594192671157902
2,-1.5797835966168101,-0.6594192671157902
2,-1.0321846833714012,-0.6594192671157902
2,-1.463757293161681,-0.6594192671157902
2,-0.597243367296171,-0.6594192671157902
2,0.0,-0.6594192671157902
2,0.6020599913279625,-0.6594192671157902
2,0.0,-0.6594192671157902
2,-0.5913361259361896,-0.6594192671157902
2,-0.598653742636051,-0.6594192671157902
2,-0.7995866783816217,-0.6594192671157902
2,-1.0,-0.6594192671157902
2,0.0,-0.6594192671157902
2,0.0,-0.6594192671157902
2,-0.42801247478226756,-0.6594192671157902
2,-0.5440680443502757,-0.6594192671157902
2,-0.5094905478629839,-0.6594192671157902
2,-0.6959644941962937,-0.6594192671157902
2,-0.5081554884596313,-0.6594192671157902
2,-0.20411998265592501,-0.6594192671157902
2,-0.6251997948362256,-0.6594192671157902
2,-1.167106774763191,-0.6594192671157902
2,-0.5711834248548922,-0.6594192671157902
2,-0.7309097157265505,-0.6594192671157902
2,-0.650863700684476,-0.6594192671157902
2,-0.6132200665486636,-0.6594192671157902
2,-0.6174439308619508,-0.6594192671157902
2,-0.36153312878191635,-0.6594192671157902
2,-0.6756627653670817,-0.6594192671157902
2,-0.24303804868629442,-0.6594192671157902
2,-0.5127570174430911,-0.6594192671157902
2,-0.5264558821648508,-0.6594192671157902
2,-0.8325089127062357,-0.6594192671157902
2,-0.39541503364153385,-0.6594192671157902
2,-0.5434878245152701,-0.6594192671157902
2,-0.8253734792025922,-0.6594192671157902
2,-0.45842075605341925,-0.6594192671157902
2,-1.5314789170422554,-0.6594192671157902
2,-1.1303337684950057,-0.6594192671157902
2,-1.3679767852945943,-0.6594192671157902
2,-1.6007006960652372,-0.6594192671157902
2,-1.5759571887637573,-0.6594192671157902
2,-1.5935321959484972,-0.6594192671157902
2,-1.2218487496163561,-0.6594192671157902
2,-1.3424226808222066,-0.6594192671157902
2,-1.5372465248098468,-0.6594192671157902
2,-1.26884531229258,-0.6594192671157902
2,-1.4661258704181996,-0.6594192671157902
2,-1.3621130196188096,-0.6594192671157902
2,-1.1613680022349744,-0.6594192671157902
2,-1.4349235749252074,-0.6594192671157902
2,-1.306425027550687,-0.6594192671157902
2,-1.695481676490198,-0.6594192671157902
2,-1.3639699395101044,-0.6594192671157902
2,-1.5538830266438746,-0.6594192671157902
2,-1.64204033546293,-0.6594192671157902
2,-1.3400940185036232,-0.6594192671157902
2,-1.3324384599156058,-0.6594192671157902
2,-1.2229067147726909,-0.6594192671157902
2,-1.3273589343863303,-0.6594192671157902
2,-1.1792963989308927,-0.6594192671157902
2,-1.1072099696478688,-0.6594192671157902
2,-1.2385022948534123,-0.6594192671157902
2,-1.8377988012727569,-0.6594192671157902
2,-1.3338225090602887,-0.6594192671157902
2,-1.780557320149522,-0.6594192671157902
2,-1.5940523941160922,-0.6594192671157902
2,-1.5968360472043743,-0.6594192671157902
2,-1.5161145167474324,-0.6594192671157902
2,-1.8908555305749317,-0.6594192671157902
2,-2.3679767852945943,-0.6594192671157902
2,1.0785533136364274,-0.6594192671157902
2,1.3720933514894265,-0.6594192671157902
2,-1.332438459915605,-0.6594192671157902
2,-0.6989700043360187,-0.6594192671157902
2,-0.8616973018337184,-0.6594192671157902
2,-0.349334675238536,-0.6594192671157902
2,-1.1119737594439316,-0.6594192671157902
2,-0.5954962218255746,-0.6594192671157902
2,-0.638489256954637,-0.6594192671157902
2,-0.7318660629392069,-0.6594192671157902
2,-0.36558397217870375,-0.6594192671157902
2,-0.6885045706578534,-0.6594192671157902
2,-0.7318660629392069,-0.6594192671157902
2,-0.7989348563069356,-0.6594192671157902
2,-0.642065152999546,-0.6594192671157902
2,-0.6467919926709484,-0.6594192671157902
2,-0.7227616749930084,-0.6594192671157902
2,-0.7550859463149511,-0.6594192671157902
2,-0.5188198888034705,-0.6594192671157902
2,-0.7145377815626688,-0.6594192671157902
2,-0.5696832697124847,-0.6594192671157902
2,-0.25476426106413896,-0.6594192671157902
2,-0.30102999566398125,-0.6594192671157902
2,-1.3424226808222057,-0.6594192671157902
2,-0.2501630993248263,-0.6594192671157902
2,-0.2303092992964082,-0.6594192671157902
2,-1.7569619513137056,-0.6594192671157902
2,-1.259637310505756,-0.6594192671157902
2,-0.6989700043360187,-0.6594192671157902
2,-1.4149733479708182,-0.6594192671157902
2,0.08432088570003593,-0.6594192671157902
2,-0.4658402443099732,-0.6594192671157902
2,-0.653212513775344,-0.6594192671157902
2,-0.22052265856496334,-0.6594192671157902
2,-1.4948500216800937,-0.6594192671157902
2,-0.7781512503836439,-0.6594192671157902
2,0.6210419042802515,-0.6594192671157902
2,-0.9294189257142929,-0.6594192671157902
2,-1.1461280356782373,-0.6594192671157902
2,-0.5497508916806391,-0.6594192671157902
2,-1.1760912590556813,-0.6594192671157902
2,-0.8239087409443187,-0.6594192671157902
2,-0.8239087409443187,-0.6594192671157902
2,-0.46488679830265056,-0.6594192671157902
2,-0.30102999566398125,-0.6594192671157902
2,-1.0,-0.6594192671157902
2,-0.858193338104404,-0.6594192671157902
2,-1.1684044303893906,-0.6594192671157902
2,-1.279840696594043,-0.6594192671157902
2,-0.4569178686313755,-0.6594192671157902
2,-2.0413926851582254,-0.6594192671157902
2,0.2762064119389489,-0.6594192671157902
2,0.37332567307531406,-0.6594192671157902
2,0.16062644246752278,-0.6594192671157902
2,-1.230448921378274,-0.6594192671157902
2,0.0,-0.6594192671157902
2,-0.6849915040000987,-0.6594192671157902
2,-1.5051499783199063,-0.6594192671157902
2,-1.4983105537896009,-0.6594192671157902
2,-1.026328938722349,-0.6594192671157902
2,-1.39863532528872,-0.6594192671157902
2,-1.3010299956639813,-0.6594192671157902
2,-0.35396607085177934,-0.6594192671157902
2,-1.5878712508601485,-0.6594192671157902
2,-1.113943352306837,-0.6594192671157902
2,-1.4035680936804633,-0.6594192671157902
2,-2.061536246949716,-0.6594192671157902
2,-1.3605460815961639,-0.6594192671157902
2,-0.7513953187236417,-0.6594192671157902
2,-1.0,-0.6594192671157902
2,-0.5051499783199063,-0.6594192671157902
2,-0.6020599913279625,-0.6594192671157902
2,-1.249198357391113,-0.6594192671157902
2,-1.3511088600072982,-0.6594192671157902
2,-1.5364682557823155,-0.6594192671157902
2,-1.8388490907372557,-0.6594192671157902
2,-1.1507237873673866,-0.6594192671157902
2,1.433655560938572,-0.6594192671157902
2,-1.1242958134976888,-0.6594192671157902
2,-2.582631439489636,-0.6594192671157902
2,1.518513939877887,-0.6594192671157902
2,-1.5772364076029302,-0.6594192671157902
2,-1.3123110060736707,-0.6594192671157902
2,-1.230448921378274,-0.6594192671157902
2,-2.136720567156406,-0.6594192671157902
2,-1.1442994246318294,-0.6594192671157902
2,-0.4803263945948739,-0.6594192671157902
2,-1.7317625177323261,-0.6594192671157902
2,0.0,-0.6594192671157902
2,0.6344713774668973,-0.6594192671157902
2,0.9147446062401823,-0.6594192671157902
2,1.4831997463478501,-0.6594192671157902
2,-0.23855876556918343,-0.6594192671157902
2,-0.23855876556918343,-0.6594192671157902
2,-2.1652019166255547,-0.6594192671157902
2,1.9921746624880434,-0.6594192671157902
2,-1.6707758036974223,-0.6594192671157902
2,-0.2789761829079378,-0.6594192671157902
2,0.13987908640123692,-0.6594192671157902
2,-1.233630580164463,-0.6594192671157902
2,-0.4375301220789325,-0.6594192671157902
2,0.0,-0.6594192671157902
2,-0.8325089127062366,-0.6594192671157902
2,-1.2001830911637823,-0.6594192671157902
2,-0.9848085011049292,-0.6594192671157902
2,-1.1912646619703375,-0.6594192671157902
2,-0.4375301220789325,-0.6594192671157902
2,-0.4375301220789325,-0.6594192671157902
2,0.0,-0.6594192671157902
2,-1.269512944217916,-0.6594192671157902
2,-0.5946780377053624,-0.6594192671157902
2,-0.4375301220789325,-0.6594192671157902
2,-1.076276255404217,-0.6594192671157902
2,0.25720393228495464,-0.6594192671157902
2,0.352235685510248,-0.6594192671157902
2,0.07393356204262513,-0.6594192671157902
2,0.7883704155653293,-0.6594192671157902
2,1.151267675330649,-0.6594192671157902
2,-0.4375301220789325,-0.6594192671157902
2,-2.6976316535637563,-0.6594192671157902
2,-2.4821712474563036,-0.6594192671157902
2,-2.5580224811615606,-0.6594192671157902
2,-2.3838673804103276,-0.6594192671157902
2,-1.3891660843645326,-0.6594192671157902
2,-0.5854441338464147,-0.6594192671157902
2,-1.0579919469776868,-0.6594192671157902
2,-0.6184504075161321,-0.6594192671157902
2,-0.5947607525864624,-0.6594192671157902
2,0.37457379034782434,-0.6594192671157902
2,0.4636797336504639,-0.6594192671157902
2,0.2260652340175202,-0.6594192671157902
2,0.25422278211024096,-0.6594192671157902
2,0.4200275386348755,-0.6594192671157902
2,0.8288588489716178,-0.6594192671157902
2,0.3412297974458589,-0.6594192671157902
2,1.0058072715777469,-0.6594192671157902
2,0.7750122988011618,-0.6594192671157902
2,1.1391791757229104,-0.6594192671157902
2,0.04053354643708662,-0.6594192671157902
2,0.023595268108840273,-0.6594192671157902
2,0.41735454416819184,-0.6594192671157902
2,0.19010375339756092,-0.6594192671157902
2,0.2974496416522383,-0.6594192671157902
2,0.0,-0.6594192671157902
2,-0.4375301220789325,-0.6594192671157902
2,-0.4375301220789325,-0.6594192671157902
2,0.3209248243809206,-0.6594192671157902
2,-0.8750612633917001,-0.6594192671157902
2,0.08681600298974335,-0.6594192671157902
2,-1.0,-0.6594192671157902
2,-1.1180993120779945,-0.6594192671157902
2,-0.9845273133437926,-0.6594192671157902
2,-0.36408174141106997,-0.6594192671157902
2,-0.585613140277534,-0.6594192671157902
2,-1.1760912590556813,-0.6594192671157902
2,-0.4242689473943866,-0.6594192671157902
2,-1.3010299956639813,-0.6594192671157902
2,-0.9898603686491203,-0.6594192671157902
2,-0.4030547239661013,-0.6594192671157902
2,0.0,-0.6594192671157902
2,-1.3408405498123326,-0.6594192671157902
2,-0.7403626894942441,-0.6594192671157902
2,0.9852767431792939,-0.6594192671157902
2,-1.0082725259659897,-0.6594192671157902
2,-0.20411998265592501,-0.6594192671157902
2,-1.672097857935717,-0.6594192671157902
2,-0.8494839081883114,-0.6594192671157902
2,-1.1505139038522927,-0.6594192671157902
2,-1.0,-0.6594192671157902
2,-1.3010299956639813,-0.6594192671157902
2,-1.3010299956639813,-0.6594192671157902
2,-1.3010299956639813,-0.6594192671157902
2,-1.1760912590556813,-0.6594192671157902
2,-0.8750612633917001,-0.6594192671157902
2,-1.2212278853477807,-0.6594192671157902
2,-1.3760790080450676,-0.6594192671157902
2,-1.007424018079207,-0.6594192671157902
2,-1.0133639615579808,-0.6594192671157902
2,-0.5929893641257866,-0.6594192671157902
2,0.19717943282889738,-0.6594192671157902
2,-1.2014637390121852,-0.6594192671157902
2,-1.3165421618422286,-0.6594192671157902
2,-1.5228787452803374,-0.6594192671157902
2,-0.6020599913279625,-0.6594192671157902
2,-0.005462895701501935,-0.6594192671157902
2,-0.10963564959093297,-0.6594192671157902
2,-0.1870866433571443,-0.6594192671157902
2,0.0,-0.6594192671157902
2,0.0,-0.6594192671157902
2,0.0,-0.6594192671157902
2,-0.3979400086720375,-0.6594192671157902
2,-2.0627908298594555,-0.6594192671157902
2,-1.790300139963239,-0.6594192671157902
2,-1.3379420789967522,-0.6594192671157902
2,-2.01598810538413,-0.6594192671157902
2,-1.2018200947643445,-0.6594192671157902
2,-1.3620839610739592,-0.6594192671157902
2,-1.685741738602264,-0.6594192671157902
2,-2.060697840353612,-0.6594192671157902
2,1.6020599913279625,-0.6594192671157902
2,1.1461280356782382,-0.6594192671157902
2,0.3979400086720375,-0.6594192671157902
2,-0.8205394883444725,-0.6594192671157902
2,0.0,-0.6594192671157902
2,-0.6756986619230307,-0.6594192671157902
2,-0.9610819339696306,-0.6594192671157902
2,0.0,-0.6594192671157902
2,0.0,-0.6594192671157902
2,-1.8512583487190755,-0.6594192671157902
2,-1.0211892990699383,-0.6594192671157902
2,0.9257898770871202,-0.6594192671157902
2,-0.004991945557499378,-0.6594192671157902
2,-0.8514692224701967,-0.6594192671157902
2,-0.5924300073756692,-0.6594192671157902
2,-0.4771212547196626,-0.6594192671157902
2,-0.15875419150038184,-0.6594192671157902
2,-1.5440680443502757,-0.6594192671157902
2,0.0,-0.6594192671157902
2,-1.7909884750888159,-0.6594192671157902
2,-1.039309734009933,-0.6594192671157902
2,-1.1174457461429075,-0.6594192671157902
2,0.6529670694045295,-0.6594192671157902
2,0.17609125905568135,-0.6594192671157902
2,-0.4771212547196626,-0.6594192671157902
2,-0.9661417327390325,-0.6594192671157902
2,-1.5228787452803374,-0.6594192671157902
2,-1.026328938722349,-0.6594192671157902
2,-0.19896832053217395,-0.6594192671157902
2,-0.6592028774645318,-0.6594192671157902
2,-0.643452676486187,-0.6594192671157902
2,-0.7781512503836439,-0.6594192671157902
2,-0.5440680443502757,-0.6594192671157902
2,0.02482358372503235,-0.6594192671157902
2,-1.4014005407815446,-0.6594192671157902
2,0.0,-0.6594192671157902
2,-0.05982055802409558,-0.6594192671157902
2,-0.057008267096432697,-0.6594192671157902
2,0.18533191579059416,-0.6594192671157902
2,0.010723865391772947,-0.6594192671157902
2,-0.8193291678780046,-0.6594192671157902
2,-0.2604121447557173,-0.6594192671157902
2,0.05115252244738144,-0.6594192671157902
2,0.13262556527459068,-0.6594192671157902
2,-0.40041462779989345,-0.6594192671157902
2,-0.15892323391866725,-0.6594192671157902
2,-0.05799194697768684,-0.6594192671157902
2,-0.16391166643477817,-0.6594192671157902
2,0.0,-0.6594192671157902
2,0.0,-0.6594192671157902
2,0.0,-0.6594192671157902
2,-0.19896832053217395,-0.6594192671157902
2,-0.8586708472035305,-0.6594192671157902
2,-1.6334684555795862,-0.6594192671157902
2,-0.3251455612858125,-0.6594192671157902
2,-1.1290946963794575,-0.6594192671157902
2,0.1249387366082999,-0.6594192671157902
2,-1.4269546452539323,-0.6594192671157902
2,-0.8293037728310244,-0.6594192671157902
2,-1.3502480183341632,-0.6594192671157902
2,0.3227608935141424,-0.6594192671157902
2,-3.3891660843645326,-0.6594192671157902
2,-2.3157532524846873,-0.6594192671157902
2,0.8860566476931631,-0.6594192671157902
2,0.6989700043360187,-0.6594192671157902
2,0.3494856763830949,-0.6594192671157902
2,-0.3357921019231931,-0.6594192671157902
2,1.0431024990135827,-0.6594192671157902
2,0.48586619024719013,-0.6594192671157902
2,0.0,-0.6594192671157902
2,-1.1663314217665253,-0.6594192671157902
2,0.0,-0.6594192671157902
2,0.8870600239159199,-0.6594192671157902
2,0.0,-0.6594192671157902
2,-1.6962891656882473,-0.6594192671157902
2,-0.1870866433571443,-0.6594192671157902
2,1.072489365083169,-0.6594192671157902
2,-1.0,-0.6594192671157902
2,-0.3357921019231931,-0.6594192671157902
2,-0.6989700043360187,-0.6594192671157902
2,-0.6989700043360187,-0.6594192671157902
2,-0.9208187539523749,-0.6594192671157902
2,0.10720996964786877,-0.6594192671157902
2,0.040958607678906134,-0.6594192671157902
2,0.0,-0.6594192671157902
2,-1.3765769570565123,-0.6594192671157902
2,0.7420815496859419,-0.6594192671157902
2,0.7085380144275222,-0.6594192671157902
2,0.9965887892396132,-0.6594192671157902
2,-0.011437917752548543,-0.6594192671157902
2,0.7771305813312361,-0.6594192671157902
2,0.9240900922092257,-0.6594192671157902
2,0.8297382846050425,-0.6594192671157902
2,0.5769756483744999,-0.6594192671157902
2,0.7139670542376466,-0.6594192671157902
2,1.2929840758710451,-0.6594192671157902
2,0.8563790504239464,-0.6594192671157902
2,-0.71213145039399,-0.6594192671157902
2,-0.49841753604950867,-0.6594192671157902
2,-0.4808174002796255,-0.6594192671157902
2,-0.7745028746371672,-0.6594192671157902
2,-1.6627578316815743,-0.6594192671157902
2,-1.207980403469163,-0.6594192671157902
2,-1.3424226808222066,-0.6594192671157902
2,-0.8450980400142569,-0.6594192671157902
2,-0.9398127940166834,-0.6594192671157902
2,0.9842963893235082,-0.6594192671157902
2,0.0,-0.6594192671157902
2,-0.9404143100157558,-0.6594192671157902
2,-0.9378520932511556,-0.6594192671157902
2,-0.19033169817029183,-0.6594192671157902
2,-0.6575773191777934,-0.6594192671157902
2,-0.30077283585297465,-0.6594192671157902
2,-0.6989700043360187,-0.6594192671157902
2,-0.8808135922807914,-0.6594192671157902
2,-0.3502480183341632,-0.6594192671157902
2,-1.5075038837133832,-0.6594192671157902
2,-0.8239087409443187,-0.6594192671157902
2,-0.6551910797574312,-0.6594192671157902
2,-0.9857595608853895,-0.6594192671157902
2,-0.7639108112690334,-0.6594192671157902
2,-0.8239087409443187,-0.6594192671157902
2,-0.6078895349886864,-0.6594192671157902
2,-0.8096683018297082,-0.6594192671157902
2,-0.503573590084951,-0.6594192671157902
2,-0.9363309201306222,-0.6594192671157902
2,-1.2485009443877964,-0.6594192671157902
2,-0.50991376811597,-0.6594192671157902
2,-0.6378332609820365,-0.6594192671157902
2,0.0,-0.6594192671157902
2,0.0,-0.6594192671157902
2,0.0,-0.6594192671157902
2,-0.8189453214127687,-0.6594192671157902
2,-0.8124792791635365,-0.6594192671157902
2,0.0,-0.6594192671157902
2,0.0,-0.6594192671157902
2,0.0,-0.6594192671157902
2,0.0,-0.6594192671157902
2,0.9700367766225568,-0.6594192671157902
2,-1.8095597146352675,-0.6594192671157902
2,-0.5314789170422545,-0.6594192671157902
2,-0.7781512503836439,-0.6594192671157902
2,-0.7781512503836439,-0.6594192671157902
2,0.07918124604762511,-0.6594192671157902
2,-0.4375301220789325,-0.6594192671157902
2,0.0,-0.6594192671157902
2,-0.4375301220789325,-0.6594192671157902
2,0.0,-0.6594192671157902
2,-0.7781512503836439,-0.6594192671157902
2,0.26785190423374505,-0.6594192671157902
2,-0.45154571957920364,-0.6594192671157902
2,-0.7870157984620274,-0.6594192671157902
2,0.0,-0.6594192671157902
2,0.0,-0.6594192671157902
2,0.0,-0.6594192671157902
2,-0.45154571957920364,-0.6594192671157902
2,0.37679174465498644,-0.6594192671157902
2,-0.2821354275770025,-0.6594192671157902
2,-0.7781512503836439,-0.6594192671157902
2,-0.30102999566398125,-0.6594192671157902
2,0.0,-0.6594192671157902
2,-0.03959044503700948,-0.6594192671157902
2,0.0,-0.6594192671157902
2,0.0,-0.6594192671157902
2,-0.19897007056545224,-0.6594192671157902
2,-0.38907632175972306,-0.6594192671157902
2,0.0,-0.6594192671157902
2,-0.15051493100552538,-0.6594192671157902
2,-0.15051493100552538,-0.6594192671157902
2,-0.09691001300805624,-0.6594192671157902
2,0.0,-0.6594192671157902
2,-0.7870157984620274,-0.6594192671157902
2,-0.4375301220789325,-0.6594192671157902
2,-0.3494856763830949,-0.6594192671157902
2,-0.4375301220789325,-0.6594192671157902
2,0.0,-0.6594192671157902
2,0.0,-0.6594192671157902
2,0.0,-0.6594192671157902
2,-0.19896832053217395,-0.6594192671157902
2,-0.4375301220789325,-0.6594192671157902
2,-0.4375301220789325,-0.6594192671157902
2,0.0,-0.6594192671157902
2,-0.23855876556918343,-0.6594192671157902
2,0.0,-0.6594192671157902
2,-0.23856180154675855,-0.6594192671157902
2,-0.19896832053217395,-0.6594192671157902
2,-0.23855876556918343,-0.6594192671157902
2,-0.23856180154675855,-0.6594192671157902
2,0.0,-0.6594192671157902
2,-0.2525756490137514,-0.6594192671157902
2,-0.03959044503700948,-0.6594192671157902
2,0.03959044503700948,-0.6594192671157902
2,-0.23855876556918343,-0.6594192671157902
2,0.008864074484683293,-0.6594192671157902
2,-0.23856180154675855,-0.6594192671157902
2,0.0,-0.6594192671157902
2,-0.6505165472438836,-0.6594192671157902
2,0.0,-0.6594192671157902
2,0.30102999566398125,-0.6594192671157902
2,-0.4375301220789325,-0.6594192671157902
2,0.0,-0.6594192671157902
2,0.0,-0.6594192671157902
2,0.0,-0.6594192671157902
2,-0.3494856763830949,-0.6594192671157902
2,0.0,-0.6594192671157902
2,0.0,-0.6594192671157902
2,0.0,-0.6594192671157902
2,0.0,-0.6594192671157902
2,0.0,-0.6594192671157902
2,0.0,-0.6594192671157902
2,0.0,-0.6594192671157902
2,0.0,-0.6594192671157902
2,0.0,-0.6594192671157902
2,-0.7870157984620274,-0.6594192671157902
2,-0.30102999566398125,-0.6594192671157902
2,0.0,-0.6594192671157902
2,0.0,-0.6594192671157902
2,-0.9700367766225568,-0.6594192671157902
2,-1.3613168631983266,-0.6594192671157902
2,-1.220761653975142,-0.6594192671157902
2,-1.1633708452519596,-0.6594192671157902
2,-1.4771212547196626,-0.6594192671157902
2,-1.3424226808222066,-0.6594192671157902
2,-1.349585478950286,-0.6594192671157902
2,-1.500602350569185,-0.6594192671157902
2,-1.3802112417116064,-0.6594192671157902
2,-1.1949766032160545,-0.6594192671157902
2,-1.4149733479708182,-0.6594192671157902
2,-1.1760912590556813,-0.6594192671157902
2,-0.7112044607530308,-0.6594192671157902
2,-1.3841949163398928,-0.6594192671157902
2,-1.860338006570994,-0.6594192671157902
2,-1.330413773349191,-0.6594192671157902
2,-0.7509990043400281,-0.6594192671157902
2,-1.0569876608480024,-0.6594192671157902
2,-0.9542425094393252,-0.6594192671157902
2,-0.4771212547196626,-0.6594192671157902
2,-1.4996870826184043,-0.6594192671157902
2,-1.3929480631145381,-0.6594192671157902
2,-1.355387657986574,-0.6594192671157902
2,-1.522257881011762,-0.6594192671157902
2,-0.5657587417617291,-0.6594192671157902
2,-1.3010299956639813,-0.6594192671157902
2,-1.5250448070368448,-0.6594192671157902
2,-2.2816014438256547,-0.6594192671157902
2,-1.575270339843267,-0.6594192671157902
2,-1.0672352615654335,-0.6594192671157902
2,-1.5228787452803374,-0.6594192671157902
2,-1.0,-0.6594192671157902
2,-1.4831116184088495,-0.6594192671157902
2,-1.6690067809585756,-0.6594192671157902
2,-1.625541087177485,-0.6594192671157902
2,-1.6020599913279625,-0.6594192671157902
2,-1.7781512503836439,-0.6594192671157902
2,-1.1903316981702918,-0.6594192671157902
2,-1.6180480967120925,-0.6594192671157902
2,-1.5528419686577806,-0.6594192671157902
2,-1.113943352306837,-0.6594192671157902
2,-1.6690067809585756,-0.6594192671157902
2,-1.066946789630613,-0.6594192671157902
2,-1.4771212547196626,-0.6594192671157902
2,-0.17609125905568135,-0.6594192671157902
2,0.04221633946413483,-0.6594192671157902
2,0.05338452113950165,-0.6594192671157902
2,-0.008889378689054261,-0.6594192671157902
2,0.5160209375257532,-0.6594192671157902
2,0.4480806748140447,-0.6594192671157902
2,0.6296719922204899,-0.6594192671157902
2,-0.03111980057738517,-0.6594192671157902
2,-0.4375301220789325,-0.6594192671157902
2,-0.7870157984620274,-0.6594192671157902
2,-0.7781512503836439,-0.6594192671157902
2,-0.4375301220789325,-0.6594192671157902
2,-0.3494856763830949,-0.6594192671157902
2,-0.4375301220789325,-0.6594192671157902
2,-0.3494856763830949,-0.6594192671157902
2,0.0,-0.6594192671157902
2,0.0,-0.6594192671157902
2,-0.3494856763830949,-0.6594192671157902
2,-0.4375301220789325,-0.6594192671157902
2,-0.09691001300805624,-0.6594192671157902
2,-1.0399875249893382,-0.6594192671157902
2,-1.3245110915135037,-0.6594192671157902
2,-0.550649497692774,-0.6594192671157902
2,-1.0016055267154176,-0.6594192671157902
2,0.5621068834718308,-0.6594192671157902
2,0.0,-0.6594192671157902
2,0.42376472293646295,-0.6594192671157902
2,0.045757490560675684,-0.6594192671157902
2,0.614154047356525,-0.6594192671157902
2,0.09347640971467452,-0.6594192671157902
2,0.23888208891513685,-0.6594192671157902
2,0.4478852873552155,-0.6594192671157902
2,0.21075196571557608,-0.6594192671157902
2,0.5648639195917164,-0.6594192671157902
2,0.007004901568658184,-0.6594192671157902
2,-1.9632530916138462,-0.6594192671157902
2,-1.764608677068301,-0.6594192671157902
2,-1.7283537820212285,-0.6594192671157902
2,-0.8562344061322165,-0.6594192671157902
2,-1.8195439355418692,-0.6594192671157902
2,-0.7781512503836439,-0.6594192671157902
2,-1.0969100130080562,-0.6594192671157902
2,-1.2284793285153697,-0.6594192671157902
2,-1.1832698436828046,-0.6594192671157902
2,-0.36317790241282566,-0.6594192671157902
2,-0.4771212547196626,-0.6594192671157902
2,-0.8952646494799872,-0.6594192671157902
2,-0.1870866433571443,-0.6594192671157902
2,0.30102999566398125,-0.6594192671157902
2,0.1055101847699742,-0.6594192671157902
2,0.16272729749769965,-0.6594192671157902
2,0.13587872267231305,-0.6594192671157902
2,-0.8985423592412225,-0.6594192671157902
2,-1.052758049162799,-0.6594192671157902
2,-0.3148656857969785,-0.6594192671157902
2,-0.035912621145258505,-0.6594192671157902
2,-0.9079747380403926,-0.6594192671157902
2,-0.5797835966168101,-0.6594192671157902
2,-0.1055101847699742,-0.6594192671157902
2,-0.6020599913279625,-0.6594192671157902
2,-0.3832167518513314,-0.6594192671157902
2,-0.1353106860769584,-0.6594192671157902
2,-0.5581545056288801,-0.6594192671157902
2,-0.6989700043360187,-0.6594192671157902
2,-0.9493900066449132,-0.6594192671157902
2,-0.9208187539523749,-0.6594192671157902
2,-0.9509145660903977,-0.6594192671157902
2,0.09691001300805624,-0.6594192671157902
2,0.0,-0.6594192671157902
2,1.2552725051033065,-0.6594192671157902
2,1.3309932190414244,-0.6594192671157902
2,-1.0993846321359122,-0.6594192671157902
2,-0.9751764162749677,-0.6594192671157902
2,-0.4771212547196626,-0.6594192671157902
2,-1.7754621118728622,-0.6594192671157902
2,-1.6417073513700187,-0.6594192671157902
2,-1.0894004112293114,-0.6594192671157902
2,-1.0,-0.6594192671157902
2,-1.633468455579587,-0.6594192671157902
2,-1.8404197777364857,-0.6594192671157902
2,-2.3374592612906557,-0.6594192671157902
2,-0.3064250275506879,-0.6594192671157902
2,-0.9294189257142929,-0.6594192671157902
2,-1.1461280356782382,-0.6594192671157902
2,-1.4471580313422194,-0.6594192671157902
2,-1.3771847870814184,-0.6594192671157902
2,-1.1356626020000729,-0.6594192671157902
2,-1.423245873936808,-0.6594192671157902
2,0.05799194697768684,-0.6594192671157902
2,0.0,-0.6594192671157902
2,-1.6127838567197355,-0.6594192671157902
2,-1.6344772701607315,-0.6594192671157902
2,-1.0662755460937365,-0.6594192671157902
2,-1.213879819945081,-0.6594192671157902
2,-1.0859146287065933,-0.6594192671157902
2,-0.9802233603509167,-0.6594192671157902
2,-1.518513939877888,-0.6594192671157902
2,-1.240433142284875,-0.6594192671157902
2,-1.4974206917829962,-0.6594192671157902
2,-0.9678153166285988,-0.6594192671157902
2,-1.2887955392469692,-0.6594192671157902
2,-0.3424226808222066,-0.6594192671157902
2,-0.19005691519250512,-0.6594192671157902
2,-0.20524948779689467,-0.6594192671157902
2,-0.6989700043360187,-0.6594192671157902
2,-1.0,-0.6594192671157902
2,-0.5797835966168101,-0.6594192671157902
2,-0.8890752039971392,-0.6594192671157902
2,-0.7528453851188734,-0.6594192671157902
2,-0.5797835966168101,-0.6594192671157902
2,-0.9542425094393252,-0.6594192671157902
2,-0.8969726181938462,-0.6594192671157902
2,-0.5368894597231524,-0.6594192671157902
2,-1.1461280356782382,-0.6594192671157902
2,-1.8808135922807914,-0.6594192671157902
2,-1.0910804693473324,-0.6594192671157902
2,-1.079181246047625,-0.6594192671157902
2,-0.8129133566428557,-0.6594192671157902
2,-0.9542425094393252,-0.6594192671157902
2,-1.0413926851582254,-0.6594192671157902
2,-0.7496627125722055,-0.6594192671157902
2,-1.0433460369455343,-0.6594192671157902
2,-1.3344537511509307,-0.6594192671157902
2,-0.5755009628084942,-0.6594192671157902
2,-1.2174839442139058,-0.6594192671157902
2,-1.733011972712987,-0.6594192671157902
2,-1.3771847870814176,-0.6594192671157902
2,-0.5794353717028686,-0.6594192671157902
2,-1.053684858962776,-0.6594192671157902
2,-0.9809013839687024,-0.6594192671157902
2,-1.049891869945637,-0.6594192671157902
2,-1.079181246047625,-0.6594192671157902
2,-0.8964186656113675,-0.6594192671157902
2,-1.199601769708555,-0.6594192671157902
2,-1.500602350569185,-0.6594192671157902
2,-1.8325089127062366,-0.6594192671157902
2,-2.08278537031645,-0.6594192671157902
2,-1.346787486224656,-0.6594192671157902
2,-0.9197316583111608,-0.6594192671157902
2,-1.0453229787866576,-0.6594192671157902
2,-0.8808135922807914,-0.6594192671157902
2,-1.4049261295327038,-0.6594192671157902
2,-0.5622244770093765,-0.6594192671157902
2,-1.204119982655925,-0.6594192671157902
2,-1.134698573897456,-0.6594192671157902
2,-0.32123338175226746,-0.6594192671157902
2,-1.3881801713828814,-0.6594192671157902
2,-0.8202744562892246,-0.6594192671157902
2,-1.0,-0.6594192671157902
2,-0.8129133566428557,-0.6594192671157902
2,-0.6989700043360187,-0.6594192671157902
2,-0.653212513775344,-0.6594192671157902
2,-0.6478174818886373,-0.6594192671157902
2,-0.9330532103693869,-0.6594192671157902
2,-0.6020599913279625,-0.6594192671157902
2,-0.9030899869919438,-0.6594192671157902
2,-0.5835765856339492,-0.6594192671157902
2,-0.7459665670122426,-0.6594192671157902
2,-0.5351132016973494,-0.6594192671157902
2,-0.05696987867700454,-0.6594192671157902
2,-0.4232458739368079,-0.6594192671157902
2,-0.8880262405560675,-0.6594192671157902
2,-0.7070878945581978,-0.6594192671157902
2,0.01931957001786344,-0.6594192671157902
2,-0.18486518336318625,-0.6594192671157902
2,-0.9050244867691433,-0.6594192671157902
2,-0.7206892540292547,-0.6594192671157902
2,-0.6661774909397113,-0.6594192671157902
2,-0.30102999566398125,-0.6594192671157902
2,-0.7337321105952306,-0.6594192671157902
2,-0.44313675740929437,-0.6594192671157902
2,-0.2912701583748243,-0.6594192671157902
2,-0.5399120845791181,-0.6594192671157902
2,-0.08432088570003593,-0.6594192671157902
2,-0.4149733479708182,-0.6594192671157902
2,-1.1303337684950057,-0.6594192671157902
2,-0.7296388241024712,-0.6594192671157902
2,-0.27470105694163216,-0.6594192671157902
2,-0.2200696759654459,-0.6594192671157902
2,-0.22454833550784858,-0.6594192671157902
2,-0.7569619513137056,-0.6594192671157902
2,-0.8908555305749317,-0.6594192671157902
2,-0.1259773881291375,-0.6594192671157902
2,-0.06454790588958392,-0.6594192671157902
2,-0.7634279935629378,-0.6594192671157902
2,-1.1383026981662816,-0.6594192671157902
2,-1.0655015487564325,-0.6594192671157902
2,-0.9133091521736292,-0.6594192671157902
2,-1.0,-0.6594192671157902
2,-1.7853298350107671,-0.6594192671157902
2,-1.857332496431269,-0.6594192671157902
2,-1.1903316981702918,-0.6594192671157902
2,-1.4259687322722812,-0.6594192671157902
2,-1.3979400086720384,-0.6594192671157902
2,-1.3815495924838688,-0.6594192671157902
2,-1.5228787452803374,-0.6594192671157902
2,-1.6434526764861879,-0.6594192671157902
2,-0.9420080530223132,-0.6594192671157902
2,-1.0,-0.6594192671157902
2,-1.5797835966168101,-0.6594192671157902
2,-0.6154239528859442,-0.6594192671157902
2,-1.0,-0.6594192671157902
2,-0.8239087409443187,-0.6594192671157902
2,-1.1842857376709528,-0.6594192671157902
2,-1.4913616938342722,-0.6594192671157902
2,-2.2671717284030137,-0.6594192671157902
2,-2.0863598306747484,-0.6594192671157902
2,-1.7781512503836439,-0.6594192671157902
2,-1.4175355647354184,-0.6594192671157902
2,-1.4471580313422194,-0.6594192671157902
2,-0.32605800136591245,-0.6594192671157902
2,-1.1832111229993103,-0.6594192671157902
2,-1.1461280356782382,-0.6594192671157902
2,-0.6283889300503116,-0.6594192671157902
2,-1.4149733479708182,-0.6594192671157902
2,-1.1249387366083,-0.6594192671157902
2,-1.0211892990699383,-0.6594192671157902
2,-1.0,-0.6594192671157902
2,-1.4161648287782365,-0.6594192671157902
2,-0.31527043477859173,-0.6594192671157902
2,-0.5440697772466896,-0.6594192671157902
2,-0.7690078709437733,-0.6594192671157902
2,0.0,-0.6594192671157902
2,-1.0,-0.6594192671157902
2,-0.9565343062189093,-0.6594192671157902
2,-0.7367585652254185,-0.6594192671157902
2,-0.7569619513137056,-0.6594192671157902
2,-0.7388415163737116,-0.6594192671157902
2,-0.5973135563035008,-0.6594192671157902
2,-0.9629086884180129,-0.6594192671157902
2,0.0,-0.6594192671157902
2,-0.23749614683474451,-0.6594192671157902
2,0.0,-0.6594192671157902
2,0.0,-0.6594192671157902
2,0.0,-0.6594192671157902
2,0.30102999566398125,-0.6594192671157902
2,0.30102999566398125,-0.6594192671157902
2,0.5228787452803374,-0.6594192671157902
2,0.6989700043360187,-0.6594192671157902
2,0.9030899869919438,-0.6594192671157902
2,1.0413926851582254,-0.6594192671157902
2,-0.3539660708517802,-0.6594192671157902
2,0.15490195998574308,-0.6594192671157902
2,0.0,-0.6594192671157902
2,1.5287082889410613,-0.6594192671157902
2,0.6989700043360187,-0.6594192671157902
2,0.9637878273455556,-0.6594192671157902
2,0.6501214367982016,-0.6594192671157902
2,0.0,-0.6594192671157902
2,0.3083881257855836,-0.6594192671157902
2,-0.8601209135987631,-0.6594192671157902
2,-0.5880452543028749,-0.6594192671157902
2,0.0,-0.6594192671157902
2,-0.08414466557917422,-0.6594192671157902
2,-0.8980104614626683,-0.6594192671157902
2,0.0,-0.6594192671157902
2,0.0,-0.6594192671157902
2,-0.8728283819594083,-0.6594192671157902
2,-0.16918659085637255,-0.6594192671157902
2,-0.28560963679648754,-0.6594192671157902
2,-0.6594614630523452,-0.6594192671157902
2,-0.9183299535486809,-0.6594192671157902
2,-0.7781512503836439,-0.6594192671157902
2,-0.4274952522337543,-0.6594192671157902
2,-0.40576534618399407,-0.6594192671157902
2,1.5751878449276608,-0.6594192671157902
2,-0.6746106584765741,-0.6594192671157902
2,-0.3979400086720375,-0.6594192671157902
2,-0.8864907251724823,-0.6594192671157902
2,-1.1059581419854538,-0.6594192671157902
2,-1.1802078252505135,-0.6594192671157902
2,-0.9269790626571934,-0.6594192671157902
2,-1.3424226808222066,-0.6594192671157902
2,-0.989004615698537,-0.6594192671157902
2,0.0,-0.6594192671157902
2,-0.17609125905568135,-0.6594192671157902
2,-1.0710633558254452,-0.6594192671157902
2,-2.079181246047625,-0.6594192671157902
2,-1.3891660843645326,-0.6594192671157902
2,-1.7944863039009302,-0.6594192671157902
2,-0.5850266520291818,-0.6594192671157902
2,-0.935542010773081,-0.6594192671157902
2,-1.9586073148417746,-0.6594192671157902
2,-0.3881801713828805,-0.6594192671157902
2,-0.4237472722783231,-0.6594192671157902
2,-0.1870866433571443,-0.6594192671157902
2,-0.773216032708131,-0.6594192671157902
2,-0.9456423376774072,-0.6594192671157902
2,-1.2582780152430315,-0.6594192671157902
2,-0.30871682433027203,-0.6594192671157902
2,-1.36408174141107,-0.6594192671157902
2,-0.7384785456196923,-0.6594192671157902
2,-0.4701723947643339,-0.6594192671157902
2,-0.9887189895903106,-0.6594192671157902
3,-0.8750612633917001,-0.6670526987058938
3,-0.5290390539851559,-0.6670526987058938
3,-0.36172783601759306,-0.6670526987058938
3,0.0,-0.6670526987058938
3,0.8147100267930405,-0.6670526987058938
3,0.0,-0.6670526987058938
3,-1.4775597146073878,-0.6670526987058938
3,0.2491831573502452,-0.6670526987058938
3,-1.8927900303521312,-0.6670526987058938
3,0.23027753297520626,-0.6670526987058938
3,0.4637659462712156,-0.6670526987058938
3,-0.5642714304385628,-0.6670526987058938
3,-1.1760912590556813,-0.6670526987058938
3,-0.8239087409443187,-0.6670526987058938
3,-0.7403626894942441,-0.6670526987058938
3,-0.43933269383026285,-0.6670526987058938
3,-1.4471580313422194,-0.6670526987058938
3,-1.7659167939666318,-0.6670526987058938
3,0.38021124171160636,-0.6670526987058938
3,-0.39752826612063075,-0.6670526987058938
3,-0.37905157618436736,-0.6670526987058938
3,-0.8286038621526988,-0.6670526987058938
3,-0.6876889939263293,-0.6670526987058938
3,-0.6283889300503116,-0.6670526987058938
3,-0.9562910721145945,-0.6670526987058938
3,-0.14106518745881935,-0.6670526987058938
3,-0.41912930774197577,-0.6670526987058938
3,-0.36408174141106997,-0.6670526987058938
3,-0.17609125905568135,-0.6670526987058938
3,-0.6145129060142454,-0.6670526987058938
3,-1.2777586532509932,-0.6670526987058938
3,-0.8538719643217618,-0.6670526987058938
3,-1.103219486915064,-0.6670526987058938
3,-0.3979400086720375,-0.6670526987058938
3,-0.4350870709486365,-0.6670526987058938
3,-1.6627578316815743,-0.6670526987058938
3,-1.079181246047625,-0.6670526987058938
3,-1.6603910984024672,-0.6670526987058938
3,-0.8239087409443187,-0.6670526987058938
3,-1.000293343126251,-0.6670526987058938
3,-0.36166919116139606,-0.6670526987058938
3,-0.8378796830090751,-0.6670526987058938
3,-1.3679767852945943,-0.6670526987058938
3,-0.013788284485633184,-0.6670526987058938
3,0.4771212547196626,-0.6670526987058938
3,-1.008773924307505,-0.6670526987058938
3,-0.10886390425013914,-0.6670526987058938
3,-0.14612803567823818,-0.6670526987058938
3,-0.4118545232070705,-0.6670526987058938
3,-0.706148588963142,-0.6670526987058938
3,-1.0,-0.6670526987058938
3,-0.6020599913279625,-0.6670526987058938
3,-0.1669478796158108,-0.6670526987058938
3,-0.6205848987164888,-0.6670526987058938
3,-0.14221543714647567,-0.6670526987058938
3,-0.45593195564972433,-0.6670526987058938
3,-0.4220736883887568,-0.6670526987058938
3,-0.91832995354868,-0.6670526987058938
3,-0.9542425094393252,-0.6670526987058938
3,-0.9395055936387653,-0.6670526987058938
3,-1.4360690591766065,-0.6670526987058938
3,-0.6538152820635048,-0.6670526987058938
3,1.6225558417338535,-0.6670526987058938
3,1.9268567089496926,-0.6670526987058938
3,1.0585947152658468,-0.6670526987058938
3,-0.07389564958594175,-0.6670526987058938
3,-0.08432088570003593,-0.6670526987058938
3,0.14976232033333226,-0.6670526987058938
3,-0.17926826284964825,-0.6670526987058938
3,-0.4771212547196626,-0.6670526987058938
3,-0.8880262405560675,-0.6670526987058938
3,-1.6127838567197355,-0.6670526987058938
3,-1.6812412373755876,-0.6670526987058938
3,0.17596999855457174,-0.6670526987058938
3,-1.1749315935284423,-0.6670526987058938
3,-1.7781512503836439,-0.6670526987058938
3,-1.6020599913279625,-0.6670526987058938
3,-1.3489535479811643,-0.6670526987058938
3,-0.5215995264411646,-0.6670526987058938
3,-1.865301426102544,-0.6670526987058938
3,-0.40866387406381044,-0.6670526987058938
3,-0.6170416326987436,-0.6670526987058938
3,-0.2466723333413885,-0.6670526987058938
3,-0.2614389320748671,-0.6670526987058938
3,-0.3853508813640172,-0.6670526987058938
3,-0.5127853228438921,-0.6670526987058938
3,-0.7609437229818958,-0.6670526987058938
3,-0.3521825181113618,-0.6670526987058938
3,0.0,-0.6670526987058938
3,-1.2291697025391013,-0.6670526987058938
3,0.0,-0.6670526987058938
3,0.0,-0.6670526987058938
3,-1.5539985458577226,-0.6670526987058938
3,0.14132915279646951,-0.6670526987058938
3,-0.06766585912156575,-0.6670526987058938
3,-0.09472741951745256,-0.6670526987058938
3,-0.787911087672799,-0.6670526987058938
3,-0.30102999566398125,-0.6670526987058938
3,-0.15490195998574308,-0.6670526987058938
3,0.0,-0.6670526987058938
3,-0.3521825181113627,-0.6670526987058938
3,-1.2396406820895027,-0.6670526987058938
3,-1.0,-0.6670526987058938
3,1.079181246047625,-0.6670526987058938
3,-0.8129133566428557,-0.6670526987058938
3,-0.5606673061697371,-0.6670526987058938
3,-0.5772364076029302,-0.6670526987058938
3,-0.6809789030384632,-0.6670526987058938
3,-1.485315733334934,-0.6670526987058938
3,-0.2667973899192777,-0.6670526987058938
3,-0.27547589119159266,-0.6670526987058938
3,-0.7086972828532296,-0.6670526987058938
3,-1.1505139038522927,-0.6670526987058938
3,-0.7330850365019916,-0.6670526987058938
3,-1.3010299956639813,-0.6670526987058938
3,-1.0,-0.6670526987058938
3,-1.740362689494244,-0.6670526987058938
3,-0.43365556093857194,-0.6670526987058938
3,-0.20411998265592501,-0.6670526987058938
3,-0.7942448013084267,-0.6670526987058938
3,-1.4886416777494738,-0.6670526987058938
3,-1.1083394747888384,-0.6670526987058938
3,-0.537441864015932,-0.6670526987058938
3,-0.09556972905670502,-0.6670526987058938
3,0.2731973322082579,-0.6670526987058938
3,-1.157607853361668,-0.6670526987058938
3,-0.5051499783199063,-0.6670526987058938
3,-0.32451109151350366,-0.6670526987058938
3,-0.4249783800632443,-0.6670526987058938
3,0.0,-0.6670526987058938
3,-0.10354059190706888,-0.6670526987058938
3,-1.8239087409443187,-0.6670526987058938
3,-1.920818753952375,-0.6670526987058938
3,0.07207557205669168,-0.6670526987058938
3,-0.8166095022028195,-0.6670526987058938
3,0.0,-0.6670526987058938
3,-1.1687920203141813,-0.6670526987058938
3,-0.4631243644872516,-0.6670526987058938
3,-0.37974700384601867,-0.6670526987058938
3,-0.35373634617998473,-0.6670526987058938
3,-0.2932046581520247,-0.6670526987058938
3,-0.39159983064101844,-0.6670526987058938
3,-0.9673308832466319,-0.6670526987058938
3,-1.4685210829577446,-0.6670526987058938
3,-1.2218487496163561,-0.6670526987058938
3,-0.45593195564972433,-0.6670526987058938
3,-0.0778376825188154,-0.6670526987058938
3,-0.1295794045405394,-0.6670526987058938
3,-0.404570587571051,-0.6670526987058938
3,-2.0969100130080562,-0.6670526987058938
3,-1.7781512503836439,-0.6670526987058938
3,-1.6434526764861879,-0.6670526987058938
3,-0.3357921019231931,-0.6670526987058938
3,-1.5947607525864624,-0.6670526987058938
3,-0.6398485522173623,-0.6670526987058938
3,-0.38021124171160636,-0.6670526987058938
3,0.0,-0.6670526987058938
3,0.0,-0.6670526987058938
3,0.0,-0.6670526987058938
3,0.0,-0.6670526987058938
3,0.0,-0.6670526987058938
3,0.0,-0.6670526987058938
3,0.0,-0.6670526987058938
3,0.0,-0.6670526987058938
3,-1.20682587603185,-0.6670526987058938
3,0.0,-0.6670526987058938
3,1.113943352306837,-0.6670526987058938
3,-0.10669428249220125,-0.6670526987058938
3,-0.4771212547196626,-0.6670526987058938
3,-1.1802078252505135,-0.6670526987058938
3,-1.4423175473797247,-0.6670526987058938
3,-1.0910804693473333,-0.6670526987058938
3,-0.2542865921216544,-0.6670526987058938
3,-1.0377885608893997,-0.6670526987058938
3,-0.2561333467764424,-0.6670526987058938
3,-0.6493280729138764,-0.6670526987058938
3,-0.7388553441053656,-0.6670526987058938
3,-0.4577730894245233,-0.6670526987058938
3,-0.7136932611567257,-0.6670526987058938
3,0.6726856520807178,-0.6670526987058938
3,0.6001519882093254,-0.6670526987058938
3,0.018951941086827517,-0.6670526987058938
3,0.0,-0.6670526987058938
3,-2.184096913980195,-0.6670526987058938
3,-0.6232492903979008,-0.6670526987058938
3,-0.4582359105592877,-0.6670526987058938
3,-0.151267675330649,-0.6670526987058938
3,-0.6989700043360187,-0.6670526987058938
3,-0.2704919284145202,-0.6670526987058938
3,0.006939606751780403,-0.6670526987058938
3,-0.17749745257663463,-0.6670526987058938
3,-0.12368361632897873,-0.6670526987058938
3,-0.8028661382047408,-0.6670526987058938
3,0.0,-0.6670526987058938
3,0.8239087409443187,-0.6670526987058938
3,-0.6863808770279984,-0.6670526987058938
3,0.0,-0.6670526987058938
3,0.0,-0.6670526987058938
3,0.0,-0.6670526987058938
3,0.0,-0.6670526987058938
3,0.7403626894942441,-0.6670526987058938
3,0.0,-0.6670526987058938
3,0.7403626894942441,-0.6670526987058938
3,0.7403626894942441,-0.6670526987058938
3,1.0,-0.6670526987058938
3,1.0,-0.6670526987058938
3,-0.38321675185133053,-0.6670526987058938
3,-1.0,-0.6670526987058938
3,0.0,-0.6670526987058938
3,-0.7075701760979367,-0.6670526987058938
3,-1.4924519734409554,-0.6670526987058938
3,-1.2908903643131016,-0.6670526987058938
3,-1.0864630007623939,-0.6670526987058938
3,-0.27561440003725846,-0.6670526987058938
3,-2.6106601630898796,-0.6670526987058938
3,-2.929418925714293,-0.6670526987058938
3,-3.1205739312058496,-0.6670526987058938
3,-2.4240428112362427,-0.6670526987058938
3,-2.212303431710126,-0.6670526987058938
3,-1.8200654018625588,-0.6670526987058938
3,-2.331519317811881,-0.6670526987058938
3,-1.0413926851582254,-0.6670526987058938
3,-0.3231801236256153,-0.6670526987058938
3,0.10737544668622157,-0.6670526987058938
3,0.8888183474403863,-0.6670526987058938
3,-3.0663924890041176,-0.6670526987058938
3,-1.8718162085785535,-0.6670526987058938
3,-2.0688812894078126,-0.6670526987058938
3,-2.005829543660724,-0.6670526987058938
3,-2.3096301674258983,-0.6670526987058938
3,-3.206315241661555,-0.6670526987058938
3,-2.645913275033844,-0.6670526987058938
3,-2.687974620034556,-0.6670526987058938
3,-1.4065401804339555,-0.6670526987058938
3,0.0,-0.6670526987058938
3,0.0,-0.6670526987058938
3,0.0,-0.6670526987058938
3,-0.6465051297683573,-0.6670526987058938
3,-0.5619427681199802,-0.6670526987058938
3,-0.73115468770742,-0.6670526987058938
3,-0.7533276666586115,-0.6670526987058938
3,-0.6989700043360187,-0.6670526987058938
3,-0.653212513775344,-0.6670526987058938
3,-0.033105124157981614,-0.6670526987058938
3,-0.2181760471203864,-0.6670526987058938
3,-0.6307051727774926,-0.6670526987058938
3,-0.3708529182030551,-0.6670526987058938
3,-0.07195673106437983,-0.6670526987058938
3,0.15836249209525022,-0.6670526987058938
3,-0.31994698356234874,-0.6670526987058938
3,-0.39503501802863017,-0.6670526987058938
3,0.8633228601204568,-0.6670526987058938
3,-1.0,-0.6670526987058938
3,-2.1939486868026874,-0.6670526987058938
3,-2.219924961390217,-0.6670526987058938
3,-0.7403626894942441,-0.6670526987058938
3,-1.069006971504451,-0.6670526987058938
3,-1.3159703454569183,-0.6670526987058938
3,-0.1842857376709528,-0.6670526987058938
3,-0.3701109148072801,-0.6670526987058938
3,-0.6398485522173623,-0.6670526987058938
3,-0.236480969533841,-0.6670526987058938
3,1.763941633261446,-0.6670526987058938
3,2.0639897471525535,-0.6670526987058938
3,1.8243033747578457,-0.6670526987058938
3,0.8327695154634727,-0.6670526987058938
3,0.26753037425284454,-0.6670526987058938
3,-0.6973585201794386,-0.6670526987058938
3,-0.7974564055790303,-0.6670526987058938
3,-0.7870157984620274,-0.6670526987058938
3,0.0,-0.6670526987058938
3,-1.113943352306837,-0.6670526987058938
3,-0.44493657134826137,-0.6670526987058938
3,-0.5882717068423293,-0.6670526987058938
3,-0.7989348563069356,-0.6670526987058938
3,-1.0819563001023962,-0.6670526987058938
3,-0.10473535052001282,-0.6670526987058938
3,-0.7549214096651689,-0.6670526987058938
3,-0.7300042380759866,-0.6670526987058938
3,-0.5929166118880929,-0.6670526987058938
3,-0.18364439694612678,-0.6670526987058938
3,-0.07918124604762511,-0.6670526987058938
3,-0.43933269383026285,-0.6670526987058938
3,-0.3405385369476548,-0.6670526987058938
3,-1.3661962846069269,-0.6670526987058938
3,-1.1249387366083,-0.6670526987058938
3,-0.6917914197088955,-0.6670526987058938
3,-1.7781512503836439,-0.6670526987058938
3,-1.2648178230095368,-0.6670526987058938
3,-1.154901959985743,-0.6670526987058938
3,-1.4375303314980883,-0.6670526987058938
3,-1.2582780152430315,-0.6670526987058938
3,-1.5642714304385628,-0.6670526987058938
3,-0.4375301220789325,-0.6670526987058938
3,-1.6926266329514812,-0.6670526987058938
3,-0.5166297960033361,-0.6670526987058938
3,-1.431363764158987,-0.6670526987058938
3,-1.272474535210928,-0.6670526987058938
3,-1.1903316981702918,-0.6670526987058938
3,-0.8973376581028525,-0.6670526987058938
3,-0.5835765856339492,-0.6670526987058938
3,0.0,-0.6670526987058938
3,-0.7289332277134619,-0.6670526987058938
3,-0.7955365657786055,-0.6670526987058938
3,-0.808114473761087,-0.6670526987058938
3,-0.598653742636051,-0.6670526987058938
3,-1.0,-0.6670526987058938
3,-0.6606653005632923,-0.6670526987058938
3,-0.5440680443502757,-0.6670526987058938
3,-0.3901303070435729,-0.6670526987058938
3,-0.5094905478629839,-0.6670526987058938
3,-1.0,-0.6670526987058938
3,-0.7672348358945449,-0.6670526987058938
3,-0.824644210183429,-0.6670526987058938
3,-0.5071746648863202,-0.6670526987058938
3,-0.16883592022309912,-0.6670526987058938
3,-0.6940254217189574,-0.6670526987058938
3,-0.7545638531061272,-0.6670526987058938
3,-0.9336648928393814,-0.6670526987058938
3,-0.16272729749769965,-0.6670526987058938
3,-0.7713751873175951,-0.6670526987058938
3,-0.7501225267833993,-0.6670526987058938
3,-0.5423809577330196,-0.6670526987058938
3,-0.3889566680708807,-0.6670526987058938
3,-1.519287394190787,-0.6670526987058938
3,-1.803261970966675,-0.6670526987058938
3,-1.346515967314966,-0.6670526987058938
3,-1.7396442534629069,-0.6670526987058938
3,-1.3700399458583679,-0.6670526987058938
3,-1.6207422042957162,-0.6670526987058938
3,-1.7215358322347596,-0.6670526987058938
3,-1.345700390583442,-0.6670526987058938
3,-1.5835765856339492,-0.6670526987058938
3,-1.6197887582883936,-0.6670526987058938
3,-1.4778825072930193,-0.6670526987058938
3,-0.9777236052888476,-0.6670526987058938
3,-1.4018450592255762,-0.6670526987058938
3,-1.4795273244855407,-0.6670526987058938
3,-1.7455952164279207,-0.6670526987058938
3,-1.5096504795465826,-0.6670526987058938
3,-1.1256386472866255,-0.6670526987058938
3,-1.4458937088134602,-0.6670526987058938
3,-1.3175990970971743,-0.6670526987058938
3,-1.7215358322347596,-0.6670526987058938
3,-1.976961016011427,-0.6670526987058938
3,-1.4892551683692599,-0.6670526987058938
3,-1.3284682440109208,-0.6670526987058938
3,-1.343372997354356,-0.6670526987058938
3,-1.230448921378274,-0.6670526987058938
3,-1.1760912590556813,-0.6670526987058938
3,-1.4559319556497243,-0.6670526987058938
3,-1.9190780923760737,-0.6670526987058938
3,-1.5217916496391233,-0.6670526987058938
3,-1.7472175361399929,-0.6670526987058938
3,-1.670941280735775,-0.6670526987058938
3,-0.616672031877334,-0.6670526987058938
3,-1.0566117062143716,-0.6670526987058938
3,-1.675300043738182,-0.6670526987058938
3,-0.2114192213974242,-0.6670526987058938
3,-1.8309092995464429,-0.6670526987058938
3,-0.3992755437555049,-0.6670526987058938
3,-0.11362062053529165,-0.6670526987058938
3,0.0,-0.6670526987058938
3,0.0,-0.6670526987058938
3,1.7649308809849815,-0.6670526987058938
3,1.4440447959180762,-0.6670526987058938
3,0.0,-0.6670526987058938
3,-0.4313637641589878,-0.6670526987058938
3,-0.21260809288144422,-0.6670526987058938
3,-0.8328635835972458,-0.6670526987058938
3,-0.5740312677277188,-0.6670526987058938
3,-0.9542425094393252,-0.6670526987058938
3,-0.6320232147054057,-0.6670526987058938
3,-1.1914975900970806,-0.6670526987058938
3,-1.1461280356782382,-0.6670526987058938
3,-0.9294189257142929,-0.6670526987058938
3,-0.5188198888034705,-0.6670526987058938
3,-1.4395415394615556,-0.6670526987058938
3,-1.079181246047625,-0.6670526987058938
3,0.0,-0.6670526987058938
3,-0.5268090389087696,-0.6670526987058938
3,-0.6696394023113736,-0.6670526987058938
3,-0.7092460664759814,-0.6670526987058938
3,-0.5330562595094737,-0.6670526987058938
3,-0.8145012724224872,-0.6670526987058938
3,-0.7739952906124863,-0.6670526987058938
3,-0.6879746200345549,-0.6670526987058938
3,-0.2646054261027677,-0.6670526987058938
3,-0.6503646709025173,-0.6670526987058938
3,-0.3372421683184257,-0.6670526987058938
3,-1.0315170514460652,-0.6670526987058938
3,0.0,-0.6670526987058938
3,0.0,-0.6670526987058938
3,-0.9759196228469422,-0.6670526987058938
3,0.0,-0.6670526987058938
3,-1.7050441520482122,-0.6670526987058938
3,0.0,-0.6670526987058938
3,-1.0,-0.6670526987058938
3,-0.5932860670204576,-0.6670526987058938
3,-0.5789946872592688,-0.6670526987058938
3,-1.113943352306837,-0.6670526987058938
3,-0.672097857935718,-0.6670526987058938
3,-0.9646720376582572,-0.6670526987058938
3,-0.4432453729278514,-0.6670526987058938
3,-0.46915232504838666,-0.6670526987058938
3,0.0,-0.6670526987058938
3,0.0,-0.6670526987058938
3,-1.3802112417116064,-0.6670526987058938
3,-1.3273589343863295,-0.6670526987058938
3,0.0,-0.6670526987058938
3,0.2705922030369319,-0.6670526987058938
3,0.7032250103799518,-0.6670526987058938
3,0.5399788431160077,-0.6670526987058938
3,0.2127271121038934,-0.6670526987058938
3,0.8675245105715961,-0.6670526987058938
3,1.2309713024148268,-0.6670526987058938
3,0.7187630910163998,-0.6670526987058938
3,0.42579681672523595,-0.6670526987058938
3,-1.01598810538413,-0.6670526987058938
3,-1.7809263044384158,-0.6670526987058938
3,-1.078021580520386,-0.6670526987058938
3,-1.9259992664561558,-0.6670526987058938
3,-0.979244778409381,-0.6670526987058938
3,-0.8319763626923518,-0.6670526987058938
3,-0.588557520924315,-0.6670526987058938
3,-1.7303784685876424,-0.6670526987058938
3,-0.14612803567823818,-0.6670526987058938
3,-1.1382316259813603,-0.6670526987058938
3,-0.7440483790712067,-0.6670526987058938
3,-1.3601514477826377,-0.6670526987058938
3,-0.3133971826694042,-0.6670526987058938
3,-0.7220353084047115,-0.6670526987058938
3,-1.4522976709946303,-0.6670526987058938
3,-0.8101204564586855,-0.6670526987058938
3,-1.717453410030032,-0.6670526987058938
3,-2.228294797183975,-0.6670526987058938
3,-2.1471014267810613,-0.6670526987058938
3,-1.5304131631775952,-0.6670526987058938
3,-0.355387657986574,-0.6670526987058938
3,-0.6671781699121677,-0.6670526987058938
3,-1.4074853265782679,-0.6670526987058938
3,-0.5729576096236553,-0.6670526987058938
3,-1.1760912590556813,-0.6670526987058938
3,-0.4514759214932562,-0.6670526987058938
3,0.30102999566398125,-0.6670526987058938
3,-1.3135157072120407,-0.6670526987058938
3,-0.3077633783229494,-0.6670526987058938
3,-0.4202164033831899,-0.6670526987058938
3,0.0,-0.6670526987058938
3,-1.014723256820706,-0.6670526987058938
3,-2.1487416512809245,-0.6670526987058938
3,-1.2123034317101258,-0.6670526987058938
3,-0.9612474110079834,-0.6670526987058938
3,-1.4832443397784516,-0.6670526987058938
3,1.7558748556724915,-0.6670526987058938
3,-2.3832167518513314,-0.6670526987058938
3,-2.3790031895226376,-0.6670526987058938
3,-2.3735249804634035,-0.6670526987058938
3,-2.8084360542881113,-0.6670526987058938
3,-3.086449942612389,-0.6670526987058938
3,-2.0307346169761686,-0.6670526987058938
3,-2.4205058365707792,-0.6670526987058938
3,-0.4957264992367225,-0.6670526987058938
3,-0.3032628770962731,-0.6670526987058938
3,-0.4330536280883628,-0.6670526987058938
3,-1.438747391205414,-0.6670526987058938
3,-0.34145865271958975,-0.6670526987058938
3,0.08804493295993954,-0.6670526987058938
3,-1.3541084391474012,-0.6670526987058938
3,-1.3979400086720375,-0.6670526987058938
3,-1.3862016054007933,-0.6670526987058938
3,0.03959044503700948,-0.6670526987058938
3,-1.157607853361668,-0.6670526987058938
3,0.8694954079490973,-0.6670526987058938
3,0.9951744561107096,-0.6670526987058938
3,0.47856329638292383,-0.6670526987058938
3,-1.3685816523588086,-0.6670526987058938
3,0.5440680443502757,-0.6670526987058938
3,-1.1461280356782382,-0.6670526987058938
3,-0.9190101329859175,-0.6670526987058938
3,-0.23856180154675855,-0.6670526987058938
3,0.0,-0.6670526987058938
3,-1.2350691190150194,-0.6670526987058938
3,-1.1856365769619117,-0.6670526987058938
3,-0.09691001300805624,-0.6670526987058938
3,-1.3041210726411228,-0.6670526987058938
3,0.0,-0.6670526987058938
3,-0.42596873227228116,-0.6670526987058938
3,-0.6320232147054057,-0.6670526987058938
3,-1.2427025566017047,-0.6670526987058938
3,0.20056502843888158,-0.6670526987058938
3,0.8846065812979305,-0.6670526987058938
3,0.9700367766225568,-0.6670526987058938
3,0.0,-0.6670526987058938
3,0.0,-0.6670526987058938
3,0.0,-0.6670526987058938
3,0.0,-0.6670526987058938
3,0.0,-0.6670526987058938
3,-2.005829543660724,-0.6670526987058938
3,-2.0425523506854635,-0.6670526987058938
3,-2.5060538173181506,-0.6670526987058938
3,-1.5492378443889558,-0.6670526987058938
3,-0.15490195998574308,-0.6670526987058938
3,-0.15490195998574308,-0.6670526987058938
3,0.0,-0.6670526987058938
3,-0.6658539941039692,-0.6670526987058938
3,0.45319267569014343,-0.6670526987058938
3,0.014723256820706965,-0.6670526987058938
3,0.3958163150421816,-0.6670526987058938
3,0.15933357478481813,-0.6670526987058938
3,0.0,-0.6670526987058938
3,0.7347714789456772,-0.6670526987058938
3,0.38945759571829885,-0.6670526987058938
3,0.5208292648142576,-0.6670526987058938
3,1.2397082152473793,-0.6670526987058938
3,0.8639199713173529,-0.6670526987058938
3,0.20985563495709947,-0.6670526987058938
3,0.39538854403305557,-0.6670526987058938
3,0.424029543381379,-0.6670526987058938
3,0.0,-0.6670526987058938
3,0.023675089903716362,-0.6670526987058938
3,0.571379327328061,-0.6670526987058938
3,0.5389186541454025,-0.6670526987058938
3,0.2508049577803275,-0.6670526987058938
3,0.0,-0.6670526987058938
3,-0.8750612633917001,-0.6670526987058938
3,0.0,-0.6670526987058938
3,0.0,-0.6670526987058938
3,-1.2230878217319043,-0.6670526987058938
3,-1.0,-0.6670526987058938
3,0.4056057432185165,-0.6670526987058938
3,-0.09400502236464892,-0.6670526987058938
3,0.17463880404736631,-0.6670526987058938
3,-1.0351136194163244,-0.6670526987058938
3,0.0,-0.6670526987058938
3,-0.43933269383026285,-0.6670526987058938
3,-0.9200284089082231,-0.6670526987058938
3,-0.9542425094393252,-0.6670526987058938
3,-0.21075871684946446,-0.6670526987058938
3,-0.7596678446896306,-0.6670526987058938
3,-1.3424226808222066,-0.6670526987058938
3,0.10431404621996965,-0.6670526987058938
3,-0.5383909114585848,-0.6670526987058938
3,-1.740362689494244,-0.6670526987058938
3,-0.41017446508904953,-0.6670526987058938
3,-0.5460648041063507,-0.6670526987058938
3,-0.7533276666586115,-0.6670526987058938
3,-1.3010299956639813,-0.6670526987058938
3,-1.1505139038522927,-0.6670526987058938
3,-1.1505139038522927,-0.6670526987058938
3,-1.6989700043360187,-0.6670526987058938
3,-2.1505139038522927,-0.6670526987058938
3,-1.1505139038522927,-0.6670526987058938
3,-1.0,-0.6670526987058938
3,-1.3010299956639813,-0.6670526987058938
3,-1.1801596211900938,-0.6670526987058938
3,-0.4375066456660379,-0.6670526987058938
3,-0.6989700043360187,-0.6670526987058938
3,0.1397698316532603,-0.6670526987058938
3,-1.3441906747575478,-0.6670526987058938
3,-0.5198558016467656,-0.6670526987058938
3,-1.0007679833688323,-0.6670526987058938
3,-0.7792634007530115,-0.6670526987058938
3,-0.8903780214758052,-0.6670526987058938
3,-3.08795517035513,-0.6670526987058938
3,0.0,-0.6670526987058938
3,-0.23823916580452575,-0.6670526987058938
3,-1.8280647007154762,-0.6670526987058938
3,-1.9294189257142929,-0.6670526987058938
3,-1.4593924877592306,-0.6670526987058938
3,-1.6264193371874072,-0.6670526987058938
3,-1.8692317197309762,-0.6670526987058938
3,0.9030899869919438,-0.6670526987058938
3,-0.8251134420826896,-0.6670526987058938
3,-1.4372678984262883,-0.6670526987058938
3,-0.5336026106721103,-0.6670526987058938
3,0.0,-0.6670526987058938
3,0.0,-0.6670526987058938
3,-1.7269987279362624,-0.6670526987058938
3,-0.42596873227228116,-0.6670526987058938
3,-0.7269987279362624,-0.6670526987058938
3,-0.9222062774390167,-0.6670526987058938
3,-0.8211858826088454,-0.6670526987058938
3,0.43818045492417124,-0.6670526987058938
3,-0.9957212020207251,-0.6670526987058938
3,0.6573413950487694,-0.6670526987058938
3,0.18499212056651704,-0.6670526987058938
3,0.18288786853376138,-0.6670526987058938
3,0.5641359674050559,-0.6670526987058938
3,-0.7403626894942441,-0.6670526987058938
3,0.3246679966354229,-0.6670526987058938
3,0.7781512503836439,-0.6670526987058938
3,0.30102999566398125,-0.6670526987058938
3,1.0,-0.6670526987058938
3,-0.34948628751527444,-0.6670526987058938
3,-1.0496419314221423,-0.6670526987058938
3,-0.22184874961635614,-0.6670526987058938
3,-1.1186897873312986,-0.6670526987058938
3,-1.125806458139527,-0.6670526987058938
3,-0.865301426102544,-0.6670526987058938
3,-0.29718097949306443,-0.6670526987058938
3,0.05368485896277697,-0.6670526987058938
3,-0.2304489213782741,-0.6670526987058938
3,0.06581728448964341,-0.6670526987058938
3,-0.08203605708217943,-0.6670526987058938
3,-0.045757490560674796,-0.6670526987058938
3,0.05115252244738144,-0.6670526987058938
3,0.17609125905568135,-0.6670526987058938
3,0.048304679574554754,-0.6670526987058938
3,-0.10198953853733084,-0.6670526987058938
3,-0.06305174574708872,-0.6670526987058938
3,-0.4881678788616428,-0.6670526987058938
3,0.0,-0.6670526987058938
3,0.23888208891513685,-0.6670526987058938
3,-0.3330881015206941,-0.6670526987058938
3,-0.6020599913279625,-0.6670526987058938
3,-0.17574002911349673,-0.6670526987058938
3,-0.3357921019231931,-0.6670526987058938
3,-0.19964128268496673,-0.6670526987058938
3,-0.17609125905568135,-0.6670526987058938
3,0.6687190734409958,-0.6670526987058938
3,0.0,-0.6670526987058938
3,0.0,-0.6670526987058938
3,-0.6020599913279625,-0.6670526987058938
3,-0.653212513775344,-0.6670526987058938
3,0.5161539089494696,-0.6670526987058938
3,0.6816274485899259,-0.6670526987058938
3,0.0,-0.6670526987058938
3,-1.2002249387724007,-0.6670526987058938
3,-1.0889410833367812,-0.6670526987058938
3,-0.4210053127407303,-0.6670526987058938
3,-0.865301426102544,-0.6670526987058938
3,-0.7608714329386874,-0.6670526987058938
3,-0.7403626894942441,-0.6670526987058938
3,-1.0667513375652513,-0.6670526987058938
3,-1.1681223293844054,-0.6670526987058938
3,-1.2787536009528289,-0.6670526987058938
3,0.17567887514922909,-0.6670526987058938
3,-0.7403626894942441,-0.6670526987058938
3,-1.6434526764861879,-0.6670526987058938
3,-0.23855876556918343,-0.6670526987058938
3,-1.066946789630613,-0.6670526987058938
3,-0.955032854483477,-0.6670526987058938
3,-0.6434526764861879,-0.6670526987058938
3,1.6241101320710358,-0.6670526987058938
3,-1.5295824315748439,-0.6670526987058938
3,0.10319830233507865,-0.6670526987058938
3,-1.4149733479708182,-0.6670526987058938
3,-0.36408174141106997,-0.6670526987058938
3,1.6020599913279625,-0.6670526987058938
3,0.7403626894942441,-0.6670526987058938
3,1.1962946451439684,-0.6670526987058938
3,0.6989700043360187,-0.6670526987058938
3,0.0,-0.6670526987058938
3,0.2683104668039187,-0.6670526987058938
3,-0.44542775151412606,-0.6670526987058938
3,-0.3357921019231931,-0.6670526987058938
3,-1.089987216455599,-0.6670526987058938
3,-0.4375301220789325,-0.6670526987058938
3,-0.960232873128513,-0.6670526987058938
3,0.0,-0.6670526987058938
3,-1.0,-0.6670526987058938
3,0.0,-0.6670526987058938
3,0.653212513775344,-0.6670526987058938
3,-1.318063334962762,-0.6670526987058938
3,-1.3539337079111249,-0.6670526987058938
3,-2.046512129294256,-0.6670526987058938
3,-1.365903776671729,-0.6670526987058938
3,-1.1249387366083,-0.6670526987058938
3,0.1294022340875074,-0.6670526987058938
3,-0.30102999566398125,-0.6670526987058938
3,0.13771302464472868,-0.6670526987058938
3,-1.3979400086720375,-0.6670526987058938
3,0.0,-0.6670526987058938
3,-0.728259380438006,-0.6670526987058938
3,-0.43933269383026285,-0.6670526987058938
3,-1.3979400086720375,-0.6670526987058938
3,0.4771212547196626,-0.6670526987058938
3,-0.3521825181113627,-0.6670526987058938
3,0.448794056252094,-0.6670526987058938
3,1.19755483358907,-0.6670526987058938
3,0.9636548325559984,-0.6670526987058938
3,1.0656225647827258,-0.6670526987058938
3,1.1578299420813645,-0.6670526987058938
3,0.6757357240908215,-0.6670526987058938
3,1.259844068177789,-0.6670526987058938
3,0.27147475210226535,-0.6670526987058938
3,0.45185636256515416,-0.6670526987058938
3,-1.343781976084931,-0.6670526987058938
3,0.4610493196492511,-0.6670526987058938
3,0.7191542243137574,-0.6670526987058938
3,0.70351763208674,-0.6670526987058938
3,-1.4983105537896009,-0.6670526987058938
3,-1.0443762570945339,-0.6670526987058938
3,-0.5362030253104102,-0.6670526987058938
3,-0.4761902908435509,-0.6670526987058938
3,-0.7155010314710326,-0.6670526987058938
3,-0.48783189575486574,-0.6670526987058938
3,-0.8311920126834114,-0.6670526987058938
3,-0.8826144012821455,-0.6670526987058938
3,-0.3309932190414244,-0.6670526987058938
3,-2.1692364124099317,-0.6670526987058938
3,0.1636739850503961,-0.6670526987058938
3,0.0,-0.6670526987058938
3,0.451927270561173,-0.6670526987058938
3,-0.4375301220789325,-0.6670526987058938
3,-0.9652378937407882,-0.6670526987058938
3,-1.090176630349088,-0.6670526987058938
3,-0.6555043105549281,-0.6670526987058938
3,-0.8293037728310244,-0.6670526987058938
3,-0.500602350569185,-0.6670526987058938
3,-0.46797787527979207,-0.6670526987058938
3,-0.8450980400142569,-0.6670526987058938
3,-0.6557448502907386,-0.6670526987058938
3,-0.842392146638332,-0.6670526987058938
3,-0.7569619513137056,-0.6670526987058938
3,-0.7781512503836439,-0.6670526987058938
3,-0.9868385539420288,-0.6670526987058938
3,-1.2932046581520247,-0.6670526987058938
3,-0.9234428977785232,-0.6670526987058938
3,-0.445712790468038,-0.6670526987058938
3,-0.795880017344075,-0.6670526987058938
3,-1.2477844837107561,-0.6670526987058938
3,-1.207431011261928,-0.6670526987058938
3,-0.6917914197088955,-0.6670526987058938
3,-0.3099848383169075,-0.6670526987058938
3,-0.5698753079565613,-0.6670526987058938
3,-0.8702087605972881,-0.6670526987058938
3,-0.3979400086720375,-0.6670526987058938
3,-1.653212513775344,-0.6670526987058938
3,-0.7403626894942441,-0.6670526987058938
3,0.0,-0.6670526987058938
3,-1.0,-0.6670526987058938
3,0.0,-0.6670526987058938
3,0.0,-0.6670526987058938
3,0.3979400086720375,-0.6670526987058938
3,1.5228787452803374,-0.6670526987058938
3,-0.5913361259361896,-0.6670526987058938
3,0.0433514207947967,-0.6670526987058938
3,-1.2314695904306818,-0.6670526987058938
3,0.30102999566398125,-0.6670526987058938
3,-0.3494856763830949,-0.6670526987058938
3,-0.3494856763830949,-0.6670526987058938
3,-0.3494856763830949,-0.6670526987058938
3,0.38021124171160636,-0.6670526987058938
3,-0.38021124171160636,-0.6670526987058938
3,-0.3494856763830949,-0.6670526987058938
3,-0.09691001300805624,-0.6670526987058938
3,-0.09691001300805624,-0.6670526987058938
3,-0.4375301220789325,-0.6670526987058938
3,-0.3494856763830949,-0.6670526987058938
3,0.0,-0.6670526987058938
3,-0.24303804868629442,-0.6670526987058938
3,0.625074354750077,-0.6670526987058938
3,0.0,-0.6670526987058938
3,-0.7870157984620274,-0.6670526987058938
3,-0.4375301220789325,-0.6670526987058938
3,0.0,-0.6670526987058938
3,-0.45154571957920364,-0.6670526987058938
3,0.011899223299707273,-0.6670526987058938
3,-0.3979400086720375,-0.6670526987058938
3,-0.3979400086720375,-0.6670526987058938
3,0.0,-0.6670526987058938
3,0.0,-0.6670526987058938
3,-0.4375301220789325,-0.6670526987058938
3,0.0,-0.6670526987058938
3,0.0,-0.6670526987058938
3,-0.4375301220789325,-0.6670526987058938
3,-0.4375301220789325,-0.6670526987058938
3,-0.3494856763830949,-0.6670526987058938
3,-0.4375301220789325,-0.6670526987058938
3,-0.4375301220789325,-0.6670526987058938
3,-0.19896832053217395,-0.6670526987058938
3,-0.3494856763830949,-0.6670526987058938
3,-0.19896832053217395,-0.6670526987058938
3,-0.4375318721122108,-0.6670526987058938
3,0.0,-0.6670526987058938
3,-0.23855876556918343,-0.6670526987058938
3,-0.4375301220789325,-0.6670526987058938
3,-0.4375301220789325,-0.6670526987058938
3,-0.7870157984620274,-0.6670526987058938
3,-0.4375301220789325,-0.6670526987058938
3,-0.6020599913279625,-0.6670526987058938
3,-0.34948420103163524,-0.6670526987058938
3,-0.19896832053217395,-0.6670526987058938
3,-0.23855876556918343,-0.6670526987058938
3,-0.389077352590518,-0.6670526987058938
3,-0.23855876556918343,-0.6670526987058938
3,0.0,-0.6670526987058938
3,0.0,-0.6670526987058938
3,0.03959044503700948,-0.6670526987058938
3,-0.3098941018406549,-0.6670526987058938
3,-0.8266064438386556,-0.6670526987058938
3,0.30102999566398125,-0.6670526987058938
3,0.04845513955992686,-0.6670526987058938
3,-0.08804493295993954,-0.6670526987058938
3,-0.4375301220789325,-0.6670526987058938
3,0.0,-0.6670526987058938
3,-0.3494856763830949,-0.6670526987058938
3,-0.4375301220789325,-0.6670526987058938
3,-0.7870157984620274,-0.6670526987058938
3,-0.3979400086720375,-0.6670526987058938
3,-0.3979400086720375,-0.6670526987058938
3,-1.1962946451439684,-0.6670526987058938
3,-1.0,-0.6670526987058938
3,-1.346787486224656,-0.6670526987058938
3,-1.8698833244772235,-0.6670526987058938
3,-0.6989700043360187,-0.6670526987058938
3,-1.7781512503836439,-0.6670526987058938
3,-1.7781512503836439,-0.6670526987058938
3,-1.4738799660368604,-0.6670526987058938
3,-1.6989700043360187,-0.6670526987058938
3,-1.740362689494244,-0.6670526987058938
3,-1.6989700043360187,-0.6670526987058938
3,-1.2552725051033065,-0.6670526987058938
3,-1.3832167518513314,-0.6670526987058938
3,-1.4913616938342722,-0.6670526987058938
3,-1.8061799739838875,-0.6670526987058938
3,-1.361727836017593,-0.6670526987058938
3,-1.3374592612906557,-0.6670526987058938
3,-1.3489535479811643,-0.6670526987058938
3,-1.6368220975871743,-0.6670526987058938
3,-1.4722687519252506,-0.6670526987058938
3,-1.3869446243705745,-0.6670526987058938
3,-1.113943352306837,-0.6670526987058938
3,-1.1249387366083,-0.6670526987058938
3,-1.0,-0.6670526987058938
3,-1.0969100130080562,-0.6670526987058938
3,-1.1499884564914762,-0.6670526987058938
3,-1.3010299956639813,-0.6670526987058938
3,-1.4771212547196626,-0.6670526987058938
3,-1.2787536009528289,-0.6670526987058938
3,-0.9467544880467749,-0.6670526987058938
3,-1.4259687322722812,-0.6670526987058938
3,-1.3726051894766655,-0.6670526987058938
3,-1.3276994240014997,-0.6670526987058938
3,-0.8846065812979305,-0.6670526987058938
3,-0.9232082756993556,-0.6670526987058938
3,-1.1663314217665253,-0.6670526987058938
3,-1.3010299956639813,-0.6670526987058938
3,-0.42596873227228116,-0.6670526987058938
3,-0.5228787452803374,-0.6670526987058938
3,-0.8218497723919924,-0.6670526987058938
3,-1.3769086061615203,-0.6670526987058938
3,-0.963147274896242,-0.6670526987058938
3,-0.8635031026969804,-0.6670526987058938
3,-1.4863861882411777,-0.6670526987058938
3,-0.661713993460503,-0.6670526987058938
3,-1.2037419073682978,-0.6670526987058938
3,-1.6761217932395551,-0.6670526987058938
3,-1.4987698816821302,-0.6670526987058938
3,-1.7745169657285498,-0.6670526987058938
3,-1.480881403592969,-0.6670526987058938
3,-1.5028380383052404,-0.6670526987058938
3,-1.2478509382615277,-0.6670526987058938
3,-1.548650858090097,-0.6670526987058938
3,-1.3798355303350363,-0.6670526987058938
3,-0.9661417327390325,-0.6670526987058938
3,-1.5228787452803374,-0.6670526987058938
3,-1.7558748556724915,-0.6670526987058938
3,-1.6320232147054057,-0.6670526987058938
3,-1.7781512503836439,-0.6670526987058938
3,-1.3862016054007933,-0.6670526987058938
3,1.2502571681130155,-0.6670526987058938
3,0.18047450544588006,-0.6670526987058938
3,0.26619901390198386,-0.6670526987058938
3,-0.014459282395584694,-0.6670526987058938
3,0.8981814186151089,-0.6670526987058938
3,0.18347207737417293,-0.6670526987058938
3,0.5983321188087194,-0.6670526987058938
3,0.054303400524028156,-0.6670526987058938
3,-0.09005152751604584,-0.6670526987058938
3,0.501267424470992,-0.6670526987058938
3,0.24162739779117715,-0.6670526987058938
3,0.2353756021490181,-0.6670526987058938
3,1.2850569696875684,-0.6670526987058938
3,0.5976358520105602,-0.6670526987058938
3,-0.04778894189133087,-0.6670526987058938
3,-0.8750612633917001,-0.6670526987058938
3,-0.6020599913279625,-0.6670526987058938
3,0.0,-0.6670526987058938
3,0.0,-0.6670526987058938
3,-0.3494856763830949,-0.6670526987058938
3,-0.45154571957920364,-0.6670526987058938
3,-1.310370021918124,-0.6670526987058938
3,-0.3651474952757301,-0.6670526987058938
3,-0.8522634644019309,-0.6670526987058938
3,0.9129723757621191,-0.6670526987058938
3,0.6857670331351287,-0.6670526987058938
3,0.7284446902292494,-0.6670526987058938
3,0.4151420387796598,-0.6670526987058938
3,0.14304465902613295,-0.6670526987058938
3,0.3672038743416062,-0.6670526987058938
3,0.6805956007997604,-0.6670526987058938
3,0.7043325400962628,-0.6670526987058938
3,-0.8129133566428557,-0.6670526987058938
3,-1.2430380486862944,-0.6670526987058938
3,-1.0248235837250323,-0.6670526987058938
3,-0.09691001300805624,-0.6670526987058938
3,-1.3222192947339186,-0.6670526987058938
3,-1.8512583487190746,-0.6670526987058938
3,-0.5544777313520406,-0.6670526987058938
3,-1.3631779024128257,-0.6670526987058938
3,0.2632414347745815,-0.6670526987058938
3,-0.07463361829690385,-0.6670526987058938
3,0.2596373105057559,-0.6670526987058938
3,-1.1383026981662816,-0.6670526987058938
3,-0.5228787452803374,-0.6670526987058938
3,-0.6847295652214083,-0.6670526987058938
3,-1.0616905138872896,-0.6670526987058938
3,-0.9868927245113239,-0.6670526987058938
3,-0.3215516628085835,-0.6670526987058938
3,-0.4988405044128985,-0.6670526987058938
3,-0.59633038992206,-0.6670526987058938
3,0.28222643184127527,-0.6670526987058938
3,-0.71213145039399,-0.6670526987058938
3,-1.1055101847699733,-0.6670526987058938
3,-0.6966371725035474,-0.6670526987058938
3,-0.8283178598493732,-0.6670526987058938
3,-0.5228787452803374,-0.6670526987058938
3,-0.8628809888076958,-0.6670526987058938
3,-0.939135091176583,-0.6670526987058938
3,1.9138138523837167,-0.6670526987058938
3,1.359021942641668,-0.6670526987058938
3,1.3010299956639813,-0.6670526987058938
3,-0.7533276666586115,-0.6670526987058938
3,-1.204119982655925,-0.6670526987058938
3,-1.4393326938302629,-0.6670526987058938
3,-0.9777236052888476,-0.6670526987058938
3,-0.8239087409443187,-0.6670526987058938
3,-1.0,-0.6670526987058938
3,-1.4819201376014313,-0.6670526987058938
3,-1.6127838567197355,-0.6670526987058938
3,-1.0211892990699383,-0.6670526987058938
3,-0.8450980400142569,-0.6670526987058938
3,-1.4471580313422194,-0.6670526987058938
3,-0.8450980400142569,-0.6670526987058938
3,-1.6901960800285138,-0.6670526987058938
3,-1.4065401804339555,-0.6670526987058938
3,-1.423245873936807,-0.6670526987058938
3,-1.2552725051033065,-0.6670526987058938
3,-1.2552725051033065,-0.6670526987058938
3,-1.5440680443502757,-0.6670526987058938
3,-1.871183608328498,-0.6670526987058938
3,-1.5314789170422554,-0.6670526987058938
3,-1.955206537541942,-0.6670526987058938
3,-1.9934362304976112,-0.6670526987058938
3,-1.0,-0.6670526987058938
3,-1.0,-0.6670526987058938
3,0.11159708901596588,-0.6670526987058938
3,-0.8224489261852765,-0.6670526987058938
3,-1.1393684520309417,-0.6670526987058938
3,-1.3620182368855867,-0.6670526987058938
3,-1.0,-0.6670526987058938
3,-1.277548899814458,-0.6670526987058938
3,-1.995279361327416,-0.6670526987058938
3,-1.0102191651816854,-0.6670526987058938
3,0.0,-0.6670526987058938
3,0.0,-0.6670526987058938
3,-1.0,-0.6670526987058938
3,-0.9912260756924951,-0.6670526987058938
3,-0.7596678446896306,-0.6670526987058938
3,-0.3979400086720375,-0.6670526987058938
3,-0.4771212547196626,-0.6670526987058938
3,-0.8195439355418692,-0.6670526987058938
3,-1.0700378666077546,-0.6670526987058938
3,-0.9777236052888476,-0.6670526987058938
3,-0.5331418207276597,-0.6670526987058938
3,-1.0969100130080562,-0.6670526987058938
3,-0.9030899869919438,-0.6670526987058938
3,-1.0,-0.6670526987058938
3,-0.7649984701971482,-0.6670526987058938
3,-1.4161237976022498,-0.6670526987058938
3,-1.4425378337054742,-0.6670526987058938
3,-1.24177739618455,-0.6670526987058938
3,-1.4281347940287885,-0.6670526987058938
3,-1.4149733479708182,-0.6670526987058938
3,-1.6993646381495449,-0.6670526987058938
3,-1.3350882209232404,-0.6670526987058938
3,-1.4592884775846455,-0.6670526987058938
3,-0.5696265473873332,-0.6670526987058938
3,-0.5056147129623305,-0.6670526987058938
3,-1.1205739312058496,-0.6670526987058938
3,-0.9731278535996983,-0.6670526987058938
3,-1.0922526548953835,-0.6670526987058938
3,-1.6872316010647745,-0.6670526987058938
3,-0.9700367766225568,-0.6670526987058938
3,-1.079181246047625,-0.6670526987058938
3,-1.113943352306837,-0.6670526987058938
3,-1.1026623418971475,-0.6670526987058938
3,-1.1635021317476602,-0.6670526987058938
3,-2.079181246047625,-0.6670526987058938
3,-1.5051499783199063,-0.6670526987058938
3,-1.7501225267834002,-0.6670526987058938
3,-0.8239087409443187,-0.6670526987058938
3,-1.4973246408079497,-0.6670526987058938
3,-1.5177391056279266,-0.6670526987058938
3,-0.7276151857855488,-0.6670526987058938
3,-1.0,-0.6670526987058938
3,-1.0969100130080562,-0.6670526987058938
3,-1.0,-0.6670526987058938
3,-0.9488474775526186,-0.6670526987058938
3,-0.28523572848074874,-0.6670526987058938
3,-0.32658410013636985,-0.6670526987058938
3,-0.3357921019231931,-0.6670526987058938
3,-0.7380340271756607,-0.6670526987058938
3,-0.6020599913279625,-0.6670526987058938
3,-0.7569619513137056,-0.6670526987058938
3,-0.9700367766225568,-0.6670526987058938
3,-0.1733929190978749,-0.6670526987058938
3,-0.3099848383169075,-0.6670526987058938
3,-0.6709412807357751,-0.6670526987058938
3,-0.48666657262589297,-0.6670526987058938
3,-1.1268732363854994,-0.6670526987058938
3,-0.49600659888003573,-0.6670526987058938
3,-0.3949397456653134,-0.6670526987058938
3,-0.5011594955871015,-0.6670526987058938
3,-1.0644579892269181,-0.6670526987058938
3,-0.3752760240360935,-0.6670526987058938
3,-0.11650556907143717,-0.6670526987058938
3,-0.804386601241843,-0.6670526987058938
3,0.0315170514460652,-0.6670526987058938
3,-0.9274493328513884,-0.6670526987058938
3,-0.8519374645445623,-0.6670526987058938
3,-1.1012313867906984,-0.6670526987058938
3,-0.41318565910805827,-0.6670526987058938
3,-0.8492146062090891,-0.6670526987058938
3,-0.6924391371770602,-0.6670526987058938
3,-0.5473212017479971,-0.6670526987058938
3,-0.6357431045305342,-0.6670526987058938
3,-0.795880017344075,-0.6670526987058938
3,-0.6989700043360187,-0.6670526987058938
3,-0.8260748027008269,-0.6670526987058938
3,-0.3579996169848032,-0.6670526987058938
3,-1.1890562362200487,-0.6670526987058938
3,-0.8450980400142569,-0.6670526987058938
3,-1.3010299956639813,-0.6670526987058938
3,-1.3010299956639813,-0.6670526987058938
3,-1.4933584535903481,-0.6670526987058938
3,-1.079181246047625,-0.6670526987058938
3,-0.8860566476931631,-0.6670526987058938
3,-1.3735806628125928,-0.6670526987058938
3,-1.5642714304385628,-0.6670526987058938
3,-1.7160033436347994,-0.6670526987058938
3,-1.3010299956639813,-0.6670526987058938
3,-0.8450980400142569,-0.6670526987058938
3,-1.0377885608893997,-0.6670526987058938
3,-1.5228787452803374,-0.6670526987058938
3,-1.010723865391773,-0.6670526987058938
3,-1.0413926851582254,-0.6670526987058938
3,-1.3802112417116064,-0.6670526987058938
3,-1.0,-0.6670526987058938
3,-0.7611179110848632,-0.6670526987058938
3,-1.3565473235138121,-0.6670526987058938
3,-1.3010299956639813,-0.6670526987058938
3,-1.3010299956639813,-0.6670526987058938
3,-1.6020599913279625,-0.6670526987058938
3,-1.5994358475018133,-0.6670526987058938
3,-1.5468790216841048,-0.6670526987058938
3,-0.8381491800589291,-0.6670526987058938
3,-1.1760912590556813,-0.6670526987058938
3,-0.7569619513137056,-0.6670526987058938
3,-0.770033360161464,-0.6670526987058938
3,-1.436692597664054,-0.6670526987058938
3,-1.6575773191777934,-0.6670526987058938
3,-0.9110589166632197,-0.6670526987058938
3,-0.5772364076029302,-0.6670526987058938
3,-1.1850461017086076,-0.6670526987058938
3,-1.0321846833714012,-0.6670526987058938
3,-0.9542425094393252,-0.6670526987058938
3,-0.9440712135860867,-0.6670526987058938
3,-0.5402528413497603,-0.6670526987058938
3,0.5947607525864633,-0.6670526987058938
3,-0.3979400086720375,-0.6670526987058938
3,-0.7119349815003861,-0.6670526987058938
3,-0.5479894658633686,-0.6670526987058938
3,-0.1249387366082999,-0.6670526987058938
3,-0.17016627654567706,-0.6670526987058938
3,0.0,-0.6670526987058938
3,-0.558351063442557,-0.6670526987058938
3,-0.41841559438183484,-0.6670526987058938
3,-0.15490195998574308,-0.6670526987058938
3,-0.15490195998574308,-0.6670526987058938
3,0.0,-0.6670526987058938
3,0.0,-0.6670526987058938
3,-0.7708520116421447,-0.6670526987058938
3,-0.8086687743875824,-0.6670526987058938
3,-0.5606673061697371,-0.6670526987058938
3,-0.3979400086720375,-0.6670526987058938
3,0.4771212547196626,-0.6670526987058938
3,1.0910804693473324,-0.6670526987058938
3,1.2787536009528289,-0.6670526987058938
3,0.0,-0.6670526987058938
3,0.0,-0.6670526987058938
3,-0.7509990043400281,-0.6670526987058938
3,-1.0713559085356685,-0.6670526987058938
3,-1.0289636959353174,-0.6670526987058938
3,-0.8750612633917001,-0.6670526987058938
3,-0.9692196654089775,-0.6670526987058938
3,0.0,-0.6670526987058938
3,0.6690067809585756,-0.6670526987058938
3,0.8750612633917001,-0.6670526987058938
3,0.9281179926938741,-0.6670526987058938
3,-0.22184874961635614,-0.6670526987058938
3,0.0,-0.6670526987058938
3,-0.9119546794676916,-0.6670526987058938
3,-0.8890752499668562,-0.6670526987058938
3,-0.22184874961635614,-0.6670526987058938
3,0.0,-0.6670526987058938
3,-0.5565946956038967,-0.6670526987058938
3,-0.5246297603136751,-0.6670526987058938
3,-0.2263963773670774,-0.6670526987058938
3,-1.0969100130080562,-0.6670526987058938
3,-1.1818435879447726,-0.6670526987058938
3,-0.7670858242334839,-0.6670526987058938
3,-0.6941175015416068,-0.6670526987058938
3,0.026714669702411875,-0.6670526987058938
3,-0.042146450719561024,-0.6670526987058938
3,-0.8543441617725991,-0.6670526987058938
3,-0.8379194553871336,-0.6670526987058938
3,-0.15970084286751174,-0.6670526987058938
3,-0.6585413472804102,-0.6670526987058938
3,-0.5301779840218366,-0.6670526987058938
3,-0.3716110699496884,-0.6670526987058938
3,-0.6320232147054057,-0.6670526987058938
3,-0.3777366225837504,-0.6670526987058938
3,-0.034762106259211834,-0.6670526987058938
3,-0.7191733904243058,-0.6670526987058938
3,-0.43572856956143724,-0.6670526987058938
3,-0.5228787452803374,-0.6670526987058938
3,-0.29299404006743934,-0.6670526987058938
3,-0.8545395962470979,-0.6670526987058938
3,-0.7993405494535821,-0.6670526987058938
3,-1.0511525224473814,-0.6670526987058938
3,-0.7626390842053965,-0.6670526987058938
3,-0.5563025007672868,-0.6670526987058938
3,-0.6434526764861879,-0.6670526987058938
3,-0.7873919071185558,-0.6670526987058938
3,-0.1439065756842801,-0.6670526987058938
3,-1.42142110452156,-0.6670526987058938
3,-0.7388415163737116,-0.6670526987058938
3,-0.5470124249970567,-0.6670526987058938
3,-0.7569619513137056,-0.6670526987058938
3,-1.079181246047625,-0.6670526987058938
3,-0.8065288404555222,-0.6670526987058938
3,-2.0413926851582254,-0.6670526987058938
3,-0.6225816584725639,-0.6670526987058938
3,-0.595429412428949,-0.6670526987058938
3,-0.31742041185215,-0.6670526987058938
3,-0.3129292189636885,-0.6670526987058938
3,-0.8291099346301269,-0.6670526987058938
3,-1.1938200260161125,-0.6670526987058938
3,-0.5289528929925318,-0.6670526987058938
3,-0.32330639037513365,-0.6670526987058938
3,-0.3419886033428874,-0.6670526987058938
3,-0.38997107900076156,-0.6670526987058938
4,-0.5290390539851559,-0.6587079095019636
4,-0.7439371498525418,-0.6587079095019636
4,-0.5228787452803374,-0.6587079095019636
4,-0.1870866433571443,-0.6587079095019636
4,-1.2332782113971374,-0.6587079095019636
4,-1.7318572625565913,-0.6587079095019636
4,-1.2928096654172903,-0.6587079095019636
4,-0.9829666607012193,-0.6587079095019636
4,-1.5543957967264026,-0.6587079095019636
4,-1.0441226751758466,-0.6587079095019636
4,-0.18298277912757221,-0.6587079095019636
4,-0.1797179563893998,-0.6587079095019636
4,0.0,-0.6587079095019636
4,0.7519810160233398,-0.6587079095019636
4,0.8322608153090849,-0.6587079095019636
4,0.0,-0.6587079095019636
4,-2.002705893375925,-0.6587079095019636
4,-1.0,-0.6587079095019636
4,-0.671257016468986,-0.6587079095019636
4,0.13214362297518534,-0.6587079095019636
4,-2.4569178686313755,-0.6587079095019636
4,-1.2382391658045258,-0.6587079095019636
4,-0.9303640718586061,-0.6587079095019636
4,-0.1367931572585741,-0.6587079095019636
4,-1.332438459915605,-0.6587079095019636
4,-0.6780360975003754,-0.6587079095019636
4,-0.4175355647354184,-0.6587079095019636
4,-2.5051499783199063,-0.6587079095019636
4,-0.9033833301181948,-0.6587079095019636
4,-0.3646990755333581,-0.6587079095019636
4,-0.8450980400142569,-0.6587079095019636
4,-0.4771212547196626,-0.6587079095019636
4,0.0,-0.6587079095019636
4,-1.3847117429382827,-0.6587079095019636
4,-0.14709636268341697,-0.6587079095019636
4,-0.19957235490520375,-0.6587079095019636
4,-0.338818556553381,-0.6587079095019636
4,-0.4771212547196626,-0.6587079095019636
4,-0.034762106259211834,-0.6587079095019636
4,-1.2552725051033065,-0.6587079095019636
4,-0.7869251746911488,-0.6587079095019636
4,-1.7795964912578244,-0.6587079095019636
4,-1.1760912590556813,-0.6587079095019636
4,-0.3679767852945943,-0.6587079095019636
4,-0.30102999566398125,-0.6587079095019636
4,-0.4884349200774407,-0.6587079095019636
4,-1.433434301963639,-0.6587079095019636
4,-1.431363764158987,-0.6587079095019636
4,-1.7652959296980564,-0.6587079095019636
4,-1.2261701233989983,-0.6587079095019636
4,-1.3449848975868068,-0.6587079095019636
4,0.09311702399091715,-0.6587079095019636
4,-0.1433186148870309,-0.6587079095019636
4,-1.0116857583251946,-0.6587079095019636
4,-0.19904045712664953,-0.6587079095019636
4,-0.20411998265592501,-0.6587079095019636
4,-0.2833012287035501,-0.6587079095019636
4,-0.28254658996996795,-0.6587079095019636
4,0.04139268515822536,-0.6587079095019636
4,-0.12057393120585047,-0.6587079095019636
4,-0.5034501934420117,-0.6587079095019636
4,-0.46488679830265056,-0.6587079095019636
4,-1.1064553309142866,-0.6587079095019636
4,-0.9138138523837167,-0.6587079095019636
4,-1.0690809191432988,-0.6587079095019636
4,-1.3152704347785908,-0.6587079095019636
4,-1.0703799654690078,-0.6587079095019636
4,0.02996322337744317,-0.6587079095019636
4,0.09691001300805624,-0.6587079095019636
4,-1.3473300153169498,-0.6587079095019636
4,-0.9731278535996983,-0.6587079095019636
4,-0.7501225267834002,-0.6587079095019636
4,-0.5514482552146358,-0.6587079095019636
4,-0.17512315178277404,-0.6587079095019636
4,-0.17609125905568135,-0.6587079095019636
4,-0.25527250510330646,-0.6587079095019636
4,-0.4771212547196626,-0.6587079095019636
4,-0.6115358832118396,-0.6587079095019636
4,-0.7367585652254185,-0.6587079095019636
4,-0.41325676675614353,-0.6587079095019636
4,-0.338818556553381,-0.6587079095019636
4,-0.39280036901962667,-0.6587079095019636
4,-0.40414195383817475,-0.6587079095019636
4,-0.30102999566398125,-0.6587079095019636
4,-0.44090908206521817,-0.6587079095019636
4,-0.31361912297200156,-0.6587079095019636
4,0.1014576407587775,-0.6587079095019636
4,-0.5642714304385628,-0.6587079095019636
4,-0.41912930774197577,-0.6587079095019636
4,-0.5265715825475104,-0.6587079095019636
4,-1.5797835966168101,-0.6587079095019636
4,-0.8166095022028195,-0.6587079095019636
4,-1.0211892990699383,-0.6587079095019636
4,-1.249198357391113,-0.6587079095019636
4,-1.3324384599156058,-0.6587079095019636
4,-1.3222192947339195,-0.6587079095019636
4,1.0,-0.6587079095019636
4,-1.2769917547965424,-0.6587079095019636
4,-0.23408320603336819,-0.6587079095019636
4,-0.15490195998574308,-0.6587079095019636
4,-0.15490195998574308,-0.6587079095019636
4,-0.15490195998574308,-0.6587079095019636
4,-0.5464143572130373,-0.6587079095019636
4,-0.8450980400142569,-0.6587079095019636
4,-1.5498819796628904,-0.6587079095019636
4,-0.8004276450947962,-0.6587079095019636
4,0.009651385676180624,-0.6587079095019636
4,-0.23303291656887026,-0.6587079095019636
4,-0.31626996222071835,-0.6587079095019636
4,-0.4375301220789325,-0.6587079095019636
4,-0.9777236052888476,-0.6587079095019636
4,0.15381486434452896,-0.6587079095019636
4,0.0,-0.6587079095019636
4,-0.06685308651808874,-0.6587079095019636
4,-0.330413773349191,-0.6587079095019636
4,-0.5228787452803374,-0.6587079095019636
4,0.0,-0.6587079095019636
4,-1.0,-0.6587079095019636
4,-0.8056199552320082,-0.6587079095019636
4,0.0,-0.6587079095019636
4,-0.21329251923852954,-0.6587079095019636
4,-0.1839883267857534,-0.6587079095019636
4,-0.6644710271256944,-0.6587079095019636
4,0.0,-0.6587079095019636
4,-0.9432471251378614,-0.6587079095019636
4,-1.0,-0.6587079095019636
4,-0.6451393984881904,-0.6587079095019636
4,-0.6005039363422631,-0.6587079095019636
4,-0.5668556299573106,-0.6587079095019636
4,-0.7822037943948406,-0.6587079095019636
4,-0.9864663590173546,-0.6587079095019636
4,-1.0780886807370527,-0.6587079095019636
4,0.0,-0.6587079095019636
4,-0.7447274948966935,-0.6587079095019636
4,-0.8372727025023003,-0.6587079095019636
4,-0.5797835966168101,-0.6587079095019636
4,-0.29082294328872216,-0.6587079095019636
4,-0.5676910896966998,-0.6587079095019636
4,-0.1760901421709571,-0.6587079095019636
4,0.2976264769925141,-0.6587079095019636
4,-1.4191293077419758,-0.6587079095019636
4,0.13797879622796838,-0.6587079095019636
4,-0.5630018391753735,-0.6587079095019636
4,-1.3873898263387296,-0.6587079095019636
4,-0.4592806758172898,-0.6587079095019636
4,-0.5880466034577374,-0.6587079095019636
4,-0.3864601909886076,-0.6587079095019636
4,-0.30102999566398125,-0.6587079095019636
4,-1.7883704155653293,-0.6587079095019636
4,-0.8908555305749326,-0.6587079095019636
4,-2.079181246047625,-0.6587079095019636
4,-1.3222192947339195,-0.6587079095019636
4,-1.6478174818886373,-0.6587079095019636
4,-0.7426789322214251,-0.6587079095019636
4,-0.37911315141255475,-0.6587079095019636
4,-0.6989700043360187,-0.6587079095019636
4,-1.3222192947339195,-0.6587079095019636
4,-0.41017446508904953,-0.6587079095019636
4,-1.3424226808222066,-0.6587079095019636
4,-0.7781512503836439,-0.6587079095019636
4,-1.2604121447557173,-0.6587079095019636
4,-0.30102999566398125,-0.6587079095019636
4,-1.3010299956639813,-0.6587079095019636
4,-0.2325726150081291,-0.6587079095019636
4,-1.5096504795465817,-0.6587079095019636
4,-0.6901075211259622,-0.6587079095019636
4,-0.7717511358193772,-0.6587079095019636
4,-0.45229767099463025,-0.6587079095019636
4,-0.3532285486607716,-0.6587079095019636
4,-0.5234987817733794,-0.6587079095019636
4,-1.7853298350107671,-0.6587079095019636
4,-1.2039547801153212,-0.6587079095019636
4,0.5521687110873836,-0.6587079095019636
4,-0.8509669736783545,-0.6587079095019636
4,-1.3687516195445548,-0.6587079095019636
4,0.0,-0.6587079095019636
4,0.0,-0.6587079095019636
4,0.0,-0.6587079095019636
4,-1.1760912590556813,-0.6587079095019636
4,-1.3977531751643584,-0.6587079095019636
4,0.15841180143105582,-0.6587079095019636
4,-1.7734729881058726,-0.6587079095019636
4,-0.5901452216989629,-0.6587079095019636
4,-1.3881801713828814,-0.6587079095019636
4,-1.0,-0.6587079095019636
4,-0.363476284067918,-0.6587079095019636
4,0.432627035929956,-0.6587079095019636
4,-1.296513894499017,-0.6587079095019636
4,-0.4704906758206491,-0.6587079095019636
4,-0.15970084286751174,-0.6587079095019636
4,-0.2457271871970752,-0.6587079095019636
4,-0.2604121447557173,-0.6587079095019636
4,-0.8684581793160246,-0.6587079095019636
4,-0.4375301220789325,-0.6587079095019636
4,-0.7364746198201395,-0.6587079095019636
4,-0.8263148107101967,-0.6587079095019636
4,-0.653212513775344,-0.6587079095019636
4,-0.6744018128452813,-0.6587079095019636
4,0.22892721677880523,-0.6587079095019636
4,-2.0465761420413546,-0.6587079095019636
4,-0.6320232147054057,-0.6587079095019636
4,-0.5274263730310587,-0.6587079095019636
4,-0.6368220975871743,-0.6587079095019636
4,-0.9693311802335476,-0.6587079095019636
4,-0.7094354380141841,-0.6587079095019636
4,-1.0248235837250323,-0.6587079095019636
4,0.1269361523324415,-0.6587079095019636
4,-0.7481880270062007,-0.6587079095019636
4,0.1845244265925441,-0.6587079095019636
4,0.058942442808219475,-0.6587079095019636
4,0.03799098199858886,-0.6587079095019636
4,-0.6860692196899709,-0.6587079095019636
4,0.0,-0.6587079095019636
4,-0.22902919426901924,-0.6587079095019636
4,0.795880017344075,-0.6587079095019636
4,0.0,-0.6587079095019636
4,0.7403626894942441,-0.6587079095019636
4,-0.9384482422560927,-0.6587079095019636
4,0.0,-0.6587079095019636
4,0.0,-0.6587079095019636
4,1.0,-0.6587079095019636
4,0.0,-0.6587079095019636
4,0.7403626894942441,-0.6587079095019636
4,0.0,-0.6587079095019636
4,-1.1505139038522927,-0.6587079095019636
4,-1.0,-0.6587079095019636
4,0.0,-0.6587079095019636
4,0.5228787452803374,-0.6587079095019636
4,-0.42527992248172986,-0.6587079095019636
4,-1.281790637678311,-0.6587079095019636
4,-1.8211858826088445,-0.6587079095019636
4,-1.074000733543845,-0.6587079095019636
4,-2.9475351254323376,-0.6587079095019636
4,-2.6106601630898796,-0.6587079095019636
4,-1.8477116556169433,-0.6587079095019636
4,-0.7006057670302788,-0.6587079095019636
4,0.6066883955100337,-0.6587079095019636
4,0.10067016188136257,-0.6587079095019636
4,-0.5456835247569929,-0.6587079095019636
4,0.0,-0.6587079095019636
4,-0.9030899869919438,-0.6587079095019636
4,-3.137775961313472,-0.6587079095019636
4,-2.8456774857064904,-0.6587079095019636
4,-1.9355420107730819,-0.6587079095019636
4,-3.1303337684950057,-0.6587079095019636
4,-2.446673056996006,-0.6587079095019636
4,0.0,-0.6587079095019636
4,0.0,-0.6587079095019636
4,0.0,-0.6587079095019636
4,0.0,-0.6587079095019636
4,0.0,-0.6587079095019636
4,-0.7403626894942441,-0.6587079095019636
4,0.0,-0.6587079095019636
4,-0.7008541482105697,-0.6587079095019636
4,-0.5314789170422554,-0.6587079095019636
4,-0.2181760471203864,-0.6587079095019636
4,-0.6307051727774926,-0.6587079095019636
4,-0.6337032728234266,-0.6587079095019636
4,-0.6838186602633982,-0.6587079095019636
4,-0.7601281462503708,-0.6587079095019636
4,-0.644612342013426,-0.6587079095019636
4,-0.6892101670468618,-0.6587079095019636
4,-0.70351763208674,-0.6587079095019636
4,-0.6670524969077736,-0.6587079095019636
4,-0.8029748341086753,-0.6587079095019636
4,-0.5488575876661921,-0.6587079095019636
4,-0.6916707655945196,-0.6587079095019636
4,-0.7303784685876433,-0.6587079095019636
4,-0.5760234477435038,-0.6587079095019636
4,-0.3708529182030551,-0.6587079095019636
4,-0.8357691602338235,-0.6587079095019636
4,-0.134698573897456,-0.6587079095019636
4,-0.57945220058249,-0.6587079095019636
4,-0.6989700043360187,-0.6587079095019636
4,-1.1461280356782382,-0.6587079095019636
4,-1.2552725051033056,-0.6587079095019636
4,0.7738298766010017,-0.6587079095019636
4,-1.3010299956639813,-0.6587079095019636
4,-1.0,-0.6587079095019636
4,-1.3010299956639813,-0.6587079095019636
4,0.7708735973913923,-0.6587079095019636
4,0.5178506777497747,-0.6587079095019636
4,-0.7403626894942441,-0.6587079095019636
4,-0.3494856763830949,-0.6587079095019636
4,-0.6110148339808887,-0.6587079095019636
4,-0.20647388804940192,-0.6587079095019636
4,0.023481095849522404,-0.6587079095019636
4,-0.09426991684184749,-0.6587079095019636
4,-1.3853508813640172,-0.6587079095019636
4,-1.1249387366083,-0.6587079095019636
4,-0.6963823433623775,-0.6587079095019636
4,-1.0362121726544444,-0.6587079095019636
4,-0.10178430078313117,-0.6587079095019636
4,-0.1938820458332895,-0.6587079095019636
4,-0.9005771864510876,-0.6587079095019636
4,-1.64777405026883,-0.6587079095019636
4,-1.2331297600260456,-0.6587079095019636
4,-0.4375301220789325,-0.6587079095019636
4,0.4149733479708182,-0.6587079095019636
4,-0.21170911826547645,-0.6587079095019636
4,-0.7439371498525418,-0.6587079095019636
4,-0.9911365396686938,-0.6587079095019636
4,-0.7533276666586115,-0.6587079095019636
4,-0.5593080109070119,-0.6587079095019636
4,-0.20411998265592501,-0.6587079095019636
4,-0.6154239528859442,-0.6587079095019636
4,-0.9145698046753736,-0.6587079095019636
4,-0.42596873227228116,-0.6587079095019636
4,-0.8353382027251008,-0.6587079095019636
4,-0.338818556553381,-0.6587079095019636
4,-0.5554079701072574,-0.6587079095019636
4,-0.6557448502907395,-0.6587079095019636
4,-0.6464409530598338,-0.6587079095019636
4,-0.06694678963061307,-0.6587079095019636
4,-0.383699569557427,-0.6587079095019636
4,-0.32658410013636896,-0.6587079095019636
4,-0.3120253799654442,-0.6587079095019636
4,-0.4771212547196626,-0.6587079095019636
4,-1.3256524705723134,-0.6587079095019636
4,-1.3601514477826377,-0.6587079095019636
4,-0.7337321105952306,-0.6587079095019636
4,-1.204119982655925,-0.6587079095019636
4,-0.5963076624388712,-0.6587079095019636
4,-0.11092642354980953,-0.6587079095019636
4,0.0,-0.6587079095019636
4,-1.6020599913279625,-0.6587079095019636
4,-0.8278390345727509,-0.6587079095019636
4,-0.9852767431792939,-0.6587079095019636
4,-0.7870157984620274,-0.6587079095019636
4,-1.0222763947111524,-0.6587079095019636
4,-0.21329094598109144,-0.6587079095019636
4,-1.241141103017112,-0.6587079095019636
4,-0.7781512503836439,-0.6587079095019636
4,-0.5414009255363963,-0.6587079095019636
4,-0.7289332277134619,-0.6587079095019636
4,-0.338818556553381,-0.6587079095019636
4,-0.7942978863342001,-0.6587079095019636
4,0.0,-0.6587079095019636
4,0.0,-0.6587079095019636
4,0.0,-0.6587079095019636
4,-0.5558880976042575,-0.6587079095019636
4,-0.6604630074152817,-0.6587079095019636
4,-0.6000814253458744,-0.6587079095019636
4,-0.4912657277567858,-0.6587079095019636
4,-0.6687167679381805,-0.6587079095019636
4,-0.4794879879987697,-0.6587079095019636
4,-0.6730600665934965,-0.6587079095019636
4,-0.8792478601408895,-0.6587079095019636
4,-0.8975808922071673,-0.6587079095019636
4,-0.4401601843605114,-0.6587079095019636
4,-0.7335624974386512,-0.6587079095019636
4,-0.6053501167750124,-0.6587079095019636
4,-0.7565949935547343,-0.6587079095019636
4,-1.073535741530467,-0.6587079095019636
4,-0.5253393438279943,-0.6587079095019636
4,-0.43648485095743617,-0.6587079095019636
4,-0.6606728025742257,-0.6587079095019636
4,-0.4404382382929528,-0.6587079095019636
4,-0.9241466973013024,-0.6587079095019636
4,-0.9837323872855466,-0.6587079095019636
4,-0.7132104434506292,-0.6587079095019636
4,-0.6989700043360179,-0.6587079095019636
4,-0.8308102740885168,-0.6587079095019636
4,-0.5285771613791042,-0.6587079095019636
4,-0.5867122994868081,-0.6587079095019636
4,-1.5039144313075985,-0.6587079095019636
4,-1.4465112784573861,-0.6587079095019636
4,-1.647232460848894,-0.6587079095019636
4,-1.4573771965239048,-0.6587079095019636
4,-1.4832815634244811,-0.6587079095019636
4,-1.4097207554469229,-0.6587079095019636
4,-1.1760912590556813,-0.6587079095019636
4,-1.5725812013324862,-0.6587079095019636
4,-1.782353164811413,-0.6587079095019636
4,-1.357934847000454,-0.6587079095019636
4,-1.6174663223693626,-0.6587079095019636
4,-1.2863067388432743,-0.6587079095019636
4,-1.5993371329924884,-0.6587079095019636
4,-1.5178207322576007,-0.6587079095019636
4,-1.5440680443502757,-0.6587079095019636
4,-1.6515389298857777,-0.6587079095019636
4,-1.3765769570565123,-0.6587079095019636
4,-1.4842998393467859,-0.6587079095019636
4,-1.3354307920172426,-0.6587079095019636
4,-1.4259687322722812,-0.6587079095019636
4,-1.4847742189481874,-0.6587079095019636
4,-1.0832401025244938,-0.6587079095019636
4,-1.3877643796020518,-0.6587079095019636
4,-1.8388490907372557,-0.6587079095019636
4,-1.7160033436347994,-0.6587079095019636
4,-1.897627091290441,-0.6587079095019636
4,-1.8139896756123504,-0.6587079095019636
4,-1.423245873936808,-0.6587079095019636
4,-1.4496001810683996,-0.6587079095019636
4,-0.16744070218066032,-0.6587079095019636
4,1.5163745538673359,-0.6587079095019636
4,1.8716854964785021,-0.6587079095019636
4,1.6812412373755876,-0.6587079095019636
4,-0.4658402443099732,-0.6587079095019636
4,-0.7373149964122385,-0.6587079095019636
4,-0.2373609157946035,-0.6587079095019636
4,0.15490195998574308,-0.6587079095019636
4,-1.0474246499281383,-0.6587079095019636
4,-0.38021124171160636,-0.6587079095019636
4,-1.086579968120656,-0.6587079095019636
4,0.0,-0.6587079095019636
4,-0.6275071135404424,-0.6587079095019636
4,0.2905645619858168,-0.6587079095019636
4,0.2730012720637376,-0.6587079095019636
4,-0.3669365584933164,-0.6587079095019636
4,0.0,-0.6587079095019636
4,0.7403626894942441,-0.6587079095019636
4,-0.7403626894942441,-0.6587079095019636
4,-0.7403626894942441,-0.6587079095019636
4,-0.6275071135404424,-0.6587079095019636
4,-0.6068237811240262,-0.6587079095019636
4,-0.795226451408988,-0.6587079095019636
4,-0.6460644209324,-0.6587079095019636
4,-0.6696394023113736,-0.6587079095019636
4,-0.59462441779272,-0.6587079095019636
4,-0.661442830443316,-0.6587079095019636
4,-0.4442111533220441,-0.6587079095019636
4,-0.8368892194911561,-0.6587079095019636
4,-0.18920560663662211,-0.6587079095019636
4,-0.644168069370231,-0.6587079095019636
4,-0.3316699538599357,-0.6587079095019636
4,-0.9140853712934067,-0.6587079095019636
4,-0.18364439694612766,-0.6587079095019636
4,-0.15209098265191479,-0.6587079095019636
4,0.2924298239020633,-0.6587079095019636
4,-1.795880017344075,-0.6587079095019636
4,0.5514499979728749,-0.6587079095019636
4,-1.9456423376774072,-0.6587079095019636
4,0.0,-0.6587079095019636
4,0.0,-0.6587079095019636
4,0.0,-0.6587079095019636
4,0.0,-0.6587079095019636
4,0.0,-0.6587079095019636
4,0.3800615256317279,-0.6587079095019636
4,-1.2552725051033065,-0.6587079095019636
4,-1.7481880270062007,-0.6587079095019636
4,-1.230448921378274,-0.6587079095019636
4,-1.359021942641668,-0.6587079095019636
4,-0.2507557232265212,-0.6587079095019636
4,-0.28254658996996795,-0.6587079095019636
4,-0.91832995354868,-0.6587079095019636
4,-0.653212513775344,-0.6587079095019636
4,-0.9373297907445419,-0.6587079095019636
4,0.012988632912040998,-0.6587079095019636
4,-0.6783300974733155,-0.6587079095019636
4,-0.4375301220789325,-0.6587079095019636
4,-0.7533276666586115,-0.6587079095019636
4,-0.18184358794477262,-0.6587079095019636
4,-1.276206411938949,-0.6587079095019636
4,0.5581704972089012,-0.6587079095019636
4,-1.46344155742847,-0.6587079095019636
4,-1.0457574905606748,-0.6587079095019636
4,-1.8143955918082888,-0.6587079095019636
4,-0.781944239400783,-0.6587079095019636
4,-0.35001645635485445,-0.6587079095019636
4,-2.5672978850687507,-0.6587079095019636
4,-1.359021942641668,-0.6587079095019636
4,-0.5105450102066129,-0.6587079095019636
4,-1.4980283540813364,-0.6587079095019636
4,-1.442513126296456,-0.6587079095019636
4,-0.5606673061697371,-0.6587079095019636
4,0.0,-0.6587079095019636
4,0.8265328847704678,-0.6587079095019636
4,0.73797776048103,-0.6587079095019636
4,0.8167063456599948,-0.6587079095019636
4,-0.30102999566398125,-0.6587079095019636
4,-1.0636252095241812,-0.6587079095019636
4,-1.120162472641768,-0.6587079095019636
4,-1.3010299956639813,-0.6587079095019636
4,0.0,-0.6587079095019636
4,-1.2671717284030137,-0.6587079095019636
4,1.7508642767193097,-0.6587079095019636
4,-1.3521825181113627,-0.6587079095019636
4,-0.22724378150306102,-0.6587079095019636
4,0.00465735811267276,-0.6587079095019636
4,-0.10661949439456464,-0.6587079095019636
4,-0.5533333447033018,-0.6587079095019636
4,-1.0234810958495224,-0.6587079095019636
4,-0.22184874961635614,-0.6587079095019636
4,-0.23855876556918343,-0.6587079095019636
4,-1.3187587626244124,-0.6587079095019636
4,-1.204119982655925,-0.6587079095019636
4,-0.7191733904243058,-0.6587079095019636
4,-1.3521825181113627,-0.6587079095019636
4,0.0,-0.6587079095019636
4,-1.2654916702849928,-0.6587079095019636
4,-1.3446105669703812,-0.6587079095019636
4,-0.5740312677277188,-0.6587079095019636
4,-1.40823996531185,-0.6587079095019636
4,-1.4711190636776532,-0.6587079095019636
4,-1.092545207605606,-0.6587079095019636
4,-0.8465519900897043,-0.6587079095019636
4,0.0,-0.6587079095019636
4,-1.4522976709946303,-0.6587079095019636
4,1.113943352306837,-0.6587079095019636
4,0.0,-0.6587079095019636
4,-0.4966769233397832,-0.6587079095019636
4,-1.1111504521226667,-0.6587079095019636
4,-0.7403626894942441,-0.6587079095019636
4,-2.6368220975871743,-0.6587079095019636
4,-2.177791043933576,-0.6587079095019636
4,-2.3039944746277206,-0.6587079095019636
4,-1.9942476711109087,-0.6587079095019636
4,0.07058107428570715,-0.6587079095019636
4,-0.15490195998574308,-0.6587079095019636
4,0.0,-0.6587079095019636
4,-1.6434526764861879,-0.6587079095019636
4,0.2689756201843121,-0.6587079095019636
4,0.436497728992185,-0.6587079095019636
4,0.2938683224864773,-0.6587079095019636
4,-0.2152181707173435,-0.6587079095019636
4,0.06299448495434934,-0.6587079095019636
4,1.0058452360414192,-0.6587079095019636
4,0.899437812098463,-0.6587079095019636
4,0.0,-0.6587079095019636
4,0.5661474354373173,-0.6587079095019636
4,0.12666575210534692,-0.6587079095019636
4,0.25735341006126333,-0.6587079095019636
4,0.0,-0.6587079095019636
4,0.0,-0.6587079095019636
4,-0.24303804868629442,-0.6587079095019636
4,0.0,-0.6587079095019636
4,-0.15490195998574308,-0.6587079095019636
4,-1.1249387366083,-0.6587079095019636
4,0.9355691221959512,-0.6587079095019636
4,0.431798275933005,-0.6587079095019636
4,-0.6567290874981806,-0.6587079095019636
4,1.096694885284169,-0.6587079095019636
4,0.7232996763759854,-0.6587079095019636
4,-1.0959947450572747,-0.6587079095019636
4,-0.6989700043360187,-0.6587079095019636
4,-0.45285267999272527,-0.6587079095019636
4,-0.5440680443502757,-0.6587079095019636
4,-0.5320221247202079,-0.6587079095019636
4,-0.6630574484453744,-0.6587079095019636
4,-0.8398968463284486,-0.6587079095019636
4,-1.4771212547196626,-0.6587079095019636
4,-0.7998705000768798,-0.6587079095019636
4,-0.23288017345826617,-0.6587079095019636
4,-0.41586132472979465,-0.6587079095019636
4,-1.0457574905606748,-0.6587079095019636
4,0.0,-0.6587079095019636
4,0.0,-0.6587079095019636
4,-1.8822398480188234,-0.6587079095019636
4,-0.7990851572192863,-0.6587079095019636
4,-0.4771212547196626,-0.6587079095019636
4,-1.3010299956639813,-0.6587079095019636
4,-1.0,-0.6587079095019636
4,-0.8494850736397348,-0.6587079095019636
4,-0.30102999566398125,-0.6587079095019636
4,-0.30102999566398125,-0.6587079095019636
4,-1.0,-0.6587079095019636
4,-1.3010299956639813,-0.6587079095019636
4,-2.1505139038522927,-0.6587079095019636
4,-2.1505139038522927,-0.6587079095019636
4,0.07058107428570715,-0.6587079095019636
4,-0.30102999566398125,-0.6587079095019636
4,-0.9777236052888476,-0.6587079095019636
4,-1.153814864344529,-0.6587079095019636
4,-1.6232492903979008,-0.6587079095019636
4,-0.6077703005293511,-0.6587079095019636
4,-0.5897068914238304,-0.6587079095019636
4,-0.653212513775344,-0.6587079095019636
4,-1.6989700043360187,-0.6587079095019636
4,-0.6766936096248664,-0.6587079095019636
4,-0.9542425094393252,-0.6587079095019636
4,-0.2996534668351778,-0.6587079095019636
4,0.0,-0.6587079095019636
4,-0.3979400086720375,-0.6587079095019636
4,-0.3979400086720375,-0.6587079095019636
4,0.0,-0.6587079095019636
4,-1.6989700043360187,-0.6587079095019636
4,-1.5481846105451078,-0.6587079095019636
4,-1.8129133566428557,-0.6587079095019636
4,-1.6368220975871743,-0.6587079095019636
4,0.6020599913279625,-0.6587079095019636
4,-0.6125209233089581,-0.6587079095019636
4,-0.627365856592732,-0.6587079095019636
4,-0.3444956894450719,-0.6587079095019636
4,-0.8239087409443187,-0.6587079095019636
4,-1.079181246047625,-0.6587079095019636
4,-0.7403626894942441,-0.6587079095019636
4,-1.848958460827495,-0.6587079095019636
4,-1.5499369780143732,-0.6587079095019636
4,-1.403195148632295,-0.6587079095019636
4,1.0118871597316481,-0.6587079095019636
4,-0.30102999566398125,-0.6587079095019636
4,0.4189453307158164,-0.6587079095019636
4,1.07217449708601,-0.6587079095019636
4,0.0,-0.6587079095019636
4,0.6544324428974422,-0.6587079095019636
4,0.543994441353421,-0.6587079095019636
4,1.0,-0.6587079095019636
4,1.2430380486862944,-0.6587079095019636
4,-1.6005061632593414,-0.6587079095019636
4,-1.2976237469720697,-0.6587079095019636
4,-1.0,-0.6587079095019636
4,0.0,-0.6587079095019636
4,-1.3787006506863673,-0.6587079095019636
4,-1.3891660843645326,-0.6587079095019636
4,-1.361727836017593,-0.6587079095019636
4,0.0,-0.6587079095019636
4,-2.1564415819277523,-0.6587079095019636
4,-0.39449776226101996,-0.6587079095019636
4,-0.16258878865203474,-0.6587079095019636
4,-0.9477603819114044,-0.6587079095019636
4,-0.04324165741713237,-0.6587079095019636
4,-0.05435766232259276,-0.6587079095019636
4,-0.374137093999412,-0.6587079095019636
4,-0.11229725627967468,-0.6587079095019636
4,-0.1321173212354232,-0.6587079095019636
4,-0.13936845203094173,-0.6587079095019636
4,0.19248167524385007,-0.6587079095019636
4,-0.4889061546860525,-0.6587079095019636
4,-0.18299592725498925,-0.6587079095019636
4,0.5383909114585856,-0.6587079095019636
4,-1.131278914639319,-0.6587079095019636
4,-0.1249387366082999,-0.6587079095019636
4,-0.10616473573321805,-0.6587079095019636
4,-0.056173515196070056,-0.6587079095019636
4,-0.11650556907143717,-0.6587079095019636
4,0.8016178699917056,-0.6587079095019636
4,-1.2411361328069157,-0.6587079095019636
4,0.0,-0.6587079095019636
4,-1.0650335949863328,-0.6587079095019636
4,-1.3340302557669066,-0.6587079095019636
4,-0.7608714329386874,-0.6587079095019636
4,-1.207980403469163,-0.6587079095019636
4,-1.153814864344529,-0.6587079095019636
4,0.0,-0.6587079095019636
4,-0.5817867324244812,-0.6587079095019636
4,-0.8152930583882103,-0.6587079095019636
4,-1.3686458803549097,-0.6587079095019636
4,-0.9542425094393252,-0.6587079095019636
4,-1.5538830266438746,-0.6587079095019636
4,-0.4375301220789325,-0.6587079095019636
4,-1.2900346113625183,-0.6587079095019636
4,0.8293037728310244,-0.6587079095019636
4,-1.5118833609788744,-0.6587079095019636
4,-0.4570614607906949,-0.6587079095019636
4,-0.2355284469075496,-0.6587079095019636
4,0.3979400086720375,-0.6587079095019636
4,-1.0533739824413395,-0.6587079095019636
4,-2.7269987279362624,-0.6587079095019636
4,-2.7215358322347605,-0.6587079095019636
4,-2.9158268083948755,-0.6587079095019636
4,-3.341824066693106,-0.6587079095019636
4,-3.2266757049251344,-0.6587079095019636
4,-1.4819201376014313,-0.6587079095019636
4,-2.722336222660232,-0.6587079095019636
4,-2.6137983945992067,-0.6587079095019636
4,-2.2989765900329227,-0.6587079095019636
4,-0.38021124171160636,-0.6587079095019636
4,0.09017663034908807,-0.6587079095019636
4,-0.3357921019231931,-0.6587079095019636
4,-0.3357921019231931,-0.6587079095019636
4,0.8493884764952844,-0.6587079095019636
4,0.45843904175190797,-0.6587079095019636
4,-1.0,-0.6587079095019636
4,0.0,-0.6587079095019636
4,0.0,-0.6587079095019636
4,0.0,-0.6587079095019636
4,-1.0,-0.6587079095019636
4,-2.2646491976989713,-0.6587079095019636
4,0.17609125905568135,-0.6587079095019636
4,-0.39194964498285056,-0.6587079095019636
4,-1.2787536009528289,-0.6587079095019636
4,-0.6989700043360187,-0.6587079095019636
4,-0.5979434251331313,-0.6587079095019636
4,-0.6460339291482207,-0.6587079095019636
4,-0.9829666607012193,-0.6587079095019636
4,-0.7472746839105735,-0.6587079095019636
4,0.29570116215891407,-0.6587079095019636
4,-0.5314789170422554,-0.6587079095019636
4,-1.3511966051297115,-0.6587079095019636
4,0.15409696534951323,-0.6587079095019636
4,-1.3010299956639813,-0.6587079095019636
4,0.8129133566428557,-0.6587079095019636
4,0.571798386295427,-0.6587079095019636
4,-1.2218487496163561,-0.6587079095019636
4,-0.8750612633917001,-0.6587079095019636
4,0.9772370007764248,-0.6587079095019636
4,0.7999965835389071,-0.6587079095019636
4,-0.5842570557255771,-0.6587079095019636
4,-0.5352393730709162,-0.6587079095019636
4,-0.04111258551491215,-0.6587079095019636
4,-0.7056005832350314,-0.6587079095019636
4,0.8956496623437697,-0.6587079095019636
4,0.0,-0.6587079095019636
4,0.0,-0.6587079095019636
4,-2.09736453370041,-0.6587079095019636
4,1.0612766682173884,-0.6587079095019636
4,0.6254311720967021,-0.6587079095019636
4,0.6882941561068252,-0.6587079095019636
4,-1.2160192059556323,-0.6587079095019636
4,-1.2671717284030137,-0.6587079095019636
4,-1.0,-0.6587079095019636
4,-0.7990851572192863,-0.6587079095019636
4,-1.2108533653148932,-0.6587079095019636
4,-0.48811663902112556,-0.6587079095019636
4,0.211230822627817,-0.6587079095019636
4,-0.8538719643217618,-0.6587079095019636
4,-0.9654759768051342,-0.6587079095019636
4,-0.12104369272477555,-0.6587079095019636
4,-1.0170333392987807,-0.6587079095019636
4,-0.7781512503836439,-0.6587079095019636
4,-0.798354636471931,-0.6587079095019636
4,-0.7373149964122376,-0.6587079095019636
4,-0.6575773191777934,-0.6587079095019636
4,-0.7727562184969372,-0.6587079095019636
4,-0.9652378937407882,-0.6587079095019636
4,-0.6847295652214083,-0.6587079095019636
4,-0.5177391056279266,-0.6587079095019636
4,-0.24303804868629442,-0.6587079095019636
4,-0.8200136970607943,-0.6587079095019636
4,-0.7670858242334848,-0.6587079095019636
4,-0.4714067711952339,-0.6587079095019636
4,0.0,-0.6587079095019636
4,0.0,-0.6587079095019636
4,-0.7285252478977347,-0.6587079095019636
4,0.0,-0.6587079095019636
4,-0.639201799332529,-0.6587079095019636
4,-0.3318439430782014,-0.6587079095019636
4,-1.1875207208364635,-0.6587079095019636
4,-0.30102999566398125,-0.6587079095019636
4,-0.7403626894942441,-0.6587079095019636
4,-0.7403626894942441,-0.6587079095019636
4,-0.7403626894942441,-0.6587079095019636
4,0.0,-0.6587079095019636
4,-0.7403626894942441,-0.6587079095019636
4,0.0,-0.6587079095019636
4,0.22184874961635614,-0.6587079095019636
4,0.6989700043360187,-0.6587079095019636
4,0.07135590853566853,-0.6587079095019636
4,0.30102999566398125,-0.6587079095019636
4,-0.3494856763830949,-0.6587079095019636
4,-0.7870157984620274,-0.6587079095019636
4,-0.30102999566398125,-0.6587079095019636
4,-0.3494856763830949,-0.6587079095019636
4,0.0,-0.6587079095019636
4,-0.4375301220789325,-0.6587079095019636
4,0.33145218286950673,-0.6587079095019636
4,0.22943874649712015,-0.6587079095019636
4,-0.4375301220789325,-0.6587079095019636
4,-0.7870157984620274,-0.6587079095019636
4,0.5484037989829966,-0.6587079095019636
4,0.6989700043360187,-0.6587079095019636
4,-0.4375301220789325,-0.6587079095019636
4,0.09691001300805624,-0.6587079095019636
4,-0.03959044503700948,-0.6587079095019636
4,0.0,-0.6587079095019636
4,0.0,-0.6587079095019636
4,-0.2614392680716957,-0.6587079095019636
4,-0.4375318721122108,-0.6587079095019636
4,-0.389075175605468,-0.6587079095019636
4,0.15051493100552538,-0.6587079095019636
4,-0.4375301220789325,-0.6587079095019636
4,0.30102999566398125,-0.6587079095019636
4,0.0,-0.6587079095019636
4,-0.4375301220789325,-0.6587079095019636
4,-0.3494856763830949,-0.6587079095019636
4,-0.4375301220789325,-0.6587079095019636
4,0.11092497011273572,-0.6587079095019636
4,0.0,-0.6587079095019636
4,-0.15051493100552538,-0.6587079095019636
4,-0.4375301220789325,-0.6587079095019636
4,-0.4375301220789325,-0.6587079095019636
4,-0.34948628751527444,-0.6587079095019636
4,-0.4375318721122108,-0.6587079095019636
4,-0.23855876556918343,-0.6587079095019636
4,0.03959044503700948,-0.6587079095019636
4,-0.03959044503700948,-0.6587079095019636
4,-0.19897135650974906,-0.6587079095019636
4,-0.389077352590518,-0.6587079095019636
4,-0.30102999566398125,-0.6587079095019636
4,-0.09691001300805624,-0.6587079095019636
4,-0.19896832053217395,-0.6587079095019636
4,0.0,-0.6587079095019636
4,-0.4375318721122108,-0.6587079095019636
4,0.0,-0.6587079095019636
4,-0.19896832053217395,-0.6587079095019636
4,0.0,-0.6587079095019636
4,-0.11092642354980953,-0.6587079095019636
4,-0.19897135650974906,-0.6587079095019636
4,-0.19897135650974906,-0.6587079095019636
4,0.0,-0.6587079095019636
4,0.38021124171160636,-0.6587079095019636
4,0.0,-0.6587079095019636
4,-0.4375301220789325,-0.6587079095019636
4,0.4375301220789325,-0.6587079095019636
4,0.0,-0.6587079095019636
4,-0.3494856763830949,-0.6587079095019636
4,-0.30102999566398125,-0.6587079095019636
4,-1.7781512503836439,-0.6587079095019636
4,-1.4771212547196626,-0.6587079095019636
4,-1.0791812460476242,-0.6587079095019636
4,-1.653212513775344,-0.6587079095019636
4,-1.1898425343625068,-0.6587079095019636
4,-1.1528199166426925,-0.6587079095019636
4,-1.0478761435744977,-0.6587079095019636
4,-1.5740312677277188,-0.6587079095019636
4,-1.4387690126326138,-0.6587079095019636
4,-1.385262395494082,-0.6587079095019636
4,-1.5642714304385628,-0.6587079095019636
4,-1.568201724066995,-0.6587079095019636
4,-1.625541087177485,-0.6587079095019636
4,-1.568201724066995,-0.6587079095019636
4,-1.5096504795465826,-0.6587079095019636
4,-1.5461312049140492,-0.6587079095019636
4,-0.7708520116421447,-0.6587079095019636
4,-1.3010299956639813,-0.6587079095019636
4,-1.6368220975871743,-0.6587079095019636
4,-1.1613680022349753,-0.6587079095019636
4,-1.3979400086720375,-0.6587079095019636
4,-1.4771212547196626,-0.6587079095019636
4,-1.5440680443502757,-0.6587079095019636
4,-1.2671717284030137,-0.6587079095019636
4,-1.4771212547196626,-0.6587079095019636
4,-1.5228787452803374,-0.6587079095019636
4,-1.7323937598229682,-0.6587079095019636
4,-1.2772210289283077,-0.6587079095019636
4,-1.1729208103369215,-0.6587079095019636
4,-1.0874659334098817,-0.6587079095019636
4,-1.3805024873728806,-0.6587079095019636
4,-1.3580011968427375,-0.6587079095019636
4,-1.198657086954423,-0.6587079095019636
4,-1.3424226808222066,-0.6587079095019636
4,-1.5888317255942077,-0.6587079095019636
4,-1.6989700043360187,-0.6587079095019636
4,-1.5357159699855094,-0.6587079095019636
4,-1.0349775835555715,-0.6587079095019636
4,-1.3480265583402051,-0.6587079095019636
4,-1.4623979978989556,-0.6587079095019636
4,-1.4419568376564111,-0.6587079095019636
4,-1.0969100130080562,-0.6587079095019636
4,-1.3152704347785908,-0.6587079095019636
4,-1.2013971243204518,-0.6587079095019636
4,-1.1962946451439684,-0.6587079095019636
4,-1.2108533653148932,-0.6587079095019636
4,-1.1186897873312986,-0.6587079095019636
4,-1.2632414347745815,-0.6587079095019636
4,-0.6812412373755876,-0.6587079095019636
4,-1.190331698170291,-0.6587079095019636
4,-1.4036923375611288,-0.6587079095019636
4,-1.3096301674258992,-0.6587079095019636
4,-1.3702270208050047,-0.6587079095019636
4,-0.995147497205588,-0.6587079095019636
4,-0.8954839347570029,-0.6587079095019636
4,-1.3537880448267803,-0.6587079095019636
4,-1.4259687322722812,-0.6587079095019636
4,-1.60538793467689,-0.6587079095019636
4,-1.384197522541995,-0.6587079095019636
4,-1.4724389466367729,-0.6587079095019636
4,-1.5372813780731152,-0.6587079095019636
4,-1.7018461068392696,-0.6587079095019636
4,-1.4225482628341792,-0.6587079095019636
4,-1.5910646070264987,-0.6587079095019636
4,-1.4977438220861892,-0.6587079095019636
4,-1.3010299956639813,-0.6587079095019636
4,-1.6989700043360187,-0.6587079095019636
4,-1.5051499783199063,-0.6587079095019636
4,-1.8538719643217618,-0.6587079095019636
4,-1.5910646070264995,-0.6587079095019636
4,-1.845098040014257,-0.6587079095019636
4,-1.6020599913279625,-0.6587079095019636
4,-1.9030899869919438,-0.6587079095019636
4,-1.8325089127062366,-0.6587079095019636
4,-1.5642714304385628,-0.6587079095019636
4,-1.7676858167054785,-0.6587079095019636
4,-1.3979400086720375,-0.6587079095019636
4,-1.7781512503836439,-0.6587079095019636
4,-1.3832167518513314,-0.6587079095019636
4,-1.3979400086720375,-0.6587079095019636
4,-1.4711190636776532,-0.6587079095019636
4,-1.5740312677277188,-0.6587079095019636
4,-1.2787536009528289,-0.6587079095019636
4,0.19967462899203614,-0.6587079095019636
4,-0.2437094651795757,-0.6587079095019636
4,0.3426875752994052,-0.6587079095019636
4,0.3252546556851925,-0.6587079095019636
4,0.4387732103469384,-0.6587079095019636
4,0.2767614209370439,-0.6587079095019636
4,0.15734628357760183,-0.6587079095019636
4,0.19507185367852742,-0.6587079095019636
4,0.014618439768002922,-0.6587079095019636
4,0.8623294627632445,-0.6587079095019636
4,0.4718729191633164,-0.6587079095019636
4,0.1685781829349775,-0.6587079095019636
4,0.3667897898651731,-0.6587079095019636
4,1.0756359652829754,-0.6587079095019636
4,0.0,-0.6587079095019636
4,0.0,-0.6587079095019636
4,-0.7870157984620274,-0.6587079095019636
4,-0.3494856763830949,-0.6587079095019636
4,-0.3494856763830949,-0.6587079095019636
4,-0.4375301220789325,-0.6587079095019636
4,-0.4375301220789325,-0.6587079095019636
4,0.07918124604762511,-0.6587079095019636
4,-0.8035983725961238,-0.6587079095019636
4,-0.008209265560077839,-0.6587079095019636
4,0.18953254350015936,-0.6587079095019636
4,0.26954890820492317,-0.6587079095019636
4,0.504964353119516,-0.6587079095019636
4,1.0267793761882515,-0.6587079095019636
4,1.0245022972506561,-0.6587079095019636
4,0.9024826292148989,-0.6587079095019636
4,0.0,-0.6587079095019636
4,0.33853704070641744,-0.6587079095019636
4,0.6447927479487232,-0.6587079095019636
4,0.7513300624553647,-0.6587079095019636
4,0.19995997569809631,-0.6587079095019636
4,0.7851129120306855,-0.6587079095019636
4,0.0,-0.6587079095019636
4,-0.008038355111862572,-0.6587079095019636
4,0.17526490189038313,-0.6587079095019636
4,-1.0,-0.6587079095019636
4,-0.8129133566428557,-0.6587079095019636
4,-0.7428754900351002,-0.6587079095019636
4,-0.3332146790353825,-0.6587079095019636
4,1.2696796919573048,-0.6587079095019636
4,-0.8361431973613307,-0.6587079095019636
4,-1.0310342337399687,-0.6587079095019636
4,-0.45737719652390574,-0.6587079095019636
4,-0.08715017571890016,-0.6587079095019636
4,0.09177037335564542,-0.6587079095019636
4,-0.7998705000768798,-0.6587079095019636
4,-0.3869549032534474,-0.6587079095019636
4,-0.8473794057302957,-0.6587079095019636
4,-0.33538263205625984,-0.6587079095019636
4,-0.4313637641589869,-0.6587079095019636
4,-0.10349273312891683,-0.6587079095019636
4,-0.7280414522832768,-0.6587079095019636
4,-0.6671226370840238,-0.6587079095019636
4,-1.1791420105602999,-0.6587079095019636
4,-0.487381217643696,-0.6587079095019636
4,-0.22184874961635614,-0.6587079095019636
4,-0.431798275933005,-0.6587079095019636
4,1.3802112417116064,-0.6587079095019636
4,-1.0,-0.6587079095019636
4,-0.6989700043360187,-0.6587079095019636
4,-1.2118068113222158,-0.6587079095019636
4,-1.3466700934730556,-0.6587079095019636
4,-1.079181246047625,-0.6587079095019636
4,-0.9030899869919438,-0.6587079095019636
4,-1.472965294948505,-0.6587079095019636
4,-1.7708520116421438,-0.6587079095019636
4,-1.5517548730165664,-0.6587079095019636
4,-2.5477747053878224,-0.6587079095019636
4,-1.7853298350107671,-0.6587079095019636
4,-1.9637878273455556,-0.6587079095019636
4,-1.0091159609934506,-0.6587079095019636
4,-1.9962614304405983,-0.6587079095019636
4,-0.8129133566428557,-0.6587079095019636
4,-0.6690067809585756,-0.6587079095019636
4,-1.010723865391773,-0.6587079095019636
4,-1.018885344160374,-0.6587079095019636
4,0.045757490560674796,-0.6587079095019636
4,-1.1461280356782382,-0.6587079095019636
4,-1.703291378118661,-0.6587079095019636
4,-1.361727836017593,-0.6587079095019636
4,-0.7781512503836439,-0.6587079095019636
4,-1.079181246047625,-0.6587079095019636
4,-1.271066772286538,-0.6587079095019636
4,-1.571798386295427,-0.6587079095019636
4,-1.6610378512872996,-0.6587079095019636
4,-0.8791778295865322,-0.6587079095019636
4,-0.8791778295865322,-0.6587079095019636
4,-0.798354636471931,-0.6587079095019636
4,-1.0855214240786433,-0.6587079095019636
4,-1.0969100130080562,-0.6587079095019636
4,-1.672097857935718,-0.6587079095019636
4,0.8618329976579444,-0.6587079095019636
4,-1.6334684555795862,-0.6587079095019636
4,-0.5930632586839835,-0.6587079095019636
4,-1.2071964617445623,-0.6587079095019636
4,-1.343535645507214,-0.6587079095019636
4,-0.9618164463758658,-0.6587079095019636
4,-0.8782664032669114,-0.6587079095019636
4,-1.0,-0.6587079095019636
4,-1.0,-0.6587079095019636
4,-1.0413926851582254,-0.6587079095019636
4,-0.5002610582279248,-0.6587079095019636
4,-0.6020599913279625,-0.6587079095019636
4,-0.79375632371422,-0.6587079095019636
4,-0.6989700043360187,-0.6587079095019636
4,-0.3489535479811643,-0.6587079095019636
4,-1.2041195220169634,-0.6587079095019636
4,-0.2518119729937993,-0.6587079095019636
4,-0.9700367766225568,-0.6587079095019636
4,-1.0211892990699383,-0.6587079095019636
4,-1.3010299956639813,-0.6587079095019636
4,-1.079181246047625,-0.6587079095019636
4,-1.0863598306747484,-0.6587079095019636
4,-0.7900504736833511,-0.6587079095019636
4,-1.1879904823553886,-0.6587079095019636
4,-1.1159511898262942,-0.6587079095019636
4,-1.3909351071033793,-0.6587079095019636
4,-0.9378520932511556,-0.6587079095019636
4,-1.0633869788643926,-0.6587079095019636
4,-1.4771212547196626,-0.6587079095019636
4,-1.7853298350107671,-0.6587079095019636
4,-1.3010299956639813,-0.6587079095019636
4,-1.0769597860536666,-0.6587079095019636
4,-0.6627578316815743,-0.6587079095019636
4,-0.8920946026904808,-0.6587079095019636
4,-0.8091854841236117,-0.6587079095019636
4,-1.1461280356782382,-0.6587079095019636
4,-1.4471580313422194,-0.6587079095019636
4,-0.6647756291055495,-0.6587079095019636
4,-0.9030899869919438,-0.6587079095019636
4,-0.865301426102544,-0.6587079095019636
4,-1.1760912590556813,-0.6587079095019636
4,-1.1413291527964695,-0.6587079095019636
4,-0.8159398112730436,-0.6587079095019636
4,-0.848732324669351,-0.6587079095019636
4,-0.7781512503836439,-0.6587079095019636
4,-1.0413926851582254,-0.6587079095019636
4,-0.5228787452803374,-0.6587079095019636
4,-1.0969100130080562,-0.6587079095019636
4,-0.8538719643217618,-0.6587079095019636
4,-0.5228787452803374,-0.6587079095019636
4,-0.8195439355418692,-0.6587079095019636
4,-1.0222763947111524,-0.6587079095019636
4,-0.8450980400142569,-0.6587079095019636
4,-0.21559980033935489,-0.6587079095019636
4,-0.8386319977650247,-0.6587079095019636
4,-0.6642078980768069,-0.6587079095019636
4,-0.30935112938274134,-0.6587079095019636
4,-0.4164234143660508,-0.6587079095019636
4,-0.8785778371145367,-0.6587079095019636
4,-0.642065152999546,-0.6587079095019636
4,-0.5542872095319611,-0.6587079095019636
4,-0.6457244923827936,-0.6587079095019636
4,-0.9128498242810998,-0.6587079095019636
4,-1.0661607360551137,-0.6587079095019636
4,-1.0848215134003167,-0.6587079095019636
4,-0.87036614218332,-0.6587079095019636
4,-0.6901960800285138,-0.6587079095019636
4,-0.431798275933005,-0.6587079095019636
4,-0.07916108702646962,-0.6587079095019636
4,-0.6989700043360187,-0.6587079095019636
4,-1.0116311101180298,-0.6587079095019636
4,-0.8786653876605248,-0.6587079095019636
4,-0.8293037728310253,-0.6587079095019636
4,-0.8239087409443187,-0.6587079095019636
4,-1.0,-0.6587079095019636
4,-1.0,-0.6587079095019636
4,-0.13810226508706336,-0.6587079095019636
4,-1.1016221150958696,-0.6587079095019636
4,-0.8358079642440268,-0.6587079095019636
4,-1.3546346542409058,-0.6587079095019636
4,-0.8616973018337193,-0.6587079095019636
4,-1.5835765856339492,-0.6587079095019636
4,-0.7118072290411908,-0.6587079095019636
4,-1.7447274948966935,-0.6587079095019636
4,-1.5440680443502757,-0.6587079095019636
4,-1.113943352306837,-0.6587079095019636
4,-1.8293037728310244,-0.6587079095019636
4,-1.8129133566428557,-0.6587079095019636
4,-0.857332496431269,-0.6587079095019636
4,-1.204119982655925,-0.6587079095019636
4,-1.6020599913279625,-0.6587079095019636
4,-1.2552725051033065,-0.6587079095019636
4,-0.49069406190893616,-0.6587079095019636
4,-0.9294189257142929,-0.6587079095019636
4,-0.6320232147054057,-0.6587079095019636
4,-0.6872316010647745,-0.6587079095019636
4,-0.8239087409443187,-0.6587079095019636
4,-1.361727836017593,-0.6587079095019636
4,-1.740362689494244,-0.6587079095019636
4,-2.204119982655925,-0.6587079095019636
4,-1.1856365769619117,-0.6587079095019636
4,-1.2870152586388937,-0.6587079095019636
4,-0.6197887582883936,-0.6587079095019636
4,-0.8239087409443187,-0.6587079095019636
4,-1.3010299956639813,-0.6587079095019636
4,-1.0993846321359113,-0.6587079095019636
4,-0.6709412807357751,-0.6587079095019636
4,-0.84641608194217,-0.6587079095019636
4,-0.9030899869919438,-0.6587079095019636
4,-0.8473898367938411,-0.6587079095019636
4,-0.9744458955276123,-0.6587079095019636
4,-0.910268571619067,-0.6587079095019636
4,-1.4771212547196626,-0.6587079095019636
4,-0.5333441789585027,-0.6587079095019636
4,0.0,-0.6587079095019636
4,0.34678748622465605,-0.6587079095019636
4,-0.5676910896966998,-0.6587079095019636
4,-0.31137082900220037,-0.6587079095019636
4,-0.3904795519065729,-0.6587079095019636
4,-0.1112891378916574,-0.6587079095019636
4,-0.274110581688328,-0.6587079095019636
4,-1.0255541044723877,-0.6587079095019636
4,-0.9719712763997563,-0.6587079095019636
4,-0.31361912297200156,-0.6587079095019636
4,-0.5638373529592435,-0.6587079095019636
4,0.0,-0.6587079095019636
4,0.0,-0.6587079095019636
4,0.0,-0.6587079095019636
4,0.9030899869919438,-0.6587079095019636
4,0.7569619513137056,-0.6587079095019636
4,0.860338006570994,-0.6587079095019636
4,0.0,-0.6587079095019636
4,-0.6409780573583319,-0.6587079095019636
4,0.0,-0.6587079095019636
4,-1.0705810742857071,-0.6587079095019636
4,-0.9420080530223132,-0.6587079095019636
4,0.151267675330649,-0.6587079095019636
4,-0.5686362358410131,-0.6587079095019636
4,0.3484151154576107,-0.6587079095019636
4,0.08804772997273602,-0.6587079095019636
4,1.4056593710152416,-0.6587079095019636
4,0.661181443446619,-0.6587079095019636
4,-0.8239087409443187,-0.6587079095019636
4,1.117540014535269,-0.6587079095019636
4,-0.7900504736833511,-0.6587079095019636
4,-0.7191733904243058,-0.6587079095019636
4,0.061354937933483455,-0.6587079095019636
4,-0.8643373979999271,-0.6587079095019636
4,-0.9788107009300617,-0.6587079095019636
4,-0.14612803567823818,-0.6587079095019636
4,-0.7742209567552116,-0.6587079095019636
4,-0.4202164033831899,-0.6587079095019636
4,-0.47172622283295595,-0.6587079095019636
4,-0.2855178294857339,-0.6587079095019636
4,-0.8750612633917001,-0.6587079095019636
4,-0.8872957198087112,-0.6587079095019636
4,-0.5925146734217321,-0.6587079095019636
4,-0.4771212547196626,-0.6587079095019636
4,-0.9274493328513884,-0.6587079095019636
4,0.0,-0.6587079095019636
4,-0.7221998450544937,-0.6587079095019636
4,-0.7996401662173822,-0.6587079095019636
4,-0.6976870064105913,-0.6587079095019636
4,-1.5081554884596313,-0.6587079095019636
4,-0.3372421683184257,-0.6587079095019636
4,-0.6569086593353077,-0.6587079095019636
4,-0.9637878273455556,-0.6587079095019636
4,-0.08432088570003593,-0.6587079095019636
4,-0.499397649430815,-0.6587079095019636
4,-0.7178553484963919,-0.6587079095019636
4,-0.8816918422907127,-0.6587079095019636
4,-0.7367585652254185,-0.6587079095019636
4,-0.7533276666586115,-0.6587079095019636
4,-1.154901959985743,-0.6587079095019636
4,-0.7569619513137056,-0.6587079095019636
4,-0.8538719643217618,-0.6587079095019636
4,-1.1014576407587766,-0.6587079095019636
4,-1.1737873041461162,-0.6587079095019636
4,-0.7942380702770997,-0.6587079095019636
4,-0.6989700043360187,-0.6587079095019636
5,-0.30102999566398125,-0.6563327240072706
5,-0.7651307403911325,-0.6563327240072706
5,-0.8239087409443187,-0.6563327240072706
5,-0.3357921019231931,-0.6563327240072706
5,-0.714033750771895,-0.6563327240072706
5,-0.31425396462177524,-0.6563327240072706
5,0.24551266781415038,-0.6563327240072706
5,-0.7344423224982384,-0.6563327240072706
5,-0.6532125137753431,-0.6563327240072706
5,-1.1505139038522927,-0.6563327240072706
5,0.0,-0.6563327240072706
5,-1.6368220975871743,-0.6563327240072706
5,-1.6127838567197355,-0.6563327240072706
5,-1.865301426102544,-0.6563327240072706
5,-1.1650958747542175,-0.6563327240072706
5,-1.4313637641589878,-0.6563327240072706
5,-1.3164363267053814,-0.6563327240072706
5,-1.1055101847699742,-0.6563327240072706
5,-1.179695383324507,-0.6563327240072706
5,-1.113943352306837,-0.6563327240072706
5,-0.6796648491406323,-0.6563327240072706
5,-0.9560945143009185,-0.6563327240072706
5,-0.842392146638332,-0.6563327240072706
5,-0.09691001300805624,-0.6563327240072706
5,-0.9166124791163526,-0.6563327240072706
5,-0.17094279450418348,-0.6563327240072706
5,-0.3853508813640172,-0.6563327240072706
5,-0.4030195342013121,-0.6563327240072706
5,-0.2594721481223612,-0.6563327240072706
5,-1.2730012720637376,-0.6563327240072706
5,-0.8794260687941504,-0.6563327240072706
5,-1.134698573897456,-0.6563327240072706
5,-1.049635145623876,-0.6563327240072706
5,-0.821260595654631,-0.6563327240072706
5,-1.0907145515668137,-0.6563327240072706
5,-1.3222192947339195,-0.6563327240072706
5,-0.9420080530223132,-0.6563327240072706
5,-0.5740312677277188,-0.6563327240072706
5,-0.8129133566428557,-0.6563327240072706
5,-1.335398897295243,-0.6563327240072706
5,-0.9637291824893586,-0.6563327240072706
5,-1.5563025007672877,-0.6563327240072706
5,-1.1303337684950057,-0.6563327240072706
5,-1.2430380486862944,-0.6563327240072706
5,-1.1760912590556813,-0.6563327240072706
5,-1.6658935455344324,-0.6563327240072706
5,-1.4191293077419758,-0.6563327240072706
5,0.09821747354970256,-0.6563327240072706
5,-0.7566980227234472,-0.6563327240072706
5,-0.32123338175226834,-0.6563327240072706
5,-0.3187587626244124,-0.6563327240072706
5,-1.204119982655925,-0.6563327240072706
5,0.0,-0.6563327240072706
5,-0.9774341721012583,-0.6563327240072706
5,-1.026328938722349,-0.6563327240072706
5,-1.595429412428949,-0.6563327240072706
5,-0.4496138450811866,-0.6563327240072706
5,-0.6863808770279984,-0.6563327240072706
5,-0.34678748622465605,-0.6563327240072706
5,-1.0687158123694598,-0.6563327240072706
5,-0.70472233322511,-0.6563327240072706
5,-0.7907403776916642,-0.6563327240072706
5,-0.8066928866262923,-0.6563327240072706
5,1.3424226808222066,-0.6563327240072706
5,1.3009935730215947,-0.6563327240072706
5,1.5815837220779043,-0.6563327240072706
5,-0.4771212547196626,-0.6563327240072706
5,-0.4499690086760477,-0.6563327240072706
5,-0.09564936050631179,-0.6563327240072706
5,-0.2410320659886951,-0.6563327240072706
5,0.15490195998574308,-0.6563327240072706
5,-0.7781512503836439,-0.6563327240072706
5,-1.3979400086720375,-0.6563327240072706
5,-1.0,-0.6563327240072706
5,-1.0,-0.6563327240072706
5,-1.2218487496163561,-0.6563327240072706
5,-0.5000014867943587,-0.6563327240072706
5,-1.9328118686116316,-0.6563327240072706
5,-0.6752907023818553,-0.6563327240072706
5,-1.7549214096651689,-0.6563327240072706
5,-1.845098040014257,-0.6563327240072706
5,-1.328088228398017,-0.6563327240072706
5,-0.4375301220789325,-0.6563327240072706
5,0.44075738996381375,-0.6563327240072706
5,-0.045757490560675684,-0.6563327240072706
5,-0.21559980033935489,-0.6563327240072706
5,-1.2671717284030137,-0.6563327240072706
5,-1.3010299956639813,-0.6563327240072706
5,-1.4698220159781634,-0.6563327240072706
5,-0.3979400086720375,-0.6563327240072706
5,-0.3979400086720375,-0.6563327240072706
5,-0.3979400086720375,-0.6563327240072706
5,-0.4890204780193699,-0.6563327240072706
5,-1.7269987279362624,-0.6563327240072706
5,-0.2872761903368577,-0.6563327240072706
5,0.0,-0.6563327240072706
5,-2.1505139038522927,-0.6563327240072706
5,-1.164810248645992,-0.6563327240072706
5,-1.083121728522423,-0.6563327240072706
5,-0.6627578316815743,-0.6563327240072706
5,-0.3406176746319307,-0.6563327240072706
5,-0.14210676174531311,-0.6563327240072706
5,-1.2965756542377314,-0.6563327240072706
5,-0.544527372242805,-0.6563327240072706
5,-0.22068520040890238,-0.6563327240072706
5,-0.6226332212052812,-0.6563327240072706
5,-1.204119982655925,-0.6563327240072706
5,-0.045757490560674796,-0.6563327240072706
5,-0.30102999566398125,-0.6563327240072706
5,-1.2787536009528289,-0.6563327240072706
5,-0.6647291997449933,-0.6563327240072706
5,-0.5823398090037069,-0.6563327240072706
5,-0.7726537229182906,-0.6563327240072706
5,-0.6020599913279625,-0.6563327240072706
5,-1.5440680443502757,-0.6563327240072706
5,-0.20712549279564918,-0.6563327240072706
5,0.18295111693192823,-0.6563327240072706
5,-0.38021124171160636,-0.6563327240072706
5,0.0,-0.6563327240072706
5,-0.3912591372529759,-0.6563327240072706
5,-0.3290587192642249,-0.6563327240072706
5,-0.2174839442139067,-0.6563327240072706
5,0.05864551291277387,-0.6563327240072706
5,-0.6575773191777934,-0.6563327240072706
5,-0.8239087409443187,-0.6563327240072706
5,-0.3258535793890127,-0.6563327240072706
5,-2.079181246047625,-0.6563327240072706
5,-1.2218487496163561,-0.6563327240072706
5,-0.4604084692762678,-0.6563327240072706
5,-1.1191864077192086,-0.6563327240072706
5,-1.4771212547196626,-0.6563327240072706
5,-1.139879086401237,-0.6563327240072706
5,-1.3802112417116064,-0.6563327240072706
5,-1.3172455399021716,-0.6563327240072706
5,0.3494856763830949,-0.6563327240072706
5,0.0,-0.6563327240072706
5,-1.3679767852945943,-0.6563327240072706
5,-1.4771212547196626,-0.6563327240072706
5,-0.25719143823949153,-0.6563327240072706
5,-0.6020599913279625,-0.6563327240072706
5,-1.2757241303992117,-0.6563327240072706
5,-0.7346855566025532,-0.6563327240072706
5,-0.06694678963061307,-0.6563327240072706
5,-1.020203386088287,-0.6563327240072706
5,-0.7150857120368901,-0.6563327240072706
5,-0.4162540585488639,-0.6563327240072706
5,-1.325030272067747,-0.6563327240072706
5,-0.1143882690518696,-0.6563327240072706
5,-0.8373045780392774,-0.6563327240072706
5,-1.113943352306837,-0.6563327240072706
5,-1.3010299956639813,-0.6563327240072706
5,0.0,-0.6563327240072706
5,-1.350801612394977,-0.6563327240072706
5,0.0,-0.6563327240072706
5,0.0,-0.6563327240072706
5,0.0,-0.6563327240072706
5,0.0,-0.6563327240072706
5,0.0,-0.6563327240072706
5,0.44235914846045077,-0.6563327240072706
5,0.3369425515546265,-0.6563327240072706
5,-0.29329754543329045,-0.6563327240072706
5,-1.7283537820212285,-0.6563327240072706
5,-0.955514702167144,-0.6563327240072706
5,0.7804902921553305,-0.6563327240072706
5,-1.296513894499017,-0.6563327240072706
5,0.0,-0.6563327240072706
5,0.6140531059872192,-0.6563327240072706
5,-0.30102999566398125,-0.6563327240072706
5,-0.6493280729138764,-0.6563327240072706
5,-0.7280831092284821,-0.6563327240072706
5,-0.5706022622039688,-0.6563327240072706
5,-0.7870413936722933,-0.6563327240072706
5,-0.6921305798057134,-0.6563327240072706
5,-0.7870413936722933,-0.6563327240072706
5,-0.7923916894982543,-0.6563327240072706
5,-0.5486860088866239,-0.6563327240072706
5,0.34847057686564575,-0.6563327240072706
5,0.0,-0.6563327240072706
5,-2.516430988729595,-0.6563327240072706
5,-0.8432138961397051,-0.6563327240072706
5,-0.644612342013426,-0.6563327240072706
5,0.0,-0.6563327240072706
5,-1.065734522320379,-0.6563327240072706
5,-0.4476662753813869,-0.6563327240072706
5,-0.7137489363676082,-0.6563327240072706
5,-0.3165052602864149,-0.6563327240072706
5,-0.24183795360414884,-0.6563327240072706
5,-0.23856152772098405,-0.6563327240072706
5,-0.7505570385574174,-0.6563327240072706
5,-0.3120253799654442,-0.6563327240072706
5,-1.4936903561528547,-0.6563327240072706
5,0.0,-0.6563327240072706
5,0.0,-0.6563327240072706
5,0.0,-0.6563327240072706
5,0.0,-0.6563327240072706
5,0.0,-0.6563327240072706
5,0.0,-0.6563327240072706
5,0.0,-0.6563327240072706
5,0.7403626894942441,-0.6563327240072706
5,0.0,-0.6563327240072706
5,1.0,-0.6563327240072706
5,0.0,-0.6563327240072706
5,-1.4771212547196626,-0.6563327240072706
5,-1.1856365769619117,-0.6563327240072706
5,-1.2879675228247383,-0.6563327240072706
5,-2.527958270809612,-0.6563327240072706
5,-2.921686475483602,-0.6563327240072706
5,-1.074000733543845,-0.6563327240072706
5,-2.6661774909397113,-0.6563327240072706
5,-1.549750891680639,-0.6563327240072706
5,-2.8750612633917,-0.6563327240072706
5,-0.5963076624388712,-0.6563327240072706
5,-1.2099495263166489,-0.6563327240072706
5,-2.638272163982407,-0.6563327240072706
5,0.0,-0.6563327240072706
5,-0.7818473959436067,-0.6563327240072706
5,0.15490195998574308,-0.6563327240072706
5,0.0,-0.6563327240072706
5,0.08459549492948426,-0.6563327240072706
5,0.0,-0.6563327240072706
5,-2.7913795161173987,-0.6563327240072706
5,-2.321785217254601,-0.6563327240072706
5,-1.151267675330649,-0.6563327240072706
5,0.0,-0.6563327240072706
5,-1.1072099696478688,-0.6563327240072706
5,0.0,-0.6563327240072706
5,0.0,-0.6563327240072706
5,0.0,-0.6563327240072706
5,0.0,-0.6563327240072706
5,-0.5991933506763587,-0.6563327240072706
5,0.0,-0.6563327240072706
5,-0.6197887582883936,-0.6563327240072706
5,-0.5528419686577806,-0.6563327240072706
5,-0.6066557430171109,-0.6563327240072706
5,-0.7333389059672815,-0.6563327240072706
5,-0.17384451590774663,-0.6563327240072706
5,-0.36614817424818646,-0.6563327240072706
5,-0.4706752071520439,-0.6563327240072706
5,-0.6232492903979008,-0.6563327240072706
5,-0.6368220975871743,-0.6563327240072706
5,-0.60528896145816,-0.6563327240072706
5,-0.60528896145816,-0.6563327240072706
5,-0.6197887582883936,-0.6563327240072706
5,-0.31994698356234874,-0.6563327240072706
5,-0.4625828433930863,-0.6563327240072706
5,-0.3905719708045483,-0.6563327240072706
5,-0.24688706485721124,-0.6563327240072706
5,-0.4089783902986097,-0.6563327240072706
5,-1.103876473193652,-0.6563327240072706
5,-0.10963564959093297,-0.6563327240072706
5,-1.0,-0.6563327240072706
5,0.6215133726311741,-0.6563327240072706
5,-1.173186268412274,-0.6563327240072706
5,-1.0687158123694598,-0.6563327240072706
5,-1.6298190478586818,-0.6563327240072706
5,-0.35793484700045397,-0.6563327240072706
5,-0.16633142176652527,-0.6563327240072706
5,-0.7403626894942441,-0.6563327240072706
5,0.0,-0.6563327240072706
5,-0.9030899869919438,-0.6563327240072706
5,-0.8750612633917001,-0.6563327240072706
5,-1.014758999751626,-0.6563327240072706
5,-0.4771212547196626,-0.6563327240072706
5,-0.7336453298012753,-0.6563327240072706
5,-0.5806618466267324,-0.6563327240072706
5,-0.4771212547196617,-0.6563327240072706
5,-0.43572856956143724,-0.6563327240072706
5,-0.11394335230683694,-0.6563327240072706
5,-1.5051499783199063,-0.6563327240072706
5,-0.5633074023359459,-0.6563327240072706
5,-0.9604914587163265,-0.6563327240072706
5,-1.6690067809585756,-0.6563327240072706
5,-1.4623979978989556,-0.6563327240072706
5,-1.3265841001363698,-0.6563327240072706
5,0.03959044503700948,-0.6563327240072706
5,-1.0413926851582254,-0.6563327240072706
5,-1.5810720321341156,-0.6563327240072706
5,-0.3832167518513314,-0.6563327240072706
5,-0.5528419686577806,-0.6563327240072706
5,-1.213879819945081,-0.6563327240072706
5,-0.7891466346851068,-0.6563327240072706
5,-1.0903975088639175,-0.6563327240072706
5,0.0,-0.6563327240072706
5,0.0,-0.6563327240072706
5,-0.592283252461411,-0.6563327240072706
5,-0.592283252461411,-0.6563327240072706
5,-0.3386461832699501,-0.6563327240072706
5,-1.0,-0.6563327240072706
5,-1.4085356813507763,-0.6563327240072706
5,-0.6166840828366942,-0.6563327240072706
5,-0.6588953611057073,-0.6563327240072706
5,-0.6261936710446818,-0.6563327240072706
5,-0.6166840828366942,-0.6563327240072706
5,-0.3901303070435729,-0.6563327240072706
5,-0.5722550097019159,-0.6563327240072706
5,-0.3701817373529268,-0.6563327240072706
5,-0.13926459109970324,-0.6563327240072706
5,-0.809233790055691,-0.6563327240072706
5,-0.7355411351527765,-0.6563327240072706
5,-0.36266424832349475,-0.6563327240072706
5,-0.5586747746122196,-0.6563327240072706
5,-0.874461823017854,-0.6563327240072706
5,-0.9266482976130987,-0.6563327240072706
5,-0.465435496394468,-0.6563327240072706
5,-0.791159378671491,-0.6563327240072706
5,-0.6375175252488257,-0.6563327240072706
5,-0.7468935566532018,-0.6563327240072706
5,-0.5043075057338848,-0.6563327240072706
5,-0.8510609869879335,-0.6563327240072706
5,-0.3564291320633881,-0.6563327240072706
5,-0.8609748021130947,-0.6563327240072706
5,-0.1575129567193363,-0.6563327240072706
5,-1.5264828695491621,-0.6563327240072706
5,-0.4511855206252626,-0.6563327240072706
5,-0.6721200163827188,-0.6563327240072706
5,-0.5639554649958125,-0.6563327240072706
5,-1.3748924486527798,-0.6563327240072706
5,-1.4093694704528188,-0.6563327240072706
5,-1.5078558716958312,-0.6563327240072706
5,-1.4913616938342722,-0.6563327240072706
5,-1.5820633629117085,-0.6563327240072706
5,-1.5194529553397151,-0.6563327240072706
5,-1.1663314217665244,-0.6563327240072706
5,-1.4996870826184034,-0.6563327240072706
5,-1.3129292189636894,-0.6563327240072706
5,-1.1080941799605704,-0.6563327240072706
5,-1.0046284041820712,-0.6563327240072706
5,-1.3802112417116064,-0.6563327240072706
5,-1.387686374306484,-0.6563327240072706
5,-1.5141048209728316,-0.6563327240072706
5,-1.5357159699855094,-0.6563327240072706
5,-1.431960183373647,-0.6563327240072706
5,-1.2552725051033065,-0.6563327240072706
5,-1.5390082455808738,-0.6563327240072706
5,-1.6797306463503485,-0.6563327240072706
5,-1.6077371242196534,-0.6563327240072706
5,-1.3802112417116064,-0.6563327240072706
5,-1.1314047788575312,-0.6563327240072706
5,-1.1968207439144258,-0.6563327240072706
5,-1.5490032620257876,-0.6563327240072706
5,-1.9978230807457251,-0.6563327240072706
5,-1.8195439355418683,-0.6563327240072706
5,-1.6309361190641916,-0.6563327240072706
5,-2.0050374406916136,-0.6563327240072706
5,1.3112676473584868,-0.6563327240072706
5,-1.4610344348262077,-0.6563327240072706
5,-0.9208187539523749,-0.6563327240072706
5,-1.4115035999655055,-0.6563327240072706
5,1.219125891280883,-0.6563327240072706
5,-0.6482604135760912,-0.6563327240072706
5,-1.1409268419924299,-0.6563327240072706
5,-0.47172622283295595,-0.6563327240072706
5,-0.38021124171160636,-0.6563327240072706
5,-0.6184504075161321,-0.6563327240072706
5,-0.3521825181113627,-0.6563327240072706
5,-0.6130553756294255,-0.6563327240072706
5,0.0,-0.6563327240072706
5,-0.7739952906124863,-0.6563327240072706
5,0.09626075003694723,-0.6563327240072706
5,-0.3098236601811166,-0.6563327240072706
5,-1.230448921378274,-0.6563327240072706
5,1.0584260244570052,-0.6563327240072706
5,-1.0078253375119566,-0.6563327240072706
5,-1.3010299956639813,-0.6563327240072706
5,-0.43503034677132746,-0.6563327240072706
5,-1.3444802558203817,-0.6563327240072706
5,0.0,-0.6563327240072706
5,-0.5954962218255746,-0.6563327240072706
5,-0.5623872865640109,-0.6563327240072706
5,-0.4562839436321724,-0.6563327240072706
5,-0.638489256954637,-0.6563327240072706
5,-0.4708594338348915,-0.6563327240072706
5,-0.6638055872727673,-0.6563327240072706
5,-0.5786173133193158,-0.6563327240072706
5,-0.7100860092414791,-0.6563327240072706
5,-0.3497414449984353,-0.6563327240072706
5,-0.8129133566428557,-0.6563327240072706
5,-0.2720662997286647,-0.6563327240072706
5,-0.6989700043360187,-0.6563327240072706
5,-0.34473892354938673,-0.6563327240072706
5,-0.21992282858031764,-0.6563327240072706
5,-0.13305071898637433,-0.6563327240072706
5,1.9323294795010275,-0.6563327240072706
5,1.9180709017839055,-0.6563327240072706
5,-1.740362689494244,-0.6563327240072706
5,-0.7811567605233689,-0.6563327240072706
5,-0.7870157984620274,-0.6563327240072706
5,0.0,-0.6563327240072706
5,0.0,-0.6563327240072706
5,-0.5106187037514216,-0.6563327240072706
5,0.0,-0.6563327240072706
5,0.0,-0.6563327240072706
5,0.0,-0.6563327240072706
5,-1.2430380486862944,-0.6563327240072706
5,-1.3827000421153013,-0.6563327240072706
5,-1.204119982655925,-0.6563327240072706
5,-0.39138190284952223,-0.6563327240072706
5,-0.14612803567823818,-0.6563327240072706
5,-1.0211892990699383,-0.6563327240072706
5,-1.0,-0.6563327240072706
5,-0.03367199469456761,-0.6563327240072706
5,-1.4771212547196626,-0.6563327240072706
5,-1.1836443969461268,-0.6563327240072706
5,-0.6368220975871743,-0.6563327240072706
5,-0.8702087605972881,-0.6563327240072706
5,-1.230448921378274,-0.6563327240072706
5,-0.6020599913279625,-0.6563327240072706
5,-0.6478174818886373,-0.6563327240072706
5,-0.3521825181113627,-0.6563327240072706
5,0.2364491808619107,-0.6563327240072706
5,-1.0769133845918022,-0.6563327240072706
5,-1.4475408383144721,-0.6563327240072706
5,-1.5844523833812616,-0.6563327240072706
5,-0.5882717068423293,-0.6563327240072706
5,-1.2523433215461246,-0.6563327240072706
5,-1.3341402942756098,-0.6563327240072706
5,-1.9516953204254452,-0.6563327240072706
5,-0.8767835173945651,-0.6563327240072706
5,-1.0280287236002437,-0.6563327240072706
5,-0.8726006648440432,-0.6563327240072706
5,-1.434616003271386,-0.6563327240072706
5,-1.2121155880731562,-0.6563327240072706
5,-0.7870157984620274,-0.6563327240072706
5,-0.9363309201306222,-0.6563327240072706
5,-1.5440680443502757,-0.6563327240072706
5,-1.3502480183341632,-0.6563327240072706
5,-1.249198357391113,-0.6563327240072706
5,-1.1760912590556813,-0.6563327240072706
5,-2.6812412373755867,-0.6563327240072706
5,-1.2544047835720793,-0.6563327240072706
5,1.1962946451439684,-0.6563327240072706
5,-2.3039156839014696,-0.6563327240072706
5,-0.5456293203825044,-0.6563327240072706
5,-0.8890758416581361,-0.6563327240072706
5,-1.1594437878248467,-0.6563327240072706
5,-0.30102999566398125,-0.6563327240072706
5,0.8227542135070056,-0.6563327240072706
5,0.6086801142439748,-0.6563327240072706
5,0.17609125905568135,-0.6563327240072706
5,0.0,-0.6563327240072706
5,0.8450980400142569,-0.6563327240072706
5,-1.6964812039323238,-0.6563327240072706
5,-1.5096504795465826,-0.6563327240072706
5,-1.2730012720637376,-0.6563327240072706
5,1.5442417968958626,-0.6563327240072706
5,0.11713503215564458,-0.6563327240072706
5,0.0,-0.6563327240072706
5,-1.0159685076998723,-0.6563327240072706
5,0.8239087409443187,-0.6563327240072706
5,-1.0053950318867066,-0.6563327240072706
5,-1.3729120029701072,-0.6563327240072706
5,-1.6020599913279625,-0.6563327240072706
5,-1.6127838567197355,-0.6563327240072706
5,-1.3353608263347194,-0.6563327240072706
5,-1.2288978680085352,-0.6563327240072706
5,-1.3736333793374502,-0.6563327240072706
5,-0.30102999566398125,-0.6563327240072706
5,-1.4771212547196626,-0.6563327240072706
5,-0.4375301220789325,-0.6563327240072706
5,-2.729974285699556,-0.6563327240072706
5,-2.8512583487190746,-0.6563327240072706
5,-2.4004146277998926,-0.6563327240072706
5,-2.5421043884868713,-0.6563327240072706
5,-1.9220268061413437,-0.6563327240072706
5,0.0,-0.6563327240072706
5,-0.8016323462331663,-0.6563327240072706
5,-0.15490195998574308,-0.6563327240072706
5,-0.15490195998574308,-0.6563327240072706
5,0.47594087683390995,-0.6563327240072706
5,0.22515138516644218,-0.6563327240072706
5,1.247183568811728,-0.6563327240072706
5,0.2863410853561561,-0.6563327240072706
5,0.0,-0.6563327240072706
5,1.140713219517929,-0.6563327240072706
5,0.04706233224901979,-0.6563327240072706
5,1.6179829574251317,-0.6563327240072706
5,0.5555762556450325,-0.6563327240072706
5,0.0250280057019312,-0.6563327240072706
5,0.2651132542663621,-0.6563327240072706
5,0.33751319193400686,-0.6563327240072706
5,0.9465926090058607,-0.6563327240072706
5,0.5529505287088154,-0.6563327240072706
5,0.0,-0.6563327240072706
5,0.0,-0.6563327240072706
5,0.2986105215405681,-0.6563327240072706
5,0.1416504118618782,-0.6563327240072706
5,-0.4375301220789325,-0.6563327240072706
5,-0.7898641211887929,-0.6563327240072706
5,-2.278753600952829,-0.6563327240072706
5,-0.9488474775526186,-0.6563327240072706
5,-0.8450980400142569,-0.6563327240072706
5,0.0,-0.6563327240072706
5,-1.2218487496163561,-0.6563327240072706
5,-0.6897293476011059,-0.6563327240072706
5,-1.214843848047698,-0.6563327240072706
5,-1.7781512503836439,-0.6563327240072706
5,-0.6025554785259217,-0.6563327240072706
5,0.0,-0.6563327240072706
5,0.0,-0.6563327240072706
5,-0.5932860670204576,-0.6563327240072706
5,-1.2009148427807128,-0.6563327240072706
5,-1.269512944217917,-0.6563327240072706
5,0.0,-0.6563327240072706
5,0.0,-0.6563327240072706
5,-0.3979400086720375,-0.6563327240072706
5,-0.3979400086720375,-0.6563327240072706
5,-1.9030899869919438,-0.6563327240072706
5,-0.8010296743210459,-0.6563327240072706
5,-0.30102999566398125,-0.6563327240072706
5,-1.1505139038522927,-0.6563327240072706
5,-0.6020599913279625,-0.6563327240072706
5,0.0,-0.6563327240072706
5,-2.6989700043360187,-0.6563327240072706
5,-1.1505139038522927,-0.6563327240072706
5,-1.0,-0.6563327240072706
5,-1.1505139038522927,-0.6563327240072706
5,-1.1505139038522927,-0.6563327240072706
5,-1.3010299956639813,-0.6563327240072706
5,-1.6989700043360187,-0.6563327240072706
5,-1.3010299956639813,-0.6563327240072706
5,-1.0,-0.6563327240072706
5,-2.1505139038522927,-0.6563327240072706
5,-1.3010299956639813,-0.6563327240072706
5,-1.1505139038522927,-0.6563327240072706
5,0.38021124171160636,-0.6563327240072706
5,-0.6481031079968638,-0.6563327240072706
5,-0.30102999566398125,-0.6563327240072706
5,-0.2313940675225874,-0.6563327240072706
5,-2.975961759132561,-0.6563327240072706
5,-0.26681589513288007,-0.6563327240072706
5,-1.5835765856339492,-0.6563327240072706
5,0.0,-0.6563327240072706
5,0.08755474051312451,-0.6563327240072706
5,-1.3257703732422108,-0.6563327240072706
5,-0.5296282275290061,-0.6563327240072706
5,-0.43443004088932113,-0.6563327240072706
5,-0.6989700043360187,-0.6563327240072706
5,-0.7481880270062007,-0.6563327240072706
5,-0.7533276666586115,-0.6563327240072706
5,-2.928051683130893,-0.6563327240072706
5,0.7634279935629369,-0.6563327240072706
5,-0.3979400086720375,-0.6563327240072706
5,-0.3979400086720375,-0.6563327240072706
5,-1.4293484729236612,-0.6563327240072706
5,-1.799154196959024,-0.6563327240072706
5,-1.1893195247894361,-0.6563327240072706
5,-1.2518119729937993,-0.6563327240072706
5,-1.6020599913279625,-0.6563327240072706
5,-1.7659167939666318,-0.6563327240072706
5,-1.3010299956639813,-0.6563327240072706
5,0.38021124171160636,-0.6563327240072706
5,-0.9783383627425621,-0.6563327240072706
5,-0.9186308678042003,-0.6563327240072706
5,-0.03950854128367354,-0.6563327240072706
5,-1.0161684976948866,-0.6563327240072706
5,0.0,-0.6563327240072706
5,0.0,-0.6563327240072706
5,-2.047923552317183,-0.6563327240072706
5,-0.4824500882247298,-0.6563327240072706
5,-0.6020599913279625,-0.6563327240072706
5,-1.5440680443502757,-0.6563327240072706
5,-0.43933269383026285,-0.6563327240072706
5,-0.3424226808222066,-0.6563327240072706
5,-0.5411035653865364,-0.6563327240072706
5,-0.6020599913279625,-0.6563327240072706
5,-1.4282248125765058,-0.6563327240072706
5,-0.6989700043360187,-0.6563327240072706
5,-1.0453229787866576,-0.6563327240072706
5,0.8129133566428557,-0.6563327240072706
5,-1.1271716180405917,-0.6563327240072706
5,-1.0826695738934466,-0.6563327240072706
5,0.16234844215360766,-0.6563327240072706
5,0.30102999566398125,-0.6563327240072706
5,0.5467806982782273,-0.6563327240072706
5,0.3737315730412165,-0.6563327240072706
5,0.4396128156899852,-0.6563327240072706
5,0.7781512503836439,-0.6563327240072706
5,-1.113943352306837,-0.6563327240072706
5,-1.2344639991151105,-0.6563327240072706
5,-1.4177484020255902,-0.6563327240072706
5,-1.3374592612906557,-0.6563327240072706
5,0.13033376849500655,-0.6563327240072706
5,0.15970084286751174,-0.6563327240072706
5,-1.4722687519252498,-0.6563327240072706
5,0.10523540179218838,-0.6563327240072706
5,-0.103219486915064,-0.6563327240072706
5,-0.12315518386788238,-0.6563327240072706
5,-0.26240059330785037,-0.6563327240072706
5,-0.560017705442899,-0.6563327240072706
5,-0.06497800647284357,-0.6563327240072706
5,-0.3979400086720375,-0.6563327240072706
5,-0.30597457828104346,-0.6563327240072706
5,-0.31481828014961444,-0.6563327240072706
5,0.020684598859850745,-0.6563327240072706
5,-0.8377438486797901,-0.6563327240072706
5,-0.08364212367298762,-0.6563327240072706
5,-0.1870866433571443,-0.6563327240072706
5,0.22493982659349765,-0.6563327240072706
5,-0.653212513775344,-0.6563327240072706
5,-0.4771212547196626,-0.6563327240072706
5,-0.42881657514510785,-0.6563327240072706
5,-0.13262556527459068,-0.6563327240072706
5,-0.16481024864599192,-0.6563327240072706
5,-0.6365004335419719,-0.6563327240072706
5,-0.3819886947675881,-0.6563327240072706
5,-1.6442112696605529,-0.6563327240072706
5,0.0,-0.6563327240072706
5,0.0,-0.6563327240072706
5,0.6872467388148911,-0.6563327240072706
5,0.6020599913279625,-0.6563327240072706
5,-0.6684126707675615,-0.6563327240072706
5,-1.1750559916240757,-0.6563327240072706
5,-0.5728818330508298,-0.6563327240072706
5,-0.8834944309285628,-0.6563327240072706
5,-1.1317935832540487,-0.6563327240072706
5,0.0,-0.6563327240072706
5,-1.5378190950732744,-0.6563327240072706
5,-1.201852121200102,-0.6563327240072706
5,-0.4375301220789325,-0.6563327240072706
5,0.8883667301712368,-0.6563327240072706
5,-1.0413926851582254,-0.6563327240072706
5,-1.4698220159781634,-0.6563327240072706
5,-1.3096301674258992,-0.6563327240072706
5,-0.7403626894942441,-0.6563327240072706
5,-1.163502131747661,-0.6563327240072706
5,-0.7403626894942441,-0.6563327240072706
5,-0.6197887582883936,-0.6563327240072706
5,-2.2818796415687554,-0.6563327240072706
5,-3.4382785804926073,-0.6563327240072706
5,-2.718209362321689,-0.6563327240072706
5,-2.221848749616356,-0.6563327240072706
5,0.10064029100124205,-0.6563327240072706
5,2.0184834056940133,-0.6563327240072706
5,0.7605660755825303,-0.6563327240072706
5,0.5081554884596313,-0.6563327240072706
5,-0.3357921019231931,-0.6563327240072706
5,0.28090866594412134,-0.6563327240072706
5,-0.44542775151412606,-0.6563327240072706
5,0.779368980551908,-0.6563327240072706
5,-0.19897074537756954,-0.6563327240072706
5,0.0,-0.6563327240072706
5,-0.38021124171160636,-0.6563327240072706
5,-0.12963385781668002,-0.6563327240072706
5,0.9483175269293209,-0.6563327240072706
5,-1.2403321553103694,-0.6563327240072706
5,0.0,-0.6563327240072706
5,-0.30102999566398125,-0.6563327240072706
5,-0.6989700043360187,-0.6563327240072706
5,0.0,-0.6563327240072706
5,0.7602607858886188,-0.6563327240072706
5,-1.2552725051033065,-0.6563327240072706
5,-0.4375301220789325,-0.6563327240072706
5,-1.1437352225623476,-0.6563327240072706
5,-0.9851762236829753,-0.6563327240072706
5,-2.127761895944679,-0.6563327240072706
5,-0.671257016468986,-0.6563327240072706
5,-0.7403626894942441,-0.6563327240072706
5,-0.5797835966168101,-0.6563327240072706
5,-0.9530920598078918,-0.6563327240072706
5,-0.45154571957920364,-0.6563327240072706
5,-1.1702617153949575,-0.6563327240072706
5,-1.0969100130080562,-0.6563327240072706
5,0.3979400086720375,-0.6563327240072706
5,0.08543019532462637,-0.6563327240072706
5,0.25570701687732367,-0.6563327240072706
5,0.3444956894450719,-0.6563327240072706
5,0.2850418902798513,-0.6563327240072706
5,0.017374096069422862,-0.6563327240072706
5,0.5301779840218366,-0.6563327240072706
5,0.9487755685398032,-0.6563327240072706
5,1.0215617643431134,-0.6563327240072706
5,1.758268815738762,-0.6563327240072706
5,0.4040630937308265,-0.6563327240072706
5,0.9656281191475298,-0.6563327240072706
5,0.0,-0.6563327240072706
5,0.9309190808567012,-0.6563327240072706
5,0.8476754629020675,-0.6563327240072706
5,1.3017133860204186,-0.6563327240072706
5,0.681696234255238,-0.6563327240072706
5,0.41912930774197577,-0.6563327240072706
5,0.5793842293742353,-0.6563327240072706
5,-1.9481683617271317,-0.6563327240072706
5,-1.085171609736812,-0.6563327240072706
5,-1.518513939877888,-0.6563327240072706
5,-1.518513939877888,-0.6563327240072706
5,-1.195613398758156,-0.6563327240072706
5,-0.48293964102494424,-0.6563327240072706
5,-0.9222062774390158,-0.6563327240072706
5,-0.5727226321873777,-0.6563327240072706
5,-0.5175635621809516,-0.6563327240072706
5,-0.4771212547196626,-0.6563327240072706
5,-0.4510311361748487,-0.6563327240072706
5,-0.8003242293348354,-0.6563327240072706
5,-0.5606303747966201,-0.6563327240072706
5,0.5400459804384035,-0.6563327240072706
5,-1.240433142284875,-0.6563327240072706
5,0.0,-0.6563327240072706
5,-0.653212513775344,-0.6563327240072706
5,0.14305712734611742,-0.6563327240072706
5,0.9070252130998657,-0.6563327240072706
5,0.6552155489562255,-0.6563327240072706
5,0.06398920428479027,-0.6563327240072706
5,0.37601512711799767,-0.6563327240072706
5,0.4974363308926364,-0.6563327240072706
5,-1.157551484423708,-0.6563327240072706
5,0.0,-0.6563327240072706
5,-0.6232492903979008,-0.6563327240072706
5,-0.9557963375079463,-0.6563327240072706
5,-0.6139592146276698,-0.6563327240072706
5,-1.230448921378274,-0.6563327240072706
5,-0.9294189257142929,-0.6563327240072706
5,-1.326584100136369,-0.6563327240072706
5,-0.8205550989367305,-0.6563327240072706
5,-0.6777807052660805,-0.6563327240072706
5,-0.924279286061882,-0.6563327240072706
5,-0.3484546455921187,-0.6563327240072706
5,-0.9393021596463882,-0.6563327240072706
5,-0.8673744347254093,-0.6563327240072706
5,-1.0,-0.6563327240072706
5,-1.152610163206158,-0.6563327240072706
5,-1.2284793285153688,-0.6563327240072706
5,-0.7147642715192504,-0.6563327240072706
5,-0.6374519664168048,-0.6563327240072706
5,-0.5295093241793509,-0.6563327240072706
5,0.0,-0.6563327240072706
5,0.0,-0.6563327240072706
5,-1.0483046795745548,-0.6563327240072706
5,-0.9030899869919438,-0.6563327240072706
5,-0.8239087409443187,-0.6563327240072706
5,0.0,-0.6563327240072706
5,-0.7403626894942441,-0.6563327240072706
5,0.0,-0.6563327240072706
5,0.9542425094393252,-0.6563327240072706
5,-1.7242758696007892,-0.6563327240072706
5,-2.012837224705172,-0.6563327240072706
5,0.3494856763830949,-0.6563327240072706
5,-0.10206004319610873,-0.6563327240072706
5,-0.30435793901290786,-0.6563327240072706
5,-0.4375301220789325,-0.6563327240072706
5,-0.4375301220789325,-0.6563327240072706
5,0.0,-0.6563327240072706
5,0.0,-0.6563327240072706
5,-0.4375301220789325,-0.6563327240072706
5,0.3628008197267336,-0.6563327240072706
5,0.099044142520742,-0.6563327240072706
5,0.20705171474707296,-0.6563327240072706
5,0.4889751563932494,-0.6563327240072706
5,-0.4375301220789325,-0.6563327240072706
5,0.0,-0.6563327240072706
5,-0.09691001300805624,-0.6563327240072706
5,-0.10206004319610873,-0.6563327240072706
5,-0.45154571957920364,-0.6563327240072706
5,0.01822482010619808,-0.6563327240072706
5,-0.3979400086720375,-0.6563327240072706
5,-0.046996562676223874,-0.6563327240072706
5,0.0,-0.6563327240072706
5,-0.15051493100552538,-0.6563327240072706
5,0.0,-0.6563327240072706
5,-0.4375301220789325,-0.6563327240072706
5,0.0,-0.6563327240072706
5,-0.4375301220789325,-0.6563327240072706
5,0.0,-0.6563327240072706
5,-0.4375301220789325,-0.6563327240072706
5,-0.4375301220789325,-0.6563327240072706
5,-0.3494856763830949,-0.6563327240072706
5,-0.4375301220789325,-0.6563327240072706
5,-0.4375301220789325,-0.6563327240072706
5,-0.7870157984620274,-0.6563327240072706
5,-0.23856180154675855,-0.6563327240072706
5,0.0,-0.6563327240072706
5,-0.4375301220789325,-0.6563327240072706
5,0.0,-0.6563327240072706
5,-0.23855876556918343,-0.6563327240072706
5,-0.23855876556918343,-0.6563327240072706
5,0.03959044503700948,-0.6563327240072706
5,0.0,-0.6563327240072706
5,0.0,-0.6563327240072706
5,0.0,-0.6563327240072706
5,-0.3494856763830949,-0.6563327240072706
5,0.0,-0.6563327240072706
5,0.0,-0.6563327240072706
5,-0.10206004319610873,-0.6563327240072706
5,0.0,-0.6563327240072706
5,0.0,-0.6563327240072706
5,0.0,-0.6563327240072706
5,-1.0,-0.6563327240072706
5,-0.970795845024286,-0.6563327240072706
5,-1.26884531229258,-0.6563327240072706
5,-1.6178387477170038,-0.6563327240072706
5,-1.0319167932743474,-0.6563327240072706
5,-1.4119545525202408,-0.6563327240072706
5,-1.5622928644564746,-0.6563327240072706
5,-1.2218487496163561,-0.6563327240072706
5,-1.346787486224656,-0.6563327240072706
5,-1.4771212547196626,-0.6563327240072706
5,-1.1222158782728267,-0.6563327240072706
5,-1.5051499783199063,-0.6563327240072706
5,-1.2218487496163561,-0.6563327240072706
5,-1.230448921378274,-0.6563327240072706
5,-1.8750612633917,-0.6563327240072706
5,-1.4771212547196626,-0.6563327240072706
5,-1.9894498176666922,-0.6563327240072706
5,-1.3010299956639813,-0.6563327240072706
5,-1.4944924455175173,-0.6563327240072706
5,-1.2171266859258019,-0.6563327240072706
5,-0.7781512503836439,-0.6563327240072706
5,-1.1687920203141813,-0.6563327240072706
5,-0.9637878273455556,-0.6563327240072706
5,-1.204119982655925,-0.6563327240072706
5,-1.5993371329924893,-0.6563327240072706
5,-1.6020599913279625,-0.6563327240072706
5,-1.4419568376564111,-0.6563327240072706
5,-1.3424226808222057,-0.6563327240072706
5,-1.3010299956639813,-0.6563327240072706
5,-1.4673614174305056,-0.6563327240072706
5,-1.2234251378513115,-0.6563327240072706
5,-1.1972805581256196,-0.6563327240072706
5,-0.5828440935022972,-0.6563327240072706
5,-1.2430380486862944,-0.6563327240072706
5,-1.039309734009933,-0.6563327240072706
5,-1.0211892990699383,-0.6563327240072706
5,-0.4715887661197007,-0.6563327240072706
5,-1.5622928644564746,-0.6563327240072706
5,-0.5642714304385628,-0.6563327240072706
5,-0.8750612633917001,-0.6563327240072706
5,-0.3679767852945943,-0.6563327240072706
5,-1.0099082886602488,-0.6563327240072706
5,-1.4969296480732153,-0.6563327240072706
5,-1.3679767852945943,-0.6563327240072706
5,-1.119475840906798,-0.6563327240072706
5,-0.896397209257529,-0.6563327240072706
5,-1.0271349293314813,-0.6563327240072706
5,-1.2690211044349935,-0.6563327240072706
5,-0.7300042380759875,-0.6563327240072706
5,-0.4149733479708182,-0.6563327240072706
5,-1.1142337531748305,-0.6563327240072706
5,-1.568201724066995,-0.6563327240072706
5,-1.6272336201865851,-0.6563327240072706
5,-1.7826295580086073,-0.6563327240072706
5,-1.6232492903979008,-0.6563327240072706
5,-1.404100317376856,-0.6563327240072706
5,-1.549919862969019,-0.6563327240072706
5,-1.5854607295085001,-0.6563327240072706
5,-1.740362689494244,-0.6563327240072706
5,-1.685741738602264,-0.6563327240072706
5,-1.7781512503836439,-0.6563327240072706
5,-1.3979400086720375,-0.6563327240072706
5,-1.3979400086720375,-0.6563327240072706
5,-1.6368220975871743,-0.6563327240072706
5,-1.5563025007672868,-0.6563327240072706
5,-1.672097857935717,-0.6563327240072706
5,-1.066946789630613,-0.6563327240072706
5,0.32292095865631154,-0.6563327240072706
5,0.2643362999545369,-0.6563327240072706
5,0.6316849910838691,-0.6563327240072706
5,0.24231627616522466,-0.6563327240072706
5,-0.020684598859850745,-0.6563327240072706
5,1.3343184588344927,-0.6563327240072706
5,0.48921210380499947,-0.6563327240072706
5,0.4012313406306154,-0.6563327240072706
5,0.0,-0.6563327240072706
5,0.0,-0.6563327240072706
5,-0.5359721874027112,-0.6563327240072706
5,-0.017033339298780703,-0.6563327240072706
5,-0.6252402250373592,-0.6563327240072706
5,0.739457594727118,-0.6563327240072706
5,0.9140327646090833,-0.6563327240072706
5,1.063783468125422,-0.6563327240072706
5,-0.04915992695985505,-0.6563327240072706
5,0.37398787754650886,-0.6563327240072706
5,0.05115252244738144,-0.6563327240072706
5,1.0895383657052022,-0.6563327240072706
5,0.3960076464390765,-0.6563327240072706
5,0.1309150410023241,-0.6563327240072706
5,0.6690948695485366,-0.6563327240072706
5,0.0,-0.6563327240072706
5,0.0,-0.6563327240072706
5,-1.4641562775552943,-0.6563327240072706
5,-1.491361693834273,-0.6563327240072706
5,-0.834171816391641,-0.6563327240072706
5,-0.16481024864599192,-0.6563327240072706
5,-0.3729120029701072,-0.6563327240072706
5,0.0,-0.6563327240072706
5,-1.375663613960885,-0.6563327240072706
5,-1.0287424369603837,-0.6563327240072706
5,-1.0,-0.6563327240072706
5,-0.8973376581028525,-0.6563327240072706
5,0.21085336531489318,-0.6563327240072706
5,0.33459734331024915,-0.6563327240072706
5,0.14266750356873104,-0.6563327240072706
5,0.0,-0.6563327240072706
5,-0.6989700043360187,-0.6563327240072706
5,-0.5862657241447309,-0.6563327240072706
5,-0.24126179066049147,-0.6563327240072706
5,-0.6042961576315911,-0.6563327240072706
5,-1.3514394991415815,-0.6563327240072706
5,0.03347319559504491,-0.6563327240072706
5,-0.12126002279933434,-0.6563327240072706
5,-0.5217916496391233,-0.6563327240072706
5,-0.353745534848775,-0.6563327240072706
5,-0.2240148113728644,-0.6563327240072706
5,-0.21457309137857195,-0.6563327240072706
5,-0.8372727025023003,-0.6563327240072706
5,-1.0791812460476242,-0.6563327240072706
5,-0.19629464514396844,-0.6563327240072706
5,-0.37863485347665105,-0.6563327240072706
5,-0.21884323947663198,-0.6563327240072706
5,-0.30102999566398125,-0.6563327240072706
5,2.2730012720637376,-0.6563327240072706
5,-1.3565473235138121,-0.6563327240072706
5,-1.8299466959416364,-0.6563327240072706
5,-2.0863598306747484,-0.6563327240072706
5,-1.204119982655925,-0.6563327240072706
5,-0.9744458955276114,-0.6563327240072706
5,-1.3010299956639813,-0.6563327240072706
5,-1.0461047872460387,-0.6563327240072706
5,-1.2867895565493708,-0.6563327240072706
5,-0.720159303405957,-0.6563327240072706
5,-0.8494839081883114,-0.6563327240072706
5,-1.5096504795465817,-0.6563327240072706
5,-1.694206214539955,-0.6563327240072706
5,-1.361727836017593,-0.6563327240072706
5,-1.423245873936807,-0.6563327240072706
5,-0.6020599913279625,-0.6563327240072706
5,-1.0606978403536118,-0.6563327240072706
5,-1.4623979978989556,-0.6563327240072706
5,-1.0606978403536118,-0.6563327240072706
5,-0.6020599913279625,-0.6563327240072706
5,-0.6989700043360187,-0.6563327240072706
5,-0.29119649295493755,-0.6563327240072706
5,-1.016711483485187,-0.6563327240072706
5,-0.07918124604762511,-0.6563327240072706
5,-1.7007037171450197,-0.6563327240072706
5,-1.4123959250830067,-0.6563327240072706
5,-1.860338006570994,-0.6563327240072706
5,-0.6989700043360187,-0.6563327240072706
5,-2.027122999639219,-0.6563327240072706
5,0.0,-0.6563327240072706
5,-1.0,-0.6563327240072706
5,-0.7781512503836439,-0.6563327240072706
5,-1.1160933293803952,-0.6563327240072706
5,-0.7886034270071542,-0.6563327240072706
5,-0.7659134344264231,-0.6563327240072706
5,-0.25257524375317963,-0.6563327240072706
5,-1.8631777324726881,-0.6563327240072706
5,-1.3285944813986372,-0.6563327240072706
5,-1.4572610905261802,-0.6563327240072706
5,-0.8764529154743927,-0.6563327240072706
5,-0.6093024240119345,-0.6563327240072706
5,-1.116607743988249,-0.6563327240072706
5,-1.0,-0.6563327240072706
5,-0.4637572931616809,-0.6563327240072706
5,-1.1012313867906984,-0.6563327240072706
5,-1.3135157072120407,-0.6563327240072706
5,-0.7781512503836439,-0.6563327240072706
5,-0.6020599913279625,-0.6563327240072706
5,-0.2527253160894265,-0.6563327240072706
5,-0.8603380065709931,-0.6563327240072706
5,-1.1832698436828046,-0.6563327240072706
5,-1.3273589343863303,-0.6563327240072706
5,-1.423245873936808,-0.6563327240072706
5,-1.113943352306837,-0.6563327240072706
5,-0.7781512503836439,-0.6563327240072706
5,-1.345700390583442,-0.6563327240072706
5,-0.8485957325996907,-0.6563327240072706
5,-1.3273589343863303,-0.6563327240072706
5,-0.6210485668845678,-0.6563327240072706
5,-0.6308635491781667,-0.6563327240072706
5,-1.3587133852703195,-0.6563327240072706
5,-1.198657086954423,-0.6563327240072706
5,-1.0299632233774432,-0.6563327240072706
5,-0.8692317197309762,-0.6563327240072706
5,-0.7893594719752786,-0.6563327240072706
5,-1.1674910872937634,-0.6563327240072706
5,-0.6863808770279984,-0.6563327240072706
5,-1.2787536009528289,-0.6563327240072706
5,-0.8450980400142569,-0.6563327240072706
5,-0.9542425094393252,-0.6563327240072706
5,-1.230448921378274,-0.6563327240072706
5,-1.2430380486862944,-0.6563327240072706
5,-1.3979400086720375,-0.6563327240072706
5,-1.008773924307505,-0.6563327240072706
5,-0.8750612633917001,-0.6563327240072706
5,-0.062470157628469636,-0.6563327240072706
5,-0.9777236052888476,-0.6563327240072706
5,-0.7528453851188743,-0.6563327240072706
5,-1.0400417532438473,-0.6563327240072706
5,-0.8450980400142569,-0.6563327240072706
5,-0.9294189257142929,-0.6563327240072706
5,-0.7781512503836439,-0.6563327240072706
5,-0.871426978736606,-0.6563327240072706
5,-0.3979400086720375,-0.6563327240072706
5,-0.30102999566398125,-0.6563327240072706
5,-0.6020599913279625,-0.6563327240072706
5,-0.5797835966168101,-0.6563327240072706
5,-0.6671781699121677,-0.6563327240072706
5,-0.8111515104865692,-0.6563327240072706
5,-0.8893017025063106,-0.6563327240072706
5,-1.0211892990699383,-0.6563327240072706
5,-0.720159303405957,-0.6563327240072706
5,-1.164810248645992,-0.6563327240072706
5,-1.2319490765206824,-0.6563327240072706
5,-0.639201799332529,-0.6563327240072706
5,-0.9084850188786495,-0.6563327240072706
5,-0.6020599913279625,-0.6563327240072706
5,-0.17609125905568135,-0.6563327240072706
5,-0.4771212547196626,-0.6563327240072706
5,-0.4890204780193699,-0.6563327240072706
5,-0.8593810591065383,-0.6563327240072706
5,-1.058866659220822,-0.6563327240072706
5,-0.4452738874676685,-0.6563327240072706
5,-0.8332487671984614,-0.6563327240072706
5,-0.6812412373755876,-0.6563327240072706
5,-0.3907614240449142,-0.6563327240072706
5,-0.9507819773298181,-0.6563327240072706
5,-0.9496948816886039,-0.6563327240072706
5,-1.269512944217916,-0.6563327240072706
5,-1.1144715220966255,-0.6563327240072706
5,-0.5362140692640596,-0.6563327240072706
5,-0.37807772066634104,-0.6563327240072706
5,-0.043979078559606144,-0.6563327240072706
5,-0.3019975225857179,-0.6563327240072706
5,-0.03959097388207855,-0.6563327240072706
5,-0.5740312677277188,-0.6563327240072706
5,-0.7215358322347605,-0.6563327240072706
5,-0.7556976287849455,-0.6563327240072706
5,-0.15902343259638752,-0.6563327240072706
5,-1.2833012287035501,-0.6563327240072706
5,-0.8670923337204242,-0.6563327240072706
5,-1.361727836017593,-0.6563327240072706
5,-1.3309932190414244,-0.6563327240072706
5,-1.7817553746524686,-0.6563327240072706
5,-1.653212513775344,-0.6563327240072706
5,-1.3233063903751336,-0.6563327240072706
5,-1.0969100130080562,-0.6563327240072706
5,-1.550907468880581,-0.6563327240072706
5,-1.7676858167054785,-0.6563327240072706
5,-1.5166297960033361,-0.6563327240072706
5,-1.2671717284030137,-0.6563327240072706
5,-1.5468790216841048,-0.6563327240072706
5,-0.6020599913279625,-0.6563327240072706
5,-1.4065401804339555,-0.6563327240072706
5,-1.0543576623225928,-0.6563327240072706
5,-1.1903316981702918,-0.6563327240072706
5,-0.9488474775526186,-0.6563327240072706
5,-1.329058719264225,-0.6563327240072706
5,-1.4771212547196626,-0.6563327240072706
5,-0.7781512503836439,-0.6563327240072706
5,-0.5440680443502757,-0.6563327240072706
5,-0.8336685782334747,-0.6563327240072706
5,-1.032470767425007,-0.6563327240072706
5,-1.5158738437116792,-0.6563327240072706
5,-1.079181246047625,-0.6563327240072706
5,-1.1249387366083,-0.6563327240072706
5,-2.6020599913279625,-0.6563327240072706
5,-1.7533276666586115,-0.6563327240072706
5,-1.2367890994092932,-0.6563327240072706
5,-1.3716110699496884,-0.6563327240072706
5,-1.3881801713828814,-0.6563327240072706
5,-1.3136191229720016,-0.6563327240072706
5,-1.6812412373755876,-0.6563327240072706
5,-0.7825160557860933,-0.6563327240072706
5,-0.9719712763997563,-0.6563327240072706
5,-0.5228787452803374,-0.6563327240072706
5,-1.079181246047625,-0.6563327240072706
5,-1.113943352306837,-0.6563327240072706
5,-1.1362197470179893,-0.6563327240072706
5,-0.8450980400142569,-0.6563327240072706
5,-1.0,-0.6563327240072706
5,-0.8189453214127687,-0.6563327240072706
5,-0.9866360384420183,-0.6563327240072706
5,-0.6066557430171109,-0.6563327240072706
5,-0.9782807503067641,-0.6563327240072706
5,-2.236572006437063,-0.6563327240072706
5,-1.0377885608893997,-0.6563327240072706
5,-0.5149098156090623,-0.6563327240072706
5,-0.6812412373755876,-0.6563327240072706
5,-0.9542425094393252,-0.6563327240072706
5,-0.7781512503836439,-0.6563327240072706
5,-0.9586630443823552,-0.6563327240072706
5,0.3979400086720375,-0.6563327240072706
5,-0.8715984310129157,-0.6563327240072706
5,-0.7781512503836439,-0.6563327240072706
5,0.2710667722865372,-0.6563327240072706
5,-0.03802504032998488,-0.6563327240072706
5,-0.18945522061366304,-0.6563327240072706
5,-0.8582433345911813,-0.6563327240072706
5,-0.865301426102544,-0.6563327240072706
5,-0.15490195998574308,-0.6563327240072706
5,0.0,-0.6563327240072706
5,0.0,-0.6563327240072706
5,0.045757490560674796,-0.6563327240072706
5,0.5440680443502757,-0.6563327240072706
5,0.30102999566398125,-0.6563327240072706
5,0.6989700043360187,-0.6563327240072706
5,-0.7191733904243058,-0.6563327240072706
5,-1.2025435944209697,-0.6563327240072706
5,0.7781512503836439,-0.6563327240072706
5,-0.7975798022219696,-0.6563327240072706
5,-0.664275121121892,-0.6563327240072706
5,1.142667503568731,-0.6563327240072706
5,1.5191825997203736,-0.6563327240072706
5,0.6340291974030041,-0.6563327240072706
5,-0.3979400086720375,-0.6563327240072706
5,0.8642501740085482,-0.6563327240072706
5,0.9286677731244328,-0.6563327240072706
5,-0.8239087409443187,-0.6563327240072706
5,-0.5880452543028749,-0.6563327240072706
5,-0.30468545801217406,-0.6563327240072706
5,-0.4708378638870405,-0.6563327240072706
5,-0.8284563686950399,-0.6563327240072706
5,0.0,-0.6563327240072706
5,0.30102999566398125,-0.6563327240072706
5,-0.6941175015416068,-0.6563327240072706
5,-0.3580684966343455,-0.6563327240072706
5,-0.44855000202712425,-0.6563327240072706
5,-0.6932176754469275,-0.6563327240072706
5,-0.30102999566398125,-0.6563327240072706
5,-0.6600519383056493,-0.6563327240072706
5,-0.513333427374107,-0.6563327240072706
5,-1.0321846833714012,-0.6563327240072706
5,-0.661181443446619,-0.6563327240072706
5,-1.359021942641668,-0.6563327240072706
5,-0.20969986003676055,-0.6563327240072706
5,-0.18563657696191171,-0.6563327240072706
5,-1.1014576407587775,-0.6563327240072706
5,-1.2126080928814442,-0.6563327240072706
5,-0.7646814476302044,-0.6563327240072706
5,-0.4983105537896009,-0.6563327240072706
5,-0.9128498242810998,-0.6563327240072706
5,-1.3010299956639813,-0.6563327240072706
5,-1.5051499783199063,-0.6563327240072706
5,-1.5913361259361896,-0.6563327240072706
5,-1.249198357391113,-0.6563327240072706
5,-1.25927524755698,-0.6563327240072706
5,-0.653212513775344,-0.6563327240072706
5,-0.6478174818886373,-0.6563327240072706
5,-0.8750612633917001,-0.6563327240072706
5,-1.2108533653148932,-0.6563327240072706
5,-1.2240148113728644,-0.6563327240072706
5,-1.1026623418971475,-0.6563327240072706
5,-0.7119349815003861,-0.6563327240072706
5,-0.16713641640275423,-0.6563327240072706
5,-0.6355830254716253,-0.6563327240072706
5,-0.914828390263188,-0.6563327240072706
5,-0.6812412373755876,-0.6563327240072706
5,-0.38021124171160636,-0.6563327240072706
5,-0.4503280781317258,-0.6563327240072706
5,-1.0735773685296266,-0.6563327240072706
5,-1.1201398537265312,-0.6563327240072706
5,-0.9363309201306222,-0.6563327240072706
5,-0.5585942975468718,-0.6563327240072706
5,-1.1804560644581317,-0.6563327240072706
5,-0.5650764250747926,-0.6563327240072706
5,-0.8885079871189472,-0.6563327240072706
