fold,y_true,y_pred
1,-0.3357921019231931,-0.3313556798102421
1,-0.1870866433571443,-0.16155127425727528
1,-0.8216169441647336,-0.601325664053483
1,0.0,-0.22207349895068987
1,-1.1861083798132057,-1.3314863996328266
1,-1.5051499783199063,-1.2290355712031287
1,-1.126177808723848,-1.0006963638726787
1,0.0,0.4053920970226922
1,0.0,-0.17211543731689247
1,0.03267316440198176,-0.22159666135038777
1,-0.09288983391078975,-0.18595456069329092
1,-0.848732324669351,-0.8925314853308369
1,0.0,0.08967481031368267
1,-0.30102999566398125,-0.6018395483292927
1,-0.6020599913279625,-0.4704458826033743
1,-1.3010299956639813,-1.2580094561000341
1,-1.0746336182969038,-0.8755432438168004
1,0.0,0.029740835870049685
1,-0.4740301777425202,-0.49069707481314273
1,-1.4771212547196626,-1.5553544423776726
1,-0.7781512503836439,-0.18755953347205304
1,-0.22184874961635614,-0.34750657472051494
1,-0.8239087409443187,-0.45474152875253815
1,-0.5051499783199054,-0.11158460042089711
1,-1.4471580313422194,-1.264010641879943
1,-0.518513939877888,-0.9387268937931864
1,-2.338013561917151,-1.9640215009021338
1,-1.857332496431268,-1.2066440030191259
1,-0.6159957692712545,-1.095420329368314
1,-0.8450980400142569,-1.2642110182116335
1,-1.3832167518513314,-1.2492794805276075
1,-1.3088553331759378,-0.7399984559175192
1,-0.6557448502907386,-0.6866928182401598
1,-1.3893932852496,-0.765559408333683
1,-0.17609125905568135,-0.3653497819587485
1,-0.6766936096248664,-0.748012848825648
1,-0.24652098006676937,-0.4520902281364058
1,-0.5740312677277188,-0.718009083208594
1,-0.4375301220789325,-0.6375120133284529
1,-0.22041068710403877,-0.6823033053058006
1,0.08715017571890016,-0.7176330222249199
1,-0.6284563261405438,-0.6778563290776064
1,-0.20107240033212914,-0.29304928216233067
1,-0.7661581357243872,-1.072337250844584
1,-0.7720771026714504,-1.0369634888659838
1,-0.9208187539523758,-1.0408229938926892
1,-1.018152262344456,-0.8204407933456557
1,-0.8738898682596776,-1.0233737542695651
1,-1.204119982655925,-1.3114883610767136
1,-1.2430380486862944,-1.315130519682563
1,-1.4191293077419758,-1.4649546229325179
1,-1.0,-0.983408700760439
1,-1.0,-1.0379497779437263
1,-1.3010299956639813,-1.2925950112002413
1,-1.320739584675871,-1.218469796249636
1,-1.568201724066995,-1.4441897201453309
1,-1.2632414347745815,-1.3873995777859673
1,-0.9030899869919438,-1.3304357984443467
1,-1.4771212547196626,-1.2974647622503068
1,-1.3979400086720375,-1.2743574240983262
1,-1.4771212547196626,-1.2971551219943966
1,-1.3979400086720375,-1.5177720006031752
1,-1.5228787452803374,-1.3221768386796378
1,-1.204119982655925,-1.3123564986322607
1,0.3666259460036354,-0.1550616213670548
1,-0.9428344937700945,-0.36177767826161417
1,-0.32735893438633035,-0.38348210819751466
1,0.045078374735187055,-0.0597302516172173
1,-0.045757490560674796,-0.14514838622026255
1,-0.151267675330649,-0.2774317211610886
1,-0.04420366249205365,-0.28592060234120165
1,-0.19836765376683374,-0.18721559487982156
1,-0.9876662649262755,-0.4694269171065541
1,-1.422334447617187,-0.7395817314376815
1,-1.1333023000931028,-1.0478359684973977
1,0.05115252244738144,-0.32664456874900866
1,-0.09691001300805624,-0.06185839098464701
1,-1.3979400086720375,-1.0895084105022341
1,-1.414249617943785,-1.0757027205051644
1,-0.3723859041996489,-0.4702649439930079
1,-1.4254760431426394,-1.1039453218926512
1,-0.4726443910685916,-0.43139722315371176
1,-0.19188552623891297,-0.15032710136958882
1,-0.7162766632434856,-0.4908207506811911
1,-0.4349235749252074,-0.4924941033570244
1,-0.26884531229258,-0.35225158714568844
1,-1.2730012720637376,-0.8521197254137792
1,-0.30102999566398037,-0.30794244577555474
1,-0.46593708776714937,-0.461299812425541
1,-1.0077477780007396,-1.2269977352812147
1,2.0904053825965034,1.2827918259827362
1,-0.1301133703771553,-0.45058115668873533
1,-0.33252783011489306,-0.38014493953897927
1,-0.08828975779995663,-0.3521791971462798
1,-0.44164893655744386,-0.3813389455180261
1,-0.4600879154208819,-0.28113335201478035
1,0.15490195998574308,0.020364309105463343
1,-0.621365146523349,-0.5386998582426381
1,-1.5910646070264995,-1.4090161717738345
1,-1.151835009809636,-0.72098588907336
1,-1.1514897640503463,-0.7833239371455779
1,-2.0543576623225928,-1.5955435201777215
1,-2.423245873936808,-1.6310452883727655
1,-1.3802112417116064,-1.7119107063947292
1,-0.8061799739838875,-0.929763310204155
1,-2.0881360887005513,-1.7400915041109888
1,-1.4093694704528197,-1.5770078636563678
1,-2.159867847092566,-1.7188970488692434
1,-1.2367890994092932,-1.111269321310068
1,-1.3324384599156058,-1.3858707955908072
1,-1.4683473304121577,-1.4794883022700613
1,-0.6989700043360187,-0.6454732482940243
1,-0.46852108295774464,-0.4386557701155682
1,-0.9208187539523749,-0.9032727040117758
1,-0.30102999566398125,-1.0078478786697809
1,-0.7403626894942441,-0.8909701175041512
1,-0.9208187539523749,-0.9177850913210526
1,-1.5218926287866976,-1.445180370292868
1,0.0,0.0
1,0.0,0.0
1,-1.443262987458695,-1.4190579388878453
1,-0.27036117589752884,-0.3245378945462222
1,-0.5127853228438921,-0.6085814796944808
1,-1.2787536009528289,-1.2573948803857133
1,-1.3594330117513005,-1.3476206680733278
1,-1.1949766032160545,-1.1261110464236137
1,-0.3979400086720375,-0.3154391259853188
1,0.0,-0.1652448732612331
1,0.08432088570003593,0.09145327410433753
1,-0.11092602757466441,-0.1710890250447517
1,0.11265459406045775,-0.4111505660181962
1,-0.4375301220789325,-0.6358565131603391
1,-1.7346855566025532,-1.601201432598769
1,-0.4883011424844037,-0.38007367117199226
1,-1.3010299956639813,-1.2671693994970925
1,-0.17609125905568135,-0.5873151813721867
1,-0.8938982262807151,-1.266636562392944
1,1.2552725051033065,1.002547335062779
1,-0.19627273648709753,-0.32210148365357655
1,-0.5440680443502757,-0.4507200575384982
1,-0.09691001300805624,-0.28967969943445154
1,-1.8419848045901137,-1.5129926674429015
1,-1.5965970956264606,-1.5176361192593029
1,-1.204119982655925,-1.2837922131381212
1,-1.0,-1.0480372358698236
1,-0.8159298739801057,-0.8191433682234402
1,-0.35144772761062537,-0.47074405235041555
1,-0.5639788777283403,-0.5371404193672926
1,-0.8440190469576176,-0.6768472820507287
1,-1.3010299956639813,-1.2367980455679977
1,0.0,-0.032677294352453014
1,-0.3979400086720375,-0.3657975523249894
1,-0.3979400086720375,-0.2654458134615519
1,-0.5239367104366721,-0.36585010136576424
1,-0.9007737442647628,-0.7299162414980428
1,-0.3670895643897012,-0.44172767545327546
1,0.15862972606545167,0.23351194915641976
1,0.050824057875670015,0.16109659311039404
1,-1.1047353505200128,-0.4481122816507249
1,-0.21197723476163066,-0.13397023876307096
1,-0.48811663902112556,-0.3926063044430564
1,-0.7841416140728308,-0.4032752828599553
1,-0.5131189079911813,-0.7106761067160849
1,-0.8890752499668562,-0.4874111805972418
1,-0.5026753591920503,-0.4535693979121252
1,-2.2632414347745815,-2.028876265313827
1,-1.7160033436347994,-1.5819389327094229
1,-1.3010299956639813,-1.5063087551655192
1,-0.8944326674594443,-0.8348026419696535
1,-0.6564176536505553,-0.7885157446026544
1,-0.8424528658949022,-0.8673076631688689
1,-1.5314789170422554,-1.250623162666991
1,-0.42866488543881687,-0.43473032508594445
1,-1.3710678622717358,-1.247821962557193
1,-1.9420080530223132,-1.4404348249403385
1,-1.857332496431268,-1.3531884113876083
1,-0.3802112417116055,-0.5455863778862051
1,-1.2108533653148932,-1.2109956800554094
1,-1.079181246047625,-1.1796808805509662
1,-1.26884531229258,-1.3064144698471645
1,-0.404570587571051,-0.201796194759223
1,-0.40748532657826786,-0.38908443231393347
1,-0.7781512503836439,-0.838008194616455
1,-1.2130748253088512,-0.9872962260735517
1,-0.9661417327390325,-1.1099212712070945
1,-0.9294189257142929,-1.0491555420220897
1,-0.3494856763830949,-0.12992466933984165
1,-0.19896832053217395,-0.14875692907837407
1,-0.38021124171160636,0.09262925365105552
1,-1.0434656937810907,-0.7436004883985732
1,-1.6283889300503116,-1.4908193390530107
1,-0.6184504075161312,-0.47591379987869786
1,-0.460730838531493,-0.3508583964853009
1,0.0,0.12381384981291328
1,0.0,0.14158238628012318
1,0.0,0.1146403006684079
1,0.0,0.0
1,-0.20618429695565865,-0.6099014089881077
1,-0.7659167939666318,-1.2178424091267457
1,-1.7169848005087767,-1.3749809819324015
1,-0.5901452216989629,-0.6571960808459791
1,1.3802112417116064,0.7808501105066256
1,-0.48454368673188686,-0.6363733605157821
1,-1.149816333700966,-1.3798110391742302
1,1.3388046091732582,0.7804989099644143
1,1.3873898263387296,0.7734849120966829
1,-0.8947858242033648,-1.3480026541845904
1,-0.7113792623178385,-0.6550952327892096
1,-0.6778349886836752,-0.7077641539958313
1,-0.7471170166436751,-0.5830458714816767
1,0.00010777875273149107,0.2287886696635412
1,-1.26884531229258,-0.6921331401150878
1,-0.5166297960033361,-0.45774518688070437
1,-0.7244946516343056,-0.7368808239734075
1,-1.0134032446733716,-0.6837962677316984
1,-0.11423889126475562,-0.04219823222773318
1,-0.4375301220789325,-0.6159079730093143
1,-0.09727027390130161,-0.5345069062132604
1,-0.3966086423070294,-0.46680376773291904
1,0.0,0.0
1,0.0,0.2519477091128666
1,0.0,-0.03283878898342188
1,-0.41300375510791376,-0.6819796924068197
1,0.0,0.49147622235640653
1,-1.0937807546179128,-1.2252728484855884
1,-1.3862016054007933,-1.445526075903873
1,-0.6353716852785132,-0.6982339128480433
1,0.0,0.0
1,0.0,0.03480725378988488
1,0.7403626894942441,0.05040632004024601
1,0.0,0.07480725378988488
1,1.259637310505756,0.3337585409024028
1,0.0,0.0
1,0.0,0.5217157134527152
1,0.0,0.37088859093696597
1,0.7403626894942441,0.21730155305838836
1,-2.1962946451439684,-1.7365599950915487
1,-1.0934216851622347,-1.3043125394208261
1,-1.198657086954423,-1.3800453321150439
1,-1.0134032446733716,-0.620994907048278
1,0.0,-0.04922901515953953
1,0.0,0.262053904670788
1,-0.5325420619597168,-0.6537658108509652
1,-0.6933901269551814,-0.7907664884101686
1,-1.5378190950732744,-1.212461869383324
1,-0.912616269835083,-1.1765831312000063
1,0.6020599913279625,1.0050337302581251
1,-2.1938200260161134,-2.4766336350939766
1,-1.0413926851582254,-0.4884912595221678
1,-0.15490195998574308,-0.30320678401256257
1,-0.15490195998574308,-0.11176225001404556
1,0.0,0.04414442439717916
1,-0.32192791969320034,-0.14069854023880354
1,0.0772210331236014,-0.09202474337158247
1,-0.24303804868629442,-0.11189469057311159
1,0.302535350661298,0.0335577771653311
1,-0.1484198324578232,-0.6956766269731878
1,0.30102999566398125,-0.12672544136689276
1,0.0,0.0555785185695594
1,0.0,0.033440892408735025
1,-1.079181246047625,-0.6909882167324277
1,0.0,0.023643938699135864
1,-1.0579919469776868,-0.9365050316305995
1,-1.9121696448438614,-2.110734767392651
1,-2.4266553640072512,-2.3042906222243618
1,0.0,-0.2771113540436789
1,-0.8129133566428557,-0.0721817536214097
1,-0.5038929746004035,-0.6330706404751618
1,-2.7280414522832768,-2.326677413747789
1,-2.508754102588731,-2.882101339980849
1,-2.8409420802430994,-2.319051542090003
1,-3.0266694283375184,-2.5930444564399244
1,0.0,0.0
1,0.0,0.05922901515953953
1,0.0,0.0
1,0.0,-0.15205171972914194
1,-0.6368220975871743,-0.6576112157437132
1,-0.644612342013426,-0.6440529571764848
1,-0.70729539312015,-0.6596552828310596
1,-0.8166095022028195,-0.6758531485204431
1,-0.7008541482105697,-0.6601582640692634
1,-0.7533276666586115,-0.6363123437344684
1,-0.5314789170422554,-0.7151321011016195
1,-0.6726410656136697,-0.18243777494655114
1,-0.6989700043360187,-0.6120757676424656
1,-1.0737862141609194,-0.4181768136284781
1,-0.8357691602338235,-0.43407951653186844
1,-0.5440680443502748,-0.43385096873755524
1,-0.134698573897456,-0.10417441131418169
1,-0.24111497034742868,-0.441263746279417
1,-0.2264874530687644,-0.3655466967726366
1,1.1760912590556813,0.7857854827893385
1,-0.6989700043360187,-0.9527830611799505
1,-2.3979400086720375,-0.9210422378249774
1,-0.71213145039399,-0.6365580802001246
1,-1.0,-0.5179004273141211
1,-1.0,-0.47952710283328714
1,-0.2887955392469692,-0.29829569532296235
1,-0.4771212547196626,-0.336081846904639
1,-0.6020599913279625,-0.9524675518275137
1,-0.37174608568724743,-0.24744591782708272
1,1.740362689494244,1.111635049475592
1,-1.388483767677596,-0.9182671359678168
1,-1.443262987458695,-1.3314850099223552
1,-1.230448921378274,-1.3904638224307866
1,-1.5112755309539683,-1.210006002929325
1,2.084320885700036,1.5560121368540307
1,0.9935975083908692,0.6466626875398386
1,-1.3010299956639813,-0.3086688655217387
1,-0.29081083048229495,-0.4689472844660634
1,0.0,-0.759537940072655
1,-0.30102999566398125,-0.34832757361343103
1,-0.9744458955276123,-0.6084368799489731
1,-0.3679767852945943,-0.7650036520351591
1,-0.6690067809585756,-0.7609498452326591
1,-0.808114473761087,-0.5259423646930811
1,-0.7290424704462488,-0.5409149905675315
1,-0.5700192809338134,-0.6977402576866258
1,-0.2536053457358438,-0.46510256898888863
1,-0.16840443038939057,-0.509870635338486
1,-0.30102999566398125,-0.41899922163946457
1,-0.30102999566398125,-0.36623454942908507
1,-0.29711633838748064,-0.303961083914428
1,-0.30102999566398125,-0.3002380544684105
1,-0.13070197070604372,-0.3495968801934646
1,-0.6488033948702885,-0.6053146707122239
1,-0.2211182288690008,-0.4768406038289632
1,-1.0395085412836735,-0.8712636315060496
1,-1.020203386088287,-0.8762233604517721
1,-1.3929480631145381,-1.3432439098027589
1,-1.594234653816006,-1.2808950993713788
1,-1.117456579265843,-1.2509584409891408
1,-1.3424226808222066,-1.2666749845041232
1,-1.6922366216770506,-1.3366301110724494
1,-1.50991376811597,-1.3469943960447281
1,-1.2155998003393549,-0.9727416063409557
1,-0.31527043477859173,-0.5454847272275171
1,-1.2024201977780304,-0.6411855078915067
1,-0.7781512503836439,-1.2386025036251749
1,-1.528273777167044,-1.3569647245308716
1,-0.7634279935629378,-0.8744211183800114
1,-1.0,-0.24202003504681674
1,0.0,-0.3201967704979871
1,0.6020599913279625,-0.11448247767614618
1,-1.0,-0.516886513581346
1,-0.6931404606752949,-0.44830163904471426
1,-0.7955365657786055,-0.7525455670024135
1,-0.7995866783816217,-0.6706996482849198
1,-0.5913361259361896,-0.5998531287018755
1,-0.6056052720926122,-0.5375007121552289
1,-0.9062716457781326,-0.6343814949148381
1,0.0,-0.22787506577812244
1,-0.7672348358945449,-0.24974361720823002
1,-0.479055754496863,-0.6054990295145262
1,-0.19542414077975234,-0.5276478982124841
1,-0.6079421735539166,-0.6521406747607188
1,-0.70472233322511,-0.6348955019049763
1,-0.47127208237339513,-0.6944684360914493
1,-0.4999841376791663,-0.7748282786231846
1,-0.9229848157088822,-0.6994148209484294
1,-0.5605087756033109,-0.5233389303686683
1,-0.42247728842341825,-0.512831712566192
1,-0.22094772339709845,-0.6844223234970311
1,-0.5603052432209612,-0.6147570022020765
1,-0.5412007931861664,-0.5361215492925172
1,-0.37485318836652937,-0.5903689379745971
1,-0.9603526399579447,-0.6448191717125465
1,-0.2428482761327384,-0.4076200559782934
1,-0.5300573299074607,-0.7664825467974831
1,-0.785729099900708,-0.3909314330983809
1,-0.35110886000729824,-0.62914421682816
1,-1.5378190950732744,-1.3708255797652587
1,-1.699693225955114,-1.5271222375810611
1,-1.3954512082683426,-1.3902574075925402
1,-1.6495782291202499,-1.3332693399971254
1,-1.8148740574083835,-1.585965277011425
1,-1.6300887149282062,-1.5080921028576248
1,-1.3309932190414244,-1.4075909181022643
1,-1.2106727479357442,-1.3614502900686438
1,-1.5824130364264946,-1.523752752503254
1,-1.4206723924623326,-1.4561471158132178
1,-1.5529998652172008,-1.4130333113247844
1,-1.0522732830226769,-1.326991399354172
1,-1.515211304327801,-1.2878160092599233
1,-1.03252922482692,-1.3517275776643405
1,-1.100900495740861,-1.3231468348250386
1,-1.9023137678721662,-1.6486307094982402
1,-1.5227236124042802,-1.5965335592371905
1,-2.367355921026019,-1.6941479479867123
1,-2.0253058652647704,-1.6422179615468628
1,-1.7895807121644252,-1.6897356397371077
1,-1.5235463772056734,-1.6936640428072836
1,-1.7638682312913625,-1.7007062761655891
1,-1.5292189233113564,-1.641383560109506
1,-1.8380616118598416,-1.7091079996561482
1,-1.3309932190414244,-1.7032202563471608
1,-1.8769871844277386,-1.8215018237043514
1,-1.5708022975975204,-1.6316117672221493
1,-1.3868964149592022,-1.8426369393027924
1,-1.7853298350107671,-1.8505218726007906
1,-0.8432872195371282,-1.5448956943962224
1,-1.1456128582964702,-1.6477525672159326
1,-0.30102999566398125,-1.1116469920847072
1,0.6951770153188797,1.0707419495206136
1,-1.2892190346309942,-1.516000884300746
1,-0.4202164033831899,-0.5729049400720324
1,-1.2167521925969762,-1.0736633132349573
1,-1.3957166532261231,-1.4132411405492424
1,-1.290564561985816,-1.4154682319604686
1,1.5642714304385628,1.1425759864167615
1,-0.6127838567197355,-0.4904118068204486
1,-1.0534015926312401,-1.195310368295366
1,-0.9702081297444902,-0.41989250597712896
1,-0.7989348563069356,-0.7226119000446704
1,-0.5330562595094737,-0.6709972767496479
1,0.0,0.020541841434352764
1,0.279840696594043,-1.2356180923245563
1,-0.1424081458531088,-0.10941706050588525
1,-1.08167004645132,-0.7454338299076534
1,0.0,-0.05881727552655852
1,0.0,-0.519349462138252
1,-0.6458389159065492,-0.6387393332627637
1,-0.8031681201868599,-0.6800941678936138
1,-1.0700378666077555,-1.326029966561249
1,-0.6722413466622505,-0.5636954937569342
1,-0.7110497699297014,-0.547625418823386
1,-0.2639451480479682,-0.842779256469787
1,0.0,0.1135848097224271
1,0.0,-0.30891213587466315
1,-0.7447274948966935,-0.8434419435122212
1,0.0,-0.7473933971492631
1,0.0,-0.25131524608080336
1,-1.1505139038522927,-1.3354847355139472
1,0.79707326088554,0.4081317077076273
1,-0.9504068849081397,-0.6055557946860586
1,-0.775216817044595,-0.565695093317704
1,0.0,-0.11436952043607165
1,-0.5633074023359459,-1.1788106505482476
1,-0.8076062297219195,-0.6501522974466403
1,-0.2730012720637376,-0.5662533736639461
1,-0.4890204780193699,-0.6387731254644311
1,-0.8550907278940816,-0.6482241209475131
1,0.13848130992364283,-0.25622055877429456
1,-0.45229767099463025,-0.7058815929710616
1,-0.4293484729236612,-0.46526195967411277
1,-1.3802112417116064,-1.3066468887065603
1,0.48323932891565047,0.33680257839675404
1,0.10584251126615385,0.18350520209748905
1,-1.5440680443502757,-1.2290775250868256
1,-0.06494080693301463,-0.4006830384808621
1,-1.269512944217916,-1.1706140859329828
1,-0.6146491186359828,-0.8149892984885235
1,-1.174018250432816,-1.3103246062879157
1,-0.6197887582883936,-0.9044361489491167
1,-1.5567331348946913,-1.5040936744009636
1,-1.3332146790353825,-1.0917581990884881
1,-1.3976121155028922,-1.2991747272952805
1,-1.2900346113625183,-1.3623775131681515
1,-0.9208187539523758,-0.943572199729538
1,-1.0969100130080562,-1.1924272005905443
1,-1.3010299956639813,-1.0440285028628367
1,0.7781512503836439,0.6564164337169354
1,1.1383026981662816,1.3211464665555048
1,-2.499397649430815,-1.9378148742980883
1,-2.214679773167946,-1.8976230877688038
1,-1.4832443397784516,-1.8978006179391622
1,-2.3872161432802645,-2.289603781860798
1,-1.794074216480813,-1.3364507325056
1,-1.9897463656344465,-2.5089755077561673
1,-2.6020599913279625,-2.523883537230443
1,-2.9311187105921865,-2.695958346903873
1,-2.609238575955086,-2.5317038451394884
1,-0.7697329439853142,-0.8247972579531742
1,-1.5093705604380174,-1.5466989358658914
1,-0.24693309256981877,-0.3139835107546818
1,-1.5241178173958856,-1.4084748617706395
1,0.38929089956352403,0.708120596768054
1,0.0,-0.1091607782402017
1,1.0607238842192848,0.2727247764506799
1,0.0,-0.08945814996481005
1,0.0,-0.09392193419741102
1,-1.4471580313422185,-0.7080293285042667
1,-1.2223056612649223,-1.2316589276090355
1,-0.5613857422010744,-0.21672261391668157
1,0.5969565896898335,0.7940260653924837
1,0.8636181120497923,-0.14059124807169252
1,-0.48555442225652534,-0.21861533633027233
1,-1.5691787649333069,-1.200640885681562
1,-1.2263963773670774,-1.1331296933787411
1,-0.9700367766225568,-1.2413970125466087
1,-1.079181246047625,-1.2923542458981465
1,-0.9208187539523749,-1.093868293048697
1,-1.5854607295085001,-1.308750787391652
1,-0.4375301220789325,-0.09811466994498667
1,0.0,-0.07685180059295055
1,1.6266824662362946,1.0738653798575786
1,-1.230448921378274,-1.2459215746232306
1,0.8538719643217618,0.5989560186750595
1,0.0,0.19178669078364174
1,-2.2955670999624793,-2.493261932550457
1,-0.9208187539523749,-1.3016679951035501
1,-2.322858433159654,-2.2083840572242024
1,-0.5004497215452615,-0.47401580564001705
1,-0.15490195998574308,-0.1780684358896078
1,-0.7049193368492208,-0.6701508207310638
1,-0.7049193368492208,-0.6960268296726553
1,0.0,-0.06475007568657844
1,-0.39280036901962667,-0.1620573931693249
1,0.0,0.6661794990637753
1,0.0,0.09552952532060142
1,0.6517613292186208,0.4304135975824239
1,0.7496315210986477,0.46483006058194754
1,0.18448680416588203,0.1839386270634434
1,1.0217971290948444,1.0399457550110147
1,0.1452689827860576,0.30999633149267797
1,0.6904166833935195,0.35560362365897324
1,0.5502723567515604,0.29445107902297446
1,0.7525113222809265,0.4656856580461827
1,0.4575007247852527,0.43019434843699067
1,0.4684988108747685,0.3744448725743993
1,0.0,0.09554286773946853
1,-0.24303804868629442,0.036169179857802713
1,-2.1687920203141813,-1.5587085646706162
1,-0.15490195998574308,-0.124677155823949
1,-0.4349235749252074,-0.6057676198346995
1,-1.134698573897456,-1.0154149182019714
1,-1.1505139038522927,-1.8611869511292918
1,-1.0,-1.8480961756306504
1,0.7800357683867247,0.5185951140154481
1,-1.8765065042658806,-1.353716291815964
1,-1.0572954039544324,-1.0630008684868704
1,-0.6585413472804102,-0.3774164102560543
1,-0.7781512503836439,-0.39266394067503513
1,-1.3424226808222057,-1.1023790744547022
1,-1.0019695928629044,-0.974413311923033
1,-0.11303951330859263,-0.6069759703040734
1,-0.6020599913279625,-0.5512978572777036
1,-0.23099212905622668,-0.5431341917968426
1,-0.4623979978989565,-0.41934558485973616
1,-0.9542425094393243,-0.9382425036987385
1,-0.8450980400142569,-0.5867437733618018
1,-0.7403626894942441,-0.6062494853862548
1,-1.304634119932806,-0.9370393688419812
1,-0.3424226808222066,-0.4019248248239728
1,-0.4375318721122108,-0.2092326088546101
1,-0.006204312401284717,-0.23889000322664175
1,-1.3010299956639813,-1.1422769917471356
1,-0.3979400086720375,-0.15933650559205614
1,-1.0,-0.6980486810054368
1,-0.4771212547196626,-1.1788651240353494
1,-0.3494864174906427,-1.1119942580576383
1,-1.0,-0.7765963348620295
1,-1.1505139038522927,-0.894272469567469
1,-2.1505139038522927,-1.1548547649593652
1,-1.1505139038522927,-1.2946759052193806
1,-1.1505139038522927,-0.5279165429837857
1,-1.1505139038522927,-1.2426776183451864
1,-0.8494839081883114,-0.6490896674163321
1,-1.1505139038522927,-1.2334180087915825
1,-1.1505139038522927,-1.1080045021745437
1,-0.8494839081883114,-1.5219453017774607
1,-0.30102999566398125,-1.2663420738028703
1,-1.6020599913279625,-1.5376625173699576
1,-0.09691001300805624,-0.22435913212991568
1,-1.2552725051033056,-1.4473287372423436
1,-1.3802112417116064,-1.042746456017413
1,-1.0511525224473814,-0.9748928487281608
1,-0.642065152999546,-0.640766184093021
1,-0.35654732351381213,-0.6212866794914507
1,0.0,-0.6068793339730816
1,0.07911523830283684,0.08058203380601359
1,0.0,0.005161484221439858
1,-0.7569619513137056,-0.7495317826240651
1,-0.6020599913279625,-0.825407265717335
1,-0.6020599913279625,-0.6471480338209432
1,-2.993133541047083,-2.980693614569309
1,-2.9537548120473627,-2.9402431923132
1,-2.1303337684950057,-1.7421464790760282
1,-1.7323937598229682,-1.6945572171033874
1,-1.201645363528069,-1.3824886386336406
1,-1.079181246047625,-0.8542691256650997
1,-0.4771212547196626,-0.3304832098160911
1,-1.653212513775344,-1.535524779489644
1,-0.49082253239705054,-0.7197507900384277
1,-1.4240428112362427,-2.592292629361481
1,-0.44748104696283963,-0.762298494785745
1,-0.7403626894942441,-0.6786753033194904
1,-0.8239087409443187,-0.7513349111010922
1,-0.6478174818886373,-0.6863926682863294
1,-0.9542425094393252,-0.7993685374710505
1,-0.9225050021900998,-0.8402788392540927
1,-0.3679767852945943,-0.250015464244288
1,-0.6754889084864963,-0.6865255923938389
1,-1.3010299956639813,-1.0185011218186824
1,-1.2026502875751488,-1.4357778881224033
1,0.6354341975677036,0.39351682880259176
1,1.0249436899775137,-0.11730810610753832
1,0.43468809354410887,0.3433320116296194
1,0.27875360095282886,-0.20421568370576104
1,-0.8325089127062366,-0.8026766291844433
1,-0.04845513955992686,-0.33757329789940604
1,-1.0211892990699383,-1.0275025311442887
1,-0.4375301220789325,-0.2816544912363146
1,-0.9604914587163265,-0.7690244819222037
1,0.013363961557981696,0.06281566585152679
1,-0.3215516628085826,-0.06314150563801924
1,0.011738403271244202,-0.061785693197391175
1,0.17710898483871063,-0.004109731427389258
1,0.16061660671589717,-0.535518924523397
1,-0.46779720744600084,-0.504657228098136
1,-0.34364828614543974,-0.43530021821677595
1,0.012964977164368285,-0.07178806649666239
1,-0.07142797820037927,-0.18623895878150493
1,-0.5987573557778756,-0.3385810817052504
1,-0.349334675238536,-0.27878327163836375
1,0.045757490560674796,-0.07583650731536244
1,0.05115252244738144,-0.04726491979591799
1,-1.019595556063381,-0.38176948215476647
1,-0.11476734547590794,-0.17073852228952455
1,0.0,-0.029929554455935793
1,0.0,0.003979400086720375
1,0.0,-0.01594189123236184
1,-0.3701809521413173,-0.8257328237935454
1,0.19897007056545224,-0.2918197723514816
1,-0.2596373105057559,-0.4883595552651336
1,-0.9103892257334429,-0.8751773027512029
1,-1.1485077374235928,-1.240147652743251
1,-0.35485510797268915,-0.3672181609741205
1,-1.4661258704181988,-1.3087105567837083
1,-1.3010299956639813,-1.3422575852783951
1,-0.48314724113633556,-0.5112786292947769
1,-1.1620186307939715,-1.1716232475988477
1,-0.6401500409361018,-0.6289572599801905
1,-1.2983898994977725,-1.212080333281378
1,-1.1856365769619117,-0.421704390134426
1,-1.8899478139300738,-1.3784229044910632
1,-0.8129133566428557,-0.8092219775781261
1,-0.09691001300805624,-0.29039606943941704
1,0.5647297887733558,-0.08510852783232493
1,0.0,-0.653273184822692
1,-0.3332146790353825,-0.19274640799670856
1,-2.716484251913524,-2.4480031605520933
1,-2.4609505675935557,-2.541530074533782
1,-2.7126497016272113,-2.4892544490362227
1,-1.2912701583748243,-1.405816626135862
1,1.0969100130080562,0.8696688374601876
1,0.7781512503836439,0.8235961143901239
1,0.7990851572192872,0.8794411238596708
1,-0.6659697442330934,-0.4212617988440979
1,-0.5228787452803374,-0.5129144073717026
1,-1.4259687322722812,-1.0652039704995613
1,0.38021124171160636,-0.19907173073729914
1,-0.9551876555836376,-1.117256407199273
1,-1.4722687519252506,-1.0925093124125727
1,-1.173186268412274,-0.9822909435937365
1,-2.3979400086720375,-0.37030899869919437
1,-1.0,-0.2741853992195166
1,0.8440132975922667,0.39571732767229906
1,-1.2787536009528289,-1.0967110020478474
1,0.0,-0.17290852344557944
1,-1.4183012913197448,-1.3094812646095746
1,1.6640579802891544,0.6314305997160391
1,-0.795880017344075,-1.151867796930234
1,-0.4375301220789325,-0.24594474663614366
1,-0.9652378937407882,-1.1297616465801523
1,-1.0289636959353174,-1.1336146266878757
1,0.018173968928587136,0.15006722280090634
1,0.11394335230683694,0.11792422615131698
1,-1.0211892990699383,-0.02354867556790092
1,0.0,0.019164592806019023
1,0.14242629585250466,0.3173612132441834
1,0.26259486787588227,0.5908894234334917
1,0.3783527524716668,0.5994043960534616
1,0.6872316010647745,0.8630370305812562
1,0.8829098516346567,0.9797081507332815
1,0.7218806438005094,0.7365923392744438
1,-0.028456562779072492,0.35146021665519345
1,0.6266567538842605,0.678995149502629
1,0.6182848926385986,0.799951544135229
1,0.7937903846908192,0.8611731439961126
1,-2.0211892990699383,-1.683963003377551
1,1.322592881408056,0.6489323744340697
1,1.2195039221899133,1.215075614061061
1,0.4610493196492511,0.6504131210082853
1,0.8540339842758531,0.7320967598478763
1,0.8214045648353983,0.6504131210082853
1,-0.7950520009218449,-0.7682583533494995
1,-0.6560418037942082,-0.15229398879244435
1,-0.43911207178746725,-0.3212338469326463
1,-0.645094623553164,-0.5346942477901577
1,-0.5274263730310587,-0.5166806284698228
1,-0.5541035366673484,-0.5580272993665787
1,-0.23512958465826372,-0.5232217314882177
1,-1.3654879848908994,-1.2792976128368345
1,-1.5972074885335505,-1.3812575429391065
1,-1.370665923805375,-1.6530104236083814
1,0.8057955484803827,0.8901762021678121
1,-0.9057300831581516,-0.35398225871498185
1,0.8810742471742232,0.484366256874219
1,1.2583218442658497,0.8531101999678167
1,0.34679030058945237,0.48169784548454553
1,-1.5461312049140492,-1.388392079148466
1,-1.3556430502208698,-1.2392347519413376
1,-1.338818556553381,-1.251657775581328
1,0.040129405552248976,0.28762228223331227
1,0.2258937820265059,0.3468572776212984
1,-0.6566307997724685,-0.5293092635510896
1,-0.6163004304425721,-1.0353916460932178
1,-0.8803900968967664,-0.8325099055055317
1,-0.4637572931616809,-0.7294805528062966
1,-0.9330532103693869,-0.8263213243295568
1,0.06915095647733605,-0.680427862537228
1,-0.9999999999999991,-1.3605653758189524
1,-0.8450980400142569,-0.8729473694299691
1,-0.5873367345072564,-1.0442627826929547
1,-0.797586464381328,-0.653282074778283
1,-0.5606673061697371,-0.564165831887012
1,-0.460730838531493,-0.8031391660460301
1,-1.0,-0.8675683293640756
1,-1.0,-0.6992043716556086
1,-0.8372727025023003,-0.8197339261590418
1,-0.7136932611567257,-0.6438056328783597
1,-1.2632414347745815,-1.1599603328715462
1,-0.7781512503836439,-1.1599603328715462
1,-0.5259698222574789,-0.6521862228673669
1,-0.4327021149312493,-0.6252754808031582
1,0.0,-0.044973575554564466
1,-0.42276359239706984,-0.5875215120883405
1,-0.7178553484963919,-0.6921068847606925
1,-0.7844001996606451,-0.6175213498328161
1,-1.08795517035513,-0.7024141233587561
1,-0.2263963773670774,-0.5772830982748549
1,-1.7639268959519816,-1.192575629310769
1,0.0,-0.5656411131783488
1,-0.7403626894942441,-0.5089098945605839
1,-0.7403626894942441,-0.14844756069199389
1,0.0,-0.6589460910646827
1,-1.0,-0.6683476055157445
1,0.5228787452803374,0.41413851193479984
1,0.6020599913279625,0.30045998196550244
1,0.30102999566398125,0.7344769605895799
1,0.8129133566428557,0.6844091862328335
1,0.6020599913279625,1.013958451695475
1,-1.3309932190414244,-1.1965177173754786
1,-1.1461280356782382,-1.4523949060691321
1,0.0,-0.17573018304015406
1,-0.30102999566398125,0.0017437121974027115
1,-0.4375301220789325,-0.320043554545087
1,-0.4375301220789325,-0.14061753380088834
1,-0.10206004319610873,-0.29232803997835644
1,-0.3494856763830949,-0.33134486170599836
1,-0.3494856763830949,-0.42502175888773247
1,0.09455610761457933,-0.03249555645482832
1,-0.30102999566398125,-0.1099960003859405
1,0.0,-0.03272106329888325
1,0.03959044503700948,-0.536864268940375
1,-0.2614392680716957,-0.20895791883839337
1,-0.19010599608076895,-0.19631288358423135
1,-0.15051493100552538,-0.2775802783165692
1,-0.19897007056545224,-0.215062952045187
1,0.30102999566398125,-0.18426987559734564
1,0.0,-0.09506332963296864
1,0.0,-0.25448923266627127
1,0.30102999566398125,-0.0714377869351674
1,0.0,-0.27043551408029054
1,-0.4375301220789325,-0.39114925239216497
1,0.0,-0.3289124604796443
1,-0.3494856763830949,-0.20523625712607063
1,-0.7870157984620274,-0.15266756915254898
1,-0.4375301220789325,-0.2324427755499125
1,-0.4375301220789325,-0.10642778646984237
1,-0.4375301220789325,-0.13063980273008385
1,-0.4375301220789325,-0.5060622648433702
1,0.0,-0.08061014752774122
1,-0.23855876556918343,-0.24068324139884872
1,-0.3979400086720375,-0.13806370842992252
1,-0.23855876556918343,-0.32822802593171696
1,-0.4375301220789325,-0.5172028951898158
1,-0.4375301220789325,-0.24388447994099427
1,-0.23856180154675855,-0.25318296601655815
1,-0.19896832053217395,-0.1164880678347777
1,-0.23856180154675855,-0.19696476182810344
1,-0.23855876556918343,-0.14545023915961125
1,0.0,-0.11149782984225752
1,0.23855876556918343,0.010046027264990362
1,-0.03959044503700948,-0.1125358582343961
1,0.0,-0.16749163949156462
1,0.03959044503700948,-0.0722971568348674
1,-0.7870157984620274,-0.32388020600679196
1,0.0,-0.038903227962264204
1,-0.4375301220789325,-0.09115163473004245
1,0.0,-0.07569503475912269
1,-0.4375301220789325,-0.16620714525592808
1,0.0,-0.04862751057083095
1,-0.8129133566428557,-1.2394344591728135
1,-1.3657553253006363,-1.2246461736170744
1,-0.5226852525251191,-1.3524934547490002
1,-1.3384989773683804,-1.4710696359836262
1,-0.8361431973613307,-1.347630900426856
1,-1.5357159699855094,-1.4731237225461495
1,-1.3909351071033793,-1.4685180896390082
1,-1.672097857935717,-1.4917012078596508
1,-1.4259687322722812,-1.501482914156057
1,-1.5622928644564746,-1.321851184456852
1,-1.3521825181113627,-1.343436878117751
1,-1.4471580313422194,-1.3898768622648519
1,-1.1760912590556813,-1.417240920682176
1,-1.568201724066995,-1.5300435631116773
1,-1.4771212547196626,-1.2547811651007292
1,-1.3979400086720375,-1.2934792086153235
1,-1.3010299956639813,-1.369408954594915
1,-1.3010299956639813,-1.3267934374490482
1,-1.8388490907372548,-1.219946092670842
1,-1.2111205412580492,-1.261882765122321
1,-1.1760912590556813,-1.2969750867760943
1,-0.6989700043360187,-1.1908010431905252
1,-0.9030899869919438,-1.0736670270118953
1,-0.8900183566879223,-1.3358255711399678
1,-1.1760912590556813,-1.1361602629177971
1,-1.6627578316815743,-1.3840296376146524
1,-0.6671781699121677,-1.1861431977290973
1,-1.0158385806858368,-1.2865867084092772
1,-1.4522976709946303,-1.3617476780405326
1,-1.0622428241313449,-1.0037552365915434
1,-1.1949766032160545,-1.1957747185432248
1,-1.134905331569489,-1.2259139970794968
1,-1.0949755132308567,-1.1518244876969486
1,-0.989004615698537,-1.1210503179931595
1,-1.1638846858194372,-1.2138059439255013
1,-0.9330532103693869,-0.6335647658442314
1,-0.5228787452803374,-0.5110143401856904
1,-0.5228787452803374,-0.5048055224092748
1,-1.1303337684950057,-1.1210939805683051
1,-0.5965237907934897,-1.0665237612312342
1,-0.695648424229586,-0.5289414952011058
1,-0.5257019046167164,-0.5322723618030358
1,-1.3771951260533504,-1.5135949204644408
1,-1.2359750178074123,-1.5724971081292654
1,-1.3910767959981944,-1.524537705992291
1,-0.6877932180512554,-1.584291744527856
1,-1.358927418111449,-1.5082232812446477
1,-1.6989700043360187,-1.5675795365092022
1,-1.6627578316815743,-1.6700654700398962
1,-1.9542425094393252,-1.6265751005508946
1,-1.3090976174120144,-1.3647025669005428
1,-1.653212513775344,-1.5606335025368574
1,-1.6020599913279625,-1.5088734034779216
1,-1.6074550232146683,-1.4651131240593747
1,-1.5440680443502757,-1.6650354280552835
1,-1.5228787452803374,-1.557127098465618
1,-1.0815099083662076,0.6735872426116116
1,-1.2900346113625174,-1.5270746316394417
1,-1.539912084579118,-1.5715384454367034
1,-1.5515855244155112,-1.648165634190797
1,0.5105950532510466,0.5279653536917805
1,0.6064247967304128,0.4436076825130144
1,0.2116562489144309,0.3390076818052161
1,0.6865217347376262,0.42274645864673305
1,0.17649941383186984,0.24782150127225067
1,-0.25484431233319516,0.14141112341979542
1,0.19066286227392482,0.19219894869611187
1,0.20727086333488298,0.19941782896881968
1,0.0,0.08502851346446062
1,0.5372837771665315,0.15272995854094398
1,0.47938547812176413,0.3571244735340799
1,0.3979400086720375,-0.3219791423440026
1,-0.4375301220789325,-0.5654360360791392
1,-0.7781512503836439,-0.35639694101784153
1,-0.09691001300805624,-0.23491515196699106
1,0.0,-0.29142560889750896
1,0.0,-0.31102017538880244
1,0.0,-0.11134296055882252
1,-0.4375301220789325,-0.2034034470700788
1,0.0,-0.235636925730863
1,-0.24144430567973707,-0.3647182168829457
1,-0.5213655225580975,-0.5581624605830035
1,-0.6876152534588957,-0.8100534333939529
1,0.311867744492071,0.410004627477078
1,0.09309638912348284,0.3516932291161146
1,1.0400659671353036,0.7336950192225693
1,0.473228566892149,0.30049197945344247
1,0.7913446290509967,0.559143591201785
1,0.5511585763075146,0.4506475256559028
1,0.9447233451859223,0.4780849146305253
1,-1.5740312677277188,-0.9035603277416746
1,0.07368983682500208,0.22885384459083355
1,-0.6989700043360187,-0.9213455673124713
1,-0.8450980400142569,-1.030822666131299
1,-1.018885344160374,-1.1869673456114485
1,-0.6020599913279625,-0.8885045990384404
1,-1.8195439355418692,-1.6183370634764986
1,-0.4586378490256493,-0.5046967483495786
1,-1.1362197470179893,-0.47823030776960124
1,-0.7367585652254185,-0.8563467868244845
1,-0.8616973018337184,-0.9051732259541764
1,-0.9330532103693869,-0.8120130512616579
1,-0.14612803567823818,0.20438757638519892
1,0.0,0.1497701840874953
1,0.24864192620429204,0.1329343455052383
1,-0.14612803567823818,0.17781137037033445
1,0.15490195998574308,0.16302697227129634
1,0.24303804868629442,0.06016814845225562
1,0.06694678963061307,0.12208504968579997
1,-0.7481880270062007,-0.5920324493527228
1,-0.2009647680475215,-0.41665571230636717
1,-0.2491553011056098,-0.5613191781698333
1,-0.7080611817826883,-0.5139108162515494
1,-0.27303720999868375,-0.1895732283644095
1,-0.25731535616566603,-0.3233371413738091
1,-0.1389494510511149,-0.31912946752133403
1,-0.7013112201509211,-0.6327454593759287
1,-0.8573324964312681,-0.8717293542580592
1,-1.2388820889151368,-0.8679085122796849
1,-0.6378332609820365,-0.6306827725833297
1,-0.4771212547196626,-0.4833721733938098
1,-0.36468480362316846,-0.29874205433436385
1,-0.5118833609788744,-0.3554350386141499
1,0.09691001300805624,-0.014625777996702043
1,-1.0319478169996161,-0.9383769280860398
1,-1.1062836390828732,-0.897924266161551
1,-0.5898255349109505,-0.980069466315991
1,-1.3802112417116064,-1.0971961956439515
1,-1.4661258704181988,-1.2935521482567864
1,-1.6312182200691758,-1.3003023954451487
1,-0.865301426102544,-0.9979606792550846
1,-2.035429738184548,-1.481004901166715
1,-1.7874342339527498,-1.7396141718300653
1,-1.4149733479708173,-1.2080232423525645
1,-0.9030899869919438,-1.0205739085829826
1,-0.6989700043360187,-1.2257719342322972
1,-1.6967930850817439,-1.6820396059692095
1,-2.0863598306747484,-1.8991092707578112
1,-1.3802112417116064,-0.9758291872679371
1,-1.2430380486862944,-1.23593578750104
1,-1.113943352306837,-0.508499689614412
1,-1.491361693834273,-1.3315029897104094
1,-1.8633228601204568,-1.2383158976890465
1,-1.436692597664054,-1.2643194073704938
1,-1.4842998393467859,-1.4160608664429624
1,-0.8239087409443187,-1.0378595011477787
1,0.32330639037513365,-0.8620448098486182
1,-1.6842467475153127,-1.7066103804509103
1,-1.518513939877888,-1.554326319786087
1,-1.4022613824546797,-1.5477272432550897
1,-0.30102999566398125,-1.2232438769728227
1,-1.2524246622304798,-0.9099716544559403
1,-1.8559109092964743,-1.6943540709690939
1,-1.346787486224656,-1.0134348320769504
1,-1.1798514079289877,-0.7992232449466806
1,-2.7283537820212285,-1.715964218542534
1,-1.1222158782728258,-0.8392732847065397
1,-1.0,-0.7977209321984152
1,0.720159303405957,0.6962502366321259
1,-1.1505139038522927,-1.0517108099774108
1,-0.4181433947603246,-0.44302970214683496
1,-0.35654732351381213,-0.6656605321716903
1,-1.1583624920952502,-0.9180615053570585
1,-0.48148606012211204,-0.6464071775658523
1,-0.7314992291629387,-0.8883593914550094
1,-0.3309932190414244,-0.6155684300235156
1,-1.0413926851582254,-1.188054990605676
1,-1.1613680022349744,-1.213150343145797
1,-1.1563472008599236,-1.2093473370013574
1,-1.2388820889151368,-1.3813933274627086
1,-0.4771212547196617,-0.9915092273953381
1,-1.1083394747888384,-1.0476946832049026
1,-1.3010299956639813,-0.9224821657141636
1,-0.8450980400142569,-0.8721790221722432
1,-0.8293037728310244,-0.8801160085734093
1,-0.8908555305749317,-0.8576836503826658
1,-0.39750477113913085,-0.7385672147144945
1,-0.3606839977965217,-0.7214689394839868
1,-1.3263358609287517,-1.366141242074777
1,-1.0731070983354316,-0.7192164063457653
1,-0.7752578720474039,-0.631436463146863
1,-1.0421661394711244,-0.6440176787370335
1,-1.0636690798693778,-1.0677087439695805
1,-0.9420080530223132,-1.074204705745248
1,-1.0543576623225928,-0.996430749602268
1,-0.985276743179293,-1.0919775658238904
1,-1.4216039268698313,-1.127343046350165
1,-1.019595556063381,-0.9383914157041607
1,-0.8860566476931631,-0.7636446718440157
1,-1.0,-1.3718323475115128
1,-0.6989700043360187,-1.2741231641545718
1,-1.079181246047625,-0.844633548613977
1,-0.9294189257142929,-0.9903860459836522
1,-0.8450980400142569,-0.8613623817752846
1,-0.8538719643217618,-1.1254432109576755
1,-0.6020599913279625,-0.8990015258350483
1,-0.5362427068383191,-0.5384130290401985
1,-0.693574972449313,-0.677781600756971
1,-0.6846075113226178,-0.6905203757384766
1,-0.8129133566428557,-0.7264101795518937
1,-0.9951474972055872,-1.0196115183287404
1,-0.6020599913279625,-0.605091765538137
1,-0.5440680443502757,-0.6761102609090579
1,-0.5228787452803374,-0.6444748524317461
1,-0.7132104434506292,-0.7835823638828435
1,-1.0,-0.789243596435984
1,-0.6510464520188357,-0.7146010252386565
1,-0.5563025007672877,-0.8621364170400058
1,-1.1047353505200128,-0.7492116218882924
1,-1.3273589343863303,-0.8283521682865224
1,-0.3933442569828882,-0.4915447104446587
1,-0.811888600118249,-0.7064468739817994
1,-0.33308817372373056,-0.3467409137374663
1,0.05115252244738144,-0.5103169970346957
1,-0.2510560207021424,-0.5060584771574096
1,-1.359624710929828,-0.8312738980107242
1,-0.5537553117534078,-0.5527214409754055
1,-0.055047566330905795,-0.41230909925598697
1,-0.18987954354131453,-0.36669188836135674
1,-0.7569619513137056,-0.5955781605618234
1,-0.5713911715615101,-0.4419831478109927
1,0.0,-0.7196255153167092
1,0.0,-0.5746019982892637
1,-0.2308574535331438,-0.21148898807325966
1,-0.4581545730397769,-0.5648346632711737
1,-0.44909253111941894,-0.5767429943030852
1,-0.4503280781317258,-0.39348365791829404
1,-0.7533276666586115,-0.7140178310596508
1,-0.9829666607012193,-0.9612652867018133
1,-0.40565926106331407,-0.5107344488815672
1,-0.5666433341055059,-0.9089924372683698
1,-0.9065783148377653,-1.2413169138234559
1,-0.8846065812979305,-1.1325383514966856
1,-0.9016202919111684,-0.9394375652769278
1,-0.4436974992327123,-1.3705559185000837
1,-1.845098040014257,-1.7175203735236146
1,-1.4259687322722812,-1.381052246069921
1,-1.6232492903979008,-1.5519127231287941
1,-1.260912772455999,-1.3555334538978727
1,-1.3881801713828814,-1.5604622129884282
1,-1.0,-0.9770410249641066
1,-1.7085153222422491,-1.5173761972547586
1,-1.4393326938302629,-1.2791723568078754
1,-1.5250448070368456,-1.4308807030698132
1,-0.8129133566428557,-0.8525173938819761
1,-0.5228787452803374,-0.7671791493568269
1,-0.8239087409443187,-0.8543107806059516
1,-0.9164539485499255,-1.0073078654988934
1,-1.4771212547196626,-1.1535198234174302
1,-2.431363764158987,-2.1765546573042722
1,-1.3521825181113627,-1.460896083555863
1,-1.3710678622717358,-1.487152931885118
1,-1.236572006437063,-1.5344975148960944
1,-1.6320232147054057,-1.4702186989683486
1,-1.3541084391474012,-1.438783350080926
1,-0.6283889300503116,-1.2920089177197864
1,-0.9637878273455556,-0.9828036074967502
1,-1.066946789630613,-1.0282014002266735
1,-0.8239087409443187,-0.7243148944363154
1,-1.1760912590556813,-1.1163502215884364
1,-0.9315426193441478,-1.4150896040607819
1,-1.0,-1.153605322142837
1,-0.5477023290053697,-0.8091346643778983
1,-0.8866431359415152,-0.9800604347934788
1,-1.1290946963794575,-1.2136604218350997
1,-1.335792101923193,-1.1344292489592889
1,-0.4637572931616809,-0.6474002701983466
1,-0.7825160557860933,-0.6649367599874064
1,-0.9628581919954335,-0.6046682201149565
1,-1.0408362539714062,-0.8574309254551333
1,-0.981114655839626,-0.8617693269791888
1,-0.8402991571324883,-1.005261650494405
1,-0.635300924466641,-0.9700474359899595
1,-0.5642714304385628,-0.7489683892498925
1,-0.9030899869919438,-0.7055093482535107
1,0.1249387366082999,0.389578904620683
1,0.5440680443502757,0.8862580000476676
1,0.9777236052888476,0.8853609915713183
1,-0.6110148339808887,-0.8080814027521229
1,-0.045757490560674796,0.4490020903163287
1,0.6255410871774849,-0.46116599241553446
1,-0.7781512503836439,-0.1739103743627501
1,-0.20383146568774357,-0.14645064471253735
1,0.8129133566428557,0.7036487569642764
1,-0.5982335834749097,-0.2600281312738916
1,-0.6412604028977409,-0.39919750290437617
1,-0.6417073513700187,-0.30245360286385564
1,-0.901677645968685,-0.7236647875696282
1,-0.44819083677998695,-0.6079541659988036
1,0.0,-0.043825830495369644
1,-0.5426228034760943,-0.5174741157358342
1,-0.8239087409443187,-0.5178163397007627
1,-0.15490195998574308,-0.15725048881351866
1,-0.15490195998574308,-0.18165573508141017
1,-0.15490195998574308,-0.15598352472417013
1,0.0,0.002599637250133453
1,0.0,-0.0007310875817682394
1,0.6020599913279625,0.44284242020295195
1,1.1461280356782382,0.4231018339563033
1,1.0,0.8442065427184815
1,1.230448921378274,0.730298116792076
1,0.15490195998574308,-0.12654804810928424
1,-1.1597008428675117,-0.9012135899129479
1,-0.5850266520291818,-0.9793946884215677
1,-0.7634279935629378,-1.0124911358719426
1,-0.2855178294857339,-0.9181619533965883
1,-0.7861201800549189,-0.9881036838918195
1,0.8691397431914831,0.7915248322814492
1,0.45593195564972433,0.6326547756689519
1,0.6093592300694626,0.5415871698110378
1,1.3583474489749054,0.7586549261709036
1,0.30102999566398125,-0.036842030364804185
1,-0.22184874961635614,-0.5754347419768353
1,-1.1069756794991905,-0.3920904144094456
1,0.0,0.015213910241292084
1,0.0,0.2650706322381834
1,0.7403626894942441,0.14838439244382698
1,0.19604148601007143,-0.11513204664588013
1,0.15630065517830793,-0.097452722999317
1,-0.924279286061882,-0.9045237261710323
1,-0.547321201747998,-0.6440799539765879
1,-0.28254658996996795,-0.6554217270941208
1,-0.7346855566025532,-0.517829257669357
1,-1.0389180660303694,-1.0274700244132122
1,-0.7153604205241875,-0.8082689295963397
1,0.3157532524846882,-0.45893867276553224
1,-0.6575773191777934,-0.5433770680138101
1,-0.6713864827039302,-0.6678048692013046
1,-0.045322978786657586,0.1848415341649433
1,-0.8834944309285628,-0.7993415852800233
1,-0.939704098112748,-0.49339718446569486
1,-0.9999999999999991,-0.8266293256747599
1,-1.0969100130080562,-1.0755535423232931
1,-1.0,-1.1766726175523978
1,-1.1072099696478688,-1.1847902311486527
1,-1.3979400086720375,-1.109517727427471
1,-0.9444826721501691,-0.8871655607411414
1,-0.7832908900360547,-0.917447683728899
1,-0.6225816584725639,-0.6170935044618763
1,-0.9736710612776509,-0.8626487928968141
1,-1.2277980821295582,-1.0152761224748752
1,-1.0,-1.2613824603247934
1,-0.5740312677277188,-0.9920862075684507
1,-0.5026753591920503,-0.9016729026308427
1,-0.645094623553164,-0.7046742105709157
1,-0.8239087409443187,-0.7077975698124749
1,-1.2405492482825995,-1.3410278728875094
1,-1.5740312677277188,-1.1798744235378682
1,-1.0071785846271233,-0.9882937004726042
1,-1.310370021918124,-0.8710738489592242
1,-0.8993298381186365,-0.6497677701948618
1,-0.5740312677277188,-0.5006212844510862
1,-0.045757490560674796,-0.6590201298254774
1,-1.5136380885454246,-0.8162284517750031
1,-0.8952646494799872,-0.8627351226941049
1,-0.8538719643217618,-0.9972810263499059
1,-0.3679767852945943,-0.7469059247355372
1,-0.7942380702770997,-0.47909096589621797
1,-1.4934237659420617,-0.9525869935608035
1,-0.9863561193334531,-1.1474471811068683
1,-0.6989700043360187,-0.5323827958831342
1,-0.3665315444204129,-0.4786280355040428
2,-1.4427036899159686,-1.3964053862352148
2,0.10789175076418633,0.6164235629985617
2,-0.5228787452803365,-0.6280214696396216
2,-0.21664755593054874,0.2618385328865028
2,-0.03535825526414893,0.2729992553276053
2,0.0,0.07016168256577943
2,-0.9208187539523749,-0.8689376878016125
2,-1.5440680443502757,-1.4592896306910808
2,-0.4910247010432185,-0.6669585257332787
2,-0.40461782558408554,-0.2871249426677281
2,-1.6798987495000786,-1.4124085045043504
2,-0.9617354999047176,-0.6458150295222025
2,-0.8976270912904418,-0.4381878871303688
2,-0.18316170956143552,0.08199892621361123
2,-1.2621119296336119,-1.0901127993830564
2,-1.653212513775344,-1.6207134831630103
2,-0.3347131088665538,-0.5107627228724329
2,0.0,-0.006574757517256273
2,-1.4471580313422194,-1.4087333480688395
2,-1.437750562820388,-1.4347463403554772
2,-0.8872957198087112,-0.5209186803638546
2,-2.6368220975871743,-2.012559274675457
2,-0.38021124171160636,0.13490125319648003
2,-1.7737864449811935,-1.6668931169733068
2,-1.6180480967120925,-1.3771579436196553
2,-1.0736319451536467,-1.3430349509651023
2,-1.7363965022766426,-1.678906438814185
2,-1.375010048025798,-1.0374641605518986
2,-0.5528419686577806,-0.7457348020661092
2,-0.8136895757626332,-0.6926384796700785
2,-0.2657020333222384,-0.23755935862762143
2,-0.08430583072525177,-0.3637942900479772
2,-1.7596678446896306,-1.3665770461713758
2,-2.113943352306837,-1.7067839974606556
2,-1.5440680443502757,-1.397477716199861
2,-0.8864907251724823,-0.6309872715962777
2,-1.4819201376014313,-1.1702207272025273
2,-0.23699208818695627,-0.2710841154848456
2,-0.5708022975975204,-0.4158587010149661
2,-0.8750612633917001,-0.9641148723009526
2,-0.659999612833376,-0.2456954188523316
2,-0.5963076624388712,-0.7404753221479194
2,-1.066946789630613,-0.9789011120006578
2,-0.8527848686805477,-1.0919309511054205
2,1.2109864416088412,-1.018048076703655
2,-1.1718893446279113,-0.8592003827899614
2,-1.518513939877888,-1.3889795798288924
2,-1.4771212547196626,-1.2460391626527554
2,-0.5440680443502757,-1.148197611378472
2,-1.0,-1.3179843374109106
2,-0.5740312677277188,-1.0705613055778094
2,-2.0,-1.2718723872481612
2,-1.3802112417116064,-1.2929675604384587
2,-1.0,-1.0130059410335617
2,-1.1461280356782382,-1.0380733554298869
2,-1.5740312677277188,-1.1797384597317457
2,-1.1026623418971475,-1.3069622582925284
2,-0.3284682440109208,-0.4524065802684218
2,-0.22577904324478837,-0.296024863253305
2,-0.3319791320230756,-0.5025470820928305
2,0.03591255589064524,0.0007885886730247904
2,-0.4913616938342731,-0.3578541994759215
2,0.0735773685296266,-0.4108742572862629
2,-0.2184951076087689,-0.36105103675932726
2,-1.0710633558254443,-0.9781146616781379
2,-0.8129133566428557,-0.9939924125025634
2,-0.7372752749614495,-0.8830206820443184
2,-1.507995452753926,-0.8234188042897107
2,-1.2185894886765967,-0.18488905766582056
2,-0.10266234189714751,-0.05314304996899127
2,-0.48265374331962363,-0.3109570545273078
2,-0.8306421236032868,-0.3154820735390621
2,-1.1702617153949575,-0.9823700210409351
2,-1.1939099072010784,-0.8948835868472994
2,-0.21805576059921705,-0.5547777619577672
2,-0.5228787452803374,-0.47344595651870824
2,-1.7454094219943261,-1.6919355519511816
2,-0.3829585148536534,-0.2676728393800028
2,-0.19944917794067507,-0.4389095676531899
2,-0.08715017571890016,-0.4561075356570623
2,-0.30102999566398125,-0.4588257254182426
2,-0.23408320603336819,-0.4721109074744643
2,-1.1303337684950066,-0.9213590758252143
2,-1.1793876276849105,-0.7844831115257265
2,-0.850485635415283,-0.7391221207204824
2,-0.28960053388319906,-0.6152303982207403
2,1.3652309733119132,1.2810760315855827
2,-0.5026753591920503,-0.34186207643700167
2,-0.4452956408039386,-0.6773670469139768
2,-1.4511855206252626,-0.5562571660067867
2,-1.2582780152430315,-0.45860182177867015
2,-0.7781512503836439,-0.7192484390032503
2,-0.44863271690822515,-0.4180080050891874
2,-1.8409420802430994,-1.539165187499201
2,-1.3278231722519171,-1.3468913994069427
2,0.1626059156547921,0.20794524270980275
2,-1.328787200354535,-1.0729035324715925
2,-1.232996110392154,-1.1934760975446101
2,-1.094861450332787,-1.2358321571731536
2,-1.0595160859321835,-1.2358321571731536
2,-0.8450980400142569,-1.0826658384423797
2,-1.117540014535269,-0.6703421047739399
2,-0.6944924064814408,-0.6139217985436981
2,-0.3590219426416681,-0.33504802175895093
2,-0.05018506000905987,-1.031532029876326
2,-0.04390548569908148,-0.22930716697709577
2,-0.6937057643436617,-0.8123377484703971
2,-0.18580723466839366,-0.25173936952389353
2,-1.5314789170422554,-1.2988425007095201
2,-0.47944991703824513,-0.664904009559719
2,-1.4454312120417132,-1.588737894812691
2,-1.5878712508601485,-1.7004282713461631
2,-0.8299828886565122,-0.711931503458554
2,0.01888534416037313,-0.3117264547480817
2,-0.7338535745820112,-0.5085628648501044
2,0.0,-0.09703711990260264
2,0.0,-0.011961243131604675
2,-0.3979400086720375,-0.2852963144854748
2,0.17609125905568135,-0.06611768596836284
2,0.03141136394152788,-0.4132831054377508
2,-0.08037687545407124,-0.1327274495828045
2,-0.3609091278607206,-0.27201775765925507
2,0.0,0.0
2,0.0,-0.0020269090187707397
2,0.0,0.006580113966571126
2,-1.0814373263518489,-0.96344776661436
2,-1.351646020844985,-1.025340729873787
2,-1.1136577261986105,-1.3592336769976223
2,-1.0,-0.8790685302566044
2,-0.21085336531489318,-0.341489739913132
2,-0.5118833609788744,-0.37153323123531784
2,-0.10408859763517953,0.34728870595135064
2,-2.2730012720637376,-1.3342959051908088
2,-0.5313708073918022,-0.590275661685501
2,-0.5425565664822658,-0.5491254656401671
2,-0.755089512814898,-0.7465265014125216
2,-0.6257224714138969,-0.46539369873207703
2,-0.501929586930868,-0.5640082366938546
2,-0.17609125905568135,-0.3594964228228572
2,-0.38021124171160636,-0.4853933275897415
2,-0.5708022975975204,-0.7172747323833133
2,-0.5118833609788744,-0.7156569780596865
2,0.07918124604762511,-0.2675432710294868
2,-1.3010299956639813,-1.097397574383089
2,-1.6334684555795862,-1.659145395618153
2,-0.5782790584341573,-0.5406144197520094
2,-1.1760912590556813,-1.1185683408194622
2,-1.0731070983354316,-1.4060723258102215
2,-1.2272437815030628,-1.1238787970752677
2,-1.41161970596323,-1.308264256919938
2,-1.391492252121295,-1.2763913107541809
2,-0.5416500036495355,-0.5046856014714202
2,-0.5619427681199793,-0.6418463233917471
2,-0.675904700267326,-0.5437006189125683
2,-0.7102510147457082,-0.9009828647485963
2,-1.3679767852945943,-0.9308593055526825
2,-0.35843146738836396,-0.388708445228435
2,-1.5314789170422554,-1.7286923533909557
2,-0.8890752499668562,-0.5279957450681211
2,-2.153814864344529,-1.931631167082397
2,-1.9030899869919438,-1.9464527420294278
2,-1.8481891169913984,-1.7546864562292097
2,-1.6989700043360187,-1.3616742210381665
2,-0.7324616236377643,-1.0477417924010692
2,-0.31162627680464805,-0.3713117333548326
2,-0.9156106297958564,-0.553275871732756
2,-0.5051499783199063,-0.5324432975091359
2,0.11554450392951221,-0.018781204219203564
2,-0.7367585652254185,-0.4909175717446491
2,-0.8450980400142569,-1.0240975018059135
2,-1.2552725051033065,-1.0448616001450868
2,-0.5149098156090615,-0.5200231338537364
2,-0.5440680443502757,-0.7408591351801708
2,-0.6020599913279625,-0.7770314346945022
2,-1.2972035878109285,-1.4044959770067842
2,-1.5903680640032443,-1.4670022671555216
2,-0.17350176664279715,-0.39240218612890776
2,-0.32561926889943305,-0.23562529321914844
2,-0.6368220975871743,-0.48114074297299964
2,-0.272463507476008,-0.3104705312024446
2,-0.770033360161464,-0.7057520265046574
2,-0.36079820066747104,-0.5900690728609815
2,-0.3424226808222066,-0.35920823990736417
2,0.0,-0.010815099083662077
2,0.0,0.0
2,0.0,0.0
2,0.0,-0.007891466346851068
2,0.0,0.0
2,-1.15876443056161,-1.370476202477015
2,-0.3702936524708784,-0.42750294351319906
2,-0.8824086941583156,-0.6264052722970432
2,-0.34544913545239364,-0.5927438997817107
2,-0.29329754543329045,-0.5970727085412671
2,-0.4375301220789325,-0.09856029653020798
2,-0.1934653551251042,-0.2366159837934238
2,-0.4375301220789325,-0.6926546658385923
2,-0.7065894012062106,-0.5793278823699487
2,-0.2466723333413885,-0.40624695782491543
2,-0.7186183397009049,-0.7670682750054152
2,-0.7204638221623183,-0.6909344469783147
2,-0.4577730894245233,-0.5175719539336923
2,-0.7422037031960453,-0.6612429086409911
2,-0.7057484281664701,-0.6947972278576916
2,-1.3010299956639813,-1.0570991672892964
2,-0.4456109417972778,-0.6896769782251735
2,0.0,-0.09678643006192733
2,-0.11703400894496152,0.07420531309737627
2,-0.2883405423673189,-0.577498551389996
2,-0.4871254758326682,-0.7001955420481135
2,-1.740362689494244,-1.254781976709763
2,-0.8524917235584466,-0.517021563728409
2,-0.2549735016899879,-0.37299671352552966
2,-0.27754889981445885,-0.31984254443366117
2,0.0,0.009613685248460202
2,-1.1668506023207685,-1.1917193056248474
2,-0.7359999720510526,-0.0708500352185431
2,0.0,0.03740362689494244
2,0.0,0.0
2,0.0,0.12168602438580134
2,0.0,0.08519274621011512
2,0.0,0.007403626894942441
2,0.7403626894942441,0.0629818655252878
2,0.7403626894942441,0.08207302886122606
2,-0.7767011839884104,-0.5621052029460732
2,0.30102999566398125,0.5327289010055198
2,-0.5404030902638697,-0.4548621660403684
2,0.0,0.6608338859721756
2,0.0,0.0
2,0.7569619513137056,0.7683957545275294
2,1.204119982655925,0.8226223823065301
2,-3.139879086401236,-2.3408757719658086
2,-0.8016323462331663,-1.078222570954547
2,-0.6291470817969431,-0.7970645183858845
2,-1.3710678622717367,-1.268317402228794
2,-1.2812859374682244,-1.3490140218836861
2,-1.7869251746911488,-2.235982497601987
2,-2.5706402171769405,-2.645925406212702
2,-2.5215995264411646,-2.660847149261979
2,-2.2570131666796076,-2.327004306627954
2,0.0,-0.03789390478459504
2,0.0,-0.054746635245225016
2,-0.15490195998574308,-0.1482793857164131
2,0.15192222629389285,-0.29925771505593146
2,0.08302429367597952,-0.06601529773505327
2,-0.7569619513137056,0.011885035303335201
2,0.0,-0.07963720944422299
2,0.0,-0.017070736152958572
2,0.0,0.07717641416233839
2,-0.49642640991504905,-0.38024917754760634
2,-1.3943358844032128,-2.067131788396326
2,-2.6301659296998388,-2.681660079167146
2,-1.7323937598229682,-2.464933853381965
2,-2.214670164989233,-2.137189298928843
2,-1.9587711686380604,-2.1170477579375526
2,0.0,-0.013897816920514243
2,-0.9436618101875993,-0.09805041712463179
2,-0.5046539251741384,-0.25488230930591455
2,-2.9084850188786495,-2.680615661141208
2,-2.1818435879447726,-2.6497859510561224
2,-3.318442797181662,-2.8836924064274867
2,0.0,0.0
2,-0.6146922012690137,-0.49856277877260036
2,-1.4471580313422194,-1.281594626549167
2,-0.6465051297683573,-0.6702216517320047
2,-0.8029748341086753,-0.7067542184533393
2,-0.653212513775344,-0.40563235426101785
2,-0.5760234477435038,-0.511738319795976
2,-0.719768926317288,-0.6545155692076944
2,-0.5417640894407105,-0.6729932922632648
2,-0.795880017344075,-0.5276976702247288
2,-0.5970965717964116,-0.6298528661616101
2,-0.7634279935629369,-0.7592298440777181
2,-0.6863808770279984,-0.6164817777439037
2,-0.6232492903979008,-0.7386643822150076
2,-0.4245377771658321,-0.47318829870297924
2,-0.39503501802863017,-0.4615334921554283
2,-0.5604190669621198,-0.4992524686532866
2,-1.2773226458463798,-1.1552860707819859
2,0.37336178276668086,0.34909010928238154
2,-2.716494349319551,-2.5691677355194207
2,0.0,-0.1341196712943481
2,-0.48840226512935203,-0.3625923778767519
2,-0.10914446942506828,-0.36171367118323744
2,-0.45593195564972433,-1.248961644279375
2,-0.43365556093857194,-0.2790563076969315
2,1.8908555305749326,1.8226950088054477
2,2.3424226808222066,1.9320613952301326
2,-0.9708417712587858,-0.9699658223978511
2,-0.8695250628572273,-1.1505325375194564
2,-1.5923001540388055,-1.2973850014414063
2,1.8061799739838875,1.8547752850602697
2,-0.4771212547196626,-0.20147608084886262
2,-0.4375301220789325,-0.4203862355541701
2,-0.4375301220789325,-0.23356902001015126
2,-0.8193729871114366,-0.7542379767245933
2,-0.31701810104811123,-0.16103093565041984
2,-0.11369943515248693,-0.304604538343181
2,-0.8786653876605257,-0.5388033352656981
2,-1.0457574905606748,-0.904142072854925
2,-0.9305282353388833,-0.7216403056687659
2,-0.9974225771121894,-0.7448404210734958
2,-0.4313637641589878,-0.538241629471444
2,-0.5899954799265803,-0.5434674317636055
2,-0.349334675238536,-0.5868457775960617
2,-0.31214600056944164,-0.6378010365898852
2,-0.515325607389892,-0.4251495898999524
2,-0.4382031886892923,-0.6167380365354427
2,-0.3484546455921187,-0.40394602445931993
2,-0.30011665256835407,-0.30096655665634503
2,-1.287241711178348,-1.2353833413934823
2,-1.5563025007672868,-1.2725137898464731
2,-1.1026623418971475,-1.3584548295973213
2,-1.621365146523349,-1.3378973863254005
2,-1.3802112417116064,-1.3472121961918035
2,-1.5118833609788744,-1.4135409930570038
2,-1.3679767852945943,-1.3489284951634506
2,-1.2846758902054773,-1.1504030648831118
2,0.4871054756262634,0.2276050213078029
2,0.4771212547196626,0.6078560540173734
2,-0.4375301220789325,-0.2556105937039559
2,-0.4375301220789325,-0.10418937200672528
2,-1.1856365769619117,-0.9113781906995905
2,-0.6922366216770506,-0.8397951357039788
2,-1.2713436575250547,-1.4360952034016248
2,-1.431363764158987,-1.510348886588076
2,-1.3950350180286302,-1.566293767316416
2,-0.5818566052396754,-0.8547288082787686
2,-0.9208187539523749,-0.8262759622959392
2,-0.8782664032669114,-0.756451976021275
2,-1.568201724066995,-1.3309948255953226
2,-0.7300042380759875,-0.47955941396990825
2,-1.3868809868172471,-1.3310095132088662
2,-1.5797835966168101,-1.243354502092647
2,-1.0321846833714012,-1.181810193452293
2,-1.463757293161681,-1.1435664299538888
2,-0.597243367296171,-0.7683577088546358
2,0.0,-0.5650904605024496
2,0.6020599913279625,-0.02188560865469477
2,0.0,-0.8054738748184651
2,-0.5913361259361896,-0.5872491387071245
2,-0.598653742636051,-0.5907378364665998
2,-0.7995866783816217,-0.5861388884925025
2,-1.0,-0.8795542806074601
2,0.0,-0.763618436125717
2,0.0,-0.44027422877583844
2,-0.42801247478226756,-0.6275293447365576
2,-0.5440680443502757,-0.5868804721505694
2,-0.5094905478629839,-0.6277120739866752
2,-0.6959644941962937,-0.6153209987773707
2,-0.5081554884596313,-0.9479854222966889
2,-0.20411998265592501,-0.5293316322441507
2,-0.6251997948362256,-0.7136410139023139
2,-1.167106774763191,-0.6489141694740939
2,-0.5711834248548922,-0.5771627654194046
2,-0.7309097157265505,-0.6562000013215292
2,-0.650863700684476,-0.6270930279674984
2,-0.6132200665486636,-0.6456807850877554
2,-0.6174439308619508,-0.5562723769979386
2,-0.36153312878191635,-0.5871155252052056
2,-0.6756627653670817,-0.7114128788019795
2,-0.24303804868629442,-0.5367524643941819
2,-0.5127570174430911,-0.8851310439992275
2,-0.5264558821648508,-0.5461482751734963
2,-0.8325089127062357,-0.594505001916068
2,-0.39541503364153385,-0.5570778683545926
2,-0.5434878245152701,-0.6012819783897559
2,-0.8253734792025922,-0.5181001971825332
2,-0.45842075605341925,-0.5318781105387739
2,-1.5314789170422554,-1.4963943710758298
2,-1.1303337684950057,-1.4609975398555408
2,-1.3679767852945943,-1.4914383700737768
2,-1.6007006960652372,-1.4966333474739226
2,-1.5759571887637573,-1.4528271965749937
2,-1.5935321959484972,-1.4726199578257395
2,-1.2218487496163561,-1.4732809944351988
2,-1.3424226808222066,-1.485010431239444
2,-1.5372465248098468,-1.4946301761914595
2,-1.26884531229258,-1.560266202096771
2,-1.4661258704181996,-1.6428542860612765
2,-1.3621130196188096,-1.3779678012449765
2,-1.1613680022349744,-1.4469762099937074
2,-1.4349235749252074,-1.4401401401615734
2,-1.306425027550687,-1.4403451593444796
2,-1.695481676490198,-1.602712234882496
2,-1.3639699395101044,-1.3858396531227064
2,-1.5538830266438746,-1.4888257762196235
2,-1.64204033546293,-1.5377443622708344
2,-1.3400940185036232,-1.5215200056344371
2,-1.3324384599156058,-0.4312922274415266
2,-1.2229067147726909,-1.3722160451504093
2,-1.3273589343863303,-1.3184880785356259
2,-1.1792963989308927,-1.4333335460407282
2,-1.1072099696478688,-1.325662374833329
2,-1.2385022948534123,-1.6390725762367
2,-1.8377988012727569,-1.4894322000093603
2,-1.3338225090602887,-1.6249711199013783
2,-1.780557320149522,-1.687843268908993
2,-1.5940523941160922,-1.755998566042454
2,-1.5968360472043743,-1.7593375409039675
2,-1.5161145167474324,-1.8015033054274996
2,-1.8908555305749317,-1.8939173504017128
2,-2.3679767852945943,-1.717539659978428
2,1.0785533136364274,1.6500932973700397
2,1.3720933514894265,1.6749311190578648
2,-1.332438459915605,-0.5278785644682824
2,-0.6989700043360187,-0.538238790950491
2,-0.8616973018337184,-0.5842166484924605
2,-0.349334675238536,-0.8019893618782322
2,-1.1119737594439316,-0.984193126633505
2,-0.5954962218255746,-0.6010238760791399
2,-0.638489256954637,-0.6355130131997764
2,-0.7318660629392069,-0.6447836260080853
2,-0.36558397217870375,-0.5547620963472952
2,-0.6885045706578534,-0.7395529583482001
2,-0.7318660629392069,-0.684630881916271
2,-0.7989348563069356,-0.718324490657428
2,-0.642065152999546,-0.7199298161000361
2,-0.6467919926709484,-0.6612458880950614
2,-0.7227616749930084,-0.6704191263719632
2,-0.7550859463149511,-0.6693255432436898
2,-0.5188198888034705,-0.7095228891635789
2,-0.7145377815626688,-0.6920863008176756
2,-0.5696832697124847,-0.7052550869535799
2,-0.25476426106413896,-0.3706240837057061
2,-0.30102999566398125,-1.023476326723224
2,-1.3424226808222057,-1.3676774459292806
2,-0.2501630993248263,-0.2960753131125952
2,-0.2303092992964082,-0.3004283294367869
2,-1.7569619513137056,-1.2008755621737697
2,-1.259637310505756,-0.44623647868397726
2,-0.6989700043360187,-0.11062547722181532
2,-1.4149733479708182,-0.9926703877964076
2,0.08432088570003593,-0.7168958594633199
2,-0.4658402443099732,-0.5240157863851923
2,-0.653212513775344,-0.35964125064522984
2,-0.22052265856496334,-0.31188176654614075
2,-1.4948500216800937,-1.3211164524972503
2,-0.7781512503836439,-0.8717147955375765
2,0.6210419042802515,0.8785639607928833
2,-0.9294189257142929,-1.0907483013384662
2,-1.1461280356782373,-0.8281616978921714
2,-0.5497508916806391,-0.9594500066729396
2,-1.1760912590556813,-1.2544007984873877
2,-0.8239087409443187,-1.0231558464095065
2,-0.8239087409443187,-0.8671061132623025
2,-0.46488679830265056,-0.501401453762734
2,-0.30102999566398125,-0.6063314024358237
2,-1.0,-1.0865589427386808
2,-0.858193338104404,-1.2566302061762438
2,-1.1684044303893906,-1.3412051691326488
2,-1.279840696594043,-1.1209340663125975
2,-0.4569178686313755,-0.3903481747642552
2,-2.0413926851582254,-1.5030886517326525
2,0.2762064119389489,-0.12650176960679857
2,0.37332567307531406,0.2507675555761273
2,0.16062644246752278,0.17847713185365252
2,-1.230448921378274,-1.2642235251637561
2,0.0,-0.3830734793842222
2,-0.6849915040000987,-0.6386769936788947
2,-1.5051499783199063,-1.6350460383678627
2,-1.4983105537896009,-1.2611982314980816
2,-1.026328938722349,-1.5216264942660749
2,-1.39863532528872,-1.431408613749827
2,-1.3010299956639813,-1.3756265598577457
2,-0.35396607085177934,-0.413696544798295
2,-1.5878712508601485,-1.6409411446487863
2,-1.113943352306837,-0.88994308119892
2,-1.4035680936804633,-1.550077955242568
2,-2.061536246949716,-1.618664701674769
2,-1.3605460815961639,-1.3956715381949605
2,-0.7513953187236417,-0.6123216269114984
2,-1.0,-1.2222169470349709
2,-0.5051499783199063,-0.623821823606178
2,-0.6020599913279625,-0.5723278376324804
2,-1.249198357391113,-1.430216621860018
2,-1.3511088600072982,-1.3239578804394236
2,-1.5364682557823155,-1.4916700244463743
2,-1.8388490907372557,-1.0020245323002077
2,-1.1507237873673866,-0.9753960045151843
2,1.433655560938572,0.7482904666594173
2,-1.1242958134976888,-0.6123496173631499
2,-2.582631439489636,-2.2913977952683777
2,1.518513939877887,1.160753210552023
2,-1.5772364076029302,-1.50975605518314
2,-1.3123110060736707,-1.3044448047797979
2,-1.230448921378274,-0.9828462949976315
2,-2.136720567156406,-1.5015360015928778
2,-1.1442994246318294,-0.6311324914207427
2,-0.4803263945948739,-0.3012094424966514
2,-1.7317625177323261,-1.4773100182174672
2,0.0,-0.005116225525842681
2,0.6344713774668973,0.6930241226628993
2,0.9147446062401823,0.7011365604895929
2,1.4831997463478501,1.217343616124968
2,-0.23855876556918343,-0.012838913971266378
2,-0.23855876556918343,-0.15677967559649353
2,-2.1652019166255547,-2.006913968702675
2,1.9921746624880434,1.645700000460132
2,-1.6707758036974223,-1.1633231530577186
2,-0.2789761829079378,-0.09133939514552711
2,0.13987908640123692,-0.27057732340900553
2,-1.233630580164463,-1.1905021171064594
2,-0.4375301220789325,-0.2775777507712066
2,0.0,-0.07389298932957974
2,-0.8325089127062366,-0.7888753888403341
2,-1.2001830911637823,-1.0373817722951035
2,-0.9848085011049292,-1.2493448701612926
2,-1.1912646619703375,-1.1450264492476643
2,-0.4375301220789325,-0.16643275018376458
2,-0.4375301220789325,-0.1018311647320007
2,0.0,-0.14333030082136106
2,-1.269512944217916,-1.566316275098527
2,-0.5946780377053624,-0.5933616821299192
2,-0.4375301220789325,-0.18778934400232092
2,-1.076276255404217,-1.246633776029191
2,0.25720393228495464,0.5434235891099966
2,0.352235685510248,0.8253497333974346
2,0.07393356204262513,0.33516125429857463
2,0.7883704155653293,1.7052126173865942
2,1.151267675330649,1.0267245089142887
2,-0.4375301220789325,-0.38948481069269214
2,-2.6976316535637563,-2.625715060739184
2,-2.4821712474563036,-2.40941421132486
2,-2.5580224811615606,-2.4288915749664333
2,-2.3838673804103276,-2.4358047261510443
2,-1.3891660843645326,-0.9544346392317138
2,-0.5854441338464147,-0.18486904647177735
2,-1.0579919469776868,-1.159233033087328
2,-0.6184504075161321,-0.6562069467688305
2,-0.5947607525864624,-0.591409549501782
2,0.37457379034782434,0.41513275450391524
2,0.4636797336504639,0.37877151079261645
2,0.2260652340175202,0.015656712648087243
2,0.25422278211024096,0.20438157431969145
2,0.4200275386348755,0.3672587617970621
2,0.8288588489716178,0.29584499804028735
2,0.3412297974458589,0.11495662563918643
2,1.0058072715777469,0.49669344228624196
2,0.7750122988011618,0.6561920067903418
2,1.1391791757229104,1.0136689692353429
2,0.04053354643708662,0.1866616583208156
2,0.023595268108840273,0.2368775389551137
2,0.41735454416819184,0.35371859437650427
2,0.19010375339756092,0.1623522245578422
2,0.2974496416522383,0.23097904684550408
2,0.0,-0.08966237909556415
2,-0.4375301220789325,-0.20376959070037137
2,-0.4375301220789325,-0.04163711923197644
2,0.3209248243809206,-0.5895052708742266
2,-0.8750612633917001,-0.7210221832320787
2,0.08681600298974335,0.2949779536646992
2,-1.0,-0.3191332343888137
2,-1.1180993120779945,-0.7076804483930909
2,-0.9845273133437926,-1.068437932487273
2,-0.36408174141106997,-0.5256205737145835
2,-0.585613140277534,-1.1976101263266816
2,-1.1760912590556813,-1.0112885958455553
2,-0.4242689473943866,-0.8427388484870044
2,-1.3010299956639813,-1.5381085291278958
2,-0.9898603686491203,-1.1080001946468918
2,-0.4030547239661013,-0.4405208391986217
2,0.0,-0.059378318659564513
2,-1.3408405498123326,-1.0692665772072634
2,-0.7403626894942441,-0.6682955001827503
2,0.9852767431792939,0.9978232874759043
2,-1.0082725259659897,-1.2510823924447998
2,-0.20411998265592501,-0.46423355781219106
2,-1.672097857935717,-1.6441695091660324
2,-0.8494839081883114,-1.2442557446134626
2,-1.1505139038522927,-1.0288126490884266
2,-1.0,-0.9917460921822081
2,-1.3010299956639813,-1.2493296121336113
2,-1.3010299956639813,-1.2132013225402565
2,-1.3010299956639813,-1.204036071905567
2,-1.1760912590556813,-1.3871269813899818
2,-0.8750612633917001,-0.418764623373335
2,-1.2212278853477807,-1.3558494946246566
2,-1.3760790080450676,-1.350817231461507
2,-1.007424018079207,-1.002308167333923
2,-1.0133639615579808,-1.0227098158469607
2,-0.5929893641257866,-0.6635618334708226
2,0.19717943282889738,0.07344501113335009
2,-1.2014637390121852,-0.8297760104417372
2,-1.3165421618422286,-0.8580683924981358
2,-1.5228787452803374,-1.5527783846293377
2,-0.6020599913279625,-0.6133327130647328
2,-0.005462895701501935,-0.19616156177687055
2,-0.10963564959093297,-0.20103625331624098
2,-0.1870866433571443,-0.09065408776533769
2,0.0,-0.19139481880521175
2,0.0,-0.010868583456653279
2,0.0,0.013243025156187152
2,-0.3979400086720375,-0.3306861070072714
2,-2.0627908298594555,-1.8194244605279106
2,-1.790300139963239,-1.1791253936562551
2,-1.3379420789967522,-1.5158935154753186
2,-2.01598810538413,-1.7300339724154725
2,-1.2018200947643445,-1.5305760002381448
2,-1.3620839610739592,-1.596958697931131
2,-1.685741738602264,-1.5727392292273266
2,-2.060697840353612,-1.8070833230165775
2,1.6020599913279625,1.7915275976692526
2,1.1461280356782382,1.2674378265969029
2,0.3979400086720375,-0.21277832245777933
2,-0.8205394883444725,-0.7429142049838241
2,0.0,-0.2112451944227969
2,-0.6756986619230307,-0.10494141204996374
2,-0.9610819339696306,-1.0199162306176093
2,0.0,-0.43771083433307717
2,0.0,-0.043806546328889494
2,-1.8512583487190755,-1.8011813782982926
2,-1.0211892990699383,-1.2012374987750383
2,0.9257898770871202,0.7534573801669805
2,-0.004991945557499378,-0.01807861975568513
2,-0.8514692224701967,-0.8935361526035809
2,-0.5924300073756692,-0.6702242389218671
2,-0.4771212547196626,-0.7077294526314705
2,-0.15875419150038184,0.041935867159619986
2,-1.5440680443502757,-1.287257545658003
2,0.0,-0.08634501399138891
2,-1.7909884750888159,-1.3491326153588565
2,-1.039309734009933,-0.9085186658102893
2,-1.1174457461429075,-1.2515265861622427
2,0.6529670694045295,0.4854178217810532
2,0.17609125905568135,0.9556848351532088
2,-0.4771212547196626,0.9854693610770394
2,-0.9661417327390325,-1.0249530054071017
2,-1.5228787452803374,-1.2646581881372125
2,-1.026328938722349,-0.9151217078842427
2,-0.19896832053217395,-0.058195290239512004
2,-0.6592028774645318,-0.44330622433123457
2,-0.643452676486187,-0.6619974663200316
2,-0.7781512503836439,-0.2794596875673273
2,-0.5440680443502757,-0.5912580806581788
2,0.02482358372503235,0.0537506338582345
2,-1.4014005407815446,-1.413697784101812
2,0.0,-0.05254585955931569
2,-0.05982055802409558,-0.007389596942100178
2,-0.057008267096432697,-0.14595309173840795
2,0.18533191579059416,-0.10961033697707402
2,0.010723865391772947,-0.16752884281836466
2,-0.8193291678780046,-0.4840408816965565
2,-0.2604121447557173,0.15941770724232093
2,0.05115252244738144,-0.006811308842085309
2,0.13262556527459068,-0.12576788049913262
2,-0.40041462779989345,-0.3231706347435007
2,-0.15892323391866725,-0.20563943678382265
2,-0.05799194697768684,-0.04154645968923026
2,-0.16391166643477817,-0.17056035451673715
2,0.0,0.01652683953721322
2,0.0,-0.00990435967490888
2,0.0,-0.007075701760979367
2,-0.19896832053217395,-0.29974942555102574
2,-0.8586708472035305,-0.9277768172837497
2,-1.6334684555795862,-1.3631785377634877
2,-0.3251455612858125,-0.4014969729109684
2,-1.1290946963794575,-1.3488096609559606
2,0.1249387366082999,0.46854854245926425
2,-1.4269546452539323,-1.002219434719834
2,-0.8293037728310244,-0.6379975700122059
2,-1.3502480183341632,-1.294917503297138
2,0.3227608935141424,0.31412696239072574
2,-3.3891660843645326,-2.807775282629347
2,-2.3157532524846873,-1.4536075525331467
2,0.8860566476931631,0.6460713616091917
2,0.6989700043360187,1.0571444970264463
2,0.3494856763830949,-0.35823635326616293
2,-0.3357921019231931,-0.3268335649479641
2,1.0431024990135827,0.3937514422403745
2,0.48586619024719013,0.7964003014902883
2,0.0,-0.09514737548131003
2,-1.1663314217665253,-1.1053061833946272
2,0.0,-0.8755940203692313
2,0.8870600239159199,0.4299978380048073
2,0.0,0.35380214341836796
2,-1.6962891656882473,-1.2831046668509367
2,-0.1870866433571443,-0.3674862583455932
2,1.072489365083169,0.7413972813318468
2,-1.0,-0.7485013557883677
2,-0.3357921019231931,-0.3485688817245663
2,-0.6989700043360187,-0.7796116727327422
2,-0.6989700043360187,-0.7266180568540019
2,-0.9208187539523749,-1.2507323481625394
2,0.10720996964786877,0.09585861229715366
2,0.040958607678906134,0.29506955489363823
2,0.0,-0.6764706817946821
2,-1.3765769570565123,-1.2662276606475968
2,0.7420815496859419,0.559531401276051
2,0.7085380144275222,0.33382788824166487
2,0.9965887892396132,0.9608304961664283
2,-0.011437917752548543,0.5072552669911591
2,0.7771305813312361,0.703199809952435
2,0.9240900922092257,0.7840901675586188
2,0.8297382846050425,0.7425790785689976
2,0.5769756483744999,0.7243026516603156
2,0.7139670542376466,0.5563656682789699
2,1.2929840758710451,1.030641351499553
2,0.8563790504239464,0.7022214865429638
2,-0.71213145039399,-0.6908006329074621
2,-0.49841753604950867,-0.5090686043014999
2,-0.4808174002796255,-0.5030705048081895
2,-0.7745028746371672,-0.5330841645500063
2,-1.6627578316815743,-1.051423014076317
2,-1.207980403469163,-0.7609221956585464
2,-1.3424226808222066,-0.6993699611445255
2,-0.8450980400142569,-0.9566275563580772
2,-0.9398127940166834,-1.0600787370366502
2,0.9842963893235082,0.9758259924576579
2,0.0,0.5398924076788005
2,-0.9404143100157558,-0.8458310036323651
2,-0.9378520932511556,-0.725471685814331
2,-0.19033169817029183,-0.7197453740952189
2,-0.6575773191777934,-0.848406165877426
2,-0.30077283585297465,-0.6875258843031352
2,-0.6989700043360187,-0.8419641112892927
2,-0.8808135922807914,-0.6924329452235571
2,-0.3502480183341632,-0.45626617176379947
2,-1.5075038837133832,-1.033174215995758
2,-0.8239087409443187,-0.6662654687543577
2,-0.6551910797574312,-0.6754825697663943
2,-0.9857595608853895,-0.7674378831969569
2,-0.7639108112690334,-0.7253173536912599
2,-0.8239087409443187,-0.9036455756360382
2,-0.6078895349886864,-0.8175209696279101
2,-0.8096683018297082,-0.7549333287028012
2,-0.503573590084951,-0.7305917482733946
2,-0.9363309201306222,-0.7305917482733946
2,-1.2485009443877964,-0.6877046276423091
2,-0.50991376811597,-0.532230743225156
2,-0.6378332609820365,-0.6919320472316413
2,0.0,-0.042864146769693516
2,0.0,-0.03223991869897045
2,0.0,-0.1043674890213682
2,-0.8189453214127687,-0.5809883513525204
2,-0.8124792791635365,-0.827621624004196
2,0.0,-0.6346708525296872
2,0.0,-0.5762147754897297
2,0.0,-0.50271074443538
2,0.0,-0.5730187479058638
2,0.9700367766225568,0.8944101835581878
2,-1.8095597146352675,-0.8975495529484587
2,-0.5314789170422545,-0.6828390914982536
2,-0.7781512503836439,-0.26254713893125947
2,-0.7781512503836439,-0.2997951071751965
2,0.07918124604762511,-0.2523539787680144
2,-0.4375301220789325,-0.2587100388222654
2,0.0,-0.24383511690667914
2,-0.4375301220789325,-0.5925714204980391
2,0.0,-0.3066479363687398
2,-0.7781512503836439,-0.2602056504181382
2,0.26785190423374505,0.412777614943327
2,-0.45154571957920364,-0.5216157563661699
2,-0.7870157984620274,-0.43948661080845064
2,0.0,-0.3485716239385871
2,0.0,-0.31430009428390593
2,0.0,-0.2668963489886125
2,-0.45154571957920364,-0.2829890572366368
2,0.37679174465498644,0.614153805761203
2,-0.2821354275770025,-0.08812306566576496
2,-0.7781512503836439,-0.030686185007618726
2,-0.30102999566398125,-0.1077249243830612
2,0.0,-0.03693771832449547
2,-0.03959044503700948,-0.07088176528262886
2,0.0,-0.17265695336644135
2,0.0,0.005799994697109731
2,-0.19897007056545224,-0.23688581091266245
2,-0.38907632175972306,-0.2344210445477964
2,0.0,-0.3151140069258813
2,-0.15051493100552538,-0.17014732963253704
2,-0.15051493100552538,-0.0042969141789652365
2,-0.09691001300805624,-0.27968504425341373
2,0.0,-0.06656716140765791
2,-0.7870157984620274,-0.3534730050478593
2,-0.4375301220789325,-0.2512417653397206
2,-0.3494856763830949,-0.04280525753841605
2,-0.4375301220789325,-0.09348533466936958
2,0.0,0.003016897716791993
2,0.0,-0.3285713448227174
2,0.0,-0.14350213725322555
2,-0.19896832053217395,-0.11949752928843402
2,-0.4375301220789325,-0.4738167327564473
2,-0.4375301220789325,-0.46733463856802915
2,0.0,-0.10189455471544577
2,-0.23855876556918343,-0.1478593178514001
2,0.0,-0.15348833295487943
2,-0.23856180154675855,-0.3319354486216357
2,-0.19896832053217395,-0.22658292776521669
2,-0.23855876556918343,-0.28867520609836905
2,-0.23856180154675855,-0.19461480967923472
2,0.0,-0.36372503083392355
2,-0.2525756490137514,-0.2541704939582628
2,-0.03959044503700948,-0.49109049847709535
2,0.03959044503700948,-0.3691966355572348
2,-0.23855876556918343,-0.17289259247862016
2,0.008864074484683293,-0.17368859850849483
2,-0.23856180154675855,-0.12633352735286413
2,0.0,-0.06350522310941972
2,-0.6505165472438836,-0.24551223471812136
2,0.0,-0.05345418257237773
2,0.30102999566398125,-0.05333646487682654
2,-0.4375301220789325,-0.3135490445152697
2,0.0,-0.15896635321970687
2,0.0,-0.236541051600001
2,0.0,-0.06349168688368118
2,-0.3494856763830949,-0.2873649782366673
2,0.0,-0.23103394682698444
2,0.0,-0.23339310642652294
2,0.0,-0.08669575922413078
2,0.0,-0.03666868280239724
2,0.0,-0.19504493604070355
2,0.0,-0.11621826551492022
2,0.0,-0.14908387733132936
2,0.0,-0.07060298727950881
2,0.0,-0.006576588913010149
2,-0.7870157984620274,-0.6188867202749476
2,-0.30102999566398125,-0.1559562939090351
2,0.0,0.07361048646921181
2,0.0,-0.30613277273199224
2,-0.9700367766225568,-1.3420137033208963
2,-1.3613168631983266,-1.1938897716985324
2,-1.220761653975142,-1.2578393290776995
2,-1.1633708452519596,-1.3421283778766493
2,-1.4771212547196626,-1.5448422009045992
2,-1.3424226808222066,-1.5467529529326187
2,-1.349585478950286,-1.4872620867058028
2,-1.500602350569185,-1.2896763559592404
2,-1.3802112417116064,-1.3919238649799595
2,-1.1949766032160545,-1.1565357379211891
2,-1.4149733479708182,-1.2651878770506229
2,-1.1760912590556813,-1.2320665022631068
2,-0.7112044607530308,-1.0193498008468327
2,-1.3841949163398928,-1.1407225999620703
2,-1.860338006570994,-1.586925578403778
2,-1.330413773349191,-1.2608527417898905
2,-0.7509990043400281,-1.2738760557745674
2,-1.0569876608480024,-0.9982618024258838
2,-0.9542425094393252,-1.0987460351011151
2,-0.4771212547196626,-0.5517525051165334
2,-1.4996870826184043,-1.1530105399785666
2,-1.3929480631145381,-1.1894540478366675
2,-1.355387657986574,-1.2415842587619421
2,-1.522257881011762,-1.389810531090869
2,-0.5657587417617291,-0.663388064898782
2,-1.3010299956639813,-1.1085761589067602
2,-1.5250448070368448,-1.5248550999150117
2,-2.2816014438256547,-1.5017154908628794
2,-1.575270339843267,-1.4979163253200065
2,-1.0672352615654335,-1.5088169010505326
2,-1.5228787452803374,-1.3896642303715543
2,-1.0,-1.5376503415983205
2,-1.4831116184088495,-1.4716120940293729
2,-1.6690067809585756,-1.5208845214809208
2,-1.625541087177485,-1.586947142462636
2,-1.6020599913279625,-1.632387206013845
2,-1.7781512503836439,-1.639350859547229
2,-1.1903316981702918,-1.4752873661969692
2,-1.6180480967120925,-1.492190702350719
2,-1.5528419686577806,-1.4997645284332954
2,-1.113943352306837,-1.554756087405488
2,-1.6690067809585756,-1.489292542845485
2,-1.066946789630613,-1.4535770597782018
2,-1.4771212547196626,-1.4699126747056486
2,-0.17609125905568135,0.2713386896646593
2,0.04221633946413483,0.22679538012510714
2,0.05338452113950165,0.24177050324318716
2,-0.008889378689054261,0.20519281426537603
2,0.5160209375257532,0.63497994769274
2,0.4480806748140447,0.09154653328327587
2,0.6296719922204899,0.33843611968468523
2,-0.03111980057738517,0.0073623515803520065
2,-0.4375301220789325,-0.41536843998030804
2,-0.7870157984620274,-0.4642992201103735
2,-0.7781512503836439,-0.34086538590066373
2,-0.4375301220789325,-0.3395778651669261
2,-0.3494856763830949,-0.2867193779560094
2,-0.4375301220789325,-0.3009794646507061
2,-0.3494856763830949,-0.26326746516500593
2,0.0,-0.15740550890015095
2,0.0,-0.1543514942428156
2,-0.3494856763830949,-0.07280884750584742
2,-0.4375301220789325,0.05722854992299798
2,-0.09691001300805624,-0.009587438191258117
2,-1.0399875249893382,-0.8032222193766972
2,-1.3245110915135037,-0.8630533485590172
2,-0.550649497692774,-0.7516089648654869
2,-1.0016055267154176,-0.6084260630549
2,0.5621068834718308,0.32964494532515437
2,0.0,0.41190388993189714
2,0.42376472293646295,0.36823413330353655
2,0.045757490560675684,0.3562429935382339
2,0.614154047356525,0.5460639469617822
2,0.09347640971467452,0.32191224083769837
2,0.23888208891513685,0.3498981922355541
2,0.4478852873552155,0.246945503486799
2,0.21075196571557608,0.18465662857500725
2,0.5648639195917164,0.6260151616008035
2,0.007004901568658184,0.19070263195915804
2,-1.9632530916138462,-1.523475311145993
2,-1.764608677068301,-1.262149388509708
2,-1.7283537820212285,-1.6317435765591637
2,-0.8562344061322165,-0.784401244005929
2,-1.8195439355418692,-1.6190078820132738
2,-0.7781512503836439,-0.845665008818396
2,-1.0969100130080562,-0.8981505606680474
2,-1.2284793285153697,-1.0484594916160126
2,-1.1832698436828046,-0.7757307340339904
2,-0.36317790241282566,-0.62790278737431
2,-0.4771212547196626,-0.62790278737431
2,-0.8952646494799872,-0.7683367922089288
2,-0.1870866433571443,0.07743482254567141
2,0.30102999566398125,0.07528792833490736
2,0.1055101847699742,0.12396653385496009
2,0.16272729749769965,0.14788869710254382
2,0.13587872267231305,-0.2549669246483269
2,-0.8985423592412225,-0.7283799329924108
2,-1.052758049162799,-0.7813506717150677
2,-0.3148656857969785,-0.38680769714772273
2,-0.035912621145258505,-0.28084545025312563
2,-0.9079747380403926,-0.7056600565404773
2,-0.5797835966168101,-0.272316850684611
2,-0.1055101847699742,-0.3046369290388054
2,-0.6020599913279625,-0.32310703937512597
2,-0.3832167518513314,-0.285443139622934
2,-0.1353106860769584,-0.3478367327212426
2,-0.5581545056288801,-0.4481679471109883
2,-0.6989700043360187,-0.775033611180426
2,-0.9493900066449132,-0.7712356939796198
2,-0.9208187539523749,-0.6554219386376491
2,-0.9509145660903977,-1.131215811608161
2,0.09691001300805624,0.001861285597534046
2,0.0,-0.5177321839008538
2,1.2552725051033065,0.816850212585007
2,1.3309932190414244,1.2142774700306689
2,-1.0993846321359122,-0.9273272200216942
2,-0.9751764162749677,-1.3015246293496343
2,-0.4771212547196626,-0.9572014135598137
2,-1.7754621118728622,-1.6588719776672578
2,-1.6417073513700187,-1.6815020045033293
2,-1.0894004112293114,-1.2807989003707627
2,-1.0,-1.046825351766239
2,-1.633468455579587,-1.5452444648938126
2,-1.8404197777364857,-1.6145343439641007
2,-2.3374592612906557,-1.5851849232569746
2,-0.3064250275506879,-1.5921294223957865
2,-0.9294189257142929,-0.8895004900231577
2,-1.1461280356782382,-0.8573584412775668
2,-1.4471580313422194,-1.4271527841411882
2,-1.3771847870814184,-1.3765005883336534
2,-1.1356626020000729,-1.414848113706251
2,-1.423245873936808,-1.4500418714226089
2,0.05799194697768684,-1.1535935442723442
2,0.0,-0.8183033631511126
2,-1.6127838567197355,-1.6143572822601766
2,-1.6344772701607315,-1.5905668101522565
2,-1.0662755460937365,-0.8657264245298435
2,-1.213879819945081,-1.3083334214047986
2,-1.0859146287065933,-1.056390402595272
2,-0.9802233603509167,-1.056390402595272
2,-1.518513939877888,-1.0314433913377203
2,-1.240433142284875,-1.0314433913377203
2,-1.4974206917829962,-1.156909735033882
2,-0.9678153166285988,-0.9055030327988964
2,-1.2887955392469692,-0.7326163986442359
2,-0.3424226808222066,-0.5747259469042796
2,-0.19005691519250512,-0.1391590780365969
2,-0.20524948779689467,-0.14681227156859403
2,-0.6989700043360187,-1.0458480015346086
2,-1.0,-1.0189278247114415
2,-0.5797835966168101,-0.799280764329398
2,-0.8890752039971392,-0.8719462706579884
2,-0.7528453851188734,-0.616428457279037
2,-0.5797835966168101,-0.7042575971627291
2,-0.9542425094393252,-0.7832740557088849
2,-0.8969726181938462,-0.7223909997255927
2,-0.5368894597231524,-0.4275558768389214
2,-1.1461280356782382,-1.2773105902246555
2,-1.8808135922807914,-1.1983776945515772
2,-1.0910804693473324,-1.0679354546676763
2,-1.079181246047625,-1.1035009801393136
2,-0.8129133566428557,-1.0493148094891203
2,-0.9542425094393252,-1.0436961070616442
2,-1.0413926851582254,-1.0523019703531116
2,-0.7496627125722055,-0.9728640592217572
2,-1.0433460369455343,-0.7814606135895608
2,-1.3344537511509307,-1.3171011895055602
2,-0.5755009628084942,-0.7112574081477346
2,-1.2174839442139058,-1.3347272435336068
2,-1.733011972712987,-1.3086782111436353
2,-1.3771847870814176,-1.4053933999008583
2,-0.5794353717028686,-0.8482324808496804
2,-1.053684858962776,-1.3535426473108125
2,-0.9809013839687024,-1.328591739779586
2,-1.049891869945637,-1.0335833655391191
2,-1.079181246047625,-1.0272189663996616
2,-0.8964186656113675,-0.8975296620054791
2,-1.199601769708555,-1.1410455399971873
2,-1.500602350569185,-1.5420520448715445
2,-1.8325089127062366,-1.4403755195279297
2,-2.08278537031645,-1.657603224023578
2,-1.346787486224656,-0.9017198612126345
2,-0.9197316583111608,-1.0184951247447172
2,-1.0453229787866576,-1.0412336070382682
2,-0.8808135922807914,-0.8932120110670547
2,-1.4049261295327038,-1.0960748314190338
2,-0.5622244770093765,-0.8891477938137733
2,-1.204119982655925,-1.2543207907743286
2,-1.134698573897456,-1.1065938763031473
2,-0.32123338175226746,-0.7338450491226464
2,-1.3881801713828814,-1.047209084591793
2,-0.8202744562892246,-0.8395730207970581
2,-1.0,-0.8665723465492262
2,-0.8129133566428557,-0.749462891600175
2,-0.6989700043360187,-0.7144466996508644
2,-0.653212513775344,-0.6216327248761457
2,-0.6478174818886373,-0.6008296225077244
2,-0.9330532103693869,-0.8172029163639245
2,-0.6020599913279625,-0.7443972340151217
2,-0.9030899869919438,-0.8086391486676869
2,-0.5835765856339492,-0.7873348486768665
2,-0.7459665670122426,-0.7447522806390233
2,-0.5351132016973494,-0.8390342784619672
2,-0.05696987867700454,-0.13577157145571273
2,-0.4232458739368079,-0.5154884943527325
2,-0.8880262405560675,-0.6295572589124463
2,-0.7070878945581978,-0.7085991536596749
2,0.01931957001786344,-0.4093735318097307
2,-0.18486518336318625,-0.5591468344840281
2,-0.9050244867691433,-0.6790234327415406
2,-0.7206892540292547,-0.696303120892654
2,-0.6661774909397113,-0.691309073423595
2,-0.30102999566398125,-0.636939126150446
2,-0.7337321105952306,-0.9092335441013728
2,-0.44313675740929437,-0.5624940223343627
2,-0.2912701583748243,-0.5457911679399223
2,-0.5399120845791181,-0.3636860097393949
2,-0.08432088570003593,-0.6080289490386375
2,-0.4149733479708182,-0.5837692798078825
2,-1.1303337684950057,-0.8440783284548022
2,-0.7296388241024712,-0.6291904929157008
2,-0.27470105694163216,-0.7410551228163607
2,-0.2200696759654459,-0.5107740496014417
2,-0.22454833550784858,-0.661388367422385
2,-0.7569619513137056,-0.6575090354511931
2,-0.8908555305749317,-0.9428542960526631
2,-0.1259773881291375,-0.28099828501206675
2,-0.06454790588958392,-0.2965522417300183
2,-0.7634279935629378,-0.8813492312783825
2,-1.1383026981662816,-0.9454880854589733
2,-1.0655015487564325,-0.9094420048306445
2,-0.9133091521736292,-1.0211003193147332
2,-1.0,-1.1942601227342755
2,-1.7853298350107671,-1.7223340251094195
2,-1.857332496431269,-1.4996554799913437
2,-1.1903316981702918,-1.5066668445112108
2,-1.4259687322722812,-1.3633768635319041
2,-1.3979400086720384,-1.4776599072877188
2,-1.3815495924838688,-1.480893533172256
2,-1.5228787452803374,-1.4921821470879764
2,-1.6434526764861879,-1.1351342985312676
2,-0.9420080530223132,-1.0461130359389113
2,-1.0,-1.0416583275701974
2,-1.5797835966168101,-1.3526951752281846
2,-0.6154239528859442,-0.6163551747303694
2,-1.0,-0.7955965605091797
2,-0.8239087409443187,-0.8880040247005616
2,-1.1842857376709528,-1.1366363136126878
2,-1.4913616938342722,-1.4310270421875082
2,-2.2671717284030137,-2.2048312689077947
2,-2.0863598306747484,-1.9627165854287518
2,-1.7781512503836439,-1.541350843352234
2,-1.4175355647354184,-1.5283298520072597
2,-1.4471580313422194,-1.064697819694834
2,-0.32605800136591245,-1.219840436129909
2,-1.1832111229993103,-1.1350797333727292
2,-1.1461280356782382,-0.970290238800247
2,-0.6283889300503116,-0.7283843313155248
2,-1.4149733479708182,-0.9233495314086996
2,-1.1249387366083,-0.9934235521002108
2,-1.0211892990699383,-0.8793595447760526
2,-1.0,-1.0034435261351804
2,-1.4161648287782365,-1.2270906476589718
2,-0.31527043477859173,-0.8407159116190727
2,-0.5440697772466896,-0.7970988131445084
2,-0.7690078709437733,-0.9174826579773031
2,0.0,-0.36843132689005925
2,-1.0,-0.6973571128776597
2,-0.9565343062189093,-0.8524998807040819
2,-0.7367585652254185,-0.9954711334500168
2,-0.7569619513137056,-0.7705172141107784
2,-0.7388415163737116,-0.6183280586410774
2,-0.5973135563035008,-0.8057539857946686
2,-0.9629086884180129,0.7358240041094962
2,0.0,-0.7377670178989396
2,-0.23749614683474451,-0.15395231411120874
2,0.0,-0.04487431036888795
2,0.0,-0.006398939671246975
2,0.0,0.010485103099249962
2,0.30102999566398125,0.26721276868293375
2,0.30102999566398125,0.637374672993343
2,0.5228787452803374,0.7098559790594385
2,0.6989700043360187,0.9569527097807368
2,0.9030899869919438,0.9538063520946863
2,1.0413926851582254,0.8597350950282378
2,-0.3539660708517802,-0.6527058954322337
2,0.15490195998574308,-0.08850109224285489
2,0.0,-0.08889430229125407
2,1.5287082889410613,0.6058147788434407
2,0.6989700043360187,0.8051204967278778
2,0.9637878273455556,1.1095675469791064
2,0.6501214367982016,1.125399401633209
2,0.0,0.012001896890274928
2,0.3083881257855836,0.014020263005394575
2,-0.8601209135987631,-0.16993656739126592
2,-0.5880452543028749,-0.5971352541116874
2,0.0,-0.16913657373080826
2,-0.08414466557917422,-0.5740480557589503
2,-0.8980104614626683,-0.8752842694878982
2,0.0,0.11084721643448349
2,0.0,0.5823869538513934
2,-0.8728283819594083,-0.3130257853677437
2,-0.16918659085637255,-0.012474165230334728
2,-0.28560963679648754,-0.054211968716387914
2,-0.6594614630523452,-0.8964992966256977
2,-0.9183299535486809,-0.8416289436570099
2,-0.7781512503836439,-0.7620968345135516
2,-0.4274952522337543,-0.651406448571703
2,-0.40576534618399407,-0.4376735098146899
2,1.5751878449276608,1.7330618724978648
2,-0.6746106584765741,-0.8100013642782815
2,-0.3979400086720375,-0.09599375255401306
2,-0.8864907251724823,-0.599453305385899
2,-1.1059581419854538,-0.8222670072578481
2,-1.1802078252505135,-0.9128612467449474
2,-0.9269790626571934,-0.3778124575041122
2,-1.3424226808222066,-1.01430586779705
2,-0.989004615698537,-0.6865913549113
2,0.0,-0.19704776768049775
2,-0.17609125905568135,-0.3280371187572028
2,-1.0710633558254452,-1.6143472448843768
2,-2.079181246047625,-1.8435951616426376
2,-1.3891660843645326,-0.9394671786450419
2,-1.7944863039009302,-1.7180315865479734
2,-0.5850266520291818,-0.6259713175403749
2,-0.935542010773081,-0.5665302138105076
2,-1.9586073148417746,-0.589692909483642
2,-0.3881801713828805,-0.5479918976085842
2,-0.4237472722783231,-0.5376022808459198
2,-0.1870866433571443,-0.5878722783450548
2,-0.773216032708131,-0.9115024555918173
2,-0.9456423376774072,-0.8756879891304692
2,-1.2582780152430315,-0.9253288473865021
2,-0.30871682433027203,-0.5732089818504236
2,-1.36408174141107,-1.0303470888794353
2,-0.7384785456196923,-1.0303470888794353
2,-0.4701723947643339,-0.44462637388928283
2,-0.9887189895903106,-0.9276331151665334
3,-0.8750612633917001,-0.704492015661926
3,-0.5290390539851559,-0.6498522712545551
3,-0.36172783601759306,-0.746480741584651
3,0.0,0.07514108317734385
3,0.8147100267930405,0.3439744414075868
3,0.0,-0.6945286333012101
3,-1.4775597146073878,-1.4923774285139868
3,0.2491831573502452,0.19012042368765325
3,-1.8927900303521312,-1.8630683248623814
3,0.23027753297520626,0.1939859215476178
3,0.4637659462712156,0.5322081337794735
3,-0.5642714304385628,-0.7072660415488083
3,-1.1760912590556813,-1.237175216774335
3,-0.8239087409443187,-0.8391995152053953
3,-0.7403626894942441,-0.1858859058474377
3,-0.43933269383026285,-0.629562551186607
3,-1.4471580313422194,-1.3971858060579498
3,-1.7659167939666318,-1.4304586577108258
3,0.38021124171160636,-0.21947283420560865
3,-0.39752826612063075,-0.2909867416776502
3,-0.37905157618436736,-0.8194706310605128
3,-0.8286038621526988,-0.6354154502236375
3,-0.6876889939263293,-0.7112251289356017
3,-0.6283889300503116,-1.0589859879127008
3,-0.9562910721145945,-0.9727898373419822
3,-0.14106518745881935,-0.19855819051136675
3,-0.41912930774197577,-0.39990577953486744
3,-0.36408174141106997,-0.7363818865532292
3,-0.17609125905568135,-0.6923260604731509
3,-0.6145129060142454,-0.7334454036358461
3,-1.2777586532509932,-1.174718100474627
3,-0.8538719643217618,-0.888059873202785
3,-1.103219486915064,-0.8857758423008124
3,-0.3979400086720375,-0.6368360662755799
3,-0.4350870709486365,-1.0583690782587565
3,-1.6627578316815743,-1.2836349510582281
3,-1.079181246047625,-1.002820886165604
3,-1.6603910984024672,-1.3578549842747807
3,-0.8239087409443187,-1.0507199474318718
3,-1.000293343126251,-1.1653431555256173
3,-0.36166919116139606,-1.1985079798297624
3,-0.8378796830090751,-1.48071505340975
3,-1.3679767852945943,-1.4060090236331768
3,-0.013788284485633184,0.0032502716793446317
3,0.4771212547196626,-0.20051655521740794
3,-1.008773924307505,-0.5666402135612656
3,-0.10886390425013914,-0.6410161237657962
3,-0.14612803567823818,-0.45473081342435717
3,-0.4118545232070705,-0.304169948374078
3,-0.706148588963142,-0.3529040620960614
3,-1.0,-0.979326701158489
3,-0.6020599913279625,-1.286342198878797
3,-0.1669478796158108,-0.6681283008610339
3,-0.6205848987164888,-0.38542024798311253
3,-0.14221543714647567,-0.05028854769114213
3,-0.45593195564972433,-0.30224396290569916
3,-0.4220736883887568,-0.36995525345550107
3,-0.91832995354868,-0.8956145882436846
3,-0.9542425094393252,-0.9607216405827443
3,-0.9395055936387653,-0.7210359488230693
3,-1.4360690591766065,-1.1217592612766953
3,-0.6538152820635048,-0.7249394227516431
3,1.6225558417338535,1.6604290668546378
3,1.9268567089496926,1.2407524453658745
3,1.0585947152658468,0.7858640991095249
3,-0.07389564958594175,-0.3402900591499175
3,-0.08432088570003593,-0.3953522920032488
3,0.14976232033333226,-0.23014265511186924
3,-0.17926826284964825,-0.31407539943789425
3,-0.4771212547196626,-0.46380008618148544
3,-0.8880262405560675,-0.7924637423904476
3,-1.6127838567197355,-1.3487668865521862
3,-1.6812412373755876,-1.3925621490964417
3,0.17596999855457174,0.17677634806495074
3,-1.1749315935284423,-1.3584092142245214
3,-1.7781512503836439,-1.6256845489799707
3,-1.6020599913279625,-1.6643755630684904
3,-1.3489535479811643,-1.6414056051061803
3,-0.5215995264411646,-0.799852369494604
3,-1.865301426102544,-1.2380447760615347
3,-0.40866387406381044,-0.6341965959668006
3,-0.6170416326987436,-0.7493831905935318
3,-0.2466723333413885,-0.3538706008782884
3,-0.2614389320748671,-0.847345294734925
3,-0.3853508813640172,-0.28029740777608864
3,-0.5127853228438921,-0.5806332258381803
3,-0.7609437229818958,-0.6396405553058198
3,-0.3521825181113618,-0.35871306875951275
3,0.0,-0.05589169372049568
3,-1.2291697025391013,-1.598869439699144
3,0.0,-0.10499398758305652
3,0.0,-0.09389271420979048
3,-1.5539985458577226,-1.147007788767195
3,0.14132915279646951,-0.0912613076572352
3,-0.06766585912156575,-0.20055094750876262
3,-0.09472741951745256,-0.12730565921483727
3,-0.787911087672799,-0.7510160159907254
3,-0.30102999566398125,-0.23540254715287656
3,-0.15490195998574308,-0.48619766360470945
3,0.0,0.001249387366082999
3,-0.3521825181113627,-0.30887808586569776
3,-1.2396406820895027,-0.7708237588136423
3,-1.0,-0.8019742893028114
3,1.079181246047625,0.8234216690361539
3,-0.8129133566428557,-0.7375014005590088
3,-0.5606673061697371,-0.479089901793757
3,-0.5772364076029302,-0.44506829957079114
3,-0.6809789030384632,-0.5090760430212131
3,-1.485315733334934,-1.1999486333590204
3,-0.2667973899192777,-0.5729502894802253
3,-0.27547589119159266,-0.7971083247412355
3,-0.7086972828532296,-0.8008901054022952
3,-1.1505139038522927,-1.112352003805205
3,-0.7330850365019916,-0.6198969206855973
3,-1.3010299956639813,-1.3561967811207425
3,-1.0,-1.0640717942882807
3,-1.740362689494244,-1.778969402296735
3,-0.43365556093857194,-0.5904760658787002
3,-0.20411998265592501,-0.5981314001271235
3,-0.7942448013084267,-0.5567091033163155
3,-1.4886416777494738,-1.4216758258305444
3,-1.1083394747888384,-1.254550331137397
3,-0.537441864015932,-0.816213690110871
3,-0.09556972905670502,-0.2826046351191211
3,0.2731973322082579,0.26990264185369267
3,-1.157607853361668,-1.51239659853651
3,-0.5051499783199063,-0.6795247903329142
3,-0.32451109151350366,-0.5942463799762315
3,-0.4249783800632443,-0.4551906210747505
3,0.0,-0.7028212716188262
3,-0.10354059190706888,-0.33168101900700164
3,-1.8239087409443187,-1.5030881980333861
3,-1.920818753952375,-1.5431896325600312
3,0.07207557205669168,0.09153034804009358
3,-0.8166095022028195,-1.130663998408678
3,0.0,-0.3595894833913935
3,-1.1687920203141813,-1.3336740825332214
3,-0.4631243644872516,-0.7525286184296686
3,-0.37974700384601867,-0.7411417631989755
3,-0.35373634617998473,-0.6023479596610644
3,-0.2932046581520247,-0.6360864177364952
3,-0.39159983064101844,-0.6217565463623076
3,-0.9673308832466319,-0.7681818416372103
3,-1.4685210829577446,-1.3034247397187875
3,-1.2218487496163561,-1.3500772158922505
3,-0.45593195564972433,-0.6124111457989189
3,-0.0778376825188154,-0.28365524531378805
3,-0.1295794045405394,-0.3264941679091298
3,-0.404570587571051,-0.3522128006920458
3,-2.0969100130080562,-1.3295768818969445
3,-1.7781512503836439,-1.2872926088492287
3,-1.6434526764861879,-1.5447879110756078
3,-0.3357921019231931,-0.6679928730886394
3,-1.5947607525864624,-0.9990838968143662
3,-0.6398485522173623,-0.6046215032577064
3,-0.38021124171160636,-0.28630706017854735
3,0.0,0.004889751563932494
3,0.0,0.07250404838221759
3,0.0,0.007403626894942441
3,0.0,0.03701813447471221
3,0.0,0.0
3,0.0,0.001249387366082999
3,0.0,0.0
3,0.0,0.0
3,-1.20682587603185,-1.3012449805025736
3,0.0,0.0
3,1.113943352306837,0.805599988568427
3,-0.10669428249220125,-0.5575834901132454
3,-0.4771212547196626,-0.7907696902956607
3,-1.1802078252505135,-1.3277338260370521
3,-1.4423175473797247,-1.6762234191771461
3,-1.0910804693473333,-1.1499788109293971
3,-0.2542865921216544,-0.17758817280902398
3,-1.0377885608893997,-0.939459680640477
3,-0.2561333467764424,-0.3117524438628026
3,-0.6493280729138764,-0.6785045385232759
3,-0.7388553441053656,-0.7434481961156361
3,-0.4577730894245233,-0.506725635038444
3,-0.7136932611567257,-0.6881593928067388
3,0.6726856520807178,0.5965420976929161
3,0.6001519882093254,0.4155205922707632
3,0.018951941086827517,0.29283532800640766
3,0.0,0.5484566702338073
3,-2.184096913980195,-2.3479016403179664
3,-0.6232492903979008,-0.8186001291299939
3,-0.4582359105592877,-0.6854745857021856
3,-0.151267675330649,-0.2146533595945243
3,-0.6989700043360187,-1.253484929960393
3,-0.2704919284145202,-0.053704755978829996
3,0.006939606751780403,-0.2794255781033166
3,-0.17749745257663463,-0.25615820935961653
3,-0.12368361632897873,-0.23837313926573334
3,-0.8028661382047408,-0.8942667233102146
3,0.0,0.0
3,0.8239087409443187,0.7572412018899243
3,-0.6863808770279984,-0.6339403358011207
3,0.0,0.0
3,0.0,-0.007403626894942441
3,0.0,0.10908010291881863
3,0.0,0.05614417061998018
3,0.7403626894942441,0.040719947922183426
3,0.0,0.0
3,0.7403626894942441,0.0
3,0.7403626894942441,0.704807253789885
3,1.0,0.07102355292700295
3,1.0,0.07361404593774495
3,-0.38321675185133053,-0.5461838884926373
3,-1.0,-1.0712726757561744
3,0.0,0.09256865446412121
3,-0.7075701760979367,-0.38764289027699744
3,-1.4924519734409554,-1.4887563091030216
3,-1.2908903643131016,-1.1994896558836277
3,-1.0864630007623939,-1.2040365031425377
3,-0.27561440003725846,-0.6776862834561597
3,-2.6106601630898796,-1.7241069143345031
3,-2.929418925714293,-2.6925077313162897
3,-3.1205739312058496,-2.8118589651904817
3,-2.4240428112362427,-2.3753822777452793
3,-2.212303431710126,-2.3629504366434593
3,-1.8200654018625588,-1.8643664555936459
3,-2.331519317811881,-2.4122952854900177
3,-1.0413926851582254,-0.25117050813906766
3,-0.3231801236256153,-0.2058283507053627
3,0.10737544668622157,-0.008742307125945956
3,0.8888183474403863,0.7836842414681239
3,-3.0663924890041176,-2.4683506203112997
3,-1.8718162085785535,-2.1130217624954937
3,-2.0688812894078126,-2.0763518619527845
3,-2.005829543660724,-1.8425487260600262
3,-2.3096301674258983,-2.6932797544512437
3,-3.206315241661555,-2.6370966170410135
3,-2.645913275033844,-2.7485839924611106
3,-2.687974620034556,-2.818552027505008
3,-1.4065401804339555,-1.3221236421917695
3,0.0,0.015563659325934988
3,0.0,0.001249387366082999
3,0.0,-0.19978389923647275
3,-0.6465051297683573,-0.6292842566521962
3,-0.5619427681199802,-0.6301097704026847
3,-0.73115468770742,-0.7655179471816738
3,-0.7533276666586115,-0.741797705713484
3,-0.6989700043360187,-0.7278864386683952
3,-0.653212513775344,-0.5193458087288131
3,-0.033105124157981614,-0.45398746056217754
3,-0.2181760471203864,-0.46821957087207117
3,-0.6307051727774926,-0.5928682940486334
3,-0.3708529182030551,-0.5515912357037874
3,-0.07195673106437983,-0.31127057371802347
3,0.15836249209525022,-0.31217511189370195
3,-0.31994698356234874,-0.21223236646509
3,-0.39503501802863017,-0.44012651075726333
3,0.8633228601204568,1.0546319655369585
3,-1.0,-0.9950179254278925
3,-2.1939486868026874,-2.708442321879053
3,-2.219924961390217,-1.861659288356096
3,-0.7403626894942441,-0.7954375035498694
3,-1.069006971504451,-0.865245900434843
3,-1.3159703454569183,-0.5286333998744688
3,-0.1842857376709528,-0.2673529778807022
3,-0.3701109148072801,-0.35694788820549206
3,-0.6398485522173623,-0.8797928656187515
3,-0.236480969533841,-0.2908248417588337
3,1.763941633261446,1.6718815907281417
3,2.0639897471525535,1.368301596036684
3,1.8243033747578457,0.6468394175421176
3,0.8327695154634727,-0.002864368904952572
3,0.26753037425284454,-0.1517495012703969
3,-0.6973585201794386,-0.6529634155867909
3,-0.7974564055790303,-0.47778370480594373
3,-0.7870157984620274,-0.46713426139776876
3,0.0,-0.5290353552840937
3,-1.113943352306837,-1.3052204636928375
3,-0.44493657134826137,-0.75047905225589
3,-0.5882717068423293,-0.6234406532802546
3,-0.7989348563069356,-0.6858957105655099
3,-1.0819563001023962,-0.6248478060309655
3,-0.10473535052001282,-0.4460421325727841
3,-0.7549214096651689,-0.6578785585492716
3,-0.7300042380759866,-0.615487590825195
3,-0.5929166118880929,-0.6165359537406114
3,-0.18364439694612678,-0.25602649493101215
3,-0.07918124604762511,-0.15290517626924502
3,-0.43933269383026285,-0.3607524567326568
3,-0.3405385369476548,-0.22841288337039295
3,-1.3661962846069269,-1.3257991452898403
3,-1.1249387366083,-1.1351973018353505
3,-0.6917914197088955,-0.9694259940881872
3,-1.7781512503836439,-1.509219983468584
3,-1.2648178230095368,-1.3835492259686404
3,-1.154901959985743,-1.25802892777421
3,-1.4375303314980883,-1.3309402976310383
3,-1.2582780152430315,-1.3197353710160977
3,-1.5642714304385628,-1.3552100471448147
3,-0.4375301220789325,-0.23230591373650597
3,-1.6926266329514812,-1.4378647166996226
3,-0.5166297960033361,-0.4650260471554657
3,-1.431363764158987,-1.4395063848315324
3,-1.272474535210928,-1.6626675317414876
3,-1.1903316981702918,-1.11748215751168
3,-0.8973376581028525,-0.6579875937011604
3,-0.5835765856339492,-1.1595559436172198
3,0.0,-0.21923894141629396
3,-0.7289332277134619,-0.510890664728796
3,-0.7955365657786055,-0.7313685940521657
3,-0.808114473761087,-0.7420007353977902
3,-0.598653742636051,-0.6086732237713907
3,-1.0,-0.3744087229136717
3,-0.6606653005632923,-0.6493911800680159
3,-0.5440680443502757,-0.6130069222682759
3,-0.3901303070435729,-0.5453891933176638
3,-0.5094905478629839,-0.606031840028979
3,-1.0,-0.3456933839310701
3,-0.7672348358945449,-0.29998263043204587
3,-0.824644210183429,-0.6296451195649811
3,-0.5071746648863202,-0.6707480541870975
3,-0.16883592022309912,-0.5957343474667898
3,-0.6940254217189574,-0.4541478634003196
3,-0.7545638531061272,-0.7249001990622104
3,-0.9336648928393814,-0.9075834525252753
3,-0.16272729749769965,-0.5434612220892872
3,-0.7713751873175951,-0.5145400591964584
3,-0.7501225267833993,-0.6124542941175853
3,-0.5423809577330196,-0.5741770597155684
3,-0.3889566680708807,-0.5081283606879812
3,-1.519287394190787,-1.488098962475689
3,-1.803261970966675,-1.4997250143766274
3,-1.346515967314966,-1.4035182541384268
3,-1.7396442534629069,-1.4430782375574063
3,-1.3700399458583679,-1.489360789961904
3,-1.6207422042957162,-1.6233759345528882
3,-1.7215358322347596,-1.4363379599004682
3,-1.345700390583442,-1.4039332827388846
3,-1.5835765856339492,-1.3680239548926756
3,-1.6197887582883936,-1.415265458623036
3,-1.4778825072930193,-1.4679010664036176
3,-0.9777236052888476,-1.2426048879289928
3,-1.4018450592255762,-1.3558433968272374
3,-1.4795273244855407,-1.4517221119320731
3,-1.7455952164279207,-1.5975970074667805
3,-1.5096504795465826,-1.6301586699912018
3,-1.1256386472866255,-1.2413018552189776
3,-1.4458937088134602,-1.4001906550900074
3,-1.3175990970971743,-1.4295566290519843
3,-1.7215358322347596,-1.4551449273974018
3,-1.976961016011427,-1.4355177218064903
3,-1.4892551683692599,-1.3536742301789666
3,-1.3284682440109208,-1.2967950072582297
3,-1.343372997354356,-1.341205465216679
3,-1.230448921378274,-1.4026616969275174
3,-1.1760912590556813,-1.309461473022571
3,-1.4559319556497243,-1.139464265339696
3,-1.9190780923760737,-1.804788450910317
3,-1.5217916496391233,-1.6613588971966629
3,-1.7472175361399929,-1.6552948414603912
3,-1.670941280735775,-1.834140806707619
3,-0.616672031877334,-1.0033919933417215
3,-1.0566117062143716,-1.2300644339441575
3,-1.675300043738182,-1.3595731860544205
3,-0.2114192213974242,-0.055812008560836596
3,-1.8309092995464429,-1.0650030521371427
3,-0.3992755437555049,-0.241633335481328
3,-0.11362062053529165,-0.3082133397254691
3,0.0,0.03779232162264945
3,0.0,-0.508642001469079
3,1.7649308809849815,1.6187310540146016
3,1.4440447959180762,1.5189113707859223
3,0.0,0.3481634898534071
3,-0.4313637641589878,-0.6219586352198506
3,-0.21260809288144422,-0.7070746602899329
3,-0.8328635835972458,-0.6838504920813138
3,-0.5740312677277188,-0.6911186823387709
3,-0.9542425094393252,-0.6841375300436084
3,-0.6320232147054057,-0.6048967146743192
3,-1.1914975900970806,-0.9858389413342743
3,-1.1461280356782382,-0.8566394564678448
3,-0.9294189257142929,-0.979747061776229
3,-0.5188198888034705,-0.6398675652914657
3,-1.4395415394615556,-0.2836594108788446
3,-1.079181246047625,-1.1560020688103594
3,0.0,-0.23570618265438534
3,-0.5268090389087696,-0.6386605079865956
3,-0.6696394023113736,-0.6175140729917653
3,-0.7092460664759814,-0.6436937740810416
3,-0.5330562595094737,-0.6261998734603037
3,-0.8145012724224872,-0.6265246664117626
3,-0.7739952906124863,-0.6803853616766589
3,-0.6879746200345549,-0.5908032676854874
3,-0.2646054261027677,-0.5574442882704206
3,-0.6503646709025173,-0.4665913028692513
3,-0.3372421683184257,-0.4536763005827615
3,-1.0315170514460652,-0.6597127627897647
3,0.0,-0.2786626987933393
3,0.0,-0.2019372225496073
3,-0.9759196228469422,-0.24240117988957507
3,0.0,-0.24510049946591964
3,-1.7050441520482122,-0.8578248718914697
3,0.0,-0.5648685215700507
3,-1.0,-0.31301551331517286
3,-0.5932860670204576,-0.5657940015530994
3,-0.5789946872592688,-0.6837900522177744
3,-1.113943352306837,-1.365678053648021
3,-0.672097857935718,-1.3243875056304162
3,-0.9646720376582572,-0.6785105666339928
3,-0.4432453729278514,-0.46860803345149277
3,-0.46915232504838666,-0.7725793196504838
3,0.0,-0.4299467693493228
3,0.0,-0.4114068960823401
3,-1.3802112417116064,-1.3326661611712227
3,-1.3273589343863295,-1.3441106514433923
3,0.0,0.3887104178960762
3,0.2705922030369319,0.51508801297389
3,0.7032250103799518,0.5166623437930209
3,0.5399788431160077,0.34232977622495325
3,0.2127271121038934,0.11298304568463945
3,0.8675245105715961,0.7511930882604105
3,1.2309713024148268,1.0522097920183702
3,0.7187630910163998,0.729850496775741
3,0.42579681672523595,0.32099019183154254
3,-1.01598810538413,-1.045648132274506
3,-1.7809263044384158,-1.159177587754483
3,-1.078021580520386,-1.7104793575496888
3,-1.9259992664561558,-1.6561626090878596
3,-0.979244778409381,-1.0719641658416732
3,-0.8319763626923518,-0.6592956701465756
3,-0.588557520924315,-0.6936795667284282
3,-1.7303784685876424,-1.295312416453337
3,-0.14612803567823818,-0.6271736445833891
3,-1.1382316259813603,-1.356757721420912
3,-0.7440483790712067,-0.8188676405282962
3,-1.3601514477826377,-1.3262577409380831
3,-0.3133971826694042,-0.7470263960014856
3,-0.7220353084047115,-0.8139516279611095
3,-1.4522976709946303,-1.1556029380704047
3,-0.8101204564586855,-0.7473916447923307
3,-1.717453410030032,-2.0914261227195126
3,-2.228294797183975,-2.3862911246588383
3,-2.1471014267810613,-2.15534626428138
3,-1.5304131631775952,-1.2632239762575177
3,-0.355387657986574,-0.3247906499154671
3,-0.6671781699121677,-0.5873751265099689
3,-1.4074853265782679,-1.375369776636483
3,-0.5729576096236553,-0.42690918785087945
3,-1.1760912590556813,-1.2874294419026036
3,-0.4514759214932562,-0.7584302303544946
3,0.30102999566398125,0.34915808463847947
3,-1.3135157072120407,-0.5826112890663177
3,-0.3077633783229494,-1.0778517241375891
3,-0.4202164033831899,-1.1030697422146671
3,0.0,-1.0558496033121836
3,-1.014723256820706,-1.4350732162554383
3,-2.1487416512809245,-2.209371491300152
3,-1.2123034317101258,-1.709282966918723
3,-0.9612474110079834,-1.7961790876294035
3,-1.4832443397784516,-1.7307594016077905
3,1.7558748556724915,1.1329110046708626
3,-2.3832167518513314,-2.624491014794428
3,-2.3790031895226376,-2.5517029754011684
3,-2.3735249804634035,-2.3370258802352635
3,-2.8084360542881113,-2.4291824298843436
3,-3.086449942612389,-2.638642174835837
3,-2.0307346169761686,-2.515732162300142
3,-2.4205058365707792,-2.6391691820808894
3,-0.4957264992367225,-0.69904978582478
3,-0.3032628770962731,-0.24956025103765445
3,-0.4330536280883628,-0.26206928976201466
3,-1.438747391205414,-1.4909933415287613
3,-0.34145865271958975,-0.26677861107109635
3,0.08804493295993954,-0.10030475478268144
3,-1.3541084391474012,-1.2605962666008255
3,-1.3979400086720375,-1.4535138782222987
3,-1.3862016054007933,-1.4163701788573988
3,0.03959044503700948,-0.1318981441954726
3,-1.157607853361668,-1.2946132558179144
3,0.8694954079490973,0.2793468697077756
3,0.9951744561107096,0.2793468697077756
3,0.47856329638292383,0.3234823001177648
3,-1.3685816523588086,-1.2158870962001722
3,0.5440680443502757,0.6106286527744512
3,-1.1461280356782382,-1.2010377406111599
3,-0.9190101329859175,-1.269604520323355
3,-0.23856180154675855,-0.2352510726856024
3,0.0,-0.15265243165668757
3,-1.2350691190150194,-1.2441603054610268
3,-1.1856365769619117,-1.2829478001459458
3,-0.09691001300805624,-0.1487475897039034
3,-1.3041210726411228,-1.2938842790145086
3,0.0,-0.1050823995962559
3,-0.42596873227228116,-0.7410599787402385
3,-0.6320232147054057,-0.6013142617777476
3,-1.2427025566017047,-1.2793235894406108
3,0.20056502843888158,0.4369504791189395
3,0.8846065812979305,1.1655221561307207
3,0.9700367766225568,1.2213692670462293
3,0.0,-0.15064403344052033
3,0.0,0.28387875434080184
3,0.0,0.1772974920286747
3,0.0,0.2454973256312426
3,0.0,-0.3573770188541644
3,-2.005829543660724,-2.0251141034246465
3,-2.0425523506854635,-2.3751691905522976
3,-2.5060538173181506,-2.4636079075325807
3,-1.5492378443889558,-1.933065257328781
3,-0.15490195998574308,-0.3641350788715085
3,-0.15490195998574308,-0.12213456223213129
3,0.0,0.06141474078838705
3,-0.6658539941039692,-0.6149596917788331
3,0.45319267569014343,0.36830837162499114
3,0.014723256820706965,0.2213858891512193
3,0.3958163150421816,0.3855775667620903
3,0.15933357478481813,0.28833442887975674
3,0.0,0.07523801365828875
3,0.7347714789456772,0.19521733522807336
3,0.38945759571829885,0.38620722508931393
3,0.5208292648142576,0.2607621350756045
3,1.2397082152473793,1.0626905857985727
3,0.8639199713173529,0.6678797869680219
3,0.20985563495709947,0.34586937049099575
3,0.39538854403305557,0.3043860637916791
3,0.424029543381379,0.3239444831171658
3,0.0,0.1331632607282147
3,0.023675089903716362,0.34476490706745877
3,0.571379327328061,0.4505072967895836
3,0.5389186541454025,0.5053967559187158
3,0.2508049577803275,0.3812398078690544
3,0.0,0.020456068739070243
3,-0.8750612633917001,-0.7368865047017192
3,0.0,-0.2194876100041414
3,0.0,0.004871768130557808
3,-1.2230878217319043,-0.5003181276227907
3,-1.0,-1.1415005398936104
3,0.4056057432185165,0.7091170300739614
3,-0.09400502236464892,0.18511090028560173
3,0.17463880404736631,0.1912962396303727
3,-1.0351136194163244,-1.0675911046104634
3,0.0,-0.5927594014333581
3,-0.43933269383026285,-0.5576199627246379
3,-0.9200284089082231,-1.0375240225335869
3,-0.9542425094393252,-0.8366880192166576
3,-0.21075871684946446,-0.6539396896392222
3,-0.7596678446896306,-0.7302798412424196
3,-1.3424226808222066,-0.9309709759399059
3,0.10431404621996965,-0.45109085938853616
3,-0.5383909114585848,-0.6610564694814992
3,-1.740362689494244,-0.32901619532198173
3,-0.41017446508904953,-0.3844557935223799
3,-0.5460648041063507,-0.5492561343679545
3,-0.7533276666586115,-0.8012512024255014
3,-1.3010299956639813,-0.9325458855082591
3,-1.1505139038522927,-0.9354198438117867
3,-1.1505139038522927,-1.2931082986450655
3,-1.6989700043360187,-1.1999815660041409
3,-2.1505139038522927,-1.0296503421475294
3,-1.1505139038522927,-1.0928343484611707
3,-1.0,-1.0818923893714725
3,-1.3010299956639813,-1.0714198954969765
3,-1.1801596211900938,-1.2246439372919955
3,-0.4375066456660379,-0.6253497844833408
3,-0.6989700043360187,-1.071130697738612
3,0.1397698316532603,0.08993271020304895
3,-1.3441906747575478,-1.4587519763009598
3,-0.5198558016467656,-0.5719321551219614
3,-1.0007679833688323,-0.8716743926056426
3,-0.7792634007530115,-0.9367603092800897
3,-0.8903780214758052,-0.47053645059975535
3,-3.08795517035513,-2.9875819546009943
3,0.0,-0.06724350465043931
3,-0.23823916580452575,-0.3213558280476224
3,-1.8280647007154762,-1.3456360413438428
3,-1.9294189257142929,-1.712468841181956
3,-1.4593924877592306,-1.4391774210658341
3,-1.6264193371874072,-1.3444943217511138
3,-1.8692317197309762,-1.6693402246164613
3,0.9030899869919438,0.7090241534726778
3,-0.8251134420826896,-0.7234453857520253
3,-1.4372678984262883,-1.3322717918615987
3,-0.5336026106721103,-0.35439439821412594
3,0.0,-0.10677288724624638
3,0.0,-0.029118655623742253
3,-1.7269987279362624,-1.5987007154945567
3,-0.42596873227228116,-0.6903752482924247
3,-0.7269987279362624,-0.6500494757835245
3,-0.9222062774390167,-0.783161734319834
3,-0.8211858826088454,-1.4517177828041
3,0.43818045492417124,0.4192626654337774
3,-0.9957212020207251,-0.8499759733067205
3,0.6573413950487694,0.4732524964553104
3,0.18499212056651704,0.3128007725895393
3,0.18288786853376138,0.38422576803256836
3,0.5641359674050559,0.46364221029663627
3,-0.7403626894942441,-0.5601470857297837
3,0.3246679966354229,0.36087471964817674
3,0.7781512503836439,0.45462877023804454
3,0.30102999566398125,0.7193982423819548
3,1.0,0.3319147025964571
3,-0.34948628751527444,-0.18660778732775832
3,-1.0496419314221423,-1.246861344450986
3,-0.22184874961635614,-0.2698864948661569
3,-1.1186897873312986,-1.0148603674035175
3,-1.125806458139527,-1.1625293122380704
3,-0.865301426102544,-0.618279132839022
3,-0.29718097949306443,-0.3032968246811765
3,0.05368485896277697,-0.013356431152887866
3,-0.2304489213782741,-0.3185895421713981
3,0.06581728448964341,-0.14519164272261922
3,-0.08203605708217943,-0.25959069493276393
3,-0.045757490560674796,-0.02065347111644173
3,0.05115252244738144,-0.0016141294563842123
3,0.17609125905568135,0.02659357336324594
3,0.048304679574554754,0.08109565499366916
3,-0.10198953853733084,-0.16210406278268877
3,-0.06305174574708872,-0.037494281977440896
3,-0.4881678788616428,-0.5887057687769812
3,0.0,-0.5506084310557665
3,0.23888208891513685,-0.3428619736482931
3,-0.3330881015206941,-0.22079491906675675
3,-0.6020599913279625,-0.14638430805236322
3,-0.17574002911349673,-0.13780702153652624
3,-0.3357921019231931,-0.13198210503906266
3,-0.19964128268496673,-0.06876748557431077
3,-0.17609125905568135,-0.151054780292662
3,0.6687190734409958,0.6210401323879586
3,0.0,-0.008415881985689442
3,0.0,-0.05790186302602452
3,-0.6020599913279625,0.06670798341760197
3,-0.653212513775344,0.23750893076622936
3,0.5161539089494696,0.4455701972513525
3,0.6816274485899259,0.4635955095567377
3,0.0,-0.22860463313063614
3,-1.2002249387724007,-1.1606406008250678
3,-1.0889410833367812,-1.1743191639685895
3,-0.4210053127407303,-0.5063193638391827
3,-0.865301426102544,-1.376111904061091
3,-0.7608714329386874,-0.6283930984956322
3,-0.7403626894942441,-0.5673636835572795
3,-1.0667513375652513,-1.164673897702615
3,-1.1681223293844054,-1.1789343807975805
3,-1.2787536009528289,-1.4124369174369633
3,0.17567887514922909,0.458292729903914
3,-0.7403626894942441,-0.6791479653944275
3,-1.6434526764861879,-1.4363741411926338
3,-0.23855876556918343,-0.07363412132010337
3,-1.066946789630613,-0.5965941164250984
3,-0.955032854483477,-0.9120462746882076
3,-0.6434526764861879,-1.3780102060782087
3,1.6241101320710358,-0.10082550212654126
3,-1.5295824315748439,-0.8853893941530151
3,0.10319830233507865,0.391410606695422
3,-1.4149733479708182,-1.4032423602911457
3,-0.36408174141106997,-0.7040885036670312
3,1.6020599913279625,0.952366634990086
3,0.7403626894942441,1.0280103375649245
3,1.1962946451439684,0.7649110279197732
3,0.6989700043360187,0.7777824492317227
3,0.0,-0.05081599860837463
3,0.2683104668039187,0.3400231326017147
3,-0.44542775151412606,-0.6089440658160247
3,-0.3357921019231931,-0.2207831263706773
3,-1.089987216455599,-0.9652084143110542
3,-0.4375301220789325,0.15905200073381556
3,-0.960232873128513,-0.9823618759938039
3,0.0,-0.4330227037648124
3,-1.0,-0.3904464373743952
3,0.0,0.6364546735954599
3,0.653212513775344,0.48262043959725776
3,-1.318063334962762,-1.0855118736948963
3,-1.3539337079111249,-1.2853877733848682
3,-2.046512129294256,-1.6563480188861013
3,-1.365903776671729,-1.2893871360579943
3,-1.1249387366083,-1.0983214223108368
3,0.1294022340875074,-0.12120069827816098
3,-0.30102999566398125,-0.6049609871975872
3,0.13771302464472868,0.06745971756452813
3,-1.3979400086720375,-1.1290473538408152
3,0.0,0.4076443045417279
3,-0.728259380438006,-0.6277131008368175
3,-0.43933269383026285,-0.6042570786992472
3,-1.3979400086720375,-0.9646904723431072
3,0.4771212547196626,-0.3246176523055944
3,-0.3521825181113627,-0.7256951332820856
3,0.448794056252094,-0.07106463976260721
3,1.19755483358907,0.9212572995455645
3,0.9636548325559984,0.7164034836440385
3,1.0656225647827258,0.849052670474404
3,1.1578299420813645,0.7440611407825596
3,0.6757357240908215,0.7482368690569049
3,1.259844068177789,0.6220942796462899
3,0.27147475210226535,0.30590238551289056
3,0.45185636256515416,0.3870398138277966
3,-1.343781976084931,-0.9512148075055845
3,0.4610493196492511,0.6759984957757093
3,0.7191542243137574,0.7717635799856173
3,0.70351763208674,0.7912360487228577
3,-1.4983105537896009,-1.492185444778305
3,-1.0443762570945339,-0.8862008563205229
3,-0.5362030253104102,-0.5400358201316313
3,-0.4761902908435509,-0.6162058258629278
3,-0.7155010314710326,-0.740995482625666
3,-0.48783189575486574,-0.5623593941259064
3,-0.8311920126834114,-0.5772743982784168
3,-0.8826144012821455,-1.3391086364611184
3,-0.3309932190414244,-0.7358941722134698
3,-2.1692364124099317,-0.6890154215908008
3,0.1636739850503961,0.3428364776268335
3,0.0,0.35440593119915625
3,0.451927270561173,0.29822124377544484
3,-0.4375301220789325,-0.07875467640417777
3,-0.9652378937407882,-0.9551587056837492
3,-1.090176630349088,-0.7672279767053131
3,-0.6555043105549281,-0.7026498551832853
3,-0.8293037728310244,-0.8656217237327185
3,-0.500602350569185,-0.6771058442162876
3,-0.46797787527979207,-0.6796709865732596
3,-0.8450980400142569,-0.9232556001451718
3,-0.6557448502907386,-0.7623234126660142
3,-0.842392146638332,-0.8233052658458034
3,-0.7569619513137056,-0.6887090060046782
3,-0.7781512503836439,-0.9322080832245005
3,-0.9868385539420288,-0.738072982843065
3,-1.2932046581520247,-0.9559556512072855
3,-0.9234428977785232,-0.8953801959203789
3,-0.445712790468038,-0.8256810582283758
3,-0.795880017344075,-0.5736617088461834
3,-1.2477844837107561,-1.043167430138083
3,-1.207431011261928,-1.1177650926978078
3,-0.6917914197088955,-0.6981372043769258
3,-0.3099848383169075,-0.6147410417938497
3,-0.5698753079565613,-0.6736595299993879
3,-0.8702087605972881,-0.6759336056940208
3,-0.3979400086720375,-0.41696407877902913
3,-1.653212513775344,-1.653396323634985
3,-0.7403626894942441,-0.5463334542830939
3,0.0,-0.6597113363562336
3,-1.0,-0.37076502337741
3,0.0,-0.47415922706689856
3,0.0,0.1629734686844156
3,0.3979400086720375,0.8128148173355444
3,1.5228787452803374,0.5260446921557932
3,-0.5913361259361896,-0.7383721366278592
3,0.0433514207947967,-0.008670769621474133
3,-1.2314695904306818,-1.307711302207716
3,0.30102999566398125,-0.07734941577459127
3,-0.3494856763830949,-0.17594514911327075
3,-0.3494856763830949,-0.19985287305533547
3,-0.3494856763830949,-0.25081250022606505
3,0.38021124171160636,-0.1438887271738621
3,-0.38021124171160636,-0.11310635252250222
3,-0.3494856763830949,-0.3003149072217601
3,-0.09691001300805624,-0.33925829451217887
3,-0.09691001300805624,-0.572996960807173
3,-0.4375301220789325,-0.2134967912985146
3,-0.3494856763830949,-0.1304337922207754
3,0.0,-0.3187323959800618
3,-0.24303804868629442,-0.21059309277406232
3,0.625074354750077,0.4473372072700515
3,0.0,-0.1778439989264436
3,-0.7870157984620274,-0.471765533955181
3,-0.4375301220789325,-0.30393078844917126
3,0.0,-0.16426897098120294
3,-0.45154571957920364,-0.3766679607568766
3,0.011899223299707273,-0.01869907102366291
3,-0.3979400086720375,-0.08888516872466848
3,-0.3979400086720375,-0.24163899583347864
3,0.0,-0.1815250443993114
3,0.0,-0.141783252002942
3,-0.4375301220789325,-0.41772315492132894
3,0.0,-0.08400761988689029
3,0.0,0.005011934126961339
3,-0.4375301220789325,-0.3252454314952896
3,-0.4375301220789325,-0.3530885022254681
3,-0.3494856763830949,-0.36212367416028585
3,-0.4375301220789325,-0.4001589185209805
3,-0.4375301220789325,-0.13917423569311263
3,-0.19896832053217395,-0.09960875808284954
3,-0.3494856763830949,-0.22580591605068065
3,-0.19896832053217395,-0.08381615263949929
3,-0.4375318721122108,-0.21794250367641196
3,0.0,-0.14557905712706115
3,-0.23855876556918343,-0.2813785469365173
3,-0.4375301220789325,-0.2710440968410103
3,-0.4375301220789325,-0.3812632067019745
3,-0.7870157984620274,-0.21791899503886
3,-0.4375301220789325,-0.20449668715350455
3,-0.6020599913279625,-0.1292650292042728
3,-0.34948420103163524,-0.160973058741372
3,-0.19896832053217395,-0.05369903990992078
3,-0.23855876556918343,-0.22050229453309922
3,-0.389077352590518,-0.11594087950175702
3,-0.23855876556918343,-0.10606892454815395
3,0.0,-0.13530777181330705
3,0.0,-0.1894736171646161
3,0.03959044503700948,-0.13464819760729488
3,-0.3098941018406549,-0.21030689459189256
3,-0.8266064438386556,-0.45108099200495405
3,0.30102999566398125,-0.1660270514576788
3,0.04845513955992686,-0.19029633603835547
3,-0.08804493295993954,-0.07577985307082362
3,-0.4375301220789325,-0.028600286481220375
3,0.0,0.0803976901806672
3,-0.3494856763830949,-0.27037522062962
3,-0.4375301220789325,-0.0176784557923167
3,-0.7870157984620274,-0.6024526537646608
3,-0.3979400086720375,-0.2669270916834693
3,-0.3979400086720375,-0.16008085928913146
3,-1.1962946451439684,-1.15421895004075
3,-1.0,-1.1628396699982289
3,-1.346787486224656,-1.1941973199764162
3,-1.8698833244772235,-1.3524727422585088
3,-0.6989700043360187,-1.4690614549458485
3,-1.7781512503836439,-1.3110464256482115
3,-1.7781512503836439,-1.34643495417409
3,-1.4738799660368604,-1.3284691443750296
3,-1.6989700043360187,-1.3327668812644007
3,-1.740362689494244,-1.4497649472534067
3,-1.6989700043360187,-1.486315833485593
3,-1.2552725051033065,-1.386031572060257
3,-1.3832167518513314,-1.4295648993655572
3,-1.4913616938342722,-1.506472393701641
3,-1.8061799739838875,-1.4139282532278825
3,-1.361727836017593,-1.340743804677
3,-1.3374592612906557,-1.4724802689856933
3,-1.3489535479811643,-1.3598506136717754
3,-1.6368220975871743,-1.3940094176671345
3,-1.4722687519252506,-1.3466529214778842
3,-1.3869446243705745,-1.3926878376552154
3,-1.113943352306837,-1.37327835885041
3,-1.1249387366083,-1.3633400038472017
3,-1.0,-1.315419300994234
3,-1.0969100130080562,-1.364324429359158
3,-1.1499884564914762,-1.210486856243647
3,-1.3010299956639813,-1.2615726424814289
3,-1.4771212547196626,-1.2206871304786058
3,-1.2787536009528289,-1.280209912965875
3,-0.9467544880467749,-1.2035795205993003
3,-1.4259687322722812,-1.2288260097856856
3,-1.3726051894766655,-1.2691959068691452
3,-1.3276994240014997,-1.2986012539174374
3,-0.8846065812979305,-0.7010776497716289
3,-0.9232082756993556,-1.0616181236898572
3,-1.1663314217665253,-1.2473311583438087
3,-1.3010299956639813,-1.0413756593572345
3,-0.42596873227228116,-0.8034646518725822
3,-0.5228787452803374,-0.7473464756484033
3,-0.8218497723919924,-1.0761699276847723
3,-1.3769086061615203,-1.2770291578895216
3,-0.963147274896242,-1.1169551915264397
3,-0.8635031026969804,-0.9530676714201428
3,-1.4863861882411777,-1.232057048327233
3,-0.661713993460503,-1.444809009157456
3,-1.2037419073682978,-1.5721125594248226
3,-1.6761217932395551,-1.62329546041837
3,-1.4987698816821302,-1.55601426133462
3,-1.7745169657285498,-1.5364709020631155
3,-1.480881403592969,-1.5321546907380983
3,-1.5028380383052404,-1.2724012417654873
3,-1.2478509382615277,-1.312793424988714
3,-1.548650858090097,-1.4152572354071138
3,-1.3798355303350363,-1.4557514880651115
3,-0.9661417327390325,-1.6043429578879245
3,-1.5228787452803374,-1.6439225080679514
3,-1.7558748556724915,-1.5154088359763676
3,-1.6320232147054057,-1.5090076319098376
3,-1.7781512503836439,-1.5562216891951266
3,-1.3862016054007933,-1.5354099780395511
3,1.2502571681130155,0.8759287394056353
3,0.18047450544588006,0.20122091951007387
3,0.26619901390198386,0.3163649179870873
3,-0.014459282395584694,0.09599824860701975
3,0.8981814186151089,0.6354849078476009
3,0.18347207737417293,0.1981266138219194
3,0.5983321188087194,0.3468902338419602
3,0.054303400524028156,0.23367128990970337
3,-0.09005152751604584,0.10158943855697647
3,0.501267424470992,0.34021760827094183
3,0.24162739779117715,0.26293180413215644
3,0.2353756021490181,0.33693748046924804
3,1.2850569696875684,0.9459604262708864
3,0.5976358520105602,0.7130216910287044
3,-0.04778894189133087,0.2567009104197029
3,-0.8750612633917001,-0.3797866901300406
3,-0.6020599913279625,-0.2016827202330768
3,0.0,-0.05579244855333314
3,0.0,-0.2198575687516563
3,-0.3494856763830949,-0.31231589414502614
3,-0.45154571957920364,-0.30693621239482016
3,-1.310370021918124,-0.6948892860134306
3,-0.3651474952757301,-0.37526522857303735
3,-0.8522634644019309,-0.7666394901826102
3,0.9129723757621191,0.29915643224653354
3,0.6857670331351287,0.8758667628158269
3,0.7284446902292494,0.5970406243166064
3,0.4151420387796598,0.2901105708025545
3,0.14304465902613295,0.5286851034925103
3,0.3672038743416062,0.14137261358304537
3,0.6805956007997604,0.2361167381459191
3,0.7043325400962628,0.30569718202314095
3,-0.8129133566428557,-1.0295827841682372
3,-1.2430380486862944,-1.2300545383114119
3,-1.0248235837250323,-0.7913352696466511
3,-0.09691001300805624,-0.5499638329556334
3,-1.3222192947339186,-1.222009844912307
3,-1.8512583487190746,-1.7343052665259828
3,-0.5544777313520406,-0.6892149438343458
3,-1.3631779024128257,-0.7045808574815041
3,0.2632414347745815,0.12943514858884822
3,-0.07463361829690385,0.31439390043590654
3,0.2596373105057559,-0.06707965169250282
3,-1.1383026981662816,-0.9613488523914543
3,-0.5228787452803374,-0.6562728389600767
3,-0.6847295652214083,-0.8855075819962209
3,-1.0616905138872896,-0.7265506502516191
3,-0.9868927245113239,-0.8090410757664863
3,-0.3215516628085835,-0.28954138530457696
3,-0.4988405044128985,-0.5300603988175482
3,-0.59633038992206,-0.393387819966696
3,0.28222643184127527,-0.49355473621517576
3,-0.71213145039399,-0.653056108438669
3,-1.1055101847699733,-0.8408261985735915
3,-0.6966371725035474,-0.8295967462022381
3,-0.8283178598493732,-0.8163635663311165
3,-0.5228787452803374,-1.409788176258082
3,-0.8628809888076958,-0.8068596327872228
3,-0.939135091176583,-0.6844097964997466
3,1.9138138523837167,1.924560405519592
3,1.359021942641668,1.1733618094053002
3,1.3010299956639813,1.3317106402647798
3,-0.7533276666586115,-0.9244854221061964
3,-1.204119982655925,-1.2787641859100027
3,-1.4393326938302629,-0.9202940542639054
3,-0.9777236052888476,-0.9984272679903233
3,-0.8239087409443187,-0.9837667033015117
3,-1.0,-1.0900467742480413
3,-1.4819201376014313,-1.8112275974174548
3,-1.6127838567197355,-1.8061748635877524
3,-1.0211892990699383,-0.738126630999497
3,-0.8450980400142569,-1.0449781712185762
3,-1.4471580313422194,-1.2080306108866814
3,-0.8450980400142569,-1.0802808204759098
3,-1.6901960800285138,-1.1327954065523604
3,-1.4065401804339555,-1.4464135793829975
3,-1.423245873936807,-1.4111942775299504
3,-1.2552725051033065,-1.2488118179150494
3,-1.2552725051033065,-1.2922841388931001
3,-1.5440680443502757,-0.6299968845941215
3,-1.871183608328498,-1.4765503768133834
3,-1.5314789170422554,-1.596003989086599
3,-1.955206537541942,-1.4280794797738643
3,-1.9934362304976112,-1.5622599653670335
3,-1.0,-0.49709542954477776
3,-1.0,-0.7976021793383009
3,0.11159708901596588,0.808471314154643
3,-0.8224489261852765,-0.9935328475091617
3,-1.1393684520309417,-1.411461992550719
3,-1.3620182368855867,-1.2826213506976876
3,-1.0,-1.411461992550719
3,-1.277548899814458,-1.2826213506976876
3,-1.995279361327416,-1.482212783350755
3,-1.0102191651816854,-0.951328490664859
3,0.0,-0.6755753816078405
3,0.0,-0.045144746725068054
3,-1.0,-0.8291926111986272
3,-0.9912260756924951,-0.9212361378978079
3,-0.7596678446896306,-0.7933773007218388
3,-0.3979400086720375,-0.7029027772693225
3,-0.4771212547196626,-0.9352111647180027
3,-0.8195439355418692,-1.0539476321527486
3,-1.0700378666077546,-1.0618630105941487
3,-0.9777236052888476,-1.0097049880407964
3,-0.5331418207276597,-0.7925041937215377
3,-1.0969100130080562,-1.0021407021484783
3,-0.9030899869919438,-0.925168814382338
3,-1.0,-0.8004885779112025
3,-0.7649984701971482,-0.5635870869377116
3,-1.4161237976022498,-1.2156655709059245
3,-1.4425378337054742,-1.228113858899481
3,-1.24177739618455,-0.9006213357267812
3,-1.4281347940287885,-1.2703984899036653
3,-1.4149733479708182,-1.1616242680579567
3,-1.6993646381495449,-1.3276091352242216
3,-1.3350882209232404,-1.282707002254341
3,-1.4592884775846455,-1.319180171673286
3,-0.5696265473873332,-0.7251396621451753
3,-0.5056147129623305,-0.7429114685898345
3,-1.1205739312058496,-0.9993405592335322
3,-0.9731278535996983,-1.0290514489416034
3,-1.0922526548953835,-1.175040213046798
3,-1.6872316010647745,-1.1331091161495221
3,-0.9700367766225568,-1.0539230311938625
3,-1.079181246047625,-1.0680542855415642
3,-1.113943352306837,-0.9786455248889244
3,-1.1026623418971475,-1.2467365005724274
3,-1.1635021317476602,-1.2008700844923619
3,-2.079181246047625,-1.851951634525863
3,-1.5051499783199063,-1.1094357805096953
3,-1.7501225267834002,-1.5400787995072087
3,-0.8239087409443187,-1.0301013062684117
3,-1.4973246408079497,-1.3571328286034758
3,-1.5177391056279266,-1.2281442095046022
3,-0.7276151857855488,-0.6544732694883336
3,-1.0,-0.9240032726797369
3,-1.0969100130080562,-0.9476172332732236
3,-1.0,-0.9298619917843383
3,-0.9488474775526186,-0.7790640089232491
3,-0.28523572848074874,-0.9134461765654186
3,-0.32658410013636985,-0.8474236324477619
3,-0.3357921019231931,-0.6768407248457977
3,-0.7380340271756607,-0.8860588436091246
3,-0.6020599913279625,-0.652389693547538
3,-0.7569619513137056,-0.7244445047497555
3,-0.9700367766225568,-0.749943542667061
3,-0.1733929190978749,-0.4647965497882423
3,-0.3099848383169075,-0.4363576058226801
3,-0.6709412807357751,-0.5678322689127557
3,-0.48666657262589297,-0.5191650226779218
3,-1.1268732363854994,-0.8158718229783506
3,-0.49600659888003573,-0.4186143104885414
3,-0.3949397456653134,-0.38014058998586475
3,-0.5011594955871015,-0.40083255027753645
3,-1.0644579892269181,-0.8289572857934209
3,-0.3752760240360935,-0.809703557173754
3,-0.11650556907143717,-0.5340475059972074
3,-0.804386601241843,-0.5086164359251424
3,0.0315170514460652,-0.6226440333463199
3,-0.9274493328513884,-0.5321066165184085
3,-0.8519374645445623,-0.969725048078971
3,-1.1012313867906984,-0.8828974262344471
3,-0.41318565910805827,-0.5015428345300311
3,-0.8492146062090891,-0.6444828139396677
3,-0.6924391371770602,-0.7050459625137484
3,-0.5473212017479971,-0.7949528996225405
3,-0.6357431045305342,-0.9584187722415947
3,-0.795880017344075,-0.7843391623330247
3,-0.6989700043360187,-0.8358912188456165
3,-0.8260748027008269,-0.8569441759548019
3,-0.3579996169848032,-0.2984037509241169
3,-1.1890562362200487,-1.0355451454075404
3,-0.8450980400142569,-0.9395591884261526
3,-1.3010299956639813,-0.8550574143292097
3,-1.3010299956639813,-1.0970218959913134
3,-1.4933584535903481,-1.0088571895191478
3,-1.079181246047625,-1.1443080131893129
3,-0.8860566476931631,-1.0123198464846377
3,-1.3735806628125928,-1.5041436758690878
3,-1.5642714304385628,-1.5377363294527981
3,-1.7160033436347994,-1.5466444293283752
3,-1.3010299956639813,-1.279035591069968
3,-0.8450980400142569,-1.2557299625730587
3,-1.0377885608893997,-1.3451435231353102
3,-1.5228787452803374,-1.2724993708515313
3,-1.010723865391773,-1.0100571045703384
3,-1.0413926851582254,-1.0879934255089605
3,-1.3802112417116064,-0.8404603964193879
3,-1.0,-0.8010035356160334
3,-0.7611179110848632,-1.410061750910134
3,-1.3565473235138121,-1.365758575478901
3,-1.3010299956639813,-1.4954826332658717
3,-1.3010299956639813,-1.532632691042368
3,-1.6020599913279625,-1.5652937144408545
3,-1.5994358475018133,-1.4635504806179673
3,-1.5468790216841048,-1.5152157498158902
3,-0.8381491800589291,-0.9656694625907437
3,-1.1760912590556813,-1.1897407723839746
3,-0.7569619513137056,-1.1324024512631405
3,-0.770033360161464,-1.1733097934932206
3,-1.436692597664054,-1.3863912383313635
3,-1.6575773191777934,-1.4247243432049514
3,-0.9110589166632197,-0.8077360971575159
3,-0.5772364076029302,-0.6727000351966332
3,-1.1850461017086076,-1.0114999249462477
3,-1.0321846833714012,-0.9431865010811914
3,-0.9542425094393252,-0.7905773639180521
3,-0.9440712135860867,-0.6731453500736234
3,-0.5402528413497603,-0.6864543426127487
3,0.5947607525864633,0.4937331453802842
3,-0.3979400086720375,-0.2678700253539599
3,-0.7119349815003861,-0.7333425798906292
3,-0.5479894658633686,-0.13957476948741784
3,-0.1249387366082999,-0.12677781106305247
3,-0.17016627654567706,-0.1689296174145598
3,0.0,-0.10785353234416113
3,-0.558351063442557,-0.764436898686983
3,-0.41841559438183484,-0.5229090605280546
3,-0.15490195998574308,-0.1351229537650175
3,-0.15490195998574308,-0.1713905689107845
3,0.0,0.008140600826929934
3,0.0,-0.03400550878579801
3,-0.7708520116421447,-0.9209322916734695
3,-0.8086687743875824,-0.8049930224935463
3,-0.5606673061697371,-0.8049930224935463
3,-0.3979400086720375,0.2367345110383466
3,0.4771212547196626,0.9171477929003907
3,1.0910804693473324,0.9540139168500821
3,1.2787536009528289,0.7030644061577632
3,0.0,0.028021249230383134
3,0.0,0.0016537910982237847
3,-0.7509990043400281,-0.9839482484834218
3,-1.0713559085356685,-0.7844466593211137
3,-1.0289636959353174,-0.8252808774154481
3,-0.8750612633917001,-0.9572101833912228
3,-0.9692196654089775,-0.7085414501637188
3,0.0,-0.5119510593563945
3,0.6690067809585756,0.7260395714601744
3,0.8750612633917001,0.6824458534168903
3,0.9281179926938741,0.7053074050938319
3,-0.22184874961635614,-0.8680795758281878
3,0.0,-0.34638657191268785
3,-0.9119546794676916,-0.5123494334027786
3,-0.8890752499668562,-0.6900004651708642
3,-0.22184874961635614,-0.7427442614847604
3,0.0,-0.5144335238896094
3,-0.5565946956038967,-0.3899406466514265
3,-0.5246297603136751,-0.36906874461792927
3,-0.2263963773670774,-0.554505182545789
3,-1.0969100130080562,-0.6973006558414974
3,-1.1818435879447726,-0.7394804418925252
3,-0.7670858242334839,-0.6671423022794017
3,-0.6941175015416068,-0.7627785070996742
3,0.026714669702411875,-0.1664291583898011
3,-0.042146450719561024,0.0924291795018583
3,-0.8543441617725991,-0.7681682018246593
3,-0.8379194553871336,-0.6502584642301013
3,-0.15970084286751174,-0.6359881163387369
3,-0.6585413472804102,-0.711111154522683
3,-0.5301779840218366,-0.577865183541072
3,-0.3716110699496884,-0.5532156060339833
3,-0.6320232147054057,-0.6074554123157533
3,-0.3777366225837504,-0.5215871329664515
3,-0.034762106259211834,0.11265454436619354
3,-0.7191733904243058,-0.5843552574708967
3,-0.43572856956143724,-0.6514850607638525
3,-0.5228787452803374,-0.39202420547839234
3,-0.29299404006743934,-0.42784434807834826
3,-0.8545395962470979,-1.032234689940167
3,-0.7993405494535821,-1.0015807465660198
3,-1.0511525224473814,-1.108888980605342
3,-0.7626390842053965,-0.8139292816708091
3,-0.5563025007672868,-0.7978040279696264
3,-0.6434526764861879,-0.6844952146211188
3,-0.7873919071185558,-0.5622623206001802
3,-0.1439065756842801,-0.6292993597002335
3,-1.42142110452156,-1.160416786219698
3,-0.7388415163737116,-0.6616460676206297
3,-0.5470124249970567,-0.5130880954529197
3,-0.7569619513137056,-0.8384781298106165
3,-1.079181246047625,-0.9129487275322967
3,-0.8065288404555222,-1.1544509035627781
3,-2.0413926851582254,-1.4843826142648069
3,-0.6225816584725639,-0.64678509413984
3,-0.595429412428949,-0.5774031919566016
3,-0.31742041185215,-0.6327097026923082
3,-0.3129292189636885,-0.6458729454858946
3,-0.8291099346301269,-1.314829947147989
3,-1.1938200260161125,-0.7780922067488086
3,-0.5289528929925318,-0.7929499259002187
3,-0.32330639037513365,-0.5509827350025249
3,-0.3419886033428874,-0.6359973481306771
3,-0.38997107900076156,-0.5192332937175209
4,-0.5290390539851559,-0.5878472145746143
4,-0.7439371498525418,-0.7345614611150078
4,-0.5228787452803374,-0.6689775493529324
4,-0.1870866433571443,-0.19814656570188155
4,-1.2332782113971374,-1.3580891754016435
4,-1.7318572625565913,-1.2199997410312355
4,-1.2928096654172903,-1.2623231089423488
4,-0.9829666607012193,-0.505648945723498
4,-1.5543957967264026,-0.9044630984954394
4,-1.0441226751758466,-0.9014598967089943
4,-0.18298277912757221,-0.13098991340134525
4,-0.1797179563893998,-0.21207185525670663
4,0.0,0.0543342950033813
4,0.7519810160233398,0.3615079001245074
4,0.8322608153090849,0.3588641166416129
4,0.0,0.0023855876556918344
4,-2.002705893375925,-0.7177966489716594
4,-1.0,-0.47153383105694857
4,-0.671257016468986,-0.6743137903836746
4,0.13214362297518534,0.24982497602771297
4,-2.4569178686313755,-1.9090983140529831
4,-1.2382391658045258,-1.2523018851597258
4,-0.9303640718586061,-1.131225393485502
4,-0.1367931572585741,0.04705830002514702
4,-1.332438459915605,-1.2047466580058905
4,-0.6780360975003754,-0.9500685462977387
4,-0.4175355647354184,-0.4591137497012655
4,-2.5051499783199063,-2.100442392727292
4,-0.9033833301181948,-1.1497867787062146
4,-0.3646990755333581,-0.5209566969035769
4,-0.8450980400142569,-0.5044360540091746
4,-0.4771212547196626,-0.8200649932082961
4,0.0,-0.7632377784747617
4,-1.3847117429382827,-0.8722038876720802
4,-0.14709636268341697,-0.23887341485933786
4,-0.19957235490520375,-0.34556841734217647
4,-0.338818556553381,-0.44238566031403725
4,-0.4771212547196626,-0.4084041594169119
4,-0.034762106259211834,-0.04323367450554608
4,-1.2552725051033065,-1.561133474507825
4,-0.7869251746911488,-0.7231367607936261
4,-1.7795964912578244,-1.418244708273766
4,-1.1760912590556813,-1.1417496110562366
4,-0.3679767852945943,-1.0662056867809369
4,-0.30102999566398125,-0.968449081465727
4,-0.4884349200774407,-1.0720660054558733
4,-1.433434301963639,-1.089690313824268
4,-1.431363764158987,-1.258191627509063
4,-1.7652959296980564,-1.3166922334818412
4,-1.2261701233989983,-1.4067114697037717
4,-1.3449848975868068,0.051019594967986956
4,0.09311702399091715,0.01489187272873445
4,-0.1433186148870309,-0.4512288604872471
4,-1.0116857583251946,-0.5576771872131888
4,-0.19904045712664953,-0.2978031926310775
4,-0.20411998265592501,-0.3647136696501738
4,-0.2833012287035501,-0.3384152072222302
4,-0.28254658996996795,-0.7744030212843417
4,0.04139268515822536,-0.15723245487277804
4,-0.12057393120585047,-0.2515062602905894
4,-0.5034501934420117,-0.5381042511955326
4,-0.46488679830265056,-0.7822687080889413
4,-1.1064553309142866,-0.4427564394243392
4,-0.9138138523837167,-0.9013632294246186
4,-1.0690809191432988,-0.9073374220450404
4,-1.3152704347785908,-0.9756494470345973
4,-1.0703799654690078,-0.7308555568161229
4,0.02996322337744317,-0.10699913589958843
4,0.09691001300805624,-0.09619422279752778
4,-1.3473300153169498,-1.316452355291635
4,-0.9731278535996983,-0.585829619488552
4,-0.7501225267834002,-0.6864508604963386
4,-0.5514482552146358,-0.48826171194112034
4,-0.17512315178277404,-0.46534768845899693
4,-0.17609125905568135,-0.4052217702015013
4,-0.25527250510330646,-0.4020853173393127
4,-0.4771212547196626,-0.5022809097644718
4,-0.6115358832118396,-0.8771090964677635
4,-0.7367585652254185,-0.6524722284206387
4,-0.41325676675614353,-0.5236761317873426
4,-0.338818556553381,-0.307745633022555
4,-0.39280036901962667,-0.34420980246487565
4,-0.40414195383817475,-0.2496659259094779
4,-0.30102999566398125,-0.13193134553999492
4,-0.44090908206521817,-0.20992699044649554
4,-0.31361912297200156,-0.2764824019928924
4,0.1014576407587775,-0.17767345592374184
4,-0.5642714304385628,-0.30515360646161577
4,-0.41912930774197577,-0.3496905422824889
4,-0.5265715825475104,-1.124805381203149
4,-1.5797835966168101,-1.5332906307383658
4,-0.8166095022028195,-1.058006469006054
4,-1.0211892990699383,-1.256545753088333
4,-1.249198357391113,-1.6250015934159856
4,-1.3324384599156058,-1.3863760474330198
4,-1.3222192947339195,-1.3954261468630327
4,1.0,0.579150249026469
4,-1.2769917547965424,-1.1734434413941148
4,-0.23408320603336819,-0.7397754039386065
4,-0.15490195998574308,-0.08240185990864454
4,-0.15490195998574308,-0.14311940649510618
4,-0.15490195998574308,-0.22670628397954293
4,-0.5464143572130373,-0.5199535163030358
4,-0.8450980400142569,-1.217855110189998
4,-1.5498819796628904,-1.5349286144824106
4,-0.8004276450947962,-0.464313986429174
4,0.009651385676180624,-0.24694972547640545
4,-0.23303291656887026,-0.3779560739725127
4,-0.31626996222071835,-0.3485356349582805
4,-0.4375301220789325,-0.16078773735879864
4,-0.9777236052888476,-1.206196939923099
4,0.15381486434452896,-0.17509946613285265
4,0.0,-0.21042067836548742
4,-0.06685308651808874,-0.08484992974258532
4,-0.330413773349191,-0.35390558758327656
4,-0.5228787452803374,-0.6628494292443006
4,0.0,0.05956394113812026
4,-1.0,-1.4703198359143967
4,-0.8056199552320082,-0.412255946131586
4,0.0,-0.0505626624510405
4,-0.21329251923852954,-0.4094492422653152
4,-0.1839883267857534,-0.28560651505201745
4,-0.6644710271256944,-0.22789902244329682
4,0.0,-0.18120518584163897
4,-0.9432471251378614,-1.1622359495863588
4,-1.0,-1.097128642473419
4,-0.6451393984881904,-0.5387062943752271
4,-0.6005039363422631,-0.561514018370307
4,-0.5668556299573106,-0.5417383295031879
4,-0.7822037943948406,-0.6787163192478429
4,-0.9864663590173546,-0.8711699950534348
4,-1.0780886807370527,-0.9215247944527372
4,0.0,0.012950808288987465
4,-0.7447274948966935,-0.579606938703637
4,-0.8372727025023003,-0.8092777888725294
4,-0.5797835966168101,-0.39027332443989365
4,-0.29082294328872216,-0.12850778252557016
4,-0.5676910896966998,-0.644436991385664
4,-0.1760901421709571,-0.2088921326424135
4,0.2976264769925141,-0.13567395538243088
4,-1.4191293077419758,-1.3155621181241457
4,0.13797879622796838,0.3127039934017499
4,-0.5630018391753735,-0.5130514594787926
4,-1.3873898263387296,-1.4829240862699777
4,-0.4592806758172898,-0.4109882817343333
4,-0.5880466034577374,-0.39325620848475884
4,-0.3864601909886076,-0.47167506915658797
4,-0.30102999566398125,-0.4646797122853333
4,-1.7883704155653293,-1.6836695417318626
4,-0.8908555305749326,-0.7949235758011115
4,-2.079181246047625,-1.9775941389520657
4,-1.3222192947339195,-1.6187216065006296
4,-1.6478174818886373,-1.6418939231486
4,-0.7426789322214251,-0.7949659528496358
4,-0.37911315141255475,-0.29700642381117803
4,-0.6989700043360187,-0.6232232990764096
4,-1.3222192947339195,-1.7202000681904925
4,-0.41017446508904953,-0.5932132646959414
4,-1.3424226808222066,-1.2779678157472816
4,-0.7781512503836439,-1.1208631384311531
4,-1.2604121447557173,-0.7884872430219301
4,-0.30102999566398125,-0.28259337023300884
4,-1.3010299956639813,-1.635444276893712
4,-0.2325726150081291,-0.06879296140295066
4,-1.5096504795465817,-1.504635174639552
4,-0.6901075211259622,-0.16160887053829498
4,-0.7717511358193772,-0.41258743377515883
4,-0.45229767099463025,-0.678622687587884
4,-0.3532285486607716,-0.23384993539196772
4,-0.5234987817733794,-0.5414892657378172
4,-1.7853298350107671,-1.5868263547968662
4,-1.2039547801153212,-1.066100934257507
4,0.5521687110873836,0.735694431507033
4,-0.8509669736783545,-1.0863639973185282
4,-1.3687516195445548,-1.30798489950983
4,0.0,-0.009030899869919437
4,0.0,0.004518563625651542
4,0.0,0.0
4,-1.1760912590556813,-1.407148098036153
4,-1.3977531751643584,-1.345710136323927
4,0.15841180143105582,0.018789727501081606
4,-1.7734729881058726,-1.3586197845283527
4,-0.5901452216989629,-0.6147010032627088
4,-1.3881801713828814,-1.3945103874871887
4,-1.0,-1.099344460965013
4,-0.363476284067918,-0.24196452939254434
4,0.432627035929956,0.0356876860288398
4,-1.296513894499017,-1.2628968830830345
4,-0.4704906758206491,-0.3525715787287962
4,-0.15970084286751174,-0.46778271922175785
4,-0.2457271871970752,-0.16039234817991185
4,-0.2604121447557173,-0.3394073578562248
4,-0.8684581793160246,-0.6836205715350957
4,-0.4375301220789325,-0.5476046447349655
4,-0.7364746198201395,-0.7444873105558537
4,-0.8263148107101967,-0.7300082444371828
4,-0.653212513775344,-0.5773202583950364
4,-0.6744018128452813,-0.6092471386031116
4,0.22892721677880523,0.6687733094039042
4,-2.0465761420413546,-2.1002996532623555
4,-0.6320232147054057,-0.6979848069987059
4,-0.5274263730310587,-0.6876729245956906
4,-0.6368220975871743,-0.4826353658436333
4,-0.9693311802335476,-0.8140740522234564
4,-0.7094354380141841,-0.5270943006295538
4,-1.0248235837250323,-1.1966732996486737
4,0.1269361523324415,-0.12240256112905457
4,-0.7481880270062007,-0.6323077241395777
4,0.1845244265925441,-0.20571078700513518
4,0.058942442808219475,-0.13881048720104305
4,0.03799098199858886,-0.1411767941872915
4,-0.6860692196899709,-0.5472832618839046
4,0.0,-0.0383954268103151
4,-0.22902919426901924,-0.5122887128411093
4,0.795880017344075,0.9707677105005872
4,0.0,0.0
4,0.7403626894942441,0.13326528410896393
4,-0.9384482422560927,-1.1082829781792334
4,0.0,-0.16873883039082038
4,0.0,0.0413369168300953
4,1.0,0.12928253335414494
4,0.0,0.5825964820367766
4,0.7403626894942441,0.048509843930982156
4,0.0,-0.3277516811254235
4,-1.1505139038522927,-1.4707436451040758
4,-1.0,-1.2643114363545742
4,0.0,0.19714191305675416
4,0.5228787452803374,0.9327482839732792
4,-0.42527992248172986,-0.6820007352566835
4,-1.281790637678311,-1.2371063300565
4,-1.8211858826088445,-1.271409386230807
4,-1.074000733543845,-1.1908960524497134
4,-2.9475351254323376,-2.734304487263169
4,-2.6106601630898796,-2.5178909866073425
4,-1.8477116556169433,-2.1883468253887175
4,-0.7006057670302788,-0.6816468374241235
4,0.6066883955100337,-0.07073826805633521
4,0.10067016188136257,-0.35297933037416485
4,-0.5456835247569929,-0.6874090689739668
4,0.0,-0.17008352768602658
4,-0.9030899869919438,-0.8187898174912351
4,-3.137775961313472,-2.9889334793585824
4,-2.8456774857064904,-2.7190267503707934
4,-1.9355420107730819,-2.3907692554932867
4,-3.1303337684950057,-2.8413387347969588
4,-2.446673056996006,-2.7029206588727375
4,0.0,0.019493307412806322
4,0.0,-0.001249387366082999
4,0.0,0.0
4,0.0,0.0790015795229621
4,0.0,0.0
4,-0.7403626894942441,0.0
4,0.0,0.0832230381735782
4,-0.7008541482105697,-0.6633956209469547
4,-0.5314789170422554,-0.6291766019824234
4,-0.2181760471203864,-0.6342526856027149
4,-0.6307051727774926,-0.6548640139476091
4,-0.6337032728234266,-0.7244671883486558
4,-0.6838186602633982,-0.7268281389335891
4,-0.7601281462503708,-0.45250443150865344
4,-0.644612342013426,-0.6743924484388188
4,-0.6892101670468618,-0.4328496084448723
4,-0.70351763208674,-0.7160793024808726
4,-0.6670524969077736,-0.7163552433657077
4,-0.8029748341086753,-0.7345094421299753
4,-0.5488575876661921,-0.5118739039193784
4,-0.6916707655945196,-0.6670817389233573
4,-0.7303784685876433,-0.6010122810878763
4,-0.5760234477435038,-0.5022452730686637
4,-0.3708529182030551,-0.42781830102540097
4,-0.8357691602338235,-0.6331920344495903
4,-0.134698573897456,-0.25043448018967956
4,-0.57945220058249,-0.2831601970572437
4,-0.6989700043360187,-0.5964569267454983
4,-1.1461280356782382,-1.2848243811572437
4,-1.2552725051033056,-1.2392070660908545
4,0.7738298766010017,0.8357675328160395
4,-1.3010299956639813,-1.2468245836816838
4,-1.0,-1.1443094179827724
4,-1.3010299956639813,-1.096576562470096
4,0.7708735973913923,0.28365259372386226
4,0.5178506777497747,0.5828489836092426
4,-0.7403626894942441,-1.0588601853016484
4,-0.3494856763830949,-0.17543866073356218
4,-0.6110148339808887,-0.3051649673202942
4,-0.20647388804940192,-0.31169862505920476
4,0.023481095849522404,-0.3058289004899417
4,-0.09426991684184749,-0.41801167564527636
4,-1.3853508813640172,-1.5062902865329002
4,-1.1249387366083,-1.5567894427421225
4,-0.6963823433623775,-0.6399904672387479
4,-1.0362121726544444,-0.8113972394223432
4,-0.10178430078313117,-0.2959056078810011
4,-0.1938820458332895,-0.31001742523958065
4,-0.9005771864510876,-0.6667445050905582
4,-1.64777405026883,-1.3951739622361654
4,-1.2331297600260456,-0.6061915132867199
4,-0.4375301220789325,-0.5254718033191669
4,0.4149733479708182,-0.12166951886052113
4,-0.21170911826547645,-0.31848842941127986
4,-0.7439371498525418,-0.4301676621696262
4,-0.9911365396686938,-0.6911378004458348
4,-0.7533276666586115,-0.7284503406177172
4,-0.5593080109070119,-0.8464903915044525
4,-0.20411998265592501,-0.5749897359428684
4,-0.6154239528859442,-0.561793569768403
4,-0.9145698046753736,-0.5837129880139268
4,-0.42596873227228116,-0.9646068501559222
4,-0.8353382027251008,-0.4235404696499217
4,-0.338818556553381,-0.5175283105660122
4,-0.5554079701072574,-0.5870235670010893
4,-0.6557448502907395,-0.6817467297160222
4,-0.6464409530598338,-0.6291432502203973
4,-0.06694678963061307,-0.4977726230933691
4,-0.383699569557427,-0.32770633071349825
4,-0.32658410013636896,-0.4114638188112771
4,-0.3120253799654442,-0.562575526258012
4,-0.4771212547196626,-0.4811799220415458
4,-1.3256524705723134,-1.4143164011720606
4,-1.3601514477826377,-1.4435607476254078
4,-0.7337321105952306,-0.9348457376262164
4,-1.204119982655925,-1.178796075142355
4,-0.5963076624388712,-1.1461379817839754
4,-0.11092642354980953,-0.2810399451690911
4,0.0,-0.25519891700830505
4,-1.6020599913279625,-1.5888830480258866
4,-0.8278390345727509,-1.0345280665038288
4,-0.9852767431792939,-1.4244280672809273
4,-0.7870157984620274,-0.6157678170343116
4,-1.0222763947111524,-0.7252865806314196
4,-0.21329094598109144,-0.5450582760602706
4,-1.241141103017112,-1.3089757635562895
4,-0.7781512503836439,-1.0572853055560727
4,-0.5414009255363963,-0.13536719370252828
4,-0.7289332277134619,-0.5661013076621605
4,-0.338818556553381,-0.710409107384753
4,-0.7942978863342001,-0.7007866303677842
4,0.0,-0.6167857595094367
4,0.0,-0.6933997994994558
4,0.0,-0.38605083655840866
4,-0.5558880976042575,-0.6240509914799314
4,-0.6604630074152817,-0.6276622457355754
4,-0.6000814253458744,-0.7329547523636086
4,-0.4912657277567858,-0.6721717201116968
4,-0.6687167679381805,-0.6184698518759942
4,-0.4794879879987697,-0.5780824287717645
4,-0.6730600665934965,-0.6622330925388188
4,-0.8792478601408895,-0.6571723957400926
4,-0.8975808922071673,-0.601249153147624
4,-0.4401601843605114,-0.6385488432872736
4,-0.7335624974386512,-0.8638265026831141
4,-0.6053501167750124,-0.738894410545484
4,-0.7565949935547343,-0.6249340810885138
4,-1.073535741530467,-0.5811976425468524
4,-0.5253393438279943,-0.6438126333320249
4,-0.43648485095743617,-0.6948835251390811
4,-0.6606728025742257,-0.6164426646201496
4,-0.4404382382929528,-0.6380003954986022
4,-0.9241466973013024,-0.640862604261016
4,-0.9837323872855466,-0.6109232585007516
4,-0.7132104434506292,-0.8936949319065155
4,-0.6989700043360179,-0.6701435977179429
4,-0.8308102740885168,-0.6855284681261924
4,-0.5285771613791042,-0.6226869827845394
4,-0.5867122994868081,-0.6232761608782083
4,-1.5039144313075985,-1.7272949878603379
4,-1.4465112784573861,-1.5572181743167428
4,-1.647232460848894,-1.3714618040510556
4,-1.4573771965239048,-1.3608923407012858
4,-1.4832815634244811,-1.4108159947855479
4,-1.4097207554469229,-1.4143930336764148
4,-1.1760912590556813,-1.362937670609681
4,-1.5725812013324862,-1.5621436644121642
4,-1.782353164811413,-1.831958941334881
4,-1.357934847000454,-1.351417768437929
4,-1.6174663223693626,-1.5011863044301672
4,-1.2863067388432743,-1.1742535223003125
4,-1.5993371329924884,-1.519159265288821
4,-1.5178207322576007,-1.3816501727652652
4,-1.5440680443502757,-1.399580580965432
4,-1.6515389298857777,-1.5234090086218186
4,-1.3765769570565123,-1.392707583495597
4,-1.4842998393467859,-1.3830458761218227
4,-1.3354307920172426,-1.5294439399516773
4,-1.4259687322722812,-1.2363876907079785
4,-1.4847742189481874,-1.2933605912888322
4,-1.0832401025244938,-1.277369772835204
4,-1.3877643796020518,-1.2650662989054953
4,-1.8388490907372557,-1.6893200762084681
4,-1.7160033436347994,-1.5551430241495954
4,-1.897627091290441,-1.5943727563345413
4,-1.8139896756123504,-1.6904317213772122
4,-1.423245873936808,-1.3035580849698833
4,-1.4496001810683996,-1.49432371608883
4,-0.16744070218066032,-0.3087081427691327
4,1.5163745538673359,1.4490043218509328
4,1.8716854964785021,1.2630647070649006
4,1.6812412373755876,1.1519122443956054
4,-0.4658402443099732,-0.5458329077484927
4,-0.7373149964122385,-0.8560315459081848
4,-0.2373609157946035,-0.35965247232610176
4,0.15490195998574308,-0.11873418428826105
4,-1.0474246499281383,-0.94549044086185
4,-0.38021124171160636,-0.49234542334503617
4,-1.086579968120656,-1.1180102336885975
4,0.0,-0.04853063248056148
4,-0.6275071135404424,-0.6643507315611146
4,0.2905645619858168,-0.2759876321415246
4,0.2730012720637376,0.3169392739431349
4,-0.3669365584933164,-0.23631105941503855
4,0.0,-0.6693453618700467
4,0.7403626894942441,-0.6097280199218261
4,-0.7403626894942441,-0.38873392724989086
4,-0.7403626894942441,-0.5159056706426974
4,-0.6275071135404424,-0.46360394018777024
4,-0.6068237811240262,-0.715124876912989
4,-0.795226451408988,-0.7284412511909025
4,-0.6460644209324,-0.6541816245820962
4,-0.6696394023113736,-0.6577239295066313
4,-0.59462441779272,-0.6543371445787491
4,-0.661442830443316,-0.6760719292008227
4,-0.4442111533220441,-0.7176556040535859
4,-0.8368892194911561,-0.6602261789437077
4,-0.18920560663662211,-0.3330365582475362
4,-0.644168069370231,-0.5613655491726595
4,-0.3316699538599357,-0.26004845135489346
4,-0.9140853712934067,-0.7094830304542097
4,-0.18364439694612766,-0.27571637509339403
4,-0.15209098265191479,-0.2669787740241149
4,0.2924298239020633,0.010055310687933989
4,-1.795880017344075,-1.4276730554163901
4,0.5514499979728749,1.1661677016789014
4,-1.9456423376774072,-0.4683769833410216
4,0.0,-0.49636106123970036
4,0.0,-0.5077718017093641
4,0.0,-0.49232694960806894
4,0.0,-0.41288851332633664
4,0.0,-0.13103830361133922
4,0.3800615256317279,-0.3194066347345414
4,-1.2552725051033065,-1.2745248309537933
4,-1.7481880270062007,-1.192232527943875
4,-1.230448921378274,-1.4188014668687063
4,-1.359021942641668,-1.2795555647450794
4,-0.2507557232265212,0.4987620155126597
4,-0.28254658996996795,-0.3969075280331559
4,-0.91832995354868,-0.6144881794213957
4,-0.653212513775344,-0.5247201665162224
4,-0.9373297907445419,-1.029036824955651
4,0.012988632912040998,-0.3612879322028409
4,-0.6783300974733155,-0.8166599190580919
4,-0.4375301220789325,-0.16470911089951548
4,-0.7533276666586115,-0.7396786781524305
4,-0.18184358794477262,-0.4701201045414873
4,-1.276206411938949,-1.3033996903439324
4,0.5581704972089012,0.5687037770484126
4,-1.46344155742847,-1.53352515277944
4,-1.0457574905606748,-1.4523084184425885
4,-1.8143955918082888,-1.2109002908486795
4,-0.781944239400783,-0.7058920367074316
4,-0.35001645635485445,-0.6442225086066387
4,-2.5672978850687507,-1.708251126438062
4,-1.359021942641668,-1.4081418246884028
4,-0.5105450102066129,-0.8331920419433806
4,-1.4980283540813364,-1.7162777362718336
4,-1.442513126296456,-1.5402197635230521
4,-0.5606673061697371,-0.6160546384110944
4,0.0,-0.0008203605708217943
4,0.8265328847704678,0.7002713516487088
4,0.73797776048103,0.644263203067518
4,0.8167063456599948,0.7002713516487088
4,-0.30102999566398125,-0.2072021401307369
4,-1.0636252095241812,-1.2285333929813365
4,-1.120162472641768,-1.2336486037183534
4,-1.3010299956639813,-1.3352439707102581
4,0.0,-0.11619473862776566
4,-1.2671717284030137,-1.5425266091888798
4,1.7508642767193097,1.6447565306843746
4,-1.3521825181113627,-1.241472131088785
4,-0.22724378150306102,0.5869644102275785
4,0.00465735811267276,0.5703034701195544
4,-0.10661949439456464,0.5622552612840069
4,-0.5533333447033018,0.14743216088282843
4,-1.0234810958495224,-0.872403322307136
4,-0.22184874961635614,-0.5924463004709886
4,-0.23855876556918343,-0.18003720073005908
4,-1.3187587626244124,-1.1908028857229522
4,-1.204119982655925,-1.5848675355907407
4,-0.7191733904243058,-0.6793036667529704
4,-1.3521825181113627,-1.335530902584803
4,0.0,-0.009771007906726891
4,-1.2654916702849928,-1.2405535342094085
4,-1.3446105669703812,-1.1874568398222052
4,-0.5740312677277188,-0.6266263068535946
4,-1.40823996531185,-1.386313209180302
4,-1.4711190636776532,-1.2555927891544634
4,-1.092545207605606,-1.1903983970336325
4,-0.8465519900897043,-1.3176542205592228
4,0.0,-0.5834565979690693
4,-1.4522976709946303,-1.2722216468742906
4,1.113943352306837,1.115287960513814
4,0.0,-0.2965882296352781
4,-0.4966769233397832,-0.7536331110412996
4,-1.1111504521226667,-1.237386064963188
4,-0.7403626894942441,-0.5700421165889026
4,-2.6368220975871743,-2.6322519491509166
4,-2.177791043933576,-2.3717310893261843
4,-2.3039944746277206,-2.260023258283573
4,-1.9942476711109087,-2.2108696960604566
4,0.07058107428570715,0.05523517375799075
4,-0.15490195998574308,-0.31611167216341185
4,0.0,-0.2674515930603929
4,-1.6434526764861879,-1.5741400698799455
4,0.2689756201843121,0.5257055881447011
4,0.436497728992185,0.4562820651278068
4,0.2938683224864773,0.37429457803263916
4,-0.2152181707173435,0.3256304842727235
4,0.06299448495434934,0.17185417411919812
4,1.0058452360414192,0.5243274165131204
4,0.899437812098463,0.2819709744054666
4,0.0,0.1436095860392719
4,0.5661474354373173,0.5811468546172402
4,0.12666575210534692,0.11996885840202264
4,0.25735341006126333,0.41205793559813514
4,0.0,-0.07608366837269953
4,0.0,-0.005786173133193157
4,-0.24303804868629442,-0.22666713563203472
4,0.0,-0.17670188792439528
4,-0.15490195998574308,-0.14672769525097346
4,-1.1249387366083,-1.130051099466436
4,0.9355691221959512,0.46859772855732756
4,0.431798275933005,-0.01634996884546575
4,-0.6567290874981806,-0.7621085456683536
4,1.096694885284169,0.7133054579360646
4,0.7232996763759854,0.4935586023158946
4,-1.0959947450572747,-1.35556693137833
4,-0.6989700043360187,-1.00184248603174
4,-0.45285267999272527,-0.4613120699076726
4,-0.5440680443502757,-0.9052461573811275
4,-0.5320221247202079,-0.4307543027921747
4,-0.6630574484453744,-0.5439555981579005
4,-0.8398968463284486,-0.6237469612336384
4,-1.4771212547196626,-0.782496869937205
4,-0.7998705000768798,-0.4448738669029868
4,-0.23288017345826617,-0.27718315402587956
4,-0.41586132472979465,-0.32869324266228994
4,-1.0457574905606748,-1.376385789201771
4,0.0,-0.029582651928461816
4,0.0,-0.013295598440011132
4,-1.8822398480188234,-1.7214872203793874
4,-0.7990851572192863,-0.9621716059070805
4,-0.4771212547196626,-0.9095379038635103
4,-1.3010299956639813,-0.9906359656497952
4,-1.0,-1.2418349600182301
4,-0.8494850736397348,-0.9925770418186565
4,-0.30102999566398125,-1.2260214835798597
4,-0.30102999566398125,-1.041586222344713
4,-1.0,-1.1414835728518173
4,-1.3010299956639813,-1.1859336480105063
4,-2.1505139038522927,-1.0649736655767814
4,-2.1505139038522927,-1.0874905952610772
4,0.07058107428570715,-0.6622727568252362
4,-0.30102999566398125,-0.5371759955169351
4,-0.9777236052888476,-1.0156004242588654
4,-1.153814864344529,-1.3387016606724405
4,-1.6232492903979008,-1.7329667001602644
4,-0.6077703005293511,-0.5240362279494966
4,-0.5897068914238304,-0.7082557153429988
4,-0.653212513775344,-0.6411570350128822
4,-1.6989700043360187,-1.6795824188868975
4,-0.6766936096248664,-0.7051372597374689
4,-0.9542425094393252,-0.6914270533303062
4,-0.2996534668351778,-0.5379742975521382
4,0.0,-0.0617655878814722
4,-0.3979400086720375,-0.37030914817367133
4,-0.3979400086720375,-0.3685951455263248
4,0.0,-0.34889407179559917
4,-1.6989700043360187,-1.7711123574042082
4,-1.5481846105451078,-1.5435454476555366
4,-1.8129133566428557,-1.8509192925146767
4,-1.6368220975871743,-1.6221507046870303
4,0.6020599913279625,0.9984905362347497
4,-0.6125209233089581,-0.7130775132806904
4,-0.627365856592732,-0.8514808810938242
4,-0.3444956894450719,-0.6855916127749531
4,-0.8239087409443187,-0.6819779155279545
4,-1.079181246047625,-0.7068742803168894
4,-0.7403626894942441,-0.8707046733288368
4,-1.848958460827495,-1.3296963915334226
4,-1.5499369780143732,-1.3686259895694237
4,-1.403195148632295,-1.375397648398729
4,1.0118871597316481,0.4773401051235912
4,-0.30102999566398125,0.08006268404507953
4,0.4189453307158164,0.33571478005556976
4,1.07217449708601,0.8412647577676207
4,0.0,-0.32930225688378684
4,0.6544324428974422,0.5196426398577176
4,0.543994441353421,-0.21613071095715783
4,1.0,-0.04974879704294196
4,1.2430380486862944,0.7451226053102985
4,-1.6005061632593414,-1.4329825363443598
4,-1.2976237469720697,-0.5959387172796486
4,-1.0,-0.5513217155875503
4,0.0,-0.0324524913620234
4,-1.3787006506863673,-1.5391349233772584
4,-1.3891660843645326,-1.327941055653085
4,-1.361727836017593,-1.139321288167318
4,0.0,-0.16791147375951454
4,-2.1564415819277523,-1.7353113463308072
4,-0.39449776226101996,-0.34734462645075703
4,-0.16258878865203474,-0.37022561994234565
4,-0.9477603819114044,-1.406873763052235
4,-0.04324165741713237,0.0046412726542054816
4,-0.05435766232259276,0.0031869236171756386
4,-0.374137093999412,-0.1888235888937958
4,-0.11229725627967468,-0.08209565953427816
4,-0.1321173212354232,0.055889714206152824
4,-0.13936845203094173,-0.027246695900640674
4,0.19248167524385007,-0.09882379583886122
4,-0.4889061546860525,-0.2969306309379024
4,-0.18299592725498925,-0.025669554857650958
4,0.5383909114585856,-0.07382202055577881
4,-1.131278914639319,-0.9757854528547318
4,-0.1249387366082999,0.03210921251591759
4,-0.10616473573321805,-0.2642011941668328
4,-0.056173515196070056,-0.16739467070412403
4,-0.11650556907143717,-0.26799119471347393
4,0.8016178699917056,0.3246092811177091
4,-1.2411361328069157,-1.253464226605834
4,0.0,-0.11496602963335413
4,-1.0650335949863328,-1.1246407723945901
4,-1.3340302557669066,-0.8818083502169844
4,-0.7608714329386874,-0.6579497049292639
4,-1.207980403469163,-1.1979269679549864
4,-1.153814864344529,-1.2732216585272227
4,0.0,-0.23172730562809463
4,-0.5817867324244812,-0.6082684393056863
4,-0.8152930583882103,-0.2998252293142085
4,-1.3686458803549097,-1.2464124600813136
4,-0.9542425094393252,-0.6700220203367668
4,-1.5538830266438746,-1.1695771765028022
4,-0.4375301220789325,-0.2158015800529576
4,-1.2900346113625183,-1.2389756560946352
4,0.8293037728310244,0.9250132782875232
4,-1.5118833609788744,-1.2792014296338163
4,-0.4570614607906949,-0.536301234250001
4,-0.2355284469075496,-0.32305313946540964
4,0.3979400086720375,-1.2230313089229432
4,-1.0533739824413395,-0.32957000544451776
4,-2.7269987279362624,-2.974195988100643
4,-2.7215358322347605,-2.908344700110423
4,-2.9158268083948755,-2.9771520310488837
4,-3.341824066693106,-3.0726261023974457
4,-3.2266757049251344,-2.780833341437961
4,-1.4819201376014313,-2.8003979411871
4,-2.722336222660232,-1.9620366011213697
4,-2.6137983945992067,-2.0595097681506895
4,-2.2989765900329227,-2.272260920774753
4,-0.38021124171160636,-0.07451188923308895
4,0.09017663034908807,0.10082835440499213
4,-0.3357921019231931,-0.16209524672484563
4,-0.3357921019231931,-0.33247432387339343
4,0.8493884764952844,0.42149497552360216
4,0.45843904175190797,0.2542175877822243
4,-1.0,-0.5570625062149338
4,0.0,-0.13549466236123564
4,0.0,-0.11413931678432548
4,0.0,-0.061625519142733294
4,-1.0,-0.45366688541628974
4,-2.2646491976989713,-2.498563355601962
4,0.17609125905568135,0.0648660658243016
4,-0.39194964498285056,-0.5491312405350207
4,-1.2787536009528289,-0.7875259201149357
4,-0.6989700043360187,-0.7183694686495342
4,-0.5979434251331313,-0.5929103695639659
4,-0.6460339291482207,-0.666037774991024
4,-0.9829666607012193,-0.9025784010207452
4,-0.7472746839105735,-0.8142077990989776
4,0.29570116215891407,0.07686247797686806
4,-0.5314789170422554,-0.565764581193871
4,-1.3511966051297115,-0.5172651370883592
4,0.15409696534951323,0.308400136855634
4,-1.3010299956639813,-0.82139719031282
4,0.8129133566428557,0.7915786367854447
4,0.571798386295427,0.7293951993848634
4,-1.2218487496163561,-1.503098632860992
4,-0.8750612633917001,-0.8560828847788684
4,0.9772370007764248,0.7409869389219728
4,0.7999965835389071,0.7361487967970455
4,-0.5842570557255771,-0.5098459725034923
4,-0.5352393730709162,-0.5329118986800465
4,-0.04111258551491215,-0.6921123932565773
4,-0.7056005832350314,-0.6183138353643485
4,0.8956496623437697,0.6923019229318481
4,0.0,-0.4012504449914324
4,0.0,-0.10252273711330584
4,-2.09736453370041,-0.795997302172268
4,1.0612766682173884,0.5026668611739303
4,0.6254311720967021,0.4878179024643309
4,0.6882941561068252,0.2928289464961086
4,-1.2160192059556323,-1.2669111859586286
4,-1.2671717284030137,-1.4169546381659672
4,-1.0,-1.1668602958330765
4,-0.7990851572192863,-0.8206045484588478
4,-1.2108533653148932,-1.0528943120597558
4,-0.48811663902112556,-0.5997268142273005
4,0.211230822627817,-0.7911896071144594
4,-0.8538719643217618,-0.8845616823407042
4,-0.9654759768051342,-1.2752480929886758
4,-0.12104369272477555,-0.7684960150613067
4,-1.0170333392987807,-0.796935132338899
4,-0.7781512503836439,-0.7846780651773393
4,-0.798354636471931,-0.7189575399011023
4,-0.7373149964122376,-0.8209926422525737
4,-0.6575773191777934,-0.6862372404866494
4,-0.7727562184969372,-0.8548537592947647
4,-0.9652378937407882,-0.8692874213677958
4,-0.6847295652214083,-0.8552401366132258
4,-0.5177391056279266,-0.7918710743672901
4,-0.24303804868629442,-0.5815555923908069
4,-0.8200136970607943,-0.7950297437243293
4,-0.7670858242334848,-0.6254808294615652
4,-0.4714067711952339,-0.7700123884701848
4,0.0,-0.11895268852256512
4,0.0,-0.022405315703128377
4,-0.7285252478977347,-0.8345428136880656
4,0.0,-0.4307376188250872
4,-0.639201799332529,-0.48727186288015983
4,-0.3318439430782014,-0.3799407934739251
4,-1.1875207208364635,-1.1637257691215384
4,-0.30102999566398125,-0.423831458687376
4,-0.7403626894942441,-0.5263731519281492
4,-0.7403626894942441,-0.4872637392741474
4,-0.7403626894942441,-0.47622263243191243
4,0.0,-0.5807088046166778
4,-0.7403626894942441,-0.5793580058527635
4,0.0,0.44508076835570604
4,0.22184874961635614,0.5100192130528546
4,0.6989700043360187,0.8114894694657252
4,0.07135590853566853,-0.11695081200682733
4,0.30102999566398125,-0.03295451224870558
4,-0.3494856763830949,-0.2112627804680561
4,-0.7870157984620274,-0.4301576435112602
4,-0.30102999566398125,-0.3675430310791365
4,-0.3494856763830949,-0.34069081659087397
4,0.0,-0.17474764608272111
4,-0.4375301220789325,-0.29859202191050577
4,0.33145218286950673,0.3355580918026552
4,0.22943874649712015,0.3621021074120211
4,-0.4375301220789325,-0.524306856670332
4,-0.7870157984620274,-0.3028043007146472
4,0.5484037989829966,0.5445153952849148
4,0.6989700043360187,0.35228613308022305
4,-0.4375301220789325,0.1997413818843687
4,0.09691001300805624,0.26456105399392854
4,-0.03959044503700948,-0.17043472577758195
4,0.0,-0.1043929236181015
4,0.0,-0.07070416502534804
4,-0.2614392680716957,-0.007525697839497889
4,-0.4375318721122108,0.0033547520171117195
4,-0.389075175605468,-0.10034677651006146
4,0.15051493100552538,-0.09358453681832347
4,-0.4375301220789325,-0.19504019954079987
4,0.30102999566398125,-0.20246158652873553
4,0.0,-0.20673343355689933
4,-0.4375301220789325,-0.10918498621200573
4,-0.3494856763830949,-0.40514212866997495
4,-0.4375301220789325,-0.3782656178532495
4,0.11092497011273572,-0.20756048584037848
4,0.0,-0.2286988478499754
4,-0.15051493100552538,-0.33864203726285574
4,-0.4375301220789325,-0.4877075143309873
4,-0.4375301220789325,-0.5466355534971604
4,-0.34948628751527444,-0.36703128729343426
4,-0.4375318721122108,-0.21345166540786004
4,-0.23855876556918343,-0.18316224868803313
4,0.03959044503700948,-0.22481271164414662
4,-0.03959044503700948,-0.1483839065950502
4,-0.19897135650974906,-0.2580754179937539
4,-0.389077352590518,-0.24084050024438433
4,-0.30102999566398125,-0.2547195431177528
4,-0.09691001300805624,-0.2690482671331568
4,-0.19896832053217395,-0.18684524941196068
4,0.0,-0.23560887902619732
4,-0.4375318721122108,-0.477025603512042
4,0.0,-0.1203580305257951
4,-0.19896832053217395,-0.1624445077168742
4,0.0,-0.21408145693436026
4,-0.11092642354980953,-0.23658366796205668
4,-0.19897135650974906,-0.10992639382843099
4,-0.19897135650974906,-0.03747256615037351
4,0.0,-0.07302395855223043
4,0.38021124171160636,-0.07617576473682211
4,0.0,-0.08016356912363007
4,-0.4375301220789325,-0.2718060663534015
4,0.4375301220789325,-0.15848207689079413
4,0.0,-0.1469401955331899
4,-0.3494856763830949,-0.3552339038863417
4,-0.30102999566398125,-0.4082741508003987
4,-1.7781512503836439,-1.501462623156309
4,-1.4771212547196626,-1.2132577628711818
4,-1.0791812460476242,-1.2062873235767284
4,-1.653212513775344,-1.2071385132712635
4,-1.1898425343625068,-1.072347724384372
4,-1.1528199166426925,-1.3349581066197447
4,-1.0478761435744977,-1.4329518815204014
4,-1.5740312677277188,-1.5421607676960043
4,-1.4387690126326138,-1.4410034748668525
4,-1.385262395494082,-1.4421137825528871
4,-1.5642714304385628,-1.430118486231991
4,-1.568201724066995,-1.4974323204075508
4,-1.625541087177485,-1.3858262485361106
4,-1.568201724066995,-1.4283432994199219
4,-1.5096504795465826,-1.487711665806669
4,-1.5461312049140492,-1.3465618812775448
4,-0.7708520116421447,-1.334874900429925
4,-1.3010299956639813,-1.363675455847088
4,-1.6368220975871743,-1.3154721430309855
4,-1.1613680022349753,-1.3284797764046927
4,-1.3979400086720375,-1.3948807432696455
4,-1.4771212547196626,-1.5212926476702122
4,-1.5440680443502757,-1.5222268295529202
4,-1.2671717284030137,-1.3838602366091268
4,-1.4771212547196626,-1.3203955584872968
4,-1.5228787452803374,-1.2998579015997829
4,-1.7323937598229682,-1.3899093589222553
4,-1.2772210289283077,-1.118506512396789
4,-1.1729208103369215,-1.2436431185125776
4,-1.0874659334098817,-1.143952659057248
4,-1.3805024873728806,-1.1841573193812636
4,-1.3580011968427375,-1.144583799758434
4,-1.198657086954423,-1.2420400694387537
4,-1.3424226808222066,-1.290565360694355
4,-1.5888317255942077,-1.0895447656367756
4,-1.6989700043360187,-1.5094537492725297
4,-1.5357159699855094,-1.2505864669943811
4,-1.0349775835555715,-1.1491705247366726
4,-1.3480265583402051,-1.3486003007038871
4,-1.4623979978989556,-1.4064808869104233
4,-1.4419568376564111,-1.288110363698806
4,-1.0969100130080562,-1.0691727117458256
4,-1.3152704347785908,-1.2266349747836691
4,-1.2013971243204518,-1.2381825783929759
4,-1.1962946451439684,-1.1914781946123083
4,-1.2108533653148932,-1.2426556629339303
4,-1.1186897873312986,-0.9990217502760542
4,-1.2632414347745815,-1.0808823286499263
4,-0.6812412373755876,-0.9647707235383598
4,-1.190331698170291,-1.329120309793212
4,-1.4036923375611288,-1.3977745977544225
4,-1.3096301674258992,-1.142910031977929
4,-1.3702270208050047,-0.9655592266651251
4,-0.995147497205588,-1.0813704082220281
4,-0.8954839347570029,-1.0230958715636191
4,-1.3537880448267803,-1.2598132238058293
4,-1.4259687322722812,-1.2845567827850572
4,-1.60538793467689,-1.4254468598651213
4,-1.384197522541995,-1.5810946231000684
4,-1.4724389466367729,-1.5715082220726884
4,-1.5372813780731152,-1.6064216681747603
4,-1.7018461068392696,-1.3132833927575716
4,-1.4225482628341792,-1.308985254481261
4,-1.5910646070264987,-1.3386671183810754
4,-1.4977438220861892,-1.4311032143721618
4,-1.3010299956639813,-1.5094870161390421
4,-1.6989700043360187,-1.645937189398112
4,-1.5051499783199063,-1.6206663870975877
4,-1.8538719643217618,-1.5898270095467755
4,-1.5910646070264995,-1.6517849552384933
4,-1.845098040014257,-1.4904615108604113
4,-1.6020599913279625,-1.6200704341413472
4,-1.9030899869919438,-1.5987002398344707
4,-1.8325089127062366,-1.5315416431058835
4,-1.5642714304385628,-1.5430648643517253
4,-1.7676858167054785,-1.4759742219094725
4,-1.3979400086720375,-1.5784742606483473
4,-1.7781512503836439,-1.4883612917078255
4,-1.3832167518513314,-1.5175267512452835
4,-1.3979400086720375,-1.5624337429429636
4,-1.4711190636776532,-1.276845409879755
4,-1.5740312677277188,-1.3254125332991546
4,-1.2787536009528289,-1.2706411332817342
4,0.19967462899203614,0.21576281759806384
4,-0.2437094651795757,0.05445787417346593
4,0.3426875752994052,0.33193558155004577
4,0.3252546556851925,0.21844155463128398
4,0.4387732103469384,0.21752440729270295
4,0.2767614209370439,0.5320600053745145
4,0.15734628357760183,0.40035156566031815
4,0.19507185367852742,0.08736034401936259
4,0.014618439768002922,0.1881855314079341
4,0.8623294627632445,0.473758179146526
4,0.4718729191633164,0.5854417073938918
4,0.1685781829349775,0.19849823476831205
4,0.3667897898651731,0.17260933930198333
4,1.0756359652829754,1.185226260565553
4,0.0,0.09441631598163153
4,0.0,-0.06714483233807685
4,-0.7870157984620274,-0.3251405544428902
4,-0.3494856763830949,-0.2140936133611345
4,-0.3494856763830949,-0.07140460729842119
4,-0.4375301220789325,-0.03313848068335222
4,-0.4375301220789325,-0.22837980758003032
4,0.07918124604762511,-0.17601216678726295
4,-0.8035983725961238,-0.7385762875955052
4,-0.008209265560077839,0.3910485872916486
4,0.18953254350015936,0.4129645408895334
4,0.26954890820492317,0.1590869616727385
4,0.504964353119516,0.15881488757636578
4,1.0267793761882515,0.6257248729044054
4,1.0245022972506561,0.3695487574625392
4,0.9024826292148989,0.21657333195384154
4,0.0,0.1711691477032783
4,0.33853704070641744,0.5474162343755384
4,0.6447927479487232,0.18190373770182833
4,0.7513300624553647,0.5683552193602903
4,0.19995997569809631,0.2447044912810978
4,0.7851129120306855,0.5828626253864483
4,0.0,0.4502385863695736
4,-0.008038355111862572,0.35985267571349794
4,0.17526490189038313,0.11413150354065628
4,-1.0,-0.8931998899236672
4,-0.8129133566428557,-0.9634689924913215
4,-0.7428754900351002,-0.8403141510464053
4,-0.3332146790353825,-0.4880264049840025
4,1.2696796919573048,1.177162394967757
4,-0.8361431973613307,-0.7433615350207696
4,-1.0310342337399687,-0.6042619583679956
4,-0.45737719652390574,0.1776293007270435
4,-0.08715017571890016,0.15017864215761695
4,0.09177037335564542,0.165572343452816
4,-0.7998705000768798,-0.6523588643329282
4,-0.3869549032534474,-0.32389363938501126
4,-0.8473794057302957,-0.6766105224558541
4,-0.33538263205625984,-0.3679514677320077
4,-0.4313637641589869,-0.2065385966145121
4,-0.10349273312891683,-0.27632760023808667
4,-0.7280414522832768,-0.6666975719782573
4,-0.6671226370840238,-0.4788666410282151
4,-1.1791420105602999,-0.9518393109724343
4,-0.487381217643696,-0.4961811086329407
4,-0.22184874961635614,-0.17860737056857226
4,-0.431798275933005,-0.4808073636525181
4,1.3802112417116064,1.4589265540749656
4,-1.0,-0.7291189727407422
4,-0.6989700043360187,-0.8801524176371277
4,-1.2118068113222158,-1.3726982485974313
4,-1.3466700934730556,-0.8513047006574024
4,-1.079181246047625,-1.0416638099702284
4,-0.9030899869919438,-0.9560784668545462
4,-1.472965294948505,-1.2200674703040273
4,-1.7708520116421438,-0.8970599545852678
4,-1.5517548730165664,-0.8997997756123033
4,-2.5477747053878224,-1.6867155697053369
4,-1.7853298350107671,-1.5928867506222857
4,-1.9637878273455556,-1.638671936025129
4,-1.0091159609934506,-1.4984451375884686
4,-1.9962614304405983,-1.6608047764774632
4,-0.8129133566428557,-1.1328781319590344
4,-0.6690067809585756,-0.8194972841933799
4,-1.010723865391773,-1.2417734798571467
4,-1.018885344160374,-1.1793161242523524
4,0.045757490560674796,-1.3112074391539574
4,-1.1461280356782382,-1.4610422952968776
4,-1.703291378118661,-0.8526724411500121
4,-1.361727836017593,-1.1744053385991067
4,-0.7781512503836439,-0.7713037679169547
4,-1.079181246047625,-1.001662086754335
4,-1.271066772286538,-1.0360765608665796
4,-1.571798386295427,-1.4835312650454902
4,-1.6610378512872996,-1.6182559263036764
4,-0.8791778295865322,-0.9492813959792461
4,-0.8791778295865322,-0.9817929449854649
4,-0.798354636471931,-0.9828869941433589
4,-1.0855214240786433,-1.2177184194664283
4,-1.0969100130080562,-1.15209844751495
4,-1.672097857935718,-0.7427091419697376
4,0.8618329976579444,0.5367083336292394
4,-1.6334684555795862,-1.088031726856937
4,-0.5930632586839835,-1.088031726856937
4,-1.2071964617445623,-1.3601188704360336
4,-1.343535645507214,-1.4018707458419122
4,-0.9618164463758658,-1.0823404046859784
4,-0.8782664032669114,-0.4218706690232979
4,-1.0,-0.7679781507114268
4,-1.0,-1.0525721057438073
4,-1.0413926851582254,-1.2370756554108688
4,-0.5002610582279248,-0.8863937740479878
4,-0.6020599913279625,-0.9397274031708217
4,-0.79375632371422,-0.7203036453908962
4,-0.6989700043360187,-0.7326559874175343
4,-0.3489535479811643,-0.6566536231159837
4,-1.2041195220169634,-0.8896861214707661
4,-0.2518119729937993,-0.4514419724270974
4,-0.9700367766225568,-1.2244873128944413
4,-1.0211892990699383,-1.027883195594547
4,-1.3010299956639813,-1.0094132120372046
4,-1.079181246047625,-1.049096342278042
4,-1.0863598306747484,-0.9625720320611251
4,-0.7900504736833511,-0.9097025395481034
4,-1.1879904823553886,-1.344954900661655
4,-1.1159511898262942,-0.5929427771883653
4,-1.3909351071033793,-1.3252336366079975
4,-0.9378520932511556,-1.0259033196499623
4,-1.0633869788643926,-0.9039705090863811
4,-1.4771212547196626,-1.1243540717208431
4,-1.7853298350107671,-1.4046056619810665
4,-1.3010299956639813,-1.610519809416588
4,-1.0769597860536666,-0.9746621935628202
4,-0.6627578316815743,-0.9794463175259764
4,-0.8920946026904808,-1.0875761328273565
4,-0.8091854841236117,-0.9795705431828564
4,-1.1461280356782382,-1.2471178263881015
4,-1.4471580313422194,-1.2465047223958967
4,-0.6647756291055495,-0.7071181844581562
4,-0.9030899869919438,-0.8330070827085617
4,-0.865301426102544,-0.9097667062953834
4,-1.1760912590556813,-0.9222394124661293
4,-1.1413291527964695,-0.6960704036551312
4,-0.8159398112730436,-0.730985874084705
4,-0.848732324669351,-0.6883036284462064
4,-0.7781512503836439,-0.8601764515524474
4,-1.0413926851582254,-0.9041511283138299
4,-0.5228787452803374,-0.861480367048529
4,-1.0969100130080562,-0.9365164079094522
4,-0.8538719643217618,-0.9233643999775788
4,-0.5228787452803374,-0.5232427358910173
4,-0.8195439355418692,-0.6944956227118635
4,-1.0222763947111524,-0.9202784079798099
4,-0.8450980400142569,-0.8012117173077504
4,-0.21559980033935489,-0.5116051638666942
4,-0.8386319977650247,-0.6102825948942355
4,-0.6642078980768069,-0.5606356433529386
4,-0.30935112938274134,-0.6069365926672151
4,-0.4164234143660508,-0.6401646881860765
4,-0.8785778371145367,-0.5294512710421941
4,-0.642065152999546,-0.7506429698720413
4,-0.5542872095319611,-0.7116889205280078
4,-0.6457244923827936,-0.5062913272774544
4,-0.9128498242810998,-0.8185481804725877
4,-1.0661607360551137,-0.8627000439914638
4,-1.0848215134003167,-0.6794617530589099
4,-0.87036614218332,-0.5797984449602153
4,-0.6901960800285138,-0.40960616298761093
4,-0.431798275933005,-0.6128106433157139
4,-0.07916108702646962,-0.07165012531010229
4,-0.6989700043360187,-0.8270276694055627
4,-1.0116311101180298,-0.9919342646995355
4,-0.8786653876605248,-1.1207060043418664
4,-0.8293037728310253,-0.8929620223499315
4,-0.8239087409443187,-0.883020021378183
4,-1.0,-0.8475998404606002
4,-1.0,-0.7513627407367625
4,-0.13810226508706336,-0.20737710546249716
4,-1.1016221150958696,-0.8453425065831278
4,-0.8358079642440268,-0.9689508713227198
4,-1.3546346542409058,-1.1294419465689787
4,-0.8616973018337193,-1.0582313272366057
4,-1.5835765856339492,-0.9408762488547413
4,-0.7118072290411908,-1.0093731038125098
4,-1.7447274948966935,-1.1407091607349253
4,-1.5440680443502757,-1.2127912907226488
4,-1.113943352306837,-1.0579363908364994
4,-1.8293037728310244,-1.544957360322075
4,-1.8129133566428557,-1.4744004022355455
4,-0.857332496431269,-0.9626748334842763
4,-1.204119982655925,-1.1210274942017937
4,-1.6020599913279625,-1.263171438595128
4,-1.2552725051033065,-1.3004301834595438
4,-0.49069406190893616,-0.7053001132250742
4,-0.9294189257142929,-0.8042095595606027
4,-0.6320232147054057,-0.8902243833102398
4,-0.6872316010647745,-0.9536683763433591
4,-0.8239087409443187,-1.1175881928185925
4,-1.361727836017593,-2.1493589745777166
4,-1.740362689494244,-1.5962194127296976
4,-2.204119982655925,-1.2216881239030066
4,-1.1856365769619117,-0.9882622443149335
4,-1.2870152586388937,-1.387020250861138
4,-0.6197887582883936,-0.8919381503094589
4,-0.8239087409443187,-1.1222543669515503
4,-1.3010299956639813,-1.1493167679331537
4,-1.0993846321359113,-1.2549076914382156
4,-0.6709412807357751,-0.63385896735336
4,-0.84641608194217,-0.7519065849916654
4,-0.9030899869919438,-0.5876825802400417
4,-0.8473898367938411,-0.588731133485475
4,-0.9744458955276123,-0.7166608118726132
4,-0.910268571619067,-1.2313015117326822
4,-1.4771212547196626,-0.6054113951230842
4,-0.5333441789585027,-0.8790037615782924
4,0.0,-0.26651114831719297
4,0.34678748622465605,1.0317203912043056
4,-0.5676910896966998,-0.6068760535123477
4,-0.31137082900220037,-0.21187027830266436
4,-0.3904795519065729,-0.2347080055035335
4,-0.1112891378916574,-0.1862503508646497
4,-0.274110581688328,-0.7217836253758844
4,-1.0255541044723877,-0.5676207786360518
4,-0.9719712763997563,-0.56908076369705
4,-0.31361912297200156,-0.593362412642719
4,-0.5638373529592435,-0.6252701953852116
4,0.0,-0.0030102999566398126
4,0.0,0.041218642437136105
4,0.0,0.07318282143258825
4,0.9030899869919438,0.9303492070760151
4,0.7569619513137056,0.8742402995596055
4,0.860338006570994,1.072575576292452
4,0.0,0.0
4,-0.6409780573583319,-0.44938946094326093
4,0.0,0.012271501936389137
4,-1.0705810742857071,-1.0316880254827014
4,-0.9420080530223132,-1.067292292617715
4,0.151267675330649,-0.47724419378767907
4,-0.5686362358410131,-0.7935328029866475
4,0.3484151154576107,0.6191219906118451
4,0.08804772997273602,0.987895618898132
4,1.4056593710152416,1.2604485891393284
4,0.661181443446619,1.4137054747307616
4,-0.8239087409443187,-0.47611198457889636
4,1.117540014535269,0.9709514848190243
4,-0.7900504736833511,-0.6523103123379341
4,-0.7191733904243058,-0.5690343921092926
4,0.061354937933483455,-0.13041643786365456
4,-0.8643373979999271,-0.5779277317340221
4,-0.9788107009300617,-0.6660736711800442
4,-0.14612803567823818,-0.5302303358565968
4,-0.7742209567552116,-0.7972476365353961
4,-0.4202164033831899,-0.5193667603512175
4,-0.47172622283295595,-0.5509832608822576
4,-0.2855178294857339,-0.4965763673186973
4,-0.8750612633917001,-0.8860189695460505
4,-0.8872957198087112,-0.7510851859721558
4,-0.5925146734217321,-0.7552136770586227
4,-0.4771212547196626,-0.7328346479955138
4,-0.9274493328513884,-0.9334116745541361
4,0.0,-0.415464100082845
4,-0.7221998450544937,-0.6300867112768299
4,-0.7996401662173822,-0.940978546555636
4,-0.6976870064105913,-0.6335855370374499
4,-1.5081554884596313,-0.9490860448486923
4,-0.3372421683184257,-0.9829900865324932
4,-0.6569086593353077,-1.0753793371971427
4,-0.9637878273455556,-1.2765747705739943
4,-0.08432088570003593,-0.4305440484906623
4,-0.499397649430815,-0.602961491301302
4,-0.7178553484963919,-0.8843238087387095
4,-0.8816918422907127,-0.8171619001618697
4,-0.7367585652254185,-0.9345425676429556
4,-0.7533276666586115,-0.9666700455465985
4,-1.154901959985743,-0.8693872070056088
4,-0.7569619513137056,-0.7160785785039836
4,-0.8538719643217618,-1.1903675105310292
4,-1.1014576407587766,-0.988848380761404
4,-1.1737873041461162,-1.072981159695056
4,-0.7942380702770997,-0.6700952010690269
4,-0.6989700043360187,-0.6467491068080671
5,-0.30102999566398125,-0.7160051844425168
5,-0.7651307403911325,-0.5390380337576548
5,-0.8239087409443187,-0.4527800415273221
5,-0.3357921019231931,-0.3020012604065544
5,-0.714033750771895,-0.8834688994504754
5,-0.31425396462177524,0.003483813864093106
5,0.24551266781415038,0.13451698825485725
5,-0.7344423224982384,-1.0250962599170337
5,-0.6532125137753431,-0.7121524542259594
5,-1.1505139038522927,-1.0309966766607284
5,0.0,0.0
5,-1.6368220975871743,-1.4775275714544815
5,-1.6127838567197355,-1.2623522774738052
5,-1.865301426102544,-1.5867216988882626
5,-1.1650958747542175,-1.2796083709825898
5,-1.4313637641589878,-1.4022393275272267
5,-1.3164363267053814,-1.0095653668730906
5,-1.1055101847699742,-0.5492673104990182
5,-1.179695383324507,-0.5723646651060013
5,-1.113943352306837,-0.6834219408602391
5,-0.6796648491406323,-0.6691987959639004
5,-0.9560945143009185,-0.9121496802874226
5,-0.842392146638332,-0.5613270197512337
5,-0.09691001300805624,-0.18538434070630153
5,-0.9166124791163526,-0.25817115387190176
5,-0.17094279450418348,-0.153818635315187
5,-0.3853508813640172,-0.42308862864721475
5,-0.4030195342013121,-0.48628328718392777
5,-0.2594721481223612,-0.3267289061079224
5,-1.2730012720637376,-0.8690728823958038
5,-0.8794260687941504,-0.6731245017798821
5,-1.134698573897456,-0.779534791209027
5,-1.049635145623876,-1.0278056423689077
5,-0.821260595654631,-0.7268760185648344
5,-1.0907145515668137,-0.8486308089377593
5,-1.3222192947339195,-1.3039420259380778
5,-0.9420080530223132,-1.307418311781121
5,-0.5740312677277188,-1.0085575015173058
5,-0.8129133566428557,-0.9251910684018233
5,-1.335398897295243,-1.2504080528260586
5,-0.9637291824893586,-1.1101072696145462
5,-1.5563025007672877,-1.3613910317491413
5,-1.1303337684950057,-1.0055109250085608
5,-1.2430380486862944,-1.368097805862364
5,-1.1760912590556813,-1.4071220152679869
5,-1.6658935455344324,-1.475932826269029
5,-1.4191293077419758,-1.3642638171635257
5,0.09821747354970256,-0.48491246495585266
5,-0.7566980227234472,-0.35638871665122396
5,-0.32123338175226834,-0.3693430389864777
5,-0.3187587626244124,-0.5240933062914054
5,-1.204119982655925,-0.7724667056870089
5,0.0,-0.3632669633919725
5,-0.9774341721012583,-1.2213435343967436
5,-1.026328938722349,-1.02741240302259
5,-1.595429412428949,-1.0071021041075428
5,-0.4496138450811866,-0.44303638561051967
5,-0.6863808770279984,-0.6833872192119792
5,-0.34678748622465605,-0.43446303372323203
5,-1.0687158123694598,-0.5841597745963955
5,-0.70472233322511,-0.7576226392088055
5,-0.7907403776916642,-0.34593868417938894
5,-0.8066928866262923,-0.4839848709969546
5,1.3424226808222066,1.1884235378611019
5,1.3009935730215947,1.4158262004133289
5,1.5815837220779043,1.6317440947087831
5,-0.4771212547196626,-0.32788860746150433
5,-0.4499690086760477,-0.3666838650849925
5,-0.09564936050631179,-0.1988968448930915
5,-0.2410320659886951,-1.0806409372703454
5,0.15490195998574308,-0.010903715929787214
5,-0.7781512503836439,-0.7847927890763853
5,-1.3979400086720375,-1.2041535837348651
5,-1.0,-0.6666607341722706
5,-1.0,-0.8047779858188258
5,-1.2218487496163561,-0.656915795122467
5,-0.5000014867943587,-0.653919642881271
5,-1.9328118686116316,-1.5356381663778693
5,-0.6752907023818553,-0.3122086950649185
5,-1.7549214096651689,-1.3719241362344132
5,-1.845098040014257,-1.7641472136911325
5,-1.328088228398017,-1.0953013508542446
5,-0.4375301220789325,-0.1832540579251463
5,0.44075738996381375,0.035416956086595446
5,-0.045757490560675684,-0.42372609858461596
5,-0.21559980033935489,-0.2610951421415741
5,-1.2671717284030137,-1.1300212288932938
5,-1.3010299956639813,-0.854526017813521
5,-1.4698220159781634,-1.339346108586779
5,-0.3979400086720375,-0.29450526400856425
5,-0.3979400086720375,-0.12316012447408067
5,-0.3979400086720375,-0.3076669759007733
5,-0.4890204780193699,-0.4899445661991008
5,-1.7269987279362624,-1.5117369118146624
5,-0.2872761903368577,-0.36699595928251955
5,0.0,-0.014190109659958674
5,-2.1505139038522927,-1.0579648837504465
5,-1.164810248645992,-0.9650903144342771
5,-1.083121728522423,-1.1811395157440234
5,-0.6627578316815743,-0.5260785705424118
5,-0.3406176746319307,-0.2868984358018751
5,-0.14210676174531311,-0.3573529204123804
5,-1.2965756542377314,-0.9904746253286999
5,-0.544527372242805,-0.4622076571457724
5,-0.22068520040890238,-0.4536231649165866
5,-0.6226332212052812,-0.8500458382021963
5,-1.204119982655925,-1.374132912156434
5,-0.045757490560674796,-0.40120215830970635
5,-0.30102999566398125,-0.6447513591623134
5,-1.2787536009528289,-1.3005640742218987
5,-0.6647291997449933,-0.4846629581269079
5,-0.5823398090037069,-0.6466124509850237
5,-0.7726537229182906,-0.5764864478297617
5,-0.6020599913279625,-1.1676418490889406
5,-1.5440680443502757,-1.4061246049960385
5,-0.20712549279564918,-0.37845206427432676
5,0.18295111693192823,-0.0532552701925024
5,-0.38021124171160636,-0.47090772109931855
5,0.0,-0.2566031403888098
5,-0.3912591372529759,-0.5388481832834703
5,-0.3290587192642249,-0.34590763427850035
5,-0.2174839442139067,-0.3708169020281368
5,0.05864551291277387,-0.3724384787634728
5,-0.6575773191777934,-0.6779506652222471
5,-0.8239087409443187,-0.517667167978023
5,-0.3258535793890127,-0.3362065191485117
5,-2.079181246047625,-2.1828934338711816
5,-1.2218487496163561,-1.4827823333674686
5,-0.4604084692762678,-0.4342216254962433
5,-1.1191864077192086,-1.0458277436062402
5,-1.4771212547196626,-1.5609599939467536
5,-1.139879086401237,-1.2073144813574712
5,-1.3802112417116064,-1.2004592814273456
5,-1.3172455399021716,-1.3316737591015797
5,0.3494856763830949,-0.2780530226367654
5,0.0,-0.2603080615158672
5,-1.3679767852945943,-1.249897770504013
5,-1.4771212547196626,-2.0117444293775497
5,-0.25719143823949153,-0.46069636429516025
5,-0.6020599913279625,-0.6857415533903871
5,-1.2757241303992117,-0.8271032971910279
5,-0.7346855566025532,-1.2750618975683876
5,-0.06694678963061307,-0.6596186215448913
5,-1.020203386088287,-0.559823518971817
5,-0.7150857120368901,-0.6238810441898908
5,-0.4162540585488639,-0.4247629958974343
5,-1.325030272067747,-1.3811188677742439
5,-0.1143882690518696,-0.3271071538749257
5,-0.8373045780392774,-0.8835838044141313
5,-1.113943352306837,-1.2519520446349965
5,-1.3010299956639813,-1.1273809014321363
5,0.0,0.0240823996531185
5,-1.350801612394977,-1.3623418799938236
5,0.0,0.010413926851582253
5,0.0,-0.11974727095327825
5,0.0,0.0
5,0.0,0.08713227748772823
5,0.0,0.0
5,0.44235914846045077,-0.04776730296387585
5,0.3369425515546265,-0.0296658973472747
5,-0.29329754543329045,-0.5595969628255766
5,-1.7283537820212285,-1.1409102968091653
5,-0.955514702167144,-0.7819769647011087
5,0.7804902921553305,0.8537354037362629
5,-1.296513894499017,-1.1254153002722818
5,0.0,-0.0030102999566398126
5,0.6140531059872192,1.078763035811793
5,-0.30102999566398125,-0.32526447991239477
5,-0.6493280729138764,-0.6899083101611017
5,-0.7280831092284821,-0.7490806469177157
5,-0.5706022622039688,-0.6487183733766642
5,-0.7870413936722933,-0.7048912027011792
5,-0.6921305798057134,-0.7606713076908632
5,-0.7870413936722933,-0.7214477714909313
5,-0.7923916894982543,-0.6816233540013108
5,-0.5486860088866239,-0.6216163485765495
5,0.34847057686564575,0.42371679127584655
5,0.0,0.3180228690969314
5,-2.516430988729595,-2.3247176120946946
5,-0.8432138961397051,-0.6572941698738778
5,-0.644612342013426,-0.6115323613112921
5,0.0,-0.12266857051713723
5,-1.065734522320379,-0.7590772468660079
5,-0.4476662753813869,-0.308220081515476
5,-0.7137489363676082,-0.6379458323871168
5,-0.3165052602864149,-0.210375484419739
5,-0.24183795360414884,-0.19162513240712023
5,-0.23856152772098405,-0.18673186091246322
5,-0.7505570385574174,-0.5512572438359383
5,-0.3120253799654442,-0.40363852503716385
5,-1.4936903561528547,-1.1730209709979054
5,0.0,0.12554976041330282
5,0.0,0.04262480753640958
5,0.0,0.11223931511617934
5,0.0,0.08808965926830638
5,0.0,0.05748712911777734
5,0.0,0.4871994792218348
5,0.0,0.060204101430911094
5,0.7403626894942441,0.17527573979450434
5,0.0,0.14641450489609784
5,1.0,0.5149893667437686
5,0.0,0.11353349951432236
5,-1.4771212547196626,-1.2268101832953742
5,-1.1856365769619117,-1.3563172401370471
5,-1.2879675228247383,-1.3154628871468885
5,-2.527958270809612,-2.460520603011431
5,-2.921686475483602,-2.7979198114900834
5,-1.074000733543845,-1.7708602062311625
5,-2.6661774909397113,-2.5878312425641443
5,-1.549750891680639,-1.8895515895517259
5,-2.8750612633917,-2.74757490300516
5,-0.5963076624388712,-1.4534342381456327
5,-1.2099495263166489,-1.8991409028698347
5,-2.638272163982407,-2.9085322213483584
5,0.0,-0.19697137895244293
5,-0.7818473959436067,-0.6855761027438713
5,0.15490195998574308,0.010194857317663165
5,0.0,0.01489592124421094
5,0.08459549492948426,-0.2596867992388877
5,0.0,-0.04040604389782357
5,-2.7913795161173987,-2.567735160139873
5,-2.321785217254601,-2.361350366934129
5,-1.151267675330649,-1.3822535701247625
5,0.0,0.0
5,-1.1072099696478688,-0.5385835158988178
5,0.0,-0.007403626894942441
5,0.0,-0.14627549999510378
5,0.0,0.0
5,0.0,0.015642714304385626
5,-0.5991933506763587,-0.530631591886266
5,0.0,-0.24648029538747238
5,-0.6197887582883936,-0.5543551253069242
5,-0.5528419686577806,-0.6266587811206628
5,-0.6066557430171109,-0.707138118429608
5,-0.7333389059672815,-0.7334604239044664
5,-0.17384451590774663,-0.6458097757945775
5,-0.36614817424818646,-0.49354180875072423
5,-0.4706752071520439,-0.40944122031508584
5,-0.6232492903979008,-0.6286757398688183
5,-0.6368220975871743,-0.6593315739271746
5,-0.60528896145816,-0.5163524613500197
5,-0.60528896145816,-0.617705385225989
5,-0.6197887582883936,-0.6212714699890779
5,-0.31994698356234874,-0.12749725973315354
5,-0.4625828433930863,-0.564261079248392
5,-0.3905719708045483,-0.35191636327167963
5,-0.24688706485721124,-0.4288473825630583
5,-0.4089783902986097,-0.3866551702068807
5,-1.103876473193652,-1.288406068155849
5,-0.10963564959093297,-0.24543472468371452
5,-1.0,-0.9405360170288484
5,0.6215133726311741,0.6817336441444168
5,-1.173186268412274,-1.3496445154027958
5,-1.0687158123694598,-0.9584507805859949
5,-1.6298190478586818,-0.519994069065818
5,-0.35793484700045397,-0.33060127742559
5,-0.16633142176652527,-0.6616854138474132
5,-0.7403626894942441,-0.5438804142977264
5,0.0,0.0020812571860269634
5,-0.9030899869919438,-0.673866761224889
5,-0.8750612633917001,-0.668838670834969
5,-1.014758999751626,-0.7963751722651401
5,-0.4771212547196626,-0.49875416005014456
5,-0.7336453298012753,-0.3419002406648357
5,-0.5806618466267324,-0.36045668630360284
5,-0.4771212547196617,-0.5338631831975121
5,-0.43572856956143724,-0.5143618618948648
5,-0.11394335230683694,-0.3058735840057287
5,-1.5051499783199063,-1.319013921903617
5,-0.5633074023359459,-1.0338727646176193
5,-0.9604914587163265,-0.600771098076863
5,-1.6690067809585756,-1.6195392583887247
5,-1.4623979978989556,-1.439079678078883
5,-1.3265841001363698,-1.4269274906077212
5,0.03959044503700948,-0.07219745428935381
5,-1.0413926851582254,-1.1800230220346006
5,-1.5810720321341156,-1.4764129578813594
5,-0.3832167518513314,-0.6788843640330952
5,-0.5528419686577806,-0.6915575094354058
5,-1.213879819945081,-1.2863120936068864
5,-0.7891466346851068,-0.7458441783825777
5,-1.0903975088639175,-1.3409366264350726
5,0.0,-0.40466782467023976
5,0.0,-0.7002270411479601
5,-0.592283252461411,-0.6888543903207095
5,-0.592283252461411,-0.6912674177502831
5,-0.3386461832699501,-0.6802335432046875
5,-1.0,-0.22189099173935328
5,-1.4085356813507763,-1.500119833294421
5,-0.6166840828366942,-0.6336134382385722
5,-0.6588953611057073,-0.4864015841217349
5,-0.6261936710446818,-0.6814400078106689
5,-0.6166840828366942,-0.657766950334567
5,-0.3901303070435729,-0.6009623404299989
5,-0.5722550097019159,-0.6077255895458129
5,-0.3701817373529268,-0.40524227550277003
5,-0.13926459109970324,-0.34604488917917287
5,-0.809233790055691,-0.4737780113706425
5,-0.7355411351527765,-0.6569212532450177
5,-0.36266424832349475,-0.5479156077180118
5,-0.5586747746122196,-0.6075737038186234
5,-0.874461823017854,-0.7148313076744662
5,-0.9266482976130987,-0.7954541330536966
5,-0.465435496394468,-0.6678320853528065
5,-0.791159378671491,-0.696728259884019
5,-0.6375175252488257,-0.5607839651757788
5,-0.7468935566532018,-0.6756262277423112
5,-0.5043075057338848,-0.746567422910975
5,-0.8510609869879335,-0.7340110481369088
5,-0.3564291320633881,-0.5241890839949889
5,-0.8609748021130947,-0.6802804878359298
5,-0.1575129567193363,-0.5447152228693368
5,-1.5264828695491621,-0.6269479761817641
5,-0.4511855206252626,-0.5991069461614178
5,-0.6721200163827188,-0.6679364994500939
5,-0.5639554649958125,-0.6533987046971538
5,-1.3748924486527798,-1.5173510976048772
5,-1.4093694704528188,-1.4375131958966667
5,-1.5078558716958312,-1.59250234880522
5,-1.4913616938342722,-1.5157969936029068
5,-1.5820633629117085,-1.6617728808106305
5,-1.5194529553397151,-1.4952913860694204
5,-1.1663314217665244,-0.8105477450552563
5,-1.4996870826184034,-1.4647839402757725
5,-1.3129292189636894,-1.4631341372338722
5,-1.1080941799605704,-1.444507852986822
5,-1.0046284041820712,-1.445425520417733
5,-1.3802112417116064,-1.22197803708775
5,-1.387686374306484,-1.4826919577129016
5,-1.5141048209728316,-1.5124802229823007
5,-1.5357159699855094,-1.511242475292354
5,-1.431960183373647,-1.3053780302224056
5,-1.2552725051033065,-1.259490923628126
5,-1.5390082455808738,-1.2171044960907782
5,-1.6797306463503485,-1.188488225999523
5,-1.6077371242196534,-1.2737432803572148
5,-1.3802112417116064,-1.1552071149300522
5,-1.1314047788575312,-1.1638864656390933
5,-1.1968207439144258,-1.295100091303623
5,-1.5490032620257876,-1.7609537728397828
5,-1.9978230807457251,-1.6594203833659773
5,-1.8195439355418683,-1.8971688243259828
5,-1.6309361190641916,-1.5038752073408803
5,-2.0050374406916136,-1.765934774244102
5,1.3112676473584868,0.7161130039636366
5,-1.4610344348262077,-1.310736898243462
5,-0.9208187539523749,-1.1023010810478906
5,-1.4115035999655055,-1.4858324342213598
5,1.219125891280883,0.9668559714273327
5,-0.6482604135760912,-0.5774036625056572
5,-1.1409268419924299,-1.1451109768819099
5,-0.47172622283295595,-0.49092912439832553
5,-0.38021124171160636,-0.5296748668328695
5,-0.6184504075161321,-0.5601328135273976
5,-0.3521825181113627,-0.7449327217228258
5,-0.6130553756294255,-0.5907439434559961
5,0.0,-0.07294132633697438
5,-0.7739952906124863,-0.5893700727723732
5,0.09626075003694723,0.2555553695884267
5,-0.3098236601811166,-0.6228465373187196
5,-1.230448921378274,-1.0748856823890034
5,1.0584260244570052,-0.05145543866717354
5,-1.0078253375119566,-0.7081479606826953
5,-1.3010299956639813,-1.0797512976710137
5,-0.43503034677132746,-0.6886853269359838
5,-1.3444802558203817,-1.0182700453870566
5,0.0,-0.25573188089393245
5,-0.5954962218255746,-0.4995410768119114
5,-0.5623872865640109,-0.6040823729690576
5,-0.4562839436321724,-0.6941909353416587
5,-0.638489256954637,-0.6762646235930282
5,-0.4708594338348915,-0.5948330175245594
5,-0.6638055872727673,-0.6837686156674146
5,-0.5786173133193158,-0.6321527711723165
5,-0.7100860092414791,-0.6317863493930505
5,-0.3497414449984353,-0.24868291822618915
5,-0.8129133566428557,-0.38227236207189774
5,-0.2720662997286647,-0.24407590205897345
5,-0.6989700043360187,-0.25744742705894685
5,-0.34473892354938673,-0.31301343953650507
5,-0.21992282858031764,-0.28233300416626617
5,-0.13305071898637433,-0.19986119682905104
5,1.9323294795010275,1.57697309677881
5,1.9180709017839055,1.3989420989911805
5,-1.740362689494244,-0.3113499960356237
5,-0.7811567605233689,-0.7933662065103269
5,-0.7870157984620274,-0.44315484309441294
5,0.0,-0.7564014976094363
5,0.0,-0.08912665704677451
5,-0.5106187037514216,-0.21765669503383583
5,0.0,-0.5289399444404872
5,0.0,-0.1912582279174285
5,0.0,-0.07148882822822554
5,-1.2430380486862944,-1.2814745380978723
5,-1.3827000421153013,-0.5090262750233773
5,-1.204119982655925,-0.9570523852184301
5,-0.39138190284952223,-0.4520772631689709
5,-0.14612803567823818,-0.3105153245005529
5,-1.0211892990699383,-1.0353249849971946
5,-1.0,-1.042872151038933
5,-0.03367199469456761,-0.1935231228578815
5,-1.4771212547196626,-1.0681417361895016
5,-1.1836443969461268,-0.674594209335455
5,-0.6368220975871743,-0.6396234951471245
5,-0.8702087605972881,-0.6345285698400599
5,-1.230448921378274,-1.3986984613811968
5,-0.6020599913279625,-0.784868286603304
5,-0.6478174818886373,-0.7975322267278131
5,-0.3521825181113627,-0.4372568439143998
5,0.2364491808619107,0.20042033585171345
5,-1.0769133845918022,-1.1504441932149794
5,-1.4475408383144721,-1.4866776033500835
5,-1.5844523833812616,-1.4761452364116507
5,-0.5882717068423293,-1.7492485360937673
5,-1.2523433215461246,-1.4058955376624647
5,-1.3341402942756098,-1.383742668348683
5,-1.9516953204254452,-1.6501314844187949
5,-0.8767835173945651,-1.0947320848799782
5,-1.0280287236002437,-1.5807206876881914
5,-0.8726006648440432,-0.7299421661531362
5,-1.434616003271386,-1.4880376164120577
5,-1.2121155880731562,-0.9486986144646137
5,-0.7870157984620274,-0.6224747236079571
5,-0.9363309201306222,-1.2402077298145893
5,-1.5440680443502757,-1.4285260514803582
5,-1.3502480183341632,-0.9856223388532311
5,-1.249198357391113,-1.3573571797650192
5,-1.1760912590556813,-1.0019536638789817
5,-2.6812412373755867,-2.366169979011558
5,-1.2544047835720793,-1.36422053098664
5,1.1962946451439684,1.3298278107386579
5,-2.3039156839014696,-2.4386328227559564
5,-0.5456293203825044,-0.7501851491551504
5,-0.8890758416581361,-0.5993836313007361
5,-1.1594437878248467,-1.5263756529162926
5,-0.30102999566398125,-0.321672190397568
5,0.8227542135070056,0.4544892064266404
5,0.6086801142439748,-0.08291599564673924
5,0.17609125905568135,-0.09935535750004652
5,0.0,0.24611896804162783
5,0.8450980400142569,0.5587758047839374
5,-1.6964812039323238,-1.4563958190695978
5,-1.5096504795465826,-1.1640131751812364
5,-1.2730012720637376,-1.218544572642886
5,1.5442417968958626,-0.18303056035841295
5,0.11713503215564458,0.004820597833356493
5,0.0,-0.5601248499252013
5,-1.0159685076998723,-0.7358768117267374
5,0.8239087409443187,0.3979704700502662
5,-1.0053950318867066,-1.2263913311929358
5,-1.3729120029701072,-0.9550499686649957
5,-1.6020599913279625,-1.3993524197749725
5,-1.6127838567197355,-1.4125454626901683
5,-1.3353608263347194,-1.0712324049093118
5,-1.2288978680085352,-1.2907634187628496
5,-1.3736333793374502,-1.3104101299832103
5,-0.30102999566398125,0.01263162390564335
5,-1.4771212547196626,-1.3636621481495033
5,-0.4375301220789325,-0.09046485721047953
5,-2.729974285699556,-2.482895705146701
5,-2.8512583487190746,-2.614609991545905
5,-2.4004146277998926,-2.423533968935217
5,-2.5421043884868713,-2.425478349402361
5,-1.9220268061413437,-1.8685707979723944
5,0.0,-0.04078617527848263
5,-0.8016323462331663,-1.0030616308822773
5,-0.15490195998574308,-0.06726573187212775
5,-0.15490195998574308,-0.00794536210809115
5,0.47594087683390995,0.43554979538414684
5,0.22515138516644218,0.18943390177476183
5,1.247183568811728,0.11994433808911469
5,0.2863410853561561,0.23183774005398167
5,0.0,0.29811074804899124
5,1.140713219517929,0.1920406430690894
5,0.04706233224901979,0.20825742758013438
5,1.6179829574251317,0.16963101982145967
5,0.5555762556450325,0.35282578807600445
5,0.0250280057019312,0.6023904603920873
5,0.2651132542663621,0.09870927972506525
5,0.33751319193400686,0.8021067739161757
5,0.9465926090058607,0.8142892992251675
5,0.5529505287088154,0.5804897354883422
5,0.0,0.21671404569910888
5,0.0,0.22943184441014394
5,0.2986105215405681,-0.6227754318178783
5,0.1416504118618782,-0.27828209054848735
5,-0.4375301220789325,-0.4157649897993727
5,-0.7898641211887929,-0.90625123379612
5,-2.278753600952829,-1.5398539766141663
5,-0.9488474775526186,-1.2036596512399536
5,-0.8450980400142569,-1.3434194644812825
5,0.0,0.056853501574590064
5,-1.2218487496163561,-0.974696589309509
5,-0.6897293476011059,-0.515244267233408
5,-1.214843848047698,-0.7384363580664538
5,-1.7781512503836439,-1.9759480506677827
5,-0.6025554785259217,-0.3572996352329458
5,0.0,0.021830708694669968
5,0.0,0.0
5,-0.5932860670204576,-0.6065935374052376
5,-1.2009148427807128,-1.1346481762480414
5,-1.269512944217917,-0.993943020360299
5,0.0,-0.08881989797607019
5,0.0,0.03527326071297292
5,-0.3979400086720375,-0.3222124147913533
5,-0.3979400086720375,-0.04295643492481971
5,-1.9030899869919438,-1.7525125008220093
5,-0.8010296743210459,-0.9901545625942092
5,-0.30102999566398125,-0.6976588632185914
5,-1.1505139038522927,-1.6237376686955542
5,-0.6020599913279625,-1.107124010736186
5,0.0,-1.1041137107795462
5,-2.6989700043360187,-1.0322784663265951
5,-1.1505139038522927,-1.0600586462306045
5,-1.0,-1.140300705277764
5,-1.1505139038522927,-1.4820194367235098
5,-1.1505139038522927,-1.5365974112115839
5,-1.3010299956639813,-1.2361177543598076
5,-1.6989700043360187,-1.2287422707709006
5,-1.3010299956639813,-1.010068472839058
5,-1.0,-1.2166593539533994
5,-2.1505139038522927,-1.1679476551922778
5,-1.3010299956639813,-1.0594120813248238
5,-1.1505139038522927,-1.0397404621275694
5,0.38021124171160636,-0.15496895688493187
5,-0.6481031079968638,-0.6643334083081274
5,-0.30102999566398125,-0.8078302893206819
5,-0.2313940675225874,-0.7351479775010512
5,-2.975961759132561,-2.1329942879500123
5,-0.26681589513288007,-0.3161781820408132
5,-1.5835765856339492,-1.8098856497089557
5,0.0,-0.3043833589250484
5,0.08755474051312451,0.10220197219163253
5,-1.3257703732422108,-0.9867554225203906
5,-0.5296282275290061,-0.6263449469339021
5,-0.43443004088932113,-0.3587335447309591
5,-0.6989700043360187,-0.6734346866862478
5,-0.7481880270062007,-0.706542237854467
5,-0.7533276666586115,-0.8228566742647355
5,-2.928051683130893,-2.8163088284684594
5,0.7634279935629369,1.131850086952911
5,-0.3979400086720375,-0.15884603345102155
5,-0.3979400086720375,-0.17079654054889293
5,-1.4293484729236612,-1.6425586200795894
5,-1.799154196959024,-1.4693613410107764
5,-1.1893195247894361,-1.287563544282281
5,-1.2518119729937993,-1.4422753414798608
5,-1.6020599913279625,-1.532084890092239
5,-1.7659167939666318,-1.6638857298485925
5,-1.3010299956639813,-1.0001029120480225
5,0.38021124171160636,0.1451570958093294
5,-0.9783383627425621,-1.1746687309003665
5,-0.9186308678042003,-0.658703653543328
5,-0.03950854128367354,-0.4298213262252267
5,-1.0161684976948866,-0.9608004107662634
5,0.0,-0.23617190864671045
5,0.0,-0.16213058302014727
5,-2.047923552317183,-1.6401352969609884
5,-0.4824500882247298,-0.575486234570815
5,-0.6020599913279625,-0.7557212513828785
5,-1.5440680443502757,-1.4893775981596418
5,-0.43933269383026285,-0.8812645697399806
5,-0.3424226808222066,-0.7646717938952876
5,-0.5411035653865364,-1.0355517198332593
5,-0.6020599913279625,-0.7029965705632538
5,-1.4282248125765058,-1.0441528967704519
5,-0.6989700043360187,-1.1241188848340937
5,-1.0453229787866576,-1.1305680306021055
5,0.8129133566428557,0.6582312673126061
5,-1.1271716180405917,-1.3646867597376693
5,-1.0826695738934466,-1.1565252258647363
5,0.16234844215360766,0.43009870122675464
5,0.30102999566398125,-0.3290760862732411
5,0.5467806982782273,0.49336587595404646
5,0.3737315730412165,0.4119813016387364
5,0.4396128156899852,0.007081860284827135
5,0.7781512503836439,0.9786587014596639
5,-1.113943352306837,-1.3005181177025842
5,-1.2344639991151105,-1.1589413394332877
5,-1.4177484020255902,-1.430646294496003
5,-1.3374592612906557,-1.4063988076352378
5,0.13033376849500655,0.02582828226224759
5,0.15970084286751174,0.04145346352776638
5,-1.4722687519252498,-1.4025840145850108
5,0.10523540179218838,-0.0720908187870618
5,-0.103219486915064,-0.04144843081352458
5,-0.12315518386788238,-0.02425544664553909
5,-0.26240059330785037,-0.018886206272753014
5,-0.560017705442899,-0.7604976558399751
5,-0.06497800647284357,-0.11045082515520777
5,-0.3979400086720375,-0.2913114982797654
5,-0.30597457828104346,-0.19740063681218678
5,-0.31481828014961444,-0.10739632406422693
5,0.020684598859850745,0.058244439825885966
5,-0.8377438486797901,-0.49186559206582586
5,-0.08364212367298762,-0.057819237041742265
5,-0.1870866433571443,0.021770160393346085
5,0.22493982659349765,-0.06636694935939506
5,-0.653212513775344,-0.6557675606079911
5,-0.4771212547196626,-0.32417198878983955
5,-0.42881657514510785,-0.24176981453277718
5,-0.13262556527459068,-0.2141427548865627
5,-0.16481024864599192,-0.2181549875370922
5,-0.6365004335419719,-0.7173335514536535
5,-0.3819886947675881,-0.7320883646175947
5,-1.6442112696605529,-1.2581864830596434
5,0.0,-0.01751085077647537
5,0.0,-0.010663402199139629
5,0.6872467388148911,0.3917654321452584
5,0.6020599913279625,0.4344453399794328
5,-0.6684126707675615,-0.3488881613823655
5,-1.1750559916240757,-1.3436249804380715
5,-0.5728818330508298,-0.5803733962056824
5,-0.8834944309285628,-0.5647482504896968
5,-1.1317935832540487,-1.1695134418490694
5,0.0,-0.1646792852909885
5,-1.5378190950732744,-1.1759076117600773
5,-1.201852121200102,-1.1890893956520217
5,-0.4375301220789325,-0.08597628231091083
5,0.8883667301712368,0.26048896113687275
5,-1.0413926851582254,-0.9357967125855697
5,-1.4698220159781634,-1.147990981491837
5,-1.3096301674258992,-1.3043933461784485
5,-0.7403626894942441,-0.3438887810116071
5,-1.163502131747661,-1.1845721815679044
5,-0.7403626894942441,-0.27573397098188096
5,-0.6197887582883936,-0.2933148901334123
5,-2.2818796415687554,-0.2788939156439697
5,-3.4382785804926073,-2.934620987144117
5,-2.718209362321689,-2.4791288289211906
5,-2.221848749616356,-2.49094705789007
5,0.10064029100124205,0.5752241587417792
5,2.0184834056940133,1.020633589178648
5,0.7605660755825303,0.8121645809608284
5,0.5081554884596313,0.555524695410178
5,-0.3357921019231931,-0.30636116826799636
5,0.28090866594412134,0.3117208941788235
5,-0.44542775151412606,-0.3311459643959538
5,0.779368980551908,0.37556311660271974
5,-0.19897074537756954,-0.3123062395619592
5,0.0,-0.28443953803711963
5,-0.38021124171160636,-0.1687705670626495
5,-0.12963385781668002,-0.3529253870886416
5,0.9483175269293209,0.173642419994351
5,-1.2403321553103694,-1.164977445938402
5,0.0,-0.9933589665900887
5,-0.30102999566398125,-1.617891102343095
5,-0.6989700043360187,-1.375394164938173
5,0.0,-0.9934476374404144
5,0.7602607858886188,0.3895571204589994
5,-1.2552725051033065,-1.4377901635531916
5,-0.4375301220789325,-0.1428273863540349
5,-1.1437352225623476,-1.2722786709044158
5,-0.9851762236829753,-1.368404673731408
5,-2.127761895944679,-2.390932248918353
5,-0.671257016468986,-0.6784358563070717
5,-0.7403626894942441,-0.5438164921321987
5,-0.5797835966168101,-1.3042399495599057
5,-0.9530920598078918,-1.3669074625351647
5,-0.45154571957920364,-0.18999557051494598
5,-1.1702617153949575,-1.1445821180867004
5,-1.0969100130080562,-0.7037180503623245
5,0.3979400086720375,0.060711328100481125
5,0.08543019532462637,0.08555927396092024
5,0.25570701687732367,-0.006041544681558797
5,0.3444956894450719,0.09000776955734874
5,0.2850418902798513,0.02576128294277783
5,0.017374096069422862,0.01267746267173826
5,0.5301779840218366,0.36492684678789267
5,0.9487755685398032,0.9053823004381337
5,1.0215617643431134,1.0562930195425764
5,1.758268815738762,1.05175639076243
5,0.4040630937308265,0.25885511767764974
5,0.9656281191475298,0.5039647359237454
5,0.0,0.5189288276510411
5,0.9309190808567012,0.510314143660853
5,0.8476754629020675,0.45492490517846884
5,1.3017133860204186,1.299077413916244
5,0.681696234255238,0.8130159003320415
5,0.41912930774197577,0.7437476171126586
5,0.5793842293742353,0.5563471953809119
5,-1.9481683617271317,-1.724561036528527
5,-1.085171609736812,-0.9925283010750312
5,-1.518513939877888,-0.8934530268583865
5,-1.518513939877888,-1.0010186452116563
5,-1.195613398758156,-1.0029742506493882
5,-0.48293964102494424,-0.5883126656304049
5,-0.9222062774390158,-0.6572223389355254
5,-0.5727226321873777,-0.6295051140991547
5,-0.5175635621809516,-0.5620759927555374
5,-0.4771212547196626,-0.4581655612634009
5,-0.4510311361748487,-0.5627840065927611
5,-0.8003242293348354,-0.7162139398084494
5,-0.5606303747966201,-0.49490802662291344
5,0.5400459804384035,0.250525134722886
5,-1.240433142284875,-1.3867024396654972
5,0.0,-0.45408392957686156
5,-0.653212513775344,-0.5983055177032156
5,0.14305712734611742,0.3037278931075951
5,0.9070252130998657,0.7951879648213468
5,0.6552155489562255,0.539020974218673
5,0.06398920428479027,0.6869623088152531
5,0.37601512711799767,0.5552453454966852
5,0.4974363308926364,0.09751051169251886
5,-1.157551484423708,-1.5992577749713774
5,0.0,0.5330936105554236
5,-0.6232492903979008,-0.9212632887520498
5,-0.9557963375079463,-0.9212632887520498
5,-0.6139592146276698,-0.9574893525103261
5,-1.230448921378274,-0.8382307185909933
5,-0.9294189257142929,-0.6130311714858278
5,-1.326584100136369,-1.0896059062132024
5,-0.8205550989367305,-0.7989439122347375
5,-0.6777807052660805,-0.7168582599027328
5,-0.924279286061882,-0.7500688408036332
5,-0.3484546455921187,-0.529226990391138
5,-0.9393021596463882,-0.9282746059295585
5,-0.8673744347254093,-0.6404555137037866
5,-1.0,-0.8112859253526773
5,-1.152610163206158,-1.1177149157061606
5,-1.2284793285153688,-1.089065366885828
5,-0.7147642715192504,-0.7759852486332061
5,-0.6374519664168048,-0.7298286522041855
5,-0.5295093241793509,-0.6445780298707312
5,0.0,0.01962307795867372
5,0.0,-0.9100417471109938
5,-1.0483046795745548,-0.661600598549644
5,-0.9030899869919438,-0.7405122076047463
5,-0.8239087409443187,-0.5104886520151214
5,0.0,-0.7076728010105274
5,-0.7403626894942441,-0.3491325798446859
5,0.0,-0.26745674361807176
5,0.9542425094393252,0.7976882184144165
5,-1.7242758696007892,-0.791082293005906
5,-2.012837224705172,-1.0009456436882835
5,0.3494856763830949,-0.30651694512668276
5,-0.10206004319610873,-0.19670942437128772
5,-0.30435793901290786,-0.2882541184143047
5,-0.4375301220789325,-0.34448884960461973
5,-0.4375301220789325,-0.15901969280576064
5,0.0,-0.25877072847478666
5,0.0,-0.5005830790311445
5,-0.4375301220789325,-0.13763521068629114
5,0.3628008197267336,0.5597196138666548
5,0.099044142520742,0.3925151626301629
5,0.20705171474707296,0.35079838230799326
5,0.4889751563932494,0.3806031350483374
5,-0.4375301220789325,-0.1781197228498151
5,0.0,-0.3366168938635654
5,-0.09691001300805624,-0.2516254028802339
5,-0.10206004319610873,-0.554957929788727
5,-0.45154571957920364,-0.5169160689951013
5,0.01822482010619808,-0.04775726187137634
5,-0.3979400086720375,-0.17240831558428021
5,-0.046996562676223874,0.35586870372257956
5,0.0,-0.06479280579960287
5,-0.15051493100552538,0.02573402945981443
5,0.0,0.04806787460665552
5,-0.4375301220789325,-0.28274696197477955
5,0.0,-0.04946980386633218
5,-0.4375301220789325,-0.5447338971570749
5,0.0,-0.005618670503160175
5,-0.4375301220789325,-0.1054880940253069
5,-0.4375301220789325,-0.38102804491913295
5,-0.3494856763830949,-0.46691152966901484
5,-0.4375301220789325,-0.38589189403158414
5,-0.4375301220789325,-0.0664043641765672
5,-0.7870157984620274,-0.43014452090150335
5,-0.23856180154675855,-0.33127531468747795
5,0.0,0.037601307684889555
5,-0.4375301220789325,-0.3841418704756228
5,0.0,-0.23184995881447307
5,-0.23855876556918343,-0.26196631447855817
5,-0.23855876556918343,-0.24489960885868076
5,0.03959044503700948,-0.043311818749190455
5,0.0,-0.12990476664059053
5,0.0,-0.009469318947286434
5,0.0,-0.1908049518527938
5,-0.3494856763830949,-0.2565241895701123
5,0.0,-0.11144685462522705
5,0.0,-0.1601695329681144
5,-0.10206004319610873,-0.15141059615166108
5,0.0,-0.12423659431525234
5,0.0,-0.053021927516446715
5,0.0,-0.2879201722756414
5,-1.0,-1.2340577406945854
5,-0.970795845024286,-1.3325645379588793
5,-1.26884531229258,-1.2932911743100886
5,-1.6178387477170038,-1.0006818734801413
5,-1.0319167932743474,-1.416365336423808
5,-1.4119545525202408,-1.2482500947623085
5,-1.5622928644564746,-1.3927987980217955
5,-1.2218487496163561,-1.3263521146530248
5,-1.346787486224656,-1.4549271883064552
5,-1.4771212547196626,-1.526289709485497
5,-1.1222158782728267,-1.2846727079934288
5,-1.5051499783199063,-1.5293646463368091
5,-1.2218487496163561,-1.3389027305141366
5,-1.230448921378274,-1.4563760514318596
5,-1.8750612633917,-1.5289378242325882
5,-1.4771212547196626,-1.2528823376531673
5,-1.9894498176666922,-1.3226091477304274
5,-1.3010299956639813,-1.3596799243089415
5,-1.4944924455175173,-1.1948961226615293
5,-1.2171266859258019,-1.0946132492025575
5,-0.7781512503836439,-1.2084790197601614
5,-1.1687920203141813,-1.2064991564988248
5,-0.9637878273455556,-1.2425323017190395
5,-1.204119982655925,-1.3304875313974114
5,-1.5993371329924893,-1.6165496678171152
5,-1.6020599913279625,-1.421626839477808
5,-1.4419568376564111,-1.3250453041781116
5,-1.3424226808222057,-1.4013060599643297
5,-1.3010299956639813,-1.365833985989311
5,-1.4673614174305056,-1.329374236113095
5,-1.2234251378513115,-1.1569925313321727
5,-1.1972805581256196,-1.1526603276324279
5,-0.5828440935022972,-0.8567807867618482
5,-1.2430380486862944,-1.1824162114019463
5,-1.039309734009933,-1.2012797987801798
5,-1.0211892990699383,-1.1892158462155353
5,-0.4715887661197007,-1.1394367721708205
5,-1.5622928644564746,-1.3103778922510694
5,-0.5642714304385628,-1.206414071223198
5,-0.8750612633917001,-0.9293457685124603
5,-0.3679767852945943,-0.9601308037605386
5,-1.0099082886602488,-1.1758301468257746
5,-1.4969296480732153,-1.3272911202418254
5,-1.3679767852945943,-1.3200891748968444
5,-1.119475840906798,-1.3527708225977697
5,-0.896397209257529,-1.0477169340310855
5,-1.0271349293314813,-0.9793316556080345
5,-1.2690211044349935,-1.259240565010515
5,-0.7300042380759875,-0.8511432836950352
5,-0.4149733479708182,-0.6154632124301499
5,-1.1142337531748305,-1.3758148822880674
5,-1.568201724066995,-1.4084701107958781
5,-1.6272336201865851,-1.3901944294092217
5,-1.7826295580086073,-1.3767415508993104
5,-1.6232492903979008,-1.482821717266377
5,-1.404100317376856,-1.3670541301039334
5,-1.549919862969019,-1.495802953899936
5,-1.5854607295085001,-1.287679460291729
5,-1.740362689494244,-1.5622488495441913
5,-1.685741738602264,-1.5157205105870721
5,-1.7781512503836439,-1.6967747687739942
5,-1.3979400086720375,-1.6206392491373713
5,-1.3979400086720375,-1.7157560499689266
5,-1.6368220975871743,-1.0622453758432888
5,-1.5563025007672868,-1.4313250744020807
5,-1.672097857935717,-1.4643542149667041
5,-1.066946789630613,-1.4646677471517067
5,0.32292095865631154,0.41810651797125464
5,0.2643362999545369,0.2779724538478452
5,0.6316849910838691,0.4519436339546628
5,0.24231627616522466,0.2930931803087553
5,-0.020684598859850745,0.21702838007031097
5,1.3343184588344927,1.1128456112574032
5,0.48921210380499947,0.31600627267304
5,0.4012313406306154,0.4981012723109888
5,0.0,-0.22178081836770175
5,0.0,-0.1828361763328472
5,-0.5359721874027112,-0.4170477532517936
5,-0.017033339298780703,-0.34247097851076286
5,-0.6252402250373592,-0.5344283809067324
5,0.739457594727118,0.47398256281299267
5,0.9140327646090833,0.1970261534703791
5,1.063783468125422,0.2777204767534543
5,-0.04915992695985505,0.37960754156959126
5,0.37398787754650886,0.3031776704464422
5,0.05115252244738144,0.4419725086389419
5,1.0895383657052022,0.2230112082888838
5,0.3960076464390765,0.378948466903595
5,0.1309150410023241,0.2807745923717255
5,0.6690948695485366,0.6540578366929989
5,0.0,0.4471785813157816
5,0.0,0.20789429550513522
5,-1.4641562775552943,-1.2717355431696917
5,-1.491361693834273,-1.3578189759939758
5,-0.834171816391641,-1.1967565090938856
5,-0.16481024864599192,-0.6511373108737584
5,-0.3729120029701072,-0.6142473961998033
5,0.0,-0.19938542798263076
5,-1.375663613960885,-0.6963402919519757
5,-1.0287424369603837,-0.6955271847140526
5,-1.0,-0.7552923146785055
5,-0.8973376581028525,-0.7266797497804799
5,0.21085336531489318,0.16212612892841555
5,0.33459734331024915,0.06411410393203425
5,0.14266750356873104,0.08615206378094488
5,0.0,0.1249644894408764
5,-0.6989700043360187,-0.766160558369379
5,-0.5862657241447309,-0.8762686752888814
5,-0.24126179066049147,-0.5002335534160521
5,-0.6042961576315911,-0.6636637299852193
5,-1.3514394991415815,-0.9234506931926562
5,0.03347319559504491,-0.15705222712329134
5,-0.12126002279933434,-0.2725419258768971
5,-0.5217916496391233,-0.39665083249294725
5,-0.353745534848775,-0.28601314203296413
5,-0.2240148113728644,-0.2811499313972429
5,-0.21457309137857195,-0.4267783705819339
5,-0.8372727025023003,-0.7074208701525285
5,-1.0791812460476242,-1.0176813740978634
5,-0.19629464514396844,-0.4386408377325553
5,-0.37863485347665105,-0.3582049468007806
5,-0.21884323947663198,-0.4083979322433989
5,-0.30102999566398125,0.0018927142840516442
5,2.2730012720637376,1.8049495284723094
5,-1.3565473235138121,-0.5886780504417665
5,-1.8299466959416364,-1.37262222596128
5,-2.0863598306747484,-1.3823824495660917
5,-1.204119982655925,-1.0040287260954108
5,-0.9744458955276114,-1.1151144565662852
5,-1.3010299956639813,-1.785985383230469
5,-1.0461047872460387,-1.4733334804007132
5,-1.2867895565493708,-1.3927055951556921
5,-0.720159303405957,-1.2092583972919926
5,-0.8494839081883114,-1.3250607963384133
5,-1.5096504795465817,-1.7620296901860018
5,-1.694206214539955,-1.217827210267552
5,-1.361727836017593,-1.3561546098119783
5,-1.423245873936807,-1.341645040285966
5,-0.6020599913279625,-1.4400383796440392
5,-1.0606978403536118,-1.2827406804150463
5,-1.4623979978989556,-1.5662297503749167
5,-1.0606978403536118,-1.2827406804150463
5,-0.6020599913279625,-1.024380604755199
5,-0.6989700043360187,-1.0104939806251068
5,-0.29119649295493755,-1.6559829639889967
5,-1.016711483485187,-1.589597410051293
5,-0.07918124604762511,-1.602661558664659
5,-1.7007037171450197,-1.5940489078137963
5,-1.4123959250830067,-1.4979237429304255
5,-1.860338006570994,-1.5811510339373402
5,-0.6989700043360187,-1.1536461764197767
5,-2.027122999639219,-1.7285919905021097
5,0.0,-0.9970447270631072
5,-1.0,-1.0011224660464442
5,-0.7781512503836439,-0.9880629235157382
5,-1.1160933293803952,-0.9763892397811653
5,-0.7886034270071542,-0.7919324279269417
5,-0.7659134344264231,-0.4981390961981369
5,-0.25257524375317963,-0.3686021631846467
5,-1.8631777324726881,-2.3032416900543806
5,-1.3285944813986372,-1.432122658236215
5,-1.4572610905261802,-1.8560763679061227
5,-0.8764529154743927,-1.1068907238189265
5,-0.6093024240119345,-0.41134430111268616
5,-1.116607743988249,-1.0309801953442774
5,-1.0,-0.6322457251460508
5,-0.4637572931616809,-0.7635662704824807
5,-1.1012313867906984,-0.7916662977736819
5,-1.3135157072120407,-1.0913907034886396
5,-0.7781512503836439,-0.8873019137288526
5,-0.6020599913279625,-0.8500928040594877
5,-0.2527253160894265,-0.622495615287483
5,-0.8603380065709931,-0.774650683666257
5,-1.1832698436828046,-1.1984954972039552
5,-1.3273589343863303,-1.2215361571668748
5,-1.423245873936808,-1.191500281974394
5,-1.113943352306837,-1.1341205252799662
5,-0.7781512503836439,-0.6789218973551222
5,-1.345700390583442,-1.3605723115431916
5,-0.8485957325996907,-0.6113102688369615
5,-1.3273589343863303,-1.2410065930179635
5,-0.6210485668845678,-0.6016335402740242
5,-0.6308635491781667,-0.5796257654155275
5,-1.3587133852703195,-1.2359355817234143
5,-1.198657086954423,-1.0012732199665066
5,-1.0299632233774432,-1.0318122271940984
5,-0.8692317197309762,-1.0553713748254787
5,-0.7893594719752786,-0.9540140015042295
5,-1.1674910872937634,-0.9461249747669779
5,-0.6863808770279984,-0.8620161706341264
5,-1.2787536009528289,-1.1846222091548133
5,-0.8450980400142569,-1.218137653188659
5,-0.9542425094393252,-1.319791872754867
5,-1.230448921378274,-1.319791872754867
5,-1.2430380486862944,-1.2635099406004655
5,-1.3979400086720375,-1.3196027696245671
5,-1.008773924307505,-0.9097781884489305
5,-0.8750612633917001,-0.9292901295153925
5,-0.062470157628469636,-0.0769003385756738
5,-0.9777236052888476,-0.8940844259127064
5,-0.7528453851188743,-1.0223324919073984
5,-1.0400417532438473,-0.8799445548074813
5,-0.8450980400142569,-0.8342785348195478
5,-0.9294189257142929,-0.810339416987836
5,-0.7781512503836439,-0.7183406176036842
5,-0.871426978736606,-0.9280026451417736
5,-0.3979400086720375,-0.5730586080238185
5,-0.30102999566398125,-0.7262539776981106
5,-0.6020599913279625,-0.6313132190623563
5,-0.5797835966168101,-0.5885147379946606
5,-0.6671781699121677,-0.8261076882443206
5,-0.8111515104865692,-0.8392881689508215
5,-0.8893017025063106,-0.8472348262232471
5,-1.0211892990699383,-0.8274330998515701
5,-0.720159303405957,-0.8154251561287019
5,-1.164810248645992,-0.9097525897999246
5,-1.2319490765206824,-0.9490500502223462
5,-0.639201799332529,-0.5509035229037583
5,-0.9084850188786495,-0.6072023085067262
5,-0.6020599913279625,-0.7043609096508954
5,-0.17609125905568135,-0.4832737824028326
5,-0.4771212547196626,-0.4862801958857228
5,-0.4890204780193699,-0.47496867108092855
5,-0.8593810591065383,-0.6063809744918061
5,-1.058866659220822,-0.6852294154583746
5,-0.4452738874676685,-0.6397638365105689
5,-0.8332487671984614,-0.5155040597983706
5,-0.6812412373755876,-0.4868757543150082
5,-0.3907614240449142,-0.6541586828302806
5,-0.9507819773298181,-0.949227660536302
5,-0.9496948816886039,-0.9364176540614921
5,-1.269512944217916,-0.9307757680173562
5,-1.1144715220966255,-0.9351889347806615
5,-0.5362140692640596,-0.4851661727752532
5,-0.37807772066634104,-0.2982656493763401
5,-0.043979078559606144,-0.1493914029156467
5,-0.3019975225857179,-0.056227676426413395
5,-0.03959097388207855,-0.1556786284159491
5,-0.5740312677277188,-0.42576594380430316
5,-0.7215358322347605,-0.8591151375107193
5,-0.7556976287849455,-0.6661837684157821
5,-0.15902343259638752,-1.4257883906672586
5,-1.2833012287035501,-1.2102357439861635
5,-0.8670923337204242,-0.9240082779995931
5,-1.361727836017593,-1.360515312465908
5,-1.3309932190414244,-1.349467008232399
5,-1.7817553746524686,-1.7251055347988
5,-1.653212513775344,-1.7544679905926455
5,-1.3233063903751336,-1.6293191480258578
5,-1.0969100130080562,-1.3958278420657524
5,-1.550907468880581,-1.509636872593113
5,-1.7676858167054785,-1.5437771860316545
5,-1.5166297960033361,-1.3446936976918316
5,-1.2671717284030137,-1.5430947496839926
5,-1.5468790216841048,-1.403157468217041
5,-0.6020599913279625,-1.168124197286623
5,-1.4065401804339555,-1.1561558495277442
5,-1.0543576623225928,-1.1756278181442963
5,-1.1903316981702918,-1.2293088442457076
5,-0.9488474775526186,-1.383341627242128
5,-1.329058719264225,-1.812487145749698
5,-1.4771212547196626,-1.2794251799423701
5,-0.7781512503836439,-1.1493075971132547
5,-0.5440680443502757,-0.8624594037251676
5,-0.8336685782334747,-0.9327895556056062
5,-1.032470767425007,-0.924996727569346
5,-1.5158738437116792,-1.1153500149221416
5,-1.079181246047625,-1.6330184923531936
5,-1.1249387366083,-1.0758458884250013
5,-2.6020599913279625,-2.071375836403992
5,-1.7533276666586115,-1.7589514844742231
5,-1.2367890994092932,-1.588867640093236
5,-1.3716110699496884,-1.423092993838936
5,-1.3881801713828814,-1.9008728731381266
5,-1.3136191229720016,-1.610098467795031
5,-1.6812412373755876,-1.505358895638806
5,-0.7825160557860933,-1.4118143709535405
5,-0.9719712763997563,-1.130317453382978
5,-0.5228787452803374,-0.8160470582057903
5,-1.079181246047625,-0.9564712097657975
5,-1.113943352306837,-0.9342903839865645
5,-1.1362197470179893,-1.0580018986165802
5,-0.8450980400142569,-1.09201796050146
5,-1.0,-0.8122617697932316
5,-0.8189453214127687,-0.8258958518819217
5,-0.9866360384420183,-0.7576439001119537
5,-0.6066557430171109,-0.5259254220561164
5,-0.9782807503067641,-1.1851930908605985
5,-2.236572006437063,-0.7751047804599375
5,-1.0377885608893997,-0.6756471818590164
5,-0.5149098156090623,-0.683289197426282
5,-0.6812412373755876,-0.7569872639344069
5,-0.9542425094393252,-1.1100704266094317
5,-0.7781512503836439,-0.8031629815014601
5,-0.9586630443823552,-0.860680905750079
5,0.3979400086720375,0.8900343629562613
5,-0.8715984310129157,-0.4640706862291723
5,-0.7781512503836439,-0.3826507662509846
5,0.2710667722865372,-0.31110090380867594
5,-0.03802504032998488,-0.21347955239130129
5,-0.18945522061366304,-0.297025337417634
5,-0.8582433345911813,-0.8389422985316263
5,-0.865301426102544,-0.7292451730430404
5,-0.15490195998574308,-0.176224733620816
5,0.0,0.0
5,0.0,-0.008131937360398175
5,0.045757490560674796,0.0067039063201976305
5,0.5440680443502757,0.42810894583235665
5,0.30102999566398125,0.6416949851787084
5,0.6989700043360187,0.7836270400582716
5,-0.7191733904243058,-0.7685471849334706
5,-1.2025435944209697,-1.0163266758637837
5,0.7781512503836439,0.24363669658603485
5,-0.7975798022219696,-0.8313778033287162
5,-0.664275121121892,-0.7553979490008451
5,1.142667503568731,0.9668873822218126
5,1.5191825997203736,1.0080904170229152
5,0.6340291974030041,0.4342809791266747
5,-0.3979400086720375,0.22749339031727359
5,0.8642501740085482,0.5068856401891821
5,0.9286677731244328,0.7465258885716952
5,-0.8239087409443187,-0.3651374745400117
5,-0.5880452543028749,-0.3873860740653188
5,-0.30468545801217406,-0.42522734273797247
5,-0.4708378638870405,-0.40643150949102214
5,-0.8284563686950399,-0.5003135747472778
5,0.0,0.07323257226797138
5,0.30102999566398125,0.41934695891325063
5,-0.6941175015416068,-0.654073736518395
5,-0.3580684966343455,-0.5937102594798167
5,-0.44855000202712425,-0.7421613677718395
5,-0.6932176754469275,-0.7706803761596843
5,-0.30102999566398125,-0.7020077777618604
5,-0.6600519383056493,-0.44066104393499883
5,-0.513333427374107,-0.7898020404146129
5,-1.0321846833714012,-0.7930214072268867
5,-0.661181443446619,-0.6421335897378863
5,-1.359021942641668,-0.9201003609807441
5,-0.20969986003676055,-0.6379821495929546
5,-0.18563657696191171,-0.4304760996936352
5,-1.1014576407587775,-0.7548357905216213
5,-1.2126080928814442,-1.0192759938523372
5,-0.7646814476302044,-0.8360128175844246
5,-0.4983105537896009,-0.8650314386802243
5,-0.9128498242810998,-0.8138363053532498
5,-1.3010299956639813,-0.8209068136173289
5,-1.5051499783199063,-0.9651323968113872
5,-1.5913361259361896,-1.243990401365898
5,-1.249198357391113,-0.8495862715884948
5,-1.25927524755698,-1.0469297490232063
5,-0.653212513775344,-0.7726045795837286
5,-0.6478174818886373,-0.9005826351065971
5,-0.8750612633917001,-1.13579081460362
5,-1.2108533653148932,-0.8487929256438378
5,-1.2240148113728644,-1.1745534343644284
5,-1.1026623418971475,-0.7942384374905059
5,-0.7119349815003861,-0.6549461199383027
5,-0.16713641640275423,-0.5386968046913925
5,-0.6355830254716253,-0.5418410120375531
5,-0.914828390263188,-1.1178597231852627
5,-0.6812412373755876,-0.5629703915549813
5,-0.38021124171160636,-0.640964607514496
5,-0.4503280781317258,-0.4754285651825253
5,-1.0735773685296266,-0.7590833321082046
5,-1.1201398537265312,-0.8948423654240423
5,-0.9363309201306222,-0.9530333700881612
5,-0.5585942975468718,-0.3758641157173676
5,-1.1804560644581317,-0.6442741073620892
5,-0.5650764250747926,-0.605015039298874
5,-0.8885079871189472,-1.023223392245915
