fold,y_true,y_pred
1,-0.5228787452803374,-0.8368896495315536
1,-0.1870866433571443,-0.07924734451540466
1,0.0,0.13164944454420843
1,-0.18298277912757221,-0.12264789707879249
1,0.8147100267930405,0.27581462847500404
1,0.7519810160233398,0.19362967889928964
1,-0.848732324669351,-1.0216441844765776
1,-0.9208187539523749,-1.0005228534876927
1,0.13214362297518534,0.2964299903390537
1,0.24551266781415038,0.16470007105639048
1,-2.4569178686313755,-1.3484800151611511
1,0.2491831573502452,0.25790558917745093
1,-1.8927900303521312,-1.3726304118071946
1,-0.40461782558408554,-0.379476244425516
1,-0.6532125137753431,-0.6547243086096391
1,0.23027753297520626,0.19832204112727447
1,-0.8239087409443187,-0.6458506471529827
1,-1.4771212547196626,-1.3177017299884295
1,-0.7403626894942441,-0.5415459777686205
1,-0.518513939877888,-0.7334945365389206
1,-0.8872957198087112,-0.6012231467371655
1,-1.7659167939666318,-1.0924533317340093
1,-1.857332496431268,-0.7379566744834604
1,-1.113943352306837,-0.98985227014553
1,-0.3646990755333581,-0.5451720371531742
1,-0.6796648491406323,-0.6815726165050077
1,-0.8286038621526988,-0.7188290851338912
1,-0.9560945143009185,-0.5789242287479368
1,-1.375010048025798,-0.9891603320030942
1,-0.6557448502907386,-0.7172572847815473
1,-0.5528419686577806,-0.7540617644091268
1,-0.842392146638332,-0.5638444723608691
1,-0.6283889300503116,-1.0909248032507475
1,-0.09691001300805624,-0.3267371419275386
1,-0.17609125905568135,-0.5356504532391888
1,-0.9562910721145945,-1.06719316583659
1,-1.3847117429382827,-0.9362745699384197
1,-0.338818556553381,-0.36362315111403926
1,-0.2594721481223612,-0.3412244207071143
1,-0.034762106259211834,-0.059185412633139825
1,-1.7596678446896306,-1.361902872001241
1,-0.22041068710403877,-0.5791062040356098
1,0.08715017571890016,-0.5687706423510703
1,-2.113943352306837,-1.743495138823692
1,-1.5440680443502757,-1.384604230697358
1,-1.2552725051033065,-1.5281786528179335
1,-0.17609125905568135,-0.5749982464186275
1,-1.4819201376014313,-1.0771510438758196
1,-1.2777586532509932,-1.2548144567056243
1,-0.23699208818695627,-0.3373746879687791
1,-0.7661581357243872,-1.1331518743198705
1,-0.8538719643217618,-1.1829259233302183
1,-1.2730012720637376,-0.9912633808303576
1,-0.5963076624388712,-0.6321437228392119
1,1.2109864416088412,-1.0583189591410982
1,-0.821260595654631,-0.878998974949703
1,-1.0907145515668137,-1.0455299586916618
1,-0.5440680443502757,-1.2633555627494792
1,-0.3679767852945943,-1.1649676150652197
1,-0.5740312677277188,-1.1020692846815316
1,-1.3010299956639813,-1.2881153481321468
1,-1.5563025007672877,-1.2967265661526612
1,0.3666259460036354,-0.21888803256228628
1,0.09311702399091715,-0.15217155359268067
1,-0.19904045712664953,-0.27042062708164133
1,-0.3319791320230756,-0.4957560472129368
1,-0.4913616938342731,-0.5526724319572367
1,-0.151267675330649,-0.543764247986938
1,-0.19836765376683374,-0.36098612279257014
1,-0.10266234189714751,-0.2964699568843777
1,-0.09691001300805624,-0.26573448175810477
1,-1.3473300153169498,-1.2653032733124112
1,-1.3979400086720375,-1.139710710711387
1,-1.414249617943785,-1.1719463020611576
1,-1.1702617153949575,-1.1043523516195461
1,-0.9774341721012583,-1.2071099035076265
1,-1.1939099072010784,-1.1873825646041538
1,-1.4254760431426394,-1.2144069485887874
1,-0.08715017571890016,-0.8438160539609467
1,-0.30102999566398125,-0.4735383130443421
1,-0.4220736883887568,-0.7730683344684876
1,-0.6115358832118396,-0.8045872520289196
1,-1.1793876276849105,-0.7836434872736815
1,-1.4360690591766065,-1.1565942974936898
1,-0.7367585652254185,-0.7415372255920584
1,-0.6538152820635048,-1.0442321529051741
1,-0.8066928866262923,-0.6548652780326526
1,1.3424226808222066,1.0039538745472092
1,-0.338818556553381,-0.32525128408297577
1,-0.39280036901962667,-0.37832403866256065
1,-0.4771212547196626,-0.32068281900378165
1,-0.08432088570003593,-0.3761696522313598
1,-0.5026753591920503,-0.37506066720375686
1,-0.31361912297200156,-0.35118452911342984
1,-0.4771212547196626,-0.44676508862575665
1,-0.7781512503836439,-0.9884643351293738
1,-0.7781512503836439,-0.9457159299115513
1,-1.6127838567197355,-1.4244318491775954
1,0.1626059156547921,0.3122594177308532
1,0.17596999855457174,0.30441858389688975
1,-0.8061799739838875,-1.0245829192321632
1,-1.4093694704528197,-1.6572948262047367
1,-1.232996110392154,-1.1611373095929691
1,-1.3222192947339195,-1.381362203021762
1,-1.0,-0.8823854257464236
1,-1.0,-0.8823854257464236
1,-1.2218487496163561,-0.8142244635168132
1,-0.9208187539523749,-0.8142244635168132
1,-0.30102999566398125,-0.8250319569115877
1,-0.7403626894942441,-0.8250319569115877
1,-0.5000014867943587,-0.9608661812394024
1,-0.6170416326987436,-0.9170125148745012
1,-0.6944924064814408,-0.9617167721958065
1,-0.15490195998574308,-0.11140289487448107
1,-0.8450980400142569,-1.2778418167491017
1,-0.04390548569908148,-0.4060380045517625
1,-1.845098040014257,-1.8123012209220948
1,-0.5127853228438921,-0.5868681436524631
1,-0.8004276450947962,-0.506158735677719
1,-0.23303291656887026,-0.33137992761544355
1,0.0,-0.05869352318501038
1,-0.9777236052888476,-1.1580345185285057
1,-1.1949766032160545,-1.1859713642784235
1,0.0,-0.18097408139001567
1,-0.11092602757466441,-0.18809494350944053
1,-0.330413773349191,-0.3009676490331213
1,-0.5228787452803374,-0.5935513757421024
1,-1.7346855566025532,-1.4658882819330368
1,-1.7269987279362624,-1.657133481255534
1,-0.17609125905568135,-0.7880567902392454
1,-1.1136577261986105,-1.346094307914606
1,0.0,-0.11152058153262978
1,-0.21329251923852954,-0.40063360831914346
1,-0.5606673061697371,-0.5091969451274391
1,-1.2965756542377314,-0.7642760613563737
1,-0.7822037943948406,-0.7450000098194135
1,-0.045757490560674796,-0.8106696836793447
1,-0.8372727025023003,-0.7413250638662842
1,-0.5823398090037069,-0.6889776018534688
1,-1.0731070983354316,-1.3173108944912502
1,-1.391492252121295,-1.3081924726625436
1,-0.537441864015932,-0.70307573485548
1,0.15862972606545167,0.22138433516769962
1,0.050824057875670015,0.2061959167762228
1,-1.157607853361668,-1.5115389567438313
1,-0.7102510147457082,-0.7807676303725488
1,-0.7841416140728308,-0.32145287623797797
1,-0.3290587192642249,-0.2485789337934061
1,-0.35843146738836396,-0.3397842379776704
1,-1.5314789170422554,-1.524529344763103
1,-0.5131189079911813,-0.9030563531334961
1,-0.6575773191777934,-0.9171710163762562
1,-0.3258535793890127,-0.24548498715521994
1,-0.5026753591920503,-0.39642901310224893
1,-1.8481891169913984,-1.9781962043359889
1,-1.7160033436347994,-1.6293967090320642
1,-1.3222192947339195,-1.39942123184231
1,-1.8239087409443187,-1.3889535383949292
1,-1.2218487496163561,-1.5644769897683344
1,-1.920818753952375,-1.4210548405665413
1,-1.3010299956639813,-1.5264737962675783
1,-1.6478174818886373,-1.383619162505447
1,-0.6564176536505553,-0.7935806866628374
1,-0.31162627680464805,-0.4696140686268196
1,-0.9156106297958564,-0.3742401363536237
1,0.07207557205669168,0.09252100129224171
1,0.11554450392951221,0.08167254253157308
1,-1.857332496431268,-1.3758918082457787
1,-1.3802112417116064,-1.177196571414499
1,-1.3172455399021716,-1.2919596635855546
1,-0.4631243644872516,-0.5198133596405189
1,-0.3802112417116055,-0.6316202037324617
1,-0.7367585652254185,-0.6323287437780203
1,-0.2932046581520247,-0.6920326286095757
1,-0.9673308832466319,-0.7982088483260737
1,-0.30102999566398125,-0.275457700632279
1,-1.3010299956639813,-1.5564780875775661
1,-0.25719143823949153,-0.46636591602108424
1,-0.7781512503836439,-0.6725232229894541
1,-1.5096504795465817,-1.4444066563255697
1,-1.2757241303992117,-0.7811151995570925
1,-0.7346855566025532,-1.1479512329741148
1,-0.0778376825188154,-0.22392030187062922
1,-0.3532285486607716,-0.24198144324742932
1,-0.32561926889943305,-0.27505337347075276
1,-0.5234987817733794,-0.5451284738018202
1,-1.7853298350107671,-1.5735642134231234
1,-1.6283889300503116,-1.3451447410053463
1,-1.7781512503836439,-1.317452826056721
1,-1.6434526764861879,-1.3099036543287548
1,-0.20618429695565865,-0.597303778344468
1,-0.29329754543329045,-0.5555217503408306
1,-0.5901452216989629,-0.6352083221739661
1,-0.1934653551251042,-0.28873800151037404
1,-0.2561333467764424,-0.3154468769236985
1,-0.6493280729138764,-0.581026411193599
1,-0.7870413936722933,-0.6910611778554508
1,-0.7057484281664701,-0.6912358613458645
1,-0.151267675330649,-0.39999409519669465
1,-0.6368220975871743,-0.7205050832037517
1,-1.0248235837250323,-1.0973533683128283
1,0.0,-0.1312184527911494
1,0.1269361523324415,-0.11287930348269377
1,-0.11703400894496152,-0.12209168006152982
1,-0.11423889126475562,-0.181041867129925
1,-0.2883405423673189,-0.5520042567074617
1,0.058942442808219475,-0.21065005562448336
1,0.03799098199858886,-0.16603493983205106
1,-0.24183795360414884,-0.25327467433427797
1,-1.740362689494244,-1.262406695152572
1,-0.27754889981445885,-0.38508414272980757
1,0.795880017344075,1.050252599090729
1,0.8239087409443187,0.9382638853223759
1,0.0,0.08661806275007161
1,0.0,0.022753588806760303
1,1.0,0.16100574505135884
1,-2.1962946451439684,-1.1309078181394325
1,0.0,0.03882008595851592
1,-1.2879675228247383,-1.333647898285665
1,-1.3710678622717367,-1.3287517851060175
1,-1.2812859374682244,-1.3327286756899992
1,0.0,-0.003110851653442239
1,-1.0413926851582254,-0.18064863319299312
1,0.0,-0.1998900795553525
1,0.15490195998574308,0.027169367767250315
1,-0.3231801236256153,-0.11102257205593723
1,-0.7569619513137056,0.033731371275399526
1,0.08459549492948426,-0.2256203669299724
1,0.0,-0.017415948902044898
1,0.0,-0.0003397285625853641
1,-0.49642640991504905,-0.3453317717906787
1,-1.0579919469776868,-0.8140238809629687
1,-0.8129133566428557,-0.0822183690025183
1,0.0,0.10401757837783929
1,0.0,-0.07353329095980247
1,-0.8029748341086753,-0.6914831533502843
1,-0.653212513775344,-0.5214343025111551
1,-0.5314789170422554,-0.626868707234107
1,-0.2181760471203864,-0.5612024479313138
1,-0.6197887582883936,-0.6477438258762572
1,-0.6368220975871743,-0.6852115471639452
1,-0.6307051727774926,-0.6311719225408315
1,-0.3708529182030551,-0.39658792879938515
1,-0.6989700043360187,-0.7081925849351569
1,-0.5440680443502748,-0.5584334208795427
1,-0.07195673106437983,-0.44750112968580297
1,-0.134698573897456,-0.4169488455522172
1,-0.134698573897456,-0.44791216370716813
1,-0.24111497034742868,-0.48496666788489956
1,-0.24688706485721124,-0.5412447447149342
1,-0.4089783902986097,-0.5339105833169056
1,-0.57945220058249,-0.3889360749464342
1,-0.2264874530687644,-0.4199045008798185
1,0.7738298766010017,0.7396049368544385
1,0.7708735973913923,0.42986405614962453
1,0.6215133726311741,0.6827952365963538
1,-0.7403626894942441,-0.9976701985571852
1,-2.219924961390217,-0.5363454066880384
1,-1.3159703454569183,-0.8530440432485527
1,-0.48840226512935203,-0.3966737976405275
1,-0.1842857376709528,-0.2814946469166986
1,-0.2887955392469692,-0.35040144980114285
1,-1.3853508813640172,-1.2493780585516625
1,-0.43365556093857194,-0.4196175136825132
1,-0.6020599913279625,-0.7843553162251028
1,-0.7403626894942441,-0.41688574268180434
1,2.0639897471525535,1.2844254360803313
1,-1.5112755309539683,-1.1861757455426616
1,-0.6973585201794386,-0.6633595330386496
1,0.9935975083908692,0.7072375493796862
1,-1.113943352306837,-1.3190833735715983
1,-0.30102999566398125,-0.31806340666803695
1,-0.5593080109070119,-0.7975584573900184
1,-0.9145698046753736,-0.6629232562769926
1,-0.5929166118880929,-0.6840203760902398
1,-0.7290424704462488,-0.5430508110545316
1,-0.5806618466267324,-0.4444507866496174
1,-0.32658410013636896,-0.4092968076958071
1,-0.43572856956143724,-0.48475422390701456
1,-1.3661962846069269,-1.1884637919640437
1,-0.6917914197088955,-1.2355616850958153
1,-1.7781512503836439,-1.4438805233951861
1,-1.3929480631145381,-1.271156913557409
1,-1.5563025007672868,-1.2650764053244694
1,-1.2648178230095368,-1.2251819399322517
1,-1.5051499783199063,-1.2195431561236827
1,-1.4375303314980883,-1.2456852030423646
1,-0.5633074023359459,-1.1654335821698616
1,-1.6690067809585756,-1.5865423453740026
1,-1.4623979978989556,-1.3498808920350345
1,-1.621365146523349,-1.3338662854101724
1,-1.3424226808222066,-1.2507891743550816
1,-1.3802112417116064,-1.2889512860019883
1,-1.5118833609788744,-1.2432561450499593
1,-1.6922366216770506,-1.2583062386201027
1,-1.2713436575250547,-1.3769560982278457
1,-1.6020599913279625,-1.644385227634779
1,-1.6926266329514812,-1.4555643175146356
1,-1.3950350180286302,-1.4708470868174326
1,-0.9852767431792939,-1.3356967712390706
1,-1.213879819945081,-1.2028706208243929
1,-1.1903316981702918,-1.2171191182989876
1,-1.568201724066995,-1.1865448668209047
1,-0.5835765856339492,-1.2815749839905342
1,-1.463757293161681,-1.3513176120795505
1,-0.7781512503836439,-1.2971162684176747
1,-0.5414009255363963,-0.27813276159291983
1,0.0,-0.3627823850193259
1,0.0,-0.18438579697202623
1,-0.592283252461411,-0.6251378911494259
1,-0.7995866783816217,-0.6222727395811825
1,-0.7995866783816217,-0.5960098159447071
1,-0.3386461832699501,-0.7002286763064454
1,0.0,-0.550092280398956
1,-1.0,-0.7760878488534578
1,0.0,-0.706195886572174
1,-1.4085356813507763,-1.39045383991921
1,-0.5440680443502757,-0.6189457046869049
1,-0.6261936710446818,-0.7276493416926441
1,-0.6166840828366942,-0.6122603601457344
1,-0.5094905478629839,-0.5789178785534116
1,-0.3701817373529268,-0.26837649117884865
1,-0.6687167679381805,-0.5854973953213168
1,-0.16883592022309912,-0.7012015442899275
1,-0.465435496394468,-0.7292388677319355
1,-0.6375175252488257,-0.5217140311021226
1,-0.5253393438279943,-0.6081162239834011
1,-0.9241466973013024,-0.6441992063988532
1,-0.5603052432209612,-0.5575554674062875
1,-0.8325089127062357,-0.5229759635936397
1,-0.45842075605341925,-0.5754109028649687
1,-1.803261970966675,-1.539808192666234
1,-1.5440680443502757,-1.418817983691455
1,-1.3765769570565123,-1.4292218977297932
1,-1.4842998393467859,-1.3962573216623417
1,-1.2229067147726909,-1.4822596804569708
1,-1.0522732830226769,-1.350013006768834
1,-1.4892551683692599,-1.4704006313685596
1,-1.515211304327801,-1.3258971406048596
1,-1.3273589343863303,-1.2878586543874233
1,-1.2552725051033065,-1.2843131157104477
1,-1.1792963989308927,-1.4074367168845954
1,-1.1072099696478688,-1.309821435193275
1,-1.5390082455808738,-1.3386651324024412
1,-1.03252922482692,-1.3881206028401096
1,-1.4259687322722812,-1.3027543162486452
1,-1.230448921378274,-1.336891883886843
1,-1.4847742189481874,-1.3527056057725673
1,-1.6077371242196534,-1.3603487454979912
1,-1.5490032620257876,-1.7716738577823024
1,-1.6309361190641916,-1.557518330469295
1,-1.8388490907372557,-1.6768769214440276
1,-2.0253058652647704,-1.5374601845222273
1,-1.7895807121644252,-1.5503957291761414
1,-1.5235463772056734,-1.5447608682620324
1,-1.7638682312913625,-1.7138788694699079
1,-1.5161145167474324,-1.7886989379152782
1,-1.9190780923760737,-1.6902583604023464
1,-1.8908555305749317,-1.5232072930162288
1,-1.5217916496391233,-1.5707626197806648
1,-1.8139896756123504,-1.6451211925940765
1,-1.7472175361399929,-1.7886989379152782
1,-1.8769871844277386,-1.6902583604023464
1,-2.0050374406916136,-1.5232072930162288
1,-1.5708022975975204,-1.5707626197806648
1,-1.670941280735775,-1.6451211925940765
1,-1.3868964149592022,-1.8141444229638102
1,1.3112676473584868,0.6743014734078397
1,-0.9208187539523749,-1.4108744747700448
1,-0.16744070218066032,-0.348712676402566
1,1.8716854964785021,1.4301081510031224
1,-0.2373609157946035,-0.6803077365743936
1,0.15490195998574308,-0.46313182129701064
1,-0.38021124171160636,-0.9144058002015224
1,0.0,0.00473845748782324
1,-0.638489256954637,-0.6139006268087575
1,-0.6275071135404424,-0.5886400387292291
1,-0.7989348563069356,-0.7080896786145562
1,0.09626075003694723,0.2216416482486535
1,0.0,0.013909013892922787
1,-1.079181246047625,-1.016643453998157
1,-1.230448921378274,-1.018527622626174
1,0.2905645619858168,-0.4145120299464914
1,-0.1424081458531088,-0.34899905456228
1,-1.0078253375119566,-0.6735393278105526
1,-1.08167004645132,-0.662087755662451
1,-0.43503034677132746,-0.6573477856807642
1,0.7403626894942441,-0.5622140258330504
1,-0.7403626894942441,-0.45053617368974685
1,0.0,-0.3443410549379504
1,0.0,-0.11752276124963151
1,-0.36558397217870375,-0.5717006422216728
1,-0.7318660629392069,-0.6824338587983148
1,-0.59462441779272,-0.6285331763932779
1,-0.7092460664759814,-0.6146664455059436
1,-0.6467919926709484,-0.641467405252926
1,-0.5188198888034705,-0.6912467225832165
1,-0.21992282858031764,-0.34312961807447645
1,-1.3424226808222057,-1.2931079460898045
1,-1.795880017344075,-1.2646450800570874
1,1.9180709017839055,1.2096941137297146
1,0.0,0.029297439282032718
1,0.0,-0.30517380555062984
1,-0.5932860670204576,-0.39054983126230836
1,-1.4948500216800937,-1.1982618012642334
1,-0.7781512503836439,-1.1655925682378037
1,-1.2430380486862944,-1.3210434876820942
1,-1.2552725051033065,-1.3340398602713546
1,-1.7481880270062007,-1.2895232799131264
1,-1.230448921378274,-1.46476824316815
1,-0.5633074023359459,-1.2597445781991448
1,-1.113943352306837,-1.4052719520315522
1,-1.359021942641668,-1.442600591036858
1,0.6210419042802515,0.34522290799664895
1,-0.5497508916806391,-1.1576108942370829
1,-0.2730012720637376,-0.8021131129555766
1,-0.91832995354868,-0.916550395156887
1,-0.46488679830265056,-0.5926684221923891
1,-0.858193338104404,-1.134030227400068
1,-1.3802112417116064,-1.3736780082584503
1,-0.6478174818886373,-0.9565568690041273
1,-0.7533276666586115,-0.8084965040293233
1,-1.276206411938949,-1.4080283011058234
1,0.0,0.4488212995030778
1,0.2705922030369319,0.42905031351729683
1,0.48323932891565047,0.4221379483519327
1,0.2127271121038934,0.37350548913372833
1,0.10584251126615385,0.2419406928258728
1,0.8675245105715961,0.7744917065846779
1,0.7187630910163998,0.7554584849999437
1,-1.01598810538413,-1.109521810508386
1,-0.06494080693301463,-0.33448310449081703
1,-1.0280287236002437,-1.5572469732269911
1,-0.781944239400783,-0.849051301606951
1,-0.6146491186359828,-0.8810200687217216
1,-1.4983105537896009,-1.2482800641671303
1,-1.7303784685876424,-1.4165702421694066
1,-1.026328938722349,-1.3459840178286921
1,-1.1382316259813603,-1.2375711881798674
1,-1.39863532528872,-1.3922073130187151
1,-0.6197887582883936,-0.751959468523729
1,-2.5672978850687507,-0.7656428279188492
1,-1.0,-1.1764971884137179
1,-1.4522976709946303,-1.2802288321428563
1,-1.5304131631775952,-1.2796330795730768
1,-0.6020599913279625,-0.5877871794074072
1,-1.4074853265782679,-1.314599252605711
1,-1.5440680443502757,-1.474940975053322
1,-1.5772364076029302,-1.5043965553877834
1,-1.3123110060736707,-1.3050873248895924
1,-1.120162472641768,-1.2683035538634018
1,-1.3979400086720375,-1.5441265315468007
1,-2.1652019166255547,-0.5029242807067343
1,-1.6707758036974223,-0.7823256104308701
1,-1.5096504795465826,-0.9061724178028362
1,0.9951744561107096,0.6317993200802909
1,-1.0234810958495224,-0.8217235965810203
1,-1.079181246047625,-1.2841458772603231
1,-0.7191733904243058,-0.7666880127374982
1,-0.9208187539523749,-0.8857762543182662
1,-0.9190101329859175,-1.2666448840067048
1,-1.2001830911637823,-0.9799736946827874
1,-0.9848085011049292,-1.2753798596900157
1,0.0,0.025224824751008484
1,-1.3446105669703812,-1.289959985970126
1,-1.1856365769619117,-1.2658150151754817
1,-1.40823996531185,-1.4000322703636656
1,0.0,-0.31270211388498176
1,0.25720393228495464,0.3813198534420228
1,-1.230448921378274,-1.2981428135846178
1,-1.1111504521226667,-1.263054044832907
1,-0.7403626894942441,-0.6045530810542417
1,0.0,-0.3499763813114165
1,0.0,-0.2619834973489523
1,-0.15490195998574308,-0.08312920303707601
1,-1.0579919469776868,-1.289204237884193
1,-0.7049193368492208,-0.6265687968244011
1,0.0,0.0044856313520778455
1,0.4636797336504639,0.4062339380650357
1,0.014723256820706965,0.19971869519943758
1,1.0058452360414192,0.5215778039678869
1,1.140713219517929,0.21733203913744029
1,0.0250280057019312,0.5737367117197176
1,1.2397082152473793,1.0550310627576192
1,0.424029543381379,0.36505640727129157
1,0.0,-0.07956520911596145
1,0.0,-0.03497399397576424
1,0.0,-0.01308248352669163
1,0.0,0.013883005305179648
1,-2.1687920203141813,-1.2492429267795777
1,-0.15490195998574308,-0.14304954158851493
1,-1.1249387366083,-1.14399068497169
1,-0.9488474775526186,-1.3166099999055754
1,-0.8450980400142569,-1.3065019021768627
1,-1.0,-1.414047253965019
1,0.7800357683867247,0.5585710731298547
1,-1.0572954039544324,-0.9045195848884489
1,-0.9845273133437926,-1.0535250953634376
1,-0.36408174141106997,-0.6936001304041614
1,-0.6585413472804102,-0.5360166276763539
1,0.0,-0.5862834679520179
1,-0.43933269383026285,-0.6619837179197561
1,-0.7781512503836439,-0.5618209435009983
1,-0.585613140277534,-1.0763693949782087
1,-1.1760912590556813,-0.9440068013650388
1,-0.6989700043360187,-0.945232057623749
1,-0.9542425094393252,-0.8845687252688854
1,-0.5440680443502757,-0.8324963133806758
1,-0.5320221247202079,-0.4289190466516743
1,-0.9542425094393243,-0.7786380259118204
1,-0.4242689473943866,-0.829306970289159
1,-0.7596678446896306,-0.7490240859845925
1,-1.4771212547196626,-0.7897950266008698
1,-0.7403626894942441,-0.5357968824470337
1,-1.3408405498123326,-1.0222739224552184
1,-0.7403626894942441,-0.6748551714217585
1,-0.30102999566398125,-0.3604970643527914
1,-1.6232492903979008,-1.537908315282055
1,-0.6989700043360187,-1.109334412334527
1,0.1397698316532603,0.11215727179320126
1,0.0,0.04345683263407642
1,-1.2014637390121852,-0.631305541769273
1,-1.3165421618422286,-0.6663578213839975
1,-1.0007679833688323,-0.5280747490788048
1,-0.7569619513137056,-0.9570952031100424
1,-1.5228787452803374,-1.4870949101142201
1,-0.6766936096248664,-0.910810130801846
1,-0.6020599913279625,-0.7752321803577084
1,-0.7481880270062007,-1.1048872630955586
1,-0.7533276666586115,-1.0193507410662115
1,-0.6020599913279625,-0.9716657211871782
1,-0.6020599913279625,-0.9230964680567979
1,-0.10963564959093297,-0.07033592495448614
1,-0.1870866433571443,-0.05810673452899342
1,0.0,-0.12220712318893497
1,-1.790300139963239,-0.9976923377300233
1,-1.8280647007154762,-1.0219228118113366
1,-1.7659167939666318,-1.5028030911699162
1,-1.6264193371874072,-1.2875198266360306
1,-1.6368220975871743,-1.4582817450496959
1,-1.8692317197309762,-1.5683528576631562
1,0.0,-0.30103871395295206
1,-0.5336026106721103,-0.3550580126565838
1,0.0,-0.5867797938560938
1,0.0,-0.12696561740827073
1,-2.047923552317183,-1.5862888030849371
1,-0.004991945557499378,0.04345683263407642
1,-0.8239087409443187,-0.9729644148120244
1,-1.5440680443502757,-1.4563342647467323
1,-0.6478174818886373,-0.9281949526883969
1,-0.8239087409443187,-0.7614050485767041
1,-0.43933269383026285,-1.0600588220987734
1,-0.42596873227228116,-1.0752608564328492
1,-0.3424226808222066,-0.8161831691243964
1,-0.7403626894942441,-1.1105143058581226
1,-0.9542425094393252,-1.026112753618005
1,-0.6020599913279625,-0.9708449479795547
1,-0.7269987279362624,-0.9222756948491747
1,-0.15875419150038184,0.08007044783574077
1,-1.3010299956639813,-1.0902750501160008
1,-1.0453229787866576,-1.0824431248555928
1,0.8129133566428557,0.821461793345908
1,-1.1271716180405917,-1.3294821955923823
1,0.6529670694045295,0.414164867394664
1,1.07217449708601,0.29826300121869714
1,0.6573413950487694,0.39546481549256113
1,1.0249436899775137,-0.2090929380855212
1,0.4396128156899852,0.053332692582584246
1,0.3246679966354229,0.39687882498107174
1,0.27875360095282886,-0.1755621815632991
1,-1.5228787452803374,-1.3050485215308862
1,-1.113943352306837,-1.2861477612819967
1,-1.3374592612906557,-1.518343567279951
1,-2.1564415819277523,-0.5281533416011606
1,0.15970084286751174,0.06088870201106155
1,0.06581728448964341,-0.1300495991977124
1,-0.3215516628085826,-0.051491748027142945
1,0.010723865391772947,-0.21565953806564786
1,-0.560017705442899,-0.6581143264518599
1,-0.06497800647284357,-0.10113226849147966
1,-0.30597457828104346,-0.26812979594302455
1,-0.045757490560674796,0.024903059635606847
1,-0.18299592725498925,-0.061821393960261914
1,-0.1870866433571443,0.06362662344018812
1,0.22493982659349765,0.0017795074900960018
1,-0.349334675238536,-0.4004895720223217
1,-0.05799194697768684,0.004990885982021043
1,-0.16391166643477817,-0.3204464947641555
1,-0.13262556527459068,-0.33747561546671195
1,-0.17574002911349673,-0.3312040570915745
1,-0.16481024864599192,-0.3723805013845205
1,-0.056173515196070056,-0.1929569736795829
1,-0.11476734547590794,-0.3336129105977055
1,-0.11650556907143717,-0.35616257245544136
1,-1.1750559916240757,-1.3508090603058849
1,-0.7608714329386874,-0.5935166299121785
1,-0.6401500409361018,-0.6408059088744057
1,-1.2787536009528289,-1.3708274371515876
1,0.8293037728310244,1.059858086905757
1,0.3227608935141424,-0.3193690530617715
1,0.5647297887733558,-0.32480803828102806
1,0.0,-0.5734199617697976
1,-0.7403626894942441,-0.5032793881727037
1,2.0184834056940133,0.7995400569402539
1,0.7990851572192872,0.9332189520632143
1,0.6989700043360187,0.7852070842860318
1,-0.3357921019231931,-0.07203160719433384
1,0.28090866594412134,0.32405404445713615
1,-0.44542775151412606,-0.8445384462745005
1,-0.3357921019231931,-0.09326901722114062
1,-0.44542775151412606,-0.37672538362862396
1,-1.4259687322722812,-0.9837657953218587
1,0.38021124171160636,-0.14271442463363515
1,-1.089987216455599,-0.9746877764707051
1,-0.12963385781668002,-0.31710093054295874
1,0.0,-0.11881374563027534
1,-1.2787536009528289,-1.1979264272187264
1,-1.3539337079111249,-1.365590911605159
1,0.0,-0.2059680794294838
1,0.1294022340875074,-0.38724296108508743
1,-1.2787536009528289,-0.7063939435602878
1,-0.728259380438006,-0.6032937959301617
1,-0.6989700043360187,-0.7008241051335932
1,-1.0289636959353174,-0.8549245127112929
1,0.08543019532462637,0.19252885453854798
1,0.017374096069422862,0.16643113825828734
1,0.0,-0.7205186035992981
1,0.15409696534951323,0.2355700679109277
1,0.9487755685398032,0.8848192187022874
1,0.7085380144275222,0.46002994544755327
1,0.9636548325559984,0.6020938790945892
1,0.3783527524716668,0.45318885250800345
1,1.1578299420813645,0.7175214445418899
1,0.8829098516346567,0.957707482272279
1,0.7218806438005094,0.7570378273763916
1,0.9656281191475298,0.5483221491772494
1,1.2929840758710451,0.9277532190513853
1,-1.4983105537896009,-1.5211671054594087
1,-0.4771212547196626,-0.3662720178002567
1,-0.645094623553164,-0.4251889172512178
1,-0.7745028746371672,-0.5825922901577035
1,-0.7155010314710326,-0.752362086652778
1,-0.5274263730310587,-0.6119763815380674
1,-0.4510311361748487,-0.5649189606447126
1,-0.5606303747966201,-0.47685901348920934
1,-1.3654879848908994,-1.2006974561049362
1,-1.240433142284875,-1.3277859629301851
1,0.0,-0.08668960916512805
1,-2.09736453370041,-0.43100259015812903
1,1.2583218442658497,0.30189072993628635
1,0.9842963893235082,0.36502740477168977
1,0.9070252130998657,0.28678966085440294
1,0.6552155489562255,0.23435745478128694
1,0.37601512711799767,0.3159239940830695
1,0.34679030058945237,0.36329757433976395
1,-1.157551484423708,-1.4085771719167992
1,-0.7990851572192863,-0.822793083456944
1,-0.8293037728310244,-0.9405802759722777
1,-1.2108533653148932,-0.8083837107117795
1,-0.9294189257142929,-0.700220931830311
1,-0.9330532103693869,-0.8841816890956358
1,-1.326584100136369,-0.8834592974361233
1,-0.797586464381328,-0.8059097964901794
1,-0.6777807052660805,-0.7753106715686076
1,-0.8239087409443187,-0.8698340965252886
1,-0.6078895349886864,-0.773093734261326
1,-1.2477844837107561,-0.8982396865485259
1,-1.207431011261928,-0.8921484610369547
1,-0.503573590084951,-0.8737524962072197
1,-0.4714067711952339,-0.6751414787369224
1,0.0,-0.05782495611453108
1,0.0,-0.045898259835309235
1,0.0,-0.10341258220980254
1,0.0,-0.8084617827326805
1,-0.9030899869919438,-0.8778460268756535
1,-0.8239087409443187,-0.7014472973359716
1,-0.8189453214127687,-0.675390102324989
1,-0.2263963773670774,-0.684271033532587
1,-1.7639268959519816,-0.9810007205822082
1,-0.7403626894942441,-0.5508867509920506
1,0.0,-0.6177108217181178
1,0.0,-0.5974030670314232
1,-0.7403626894942441,-0.5648222959729523
1,0.0,-0.553852905248838
1,-0.7403626894942441,-0.4422885345245565
1,0.0,-0.37815113308194115
1,0.5228787452803374,0.453246928493616
1,0.3979400086720375,1.0462566085860914
1,-2.012837224705172,-1.3782373032514226
1,-1.2314695904306818,-1.3118302934407347
1,-0.5314789170422545,-0.626632471046765
1,0.3494856763830949,-0.37975609480502415
1,0.30102999566398125,-0.31152089614773326
1,0.30102999566398125,-0.32803996229220295
1,-0.3494856763830949,-0.3743213861971009
1,0.0,-0.34488598728212544
1,-0.3494856763830949,-0.38676166775332305
1,-0.10206004319610873,-0.3344912100723746
1,0.38021124171160636,-0.35966587570164493
1,-0.38021124171160636,-0.35824222325447175
1,-0.30102999566398125,-0.32354850836157495
1,-0.30102999566398125,-0.356236978678857
1,-0.09691001300805624,-0.3339423508057853
1,-0.3494856763830949,-0.3605543086252708
1,-0.4375301220789325,-0.2997530637554322
1,-0.4375301220789325,-0.36092705370056277
1,-0.3494856763830949,-0.3026268163919973
1,-0.4375301220789325,-0.3181246361835502
1,0.0,-0.2915005428175156
1,0.0,-0.31336532437426345
1,0.0,-0.327163585046316
1,0.0,-0.5932154684334591
1,0.0,-0.3421966844947424
1,-0.4375301220789325,-0.3722608506075349
1,0.33145218286950673,0.421692644332024
1,0.3628008197267336,0.309647321176054
1,0.625074354750077,0.4227085244430607
1,0.20705171474707296,0.3341449583841317
1,0.4889751563932494,0.3420813509725255
1,-0.7870157984620274,-0.45497579796992293
1,0.0,-0.288843290576969
1,-0.09691001300805624,-0.2580268195380611
1,0.0,-0.270235487484949
1,-0.10206004319610873,-0.5869254567868348
1,0.0,-0.3943559032296562
1,-0.45154571957920364,-0.4253756665467089
1,0.01822482010619808,-0.015537338829791896
1,0.09691001300805624,0.2053312423489848
1,-0.03959044503700948,-0.1735346921897795
1,0.0,-0.11225032648330904
1,0.0,-0.22882779417755128
1,0.03959044503700948,-0.6468975820165684
1,-0.15051493100552538,0.044766397810151674
1,0.0,0.03173130431824396
1,0.0,-0.2506448024014887
1,-0.3494856763830949,-0.10250116088243068
1,0.0,-0.23344769240742833
1,-0.4375301220789325,-0.15185852383429788
1,-0.7870157984620274,-0.46506617283197405
1,-0.4375301220789325,-0.4687796147551369
1,-0.4375301220789325,-0.4815713504521854
1,-0.4375301220789325,-0.4815713504521854
1,-0.4375301220789325,-0.4150943814187196
1,-0.23855876556918343,-0.23738449211468493
1,0.0,-0.277857389839244
1,-0.4375301220789325,-0.37310180171200097
1,0.0,-0.3323944921784545
1,0.04845513955992686,-0.2616013640040458
1,-0.4375301220789325,-0.25183655439339864
1,0.0,-0.070238794573459
1,-0.4375301220789325,-0.01198527222549025
1,-1.1962946451439684,-1.0755394470667659
1,-0.9700367766225568,-1.3069835952943223
1,-1.3613168631983266,-1.143094063701148
1,-1.3384989773683804,-1.3445781614178116
1,-1.26884531229258,-1.2995248200461893
1,-1.220761653975142,-1.248072250666369
1,-1.1528199166426925,-1.313752996836839
1,-1.7781512503836439,-1.2978585172100898
1,-1.0319167932743474,-1.4962562814078555
1,-1.0478761435744977,-1.3387908864289217
1,-1.5740312677277188,-1.3168341634219716
1,-1.1633708452519596,-1.318364397903771
1,-1.7781512503836439,-1.2886810291794983
1,-1.4387690126326138,-1.317490466154438
1,-1.4119545525202408,-1.298056725368039
1,-1.385262395494082,-1.2854831689370394
1,-1.5357159699855094,-1.4617763815313483
1,-1.346787486224656,-1.351878897460545
1,-1.625541087177485,-1.392759441770592
1,-1.568201724066995,-1.4075195831446705
1,-1.5461312049140492,-1.4033614570409971
1,-1.1222158782728267,-1.3061908347021287
1,-1.5051499783199063,-1.528531641190118
1,-1.4149733479708182,-1.3071640335004764
1,-1.1499884564914762,-1.2423576094266633
1,-1.2772210289283077,-1.2396943017741868
1,-1.1729208103369215,-1.2945877511072572
1,-0.7112044607530308,-1.297306124597685
1,-1.0874659334098817,-1.293679657785701
1,-1.1760912590556813,-1.2468789861269856
1,-1.3805024873728806,-1.2285837926972834
1,-0.7781512503836439,-1.2074449825438982
1,-1.3580011968427375,-1.2146456038377418
1,-1.1687920203141813,-1.1459146032171639
1,-1.860338006570994,-1.6072071195272932
1,-1.6627578316815743,-1.3224869902809677
1,-0.9637878273455556,-1.1745130340789287
1,-1.3424226808222066,-1.3757769956880919
1,-1.0158385806858368,-1.230357770514629
1,-1.5357159699855094,-1.4048970412878388
1,-1.0622428241313449,-1.1291719036531085
1,-1.3726051894766655,-1.3006041520279445
1,-1.039309734009933,-1.1643970350985202
1,-1.3276994240014997,-1.278491821089175
1,-0.5228787452803374,-0.625752488896097
1,-1.522257881011762,-1.3909900366861354
1,-1.3702270208050047,-1.1798555727503994
1,-1.3537880448267803,-1.2671457526734267
1,-0.963147274896242,-1.0617728350262126
1,-1.404100317376856,-1.466334898594611
1,-1.5028380383052404,-1.4493697233715133
1,-1.4977438220861892,-1.4459156521971994
1,-1.2478509382615277,-1.5261762927400364
1,-1.5228787452803374,-1.4837412110514785
1,-1.548650858090097,-1.4505453453265196
1,-1.549919862969019,-1.5262809109308912
1,-1.0,-1.6296055655956625
1,-1.358927418111449,-1.5436764037119306
1,-1.3798355303350363,-1.4879630474645866
1,-1.6989700043360187,-1.6297130228944874
1,-1.6627578316815743,-1.6468010452947892
1,-1.625541087177485,-1.5642959588758947
1,-1.5910646070264995,-1.6960051051667628
1,-1.3090976174120144,-1.4012017210257885
1,-1.6074550232146683,-1.5050959791593426
1,-1.2900346113625174,-1.567011271217648
1,0.32292095865631154,0.37151317142821483
1,0.5105950532510466,0.46444385234412344
1,0.6064247967304128,0.39963219306528286
1,-0.17609125905568135,0.33436491105236216
1,0.2116562489144309,0.3783204670753764
1,0.19967462899203614,0.22054412507295168
1,0.18047450544588006,0.2570956371653754
1,-0.2437094651795757,0.15368870631912684
1,0.2643362999545369,0.30135981574716025
1,0.6865217347376262,0.5494765571698906
1,0.054303400524028156,0.23551177017366898
1,0.501267424470992,0.3543070620402331
1,0.4718729191633164,0.3975434262768217
1,1.3343184588344927,1.0278259576148192
1,1.0756359652829754,1.0135778210628996
1,0.5976358520105602,0.6937840953391704
1,0.4012313406306154,0.40738386754677935
1,-0.4375301220789325,-0.27332996977389373
1,-0.7870157984620274,-0.33500880857943793
1,-0.4375301220789325,-0.4537375727230464
1,-0.7781512503836439,-0.22630127120239038
1,-0.7781512503836439,-0.27235968827171697
1,-0.4375301220789325,-0.17477220664152532
1,-0.3494856763830949,-0.25455468910401235
1,-0.8035983725961238,-0.6310772893848339
1,-0.5359721874027112,-0.3881095759914207
1,-1.3245110915135037,-0.7886242858196456
1,-0.017033339298780703,-0.5038740216648978
1,-0.6252402250373592,-0.6223612248635366
1,-0.5213655225580975,-0.5918326300669919
1,-1.0016055267154176,-0.5541859427070644
1,0.9129723757621191,0.41576419243981566
1,0.26954890820492317,0.16438534262065335
1,0.045757490560675684,0.3914971860841225
1,0.33853704070641744,0.4705116753882115
1,0.4151420387796598,0.5528655157491569
1,0.6690948695485366,0.5199314169116259
1,0.0,0.5425458437016681
1,0.0,0.23211986492402034
1,0.0,0.4972011214942198
1,-1.764608677068301,-1.2254243097331377
1,0.17526490189038313,0.15281404678175442
1,-1.018885344160374,-1.3510179569521221
1,-1.491361693834273,-1.2279001674943233
1,0.0,-0.3126088133353147
1,1.2696796919573048,1.0514890163250439
1,0.2632414347745815,0.12205475512487307
1,0.09177037335564542,0.05352707076561161
1,0.0,0.1373600761063823
1,-1.0616905138872896,-0.5286918647688824
1,-0.3869549032534474,-0.3106815820618253
1,-0.5217916496391233,-0.3318184975574294
1,-0.5797835966168101,-0.28916441611170374
1,-0.1055101847699742,-0.44521625099388223
1,-0.3832167518513314,-0.3619701145376383
1,-0.21457309137857195,-0.4754859320696446
1,-0.59633038992206,-0.5095392892174337
1,-0.7280414522832768,-0.6728711271038746
1,-0.9493900066449132,-0.8231851772339519
1,-0.71213145039399,-0.6062242856105788
1,-0.9208187539523749,-0.5912592707033639
1,0.09691001300805624,-0.11046865109359313
1,0.09691001300805624,-0.11686645852902654
1,-0.939135091176583,-0.6678641502164311
1,-2.0863598306747484,-1.510948951848171
1,-1.3466700934730556,-1.0481650344100326
1,-1.204119982655925,-1.3263869256831236
1,-0.9744458955276114,-1.102177084693303
1,-1.0461047872460387,-1.3982482572056205
1,-1.0,-1.0570643508469864
1,-1.5517548730165664,-0.9605761285925795
1,-0.6989700043360187,-0.9440258353876217
1,-1.7853298350107671,-1.6429609870275568
1,-1.010723865391773,-1.2104774619131016
1,-1.361727836017593,-1.3712096035795895
1,-1.018885344160374,-1.3736140713239093
1,-1.491361693834273,-1.2440964608000025
1,-1.871183608328498,-1.5303717843193412
1,-0.7781512503836439,-0.9570700213126014
1,-1.518513939877888,-0.9625382087003231
1,-1.240433142284875,-0.9625382087003231
1,-1.6334684555795862,-0.9748523652038318
1,-0.5930632586839835,-0.9748523652038318
1,-1.4974206917829962,-1.1846582817493077
1,-1.2071964617445623,-1.1846582817493077
1,-1.3285944813986372,-1.5678470852882833
1,-1.343535645507214,-1.5678470852882833
1,-1.3620182368855867,-1.5638004418345803
1,-1.277548899814458,-1.5638004418345803
1,-0.9618164463758658,-1.1827816260851989
1,-0.8764529154743927,-1.1827816260851989
1,-0.19005691519250512,-0.1274445311547428
1,-0.20524948779689467,-0.14426074200660957
1,-1.0,-0.9016523319743396
1,-0.9912260756924951,-0.8924451667743665
1,-1.1012313867906984,-0.8948858963472276
1,-1.3135157072120407,-1.0018953074302166
1,-1.0413926851582254,-0.9861030227214971
1,-0.5797835966168101,-1.0419372046142465
1,-0.5002610582279248,-0.9749845929696632
1,-0.8890752039971392,-0.7639924455891378
1,-0.7596678446896306,-0.8686555304697714
1,-0.5797835966168101,-0.730028306989222
1,-0.9542425094393252,-0.6948157893431512
1,-0.8969726181938462,-0.7302642808134159
1,-0.3979400086720375,-0.6839587398178645
1,-0.2527253160894265,-0.47380319200722115
1,-0.3309932190414244,-0.9030489654841176
1,-1.1613680022349744,-1.2142881395664953
1,-1.0910804693473324,-1.0169002682125976
1,-1.079181246047625,-1.0504580948215994
1,-0.6210485668845678,-0.6866946378631849
1,-1.3344537511509307,-1.3190355618774672
1,-1.733011972712987,-1.328177721572826
1,-0.7752578720474039,-0.6121306298752475
1,-1.3771847870814176,-1.3661411221850457
1,-1.6993646381495449,-1.387192854022763
1,-1.1205739312058496,-0.9191242316311201
1,-1.049891869945637,-0.9970653406538327
1,-1.8325089127062366,-1.702139371820689
1,-1.3010299956639813,-1.6129952441132787
1,-1.1674910872937634,-0.7630208247566082
1,-1.1026623418971475,-1.2522463883259427
1,-2.079181246047625,-1.5277932584453797
1,-0.8860566476931631,-0.8896001958173457
1,-0.5622244770093765,-0.8952718746260777
1,-0.8450980400142569,-1.119242825215192
1,-1.204119982655925,-1.1535570851384234
1,-0.6989700043360187,-1.2598425320256728
1,-0.8239087409443187,-1.1280452622459873
1,-1.4973246408079497,-1.2229674967403161
1,-1.079181246047625,-1.0257827106990327
1,-0.865301426102544,-0.9152372587243075
1,-0.9294189257142929,-0.8447029871953626
1,-0.8450980400142569,-0.771774788054627
1,-1.0,-0.8068409519560708
1,-1.008773924307505,-0.800894144296991
1,-1.0969100130080562,-0.835208429805943
1,-0.8750612633917001,-0.9058002390730437
1,-0.848732324669351,-0.9435756629096465
1,-0.8202744562892246,-0.7371007290481192
1,-0.7781512503836439,-0.7720747200360926
1,-1.0413926851582254,-0.6798336417068481
1,-0.9777236052888476,-0.7632932359573441
1,-0.7528453851188743,-0.8231516721112
1,-0.5228787452803374,-0.6555968194778465
1,-0.7380340271756607,-0.7532230753084025
1,-1.0400417532438473,-0.8325045078304493
1,-1.0969100130080562,-0.7207298500535606
1,-0.8450980400142569,-0.7900591751402293
1,-0.9294189257142929,-0.7768053028924993
1,-1.0,-0.7361977603097728
1,-0.8538719643217618,-0.7588214759293606
1,-0.6989700043360187,-0.6384441621661995
1,-0.871426978736606,-0.6629253896763271
1,-0.6020599913279625,-0.5941131727645442
1,-0.5797835966168101,-0.6046982458072896
1,-0.8195439355418692,-0.6404007019680197
1,-1.0222763947111524,-0.8151712648122791
1,-0.720159303405957,-0.7540837954734944
1,-0.9030899869919438,-0.7697182804349992
1,-0.5835765856339492,-0.7527618814578387
1,-0.8450980400142569,-0.768543281717958
1,-0.5351132016973494,-0.801636168017505
1,-0.33308817372373056,-0.19307536233499778
1,-0.1733929190978749,-0.5042600596179387
1,-0.6709412807357751,-0.6046848056770235
1,-0.4771212547196626,-0.33701645441891814
1,-0.5542872095319611,-0.6243728801975581
1,-0.6457244923827936,-0.4967581109341944
1,-0.8332487671984614,-0.7930240424730778
1,-0.3752760240360935,-0.7930240424730778
1,-0.804386601241843,-0.5991366858978123
1,-0.4149733479708182,-0.5711938644560756
1,-0.431798275933005,-0.9367556633358489
1,-0.41318565910805827,-0.5005111782546854
1,-0.8492146062090891,-0.6767311929460378
1,-0.7533276666586115,-0.7399054827079213
1,-0.27470105694163216,-0.8768855996506241
1,-0.22454833550784858,-0.6303307746894867
1,-1.0116311101180298,-0.9102185942020617
1,-0.8786653876605248,-1.0152710874106692
1,-1.1144715220966255,-0.8937974206689767
1,-0.8293037728310253,-0.7719146898157554
1,-0.8239087409443187,-0.7826443514722388
1,-0.8908555305749317,-0.7890764102934414
1,-0.8260748027008269,-0.8187597794801837
1,-1.0,-0.8173174933644145
1,-1.0,-0.7922138434529173
1,-0.3579996169848032,-0.2766650169857442
1,-0.1259773881291375,-0.1689847802320215
1,-0.03959097388207855,-0.10965693837210129
1,-1.1890562362200487,-1.1747272110161968
1,-0.8358079642440268,-0.8010717273978172
1,-0.7215358322347605,-0.7477285718216006
1,-1.4933584535903481,-1.0672037869315978
1,-1.5440680443502757,-1.0818191369766803
1,-1.0,-1.1349381478278773
1,-1.113943352306837,-1.0637356232557758
1,-1.361727836017593,-1.2141476792133146
1,-0.8860566476931631,-0.87546056664102
1,-1.8293037728310244,-1.4100838334873773
1,-1.550907468880581,-1.2348159408876038
1,-1.4259687322722812,-1.1930979897100096
1,-1.6232492903979008,-1.2744049985118837
1,-1.7676858167054785,-1.248153260049255
1,-1.5166297960033361,-1.2021590395203297
1,-1.1903316981702918,-1.2080235932247205
1,-1.4259687322722812,-1.1921188646106156
1,-1.3735806628125928,-1.1962365325523427
1,-1.5642714304385628,-1.259608976744862
1,-1.7160033436347994,-1.2353401579094505
1,-1.5228787452803374,-1.403096815769601
1,-0.857332496431269,-1.030791128107201
1,-1.3881801713828814,-1.4944891068740227
1,-1.0377885608893997,-1.402545447585503
1,-1.5228787452803374,-1.3611663013812874
1,-1.0543576623225928,-1.3753507817433126
1,-1.1903316981702918,-1.4357824205415517
1,-1.6434526764861879,-1.4189009589065122
1,-0.9420080530223132,-1.2240196238949987
1,-1.010723865391773,-1.2243868576620713
1,-0.9488474775526186,-1.4340833302186138
1,-1.0,-1.250313404619595
1,-1.4393326938302629,-1.4324483701668707
1,-0.8129133566428557,-0.8199747906771946
1,-1.2552725051033065,-0.8945066808290715
1,-1.0,-0.7009449468946414
1,-0.7781512503836439,-0.7840974660932932
1,-1.3802112417116064,-0.659995480876315
1,-1.0,-0.6657391423036121
1,-0.8336685782334747,-0.7312795623876528
1,-1.032470767425007,-0.7296080739314864
1,-0.8239087409443187,-0.6916003360359536
1,-0.8239087409443187,-0.6993794060889946
1,-1.5158738437116792,-0.9983202075213435
1,-0.6872316010647745,-1.0012777044925694
1,-1.4771212547196626,-1.1177190457504167
1,-1.2367890994092932,-1.487476656836691
1,-1.3136191229720016,-1.3748256199707913
1,-0.7569619513137056,-1.1258857200684798
1,-0.6283889300503116,-1.32460916573122
1,-1.436692597664054,-1.355378878604922
1,-0.9637878273455556,-0.898393676530042
1,-1.1832111229993103,-0.9435405388319467
1,-0.9719712763997563,-0.9236666634390187
1,-1.066946789630613,-0.868095493687187
1,-1.1461280356782382,-0.7528196235663878
1,-1.2870152586388937,-0.9695365946993743
1,-0.8239087409443187,-0.7970131572642205
1,-1.4149733479708182,-0.8625078047436798
1,-1.3010299956639813,-0.7768795478394239
1,-1.1249387366083,-0.8020461991083017
1,-1.1760912590556813,-0.8162688549139036
1,-1.0,-0.7501985277699882
1,-1.079181246047625,-0.7610801384900084
1,-1.113943352306837,-0.7197468803744631
1,-1.0993846321359113,-1.0488756662151186
1,-1.0,-0.9978098296303228
1,-0.8866431359415152,-0.8745170032145713
1,-0.6066557430171109,-0.5207385909039742
1,-0.910268571619067,-1.1108833315295232
1,-1.0,-0.7294498653405124
1,-0.5333441789585027,-0.8914194050441254
1,-0.635300924466641,-1.0027637275924517
1,-0.9542425094393252,-0.6711231892855881
1,-0.5149098156090623,-0.6731280929967964
1,-0.6812412373755876,-0.7283750386624464
1,-0.7367585652254185,-0.7429606887604036
1,-0.9542425094393252,-1.2598043196656712
1,-0.7781512503836439,-0.6505762550109863
1,-0.9586630443823552,-0.8204043366066047
1,0.9777236052888476,0.7093114862346652
1,-0.5973135563035008,-0.85016781535391
1,-0.7781512503836439,-0.2894533583058823
1,-0.8582433345911813,-0.6942392220554398
1,0.0,-0.0015490195998574307
1,0.0,0.01445919564481949
1,0.9030899869919438,1.134662250820113
1,1.0,1.0683775036859
1,-0.7191733904243058,-0.6685275588441995
1,-1.2025435944209697,-0.9570176648131736
1,-1.0705810742857071,-0.968538970687783
1,-0.7634279935629378,-0.9201642420447768
1,-1.0713559085356685,-0.8526001808805083
1,-1.0289636959353174,-0.8661431842514582
1,1.5287082889410613,0.39888701586836844
1,0.151267675330649,-0.311128603869098
1,1.4056593710152416,0.5104932076990677
1,0.8642501740085482,0.5222443454075361
1,0.661181443446619,0.7706858592357578
1,0.30102999566398125,-0.056560788020409064
1,0.3083881257855836,-0.007352708398175176
1,-0.22184874961635614,-0.7949338260437807
1,-0.5880452543028749,-0.5176303615413004
1,0.0,-0.09924685078196141
1,-0.2263963773670774,-0.6599749790349321
1,-1.1818435879447726,-0.7010586955884703
1,-0.7900504736833511,-0.6887130913283359
1,-0.3580684966343455,-0.6156090168206716
1,0.19604148601007143,-0.20640574805234077
1,-0.44855000202712425,-0.7205087184555563
1,-0.7742209567552116,-0.6942607338714696
1,-0.7781512503836439,-0.7388442453051237
1,-0.40576534618399407,-0.5167685804383936
1,-0.47172622283295595,-0.5366572474223195
1,-0.2855178294857339,-0.4936559070159725
1,1.5751878449276608,1.4959817533664386
1,-0.3979400086720375,-0.12649759783693054
1,-0.18563657696191171,-0.40308825181236996
1,-0.6225816584725639,-0.5272887247716249
1,-0.4983105537896009,-0.9467454172444764
1,-0.8750612633917001,-0.9355783303783091
1,-0.8872957198087112,-0.7987156356316533
1,-0.9128498242810998,-0.7060732263934145
1,-1.25927524755698,-0.7558782396107567
1,-1.0710633558254452,-1.5830041072418828
1,-2.079181246047625,-1.5343065197922092
1,-0.7569619513137056,-0.7090957842662816
1,-0.6478174818886373,-0.761437863042154
1,-1.3891660843645326,-0.7606255569404836
1,-1.079181246047625,-0.7933823557375976
1,-0.8065288404555222,-1.3162974889220722
1,-1.7944863039009302,-1.4561683778030954
1,-0.6569086593353077,-1.1328136740141115
1,-1.5740312677277188,-1.0516890584378216
1,-1.0071785846271233,-0.8044284634164609
1,-0.9637878273455556,-1.1956022659101457
1,-0.08432088570003593,-0.2989930986595067
1,-0.5850266520291818,-0.6545782033516353
1,-0.38021124171160636,-0.6772753836528154
1,-0.3881801713828805,-0.37815287541624776
1,-0.5289528929925318,-0.8111116027560986
1,-1.5136380885454246,-0.8292908518661192
1,-0.5585942975468718,-0.32897028056722033
1,-0.8538719643217618,-1.1824639752903339
1,-0.8885079871189472,-0.9492175765185977
1,-0.6989700043360187,-0.5589242568033614
1,-0.32330639037513365,-0.5667968475551651
2,-0.7439371498525418,-0.6391122598923574
2,-0.36172783601759306,-0.5977626574608849
2,-1.2332782113971374,-1.2837578325458565
2,-0.8216169441647336,-0.5902164252443476
2,-1.7318572625565913,-1.13651159058986
2,-0.9829666607012193,-0.5073239882105507
2,-1.5051499783199063,-1.1495857423578675
2,-0.5228787452803365,-0.6360909735116824
2,0.0,0.3864203215257686
2,-0.21664755593054874,0.07037790411722372
2,0.8322608153090849,0.2802070763273964
2,-0.6020599913279625,-0.5267025850005423
2,-1.1505139038522927,-1.1569298848717104
2,-1.3010299956639813,-1.2615477398019013
2,-0.18316170956143552,0.20404679496760814
2,-0.1367931572585741,0.21917331073554674
2,-1.1760912590556813,-1.0889879042104607
2,-0.43933269383026285,-0.5181874963884058
2,-0.6780360975003754,-0.7808290948385364
2,-1.6368220975871743,-1.3995637305972206
2,0.0,0.39092641987678717
2,-1.437750562820388,-1.4678280261794725
2,-1.4471580313422194,-1.442665778980437
2,-2.5051499783199063,-1.9762423993186733
2,-2.338013561917151,-1.950348473338293
2,-0.8450980400142569,-0.992655396397139
2,-1.865301426102544,-1.4810638460966692
2,-1.6180480967120925,-1.2860564169387552
2,-1.0736319451536467,-1.340660000784871
2,-0.37905157618436736,-0.6239482236072754
2,-1.3088553331759378,-0.6700851836023509
2,-0.4771212547196626,-0.6905904656007972
2,-1.3893932852496,-0.8043583165659254
2,-0.17094279450418348,-0.23744744907182144
2,-0.14106518745881935,-0.2641908732137645
2,-0.4771212547196626,-0.34360431992302165
2,-0.5708022975975204,-0.46409025645500407
2,-0.7869251746911488,-0.7551257726544709
2,-0.8750612633917001,-1.0305845853117908
2,-0.8794260687941504,-0.7812318947053931
2,-1.518513939877888,-1.3151977145391813
2,-1.3222192947339195,-1.3556581584561829
2,-1.6627578316815743,-1.1123359325142959
2,-1.2430380486862944,-1.2088731407651858
2,-1.4771212547196626,-1.0846399309498436
2,-1.1760912590556813,-1.1071983675674395
2,-0.30102999566398125,-0.8785187917929344
2,-1.0,-1.0540136196425807
2,-2.0,-1.0693041417520406
2,-1.3802112417116064,-1.2496243135160743
2,-1.4191293077419758,-1.366897403324994
2,-0.8129133566428557,-1.021417803870305
2,-0.8239087409443187,-1.0431027526853176
2,-1.0,-1.0390744118919863
2,-1.0,-1.0408257054159602
2,-0.36166919116139606,-1.276286004865091
2,-1.568201724066995,-1.2125418793648195
2,-1.2632414347745815,-1.390754250654125
2,-1.431363764158987,-1.104230305901939
2,-1.4771212547196626,-1.4760879823867434
2,-1.3979400086720375,-1.5462816060613613
2,-1.2430380486862944,-1.4713291740310934
2,-1.2261701233989983,-1.4712291194092137
2,-1.4771212547196626,-1.481474134007066
2,-1.3979400086720375,-1.608306481368743
2,-1.1760912590556813,-1.468129865132042
2,-1.5228787452803374,-1.2339281479943291
2,-1.5740312677277188,-1.109814213067453
2,-1.1026623418971475,-1.0912170661345455
2,0.09821747354970256,-0.6236261545694782
2,0.4771212547196626,-0.37911328157796986
2,-0.20411998265592501,-0.2876354738142312
2,0.0735773685296266,-0.41493069030435975
2,-0.2184951076087689,-0.31445261202970515
2,-1.204119982655925,-0.9094693651992594
2,-1.0690809191432988,-0.8690984994490927
2,-1.1333023000931028,-0.8845413218671974
2,-0.7372752749614495,-0.5785138847590283
2,-1.3152704347785908,-0.8410704618317782
2,-1.0703799654690078,-0.6217280540296156
2,-1.507995452753926,-0.9374659811946076
2,-0.6020599913279625,-0.9724104774287082
2,-0.8306421236032868,-0.46171197262824637
2,-0.4726443910685916,-0.5252167155897678
2,-0.5514482552146358,-0.4328003351881009
2,-0.4496138450811866,-0.5299150662735269
2,-0.6205848987164888,-0.46841422352783396
2,-0.6863808770279984,-0.6193911784296803
2,-0.17609125905568135,-0.34106040571269863
2,-0.7162766632434856,-0.45278004440443853
2,-0.4349235749252074,-0.4109420918955923
2,-0.4771212547196626,-0.4134743821552126
2,-0.19944917794067507,-0.3925787078621141
2,-0.34678748622465605,-0.46087617950062554
2,-0.23408320603336819,-0.4443254995516619
2,-1.1303337684950066,-0.9173990470663171
2,-1.2730012720637376,-0.7984574188345479
2,-0.9395055936387653,-0.5922686401133055
2,-0.46593708776714937,-0.405395613128228
2,-0.41325676675614353,-0.4084063181683086
2,-0.7907403776916642,-0.430150193952499
2,-0.850485635415283,-0.587310046275387
2,-0.28960053388319906,-0.430150193952499
2,2.0904053825965034,1.3579622158048017
2,1.9268567089496926,1.5209140321566568
2,1.0585947152658468,1.264391622011932
2,-0.33252783011489306,-0.3727989261703196
2,-0.44164893655744386,-0.3308737796220562
2,-0.4452956408039386,-0.5485066432853591
2,-1.6812412373755876,-1.3808528951224368
2,-2.0543576623225928,-1.3400433247232852
2,-1.8409420802430994,-1.3167143531238463
2,-1.5797835966168101,-1.2422423911441327
2,-1.3278231722519171,-1.4773072171638892
2,-1.3802112417116064,-1.8477462601662922
2,-0.8166095022028195,-1.1062054517945408
2,-1.0211892990699383,-1.1772678129402632
2,-1.7781512503836439,-1.8102876973387156
2,-1.249198357391113,-1.5110119968969653
2,-1.6020599913279625,-1.4837967628259863
2,-0.5215995264411646,-0.8128223823399402
2,-1.117540014535269,-0.6088535836861435
2,-0.15490195998574308,-0.23704829199503763
2,-0.2466723333413885,-0.29728181533249753
2,-1.7549214096651689,-1.397748157296204
2,-0.3853508813640172,-0.29948112325070836
2,-1.5314789170422554,-1.311426474635209
2,-1.3594330117513005,-1.3207168674345844
2,-0.47944991703824513,-0.5742732155878868
2,-0.21559980033935489,-0.2595976073724151
2,0.009651385676180624,-0.6310811955848113
2,0.01888534416037313,-0.6999326533881309
2,-0.31626996222071835,-0.4916619244725445
2,-1.3010299956639813,-0.9437673567691901
2,-1.4698220159781634,-1.2122492909321547
2,0.14132915279646951,-0.0841392844636437
2,-0.08037687545407124,-0.14760927639492408
2,-0.06685308651808874,-0.17801795720364794
2,0.11265459406045775,-0.6665886781963191
2,-0.3609091278607206,-0.27322608010698984
2,0.0,0.3941638579613847
2,-2.1505139038522927,-1.3042216788757393
2,-1.0,-1.2614644889899091
2,-1.3010299956639813,-1.3829877134700503
2,-1.0,-0.7104605979473788
2,-0.19627273648709753,-0.3046825283612961
2,-0.1839883267857534,-0.31157593304042797
2,-0.8129133566428557,-0.643494755477008
2,-1.083121728522423,-1.1235461514075433
2,-0.5118833609788744,-0.4059537413986887
2,-0.3406176746319307,-0.3289472885688143
2,-0.10408859763517953,-0.16825784985614411
2,-1.8419848045901137,-1.475566458554473
2,-0.14210676174531311,-0.5070800845915884
2,-1.5965970956264606,-1.4822345958406695
2,-1.0,-0.9396585212813607
2,-1.0,-1.183502852089661
2,-0.5313708073918022,-0.5502662594713097
2,-0.6451393984881904,-0.6121117106095431
2,-0.5425565664822658,-0.5560805033250972
2,-0.755089512814898,-0.7451938681329444
2,-0.8159298739801057,-0.8905376275066321
2,-0.22068520040890238,-0.3574769654387643
2,-0.35144772761062537,-0.49934251973529276
2,-0.5639788777283403,-0.5560164317967845
2,-0.8440190469576176,-0.6307098910870509
2,-0.501929586930868,-0.5668083812593501
2,-1.1505139038522927,-1.2052593714643476
2,-1.204119982655925,-1.4367596551842843
2,-1.3010299956639813,-1.3211345547721067
2,-1.3010299956639813,-1.4622692610426113
2,-1.0,-1.1678488303277734
2,-1.3010299956639813,-0.9870928862234496
2,0.0,-0.12128500157992116
2,-1.6334684555795862,-1.5577690354433722
2,-1.2787536009528289,-1.4501331191437492
2,-0.5782790584341573,-0.585116048628592
2,-1.1760912590556813,-0.9868174786766866
2,-1.5440680443502757,-1.3474324263480195
2,-1.41161970596323,-1.287353563560086
2,-0.9007737442647628,-0.5734054402495358
2,-0.1760901421709571,-0.2607693160551156
2,-0.5619427681199793,-0.6019373558823033
2,-0.5051499783199063,-0.8074315945163424
2,-0.32451109151350366,-0.6770265897569443
2,-0.5880466034577374,-0.36624958053861045
2,-0.8908555305749326,-0.7480412893891404
2,0.0,-0.566748469087991
2,-0.10354059190706888,-0.349340027440912
2,-0.7426789322214251,-0.8330927046265413
2,-0.37911315141255475,-0.34504521630422774
2,-0.42866488543881687,-0.5200011548707011
2,-0.5051499783199063,-0.5880259506328861
2,-1.1191864077192086,-1.0303831587011536
2,-0.8166095022028195,-1.1956693428654956
2,0.3494856763830949,-0.12288086471687597
2,-0.35373634617998473,-0.4067540920902614
2,-0.8450980400142569,-1.0700653459890923
2,-1.2552725051033065,-1.135621843418796
2,-1.2604121447557173,-0.7793133776939934
2,-1.26884531229258,-1.294910883566726
2,-0.3494856763830949,-0.1721136938574419
2,-1.2972035878109285,-1.3685464706883141
2,-1.5903680640032443,-1.4164282767137875
2,-0.06694678963061307,-0.7050302457689116
2,-0.4162540585488639,-0.4452297811483571
2,-1.0434656937810907,-0.741584871831731
2,-1.325030272067747,-1.3727763650778346
2,-0.1143882690518696,-0.33066276538021755
2,-0.6368220975871743,-0.4515881895291551
2,-0.272463507476008,-0.3093253763790026
2,-0.36079820066747104,-0.6923543717850513
2,-1.5947607525864624,-1.0023171000437487
2,-0.6184504075161312,-0.513644479280523
2,-1.113943352306837,-1.1272481140264903
2,-1.3010299956639813,-1.1969213831028422
2,-0.3424226808222066,-0.30410399988258663
2,-1.1760912590556813,-1.4665211991462568
2,0.15841180143105582,-0.09277709823480194
2,-0.7659167939666318,-1.2237677847256585
2,1.3802112417116064,1.0587371638079306
2,-1.0,-1.2420058864587953
2,-1.296513894499017,-0.7972445828827867
2,-1.296513894499017,-0.8361817483075893
2,1.3388046091732582,1.1527539725657747
2,-1.0377885608893997,-0.838776647232043
2,-0.15970084286751174,-0.44653152241190286
2,-0.2604121447557173,-0.24016863986025952
2,-0.7923916894982543,-0.6646428073200442
2,0.00010777875273149107,0.49771676545759996
2,-0.7094354380141841,-0.5371988958940558
2,-1.3010299956639813,-1.1972120244565596
2,-0.6989700043360187,-1.2211899875898835
2,-0.2704919284145202,-0.12449999618363464
2,-0.7481880270062007,-0.5245486678224518
2,0.1845244265925441,-0.048895278790809044
2,-0.6860692196899709,-0.46110901729214204
2,-0.12368361632897873,-0.29146425327062025
2,-0.8524917235584466,-0.48530392166915814
2,-0.22902919426901924,-0.3977433540665794
2,0.0,0.396714801366829
2,-0.6863808770279984,-0.6168654598599985
2,0.0,0.4726102678711808
2,0.7403626894942441,0.3051975107780161
2,-1.3862016054007933,-1.4098854070890376
2,-0.6353716852785132,-0.5870620635605838
2,0.0,0.3020518609177427
2,0.0,0.03701813447471221
2,0.0,0.05922901515953953
2,0.0,0.08740362689494244
2,0.0,0.18583346242076584
2,0.0,0.0810101497329309
2,0.0,0.35192746210115117
2,0.0,0.05480725378988488
2,0.7403626894942441,0.35192746210115117
2,0.7403626894942441,0.1006618610849699
2,0.0,0.1006618610849699
2,0.7403626894942441,0.40117742194575057
2,1.0,0.39482114855600825
2,0.0,0.3845099505502344
2,0.7403626894942441,0.3864203215257686
2,0.0,0.40117742194575057
2,0.7403626894942441,0.39482114855600825
2,0.0,0.2862958454455298
2,-1.198657086954423,-1.2520054657717907
2,-0.7767011839884104,-0.5830593768506774
2,-1.0,-1.2097175422811999
2,-1.0,-1.2474979938509685
2,0.0,0.25364694230582363
2,-0.5404030902638697,-0.3977582125650415
2,-1.4924519734409554,-1.4704387638072436
2,-1.1856365769619117,-1.3530178381651674
2,-0.15490195998574308,-0.38812473773925865
2,-1.079181246047625,-0.5329647364719395
2,-0.9436618101875993,-0.45179179920534424
2,0.0,0.008680563618230419
2,0.0,-0.08464017788822581
2,-0.6465051297683573,-0.7228280987812776
2,-0.5619427681199802,-0.6489598282660068
2,-0.6232492903979008,-0.6985548599517958
2,-0.6197887582883936,-0.6337424459887465
2,-0.3905719708045483,-0.38293808539778496
2,1.1760912590556813,0.9294275480615862
2,-1.3010299956639813,-0.5942872411733572
2,-0.6989700043360187,-0.5918812093840976
2,-2.3979400086720375,-0.5886336873341637
2,-1.0,-1.0030134907950028
2,-1.0,-1.0747277719876667
2,-1.0,-1.0731049786980145
2,-1.3010299956639813,-1.0761473587130599
2,0.37336178276668086,0.36090843581382787
2,-1.173186268412274,-1.3412334340602425
2,-0.7403626894942441,-0.7628671746418779
2,-1.0,-0.45595066812372026
2,-1.0,-0.43101583444409597
2,-0.35793484700045397,-0.29566554628999847
2,-0.09426991684184749,-0.3534284835465244
2,-1.0362121726544444,-0.9112622519429575
2,-0.45593195564972433,-1.0980722854272968
2,-0.1938820458332895,-0.33834680969698233
2,1.8908555305749326,1.2627420559988871
2,1.763941633261446,1.6165574644748508
2,-0.9708417712587858,-0.8363383412195077
2,-1.388483767677596,-1.0487524714065797
2,-1.230448921378274,-1.383379077469557
2,-1.64777405026883,-1.4527390767449708
2,0.0,-0.5586269354126303
2,-0.11369943515248693,-0.40069939332050625
2,-0.7533276666586115,-0.5420471128190387
2,-0.8786653876605257,-0.4891236205622876
2,-0.9030899869919438,-0.6199149229231693
2,-0.7989348563069356,-0.7351680026287617
2,-0.6690067809585756,-0.6922347410471772
2,-0.42596873227228116,-1.0399577503676811
2,-0.7300042380759866,-0.5478161476128688
2,-0.6464409530598338,-0.5602721220468075
2,-0.30102999566398125,-0.3974273308528035
2,-0.31214600056944164,-0.5451065079492207
2,-0.515325607389892,-0.47245601569658524
2,-0.4382031886892923,-0.6022181077853523
2,-0.3484546455921187,-0.37849987907554933
2,-0.30102999566398125,-0.4094925349872352
2,-0.3405385369476548,-0.022543307592123085
2,0.4871054756262634,0.18684902255627048
2,-1.528273777167044,-1.4996402309226349
2,-0.5528419686577806,-0.48850524707260673
2,-0.7891466346851068,-0.5787918734681865
2,-0.8973376581028525,-0.5642944990664779
2,-1.0903975088639175,-1.3455999641032363
2,-1.3868809868172471,-1.3768170278956537
2,-1.5797835966168101,-1.3346723491389292
2,0.6020599913279625,0.1885663528882397
2,-0.7289332277134619,-0.6366346957949564
2,-0.5913361259361896,-0.6663782521442339
2,-0.598653742636051,-0.6225649621740744
2,0.0,-0.6360383513782668
2,0.0,-0.36675286587381106
2,-0.6166840828366942,-0.619742674796843
2,-0.5558880976042575,-0.6010541187774162
2,-0.5722550097019159,-0.4960024782067711
2,-1.0,-0.4409263576826508
2,-0.7672348358945449,-0.4206298691384878
2,-0.36153312878191635,-0.5852037253046273
2,-0.9837323872855466,-0.5996728173937881
2,-0.7132104434506292,-0.5779209611070274
2,-0.35110886000729824,-0.6116133168627624
2,-1.519287394190787,-1.5407463007457718
2,-1.699693225955114,-1.3510387293795298
2,-1.4913616938342722,-1.3699690617423186
2,-1.8148740574083835,-1.3300558473284587
2,-1.6207422042957162,-1.3300558473284587
2,-1.3621130196188096,-1.3821018914050924
2,-1.345700390583442,-1.464426110840478
2,-1.6300887149282062,-1.475783202521516
2,-1.3309932190414244,-1.4007654627237929
2,-1.5835765856339492,-1.5158200748888238
2,-1.2106727479357442,-1.4515100941573196
2,-1.6197887582883936,-1.4841403276543264
2,-1.4778825072930193,-1.439187626117478
2,-1.1760912590556813,-1.4288438079579295
2,-1.1613680022349744,-1.4030415990524354
2,-0.9777236052888476,-1.1885869456775946
2,-1.4349235749252074,-1.4500339506936228
2,-1.306425027550687,-1.4365019100307352
2,-1.7455952164279207,-1.531586348373865
2,-1.5096504795465826,-1.4649055648064406
2,-1.5725812013324862,-1.4838836473826162
2,-1.782353164811413,-1.5016545078552017
2,-1.6174663223693626,-1.438632463097932
2,-1.2863067388432743,-1.1926788746335304
2,-1.1663314217665244,-1.1266252582721499
2,-1.5824130364264946,-1.4677751865966095
2,-1.5993371329924884,-1.4790490377384242
2,-1.4206723924623326,-1.48655917530196
2,-1.695481676490198,-1.5338003383154848
2,-1.3129292189636894,-1.4227188668369128
2,-1.3324384599156058,-0.21090908502157418
2,-1.7160033436347994,-1.6185892543689337
2,-2.3679767852945943,-1.7006823861964069
2,0.6951770153188797,1.4272320656627995
2,0.0,0.02721196713612124
2,-0.6482604135760912,-0.6268301984077715
2,0.0,0.460547838020634
2,-0.6989700043360187,-0.601982447579054
2,-0.5740312677277188,-0.5995400301147789
2,-0.7373149964122385,-0.4360504320931198
2,-0.9294189257142929,-0.9913829306622991
2,-0.6130553756294255,-0.6125985494871798
2,-0.5954962218255746,-0.5232146678295242
2,-0.7318660629392069,-0.6929309818589177
2,-0.5188198888034705,-0.5987141600060171
2,-0.7739952906124863,-0.6541520823188369
2,-1.4395415394615556,-0.38294490779908985
2,0.2730012720637376,-0.12015958426251762
2,-1.3010299956639813,-1.0866328300221542
2,0.0,-0.5869898970768337
2,-1.3444802558203817,-0.9286130307373689
2,-0.8031681201868599,-0.6668680512152397
2,-0.5786173133193158,-0.6072870884579439
2,-0.7100860092414791,-0.6181801135793434
2,-0.6879746200345549,-0.5264116373803621
2,-0.5696832697124847,-0.6560375520926713
2,-0.13305071898637433,-0.41055852196865894
2,-0.15209098265191479,-0.41055852196865894
2,-0.30102999566398125,-1.0033418112728743
2,1.9323294795010275,1.1927033281732131
2,0.5514499979728749,0.9214586340505504
2,-1.740362689494244,-0.3789587522407368
2,-1.9456423376774072,-0.5123886760430115
2,-1.7569619513137056,-0.9506381958014282
2,0.0,-0.6052283503376468
2,0.0,-0.08186497964113461
2,0.0,-0.3321127990901653
2,-1.1505139038522927,-0.9670681311674213
2,-0.653212513775344,-0.42462172695362904
2,0.3800615256317279,-0.24017233574824395
2,-1.1461280356782373,-0.7111938855724957
2,-1.1760912590556813,-1.0829197094182614
2,-0.8239087409443187,-1.0787964164975978
2,-1.204119982655925,-1.1175481526978581
2,-0.672097857935718,-1.255705569742499
2,-0.4432453729278514,-0.6003589846712969
2,-1.0,-1.2000361038633713
2,-1.0,-1.2467293910114776
2,-0.8550907278940816,-0.5620999597386834
2,-0.6783300974733155,-0.6653433960468618
2,-1.4771212547196626,-1.061031445379468
2,-0.18184358794477262,-0.4356456355156945
2,-2.0413926851582254,-1.4362582258916166
2,-1.3802112417116064,-1.3645362809411388
2,-1.3273589343863295,-1.4866592630605393
2,1.2309713024148268,1.173455194787912
2,0.42579681672523595,0.29749157542272725
2,0.0,-0.41403518678117557
2,-1.5844523833812616,-1.4615662822741802
2,-0.5882717068423293,-1.8459453900564993
2,-1.46344155742847,-1.4607193348684193
2,-1.5440680443502757,-1.2520173367563878
2,-1.0457574905606748,-1.31939315850563
2,-1.3341402942756098,-1.403237520386564
2,-1.269512944217916,-1.189371204575737
2,-1.5051499783199063,-1.492728271949725
2,-1.434616003271386,-1.417216882324024
2,-1.3010299956639813,-1.301679380421618
2,-1.5567331348946913,-1.45401302064963
2,-2.061536246949716,-1.4451957870754475
2,-1.3601514477826377,-1.3034794261225449
2,-0.3133971826694042,-0.6023723917158652
2,-1.249198357391113,-1.4264072594902277
2,-1.3010299956639813,-1.1232286228361001
2,-1.249198357391113,-1.3448566823942465
2,-1.3511088600072982,-1.277746944597802
2,-0.4514759214932562,-0.5875445667290343
2,-1.5364682557823155,-1.4645795201885607
2,-1.3135157072120407,-0.513720277565742
2,1.7558748556724915,1.3900071278124426
2,-2.136720567156406,-1.4483599088417884
2,-0.4330536280883628,-0.33278266674794615
2,-1.442513126296456,-1.4764072068969925
2,-1.7317625177323261,-1.4223813858491963
2,-0.34145865271958975,-0.327713858606586
2,0.0,-0.16014431783256644
2,0.0,-0.16014431783256644
2,-0.23855876556918343,-0.14128128162772846
2,0.08804493295993954,-0.2537271975679629
2,-1.3862016054007933,-1.4556643698068317
2,-1.6964812039323238,-1.464175549239326
2,-1.4471580313422185,-0.6854774086777868
2,-0.22724378150306102,0.33416453581586625
2,0.00465735811267276,0.22855041304272766
2,-0.10661949439456464,0.2088941074694135
2,-0.2789761829079378,-0.19240712430008744
2,0.0,-0.3347766776415099
2,0.47856329638292383,0.360620334550426
2,-1.2263963773670774,-1.1135803336081485
2,-0.8325089127062366,-0.6883530259747335
2,-1.3521825181113627,-1.3525131205788603
2,0.0,-0.11776161129391063
2,-1.4522976709946303,-1.342211843197674
2,-0.30102999566398125,-0.16094936931771905
2,0.7883704155653293,1.3963969874685236
2,1.151267675330649,1.1048344149453762
2,0.8538719643217618,0.21644702834623397
2,0.0,0.30801183712276875
2,-0.8016323462331663,-1.095748499264568
2,-1.3891660843645326,-1.002354720122795
2,-0.15490195998574308,-0.470233485868642
2,-0.5854441338464147,-0.43765528010902327
2,-0.15490195998574308,-0.49478686782755404
2,-1.6434526764861879,-1.4985103105225235
2,-0.5947607525864624,-0.5289509896604823
2,0.2689756201843121,0.33667310854002125
2,0.436497728992185,0.3232323885987585
2,0.25422278211024096,0.25348612647837415
2,0.0,0.29315431004382697
2,0.0,0.3047474981530484
2,0.22515138516644218,0.21127763630689236
2,1.247183568811728,0.29239314461203203
2,0.2863410853561561,0.15903051078675967
2,0.3958163150421816,0.238291717096581
2,-0.2152181707173435,0.323456939952267
2,0.06299448495434934,0.3271451154765431
2,0.6517613292186208,0.42455179111162883
2,0.0,0.3401400556475376
2,0.0,0.1867902188479023
2,0.7496315210986477,0.3384795507609252
2,0.7347714789456772,0.22834193713438108
2,0.38945759571829885,0.23438365436622136
2,1.6179829574251317,0.3514837211301266
2,0.5208292648142576,0.19617968078026504
2,0.04053354643708662,0.29591573693271245
2,0.12666575210534692,0.2950332267930495
2,0.39538854403305557,0.2644122376336436
2,0.571379327328061,0.6146405376383008
2,-0.8750612633917001,-0.635967656544915
2,-0.4375301220789325,-0.18950680010475485
2,-0.7898641211887929,-0.8083648583705056
2,-1.0,-1.4704054884017825
2,-0.09400502236464892,0.153388353356594
2,-1.0,-0.5895326525768371
2,0.17463880404736631,0.21995654172918536
2,-0.6567290874981806,-0.7453492000407865
2,0.7232996763759854,0.4618536478286774
2,-1.8765065042658806,-1.3284764679601313
2,-1.1180993120779945,-0.6586832302453643
2,-1.2218487496163561,-1.0470185891350474
2,-0.21075871684946446,-0.5902071025002492
2,-0.6630574484453744,-0.6873666600380338
2,-1.7781512503836439,-1.716034735141066
2,-0.7998705000768798,-0.5262684070266317
2,-1.304634119932806,-1.043060884285237
2,-1.3010299956639813,-0.9880026372934452
2,-1.8822398480188234,-1.601546792401268
2,-1.672097857935717,-1.5087832444805502
2,-0.3494864174906427,-1.0747706569311584
2,-0.8010296743210459,-1.1330970480179403
2,-1.3010299956639813,-1.2383881800934227
2,-1.3010299956639813,-1.233654082141465
2,-1.1505139038522927,-1.1110430810631708
2,-0.8494839081883114,-1.3438961238760065
2,-0.30102999566398125,-0.8114591494579381
2,-1.1505139038522927,-1.6867315659408195
2,-0.6020599913279625,-1.1534932931352082
2,-1.0,-1.1221520815262511
2,0.0,-1.1515400306525216
2,-2.6989700043360187,-1.0839243890326982
2,-1.0,-1.110869884066303
2,-0.8494850736397348,-1.1336225186038433
2,-1.0,-1.110869884066303
2,-1.1505139038522927,-0.9736009949651685
2,-1.3010299956639813,-1.2721045450420787
2,-1.1505139038522927,-1.1577800079813136
2,-1.3010299956639813,-0.84764407148946
2,-1.1505139038522927,-1.0973005301205316
2,-1.0,-0.812397462212343
2,-1.0,-1.0973005301205316
2,-1.0,-1.0951372856286696
2,-0.30102999566398125,-1.0899400681731075
2,-1.3010299956639813,-1.0981796656437148
2,-1.0,-0.8810074137627726
2,-2.1505139038522927,-1.0148111932486577
2,-1.3010299956639813,-0.9838584239126021
2,-1.3010299956639813,-1.1972753646577083
2,-1.3010299956639813,-0.9689479145071809
2,-1.3010299956639813,-1.155454888528526
2,-2.1505139038522927,-0.7897406331321648
2,-1.3010299956639813,-1.0229886680819857
2,-1.1505139038522927,-0.8823593589572692
2,-1.1760912590556813,-1.2286293306216427
2,-1.3802112417116064,-1.0321237980832942
2,-0.26681589513288007,-0.34733039832988766
2,-1.3257703732422108,-0.9813737508682074
2,-0.9542425094393252,-0.8758662098323816
2,-2.0627908298594555,-1.622261403638504
2,-2.1303337684950057,-1.5862385799354723
2,-1.4293484729236612,-1.432773473132952
2,-1.7323937598229682,-1.4961856753935314
2,-1.6989700043360187,-1.5472897265994765
2,-2.01598810538413,-1.687493726986371
2,-0.4771212547196626,-0.827071458296792
2,-1.3010299956639813,-1.099331681051986
2,-0.9783383627425621,-1.0388175199917746
2,-0.03950854128367354,-0.44630953101745363
2,0.0,-0.060254384206310185
2,0.0,-0.2410859753757705
2,-1.0211892990699383,-0.9826267679418307
2,-0.8514692224701967,-0.9903169275152901
2,-1.079181246047625,-0.9193159003470771
2,-0.5411035653865364,-0.9135140920548775
2,-1.5499369780143732,-1.457538471942897
2,-0.6754889084864963,-0.5795458295766696
2,-1.2026502875751488,-1.4416616105235724
2,0.18499212056651704,0.2593617454787027
2,0.5641359674050559,0.23468809224022064
2,0.0,-0.26827117208788637
2,-1.026328938722349,-0.7184882679275465
2,-0.34948628751527444,-0.14038208130903457
2,-0.19896832053217395,-0.38786887857488955
2,-0.643452676486187,-0.6853246069237727
2,-1.4177484020255902,-1.4057787171803584
2,-0.22184874961635614,-0.4158719407743863
2,-1.3891660843645326,-1.3801658818636204
2,-1.361727836017593,-1.3333228891944473
2,0.05368485896277697,0.008035697193907163
2,-0.9477603819114044,-1.4695984130492226
2,-0.04324165741713237,-0.021001752094028204
2,-0.05435766232259276,-0.044281275884427256
2,0.10523540179218838,-0.08184835653121258
2,-0.1321173212354232,-0.05768291667074475
2,0.17710898483871063,-0.0774543697656255
2,-0.103219486915064,-0.08270051733139092
2,0.012964977164368285,-0.1365689941042635
2,-0.2604121447557173,-0.16498699686432594
2,0.05115252244738144,-0.023630859272239676
2,0.05115252244738144,-0.03028550747801578
2,0.048304679574554754,-0.12786810604278362
2,0.5383909114585856,-0.158840784797731
2,-0.06305174574708872,-0.050887511738869524
2,0.045757490560674796,-0.07791773713950151
2,-0.42881657514510785,-0.2128120259486002
2,-0.3819886947675881,-0.7237549034537938
2,0.0,-0.010170886048941648
2,0.0,-0.04927793625132727
2,0.0,-0.1538925282340633
2,0.0,-0.17892498488571207
2,0.0,-0.1538925282340633
2,0.0,-0.17892498488571207
2,0.0,-0.16362988941255474
2,0.5161539089494696,0.19796967290023723
2,0.6816274485899259,0.22295613528568342
2,0.6872467388148911,0.23664395067133878
2,0.0,-0.2678157491757228
2,-0.3701809521413173,-0.6100549495213801
2,0.19897007056545224,-0.3471866515273366
2,0.0,-0.12769358534792158
2,-0.5728818330508298,-0.6604326710640785
2,-1.3010299956639813,-1.375874202980243
2,-0.7403626894942441,-0.6362214456155084
2,-0.9542425094393252,-0.6218294901430645
2,-0.8129133566428557,-0.5294337974036573
2,0.17567887514922909,0.15574276619478014
2,-0.7403626894942441,-0.5068937205524111
2,-0.7403626894942441,-0.6001577141968244
2,-1.163502131747661,-1.265273528518276
2,-0.23855876556918343,-0.14694683615328205
2,-0.6197887582883936,-0.2362154497017826
2,-0.3332146790353825,-0.24206921919686045
2,0.10319830233507865,0.32329014064318656
2,-1.4149733479708182,-1.2832208037756638
2,0.09017663034908807,0.5571271634880678
2,1.0969100130080562,0.927448521795927
2,1.1962946451439684,0.7722265772349064
2,0.0,-0.11148851153463692
2,0.3494856763830949,-0.5719323187139201
2,1.0431024990135827,0.34270306844109527
2,-1.0,-0.6707490962779517
2,0.0,-0.16199940735661592
2,0.0,-0.18697974847481344
2,0.0,-0.8226235864975893
2,-0.30102999566398125,-0.7265187887193957
2,-0.6989700043360187,-0.7414823730383162
2,-2.3979400086720375,-0.7265187887193957
2,0.0,-0.5001799174845696
2,0.0,-0.7209978702076469
2,-1.0,-0.7295302646307659
2,0.0,0.4540102792977361
2,0.7602607858886188,0.24141640006151233
2,0.8870600239159199,0.363113507538982
2,-1.0,-0.3915055497634378
2,-1.318063334962762,-1.1175500990789597
2,1.6640579802891544,0.2527170683166716
2,-1.365903776671729,-1.266866421796061
2,-0.9851762236829753,-1.2743821748808302
2,-0.30102999566398125,-0.6523847337115483
2,-0.5797835966168101,-1.3301003551463222
2,-0.39194964498285056,-0.5727346383902642
2,-1.0969100130080562,-0.6429692371654865
2,-0.7472746839105735,-0.7701544689219585
2,0.3979400086720375,0.20832364201756484
2,-1.3511966051297115,-0.5915349842487714
2,-1.3765769570565123,-1.1678674904497583
2,0.0,-0.06497631585581881
2,0.5301779840218366,0.5246994836083971
2,0.7420815496859419,0.6390659803509966
2,-0.011437917752548543,0.4515885560754642
2,-1.3010299956639813,-0.9450886923678817
2,-0.028456562779072492,0.5252135169525386
2,0.27147475210226535,0.6205356276319263
2,0.9309190808567012,0.6345853499782909
2,0.8476754629020675,0.5835734806026893
2,-1.518513939877888,-1.0413665241774934
2,-1.518513939877888,-1.0629092014707096
2,-1.0443762570945339,-0.7271144813166249
2,-1.195613398758156,-0.8582062220942127
2,-0.5541035366673484,-0.5103421544909849
2,-0.7056005832350314,-0.5097136458907714
2,-0.8311920126834114,-0.6307138030439263
2,0.8057955484803827,0.6072864591403521
2,0.8956496623437697,0.4642569128985574
2,-1.207980403469163,-0.5285029638071861
2,-1.3424226808222066,-0.5951983062215909
2,-0.8450980400142569,-0.9470575161711681
2,-0.3309932190414244,-0.41753789847537215
2,-0.9057300831581516,-0.44792622457762926
2,0.0,-0.4191893841853087
2,1.0612766682173884,0.4851516235527212
2,0.0,0.5580013166077199
2,0.2258937820265059,0.3918338125803188
2,-0.4375301220789325,-0.07352159064905357
2,-0.6566307997724685,-0.6857273344384832
2,-0.500602350569185,-0.5986927044523748
2,-1.230448921378274,-0.8497846954247428
2,-0.8803900968967664,-0.6394729906538756
2,-0.48811663902112556,-0.7373552393810354
2,-0.6557448502907386,-0.7568543500018847
2,-0.842392146638332,-0.6472450397261107
2,0.211230822627817,-0.6782377228947891
2,-0.4637572931616809,-0.652640198080382
2,-0.8808135922807914,-0.6116846432900007
2,-0.8450980400142569,-0.8076607774681994
2,-0.7569619513137056,-0.613655330474294
2,-1.0170333392987807,-0.637944598751753
2,-0.8205550989367305,-0.5531657368795733
2,-0.460730838531493,-0.7358143394417692
2,-0.9393021596463882,-0.9534552970290332
2,-0.7781512503836439,-0.6187146668401209
2,-1.0,-0.6232665796789001
2,-0.9857595608853895,-0.7190879211540177
2,-0.8372727025023003,-0.6622501293898867
2,-0.798354636471931,-0.627835009987988
2,-0.7639108112690334,-0.8392144877310272
2,-0.6575773191777934,-0.5810166337778695
2,-0.7136932611567257,-0.5824999296053237
2,-0.7147642715192504,-0.5990334567492398
2,-0.445712790468038,-0.7085299901655686
2,-0.6374519664168048,-0.6857189446590436
2,-0.795880017344075,-0.49352876797271444
2,-0.9652378937407882,-0.7593579160789283
2,-0.6847295652214083,-0.7939367396281927
2,-0.8096683018297082,-0.7889148716884569
2,-0.5177391056279266,-0.8237709836451961
2,-0.6917914197088955,-0.5692086022997455
2,-0.24303804868629442,-0.7749340944292327
2,-0.8200136970607943,-0.7001337666944668
2,-0.5698753079565613,-0.7248294781216319
2,0.0,-0.039034911182989955
2,-0.42276359239706984,-0.6103130478372578
2,0.0,-0.7954359689548283
2,-0.8124792791635365,-0.8166898983038493
2,-0.7844001996606451,-0.6488105298376796
2,-1.1875207208364635,-1.1614611151414749
2,-1.653212513775344,-1.568903724876968
2,0.0,-0.5800538463207213
2,-0.7403626894942441,-0.5590355281283231
2,-0.7403626894942441,-0.5755151771878799
2,-1.0,-0.41275114266951773
2,-1.0,-0.5589924809381184
2,0.0,-0.571780434796002
2,0.0,-0.517140993242065
2,0.6020599913279625,1.0526494738950833
2,-1.1461280356782382,-1.5186399403329927
2,-0.4375301220789325,-0.2137180981968897
2,-0.45154571957920364,-0.5582523405064511
2,-0.3979400086720375,-0.07007344370399297
2,0.5484037989829966,0.6559171935568158
2,-0.7781512503836439,-0.3228765512549141
2,-0.30102999566398125,-0.3828223558821076
2,-0.19897007056545224,-0.18551429438606035
2,-0.38907632175972306,-0.19404365551153263
2,-0.4375318721122108,-0.10538675901688893
2,-0.15051493100552538,-0.26017917613061153
2,-0.19897007056545224,-0.15840338776006999
2,0.0,-0.16100102869147978
2,-0.4375301220789325,-0.41678745306186454
2,0.0,-0.17344460373396944
2,0.03959044503700948,-0.25624972808889973
2,-0.03959044503700948,-0.24567647360036585
2,0.0,-0.2814508166006566
2,0.0,-0.022118165653243375
2,-0.4375301220789325,-0.3988341674955709
2,-0.30102999566398125,-0.21504703598782046
2,-0.09691001300805624,-0.1298799324643721
2,0.0,-0.21225257652731755
2,-0.6020599913279625,-0.14771828473552376
2,-0.2525756490137514,-0.15178470033389446
2,-0.19896832053217395,-0.1880236483431175
2,0.03959044503700948,-0.269462203551924
2,-0.03959044503700948,-0.15817048298829814
2,0.0,-0.2067886942015409
2,0.0,-0.1776505603436266
2,0.03959044503700948,-0.041338605676276625
2,0.30102999566398125,-0.20839911831084396
2,-0.08804493295993954,-0.2694786062598734
2,0.0,-0.13109168409209232
2,0.0,-0.14148348670255811
2,0.0,-0.2179997144687853
2,0.0,-0.12247797956905597
2,0.0,-0.12618057038163516
2,0.0,-0.015836623698828003
2,-0.3979400086720375,-0.2525784808747098
2,0.0,-0.33365574878665183
2,-1.4771212547196626,-1.3502326444811126
2,-1.346787486224656,-1.3562630781477645
2,-1.0791812460476242,-1.3525224604476067
2,-1.653212513775344,-1.1923220640351369
2,-0.970795845024286,-1.1690223369550201
2,-1.3657553253006363,-1.2207267213231747
2,-1.8698833244772235,-1.3114208633204476
2,-1.5622928644564746,-1.3522384050325456
2,-1.4738799660368604,-1.3106683314334657
2,-1.6989700043360187,-1.2783623854389274
2,-1.2218487496163561,-1.3147867199259544
2,-1.5642714304385628,-1.4175963476885685
2,-1.740362689494244,-1.448537062777005
2,-1.6989700043360187,-1.457644477515739
2,-1.2552725051033065,-1.3784113977551948
2,-1.4771212547196626,-1.4601395234148888
2,-1.5096504795465826,-1.4504622927811488
2,-1.672097857935717,-1.480013689774876
2,-1.349585478950286,-1.371168991346944
2,-0.7708520116421447,-1.3224594439414539
2,-1.4259687322722812,-1.4840436132024633
2,-1.8061799739838875,-1.3892831657984266
2,-1.5622928644564746,-1.3140642459551375
2,-1.500602350569185,-1.251159532421867
2,-1.6368220975871743,-1.337297905803149
2,-1.4771212547196626,-1.231508211686628
2,-1.4771212547196626,-1.3337961809046106
2,-1.3869446243705745,-1.3872231804673008
2,-1.3010299956639813,-1.348010255211199
2,-1.0,-1.2428255925969796
2,-1.5228787452803374,-1.3216470834477472
2,-1.7323937598229682,-1.3729802242545412
2,-1.3010299956639813,-1.2991356223858417
2,-1.1760912590556813,-1.1934829327161307
2,-0.9030899869919438,-1.1597814943037703
2,-0.8900183566879223,-1.353923326873167
2,-1.3010299956639813,-1.163325517527387
2,-1.4944924455175173,-1.1417005711412684
2,-1.3841949163398928,-1.1511599857416461
2,-1.5888317255942077,-1.0439579090235962
2,-0.7509990043400281,-1.1542616178430443
2,-1.6989700043360187,-1.4274916810659881
2,-1.5993371329924893,-1.4399364451815122
2,-1.3424226808222057,-1.4579840156232284
2,-1.4522976709946303,-1.363458653639709
2,-1.3010299956639813,-1.3370736570441204
2,-1.2787536009528289,-1.290218979513432
2,-1.4673614174305056,-1.2229010111607783
2,-1.4259687322722812,-1.180683544860384
2,-0.989004615698537,-1.0742817777820792
2,-1.1638846858194372,-1.1767290806692836
2,-0.9330532103693869,-0.5897733767739847
2,-0.5965237907934897,-1.1073861757326453
2,-0.8635031026969804,-0.9687669039578265
2,-1.4259687322722812,-1.3675731758955192
2,-1.6989700043360187,-1.4780242345244519
2,-1.9542425094393252,-1.4883476947775998
2,-1.6020599913279625,-1.5458368382441285
2,-1.8538719643217618,-1.5976616122167153
2,-1.1903316981702918,-1.5247254671990331
2,-1.8325089127062366,-1.598994733243467
2,-1.672097857935717,-1.4566908391016336
2,-1.539912084579118,-1.5549664338234874
2,-1.5515855244155112,-1.6599330748935837
2,0.05338452113950165,0.1424523721857292
2,-0.008889378689054261,0.5196743929087345
2,-0.014459282395584694,0.48217814321027036
2,0.4480806748140447,0.10783973220802213
2,0.20727086333488298,0.13477841915528693
2,0.1685781829349775,0.19101409463449442
2,-0.09691001300805624,-0.0732406934328502
2,0.07918124604762511,-0.09961730294656196
2,-0.24144430567973707,-0.35905539378102863
2,0.739457594727118,0.41720580608720204
2,0.311867744492071,0.3267128085440043
2,0.18953254350015936,0.3037041935030063
2,0.9140327646090833,0.17275262835573157
2,0.42376472293646295,0.29317711494143706
2,-0.04915992695985505,0.1996755917451157
2,0.37398787754650886,0.22707013517939603
2,0.05115252244738144,0.4088639785314351
2,0.09309638912348284,0.2187769280436291
2,0.504964353119516,0.19853314423777177
2,0.473228566892149,0.44200121925089386
2,0.9024826292148989,0.33211099418283735
2,0.5511585763075146,0.470205492081615
2,0.09347640971467452,0.40741785206532377
2,0.0,0.21649579723984474
2,0.23888208891513685,0.43638683987483723
2,0.21075196571557608,0.13473364805895272
2,0.14304465902613295,0.6057672431032476
2,0.6447927479487232,0.19751707324369172
2,0.007004901568658184,0.1339544309141297
2,-0.8129133566428557,-1.2320535580801348
2,-1.9632530916138462,-1.8918924061615954
2,-1.5740312677277188,-0.19898950974533886
2,-1.0,-0.7380965463809952
2,-0.6989700043360187,-1.0779984374610128
2,-0.8129133566428557,-1.2159443842549844
2,-0.834171816391641,-1.1434987694669745
2,-0.3729120029701072,-0.5416950835415932
2,-1.1832698436828046,-0.4868265360527167
2,-1.1362197470179893,-0.5541005222683453
2,-0.8973376581028525,-0.7774588435339226
2,-1.3631779024128257,-0.5993719171767607
2,0.21085336531489318,0.14833844125486403
2,0.30102999566398125,-0.008700728995929321
2,-0.07463361829690385,0.13842395480307734
2,0.33459734331024915,0.08661538081934214
2,0.14266750356873104,0.058122900409155555
2,0.24864192620429204,0.05622480130320989
2,0.24303804868629442,-0.3068509489963328
2,0.13587872267231305,-0.18207450739259096
2,-0.8985423592412225,-0.6401971644442486
2,-0.3148656857969785,-0.3697649424728195
2,-0.7080611817826883,-0.6141457780910085
2,-0.33538263205625984,-0.3019170605199266
2,-0.1389494510511149,-0.31336375896405644
2,-0.4313637641589869,-0.2876953965374073
2,-0.1353106860769584,-0.3464994196202278
2,-0.4988405044128985,-0.5165454122450209
2,-0.5581545056288801,-0.5244153409459779
2,-0.5228787452803374,-1.274858777338733
2,-0.8628809888076958,-0.8348769550211682
2,-0.487381217643696,-0.4255449315565695
2,-0.9509145660903977,-1.0788925323934908
2,-1.1062836390828732,-0.8793648369213314
2,2.2730012720637376,1.8083944522939042
2,-0.6989700043360187,-1.0179523397745855
2,-1.8299466959416364,-1.2774227964600113
2,-1.6312182200691758,-1.2151836943927303
2,-0.4771212547196626,-1.0164117038889613
2,-0.720159303405957,-1.2366293647316047
2,-1.0,-1.0719143886271711
2,-2.5477747053878224,-1.9010592235688148
2,-1.5096504795465817,-1.8235259984483116
2,-1.633468455579587,-1.8273493572685537
2,-1.6967930850817439,-1.828768471107638
2,-1.4819201376014313,-1.8189046193025264
2,-1.9637878273455556,-1.844389001618493
2,-0.3064250275506879,-2.0892031392334833
2,-0.8129133566428557,-1.2309144606288178
2,-0.9294189257142929,-1.2219146629571822
2,-1.1461280356782382,-1.2194730255970219
2,-1.0211892990699383,-0.8344989245150853
2,-0.8450980400142569,-1.1932319137359924
2,0.045757490560674796,-1.4212208665694388
2,-1.113943352306837,-1.401893603560222
2,-1.1461280356782382,-1.5615350493494193
2,-1.2552725051033065,-1.3495888748440263
2,-0.8239087409443187,-1.0760687749593543
2,-0.6989700043360187,-1.0760523842954932
2,-1.271066772286538,-1.0498843875768937
2,-1.016711483485187,-1.6731577324560292
2,-0.07918124604762511,-1.5212676673874272
2,-1.518513939877888,-1.6210773563191
2,-1.571798386295427,-1.4433424565038957
2,-2.027122999639219,-1.6361584061426373
2,-1.955206537541942,-1.405687769837746
2,-1.9934362304976112,-1.5523660861014048
2,-1.0,-0.44457594538527895
2,-1.0,-0.5505285530038527
2,-1.0662755460937365,-0.9418646227228293
2,-1.0969100130080562,-1.119021310887
2,-0.30102999566398125,-1.0971148181321992
2,-1.8559109092964743,-1.6382997247711097
2,-1.0,-0.8128939501385704
2,-0.7886034270071542,-0.7435606362220186
2,-0.9678153166285988,-0.9267798797550423
2,-0.4637572931616809,-0.7361165399639527
2,-1.1505139038522927,-1.0447110583386219
2,-1.0,-0.9974858448970636
2,-1.0,-1.0574985943481503
2,-0.4181433947603246,-0.43343647040325933
2,-0.3489535479811643,-0.7408038834359041
2,-0.48148606012211204,-0.661730830096588
2,-1.2041195220169634,-0.9367633970219178
2,-1.8808135922807914,-1.144728419110527
2,-1.0700378666077546,-1.0236943446945987
2,-1.3010299956639813,-1.007870667482696
2,-1.113943352306837,-1.0269436637564835
2,-0.5331418207276597,-0.7414199401282872
2,-0.7781512503836439,-0.686963460450699
2,-0.9030899869919438,-0.8441307448891452
2,-0.7900504736833511,-1.0708402388543856
2,-0.7496627125722055,-0.9129626592807063
2,-0.8908555305749317,-0.7874678690615291
2,-1.0433460369455343,-0.5916881941370473
2,-1.345700390583442,-1.1935306424776844
2,-0.7649984701971482,-0.5985862284990837
2,-1.4161237976022498,-1.227116700769541
2,-0.39750477113913085,-0.6048542148962291
2,-1.24177739618455,-0.5965543815369284
2,-1.3263358609287517,-1.240335723615712
2,-1.0731070983354316,-0.6016110104465516
2,-1.4281347940287885,-1.2424070979249489
2,-1.1159511898262942,-0.5898933492796833
2,-1.2174839442139058,-1.290813227433403
2,-1.0421661394711244,-0.5902164252443476
2,-1.4149733479708182,-1.1444024029014697
2,-1.3350882209232404,-1.4362486926487998
2,-0.5056147129623305,-0.5737937082542188
2,-1.3909351071033793,-1.3601562447455466
2,-1.079181246047625,-0.9979199706024269
2,-0.7893594719752786,-0.9814951871540982
2,-1.0633869788643926,-0.976449644359072
2,-0.8964186656113675,-1.0005556395992667
2,-1.199601769708555,-1.0200557268420805
2,-1.4771212547196626,-1.0386530205574476
2,-1.4216039268698313,-1.1364540839073862
2,-1.500602350569185,-1.7260366198920203
2,-0.6863808770279984,-1.0767591596366828
2,-0.9700367766225568,-1.1038620873630607
2,-1.346787486224656,-1.0800469202993652
2,-1.0453229787866576,-1.032549409121917
2,-0.8538719643217618,-1.058364800012925
2,-0.6020599913279625,-0.9371331120416467
2,-1.1760912590556813,-1.1212960749685283
2,-0.3979400086720375,-0.6168928937860895
2,-0.7132104434506292,-0.7410325317750054
2,-1.1047353505200128,-0.6804890503136085
2,-1.164810248645992,-1.0042760786661136
2,-0.6020599913279625,-0.7512353375549854
2,-0.8386319977650247,-0.577318162637445
2,-0.7070878945581978,-0.6826655494124679
2,-0.7206892540292547,-0.7430633828016198
2,-0.30102999566398125,-0.6004501922575475
2,-0.4452738874676685,-0.6257704836074071
2,-0.44313675740929437,-0.5631801778299228
2,-0.4581545730397769,-0.7524456308127467
2,-0.6812412373755876,-0.5413698687861566
2,-0.6924391371770602,-0.7149612023009891
2,-1.269512944217916,-0.8610866261692404
2,-0.06454790588958392,-0.23526674958208146
2,-0.5740312677277188,-0.3819025128493496
2,-0.7634279935629378,-0.8881126772224222
2,-1.1383026981662816,-1.031300500878231
2,-0.8450980400142569,-1.0705968113453923
2,-1.3546346542409058,-1.0544754073351168
2,-0.9065783148377653,-1.2289803526750398
2,-0.8846065812979305,-1.0894216067667957
2,-1.0655015487564325,-1.0010890282841485
2,-1.079181246047625,-1.251053190922842
2,-1.0,-1.1002027339699432
2,-0.6320232147054057,-1.0390263130718282
2,-1.3565473235138121,-1.3306109331516642
2,-2.6020599913279625,-1.7745542123390523
2,-2.431363764158987,-1.8514511887396858
2,-2.2671717284030137,-1.948134271709213
2,-1.6320232147054057,-1.375354409694045
2,-1.3716110699496884,-1.2491794332687443
2,-1.5994358475018133,-1.3976127745167621
2,-1.5468790216841048,-1.4611894998420112
2,-0.8381491800589291,-1.0096852055756784
2,-1.3541084391474012,-1.3986466297047113
2,-1.6812412373755876,-1.5058885365088124
2,-2.204119982655925,-1.3511499008003705
2,-0.32605800136591245,-1.443647721749411
2,-0.7825160557860933,-1.4550290709696563
2,-0.8450980400142569,-1.19693488884766
2,-1.0,-1.343471219736356
2,-0.8189453214127687,-0.6623200889112745
2,-0.31527043477859173,-0.6947486223174022
2,-0.6709412807357751,-0.7462780367529115
2,-0.9866360384420183,-0.6677029581510168
2,-0.9110589166632197,-0.6646833576002078
2,-0.5477023290053697,-0.698958600446172
2,-0.5772364076029302,-0.726035715671681
2,-0.4637572931616809,-0.7707515222648759
2,-0.5440697772466896,-0.8275188951365755
2,-0.9030899869919438,-0.6660568118387196
2,-0.8473898367938411,-0.675366818584078
2,-0.9744458955276123,-0.6997420087903038
2,-2.236572006437063,-0.7362858476294665
2,-0.981114655839626,-0.6720120037750703
2,-0.9565343062189093,-0.6668201388377232
2,-0.8402991571324883,-0.7339885551738266
2,-0.5402528413497603,-0.7262865352260903
2,0.1249387366082999,0.32138851123656975
2,0.5440680443502757,0.8628169838582943
2,0.34678748622465605,0.7068218269465822
2,0.6255410871774849,-0.012530006094329638
2,-0.7388415163737116,-0.5790654277071261
2,-0.8715984310129157,-0.4290340810822491
2,-0.5676910896966998,-0.6429804700966639
2,0.0,-0.5911638907125011
2,-0.20383146568774357,-0.1362535176824721
2,-0.1249387366082999,-0.1459871036687282
2,-0.6417073513700187,-0.365008723070462
2,0.0,0.01480936457720178
2,0.0,-0.01079181246047625
2,0.0,0.012241382303449138
2,0.045757490560674796,0.014588938195613448
2,0.0,-0.037909980643145005
2,1.0413926851582254,1.0638496649896307
2,-0.7509990043400281,-0.9306291451442554
2,0.7781512503836439,0.7277378432578314
2,-0.9692196654089775,-0.686565497727136
2,0.0,-0.3421268286526079
2,1.142667503568731,0.8117063671755195
2,1.5191825997203736,0.8121662738957585
2,0.6340291974030041,0.5230186383014774
2,-0.3979400086720375,0.4492659615412138
2,0.08804772997273602,0.7165470912933095
2,0.9286677731244328,0.7303441241079796
2,0.9637878273455556,0.6687255640161797
2,1.3583474489749054,0.7984959817206249
2,-0.5880452543028749,-0.32392372344501635
2,0.0,-0.28227761289447845
2,-0.9119546794676916,-0.2795361220363307
2,-0.8890752499668562,-0.6465185073723276
2,-0.22184874961635614,-0.4476107835234124
2,-0.8239087409443187,-0.44797971294823524
2,-0.5565946956038967,-0.5125613052572751
2,-0.30468545801217406,-0.42344780431989043
2,-1.1069756794991905,-0.3586581680878183
2,-0.08414466557917422,-0.5880731480986515
2,-0.8980104614626683,-0.8457216526012897
2,0.0,0.39527185159389133
2,0.0,0.23736299387351223
2,0.0,0.12218896127895303
2,0.0,0.0714988377982194
2,0.0,0.29601005783292983
2,0.7403626894942441,0.23553401169566612
2,-0.7670858242334839,-0.614773262086934
2,-0.7191733904243058,-0.5997785787019712
2,-0.8379194553871336,-0.6720106401311046
2,-0.15970084286751174,-0.6404702424689013
2,-0.6932176754469275,-0.7779764287739356
2,-0.6594614630523452,-0.8462940065318597
2,-0.6600519383056493,-0.4921503882974031
2,-0.7346855566025532,-0.476164136870553
2,-0.5228787452803374,-0.5130716812837561
2,-0.8834944309285628,-0.7458823683471195
2,-1.2126080928814442,-0.9519527936960819
2,-0.9444826721501691,-0.7596162515119497
2,-0.9736710612776509,-0.8234667967487727
2,-0.9269790626571934,-0.4058137337397071
2,-0.1439065756842801,-0.22298017172951867
2,0.0,-0.41562196729652784
2,0.0,-0.2761439608041646
2,-1.5081554884596313,-1.2122796090306547
2,-0.653212513775344,-0.7303457799201526
2,-0.8750612633917001,-1.1053000368838057
2,-1.2405492482825995,-1.0459447962746444
2,-1.1026623418971475,-0.8800173825142196
2,-0.6225816584725639,-0.6009465241974996
2,-0.4237472722783231,-0.564563948803531
2,-0.8291099346301269,-1.2722137522130046
2,-0.773216032708131,-0.8804837466660272
2,-0.8816918422907127,-0.8022918693660124
2,-0.7367585652254185,-0.8629260815974394
2,-1.1201398537265312,-0.8596136483571297
2,-1.2582780152430315,-0.9395775803671828
2,-0.5650764250747926,-0.6019258320470918
3,-0.8750612633917001,-0.7530167360552628
3,-0.714033750771895,-0.9848295453789029
3,-1.1861083798132057,-1.6627866470276012
3,-1.4427036899159686,-1.3109463961828667
3,-1.126177808723848,-0.4509105265206928
3,-1.5543957967264026,-0.5580574235338893
3,-1.0441226751758466,-0.5089969499650957
3,0.0,0.04577600691779979
3,-0.1797179563893998,-0.4708649990073106
3,0.0,0.16714130081909795
3,0.0,0.0353485570793653
3,-2.002705893375925,-1.743861918889928
3,-1.0,-0.26651375214175427
3,-1.2382391658045258,-1.4085469135884878
3,-1.6798987495000786,-1.4105614830233306
3,0.0,0.0074043194740912276
3,-0.5642714304385628,-0.8127400032939858
3,0.0,0.029002864638056236
3,-0.4740301777425202,-0.6388193988153319
3,-1.653212513775344,-1.487388407809558
3,-0.4175355647354184,-0.7583839543891471
3,-0.3347131088665538,-0.7583839543891471
3,-0.5051499783199054,-0.01697253190917758
3,-2.6368220975871743,-2.053513513038116
3,0.38021124171160636,-0.11297900821830335
3,-0.39752826612063075,-0.25232481954111874
3,-1.1055101847699742,-0.9477432509386978
3,-0.8136895757626332,-0.6572795327180065
3,-0.6766936096248664,-0.7650753182072788
3,-0.14709636268341697,-0.1747999823066545
3,-0.5740312677277188,-0.8395948335981067
3,-0.4375301220789325,-0.43761644640566977
3,-0.41912930774197577,-0.3196299132676259
3,-0.6284563261405438,-0.7047921486082575
3,-0.659999612833376,-0.1830156698956635
3,-1.079181246047625,-1.2544874959153958
3,-0.5740312677277188,-1.1953155134958602
3,-0.9420080530223132,-1.431993460781592
3,-1.0,-0.9502657499728346
3,-1.1303337684950057,-0.9952337974302137
3,-0.9030899869919438,-1.4095828032447917
3,-1.3679767852945943,-1.39789073712333
3,-1.204119982655925,-1.3835486805210633
3,-1.4191293077419758,-1.4206761035124245
3,-1.3449848975868068,-0.008518019806474335
3,-0.10886390425013914,-0.7778249197661866
3,0.03591255589064524,-0.18486716963032657
3,0.04139268515822536,-0.25909817878188546
3,0.045078374735187055,-0.18312924005893605
3,-0.045757490560674796,-0.2588614144640157
3,-0.706148588963142,-0.3091283761342695
3,-0.12057393120585047,-0.17676499889917507
3,-0.7501225267834002,-0.9250749906518168
3,-0.3829585148536534,-0.281514498153283
3,0.14976232033333226,-0.3478022325746896
3,-0.30102999566398125,-0.2543873567725954
3,-0.17926826284964825,-0.35073182760577454
3,-0.44090908206521817,-0.2527106133987771
3,-0.09564936050631179,-0.5003948987332807
3,0.1014576407587775,-0.37012125298735027
3,-0.41912930774197577,-0.30099626218166886
3,-0.44863271690822515,-0.303578581163457
3,-1.1749315935284423,-1.5941149980796587
3,-2.423245873936808,-1.5897474015971949
3,-2.0881360887005513,-1.533568793486339
3,-1.2769917547965424,-1.144689235385833
3,-0.8450980400142569,-1.2715283695874422
3,-0.3590219426416681,-0.29342511557090595
3,-0.27036117589752884,-0.2781908612113861
3,-0.18580723466839366,-0.167133233079093
3,-0.3521825181113618,-0.48771891778449344
3,-0.7338535745820112,-0.9022896981267837
3,-0.3979400086720375,-0.2843313411223309
3,0.0,-0.08875638720252671
3,-0.09472741951745256,-0.09983232819262344
3,-0.787911087672799,-0.8502934295672232
3,-0.4375301220789325,-0.4511999662156029
3,-0.8056199552320082,-0.4440979939878049
3,-0.5772364076029302,-0.4185445400837544
3,-0.6809789030384632,-0.4663429828584637
3,-0.544527372242805,-0.6228562899903269
3,-0.2667973899192777,-1.0237907493485503
3,-1.0780886807370527,-0.9227827574343185
3,0.0,0.02667481547691093
3,-0.30102999566398125,-1.0634173913019809
3,-0.5708022975975204,-1.080230540437488
3,-0.5118833609788744,-1.1735931462764675
3,-0.7447274948966935,-0.9508539714692067
3,0.07918124604762511,-0.40337713259698993
3,-0.3979400086720375,-0.22638580781910464
3,-1.740362689494244,-1.6107696306908121
3,-0.7726537229182906,-0.49391415775072844
3,-0.6020599913279625,-1.2393085370772254
3,-0.3670895643897012,-0.38686570807149484
3,0.2976264769925141,-0.3645283249261294
3,0.18295111693192823,-0.3152104610855856
3,0.2731973322082579,0.18190070279453885
3,-1.1047353505200128,-0.4605155697121745
3,-0.38021124171160636,-0.3530563351901168
3,0.0,-0.19881482534538017
3,-0.4249783800632443,-0.4563434311545832
3,-0.21197723476163066,-0.13800349372975687
3,-0.4592806758172898,-0.44244229894869397
3,-0.3912591372529759,-0.6014142914705471
3,-1.7883704155653293,-1.5628329276010138
3,-0.8239087409443187,-0.9163006748405622
3,-0.8890752499668562,-0.26295936487156757
3,-0.8890752499668562,-0.26335938131620834
3,-2.153814864344529,-1.7447252875331558
3,-2.079181246047625,-1.8728073727673225
3,-1.9030899869919438,-1.5723226344801757
3,-2.2632414347745815,-1.885196414882802
3,-2.079181246047625,-1.5562385361182856
3,-1.6989700043360187,-1.6213242687575933
3,-0.4604084692762678,-0.44775055638195227
3,-1.3222192947339195,-1.5647099848328756
3,-1.4771212547196626,-1.5534616222787856
3,0.0,-0.34941872524181866
3,-1.1687920203141813,-1.3515168042512382
3,-0.37974700384601867,-0.5677886270241541
3,0.0,-0.05769810060073069
3,-1.2108533653148932,-1.1127971335844975
3,-1.3679767852945943,-1.1500543958577805
3,-1.4685210829577446,-1.1103581414129473
3,-1.079181246047625,-0.8946015332321928
3,-1.4771212547196626,-1.6143840698304834
3,-0.19896832053217395,-0.2897410252091316
3,-0.45593195564972433,-0.6708515563262248
3,-0.17350176664279715,-0.33989775102250847
3,-0.404570587571051,-0.38285663846817314
3,-2.0969100130080562,-1.5125401217207628
3,-0.770033360161464,-0.6583546699522678
3,0.5521687110873836,0.6611620649823103
3,0.0,0.04449504552705239
3,-0.460730838531493,-0.3350055083519592
3,0.6140531059872192,1.031030592393992
3,-0.30102999566398125,-0.28783718859300433
3,-0.4375301220789325,-0.5483779203187157
3,-0.4375301220789325,-0.5628173719776133
3,-0.4577730894245233,-0.503418013573171
3,0.6726856520807178,0.6164139744616974
3,-1.065734522320379,-0.7209250702699722
3,-0.7137489363676082,-0.8614492811781802
3,0.006939606751780403,-0.43312023256776017
3,-0.23856152772098405,-0.17709188542537702
3,-0.8028661382047408,-1.010851350858181
3,-0.4375301220789325,-0.4231883989712896
3,0.0,-0.025708327514226977
3,-0.41300375510791376,-0.7899112222393176
3,-0.9384482422560927,-1.114386283682804
3,0.7403626894942441,0.015696664623252685
3,0.7403626894942441,0.04201204972984676
3,-1.1505139038522927,-1.2740039164474526
3,0.30102999566398125,0.6127165789467226
3,-0.7075701760979367,-0.6751924806803625
3,-0.5325420619597168,-0.5495875116402145
3,-3.139879086401236,-2.4656325834629236
3,-1.4771212547196626,-1.2668793179252473
3,-1.2908903643131016,-1.2707392800368433
3,-1.8211858826088445,-1.279507928222387
3,-1.0413926851582254,-0.20209860917888892
3,-0.9030899869919438,-0.729800209048081
3,-3.137775961313472,-2.474632010621099
3,-3.0663924890041176,-2.5007490718716654
3,-2.7913795161173987,-2.457875269056093
3,-2.8456774857064904,-2.457875269056093
3,-1.7323937598229682,-2.295123353156588
3,-2.321785217254601,-2.4395346062220913
3,-2.0688812894078126,-2.2416592934261677
3,-1.9355420107730819,-2.2905754700288963
3,-1.9121696448438614,-2.1596124122316818
3,-2.214670164989233,-2.24588019486294
3,-1.1072099696478688,-0.4319127781677179
3,-2.9084850188786495,-2.5930995701586035
3,-2.3096301674258983,-2.519587930807124
3,-3.206315241661555,-2.519587930807124
3,-2.1818435879447726,-2.3768217026835394
3,-3.318442797181662,-2.771744880649212
3,-2.8409420802430994,-2.602937205837077
3,-2.446673056996006,-2.5274470963145244
3,0.0,-0.007403626894942441
3,-0.6146922012690137,-0.5520980703115649
3,-0.7008541482105697,-0.6375930848919673
3,-0.5760234477435038,-0.539298434179479
3,-0.6066557430171109,-0.5553593186418257
3,-0.6465051297683573,-0.608191034400473
3,-0.5970965717964116,-0.48671973621339637
3,-0.3708529182030551,-0.3676486857145158
3,-1.0737862141609194,-0.38403076396863656
3,-0.8357691602338235,-0.47210146322797436
3,-0.31994698356234874,-0.2621266753254947
3,-0.71213145039399,-0.8541347601402417
3,0.0,-0.01948490639539503
3,-0.20647388804940192,-0.25293766961848346
3,0.023481095849522404,-0.3646371844273467
3,-0.4771212547196626,-0.29978557795659866
3,-0.236480969533841,-0.23124609970333418
3,0.0,0.01871987516162572
3,-1.2331297600260456,-0.6840661016801546
3,-0.4771212547196626,-0.21381626951132837
3,-0.4375301220789325,-0.2028179104463873
3,-0.4375301220789325,-0.1715752435594591
3,-0.7870157984620274,-0.5689023041347002
3,-0.29081083048229495,-0.5502285699200244
3,-1.0819563001023962,-0.654214469388678
3,-0.808114473761087,-0.7481549627215434
3,-0.06694678963061307,-0.5536015174561917
3,-0.18364439694612678,-0.5500673692671968
3,-0.383699569557427,-0.30416722501704724
3,-0.4313637641589878,-0.6408029006968196
3,-0.5700192809338134,-0.8142260819127344
3,-0.4771212547196626,-0.6653777047829249
3,-0.2536053457358438,-0.576504752580801
3,-0.349334675238536,-0.6524831862489971
3,-0.16840443038939057,-0.5655231338921266
3,-0.4771212547196626,-0.43714233899698485
3,-0.6488033948702885,-0.6554097546911352
3,-1.1249387366083,-1.1444577359958212
3,-1.020203386088287,-1.1149965009034624
3,-1.287241711178348,-1.3299759630534123
3,-1.154901959985743,-1.373672599717528
3,-1.204119982655925,-1.1510288830916393
3,-0.5963076624388712,-1.1421552139990887
3,-0.9604914587163265,-0.774930375938168
3,-1.2582780152430315,-1.429130941804423
3,0.03959044503700948,-0.03668530523630639
3,0.4771212547196626,0.7216371496544509
3,-0.11092642354980953,-0.12100124397033717
3,0.0,-0.05736651847425775
3,-0.4375301220789325,-0.09811620901353012
3,-0.9208187539523749,-0.7713829412023107
3,-1.2024201977780304,-0.3999075509573779
3,-0.3832167518513314,-0.5804058158518538
3,-0.7870157984620274,-0.5279396075993906
3,-1.0222763947111524,-0.7014515196243807
3,-0.21329094598109144,-0.5907181432865163
3,-0.7955365657786055,-0.7286534563791909
3,-0.6931404606752949,-0.377409586678203
3,-0.598653742636051,-0.6441633579632108
3,0.0,-0.37100301004649183
3,-0.7672348358945449,-0.34281364748521176
3,-0.6000814253458744,-0.5753354633449119
3,-0.5081554884596313,-0.9481619810733563
3,-0.7335624974386512,-0.7489842465288693
3,-0.4999841376791663,-0.7513581991429951
3,-0.9336648928393814,-0.8116802375822496
3,-0.7713751873175951,-0.5222521064576756
3,-0.1575129567193363,-0.5856549949798453
3,-1.5039144313075985,-1.7017810087924223
3,-1.3748924486527798,-1.549256557591572
3,-1.5378190950732744,-1.3698137392862386
3,-1.2218487496163561,-1.406898976032293
3,-1.4093694704528188,-1.4211310991393773
3,-1.7396442534629069,-1.4862580538889318
3,-1.5078558716958312,-1.4134047434880486
3,-1.5372465248098468,-1.5079279065748126
3,-1.7215358322347596,-1.5211389210278852
3,-1.4661258704181996,-1.5211389210278852
3,-1.3175990970971743,-1.3929780120771758
3,-1.976961016011427,-1.360579448860382
3,-1.431960183373647,-1.3065605874846664
3,-1.3284682440109208,-1.2857707317357665
3,-1.100900495740861,-1.2956981189351808
3,-1.1760912590556813,-1.3187471836021145
3,-1.0832401025244938,-1.226060217550794
3,-1.1968207439144258,-1.2200528187769364
3,-1.3877643796020518,-1.3482397870565865
3,-1.8377988012727569,-1.519657465717128
3,-1.8195439355418683,-1.6690693665793368
3,-2.367355921026019,-1.6794038365445276
3,-1.5292189233113564,-1.696245897047426
3,-1.3338225090602887,-1.5839910534916004
3,-0.8432872195371282,-1.5157208981428547
3,-1.0566117062143716,-1.3499455132718565
3,-0.11362062053529165,-0.2291742098909948
3,-1.423245873936808,-1.3006680201376994
3,-1.4496001810683996,-1.5021821572697605
3,0.0,-0.41262545310818793
3,-1.3957166532261231,-1.3989970903406368
3,-1.290564561985816,-1.3738858094172457
3,1.6812412373755876,1.1258229056195759
3,1.4440447959180762,1.2700045139371732
3,-1.332438459915605,-0.5608929998433125
3,-1.1119737594439316,-0.9700688618736055
3,-0.5330562595094737,-0.6266422731650597
3,1.0584260244570052,0.23481499920646803
3,-0.3669365584933164,-0.04285196232571255
3,-0.4562839436321724,-0.5438806822377393
3,-0.7227616749930084,-0.656443371251909
3,-0.8145012724224872,-0.6527954692525415
3,-0.6722413466622505,-0.5975410666666348
3,-0.3497414449984353,-0.42386861759960476
3,-0.2646054261027677,-0.5107053422938137
3,-0.2720662997286647,0.04879590954137218
3,-0.3316699538599357,0.06306196241668734
3,-0.6989700043360187,-0.3567641026363596
3,-0.7110497699297014,-0.4563293361235272
3,-0.9140853712934067,-0.5458415124960454
3,-0.3372421683184257,-0.33524442269262084
3,-0.25476426106413896,-0.3677085373401851
3,-0.18364439694612766,-0.3747638716486778
3,0.2924298239020633,0.03648235586768065
3,-0.7811567605233689,-0.8456931887663912
3,-0.7870157984620274,-0.43761644640566977
3,-0.9759196228469422,-0.22769281612105366
3,-0.5106187037514216,-0.3611968316953812
3,-1.259637310505756,-1.1308976043825119
3,0.0,-1.0676677932059238
3,-1.7050441520482122,-0.9241771257223437
3,0.0,-1.1537627068699758
3,0.0,-0.09329686502127768
3,-0.5789946872592688,-0.7556820488534463
3,-0.9294189257142929,-1.092873123458145
3,-0.653212513775344,-0.5299130584703496
3,0.0,-0.3152925219705084
3,-0.4375301220789325,-0.14122214166890512
3,-0.6368220975871743,-1.113398661259207
3,0.0,-0.21244597122282768
3,-0.8702087605972881,-0.7626516064818324
3,-0.45229767099463025,-0.7525511917543107
3,-0.3521825181113627,-0.3380485278214306
3,-1.230448921378274,-1.5127548555081929
3,-1.2523433215461246,-1.4129165274055546
3,-0.7220353084047115,-0.659068413931899
3,-0.7870157984620274,-0.5678551895171786
3,-0.8101204564586855,-0.6751572370705753
3,-2.1487416512809245,-2.22441193998585
3,-2.6812412373755867,-2.21098553313806
3,-2.214679773167946,-2.0398774753414184
3,-1.4832443397784516,-2.170464654943463
3,-1.2123034317101258,-1.8119572916568532
3,-2.3872161432802645,-1.8829735777798065
3,-1.794074216480813,-1.7434815174467102
3,-0.9612474110079834,-1.8157145761514797
3,-2.3832167518513314,-2.3809886296488405
3,-1.9897463656344465,-2.3777526708210557
3,-2.6020599913279625,-2.199182889532253
3,-2.9311187105921865,-2.324252914020287
3,-2.609238575955086,-2.3277227014385984
3,-2.3735249804634035,-2.2827068658012637
3,-2.8084360542881113,-2.137818377380993
3,-3.086449942612389,-2.247801218790446
3,-0.4957264992367225,-0.791514780385794
3,-0.4803263945948739,-0.22697823839343834
3,-0.8890758416581361,-0.06717429441990416
3,-0.30102999566398125,-0.22697823839343834
3,-0.5606673061697371,-0.7703529064687111
3,0.8227542135070056,0.5620170755154232
3,-1.5241178173958856,-1.3905334654686723
3,0.0,-0.06434242150222252
3,-0.23855876556918343,-0.008379233863170245
3,1.0607238842192848,0.20516045780398262
3,0.0,-0.17306284185137316
3,-0.30102999566398125,-0.016436860850633544
3,-1.0636252095241812,-1.219445989079064
3,-1.3541084391474012,-1.1490640789197977
3,0.0,-0.21006639390155485
3,0.0,-0.11594304169876832
3,0.03959044503700948,-0.06114875714501351
3,-1.2223056612649223,-1.1813924402780627
3,-1.157607853361668,-1.2004379155099372
3,-1.3521825181113627,-1.1903584059553536
3,-1.2730012720637376,-1.2184701336420027
3,1.5442417968958626,0.34970069265774734
3,0.8239087409443187,0.5893156540383596
3,0.5440680443502757,0.7400968307902116
3,-0.23855876556918343,-0.044692842751347606
3,-0.4375301220789325,-0.04033421038287118
3,-1.204119982655925,-1.4418651963331632
3,-0.23856180154675855,-0.07488815449722229
3,0.0,-0.11133272813311657
3,-0.4375301220789325,-0.18251869758079237
3,-1.2350691190150194,-1.304705280857806
3,-1.2654916702849928,-1.2352765162363504
3,-1.0053950318867066,-1.2124629500987378
3,-0.09691001300805624,-0.062284964192629216
3,-1.6020599913279625,-1.4691449895992772
3,0.0,-0.013828466953893193
3,-0.4375301220789325,-0.15591987993880801
3,-1.6127838567197355,-1.4655010286196373
3,-0.4375301220789325,-0.1546901432668243
3,-1.076276255404217,-1.2492329036023089
3,-1.2427025566017047,-1.076027508596799
3,-1.3736333793374502,-1.200286878292725
3,0.07393356204262513,0.491802279619703
3,0.20056502843888158,0.3649021733768204
3,0.0,0.19087177996536325
3,0.0,0.2067586397819785
3,-0.4375301220789325,-0.0986964863626827
3,-0.4375301220789325,-0.36126140289129305
3,0.07058107428570715,0.09480802119260442
3,-0.6184504075161321,-0.713742798291772
3,0.37457379034782434,0.38359693846470255
3,0.47594087683390995,0.4501161031200496
3,0.3412297974458589,0.18749466356877387
3,0.899437812098463,0.1334063317048686
3,0.04706233224901979,0.29729373768702666
3,0.0,0.2247611319515041
3,0.2651132542663621,0.11055775179124133
3,1.1391791757229104,0.980485009071378
3,0.023595268108840273,0.15956748264361573
3,0.20985563495709947,0.24016878140487372
3,-0.15490195998574308,-0.09305024345385031
3,0.3209248243809206,-0.21801183828982357
3,-0.4349235749252074,-0.6362745700212031
3,-0.8750612633917001,-0.7677473874393215
3,0.431798275933005,0.0950081352395657
3,0.0,0.010919145515986424
3,-0.9200284089082231,-1.00057071518313
3,-1.0019695928629044,-0.8939948956988161
3,-0.8450980400142569,-0.4980854078579091
3,-0.5383909114585848,-0.6953649481617232
3,-1.740362689494244,-0.3464571788696184
3,0.0,0.03245384570049314
3,-0.5932860670204576,-0.6717659414980978
3,-0.4375318721122108,-0.05014408181781855
3,-1.269512944217917,-1.2176111388647939
3,-0.006204312401284717,-0.5287528080777496
3,-1.0082725259659897,-1.26557654770808
3,-0.3979400086720375,-0.24865355126328242
3,-1.9030899869919438,-1.6565344929952874
3,-0.7990851572192863,-1.035946999915113
3,-0.30102999566398125,-1.1923257513172993
3,-1.1505139038522927,-1.2250496176914354
3,-2.1505139038522927,-1.2344898275426366
3,-1.1505139038522927,-1.2920817376293539
3,-1.1505139038522927,-1.206192444696586
3,-1.6989700043360187,-1.264185079375966
3,-1.6989700043360187,-1.2980210577877034
3,-1.1505139038522927,-0.7720266659362847
3,-0.8494839081883114,-1.2469594835929556
3,-0.30102999566398125,-0.7565420766249947
3,-1.1505139038522927,-0.659714324959549
3,-2.1505139038522927,-0.8381227737187783
3,-1.1505139038522927,-0.6681028158669216
3,-1.1505139038522927,-1.0490594698304683
3,-0.8494839081883114,-1.5177063164539857
3,-0.6481031079968638,-0.5676498640319924
3,-0.8750612633917001,-0.3987569485260248
3,-0.30102999566398125,-0.4215231096161449
3,-2.975961759132561,-2.5480532324684764
3,-1.0133639615579808,-1.0127858894107
3,-1.0511525224473814,-1.0030675287328958
3,-1.5835765856339492,-1.586875824301174
3,0.08755474051312451,0.08020322186323092
3,0.19717943282889738,0.07546266210737193
3,-0.5296282275290061,-0.6870575269769396
3,-0.8903780214758052,-0.6804229263556243
3,-0.6989700043360187,-0.6941838351363926
3,-1.6989700043360187,-1.4825079492622888
3,-2.993133541047083,-2.676384784778287
3,-3.08795517035513,-2.5842340528013237
3,-2.928051683130893,-2.4506957749485037
3,-0.005462895701501935,-0.5133218557857976
3,0.0,-0.2596706402221807
3,-1.3379420789967522,-1.7132089202239782
3,-1.201645363528069,-1.527908729562344
3,-1.685741738602264,-1.4247800124868197
3,-1.9294189257142929,-1.5477198933160272
3,-1.8129133566428557,-1.594290167716629
3,-2.060697840353612,-1.725505012704877
3,1.6020599913279625,1.3980128972550205
3,-1.079181246047625,-1.0335891546395166
3,-1.4240428112362427,-2.402277175019915
3,-0.9610819339696306,-1.045399751863149
3,-1.8512583487190755,-1.6934464437283296
3,0.9257898770871202,0.692105625421572
3,-0.4824500882247298,-0.7003687368339843
3,-0.3444956894450719,-0.6996393597872416
3,-0.5924300073756692,-1.0440719866714965
3,-0.44748104696283963,-0.9871914027521964
3,-0.7403626894942441,-0.6941838351363926
3,-0.4771212547196626,-0.7061962257074914
3,-1.7269987279362624,-1.4377972221692084
3,-0.9222062774390167,-0.7437472270565082
3,-0.9225050021900998,-0.767181473000511
3,-1.403195148632295,-1.3514954175077918
3,-0.9957212020207251,-0.7639160470420913
3,0.18288786853376138,0.2817661753806756
3,0.3737315730412165,0.3042011324298253
3,-0.7403626894942441,-0.5604005808462865
3,0.543994441353421,0.2240163283154334
3,0.7781512503836439,0.7573283401806217
3,1.2430380486862944,0.7527943416514311
3,-0.9661417327390325,-1.0924051943772854
3,-1.6005061632593414,-1.1849683486982894
3,-0.4375301220789325,-0.25373142140925664
3,-0.39449776226101996,-0.43108335966613437
3,-0.16258878865203474,-0.41436211803134637
3,-0.29718097949306443,0.04487883682096725
3,0.02482358372503235,0.022297618593205365
3,0.013363961557981696,0.033168846392735735
3,-0.13936845203094173,-0.05040511511270708
3,-0.8377438486797901,-0.5514593244523097
3,0.17609125905568135,0.050789845527336654
3,-0.653212513775344,-0.7919972192202526
3,-0.5987573557778756,-0.5020715483597388
3,-0.4771212547196626,-0.23660147661529812
3,-0.3330881015206941,-0.43530152425701246
3,-0.6020599913279625,-0.19377796034506428
3,-0.17609125905568135,-0.19427503392259676
3,0.0,0.0
3,-0.6020599913279625,0.21364737920324006
3,-0.653212513775344,0.46639158801253894
3,0.6020599913279625,0.6785021001974139
3,-0.19896832053217395,-0.0983788615973726
3,-0.4210053127407303,-0.5488173490897824
3,0.0,-0.162608541367352
3,0.0,-0.02637127634393714
3,-0.4375301220789325,-0.0598021146666456
3,-0.5817867324244812,-0.47002990741460765
3,-0.8152930583882103,-0.4861058495751567
3,-1.3686458803549097,-1.1611537983637412
3,-0.4375301220789325,-0.14959137194023375
3,-0.09691001300805624,-0.11768606400618704
3,-1.3502480183341632,-1.2952520696815035
3,-0.6434526764861879,-1.4282447541573062
3,1.6241101320710358,-0.03247195161107648
3,-1.5295824315748439,-0.3827456000690269
3,-2.2818796415687554,-0.03783587108913657
3,-3.3891660843645326,-2.6691845678300052
3,-2.716484251913524,-2.5880662663697063
3,-3.4382785804926073,-2.6059157297375095
3,-2.7215358322347605,-2.625939784792864
3,-2.9158268083948755,-2.2614240239196906
3,-3.341824066693106,-2.5820299271132585
3,-3.2266757049251344,-2.422769428961879
3,-1.4819201376014313,-2.4660838262822344
3,-2.718209362321689,-2.61122598214195
3,-2.3157532524846873,-2.557834428036826
3,-2.221848749616356,-2.557834428036826
3,-2.4609505675935557,-2.2293108315151313
3,-2.722336222660232,-2.389980837511672
3,0.10064029100124205,0.7411530572205984
3,-1.2912701583748243,-1.442748674441203
3,-0.36408174141106997,-0.8073694387062779
3,0.8860566476931631,0.7636623598495514
3,0.7605660755825303,0.7954535246629364
3,-0.6659697442330934,-0.35336328619002816
3,0.0,-0.10861496484241577
3,-0.38021124171160636,0.1674141773950174
3,-0.4375301220789325,-0.12185070928690461
3,0.9483175269293209,0.3684131225092614
3,0.653212513775344,0.7018384183274071
3,0.0,0.608881248746937
3,-2.046512129294256,-1.6156654723941903
3,-1.4183012913197448,-1.214640109705492
3,-0.4375301220789325,-0.10954255878975083
3,-1.1249387366083,-1.076444174251385
3,-0.3357921019231931,-0.3575896374544826
3,0.17609125905568135,0.09833035308941476
3,-1.3979400086720375,-1.0635637435706942
3,-0.9530920598078918,-1.213095546716812
3,-0.4375301220789325,-0.14333969199554908
3,-0.45154571957920364,-0.1540093984727012
3,-0.6989700043360187,-0.7658689725509172
3,-0.5979434251331313,-0.6154869667158128
3,-1.3979400086720375,-0.8951204696966013
3,0.018173968928587136,0.16238846820095262
3,0.4771212547196626,-0.28750862877234584
3,0.040958607678906134,0.05296126166934993
3,0.3444956894450719,0.23823033933097648
3,0.11394335230683694,0.10475736923571734
3,-0.5314789170422554,-0.518267488319939
3,0.448794056252094,-0.17041472137601626
3,-1.0211892990699383,0.472121765983413
3,0.14242629585250466,0.34950843961478456
3,1.0215617643431134,0.667231181976398
3,1.19755483358907,0.6364684008313851
3,0.9965887892396132,0.8007017400967199
3,1.758268815738762,1.0267812636215699
3,0.26259486787588227,0.6355331888628019
3,0.6757357240908215,0.7319918847483499
3,0.571798386295427,0.7280005389441024
3,0.45185636256515416,0.7202770778006343
3,0.0,0.6616984095271515
3,-2.0211892990699383,-1.6295923712536675
3,0.8297382846050425,0.7375359993734001
3,0.7999965835389071,0.676572521908694
3,-0.48293964102494424,-0.8023895844554683
3,-0.5842570557255771,-0.8546617427057057
3,-0.5362030253104102,-0.8846589081450671
3,-0.71213145039399,-0.9074513714958771
3,-0.7950520009218449,-0.9376726772665109
3,-0.6560418037942082,-0.8410067339539838
3,-0.4761902908435509,-0.9288986462828379
3,-0.49841753604950867,-0.8664363445597815
3,-0.5727226321873777,-0.8296368440373996
3,-0.5175635621809516,-0.8931143865779262
3,-0.5352393730709162,-0.8739183301591436
3,-0.43911207178746725,-0.8873026723523038
3,-0.4808174002796255,-0.7049192154947247
3,-0.8003242293348354,-0.53719374294893
3,-0.23512958465826372,-0.6235766235155262
3,-0.8826144012821455,-1.2899773887526271
3,-0.653212513775344,-0.6210224887724559
3,0.14305712734611742,0.5057042031169524
3,0.1636739850503961,0.5163213428914925
3,0.06398920428479027,0.4751420202592635
3,0.6882941561068252,0.48934381299033647
3,-1.5461312049140492,-1.3918224672482986
3,-1.3556430502208698,-1.2984475759326997
3,0.040129405552248976,0.3174939485733119
3,0.0,0.39111247422534945
3,-0.9652378937407882,-1.0508924043806394
3,-0.6232492903979008,-1.1190627120468606
3,-0.9557963375079463,-1.1190627120468606
3,-0.9404143100157558,-1.0256122923541762
3,-0.6139592146276698,-1.0939041279976436
3,-0.9378520932511556,-1.0939041279976436
3,-1.090176630349088,-0.8047834363480624
3,-0.6555043105549281,-0.7709075251486689
3,-0.6163004304425721,-1.062435829594631
3,-0.19033169817029183,-0.7132748641303926
3,-0.8450980400142569,-1.0498569984615687
3,-0.6575773191777934,-1.1110096770825881
3,-0.30077283585297465,-0.7677454264860706
3,-1.5075038837133832,-0.9665800078254421
3,-0.9654759768051342,-1.0064974161643503
3,-0.12104369272477555,-0.8029773941696218
3,-0.7781512503836439,-1.110454430927837
3,-0.5873367345072564,-1.2412202960875474
3,-0.8239087409443187,-0.7436868736342387
3,-0.5606673061697371,-0.5805172422003905
3,-0.924279286061882,-0.7057143428826693
3,-1.2932046581520247,-1.0694465116428529
3,-0.8673744347254093,-0.7349517520153287
3,-1.2632414347745815,-0.8449209962412667
3,-0.5259698222574789,-0.720628509319331
3,-0.50991376811597,-0.48901010043784254
3,-0.6378332609820365,-0.7679731556966183
3,-0.7670858242334848,-0.7458046116890489
3,-0.4327021149312493,-0.7098815481640538
3,-0.5295093241793509,-0.7693097275843718
3,-0.8702087605972881,-0.7528053078166866
3,0.0,0.007745097999287154
3,-0.7178553484963919,-0.641360363658286
3,-0.3979400086720375,-0.4525026946681493
3,-0.3318439430782014,-0.40258358166878283
3,-1.08795517035513,-0.5530740810694915
3,-0.7403626894942441,-0.49113061126755525
3,0.0,0.15315962095099775
3,0.0,0.5262349504779332
3,0.22184874961635614,0.5141557656638553
3,0.6989700043360187,0.4764115068591455
3,0.8129133566428557,0.7340977805952386
3,-0.5913361259361896,-0.6777721560463121
3,0.0433514207947967,0.026814902213950963
3,0.07135590853566853,0.001867599939647624
3,-1.7242758696007892,-1.494428781161269
3,-0.3494856763830949,-0.1267758511273344
3,-0.3494856763830949,-0.17152405673777082
3,-0.7870157984620274,-0.17333273099406477
3,-0.7781512503836439,-0.6434308818161227
3,-0.4375301220789325,-0.17513032512929036
3,-0.4375301220789325,-0.055506843650899154
3,0.0,-0.07967966688852107
3,-0.4375301220789325,-0.06525760955498282
3,-0.4375301220789325,-0.15577033534993073
3,-0.45154571957920364,-0.1887531179829481
3,-0.4375301220789325,-0.29491693720861517
3,-0.3494856763830949,-0.18621789818957268
3,-0.7870157984620274,-0.19328646820961587
3,-0.7870157984620274,-0.3827824137971263
3,-0.4375301220789325,-0.21314353179371207
3,-0.4375301220789325,-0.14613706865279436
3,0.0,-0.09563640300037679
3,0.0,-0.06353216938980923
3,-0.45154571957920364,-0.036259817261285826
3,-0.046996562676223874,0.38199108852357466
3,-0.4375301220789325,0.410983444374276
3,-0.30102999566398125,-0.18402154326613548
3,0.0,-0.17568628808474643
3,0.0,-0.30291171333685546
3,-0.03959044503700948,-0.1510900135792224
3,0.0,-0.025790518083774448
3,0.0,-0.028811030334721304
3,-0.2614392680716957,-0.17649325571514574
3,-0.19010599608076895,-0.14645613237930963
3,0.0,-0.3537247298618691
3,-0.15051493100552538,-0.19828202478188273
3,-0.4375301220789325,-0.12515734469083464
3,-0.4375301220789325,-0.1371575536614132
3,0.30102999566398125,-0.32489490422091477
3,0.0,-0.28700340694799037
3,0.30102999566398125,-0.1759093350493263
3,0.0,-0.0806937288706398
3,0.0,-0.13823625458461847
3,0.0,-0.14312669949712517
3,0.30102999566398125,-0.11516777744424524
3,0.0,-0.15523200464035444
3,-0.4375301220789325,-0.18584417157109584
3,-0.4375301220789325,-0.35186533079474436
3,-0.09691001300805624,-0.21810462329004068
3,0.0,-0.17973707101542635
3,0.0,-0.058108397600872726
3,-0.4375301220789325,-0.12945359470426657
3,0.0,-0.13937248848076447
3,0.0,-0.1709392940857184
3,-0.7870157984620274,-0.10618741398181633
3,-0.4375301220789325,-0.15692270516007878
3,-0.4375301220789325,-0.10309867307355361
3,-0.4375301220789325,-0.1810871283963026
3,-0.4375301220789325,-0.19199698663782017
3,-0.3494856763830949,-0.22857383147986454
3,0.0,-0.04302401404423077
3,-0.3494856763830949,-0.4124975310222146
3,0.11092497011273572,-0.006125506393674422
3,-0.4375301220789325,-0.034160890349092476
3,-0.4375301220789325,0.05495280323480531
3,0.0,-0.0739387391338037
3,-0.19896832053217395,-0.0028696413458172733
3,-0.4375301220789325,-0.025885550941435492
3,-0.19896832053217395,0.02356731556688737
3,-0.15051493100552538,-0.07662743521981241
3,-0.4375301220789325,-0.05173637550563473
3,-0.3494856763830949,-0.03417352138961345
3,-0.4375301220789325,-0.4400020401726834
3,-0.19896832053217395,-0.045736094680328375
3,-0.4375318721122108,-0.07016954544504704
3,-0.4375318721122108,-0.030563051492431395
3,-0.23855876556918343,-0.034938352713220724
3,0.0,-0.1833251131538234
3,-0.23856180154675855,-0.3124231626397693
3,-0.23855876556918343,-0.14133549739327392
3,0.0,-0.18758282456076397
3,-0.3979400086720375,-0.22974203625390685
3,-0.23855876556918343,-0.09939037514055193
3,-0.23855876556918343,-0.2664557658126607
3,-0.23855876556918343,-0.23035605029505068
3,-0.4375301220789325,-0.11356568213960981
3,-0.19897135650974906,0.05096601892805415
3,-0.23856180154675855,-0.1770304927723493
3,-0.7870157984620274,-0.2709934979863131
3,-0.4375301220789325,-0.2239566222021802
3,-0.23856180154675855,-0.020294733661251813
3,-0.19896832053217395,-0.1271120151558249
3,0.0,-0.20531671495210765
3,0.0,-0.13741851528489163
3,-0.4375301220789325,-0.20899381046965423
3,-0.23856180154675855,-0.1574374541718395
3,-0.34948420103163524,0.06984660269400245
3,-0.4375318721122108,-0.12590018306181341
3,-0.19896832053217395,0.002162425736151219
3,-0.23855876556918343,-0.05133026017691754
3,-0.23856180154675855,-0.04038155734811972
3,-0.23855876556918343,-0.041402149922719636
3,-0.23855876556918343,-0.03499584682684433
3,-0.23855876556918343,-0.04100447198195026
3,0.0,-0.09693051463595058
3,-0.19896832053217395,-0.10225033905434014
3,-0.389077352590518,-0.01677369754612699
3,-0.23855876556918343,-0.07907114111761283
3,0.03959044503700948,-0.0015815150576821324
3,0.008864074484683293,-0.15913701448191472
3,-0.23856180154675855,0.023199866995318476
3,-0.11092642354980953,-0.04008779055772796
3,0.0,-0.03436097379729836
3,-0.23855876556918343,-0.105359462002403
3,0.0,-0.029907255480518175
3,0.0,-0.042810981753677695
3,-0.19897135650974906,-0.0016698999787291148
3,0.0,-0.01352827359930724
3,0.03959044503700948,-0.026938318067681814
3,-0.3098941018406549,-0.03281866370688113
3,-0.8266064438386556,-0.015897817547897014
3,-0.6505165472438836,-0.06553867919191622
3,0.30102999566398125,-0.030803381574846283
3,0.4375301220789325,-0.1954770117207435
3,0.0,-0.011204108474869941
3,-0.10206004319610873,-0.09266872668366272
3,0.0,-0.0742637829471611
3,0.0,-0.0038088328908813195
3,-0.7870157984620274,-0.05145399881083912
3,-0.7870157984620274,-0.09071853271944282
3,0.0,0.003304673498852315
3,-1.0,-1.2754213106927037
3,-1.0,-1.2584070365049618
3,-0.8129133566428557,-1.2128015765036786
3,-0.5226852525251191,-1.3105933392732927
3,-1.3424226808222066,-1.520116775787435
3,-1.361727836017593,-1.300775748121501
3,-1.3521825181113627,-1.4149260957034684
3,-1.4471580313422194,-1.3663299619985956
3,-1.1613680022349753,-1.4361488559290567
3,-1.9894498176666922,-1.3228520295947803
3,-0.6989700043360187,-1.0873503815300019
3,-1.1760912590556813,-1.1473084549596828
3,-1.2171266859258019,-1.1692093117543363
3,-1.204119982655925,-1.2865399024324256
3,-1.4771212547196626,-1.2050679644751003
3,-1.3152704347785908,-1.287621850438307
3,-1.2430380486862944,-1.1811889585583861
3,-1.0211892990699383,-1.1579588180358327
3,-0.5642714304385628,-1.1498969027447146
3,-0.8750612633917001,-0.790949247421076
3,-1.0099082886602488,-1.1300832721524432
3,-1.3096301674258992,-1.2380564897829296
3,-0.995147497205588,-1.2086785778860376
3,-0.896397209257529,-1.164674114700174
3,-1.0271349293314813,-1.074353364059041
3,-1.3010299956639813,-1.4725179211985104
3,-1.4863861882411777,-1.245997488895717
3,-1.1142337531748305,-1.2667853173458674
3,-0.661713993460503,-1.3651640641347964
3,-1.568201724066995,-1.3995576116503576
3,-1.384197522541995,-1.3407333184073968
3,-1.6272336201865851,-1.3325119574312805
3,-1.3910767959981944,-1.4517000878837596
3,-1.6761217932395551,-1.393645553368203
3,-1.4987698816821302,-1.5270821544646713
3,-1.4724389466367729,-1.500359148724865
3,-1.5372813780731152,-1.486185718159166
3,-1.7745169657285498,-1.5286030939795274
3,-1.7826295580086073,-1.2889987976767658
3,-0.6877932180512554,-1.5177569745650923
3,-1.7018461068392696,-1.5039353116292973
3,-1.4225482628341792,-1.4884053600657174
3,-1.5910646070264987,-1.5458461900985407
3,-1.6232492903979008,-1.4904407843438612
3,-1.4831116184088495,-1.4760337325363861
3,-1.5854607295085001,-1.3105620855384275
3,-1.5228787452803374,-1.5851228215557855
3,-1.740362689494244,-1.5943659656922555
3,-1.845098040014257,-1.6488094996803508
3,-1.653212513775344,-1.5401191962021408
3,-1.6020599913279625,-1.5057143889257107
3,-1.6020599913279625,-1.5065124901373588
3,-1.7781512503836439,-1.5618876493011846
3,-1.5642714304385628,-1.5688021246294255
3,-1.3979400086720375,-1.5513493250489176
3,-1.6320232147054057,-1.5272921816840974
3,-1.3979400086720375,-1.5949776852512156
3,-1.7781512503836439,-1.4865726159864534
3,-1.6368220975871743,-1.5943591045695646
3,-1.5440680443502757,-1.5975105552504802
3,-1.5228787452803374,-1.5761962206366398
3,-1.5563025007672868,-1.4202242760322312
3,-1.066946789630613,-1.4175033723497312
3,-1.3862016054007933,-1.4870621205691992
3,-1.5740312677277188,-1.4761129922210374
3,-1.066946789630613,-1.617000340156283
3,-1.4771212547196626,-1.5820587558444883
3,-1.2787536009528289,-1.460998648016079
3,0.26619901390198386,0.40532326624248854
3,0.3426875752994052,0.29333092644475167
3,0.6316849910838691,0.6079495791976816
3,0.5160209375257532,0.6886061434163172
3,0.8981814186151089,0.6493915086864819
3,-0.25484431233319516,0.010252890859166825
3,-0.03111980057738517,0.2224705525636374
3,0.4387732103469384,0.32038753104916806
3,0.24231627616522466,0.3959891306719311
3,-0.020684598859850745,0.19462881838997748
3,0.19507185367852742,0.14744659373579513
3,0.014618439768002922,0.17183960671759013
3,0.8623294627632445,0.5241505870566678
3,0.0,0.17910978634796046
3,0.3979400086720375,-0.39160325008377767
3,-0.8750612633917001,-0.45204493096692566
3,-0.6020599913279625,-0.3720291047220819
3,-0.4375301220789325,-0.28447151075555266
3,0.0,-0.2414006459878999
3,-0.4375301220789325,0.1442482007718871
3,0.5621068834718308,0.21616158575535344
3,0.3960076464390765,0.31306873982236333
3,0.4478852873552155,0.1563885350039363
3,0.1309150410023241,0.6664627692733487
3,0.5648639195917164,0.694212534939513
3,0.19995997569809631,0.5693899765427903
3,0.3672038743416062,0.58504668827899
3,0.7851129120306855,0.619721956090577
3,0.6805956007997604,0.1437001405174534
3,0.7043325400962628,0.2048417962963865
3,-0.6020599913279625,-1.001424870094126
3,-0.09691001300805624,-0.7230484002090986
3,-0.16481024864599192,-0.5726094071413883
3,-1.375663613960885,-0.707960169776593
3,-1.0287424369603837,-0.6609944764820992
3,-1.0,-0.7905557936412438
3,-0.7428754900351002,-0.9776469430448111
3,-0.7781512503836439,-1.1289176126188483
3,-0.4586378490256493,-0.673102747581084
3,-1.0969100130080562,-0.6329402745023056
3,-0.3332146790353825,-0.5905285014668826
3,-0.36317790241282566,-0.7379306996014924
3,-0.4771212547196626,-0.7379306996014924
3,-0.8952646494799872,-0.7964775103269613
3,0.1055101847699742,0.11540171191603588
3,-0.14612803567823818,0.03657726384443878
3,0.15490195998574308,0.10207446303539783
3,0.2596373105057559,-0.04879364258044974
3,0.06694678963061307,0.20265430766364328
3,-0.6989700043360187,-0.7376289494259131
3,-0.5862657241447309,-0.9596116169305793
3,-0.24126179066049147,-0.5522696109811642
3,-0.6847295652214083,-1.1465767028967206
3,-1.052758049162799,-0.7778074356309367
3,-0.2491553011056098,-0.53614050292947
3,-0.3215516628085835,-0.23846198977865307
3,-0.8573324964312681,-0.8339364299390699
3,-0.6966371725035474,-0.8771936976774697
3,-0.4771212547196626,-0.5687191816388275
3,-0.6671226370840238,-0.44576801791038423
3,-1.1791420105602999,-1.011576644316367
3,-0.36468480362316846,-0.3776664098839237
3,-0.37863485347665105,-0.279067829044036
3,-1.0319478169996161,-0.9714236377940741
3,-0.30102999566398125,0.03810549634238769
3,-0.431798275933005,-0.5765492795769134
3,-0.5898255349109505,-0.6792347269480986
3,-1.3565473235138121,-0.6792347269480986
3,-1.0,-0.6397195463663052
3,-1.2118068113222158,-1.6429425690856578
3,-1.4661258704181988,-1.6458614352478989
3,-1.204119982655925,-1.1968981221535768
3,-0.9777236052888476,-1.233118176778077
3,-0.865301426102544,-1.0659002231838002
3,-1.3010299956639813,-1.7272014847753736
3,-0.8239087409443187,-1.1051370800549511
3,-1.4149733479708173,-1.166574157231527
3,-2.3374592612906557,-1.0219429843878343
3,-1.694206214539955,-1.2377038101473647
3,-1.0091159609934506,-1.2259010146183456
3,-1.6127838567197355,-1.6081638976312962
3,-1.9962614304405983,-1.8007942472141594
3,-2.0863598306747484,-1.8838169606805337
3,-1.1356626020000729,-1.4811556019976515
3,-1.2552725051033065,-1.2903078913308224
3,-1.361727836017593,-1.0949785071913836
3,-0.6020599913279625,-1.0329429989998848
3,-1.4123959250830067,-1.3727988983921002
3,-1.6127838567197355,-1.6087198668390141
3,-1.4022613824546797,-1.5863179609095583
3,-1.5314789170422554,-1.4766798070043832
3,-1.6610378512872996,-1.6286786695542539
3,-0.8791778295865322,-0.9068837952866313
3,-1.2524246622304798,-1.2750487604026355
3,0.11159708901596588,0.5971995884746623
3,-1.0859146287065933,-1.1627644005256508
3,-0.9802233603509167,-1.1627644005256508
3,-1.1798514079289877,-0.8426285116434888
3,-1.8631777324726881,-1.195570725484871
3,-2.7283537820212285,-1.195570725484871
3,-1.4572610905261802,-0.8903855297977656
3,-1.995279361327416,-0.8903855297977656
3,-1.0102191651816854,-0.8577843680360315
3,-0.7528453851188734,-0.7678737810706431
3,-0.35654732351381213,-0.657692065642823
3,-0.79375632371422,-0.6941165608866581
3,-0.7781512503836439,-0.8141557285076272
3,-0.6989700043360187,-0.7325999645899124
3,-0.5368894597231524,-0.4088289678575718
3,-1.1563472008599236,-1.164742159803167
3,-1.3273589343863303,-1.2812441667097514
3,-1.423245873936808,-1.220266237213219
3,-1.079181246047625,-1.0374815004252667
3,-1.0413926851582254,-1.0291385887348183
3,-0.5755009628084942,-0.7227175457083019
3,-1.1879904823553886,-1.3645818305183242
3,-0.6308635491781667,-0.579353863977814
3,-1.3587133852703195,-1.262290273734111
3,-1.198657086954423,-1.0083509111878004
3,-0.985276743179293,-1.0602151267711624
3,-0.9378520932511556,-1.0253201841783488
3,-0.9731278535996983,-1.0298577340548511
3,-2.08278537031645,-1.587318943453247
3,-1.079181246047625,-0.9272767673758322
3,-1.2787536009528289,-0.8473437635210038
3,-1.5051499783199063,-0.9102368060807768
3,-1.0,-1.3132916039572218
3,-0.7276151857855488,-0.5681324524425176
3,-0.6647756291055495,-0.6282983175251564
3,-1.0,-0.8027562640144262
3,-0.32658410013636985,-0.821291610115463
3,-0.693574972449313,-0.692606170675
3,-0.6846075113226178,-0.7210676181544275
3,-0.8129133566428557,-0.7114826071880374
3,-0.9951474972055872,-0.8657471219152587
3,-0.7781512503836439,-0.7605387434681892
3,-0.8129133566428557,-0.7073632224553934
3,-0.5228787452803374,-0.5065769914100438
3,-0.5440680443502757,-0.7126715197841972
3,-0.6020599913279625,-0.6219292098927041
3,-0.653212513775344,-0.6870572099309601
3,-0.6020599913279625,-0.5986858922093541
3,-0.9330532103693869,-0.7701620449142448
3,-0.6020599913279625,-0.7461724927922273
3,-1.0,-0.7462549951087812
3,-0.6510464520188357,-0.7495570260062333
3,-0.5563025007672877,-0.7813938247257848
3,-0.9700367766225568,-0.7508657407504715
3,-0.7459665670122426,-0.7915780144048707
3,-0.05696987867700454,-0.1360814738429772
3,-0.17609125905568135,-0.46247752059070085
3,-0.6642078980768069,-0.5982386234919579
3,0.0,-0.542431414138001
3,-0.8593810591065383,-0.5834653143439253
3,-0.3949397456653134,-0.3804332268952734
3,-0.18486518336318625,-0.5183169923444761
3,-0.8785778371145367,-0.821291610115463
3,-0.6661774909397113,-0.6744479886457043
3,-0.7337321105952306,-0.8781354563242673
3,-0.2912701583748243,-0.479649379658218
3,-0.11650556907143717,-0.5265024686625845
3,0.0315170514460652,-0.5290665713995236
3,-0.9507819773298181,-0.9426846713749206
3,-0.5362140692640596,-0.379409419236553
3,-0.37807772066634104,-0.26598977629153664
3,-0.13810226508706336,-0.2030188840514196
3,-0.3019975225857179,-0.036708016444622155
3,-1.1016221150958696,-0.8699708662638936
3,-0.7556976287849455,-0.7173958431184237
3,-1.5835765856339492,-0.910144842836352
3,-1.2671717284030137,-1.4775205665122462
3,-0.8450980400142569,-1.1918773814884571
3,-1.4065401804339555,-1.221421013385274
3,-1.7085153222422491,-1.5850658858814533
3,-1.329058719264225,-1.5179781494387083
3,-1.6020599913279625,-1.3162065048836635
3,-1.5797835966168101,-0.9388153475028079
3,-1.5250448070368456,-1.215570540885057
3,-0.49069406190893616,-0.9071212957710173
3,-0.6154239528859442,-0.8092002213207213
3,-0.5440680443502757,-0.9231280991472112
3,-0.9294189257142929,-0.8461964642510337
3,-0.9164539485499255,-0.9192002033110035
3,-1.1249387366083,-1.0694826329502727
3,-1.4913616938342722,-1.5050604087804187
3,-0.8239087409443187,-1.0646579608187425
3,-2.0863598306747484,-2.106268853437914
3,-1.7533276666586115,-1.5173635860294796
3,-1.3010299956639813,-1.4033781536366912
3,-1.7781512503836439,-1.426048712585026
3,-1.740362689494244,-1.5081101389393894
3,-1.3010299956639813,-1.4012200791818383
3,-1.236572006437063,-1.3385411227655697
3,-1.4175355647354184,-1.5255205027568095
3,-1.6020599913279625,-1.57097526201127
3,-1.1760912590556813,-1.0645158833280766
3,-1.6575773191777934,-1.3982889254234243
3,-0.6283889300503116,-1.039678234238693
3,-0.5228787452803374,-0.9751896082634295
3,-0.8239087409443187,-1.0370132069747164
3,-1.0211892990699383,-0.9747481836827767
3,-0.7690078709437733,-0.9811482697982185
3,-1.1850461017086076,-0.9562783257355545
3,-0.5642714304385628,-0.7181334378089538
3,-0.9030899869919438,-0.644366835659735
3,-0.9440712135860867,-0.613619803955648
3,-0.6110148339808887,-0.810900118462176
3,0.5947607525864633,0.43241031874698294
3,-0.7569619513137056,-0.8327845507911872
3,-0.7119349815003861,-0.7250368051624042
3,-0.9629086884180129,0.5628894661099815
3,0.2710667722865372,-0.28670388459372836
3,-0.1112891378916574,-0.18741685699138175
3,-0.17016627654567706,-0.18420013035606375
3,-0.5982335834749097,0.05012861869715332
3,-1.0255541044723877,-0.7672481735037053
3,0.0,0.014329186463337197
3,-0.6412604028977409,-0.5886233342505984
3,-0.9719712763997563,-0.7243198756384726
3,-0.31361912297200156,-0.7194471950689877
3,-0.901677645968685,-0.6634605292088273
3,-0.44819083677998695,-0.801313380296749
3,0.0,0.03854802691498879
3,0.0,-0.03702352246588366
3,-0.5426228034760943,-0.6000633196511117
3,-0.865301426102544,-0.8379782471929886
3,0.0,0.053158638838957516
3,0.0,0.041624528100788726
3,0.0,0.03388727672258292
3,-0.7708520116421447,-1.0491439164018237
3,-0.8086687743875824,-1.1084474564876539
3,-0.5606673061697371,-1.1084474564876539
3,-0.3979400086720375,0.4354377110250083
3,0.30102999566398125,0.557721057845107
3,0.6020599913279625,0.5256454460581454
3,1.1461280356782382,0.3087497257259297
3,0.4771212547196626,0.7082568258938545
3,0.0,0.03854802691498879
3,-0.3539660708517802,-0.8254552862528576
3,-0.6409780573583319,-0.8254552862528576
3,0.0,4.61796453634733e-05
3,0.15490195998574308,-0.07159568545898234
3,-1.1597008428675117,-0.9107850780468018
3,-0.5850266520291818,-0.8973561676170569
3,-0.7861201800549189,-0.9227685218100962
3,-0.664275121121892,-0.8877391123408125
3,-0.5686362358410131,-0.7433582159764799
3,0.6690067809585756,0.764680904008847
3,0.8750612633917001,0.7495300302909098
3,0.8691397431914831,1.0637037293707237
3,0.3484151154576107,0.5974618301445347
3,0.0,0.03835857161455038
3,0.0,-0.6683367334955777
3,-0.4708378638870405,-0.576350360290614
3,1.117540014535269,0.9254751460084385
3,-1.0969100130080562,-0.7260615450058268
3,0.30102999566398125,0.6023382731891916
3,-0.6941175015416068,-0.5694862931428167
3,-0.8728283819594083,-0.009705037074818606
3,0.026714669702411875,0.010150016816513636
3,0.061354937933483455,0.006496043322333973
3,-0.16918659085637255,-0.015650653197769645
3,-0.28560963679648754,-0.18356975786129598
3,-0.8543441617725991,-0.6711415103430256
3,-0.6585413472804102,-0.8116786169473826
3,-0.5301779840218366,-0.5333246422963368
3,-0.3716110699496884,-0.5339265199283445
3,-0.6320232147054057,-0.437742288434736
3,-0.7191733904243058,-0.6045711443947144
3,-0.661181443446619,-0.6657625075427542
3,0.3157532524846882,-0.5065903972833522
3,-0.4274952522337543,-0.5888817825341041
3,-0.43572856956143724,-0.7561461307399823
3,-0.6575773191777934,-0.7561461307399823
3,-0.6713864827039302,-0.5967704294766324
3,-0.4202164033831899,-0.5625867609572679
3,-0.045322978786657586,0.08439779112223389
3,-0.20969986003676055,-0.569307255438832
3,-0.8864907251724823,0.4149245023464118
3,-1.1014576407587775,-0.6149324426217785
3,-0.7993405494535821,-1.1058155088903936
3,-0.7832908900360547,-1.0233879660837226
3,-0.7646814476302044,-0.8987739088191637
3,-0.7626390842053965,-0.686606501210724
3,-1.3010299956639813,-0.7566337257789633
3,-1.1802078252505135,-1.0128971829312345
3,-0.4771212547196626,-0.7298962006172036
3,-0.7873919071185558,-0.7298962006172036
3,-0.5740312677277188,-1.025677444077549
3,-0.7221998450544937,-0.6743445851924207
3,-0.645094623553164,-0.6743445851924207
3,-0.6976870064105913,-0.6058812752809453
3,-0.8239087409443187,-0.7679731556966183
3,-0.5470124249970567,-0.42119800379510125
3,-1.2240148113728644,-1.1595644841075432
3,-2.0413926851582254,-1.4051097506680683
3,-0.7119349815003861,-0.7722493300203809
3,-0.16713641640275423,-0.5533694730743403
3,-0.6355830254716253,-0.5806280148901092
3,-0.8993298381186365,-0.785296943046987
3,-0.6812412373755876,-0.5735618232705473
3,-0.499397649430815,-0.5713831495245398
3,-0.31742041185215,-0.5152897818328084
3,-0.1870866433571443,-0.6224112314861581
3,-0.7533276666586115,-0.8481227630814715
3,-0.8538719643217618,-1.0351617251370897
3,-0.3679767852945943,-0.7315318289715038
3,-0.9363309201306222,-1.0937615602422626
3,-1.4934237659420617,-1.0956449726512616
3,-1.36408174141107,-0.8086043077958069
3,-0.6989700043360187,-0.6874235986726555
3,-0.9887189895903106,-1.0152781752959348
4,-0.5290390539851559,-0.48722291246852917
4,-0.30102999566398125,-0.5831331899963811
4,-0.7651307403911325,-0.4034087849811051
4,-0.8239087409443187,-0.5168416079331086
4,-1.2928096654172903,-1.3218484418167478
4,0.10789175076418633,0.5334706005908365
4,-0.03535825526414893,-0.14531153009574754
4,0.03267316440198176,-0.1999509531310756
4,-0.31425396462177524,-0.18691758027653713
4,-0.09288983391078975,-0.28887072800862756
4,0.0,-0.7077272070690409
4,-1.5440680443502757,-1.4493919067270244
4,-0.8976270912904418,-0.45915999461037943
4,0.4637659462712156,0.09949433181679644
4,-1.332438459915605,-0.9933783102055364
4,-0.22184874961635614,-0.6205419045037124
4,-0.8239087409443187,-0.3292667026539852
4,-1.4471580313422194,-1.3277923553052124
4,-1.4471580313422194,-1.2624535303855995
4,-1.6127838567197355,-1.252097865830041
4,-1.7737864449811935,-1.4317048061844022
4,-1.1650958747542175,-1.2717225320107444
4,-1.4313637641589878,-1.2503554936034307
4,-1.3832167518513314,-1.2192832779132674
4,-1.7363965022766426,-1.4964612716879413
4,-0.8450980400142569,-0.6787201161914848
4,0.0,-0.7570839944608369
4,-0.9166124791163526,-0.7570839944608369
4,-0.19957235490520375,-0.37610895285757195
4,-0.4030195342013121,-0.4234213537669318
4,-0.20107240033212914,-0.3048914971149634
4,-1.134698573897456,-0.5654734478570559
4,-1.1718893446279113,-0.45319514854030357
4,-1.018152262344456,-0.5737577752008781
4,-1.049635145623876,-0.6623608854707951
4,-0.4350870709486365,-0.9483981585670567
4,-1.7795964912578244,-1.380232006226132
4,-1.6603910984024672,-1.2814352705996686
4,-1.000293343126251,-0.9819738662485795
4,-1.335398897295243,-1.104155240954047
4,-1.320739584675871,-0.9760755202618931
4,-0.9637291824893586,-0.9761305540049042
4,-0.4884349200774407,-0.924549246980248
4,-1.433434301963639,-1.0492113399533647
4,-1.1461280356782382,-1.0312674592165287
4,-1.7652959296980564,-1.4204365093645939
4,-0.8378796830090751,-1.3309363704181418
4,-1.008773924307505,-0.25364408964929847
4,-0.1433186148870309,-0.17549699227785365
4,-0.3284682440109208,-0.1688340922543824
4,-1.0116857583251946,-0.3143926423181538
4,-0.9428344937700945,-0.2239395211167864
4,-0.32735893438633035,-0.39677669760564266
4,-0.7566980227234472,-0.17744963565253996
4,-0.28254658996996795,-0.3183263574057005
4,-0.4118545232070705,-0.18679153197573461
4,-0.32123338175226834,-0.19971587626154869
4,-0.9876662649262755,-0.22347982708727568
4,-1.422334447617187,-0.4388830241588223
4,-1.0710633558254443,-0.2893195259659144
4,-0.46488679830265056,-0.5634431292142973
4,-1.1064553309142866,-0.5206878888706267
4,-1.2185894886765967,-0.535994218333028
4,0.05115252244738144,-0.493074530831328
4,0.02996322337744317,-0.2707661180875893
4,0.09691001300805624,-0.28947304411511093
4,0.0,-0.7319159939221588
4,-0.21805576059921705,-0.7509760899184085
4,-0.1669478796158108,-0.5575058737030006
4,-0.5228787452803374,-0.5708846947151851
4,-0.3723859041996489,-0.8045510033982264
4,-1.7454094219943261,-1.4931406153693718
4,-0.14221543714647567,-0.10228707727257456
4,-0.17512315178277404,-0.6291585274660296
4,-0.30102999566398037,-0.29961392173438484
4,-1.0077477780007396,-1.0506331236627613
4,1.6225558417338535,1.6848816812715006
4,1.5815837220779043,1.5183879795272426
4,-0.5642714304385628,-0.35846416909915646
4,-0.2410320659886951,-0.6463893716755612
4,-1.4511855206252626,-0.6877830971607587
4,-0.4600879154208819,-0.3003371241729544
4,-1.2582780152430315,-0.5044477351486814
4,0.15490195998574308,-0.20486333888302238
4,0.15490195998574308,-0.22439297755756338
4,-1.5910646070264995,-1.2516610316387642
4,-1.1514897640503463,-1.2378717748951444
4,-0.5265715825475104,-0.7646262912365447
4,-2.159867847092566,-1.6647593816563444
4,-1.3489535479811643,-1.260634341455226
4,-1.094861450332787,-1.2183170031155648
4,-1.0595160859321835,-1.2269148035505664
4,-1.2367890994092932,-1.2141077564684055
4,-1.3324384599156058,-1.3105754849132552
4,-1.3324384599156058,-1.2503554936034307
4,-1.3979400086720375,-1.2461509940891466
4,-1.9328118686116316,-1.3699629501002695
4,-0.9208187539523749,-0.8775256638486691
4,-0.15490195998574308,-0.17204922032084444
4,-1.443262987458695,-1.4127707490841153
4,-1.2787536009528289,-1.2396211395365253
4,-1.4454312120417132,-1.4813384127285372
4,-1.5878712508601485,-1.8162253481159312
4,-1.2291697025391013,-1.5744001384037671
4,0.0,-0.16887826948861523
4,0.0,-0.216124679854183
4,0.0,-0.2654471089119879
4,-0.3979400086720375,-0.2947870586144832
4,0.0,-0.19174404119887417
4,-0.3979400086720375,-0.2952256755299224
4,-0.3979400086720375,-0.34193491242964624
4,-1.5539985458577226,-1.279150291858627
4,0.15381486434452896,-0.1448891861069724
4,0.17609125905568135,-0.07756340490801233
4,0.08432088570003593,-0.11548079021481387
4,-0.30102999566398125,-0.24435319018590188
4,-0.15490195998574308,-0.4497968972717591
4,-0.4890204780193699,-0.42692251715229107
4,-0.4883011424844037,-0.41597593427395746
4,-0.3521825181113627,-0.6106702774955169
4,-1.2396406820895027,-0.5456889155354328
4,-1.0814373263518489,-0.9192501028215182
4,1.079181246047625,0.8451346823957359
4,1.2552725051033065,0.9931311725085163
4,-0.21085336531489318,-0.33705028000849224
4,-0.09691001300805624,-0.3633226616654576
4,-0.6627578316815743,-0.49779571196473993
4,-1.204119982655925,-1.106013484348708
4,-1.485315733334934,-1.103757656488847
4,-2.2730012720637376,-1.4107370665241348
4,-0.6257224714138969,-0.41268932573118067
4,-0.6005039363422631,-0.613773122722271
4,-0.27547589119159266,-0.700437610487059
4,-0.9864663590173546,-0.9370591924472879
4,-0.6226332212052812,-0.7822824686739273
4,-0.7330850365019916,-0.5188198550960185
4,-0.17609125905568135,-0.3738314809833028
4,-0.38021124171160636,-0.4558808429479299
4,-0.3979400086720375,-0.324571448775708
4,-0.43365556093857194,-0.623735695090882
4,-0.5797835966168101,-0.7533965739039491
4,-0.20411998265592501,-0.8442156814863363
4,-0.29082294328872216,-0.3805297421007381
4,-0.7942448013084267,-0.6001816196322289
4,-1.4886416777494738,-1.4136826184131437
4,-0.5676910896966998,-0.5652685940793873
4,-0.20712549279564918,-0.5312350926358689
4,-1.2272437815030628,-1.1673882632472503
4,0.13797879622796838,0.3093186654448375
4,-0.675904700267326,-0.5428926807706388
4,-0.3864601909886076,-0.4105515937626843
4,-0.30102999566398125,-0.47984934072900987
4,0.05864551291277387,-0.35870432607241076
4,-0.7324616236377643,-0.8869955752613222
4,-0.8944326674594443,-0.8830177789779273
4,-0.8424528658949022,-0.8859393040862935
4,-1.9420080530223132,-1.5637153266666528
4,-0.41017446508904953,-0.5332344170647434
4,-1.3424226808222066,-1.2963228570614844
4,-0.7781512503836439,-1.157696953466981
4,-1.2218487496163561,-1.3314086403432988
4,-0.404570587571051,-0.2189216952553264
4,-0.2325726150081291,0.11703069585614116
4,-0.40748532657826786,-0.44073297635783243
4,-0.5149098156090615,-0.5248130973488533
4,-0.5440680443502757,-0.7902935335447571
4,-0.6020599913279625,-0.9332360088579813
4,-0.6020599913279625,-0.8179270940708246
4,-1.2130748253088512,-1.0757021413522454
4,-0.38021124171160636,-0.10996443377290514
4,-0.6901075211259622,-0.15090171779965078
4,-0.1295794045405394,-0.3140266767866177
4,-0.3357921019231931,-0.5870545481444687
4,-0.6398485522173623,-0.7525554338019427
4,-1.3687516195445548,-1.4156429596583207
4,-1.350801612394977,-1.4120076739181429
4,0.0,0.03696289719724831
4,-1.15876443056161,-1.4075936411247252
4,-1.3977531751643584,-1.3943025751739597
4,-1.7734729881058726,-1.4076087112575622
4,0.44235914846045077,-0.14651126409213963
4,0.3369425515546265,-0.11938007812969355
4,-1.7169848005087767,-1.3853151853149606
4,1.113943352306837,0.8933220834414181
4,-1.3881801713828814,-1.4071707551697263
4,-0.48454368673188686,-0.5707404807366407
4,-1.149816333700966,-1.4054627270901516
4,0.7804902921553305,0.6710528171346982
4,-1.4423175473797247,-1.7924417067009337
4,-0.8947858242033648,-1.370569838818017
4,-0.7204638221623183,-0.7011285113320858
4,-0.5706022622039688,-0.6940921025616944
4,-0.6744018128452813,-0.7179067171468608
4,-0.7471170166436751,-0.7315311403277113
4,0.34847057686564575,0.31431617709792853
4,0.0,0.29225816939076343
4,-1.26884531229258,-0.8621981108799062
4,-0.5166297960033361,-0.5664858358391945
4,-0.6232492903979008,-0.7615464305785121
4,-0.8432138961397051,-0.7337144105914862
4,-0.4582359105592877,-0.6739035604126906
4,-0.5274263730310587,-0.7488912299485628
4,-0.644612342013426,-0.6498194834523354
4,-0.4871254758326682,-0.7222334912106709
4,0.0,-0.1541003191640359
4,-0.3966086423070294,-0.38476787960264197
4,-1.4936903561528547,-1.2365743006670933
4,0.0,0.053250859886001214
4,0.0,0.12464534708128093
4,1.259637310505756,0.2899661254225394
4,-0.38321675185133053,-0.6289730748409982
4,-1.0934216851622347,-1.239327030311961
4,0.0,-0.24809036516070193
4,0.5228787452803374,0.7718853100955156
4,0.7569619513137056,0.908177242957411
4,1.204119982655925,0.9845110607315973
4,-0.8016323462331663,-1.0601842341048673
4,-0.6291470817969431,-0.8960407112702421
4,-1.5378190950732744,-1.0808061924221715
4,-0.912616269835083,-1.0599046764544644
4,0.6020599913279625,0.9287405670465304
4,-0.27561440003725846,-0.8883613283247044
4,-2.6106601630898796,-2.4445818089960145
4,-1.074000733543845,-1.182851869952991
4,0.0,-0.036389208380702184
4,-0.15490195998574308,-0.10776789953717997
4,-0.15490195998574308,-0.10534972805505373
4,-0.24303804868629442,-0.03579262426412857
4,0.8888183474403863,0.6710528171346982
4,0.0,-0.014708730845453672
4,0.0,-0.06272081759189746
4,0.0,-0.0143619458418729
4,-2.6301659296998388,-2.7398359012032567
4,-1.8718162085785535,-2.2742360722153485
4,-1.151267675330649,-1.4242864687557104
4,0.0,-0.2683325805143397
4,-2.508754102588731,-2.9750613208654655
4,-3.1303337684950057,-3.101184445436335
4,-1.4065401804339555,-1.4231232382151884
4,-0.5488575876661921,-0.18932390176318661
4,-0.60528896145816,-0.6489677105072451
4,-0.60528896145816,-0.6543592341730462
4,-0.8357691602338235,-0.7134074250703988
4,-0.31994698356234874,-0.2941285578264178
4,0.15836249209525022,-0.3198550015210656
4,-0.5604190669621198,-0.5229193555750475
4,-1.1461280356782382,-1.0158308050788216
4,-1.103876473193652,-1.025540450025305
4,-1.2552725051033056,-1.0313676159543224
4,-1.2773226458463798,-1.0087995585841967
4,0.5178506777497747,0.4689308383834486
4,-1.0687158123694598,-0.9602431069970611
4,-0.10914446942506828,-0.42114454880514596
4,-0.3701109148072801,-0.3374608735772647
4,-1.1249387366083,-1.3835966861875257
4,-0.16633142176652527,-0.7769804784776769
4,-0.37174608568724743,-0.30626657886057
4,1.8243033747578457,1.576143631746501
4,2.3424226808222066,1.7944327846023955
4,-0.9005771864510876,-0.7959347245710896
4,-1.443262987458695,-1.246395531508624
4,-1.5923001540388055,-1.3217811683528706
4,-0.7974564055790303,-0.7935314432971563
4,0.0,-0.764538068006191
4,-0.21170911826547645,-0.39890067061344064
4,-0.7439371498525418,-0.5326203587261257
4,-0.20411998265592501,-0.8148365587634907
4,-0.9744458955276123,-0.694855487341492
4,-0.5882717068423293,-0.757748516470972
4,-0.3679767852945943,-0.8172997951365918
4,-0.6154239528859442,-0.7522384528447154
4,-0.10473535052001282,-0.357267438788893
4,-0.7549214096651689,-0.7325941860985526
4,-0.8353382027251008,-0.5108329641170504
4,-0.338818556553381,-0.6103817679691955
4,-0.5554079701072574,-0.8201959507947768
4,-0.6557448502907395,-0.5925095918269832
4,-1.0457574905606748,-0.7159983839736915
4,-0.9305282353388833,-0.6167576104886188
4,-0.9974225771121894,-0.5999560857867645
4,-1.014758999751626,-0.5780524046714874
4,-0.7336453298012753,-0.3349758544317624
4,-0.30102999566398125,-0.33176800768961195
4,-0.29711633838748064,-0.2836436483920444
4,-0.07918124604762511,-0.3062916543411017
4,-0.43933269383026285,-0.4185625353990508
4,-0.4771212547196617,-0.42032060176872466
4,-0.3120253799654442,-0.6611310768401202
4,-1.1026623418971475,-1.403053894940607
4,-1.594234653816006,-1.4446099534088688
4,-1.3601514477826377,-1.5019626140996536
4,-1.3679767852945943,-1.3871013140134363
4,-1.50991376811597,-1.4422469696975795
4,-1.3265841001363698,-1.4952393409173539
4,-0.4375301220789325,-0.1294549407623649
4,-0.4375301220789325,-0.1403193579052811
4,-1.431363764158987,-1.5309313070449793
4,-0.5818566052396754,-0.8738288119180396
4,-0.8278390345727509,-0.9971168034335756
4,-0.31527043477859173,-0.7993715608252578
4,-0.8782664032669114,-0.922747167399209
4,-0.5166297960033361,-0.8132559390520069
4,-1.431363764158987,-1.4327990225857385
4,-1.272474535210928,-1.7929476733412661
4,-0.7634279935629378,-0.7866232000447133
4,-1.0321846833714012,-1.277686896040945
4,0.0,-0.4279867654770469
4,-0.7289332277134619,-0.6127352040937775
4,-0.338818556553381,-0.545710636571305
4,-0.6056052720926122,-0.6843557703198626
4,-0.3901303070435729,-0.6353914479704814
4,-0.3901303070435729,-0.6278786227601395
4,-0.20411998265592501,-0.527567796205698
4,-0.5071746648863202,-0.6608819601633134
4,-0.809233790055691,-0.4204192210141091
4,-0.4401601843605114,-0.658812289382343
4,-0.5605087756033109,-0.5362791430257239
4,-0.42247728842341825,-0.6295804538288686
4,-0.16272729749769965,-0.5943560371293697
4,-0.8308102740885168,-0.8531523350420183
4,-0.5412007931861664,-0.7092509947532107
4,-0.37485318836652937,-0.6430143222838978
4,-0.3889566680708807,-0.5426230602607309
4,-1.6007006960652372,-1.528915044343159
4,-1.4465112784573861,-1.5254919972236676
4,-1.647232460848894,-1.4570635486836045
4,-1.4573771965239048,-1.4663024564299076
4,-1.3424226808222066,-1.5349331096117433
4,-1.4832815634244811,-1.4548503067983811
4,-1.3700399458583679,-1.4615867313487316
4,-1.3954512082683426,-1.5349331096117433
4,-1.6495782291202499,-1.4231629656042708
4,-1.4097207554469229,-1.3886405150768077
4,-1.26884531229258,-1.4231629656042708
4,-1.4018450592255762,-1.3586551619864087
4,-1.5820633629117085,-1.7095215632178469
4,-1.5194529553397151,-1.5781380286054039
4,-1.357934847000454,-1.5001765263876892
4,-1.1256386472866255,-1.396618075858365
4,-1.4458937088134602,-1.4071230218316984
4,-1.3639699395101044,-1.3655736392744169
4,-1.5538830266438746,-1.5119041625206067
4,-1.1080941799605704,-1.5006834407051113
4,-1.64204033546293,-1.5719866279160886
4,-1.3400940185036232,-1.5122501987048935
4,-1.0046284041820712,-1.5060894477921758
4,-1.5529998652172008,-1.5207520082721997
4,-1.3802112417116064,-1.1256048946964337
4,-1.3354307920172426,-1.5085925394642248
4,-1.5141048209728316,-1.497828199503512
4,-1.5357159699855094,-1.5079331035206056
4,-1.3802112417116064,-1.237363086811694
4,-1.9978230807457251,-1.6687583849803969
4,-1.2385022948534123,-1.7532436837783463
4,-1.9023137678721662,-1.8519873552826196
4,-1.4559319556497243,-1.137698853921329
4,-1.5227236124042802,-1.6193232174183796
4,-1.897627091290441,-1.6711952198171276
4,-1.780557320149522,-1.8054959094465652
4,-1.5940523941160922,-1.7192376000913876
4,-1.5968360472043743,-1.681347298092954
4,-1.3309932190414244,-1.7974184245080067
4,-1.1456128582964702,-1.6860692528435433
4,-0.30102999566398125,-1.4470511042217695
4,-1.2167521925969762,-0.9963749720996137
4,1.0785533136364274,1.6581461361864662
4,1.5163745538673359,1.6215114138142903
4,1.7649308809849815,1.5887693442480562
4,1.3720933514894265,1.6653682954609252
4,1.5642714304385628,1.0125974580602675
4,-0.47172622283295595,-0.5071388438264158
4,-0.38021124171160636,-0.6613724435812306
4,-0.4313637641589878,-0.785362220066816
4,-0.4658402443099732,-0.5667264546556247
4,-0.21260809288144422,-0.794003635569872
4,-0.8328635835972458,-0.8817437799648326
4,-0.9542425094393252,-0.7647982354987556
4,-0.8616973018337184,-0.7122136433917977
4,-0.6127838567197355,-0.655328719165172
4,-0.6320232147054057,-0.703646400526118
4,-0.6184504075161321,-0.6270174326473756
4,-0.349334675238536,-0.8438552557183121
4,-1.1461280356782382,-0.8882081907095356
4,-0.3521825181113627,-0.7604253905729295
4,-0.9702081297444902,-0.7604253905729295
4,0.279840696594043,-1.1024688779735272
4,0.0,-0.21611068966916772
4,0.0,-1.258533450454711
4,-0.7403626894942441,-0.6749997302785944
4,-0.7739952906124863,-0.7174430267372872
4,-0.7145377815626688,-0.7045176840171987
4,-1.0700378666077555,-1.3291063063310649
4,-0.18920560663662211,-0.3335655810682453
4,-0.644168069370231,-0.8759147882049073
4,-0.2639451480479682,-0.4640626561857152
4,0.0,-0.9456607120050731
4,-1.0315170514460652,-0.37448257760847725
4,0.0,-0.5764343432223116
4,-0.7447274948966935,-0.08450642583388633
4,0.0,-0.78446268120951
4,0.0,-0.5733162970150981
4,-1.4149733479708182,-0.7969248668517591
4,0.79707326088554,0.11016630014467733
4,-0.775216817044595,-0.5107973700047623
4,-0.8076062297219195,-0.6491681432080354
4,-0.39138190284952223,-0.42496278827716055
4,-0.9646720376582572,-0.5722639259993686
4,-0.8239087409443187,-0.8333471540017925
4,-0.14612803567823818,-0.4130742826068881
4,-0.28254658996996795,-0.54528614239246
4,-0.4890204780193699,-0.6118647711552323
4,-1.0211892990699383,-0.6938320069557755
4,-0.9373297907445419,-0.6459270317181809
4,-0.30102999566398125,-0.4958217242059698
4,-0.46915232504838666,-0.7632515039434088
4,-1.1836443969461268,-0.5229730196983282
4,-1.230448921378274,-1.202380921602461
4,-0.6020599913279625,-0.8164083518177204
4,-0.4293484729236612,-0.40395742179643257
4,0.2762064119389489,-0.34882379707861816
4,0.37332567307531406,0.34108683186118227
4,0.5581704972089012,0.4868321073055803
4,0.7032250103799518,0.6306510479376135
4,-1.7809263044384158,-1.1993287209695047
4,-0.8319763626923518,-0.7810202623783382
4,-0.14612803567823818,-0.6429049298448892
4,-1.174018250432816,-1.2301820351774644
4,-0.35396607085177934,-0.651693345642891
4,-1.5878712508601485,-1.3998658121669525
4,-1.113943352306837,-0.9014266503935395
4,-1.4035680936804633,-1.642414882947771
4,-1.3605460815961639,-1.3844273436315853
4,-1.3332146790353825,-1.0711736408990147
4,-1.3976121155028922,-1.2711560289822748
4,-1.2900346113625183,-1.3703502338334572
4,-0.5051499783199063,-0.7419510299338117
4,-1.359021942641668,-1.2255448879337072
4,-1.0969100130080562,-1.2400907591238686
4,-0.9363309201306222,-1.1840155858948456
4,-0.355387657986574,-0.33775406049682793
4,-0.6671781699121677,-0.6372529973891712
4,-0.5729576096236553,-0.5765036153063844
4,-1.1760912590556813,-1.2360398841564155
4,-1.8388490907372557,-1.0473787510344224
4,-1.1507237873673866,-1.0156240713276095
4,0.30102999566398125,0.25927815906088836
4,0.7781512503836439,0.22267939064729145
4,1.433655560938572,0.6373382080130918
4,1.1383026981662816,1.0139982991235508
4,-0.3077633783229494,-1.1160931088947073
4,-0.4202164033831899,-1.1144676929752242
4,0.0,-1.0716813569835446
4,-2.499397649430815,-1.9001831019861748
4,-1.4980283540813364,-1.2572258265416656
4,1.1962946451439684,1.1556568422807
4,-2.3039156839014696,-2.539407938449315
4,-2.3790031895226376,-2.6611457701913985
4,1.518513939877887,1.0973713205261777
4,-1.230448921378274,-1.0125338297707156
4,-0.3032628770962731,-0.1834346086123752
4,-1.438747391205414,-1.5159003810820744
4,-1.1594437878248467,-1.5247992547154032
4,-0.24693309256981877,-0.17137215877039455
4,0.6344713774668973,0.6890701589958524
4,0.8265328847704678,0.8945111272444606
4,0.73797776048103,0.6890701589958524
4,0.38929089956352403,0.5675273188457612
4,0.9147446062401823,0.6868868463190674
4,0.6086801142439748,0.450615440914186
4,1.4831997463478501,0.8587879633292016
4,0.8167063456599948,0.8945111272444606
4,0.17609125905568135,-0.29376748482085113
4,0.0,0.28813586914902695
4,0.8450980400142569,0.29395369163918195
4,1.7508642767193097,1.569088026246813
4,1.9921746624880434,1.4773720587517727
4,0.5969565896898335,0.7005570197457551
4,-0.5533333447033018,-0.1499179015491654
4,-1.0159685076998723,-0.9404048814626327
4,-1.3685816523588086,-0.9311661201524865
4,-0.22184874961635614,-0.4064043827558891
4,-1.3187587626244124,-1.0805856021233078
4,-1.5691787649333069,-1.1023738859150785
4,-0.9700367766225568,-1.2032221463229906
4,0.0,-0.1284250232189159
4,-1.1912646619703375,-1.1567948819479472
4,-0.5740312677277188,-0.7669167794585381
4,-1.4711190636776532,-1.317622188304714
4,-0.4375301220789325,-0.11762185339187113
4,-1.3729120029701072,-1.0076245607324703
4,0.0,-0.12369602663732276
4,-0.42596873227228116,-0.5558279668298141
4,-1.269512944217916,-1.3624598413572155
4,-0.6320232147054057,-0.7850586587318511
4,-0.5946780377053624,-0.7007323739960245
4,0.352235685510248,0.2082741893751031
4,0.8846065812979305,0.6492261048204716
4,1.113943352306837,0.9716391903072509
4,0.9700367766225568,0.7824750168727332
4,1.6266824662362946,0.9377351187157433
4,0.0,-0.19129031944541297
4,0.0,0.34897587192176766
4,-0.4966769233397832,-0.9316896717036974
4,-1.4771212547196626,-1.3568199579519338
4,-0.5004497215452615,-0.3956082616554311
4,0.0,-0.21063831281365444
4,-0.15490195998574308,-0.07062692673388052
4,-0.15490195998574308,-0.21213955663038894
4,-0.15490195998574308,-0.2723917820380331
4,0.45319267569014343,0.34422410805009673
4,0.4200275386348755,0.3766997286569173
4,0.15933357478481813,0.3759181268328359
4,0.8288588489716178,0.354780914478804
4,0.18448680416588203,0.21539120898542702
4,1.0058072715777469,0.4619978211752204
4,0.5661474354373173,0.40144739828028364
4,0.33751319193400686,0.6452660009054669
4,0.8639199713173529,0.5657648427148838
4,0.9465926090058607,0.6093047641084007
4,0.7750122988011618,0.5530394540010277
4,1.0217971290948444,1.0278660906095407
4,0.1452689827860576,0.270211057771898
4,0.25735341006126333,0.5552752708991797
4,0.19010375339756092,0.3055698758834868
4,0.6904166833935195,0.34524979195928523
4,0.0,0.534432509808275
4,0.5502723567515604,0.4248392989543249
4,0.023675089903716362,0.25485605554741925
4,0.2974496416522383,0.3448256815982757
4,0.5389186541454025,0.48632538204146486
4,0.7525113222809265,0.4764504676624768
4,0.5529505287088154,0.4837107753379194
4,0.2508049577803275,0.3066594735535843
4,0.4575007247852527,0.46473874780931435
4,0.0,0.429614878244351
4,0.0,0.36298333503900737
4,0.0,0.28710719274397023
4,0.0,-0.03328803696194
4,-1.134698573897456,-0.9036389886562085
4,-2.278753600952829,-1.618324760886666
4,0.4056057432185165,0.2223513160383211
4,0.9355691221959512,0.15093905037718863
4,1.096694885284169,0.27806044620809184
4,-1.0959947450572747,-1.1312098003174826
4,-1.3424226808222057,-1.2239852759896925
4,-0.11303951330859263,-0.684135422551399
4,-0.6020599913279625,-0.6094306522209273
4,-0.23099212905622668,-0.5695311135797213
4,-0.8398968463284486,-0.697529563013968
4,-0.4623979978989565,-0.6486370129692183
4,-1.3010299956639813,-1.6211867004479652
4,-0.9898603686491203,-0.9987914915511545
4,0.0,-0.3419621112348436
4,0.0,-0.29467499426750704
4,-1.0457574905606748,-1.3709257809700008
4,-0.41017446508904953,-0.7289475733235844
4,-0.5460648041063507,-0.6709273607189112
4,-0.7533276666586115,-0.7490885733741541
4,-1.2009148427807128,-1.0574249114438419
4,0.9852767431792939,1.0131741862442787
4,0.0,-0.26438864040603793
4,0.0,-0.22738288267874968
4,-0.3979400086720375,-0.3596832745312712
4,-0.20411998265592501,-0.3893341474656494
4,-0.4771212547196626,-1.1289734201101254
4,-0.4771212547196626,-1.138967831260225
4,-1.1505139038522927,-1.103937602195921
4,0.38021124171160636,-0.0973367131831428
4,-0.09691001300805624,-0.14312022789397175
4,-1.2552725051033056,-1.4643316338204997
4,0.07058107428570715,-0.5873679698333081
4,-1.2212278853477807,-1.3579781055884725
4,-1.3760790080450676,-1.3308149978153707
4,-1.1801596211900938,-1.3615969911251895
4,-1.007424018079207,-0.8707974281318401
4,-0.9777236052888476,-0.8247842722315575
4,-1.153814864344529,-1.3957811581500894
4,0.0,-1.2680419658704918
4,0.0,-1.290373858782153
4,-1.3441906747575478,-1.4943298639246578
4,-0.5198558016467656,-0.884315970331161
4,-0.43443004088932113,-0.9214973432203777
4,-0.5897068914238304,-0.8647408551150817
4,-0.653212513775344,-0.7366283045757429
4,-2.9537548120473627,-2.970095494335857
4,0.7634279935629369,1.0558106487590144
4,-0.2996534668351778,-0.9034303837119966
4,0.0,-0.1655548941692847
4,0.0,-0.14931287421900302
4,-0.3979400086720375,-0.25807080167107427
4,-0.3979400086720375,-0.27063861069854717
4,-0.3979400086720375,-0.18604571262810402
4,-0.23823916580452575,-0.3474168919053341
4,-1.5481846105451078,-1.7159196550056766
4,-1.2018200947643445,-1.576028255026204
4,-1.3620839610739592,-1.6292457821510604
4,-1.799154196959024,-1.719785131779336
4,-1.1893195247894361,-1.4046443080108997
4,-1.2518119729937993,-1.4356445483887352
4,-1.6020599913279625,-1.5465521740053174
4,-1.4593924877592306,-1.4448516700532608
4,0.9030899869919438,1.0258256489063655
4,0.6020599913279625,1.0632328903385704
4,1.1461280356782382,0.9079850944634827
4,-0.6125209233089581,-0.9742259143886745
4,0.38021124171160636,-0.0952829092172535
4,0.3979400086720375,-0.16095321692055553
4,-0.6756986619230307,-0.549775004608687
4,-1.4372678984262883,-1.3663526629369342
4,-1.0161684976948866,-0.8767415604299792
4,0.0,-0.09065085699581538
4,-0.6020599913279625,-0.7762877179277531
4,0.0,-0.27753630958994546
4,-1.7909884750888159,-1.2111701879753656
4,-1.1174457461429075,-1.0629467057912272
4,-1.0826695738934466,-1.2151300058967534
4,0.43818045492417124,0.5036253870103713
4,0.6354341975677036,0.5629110893101612
4,0.16234844215360766,0.5130452290739433
4,-0.30102999566398125,-0.22971292624222278
4,0.30102999566398125,-0.30753644920255696
4,0.4189453307158164,0.31616835187909265
4,0.6544324428974422,0.684917564761253
4,0.43468809354410887,0.4182671481183924
4,0.7781512503836439,0.7559474080403646
4,0.17609125905568135,0.9547786614153603
4,1.0,0.6895269604705885
4,0.30102999566398125,0.6776963272200769
4,-0.4771212547196626,0.8076593184938264
4,1.0,0.7605774712067469
4,-0.8325089127062366,-0.7418588187807278
4,-0.04845513955992686,-0.20964975288566565
4,-1.0496419314221423,-1.0532832679028303
4,-1.2344639991151105,-1.0532832679028303
4,-1.2976237469720697,-0.1302063259192943
4,-1.0211892990699383,-1.112887211130352
4,-1.125806458139527,-1.0625357577963244
4,-0.7781512503836439,-0.3790154451819207
4,-0.9604914587163265,-0.7300544178965083
4,-0.2304489213782741,-0.19310980815015646
4,0.0,-0.11075356948929221
4,-0.374137093999412,-0.2138071985224938
4,-0.05982055802409558,0.011741077259280778
4,-0.11229725627967468,-0.091186048091547
4,0.16061660671589717,-0.27116491557562566
4,-0.31481828014961444,-0.2887621022638163
4,0.020684598859850745,-0.0507751385004477
4,-0.08364212367298762,-0.09636391836382938
4,0.13262556527459068,-0.1010588742454938
4,-0.10198953853733084,-0.1110158788834178
4,-0.1249387366082999,-0.06619068865756342
4,-0.40041462779989345,-0.3665916015306641
4,-0.15892323391866725,-0.37291452958906407
4,-0.10616473573321805,-0.3674963660842402
4,0.05115252244738144,-0.016734219151155864
4,-0.6365004335419719,-0.7050454777908018
4,0.6687190734409958,0.6844714089803087
4,-1.6442112696605529,-1.1330060046914785
4,0.0,-0.013064134775429306
4,0.8016178699917056,0.5969891521466062
4,-1.2411361328069157,-0.981429980941452
4,-0.6684126707675615,-0.39167102355735095
4,-1.2002249387724007,-1.0481722830532638
4,-0.2596373105057559,-0.5187346444345813
4,-0.8834944309285628,-0.4217830748597138
4,-0.8586708472035305,-0.867506200779663
4,-1.3340302557669066,-0.8468118009294427
4,-1.1317935832540487,-1.0625357577963244
4,-1.1485077374235928,-1.085640334917001
4,-0.48314724113633556,-0.539495002798392
4,-0.3251455612858125,-0.5978996151062982
4,-1.1290946963794575,-1.1007597624764909
4,-1.1620186307939715,-1.0481722830532638
4,-1.5378190950732744,-1.055565798217168
4,-1.201852121200102,-1.0588836021680152
4,-1.207980403469163,-1.0852636569020726
4,-1.153814864344529,-1.0735031331270128
4,0.8883667301712368,-0.10015045564393428
4,-1.2983898994977725,-1.0461823009202813
4,-0.8293037728310244,-0.5616971446014057
4,-1.5538830266438746,-1.0677938204337432
4,-1.2900346113625183,-1.0532832679028303
4,-1.1856365769619117,-0.1411993482683939
4,-1.8899478139300738,-1.394522997817017
4,-1.0667513375652513,-1.0661008684795004
4,-1.1681223293844054,-1.0368698155353056
4,-0.955032854483477,-0.8306550614619859
4,-0.2355284469075496,-0.2766668413312336
4,-1.0533739824413395,-0.3871827163596761
4,-2.6137983945992067,-1.9335815329688757
4,1.6020599913279625,1.1045912649693783
4,0.7781512503836439,0.7711592593954841
4,0.5081554884596313,0.6830996720177543
4,0.2683104668039187,0.3098249171695139
4,0.8493884764952844,0.3862680834812239
4,0.48586619024719013,0.33549806966560003
4,0.45843904175190797,0.34996138098485957
4,0.779368980551908,0.2798399803585403
4,-0.19897074537756954,-0.2976003807246089
4,-1.2403321553103694,-0.9052375337176393
4,-1.4722687519252506,-1.0016305887463128
4,-1.1663314217665253,-0.9997829486365403
4,-0.960232873128513,-0.7049322730943415
4,0.0,-0.4582637908268039
4,-1.0,-0.2632510077202506
4,-1.1437352225623476,-1.2872393158011262
4,-1.6962891656882473,-1.326955473779765
4,1.072489365083169,0.8554339672475864
4,0.0,0.4805001580082878
4,-0.6989700043360187,-0.8534430794451474
4,-1.1702617153949575,-0.9757022625276359
4,-0.43933269383026285,-0.6017894140710011
4,-0.6460339291482207,-0.3897695914116588
4,-0.9208187539523749,-1.3508961618232425
4,-0.9829666607012193,-0.7417389168981829
4,0.10720996964786877,0.09994171857665428
4,0.2850418902798513,0.06796042118635462
4,-0.3521825181113627,-0.7237035094904104
4,0.4040630937308265,0.2485160308056944
4,0.6872316010647745,0.8620046546125074
4,0.7771305813312361,0.6683642700235992
4,0.6266567538842605,0.5724110360048947
4,0.6182848926385986,0.7482807275807569
4,1.259844068177789,0.7240105080231214
4,0.9240900922092257,0.6973209330051452
4,0.7937903846908192,0.7106037959133832
4,-1.2218487496163561,-1.5308086962414098
4,0.4610493196492511,0.804430496711604
4,0.9772370007764248,0.8106080935430577
4,0.5769756483744999,0.8036350186027204
4,1.322592881408056,0.6601169178831985
4,1.3017133860204186,0.8961513249816849
4,1.2195039221899133,0.8956411125712322
4,0.7139670542376466,0.9160364402535673
4,0.681696234255238,0.8629480490537068
4,0.4610493196492511,0.8701058220386036
4,0.7191542243137574,0.9015447970523692
4,0.8540339842758531,0.8269882055749186
4,0.41912930774197577,0.9160364402535673
4,0.8563790504239464,0.8629480490537068
4,0.8214045648353983,0.8701058220386036
4,0.70351763208674,0.8269882055749186
4,-1.085171609736812,-1.016843795894883
4,-0.04111258551491215,-0.6140934183731644
4,-1.370665923805375,-1.714627189387116
4,-0.9398127940166834,-0.9766022926777498
4,0.0,-0.14633230609174178
4,0.8810742471742232,0.33185375453731625
4,-2.1692364124099317,-1.2590998986798507
4,0.0,0.2497882813289701
4,0.451927270561173,0.2589513951947625
4,-1.338818556553381,-1.1988741463211876
4,-1.2160192059556323,-1.180175399801413
4,-0.6989700043360187,-0.8159966706419708
4,-0.3502480183341632,-0.6198043000685117
4,-0.9999999999999991,-1.4219120628049757
4,-0.8538719643217618,-0.6706926638535003
4,-0.9868385539420288,-0.7258133365337878
4,-0.3484546455921187,-0.46955846121389955
4,-0.7373149964122376,-0.8710327953930627
4,-1.2284793285153688,-1.0221333184242671
4,-0.7781512503836439,-1.2792498432125625
4,-0.7727562184969372,-0.665553558668221
4,-0.9363309201306222,-0.5568399146435646
4,-1.2485009443877964,-0.7433003384577528
4,-0.3099848383169075,-0.5796549686392294
4,0.0,-0.018985674296379224
4,-0.639201799332529,-0.49962440668835706
4,-1.0483046795745548,-0.6736587185073937
4,0.0,-0.6821266605748907
4,0.0,-0.6250967877282566
4,-0.7403626894942441,-0.7782535711757462
4,0.0,-0.06627706156849439
4,0.6020599913279625,0.5061319833964053
4,0.30102999566398125,0.6851281477496503
4,0.9542425094393252,0.9139880587390051
4,0.9700367766225568,0.9558970297043831
4,1.5228787452803374,0.46354005924415065
4,-0.3494856763830949,-0.328207248060188
4,-0.09691001300805624,-0.31084702869840525
4,0.07918124604762511,-0.24954347770301014
4,0.26785190423374505,0.32916122771170087
4,0.22943874649712015,0.42334489285313154
4,0.0,-0.20558098129677538
4,-0.10206004319610873,-0.29477972443375267
4,-0.3494856763830949,-0.5081174109941783
4,0.09455610761457933,0.06664696960853553
4,-0.3979400086720375,-0.20357064341580855
4,0.37679174465498644,0.6092896283983098
4,0.0,-0.03679212956644634
4,0.0,-0.08625934145593094
4,-0.15051493100552538,-0.0445269415363271
4,-0.389075175605468,-0.13416357741138085
4,0.15051493100552538,-0.1304833716008743
4,-0.4375301220789325,-0.44279647642205894
4,-0.4375301220789325,-0.4619941194257492
4,-0.389077352590518,-0.3633777562975257
4,-0.03959044503700948,-0.13220102320240643
4,0.23855876556918343,-0.018025991143918257
4,-0.7870157984620274,-0.2902037440044634
4,0.0,-0.22084054850474621
4,0.0,-0.14830662438119424
4,-0.4375301220789325,-0.23207579781513105
4,0.0,-0.10685412684936679
4,0.0,-0.2128156114380094
4,0.0,-0.22045192724888416
4,-0.4375301220789325,-0.3259617698547562
4,0.0,0.06966524359087387
4,-0.3494856763830949,-0.24956908757351748
4,0.0,-0.24228298156919337
4,-0.3494856763830949,-0.21628761884036013
4,0.0,-0.19754613207670974
4,0.0,-0.12679459115630554
4,-0.3494856763830949,-0.2892252676048615
4,0.0,-0.17314890619168558
4,0.0,-0.06480656679570844
4,0.0,-0.09935069155142091
4,-0.30102999566398125,-0.19073039883693582
4,0.0,-0.12304849539913917
4,-0.30102999566398125,-0.3056851742949298
4,0.0,-0.2638725514701744
4,-1.7781512503836439,-1.3531807598082037
4,-1.568201724066995,-1.4747360601958355
4,-1.3909351071033793,-1.417403731212881
4,-1.4913616938342722,-1.4665181226457304
4,-1.3010299956639813,-1.356189991630795
4,-1.2218487496163561,-1.344015270657678
4,-1.3979400086720375,-1.4266251689311562
4,-1.0969100130080562,-1.3830094408491822
4,-1.3010299956639813,-1.3617916326530153
4,-1.198657086954423,-1.2143599488688022
4,-1.6020599913279625,-1.4282832117102529
4,-1.4419568376564111,-1.2762164950776893
4,-1.3480265583402051,-1.379958897416899
4,-1.134905331569489,-1.1789002715610786
4,-0.9542425094393252,-1.0617247564533745
4,-0.42596873227228116,-0.8522841158007938
4,-0.5228787452803374,-0.7529860055604707
4,-0.5228787452803374,-0.699355242542766
4,-0.4771212547196626,-0.6980042621010227
4,-1.4996870826184043,-1.1160149059557405
4,-1.3679767852945943,-1.0862158042742207
4,-1.190331698170291,-1.0996703357850455
4,-1.3929480631145381,-1.0925987218830657
4,-1.119475840906798,-1.1172080184293436
4,-1.355387657986574,-1.1019474689105204
4,-1.4036923375611288,-1.4165229792253047
4,-0.8954839347570029,-1.0090069914314734
4,-0.695648424229586,-0.6109502509944263
4,-0.4149733479708182,-0.5800649205594062
4,-1.2359750178074123,-1.5740998470949512
4,-1.0672352615654335,-1.5190522535385371
4,-0.9661417327390325,-1.6010949947139477
4,-1.3010299956639813,-1.5653003933987057
4,-1.5051499783199063,-1.5887328193729744
4,-1.7558748556724915,-1.5913690625844603
4,-1.685741738602264,-1.4572510132326237
4,-1.6180480967120925,-1.4773754615345371
4,-1.6690067809585756,-1.4464290566596227
4,0.6296719922204899,0.34168887499495953
4,0.5983321188087194,0.4307755605358296
4,0.2767614209370439,0.5181062784426455
4,0.15734628357760183,0.3267956802145883
4,-0.09005152751604584,0.09069329202395833
4,0.2353756021490181,0.29970410587513213
4,0.3667897898651731,0.18065472095725368
4,0.48921210380499947,0.34215666750457074
4,-0.04778894189133087,0.14019779594622067
4,0.0,-0.04590693168362375
4,-0.3494856763830949,-0.41433227960680286
4,0.0,-0.3422172503064036
4,0.0,-0.3880279909747862
4,0.0,-0.4316527203806024
4,-0.7870157984620274,-0.43957937147468507
4,-0.4375301220789325,-0.4090967874165724
4,-0.3494856763830949,-0.4995134708792714
4,0.0,-0.43561780380322923
4,-0.09691001300805624,-0.425078498902793
4,-0.3494856763830949,-0.42141783273475447
4,-0.3494856763830949,-0.5016489026116279
4,0.0,-0.4163285571896801
4,0.0,-0.4903140409128685
4,-0.4375301220789325,-0.3971382712231211
4,0.0,-0.35672472226972923
4,0.0,-0.44674335025540207
4,-0.3494856763830949,-0.3491609068411276
4,0.0,-0.37798831003871725
4,0.0,-0.3095710488477177
4,-0.4375301220789325,-0.32326260673228224
4,-0.45154571957920364,-0.4839985242471389
4,-1.310370021918124,-0.536727949723482
4,-1.0399875249893382,-0.5508547286956892
4,-0.3651474952757301,-0.5741367465628554
4,-0.8522634644019309,-0.6356790646061967
4,-0.550649497692774,-0.5515828692915451
4,0.0,0.2461544317490067
4,-0.008209265560077839,0.41152976211704984
4,1.063783468125422,0.3640458295338114
4,1.0267793761882515,0.310945800764115
4,1.0400659671353036,0.23423193840645493
4,0.6857670331351287,0.22852960437735007
4,1.0245022972506561,0.24133069232898413
4,0.7913446290509967,0.3402249122859078
4,0.7284446902292494,0.3982515781614409
4,0.614154047356525,0.33336490414751013
4,0.9447233451859223,0.2751178211928032
4,1.0895383657052022,0.3694324928333924
4,-1.4641562775552943,-1.283209985888961
4,-0.008038355111862572,0.24377005421193354
4,-0.8450980400142569,-1.1582908203210611
4,-1.2430380486862944,-1.0451808137513063
4,-1.7283537820212285,-1.5833960277772388
4,-1.0248235837250323,-0.8175492269678538
4,-0.8562344061322165,-0.816499839521216
4,-1.8195439355418692,-1.2862133884521731
4,-1.8195439355418692,-1.2790878770003022
4,-1.3222192947339186,-1.2457776217544212
4,-1.8512583487190746,-1.7706072033804552
4,-0.8361431973613307,-0.6679486929467163
4,-0.7367585652254185,-0.917569122543102
4,-0.8616973018337184,-0.8950268855114557
4,-1.0310342337399687,-0.8418587621076696
4,-0.9330532103693869,-0.9297533146423557
4,-0.1870866433571443,0.1416710979207082
4,-0.14612803567823818,0.14822730177231694
4,0.0,0.17851480668347045
4,0.16272729749769965,0.17765622995428768
4,-1.1383026981662816,-0.9667260308541352
4,-0.5228787452803374,-0.7644799048375083
4,-0.035912621145258505,-0.2508913232421219
4,-0.353745534848775,-0.34823494571534996
4,-0.27303720999868375,-0.3900706152149017
4,-0.6020599913279625,-0.3052947550741419
4,-0.25731535616566603,-0.3393948970771308
4,-0.2240148113728644,-0.38094083975715537
4,-0.10349273312891683,-0.3829108727532343
4,-0.6378332609820365,-0.596090331163446
4,-1.1055101847699733,-0.7128195150713185
4,-1.0791812460476242,-0.912829185688922
4,-0.8283178598493732,-0.7552346155020194
4,1.9138138523837167,1.6531155680838492
4,1.3802112417116064,1.4203525885761814
4,-1.079181246047625,-1.0278650390850115
4,-0.9751764162749677,-1.0880421671239378
4,-0.9030899869919438,-0.9743990300826217
4,-1.7754621118728622,-1.5646783438346425
4,-1.7874342339527498,-1.7697928290351184
4,-1.2867895565493708,-1.3218955507281287
4,-1.472965294948505,-1.3214743961989055
4,-0.9030899869919438,-1.2746015621633568
4,-1.0894004112293114,-1.3444859776431002
4,-0.8494839081883114,-1.1839440141508881
4,-0.6690067809585756,-0.9769109591383237
4,-0.8450980400142569,-1.1272783503760142
4,-1.4471580313422194,-1.2735839978071974
4,-1.3771847870814184,-1.318648006437368
4,-1.2430380486862944,-1.022639193453502
4,-1.6901960800285138,-1.0345378797332163
4,-1.8633228601204568,-1.3080848969351044
4,-1.703291378118661,-1.212443260372008
4,-0.6020599913279625,-1.3806284464396184
4,0.05799194697768684,-1.1645418094210473
4,-1.5440680443502757,-1.0122637926059446
4,-0.7781512503836439,-1.113347381137381
4,-1.079181246047625,-0.9882944460642398
4,0.32330639037513365,-1.1727478366451851
4,0.0,-1.1703659561978212
4,-1.6842467475153127,-1.3645662582246434
4,-1.860338006570994,-1.4934782779536084
4,-0.6989700043360187,-1.4185358194326634
4,0.0,-1.1596876437536823
4,-0.8791778295865322,-0.8911917541361324
4,-1.0855214240786433,-1.0769770575493742
4,-1.213879819945081,-1.2292920413630393
4,-1.1160933293803952,-0.9287268155730068
4,-0.25257524375317963,-0.3508413456875402
4,-1.1393684520309417,-1.4175747993726149
4,-1.0,-1.4175747993726149
4,-1.0,-0.6216187725946444
4,-1.0,-0.4959385069926144
4,-1.0,-0.4888792216862511
4,-0.6989700043360187,-1.0896023566272515
4,-1.1583624920952502,-0.4393731604340032
4,-0.4771212547196626,-0.8688877686768235
4,-1.0413926851582254,-1.189401199714925
4,-1.1461280356782382,-1.2970026137928161
4,-1.1832698436828046,-1.2779708885063699
4,-0.9700367766225568,-1.3031450780631906
4,-1.1083394747888384,-1.056747219379475
4,-0.8129133566428557,-1.0709589546459695
4,-0.9542425094393252,-1.055866854860325
4,-1.0969100130080562,-0.8729659081106798
4,-1.3010299956639813,-0.8568101203103293
4,-1.0863598306747484,-0.948507705312605
4,-0.8450980400142569,-0.8745263682666894
4,-0.8293037728310244,-0.9202039500815365
4,-1.0,-0.803880157117272
4,-0.8485957325996907,-0.6623862216084347
4,-1.3273589343863303,-1.2479189186381716
4,-0.3606839977965217,-0.6580857738380977
4,-1.4425378337054742,-1.3686658749284408
4,-0.5794353717028686,-0.8371625780370241
4,-1.053684858962776,-1.4659151128145527
4,-0.5696265473873332,-0.6264470026391684
4,-0.9809013839687024,-1.3800971538871714
4,-1.0636690798693778,-1.0940932810146609
4,-0.9420080530223132,-1.0571921408914242
4,-1.0299632233774432,-1.0288223457920982
4,-1.0769597860536666,-0.86650015047362
4,-1.019595556063381,-0.9871816826494463
4,-0.6627578316815743,-1.0078589025911906
4,-0.8920946026904808,-1.0018986938995615
4,-1.4049261295327038,-1.038739849595394
4,-1.1461280356782382,-1.1954094201701801
4,-1.4471580313422194,-1.1998331131797462
4,-0.9542425094393252,-1.2974142417608663
4,-1.230448921378274,-1.2974142417608663
4,-1.7501225267834002,-1.1970050957408764
4,-1.134698573897456,-1.0608157699761909
4,-0.32123338175226746,-0.7331222287440029
4,-1.3881801713828814,-0.983562148676564
4,-0.9488474775526186,-0.6089295379588876
4,-1.1413291527964695,-0.6882722144514202
4,-0.5362427068383191,-0.6081466819926701
4,-0.30102999566398125,-0.8151104216617849
4,-0.6478174818886373,-0.6042301585981356
4,-0.21559980033935489,-0.6883425566968452
4,-1.3273589343863303,-0.7574571671258533
4,-0.3933442569828882,-0.49014706814596876
4,-0.811888600118249,-0.7033575458277654
4,-0.639201799332529,-0.5638316734018858
4,0.05115252244738144,-0.5442522181938173
4,-0.2510560207021424,-0.56842879654166
4,-0.4232458739368079,-0.5221724148567483
4,-1.359624710929828,-0.8394608101716947
4,-0.48666657262589297,-0.7089247621316551
4,-1.1268732363854994,-0.5423311956257978
4,-0.49600659888003573,-0.3874089953146773
4,-0.7569619513137056,-0.593043533274622
4,-0.8880262405560675,-0.6412396549810423
4,-0.4890204780193699,-0.4556785764392337
4,-0.5713911715615101,-0.4084056156389347
4,-0.2308574535331438,-0.31661440074890446
4,-0.30935112938274134,-0.5986247813424908
4,-0.5011594955871015,-0.3713332881227845
4,-0.5399120845791181,-0.6514424409126522
4,-0.44909253111941894,-0.7131020712099694
4,-0.08432088570003593,-0.36587498634744614
4,-0.9274493328513884,-0.6615430133038319
4,-0.3907614240449142,-0.5451182479101966
4,-0.8519374645445623,-0.9062571254213857
4,-0.2200696759654459,-0.4101060689375877
4,-0.40565926106331407,-0.6521498368544093
4,-0.9133091521736292,-1.091777933869456
4,-0.9016202919111684,-1.1170963654695891
4,-0.7118072290411908,-1.1303883311957668
4,-1.3309932190414244,-1.3511987075649485
4,-1.7817553746524686,-1.907684464334097
4,-1.653212513775344,-1.735304890780313
4,-1.845098040014257,-1.7937623945423895
4,-1.7853298350107671,-1.7734338892176982
4,-1.3233063903751336,-1.4804435922087764
4,-1.0969100130080562,-1.4431826341500473
4,-1.3979400086720384,-1.5692772223529632
4,-1.260912772455999,-1.429508931866937
4,-1.3815495924838688,-1.5111171953165148
4,-1.5468790216841048,-1.5529829118576026
4,-1.3010299956639813,-1.3381710394986623
4,-1.8129133566428557,-1.3273069561024753
4,-1.4771212547196626,-1.203588004299056
4,-0.7611179110848632,-1.4724720321541644
4,-1.3521825181113627,-1.4723716708035843
4,-1.3710678622717358,-1.5053323560227176
4,-0.9315426193441478,-1.3539481937282483
4,-1.4161648287782365,-1.3220333444638377
4,-0.84641608194217,-0.7629818934906929
4,-1.335792101923193,-1.0447508251907056
4,-0.7825160557860933,-0.4400328805899105
4,-0.9782807503067641,-1.254599210526336
4,0.0,-0.2055943697061182
4,-1.0408362539714062,-0.7575644527376193
4,-1.0321846833714012,-0.7168748013888667
4,-1.0377885608893997,-0.7997639872733936
4,0.0,-0.05033285569694589
4,0.3979400086720375,0.7770454844292664
4,-0.7781512503836439,-0.46494660968992946
4,-0.5479894658633686,-0.21979547968083868
4,-0.23749614683474451,-0.20588695945347754
4,0.8129133566428557,0.703234689957965
4,-0.5638373529592435,-0.7080253921605376
4,-0.8239087409443187,-0.49899666820448246
4,-0.15490195998574308,-0.17957477834325572
4,-0.15490195998574308,-0.17703879928111768
4,0.0,0.0069955689521617615
4,0.5440680443502757,0.21888363482811674
4,0.30102999566398125,0.6151007254865649
4,0.30102999566398125,0.7591534424770956
4,1.230448921378274,0.7942706529433139
4,0.7569619513137056,0.7761652170800349
4,0.6989700043360187,0.9710421871768059
4,0.9030899869919438,0.982666798376417
4,0.6989700043360187,0.8008543069065552
4,0.860338006570994,1.0823993604461761
4,1.0910804693473324,1.0495276323739164
4,1.2787536009528289,0.5314342629252339
4,0.0,-0.13669428451414037
4,0.0,-0.02957430941354204
4,0.15490195998574308,-0.08202368088634404
4,0.0,-0.0012545005293211008
4,-0.2855178294857339,-0.8796332623145321
4,-0.7975798022219696,-0.8445395036242871
4,0.9281179926938741,0.5008223478213896
4,0.6501214367982016,0.9738657419628808
4,-0.8239087409443187,-0.46700100304628933
4,-0.5246297603136751,-0.48726495500921146
4,-0.6941175015416068,-0.7489171001485825
4,-0.8643373979999271,-0.5880178374439087
4,-0.30102999566398125,-0.864507058838099
4,-0.9183299535486809,-0.7289083193890338
4,-0.924279286061882,-0.8879591727962998
4,-0.14612803567823818,-0.5885005134990279
4,-0.547321201747998,-0.8516484885791883
4,-0.3777366225837504,-0.7911601033962131
4,-0.28254658996996795,-0.7300899222791191
4,-0.034762106259211834,0.06017958479561172
4,-1.0321846833714012,-0.9278765321793339
4,-1.0389180660303694,-0.9758860319566455
4,-0.7153604205241875,-0.7545897370140264
4,-0.6746106584765741,-0.8381638961921489
4,-0.29299404006743934,-0.18859940704238926
4,-0.939704098112748,-0.5215783750546218
4,-1.0,-1.071258915305914
4,-1.1072099696478688,-1.0652835870537951
4,-1.0511525224473814,-1.074546731506904
4,-1.3979400086720375,-0.7213417122705473
4,-1.42142110452156,-0.8950735602469648
4,-1.0,-1.3079057227810282
4,-1.5913361259361896,-0.9193544152977566
4,-0.5026753591920503,-0.9450285579249652
4,-1.249198357391113,-0.779424538026035
4,-0.7388415163737116,-0.6259124575711214
4,-0.3372421683184257,-0.9980464477452157
4,-0.595429412428949,-0.5157807059094652
4,-1.9586073148417746,-0.5428549882467072
4,-0.4503280781317258,-0.4461447686124268
4,-0.7178553484963919,-0.8582472389460654
4,-0.8952646494799872,-0.9475640134198094
4,-1.154901959985743,-0.8813629789821782
4,-0.7942380702770997,-0.43978783184833437
4,-1.1804560644581317,-0.6712071123461365
4,-1.1737873041461162,-1.0258519135629303
4,-0.7384785456196923,-1.3238300985633
4,-0.7942380702770997,-0.5476603202098044
4,-0.4701723947643339,-0.3830205693447252
4,-0.3419886033428874,-0.46603023909556357
4,-0.3665315444204129,-0.4558614722704072
5,-0.5290390539851559,-0.6465810075508008
5,-0.3357921019231931,-0.30179338561024666
5,-0.3357921019231931,-0.21172438756448578
5,-0.1870866433571443,-0.1564769163445199
5,0.0,-0.24539058664776006
5,0.0,0.10115067722790534
5,0.0,0.05094807512151027
5,-0.671257016468986,-0.6060833300622188
5,-0.4910247010432185,-0.6153472399612714
5,-0.7344423224982384,-1.1801664469863153
5,-1.4775597146073878,-1.4629627790336022
5,-0.30102999566398125,-0.6141907105643079
5,-0.9617354999047176,-0.5143870019998513
5,-1.0746336182969038,-0.7126857658062542
5,-0.9303640718586061,-0.6883136276851545
5,-1.2621119296336119,-1.0970242566406019
5,-0.7781512503836439,-0.2598784827581604
5,-0.6159957692712545,-1.1102092059646924
5,-0.38021124171160636,0.04234251325568597
5,-0.9033833301181948,-1.174290236492205
5,-1.3164363267053814,-1.2998896852843078
5,-1.179695383324507,-0.853624821837284
5,-0.6876889939263293,-0.6659903530617006
5,-0.2657020333222384,-0.23201958365761455
5,-0.24652098006676937,-0.5625003754434122
5,-0.08430583072525177,-0.49334665286871177
5,-0.3853508813640172,-0.32632891446473045
5,-0.36408174141106997,-0.5991979613545938
5,-0.8864907251724823,-0.5791764941051866
5,-0.6145129060142454,-0.4820519582786702
5,-0.7720771026714504,-0.7766544352863609
5,-0.9208187539523758,-0.7959124714408711
5,-1.103219486915064,-0.8453411434361723
5,-0.3979400086720375,-0.7627135635781735
5,-1.066946789630613,-0.9953338224194762
5,-0.8527848686805477,-1.1885892979282062
5,-0.8738898682596776,-1.200932297940142
5,-1.204119982655925,-1.4213490306727437
5,-1.6658935455344324,-1.4908174110351495
5,-0.013788284485633184,-0.1588842392337518
5,-0.22577904324478837,-0.3425632687407462
5,-0.14612803567823818,-0.4823142065796885
5,-0.2833012287035501,-0.356237862852455
5,-0.04420366249205365,-0.3731351140374886
5,-1.0,-0.9471890298774817
5,-0.5034501934420117,-0.7203365891499007
5,-0.3187587626244124,-0.7040872504302258
5,-0.8129133566428557,-1.0203354288647442
5,-0.9138138523837167,-1.0675276104715161
5,-0.48265374331962363,-0.6565124733654106
5,-0.9731278535996983,-0.8593403672940554
5,-1.026328938722349,-0.9552757204769587
5,-1.595429412428949,-0.9354812695446308
5,-0.19188552623891297,-0.028332784060203203
5,-0.25527250510330646,-0.36190685254639665
5,-0.26884531229258,-0.3986414687328475
5,-0.45593195564972433,-0.4104277018465005
5,-0.91832995354868,-0.8638442927979719
5,-1.0687158123694598,-0.6441553081424446
5,-0.70472233322511,-0.9522842867756378
5,-0.9542425094393252,-0.9872761435486302
5,1.3009935730215947,0.8971195408412299
5,1.3652309733119132,0.46536090120017415
5,-0.07389564958594175,-0.3582563736240305
5,-0.1301133703771553,-0.4580107045569736
5,-0.40414195383817475,-0.587730553515689
5,-0.4499690086760477,-0.34540351513933004
5,-0.08828975779995663,-0.38306950139041257
5,-0.621365146523349,-0.5117422578453463
5,-0.8880262405560675,-0.6020010880101018
5,-1.151835009809636,-0.7773132085198526
5,-1.328787200354535,-1.0535339222121225
5,-1.4683473304121577,-1.4087457290885086
5,1.0,0.4725348377820148
5,-1.865301426102544,-1.314444548737402
5,-0.40866387406381044,-0.5787503470326911
5,-0.6989700043360187,-0.48050435723176355
5,-0.46852108295774464,-0.6359944531535057
5,-0.23408320603336819,-0.6876004574578615
5,-1.5218926287866976,-1.4695017256633593
5,0.0,0.13771860532514135
5,0.0,0.036199374361208146
5,-0.2614389320748671,-0.6157463203915775
5,-0.6752907023818553,-0.36536737813083464
5,-0.5464143572130373,-0.7620266375925108
5,-0.05018506000905987,-0.7764183317866278
5,-0.6937057643436617,-0.6169775603225832
5,-0.5127853228438921,-0.5613442256811606
5,-1.328088228398017,-1.240511848100775
5,-0.4375301220789325,-0.08321701021700424
5,-0.7609437229818958,-0.5241539825105905
5,0.44075738996381375,-0.1837954241370549
5,-0.045757490560675684,-0.3675119591330482
5,-1.5498819796628904,-1.5422312851034712
5,-0.8299828886565122,-0.604073066430686
5,-1.2671717284030137,-1.1828891870473506
5,-0.4375301220789325,-0.08365002730454218
5,-0.3979400086720375,-0.3381908119762631
5,-0.06766585912156575,-0.17590617747129167
5,0.03141136394152788,-0.5040221008638167
5,-0.2872761903368577,-0.36166207917350135
5,0.0,0.03249756091373692
5,0.0,0.004865781645109805
5,0.0,0.0062994499018497315
5,0.0,0.22228033211008197
5,0.0,0.0062994499018497315
5,-1.164810248645992,-0.977480715524364
5,-1.351646020844985,-1.085259043983675
5,-0.8938982262807151,-1.3303542466552194
5,-0.6644710271256944,-0.005727400786620587
5,0.0,-0.11302141036943684
5,-1.0,-0.4817986091451904
5,-0.5440680443502757,-0.45706577964883477
5,-0.9432471251378614,-1.0458433362431305
5,-0.5668556299573106,-0.5396162997440556
5,-0.7086972828532296,-0.881077438146435
5,-0.6647291997449933,-0.4275947387766123
5,-0.5239367104366721,-0.35598037346818834
5,-1.1083394747888384,-1.199162866674243
5,-0.5416500036495355,-0.7799962081723525
5,-0.09556972905670502,-0.2689297824123994
5,-1.4191293077419758,-1.3665440411435394
5,-0.5630018391753735,-0.5167748266731607
5,-1.3873898263387296,-1.3460666560281012
5,-1.3679767852945943,-0.9089117373581042
5,-0.48811663902112556,-0.3883749174584594
5,-0.2174839442139067,-0.37309951265485475
5,-1.5314789170422554,-1.166242505354587
5,-0.6989700043360187,-0.5480766441692979
5,-1.3710678622717358,-1.3280450017522072
5,-1.139879086401237,-1.28352701861036
5,-0.39159983064101844,-0.6084708480039596
5,-0.9661417327390325,-1.0984434589306276
5,-0.9294189257142929,-0.9054021050267882
5,-0.7717511358193772,-0.44946883806733423
5,-1.020203386088287,-0.6533359543726402
5,-0.45229767099463025,-0.7335449290407733
5,-0.7150857120368901,-0.5914591189989301
5,-1.2039547801153212,-0.9263005988975535
5,-0.8373045780392774,-0.6893390263639823
5,-0.8509669736783545,-1.1856170666059884
5,-0.38021124171160636,-0.10781677524632372
5,0.0,0.03261788979766266
5,0.0,0.13591735412188824
5,0.0,0.25430847846384036
5,0.0,0.14011250743855164
5,0.0,0.14266523248958468
5,0.0,0.20626859305743234
5,0.0,0.16574795124479444
5,0.0,0.1627264453133519
5,0.0,0.1475990345543406
5,0.0,0.3646933606875246
5,0.0,0.05302677684280454
5,0.0,0.13506747278247774
5,0.0,0.052738163083523505
5,0.0,0.030871501757189
5,0.0,0.1582499229129111
5,0.0,0.07405525681035632
5,0.0,0.05244780582237832
5,0.0,0.03442847153675706
5,0.0,0.03457331520466022
5,0.0,0.04382451119474587
5,0.0,0.04893046172725634
5,0.0,0.03574255651345164
5,0.0,0.14952154871761164
5,0.0,0.07646767684908112
5,-0.3702936524708784,-0.3950880950014939
5,-0.8824086941583156,-0.5085213038229288
5,-0.34544913545239364,0.08400176040644534
5,-0.29329754543329045,-0.5627306545414631
5,-1.20682587603185,-1.070111816423081
5,-1.7283537820212285,-1.0969780611439066
5,-0.5901452216989629,-0.6779204556270806
5,0.0,0.03457331520466022
5,-0.10669428249220125,-0.6189124036171983
5,-0.4771212547196626,-0.7666142158738484
5,-1.1802078252505135,-1.1402598804595283
5,-0.4375301220789325,-0.12914475076271986
5,-0.955514702167144,-0.6360093682504647
5,-0.363476284067918,-0.1705191025095472
5,0.432627035929956,-0.2175781162722481
5,0.0,0.047943673550694205
5,-1.0910804693473333,-1.01570888064878
5,1.3873898263387296,1.206897737675186
5,-0.2542865921216544,-0.05831050672486516
5,-0.4704906758206491,-0.35300178082808076
5,-0.2457271871970752,-0.053911283134675
5,-0.7065894012062106,-0.5817843418889878
5,-0.8684581793160246,-0.6593261347796887
5,-0.2466723333413885,-0.3429371076634267
5,-0.6493280729138764,-0.5540480996044772
5,-0.7113792623178385,-0.6460215602380265
5,-0.7186183397009049,-0.6810637629840137
5,-0.7280831092284821,-0.6872815812910831
5,-0.7364746198201395,-0.7085166130420463
5,-0.7388553441053656,-0.6381092417951079
5,-0.6778349886836752,-0.6764953184630731
5,-0.6921305798057134,-0.7070631424926066
5,-0.7870413936722933,-0.6571561283892352
5,-0.8263148107101967,-0.661445137360863
5,-0.4577730894245233,-0.5341226704076181
5,-0.5486860088866239,-0.5984632336303527
5,-0.7422037031960453,-0.5950555923525918
5,-0.653212513775344,-0.6503649480738047
5,-0.7136932611567257,-0.6274206821693649
5,0.6001519882093254,0.4329204938129651
5,0.22892721677880523,0.7112214085318048
5,0.018951941086827517,0.3461882849617288
5,0.0,1.0478455673822027
5,-2.0465761420413546,-1.61045728643868
5,-2.516430988729595,-1.7280041007780915
5,-2.184096913980195,-1.6309745168903202
5,-0.6320232147054057,-0.6251103200073038
5,-0.9693311802335476,-0.6894232302476871
5,0.0,-0.11999034500163262
5,-0.4476662753813869,-0.25794314339138863
5,-0.4456109417972778,-0.6097594699357477
5,-0.7244946516343056,-0.7233587759471304
5,-1.0134032446733716,-0.7546998846978163
5,-0.3165052602864149,-0.24424043048255173
5,-0.17749745257663463,-0.507170916625268
5,-0.7505570385574174,-0.5628479937917948
5,-0.09727027390130161,-0.44358514147105943
5,-0.2549735016899879,-0.35195514927077776
5,-0.3120253799654442,-0.3165382658886314
5,0.0,0.14809388745854615
5,-1.1668506023207685,-1.179082179195427
5,0.0,0.13076404160743732
5,0.0,0.01906910640495694
5,-0.7359999720510526,-0.5362335678824749
5,0.0,0.16972166256356502
5,0.0,0.1753528381907113
5,-1.0937807546179128,-1.1915841174105612
5,0.0,0.03457331520466022
5,0.0,0.013279263737811
5,0.0,0.03457331520466022
5,0.0,0.18875301650823492
5,0.0,0.15555783472778134
5,0.0,0.140309702277206
5,0.0,0.018509067237356104
5,0.7403626894942441,0.12313289785428136
5,1.0,0.5417159053851966
5,0.0,0.48336760703162723
5,0.0,0.04008781518438897
5,0.0,0.1091800693030188
5,0.0,0.03457331520466022
5,0.7403626894942441,0.20933384777736844
5,1.0,0.3449474639396891
5,0.0,-0.0702235792229918
5,-1.0134032446733716,-0.670150639885106
5,0.0,0.2609984091014784
5,0.0,0.4431678389648092
5,0.0,0.18899399879968765
5,-0.42527992248172986,-0.6191082085031363
5,-0.6933901269551814,-0.5842218609868087
5,-1.281790637678311,-1.3737484188229465
5,-1.0864630007623939,-1.146075264089292
5,-2.929418925714293,-1.8301945171895866
5,-1.7869251746911488,-1.7147928519788056
5,-2.9475351254323376,-1.8683895107748005
5,-3.1205739312058496,-1.8109954982413088
5,-2.4240428112362427,-1.7760329777990334
5,-2.527958270809612,-1.7785637863012922
5,-2.212303431710126,-1.758715232943895
5,-2.921686475483602,-1.7649957348467482
5,-2.6106601630898796,-1.8052469497574064
5,-1.8200654018625588,-1.6239492780168836
5,-2.1938200260161134,-1.5959084542883735
5,-1.074000733543845,-1.358133330814843
5,-2.5706402171769405,-1.7264353296431887
5,-2.6661774909397113,-1.7171938354049896
5,-1.549750891680639,-1.6520689139953484
5,-2.5215995264411646,-1.7575200139430873
5,-2.8750612633917,-1.7034625771471272
5,-2.2570131666796076,-1.6728648051863777
5,-2.331519317811881,-1.6821174161645935
5,-1.8477116556169433,-1.6676726161737658
5,-0.5963076624388712,-1.5208350010224039
5,-1.2099495263166489,-1.5460146742327345
5,-2.638272163982407,-1.7967568377336014
5,-0.7006057670302788,-0.645659345533198
5,-0.7818473959436067,-0.6210621580220974
5,0.0,-0.10062450114979372
5,0.0,-0.11331158485159616
5,0.15192222629389285,-0.14792125544513823
5,-0.32192791969320034,-0.22188893828485518
5,0.0772210331236014,-0.3518958766365591
5,0.08302429367597952,-0.3016326092751786
5,0.302535350661298,-0.45774079330979317
5,0.6066883955100337,-0.5590655372515099
5,0.10737544668622157,-0.2995777315375583
5,0.10067016188136257,-0.37487257809987523
5,-0.1484198324578232,-0.8513155404870288
5,-0.5456835247569929,-0.8800717963229414
5,0.30102999566398125,-0.11881675961846622
5,0.0,-0.11243167462764259
5,0.0,-0.08027902941575764
5,0.0,-0.27022289823091733
5,-1.3943358844032128,-1.3888593478456062
5,-1.9587711686380604,-1.2994046443761536
5,-2.4266553640072512,-1.5530414451132588
5,-2.005829543660724,-1.2756788946384352
5,0.0,0.01148935764788627
5,0.0,0.030871501757189
5,-0.5038929746004035,-0.5624939306152448
5,-0.5046539251741384,-0.8436042217034259
5,-2.7280414522832768,-1.6588800098362473
5,-2.645913275033844,-1.6495047669828986
5,-2.687974620034556,-1.7130892374182993
5,-3.0266694283375184,-1.6793693949840718
5,0.0,0.03653021671808463
5,0.0,-0.01712084901760953
5,0.0,0.021875055036793708
5,0.0,0.011422775712011814
5,0.0,0.1405819727622065
5,0.0,0.03638600173691775
5,0.0,0.13309554473694682
5,0.0,0.1483232843677573
5,0.0,0.24338206865215228
5,-0.7403626894942441,0.24619115531159352
5,0.0,0.26164943508558314
5,0.0,0.08445188817060757
5,0.0,-0.001983257558810978
5,0.0,0.03718691699802768
5,-0.5991933506763587,-0.5325655641965327
5,0.0,-0.3835199513857575
5,-1.4471580313422194,-1.171555805998359
5,-0.719768926317288,-0.6014808808799893
5,-0.6337032728234266,-0.6482684754163257
5,-0.644612342013426,-0.5888436896536785
5,-0.6838186602633982,-0.6038273285513216
5,-0.7601281462503708,0.1530135381031084
5,-0.5528419686577806,-0.5317335989874682
5,-0.644612342013426,-0.7878332957521595
5,-0.6892101670468618,-0.5497735387408474
5,-0.70729539312015,-0.8188758889049943
5,-0.7333389059672815,-0.6836015225951632
5,-0.73115468770742,-0.6627178421709279
5,-0.7533276666586115,-0.6391509676332351
5,-0.70351763208674,-0.6216968458802068
5,-0.6670524969077736,-0.650100589923499
5,-0.8166095022028195,-0.631595659674563
5,-0.5417640894407105,-0.6782115093686817
5,-0.6989700043360187,-0.6436288096429776
5,-0.8029748341086753,-0.6754296935229637
5,-0.17384451590774663,-0.5273649301227467
5,-0.795880017344075,-0.6741594606908626
5,-0.7634279935629369,-0.6533125806812989
5,-0.7008541482105697,-0.6211463157080908
5,-0.36614817424818646,0.04025556247977014
5,-0.7533276666586115,0.10676957769270524
5,-0.653212513775344,0.041811223876168736
5,-0.033105124157981614,-0.5021139268559318
5,-0.4706752071520439,-0.5242757358742897
5,-0.5314789170422554,-0.8806322884453575
5,-0.2181760471203864,-0.5016239787986663
5,-0.6916707655945196,-0.7887104119436721
5,-0.6863808770279984,-0.5636267749038071
5,-0.6232492903979008,-0.5769959112649522
5,-0.7303784685876433,-0.5706850901848758
5,-0.6368220975871743,-0.597002096713132
5,-0.6307051727774926,-0.5675289431263895
5,-0.5760234477435038,-0.512514515777083
5,-0.6726410656136697,-0.08692032127847873
5,-0.4625828433930863,-0.5552647387687426
5,-0.4245377771658321,-0.5795300826613815
5,-0.39503501802863017,-0.41520733404414584
5,-0.39503501802863017,-0.37566477423209366
5,-0.6989700043360187,-0.5163623398721576
5,0.8633228601204568,1.1466563022465233
5,-0.10963564959093297,-0.15997404927511183
5,-2.1939486868026874,-1.7703603864692032
5,-2.716494349319551,-1.7708210598399732
5,-0.3494856763830949,-0.17939412118513207
5,-1.6298190478586818,-0.5592886913300603
5,-1.069006971504451,-0.6524188437198535
5,-0.6110148339808887,-0.30953678035511817
5,-0.6963823433623775,-0.6479769789597647
5,-0.10178430078313117,-0.2937030018229484
5,-0.6398485522173623,-0.9227549730093714
5,1.740362689494244,0.9281826726008284
5,-0.8695250628572273,-1.1108729656756897
5,0.8327695154634727,-0.047129543114890884
5,0.26753037425284454,0.13052173213751533
5,1.8061799739838875,0.43806755791594965
5,2.084320885700036,0.43806755791594965
5,-1.3010299956639813,-0.22594792449978776
5,-0.4375301220789325,-0.3379656724938961
5,-0.8193729871114366,-0.5603245355679596
5,-0.31701810104811123,-0.03736034254427976
5,0.4149733479708182,-0.059691735800323914
5,-0.9911365396686938,-0.6752432832095985
5,-0.44493657134826137,-0.7332343149783818
5,-0.8750612633917001,-0.6756145901370257
5,-0.5899954799265803,-0.4698626192133159
5,-0.11394335230683694,-0.6441778209322975
5,-0.13070197070604372,-0.6441778209322975
5,-0.30011665256835407,-0.3233545904301017
5,-0.2211182288690008,-0.540486676392719
5,-1.0395085412836735,-0.8325501317548084
5,-1.3256524705723134,-1.2852149953812204
5,-0.7337321105952306,-0.78108802763666
5,-1.117456579265843,-0.9030795586324625
5,-1.5642714304385628,-1.3332234563439116
5,-1.2846758902054773,-0.9030795586324625
5,-1.2155998003393549,-1.027969191868613
5,-1.1856365769619117,-0.993568777030565
5,-0.6922366216770506,-0.915599918154285
5,-0.7781512503836439,-1.1683942389758604
5,-1.0413926851582254,-1.2016917654275274
5,-1.5810720321341156,-1.4983228031078821
5,-0.7300042380759875,0.2138671015668671
5,-1.241141103017112,-1.2830621648812721
5,-0.597243367296171,-0.6545930817743888
5,0.0,-0.34711828568660535
5,-1.0,-0.5001899159192384
5,0.6020599913279625,0.11834789795637705
5,0.0,-0.5039205988283263
5,-0.592283252461411,-0.6122246386872522
5,0.0,-0.4765991641949027
5,-0.7942978863342001,-0.6586761183337737
5,-1.0,-0.4899159744467074
5,-0.7955365657786055,-0.6287856663998292
5,-0.808114473761087,-0.6634734754904934
5,-0.5913361259361896,-0.5064084101699968
5,-1.0,-0.14860114148320477
5,-1.0,-0.2523123991262142
5,-0.9062716457781326,-0.5137071020254971
5,-0.42801247478226756,-0.5789289277488556
5,-0.6588953611057073,0.29334400944441436
5,-0.6606653005632923,-0.5584059426740015
5,-0.6604630074152817,-0.6046002044267734
5,-0.5440680443502757,-0.6100676042759866
5,-0.5094905478629839,-0.5800195811420569
5,0.0,-0.28009918722362215
5,-0.479055754496863,-0.5880239983193691
5,-0.824644210183429,-0.5859890706613102
5,-0.6959644941962937,-0.5871991611237777
5,-0.4912657277567858,-0.5811430648498224
5,-0.4794879879987697,-0.5164867812954891
5,-0.19542414077975234,-0.5162607336855293
5,-0.13926459109970324,-0.48356112343454977
5,-0.6079421735539166,-0.4774029027577204
5,-0.70472233322511,-0.4684455688314131
5,-0.6730600665934965,-0.49965984160533716
5,-0.7355411351527765,-0.5291068507317304
5,-0.6251997948362256,-0.5842863202445132
5,-1.167106774763191,-0.5724640539735384
5,-0.8792478601408895,-0.5805155184120856
5,-0.47127208237339513,-0.4953115950123354
5,-0.36266424832349475,-0.45842680281353965
5,-0.5711834248548922,-0.5549569566607582
5,-0.8975808922071673,-0.5496146875706228
5,-0.5586747746122196,-0.542072781509312
5,-0.874461823017854,-0.5276453928711708
5,-0.9266482976130987,-0.6568272563926079
5,-0.6940254217189574,-0.39976261127978596
5,-0.791159378671491,-0.5812833253841357
5,-0.7468935566532018,-0.547799839770892
5,-0.7545638531061272,-0.5287368755916417
5,-0.6053501167750124,-0.530127466986707
5,-0.7565949935547343,-0.5476699588020887
5,-0.7309097157265505,-0.5463900627074686
5,-1.073535741530467,-0.4920008703080241
5,-0.5043075057338848,-0.5614866196037331
5,-0.9229848157088822,-0.5446483525337956
5,-0.650863700684476,-0.9857392225063261
5,-0.8510609869879335,-0.5524871243147972
5,-0.6132200665486636,-0.5557702893694787
5,-0.6174439308619508,-0.37498393073090613
5,-0.6756627653670817,-0.5038458935354725
5,-0.43648485095743617,-0.537744130797868
5,-0.3564291320633881,-0.47837351706497094
5,-0.6606728025742257,-0.8287078214534602
5,-0.4404382382929528,-0.5362344779079489
5,-0.7501225267833993,-0.4394859454379207
5,-0.8609748021130947,-0.4489400258569993
5,-0.6989700043360179,-0.5625981268179305
5,-0.22094772339709845,-0.5294664316897034
5,-0.24303804868629442,-0.4757489612310783
5,-0.5127570174430911,-0.5988760263218444
5,-1.5264828695491621,-0.5924770958101946
5,-0.5264558821648508,-0.5707982743454821
5,-0.4511855206252626,-0.5520021381071994
5,-0.5423809577330196,-0.5253029164284237
5,-0.9603526399579447,-0.5583034271676206
5,-0.2428482761327384,-0.5441793289727475
5,-0.6721200163827188,-0.5761318423246716
5,-0.5639554649958125,-0.5630217022089533
5,-0.5285771613791042,-0.5776429154601219
5,-0.39541503364153385,-0.3917873858217346
5,-0.5300573299074607,-0.7901987302708242
5,-0.5434878245152701,-0.500761182268588
5,-0.8253734792025922,-0.4989266204948297
5,-0.785729099900708,-0.4637302066468562
5,-0.5867122994868081,-0.5394919534698489
5,-1.5314789170422554,-1.4654442040680014
5,-1.1303337684950057,-1.4128662810825667
5,-1.3679767852945943,-1.4756609037975459
5,-1.5759571887637573,-1.4372580950439262
5,-1.5935321959484972,-1.4492459615790514
5,-1.346515967314966,-1.393299445035919
5,-1.4795273244855407,-1.4951477162493583
5,-1.5178207322576007,-1.4504764081610348
5,-1.4996870826184034,-1.41074867805006
5,-1.6515389298857777,-1.5241567985326663
5,-1.387686374306484,-1.4323983421478
5,-1.7215358322347596,-1.4862904685996166
5,-1.343372997354356,-1.1782733107135561
5,-1.6797306463503485,-1.0810829544591496
5,-1.1314047788575312,-1.2896301528094734
5,-1.8380616118598416,-1.7292432622931315
5,-1.7853298350107671,-1.6953331539942382
5,-0.616672031877334,-1.1204198500626263
5,-1.4610344348262077,-1.3285077329394122
5,-1.675300043738182,-1.3871721761082108
5,-0.2114192213974242,-0.07941908225797642
5,-1.8309092995464429,-1.1747024524679441
5,-1.2892190346309942,-1.4891262958210458
5,-1.4115035999655055,-1.392301243570827
5,-0.4202164033831899,-0.6431336986317231
5,1.219125891280883,0.808478164403682
5,-0.3992755437555049,-0.3633497693332138
5,-1.1409268419924299,-1.0520653173878378
5,-1.1914975900970806,-0.8750734371411467
5,-1.0474246499281383,-0.8997024743638555
5,-1.0534015926312401,-1.0596555315384695
5,-1.086579968120656,-1.0596555315384695
5,0.0,-0.10740192557744489
5,-0.3098236601811166,-0.5610567186384864
5,-0.5954962218255746,-0.5297425981628624
5,-0.5623872865640109,-0.5375407748748959
5,-0.638489256954637,-0.8105935432515564
5,-0.6275071135404424,-0.5922018623642736
5,-0.4708594338348915,-0.6864944278266776
5,-0.6068237811240262,-0.8506639512466131
5,-0.6885045706578534,-0.7440397995683447
5,-0.795226451408988,-0.6892577202213626
5,-0.7989348563069356,-0.7084508806801451
5,-0.642065152999546,-0.6662279949895606
5,-0.5268090389087696,-0.6683623699387609
5,-0.6458389159065492,-0.6319486344616623
5,-0.6460644209324,-0.6299411613954474
5,-0.6696394023113736,-0.6830882834237998
5,-0.6696394023113736,-0.6202812705989951
5,-0.661442830443316,-0.6716695258381344
5,-0.6638055872727673,-0.661287711926165
5,-0.7550859463149511,-0.6172588704821407
5,-0.5330562595094737,-0.6586257752322056
5,-0.4442111533220441,-0.6830353093120629
5,-0.8368892194911561,-0.7083263931141378
5,-0.6503646709025173,-0.3524275006004137
5,-0.8129133566428557,-0.39817500230224007
5,-0.34473892354938673,-0.27550638907163594
5,-0.2501630993248263,-0.3137686620594924
5,-0.2303092992964082,-0.33358749074554567
5,0.0,-0.5017329388337299
5,0.0,-0.3992707256233198
5,0.0,-0.3076896992393547
5,0.0,-0.44581911039709154
5,0.0,-0.3298525684629904
5,0.0,-0.19827852255614245
5,-0.6989700043360187,-0.4225758755084346
5,0.0,-0.38570331234297844
5,0.08432088570003593,-0.5860895537135918
5,-0.9504068849081397,-0.558497101779653
5,-1.0,-0.22029730671221334
5,-0.4658402443099732,-0.412232425462632
5,-0.22052265856496334,-0.21655575035598906
5,-1.3827000421153013,-0.5624150186681797
5,-0.2507557232265212,0.091303037349989
5,0.012988632912040998,-0.3575190032316688
5,-0.03367199469456761,-0.4128238633540476
5,0.13848130992364283,-0.4103671807042234
5,-1.1684044303893906,-1.3887157188724941
5,-1.279840696594043,-1.1614744834992836
5,-0.4569178686313755,-0.36391911635082386
5,0.5399788431160077,0.3031877744027567
5,0.2364491808619107,0.20989642943241565
5,0.16062644246752278,0.22823785376397704
5,-1.0769133845918022,-1.084098911753099
5,-1.4475408383144721,-1.4364869618457892
5,-0.6849915040000987,-0.5441553385055831
5,-1.078021580520386,-0.9481084330038534
5,-1.9516953204254452,-0.9474393361401097
5,-0.8767835173945651,-0.7884485826507144
5,-1.8143955918082888,-0.9481084330038534
5,-1.9259992664561558,-0.9474393361401097
5,-0.979244778409381,-0.7884485826507144
5,-0.8726006648440432,-0.6458010506082696
5,-0.588557520924315,-0.6304951569899022
5,-0.7440483790712067,-0.5694865364700408
5,-0.35001645635485445,-0.5511965277494745
5,-0.7513953187236417,-0.5482657910296083
5,-1.2121155880731562,-1.0966290602157958
5,-1.717453410030032,-1.6176676840135062
5,-2.228294797183975,-1.7211471402011471
5,-2.1471014267810613,-1.623328636078972
5,-0.9208187539523758,-0.676868473589681
5,-1.3502480183341632,-1.0857657597260226
5,-0.5105450102066129,-0.5841386538953975
5,-1.1760912590556813,-0.6509431302036112
5,-1.014723256820706,-1.116721412427934
5,-1.2544047835720793,-0.9546662626852733
5,-1.4832443397784516,-1.3372685661642894
5,-1.1242958134976888,-0.5259574855154413
5,-2.582631439489636,-1.736715982720407
5,-2.0307346169761686,-1.6468652455934767
5,-2.4205058365707792,-1.7684315988697972
5,-0.7697329439853142,-0.6824596077904643
5,-1.1442994246318294,-0.5858715544560988
5,-0.5456293203825044,-0.5976749610484309
5,-1.5093705604380174,-1.4506699620581478
5,-1.3010299956639813,-1.3957493945569195
5,-1.2671717284030137,-1.4627099994152837
5,-0.5613857422010744,-0.7160339091532899
5,0.8694954079490973,0.621273199326904
5,0.8636181120497923,0.09433360853430357
5,0.11713503215564458,0.25802425706502063
5,0.13987908640123692,-0.7047007607072132
5,-0.48555442225652534,-0.29454807517463677
5,-1.233630580164463,-1.0403885066265786
5,-1.1461280356782382,-1.2013071533004063
5,-1.5854607295085001,-1.3971237262127607
5,-1.092545207605606,-1.1208135588183008
5,-1.3041210726411228,-1.2477343098434834
5,-1.3353608263347194,-1.1023347531966865
5,-0.8465519900897043,-1.3273267907846664
5,-1.2288978680085352,-1.3039619879011906
5,0.0,-0.4712820986624331
5,-2.2955670999624793,-1.6908417456834135
5,-2.729974285699556,-1.7972927337191533
5,-2.005829543660724,-1.6769676734708856
5,-2.6976316535637563,-1.8305672587417223
5,-2.8512583487190746,-1.773973302591378
5,-2.4821712474563036,-1.7466171004672009
5,-2.5580224811615606,-1.6654505246392677
5,-2.0425523506854635,-1.5649272277228956
5,-2.4004146277998926,-1.6864569319423957
5,-2.5421043884868713,-1.661712592975839
5,-1.9220268061413437,-1.597653426596632
5,-2.5060538173181506,-1.7019384313907857
5,-2.6368220975871743,-1.6451015610246815
5,-2.177791043933576,-1.6266107817491586
5,-0.9208187539523749,-1.449049207459215
5,-2.3039944746277206,-1.6615542063089415
5,-1.5492378443889558,-1.5734197943284043
5,-2.322858433159654,-1.6867040894875474
5,-2.3838673804103276,-1.6214898793922552
5,-1.9942476711109087,-1.6075987286115176
5,-0.7049193368492208,-0.624587428187432
5,0.0,-0.0749860624267748
5,-0.39280036901962667,-0.011048263083555705
5,0.2260652340175202,-0.031926213232516654
5,-0.6658539941039692,-0.8390093565172169
5,0.2938683224864773,0.32962412365742366
5,0.5555762556450325,0.3832630295903907
5,0.41735454416819184,0.2561822363187754
5,0.4684988108747685,0.35668153035607536
5,0.2986105215405681,-0.47861437977326027
5,-0.24303804868629442,-0.06437837093620431
5,-0.24303804868629442,-0.08618727098315901
5,0.0,-0.11599917496073114
5,-0.4375301220789325,-0.05228302902161199
5,0.0,-0.2154950578928875
5,-0.4375301220789325,-0.11221084385913584
5,0.1416504118618782,-0.09807740403600555
5,-1.2230878217319043,-0.47850756733100414
5,-1.1505139038522927,-1.3512542998774877
5,0.08681600298974335,0.4055113532308724
5,-1.0351136194163244,-1.031314648866048
5,-0.6897293476011059,-0.43495480715070933
5,-0.45285267999272527,-0.48560740023352367
5,-1.3424226808222066,-0.8702338683233178
5,-1.214843848047698,-0.5769907284637688
5,-0.6025554785259217,-0.3352474828642209
5,-0.23288017345826617,-0.3710582410211357
5,-0.4030547239661013,-0.32988701853892854
5,-0.41586132472979465,-0.3331597524335694
5,0.10431404621996965,-0.4234946890938368
5,-0.3424226808222066,-0.5719560988788043
5,0.0,0.3662182907920738
5,0.0,0.35507325711622756
5,-0.3979400086720375,0.21803341057671127
5,-1.0,-0.7576246690128798
5,-1.1505139038522927,-1.3016905736580122
5,-2.1505139038522927,-1.1288562538549942
5,-1.6020599913279625,-1.4692647223969482
5,-0.2313940675225874,-0.5706043713125465
5,-0.642065152999546,-1.0117481216021467
5,-0.6077703005293511,-0.6949491892768914
5,-0.35654732351381213,-0.6963430404085112
5,-0.4375066456660379,-1.0043904144263602
5,-0.5929893641257866,-0.990342073050665
5,0.07911523830283684,0.057186243557348714
5,-0.7792634007530115,-0.9955832576117006
5,0.0,-0.17839315955520849
5,0.0,-0.04262700959450319
5,-0.3979400086720375,-0.3042059434269851
5,-0.3979400086720375,-0.23096270240319583
5,-1.653212513775344,-1.4692647223969482
5,-0.8251134420826896,-0.5790876995071479
5,-0.8205394883444725,-0.7253249976611822
5,-0.9186308678042003,-0.5941957953585787
5,-0.49082253239705054,-0.6330612719413202
5,-0.627365856592732,-0.955714020287245
5,0.0,-0.07997717234559687
5,-1.5440680443502757,-1.197678449818681
5,-0.8211858826088454,-1.3757726567547186
5,-1.848958460827495,-1.437972085450391
5,-1.4282248125765058,-0.991914561441343
5,-0.6989700043360187,-1.1713688702998477
5,-1.039309734009933,-1.1713688702998477
5,-0.3679767852945943,-0.19046155302305412
5,1.0118871597316481,0.47817119996111196
5,0.5467806982782273,0.46984696850847274
5,-0.6592028774645318,-0.40483086857360506
5,-1.1186897873312986,-1.0511084576035206
5,-1.0,-0.4052241633181937
5,0.0,-0.5363616885714911
5,-1.3787006506863673,-1.4370729257186667
5,0.0,-0.028107960726968938
5,-0.865301426102544,-0.6885684319580483
5,-0.5440680443502757,-0.6293887732054508
5,0.13033376849500655,0.0462695849271729
5,-1.4722687519252498,-1.3617436282588533
5,-1.4014005407815446,-1.3424773922259714
5,-0.057008267096432697,-0.05569729631816503
5,0.18533191579059416,-0.0716166187389032
5,0.011738403271244202,0.001035233733910017
5,-0.12315518386788238,-0.11114370692471094
5,-0.26240059330785037,-0.05978743737396296
5,0.19248167524385007,-0.06097151752027344
5,-0.4889061546860525,-0.3581087342014728
5,-0.46779720744600084,-0.3427909560653004
5,-0.34364828614543974,-0.3981772541047728
5,-0.8193291678780046,-0.504264685952405
5,-0.08203605708217943,-0.2162981399400688
5,-0.3979400086720375,-0.387772576221208
5,-1.131278914639319,-0.5403386947271294
5,-0.4881678788616428,-0.7546567757020715
5,-0.07142797820037927,-0.17281193621516094
5,0.0,-0.6452471390678177
5,0.23888208891513685,-0.38724531510842825
5,-1.019595556063381,-0.5499766513812161
5,-0.3357921019231931,-0.14678178961205812
5,-0.19964128268496673,-0.15027709622322075
5,0.0,0.0025187866259677883
5,-1.0889410833367812,-1.0975613331855447
5,-1.0650335949863328,-1.0628011136335467
5,-0.9103892257334429,-0.7027812386159775
5,-0.865301426102544,-1.2847764065242453
5,-0.7608714329386874,-0.536382069518384
5,-0.35485510797268915,-0.5496781444956622
5,-1.4661258704181988,-1.2804851347404098
5,-1.6334684555795862,-1.3677071600913546
5,0.1249387366082999,0.3243628866907867
5,-1.4269546452539323,-1.0289087458946486
5,-1.0413926851582254,-0.9504469192632052
5,-1.4698220159781634,-1.2911843111000332
5,-1.3096301674258992,-1.391623872020762
5,-1.6434526764861879,-1.3510697341490998
5,-1.066946789630613,-0.4313913935930948
5,-1.5118833609788744,-1.2357666146471518
5,-0.4570614607906949,-0.5299325887198877
5,0.3979400086720375,-1.4192483248681111
5,-2.7269987279362624,-2.280735013471935
5,-2.7126497016272113,-1.7369012844183518
5,-2.2989765900329227,-1.518510418305651
5,-0.38021124171160636,-0.11683996100596594
5,0.6989700043360187,1.0806056144262177
5,0.7403626894942441,1.2761536220837002
5,-0.3357921019231931,-0.3261688764148806
5,-0.3357921019231931,-0.23400666123171093
5,-0.5228787452803374,-0.41021365681483163
5,-0.3357921019231931,-0.33475611663830274
5,-0.9551876555836376,-1.0578183885580996
5,0.0,-0.3774388042267246
5,-1.173186268412274,-1.015846591710563
5,0.8440132975922667,0.4393086252295058
5,-1.2552725051033065,-1.4105492541694609
5,-2.2646491976989713,-1.6443337833683607
5,-2.127761895944679,-1.6223963244196036
5,-0.1870866433571443,-0.30620703228285506
5,-1.0,-0.7092766212973948
5,-0.671257016468986,-0.6283463433289449
5,0.13771302464472868,0.13599464040116824
5,-0.795880017344075,-1.1285385891800943
5,-0.7403626894942441,-0.49855634226617795
5,-0.9652378937407882,-0.926277993707814
5,0.25570701687732367,0.05330077037121535
5,0.29570116215891407,0.2080329759776863
5,1.0656225647827258,0.9061070501228141
5,0.8129133566428557,0.6864507142741707
5,-0.8750612633917001,-1.1443744565325045
5,-1.343781976084931,-0.6598039377020547
5,0.5793842293742353,0.7681108601722231
5,-1.9481683617271317,-1.73347586671458
5,-0.9222062774390158,-0.6872990722786221
5,-0.48783189575486574,-0.5704666077437136
5,-1.5972074885335505,-1.3790142088406145
5,0.5400459804384035,0.4796692684010145
5,-1.6627578316815743,-1.1663349865059411
5,0.6254311720967021,0.46047493401165535
5,0.4974363308926364,0.1568836935114015
5,-1.2671717284030137,-1.4578708291406592
5,-1.0,-1.1087639351967158
5,-0.46797787527979207,-0.6438879875148616
5,0.06915095647733605,-0.8342555691286714
5,-0.6551910797574312,-0.6581357239305545
5,-0.9234428977785232,-0.7352599745709459
5,-1.0,-0.7537575742970658
5,-1.0,-0.8076670924477615
5,-1.152610163206158,-1.0032432465558723
5,0.0,-0.07088083467118839
5,-0.7285252478977347,-0.7235790506307516
5,0.0,-0.5238951413932988
5,-0.30102999566398125,-0.4405388716283797
5,-0.7403626894942441,-0.3568077308748957
5,-1.8095597146352675,-1.2903981979788617
5,-1.3309932190414244,-1.2714686396494879
5,-0.30435793901290786,-0.21644029135874887
5,-0.7781512503836439,-0.3907577417350067
5,-0.7781512503836439,-0.25636190395187747
5,-0.24303804868629442,-0.06113916651032872
5,0.099044142520742,0.35568152584976004
5,0.011899223299707273,-0.19753129659906793
5,-0.3979400086720375,-0.28610762656853383
5,0.6989700043360187,0.6986597771865215
5,-0.2821354275770025,-0.03169155301401503
5,-0.2614392680716957,-0.1784383008624782
5,-0.3494856763830949,-0.010400457675356573
5,-0.4375301220789325,-0.20050919285502222
5,0.0,-0.015556352747803696
5,-0.4375301220789325,-0.387815901559779
5,-0.7870157984620274,-0.17929119220764225
5,-0.3494856763830949,-0.22632660228870244
5,-0.4375301220789325,-0.15171908272148185
5,-0.4375301220789325,-0.0967122335159414
5,-0.34948628751527444,-0.26463533849586945
5,-0.4375301220789325,-0.27790705572363317
5,-0.19896832053217395,-0.06465941515492539
5,-0.19897135650974906,-0.07292630587791368
5,0.38021124171160636,-0.08870583805592018
5,-0.4375301220789325,-0.037337052479924235
5,0.0,-0.10556596237616347
5,-0.3494856763830949,-0.3664880573512377
5,0.0,-0.06310223374765242
5,-0.3979400086720375,-0.33704088817951955
5,-1.1898425343625068,-1.1047379261344334
5,-1.6178387477170038,-1.3404361773134599
5,-0.6989700043360187,-1.3645428420823185
5,-0.8361431973613307,-1.2561170146909568
5,-1.4771212547196626,-1.5549664472092988
5,-1.3832167518513314,-1.3931186259830446
5,-1.6368220975871743,-1.3469770599804838
5,-1.3374592612906557,-1.4577848501342834
5,-1.230448921378274,-1.4881766758597539
5,-1.8750612633917,-1.558758288821555
5,-1.3489535479811643,-1.38495335750766
5,-1.4771212547196626,-1.4615469865141353
5,-1.1760912590556813,-1.35432169202238
5,-1.568201724066995,-1.3270743298870793
5,-1.5440680443502757,-1.4557675979494342
5,-1.2671717284030137,-1.308270736120393
5,-1.4771212547196626,-1.2217963859079968
5,-1.4722687519252506,-1.384887283662449
5,-1.113943352306837,-1.4232059267768502
5,-1.3802112417116064,-1.3871252665108649
5,-1.1249387366083,-1.3965594843927318
5,-1.1949766032160545,-1.2944648267535104
5,-1.3979400086720375,-1.2950379990735184
5,-1.8388490907372548,-1.273846238497889
5,-1.2111205412580492,-1.2901844470773218
5,-0.6671781699121677,-1.2189683129191828
5,-1.330413773349191,-1.2509033886921472
5,-1.0349775835555715,-1.1387759938832582
5,-1.4623979978989556,-1.3968975508582753
5,-1.2234251378513115,-1.079542037542689
5,-1.4419568376564111,-1.3845526419086125
5,-1.1972805581256196,-1.3282206424472316
5,-1.0569876608480024,-1.108417158809616
5,-1.0969100130080562,-1.2375151855763207
5,-1.1949766032160545,-1.122562541950129
5,-0.5828440935022972,-0.7935696395980291
5,-0.9467544880467749,-1.2800844745246733
5,-1.2013971243204518,-1.1459824067722508
5,-1.0949755132308567,-1.115319506349073
5,-1.1962946451439684,-1.2784766537420156
5,-1.2108533653148932,-1.2494595053348576
5,-0.8846065812979305,-0.78712929951141
5,-0.9232082756993556,-1.0502827650444937
5,-1.1186897873312986,-1.04893494963785
5,-1.1663314217665253,-1.258682100058584
5,-0.4715887661197007,-1.0459706122430312
5,-1.5622928644564746,-1.3026777788089532
5,-1.3010299956639813,-1.0521059569866482
5,-1.2632414347745815,-1.09371806554278
5,-0.3679767852945943,-0.8548740185125001
5,-0.6812412373755876,-0.8037525160101956
5,-1.4969296480732153,-1.2993786506017435
5,-1.1303337684950057,-1.107521818136457
5,-0.8218497723919924,-1.021539854641343
5,-1.3769086061615203,-1.2543115030862217
5,-1.2690211044349935,-1.2688489780783636
5,-0.7300042380759875,-1.071843202639875
5,-0.5657587417617291,-0.8617087535051624
5,-0.5257019046167164,-0.6173575311839737
5,-1.5250448070368448,-1.5531628359690999
5,-1.3771951260533504,-1.5045382289776459
5,-1.2037419073682978,-1.5429995948105841
5,-1.60538793467689,-1.5240775404228588
5,-2.2816014438256547,-1.5236411195348598
5,-1.480881403592969,-1.5433217255334073
5,-1.575270339843267,-1.5642875517102943
5,-1.6690067809585756,-1.6055966484298168
5,-1.7781512503836439,-1.6040858393790673
5,-1.9030899869919438,-1.6183535677971486
5,-1.7676858167054785,-1.4683664998475316
5,-1.3979400086720375,-1.59764944178485
5,-1.7781512503836439,-1.5095382837107678
5,-1.3832167518513314,-1.5487095628010232
5,-1.5528419686577806,-1.5365719284047055
5,-1.113943352306837,-1.4605696750070345
5,-1.0815099083662076,0.677523634305402
5,-1.3979400086720375,-1.5555744044897508
5,-1.4711190636776532,-1.1942323154185592
5,1.2502571681130155,1.1490012695516771
5,0.04221633946413483,0.1618054873855504
5,0.3252546556851925,0.1270963925628808
5,0.17649941383186984,0.2769685586313359
5,0.18347207737417293,0.25285420087177923
5,0.19066286227392482,0.16961819592154959
5,0.24162739779117715,0.19825625560917082
5,1.2850569696875684,0.9598241142482158
5,0.5372837771665315,0.19811332447943866
5,0.47938547812176413,0.39323484500474043
5,-0.6876152534588957,-0.7283277113969653
5,0.7513300624553647,0.4253138033525903
5,0.07368983682500208,0.22866264578219597
5,-1.2284793285153697,-0.6506166155596661
5,-0.5544777313520406,-0.6235119512506334
5,-0.45737719652390574,0.15110657551495457
5,-0.08715017571890016,0.11709570866219648
5,-0.6042961576315911,-0.6229783430927189
5,-0.7481880270062007,-0.5129709178920457
5,-1.3514394991415815,-0.6318652703240276
5,-0.7998705000768798,-0.6401789659094116
5,-0.2009647680475215,-0.40592923682127124
5,-0.9079747380403926,-0.6747508256870431
5,-0.8473794057302957,-0.6040768794796706
5,0.03347319559504491,-0.3050054777945157
5,-0.12126002279933434,-0.3676932518355098
5,-0.9868927245113239,-0.7736409098900399
5,-0.7013112201509211,-0.6166002713120479
5,0.28222643184127527,-0.5564287907257512
5,-0.6989700043360187,-0.6964574224516393
5,-0.8372727025023003,-0.6949513823460312
5,-1.2388820889151368,-0.7482729658905289
5,-0.5118833609788744,-0.4492780416868035
5,-0.19629464514396844,-0.41026760860147904
5,-0.21884323947663198,-0.38512345683024946
5,0.0,-0.18629841686328297
5,-0.22184874961635614,-0.19314509423050885
5,-1.3802112417116064,-1.0757441942229724
5,1.359021942641668,0.40199830942136106
5,1.2552725051033065,0.2593184625505419
5,1.3309932190414244,0.41108184568760175
5,1.3010299956639813,0.4180715457309619
5,-0.7533276666586115,-0.9287554097479156
5,-1.0993846321359122,-0.9108583651127097
5,-1.4393326938302629,-0.9243330757454535
5,-2.035429738184548,-1.4147122621066892
5,-1.6417073513700187,-1.6039486005950263
5,-1.7708520116421438,-0.7905215054029915
5,-1.8404197777364857,-1.6762757366643106
5,-1.4471580313422194,-1.0324752351566557
5,-1.3802112417116064,-0.9180494069979954
5,-1.4065401804339555,-1.366403622669668
5,-1.423245873936807,-1.0522295618547668
5,-1.436692597664054,-1.3679096578979466
5,-1.4842998393467859,-1.3514824641489296
5,-1.423245873936808,-1.3434987740597295
5,-1.423245873936807,-1.35870222392693
5,-1.0606978403536118,-1.2528277632528813
5,-1.4623979978989556,-1.2728031840802663
5,-1.0606978403536118,-1.2528277632528813
5,-0.29119649295493755,-1.211682257734198
5,-1.7007037171450197,-1.6212496014903137
5,-1.6344772701607315,-1.6284088573943942
5,-0.798354636471931,-0.92180569820735
5,-1.672097857935718,-0.7432870930255168
5,0.8618329976579444,0.5378218364353778
5,-1.346787486224656,-1.13668231445845
5,-0.7659134344264231,-0.6702737403821771
5,-0.8224489261852765,-0.646668285725552
5,-1.2887955392469692,-0.646668285725552
5,-0.6093024240119345,-0.5907040935394052
5,-0.3424226808222066,-0.5907040935394052
5,-1.1222158782728258,-0.9230118390222846
5,-1.116607743988249,-1.0226523079583991
5,-0.8782664032669114,-0.34788612976986316
5,0.0,-0.6456742954661331
5,0.0,0.08544333894046856
5,0.720159303405957,1.0077113892694036
5,-0.6020599913279625,-0.9844998211173969
5,-0.6020599913279625,-0.8344997682475689
5,-0.2518119729937993,-0.4729360743713913
5,-0.7314992291629387,-0.9114797992250234
5,-0.8603380065709931,-0.6661417775233813
5,-1.2388820889151368,-1.345745649609793
5,-0.8195439355418692,-1.122169735888646
5,-1.0211892990699383,-1.1270133932562314
5,-0.4771212547196617,-0.7981577130148039
5,-0.9777236052888476,-1.0738621576303462
5,-1.4592884775846455,-1.3349232772603896
5,-1.0543576623225928,-0.976506327847297
5,-0.8692317197309762,-1.028411757871564
5,-1.0922526548953835,-1.0795591257763864
5,-1.6872316010647745,-1.1771008075012972
5,-1.7853298350107671,-1.5615584003313787
5,-0.9197316583111608,-0.9934581903208755
5,-1.113943352306837,-1.1018890059751891
5,-0.8808135922807914,-0.8908298206642484
5,-0.8091854841236117,-1.153443986475004
5,-1.1635021317476602,-1.2248571297846609
5,-1.2430380486862944,-1.1769980506344446
5,-1.3979400086720375,-1.3890122325024203
5,-1.5177391056279266,-1.0471788500490131
5,-0.9030899869919438,-1.1583426526825087
5,-0.28523572848074874,-0.9442292762846478
5,-0.8159398112730436,-0.9589313198621653
5,-0.062470157628469636,-0.08312729514618773
5,-0.3357921019231931,-0.6958730425317138
5,-0.5228787452803374,-0.6267765805774481
5,-0.7569619513137056,-0.7269830825207053
5,-0.6671781699121677,-0.8304055719421354
5,-0.8111515104865692,-0.8402684403410706
5,-0.8893017025063106,-0.845058454932328
5,-1.0211892990699383,-0.8430229012664696
5,-1.2319490765206824,-0.8558591532888539
5,-0.9084850188786495,-0.5635940850173462
5,-0.3099848383169075,-0.407731197340121
5,-0.5537553117534078,-0.6370943381129872
5,-0.055047566330905795,-0.3933714564345896
5,-0.18987954354131453,-0.4390820570793171
5,0.0,-0.5932164042189707
5,0.01931957001786344,-0.5304997052806758
5,-0.4164234143660508,-0.6206087652011292
5,-1.058866659220822,-0.5497331806710051
5,-0.9050244867691433,-0.6572449834020554
5,-0.642065152999546,-0.6800706664998899
5,-1.0644579892269181,-0.6775301060687161
5,-0.9128498242810998,-0.7020449957591578
5,-1.0661607360551137,-0.6684642832615676
5,-1.0848215134003167,-0.525277937626374
5,-0.87036614218332,-0.5646739194617889
5,-0.4503280781317258,-0.6483107012848047
5,-0.6901960800285138,-0.5210052563026558
5,-1.1303337684950057,-0.933451773597423
5,-1.1012313867906984,-0.9107830316517621
5,-0.07916108702646962,-0.10206950824874746
5,-0.7296388241024712,-0.6780091644301818
5,-0.9496948816886039,-0.9619609582907276
5,-0.6989700043360187,-0.7364765082654868
5,-0.9829666607012193,-0.9830482979289631
5,-0.7569619513137056,-0.753028547784099
5,-0.5473212017479971,-0.8280693978994834
5,-0.6357431045305342,-0.9333334806730901
5,-0.795880017344075,-0.8250377471753687
5,-0.6989700043360187,-0.8479222451452815
5,-0.5666433341055059,-0.9028915832046575
5,-0.043979078559606144,-0.1284810702216904
5,-1.3010299956639813,-1.04688595138447
5,-0.15902343259638752,-1.045499311386471
5,-1.2833012287035501,-1.1783510043220309
5,-0.8616973018337193,-1.0821456058765784
5,-1.3010299956639813,-1.129693080080931
5,-0.8670923337204242,-0.9273263517620997
5,-0.4436974992327123,-1.0942666442945224
5,-1.7447274948966935,-1.1905519169757433
5,-1.857332496431269,-1.581459787860377
5,-0.6020599913279625,-1.1282265989529963
5,-1.204119982655925,-1.1648801402517588
5,-1.0413926851582254,-1.0695343924372047
5,-0.5228787452803374,-0.8125149558605465
5,-1.1842857376709528,-1.0763881049716013
5,-1.079181246047625,-1.4485675638970223
5,-1.361727836017593,-2.1551134008447743
5,-1.3881801713828814,-1.8730017240384695
5,-0.770033360161464,-0.9902755414933935
5,-1.4471580313422194,-1.1563185804213933
5,-1.1856365769619117,-0.9787526823457489
5,-0.6197887582883936,-1.001345710124351
5,-1.1362197470179893,-0.9853849221291188
5,-1.1290946963794575,-1.2420479592968154
5,-0.9628581919954335,-0.6687182684189057
5,-1.4771212547196626,-0.47775065281188106
5,-0.045757490560674796,0.3877056947181583
5,-0.3979400086720375,-0.22660038055401782
5,-0.03802504032998488,-0.1282415852864241
5,-0.31137082900220037,-0.3436801373269121
5,-0.3904795519065729,-0.3436801373269121
5,-0.274110581688328,-0.3664597371886179
5,-0.18945522061366304,-0.34371208690622296
5,0.0,0.003631437529693757
5,-0.558351063442557,-0.7031827756383408
5,-0.41841559438183484,-0.6552307606234468
5,-0.15490195998574308,-0.1310519673691777
5,-0.15490195998574308,-0.11944719489561845
5,-0.15490195998574308,-0.18944550413486297
5,-0.15490195998574308,-0.13044812082304488
5,0.5228787452803374,0.4865769186661565
5,-0.8750612633917001,-0.7791246114279471
5,-0.9420080530223132,-0.7719889804209927
5,0.6989700043360187,1.1427954769488122
5,0.45593195564972433,0.7111434032974046
5,0.6093592300694626,0.5834750182838393
5,-0.8601209135987631,-0.09172259731846406
5,-0.22184874961635614,-0.638556500670269
5,-0.8284563686950399,-0.6330889496486874
5,0.15630065517830793,-0.04945177516940635
5,-0.042146450719561024,-0.06080630675447676
5,-0.9788107009300617,-0.7101732412585966
5,-0.513333427374107,-0.7894843450165686
5,-1.359021942641668,-0.9773446417828145
5,-0.8545395962470979,-0.8897462967999433
5,-0.9999999999999991,-0.8154252188467518
5,-1.0969100130080562,-1.089726732158319
5,-1.1059581419854538,-0.8285347051400711
5,-0.5563025007672868,-0.6376643281968654
5,-0.6434526764861879,-0.7169413174946803
5,-0.5925146734217321,-0.6985028734336953
5,-1.2277980821295582,-0.8564542690737662
5,-1.5051499783199063,-0.8422888772867176
5,-0.9274493328513884,-0.9558956975053422
5,-1.3424226808222066,-0.842738394680458
5,-0.989004615698537,-0.631353419967865
5,-0.7996401662173822,-0.9146578054185031
5,-0.17609125905568135,-0.3348526704141066
5,-1.2108533653148932,-0.8897214231867981
5,-1.310370021918124,-1.1104691020117001
5,-0.914828390263188,-1.0159530886562438
5,-0.5740312677277188,-0.46825226364477046
5,-0.935542010773081,-0.6050095251116507
5,-0.3129292189636885,-0.6663529527592736
5,-0.045757490560674796,-0.6348710500013343
5,-1.1938200260161125,-0.7859553679361005
5,-1.0735773685296266,-0.7543908431912434
5,-0.9456423376774072,-0.8726915551401808
5,-0.7569619513137056,-0.9305917151224834
5,-1.1014576407587766,-0.8704313531247397
5,-0.9863561193334531,-1.1601717041105208
5,-0.30871682433027203,-0.6465166081026998
5,-0.38997107900076156,-0.4929866037487164
