fold,y_true,y_pred
1,-0.3357921019231931,-0.4023845062925387
1,-0.1870866433571443,-0.2398929761595354
1,-0.8216169441647336,-0.7112903776454029
1,0.0,-0.4499122881867618
1,-1.1861083798132057,-1.4587370630656595
1,-1.5051499783199063,-1.0548996488608602
1,-1.126177808723848,-1.097747459408622
1,0.0,0.030477329277844356
1,0.0,-0.05735549971051679
1,0.03267316440198176,-0.3146307600855217
1,-0.09288983391078975,-0.30161555726992884
1,-0.848732324669351,-0.6138790020343945
1,0.0,0.052897248637717886
1,-0.30102999566398125,-0.5536161131418483
1,-0.6020599913279625,-0.3978213984071745
1,-1.3010299956639813,-1.3064166071961265
1,-1.0746336182969038,-0.9023159424202478
1,0.0,-0.10861618463543687
1,-0.4740301777425202,-0.5350539455810549
1,-1.4771212547196626,-1.2972240181992458
1,-0.7781512503836439,-0.3585283056416845
1,-0.22184874961635614,-0.549098485592172
1,-0.8239087409443187,-0.38846861867652915
1,-0.5051499783199054,-0.41489936200428773
1,-1.4471580313422194,-1.2190539137529803
1,-0.518513939877888,-0.8111137872225622
1,-2.338013561917151,-2.165481308215868
1,-1.857332496431268,-1.8423698848410468
1,-0.6159957692712545,-0.5225804802058455
1,-0.8450980400142569,-1.006341379695282
1,-1.3832167518513314,-1.2104556045250197
1,-1.3088553331759378,-0.8334140106292047
1,-0.6557448502907386,-0.7775654671863645
1,-1.3893932852496,-0.7983121591587772
1,-0.17609125905568135,-0.4641579864244064
1,-0.6766936096248664,-0.6517354946295875
1,-0.24652098006676937,-0.5188732485372869
1,-0.5740312677277188,-0.6061195985563015
1,-0.4375301220789325,-0.39466867969491104
1,-0.22041068710403877,-0.533739598712646
1,0.08715017571890016,-0.407080664929391
1,-0.6284563261405438,-0.7596494506536802
1,-0.20107240033212914,-0.29087789343381076
1,-0.7661581357243872,-0.892024408928143
1,-0.7720771026714504,-0.6633854939453593
1,-0.9208187539523758,-0.9470793471639753
1,-1.018152262344456,-0.7771742785887028
1,-0.8738898682596776,-0.7799366790367748
1,-1.204119982655925,-1.3358591100424622
1,-1.2430380486862944,-1.1874555690834858
1,-1.4191293077419758,-1.4676419455922955
1,-1.0,-1.0888578668553355
1,-1.0,-1.146347924601799
1,-1.3010299956639813,-0.6106289295255232
1,-1.320739584675871,-1.123793778186671
1,-1.568201724066995,-0.8447576515658637
1,-1.2632414347745815,-0.6568579372705295
1,-0.9030899869919438,-1.1463422157271825
1,-1.4771212547196626,-1.064099278188551
1,-1.3979400086720375,-1.2231823750350987
1,-1.4771212547196626,-1.0933889051923096
1,-1.3979400086720375,-1.644357732485396
1,-1.5228787452803374,-1.427606630749859
1,-1.204119982655925,-1.1838355848888138
1,0.3666259460036354,-0.031700284471635254
1,-0.9428344937700945,-0.6722899716589545
1,-0.32735893438633035,-0.5545625579046733
1,0.045078374735187055,-0.3825701581714238
1,-0.045757490560674796,-0.3832607162756557
1,-0.151267675330649,-0.5901341073731187
1,-0.04420366249205365,-0.5553034504736332
1,-0.19836765376683374,-0.47383170486860204
1,-0.9876662649262755,-0.8132523383991619
1,-1.422334447617187,-0.6881456710468256
1,-1.1333023000931028,-1.1291724258582019
1,0.05115252244738144,-0.11091928273480917
1,-0.09691001300805624,-0.11441696777931976
1,-1.3979400086720375,-0.9419504862928909
1,-1.414249617943785,-0.8603351660976459
1,-0.3723859041996489,-0.5051459797730742
1,-1.4254760431426394,-0.5607439434832096
1,-0.4726443910685916,-0.5179629528986166
1,-0.19188552623891297,-0.2721133045183817
1,-0.7162766632434856,-0.5889437309046995
1,-0.4349235749252074,-0.48006882253772126
1,-0.26884531229258,-0.5142212537474747
1,-1.2730012720637376,-0.863217854587923
1,-0.30102999566398037,-0.39734637191628414
1,-0.46593708776714937,-0.516647114272705
1,-1.0077477780007396,-1.1718278924785723
1,2.0904053825965034,-0.3253955326866696
1,-0.1301133703771553,-0.4640986856918925
1,-0.33252783011489306,-0.4038443653835734
1,-0.08828975779995663,-0.3265665308262732
1,-0.44164893655744386,-0.35852780124302486
1,-0.4600879154208819,-0.9167850724951481
1,0.15490195998574308,-0.048024501201718195
1,-0.621365146523349,-0.7278064752372313
1,-1.5910646070264995,-0.9258645140479351
1,-1.151835009809636,-0.715332794645404
1,-1.1514897640503463,-0.7426886355005415
1,-2.0543576623225928,-1.3825408256553948
1,-2.423245873936808,-1.5031203706139156
1,-1.3802112417116064,-1.332782790153175
1,-0.8061799739838875,-0.8790380408377112
1,-2.0881360887005513,-1.5900223819989836
1,-1.4093694704528197,-1.2322741273670752
1,-2.159867847092566,-1.2367812398126972
1,-1.2367890994092932,-0.5263922371135232
1,-1.3324384599156058,-1.366773752071287
1,-1.4683473304121577,-1.2870968850756577
1,-0.6989700043360187,-0.4176452934998595
1,-0.46852108295774464,-0.46128768219352356
1,-0.9208187539523749,-0.8359457127818978
1,-0.30102999566398125,-0.8441844977619518
1,-0.7403626894942441,-0.7407938884460021
1,-0.9208187539523749,-0.5813724461875239
1,-1.5218926287866976,-0.770914350458654
1,0.0,-0.24841412208614883
1,0.0,-0.19565587860319983
1,-1.443262987458695,-1.181350813009972
1,-0.27036117589752884,-0.39560126698233866
1,-0.5127853228438921,-0.6280776391037128
1,-1.2787536009528289,-1.1965615309534785
1,-1.3594330117513005,-1.241378757078606
1,-1.1949766032160545,-0.9622504637869104
1,-0.3979400086720375,-0.2727463905553652
1,0.0,-0.14872183384839577
1,0.08432088570003593,0.16167343153741603
1,-0.11092602757466441,-0.22457598271904103
1,0.11265459406045775,-0.512584184803394
1,-0.4375301220789325,-0.548794963385009
1,-1.7346855566025532,-1.5694139399937261
1,-0.4883011424844037,-0.4840612827040899
1,-1.3010299956639813,-0.9806490930967753
1,-0.17609125905568135,-0.6225259881740925
1,-0.8938982262807151,-1.0201207919184672
1,1.2552725051033065,0.6689091248347818
1,-0.19627273648709753,-0.3982687916903805
1,-0.5440680443502757,-0.44400795866763865
1,-0.09691001300805624,-0.3221678918189034
1,-1.8419848045901137,-1.200302132670035
1,-1.5965970956264606,-1.3994703827605008
1,-1.204119982655925,-1.0666516609995842
1,-1.0,-1.1044194004946026
1,-0.8159298739801057,-0.7412477068524663
1,-0.35144772761062537,-0.48491518799902983
1,-0.5639788777283403,-0.5323121532097711
1,-0.8440190469576176,-0.8916771748181755
1,-1.3010299956639813,-1.3622633485262907
1,0.0,-0.26075179669154114
1,-0.3979400086720375,-0.3707328066405392
1,-0.3979400086720375,-0.34563701249347023
1,-0.5239367104366721,-0.6712156195421644
1,-0.9007737442647628,-0.8538060057602264
1,-0.3670895643897012,-0.5797796010929834
1,0.15862972606545167,0.28622307799780505
1,0.050824057875670015,0.05687315682161348
1,-1.1047353505200128,-0.31872110507828905
1,-0.21197723476163066,-0.3168054508970645
1,-0.48811663902112556,-0.5113478759119691
1,-0.7841416140728308,-0.3481542518419318
1,-0.5131189079911813,-0.7713599507015161
1,-0.8890752499668562,-0.6265009329424184
1,-0.5026753591920503,-0.35714741429447217
1,-2.2632414347745815,-2.007548311725659
1,-1.7160033436347994,-1.7657318146429348
1,-1.3010299956639813,-1.5567155060562636
1,-0.8944326674594443,-0.869604615335263
1,-0.6564176536505553,-0.7815016328551331
1,-0.8424528658949022,-0.8322837726677909
1,-1.5314789170422554,-0.8313968278759511
1,-0.42866488543881687,-0.42308778391501173
1,-1.3710678622717358,-1.1665403375666497
1,-1.9420080530223132,-1.146466336685076
1,-1.857332496431268,-1.0788880832197898
1,-0.3802112417116055,-0.48657698689136425
1,-1.2108533653148932,-1.1792238345599544
1,-1.079181246047625,-1.1108739486404957
1,-1.26884531229258,-1.3689780559489007
1,-0.404570587571051,-0.333917293098201
1,-0.40748532657826786,-0.6819453705457933
1,-0.7781512503836439,-0.666317145843646
1,-1.2130748253088512,-1.1130671194997104
1,-0.9661417327390325,-1.0739263039744058
1,-0.9294189257142929,-1.0187111539727305
1,-0.3494856763830949,-0.4685701360847637
1,-0.19896832053217395,-0.4898774209499933
1,-0.38021124171160636,-0.1713007106645104
1,-1.0434656937810907,-0.7320592347000914
1,-1.6283889300503116,-1.6335493105697059
1,-0.6184504075161312,-0.4569578396473672
1,-0.460730838531493,-0.4546954720561685
1,0.0,-0.31212830608537967
1,0.0,-0.08312132390108123
1,0.0,-0.10375730957538648
1,0.0,-0.20068316496833843
1,-0.20618429695565865,-0.7166721560136037
1,-0.7659167939666318,-0.9971493941001062
1,-1.7169848005087767,-1.2465619937425128
1,-0.5901452216989629,-0.6537277965347916
1,1.3802112417116064,0.7936680415592574
1,-0.48454368673188686,-0.5022502835228003
1,-1.149816333700966,-1.5137435188981938
1,1.3388046091732582,0.6114593891451643
1,1.3873898263387296,0.5383565247659055
1,-0.8947858242033648,-1.5842319095162063
1,-0.7113792623178385,-0.7448240335192231
1,-0.6778349886836752,-0.6815296012506922
1,-0.7471170166436751,-0.66691765197998
1,0.00010777875273149107,-0.1874267775980863
1,-1.26884531229258,-0.66701119679478
1,-0.5166297960033361,-0.5031455256298991
1,-0.7244946516343056,-0.7613204862093494
1,-1.0134032446733716,-0.7504309317869571
1,-0.11423889126475562,-0.10895384316103168
1,-0.4375301220789325,-0.5331452108809596
1,-0.09727027390130161,-0.5497849893589185
1,-0.3966086423070294,-0.404145568606722
1,0.0,-0.043519405998118266
1,0.0,0.026076660433459187
1,0.0,-0.4248097257932357
1,-0.41300375510791376,-0.7467608863404513
1,0.0,0.10774979060017448
1,-1.0937807546179128,-1.284037714903021
1,-1.3862016054007933,-1.3775306301077528
1,-0.6353716852785132,-0.9258999058272055
1,0.0,-0.1610180796457228
1,0.0,0.10409630051999469
1,0.7403626894942441,-0.027340025240330135
1,0.0,0.2847047659052245
1,1.259637310505756,0.46104124574548017
1,0.0,0.2806628165584298
1,0.0,0.6400750437548874
1,0.0,0.32867703411395205
1,0.7403626894942441,-0.08932701688122313
1,-2.1962946451439684,-1.6059005938727082
1,-1.0934216851622347,-1.3445410113003267
1,-1.198657086954423,-1.444754092834623
1,-1.0134032446733716,-0.6716082843973413
1,0.0,-0.1894405487481614
1,0.0,-0.054127509424234777
1,-0.5325420619597168,-0.6736447931643674
1,-0.6933901269551814,-0.44720081090017955
1,-1.5378190950732744,-1.3057156331548407
1,-0.912616269835083,-1.367403244778678
1,0.6020599913279625,1.0448904444538536
1,-2.1938200260161134,-2.3204448705857827
1,-1.0413926851582254,-0.3777989985422285
1,-0.15490195998574308,-0.2527851518153214
1,-0.15490195998574308,-0.18470791923287377
1,0.0,-0.19945426288327006
1,-0.32192791969320034,-0.01744781933876388
1,0.0772210331236014,-0.07603411056929205
1,-0.24303804868629442,0.16096747679168283
1,0.302535350661298,-0.21717839326993532
1,-0.1484198324578232,-0.345995194200041
1,0.30102999566398125,-0.5278581112058546
1,0.0,-0.05351314964609061
1,0.0,-0.005195408184233974
1,-1.079181246047625,-0.920366854379771
1,0.0,-0.11208524279420384
1,-1.0579919469776868,-0.7825020193838435
1,-1.9121696448438614,-1.611100319774937
1,-2.4266553640072512,-2.2232575853111993
1,0.0,-0.3381228442060734
1,-0.8129133566428557,-0.45848657946025984
1,-0.5038929746004035,-0.5215249642149095
1,-2.7280414522832768,-2.137799301405183
1,-2.508754102588731,-2.8571752779261907
1,-2.8409420802430994,-2.228186806309817
1,-3.0266694283375184,-2.6313795516141227
1,0.0,0.08261428765953643
1,0.0,0.2095361735807117
1,0.0,-0.44833812816033763
1,0.0,-0.3091545824282359
1,-0.6368220975871743,-0.5641277371353915
1,-0.644612342013426,-0.5058222966663205
1,-0.70729539312015,-0.6803324063939447
1,-0.8166095022028195,-0.647820540539182
1,-0.7008541482105697,-0.5962114320273427
1,-0.7533276666586115,-0.5683427170225519
1,-0.5314789170422554,-0.4342601585616531
1,-0.6726410656136697,-0.4138013724156327
1,-0.6989700043360187,-0.5712588816617699
1,-1.0737862141609194,-0.5276791287136509
1,-0.8357691602338235,-0.49079040177689115
1,-0.5440680443502748,-0.2920492204215731
1,-0.134698573897456,-0.37922095883960744
1,-0.24111497034742868,-0.3541417545556217
1,-0.2264874530687644,-0.36193976984960236
1,1.1760912590556813,0.7742193900359136
1,-0.6989700043360187,-1.0253404253252434
1,-2.3979400086720375,-0.8038732106099371
1,-0.71213145039399,-0.5828387553311597
1,-1.0,-0.4480884080663465
1,-1.0,-0.3914717790975409
1,-0.2887955392469692,-0.29910672541931405
1,-0.4771212547196626,-0.3027390953621014
1,-0.6020599913279625,-0.4105855544748136
1,-0.37174608568724743,-0.3959625813230402
1,1.740362689494244,1.206650731906448
1,-1.388483767677596,-1.3372213160438051
1,-1.443262987458695,-1.0068629962041107
1,-1.230448921378274,-1.0683490922585945
1,-1.5112755309539683,-1.3208734502690727
1,2.084320885700036,1.3442932109378571
1,0.9935975083908692,0.4459739126199001
1,-1.3010299956639813,-0.6172998362070621
1,-0.29081083048229495,-0.5870987437816575
1,0.0,-0.7297088683534594
1,-0.30102999566398125,-0.4157078481361843
1,-0.9744458955276123,-0.8742539711118887
1,-0.3679767852945943,-0.6765770276220034
1,-0.6690067809585756,-0.7788264699943047
1,-0.808114473761087,-0.7574300593334101
1,-0.7290424704462488,-0.7897838866290869
1,-0.5700192809338134,-0.627059259484731
1,-0.2536053457358438,-0.6363252853516563
1,-0.16840443038939057,-0.5837813737191068
1,-0.30102999566398125,-0.2812701350319313
1,-0.30102999566398125,-0.43603928459317054
1,-0.29711633838748064,-0.2714347804747533
1,-0.30102999566398125,-0.3404951515801839
1,-0.13070197070604372,-0.28207633645920877
1,-0.6488033948702885,-0.4732169619618318
1,-0.2211182288690008,-0.3827124577677049
1,-1.0395085412836735,-1.1091997611873101
1,-1.020203386088287,-0.9865223063051822
1,-1.3929480631145381,-1.3261295038056613
1,-1.594234653816006,-1.3260789878752401
1,-1.117456579265843,-1.1847811409893445
1,-1.3424226808222066,-1.448792888087994
1,-1.6922366216770506,-1.3739781708602834
1,-1.50991376811597,-1.3954401525982343
1,-1.2155998003393549,-0.8455526749913549
1,-0.31527043477859173,-0.5879513008759444
1,-1.2024201977780304,-0.5968244440065318
1,-0.7781512503836439,-0.9032839025315247
1,-1.528273777167044,-1.2031256843016613
1,-0.7634279935629378,-0.7545944984667678
1,-1.0,-0.43998768698846485
1,0.0,-0.26789343811050437
1,0.6020599913279625,-0.18649213028552641
1,-1.0,-0.3978200234576803
1,-0.6931404606752949,-0.47814450450400303
1,-0.7955365657786055,-0.6644604342162099
1,-0.7995866783816217,-0.5439386094193377
1,-0.5913361259361896,-0.5434395301222411
1,-0.6056052720926122,-0.5613507473946605
1,-0.9062716457781326,-0.3924001571818086
1,0.0,-0.38202713992202364
1,-0.7672348358945449,-0.46349950861555494
1,-0.479055754496863,-0.6377476392180167
1,-0.19542414077975234,-0.3638511503533587
1,-0.6079421735539166,-0.8142192045489018
1,-0.70472233322511,-0.9021844008327741
1,-0.47127208237339513,-0.6656076233967709
1,-0.4999841376791663,-0.7401612611452819
1,-0.9229848157088822,-0.7023882385400955
1,-0.5605087756033109,-0.59077821371576
1,-0.42247728842341825,-0.6027399838334508
1,-0.22094772339709845,-0.6575755332443012
1,-0.5603052432209612,-0.7466504868024375
1,-0.5412007931861664,-0.5722492387943449
1,-0.37485318836652937,-0.6244149106584601
1,-0.9603526399579447,-0.569604424021907
1,-0.2428482761327384,-0.7079398218337536
1,-0.5300573299074607,-0.8426869596047166
1,-0.785729099900708,-0.621902514771695
1,-0.35110886000729824,-0.736046244000014
1,-1.5378190950732744,-0.8304044096472574
1,-1.699693225955114,-1.1505549620817888
1,-1.3954512082683426,-1.0648629207191946
1,-1.6495782291202499,-1.128336118027486
1,-1.8148740574083835,-1.5203018534851553
1,-1.6300887149282062,-1.440878970088071
1,-1.3309932190414244,-0.5061375314115075
1,-1.2106727479357442,-1.5101207408603974
1,-1.5824130364264946,-1.0674480873675163
1,-1.4206723924623326,-1.3356885815752104
1,-1.5529998652172008,-0.9889551339475664
1,-1.0522732830226769,-1.198697282773511
1,-1.515211304327801,-1.2664104641521123
1,-1.03252922482692,-1.4244752802435934
1,-1.100900495740861,-1.2918028826834793
1,-1.9023137678721662,-1.0639700105214724
1,-1.5227236124042802,-1.3952981819995405
1,-2.367355921026019,-1.1767213459746937
1,-2.0253058652647704,-1.337507115961592
1,-1.7895807121644252,-1.5168837881188122
1,-1.5235463772056734,-1.3014141608664325
1,-1.7638682312913625,-0.8866433206058375
1,-1.5292189233113564,-1.1277226894123211
1,-1.8380616118598416,-0.5384479540811898
1,-1.3309932190414244,-0.5682098465325911
1,-1.8769871844277386,-1.8192400862328513
1,-1.5708022975975204,-1.621593513606994
1,-1.3868964149592022,-0.9742383499378193
1,-1.7853298350107671,-0.5543335920641084
1,-0.8432872195371282,-1.5559765047911602
1,-1.1456128582964702,-1.4044145968699793
1,-0.30102999566398125,-0.9144431724646515
1,0.6951770153188797,0.8710206024892853
1,-1.2892190346309942,-1.514921287381632
1,-0.4202164033831899,-0.6956323417220648
1,-1.2167521925969762,-1.1935992466850678
1,-1.3957166532261231,-1.61547431385545
1,-1.290564561985816,-1.100492116133082
1,1.5642714304385628,1.2828173950640078
1,-0.6127838567197355,-0.6434048148015482
1,-1.0534015926312401,-1.0288084782465277
1,-0.9702081297444902,-0.4524204685015927
1,-0.7989348563069356,-0.7094042603743911
1,-0.5330562595094737,-0.6428024667680836
1,0.0,-0.06981057750480357
1,0.279840696594043,-1.6064043317387044
1,-0.1424081458531088,-0.37643358974233
1,-1.08167004645132,-0.7409066176976313
1,0.0,-0.2248105106305273
1,0.0,-0.3993795664284273
1,-0.6458389159065492,-0.59777924076825
1,-0.8031681201868599,-0.6470980195289975
1,-1.0700378666077555,-1.395547229599291
1,-0.6722413466622505,-0.5002924803507715
1,-0.7110497699297014,-0.5389125461306743
1,-0.2639451480479682,-0.4382686954208056
1,0.0,-0.44893201868673266
1,0.0,-0.24184278491899583
1,-0.7447274948966935,-0.5599991682943279
1,0.0,-0.2413732892930556
1,0.0,-0.5085214829183858
1,-1.1505139038522927,-1.0834338105372612
1,0.79707326088554,-0.020697196044280664
1,-0.9504068849081397,-0.7815918983511416
1,-0.775216817044595,-0.5825578827718358
1,0.0,-0.4636547079723027
1,-0.5633074023359459,-0.8866466199331831
1,-0.8076062297219195,-0.7719395666271073
1,-0.2730012720637376,-0.7618328288958403
1,-0.4890204780193699,-0.5875539107633038
1,-0.8550907278940816,-0.6279085446666299
1,0.13848130992364283,-0.4336212793359499
1,-0.45229767099463025,-0.5191025996624763
1,-0.4293484729236612,-0.49421654778778945
1,-1.3802112417116064,-1.5300859833897633
1,0.48323932891565047,0.314356091579781
1,0.10584251126615385,0.2573107678400309
1,-1.5440680443502757,-1.2590041791916227
1,-0.06494080693301463,-0.5989729553388126
1,-1.269512944217916,-1.191686586144403
1,-0.6146491186359828,-0.8867690357393851
1,-1.174018250432816,-1.0141595518637287
1,-0.6197887582883936,-0.6737067803794575
1,-1.5567331348946913,-1.435567975749777
1,-1.3332146790353825,-1.31317252503771
1,-1.3976121155028922,-1.6629606927679967
1,-1.2900346113625183,-1.2853187680057392
1,-0.9208187539523758,-0.938843202508187
1,-1.0969100130080562,-1.3707382243929387
1,-1.3010299956639813,-1.3189341064507856
1,0.7781512503836439,0.44023595247830355
1,1.1383026981662816,1.328016326548504
1,-2.499397649430815,-1.874319983220458
1,-2.214679773167946,-1.3598293328060607
1,-1.4832443397784516,-1.6925859080743384
1,-2.3872161432802645,-2.1836146583941094
1,-1.794074216480813,-1.1272755536730943
1,-1.9897463656344465,-2.5649826309482595
1,-2.6020599913279625,-2.2516388832347167
1,-2.9311187105921865,-2.661179023046003
1,-2.609238575955086,-2.6245702202369197
1,-0.7697329439853142,-0.667271218323495
1,-1.5093705604380174,-0.5717580715982726
1,-0.24693309256981877,-0.4794767815359982
1,-1.5241178173958856,-1.0040818909417935
1,0.38929089956352403,0.2556031818065165
1,0.0,-0.13325365785790105
1,1.0607238842192848,0.17356335790991723
1,0.0,-0.012843525883851625
1,0.0,-0.1892728915931493
1,-1.4471580313422185,-0.7624145233415093
1,-1.2223056612649223,-1.130726018173666
1,-0.5613857422010744,-0.3405483295151935
1,0.5969565896898335,0.3384965266784021
1,0.8636181120497923,-0.2837504986267262
1,-0.48555442225652534,-0.20062948609114906
1,-1.5691787649333069,-0.9573471972929397
1,-1.2263963773670774,-0.8078740352136492
1,-0.9700367766225568,-0.9408884402115649
1,-1.079181246047625,-1.1981613149166177
1,-0.9208187539523749,-0.9858657766180019
1,-1.5854607295085001,-1.194138602877255
1,-0.4375301220789325,-0.13332428772442684
1,0.0,0.057593478289311106
1,1.6266824662362946,1.143466369913034
1,-1.230448921378274,-0.9904347969843055
1,0.8538719643217618,0.1053860562482632
1,0.0,0.2911812759943883
1,-2.2955670999624793,-2.155834445160849
1,-0.9208187539523749,-1.3364040153759718
1,-2.322858433159654,-2.0755148176076177
1,-0.5004497215452615,-0.6978756117092663
1,-0.15490195998574308,-0.21695569653384333
1,-0.7049193368492208,-0.6348784324390748
1,-0.7049193368492208,-0.6653654532605908
1,0.0,-0.14563894037390795
1,-0.39280036901962667,-0.13593443271171718
1,0.0,-0.1102831355218255
1,0.0,0.04050318468198871
1,0.6517613292186208,0.38029645582776467
1,0.7496315210986477,0.6065420144052922
1,0.18448680416588203,0.24114512496456925
1,1.0217971290948444,0.49399084793123454
1,0.1452689827860576,0.14846723774593001
1,0.6904166833935195,0.6277144626384925
1,0.5502723567515604,0.42457273493775
1,0.7525113222809265,0.32991089188767725
1,0.4575007247852527,0.23900270284246622
1,0.4684988108747685,0.4959906581902412
1,0.0,-0.06901661901382411
1,-0.24303804868629442,-0.026101508829285025
1,-2.1687920203141813,-1.2612588161772733
1,-0.15490195998574308,-0.10182449819535083
1,-0.4349235749252074,-0.6735418433907131
1,-1.134698573897456,-1.0014722802796683
1,-1.1505139038522927,-0.7848294898940607
1,-1.0,-1.4770923821896447
1,0.7800357683867247,0.5591107257718329
1,-1.8765065042658806,-1.5157231717437432
1,-1.0572954039544324,-1.018752906931986
1,-0.6585413472804102,-0.44578104112550515
1,-0.7781512503836439,-0.4254031993531161
1,-1.3424226808222057,-1.2207525985050922
1,-1.0019695928629044,-1.116747588268362
1,-0.11303951330859263,-0.7527854250840105
1,-0.6020599913279625,-0.8174738970147365
1,-0.23099212905622668,-0.5165173852766896
1,-0.4623979978989565,-0.4143968199030635
1,-0.9542425094393243,-0.8053864865782839
1,-0.8450980400142569,-0.6593635955246394
1,-0.7403626894942441,-0.3663396509539635
1,-1.304634119932806,-1.000429890107643
1,-0.3424226808222066,-0.49809053530797937
1,-0.4375318721122108,-0.37696771931019335
1,-0.006204312401284717,-0.32107115178768286
1,-1.3010299956639813,-0.9809320860684401
1,-0.3979400086720375,-0.2649934411165098
1,-1.0,-0.7102380782927383
1,-0.4771212547196626,-1.5957485168073906
1,-0.3494864174906427,-1.0491384781524202
1,-1.0,-0.4629047729620035
1,-1.1505139038522927,-0.5841377162381223
1,-2.1505139038522927,-1.0329182357062663
1,-1.1505139038522927,-1.009138572111007
1,-1.1505139038522927,-0.6247026552619268
1,-1.1505139038522927,-1.0968873006446527
1,-0.8494839081883114,-0.9467336360578529
1,-1.1505139038522927,-1.0269318028930223
1,-1.1505139038522927,-0.9977560027003962
1,-0.8494839081883114,-0.7594021748810194
1,-0.30102999566398125,-0.8050041474650076
1,-1.6020599913279625,-1.3064316521367936
1,-0.09691001300805624,-0.3042596215785405
1,-1.2552725051033056,-1.01277211376185
1,-1.3802112417116064,-0.9325854037933433
1,-1.0511525224473814,-0.8356683535867404
1,-0.642065152999546,-0.5821591522610668
1,-0.35654732351381213,-0.49492000815759335
1,0.0,-0.5338279022375193
1,0.07911523830283684,-0.21800415077693763
1,0.0,-0.30186624382477
1,-0.7569619513137056,-1.093288736872138
1,-0.6020599913279625,-0.5919240652998553
1,-0.6020599913279625,-0.9057406164760529
1,-2.993133541047083,-2.668927827928533
1,-2.9537548120473627,-2.5975190890576085
1,-2.1303337684950057,-1.8858220163859492
1,-1.7323937598229682,-1.7637952820799543
1,-1.201645363528069,-1.2903087224405352
1,-1.079181246047625,-0.831875617191291
1,-0.4771212547196626,-0.6793670774865219
1,-1.653212513775344,-1.5605566291633135
1,-0.49082253239705054,-0.7530905631957969
1,-1.4240428112362427,-2.2795851987867253
1,-0.44748104696283963,-0.4540768659167174
1,-0.7403626894942441,-0.6470806175821117
1,-0.8239087409443187,-1.1999817432309285
1,-0.6478174818886373,-1.0392739090352097
1,-0.9542425094393252,-0.6961621685814159
1,-0.9225050021900998,-0.5767706153658283
1,-0.3679767852945943,-0.3624109317420522
1,-0.6754889084864963,-0.5924492322263305
1,-1.3010299956639813,-0.9608532672826331
1,-1.2026502875751488,-1.034128816692858
1,0.6354341975677036,-0.20097823849370178
1,1.0249436899775137,0.45422192243428966
1,0.43468809354410887,0.24298068787848143
1,0.27875360095282886,0.17709950276587777
1,-0.8325089127062366,-0.6885890771963858
1,-0.04845513955992686,-0.49386582230178633
1,-1.0211892990699383,-0.9726452807508582
1,-0.4375301220789325,-0.4835292055747259
1,-0.9604914587163265,-0.703479587439209
1,0.013363961557981696,0.03277254578291783
1,-0.3215516628085826,-0.39717230757555766
1,0.011738403271244202,-0.3630775209750117
1,0.17710898483871063,-0.4831489697198825
1,0.16061660671589717,-0.4304526459492781
1,-0.46779720744600084,-0.5053900281064245
1,-0.34364828614543974,-0.465463266574387
1,0.012964977164368285,-0.2606977354395973
1,-0.07142797820037927,-0.19771322825583854
1,-0.5987573557778756,-0.48989605046924384
1,-0.349334675238536,-0.1805873773225019
1,0.045757490560674796,-0.22411868146423602
1,0.05115252244738144,-0.02032916835431181
1,-1.019595556063381,-0.44565236522495183
1,-0.11476734547590794,-0.4727891140633676
1,0.0,-0.2715649405251444
1,0.0,-0.1002850282094861
1,0.0,-0.10012779063484234
1,-0.3701809521413173,-0.6301338397937117
1,0.19897007056545224,-0.3881297219498713
1,-0.2596373105057559,-0.5071021542985839
1,-0.9103892257334429,-0.6927956693411133
1,-1.1485077374235928,-1.1327005145151314
1,-0.35485510797268915,-0.3890433950199638
1,-1.4661258704181988,-1.5127585390358362
1,-1.3010299956639813,-1.3981079839498947
1,-0.48314724113633556,-0.5474996313891436
1,-1.1620186307939715,-1.0384362747002593
1,-0.6401500409361018,-0.5592323306171083
1,-1.2983898994977725,-1.2325769376555011
1,-1.1856365769619117,-0.7855727934481345
1,-1.8899478139300738,-1.0294121056503398
1,-0.8129133566428557,-0.6735837040425692
1,-0.09691001300805624,-0.300511332367711
1,0.5647297887733558,-0.06648502340883933
1,0.0,-0.6214211766887523
1,-0.3332146790353825,-0.4085451842023772
1,-2.716484251913524,-2.60423069248008
1,-2.4609505675935557,-2.2377897673077327
1,-2.7126497016272113,-2.57030909944974
1,-1.2912701583748243,-0.9238185915246765
1,1.0969100130080562,1.0487977068620773
1,0.7781512503836439,0.5952004358526621
1,0.7990851572192872,-0.420504267995743
1,-0.6659697442330934,-0.4689004920364579
1,-0.5228787452803374,-0.43403395439871584
1,-1.4259687322722812,-0.8715748346092309
1,0.38021124171160636,-0.31026964822580866
1,-0.9551876555836376,-0.8271489818733331
1,-1.4722687519252506,-0.958469771124596
1,-1.173186268412274,-1.066604741488837
1,-2.3979400086720375,-0.4711839533856158
1,-1.0,-0.39538416974792345
1,0.8440132975922667,-0.24687674351979952
1,-1.2787536009528289,-1.0896280389449662
1,0.0,-0.2473455197182769
1,-1.4183012913197448,-0.9467737474668748
1,1.6640579802891544,0.18908505741160303
1,-0.795880017344075,-1.0035335806950363
1,-0.4375301220789325,-0.33659455427716156
1,-0.9652378937407882,-1.0533765849467975
1,-1.0289636959353174,-1.1504917484858739
1,0.018173968928587136,-0.16134917364671975
1,0.11394335230683694,0.05649023169889916
1,-1.0211892990699383,-0.4658836167064723
1,0.0,-0.5213713749209221
1,0.14242629585250466,0.15567266415162734
1,0.26259486787588227,0.4243423036665404
1,0.3783527524716668,0.27146350763082255
1,0.6872316010647745,-0.40526286459738137
1,0.8829098516346567,1.018734093778197
1,0.7218806438005094,0.9755515700164108
1,-0.028456562779072492,0.049628399581173765
1,0.6266567538842605,0.8126801223918869
1,0.6182848926385986,0.4857413194092624
1,0.7937903846908192,0.1870390022469018
1,-2.0211892990699383,-1.1809768706753714
1,1.322592881408056,-0.4379185454052968
1,1.2195039221899133,0.6261769689339656
1,0.4610493196492511,0.5324190552408583
1,0.8540339842758531,0.6034802758286935
1,0.8214045648353983,0.5324190552408583
1,-0.7950520009218449,-0.8056427922581566
1,-0.6560418037942082,-0.287585456779438
1,-0.43911207178746725,-0.43963399868054637
1,-0.645094623553164,-0.31673579994785844
1,-0.5274263730310587,-0.5974341849487339
1,-0.5541035366673484,-0.42819647010316886
1,-0.23512958465826372,-0.44829863074061116
1,-1.3654879848908994,-1.004631940267514
1,-1.5972074885335505,-0.944765397330654
1,-1.370665923805375,-1.379492620515926
1,0.8057955484803827,0.7095734065487791
1,-0.9057300831581516,-0.4685562009595599
1,0.8810742471742232,0.46611935894270035
1,1.2583218442658497,-0.15125484892582391
1,0.34679030058945237,0.39792398119972033
1,-1.5461312049140492,-1.1295015276603433
1,-1.3556430502208698,-0.7954900897060379
1,-1.338818556553381,-1.0523932373200153
1,0.040129405552248976,-0.029612784649013457
1,0.2258937820265059,-0.37337591480123444
1,-0.6566307997724685,-0.7537536973820049
1,-0.6163004304425721,-0.9884523492125916
1,-0.8803900968967664,-0.782030795101982
1,-0.4637572931616809,-0.6986389725469486
1,-0.9330532103693869,-0.5440032428955119
1,0.06915095647733605,-0.60910665821606
1,-0.9999999999999991,-1.259414121783633
1,-0.8450980400142569,-0.8939419372296156
1,-0.5873367345072564,-1.0642495697635972
1,-0.797586464381328,-0.7156997058391625
1,-0.5606673061697371,-0.6503962772237945
1,-0.460730838531493,-0.7935692403092698
1,-1.0,-0.7479139393139634
1,-1.0,-0.5238121006125713
1,-0.8372727025023003,-0.7999364394184285
1,-0.7136932611567257,-0.6697590126647768
1,-1.2632414347745815,-1.1175006357839068
1,-0.7781512503836439,-1.1175006357839068
1,-0.5259698222574789,-0.5022284025553164
1,-0.4327021149312493,-0.6856536220241451
1,0.0,-0.14868034022473386
1,-0.42276359239706984,-0.43416578111929505
1,-0.7178553484963919,-0.6319989239483236
1,-0.7844001996606451,-0.7880820247251676
1,-1.08795517035513,-0.5424890304288591
1,-0.2263963773670774,-0.7413966736226241
1,-1.7639268959519816,-1.4088923019766406
1,0.0,-0.5126919109287382
1,-0.7403626894942441,-0.46659684677631524
1,-0.7403626894942441,-0.286948368496285
1,0.0,-0.5438294965015287
1,-1.0,-0.3708809711736403
1,0.5228787452803374,0.40872626006914553
1,0.6020599913279625,0.10939682214054242
1,0.30102999566398125,1.0883988133148927
1,0.8129133566428557,0.27955599122236136
1,0.6020599913279625,1.1431637094659215
1,-1.3309932190414244,-1.0886993097656659
1,-1.1461280356782382,-0.8778524606192704
1,0.0,-0.27625615835398093
1,-0.30102999566398125,-0.17685327999902772
1,-0.4375301220789325,-0.3139981813578109
1,-0.4375301220789325,-0.36359291187778475
1,-0.10206004319610873,-0.3030049977035834
1,-0.3494856763830949,-0.24632738359463432
1,-0.3494856763830949,-0.3290188854520042
1,0.09455610761457933,-0.14416747021189252
1,-0.30102999566398125,-0.2245498760345946
1,0.0,-0.09873227861972356
1,0.03959044503700948,-0.5881461493901795
1,-0.2614392680716957,-0.06874009444592455
1,-0.19010599608076895,-0.018464301556855967
1,-0.15051493100552538,-0.02404254476888934
1,-0.19897007056545224,-0.1915988086511275
1,0.30102999566398125,-0.3339212403435454
1,0.0,-0.2006479380853206
1,0.0,-0.24864381426745366
1,0.30102999566398125,-0.08434501160700131
1,0.0,-0.4154050215805485
1,-0.4375301220789325,-0.5853095694680097
1,0.0,-0.35476781623899556
1,-0.3494856763830949,-0.41056920796282126
1,-0.7870157984620274,-0.4375681169753082
1,-0.4375301220789325,-0.23793676450264425
1,-0.4375301220789325,-0.04526774523198407
1,-0.4375301220789325,-0.10605072995166848
1,-0.4375301220789325,-0.4634864876783192
1,0.0,-0.26211124387824236
1,-0.23855876556918343,-0.13490446399328093
1,-0.3979400086720375,-0.22786241960891487
1,-0.23855876556918343,-0.43625164298193764
1,-0.4375301220789325,-0.33925451061024675
1,-0.4375301220789325,-0.15887157309223593
1,-0.23856180154675855,-0.2687241196385194
1,-0.19896832053217395,-0.11106759201148192
1,-0.23856180154675855,-0.1390356994100289
1,-0.23855876556918343,-0.03290927593234444
1,0.0,-0.13486470960688324
1,0.23855876556918343,-0.19914718110751606
1,-0.03959044503700948,-0.3382859158094039
1,0.0,-0.2899203259877534
1,0.03959044503700948,-0.088595645291699
1,-0.7870157984620274,-0.3389112293870765
1,0.0,-0.15229107777831258
1,-0.4375301220789325,-0.19618917802034908
1,0.0,-0.3077268141862572
1,-0.4375301220789325,-0.24069359275584898
1,0.0,-0.4389626721470513
1,-0.8129133566428557,-1.2324386216873153
1,-1.3657553253006363,-1.6094302974705306
1,-0.5226852525251191,-1.308271541302625
1,-1.3384989773683804,-1.2275911430877122
1,-0.8361431973613307,-1.217138401644061
1,-1.5357159699855094,-1.5149153408871958
1,-1.3909351071033793,-1.2842959988745244
1,-1.672097857935717,-1.4862630824006091
1,-1.4259687322722812,-1.1439206341953283
1,-1.5622928644564746,-1.356276311985817
1,-1.3521825181113627,-1.0327491981980927
1,-1.4471580313422194,-1.1672293593507237
1,-1.1760912590556813,-1.5956132922300228
1,-1.568201724066995,-1.2658230754679707
1,-1.4771212547196626,-1.2562815852476108
1,-1.3979400086720375,-1.4366002721887954
1,-1.3010299956639813,-1.3338130924672311
1,-1.3010299956639813,-1.408087350937765
1,-1.8388490907372548,-1.0945933092237665
1,-1.2111205412580492,-1.3176102652028965
1,-1.1760912590556813,-0.7500022433073581
1,-0.6989700043360187,-1.3311070390019053
1,-0.9030899869919438,-1.4082084441042106
1,-0.8900183566879223,-1.0081149765195772
1,-1.1760912590556813,-1.080463647897238
1,-1.6627578316815743,-1.3271075416932212
1,-0.6671781699121677,-1.1029009105220766
1,-1.0158385806858368,-1.5001062803346505
1,-1.4522976709946303,-1.3795659983338358
1,-1.0622428241313449,-0.9697808856531562
1,-1.1949766032160545,-1.2931828374761807
1,-1.134905331569489,-1.1171629834666095
1,-1.0949755132308567,-0.5820515830302784
1,-0.989004615698537,-0.8144227094156548
1,-1.1638846858194372,-1.3718793069030806
1,-0.9330532103693869,-0.7764369654082038
1,-0.5228787452803374,-0.9116589285597392
1,-0.5228787452803374,-0.7451757798478933
1,-1.1303337684950057,-1.1707839451193895
1,-0.5965237907934897,-1.0787862421792522
1,-0.695648424229586,-0.40096339414128274
1,-0.5257019046167164,-0.7039334483777316
1,-1.3771951260533504,-0.8744238192851176
1,-1.2359750178074123,-1.5799117710142399
1,-1.3910767959981944,-1.3677253350550025
1,-0.6877932180512554,-1.2848634850130838
1,-1.358927418111449,-1.0476396541545563
1,-1.6989700043360187,-1.517599185861712
1,-1.6627578316815743,-1.4184520431822563
1,-1.9542425094393252,-1.5439515570176925
1,-1.3090976174120144,-0.8446347317093954
1,-1.653212513775344,-1.5928891531522051
1,-1.6020599913279625,-1.7436909922983075
1,-1.6074550232146683,-0.736923083345142
1,-1.5440680443502757,-1.557462864795055
1,-1.5228787452803374,-1.756681503018083
1,-1.0815099083662076,-0.9577274513415001
1,-1.2900346113625174,-1.048100430443958
1,-1.539912084579118,-0.9819556377864267
1,-1.5515855244155112,-0.8989766242497595
1,0.5105950532510466,0.6212182186247921
1,0.6064247967304128,0.036788202663819825
1,0.2116562489144309,-0.2700582581830966
1,0.6865217347376262,0.32819729272406556
1,0.17649941383186984,0.2772924017428761
1,-0.25484431233319516,-0.006708741211405633
1,0.19066286227392482,-0.10196249652604056
1,0.20727086333488298,-0.3085768174057646
1,0.0,-0.012626010217373806
1,0.5372837771665315,-0.04983022251055774
1,0.47938547812176413,-0.22320309418539047
1,0.3979400086720375,-0.28376169127575457
1,-0.4375301220789325,-0.7077123924398465
1,-0.7781512503836439,-0.5176736923038063
1,-0.09691001300805624,-0.39303523360275605
1,0.0,-0.39975635591511016
1,0.0,-0.6109717876156826
1,0.0,-0.14835223768907924
1,-0.4375301220789325,-0.3252102551847873
1,0.0,-0.24220113107100893
1,-0.24144430567973707,-0.4019968018023768
1,-0.5213655225580975,-0.6120071721399085
1,-0.6876152534588957,-0.6328622394440158
1,0.311867744492071,0.18117229366003934
1,0.09309638912348284,-0.10036173673007548
1,1.0400659671353036,0.6314663505535503
1,0.473228566892149,0.4108295234795913
1,0.7913446290509967,0.1626357997452174
1,0.5511585763075146,0.5661103255656939
1,0.9447233451859223,0.7171730009080619
1,-1.5740312677277188,-1.5544770748714931
1,0.07368983682500208,0.15628338848878415
1,-0.6989700043360187,-0.6008542228098186
1,-0.8450980400142569,-0.9972153504131214
1,-1.018885344160374,-1.143068139919737
1,-0.6020599913279625,-0.8577263844543221
1,-1.8195439355418692,-1.5184160269357778
1,-0.4586378490256493,-1.0501530967120116
1,-1.1362197470179893,-0.5781989136279313
1,-0.7367585652254185,-0.857875986892221
1,-0.8616973018337184,-0.9649385694860722
1,-0.9330532103693869,-0.9159877596421524
1,-0.14612803567823818,0.11424548475943946
1,0.0,-0.28997691142737547
1,0.24864192620429204,0.07496008881627575
1,-0.14612803567823818,-0.3989178384371221
1,0.15490195998574308,-0.31070329191173107
1,0.24303804868629442,-0.42358885057344414
1,0.06694678963061307,-0.018025136123155927
1,-0.7481880270062007,-0.7596885340255372
1,-0.2009647680475215,-0.48014884892981624
1,-0.2491553011056098,-0.4479207489454503
1,-0.7080611817826883,-0.702377913764379
1,-0.27303720999868375,-0.42201366305392596
1,-0.25731535616566603,-0.38822909079590207
1,-0.1389494510511149,-0.4431776058903295
1,-0.7013112201509211,-0.6254274881874662
1,-0.8573324964312681,-0.8264035620648684
1,-1.2388820889151368,-0.898223899336277
1,-0.6378332609820365,-0.6579102040950028
1,-0.4771212547196626,-0.4873865940933608
1,-0.36468480362316846,-0.3125811586347297
1,-0.5118833609788744,-0.3163744947036684
1,0.09691001300805624,-0.3370840356665997
1,-1.0319478169996161,-0.7806084263289199
1,-1.1062836390828732,-0.7851212190888448
1,-0.5898255349109505,-1.004436391875899
1,-1.3802112417116064,-1.414304526427464
1,-1.4661258704181988,-1.5386164939071556
1,-1.6312182200691758,-1.1831806456114404
1,-0.865301426102544,-0.8980802887786635
1,-2.035429738184548,-0.8359359498524827
1,-1.7874342339527498,-1.5613516342846827
1,-1.4149733479708173,-1.2084797712591129
1,-0.9030899869919438,-0.8717477972356973
1,-0.6989700043360187,-0.6109626369024503
1,-1.6967930850817439,-1.6988495137891937
1,-2.0863598306747484,-1.4765881747617768
1,-1.3802112417116064,-1.2253480769624587
1,-1.2430380486862944,-1.1316035837372675
1,-1.113943352306837,-0.37405159796578186
1,-1.491361693834273,-1.4107852486143257
1,-1.8633228601204568,-1.0007399644626869
1,-1.436692597664054,-0.8805865376373637
1,-1.4842998393467859,-1.4058129670298745
1,-0.8239087409443187,-1.206378008984358
1,0.32330639037513365,-1.5890688309186363
1,-1.6842467475153127,-1.182696512519796
1,-1.518513939877888,-1.150056134698596
1,-1.4022613824546797,-1.1987355792055363
1,-0.30102999566398125,-0.914095219613464
1,-1.2524246622304798,-0.5386808264596892
1,-1.8559109092964743,-1.1709676334030348
1,-1.346787486224656,-1.300711203866861
1,-1.1798514079289877,-0.7961290519979061
1,-2.7283537820212285,-1.7633373495552502
1,-1.1222158782728258,-0.7713427439808356
1,-1.0,-0.6095162650746146
1,0.720159303405957,0.029597444933538386
1,-1.1505139038522927,-0.8367771444325556
1,-0.4181433947603246,-0.49005070359640557
1,-0.35654732351381213,-0.6343347982770615
1,-1.1583624920952502,-0.6956021732428289
1,-0.48148606012211204,-0.6066705374585292
1,-0.7314992291629387,-0.8317925275087655
1,-0.3309932190414244,-0.6379362737517869
1,-1.0413926851582254,-1.1449440481408542
1,-1.1613680022349744,-1.249852283559858
1,-1.1563472008599236,-1.0837817129282803
1,-1.2388820889151368,-1.3589313049600047
1,-0.4771212547196617,-1.0931323561721022
1,-1.1083394747888384,-1.0676124121891655
1,-1.3010299956639813,-0.8932032348725746
1,-0.8450980400142569,-0.8268409014572358
1,-0.8293037728310244,-0.9037572702853702
1,-0.8908555305749317,-0.719960654468043
1,-0.39750477113913085,-0.8153119894025757
1,-0.3606839977965217,-0.7524578296113582
1,-1.3263358609287517,-1.4627482586801963
1,-1.0731070983354316,-0.8143614565497843
1,-0.7752578720474039,-0.8198218920907929
1,-1.0421661394711244,-0.6577974534398582
1,-1.0636690798693778,-1.1238911216020717
1,-0.9420080530223132,-0.8203055676774007
1,-1.0543576623225928,-1.0266962577514305
1,-0.985276743179293,-1.1087116853365326
1,-1.4216039268698313,-1.1510569053864246
1,-1.019595556063381,-0.7820946338539815
1,-0.8860566476931631,-0.9199420845538525
1,-1.0,-1.2050207079747906
1,-0.6989700043360187,-1.0996234494280979
1,-1.079181246047625,-0.8022192625634574
1,-0.9294189257142929,-1.1113551367728558
1,-0.8450980400142569,-0.4904572786452295
1,-0.8538719643217618,-0.4078483127363667
1,-0.6020599913279625,-0.6738252896870319
1,-0.5362427068383191,-0.5511211893011833
1,-0.693574972449313,-0.7353885161104098
1,-0.6846075113226178,-0.6411246489381714
1,-0.8129133566428557,-0.5807330535364724
1,-0.9951474972055872,-0.7783554026736927
1,-0.6020599913279625,-0.7057088582056721
1,-0.5440680443502757,-0.8039403934114444
1,-0.5228787452803374,-0.8658363598775304
1,-0.7132104434506292,-0.7954292733515167
1,-1.0,-0.6523655834296838
1,-0.6510464520188357,-0.61527813820163
1,-0.5563025007672877,-0.7112738961819627
1,-1.1047353505200128,-0.5222244550285673
1,-1.3273589343863303,-1.0685387417815622
1,-0.3933442569828882,-0.5968504743219516
1,-0.811888600118249,-0.7504863863654728
1,-0.33308817372373056,-0.17018034635928603
1,0.05115252244738144,-0.643810048287873
1,-0.2510560207021424,-0.576186866254851
1,-1.359624710929828,-0.9799537366561186
1,-0.5537553117534078,-0.7496699543611071
1,-0.055047566330905795,-0.27159123959373377
1,-0.18987954354131453,-0.4084995831727691
1,-0.7569619513137056,-0.5699147563654932
1,-0.5713911715615101,-0.5833722596183469
1,0.0,-0.42251863850332094
1,0.0,-0.5218735398606207
1,-0.2308574535331438,-0.1968155629976392
1,-0.4581545730397769,-0.5065573893987815
1,-0.44909253111941894,-0.44374982136701835
1,-0.4503280781317258,-0.5865801582901833
1,-0.7533276666586115,-0.756617845438563
1,-0.9829666607012193,-0.6701915793260089
1,-0.40565926106331407,-0.38411302563389027
1,-0.5666433341055059,-0.8182349666405917
1,-0.9065783148377653,-1.2485078801661722
1,-0.8846065812979305,-1.2026932641530625
1,-0.9016202919111684,-1.0412369356231406
1,-0.4436974992327123,-1.1727787383845876
1,-1.845098040014257,-1.7886399413122573
1,-1.4259687322722812,-1.2671240809712219
1,-1.6232492903979008,-1.507170961279373
1,-1.260912772455999,-1.3463317435312039
1,-1.3881801713828814,-1.5439190926258999
1,-1.0,-0.9403406433827703
1,-1.7085153222422491,-1.3909892510457118
1,-1.4393326938302629,-1.3078495103609018
1,-1.5250448070368456,-1.267563978521669
1,-0.8129133566428557,-1.0601938421110693
1,-0.5228787452803374,-0.48746014249312486
1,-0.8239087409443187,-0.9159364025467311
1,-0.9164539485499255,-0.8990717170438569
1,-1.4771212547196626,-1.0052251342101182
1,-2.431363764158987,-1.9066390774460877
1,-1.3521825181113627,-1.3013509346220058
1,-1.3710678622717358,-1.046926900538924
1,-1.236572006437063,-1.638388784732265
1,-1.6320232147054057,-1.6276625863171308
1,-1.3541084391474012,-1.4198176010149692
1,-0.6283889300503116,-1.1999236867933802
1,-0.9637878273455556,-1.247374637601618
1,-1.066946789630613,-1.1320326745571156
1,-0.8239087409443187,-0.8679239147489743
1,-1.1760912590556813,-1.2348029252697268
1,-0.9315426193441478,-1.2983587162861854
1,-1.0,-0.9940502822436859
1,-0.5477023290053697,-0.6042455825531221
1,-0.8866431359415152,-0.927861069411027
1,-1.1290946963794575,-1.009661730812001
1,-1.335792101923193,-1.122731333566022
1,-0.4637572931616809,-0.6322040707604512
1,-0.7825160557860933,-0.6824535477703102
1,-0.9628581919954335,-0.5397141212558931
1,-1.0408362539714062,-0.7250514506519303
1,-0.981114655839626,-0.7859824412819539
1,-0.8402991571324883,-0.7236852999927116
1,-0.635300924466641,-0.93453696476097
1,-0.5642714304385628,-0.9269661581268652
1,-0.9030899869919438,-0.7577324432084416
1,0.1249387366082999,0.007510732768406081
1,0.5440680443502757,0.7089891486421618
1,0.9777236052888476,0.39135415912754995
1,-0.6110148339808887,-0.7294645126857344
1,-0.045757490560674796,0.35670777871622544
1,0.6255410871774849,0.20016561928294435
1,-0.7781512503836439,-0.3308046665729769
1,-0.20383146568774357,-0.2878470368753391
1,0.8129133566428557,0.8797113902227409
1,-0.5982335834749097,-0.4729464645633029
1,-0.6412604028977409,-0.5767254638629429
1,-0.6417073513700187,-0.20650691036592767
1,-0.901677645968685,-0.8014823118618744
1,-0.44819083677998695,-0.41407493672242474
1,0.0,-0.46378936892680744
1,-0.5426228034760943,-0.47749594805686013
1,-0.8239087409443187,-0.43623270440559747
1,-0.15490195998574308,-0.19813696651515988
1,-0.15490195998574308,-0.1977617109034822
1,-0.15490195998574308,-0.19635812340797132
1,0.0,0.031014039119647008
1,0.0,0.1056524734673277
1,0.6020599913279625,0.6564901667405671
1,1.1461280356782382,0.5526956872471089
1,1.0,1.0225830000086589
1,1.230448921378274,0.85395471176848
1,0.15490195998574308,-0.162498985621776
1,-1.1597008428675117,-0.7898692675905288
1,-0.5850266520291818,-0.6559697575101946
1,-0.7634279935629378,-0.9813393749768797
1,-0.2855178294857339,-0.7812539361990962
1,-0.7861201800549189,-0.9243145236535966
1,0.8691397431914831,0.4169918884042742
1,0.45593195564972433,0.6586841717560143
1,0.6093592300694626,-0.27586338996527354
1,1.3583474489749054,0.8572185336950289
1,0.30102999566398125,0.24683359560905
1,-0.22184874961635614,-0.5078090961432575
1,-1.1069756794991905,-0.3316391995444733
1,0.0,-0.24978678246148675
1,0.0,-0.14599811961856346
1,0.7403626894942441,0.05159493653250363
1,0.19604148601007143,-0.4026421600052784
1,0.15630065517830793,-0.277883198351155
1,-0.924279286061882,-0.6479389042792771
1,-0.547321201747998,-0.4148318974969839
1,-0.28254658996996795,-0.37779707891213654
1,-0.7346855566025532,-0.5640852145613309
1,-1.0389180660303694,-0.9846164745770467
1,-0.7153604205241875,-0.6163008624871401
1,0.3157532524846882,-0.6314325214511467
1,-0.6575773191777934,-0.5357448976677216
1,-0.6713864827039302,-0.769015407729727
1,-0.045322978786657586,-0.21493972818600182
1,-0.8834944309285628,-0.7917257817468615
1,-0.939704098112748,-0.6044811596398576
1,-0.9999999999999991,-0.8935644882253959
1,-1.0969100130080562,-1.1513092250812622
1,-1.0,-1.2878408589236738
1,-1.1072099696478688,-1.2601377492880834
1,-1.3979400086720375,-1.1305024977210565
1,-0.9444826721501691,-0.9447088335125124
1,-0.7832908900360547,-0.8194998996633431
1,-0.6225816584725639,-0.5002977883522668
1,-0.9736710612776509,-0.9434014387014221
1,-1.2277980821295582,-0.9880801460410205
1,-1.0,-1.1850644320084636
1,-0.5740312677277188,-0.638314112300282
1,-0.5026753591920503,-0.8888848542186905
1,-0.645094623553164,-0.6222590229949786
1,-0.8239087409443187,-0.24652417729640752
1,-1.2405492482825995,-0.7078001966064542
1,-1.5740312677277188,-1.3137464625507769
1,-1.0071785846271233,-1.1329724274194835
1,-1.310370021918124,-0.9384200796485658
1,-0.8993298381186365,-0.8848033658699156
1,-0.5740312677277188,-0.43105243817443395
1,-0.045757490560674796,-0.5742121700139053
1,-1.5136380885454246,-0.9294240592694705
1,-0.8952646494799872,-0.9251391403626651
1,-0.8538719643217618,-0.6122682613335176
1,-0.3679767852945943,-0.6219595110573738
1,-0.7942380702770997,-0.5049424799368497
1,-1.4934237659420617,-0.9536252032398806
1,-0.9863561193334531,-1.0735253382299164
1,-0.6989700043360187,-0.5737545745559783
1,-0.3665315444204129,-0.8478661080393042
2,-1.4427036899159686,-0.9985692541337925
2,0.10789175076418633,-0.4345049485925342
2,-0.5228787452803365,-0.5874105938603571
2,-0.21664755593054874,-0.3438953246849879
2,-0.03535825526414893,-0.20682951461091206
2,0.0,-0.24143869915673638
2,-0.9208187539523749,-0.6863681778694524
2,-1.5440680443502757,-1.2832338388671756
2,-0.4910247010432185,-0.6334560380517942
2,-0.40461782558408554,-0.37411534502786437
2,-1.6798987495000786,-1.4258456000709951
2,-0.9617354999047176,-0.7862464497478073
2,-0.8976270912904418,-0.3940723278630929
2,-0.18316170956143552,0.08431797555334147
2,-1.2621119296336119,-1.0612518680915426
2,-1.653212513775344,-1.26049247599115
2,-0.3347131088665538,-0.5178837680412998
2,0.0,-0.2661543370024375
2,-1.4471580313422194,-1.1702813161622563
2,-1.437750562820388,-1.4418284611876624
2,-0.8872957198087112,-0.46973509116228407
2,-2.6368220975871743,-2.0346157928778075
2,-0.38021124171160636,-0.12677393370829543
2,-1.7737864449811935,-1.4908068336598064
2,-1.6180480967120925,-1.4696669485223541
2,-1.0736319451536467,-1.3318889503031233
2,-1.7363965022766426,-1.1432909914169047
2,-1.375010048025798,-0.8406462776435772
2,-0.5528419686577806,-0.7964063787040951
2,-0.8136895757626332,-0.7640479007999278
2,-0.2657020333222384,-0.21291057007467518
2,-0.08430583072525177,-0.43592885177390517
2,-1.7596678446896306,-0.7442079014370295
2,-2.113943352306837,-1.346933439137477
2,-1.5440680443502757,-1.2450260024263673
2,-0.8864907251724823,-0.41797983506892317
2,-1.4819201376014313,-0.9750669609716305
2,-0.23699208818695627,-0.3525444595662301
2,-0.5708022975975204,-0.6653582231117646
2,-0.8750612633917001,-0.9108119720271779
2,-0.659999612833376,-0.40825622502906334
2,-0.5963076624388712,-0.662755964792291
2,-1.066946789630613,-1.0268024534942246
2,-0.8527848686805477,-1.1971335909719256
2,1.2109864416088412,-1.0724427476517455
2,-1.1718893446279113,-0.8584211090021896
2,-1.518513939877888,-0.8383927232521762
2,-1.4771212547196626,-1.2646246439627022
2,-0.5440680443502757,-0.7325433474870133
2,-1.0,-1.3002973076742472
2,-0.5740312677277188,-1.2183042288825734
2,-2.0,-1.0562967179672873
2,-1.3802112417116064,-1.2010379169472398
2,-1.0,-0.9223979053379527
2,-1.1461280356782382,-1.1166322104705981
2,-1.5740312677277188,-1.0613522296653397
2,-1.1026623418971475,-1.0393601481859518
2,-0.3284682440109208,-0.631574921431137
2,-0.22577904324478837,-0.21566543342529723
2,-0.3319791320230756,-0.46688861515942565
2,0.03591255589064524,-0.08500503372891094
2,-0.4913616938342731,-0.7384639738339063
2,0.0735773685296266,-0.5342245964880412
2,-0.2184951076087689,-0.5184046708547884
2,-1.0710633558254443,-0.9350456487274409
2,-0.8129133566428557,-1.1105470304250977
2,-0.7372752749614495,-0.6824272393222627
2,-1.507995452753926,-0.8071883965918105
2,-1.2185894886765967,-0.39051808782167086
2,-0.10266234189714751,0.015146932904155919
2,-0.48265374331962363,-0.4318326122186923
2,-0.8306421236032868,-0.3117953403452257
2,-1.1702617153949575,-0.9040767165399554
2,-1.1939099072010784,-0.9834826259967142
2,-0.21805576059921705,-0.6182430264615847
2,-0.5228787452803374,-0.7412266467289264
2,-1.7454094219943261,-1.7267144579963565
2,-0.3829585148536534,-0.4178010969955806
2,-0.19944917794067507,-0.4303873119623085
2,-0.08715017571890016,-0.5043248282045926
2,-0.30102999566398125,-0.47940160966843803
2,-0.23408320603336819,-0.4345088539972546
2,-1.1303337684950066,-0.6758192081955972
2,-1.1793876276849105,-0.7901908667726436
2,-0.850485635415283,-0.6439939463634162
2,-0.28960053388319906,-0.690600473066757
2,1.3652309733119132,1.0404378113445207
2,-0.5026753591920503,-0.4485143922310711
2,-0.4452956408039386,-0.7184126076941093
2,-1.4511855206252626,-0.50412235313545
2,-1.2582780152430315,-0.6030722484354661
2,-0.7781512503836439,-0.6200003327139005
2,-0.44863271690822515,-0.8256557999355041
2,-1.8409420802430994,-0.928522259695318
2,-1.3278231722519171,-1.341806857357395
2,0.1626059156547921,0.23636430026772454
2,-1.328787200354535,-1.0339794359090897
2,-1.232996110392154,-1.3972382516423885
2,-1.094861450332787,-0.8024535843676621
2,-1.0595160859321835,-0.8227060822217411
2,-0.8450980400142569,-1.462558801245296
2,-1.117540014535269,-0.5020574355627225
2,-0.6944924064814408,-0.6608585147038301
2,-0.3590219426416681,-0.3975505620254982
2,-0.05018506000905987,-0.3013013556597306
2,-0.04390548569908148,-0.5581179578312687
2,-0.6937057643436617,-0.7893253898885155
2,-0.18580723466839366,-0.42594288637373945
2,-1.5314789170422554,-1.398623046767568
2,-0.47944991703824513,-0.8643375718981064
2,-1.4454312120417132,-1.2627692671522157
2,-1.5878712508601485,-1.23223837331706
2,-0.8299828886565122,-0.9198433642076009
2,0.01888534416037313,-0.4448611373807537
2,-0.7338535745820112,-0.7986657787982491
2,0.0,-0.08235941856780782
2,0.0,-0.0660583156222817
2,-0.3979400086720375,-0.18145382487320066
2,0.17609125905568135,-0.0355778349034967
2,0.03141136394152788,-0.5604871816122272
2,-0.08037687545407124,-0.25362028842049583
2,-0.3609091278607206,-0.39181988274578794
2,0.0,-0.15525416052549956
2,0.0,-0.15217287881768987
2,0.0,-0.09461836659289291
2,-1.0814373263518489,-0.9528391773626761
2,-1.351646020844985,-1.2275365287174165
2,-1.1136577261986105,-1.4088187639729204
2,-1.0,-0.5987879045147018
2,-0.21085336531489318,-0.2642069965968865
2,-0.5118833609788744,-0.48842586590219084
2,-0.10408859763517953,-0.7214830100211163
2,-2.2730012720637376,-1.0908944757940449
2,-0.5313708073918022,-0.48339495530556265
2,-0.5425565664822658,-0.5165068465347208
2,-0.755089512814898,-0.7357539564899249
2,-0.6257224714138969,-0.5394556547353103
2,-0.501929586930868,-0.5696335738711026
2,-0.17609125905568135,-0.15684981406596604
2,-0.38021124171160636,-0.39348824901303603
2,-0.5708022975975204,-0.6734093171217852
2,-0.5118833609788744,-0.5400678202711191
2,0.07918124604762511,-0.6283416445929297
2,-1.3010299956639813,-1.1275253856613159
2,-1.6334684555795862,-1.1338975882070101
2,-0.5782790584341573,-0.5962283170338607
2,-1.1760912590556813,-0.9466688780785464
2,-1.0731070983354316,-1.0924625762938982
2,-1.2272437815030628,-1.187887224824587
2,-1.41161970596323,-1.2762783456545648
2,-1.391492252121295,-0.9921705897904085
2,-0.5416500036495355,-0.44358776305169617
2,-0.5619427681199793,-0.7045903233744835
2,-0.675904700267326,-0.6062681276622744
2,-0.7102510147457082,-0.5341058555206268
2,-1.3679767852945943,-0.9012681421094122
2,-0.35843146738836396,-0.6901972862014962
2,-1.5314789170422554,-1.5088114503907317
2,-0.8890752499668562,-0.6516841048481257
2,-2.153814864344529,-2.184166558825082
2,-1.9030899869919438,-1.5466098798402528
2,-1.8481891169913984,-1.9974962378839287
2,-1.6989700043360187,-1.6805058810718987
2,-0.7324616236377643,-0.8030456098772703
2,-0.31162627680464805,-0.44205963941518983
2,-0.9156106297958564,-0.5897446645909967
2,-0.5051499783199063,-0.44620959914143077
2,0.11554450392951221,-0.40707321842232225
2,-0.7367585652254185,-0.45280011033625456
2,-0.8450980400142569,-1.0505305093020223
2,-1.2552725051033065,-0.9049126567059949
2,-0.5149098156090615,-0.6025336298434716
2,-0.5440680443502757,-0.6726689070116889
2,-0.6020599913279625,-0.8461190888838064
2,-1.2972035878109285,-1.1860052751970376
2,-1.5903680640032443,-1.2688610160647058
2,-0.17350176664279715,-0.4729821034339938
2,-0.32561926889943305,-0.3826877898834935
2,-0.6368220975871743,-0.5131430178597671
2,-0.272463507476008,-0.4168681786313778
2,-0.770033360161464,-0.5166796737425233
2,-0.36079820066747104,-0.5962131604422526
2,-0.3424226808222066,-0.4551884207310223
2,0.0,-0.34085758064215615
2,0.0,0.045655143082112215
2,0.0,-0.028787958885942377
2,0.0,-0.08235864987025715
2,0.0,-0.003545857182771117
2,-1.15876443056161,-0.9946515991068601
2,-0.3702936524708784,-0.5681746353974092
2,-0.8824086941583156,-0.4726847388939474
2,-0.34544913545239364,-0.5197014720730365
2,-0.29329754543329045,-0.4899280722770223
2,-0.4375301220789325,-0.14249503614132342
2,-0.1934653551251042,-0.2738358814945502
2,-0.4375301220789325,-0.6214508945057028
2,-0.7065894012062106,-0.4684828997896276
2,-0.2466723333413885,-0.37159696062887876
2,-0.7186183397009049,-0.7849584091653672
2,-0.7204638221623183,-0.5613746632177573
2,-0.4577730894245233,-0.5436465458723831
2,-0.7422037031960453,-0.5932204425243672
2,-0.7057484281664701,-0.544831577691599
2,-1.3010299956639813,-0.6553850753742638
2,-0.4456109417972778,-0.5424244936354373
2,0.0,-0.11877974252828749
2,-0.11703400894496152,-0.08506121367212272
2,-0.2883405423673189,-0.2358984171294163
2,-0.4871254758326682,-0.5354901307495308
2,-1.740362689494244,-1.374086651726091
2,-0.8524917235584466,-0.39882964747816463
2,-0.2549735016899879,-0.33428454414676073
2,-0.27754889981445885,-0.4061062976847596
2,0.0,-0.3949441979252915
2,-1.1668506023207685,-0.6069854530461968
2,-0.7359999720510526,-0.4154621086198228
2,0.0,-0.13837908285004974
2,0.0,0.2733001186819985
2,0.0,0.2054083711094506
2,0.0,0.10596707663061994
2,0.0,-0.09657995276289644
2,0.7403626894942441,0.09958870864188102
2,0.7403626894942441,0.2788002080919269
2,-0.7767011839884104,-0.666555813599738
2,0.30102999566398125,0.3073049163954125
2,-0.5404030902638697,-0.571302576745744
2,0.0,-0.3579306397547726
2,0.0,-0.057587306032200414
2,0.7569619513137056,0.4005551394177484
2,1.204119982655925,0.5191556049005333
2,-3.139879086401236,-1.5410654765890075
2,-0.8016323462331663,-0.5932319766158889
2,-0.6291470817969431,-0.7837184537029654
2,-1.3710678622717367,-0.837142731452829
2,-1.2812859374682244,-1.3793104698337362
2,-1.7869251746911488,-2.074912576548691
2,-2.5706402171769405,-2.3346120219775206
2,-2.5215995264411646,-2.4448520901574398
2,-2.2570131666796076,-2.0980018455492857
2,0.0,-0.4350768312324351
2,0.0,-0.3330210443677924
2,-0.15490195998574308,-0.24644562389393657
2,0.15192222629389285,-0.5530718412716864
2,0.08302429367597952,0.004896131870254672
2,-0.7569619513137056,0.20112866694788817
2,0.0,-0.10142095648102073
2,0.0,-0.047768200180523746
2,0.0,-0.0926709755711686
2,-0.49642640991504905,-0.7558999325579253
2,-1.3943358844032128,-1.748101522464842
2,-2.6301659296998388,-2.491362360196124
2,-1.7323937598229682,-2.4517318399592516
2,-2.214670164989233,-1.881869889981832
2,-1.9587711686380604,-1.8301684405835115
2,0.0,-0.28389206567339487
2,-0.9436618101875993,-0.4192595059971932
2,-0.5046539251741384,-0.3323592733794533
2,-2.9084850188786495,-2.9890851152415814
2,-2.1818435879447726,-2.5595723198186158
2,-3.318442797181662,-2.934404208441058
2,0.0,-0.20994214590715635
2,-0.6146922012690137,-0.5011165703094632
2,-1.4471580313422194,-0.5308739487578901
2,-0.6465051297683573,-0.5302169364306426
2,-0.8029748341086753,-0.6477993205128567
2,-0.653212513775344,-0.6911784559714524
2,-0.5760234477435038,-0.5353311141418279
2,-0.719768926317288,-0.484413036510913
2,-0.5417640894407105,-0.8111977201777422
2,-0.795880017344075,-0.517387709741501
2,-0.5970965717964116,-0.6417843771412723
2,-0.7634279935629369,-0.6421285712660136
2,-0.6863808770279984,-0.5654778403313576
2,-0.6232492903979008,-0.662480522993219
2,-0.4245377771658321,-0.4969710616682378
2,-0.39503501802863017,-0.5083556717945302
2,-0.5604190669621198,-0.4032707445427687
2,-1.2773226458463798,-0.8680602286402097
2,0.37336178276668086,0.4102906892670905
2,-2.716494349319551,-2.4178163787355516
2,0.0,0.02780811213320933
2,-0.48840226512935203,-0.43373780828509345
2,-0.10914446942506828,-0.1660917020086906
2,-0.45593195564972433,-0.847612039879339
2,-0.43365556093857194,-0.31557969642140077
2,1.8908555305749326,1.0715514452491426
2,2.3424226808222066,1.0038538817895428
2,-0.9708417712587858,-0.9139628749326291
2,-0.8695250628572273,-0.956939215354653
2,-1.5923001540388055,-1.1225149146394997
2,1.8061799739838875,1.1982306445197803
2,-0.4771212547196626,-0.23274148894891145
2,-0.4375301220789325,-0.5573045252306013
2,-0.4375301220789325,-0.3112663270616969
2,-0.8193729871114366,-0.6936018993514204
2,-0.31701810104811123,-0.09995425347979703
2,-0.11369943515248693,-0.10137493888905352
2,-0.8786653876605257,-0.6015765384316222
2,-1.0457574905606748,-0.48925577140483206
2,-0.9305282353388833,-0.3502343065272249
2,-0.9974225771121894,-0.41654057103690234
2,-0.4313637641589878,-0.3093329328739127
2,-0.5899954799265803,-0.25903012525152913
2,-0.349334675238536,-0.3078021161729496
2,-0.31214600056944164,-0.6190182306627594
2,-0.515325607389892,-0.4280944544862878
2,-0.4382031886892923,-0.5239843210788635
2,-0.3484546455921187,-0.4657313828906539
2,-0.30011665256835407,-0.22246370972982613
2,-1.287241711178348,-1.115560183239774
2,-1.5563025007672868,-1.4857371362584881
2,-1.1026623418971475,-1.284078905643342
2,-1.621365146523349,-1.481641657203769
2,-1.3802112417116064,-1.3369092145995103
2,-1.5118833609788744,-1.2011922669866495
2,-1.3679767852945943,-1.2464088889885239
2,-1.2846758902054773,-1.0177099356514503
2,0.4871054756262634,0.04255249019653018
2,0.4771212547196626,0.06311071068692858
2,-0.4375301220789325,-0.43706330918483804
2,-0.4375301220789325,-0.06583890961654598
2,-1.1856365769619117,-0.7672130468057615
2,-0.6922366216770506,-0.7263747229313329
2,-1.2713436575250547,-0.9137940045012682
2,-1.431363764158987,-1.29897046474993
2,-1.3950350180286302,-1.3974988384953257
2,-0.5818566052396754,-0.7607955165207745
2,-0.9208187539523749,-0.7335900954821752
2,-0.8782664032669114,-0.6981980365225473
2,-1.568201724066995,-0.9374754584622124
2,-0.7300042380759875,-0.6456557065058293
2,-1.3868809868172471,-0.8891054882566316
2,-1.5797835966168101,-0.78062854973106
2,-1.0321846833714012,-0.7646116343570735
2,-1.463757293161681,-1.106712002009935
2,-0.597243367296171,-0.6455897679192946
2,0.0,-0.7422197049942066
2,0.6020599913279625,-0.21092286065121696
2,0.0,-0.7981485599053856
2,-0.5913361259361896,-0.4798425465171011
2,-0.598653742636051,-0.5621144499856763
2,-0.7995866783816217,-0.47071910881352097
2,-1.0,-0.5831546916927596
2,0.0,-0.615721224751736
2,0.0,-0.6037764132601668
2,-0.42801247478226756,-0.49348668569885756
2,-0.5440680443502757,-0.5363853958356933
2,-0.5094905478629839,-0.5648384076889392
2,-0.6959644941962937,-0.6553565941492011
2,-0.5081554884596313,-0.973422927652706
2,-0.20411998265592501,-0.43789626301724366
2,-0.6251997948362256,-0.7290895136908875
2,-1.167106774763191,-0.6379802416211645
2,-0.5711834248548922,-0.6979588603404203
2,-0.7309097157265505,-0.7834124276690001
2,-0.650863700684476,-0.8071685432380893
2,-0.6132200665486636,-0.5876978420603787
2,-0.6174439308619508,-0.340711623523149
2,-0.36153312878191635,-0.5911080854217762
2,-0.6756627653670817,-0.7751530437872531
2,-0.24303804868629442,-0.6281847553756148
2,-0.5127570174430911,-0.8958639646078721
2,-0.5264558821648508,-0.5795665092083058
2,-0.8325089127062357,-0.48243895256927727
2,-0.39541503364153385,-0.7027617252071796
2,-0.5434878245152701,-0.7008833352774464
2,-0.8253734792025922,-0.4733210667060389
2,-0.45842075605341925,-0.47944964161064135
2,-1.5314789170422554,-1.430490709577589
2,-1.1303337684950057,-0.7425721219057764
2,-1.3679767852945943,-1.5003778645464105
2,-1.6007006960652372,-1.056153340446913
2,-1.5759571887637573,-1.6834606998671915
2,-1.5935321959484972,-1.7004608685813072
2,-1.2218487496163561,-1.536656415706201
2,-1.3424226808222066,-1.1306140782867007
2,-1.5372465248098468,-1.35344240692439
2,-1.26884531229258,-1.5579298595540345
2,-1.4661258704181996,-1.683106740941274
2,-1.3621130196188096,-1.2594542978484526
2,-1.1613680022349744,-1.4384619814091097
2,-1.4349235749252074,-0.7872897911239367
2,-1.306425027550687,-0.4224151768522247
2,-1.695481676490198,-1.0027536373151658
2,-1.3639699395101044,-1.5511041280728413
2,-1.5538830266438746,-1.4422552782481084
2,-1.64204033546293,-0.679606331537197
2,-1.3400940185036232,-1.3182973763390995
2,-1.3324384599156058,-0.5643754142658766
2,-1.2229067147726909,-1.0523507838405677
2,-1.3273589343863303,-1.325369678478097
2,-1.1792963989308927,-1.2235764678889094
2,-1.1072099696478688,-1.497207903267097
2,-1.2385022948534123,-1.2449944827822403
2,-1.8377988012727569,-1.3327551715896764
2,-1.3338225090602887,-0.9091695734724087
2,-1.780557320149522,-1.1130702623380875
2,-1.5940523941160922,-1.2002662974044083
2,-1.5968360472043743,-1.2481795879691147
2,-1.5161145167474324,-1.6475205818343652
2,-1.8908555305749317,-1.9049629080469386
2,-2.3679767852945943,-1.0265019541291813
2,1.0785533136364274,1.0047959074598143
2,1.3720933514894265,1.537034253279905
2,-1.332438459915605,-0.6418420626343945
2,-0.6989700043360187,-0.5025596525765222
2,-0.8616973018337184,-0.6174987079775154
2,-0.349334675238536,-0.5113848890421265
2,-1.1119737594439316,-0.9400018848878542
2,-0.5954962218255746,-0.48971334438374625
2,-0.638489256954637,-0.5873333081050467
2,-0.7318660629392069,-0.6101707373830159
2,-0.36558397217870375,-0.47463996955287424
2,-0.6885045706578534,-0.7485170812713731
2,-0.7318660629392069,-0.6390839947717739
2,-0.7989348563069356,-0.7559752321117537
2,-0.642065152999546,-0.6539461872446849
2,-0.6467919926709484,-0.5202864793837053
2,-0.7227616749930084,-0.6862045886370773
2,-0.7550859463149511,-0.655554831471278
2,-0.5188198888034705,-0.5762039607063577
2,-0.7145377815626688,-0.6064496442134911
2,-0.5696832697124847,-0.6195260527644979
2,-0.25476426106413896,-0.32854769724888044
2,-0.30102999566398125,-0.9032428636262531
2,-1.3424226808222057,-1.2169613125134364
2,-0.2501630993248263,-0.4169487250367159
2,-0.2303092992964082,-0.35084503846208914
2,-1.7569619513137056,-0.8580435059203766
2,-1.259637310505756,-0.2549671110564661
2,-0.6989700043360187,-0.12415658670460633
2,-1.4149733479708182,-0.5712990860271214
2,0.08432088570003593,-0.636344481267408
2,-0.4658402443099732,-0.5460302246619744
2,-0.653212513775344,-0.5058200683666899
2,-0.22052265856496334,-0.3238832901032951
2,-1.4948500216800937,-1.223490185806456
2,-0.7781512503836439,-0.8336931821872589
2,0.6210419042802515,-0.20500406937268623
2,-0.9294189257142929,-1.1233943903623522
2,-1.1461280356782373,-0.46040012907323163
2,-0.5497508916806391,-1.081950027509508
2,-1.1760912590556813,-0.7369544184240049
2,-0.8239087409443187,-1.3029701148169435
2,-0.8239087409443187,-0.8927694863805598
2,-0.46488679830265056,-0.6654037969367745
2,-0.30102999566398125,-0.5109208382350826
2,-1.0,-1.1211638972804296
2,-0.858193338104404,-1.3077301930898266
2,-1.1684044303893906,-0.9554379505606061
2,-1.279840696594043,-1.0915562908622483
2,-0.4569178686313755,-0.44737694280977147
2,-2.0413926851582254,-1.2329503262352048
2,0.2762064119389489,-0.009773219992902482
2,0.37332567307531406,0.15494008037626922
2,0.16062644246752278,0.1781482933966005
2,-1.230448921378274,-1.2610407853195342
2,0.0,-0.4528351285196405
2,-0.6849915040000987,-0.7872236733647695
2,-1.5051499783199063,-1.342180990236929
2,-1.4983105537896009,-0.8500631211690639
2,-1.026328938722349,-1.515417159425623
2,-1.39863532528872,-1.2597147750896416
2,-1.3010299956639813,-1.1543465102632442
2,-0.35396607085177934,-0.6646018616691585
2,-1.5878712508601485,-0.6675042627177193
2,-1.113943352306837,-0.507576204652945
2,-1.4035680936804633,-1.3779094066694455
2,-2.061536246949716,-1.3281909125200149
2,-1.3605460815961639,-1.0877236382623086
2,-0.7513953187236417,-0.511000633636159
2,-1.0,-1.227544701433675
2,-0.5051499783199063,-0.7036483374730165
2,-0.6020599913279625,-0.6163187643159517
2,-1.249198357391113,-1.4894075682586672
2,-1.3511088600072982,-1.4326601844109923
2,-1.5364682557823155,-1.006962467818815
2,-1.8388490907372557,-1.3994256891442975
2,-1.1507237873673866,-1.1962955755898448
2,1.433655560938572,0.6786804890448852
2,-1.1242958134976888,-0.5501594868872095
2,-2.582631439489636,-1.9912707906135279
2,1.518513939877887,0.025632852990720323
2,-1.5772364076029302,-0.8384014380422488
2,-1.3123110060736707,-1.2137685196110242
2,-1.230448921378274,-1.407474547323962
2,-2.136720567156406,-1.205155885482228
2,-1.1442994246318294,-0.7313835138715188
2,-0.4803263945948739,-0.33087092033813614
2,-1.7317625177323261,-0.9393060561097994
2,0.0,-0.09969920863671483
2,0.6344713774668973,0.637899349220757
2,0.9147446062401823,0.6453209464282805
2,1.4831997463478501,0.9054607851390695
2,-0.23855876556918343,-0.45969401147272027
2,-0.23855876556918343,-0.40225133085578313
2,-2.1652019166255547,-1.8194105652970196
2,1.9921746624880434,0.9070289090703132
2,-1.6707758036974223,-1.058097554996559
2,-0.2789761829079378,-0.39180087408453035
2,0.13987908640123692,-0.4118363572360477
2,-1.233630580164463,-1.0815097515848493
2,-0.4375301220789325,-0.3409557452457004
2,0.0,-0.46496086936848785
2,-0.8325089127062366,-0.7167701599661691
2,-1.2001830911637823,-0.8128853054020408
2,-0.9848085011049292,-1.0092313337011483
2,-1.1912646619703375,-1.1775941244368515
2,-0.4375301220789325,-0.41028994806512653
2,-0.4375301220789325,-0.3099528632735594
2,0.0,-0.15641590887763657
2,-1.269512944217916,-1.44134578053692
2,-0.5946780377053624,-0.5429680776159279
2,-0.4375301220789325,-0.033787194517946595
2,-1.076276255404217,-1.309378283694088
2,0.25720393228495464,0.28914794658274684
2,0.352235685510248,0.6329761995256409
2,0.07393356204262513,0.6099702874212061
2,0.7883704155653293,0.5845280190499864
2,1.151267675330649,-0.006974886434584937
2,-0.4375301220789325,-0.26239554095741857
2,-2.6976316535637563,-2.745689322032071
2,-2.4821712474563036,-2.236940999026986
2,-2.5580224811615606,-2.2884775698941198
2,-2.3838673804103276,-2.218582133217906
2,-1.3891660843645326,-0.8559611182808113
2,-0.5854441338464147,-0.23579211701846758
2,-1.0579919469776868,-1.2195821583091353
2,-0.6184504075161321,-0.5442532194428543
2,-0.5947607525864624,-0.610578241642294
2,0.37457379034782434,0.4673825035688148
2,0.4636797336504639,0.3554534235328994
2,0.2260652340175202,0.15534711806567764
2,0.25422278211024096,-0.1325456532059998
2,0.4200275386348755,0.4021118547325459
2,0.8288588489716178,0.07762352337202522
2,0.3412297974458589,0.2552450135299326
2,1.0058072715777469,-0.14902902069934543
2,0.7750122988011618,0.7576193937847095
2,1.1391791757229104,0.692520015006296
2,0.04053354643708662,0.7546146688192348
2,0.023595268108840273,-0.14116654562986475
2,0.41735454416819184,0.1395653264465258
2,0.19010375339756092,0.17490619959367576
2,0.2974496416522383,0.6294526552576136
2,0.0,-0.13402495274745102
2,-0.4375301220789325,-0.26369102477895534
2,-0.4375301220789325,0.04561067279191472
2,0.3209248243809206,-0.7404310584635208
2,-0.8750612633917001,-0.7766194822261934
2,0.08681600298974335,0.4055638685581379
2,-1.0,-0.46809349501260283
2,-1.1180993120779945,-0.600721986128542
2,-0.9845273133437926,-1.084297675926245
2,-0.36408174141106997,-0.7206533628843679
2,-0.585613140277534,-1.110531598810808
2,-1.1760912590556813,-0.7415039364985028
2,-0.4242689473943866,-0.8008103523335719
2,-1.3010299956639813,-1.5878292520459532
2,-0.9898603686491203,-0.9083873319866312
2,-0.4030547239661013,-0.5011782650380344
2,0.0,-0.23964482229885248
2,-1.3408405498123326,-0.8733187428292
2,-0.7403626894942441,-0.5959377143955373
2,0.9852767431792939,0.23370558172335992
2,-1.0082725259659897,-1.0536846903564665
2,-0.20411998265592501,-0.5936589672338668
2,-1.672097857935717,-1.1215161164408982
2,-0.8494839081883114,-0.9784669055041706
2,-1.1505139038522927,-1.0561338140522651
2,-1.0,-1.3049316282735415
2,-1.3010299956639813,-1.0539213240796441
2,-1.3010299956639813,-1.1058497392925153
2,-1.3010299956639813,-0.9141609076575523
2,-1.1760912590556813,-1.0025528508214345
2,-0.8750612633917001,-0.6409010873036883
2,-1.2212278853477807,-1.1824704399762196
2,-1.3760790080450676,-0.6629854033959954
2,-1.007424018079207,-0.8109110268100828
2,-1.0133639615579808,-0.8065337023263883
2,-0.5929893641257866,-0.5870408238763821
2,0.19717943282889738,-0.28834503039118886
2,-1.2014637390121852,-0.8126447838899173
2,-1.3165421618422286,-0.7072126115436963
2,-1.5228787452803374,-1.2397866379361377
2,-0.6020599913279625,-0.7538283167843032
2,-0.005462895701501935,-0.32726354813846026
2,-0.10963564959093297,-0.1529877160879285
2,-0.1870866433571443,-0.2457290081334835
2,0.0,-0.21259266898576581
2,0.0,-0.12126518939579595
2,0.0,-0.2640169071840829
2,-0.3979400086720375,-0.3812609449108966
2,-2.0627908298594555,-1.6588872119721811
2,-1.790300139963239,-1.4841934650651352
2,-1.3379420789967522,-1.4013358978071684
2,-2.01598810538413,-1.741637094142539
2,-1.2018200947643445,-1.4252939536108025
2,-1.3620839610739592,-1.6924619895372635
2,-1.685741738602264,-1.6387161763095068
2,-2.060697840353612,-1.7778861158296684
2,1.6020599913279625,0.20423631734155417
2,1.1461280356782382,1.0252200955062016
2,0.3979400086720375,-0.3424079431558736
2,-0.8205394883444725,-0.510664457107893
2,0.0,-0.32943024275675614
2,-0.6756986619230307,-0.516143785410386
2,-0.9610819339696306,-0.8712164372736213
2,0.0,-0.31775544637596304
2,0.0,-0.16635779234860198
2,-1.8512583487190755,-1.351919766285666
2,-1.0211892990699383,-0.7701651156581746
2,0.9257898770871202,-0.06707107518070998
2,-0.004991945557499378,-0.08372461777445916
2,-0.8514692224701967,-0.6213944819951267
2,-0.5924300073756692,-0.43684956610967307
2,-0.4771212547196626,-0.6986499307223709
2,-0.15875419150038184,-0.4475007232872117
2,-1.5440680443502757,-1.1577470804169248
2,0.0,-0.4081361386337703
2,-1.7909884750888159,-0.8880456706326284
2,-1.039309734009933,-0.7993045285484643
2,-1.1174457461429075,-0.9537367008290492
2,0.6529670694045295,0.6687293361946012
2,0.17609125905568135,0.7606459430843522
2,-0.4771212547196626,1.010485441211049
2,-0.9661417327390325,-0.7886727411265638
2,-1.5228787452803374,-0.6230294306501353
2,-1.026328938722349,-0.5325867387809416
2,-0.19896832053217395,-0.19650489866450743
2,-0.6592028774645318,-0.463047719280397
2,-0.643452676486187,-0.555696280714598
2,-0.7781512503836439,-0.44827630675036967
2,-0.5440680443502757,-0.38411394977871743
2,0.02482358372503235,0.0968349923841762
2,-1.4014005407815446,-1.0875044154047473
2,0.0,-0.42489263803344013
2,-0.05982055802409558,-0.11580385075204036
2,-0.057008267096432697,-0.31977788065064006
2,0.18533191579059416,-0.21105167261050262
2,0.010723865391772947,-0.07863404351941661
2,-0.8193291678780046,-0.7498993038632114
2,-0.2604121447557173,0.1470917891393428
2,0.05115252244738144,-0.08109754856883972
2,0.13262556527459068,-0.07185141170826709
2,-0.40041462779989345,-0.5715704388756914
2,-0.15892323391866725,-0.2738903694446697
2,-0.05799194697768684,0.14356441268654924
2,-0.16391166643477817,-0.4237783963680212
2,0.0,-0.009334593454215001
2,0.0,-0.0998692348943469
2,0.0,-0.10022433785037366
2,-0.19896832053217395,-0.13747523031771086
2,-0.8586708472035305,-0.6615524034870822
2,-1.6334684555795862,-1.5119226227539009
2,-0.3251455612858125,-0.6825148145886487
2,-1.1290946963794575,-1.2156938360390275
2,0.1249387366082999,-0.2839865478148519
2,-1.4269546452539323,-0.9681961983208245
2,-0.8293037728310244,-0.47700960395016645
2,-1.3502480183341632,-1.341227110456559
2,0.3227608935141424,0.10736453982534716
2,-3.3891660843645326,-3.588126909353254
2,-2.3157532524846873,-2.0642972191893167
2,0.8860566476931631,0.637584069289248
2,0.6989700043360187,0.7496343517893456
2,0.3494856763830949,-0.11649064088265287
2,-0.3357921019231931,-0.2993272371963358
2,1.0431024990135827,0.2295147809043268
2,0.48586619024719013,0.33191618576635057
2,0.0,-0.399703227431894
2,-1.1663314217665253,-0.8740929351763729
2,0.0,-0.4895801547334827
2,0.8870600239159199,0.2517816477492883
2,0.0,-0.40023343563293184
2,-1.6962891656882473,-0.7953770840661014
2,-0.1870866433571443,-0.4106871293806649
2,1.072489365083169,-0.0763663717223988
2,-1.0,-0.5560374927247338
2,-0.3357921019231931,-0.3601108886841997
2,-0.6989700043360187,-0.6264689739542877
2,-0.6989700043360187,-0.784829992734097
2,-0.9208187539523749,-1.1181659093901943
2,0.10720996964786877,-0.17159949742700542
2,0.040958607678906134,-0.13626444378938518
2,0.0,-0.5265790153315607
2,-1.3765769570565123,-0.5189461759755465
2,0.7420815496859419,0.7887408558670819
2,0.7085380144275222,0.4173156983634026
2,0.9965887892396132,1.0083530290149527
2,-0.011437917752548543,0.012510773905086758
2,0.7771305813312361,0.921015261574128
2,0.9240900922092257,0.9603381225925633
2,0.8297382846050425,0.844168325347826
2,0.5769756483744999,0.4944881782939025
2,0.7139670542376466,0.8146889909351445
2,1.2929840758710451,0.38482634409060074
2,0.8563790504239464,0.581888324524567
2,-0.71213145039399,-0.6498548481138207
2,-0.49841753604950867,-0.4700492772479293
2,-0.4808174002796255,-0.5662958994796524
2,-0.7745028746371672,-0.6890254711131156
2,-1.6627578316815743,-0.6976499635680891
2,-1.207980403469163,-0.5491119929532784
2,-1.3424226808222066,-0.5914863738159535
2,-0.8450980400142569,-0.8739895874991379
2,-0.9398127940166834,-0.9371155696305018
2,0.9842963893235082,0.6978492773853189
2,0.0,0.12103886936626979
2,-0.9404143100157558,-0.5104603711155784
2,-0.9378520932511556,-0.5139173690879179
2,-0.19033169817029183,-0.6782839609690585
2,-0.6575773191777934,-0.9247627800487226
2,-0.30077283585297465,-0.9686027403808408
2,-0.6989700043360187,-0.8917409033497471
2,-0.8808135922807914,-0.7661213562063337
2,-0.3502480183341632,-0.5180522743742705
2,-1.5075038837133832,-1.0998692566738186
2,-0.8239087409443187,-0.6421789984792288
2,-0.6551910797574312,-0.6349626985898141
2,-0.9857595608853895,-0.6502009632640493
2,-0.7639108112690334,-0.46634116979473933
2,-0.8239087409443187,-0.7143324589754292
2,-0.6078895349886864,-0.680597216422282
2,-0.8096683018297082,-0.5524041160038035
2,-0.503573590084951,-0.8110307974751758
2,-0.9363309201306222,-0.8110307974751758
2,-1.2485009443877964,-0.5685785587700992
2,-0.50991376811597,-0.5292952263960035
2,-0.6378332609820365,-0.5621437998276878
2,0.0,-0.07603596572077559
2,0.0,-0.06212642463101192
2,0.0,-0.11871214313446404
2,-0.8189453214127687,-0.30854859811831326
2,-0.8124792791635365,-0.8936427967244823
2,0.0,-0.20637306104807965
2,0.0,-0.6731260716766034
2,0.0,-0.3396315371705708
2,0.0,-0.554567928149078
2,0.9700367766225568,0.8170171304381337
2,-1.8095597146352675,-1.6432760355932015
2,-0.5314789170422545,-0.6810100970620517
2,-0.7781512503836439,-0.45809614943609545
2,-0.7781512503836439,-0.510381930578177
2,0.07918124604762511,-0.3218238684421337
2,-0.4375301220789325,-0.21768434066968206
2,0.0,-0.2981022523478595
2,-0.4375301220789325,-0.55112726566245
2,0.0,-0.2133902324472648
2,-0.7781512503836439,-0.4449096088446264
2,0.26785190423374505,0.4052642005589631
2,-0.45154571957920364,-0.6211153233925851
2,-0.7870157984620274,-0.44107235744976653
2,0.0,-0.3908230447960853
2,0.0,-0.2966284695129421
2,0.0,-0.21079377439904712
2,-0.45154571957920364,-0.3449973122754064
2,0.37679174465498644,0.6083598641604999
2,-0.2821354275770025,-0.17950180026426615
2,-0.7781512503836439,-0.41419842548279484
2,-0.30102999566398125,-0.47169912623178845
2,0.0,-0.11320279007179851
2,-0.03959044503700948,-0.15933564922129595
2,0.0,-0.12182549339606469
2,0.0,-0.2686668992436221
2,-0.19897007056545224,-0.4307899871417648
2,-0.38907632175972306,-0.25522337920083504
2,0.0,-0.26507516073887194
2,-0.15051493100552538,-0.41518511186545815
2,-0.15051493100552538,-0.1801954310587866
2,-0.09691001300805624,-0.21161767850574711
2,0.0,-0.0877114941675683
2,-0.7870157984620274,-0.3739637037998718
2,-0.4375301220789325,-0.2205097137520378
2,-0.3494856763830949,-0.22734486637985865
2,-0.4375301220789325,-0.056342061436290336
2,0.0,-0.32994578980076733
2,0.0,-0.32456042344893504
2,0.0,-0.24414251248121352
2,-0.19896832053217395,-0.006189415216193983
2,-0.4375301220789325,-0.5790011002035962
2,-0.4375301220789325,-0.5548715907770297
2,0.0,-0.45019048367924974
2,-0.23855876556918343,-0.05047082995316149
2,0.0,-0.28711137151952537
2,-0.23856180154675855,-0.4339871057608337
2,-0.19896832053217395,-0.2931008909193038
2,-0.23855876556918343,-0.31377349701809654
2,-0.23856180154675855,-0.10797822108413307
2,0.0,-0.19823797917040692
2,-0.2525756490137514,-0.4743540318522891
2,-0.03959044503700948,-0.47136511944171855
2,0.03959044503700948,-0.35204775906006947
2,-0.23855876556918343,-0.3622657868749102
2,0.008864074484683293,-0.22335925517429506
2,-0.23856180154675855,-0.1336465290519303
2,0.0,-0.0969459164181466
2,-0.6505165472438836,-0.2310176474677402
2,0.0,-0.7311350841695239
2,0.30102999566398125,-0.3117287388678137
2,-0.4375301220789325,-0.3427278661504144
2,0.0,-0.030503790853104784
2,0.0,-0.1252328363584565
2,0.0,-0.31509111434826004
2,-0.3494856763830949,-0.2866858663018089
2,0.0,-0.42809254260285173
2,0.0,-0.1450236823511079
2,0.0,0.004268047106705752
2,0.0,-0.0342445613913952
2,0.0,-0.17805718947017823
2,0.0,-0.059284502428961605
2,0.0,0.24109081665001947
2,0.0,-0.17786542566492747
2,0.0,-0.3669210027733126
2,-0.7870157984620274,-0.6531472160828942
2,-0.30102999566398125,-0.07893983938420224
2,0.0,-0.27546733783575333
2,0.0,-0.20371269159195254
2,-0.9700367766225568,-1.1008346484162768
2,-1.3613168631983266,-1.2534274831006562
2,-1.220761653975142,-1.400559206564014
2,-1.1633708452519596,-1.3304496271963406
2,-1.4771212547196626,-1.553961639620713
2,-1.3424226808222066,-1.2530617559747383
2,-1.349585478950286,-1.5104678945788106
2,-1.500602350569185,-0.902256708247321
2,-1.3802112417116064,-1.4345971617903055
2,-1.1949766032160545,-1.0584244870583899
2,-1.4149733479708182,-1.478899819362032
2,-1.1760912590556813,-1.0826651996139445
2,-0.7112044607530308,-1.1188695444479602
2,-1.3841949163398928,-1.1053102400793433
2,-1.860338006570994,-1.3467261438399771
2,-1.330413773349191,-0.7249657476125425
2,-0.7509990043400281,-1.036746750861663
2,-1.0569876608480024,-1.020879233652973
2,-0.9542425094393252,-0.6200936949560425
2,-0.4771212547196626,-0.8283659462113562
2,-1.4996870826184043,-1.1078336723842133
2,-1.3929480631145381,-1.107442450023103
2,-1.355387657986574,-1.2850393983467805
2,-1.522257881011762,-1.3299085409454527
2,-0.5657587417617291,-0.8879506504784975
2,-1.3010299956639813,-1.3445910518333963
2,-1.5250448070368448,-1.2049417382643457
2,-2.2816014438256547,-1.7321159663355419
2,-1.575270339843267,-0.9506251045101137
2,-1.0672352615654335,-1.691298935782129
2,-1.5228787452803374,-1.2928317155555458
2,-1.0,-1.4120665790003775
2,-1.4831116184088495,-1.5375924721742036
2,-1.6690067809585756,-0.7641739625539778
2,-1.625541087177485,-1.575702106805329
2,-1.6020599913279625,-1.8376251193973638
2,-1.7781512503836439,-1.7694272229812078
2,-1.1903316981702918,-1.0362881763647818
2,-1.6180480967120925,-0.9673316241769643
2,-1.5528419686577806,-1.351099095570378
2,-1.113943352306837,-1.0903437138648016
2,-1.6690067809585756,-1.4825367679687302
2,-1.066946789630613,-1.1459806984447465
2,-1.4771212547196626,-1.3627578773964977
2,-0.17609125905568135,0.2969334459573784
2,0.04221633946413483,0.3942859685205761
2,0.05338452113950165,0.19200012504686653
2,-0.008889378689054261,-0.24949407028966789
2,0.5160209375257532,0.4656065249704618
2,0.4480806748140447,0.467083223379077
2,0.6296719922204899,0.039144127118194094
2,-0.03111980057738517,-0.12259394324733208
2,-0.4375301220789325,-0.43702983766715575
2,-0.7870157984620274,-0.562906518150333
2,-0.7781512503836439,-0.32332409454596045
2,-0.4375301220789325,-0.4821609930245699
2,-0.3494856763830949,-0.2703316368356241
2,-0.4375301220789325,-0.3264377050389152
2,-0.3494856763830949,-0.3047424545215649
2,0.0,-0.17894002936619047
2,0.0,-0.23297784204918656
2,-0.3494856763830949,-0.30679213943356143
2,-0.4375301220789325,-0.5888081202238613
2,-0.09691001300805624,-0.040592560068907435
2,-1.0399875249893382,-0.7057578818970349
2,-1.3245110915135037,-1.034791920170311
2,-0.550649497692774,-0.5876214608561192
2,-1.0016055267154176,-0.7274018349043381
2,0.5621068834718308,0.5208954824490735
2,0.0,-0.2179916399287703
2,0.42376472293646295,0.6511789386895923
2,0.045757490560675684,0.1600603001207202
2,0.614154047356525,0.3502766501981504
2,0.09347640971467452,-0.3227416059189223
2,0.23888208891513685,-0.20445468827133473
2,0.4478852873552155,0.43063605070248806
2,0.21075196571557608,0.2511676697721024
2,0.5648639195917164,-0.26394917951570884
2,0.007004901568658184,0.09481142204762433
2,-1.9632530916138462,-1.397983412093281
2,-1.764608677068301,-1.2611064203818214
2,-1.7283537820212285,-1.4819463422165216
2,-0.8562344061322165,-0.707992727840522
2,-1.8195439355418692,-1.6854152926528927
2,-0.7781512503836439,-0.6689316600137624
2,-1.0969100130080562,-0.7821910213293195
2,-1.2284793285153697,-0.7929533315643229
2,-1.1832698436828046,-0.8170765305990291
2,-0.36317790241282566,-0.5279867303029103
2,-0.4771212547196626,-0.5279867303029103
2,-0.8952646494799872,-0.6332187026340718
2,-0.1870866433571443,-0.27068369644898993
2,0.30102999566398125,0.045326538432211405
2,0.1055101847699742,-0.13813425007528618
2,0.16272729749769965,0.001587861137529567
2,0.13587872267231305,-0.3288029446595863
2,-0.8985423592412225,-0.5636223805191961
2,-1.052758049162799,-0.8013077669739878
2,-0.3148656857969785,-0.2975586874941465
2,-0.035912621145258505,-0.23508930186210986
2,-0.9079747380403926,-0.6354045671031416
2,-0.5797835966168101,-0.3563817422105692
2,-0.1055101847699742,-0.3129233822683601
2,-0.6020599913279625,-0.28772855090007415
2,-0.3832167518513314,-0.24218602864665006
2,-0.1353106860769584,-0.37292096643462175
2,-0.5581545056288801,-0.45750995963794294
2,-0.6989700043360187,-0.7644472524995063
2,-0.9493900066449132,-0.7318360590083877
2,-0.9208187539523749,-0.6864936579959393
2,-0.9509145660903977,-1.1070184248913122
2,0.09691001300805624,-0.16298052526121293
2,0.0,-0.41066276142318076
2,1.2552725051033065,1.079737920562656
2,1.3309932190414244,0.1378352685021726
2,-1.0993846321359122,-0.615230357886157
2,-0.9751764162749677,-0.7563744193918525
2,-0.4771212547196626,-0.7788642716676266
2,-1.7754621118728622,-1.5659296612828153
2,-1.6417073513700187,-1.4960088789239434
2,-1.0894004112293114,-0.6885931124025383
2,-1.0,-0.950051632082817
2,-1.633468455579587,-1.455490661588444
2,-1.8404197777364857,-1.6477826140061351
2,-2.3374592612906557,-1.7764935354635019
2,-0.3064250275506879,-1.7152375204892274
2,-0.9294189257142929,-0.9475946542720879
2,-1.1461280356782382,-0.5926568917546552
2,-1.4471580313422194,-1.4584764621438198
2,-1.3771847870814184,-0.7732697530244652
2,-1.1356626020000729,-1.3978632548732985
2,-1.423245873936808,-1.2432291075547053
2,0.05799194697768684,-1.2156984112203735
2,0.0,-1.1811614909279717
2,-1.6127838567197355,-1.512463511982825
2,-1.6344772701607315,-1.6230208825542602
2,-1.0662755460937365,-0.6138462551576004
2,-1.213879819945081,-1.233800108867379
2,-1.0859146287065933,-1.0632075526245686
2,-0.9802233603509167,-1.0632075526245686
2,-1.518513939877888,-0.8305021674664556
2,-1.240433142284875,-0.8305021674664556
2,-1.4974206917829962,-1.1645467185748906
2,-0.9678153166285988,-1.091992416342755
2,-1.2887955392469692,-0.8772709248229078
2,-0.3424226808222066,-0.5713322042593474
2,-0.19005691519250512,-0.3600102994551765
2,-0.20524948779689467,-0.3456719052515183
2,-0.6989700043360187,-1.0226136744375136
2,-1.0,-1.158210261960513
2,-0.5797835966168101,-1.1312696366143313
2,-0.8890752039971392,-0.7914990225085958
2,-0.7528453851188734,-0.5835972258157827
2,-0.5797835966168101,-0.9632302191260382
2,-0.9542425094393252,-0.9023815392240166
2,-0.8969726181938462,-0.8391522533574732
2,-0.5368894597231524,-0.3300460612860918
2,-1.1461280356782382,-1.3784275918417896
2,-1.8808135922807914,-1.0354040197674452
2,-1.0910804693473324,-1.097209827273497
2,-1.079181246047625,-1.2252069029430044
2,-0.8129133566428557,-1.0899375000408518
2,-0.9542425094393252,-0.851065453726038
2,-1.0413926851582254,-1.0216796873812197
2,-0.7496627125722055,-0.8133101540645894
2,-1.0433460369455343,-0.8841035498255683
2,-1.3344537511509307,-1.3774952068095947
2,-0.5755009628084942,-0.6501922189487783
2,-1.2174839442139058,-1.5328081128040911
2,-1.733011972712987,-1.128712900975863
2,-1.3771847870814176,-1.5761327633876259
2,-0.5794353717028686,-0.7037370637841004
2,-1.053684858962776,-1.1987690472088754
2,-0.9809013839687024,-1.320350352738683
2,-1.049891869945637,-1.1736995401943775
2,-1.079181246047625,-0.8088873011176303
2,-0.8964186656113675,-0.9644616919988991
2,-1.199601769708555,-1.3960517177812608
2,-1.500602350569185,-1.0939173580059165
2,-1.8325089127062366,-1.3017370984294447
2,-2.08278537031645,-1.6069144647662335
2,-1.346787486224656,-0.8815828161601931
2,-0.9197316583111608,-1.2565941483870244
2,-1.0453229787866576,-0.9584397370995084
2,-0.8808135922807914,-0.7648579097619235
2,-1.4049261295327038,-1.5165815233406736
2,-0.5622244770093765,-0.7984794861725245
2,-1.204119982655925,-0.9107282312791916
2,-1.134698573897456,-1.0859300624938644
2,-0.32123338175226746,-0.6383798592307067
2,-1.3881801713828814,-0.8539670801327139
2,-0.8202744562892246,-0.8470109452632988
2,-1.0,-0.9498973788733698
2,-0.8129133566428557,-0.8047422165434882
2,-0.6989700043360187,-0.5475855631128097
2,-0.653212513775344,-0.630546580254096
2,-0.6478174818886373,-0.5086812049611178
2,-0.9330532103693869,-0.8997864287368242
2,-0.6020599913279625,-0.5130221682581821
2,-0.9030899869919438,-0.8621367559999717
2,-0.5835765856339492,-0.8285479338982707
2,-0.7459665670122426,-0.9629025479094377
2,-0.5351132016973494,-0.709460816965366
2,-0.05696987867700454,-0.19408715164112927
2,-0.4232458739368079,-0.7285130546481288
2,-0.8880262405560675,-0.653527981705615
2,-0.7070878945581978,-0.6247131651336132
2,0.01931957001786344,-0.47247642752330077
2,-0.18486518336318625,-0.46825677993786974
2,-0.9050244867691433,-0.8038695266563458
2,-0.7206892540292547,-0.8337135425414786
2,-0.6661774909397113,-0.5345709326901233
2,-0.30102999566398125,-0.5700156873131349
2,-0.7337321105952306,-0.8140411066459015
2,-0.44313675740929437,-0.6663348657698085
2,-0.2912701583748243,-0.7726189232316912
2,-0.5399120845791181,-0.29529830585558475
2,-0.08432088570003593,-0.25023254899549474
2,-0.4149733479708182,-0.4791353224252974
2,-1.1303337684950057,-1.0545221236005573
2,-0.7296388241024712,-0.5897793893190285
2,-0.27470105694163216,-0.7510253271875329
2,-0.2200696759654459,-0.5025569107472285
2,-0.22454833550784858,-0.5799745472809208
2,-0.7569619513137056,-0.7369628767183279
2,-0.8908555305749317,-0.9701973056728399
2,-0.1259773881291375,-0.40239706225411814
2,-0.06454790588958392,-0.4068400198725315
2,-0.7634279935629378,-0.7647758813680436
2,-1.1383026981662816,-0.8420117692260181
2,-1.0655015487564325,-0.802815580116031
2,-0.9133091521736292,-0.9985750930381241
2,-1.0,-1.3654211636073341
2,-1.7853298350107671,-1.7350136017161222
2,-1.857332496431269,-1.75911695513937
2,-1.1903316981702918,-1.3198334969712175
2,-1.4259687322722812,-1.5708708219627623
2,-1.3979400086720384,-1.5459973253357124
2,-1.3815495924838688,-1.5673722521460018
2,-1.5228787452803374,-1.0699257931317205
2,-1.6434526764861879,-1.0676864727690987
2,-0.9420080530223132,-1.0289845476330142
2,-1.0,-0.9835747951453111
2,-1.5797835966168101,-1.3835452123400354
2,-0.6154239528859442,-0.6648510231143069
2,-1.0,-0.7949507977367006
2,-0.8239087409443187,-0.9943268607630877
2,-1.1842857376709528,-1.24855455714836
2,-1.4913616938342722,-1.4595877036980518
2,-2.2671717284030137,-2.0446783007857117
2,-2.0863598306747484,-2.0810685048739748
2,-1.7781512503836439,-1.5160428898855693
2,-1.4175355647354184,-1.5349999832832055
2,-1.4471580313422194,-1.447012241135162
2,-0.32605800136591245,-0.9480709452568481
2,-1.1832111229993103,-1.03501945643844
2,-1.1461280356782382,-0.86407965758507
2,-0.6283889300503116,-0.8418593047789908
2,-1.4149733479708182,-1.0858063642648614
2,-1.1249387366083,-1.0516800236250679
2,-1.0211892990699383,-0.9059304940235322
2,-1.0,-1.076784044349092
2,-1.4161648287782365,-1.1248195738065332
2,-0.31527043477859173,-0.6807889881281305
2,-0.5440697772466896,-0.7317142631331662
2,-0.7690078709437733,-0.8638779733363746
2,0.0,-0.35175799609672515
2,-1.0,-0.6669145337021511
2,-0.9565343062189093,-0.6338972508063363
2,-0.7367585652254185,-1.041114810035082
2,-0.7569619513137056,-0.9454944669355616
2,-0.7388415163737116,-0.501182383255642
2,-0.5973135563035008,-0.6621206655538984
2,-0.9629086884180129,-0.5195138369971817
2,0.0,-0.5936138942094675
2,-0.23749614683474451,-0.21141206229409365
2,0.0,-0.345142620158641
2,0.0,0.1335297023479835
2,0.0,-0.02840304889961226
2,0.30102999566398125,0.00040765776086659766
2,0.30102999566398125,0.49050332826606696
2,0.5228787452803374,0.6385719476658993
2,0.6989700043360187,0.599290887324353
2,0.9030899869919438,0.6533249601215627
2,1.0413926851582254,0.9286119828252097
2,-0.3539660708517802,-0.7411601665602336
2,0.15490195998574308,-0.08472965283537864
2,0.0,-0.17454330040427513
2,1.5287082889410613,-0.17260987930654753
2,0.6989700043360187,0.7862491334051509
2,0.9637878273455556,0.13441143489500001
2,0.6501214367982016,0.9466836515146837
2,0.0,-0.19739693661336993
2,0.3083881257855836,-0.33709760234057096
2,-0.8601209135987631,-0.6798008051817261
2,-0.5880452543028749,-0.5546130885409503
2,0.0,-0.22028649999590136
2,-0.08414466557917422,-0.40332146584516376
2,-0.8980104614626683,-0.9068268044910872
2,0.0,-0.10540887011297961
2,0.0,0.13458396989024507
2,-0.8728283819594083,-0.61054695930411
2,-0.16918659085637255,-0.1380459874976957
2,-0.28560963679648754,-0.3924369735685994
2,-0.6594614630523452,-0.5896919466171544
2,-0.9183299535486809,-0.6721701275703325
2,-0.7781512503836439,-0.564132265799878
2,-0.4274952522337543,-0.5710706882973191
2,-0.40576534618399407,-0.7482169762903539
2,1.5751878449276608,0.8577632067194434
2,-0.6746106584765741,-0.7069062805796983
2,-0.3979400086720375,-0.40409049261584884
2,-0.8864907251724823,-0.514573713001278
2,-1.1059581419854538,-0.4974517237796375
2,-1.1802078252505135,-0.8473605439400449
2,-0.9269790626571934,-0.6948976936239529
2,-1.3424226808222066,-1.032974879075664
2,-0.989004615698537,-0.6025822864391477
2,0.0,-0.28248767968469785
2,-0.17609125905568135,-0.6511300686879412
2,-1.0710633558254452,-1.0343160441901174
2,-2.079181246047625,-1.534465255790036
2,-1.3891660843645326,-0.954849723476882
2,-1.7944863039009302,-1.4284330720164355
2,-0.5850266520291818,-0.5762163464178467
2,-0.935542010773081,-0.31392675772893763
2,-1.9586073148417746,-0.6430404836024964
2,-0.3881801713828805,-0.4235066733885648
2,-0.4237472722783231,-0.5981543915199506
2,-0.1870866433571443,-0.6586839476602269
2,-0.773216032708131,-1.02563907264476
2,-0.9456423376774072,-1.0214077610027505
2,-1.2582780152430315,-0.8380275174001071
2,-0.30871682433027203,-0.552012684318852
2,-1.36408174141107,-0.9779809564202204
2,-0.7384785456196923,-0.9779809564202204
2,-0.4701723947643339,-0.4365106148425952
2,-0.9887189895903106,-0.5512681784231139
3,-0.8750612633917001,-0.7855811731513163
3,-0.5290390539851559,-0.7702456165110356
3,-0.36172783601759306,-0.6724727543378792
3,0.0,-0.4673331821449025
3,0.8147100267930405,0.3995274871355435
3,0.0,-0.6827582719160595
3,-1.4775597146073878,-1.2697524688495425
3,0.2491831573502452,-0.2298488413201334
3,-1.8927900303521312,-1.6877787284388979
3,0.23027753297520626,0.09281536261661011
3,0.4637659462712156,0.5199947669289746
3,-0.5642714304385628,-0.6236478962031189
3,-1.1760912590556813,-1.2998220571295194
3,-0.8239087409443187,-1.165179640727938
3,-0.7403626894942441,-0.32702762924721174
3,-0.43933269383026285,-0.6045769470560576
3,-1.4471580313422194,-1.3381990212689523
3,-1.7659167939666318,-1.64941088237359
3,0.38021124171160636,-0.12471284145459627
3,-0.39752826612063075,-0.4228882880450745
3,-0.37905157618436736,-0.8730491781829505
3,-0.8286038621526988,-0.6203723163537276
3,-0.6876889939263293,-0.7931046901006009
3,-0.6283889300503116,-0.873975001969159
3,-0.9562910721145945,-0.8938605478427182
3,-0.14106518745881935,-0.24861678310553081
3,-0.41912930774197577,-0.4640953707637108
3,-0.36408174141106997,-0.6426058033437063
3,-0.17609125905568135,-0.6533940715496276
3,-0.6145129060142454,-0.6582671424365482
3,-1.2777586532509932,-0.8517188064856835
3,-0.8538719643217618,-0.7961141026403007
3,-1.103219486915064,-1.0025819220489691
3,-0.3979400086720375,-0.3778529422250913
3,-0.4350870709486365,-0.8373148001441113
3,-1.6627578316815743,-1.2061492714977546
3,-1.079181246047625,-1.0854896915961594
3,-1.6603910984024672,-1.3981199225632157
3,-0.8239087409443187,-1.135997932653418
3,-1.000293343126251,-1.2923293108976457
3,-0.36166919116139606,-1.1803027142608964
3,-0.8378796830090751,-1.1084068685419095
3,-1.3679767852945943,-1.175082542548573
3,-0.013788284485633184,-0.21783630549669797
3,0.4771212547196626,0.019965703034244664
3,-1.008773924307505,-0.857410106195404
3,-0.10886390425013914,-0.6271564216651594
3,-0.14612803567823818,-0.42569431202308355
3,-0.4118545232070705,-0.6513010919599818
3,-0.706148588963142,-0.47634077208900205
3,-1.0,-0.9365407141539268
3,-0.6020599913279625,-0.7216146912955619
3,-0.1669478796158108,-0.5750764172164318
3,-0.6205848987164888,-0.7238854851259751
3,-0.14221543714647567,-0.19461952205753025
3,-0.45593195564972433,-0.3837847699153771
3,-0.4220736883887568,-0.41693924191343446
3,-0.91832995354868,-0.8467647880554932
3,-0.9542425094393252,-1.0137852432391947
3,-0.9395055936387653,-0.7057609858744974
3,-1.4360690591766065,-0.9572505115857683
3,-0.6538152820635048,-0.6905539763948457
3,1.6225558417338535,1.1376657379434953
3,1.9268567089496926,0.1513352689381155
3,1.0585947152658468,1.1080273893596448
3,-0.07389564958594175,-0.40436888712459707
3,-0.08432088570003593,-0.3985183634252357
3,0.14976232033333226,-0.2609762446291459
3,-0.17926826284964825,-0.2732385655958336
3,-0.4771212547196626,-0.4939589249622481
3,-0.8880262405560675,-0.7191319569820428
3,-1.6127838567197355,-1.202431779436231
3,-1.6812412373755876,-0.890445156270234
3,0.17596999855457174,-0.09750411074430965
3,-1.1749315935284423,-1.342845299503582
3,-1.7781512503836439,-1.640698051123425
3,-1.6020599913279625,-1.8521545360358411
3,-1.3489535479811643,-0.8920331905011473
3,-0.5215995264411646,-0.5550196072696554
3,-1.865301426102544,-1.2178576962074037
3,-0.40866387406381044,-0.616204639967987
3,-0.6170416326987436,-0.7650184014343225
3,-0.2466723333413885,-0.4953939672410199
3,-0.2614389320748671,-0.5578108965786926
3,-0.3853508813640172,-0.3657023122070192
3,-0.5127853228438921,-0.5960915747727656
3,-0.7609437229818958,-0.743932437393955
3,-0.3521825181113618,-0.43752552688055524
3,0.0,-0.30889769880474427
3,-1.2291697025391013,-1.557262815121334
3,0.0,-0.23777003064667568
3,0.0,-0.06654694701108044
3,-1.5539985458577226,-1.4669721033500058
3,0.14132915279646951,-0.08953629657408252
3,-0.06766585912156575,-0.1450185800647228
3,-0.09472741951745256,-0.1735346743755921
3,-0.787911087672799,-0.892425795122785
3,-0.30102999566398125,-0.2871603430923922
3,-0.15490195998574308,-0.2720369578179409
3,0.0,-0.13492872878585832
3,-0.3521825181113627,-0.44919711116851013
3,-1.2396406820895027,-0.7449576400139748
3,-1.0,-0.8595248316270956
3,1.079181246047625,0.37576561332569697
3,-0.8129133566428557,-0.9377253306063608
3,-0.5606673061697371,-0.5352930141216048
3,-0.5772364076029302,-0.5500995194789247
3,-0.6809789030384632,-0.29596689298254564
3,-1.485315733334934,-1.1447762870158142
3,-0.2667973899192777,-0.677365166884738
3,-0.27547589119159266,-0.6978915009262019
3,-0.7086972828532296,-0.8409869933891586
3,-1.1505139038522927,-0.9214046476395834
3,-0.7330850365019916,-0.4823413259636056
3,-1.3010299956639813,-0.982628772292695
3,-1.0,-0.7182874569017839
3,-1.740362689494244,-1.5094704953746245
3,-0.43365556093857194,-0.4156508376512082
3,-0.20411998265592501,-0.6668177766085014
3,-0.7942448013084267,-0.6105094060693462
3,-1.4886416777494738,-1.198541617113171
3,-1.1083394747888384,-1.0879243675115333
3,-0.537441864015932,-0.952336458637163
3,-0.09556972905670502,-0.25125098650985034
3,0.2731973322082579,-0.02193185558324806
3,-1.157607853361668,-0.9333208548133716
3,-0.5051499783199063,-0.6803734408095127
3,-0.32451109151350366,-0.5105105149235922
3,-0.4249783800632443,-0.5042999283941361
3,0.0,-0.6246622142340561
3,-0.10354059190706888,-0.3250025439690726
3,-1.8239087409443187,-1.5188376246378958
3,-1.920818753952375,-1.625199210923998
3,0.07207557205669168,-0.3275995144668393
3,-0.8166095022028195,-0.8530834430347715
3,0.0,-0.6355465701786572
3,-1.1687920203141813,-1.3427886344861801
3,-0.4631243644872516,-1.0072305909379926
3,-0.37974700384601867,-1.0134568094240994
3,-0.35373634617998473,-0.3944568369313477
3,-0.2932046581520247,-0.5171712681362404
3,-0.39159983064101844,-0.5244367852937365
3,-0.9673308832466319,-0.935775946970986
3,-1.4685210829577446,-1.1758666154948498
3,-1.2218487496163561,-1.1872826158609113
3,-0.45593195564972433,-0.3600676328366997
3,-0.0778376825188154,-0.5279884942906685
3,-0.1295794045405394,-0.3536329464646181
3,-0.404570587571051,-0.45743999054847595
3,-2.0969100130080562,-1.3755243464633358
3,-1.7781512503836439,-1.4226721551373855
3,-1.6434526764861879,-1.439402177752673
3,-0.3357921019231931,-0.4234534934795822
3,-1.5947607525864624,-0.9669030416135049
3,-0.6398485522173623,-0.41016016350098705
3,-0.38021124171160636,-0.26444641659356916
3,0.0,-0.451665917725537
3,0.0,-0.07409269821553904
3,0.0,0.08091500955277126
3,0.0,-0.15626977298351158
3,0.0,0.029422710246169992
3,0.0,-0.00833174309246898
3,0.0,-0.02532262534454155
3,0.0,-0.15304252675780206
3,-1.20682587603185,-1.303777587500457
3,0.0,-0.11268768439560406
3,1.113943352306837,0.5426725165768342
3,-0.10669428249220125,-0.521417033510929
3,-0.4771212547196626,-0.49194486506974017
3,-1.1802078252505135,-0.8711751617927546
3,-1.4423175473797247,-1.4528416700854692
3,-1.0910804693473333,-1.0972528973048032
3,-0.2542865921216544,-0.519045216814402
3,-1.0377885608893997,-0.9498507616131775
3,-0.2561333467764424,-0.43077092164244146
3,-0.6493280729138764,-0.6524452296691466
3,-0.7388553441053656,-0.6355359271427475
3,-0.4577730894245233,-0.6412832339656731
3,-0.7136932611567257,-0.6479328856346079
3,0.6726856520807178,0.2405569525132802
3,0.6001519882093254,0.14578126866577662
3,0.018951941086827517,-0.16646243619815937
3,0.0,0.11780684234592459
3,-2.184096913980195,-2.153523909293614
3,-0.6232492903979008,-0.6907966256742657
3,-0.4582359105592877,-0.7886034623023305
3,-0.151267675330649,-0.469395971051394
3,-0.6989700043360187,-1.1207454323816457
3,-0.2704919284145202,-0.23629002846974753
3,0.006939606751780403,-0.26554663068228085
3,-0.17749745257663463,-0.44220725361957963
3,-0.12368361632897873,-0.25740522875326866
3,-0.8028661382047408,-0.8317949211682292
3,0.0,-0.13442246211841757
3,0.8239087409443187,0.5288842066089354
3,-0.6863808770279984,-0.6209852339473477
3,0.0,0.13401673636268657
3,0.0,0.04737703836475132
3,0.0,0.14612012863220342
3,0.0,-0.017011571024772354
3,0.7403626894942441,-0.06263367493420124
3,0.0,0.07521271865792517
3,0.7403626894942441,0.11186477222389973
3,0.7403626894942441,0.6803593038628821
3,1.0,-0.24283121386666642
3,1.0,0.06384507019729874
3,-0.38321675185133053,-0.47046190745300154
3,-1.0,-1.2386344517280439
3,0.0,-0.2636047001575572
3,-0.7075701760979367,-0.42801621818903546
3,-1.4924519734409554,-0.5573248413002365
3,-1.2908903643131016,-1.0051018821557347
3,-1.0864630007623939,-1.0169127428494462
3,-0.27561440003725846,-0.6018207842394362
3,-2.6106601630898796,-1.2611101996112117
3,-2.929418925714293,-2.8848745456916896
3,-3.1205739312058496,-2.7333627610229625
3,-2.4240428112362427,-2.312126678641226
3,-2.212303431710126,-2.148046898652972
3,-1.8200654018625588,-1.176022381817855
3,-2.331519317811881,-2.168158144468444
3,-1.0413926851582254,-0.47071017697943546
3,-0.3231801236256153,-0.16715999581022983
3,0.10737544668622157,0.18222474031755292
3,0.8888183474403863,0.8748852977193959
3,-3.0663924890041176,-2.8454965147919995
3,-1.8718162085785535,-2.2815221565222843
3,-2.0688812894078126,-2.5323109102516947
3,-2.005829543660724,-2.0236940763527937
3,-2.3096301674258983,-2.626411676036617
3,-3.206315241661555,-2.590773477962236
3,-2.645913275033844,-2.2105476423393107
3,-2.687974620034556,-2.889381889396491
3,-1.4065401804339555,-0.3501397243767147
3,0.0,-0.35578797822639185
3,0.0,-0.2881208765468031
3,0.0,-0.22994905410417008
3,-0.6465051297683573,-0.4976408024544437
3,-0.5619427681199802,-0.6716363015642133
3,-0.73115468770742,-0.7253115484697985
3,-0.7533276666586115,-0.6428726296818061
3,-0.6989700043360187,-0.6735075463781497
3,-0.653212513775344,-0.6155095798055601
3,-0.033105124157981614,-0.4752202090434302
3,-0.2181760471203864,-0.451983169649697
3,-0.6307051727774926,-0.5222847644700404
3,-0.3708529182030551,-0.4025691004000306
3,-0.07195673106437983,-0.3692314578756022
3,0.15836249209525022,-0.3893735286909913
3,-0.31994698356234874,-0.6096631081018846
3,-0.39503501802863017,-0.5092209791472911
3,0.8633228601204568,0.8788696496758646
3,-1.0,-1.0672867261267274
3,-2.1939486868026874,-1.5682317207734082
3,-2.219924961390217,-1.6360151822261435
3,-0.7403626894942441,-0.5277949440403469
3,-1.069006971504451,-0.49994085435803337
3,-1.3159703454569183,-0.4798089537237537
3,-0.1842857376709528,-0.3309101828995651
3,-0.3701109148072801,-0.3144044815907909
3,-0.6398485522173623,-0.7070600297824752
3,-0.236480969533841,-0.4685901352932229
3,1.763941633261446,1.4626107906898693
3,2.0639897471525535,0.13960102661747037
3,1.8243033747578457,-0.3687598864238234
3,0.8327695154634727,-0.45496405894916825
3,0.26753037425284454,-0.3952711068664726
3,-0.6973585201794386,-0.5261169560740369
3,-0.7974564055790303,-0.6631407302241358
3,-0.7870157984620274,-0.5918220779011689
3,0.0,-0.6983625213997046
3,-1.113943352306837,-0.9426628266238373
3,-0.44493657134826137,-0.5245032410453329
3,-0.5882717068423293,-0.6673731454443186
3,-0.7989348563069356,-0.5972824475120082
3,-1.0819563001023962,-0.8730813959424386
3,-0.10473535052001282,-0.3052534136173336
3,-0.7549214096651689,-0.8697036514781515
3,-0.7300042380759866,-0.5031664380244839
3,-0.5929166118880929,-0.3367108239105874
3,-0.18364439694612678,-0.25674534962842577
3,-0.07918124604762511,0.13040379108684746
3,-0.43933269383026285,-0.4928273336012443
3,-0.3405385369476548,-0.20612580357032867
3,-1.3661962846069269,-1.4172209815507912
3,-1.1249387366083,-1.1602009995269953
3,-0.6917914197088955,-1.096726054664797
3,-1.7781512503836439,-1.5938081489192386
3,-1.2648178230095368,-1.371273413659689
3,-1.154901959985743,-1.1624228044270513
3,-1.4375303314980883,-1.3864208448963034
3,-1.2582780152430315,-1.1525291385869834
3,-1.5642714304385628,-1.494693969226211
3,-0.4375301220789325,-0.2315847690923015
3,-1.6926266329514812,-1.2636585430940552
3,-0.5166297960033361,-0.4957169526432765
3,-1.431363764158987,-1.2043954928292402
3,-1.272474535210928,-0.7698706621420515
3,-1.1903316981702918,-1.1366232985184426
3,-0.8973376581028525,-0.6824246254039703
3,-0.5835765856339492,-0.9091023821724613
3,0.0,-0.37926283398728555
3,-0.7289332277134619,-0.372236355866575
3,-0.7955365657786055,-0.643038455517283
3,-0.808114473761087,-0.7535069693868585
3,-0.598653742636051,-0.6820089630457352
3,-1.0,-0.4183562818138624
3,-0.6606653005632923,-0.6013633587630361
3,-0.5440680443502757,-0.5950375342051923
3,-0.3901303070435729,-0.5667572912722078
3,-0.5094905478629839,-0.502459733003588
3,-1.0,-0.6115004936968544
3,-0.7672348358945449,-0.6153699648011067
3,-0.824644210183429,-0.5452431937555448
3,-0.5071746648863202,-0.7137172826611726
3,-0.16883592022309912,-0.9119071880802458
3,-0.6940254217189574,-0.5804139863335783
3,-0.7545638531061272,-0.6621921610754476
3,-0.9336648928393814,-0.6388869953022585
3,-0.16272729749769965,-0.5019209893951077
3,-0.7713751873175951,-0.4617857800638753
3,-0.7501225267833993,-0.7413857337789125
3,-0.5423809577330196,-0.64692376102454
3,-0.3889566680708807,-0.4818417745420152
3,-1.519287394190787,-1.4343358763179594
3,-1.803261970966675,-1.5800913143417628
3,-1.346515967314966,-1.2187992761751199
3,-1.7396442534629069,-1.413266031746797
3,-1.3700399458583679,-1.2852288077269571
3,-1.6207422042957162,-1.5701282800955552
3,-1.7215358322347596,-1.5658923110751632
3,-1.345700390583442,-1.5158366100081833
3,-1.5835765856339492,-1.3760948371880748
3,-1.6197887582883936,-1.3381408064494869
3,-1.4778825072930193,-0.7782321153463251
3,-0.9777236052888476,-1.2638106143030692
3,-1.4018450592255762,-1.1052394899928077
3,-1.4795273244855407,-1.319768200918693
3,-1.7455952164279207,-1.3657165553125992
3,-1.5096504795465826,-1.4727159811647803
3,-1.1256386472866255,-1.363936548650537
3,-1.4458937088134602,-0.9274406361261607
3,-1.3175990970971743,-0.8876829660508363
3,-1.7215358322347596,-0.8963648592332025
3,-1.976961016011427,-1.2007291771885569
3,-1.4892551683692599,-1.4671986677765698
3,-1.3284682440109208,-0.6491724779202352
3,-1.343372997354356,-1.0437317843012053
3,-1.230448921378274,-1.538020988146563
3,-1.1760912590556813,-1.319349159643143
3,-1.4559319556497243,-1.4259360401899799
3,-1.9190780923760737,-1.7770012318083772
3,-1.5217916496391233,-1.6708967449181593
3,-1.7472175361399929,-1.4156629411887403
3,-1.670941280735775,-1.713957665573663
3,-0.616672031877334,-1.0867710830368744
3,-1.0566117062143716,-1.268862383723406
3,-1.675300043738182,-1.258275836578175
3,-0.2114192213974242,-0.2379212000533689
3,-1.8309092995464429,-1.0327849815524046
3,-0.3992755437555049,-0.3180482244764088
3,-0.11362062053529165,-0.3493663399512932
3,0.0,0.1088821701079315
3,0.0,-0.6942471968574269
3,1.7649308809849815,1.4141903119847035
3,1.4440447959180762,1.316322272815026
3,0.0,-0.21962132159234832
3,-0.4313637641589878,-0.6788130516908187
3,-0.21260809288144422,-0.7184949333814099
3,-0.8328635835972458,-0.8379184215228499
3,-0.5740312677277188,-0.6719484790321277
3,-0.9542425094393252,-0.6552918268152534
3,-0.6320232147054057,-0.679683991595602
3,-1.1914975900970806,-0.8108145635515698
3,-1.1461280356782382,-0.8840529722870862
3,-0.9294189257142929,-0.8220842791617016
3,-0.5188198888034705,-0.596585744014383
3,-1.4395415394615556,-1.3805650822042
3,-1.079181246047625,-1.0213892798366209
3,0.0,-0.3345493994389629
3,-0.5268090389087696,-0.5281375929658361
3,-0.6696394023113736,-0.5331742508497627
3,-0.7092460664759814,-0.5451945967658631
3,-0.5330562595094737,-0.5890429179294832
3,-0.8145012724224872,-0.6313343757251465
3,-0.7739952906124863,-0.6862938576534434
3,-0.6879746200345549,-0.6551872002050968
3,-0.2646054261027677,-0.45823124365208373
3,-0.6503646709025173,-0.44712472542210546
3,-0.3372421683184257,-0.4359180023894422
3,-1.0315170514460652,-0.5382792303062202
3,0.0,-0.5458177935396655
3,0.0,-0.41590956673552576
3,-0.9759196228469422,-0.3448889190690273
3,0.0,0.031139935457873802
3,-1.7050441520482122,-0.8226340696066061
3,0.0,-0.6211667910335503
3,-1.0,-0.4191551224794193
3,-0.5932860670204576,-0.5635430242767974
3,-0.5789946872592688,-0.5338931011258443
3,-1.113943352306837,-1.2289045699524206
3,-0.672097857935718,-1.426791699803292
3,-0.9646720376582572,-0.9654873332521103
3,-0.4432453729278514,-0.7107226986594802
3,-0.46915232504838666,-0.6509158827185803
3,0.0,-0.415808146660885
3,0.0,-0.2647330801117963
3,-1.3802112417116064,-1.1291067204759335
3,-1.3273589343863295,-0.9062544445542797
3,0.0,0.11625877903206489
3,0.2705922030369319,0.3387548975295514
3,0.7032250103799518,0.3448196263034002
3,0.5399788431160077,0.4655904540124059
3,0.2127271121038934,-0.09593272501371142
3,0.8675245105715961,0.7000269476159793
3,1.2309713024148268,0.958020646991713
3,0.7187630910163998,0.5109504355695218
3,0.42579681672523595,0.29692781471810786
3,-1.01598810538413,-0.9643888465574167
3,-1.7809263044384158,-1.3864655366808287
3,-1.078021580520386,-1.557178473538135
3,-1.9259992664561558,-1.5052166885480185
3,-0.979244778409381,-0.9768388559465109
3,-0.8319763626923518,-0.6465337436284693
3,-0.588557520924315,-0.8835299034291817
3,-1.7303784685876424,-1.030435736967473
3,-0.14612803567823818,-0.4565918698893035
3,-1.1382316259813603,-1.4910682859113065
3,-0.7440483790712067,-1.1234982363811667
3,-1.3601514477826377,-1.003476903882872
3,-0.3133971826694042,-0.8611474316955858
3,-0.7220353084047115,-0.7837245466824029
3,-1.4522976709946303,-1.0946357440285848
3,-0.8101204564586855,-0.6651896562921585
3,-1.717453410030032,-1.793484399269072
3,-2.228294797183975,-2.19575143927937
3,-2.1471014267810613,-1.973089569230139
3,-1.5304131631775952,-1.4123516509436644
3,-0.355387657986574,-0.3539354109370795
3,-0.6671781699121677,-0.5336379022646701
3,-1.4074853265782679,-1.5545502567219878
3,-0.5729576096236553,-0.4563082168926126
3,-1.1760912590556813,-1.2834194094325329
3,-0.4514759214932562,-0.7750106319679684
3,0.30102999566398125,0.26636346199951416
3,-1.3135157072120407,-0.6371622952672652
3,-0.3077633783229494,-0.5705694471603457
3,-0.4202164033831899,-0.5737268488360899
3,0.0,-0.6605796954770076
3,-1.014723256820706,-1.388388920202243
3,-2.1487416512809245,-2.328852425381985
3,-1.2123034317101258,-1.9340318246114523
3,-0.9612474110079834,-1.5707718101323882
3,-1.4832443397784516,-1.818716969044492
3,1.7558748556724915,0.298840097754749
3,-2.3832167518513314,-2.8628772721506044
3,-2.3790031895226376,-2.3156442823261822
3,-2.3735249804634035,-1.9814910326884556
3,-2.8084360542881113,-2.2710459128152136
3,-3.086449942612389,-2.4771990445403675
3,-2.0307346169761686,-1.9064009253368501
3,-2.4205058365707792,-2.67017906599817
3,-0.4957264992367225,-1.0271231152151903
3,-0.3032628770962731,-0.6481823523143826
3,-0.4330536280883628,-0.6288964998583886
3,-1.438747391205414,-1.3411856678687026
3,-0.34145865271958975,-0.42465469106821885
3,0.08804493295993954,-0.29552921225144946
3,-1.3541084391474012,-1.4303395339484588
3,-1.3979400086720375,-1.0635082092472823
3,-1.3862016054007933,-1.1731504966007142
3,0.03959044503700948,-0.013916035635692936
3,-1.157607853361668,-1.1737854592023986
3,0.8694954079490973,0.1031859881782336
3,0.9951744561107096,0.1031859881782336
3,0.47856329638292383,0.462575143299971
3,-1.3685816523588086,-1.0245534054480827
3,0.5440680443502757,0.8237323762520594
3,-1.1461280356782382,-1.2224300170481228
3,-0.9190101329859175,-1.0931269735935463
3,-0.23856180154675855,-0.26834647492938507
3,0.0,-0.3848997793034843
3,-1.2350691190150194,-0.7674234159678923
3,-1.1856365769619117,-1.1533992083348907
3,-0.09691001300805624,-0.31790534198218656
3,-1.3041210726411228,-1.1791808429640145
3,0.0,-0.06040927295838522
3,-0.42596873227228116,-0.572257283921731
3,-0.6320232147054057,-0.8050930019274226
3,-1.2427025566017047,-0.7306974151303526
3,0.20056502843888158,0.3454280722862863
3,0.8846065812979305,0.9827611883285321
3,0.9700367766225568,1.0950476202399222
3,0.0,-0.43204993244890133
3,0.0,-0.07497908283322763
3,0.0,0.00021399681687950256
3,0.0,0.08530676329746628
3,0.0,-0.3788851885881614
3,-2.005829543660724,-2.1032785363923847
3,-2.0425523506854635,-2.319001605860551
3,-2.5060538173181506,-2.4294051513701955
3,-1.5492378443889558,-1.6908470847448849
3,-0.15490195998574308,-0.43873342501708323
3,-0.15490195998574308,-0.15826695605618818
3,0.0,0.02061942142095252
3,-0.6658539941039692,-0.8434897761597695
3,0.45319267569014343,0.3236612874002435
3,0.014723256820706965,0.5377937574096034
3,0.3958163150421816,0.12557352980860753
3,0.15933357478481813,0.059591455374906566
3,0.0,0.5337730030692001
3,0.7347714789456772,0.5181980427139068
3,0.38945759571829885,0.18617178783310256
3,0.5208292648142576,0.11986220405622844
3,1.2397082152473793,1.2962826920653412
3,0.8639199713173529,0.392077433849016
3,0.20985563495709947,0.12555545687130149
3,0.39538854403305557,0.4397393491764771
3,0.424029543381379,0.35022195327860667
3,0.0,0.5530186830216333
3,0.023675089903716362,0.08681767351798403
3,0.571379327328061,-0.17050372464775293
3,0.5389186541454025,0.5554495893718843
3,0.2508049577803275,0.5083806800548742
3,0.0,-0.028264590474415985
3,-0.8750612633917001,-1.0081719531006663
3,0.0,-0.14025234836833333
3,0.0,-0.12912004910989233
3,-1.2230878217319043,-0.7587285905571803
3,-1.0,-1.1005013106306656
3,0.4056057432185165,0.4960393914539028
3,-0.09400502236464892,0.16392320483698247
3,0.17463880404736631,0.05803077393929418
3,-1.0351136194163244,-0.8481518147156474
3,0.0,-0.34833823868752023
3,-0.43933269383026285,-0.48011037705371634
3,-0.9200284089082231,-0.9600579542345296
3,-0.9542425094393252,-0.7671869146856891
3,-0.21075871684946446,-0.6662632755592077
3,-0.7596678446896306,-0.753665192236995
3,-1.3424226808222066,-0.8351857847107587
3,0.10431404621996965,-0.475643661233744
3,-0.5383909114585848,-0.5987962136971102
3,-1.740362689494244,-0.6537200534799601
3,-0.41017446508904953,-0.6775552225329464
3,-0.5460648041063507,-0.5050489640575874
3,-0.7533276666586115,-0.6212467974001966
3,-1.3010299956639813,-0.8427826441089857
3,-1.1505139038522927,-0.6033494658967692
3,-1.1505139038522927,-1.391034132538637
3,-1.6989700043360187,-1.1852440381135467
3,-2.1505139038522927,-1.1518204191397157
3,-1.1505139038522927,-0.6312255421239356
3,-1.0,-1.0945466363994638
3,-1.3010299956639813,-0.9658210346234404
3,-1.1801596211900938,-1.1289767379940032
3,-0.4375066456660379,-0.48814762937425066
3,-0.6989700043360187,-1.1008507379957864
3,0.1397698316532603,-0.07662401883341002
3,-1.3441906747575478,-0.630006478055198
3,-0.5198558016467656,-0.6289185241692751
3,-1.0007679833688323,-0.8533410518884732
3,-0.7792634007530115,-0.7105815599299974
3,-0.8903780214758052,-0.34923042509470237
3,-3.08795517035513,-2.888255302629511
3,0.0,-0.10020277583340748
3,-0.23823916580452575,-0.500413677234397
3,-1.8280647007154762,-1.453816647515127
3,-1.9294189257142929,-1.7964589788977794
3,-1.4593924877592306,-1.3528813618804998
3,-1.6264193371874072,-1.3679638303156763
3,-1.8692317197309762,-1.5870177216300816
3,0.9030899869919438,0.26739734062173565
3,-0.8251134420826896,-0.47678638160038245
3,-1.4372678984262883,-1.234369495949845
3,-0.5336026106721103,-0.29610639015912976
3,0.0,-0.08448586149016807
3,0.0,-0.07317467908275993
3,-1.7269987279362624,-1.5065720993444212
3,-0.42596873227228116,-0.5615888564622635
3,-0.7269987279362624,-0.7395302296019601
3,-0.9222062774390167,-0.8275406165431201
3,-0.8211858826088454,-0.7580454189150052
3,0.43818045492417124,0.2726297980855507
3,-0.9957212020207251,-0.799018397891462
3,0.6573413950487694,0.18740811071795566
3,0.18499212056651704,0.09833641175914637
3,0.18288786853376138,0.3237818358608669
3,0.5641359674050559,0.5656998492962937
3,-0.7403626894942441,-0.5099198032299461
3,0.3246679966354229,0.38765186539442437
3,0.7781512503836439,0.02157671751032647
3,0.30102999566398125,0.48993006597514926
3,1.0,0.6653484368687168
3,-0.34948628751527444,-0.5232044004039857
3,-1.0496419314221423,-0.7449511482449449
3,-0.22184874961635614,-0.5520104043261794
3,-1.1186897873312986,-0.9596265206292831
3,-1.125806458139527,-1.137979342840705
3,-0.865301426102544,-0.7266909141355772
3,-0.29718097949306443,-0.182782393439393
3,0.05368485896277697,-0.09931664043977462
3,-0.2304489213782741,-0.30454770224810734
3,0.06581728448964341,-0.32490266284410835
3,-0.08203605708217943,-0.46416626077644224
3,-0.045757490560674796,0.045488813059051225
3,0.05115252244738144,-0.028982704511175794
3,0.17609125905568135,0.164043068968099
3,0.048304679574554754,-0.21401379532792608
3,-0.10198953853733084,-0.34655970144061005
3,-0.06305174574708872,-0.20461864476746017
3,-0.4881678788616428,-0.497512573323537
3,0.0,-0.4855436616298486
3,0.23888208891513685,-0.5535339408850938
3,-0.3330881015206941,-0.4513198686929241
3,-0.6020599913279625,-0.15971308341098817
3,-0.17574002911349673,-0.29604341238953963
3,-0.3357921019231931,-0.2796913035062104
3,-0.19964128268496673,-0.3599261126485919
3,-0.17609125905568135,-0.4468394364464612
3,0.6687190734409958,0.21011545198276055
3,0.0,-0.13321312024523818
3,0.0,-0.3650478142254514
3,-0.6020599913279625,0.03914616906430829
3,-0.653212513775344,0.5000467817568015
3,0.5161539089494696,0.5477186794163635
3,0.6816274485899259,0.28243586797054104
3,0.0,-0.4856868579980354
3,-1.2002249387724007,-1.0527449289024404
3,-1.0889410833367812,-1.429198430458401
3,-0.4210053127407303,-0.5700616187053285
3,-0.865301426102544,-1.0944554330417027
3,-0.7608714329386874,-0.606502146102117
3,-0.7403626894942441,-0.5401004076416427
3,-1.0667513375652513,-1.014508531712456
3,-1.1681223293844054,-0.9606949605606074
3,-1.2787536009528289,-1.4288780731631718
3,0.17567887514922909,0.1305666524256361
3,-0.7403626894942441,-0.5003278922195935
3,-1.6434526764861879,-0.6947354809256371
3,-0.23855876556918343,-0.16041137362436614
3,-1.066946789630613,-0.5378924758213709
3,-0.955032854483477,-0.7267614643683834
3,-0.6434526764861879,-1.2902653660634775
3,1.6241101320710358,-0.4406098169600812
3,-1.5295824315748439,-0.3035552191956856
3,0.10319830233507865,0.1160640158000345
3,-1.4149733479708182,-1.5559542418735972
3,-0.36408174141106997,-1.0281683494587894
3,1.6020599913279625,0.7049095482762449
3,0.7403626894942441,1.1595518093131072
3,1.1962946451439684,-0.14907011492206046
3,0.6989700043360187,0.894297985008125
3,0.0,-0.05199806083344877
3,0.2683104668039187,0.3168342981290822
3,-0.44542775151412606,-0.4062395855030613
3,-0.3357921019231931,-0.36309604926135686
3,-1.089987216455599,-1.2289880289423185
3,-0.4375301220789325,-0.3015266550896699
3,-0.960232873128513,-0.9986473933008893
3,0.0,-0.2506444247946765
3,-1.0,-0.45239942574801184
3,0.0,0.2487889706781416
3,0.653212513775344,0.6993795943948122
3,-1.318063334962762,-1.103018561989664
3,-1.3539337079111249,-0.8569651187329241
3,-2.046512129294256,-0.781540371749748
3,-1.365903776671729,-1.2534421922199204
3,-1.1249387366083,-0.6901111342600936
3,0.1294022340875074,-0.3645201748369772
3,-0.30102999566398125,-0.4399574279667555
3,0.13771302464472868,-0.20072963258203969
3,-1.3979400086720375,-1.173289644403409
3,0.0,0.14797704231135206
3,-0.728259380438006,-0.7581383844919267
3,-0.43933269383026285,-0.5740025823141534
3,-1.3979400086720375,-1.0048164933631103
3,0.4771212547196626,-0.28481599010331893
3,-0.3521825181113627,-0.6282618092350152
3,0.448794056252094,-0.560145729219879
3,1.19755483358907,0.38056278424353535
3,0.9636548325559984,0.3822900046855014
3,1.0656225647827258,0.8214583551820911
3,1.1578299420813645,0.8607155339379051
3,0.6757357240908215,0.3913806873928312
3,1.259844068177789,0.6609878253263921
3,0.27147475210226535,0.12359420938298132
3,0.45185636256515416,0.2694858242630314
3,-1.343781976084931,-0.9540587452544413
3,0.4610493196492511,0.4795304886462138
3,0.7191542243137574,0.26468902149625756
3,0.70351763208674,0.7539427814624948
3,-1.4983105537896009,-1.614844089947075
3,-1.0443762570945339,-0.8028763521205518
3,-0.5362030253104102,-0.6030157771124752
3,-0.4761902908435509,-0.5954770933855378
3,-0.7155010314710326,-0.71071349242449
3,-0.48783189575486574,-0.44386768075503097
3,-0.8311920126834114,-0.567028536061388
3,-0.8826144012821455,-1.3812993423787079
3,-0.3309932190414244,-0.6944757691654291
3,-2.1692364124099317,-1.1484936948672606
3,0.1636739850503961,0.20484725716351454
3,0.0,0.30408967787031566
3,0.451927270561173,0.20038340254285852
3,-0.4375301220789325,-0.4575930374185635
3,-0.9652378937407882,-1.0027442927507935
3,-1.090176630349088,-0.5845860426740969
3,-0.6555043105549281,-0.5635793872066885
3,-0.8293037728310244,-0.8516847886262557
3,-0.500602350569185,-0.5925625832198156
3,-0.46797787527979207,-0.4783805810467785
3,-0.8450980400142569,-0.7574309346214183
3,-0.6557448502907386,-0.7428378477717983
3,-0.842392146638332,-0.6139722706636561
3,-0.7569619513137056,-0.7119545201517619
3,-0.7781512503836439,-0.9210314813427335
3,-0.9868385539420288,-0.7398836996766529
3,-1.2932046581520247,-0.8166644556350986
3,-0.9234428977785232,-0.6113627285008472
3,-0.445712790468038,-0.6120798766116932
3,-0.795880017344075,-0.8466607243922206
3,-1.2477844837107561,-1.0622566424589384
3,-1.207431011261928,-0.7729125346361897
3,-0.6917914197088955,-0.763142639896369
3,-0.3099848383169075,-0.5033303058892445
3,-0.5698753079565613,-0.6983814353746008
3,-0.8702087605972881,-0.5574959172784606
3,-0.3979400086720375,-0.5006694403998797
3,-1.653212513775344,-1.6171562134379291
3,-0.7403626894942441,-0.37163695364326055
3,0.0,-0.48525840760166
3,-1.0,-0.4415862832437665
3,0.0,-0.3573684930255661
3,0.0,0.1174780269234375
3,0.3979400086720375,0.7423502242263615
3,1.5228787452803374,0.8063035099711888
3,-0.5913361259361896,-0.8828371976364506
3,0.0433514207947967,-0.0978152511407509
3,-1.2314695904306818,-1.1002281495986828
3,0.30102999566398125,-0.29984947261851824
3,-0.3494856763830949,-0.2625090528489065
3,-0.3494856763830949,-0.35859751580932786
3,-0.3494856763830949,-0.4208728333442729
3,0.38021124171160636,-0.24469797381339767
3,-0.38021124171160636,-0.2920249353902427
3,-0.3494856763830949,-0.3429640096681732
3,-0.09691001300805624,-0.3870857574883485
3,-0.09691001300805624,-0.5747846049961195
3,-0.4375301220789325,-0.10234477694158572
3,-0.3494856763830949,-0.18706286410867912
3,0.0,-0.15609310039058416
3,-0.24303804868629442,-0.2599697269093194
3,0.625074354750077,0.27170637434471906
3,0.0,-0.22591361659670753
3,-0.7870157984620274,-0.5670522030573111
3,-0.4375301220789325,-0.40112016200392664
3,0.0,-0.024380717150961018
3,-0.45154571957920364,-0.4099160933000129
3,0.011899223299707273,-0.253765195064217
3,-0.3979400086720375,-0.1391261259018356
3,-0.3979400086720375,-0.3364652343911637
3,0.0,-0.29111128081014015
3,0.0,-0.3650973269783454
3,-0.4375301220789325,-0.5365930536670884
3,0.0,-0.18414568895969924
3,0.0,0.04308703036136524
3,-0.4375301220789325,-0.5174664420440014
3,-0.4375301220789325,-0.3997790964789728
3,-0.3494856763830949,-0.37634817458839465
3,-0.4375301220789325,-0.38139258125531506
3,-0.4375301220789325,-0.48103907266584717
3,-0.19896832053217395,-0.025322420565398795
3,-0.3494856763830949,-0.29084794900905026
3,-0.19896832053217395,-0.01273107700985443
3,-0.4375318721122108,-0.3258275240358452
3,0.0,-0.12130270921207942
3,-0.23855876556918343,-0.43904395166194793
3,-0.4375301220789325,-0.28560478155863084
3,-0.4375301220789325,-0.24161361635691067
3,-0.7870157984620274,-0.3036565935902112
3,-0.4375301220789325,-0.2782804494617994
3,-0.6020599913279625,-0.41484616596661394
3,-0.34948420103163524,-0.08114955173368271
3,-0.19896832053217395,-0.1743433107101205
3,-0.23855876556918343,-0.025463705563943395
3,-0.389077352590518,-0.07325649030662429
3,-0.23855876556918343,-0.18521209656562426
3,0.0,0.002976401721114963
3,0.0,-0.213502493011408
3,0.03959044503700948,0.03231399678102992
3,-0.3098941018406549,-0.1598579501512395
3,-0.8266064438386556,-0.3710577109208547
3,0.30102999566398125,-0.36264291321991154
3,0.04845513955992686,-0.442235197179599
3,-0.08804493295993954,-0.31763446314964305
3,-0.4375301220789325,-0.18411109373718154
3,0.0,-0.053379119408767994
3,-0.3494856763830949,-0.15778439683917234
3,-0.4375301220789325,0.14454454002160494
3,-0.7870157984620274,-0.528901127776327
3,-0.3979400086720375,-0.09899787624746509
3,-0.3979400086720375,-0.19787716243777603
3,-1.1962946451439684,-1.2835168338608098
3,-1.0,-1.1778440362369063
3,-1.346787486224656,-1.2115776368924334
3,-1.8698833244772235,-1.7433072569271415
3,-0.6989700043360187,-1.5879770062731686
3,-1.7781512503836439,-1.302284280008573
3,-1.7781512503836439,-1.0980172185347854
3,-1.4738799660368604,-1.2978035982191862
3,-1.6989700043360187,-1.4369186200939206
3,-1.740362689494244,-1.4812814786979798
3,-1.6989700043360187,-1.5827493099246295
3,-1.2552725051033065,-1.6903642936915104
3,-1.3832167518513314,-1.3342209069664495
3,-1.4913616938342722,-0.871891067297647
3,-1.8061799739838875,-1.5981892124707784
3,-1.361727836017593,-0.7964252742904244
3,-1.3374592612906557,-1.30516077437119
3,-1.3489535479811643,-1.2923137474602069
3,-1.6368220975871743,-1.1577843511596924
3,-1.4722687519252506,-1.184426972405088
3,-1.3869446243705745,-0.9365332663842497
3,-1.113943352306837,-1.0892002454104177
3,-1.1249387366083,-1.139807098636333
3,-1.0,-1.3472561274450563
3,-1.0969100130080562,-1.0148252857731361
3,-1.1499884564914762,-1.0192750024433295
3,-1.3010299956639813,-1.3069063028503038
3,-1.4771212547196626,-1.2952999654006978
3,-1.2787536009528289,-1.309224450725674
3,-0.9467544880467749,-1.118009145797095
3,-1.4259687322722812,-0.9977285036345904
3,-1.3726051894766655,-1.0674281848581015
3,-1.3276994240014997,-1.3725538731184115
3,-0.8846065812979305,-1.335262561852895
3,-0.9232082756993556,-1.3232767108911492
3,-1.1663314217665253,-1.2833205648796184
3,-1.3010299956639813,-1.2006989456085972
3,-0.42596873227228116,-0.8127791745994295
3,-0.5228787452803374,-0.5874949465235438
3,-0.8218497723919924,-1.072027762800768
3,-1.3769086061615203,-1.3440306682381555
3,-0.963147274896242,-1.1404804976651643
3,-0.8635031026969804,-0.9340009289020428
3,-1.4863861882411777,-1.3408056613761525
3,-0.661713993460503,-1.137941664922711
3,-1.2037419073682978,-1.4418655014241186
3,-1.6761217932395551,-1.5824691874290848
3,-1.4987698816821302,-1.2687549287700404
3,-1.7745169657285498,-1.3010363100252618
3,-1.480881403592969,-1.1881783484938506
3,-1.5028380383052404,-1.412062334875992
3,-1.2478509382615277,-1.4291304559009645
3,-1.548650858090097,-1.1628642115432066
3,-1.3798355303350363,-1.394670690188342
3,-0.9661417327390325,-0.8519321866719471
3,-1.5228787452803374,-0.9777487203366098
3,-1.7558748556724915,-1.6294098582560452
3,-1.6320232147054057,-1.7125764794342448
3,-1.7781512503836439,-1.7372630089437464
3,-1.3862016054007933,-1.3288195022039337
3,1.2502571681130155,-0.39192774488919857
3,0.18047450544588006,-0.14232261940861957
3,0.26619901390198386,-0.13149802721562082
3,-0.014459282395584694,-0.0967002122712603
3,0.8981814186151089,0.7779507741550278
3,0.18347207737417293,0.07212152039857839
3,0.5983321188087194,0.3708954629324644
3,0.054303400524028156,0.3153748555651686
3,-0.09005152751604584,0.1243941047913299
3,0.501267424470992,0.18924561714761196
3,0.24162739779117715,-0.3007056357379635
3,0.2353756021490181,0.20980839754552555
3,1.2850569696875684,0.8976249232649276
3,0.5976358520105602,0.6922643082349804
3,-0.04778894189133087,0.2848632709219298
3,-0.8750612633917001,-0.5947641067756702
3,-0.6020599913279625,-0.20386462234327474
3,0.0,-0.053120977214351994
3,0.0,-0.2583173338385232
3,-0.3494856763830949,-0.22219011118608778
3,-0.45154571957920364,-0.4077819651264679
3,-1.310370021918124,-0.7010906653283493
3,-0.3651474952757301,-0.4975501552481211
3,-0.8522634644019309,-0.6987469544013193
3,0.9129723757621191,0.4212212383997607
3,0.6857670331351287,0.3014480974872518
3,0.7284446902292494,0.706856936859982
3,0.4151420387796598,0.26860334810541237
3,0.14304465902613295,0.4042478655170883
3,0.3672038743416062,0.48085509873670823
3,0.6805956007997604,0.40390149811713577
3,0.7043325400962628,0.2003376096227824
3,-0.8129133566428557,-0.9760944455462026
3,-1.2430380486862944,-1.1083616289172786
3,-1.0248235837250323,-0.6564757572964408
3,-0.09691001300805624,-0.6102369086120649
3,-1.3222192947339186,-1.2742609491179888
3,-1.8512583487190746,-1.0814322822156217
3,-0.5544777313520406,-0.43929543488434475
3,-1.3631779024128257,-1.0091698059867245
3,0.2632414347745815,-0.40374920413347254
3,-0.07463361829690385,-0.01971519877933231
3,0.2596373105057559,-0.4158629563549469
3,-1.1383026981662816,-0.8466507490658401
3,-0.5228787452803374,-0.4510871095502046
3,-0.6847295652214083,-0.6993452703818839
3,-1.0616905138872896,-0.6968415807404819
3,-0.9868927245113239,-0.9010992417488763
3,-0.3215516628085835,-0.45118188791990005
3,-0.4988405044128985,-0.4839436749371331
3,-0.59633038992206,-0.7062610737261599
3,0.28222643184127527,-0.4931393460060938
3,-0.71213145039399,-0.5225984421308102
3,-1.1055101847699733,-0.764239904427354
3,-0.6966371725035474,-0.7330653568456609
3,-0.8283178598493732,-0.955835500627805
3,-0.5228787452803374,-1.0968521437097711
3,-0.8628809888076958,-0.9128611750171708
3,-0.939135091176583,-0.720778828589307
3,1.9138138523837167,0.9609464187203076
3,1.359021942641668,0.7240875248863259
3,1.3010299956639813,-0.05233856094810724
3,-0.7533276666586115,-1.3446115104904293
3,-1.204119982655925,-1.5262686532956133
3,-1.4393326938302629,-0.9033243043709884
3,-0.9777236052888476,-1.0153128882972764
3,-0.8239087409443187,-1.050494804341112
3,-1.0,-1.1170756136971987
3,-1.4819201376014313,-1.765790787494968
3,-1.6127838567197355,-1.0457946314863507
3,-1.0211892990699383,-1.0014117818732569
3,-0.8450980400142569,-0.5223935812127785
3,-1.4471580313422194,-0.8961013676762328
3,-0.8450980400142569,-1.1409637410680167
3,-1.6901960800285138,-0.8442085739417116
3,-1.4065401804339555,-1.155517753879931
3,-1.423245873936807,-1.4856987932823718
3,-1.2552725051033065,-1.1058582531927967
3,-1.2552725051033065,-1.1903628305248901
3,-1.5440680443502757,-0.8688427594736403
3,-1.871183608328498,-1.526527741972713
3,-1.5314789170422554,-1.6014341796849816
3,-1.955206537541942,-1.3756195156428173
3,-1.9934362304976112,-1.4476636278174624
3,-1.0,-0.4224615402856354
3,-1.0,-0.6378120459282521
3,0.11159708901596588,0.08116064799197781
3,-0.8224489261852765,-0.9687289383958049
3,-1.1393684520309417,-1.1478897016840595
3,-1.3620182368855867,-1.2460256116982829
3,-1.0,-1.1478897016840595
3,-1.277548899814458,-1.2460256116982829
3,-1.995279361327416,-1.3574107165304738
3,-1.0102191651816854,-0.8274165226804086
3,0.0,-0.6836447514647361
3,0.0,-0.5005326336669312
3,-1.0,-0.685832246695316
3,-0.9912260756924951,-0.8803152638317676
3,-0.7596678446896306,-0.8744699021317965
3,-0.3979400086720375,-0.5519572105035297
3,-0.4771212547196626,-0.23870542078843002
3,-0.8195439355418692,-1.2595230811580511
3,-1.0700378666077546,-1.0523474446629075
3,-0.9777236052888476,-0.8460492366013257
3,-0.5331418207276597,-0.6143823852320485
3,-1.0969100130080562,-0.8546338493177194
3,-0.9030899869919438,-0.8313922474328572
3,-1.0,-0.8176463287757387
3,-0.7649984701971482,-0.7774552004046824
3,-1.4161237976022498,-1.3421606334538543
3,-1.4425378337054742,-1.0883510819327915
3,-1.24177739618455,-0.8586426368555418
3,-1.4281347940287885,-1.3562040783035263
3,-1.4149733479708182,-1.2951296307539235
3,-1.6993646381495449,-1.391922232814169
3,-1.3350882209232404,-0.9291850123700026
3,-1.4592884775846455,-1.1815575022907128
3,-0.5696265473873332,-0.6897565093835931
3,-0.5056147129623305,-0.8921646749387551
3,-1.1205739312058496,-1.2809776402680215
3,-0.9731278535996983,-0.9902163014173362
3,-1.0922526548953835,-1.038943359080975
3,-1.6872316010647745,-0.6382847783266558
3,-0.9700367766225568,-0.9829203141655971
3,-1.079181246047625,-1.197552004841688
3,-1.113943352306837,-0.9379877894466371
3,-1.1026623418971475,-0.8514842974432959
3,-1.1635021317476602,-1.1735109441294713
3,-2.079181246047625,-1.823835765791897
3,-1.5051499783199063,-1.067260198748455
3,-1.7501225267834002,-1.5599460454489815
3,-0.8239087409443187,-1.0166288538351336
3,-1.4973246408079497,-1.2430043360921839
3,-1.5177391056279266,-0.9721754745773892
3,-0.7276151857855488,-0.568138885306922
3,-1.0,-0.9335989863852733
3,-1.0969100130080562,-0.7572170596711374
3,-1.0,-0.6674017573508059
3,-0.9488474775526186,-0.772279791875214
3,-0.28523572848074874,-0.760069023652999
3,-0.32658410013636985,-0.7783357849269821
3,-0.3357921019231931,-0.6796340472429013
3,-0.7380340271756607,-0.9060828887395362
3,-0.6020599913279625,-0.6448100065103177
3,-0.7569619513137056,-0.5840154862695319
3,-0.9700367766225568,-1.112033179694564
3,-0.1733929190978749,-0.605367436355817
3,-0.3099848383169075,-0.1832406787903641
3,-0.6709412807357751,-0.862098675442625
3,-0.48666657262589297,-0.4384985150331182
3,-1.1268732363854994,-0.8811619050352422
3,-0.49600659888003573,-0.31731524211044876
3,-0.3949397456653134,-0.545595491569952
3,-0.5011594955871015,-0.2545903438703831
3,-1.0644579892269181,-0.812352514918762
3,-0.3752760240360935,-0.7335525281770066
3,-0.11650556907143717,-0.5937533312407165
3,-0.804386601241843,-0.5885744866515007
3,0.0315170514460652,-0.185858487424375
3,-0.9274493328513884,-0.7886060529575056
3,-0.8519374645445623,-0.839780182691548
3,-1.1012313867906984,-0.917370254159079
3,-0.41318565910805827,-0.6203743940958658
3,-0.8492146062090891,-0.9070110851440314
3,-0.6924391371770602,-0.43926095510539154
3,-0.5473212017479971,-0.7454522024385551
3,-0.6357431045305342,-0.9262811288720396
3,-0.795880017344075,-0.7520689816621171
3,-0.6989700043360187,-0.703223743021151
3,-0.8260748027008269,-0.9718020827319672
3,-0.3579996169848032,-0.27621948233138516
3,-1.1890562362200487,-0.951995317558835
3,-0.8450980400142569,-1.1800865938379288
3,-1.3010299956639813,-0.92409528365949
3,-1.3010299956639813,-0.9956411369336369
3,-1.4933584535903481,-0.7678753155990549
3,-1.079181246047625,-1.2699102677764755
3,-0.8860566476931631,-1.0827443396155798
3,-1.3735806628125928,-1.4675282614861158
3,-1.5642714304385628,-1.544254947703138
3,-1.7160033436347994,-1.5354099028493406
3,-1.3010299956639813,-1.2852084820010943
3,-0.8450980400142569,-0.6023779580670379
3,-1.0377885608893997,-1.2767051957924422
3,-1.5228787452803374,-1.084959172144747
3,-1.010723865391773,-1.0446832173037839
3,-1.0413926851582254,-1.2490235871883886
3,-1.3802112417116064,-0.9678539199495575
3,-1.0,-0.9152561845411412
3,-0.7611179110848632,-1.3269363191031038
3,-1.3565473235138121,-1.2674425423381728
3,-1.3010299956639813,-1.369048560241939
3,-1.3010299956639813,-1.5379228470283801
3,-1.6020599913279625,-1.6332870812746647
3,-1.5994358475018133,-1.5504699922221539
3,-1.5468790216841048,-1.440245014285298
3,-0.8381491800589291,-1.0393946708649058
3,-1.1760912590556813,-1.0893610805229959
3,-0.7569619513137056,-0.970362775999613
3,-0.770033360161464,-1.0287156778922522
3,-1.436692597664054,-1.0654769498517223
3,-1.6575773191777934,-1.3051590844025047
3,-0.9110589166632197,-0.7744526840247989
3,-0.5772364076029302,-0.6064183629957307
3,-1.1850461017086076,-1.0167893648094972
3,-1.0321846833714012,-0.8108595284578244
3,-0.9542425094393252,-0.8626468205845255
3,-0.9440712135860867,-0.8563126638098417
3,-0.5402528413497603,-0.6026200685390473
3,0.5947607525864633,0.002744742123951205
3,-0.3979400086720375,-0.25702545094051876
3,-0.7119349815003861,-0.8113919603698269
3,-0.5479894658633686,-0.23898254382702805
3,-0.1249387366082999,-0.2869002236077196
3,-0.17016627654567706,-0.28365995297165825
3,0.0,-0.3761326665942535
3,-0.558351063442557,-0.9212343390359072
3,-0.41841559438183484,-0.6518765101137629
3,-0.15490195998574308,-0.17379363881515575
3,-0.15490195998574308,-0.18867867581155112
3,0.0,-0.2176297081819641
3,0.0,0.11057933580798313
3,-0.7708520116421447,-0.8818415065755627
3,-0.8086687743875824,-0.476069300160026
3,-0.5606673061697371,-0.476069300160026
3,-0.3979400086720375,0.229772480470468
3,0.4771212547196626,0.6624550679910692
3,1.0910804693473324,1.0859412694867465
3,1.2787536009528289,1.0652485460239407
3,0.0,-0.09656934747273715
3,0.0,-0.23635272240178226
3,-0.7509990043400281,-0.9229262071856494
3,-1.0713559085356685,-0.841644848418761
3,-1.0289636959353174,-1.0490918721288987
3,-0.8750612633917001,-0.7565648990033031
3,-0.9692196654089775,-0.3875751018388154
3,0.0,-0.3554640080383009
3,0.6690067809585756,0.3942326677510469
3,0.8750612633917001,0.2961406764277222
3,0.9281179926938741,0.5433426203091567
3,-0.22184874961635614,-0.7981856203950112
3,0.0,-0.4317862623487849
3,-0.9119546794676916,-0.37972525213752517
3,-0.8890752499668562,-0.4100664417849898
3,-0.22184874961635614,-0.736591890826624
3,0.0,-0.32447095608516136
3,-0.5565946956038967,-0.19262117346615037
3,-0.5246297603136751,-0.23997800266951366
3,-0.2263963773670774,-0.600689754658478
3,-1.0969100130080562,-0.6519567700208824
3,-1.1818435879447726,-1.0190882073483196
3,-0.7670858242334839,-0.6281527091422531
3,-0.6941175015416068,-0.9204068972087114
3,0.026714669702411875,-0.2549387529152849
3,-0.042146450719561024,-0.027150694583288504
3,-0.8543441617725991,-0.8158797292176019
3,-0.8379194553871336,-0.4934235776742833
3,-0.15970084286751174,-0.6520854076886378
3,-0.6585413472804102,-0.8181742681893579
3,-0.5301779840218366,-0.5156489307133882
3,-0.3716110699496884,-0.5143372849214374
3,-0.6320232147054057,-0.5086183616192679
3,-0.3777366225837504,-0.5826060199461821
3,-0.034762106259211834,-0.23780596885175379
3,-0.7191733904243058,-0.6118214772437195
3,-0.43572856956143724,-0.7575946275360823
3,-0.5228787452803374,-0.5034005974139624
3,-0.29299404006743934,-0.18519237979309672
3,-0.8545395962470979,-0.9423573183497391
3,-0.7993405494535821,-0.6353850676654322
3,-1.0511525224473814,-1.0757707515993862
3,-0.7626390842053965,-0.7716190967708089
3,-0.5563025007672868,-0.7422461335725672
3,-0.6434526764861879,-0.40093906843429516
3,-0.7873919071185558,-0.5900173851964323
3,-0.1439065756842801,-0.5552317888357489
3,-1.42142110452156,-0.9813778419110188
3,-0.7388415163737116,-0.5695454207097264
3,-0.5470124249970567,-0.4895304889218831
3,-0.7569619513137056,-0.5148353572179045
3,-1.079181246047625,-1.099902878879582
3,-0.8065288404555222,-1.2177429866067135
3,-2.0413926851582254,-0.7291329301519449
3,-0.6225816584725639,-0.6809887192985113
3,-0.595429412428949,-0.5362133896992637
3,-0.31742041185215,-0.6249524032856274
3,-0.3129292189636885,-0.6610617883287302
3,-0.8291099346301269,-1.181312810240604
3,-1.1938200260161125,-0.7122012478415133
3,-0.5289528929925318,-0.5627336341084406
3,-0.32330639037513365,-0.6390720763470303
3,-0.3419886033428874,-0.7179239736707203
3,-0.38997107900076156,-0.5944086917583098
4,-0.5290390539851559,-0.41703045801352273
4,-0.7439371498525418,-0.9394213163058568
4,-0.5228787452803374,-0.4414379226509908
4,-0.1870866433571443,-0.31572660457840285
4,-1.2332782113971374,-1.2357562933616628
4,-1.7318572625565913,-0.9462070644546383
4,-1.2928096654172903,-1.1292367131271832
4,-0.9829666607012193,-0.5048643906479515
4,-1.5543957967264026,-0.958670558061504
4,-1.0441226751758466,-0.9671922689865341
4,-0.18298277912757221,-0.2165095878824282
4,-0.1797179563893998,-0.2789151069219016
4,0.0,0.0003868448871395258
4,0.7519810160233398,0.25130319140086166
4,0.8322608153090849,0.19968438477950212
4,0.0,-0.2284372512626378
4,-2.002705893375925,-0.6048406028243384
4,-1.0,-0.4571791114584182
4,-0.671257016468986,-0.4964598915704035
4,0.13214362297518534,-0.0357982859863763
4,-2.4569178686313755,-1.129331361786798
4,-1.2382391658045258,-1.0342437905868695
4,-0.9303640718586061,-0.8462231793476368
4,-0.1367931572585741,-0.12948738646409347
4,-1.332438459915605,-0.9308073230015382
4,-0.6780360975003754,-0.889929064999462
4,-0.4175355647354184,-0.4345816094525897
4,-2.5051499783199063,-2.040612113874505
4,-0.9033833301181948,-0.5730916385927086
4,-0.3646990755333581,-0.6785693452534258
4,-0.8450980400142569,-0.7527741407634845
4,-0.4771212547196626,-0.7605544485864142
4,0.0,-0.8164585302687014
4,-1.3847117429382827,-0.5811230652706117
4,-0.14709636268341697,-0.22507917633641866
4,-0.19957235490520375,-0.3414900098762358
4,-0.338818556553381,-0.5456393147723836
4,-0.4771212547196626,-0.5288963280818882
4,-0.034762106259211834,-0.3058811306201672
4,-1.2552725051033065,-1.7272783706723103
4,-0.7869251746911488,-0.6266076677355767
4,-1.7795964912578244,-1.1958830987495417
4,-1.1760912590556813,-0.9890084096528049
4,-0.3679767852945943,-0.8920218283989259
4,-0.30102999566398125,-0.6077978319748034
4,-0.4884349200774407,-1.1720222438398102
4,-1.433434301963639,-1.1180344791009764
4,-1.431363764158987,-1.3365236670148755
4,-1.7652959296980564,-1.3595491765654542
4,-1.2261701233989983,-0.8903706909987059
4,-1.3449848975868068,-0.4940961578376734
4,0.09311702399091715,0.1534026865953826
4,-0.1433186148870309,-0.3848480209421497
4,-1.0116857583251946,-0.7966001632300694
4,-0.19904045712664953,-0.21961832564026426
4,-0.20411998265592501,-0.306821687034146
4,-0.2833012287035501,-0.23995880237862818
4,-0.28254658996996795,-0.6293603662743072
4,0.04139268515822536,-0.10253380421045188
4,-0.12057393120585047,-0.41506492213929813
4,-0.5034501934420117,-0.6750823741098435
4,-0.46488679830265056,-0.8355735631669039
4,-1.1064553309142866,-0.6987441905759746
4,-0.9138138523837167,-0.9085264083653357
4,-1.0690809191432988,-0.7743089750088963
4,-1.3152704347785908,-0.9368885496424837
4,-1.0703799654690078,-0.5361235338900551
4,0.02996322337744317,-0.08767982440496602
4,0.09691001300805624,-0.1660359112766085
4,-1.3473300153169498,-1.4230445965401421
4,-0.9731278535996983,-0.8191813734699674
4,-0.7501225267834002,-1.0855551391894993
4,-0.5514482552146358,-0.5220458585499708
4,-0.17512315178277404,-0.42351335590885414
4,-0.17609125905568135,-0.3354457982130497
4,-0.25527250510330646,-0.31724288259226596
4,-0.4771212547196626,-0.45615626198869197
4,-0.6115358832118396,-0.4987666383228774
4,-0.7367585652254185,-0.6493318946486801
4,-0.41325676675614353,-0.5696413295556886
4,-0.338818556553381,-0.2805616335369869
4,-0.39280036901962667,-0.2523529897847814
4,-0.40414195383817475,-0.461702034677606
4,-0.30102999566398125,-0.07377250052374679
4,-0.44090908206521817,-0.2880431995804909
4,-0.31361912297200156,-0.40172790564648025
4,0.1014576407587775,-0.33212714635142204
4,-0.5642714304385628,-0.2648203038889392
4,-0.41912930774197577,-0.2576230258880285
4,-0.5265715825475104,-0.783234164305904
4,-1.5797835966168101,-1.2675408041428025
4,-0.8166095022028195,-1.3119954770608921
4,-1.0211892990699383,-1.1768793622760536
4,-1.249198357391113,-1.3789403942100456
4,-1.3324384599156058,-1.6160108681548793
4,-1.3222192947339195,-1.1345564846300364
4,1.0,0.549098142918068
4,-1.2769917547965424,-1.3366672432822884
4,-0.23408320603336819,-0.5184371062335404
4,-0.15490195998574308,-0.1564905406494665
4,-0.15490195998574308,-0.23600216271826518
4,-0.15490195998574308,-0.25135725772026296
4,-0.5464143572130373,-0.4087495792917336
4,-0.8450980400142569,-0.8994066030334984
4,-1.5498819796628904,-1.3200569347698932
4,-0.8004276450947962,-0.771935475616001
4,0.009651385676180624,-0.3289973995064477
4,-0.23303291656887026,-0.47470529637980985
4,-0.31626996222071835,-0.42407062327281353
4,-0.4375301220789325,-0.23375047546143243
4,-0.9777236052888476,-0.9615679011923316
4,0.15381486434452896,-0.07370632586297926
4,0.0,-0.17303219287094346
4,-0.06685308651808874,-0.2035900664897644
4,-0.330413773349191,-0.40800408045094355
4,-0.5228787452803374,-0.5186992874610189
4,0.0,0.1953397294184347
4,-1.0,-1.392836605855937
4,-0.8056199552320082,-0.5498367469134228
4,0.0,-0.2195869855075415
4,-0.21329251923852954,-0.44648981025312096
4,-0.1839883267857534,-0.36419811357866083
4,-0.6644710271256944,-0.31688642637115205
4,0.0,-0.23621238661809663
4,-0.9432471251378614,-1.2287350056405368
4,-1.0,-0.9224794822849822
4,-0.6451393984881904,-0.5397863201926676
4,-0.6005039363422631,-0.4974125847006269
4,-0.5668556299573106,-0.5319535619133392
4,-0.7822037943948406,-0.6211848790635702
4,-0.9864663590173546,-0.738680907819617
4,-1.0780886807370527,-0.7437098906148174
4,0.0,-0.019308633094336447
4,-0.7447274948966935,-0.37399538126947307
4,-0.8372727025023003,-0.6612794322397957
4,-0.5797835966168101,-0.45328186662818964
4,-0.29082294328872216,-0.41376415180455794
4,-0.5676910896966998,-0.9541377908446061
4,-0.1760901421709571,-0.25549861623355874
4,0.2976264769925141,-0.20433868066726646
4,-1.4191293077419758,-0.7649004295862478
4,0.13797879622796838,0.30815927915508257
4,-0.5630018391753735,-0.4586094190499491
4,-1.3873898263387296,-0.9816942431048963
4,-0.4592806758172898,-0.6528858172081473
4,-0.5880466034577374,-0.5297908805636933
4,-0.3864601909886076,-0.6080477367430621
4,-0.30102999566398125,-0.5419630022791109
4,-1.7883704155653293,-1.3744557429677766
4,-0.8908555305749326,-0.8742371979532825
4,-2.079181246047625,-1.6745687111208558
4,-1.3222192947339195,-1.7594625324218272
4,-1.6478174818886373,-1.690058105304117
4,-0.7426789322214251,-0.8038327391524067
4,-0.37911315141255475,-0.43035929129083017
4,-0.6989700043360187,-0.6373333126558761
4,-1.3222192947339195,-1.4553305471321387
4,-0.41017446508904953,-0.533405048840478
4,-1.3424226808222066,-1.1236075496200544
4,-0.7781512503836439,-1.0363751169868238
4,-1.2604121447557173,-0.8077119773088404
4,-0.30102999566398125,-0.2541402748120281
4,-1.3010299956639813,-1.3690449060971228
4,-0.2325726150081291,-0.174583849419591
4,-1.5096504795465817,-1.140688550061844
4,-0.6901075211259622,-0.2092778710642671
4,-0.7717511358193772,-0.5203154003371719
4,-0.45229767099463025,-0.8225058436869708
4,-0.3532285486607716,-0.2856910539782236
4,-0.5234987817733794,-0.3856600294349698
4,-1.7853298350107671,-1.6588388332084598
4,-1.2039547801153212,-1.2495857621463293
4,0.5521687110873836,0.4273232026350475
4,-0.8509669736783545,-1.0481480783467676
4,-1.3687516195445548,-0.9719124929186631
4,0.0,-0.43321073062811166
4,0.0,-0.06947428371517317
4,0.0,-0.16702811376671572
4,-1.1760912590556813,-1.0686794542816467
4,-1.3977531751643584,-1.449636189444082
4,0.15841180143105582,-0.2806405668287687
4,-1.7734729881058726,-0.6812838678364999
4,-0.5901452216989629,-0.5846080521997544
4,-1.3881801713828814,-1.3567382180072447
4,-1.0,-1.001989092416378
4,-0.363476284067918,-0.08050629618210825
4,0.432627035929956,0.14481740013199573
4,-1.296513894499017,-0.6024716102269883
4,-0.4704906758206491,-0.5553823316138491
4,-0.15970084286751174,-0.5421825828102027
4,-0.2457271871970752,-0.29006889653077134
4,-0.2604121447557173,-0.39753517745298095
4,-0.8684581793160246,-0.4841654763408444
4,-0.4375301220789325,-0.5427353031635627
4,-0.7364746198201395,-0.771952007060349
4,-0.8263148107101967,-0.7673284150657222
4,-0.653212513775344,-0.6008788716521393
4,-0.6744018128452813,-0.6570289001989785
4,0.22892721677880523,0.45979100164483455
4,-2.0465761420413546,-1.93767880112464
4,-0.6320232147054057,-0.941536513023715
4,-0.5274263730310587,-0.8125849594636476
4,-0.6368220975871743,-0.3965374932449247
4,-0.9693311802335476,-0.5788410316085686
4,-0.7094354380141841,-0.52604763356377
4,-1.0248235837250323,-1.3011406018970053
4,0.1269361523324415,-0.2910327222069974
4,-0.7481880270062007,-0.4790907229794023
4,0.1845244265925441,-0.3848536259674979
4,0.058942442808219475,-0.18730158796621743
4,0.03799098199858886,-0.15801958300066316
4,-0.6860692196899709,-0.47222314166943913
4,0.0,-0.14727057600086868
4,-0.22902919426901924,-0.468698623257965
4,0.795880017344075,0.7174739267758109
4,0.0,-0.17960321962551157
4,0.7403626894942441,-0.18276876790338742
4,-0.9384482422560927,-1.1228943681081236
4,0.0,0.15016945397719206
4,0.0,0.3296648065266138
4,1.0,0.3185106017417515
4,0.0,-0.04225544635897377
4,0.7403626894942441,0.14704988410149122
4,0.0,-0.0927174884583612
4,-1.1505139038522927,-1.442827762084801
4,-1.0,-1.22852776013004
4,0.0,0.007052383808066276
4,0.5228787452803374,0.6564780848499848
4,-0.42527992248172986,-0.5390525881690048
4,-1.281790637678311,-1.0394863971647332
4,-1.8211858826088445,-1.5129199043963912
4,-1.074000733543845,-1.2663546275908826
4,-2.9475351254323376,-2.590547393484802
4,-2.6106601630898796,-2.4631957617956
4,-1.8477116556169433,-2.034457866625641
4,-0.7006057670302788,-0.6703286808600781
4,0.6066883955100337,-0.3879834260219242
4,0.10067016188136257,-0.46177257575205366
4,-0.5456835247569929,-0.8663105315135268
4,0.0,-0.1950635461350152
4,-0.9030899869919438,-0.8161464091267587
4,-3.137775961313472,-2.2096344243790287
4,-2.8456774857064904,-2.5207990695097116
4,-1.9355420107730819,-2.234937353342811
4,-3.1303337684950057,-2.613171136248847
4,-2.446673056996006,-2.390341543575589
4,0.0,-0.20177803185654758
4,0.0,-0.4228781440835368
4,0.0,0.038101322742328914
4,0.0,-0.2565692124446838
4,0.0,-0.49916324216527513
4,-0.7403626894942441,-0.17039093302404407
4,0.0,-0.29557170573059943
4,-0.7008541482105697,-0.6344311473810325
4,-0.5314789170422554,-0.4613035631503648
4,-0.2181760471203864,-0.4353114162418055
4,-0.6307051727774926,-0.4800356922235016
4,-0.6337032728234266,-0.7673355788072769
4,-0.6838186602633982,-0.5548873644885907
4,-0.7601281462503708,-0.5428996703447121
4,-0.644612342013426,-0.5714538323086092
4,-0.6892101670468618,-0.5685100610103377
4,-0.70351763208674,-0.6490967893621822
4,-0.6670524969077736,-0.6257142302763055
4,-0.8029748341086753,-0.7249073535566115
4,-0.5488575876661921,-0.4843417346427221
4,-0.6916707655945196,-0.5029735812308797
4,-0.7303784685876433,-0.5237779922516134
4,-0.5760234477435038,-0.4763525310994462
4,-0.3708529182030551,-0.377998600594057
4,-0.8357691602338235,-0.6314423412697184
4,-0.134698573897456,-0.3143822192079365
4,-0.57945220058249,-0.49162186455570445
4,-0.6989700043360187,-0.6203583044944849
4,-1.1461280356782382,-1.163984208417788
4,-1.2552725051033056,-1.1263879532785452
4,0.7738298766010017,0.5265539036617279
4,-1.3010299956639813,-0.7479893927886078
4,-1.0,-1.104465480082566
4,-1.3010299956639813,-0.9509648325427102
4,0.7708735973913923,0.24774130622262858
4,0.5178506777497747,0.4442186491320872
4,-0.7403626894942441,-0.8622670614553349
4,-0.3494856763830949,-0.42268471501193994
4,-0.6110148339808887,-0.3378592274761356
4,-0.20647388804940192,-0.28035551108424595
4,0.023481095849522404,-0.3919165630349497
4,-0.09426991684184749,-0.42202194937830395
4,-1.3853508813640172,-0.9577737581801198
4,-1.1249387366083,-1.108454912079996
4,-0.6963823433623775,-0.5547046630482617
4,-1.0362121726544444,-0.8806344636269456
4,-0.10178430078313117,-0.21006070958703582
4,-0.1938820458332895,-0.39532787209415315
4,-0.9005771864510876,-0.6396854678577591
4,-1.64777405026883,-1.195348219109439
4,-1.2331297600260456,-0.817633568908595
4,-0.4375301220789325,-0.4024011438447714
4,0.4149733479708182,-0.20626701411471693
4,-0.21170911826547645,-0.3812967392022454
4,-0.7439371498525418,-0.433225914775337
4,-0.9911365396686938,-0.501351404884549
4,-0.7533276666586115,-0.6924624547300402
4,-0.5593080109070119,-0.8187819820472738
4,-0.20411998265592501,-0.5488487963796143
4,-0.6154239528859442,-0.6059177038481428
4,-0.9145698046753736,-0.7683865337928387
4,-0.42596873227228116,-0.9356877364647724
4,-0.8353382027251008,-0.6368542701859311
4,-0.338818556553381,-0.6536424756311885
4,-0.5554079701072574,-0.5430158032046746
4,-0.6557448502907395,-0.48180113573698496
4,-0.6464409530598338,-0.33614200417303175
4,-0.06694678963061307,-0.3294463832056458
4,-0.383699569557427,-0.5627814780022989
4,-0.32658410013636896,-0.41231204870076893
4,-0.3120253799654442,-0.4130533741362282
4,-0.4771212547196626,-0.5028364781021197
4,-1.3256524705723134,-1.569635784177735
4,-1.3601514477826377,-1.3460922340691894
4,-0.7337321105952306,-1.0291337414175574
4,-1.204119982655925,-0.963030023139803
4,-0.5963076624388712,-0.9209806612756588
4,-0.11092642354980953,0.04954656394075818
4,0.0,-0.2734253245009597
4,-1.6020599913279625,-1.2612209183934688
4,-0.8278390345727509,-1.0065530059601269
4,-0.9852767431792939,-1.087480416837312
4,-0.7870157984620274,-0.6990115862701808
4,-1.0222763947111524,-0.8860633865305989
4,-0.21329094598109144,-0.5673134293839741
4,-1.241141103017112,-0.9220294503077259
4,-0.7781512503836439,-0.9227260353076905
4,-0.5414009255363963,-0.26027495525337113
4,-0.7289332277134619,-0.5146402418945573
4,-0.338818556553381,-0.8808315111690588
4,-0.7942978863342001,-0.7907225164522991
4,0.0,-0.19766338121085192
4,0.0,-0.7112485448152466
4,0.0,-0.5632020594075471
4,-0.5558880976042575,-0.48015732845683584
4,-0.6604630074152817,-0.7485616937451629
4,-0.6000814253458744,-0.7677875051965994
4,-0.4912657277567858,-0.6950603376449759
4,-0.6687167679381805,-0.6019192602218687
4,-0.4794879879987697,-0.4445618134794647
4,-0.6730600665934965,-0.3885922227762445
4,-0.8792478601408895,-0.9711289813723961
4,-0.8975808922071673,-0.5676027420218652
4,-0.4401601843605114,-0.8183713371412198
4,-0.7335624974386512,-0.9562235294639871
4,-0.6053501167750124,-0.8109676292397747
4,-0.7565949935547343,-0.7056254319289555
4,-1.073535741530467,-0.608367246811419
4,-0.5253393438279943,-0.4210323273750532
4,-0.43648485095743617,-0.6984276566262869
4,-0.6606728025742257,-0.6799130557626105
4,-0.4404382382929528,-0.6677693457270202
4,-0.9241466973013024,-0.5582862222910769
4,-0.9837323872855466,-0.46005822447166844
4,-0.7132104434506292,-0.21941813123038278
4,-0.6989700043360179,-0.6656236156430642
4,-0.8308102740885168,-0.7252313088222196
4,-0.5285771613791042,-0.614181608283224
4,-0.5867122994868081,-0.40499913796261083
4,-1.5039144313075985,-1.5729399983917305
4,-1.4465112784573861,-1.1200211996478642
4,-1.647232460848894,-1.155271231460616
4,-1.4573771965239048,-1.2300697161111203
4,-1.4832815634244811,-1.4208984154339046
4,-1.4097207554469229,-1.4458538206723537
4,-1.1760912590556813,-1.2455524651911745
4,-1.5725812013324862,-1.7298307172470668
4,-1.782353164811413,-1.190771169551041
4,-1.357934847000454,-1.2357801876925127
4,-1.6174663223693626,-1.284156894595656
4,-1.2863067388432743,-1.3340662015997815
4,-1.5993371329924884,-1.0760305504789764
4,-1.5178207322576007,-0.732096571229428
4,-1.5440680443502757,-1.419578869886922
4,-1.6515389298857777,-1.4344313824361892
4,-1.3765769570565123,-1.113171250227634
4,-1.4842998393467859,-0.9245619244784011
4,-1.3354307920172426,-0.7221206199595476
4,-1.4259687322722812,-1.3425990980102664
4,-1.4847742189481874,-1.43301431672751
4,-1.0832401025244938,-1.0493545553877048
4,-1.3877643796020518,-0.7446906506150236
4,-1.8388490907372557,-1.6351107501185451
4,-1.7160033436347994,-1.3797767132469918
4,-1.897627091290441,-0.8648690188000216
4,-1.8139896756123504,-1.5711554629899918
4,-1.423245873936808,-1.3298019918864274
4,-1.4496001810683996,-1.5164673751243356
4,-0.16744070218066032,-0.4479458052604453
4,1.5163745538673359,1.4977806252900363
4,1.8716854964785021,0.7852969492688601
4,1.6812412373755876,1.0337884808359359
4,-0.4658402443099732,-0.5643191826536009
4,-0.7373149964122385,-0.9313273281810313
4,-0.2373609157946035,-0.7758997472080508
4,0.15490195998574308,-0.3449276362639808
4,-1.0474246499281383,-1.0040680039880743
4,-0.38021124171160636,-0.7504743945468997
4,-1.086579968120656,-1.1537203831929044
4,0.0,-0.3110019224406393
4,-0.6275071135404424,-0.6127593124437904
4,0.2905645619858168,-0.4310022889415786
4,0.2730012720637376,-0.3806597208453182
4,-0.3669365584933164,-0.44759630995638394
4,0.0,-0.5189400055415235
4,0.7403626894942441,-0.516469670970035
4,-0.7403626894942441,-0.24031851586970657
4,-0.7403626894942441,-0.35424968705785254
4,-0.6275071135404424,-0.6215100191443913
4,-0.6068237811240262,-0.687413179982707
4,-0.795226451408988,-0.6949421063750342
4,-0.6460644209324,-0.6506005559237911
4,-0.6696394023113736,-0.6070596525465299
4,-0.59462441779272,-0.6315157521139616
4,-0.661442830443316,-0.6422748442517157
4,-0.4442111533220441,-0.631778260561076
4,-0.8368892194911561,-0.6295739648503332
4,-0.18920560663662211,-0.5030477895608086
4,-0.644168069370231,-0.7244003727329469
4,-0.3316699538599357,-0.34468682800086065
4,-0.9140853712934067,-0.7601586609243707
4,-0.18364439694612766,-0.4237671796798149
4,-0.15209098265191479,-0.2327479349399488
4,0.2924298239020633,-0.4498896919886733
4,-1.795880017344075,-1.463790702538041
4,0.5514499979728749,0.2289637584851908
4,-1.9456423376774072,-0.6744492853755703
4,0.0,-0.2974007287660191
4,0.0,-0.46567032309865
4,0.0,-0.6684047860377866
4,0.0,-0.4594896810435162
4,0.0,-0.21833122197707547
4,0.3800615256317279,-0.46105623043020405
4,-1.2552725051033065,-1.3204368692023412
4,-1.7481880270062007,-1.050708579766945
4,-1.230448921378274,-1.0347814406894673
4,-1.359021942641668,-1.0766087227110621
4,-0.2507557232265212,0.054020570819809155
4,-0.28254658996996795,-0.4922183464116164
4,-0.91832995354868,-0.9042664277078694
4,-0.653212513775344,-0.5733714898189962
4,-0.9373297907445419,-1.0818543545953672
4,0.012988632912040998,-0.4110204526560166
4,-0.6783300974733155,-0.7108571358572624
4,-0.4375301220789325,-0.2121819518238302
4,-0.7533276666586115,-0.6948718667988862
4,-0.18184358794477262,-0.5263887205881745
4,-1.276206411938949,-0.6763596267832268
4,0.5581704972089012,0.4080633198434296
4,-1.46344155742847,-1.5219057837366812
4,-1.0457574905606748,-1.23016406989425
4,-1.8143955918082888,-1.1779228898691363
4,-0.781944239400783,-0.6193522744977302
4,-0.35001645635485445,-0.6091689532299207
4,-2.5672978850687507,-1.591434332262284
4,-1.359021942641668,-1.5758891342783472
4,-0.5105450102066129,-0.9035198305141192
4,-1.4980283540813364,-1.608977712898858
4,-1.442513126296456,-1.58062128161846
4,-0.5606673061697371,-0.29532987527149884
4,0.0,-0.09591456120266556
4,0.8265328847704678,0.9927397765417719
4,0.73797776048103,0.6564208595173341
4,0.8167063456599948,0.9927397765417719
4,-0.30102999566398125,-0.27803076482854233
4,-1.0636252095241812,-0.7129706634745105
4,-1.120162472641768,-1.1689057965053138
4,-1.3010299956639813,-1.1285309161592838
4,0.0,-0.4601640855034935
4,-1.2671717284030137,-1.1917166650381592
4,1.7508642767193097,1.0416428673710794
4,-1.3521825181113627,-0.6560416185571349
4,-0.22724378150306102,0.012545121083311683
4,0.00465735811267276,0.5419925520674177
4,-0.10661949439456464,0.5794205114662029
4,-0.5533333447033018,-0.1542192696820882
4,-1.0234810958495224,-0.8823731192622926
4,-0.22184874961635614,-0.7028212115665018
4,-0.23855876556918343,-0.1666925606589325
4,-1.3187587626244124,-1.013866670443368
4,-1.204119982655925,-1.4836754454648546
4,-0.7191733904243058,-0.6484113167542176
4,-1.3521825181113627,-1.3351021459868835
4,0.0,-0.3692917034700447
4,-1.2654916702849928,-1.2518058626345372
4,-1.3446105669703812,-1.3632994647133283
4,-0.5740312677277188,-0.6614343016024004
4,-1.40823996531185,-1.2070860779880306
4,-1.4711190636776532,-0.7525191888940765
4,-1.092545207605606,-0.8719806222489773
4,-0.8465519900897043,-1.432238201415704
4,0.0,-0.5183059688314382
4,-1.4522976709946303,-1.3690605438793892
4,1.113943352306837,1.2197600304811287
4,0.0,-0.3755784041456396
4,-0.4966769233397832,-0.7237561053676045
4,-1.1111504521226667,-1.1850165604725533
4,-0.7403626894942441,-0.7096873192868024
4,-2.6368220975871743,-2.569344371043244
4,-2.177791043933576,-2.167241382585017
4,-2.3039944746277206,-2.2603355462542205
4,-1.9942476711109087,-1.9228251443495257
4,0.07058107428570715,-0.0869876113031176
4,-0.15490195998574308,-0.3827738103423066
4,0.0,-0.27181616829273275
4,-1.6434526764861879,-1.1719997480568871
4,0.2689756201843121,0.27990046687035297
4,0.436497728992185,0.34377028543150445
4,0.2938683224864773,-0.17316785052219713
4,-0.2152181707173435,0.251592025059188
4,0.06299448495434934,0.7462606979503458
4,1.0058452360414192,0.5997245893212343
4,0.899437812098463,0.7320216207123299
4,0.0,0.23310194453659927
4,0.5661474354373173,-0.33137683348850583
4,0.12666575210534692,-0.11265995059849782
4,0.25735341006126333,0.02437533995112856
4,0.0,-0.09836306209290885
4,0.0,-0.12078858015475213
4,-0.24303804868629442,-0.15872971747256642
4,0.0,-0.12769219759942874
4,-0.15490195998574308,-0.08532501603044046
4,-1.1249387366083,-0.8476219855304525
4,0.9355691221959512,0.004936686863960205
4,0.431798275933005,-0.17202014764230494
4,-0.6567290874981806,-0.9698250502245295
4,1.096694885284169,0.48549123151942
4,0.7232996763759854,0.6456614173621623
4,-1.0959947450572747,-1.1553072514187819
4,-0.6989700043360187,-1.051830006093618
4,-0.45285267999272527,-0.7198330637228313
4,-0.5440680443502757,-0.8655042386593546
4,-0.5320221247202079,-0.5310658978273856
4,-0.6630574484453744,-0.6646366339594013
4,-0.8398968463284486,-0.7193645896940968
4,-1.4771212547196626,-0.9678783064902189
4,-0.7998705000768798,-0.7172060230886992
4,-0.23288017345826617,-0.4009789560296685
4,-0.41586132472979465,-0.3589068517325366
4,-1.0457574905606748,-0.9369547827397549
4,0.0,-0.11766999429613795
4,0.0,-0.17178709523048535
4,-1.8822398480188234,-0.8681410115121402
4,-0.7990851572192863,-0.9107770901456521
4,-0.4771212547196626,-0.9600420578196843
4,-1.3010299956639813,-0.6315595169762473
4,-1.0,-0.7874233722208093
4,-0.8494850736397348,-0.8827441780324947
4,-0.30102999566398125,-1.2229866559704603
4,-0.30102999566398125,-1.2044963267780546
4,-1.0,-1.237170738926672
4,-1.3010299956639813,-0.9168141939055937
4,-2.1505139038522927,-1.0852671493059023
4,-2.1505139038522927,-1.054525278337759
4,0.07058107428570715,-0.8156265694130753
4,-0.30102999566398125,-0.5889514787583102
4,-0.9777236052888476,-0.921275088018694
4,-1.153814864344529,-1.2949896970517372
4,-1.6232492903979008,-1.7245676253366145
4,-0.6077703005293511,-0.5011864390521559
4,-0.5897068914238304,-0.6795361072407362
4,-0.653212513775344,-0.5995884442891735
4,-1.6989700043360187,-1.462748895982597
4,-0.6766936096248664,-0.8835946859541093
4,-0.9542425094393252,-0.5337279300006251
4,-0.2996534668351778,-0.544991700200243
4,0.0,-0.11553309946661022
4,-0.3979400086720375,-0.2923640989906717
4,-0.3979400086720375,-0.2983334179179745
4,0.0,-0.2581884025532295
4,-1.6989700043360187,-1.7762213454671758
4,-1.5481846105451078,-1.6705665603639135
4,-1.8129133566428557,-1.8380929747564498
4,-1.6368220975871743,-1.6890159083660001
4,0.6020599913279625,0.1527997637188604
4,-0.6125209233089581,-0.8131994514775852
4,-0.627365856592732,-0.736230055408168
4,-0.3444956894450719,-0.8217703942700694
4,-0.8239087409443187,-0.9704777037084772
4,-1.079181246047625,-0.6279849595315706
4,-0.7403626894942441,-0.8158491387978151
4,-1.848958460827495,-1.0602131085983408
4,-1.5499369780143732,-0.9954917031189986
4,-1.403195148632295,-1.3293298148606527
4,1.0118871597316481,0.4289263842662894
4,-0.30102999566398125,-0.08832137636034926
4,0.4189453307158164,0.1304446706544934
4,1.07217449708601,0.629912703057303
4,0.0,-0.49172346369764214
4,0.6544324428974422,0.5684894592173274
4,0.543994441353421,0.17743392377721734
4,1.0,-0.2837343212637
4,1.2430380486862944,0.7931400193434545
4,-1.6005061632593414,-1.491779320138404
4,-1.2976237469720697,-0.6341687355661162
4,-1.0,-0.6154006487932826
4,0.0,-0.45424104311776403
4,-1.3787006506863673,-1.2614786767399462
4,-1.3891660843645326,-1.023433515597583
4,-1.361727836017593,-1.112206056064509
4,0.0,-0.3286908914075137
4,-2.1564415819277523,-1.3130057014151781
4,-0.39449776226101996,-0.2563582747126216
4,-0.16258878865203474,-0.3517468869778224
4,-0.9477603819114044,-1.2477060188112512
4,-0.04324165741713237,-0.16070681722847113
4,-0.05435766232259276,0.12791941098746407
4,-0.374137093999412,-0.41264397634442884
4,-0.11229725627967468,-0.30455135773588216
4,-0.1321173212354232,0.016332461990417713
4,-0.13936845203094173,0.02721011763223985
4,0.19248167524385007,-0.3729516591271617
4,-0.4889061546860525,-0.6000539756643011
4,-0.18299592725498925,-0.46632326783650757
4,0.5383909114585856,-0.26763802766791994
4,-1.131278914639319,-0.653589574877617
4,-0.1249387366082999,-0.2343474324549186
4,-0.10616473573321805,-0.3923138539896621
4,-0.056173515196070056,-0.34468067995557683
4,-0.11650556907143717,-0.1538220897119404
4,0.8016178699917056,0.49366417358153747
4,-1.2411361328069157,-1.1507984038402772
4,0.0,-0.3167044193075823
4,-1.0650335949863328,-0.8916145838439292
4,-1.3340302557669066,-0.7773790981774229
4,-0.7608714329386874,-0.5985745264415072
4,-1.207980403469163,-1.3223713883277046
4,-1.153814864344529,-1.2484850662575897
4,0.0,-0.43940976898519607
4,-0.5817867324244812,-0.703686662978095
4,-0.8152930583882103,-0.6373556499339131
4,-1.3686458803549097,-1.3209152938976754
4,-0.9542425094393252,-0.6138794682093784
4,-1.5538830266438746,-1.0587670621841472
4,-0.4375301220789325,-0.4299169970488935
4,-1.2900346113625183,-1.1986268125730175
4,0.8293037728310244,-0.06663209282044102
4,-1.5118833609788744,-0.8671588529934404
4,-0.4570614607906949,-0.6311561896840043
4,-0.2355284469075496,-0.3478639380721712
4,0.3979400086720375,-1.0735589356089212
4,-1.0533739824413395,-0.517101671358695
4,-2.7269987279362624,-1.9903976846462657
4,-2.7215358322347605,-2.9111887537468997
4,-2.9158268083948755,-2.3726806788911206
4,-3.341824066693106,-3.054938765245861
4,-3.2266757049251344,-2.6035028678247647
4,-1.4819201376014313,-1.9352193805936824
4,-2.722336222660232,-1.804791417011665
4,-2.6137983945992067,-1.2591160028206994
4,-2.2989765900329227,-2.0894627416351965
4,-0.38021124171160636,-0.4071246380124704
4,0.09017663034908807,0.4401925272114474
4,-0.3357921019231931,-0.26155928476453605
4,-0.3357921019231931,-0.48701806211485055
4,0.8493884764952844,-0.02552681463063633
4,0.45843904175190797,-0.04724100429218131
4,-1.0,-0.8164230784308935
4,0.0,-0.535232748112604
4,0.0,0.003479136485431744
4,0.0,-0.33285490070397517
4,-1.0,-0.6801053440253597
4,-2.2646491976989713,-2.394743382056052
4,0.17609125905568135,0.07136175749430795
4,-0.39194964498285056,-0.6010331510597311
4,-1.2787536009528289,-0.7146783843506676
4,-0.6989700043360187,-0.42658075364182263
4,-0.5979434251331313,-0.7719349512314415
4,-0.6460339291482207,-0.42573504332456796
4,-0.9829666607012193,-0.8572090324276873
4,-0.7472746839105735,-0.9013926925156386
4,0.29570116215891407,-0.24805915950180324
4,-0.5314789170422554,-0.6605650768828875
4,-1.3511966051297115,-0.6277129108237668
4,0.15409696534951323,-0.31769827086108
4,-1.3010299956639813,-0.6053795762615942
4,0.8129133566428557,0.35532164666375365
4,0.571798386295427,0.6920592580421175
4,-1.2218487496163561,-1.04351758123964
4,-0.8750612633917001,-0.5720282745475184
4,0.9772370007764248,0.5259843905705832
4,0.7999965835389071,0.9164546310383969
4,-0.5842570557255771,-0.5618869614655686
4,-0.5352393730709162,-0.6012526693541337
4,-0.04111258551491215,-0.5086974348667709
4,-0.7056005832350314,-0.6094930637604297
4,0.8956496623437697,0.5007259830302443
4,0.0,-0.46919962374631813
4,0.0,0.07272058017728777
4,-2.09736453370041,-0.5975890866889396
4,1.0612766682173884,0.3974372719939241
4,0.6254311720967021,0.3379512215953393
4,0.6882941561068252,0.09654382358117908
4,-1.2160192059556323,-0.9881327156859326
4,-1.2671717284030137,-1.2570044790996082
4,-1.0,-0.967156705474353
4,-0.7990851572192863,-0.7338310413960036
4,-1.2108533653148932,-1.028549020995831
4,-0.48811663902112556,-0.93686144776042
4,0.211230822627817,-0.6282989378325732
4,-0.8538719643217618,-0.8662445474481534
4,-0.9654759768051342,-0.9102730948564486
4,-0.12104369272477555,-0.5587556044941242
4,-1.0170333392987807,-0.7577881725446856
4,-0.7781512503836439,-0.6025609363301971
4,-0.798354636471931,-0.6618065330819871
4,-0.7373149964122376,-0.6257327570226352
4,-0.6575773191777934,-0.8633982411727888
4,-0.7727562184969372,-0.8190405546175474
4,-0.9652378937407882,-1.0808835690239706
4,-0.6847295652214083,-0.8919138266552713
4,-0.5177391056279266,-0.8071225707660457
4,-0.24303804868629442,-0.7393874686728237
4,-0.8200136970607943,-0.5494614686900641
4,-0.7670858242334848,-0.3767349121953813
4,-0.4714067711952339,-0.5428437434377545
4,0.0,-0.11395240332250917
4,0.0,-0.12013089045907233
4,-0.7285252478977347,-0.5645889469479629
4,0.0,-0.54085480872859
4,-0.639201799332529,-0.6787307203626486
4,-0.3318439430782014,-0.6051572737033586
4,-1.1875207208364635,-1.3745480535676566
4,-0.30102999566398125,-0.48032585356313673
4,-0.7403626894942441,-0.5968529551216296
4,-0.7403626894942441,-0.5055465653090316
4,-0.7403626894942441,-0.34449031572040245
4,0.0,-0.6138938522314832
4,-0.7403626894942441,-0.6832542012668433
4,0.0,0.0890895085833826
4,0.22184874961635614,0.23330860852053903
4,0.6989700043360187,0.6833909290342032
4,0.07135590853566853,-0.48292588724559254
4,0.30102999566398125,-0.1895352396077689
4,-0.3494856763830949,-0.3120248064477268
4,-0.7870157984620274,-0.5532426594345408
4,-0.30102999566398125,-0.4023157145687612
4,-0.3494856763830949,-0.2572166283853946
4,0.0,-0.252687044443876
4,-0.4375301220789325,-0.38371526292363145
4,0.33145218286950673,0.2318596098197231
4,0.22943874649712015,0.41640712685095405
4,-0.4375301220789325,-0.3608053394001516
4,-0.7870157984620274,-0.4045824392870418
4,0.5484037989829966,0.3529114498725394
4,0.6989700043360187,0.8194086919212128
4,-0.4375301220789325,-0.38108698209340897
4,0.09691001300805624,-0.316945213921647
4,-0.03959044503700948,-0.023239871734529294
4,0.0,-0.1401061579600501
4,0.0,-0.04642297182146271
4,-0.2614392680716957,-0.08982464316011995
4,-0.4375318721122108,-0.07108676970127842
4,-0.389075175605468,-0.2028741651023055
4,0.15051493100552538,-0.16173621614613154
4,-0.4375301220789325,-0.2550272952726954
4,0.30102999566398125,-0.42891444574771614
4,0.0,-0.3606170761006674
4,-0.4375301220789325,-0.06105239757988906
4,-0.3494856763830949,-0.3208983058532118
4,-0.4375301220789325,-0.3082006037297266
4,0.11092497011273572,-0.3806132423129582
4,0.0,-0.2919001852286454
4,-0.15051493100552538,-0.29856804355602395
4,-0.4375301220789325,-0.5336985361872809
4,-0.4375301220789325,-0.4398320688706952
4,-0.34948628751527444,-0.3796353517213282
4,-0.4375318721122108,0.014597751739029552
4,-0.23855876556918343,-0.3474270043498605
4,0.03959044503700948,-0.39777497658883665
4,-0.03959044503700948,-0.0874358097880929
4,-0.19897135650974906,-0.278932019980116
4,-0.389077352590518,-0.2822959935705538
4,-0.30102999566398125,-0.24406005672923456
4,-0.09691001300805624,-0.12193961745574877
4,-0.19896832053217395,-0.3250287611999757
4,0.0,-0.10953334040856433
4,-0.4375318721122108,-0.32526281877782093
4,0.0,-0.1041562873613679
4,-0.19896832053217395,-0.047841120112499746
4,0.0,-0.43956419252976064
4,-0.11092642354980953,-0.22371673184146731
4,-0.19897135650974906,-0.4935944516247086
4,-0.19897135650974906,-0.023245588678762863
4,0.0,-0.3895815665198161
4,0.38021124171160636,-0.17587524621582673
4,0.0,-0.09853012312619991
4,-0.4375301220789325,-0.3266504484609151
4,0.4375301220789325,-0.3047960158208584
4,0.0,0.002795548837375872
4,-0.3494856763830949,-0.4245345243667536
4,-0.30102999566398125,-0.2153043006287454
4,-1.7781512503836439,-1.2403707026318986
4,-1.4771212547196626,-1.2415302090731155
4,-1.0791812460476242,-1.227391333446107
4,-1.653212513775344,-1.2854337491145857
4,-1.1898425343625068,-0.7323150521214215
4,-1.1528199166426925,-1.4221061232655572
4,-1.0478761435744977,-1.3685858039921879
4,-1.5740312677277188,-1.3916845792996217
4,-1.4387690126326138,-1.385156947830668
4,-1.385262395494082,-1.2734026664589817
4,-1.5642714304385628,-1.6829648973075422
4,-1.568201724066995,-1.5581364456328113
4,-1.625541087177485,-1.0862635765243356
4,-1.568201724066995,-1.601561503733945
4,-1.5096504795465826,-1.3859241240129627
4,-1.5461312049140492,-1.4377198309878907
4,-0.7708520116421447,-1.3602507538021698
4,-1.3010299956639813,-1.348847492433772
4,-1.6368220975871743,-1.4626552491975806
4,-1.1613680022349753,-1.2285804120739647
4,-1.3979400086720375,-1.3803046059793986
4,-1.4771212547196626,-1.5681130676111947
4,-1.5440680443502757,-1.5583174575731302
4,-1.2671717284030137,-1.5461736907730441
4,-1.4771212547196626,-1.2707922071312776
4,-1.5228787452803374,-1.0278518237916825
4,-1.7323937598229682,-1.3301939257935738
4,-1.2772210289283077,-1.0637378589618338
4,-1.1729208103369215,-0.9504105030746177
4,-1.0874659334098817,-0.9724655288474925
4,-1.3805024873728806,-0.8685525544170294
4,-1.3580011968427375,-0.811658601690846
4,-1.198657086954423,-0.651507474707529
4,-1.3424226808222066,-1.1967582365090106
4,-1.5888317255942077,-1.2746021634408597
4,-1.6989700043360187,-1.5844671615315007
4,-1.5357159699855094,-1.4367889564162246
4,-1.0349775835555715,-1.0838894805411172
4,-1.3480265583402051,-1.251682451223805
4,-1.4623979978989556,-1.3918492337906776
4,-1.4419568376564111,-0.944401330425871
4,-1.0969100130080562,-0.7634048405636529
4,-1.3152704347785908,-1.1282549208095132
4,-1.2013971243204518,-1.2744040586824936
4,-1.1962946451439684,-0.8319523249831509
4,-1.2108533653148932,-1.132820315684561
4,-1.1186897873312986,-1.4202360498271593
4,-1.2632414347745815,-1.2175987063091456
4,-0.6812412373755876,-0.5367304203157153
4,-1.190331698170291,-1.2229685177240488
4,-1.4036923375611288,-1.4247625477252812
4,-1.3096301674258992,-1.3238407379342982
4,-1.3702270208050047,-1.250258048557211
4,-0.995147497205588,-0.7843274789457801
4,-0.8954839347570029,-0.8863821808070349
4,-1.3537880448267803,-1.071916934245585
4,-1.4259687322722812,-0.8587617769028026
4,-1.60538793467689,-1.2413932662525367
4,-1.384197522541995,-1.7001727291997466
4,-1.4724389466367729,-1.5662724724282335
4,-1.5372813780731152,-1.7303398568146409
4,-1.7018461068392696,-1.0695482794130986
4,-1.4225482628341792,-1.2148650280144078
4,-1.5910646070264987,-0.8144281837072417
4,-1.4977438220861892,-1.4258492761924546
4,-1.3010299956639813,-0.7162522883593772
4,-1.6989700043360187,-1.5799593989501513
4,-1.5051499783199063,-1.672940321136688
4,-1.8538719643217618,-1.6171052250309788
4,-1.5910646070264995,-0.8405382418492081
4,-1.845098040014257,-1.7459138686666953
4,-1.6020599913279625,-1.7644822326736
4,-1.9030899869919438,-0.8960693361984009
4,-1.8325089127062366,-1.4947773635790593
4,-1.5642714304385628,-1.0142515556330967
4,-1.7676858167054785,-1.4465483886619945
4,-1.3979400086720375,-1.1820075422402605
4,-1.7781512503836439,-1.201737890510493
4,-1.3832167518513314,-1.46055866345672
4,-1.3979400086720375,-1.4450013231883692
4,-1.4711190636776532,-0.8605904611729189
4,-1.5740312677277188,-1.3260235355653405
4,-1.2787536009528289,-1.2003071334053639
4,0.19967462899203614,-0.28621465794185275
4,-0.2437094651795757,0.10508638936958548
4,0.3426875752994052,0.16839658721772777
4,0.3252546556851925,-0.22008032059180155
4,0.4387732103469384,0.27944822007693737
4,0.2767614209370439,0.41914648832510737
4,0.15734628357760183,0.5903586535853388
4,0.19507185367852742,0.5779374947694264
4,0.014618439768002922,0.29593327913511025
4,0.8623294627632445,0.01935273801809745
4,0.4718729191633164,0.09956249331882527
4,0.1685781829349775,0.4114854973959374
4,0.3667897898651731,-0.08669000092521006
4,1.0756359652829754,1.0382790708973682
4,0.0,-0.35905670555309394
4,0.0,-0.16247859760601252
4,-0.7870157984620274,-0.3050989716098537
4,-0.3494856763830949,-0.25169078466537065
4,-0.3494856763830949,-0.32675469904985854
4,-0.4375301220789325,-0.16008345832977988
4,-0.4375301220789325,-0.2513206225019112
4,0.07918124604762511,-0.3275623003923599
4,-0.8035983725961238,-0.7514759287852515
4,-0.008209265560077839,0.34451687797239106
4,0.18953254350015936,0.13313467145048585
4,0.26954890820492317,-0.050740303295931155
4,0.504964353119516,0.3582654884166069
4,1.0267793761882515,0.3822638113974475
4,1.0245022972506561,0.3615190212644006
4,0.9024826292148989,0.22484676895473432
4,0.0,0.6525961252190399
4,0.33853704070641744,0.698592915987878
4,0.6447927479487232,-0.15043231071210567
4,0.7513300624553647,-0.2818129104713241
4,0.19995997569809631,0.21892978223474113
4,0.7851129120306855,0.5602056516087143
4,0.0,0.2698890405060831
4,-0.008038355111862572,0.057791529353382165
4,0.17526490189038313,0.11999282451103421
4,-1.0,-0.6634726104261072
4,-0.8129133566428557,-0.8803598766015337
4,-0.7428754900351002,-1.057861362023826
4,-0.3332146790353825,-0.6500383397510106
4,1.2696796919573048,0.9665034819672825
4,-0.8361431973613307,-0.5968098759455829
4,-1.0310342337399687,-0.6797257392464031
4,-0.45737719652390574,-0.39551287505154265
4,-0.08715017571890016,-0.08704892110748386
4,0.09177037335564542,-0.3608906152965705
4,-0.7998705000768798,-0.9121131492111973
4,-0.3869549032534474,-0.2909284653199399
4,-0.8473794057302957,-0.5640036216224824
4,-0.33538263205625984,-0.5611034580442893
4,-0.4313637641589869,-0.2642642203156076
4,-0.10349273312891683,-0.24943369262221157
4,-0.7280414522832768,-0.6542223302629309
4,-0.6671226370840238,-0.43855895606729467
4,-1.1791420105602999,-0.8660938100660933
4,-0.487381217643696,-0.5890120221630925
4,-0.22184874961635614,-0.2341425305609107
4,-0.431798275933005,-0.4684389020145834
4,1.3802112417116064,1.5279386597057556
4,-1.0,-0.47659210991656537
4,-0.6989700043360187,-0.8425162530740188
4,-1.2118068113222158,-1.1803380097502858
4,-1.3466700934730556,-1.0535121974651753
4,-1.079181246047625,-0.4734627477011694
4,-0.9030899869919438,-0.7894069882797483
4,-1.472965294948505,-1.2206767584273184
4,-1.7708520116421438,-1.4411918302935336
4,-1.5517548730165664,-1.4866357681348568
4,-2.5477747053878224,-1.3995200868037527
4,-1.7853298350107671,-1.399961996788486
4,-1.9637878273455556,-1.542113723162744
4,-1.0091159609934506,-0.9337641602579414
4,-1.9962614304405983,-1.2629620068521146
4,-0.8129133566428557,-0.9535460137339449
4,-0.6690067809585756,-0.9496459724413637
4,-1.010723865391773,-1.042014430288092
4,-1.018885344160374,-1.3012862685886446
4,0.045757490560674796,-0.8520787212015273
4,-1.1461280356782382,-1.2139284447688468
4,-1.703291378118661,-0.8200266811089163
4,-1.361727836017593,-1.1560800535722215
4,-0.7781512503836439,-0.8815378599581802
4,-1.079181246047625,-1.075563746677956
4,-1.271066772286538,-0.9515166784070946
4,-1.571798386295427,-1.156542251811092
4,-1.6610378512872996,-1.6045602897945113
4,-0.8791778295865322,-0.5371042274538845
4,-0.8791778295865322,-0.7465089162050069
4,-0.798354636471931,-0.7825064387865213
4,-1.0855214240786433,-0.9230165193759814
4,-1.0969100130080562,-1.1960333847673976
4,-1.672097857935718,-0.7806293413812684
4,0.8618329976579444,0.11862641215768166
4,-1.6334684555795862,-0.9259846000686642
4,-0.5930632586839835,-0.9259846000686642
4,-1.2071964617445623,-1.2742005120806117
4,-1.343535645507214,-1.228740896028508
4,-0.9618164463758658,-0.9766720198421419
4,-0.8782664032669114,-0.6317438455143406
4,-1.0,-0.6088923835545791
4,-1.0,-0.9244763461087981
4,-1.0413926851582254,-1.2409203273166118
4,-0.5002610582279248,-1.0157870246500842
4,-0.6020599913279625,-0.9668872843893581
4,-0.79375632371422,-0.7303118644070754
4,-0.6989700043360187,-0.7337354723910685
4,-0.3489535479811643,-0.7071341906798816
4,-1.2041195220169634,-0.9289987581613051
4,-0.2518119729937993,-0.5418687240072619
4,-0.9700367766225568,-1.442197556316187
4,-1.0211892990699383,-1.0169907230302482
4,-1.3010299956639813,-1.1077964066694241
4,-1.079181246047625,-0.8555330618964629
4,-1.0863598306747484,-1.012943306481042
4,-0.7900504736833511,-1.0691300554368828
4,-1.1879904823553886,-1.1317939134735424
4,-1.1159511898262942,-0.7493450025635964
4,-1.3909351071033793,-1.3024960932135463
4,-0.9378520932511556,-0.8967171969685938
4,-1.0633869788643926,-0.8961931625399508
4,-1.4771212547196626,-1.0346217572431267
4,-1.7853298350107671,-0.8938824188147273
4,-1.3010299956639813,-1.5018766435642363
4,-1.0769597860536666,-1.0313914590455293
4,-0.6627578316815743,-1.042370303031963
4,-0.8920946026904808,-1.0023788487217966
4,-0.8091854841236117,-0.9184879682519296
4,-1.1461280356782382,-0.6249940614248484
4,-1.4471580313422194,-0.9073863397068294
4,-0.6647756291055495,-0.5823571656853649
4,-0.9030899869919438,-0.9069799171657278
4,-0.865301426102544,-1.1247997153265086
4,-1.1760912590556813,-0.9737905132034603
4,-1.1413291527964695,-0.32586702123834044
4,-0.8159398112730436,-0.6685558639227543
4,-0.848732324669351,-0.5211543878961787
4,-0.7781512503836439,-0.8075337117424535
4,-1.0413926851582254,-1.1472237225808177
4,-0.5228787452803374,-0.4219533084269408
4,-1.0969100130080562,-1.061206039746097
4,-0.8538719643217618,-1.0042185631518823
4,-0.5228787452803374,-0.43197302484755185
4,-0.8195439355418692,-0.41633182311277056
4,-1.0222763947111524,-0.9247630507274316
4,-0.8450980400142569,-0.7692456659980043
4,-0.21559980033935489,-0.35401355329733586
4,-0.8386319977650247,-0.7252889202006331
4,-0.6642078980768069,-0.4341721346823348
4,-0.30935112938274134,-0.5960061530473607
4,-0.4164234143660508,-0.6709603941457474
4,-0.8785778371145367,-0.7200218505692615
4,-0.642065152999546,-0.7287977914483404
4,-0.5542872095319611,-0.6096620579065757
4,-0.6457244923827936,-0.5273636739361103
4,-0.9128498242810998,-0.7702338406603617
4,-1.0661607360551137,-0.9000914217277057
4,-1.0848215134003167,-0.6102087890831337
4,-0.87036614218332,-0.7006559946875937
4,-0.6901960800285138,-0.4714812081786713
4,-0.431798275933005,-0.4129898669155093
4,-0.07916108702646962,-0.18299383607564618
4,-0.6989700043360187,-0.698403938625771
4,-1.0116311101180298,-0.9102442121578339
4,-0.8786653876605248,-1.0742088356364419
4,-0.8293037728310253,-0.9530005555839053
4,-0.8239087409443187,-0.9150019558045407
4,-1.0,-1.1301731676532971
4,-1.0,-0.8198500091722969
4,-0.13810226508706336,-0.40562053193138164
4,-1.1016221150958696,-0.7695318762124337
4,-0.8358079642440268,-0.7386217376442717
4,-1.3546346542409058,-1.1125729472903203
4,-0.8616973018337193,-1.2033568270454829
4,-1.5835765856339492,-0.9955009154536405
4,-0.7118072290411908,-0.9674433595680016
4,-1.7447274948966935,-0.9921711423669092
4,-1.5440680443502757,-0.5253821416562509
4,-1.113943352306837,-1.0144406657300724
4,-1.8293037728310244,-1.739620929465754
4,-1.8129133566428557,-1.5980572645261555
4,-0.857332496431269,-1.1265809224228742
4,-1.204119982655925,-1.2005585541868187
4,-1.6020599913279625,-1.5048387469980136
4,-1.2552725051033065,-1.0488250251345963
4,-0.49069406190893616,-0.6634735841187757
4,-0.9294189257142929,-0.776037850061895
4,-0.6320232147054057,-0.6848643479025202
4,-0.6872316010647745,-0.6200475900673219
4,-0.8239087409443187,-1.2711775865508155
4,-1.361727836017593,-1.4614195058275827
4,-1.740362689494244,-1.7421688873817582
4,-2.204119982655925,-1.2340967165959373
4,-1.1856365769619117,-1.165395126049419
4,-1.2870152586388937,-1.1924312506757684
4,-0.6197887582883936,-0.6309860483089477
4,-0.8239087409443187,-0.9348286183332071
4,-1.3010299956639813,-1.1834421284580396
4,-1.0993846321359113,-1.2059428885110113
4,-0.6709412807357751,-0.6172033495294571
4,-0.84641608194217,-0.5587276633148892
4,-0.9030899869919438,-0.6639420692949152
4,-0.8473898367938411,-0.6136038819120788
4,-0.9744458955276123,-0.7103383658639325
4,-0.910268571619067,-1.1256329657155528
4,-1.4771212547196626,-0.5311805524169795
4,-0.5333441789585027,-0.8412259497234928
4,0.0,-0.32970225732374236
4,0.34678748622465605,0.4139167089203324
4,-0.5676910896966998,-0.8219190155636226
4,-0.31137082900220037,-0.3835339687421211
4,-0.3904795519065729,-0.3960270644168452
4,-0.1112891378916574,-0.27806897163326383
4,-0.274110581688328,-0.4238851104375142
4,-1.0255541044723877,-0.6684553410323443
4,-0.9719712763997563,-0.7154045220204325
4,-0.31361912297200156,-0.6046358691518907
4,-0.5638373529592435,-0.7492506811361089
4,0.0,-0.09192101148750609
4,0.0,-0.012718591842712512
4,0.0,0.00012279629011474613
4,0.9030899869919438,1.072759768926531
4,0.7569619513137056,0.46442677661559195
4,0.860338006570994,1.0903083260097786
4,0.0,0.19034197867096625
4,-0.6409780573583319,-0.45419416014023
4,0.0,-0.4598276668453085
4,-1.0705810742857071,-1.0125364613667078
4,-0.9420080530223132,-0.8081653177153745
4,0.151267675330649,-0.3356810123692433
4,-0.5686362358410131,-0.644152351711012
4,0.3484151154576107,0.46298869105006846
4,0.08804772997273602,0.8067854629254178
4,1.4056593710152416,0.6418368826027611
4,0.661181443446619,0.8790406699425185
4,-0.8239087409443187,-0.5142576834132405
4,1.117540014535269,0.5388477699488629
4,-0.7900504736833511,-0.5769134933754173
4,-0.7191733904243058,-0.5693780189728618
4,0.061354937933483455,-0.15564636535407783
4,-0.8643373979999271,-0.783052653606478
4,-0.9788107009300617,-0.6599831052259235
4,-0.14612803567823818,-0.43382636557070725
4,-0.7742209567552116,-0.8341691602387256
4,-0.4202164033831899,-0.5387370647942652
4,-0.47172622283295595,-0.4642748047451615
4,-0.2855178294857339,-0.46297772523187414
4,-0.8750612633917001,-0.9663151456725825
4,-0.8872957198087112,-0.5385008083658904
4,-0.5925146734217321,-0.5256221005635527
4,-0.4771212547196626,-0.6873564121084953
4,-0.9274493328513884,-0.5118808327072624
4,0.0,-0.4024411840932101
4,-0.7221998450544937,-0.6895412424085103
4,-0.7996401662173822,-0.8493132920192723
4,-0.6976870064105913,-0.48301914619839537
4,-1.5081554884596313,-1.017830462269238
4,-0.3372421683184257,-0.8020515890946085
4,-0.6569086593353077,-0.5506194144534132
4,-0.9637878273455556,-1.0181307513512932
4,-0.08432088570003593,-0.5324846585485452
4,-0.499397649430815,-0.6113059756018135
4,-0.7178553484963919,-0.7058508312736962
4,-0.8816918422907127,-0.719857968461463
4,-0.7367585652254185,-0.9189188870310938
4,-0.7533276666586115,-0.5661521860010985
4,-1.154901959985743,-0.8255603313084252
4,-0.7569619513137056,-1.201542223584931
4,-0.8538719643217618,-1.1578848640276984
4,-1.1014576407587766,-0.9689250603217222
4,-1.1737873041461162,-1.0866407301557512
4,-0.7942380702770997,-0.5004005475949955
4,-0.6989700043360187,-0.5102913552967978
5,-0.30102999566398125,-0.4981409835427635
5,-0.7651307403911325,-0.6816408955376745
5,-0.8239087409443187,-0.5777396110545929
5,-0.3357921019231931,-0.3620108114049673
5,-0.714033750771895,-0.6857851081036299
5,-0.31425396462177524,-0.2414959903893233
5,0.24551266781415038,-0.5162320610709034
5,-0.7344423224982384,-1.3038883848611598
5,-0.6532125137753431,-0.5531967321461112
5,-1.1505139038522927,-0.884285398764177
5,0.0,-0.31601603523898325
5,-1.6368220975871743,-1.3152137487424482
5,-1.6127838567197355,-1.2268607953682613
5,-1.865301426102544,-1.531695932656161
5,-1.1650958747542175,-1.183023354343514
5,-1.4313637641589878,-1.1843900570363555
5,-1.3164363267053814,-1.3553489482149434
5,-1.1055101847699742,-0.5267228413157901
5,-1.179695383324507,-0.5409323237059331
5,-1.113943352306837,-0.569762018486508
5,-0.6796648491406323,-0.5166333283092513
5,-0.9560945143009185,-0.7709291734676583
5,-0.842392146638332,-0.617123569789785
5,-0.09691001300805624,-0.3024622747100809
5,-0.9166124791163526,-0.4469539815326117
5,-0.17094279450418348,-0.30929123761439736
5,-0.3853508813640172,-0.4219387774688897
5,-0.4030195342013121,-0.46435313340673806
5,-0.2594721481223612,-0.562377205832801
5,-1.2730012720637376,-0.8177276987456488
5,-0.8794260687941504,-0.7527197329544861
5,-1.134698573897456,-0.9303857536672817
5,-1.049635145623876,-0.8535097208110642
5,-0.821260595654631,-0.884408611349573
5,-1.0907145515668137,-1.0700647146943183
5,-1.3222192947339195,-1.1777284151076985
5,-0.9420080530223132,-1.0232903613004753
5,-0.5740312677277188,-0.7919780132829037
5,-0.8129133566428557,-1.2692456368624698
5,-1.335398897295243,-1.255793889215012
5,-0.9637291824893586,-0.9719872754947555
5,-1.5563025007672877,-1.2327641985281148
5,-1.1303337684950057,-1.1712382668169847
5,-1.2430380486862944,-1.2691212113475718
5,-1.1760912590556813,-1.5131355172789358
5,-1.6658935455344324,-1.3651104561822736
5,-1.4191293077419758,-1.2170625182962396
5,0.09821747354970256,-0.5304503032421354
5,-0.7566980227234472,-0.8230246620509569
5,-0.32123338175226834,-0.6773374028945451
5,-0.3187587626244124,-0.5162450187387857
5,-1.204119982655925,-0.8718898138729994
5,0.0,-0.15182856063761935
5,-0.9774341721012583,-1.1553241561240035
5,-1.026328938722349,-0.8541489229595958
5,-1.595429412428949,-0.8019449849199576
5,-0.4496138450811866,-0.7090081786573325
5,-0.6863808770279984,-0.5388761315420108
5,-0.34678748622465605,-0.40260468301844016
5,-1.0687158123694598,-0.9736135499417128
5,-0.70472233322511,-0.8478256543119834
5,-0.7907403776916642,-0.38973432581177975
5,-0.8066928866262923,-0.5342086126241629
5,1.3424226808222066,-0.3481526363332125
5,1.3009935730215947,1.4338735862319532
5,1.5815837220779043,1.6767277923016775
5,-0.4771212547196626,-0.3475980082431989
5,-0.4499690086760477,-0.339919405561917
5,-0.09564936050631179,-0.3390098579947649
5,-0.2410320659886951,-0.6829623612562973
5,0.15490195998574308,-0.07543913061819685
5,-0.7781512503836439,-0.6766051669785347
5,-1.3979400086720375,-1.4731656718676929
5,-1.0,-0.7956947758537078
5,-1.0,-0.7747732285374225
5,-1.2218487496163561,-0.7960319687809566
5,-0.5000014867943587,-0.7585119703802135
5,-1.9328118686116316,-1.4403296588023236
5,-0.6752907023818553,-0.4724970826228457
5,-1.7549214096651689,-0.8406367286817704
5,-1.845098040014257,-1.9692267801190597
5,-1.328088228398017,-1.2800256180379663
5,-0.4375301220789325,-0.35784792942757515
5,0.44075738996381375,-0.4643436316449132
5,-0.045757490560675684,-0.5962266039798584
5,-0.21559980033935489,-0.5382489506129734
5,-1.2671717284030137,-1.1760628338833456
5,-1.3010299956639813,-1.2043941209003524
5,-1.4698220159781634,-1.2908969600735045
5,-0.3979400086720375,-0.28056034770399985
5,-0.3979400086720375,-0.2448677090000803
5,-0.3979400086720375,-0.32682208520651207
5,-0.4890204780193699,-0.4607991061927838
5,-1.7269987279362624,-1.1957603981796894
5,-0.2872761903368577,-0.4977607626717969
5,0.0,-0.07950685668699653
5,-2.1505139038522927,-1.0613648913519995
5,-1.164810248645992,-0.9675482444897883
5,-1.083121728522423,-1.0648454381219896
5,-0.6627578316815743,-0.48665856266172336
5,-0.3406176746319307,-0.38866948452307115
5,-0.14210676174531311,-0.49337731882928304
5,-1.2965756542377314,-0.8906042715262408
5,-0.544527372242805,-0.6885851477614122
5,-0.22068520040890238,-0.368125887196599
5,-0.6226332212052812,-0.6407899318874053
5,-1.204119982655925,-1.1527462333272116
5,-0.045757490560674796,-0.4018257704039304
5,-0.30102999566398125,-0.4514850775791902
5,-1.2787536009528289,-1.2651903901029837
5,-0.6647291997449933,-0.6284358633162892
5,-0.5823398090037069,-0.6977247038251462
5,-0.7726537229182906,-0.6444060532963665
5,-0.6020599913279625,-0.9695362998506872
5,-1.5440680443502757,-1.3359803314798906
5,-0.20712549279564918,-0.6150589312466008
5,0.18295111693192823,-0.296998825600154
5,-0.38021124171160636,-0.5484804954559993
5,0.0,-0.4500684550456283
5,-0.3912591372529759,-0.6176717002914426
5,-0.3290587192642249,-0.32866658460776577
5,-0.2174839442139067,-0.48153705077151054
5,0.05864551291277387,-0.28519601988801224
5,-0.6575773191777934,-0.9033545374211067
5,-0.8239087409443187,-0.8154673672383688
5,-0.3258535793890127,-0.4844113287642829
5,-2.079181246047625,-1.9117466518214965
5,-1.2218487496163561,-1.4678826891066596
5,-0.4604084692762678,-0.39662056566834025
5,-1.1191864077192086,-0.9603937758940506
5,-1.4771212547196626,-1.1588837346512708
5,-1.139879086401237,-0.9099571810889833
5,-1.3802112417116064,-0.9133504673040236
5,-1.3172455399021716,-1.0042456719484123
5,0.3494856763830949,-0.6582139767376269
5,0.0,-0.6239352950747176
5,-1.3679767852945943,-1.2389052969937286
5,-1.4771212547196626,-1.5653665972398827
5,-0.25719143823949153,-0.3669692054549586
5,-0.6020599913279625,-0.6436157619346401
5,-1.2757241303992117,-0.5133393278823918
5,-0.7346855566025532,-1.0628551804400135
5,-0.06694678963061307,-0.7034803990874962
5,-1.020203386088287,-0.5086448338787135
5,-0.7150857120368901,-0.6789313895558381
5,-0.4162540585488639,-0.3460174946584976
5,-1.325030272067747,-1.4430164808043957
5,-0.1143882690518696,-0.3853899861227144
5,-0.8373045780392774,-0.5918729218613411
5,-1.113943352306837,-1.2068500111061646
5,-1.3010299956639813,-0.9601872386232357
5,0.0,0.16707491023586568
5,-1.350801612394977,-1.2780290884126708
5,0.0,-0.13552043242528433
5,0.0,-0.2584307369147998
5,0.0,-0.35451704717490595
5,0.0,-0.24863570169989688
5,0.0,-0.1122758988071697
5,0.44235914846045077,-0.38317123121570595
5,0.3369425515546265,-0.4863332246303081
5,-0.29329754543329045,-0.49302487460384786
5,-1.7283537820212285,-1.163465475647183
5,-0.955514702167144,-0.5785585230844559
5,0.7804902921553305,0.4358979200845557
5,-1.296513894499017,-0.7988400004380244
5,0.0,-0.10504128304701243
5,0.6140531059872192,0.6028883944271395
5,-0.30102999566398125,-0.2860449864376174
5,-0.6493280729138764,-0.6635434294261724
5,-0.7280831092284821,-0.6222712302342049
5,-0.5706022622039688,-0.6070878242263371
5,-0.7870413936722933,-0.6354603146446682
5,-0.6921305798057134,-0.7300889494261937
5,-0.7870413936722933,-0.7209530827434947
5,-0.7923916894982543,-0.7086288613150317
5,-0.5486860088866239,-0.5842930559324624
5,0.34847057686564575,0.04512096344605471
5,0.0,0.1014289689226166
5,-2.516430988729595,-2.486602498262118
5,-0.8432138961397051,-0.6833937990510321
5,-0.644612342013426,-0.7278191847895176
5,0.0,-0.35617927172792935
5,-1.065734522320379,-0.8599879382164057
5,-0.4476662753813869,-0.45322562722230114
5,-0.7137489363676082,-0.6814927345332218
5,-0.3165052602864149,-0.22159494936035945
5,-0.24183795360414884,-0.2677716056178714
5,-0.23856152772098405,-0.24620110124630024
5,-0.7505570385574174,-0.5469566783063271
5,-0.3120253799654442,-0.45283701475211197
5,-1.4936903561528547,-1.07821374772471
5,0.0,-0.4919345855646498
5,0.0,-0.2929969614514942
5,0.0,-0.19839153346233096
5,0.0,-0.08060018673736702
5,0.0,-0.14752555368467807
5,0.0,0.36880446902550973
5,0.0,-0.03919144883403414
5,0.7403626894942441,-0.04970645667564483
5,0.0,-0.49367431322587874
5,1.0,0.6400852297042552
5,0.0,-0.07149328146440465
5,-1.4771212547196626,-0.9456095540106646
5,-1.1856365769619117,-1.2210090956148745
5,-1.2879675228247383,-1.4756610777742123
5,-2.527958270809612,-2.5054913712339553
5,-2.921686475483602,-2.6734917047659708
5,-1.074000733543845,-1.7033393870063003
5,-2.6661774909397113,-2.626288562909669
5,-1.549750891680639,-1.7797088042527665
5,-2.8750612633917,-2.596629734470149
5,-0.5963076624388712,-1.3813800287196278
5,-1.2099495263166489,-1.5275673074940512
5,-2.638272163982407,-2.57319045387108
5,0.0,-0.3057765670375564
5,-0.7818473959436067,-0.6808993352870586
5,0.15490195998574308,-0.11420477760634268
5,0.0,-0.12122556988290523
5,0.08459549492948426,-0.2883180627572506
5,0.0,-0.04090551129986458
5,-2.7913795161173987,-2.2167895863539813
5,-2.321785217254601,-2.3480740217122813
5,-1.151267675330649,-1.0873618813745527
5,0.0,-0.008824455902131045
5,-1.1072099696478688,-0.45848307382183473
5,0.0,-0.1901506789363296
5,0.0,-0.2776861364984339
5,0.0,-0.16925925984887313
5,0.0,-0.21357468846189953
5,-0.5991933506763587,-0.8594401037875843
5,0.0,-0.17516627890997521
5,-0.6197887582883936,-0.4946885949290202
5,-0.5528419686577806,-0.6563793412363595
5,-0.6066557430171109,-0.6344260278367406
5,-0.7333389059672815,-0.697680029590243
5,-0.17384451590774663,-0.5552860694484483
5,-0.36614817424818646,-0.4115624418713149
5,-0.4706752071520439,-0.43836386506812186
5,-0.6232492903979008,-0.5832425077240893
5,-0.6368220975871743,-0.6027305612966514
5,-0.60528896145816,-0.48791636417316697
5,-0.60528896145816,-0.6373098587999906
5,-0.6197887582883936,-0.5968298817219635
5,-0.31994698356234874,-0.5155930653702625
5,-0.4625828433930863,-0.35535099232308764
5,-0.3905719708045483,-0.5232015616981874
5,-0.24688706485721124,-0.4823135519535353
5,-0.4089783902986097,-0.34279764694381254
5,-1.103876473193652,-0.9859110739488588
5,-0.10963564959093297,-0.25356369291255026
5,-1.0,-0.9095048370253002
5,0.6215133726311741,0.561339340917657
5,-1.173186268412274,-0.9886938580246738
5,-1.0687158123694598,-0.7968517946087328
5,-1.6298190478586818,-0.5497637470644733
5,-0.35793484700045397,-0.3782675916999513
5,-0.16633142176652527,-0.481834827835937
5,-0.7403626894942441,-0.5272675099502354
5,0.0,-0.39965247666755915
5,-0.9030899869919438,-0.5588746955658934
5,-0.8750612633917001,-0.5374779857510995
5,-1.014758999751626,-0.3022589216229126
5,-0.4771212547196626,-0.4472741984793579
5,-0.7336453298012753,-0.3192445349802488
5,-0.5806618466267324,-0.5523153305492945
5,-0.4771212547196617,-0.46127262560856813
5,-0.43572856956143724,-0.47655448543987416
5,-0.11394335230683694,-0.31311022182807935
5,-1.5051499783199063,-1.214618055203781
5,-0.5633074023359459,-1.132018137463705
5,-0.9604914587163265,-0.6880556895947767
5,-1.6690067809585756,-1.6718388697923088
5,-1.4623979978989556,-1.42716410049025
5,-1.3265841001363698,-1.3018570595709877
5,0.03959044503700948,-0.329658807220507
5,-1.0413926851582254,-0.49101687854480036
5,-1.5810720321341156,-0.9592123520686208
5,-0.3832167518513314,-0.6943572479936961
5,-0.5528419686577806,-0.6648635834146801
5,-1.213879819945081,-1.0022121312068906
5,-0.7891466346851068,-0.8111784746845871
5,-1.0903975088639175,-1.3628700367036632
5,0.0,-0.18292275252611562
5,0.0,-0.6621923651942891
5,-0.592283252461411,-0.6808523470804391
5,-0.592283252461411,-0.7410284330808916
5,-0.3386461832699501,-0.5793000691360961
5,-1.0,-0.15754540136585327
5,-1.4085356813507763,-0.9648586680286045
5,-0.6166840828366942,-0.5803174660710346
5,-0.6588953611057073,-0.6518854527207301
5,-0.6261936710446818,-0.5188919531108881
5,-0.6166840828366942,-0.6166802387242861
5,-0.3901303070435729,-0.662475418428349
5,-0.5722550097019159,-0.6984519405940778
5,-0.3701817373529268,-0.47448488038998216
5,-0.13926459109970324,-0.6452652167458954
5,-0.809233790055691,-0.45533088382090653
5,-0.7355411351527765,-0.9033821297730498
5,-0.36266424832349475,-0.5547256158295476
5,-0.5586747746122196,-0.8005177629699161
5,-0.874461823017854,-1.3295350457602952
5,-0.9266482976130987,-0.8545965334877951
5,-0.465435496394468,-0.6949058804234641
5,-0.791159378671491,-0.6791364970033505
5,-0.6375175252488257,-0.5425055778508622
5,-0.7468935566532018,-0.6830200396472246
5,-0.5043075057338848,-0.5138603042492895
5,-0.8510609869879335,-0.4948517621209472
5,-0.3564291320633881,-0.7989380044812409
5,-0.8609748021130947,-0.627038680587666
5,-0.1575129567193363,-0.5914312492296152
5,-1.5264828695491621,-0.6471504101596701
5,-0.4511855206252626,-0.5918417492977304
5,-0.6721200163827188,-0.607891323630131
5,-0.5639554649958125,-0.501329433051092
5,-1.3748924486527798,-1.5298737488739997
5,-1.4093694704528188,-1.330977645421692
5,-1.5078558716958312,-1.7044864557239576
5,-1.4913616938342722,-1.6648362677985082
5,-1.5820633629117085,-1.4496645289976435
5,-1.5194529553397151,-1.5089865129435474
5,-1.1663314217665244,-0.9788652547106176
5,-1.4996870826184034,-1.5552544149064589
5,-1.3129292189636894,-1.570974208746477
5,-1.1080941799605704,-1.3233586951651921
5,-1.0046284041820712,-0.9803458658001933
5,-1.3802112417116064,-0.9616450358841319
5,-1.387686374306484,-1.430631373409938
5,-1.5141048209728316,-1.3841298444375931
5,-1.5357159699855094,-1.4160142110483478
5,-1.431960183373647,-1.250586124454376
5,-1.2552725051033065,-1.4783654663627221
5,-1.5390082455808738,-1.0925932118619308
5,-1.6797306463503485,-0.5790416074000162
5,-1.6077371242196534,-1.559614429837081
5,-1.3802112417116064,-1.2041129871440366
5,-1.1314047788575312,-1.0211216066805
5,-1.1968207439144258,-1.0930816157087464
5,-1.5490032620257876,-1.0634213124554608
5,-1.9978230807457251,-1.398213764573977
5,-1.8195439355418683,-1.0646051438846087
5,-1.6309361190641916,-1.6332215506489867
5,-2.0050374406916136,-1.7906345717624745
5,1.3112676473584868,-0.07852004009894531
5,-1.4610344348262077,-1.3080949329644533
5,-0.9208187539523749,-1.300652651534256
5,-1.4115035999655055,-1.3607704065911361
5,1.219125891280883,0.8530580668508787
5,-0.6482604135760912,-0.7242194051604137
5,-1.1409268419924299,-0.8859893577863791
5,-0.47172622283295595,-0.4887794722222135
5,-0.38021124171160636,-0.6359969657397051
5,-0.6184504075161321,-0.6929885596229792
5,-0.3521825181113627,-0.8701574494434172
5,-0.6130553756294255,-0.5880413702454815
5,0.0,-0.512994103883397
5,-0.7739952906124863,-0.5937523098907216
5,0.09626075003694723,0.052409841402173696
5,-0.3098236601811166,-0.8287192814286177
5,-1.230448921378274,-1.0376021089826915
5,1.0584260244570052,-0.26104791565703866
5,-1.0078253375119566,-0.7297846168284119
5,-1.3010299956639813,-1.1512089557062164
5,-0.43503034677132746,-0.8216676665031728
5,-1.3444802558203817,-0.8125846967065784
5,0.0,-0.43878742481524974
5,-0.5954962218255746,-0.5200337963481427
5,-0.5623872865640109,-0.6843399389526603
5,-0.4562839436321724,-0.6583786559474483
5,-0.638489256954637,-0.5631466499805012
5,-0.4708594338348915,-0.5497744369432833
5,-0.6638055872727673,-0.73547096391767
5,-0.5786173133193158,-0.5470113332569794
5,-0.7100860092414791,-0.702230369953236
5,-0.3497414449984353,-0.22543484907484118
5,-0.8129133566428557,-0.48513008526360013
5,-0.2720662997286647,-0.16851919689273392
5,-0.6989700043360187,-0.49484369510106324
5,-0.34473892354938673,-0.49312292028350174
5,-0.21992282858031764,-0.5336441488088107
5,-0.13305071898637433,-0.2523875548984548
5,1.9323294795010275,0.40825057967707007
5,1.9180709017839055,0.2232745126015065
5,-1.740362689494244,-0.3977561482788944
5,-0.7811567605233689,-0.7849518216487895
5,-0.7870157984620274,-0.467677160847075
5,0.0,-0.5614997788263486
5,0.0,-0.25183438158045157
5,-0.5106187037514216,-0.7031344415422951
5,0.0,-0.4193449627782373
5,0.0,-0.26701720358948233
5,0.0,-0.17152980970119597
5,-1.2430380486862944,-1.2691977879903278
5,-1.3827000421153013,-0.5648331933036645
5,-1.204119982655925,-1.1982078623654095
5,-0.39138190284952223,-0.6602745387539278
5,-0.14612803567823818,-0.34249808159875295
5,-1.0211892990699383,-0.9323093796268362
5,-1.0,-0.9678852528708222
5,-0.03367199469456761,-0.3715084524683716
5,-1.4771212547196626,-1.080185412391526
5,-1.1836443969461268,-0.6968660624137062
5,-0.6368220975871743,-0.6084646884714014
5,-0.8702087605972881,-0.6055150592469287
5,-1.230448921378274,-0.9321891231697119
5,-0.6020599913279625,-0.6200065321385381
5,-0.6478174818886373,-0.7223931431889816
5,-0.3521825181113627,-0.4853865419770788
5,0.2364491808619107,0.1042264605287278
5,-1.0769133845918022,-0.9808814191480191
5,-1.4475408383144721,-0.6542024755853999
5,-1.5844523833812616,-1.208506376402743
5,-0.5882717068423293,-1.7039582023410484
5,-1.2523433215461246,-1.4884567826096722
5,-1.3341402942756098,-1.2118665297920623
5,-1.9516953204254452,-1.3836885096083085
5,-0.8767835173945651,-1.0792920988758101
5,-1.0280287236002437,-1.2962636035841273
5,-0.8726006648440432,-0.7406269153699663
5,-1.434616003271386,-0.9622971378101293
5,-1.2121155880731562,-0.777397624694242
5,-0.7870157984620274,-0.6276168374583634
5,-0.9363309201306222,-1.2753758993384916
5,-1.5440680443502757,-1.466500022142714
5,-1.3502480183341632,-1.0855978658530363
5,-1.249198357391113,-1.2460249960328234
5,-1.1760912590556813,-0.8537570856681402
5,-2.6812412373755867,-2.5647652289841267
5,-1.2544047835720793,-1.4132581846525236
5,1.1962946451439684,0.6579943470622751
5,-2.3039156839014696,-2.480751366180138
5,-0.5456293203825044,-0.8325755108526778
5,-0.8890758416581361,-0.514078533521139
5,-1.1594437878248467,-0.7483330186308609
5,-0.30102999566398125,-0.46183543542577876
5,0.8227542135070056,-0.27387671251592355
5,0.6086801142439748,-0.2854584284201043
5,0.17609125905568135,-0.10506331849806477
5,0.0,-0.06641465044908618
5,0.8450980400142569,0.18650890589613794
5,-1.6964812039323238,-1.3110891547739232
5,-1.5096504795465826,-1.0634418583804475
5,-1.2730012720637376,-1.192942555275122
5,1.5442417968958626,-0.37625841955798345
5,0.11713503215564458,0.007421043053878751
5,0.0,-0.49515857054780077
5,-1.0159685076998723,-0.8398062292125821
5,0.8239087409443187,0.3018404384285402
5,-1.0053950318867066,-1.3217659726360182
5,-1.3729120029701072,-0.7292507490487297
5,-1.6020599913279625,-1.5512106142717246
5,-1.6127838567197355,-1.2712164496345655
5,-1.3353608263347194,-1.0209781876505906
5,-1.2288978680085352,-0.8665194468683981
5,-1.3736333793374502,-1.0738880731494946
5,-0.30102999566398125,-0.2247590194091087
5,-1.4771212547196626,-1.1068526021401146
5,-0.4375301220789325,-0.07504683639338061
5,-2.729974285699556,-2.9443933018079997
5,-2.8512583487190746,-2.7516445139241195
5,-2.4004146277998926,-2.4215646555939587
5,-2.5421043884868713,-2.6342620971384103
5,-1.9220268061413437,-1.790515672652908
5,0.0,-0.3591149968836796
5,-0.8016323462331663,-1.237541759421993
5,-0.15490195998574308,-0.4736571826631508
5,-0.15490195998574308,-0.23784631730564182
5,0.47594087683390995,0.0771239999016255
5,0.22515138516644218,0.14909801815956275
5,1.247183568811728,0.4465228407853002
5,0.2863410853561561,0.40965241530415225
5,0.0,0.646884495863228
5,1.140713219517929,-0.21903521221484878
5,0.04706233224901979,0.5311479135669523
5,1.6179829574251317,-0.13861930861541444
5,0.5555762556450325,-0.3613972675179544
5,0.0250280057019312,0.08996987983002919
5,0.2651132542663621,0.17129032005771377
5,0.33751319193400686,0.48126918653974665
5,0.9465926090058607,0.7269347273392115
5,0.5529505287088154,0.5657364297861118
5,0.0,0.5427005704505785
5,0.0,0.3085419419353879
5,0.2986105215405681,0.4517941903268902
5,0.1416504118618782,-0.04377578114491498
5,-0.4375301220789325,-0.20014623395130593
5,-0.7898641211887929,-0.6119761203572003
5,-2.278753600952829,-0.7856521978303439
5,-0.9488474775526186,-1.0559190590310197
5,-0.8450980400142569,-1.1174191244784348
5,0.0,-0.3058243332832141
5,-1.2218487496163561,-1.077752685063888
5,-0.6897293476011059,-0.6303391074160538
5,-1.214843848047698,-0.6861477881565282
5,-1.7781512503836439,-1.7948708949002208
5,-0.6025554785259217,-0.5036311972736731
5,0.0,-0.38204077418873317
5,0.0,-0.06992798076722956
5,-0.5932860670204576,-0.5121064072984666
5,-1.2009148427807128,-0.6823267129760036
5,-1.269512944217917,-0.6692596757068915
5,0.0,-0.14193838210564108
5,0.0,-0.21044438294309536
5,-0.3979400086720375,-0.3601525421046523
5,-0.3979400086720375,-0.35106020710516916
5,-1.9030899869919438,-0.7917788824201475
5,-0.8010296743210459,-1.0581695977980208
5,-0.30102999566398125,-0.9579548032524272
5,-1.1505139038522927,-1.1885469809592375
5,-0.6020599913279625,-0.8351716511011772
5,0.0,-0.8835151750932905
5,-2.6989700043360187,-0.8221178449197426
5,-1.1505139038522927,-0.8200081507490523
5,-1.0,-1.251469949691723
5,-1.1505139038522927,-0.6965817274163975
5,-1.1505139038522927,-1.1738618027916718
5,-1.3010299956639813,-1.0474196535528004
5,-1.6989700043360187,-0.7397818876592054
5,-1.3010299956639813,-1.065592409900809
5,-1.0,-1.209423306318629
5,-2.1505139038522927,-1.0663017722572716
5,-1.3010299956639813,-1.0868314017371985
5,-1.1505139038522927,-0.9948264652700092
5,0.38021124171160636,-0.408363060645507
5,-0.6481031079968638,-0.4913126740796736
5,-0.30102999566398125,-0.5133573091643289
5,-0.2313940675225874,-0.5114358720621786
5,-2.975961759132561,-1.6727570747591898
5,-0.26681589513288007,-0.5029945894160394
5,-1.5835765856339492,-1.4682803799091686
5,0.0,-0.1528303204079497
5,0.08755474051312451,-0.025629674762717325
5,-1.3257703732422108,-0.751249683873201
5,-0.5296282275290061,-0.43282861722031496
5,-0.43443004088932113,-0.5853391307175558
5,-0.6989700043360187,-0.662821624255456
5,-0.7481880270062007,-0.9071260132109183
5,-0.7533276666586115,-0.9116052234217482
5,-2.928051683130893,-2.644716420866206
5,0.7634279935629369,0.5625689511725629
5,-0.3979400086720375,-0.2672130844176409
5,-0.3979400086720375,-0.3373746154966292
5,-1.4293484729236612,-1.6027230424685697
5,-1.799154196959024,-1.5170985843522
5,-1.1893195247894361,-1.7357596292761914
5,-1.2518119729937993,-1.6393723444842176
5,-1.6020599913279625,-1.528743473732907
5,-1.7659167939666318,-1.8400294802216042
5,-1.3010299956639813,-0.9582330400385695
5,0.38021124171160636,-0.27186220328420707
5,-0.9783383627425621,-0.8525532497832735
5,-0.9186308678042003,-0.5787133390619985
5,-0.03950854128367354,-0.4306637662390648
5,-1.0161684976948866,-0.8285875949471193
5,0.0,-0.39908011127757104
5,0.0,-0.3188695542865984
5,-2.047923552317183,-1.4922080939592266
5,-0.4824500882247298,-0.43222159485161993
5,-0.6020599913279625,-0.9299488575628947
5,-1.5440680443502757,-1.276570176252246
5,-0.43933269383026285,-0.8424951499861427
5,-0.3424226808222066,-0.8577124013002964
5,-0.5411035653865364,-0.7738739445487878
5,-0.6020599913279625,-0.7365330735708951
5,-1.4282248125765058,-1.3336248202082166
5,-0.6989700043360187,-1.1393208138213173
5,-1.0453229787866576,-1.1589253897225373
5,0.8129133566428557,0.4371598945112803
5,-1.1271716180405917,-0.9654137780169483
5,-1.0826695738934466,-0.8222862913910884
5,0.16234844215360766,0.42486835385967076
5,0.30102999566398125,-0.1805740109705789
5,0.5467806982782273,0.46359847295378437
5,0.3737315730412165,0.577781221697572
5,0.4396128156899852,0.4520849468550349
5,0.7781512503836439,0.9260530847868607
5,-1.113943352306837,-0.8759089463412646
5,-1.2344639991151105,-1.1376389082052918
5,-1.4177484020255902,-1.0942629761287164
5,-1.3374592612906557,-1.4194033245273339
5,0.13033376849500655,-0.21755030231722922
5,0.15970084286751174,-0.26992208965687886
5,-1.4722687519252498,-0.7954317804985926
5,0.10523540179218838,-0.14975495599224609
5,-0.103219486915064,-0.0953766396260643
5,-0.12315518386788238,-0.30652503701935974
5,-0.26240059330785037,-0.30222528883961874
5,-0.560017705442899,-0.4667274500499845
5,-0.06497800647284357,-0.22733556126242815
5,-0.3979400086720375,-0.2906649161852397
5,-0.30597457828104346,-0.5732835800687827
5,-0.31481828014961444,-0.2404228258960539
5,0.020684598859850745,0.0030779671970067035
5,-0.8377438486797901,-0.5748504515595332
5,-0.08364212367298762,-0.3646120337303713
5,-0.1870866433571443,-0.08828155047238406
5,0.22493982659349765,0.017625302298243495
5,-0.653212513775344,-0.7430889248285654
5,-0.4771212547196626,-0.42576317513053535
5,-0.42881657514510785,-0.47011662204590454
5,-0.13262556527459068,-0.26799003034344016
5,-0.16481024864599192,-0.131999451326119
5,-0.6365004335419719,-0.7499098512692486
5,-0.3819886947675881,-0.7331483195853914
5,-1.6442112696605529,-0.7419161023861052
5,0.0,-0.030790137203630996
5,0.0,-0.12569142899964625
5,0.6872467388148911,0.7114199675309734
5,0.6020599913279625,0.6831636599754893
5,-0.6684126707675615,-0.6151152777575701
5,-1.1750559916240757,-1.1745816980371135
5,-0.5728818330508298,-0.8001523993211497
5,-0.8834944309285628,-0.6636828010793554
5,-1.1317935832540487,-1.0727566973240346
5,0.0,-0.3383841993500152
5,-1.5378190950732744,-1.2094567310417954
5,-1.201852121200102,-0.9889372341357494
5,-0.4375301220789325,-0.1614122124682239
5,0.8883667301712368,-0.5051085340938308
5,-1.0413926851582254,-1.0352515780722167
5,-1.4698220159781634,-1.120434192749776
5,-1.3096301674258992,-1.5934359733474994
5,-0.7403626894942441,-0.5916736412470176
5,-1.163502131747661,-1.174393531190823
5,-0.7403626894942441,-0.38900328422838243
5,-0.6197887582883936,-0.4913626686002645
5,-2.2818796415687554,-0.14318662037294727
5,-3.4382785804926073,-3.1386434299764394
5,-2.718209362321689,-2.7815972345589435
5,-2.221848749616356,-1.9262509936304568
5,0.10064029100124205,0.7279915711469855
5,2.0184834056940133,0.8145471779708857
5,0.7605660755825303,0.39007320194955203
5,0.5081554884596313,0.2015861517447955
5,-0.3357921019231931,-0.30978135581381905
5,0.28090866594412134,0.19219294655764801
5,-0.44542775151412606,-0.4973814626943922
5,0.779368980551908,-0.09910146440966272
5,-0.19897074537756954,-0.4299458670751044
5,0.0,-0.37421304292508484
5,-0.38021124171160636,-0.43815719512605283
5,-0.12963385781668002,-0.43452404153049146
5,0.9483175269293209,-0.16710403186546646
5,-1.2403321553103694,-1.240797686127641
5,0.0,-0.908838749569254
5,-0.30102999566398125,-0.990023886497919
5,-0.6989700043360187,-0.8060035076498968
5,0.0,-0.6102125712410462
5,0.7602607858886188,0.36886283257160374
5,-1.2552725051033065,-1.4637477994863357
5,-0.4375301220789325,-0.1233677793065307
5,-1.1437352225623476,-1.0490790479548315
5,-0.9851762236829753,-0.9510427310787182
5,-2.127761895944679,-2.0203448625994125
5,-0.671257016468986,-0.588985832650405
5,-0.7403626894942441,-0.5338131682933378
5,-0.5797835966168101,-0.661732654023041
5,-0.9530920598078918,-0.8300094481839452
5,-0.45154571957920364,-0.3050731611534897
5,-1.1702617153949575,-1.141298360732255
5,-1.0969100130080562,-0.7361939760913601
5,0.3979400086720375,-0.23797114665170904
5,0.08543019532462637,-0.20826686981110443
5,0.25570701687732367,-0.24517313013971437
5,0.3444956894450719,-0.055530975496100976
5,0.2850418902798513,-0.09696793700463746
5,0.017374096069422862,-0.12485810616970183
5,0.5301779840218366,0.5550297093538192
5,0.9487755685398032,0.617925867236522
5,1.0215617643431134,0.41718192312800345
5,1.758268815738762,0.6165230487229292
5,0.4040630937308265,0.42841933005464533
5,0.9656281191475298,-0.26084129243041876
5,0.0,0.15146864996036274
5,0.9309190808567012,-0.08827467827998026
5,0.8476754629020675,-0.15833198331583498
5,1.3017133860204186,1.058005336033755
5,0.681696234255238,0.7568401999067622
5,0.41912930774197577,0.9229598494349709
5,0.5793842293742353,0.10708520987095843
5,-1.9481683617271317,-1.1922297944021307
5,-1.085171609736812,-0.7420011637641986
5,-1.518513939877888,-0.9526434205618652
5,-1.518513939877888,-1.0637163562842264
5,-1.195613398758156,-0.7323728967995422
5,-0.48293964102494424,-0.5137882318320525
5,-0.9222062774390158,-0.5371674161438297
5,-0.5727226321873777,-0.5438008095220115
5,-0.5175635621809516,-0.5174433069084056
5,-0.4771212547196626,-0.2168872287800328
5,-0.4510311361748487,-0.5755131975017023
5,-0.8003242293348354,-0.5503243029059074
5,-0.5606303747966201,-0.4737166174463459
5,0.5400459804384035,0.28903149001066214
5,-1.240433142284875,-1.3998940477916892
5,0.0,-0.342663219986585
5,-0.653212513775344,-0.4431636849846439
5,0.14305712734611742,-0.105359005785015
5,0.9070252130998657,0.9618400121844783
5,0.6552155489562255,0.5449764071648733
5,0.06398920428479027,-0.491672955783365
5,0.37601512711799767,-0.49525221753968307
5,0.4974363308926364,-0.2639902284137902
5,-1.157551484423708,-0.9395979672397352
5,0.0,0.35823841206412127
5,-0.6232492903979008,-0.7242546091051497
5,-0.9557963375079463,-0.7242546091051497
5,-0.6139592146276698,-0.8375375934214827
5,-1.230448921378274,-0.5956734526113084
5,-0.9294189257142929,-0.45613215883034985
5,-1.326584100136369,-1.1717126183711344
5,-0.8205550989367305,-0.7801033025955988
5,-0.6777807052660805,-0.9096783214169566
5,-0.924279286061882,-0.6712704573316711
5,-0.3484546455921187,-0.5318883182525672
5,-0.9393021596463882,-0.708377234168174
5,-0.8673744347254093,-0.7490333729637455
5,-1.0,-0.7329858226480948
5,-1.152610163206158,-1.0420675760868967
5,-1.2284793285153688,-1.1741536572959221
5,-0.7147642715192504,-0.7137468547789341
5,-0.6374519664168048,-0.6581657636833382
5,-0.5295093241793509,-0.6376536077394798
5,0.0,-0.3747600903288929
5,0.0,-0.48720048651770276
5,-1.0483046795745548,-0.7188938686842983
5,-0.9030899869919438,-0.7912354378814399
5,-0.8239087409443187,-0.38941273853834385
5,0.0,-0.6468871102447062
5,-0.7403626894942441,-0.4435803424940298
5,0.0,-0.4517137890933852
5,0.9542425094393252,0.7922910105855359
5,-1.7242758696007892,-0.7736192428654439
5,-2.012837224705172,-1.3912622502177054
5,0.3494856763830949,-0.3884070954098585
5,-0.10206004319610873,-0.3097775960774772
5,-0.30435793901290786,-0.3838163386365615
5,-0.4375301220789325,-0.4153966652318142
5,-0.4375301220789325,-0.2229920809609131
5,0.0,-0.12735183486829615
5,0.0,-0.5019859473845912
5,-0.4375301220789325,-0.4524512274527471
5,0.3628008197267336,0.16280175876834097
5,0.099044142520742,0.4076107425500107
5,0.20705171474707296,0.3776762919954419
5,0.4889751563932494,0.22936334532357
5,-0.4375301220789325,-0.2267409708041664
5,0.0,-0.22400330686593323
5,-0.09691001300805624,-0.33237230401610823
5,-0.10206004319610873,-0.5018917509004492
5,-0.45154571957920364,-0.623978815880385
5,0.01822482010619808,-0.35852347288934017
5,-0.3979400086720375,-0.1598193608251296
5,-0.046996562676223874,-0.010860726844530932
5,0.0,0.07362080980814117
5,-0.15051493100552538,-0.4718341198585526
5,0.0,-0.4747201575453442
5,-0.4375301220789325,-0.24900573943851903
5,0.0,-0.04163816693005051
5,-0.4375301220789325,-0.4258267426856019
5,0.0,-0.2361330540152563
5,-0.4375301220789325,-0.3040523282459343
5,-0.4375301220789325,-0.33615721008853383
5,-0.3494856763830949,-0.4040017138449198
5,-0.4375301220789325,-0.39544702062139014
5,-0.4375301220789325,-0.13091837615250834
5,-0.7870157984620274,-0.5399252713396231
5,-0.23856180154675855,-0.3317447079150965
5,0.0,-0.05770525307594898
5,-0.4375301220789325,-0.48894943114073924
5,0.0,-0.2616769103153273
5,-0.23855876556918343,-0.22950551164163074
5,-0.23855876556918343,-0.27907310695345994
5,0.03959044503700948,-0.3540572194946743
5,0.0,-0.08719851455164451
5,0.0,-0.3841611402547046
5,0.0,-0.25499149152489475
5,-0.3494856763830949,0.06286148142590059
5,0.0,-0.2107442943609567
5,0.0,-0.09665283483739034
5,-0.10206004319610873,-0.3781496372872555
5,0.0,-0.5769653736042996
5,0.0,-0.33162605931145794
5,0.0,-0.2832929299855529
5,-1.0,-0.9845490276205249
5,-0.970795845024286,-1.191806929313085
5,-1.26884531229258,-1.3894776627677796
5,-1.6178387477170038,-1.3260535863377438
5,-1.0319167932743474,-1.4478449254301538
5,-1.4119545525202408,-1.270438175372731
5,-1.5622928644564746,-1.2656128170471155
5,-1.2218487496163561,-1.359340678181118
5,-1.346787486224656,-1.3431476859662452
5,-1.4771212547196626,-1.546400864455696
5,-1.1222158782728267,-1.0087555275220779
5,-1.5051499783199063,-1.5470710006083235
5,-1.2218487496163561,-1.3210991303407558
5,-1.230448921378274,-1.1150469434526344
5,-1.8750612633917,-1.028686679014388
5,-1.4771212547196626,-1.0411202424631216
5,-1.9894498176666922,-1.1641320521687715
5,-1.3010299956639813,-1.1793228302434273
5,-1.4944924455175173,-0.9539007822281412
5,-1.2171266859258019,-0.5555465810546714
5,-0.7781512503836439,-1.187288868628997
5,-1.1687920203141813,-1.153796706458355
5,-0.9637878273455556,-1.281913356029191
5,-1.204119982655925,-1.494235017866545
5,-1.5993371329924893,-1.5701683120750987
5,-1.6020599913279625,-1.4206186087323716
5,-1.4419568376564111,-1.2831215703936238
5,-1.3424226808222057,-1.2872944627481053
5,-1.3010299956639813,-1.3104217184005797
5,-1.4673614174305056,-0.7711813316614851
5,-1.2234251378513115,-1.3280323720391818
5,-1.1972805581256196,-1.2404525183105537
5,-0.5828440935022972,-1.0219136928858876
5,-1.2430380486862944,-0.44617232335829804
5,-1.039309734009933,-0.8061899050078949
5,-1.0211892990699383,-0.47943751694473513
5,-0.4715887661197007,-1.18562652974584
5,-1.5622928644564746,-1.2903726779075775
5,-0.5642714304385628,-1.1403655946895936
5,-0.8750612633917001,-0.9781004104954556
5,-0.3679767852945943,-0.8923704601678346
5,-1.0099082886602488,-1.2105439248151575
5,-1.4969296480732153,-0.9549668608066468
5,-1.3679767852945943,-1.2837065465383013
5,-1.119475840906798,-1.4100283222826506
5,-0.896397209257529,-1.0934068725227706
5,-1.0271349293314813,-1.014867102256657
5,-1.2690211044349935,-1.2953832990086316
5,-0.7300042380759875,-1.0307473145224133
5,-0.4149733479708182,-0.6147294959062038
5,-1.1142337531748305,-1.271077188276033
5,-1.568201724066995,-1.4607494376043904
5,-1.6272336201865851,-1.5207473792540536
5,-1.7826295580086073,-1.5112343410675748
5,-1.6232492903979008,-0.777573768606511
5,-1.404100317376856,-1.6156857680266368
5,-1.549919862969019,-1.39888535925232
5,-1.5854607295085001,-1.1226725471400185
5,-1.740362689494244,-1.6046743904224745
5,-1.685741738602264,-1.606786573780739
5,-1.7781512503836439,-1.691492066228507
5,-1.3979400086720375,-1.5456299053402065
5,-1.3979400086720375,-1.6163000934702167
5,-1.6368220975871743,-1.137855709790155
5,-1.5563025007672868,-1.338321585413186
5,-1.672097857935717,-1.1793024225866113
5,-1.066946789630613,-1.8372765300447575
5,0.32292095865631154,0.31419754950538176
5,0.2643362999545369,0.33600825945352214
5,0.6316849910838691,0.5283257718018961
5,0.24231627616522466,0.05192817958261969
5,-0.020684598859850745,0.1176036181986661
5,1.3343184588344927,0.06541149030398091
5,0.48921210380499947,0.07611372493339547
5,0.4012313406306154,0.4665557847883545
5,0.0,-0.2580788177615101
5,0.0,-0.2426874607797273
5,-0.5359721874027112,-0.47757961717617786
5,-0.017033339298780703,-0.3502616397007361
5,-0.6252402250373592,-0.5176597369163405
5,0.739457594727118,0.5564288391029586
5,0.9140327646090833,0.10913636426945822
5,1.063783468125422,-0.2731733887327539
5,-0.04915992695985505,0.3381051257358572
5,0.37398787754650886,0.02917900439827331
5,0.05115252244738144,-0.11994745856488681
5,1.0895383657052022,-0.294413541153819
5,0.3960076464390765,0.5959337516698244
5,0.1309150410023241,0.6972114430347227
5,0.6690948695485366,0.657763566002906
5,0.0,0.6662121721699545
5,0.0,0.820041651172309
5,-1.4641562775552943,-1.3249991490573474
5,-1.491361693834273,-1.3073205009096263
5,-0.834171816391641,-1.290543771213086
5,-0.16481024864599192,-0.6309482403813781
5,-0.3729120029701072,-0.5579787568590272
5,0.0,-0.4281789046313814
5,-1.375663613960885,-0.7948653479903327
5,-1.0287424369603837,-0.7605970040890585
5,-1.0,-0.8700449968506577
5,-0.8973376581028525,-0.8152836550162977
5,0.21085336531489318,-0.21207005067965723
5,0.33459734331024915,-0.3057232495912997
5,0.14266750356873104,-0.3499417256647821
5,0.0,0.154304385438862
5,-0.6989700043360187,-0.713987672057651
5,-0.5862657241447309,-0.9155765932963456
5,-0.24126179066049147,-0.5534259847360605
5,-0.6042961576315911,-0.6327507549512341
5,-1.3514394991415815,-0.9919708234232826
5,0.03347319559504491,-0.19885598728242543
5,-0.12126002279933434,-0.24505069551515574
5,-0.5217916496391233,-0.13666198275640723
5,-0.353745534848775,-0.7593905742755088
5,-0.2240148113728644,-0.40723426048993094
5,-0.21457309137857195,-0.5667942850407206
5,-0.8372727025023003,-0.6676135829112333
5,-1.0791812460476242,-0.9413497118153189
5,-0.19629464514396844,-0.5943362859563094
5,-0.37863485347665105,-0.4204163419018098
5,-0.21884323947663198,-0.45940880415517965
5,-0.30102999566398125,-0.34547292945761415
5,2.2730012720637376,1.2904612842839016
5,-1.3565473235138121,-0.7816404199668792
5,-1.8299466959416364,-1.6568750632793636
5,-2.0863598306747484,-1.2948288238223282
5,-1.204119982655925,-0.6306828258125319
5,-0.9744458955276114,-1.154677425103968
5,-1.3010299956639813,-0.6267512142395207
5,-1.0461047872460387,-1.608658267984023
5,-1.2867895565493708,-1.0910661298451376
5,-0.720159303405957,-1.2081047081743377
5,-0.8494839081883114,-1.1377137443106036
5,-1.5096504795465817,-1.7362292334241765
5,-1.694206214539955,-0.7299130674210628
5,-1.361727836017593,-1.3549242792557645
5,-1.423245873936807,-1.4907592835660928
5,-0.6020599913279625,-1.4185871719875989
5,-1.0606978403536118,-1.2288386067915267
5,-1.4623979978989556,-1.2578066608056622
5,-1.0606978403536118,-1.2288386067915267
5,-0.6020599913279625,-0.9530473422223725
5,-0.6989700043360187,-1.1870661573370511
5,-0.29119649295493755,-0.8509911702214887
5,-1.016711483485187,-1.6972649361103367
5,-0.07918124604762511,-0.765889940495037
5,-1.7007037171450197,-1.559993968506245
5,-1.4123959250830067,-0.6885847307076716
5,-1.860338006570994,-1.7086030836718684
5,-0.6989700043360187,-0.6404265624313744
5,-2.027122999639219,-1.4568957575494976
5,0.0,-0.991944498349527
5,-1.0,-0.7241773822000265
5,-0.7781512503836439,-0.9579691202033496
5,-1.1160933293803952,-0.9710859668217254
5,-0.7886034270071542,-0.9581350446346371
5,-0.7659134344264231,-0.865019983637111
5,-0.25257524375317963,-0.3333225625018542
5,-1.8631777324726881,-1.9610315784372256
5,-1.3285944813986372,-1.2434684168959942
5,-1.4572610905261802,-1.8948598434169213
5,-0.8764529154743927,-1.0620917175461881
5,-0.6093024240119345,-0.4427559958906816
5,-1.116607743988249,-0.9605718879349333
5,-1.0,-0.5468977205384925
5,-0.4637572931616809,-0.6484265656974636
5,-1.1012313867906984,-0.49368459347941845
5,-1.3135157072120407,-1.000413710085606
5,-0.7781512503836439,-0.8455095129030219
5,-0.6020599913279625,-0.6546952095341523
5,-0.2527253160894265,-0.4686643432116983
5,-0.8603380065709931,-0.8149330146136449
5,-1.1832698436828046,-1.3896608167126872
5,-1.3273589343863303,-1.0653526088540504
5,-1.423245873936808,-1.1582285658709588
5,-1.113943352306837,-1.0593172115460618
5,-0.7781512503836439,-0.6806383419868621
5,-1.345700390583442,-1.259589331561507
5,-0.8485957325996907,-0.728461615530295
5,-1.3273589343863303,-1.2230225935161056
5,-0.6210485668845678,-0.6617811605323213
5,-0.6308635491781667,-0.7012605157956256
5,-1.3587133852703195,-0.8598329796293234
5,-1.198657086954423,-1.2125919263791818
5,-1.0299632233774432,-1.1443293923589075
5,-0.8692317197309762,-0.9425075574109945
5,-0.7893594719752786,-0.920954070438736
5,-1.1674910872937634,-0.8015044014642263
5,-0.6863808770279984,-1.0776550636464106
5,-1.2787536009528289,-1.126012170943815
5,-0.8450980400142569,-1.115937115890268
5,-0.9542425094393252,-0.9133792311670217
5,-1.230448921378274,-0.6363117894827377
5,-1.2430380486862944,-1.0082574110044298
5,-1.3979400086720375,-1.0389835528885698
5,-1.008773924307505,-0.8494575022290964
5,-0.8750612633917001,-1.0046565755092627
5,-0.062470157628469636,-0.14884913805587802
5,-0.9777236052888476,-1.2347353704162802
5,-0.7528453851188743,-0.8096590310176266
5,-1.0400417532438473,-1.0448005087693673
5,-0.8450980400142569,-0.9923270261195972
5,-0.9294189257142929,-0.9316463170105244
5,-0.7781512503836439,-0.673059220259602
5,-0.871426978736606,-1.0240464415987551
5,-0.3979400086720375,-0.44165046851289474
5,-0.30102999566398125,-0.46830075805741084
5,-0.6020599913279625,-0.8048117933459051
5,-0.5797835966168101,-0.6380316010421379
5,-0.6671781699121677,-0.6623968954952224
5,-0.8111515104865692,-0.9700848274870412
5,-0.8893017025063106,-1.014246003138873
5,-1.0211892990699383,-1.151474959819045
5,-0.720159303405957,-0.890450704555571
5,-1.164810248645992,-0.8094757870917891
5,-1.2319490765206824,-0.34067308854231804
5,-0.639201799332529,-0.524357869815194
5,-0.9084850188786495,-0.6252387582919933
5,-0.6020599913279625,-0.6028502899548005
5,-0.17609125905568135,-0.6713418010926835
5,-0.4771212547196626,-0.3794032836789677
5,-0.4890204780193699,-0.6419690904164308
5,-0.8593810591065383,-0.5528009547909849
5,-1.058866659220822,-0.8726050617836278
5,-0.4452738874676685,-0.6294458665267256
5,-0.8332487671984614,-0.47516490503745523
5,-0.6812412373755876,-0.5490688893258531
5,-0.3907614240449142,-0.5284235927677046
5,-0.9507819773298181,-0.9361776569413551
5,-0.9496948816886039,-1.0129637733586336
5,-1.269512944217916,-0.9379800129584466
5,-1.1144715220966255,-1.0157404159676284
5,-0.5362140692640596,-0.49540479452776587
5,-0.37807772066634104,-0.2518262036700274
5,-0.043979078559606144,-0.15543101897453054
5,-0.3019975225857179,-0.2598582492192689
5,-0.03959097388207855,-0.2239819291024409
5,-0.5740312677277188,-0.3610875149619239
5,-0.7215358322347605,-0.7412444124786645
5,-0.7556976287849455,-0.6252478907306964
5,-0.15902343259638752,-1.0953625671835554
5,-1.2833012287035501,-1.2691411860218522
5,-0.8670923337204242,-0.874787346591767
5,-1.361727836017593,-1.3211129145842981
5,-1.3309932190414244,-1.0004063081667347
5,-1.7817553746524686,-1.8107115316030016
5,-1.653212513775344,-1.7206450807521307
5,-1.3233063903751336,-1.2918376744123625
5,-1.0969100130080562,-1.2068642602275703
5,-1.550907468880581,-1.0796659474402739
5,-1.7676858167054785,-1.5849682765019135
5,-1.5166297960033361,-1.424373907621512
5,-1.2671717284030137,-1.6814385326501362
5,-1.5468790216841048,-1.3248670761729986
5,-0.6020599913279625,-0.9493437143041481
5,-1.4065401804339555,-0.887731492109983
5,-1.0543576623225928,-1.3214264629193757
5,-1.1903316981702918,-1.2358995232116188
5,-0.9488474775526186,-1.3178624740691305
5,-1.329058719264225,-1.9129169951206544
5,-1.4771212547196626,-1.5132113476039095
5,-0.7781512503836439,-1.0019971367884823
5,-0.5440680443502757,-0.7939234936489841
5,-0.8336685782334747,-0.9382617691466486
5,-1.032470767425007,-0.9785503837760061
5,-1.5158738437116792,-1.0130073690253445
5,-1.079181246047625,-1.4398755013408968
5,-1.1249387366083,-1.5161872197399873
5,-2.6020599913279625,-2.218980472954935
5,-1.7533276666586115,-1.9833727853487508
5,-1.2367890994092932,-1.8119806089962789
5,-1.3716110699496884,-1.4742763725861763
5,-1.3881801713828814,-1.1610021968126454
5,-1.3136191229720016,-1.3108985961710122
5,-1.6812412373755876,-1.2522962204291286
5,-0.7825160557860933,-1.6029930202449947
5,-0.9719712763997563,-0.9797816506845247
5,-0.5228787452803374,-0.8159875298818149
5,-1.079181246047625,-1.1807223253413581
5,-1.113943352306837,-1.1028045845898382
5,-1.1362197470179893,-1.1379586553167194
5,-0.8450980400142569,-0.8119070605355946
5,-1.0,-0.594038674567039
5,-0.8189453214127687,-0.7968041767348886
5,-0.9866360384420183,-0.49752579953616655
5,-0.6066557430171109,-0.32801005308135345
5,-0.9782807503067641,-1.0848101188470425
5,-2.236572006437063,-0.7816315228151719
5,-1.0377885608893997,-0.7349622270076834
5,-0.5149098156090623,-0.8196273433975838
5,-0.6812412373755876,-0.8540660211035643
5,-0.9542425094393252,-1.1577760758783882
5,-0.7781512503836439,-0.9186459224956116
5,-0.9586630443823552,-0.9354260412253259
5,0.3979400086720375,-0.4909516900063714
5,-0.8715984310129157,-0.40991987662000934
5,-0.7781512503836439,-0.2283905823699766
5,0.2710667722865372,-0.39884369552912335
5,-0.03802504032998488,-0.20199150400970767
5,-0.18945522061366304,-0.40532219004561865
5,-0.8582433345911813,-0.8025007405738389
5,-0.865301426102544,-0.5544803813111885
5,-0.15490195998574308,-0.151952705327088
5,0.0,-0.1687902154354462
5,0.0,-0.014240239454816117
5,0.045757490560674796,0.11585763086421014
5,0.5440680443502757,0.08569880738255481
5,0.30102999566398125,0.9103089784679483
5,0.6989700043360187,1.2044338975097897
5,-0.7191733904243058,-0.7590044101506754
5,-1.2025435944209697,-1.0225428646360557
5,0.7781512503836439,-0.19332235498346384
5,-0.7975798022219696,-0.8080850644870399
5,-0.664275121121892,-0.5015677879768795
5,1.142667503568731,0.9072020915718721
5,1.5191825997203736,0.9273714126849844
5,0.6340291974030041,-0.04822429226211922
5,-0.3979400086720375,0.07221056591825853
5,0.8642501740085482,0.46275233073980787
5,0.9286677731244328,0.14418325503928092
5,-0.8239087409443187,-0.23155170799733915
5,-0.5880452543028749,-0.4705418160596843
5,-0.30468545801217406,-0.48836708464054923
5,-0.4708378638870405,-0.2025120068166224
5,-0.8284563686950399,-0.37953333114381416
5,0.0,-0.26672107540493856
5,0.30102999566398125,0.26146598496774803
5,-0.6941175015416068,-0.3931910857371115
5,-0.3580684966343455,-0.36218662748925884
5,-0.44855000202712425,-0.8021543381362195
5,-0.6932176754469275,-0.5764036440124268
5,-0.30102999566398125,-0.5216604989485539
5,-0.6600519383056493,-0.4882254735765199
5,-0.513333427374107,-0.5423824610359422
5,-1.0321846833714012,-0.6939661128929027
5,-0.661181443446619,-0.6143529238668634
5,-1.359021942641668,-0.8023825614775417
5,-0.20969986003676055,-0.6605498878093193
5,-0.18563657696191171,-0.7225751598597927
5,-1.1014576407587775,-0.518892169193
5,-1.2126080928814442,-1.127651153986538
5,-0.7646814476302044,-0.6258364002724346
5,-0.4983105537896009,-0.8320934221947633
5,-0.9128498242810998,-0.8249263870481427
5,-1.3010299956639813,-0.8611958040630563
5,-1.5051499783199063,-0.8997307289489065
5,-1.5913361259361896,-1.1393000933324458
5,-1.249198357391113,-0.4845270446811508
5,-1.25927524755698,-1.1360416264041966
5,-0.653212513775344,-0.7020683468200721
5,-0.6478174818886373,-0.6555411638728723
5,-0.8750612633917001,-0.8410201871887586
5,-1.2108533653148932,-1.1136983855732505
5,-1.2240148113728644,-0.9691223540495191
5,-1.1026623418971475,-0.6993293884723851
5,-0.7119349815003861,-0.6225275735088828
5,-0.16713641640275423,-0.6736180099719447
5,-0.6355830254716253,-0.6040398009847445
5,-0.914828390263188,-0.65944743219657
5,-0.6812412373755876,-0.6286895696024293
5,-0.38021124171160636,-0.6907831018381901
5,-0.4503280781317258,-0.606968341607709
5,-1.0735773685296266,-0.8714051991337021
5,-1.1201398537265312,-0.974568100474428
5,-0.9363309201306222,-0.9719132630733617
5,-0.5585942975468718,-0.2872428523490543
5,-1.1804560644581317,-0.6820902648110053
5,-0.5650764250747926,-0.58757857290567
5,-0.8885079871189472,-1.047098997903485
