fold,y_true,y_pred
1,-0.5228787452803374,-0.4471948852738086
1,-0.1870866433571443,-0.2791164591612235
1,0.0,-0.4754435698097185
1,-0.18298277912757221,-0.21063819746137308
1,0.8147100267930405,0.15855725478947585
1,0.7519810160233398,0.2676884349477418
1,-0.848732324669351,-0.7011151177516084
1,-0.9208187539523749,-0.8601984672838572
1,0.13214362297518534,-0.061567476991145564
1,0.24551266781415038,-0.5156503259803598
1,-2.4569178686313755,-0.8800651049920185
1,0.2491831573502452,-0.23605510418104533
1,-1.8927900303521312,-1.3095814701111403
1,-0.40461782558408554,-0.48173065933560816
1,-0.6532125137753431,-0.5037425858505999
1,0.23027753297520626,0.027073465574412092
1,-0.8239087409443187,-1.138028358900379
1,-1.4771212547196626,-1.250250465664677
1,-0.7403626894942441,-0.48510563390823896
1,-0.518513939877888,-0.9039714431581897
1,-0.8872957198087112,-0.5986615169659946
1,-1.7659167939666318,-1.703813816131856
1,-1.857332496431268,-1.8759549829824083
1,-1.113943352306837,-0.8615405918311969
1,-0.3646990755333581,-0.6910849511951004
1,-0.6796648491406323,-0.5254365477054737
1,-0.8286038621526988,-0.6878837179442886
1,-0.9560945143009185,-0.6591717931984584
1,-1.375010048025798,-0.8255468459778483
1,-0.6557448502907386,-0.7459161825386755
1,-0.5528419686577806,-0.8004553805779837
1,-0.842392146638332,-0.7590296275176449
1,-0.6283889300503116,-1.000588901485674
1,-0.09691001300805624,-0.5328545524547402
1,-0.17609125905568135,-0.6768599907612798
1,-0.9562910721145945,-0.8860361516011862
1,-1.3847117429382827,-0.6816627127853925
1,-0.338818556553381,-0.5058588508878231
1,-0.2594721481223612,-0.623462627713592
1,-0.034762106259211834,-0.5728957783607115
1,-1.7596678446896306,-0.8981452462866837
1,-0.22041068710403877,-0.5813126011889692
1,0.08715017571890016,-0.5352660803077096
1,-2.113943352306837,-1.3183959256583273
1,-1.5440680443502757,-1.2492561101728143
1,-1.2552725051033065,-1.3511745429257631
1,-0.17609125905568135,-0.5125919216308253
1,-1.4819201376014313,-0.9806745992305583
1,-1.2777586532509932,-0.6776538702879532
1,-0.23699208818695627,-0.4016756437170582
1,-0.7661581357243872,-0.8440535810606011
1,-0.8538719643217618,-0.9491534999312671
1,-1.2730012720637376,-0.8779899587294141
1,-0.5963076624388712,-0.6553725488977067
1,1.2109864416088412,-1.0801504120093472
1,-0.821260595654631,-0.961103161612777
1,-1.0907145515668137,-1.192531221697839
1,-0.5440680443502757,-0.8831145799703177
1,-0.3679767852945943,-0.9981751624437416
1,-0.5740312677277188,-0.9811316318147538
1,-1.3010299956639813,-0.6488067529440618
1,-1.5563025007672877,-0.67487422351597
1,0.3666259460036354,-0.045118767826420214
1,0.09311702399091715,0.14837975500334782
1,-0.19904045712664953,-0.22620777601607495
1,-0.3319791320230756,-0.49520629501414354
1,-0.4913616938342731,-0.8425952025205384
1,-0.151267675330649,-0.8394585833098351
1,-0.19836765376683374,-0.7248478044221945
1,-0.10266234189714751,-0.34536979604249074
1,-0.09691001300805624,-0.3488032119467446
1,-1.3473300153169498,-1.207121849704392
1,-1.3979400086720375,-0.9135542274875842
1,-1.414249617943785,-1.010412143509675
1,-1.1702617153949575,-0.9210503516688872
1,-0.9774341721012583,-1.0354507689705443
1,-1.1939099072010784,-1.0475891944010385
1,-1.4254760431426394,-0.9517863054302519
1,-0.08715017571890016,-0.7972292371995525
1,-0.30102999566398125,-0.482166779386553
1,-0.4220736883887568,-0.7440671435500947
1,-0.6115358832118396,-0.6226872078468988
1,-1.1793876276849105,-0.7879895944109032
1,-1.4360690591766065,-1.1024742181117
1,-0.7367585652254185,-0.597272459313631
1,-0.6538152820635048,-0.7421575555789488
1,-0.8066928866262923,-0.6472530528482263
1,1.3424226808222066,-0.3859482717359085
1,-0.338818556553381,-0.2970964977631977
1,-0.39280036901962667,-0.24920381195911254
1,-0.4771212547196626,-0.3465087247264663
1,-0.08432088570003593,-0.3611918119199878
1,-0.5026753591920503,-0.3638476685396064
1,-0.31361912297200156,-0.18167895465461492
1,-0.4771212547196626,-0.47994214524290324
1,-0.7781512503836439,-0.5822194253827195
1,-0.7781512503836439,-0.5561389839880262
1,-1.6127838567197355,-1.0031448512808052
1,0.1626059156547921,-0.0767696147569823
1,0.17596999855457174,-0.1857055598894613
1,-0.8061799739838875,-0.9310663073087881
1,-1.4093694704528197,-1.459210335279359
1,-1.232996110392154,-1.0514400918049518
1,-1.3222192947339195,-1.141341654292139
1,-1.0,-0.936800083291726
1,-1.0,-0.6289268552866936
1,-1.2218487496163561,-0.9350774006466057
1,-0.9208187539523749,-0.6266760474505324
1,-0.30102999566398125,-0.8112017348460643
1,-0.7403626894942441,-0.6365964231085204
1,-0.5000014867943587,-0.876694274783118
1,-0.6170416326987436,-0.8397639254951448
1,-0.6944924064814408,-0.5523789213169339
1,-0.15490195998574308,-0.197728847113737
1,-0.8450980400142569,-1.0271823147967107
1,-0.04390548569908148,-0.6785731715596939
1,-1.845098040014257,-1.9123057519318871
1,-0.5127853228438921,-0.5851884113146603
1,-0.8004276450947962,-0.7523224895852412
1,-0.23303291656887026,-0.46610213016229535
1,0.0,-0.42061934232251585
1,-0.9777236052888476,-0.8328619699818407
1,-1.1949766032160545,-0.7293059701209939
1,0.0,-0.21603351392289466
1,-0.11092602757466441,-0.2364697902800226
1,-0.330413773349191,-0.3804039860552102
1,-0.5228787452803374,-0.5207512514900311
1,-1.7346855566025532,-1.4507417215307339
1,-1.7269987279362624,-1.049391027303257
1,-0.17609125905568135,-0.8355486445493264
1,-1.1136577261986105,-1.2465860782987206
1,0.0,-0.305102561543927
1,-0.21329251923852954,-0.46832695685113734
1,-0.5606673061697371,-0.5449087765009898
1,-1.2965756542377314,-0.8040404080728044
1,-0.7822037943948406,-0.7421857042190859
1,-0.045757490560674796,-0.755514684516065
1,-0.8372727025023003,-0.6086164977331698
1,-0.5823398090037069,-0.6996429027455353
1,-1.0731070983354316,-1.017053588204639
1,-1.391492252121295,-0.9468946494230074
1,-0.537441864015932,-0.7982676509931077
1,0.15862972606545167,0.06135174532580162
1,0.050824057875670015,-0.06801923490032308
1,-1.157607853361668,-0.722911095918845
1,-0.7102510147457082,-0.5331745095831496
1,-0.7841416140728308,-0.3538975300744074
1,-0.3290587192642249,-0.2295982998011778
1,-0.35843146738836396,-0.6217835508706521
1,-1.5314789170422554,-1.4102054962516855
1,-0.5131189079911813,-1.0245345378876256
1,-0.6575773191777934,-1.0602295303267821
1,-0.3258535793890127,-0.4913192477606659
1,-0.5026753591920503,-0.36311589175215114
1,-1.8481891169913984,-2.1328183214839584
1,-1.7160033436347994,-1.7252377184563736
1,-1.3222192947339195,-1.6709788928593654
1,-1.8239087409443187,-1.4738015322959377
1,-1.2218487496163561,-1.3532847007323598
1,-1.920818753952375,-1.648872946723007
1,-1.3010299956639813,-1.4735321318229198
1,-1.6478174818886373,-1.6059402824843108
1,-0.6564176536505553,-0.782621502296347
1,-0.31162627680464805,-0.38555422199497363
1,-0.9156106297958564,-0.71140844383145
1,0.07207557205669168,-0.4006049306633955
1,0.11554450392951221,-0.47676930713014837
1,-1.857332496431268,-1.0125814824824761
1,-1.3802112417116064,-1.1072580718261542
1,-1.3172455399021716,-0.9365300401296435
1,-0.4631243644872516,-0.5905540250446109
1,-0.3802112417116055,-0.5516342634376804
1,-0.7367585652254185,-0.5125645573461084
1,-0.2932046581520247,-0.5433747353378791
1,-0.9673308832466319,-0.7535859561017918
1,-0.30102999566398125,-0.34837865476828844
1,-1.3010299956639813,-1.2890122507991488
1,-0.25719143823949153,-0.3556667137628149
1,-0.7781512503836439,-0.6989194625121837
1,-1.5096504795465817,-1.204407201776689
1,-1.2757241303992117,-0.5956371501535491
1,-0.7346855566025532,-0.8925505816036743
1,-0.0778376825188154,-0.49810264874200305
1,-0.3532285486607716,-0.28499834735396845
1,-0.32561926889943305,-0.39679261934834587
1,-0.5234987817733794,-0.36539819054497114
1,-1.7853298350107671,-1.2909737776183283
1,-1.6283889300503116,-1.2428364261015088
1,-1.7781512503836439,-1.2078986158540634
1,-1.6434526764861879,-1.154764994742163
1,-0.20618429695565865,-0.6865199123366297
1,-0.29329754543329045,-0.4971522606958334
1,-0.5901452216989629,-0.6193812698784188
1,-0.1934653551251042,-0.2500328459600818
1,-0.2561333467764424,-0.40534474096821715
1,-0.6493280729138764,-0.5883887804644157
1,-0.7870413936722933,-0.5998414902563499
1,-0.7057484281664701,-0.6116832242124841
1,-0.151267675330649,-0.702327070138188
1,-0.6368220975871743,-0.733710304898451
1,-1.0248235837250323,-1.3830248724727334
1,0.0,-0.1747135262222902
1,0.1269361523324415,-0.311650893767226
1,-0.11703400894496152,-0.21034482428296003
1,-0.11423889126475562,-0.30654476299844885
1,-0.2883405423673189,-0.2981828660300415
1,0.058942442808219475,-0.25673302578922164
1,0.03799098199858886,-0.15065513229058297
1,-0.24183795360414884,-0.2673913640914272
1,-1.740362689494244,-1.2417604344474635
1,-0.27754889981445885,-0.35000955101875075
1,0.795880017344075,0.7103526126724451
1,0.8239087409443187,0.6202577101710032
1,0.0,-0.48526285021671883
1,0.0,-0.1464384515754713
1,1.0,-0.2556392796978357
1,-2.1962946451439684,-1.1176805553477407
1,0.0,-0.11910554722960853
1,-1.2879675228247383,-1.3776696276337
1,-1.3710678622717367,-0.8770138517673352
1,-1.2812859374682244,-1.1728077296176027
1,0.0,-0.29872489121771634
1,-1.0413926851582254,-0.31313882218417033
1,0.0,-0.2945534198079519
1,0.15490195998574308,-0.11430835083928348
1,-0.3231801236256153,-0.16669405765460849
1,-0.7569619513137056,0.23298402648591915
1,0.08459549492948426,-0.3390029888909139
1,0.0,-0.035689121141838254
1,0.0,-0.12096980701903026
1,-0.49642640991504905,-0.702306743702969
1,-1.0579919469776868,-0.9198573925570008
1,-0.8129133566428557,-0.4616795260408493
1,0.0,-0.28637944609920285
1,0.0,-0.15501180283408567
1,-0.8029748341086753,-0.6715607616075235
1,-0.653212513775344,-0.6654076855274057
1,-0.5314789170422554,-0.49113024092587526
1,-0.2181760471203864,-0.4796014544111905
1,-0.6197887582883936,-0.535800381327612
1,-0.6368220975871743,-0.5499118640896944
1,-0.6307051727774926,-0.5291546806994639
1,-0.3708529182030551,-0.5342380862655819
1,-0.6989700043360187,-0.5637925067783505
1,-0.5440680443502748,-0.44419052550483984
1,-0.07195673106437983,-0.4053527556433529
1,-0.134698573897456,-0.4620168619776422
1,-0.134698573897456,-0.479587261549533
1,-0.24111497034742868,-0.4590989543867284
1,-0.24688706485721124,-0.43676230306039643
1,-0.4089783902986097,-0.4118134397565178
1,-0.57945220058249,-0.5375394763881847
1,-0.2264874530687644,-0.515363868552624
1,0.7738298766010017,0.294006847950713
1,0.7708735973913923,0.24217690214790916
1,0.6215133726311741,0.5619938392072745
1,-0.7403626894942441,-0.8383384171271397
1,-2.219924961390217,-0.6681872830488322
1,-1.3159703454569183,-0.5649882423915994
1,-0.48840226512935203,-0.4245658863838622
1,-0.1842857376709528,-0.29995419816268065
1,-0.2887955392469692,-0.27246996117071465
1,-1.3853508813640172,-0.9353656946948363
1,-0.43365556093857194,-0.33184278127990297
1,-0.6020599913279625,-0.4177104104320622
1,-0.7403626894942441,-0.40699156007056175
1,2.0639897471525535,0.344901158589963
1,-1.5112755309539683,-1.272754264138902
1,-0.6973585201794386,-0.5102069537310177
1,0.9935975083908692,0.44915012858854747
1,-1.113943352306837,-0.9438516780916378
1,-0.30102999566398125,-0.38188740702486085
1,-0.5593080109070119,-0.7927607922234641
1,-0.9145698046753736,-0.6718776009933243
1,-0.5929166118880929,-0.7052920914055881
1,-0.7290424704462488,-0.7883904865389574
1,-0.5806618466267324,-0.47363988752410885
1,-0.32658410013636896,-0.36694747399899696
1,-0.43572856956143724,-0.5003650384799225
1,-1.3661962846069269,-1.2564335356462808
1,-0.6917914197088955,-1.2723001411715538
1,-1.7781512503836439,-1.4934447740911168
1,-1.3929480631145381,-1.3055574263195369
1,-1.5563025007672868,-1.4932584130429112
1,-1.2648178230095368,-1.2767555157769992
1,-1.5051499783199063,-1.126486241578859
1,-1.4375303314980883,-1.264551197628615
1,-0.5633074023359459,-1.2740895725569172
1,-1.6690067809585756,-1.5286814402225648
1,-1.4623979978989556,-1.3968875151774123
1,-1.621365146523349,-1.4974892193718032
1,-1.3424226808222066,-1.44644499186694
1,-1.3802112417116064,-1.2987245160465353
1,-1.5118833609788744,-1.118323302437366
1,-1.6922366216770506,-1.3778221226751932
1,-1.2713436575250547,-0.9657287209507056
1,-1.6020599913279625,-1.4072618765045153
1,-1.6926266329514812,-1.1875982522049704
1,-1.3950350180286302,-1.1445923917164351
1,-0.9852767431792939,-1.129935950291933
1,-1.213879819945081,-1.0081965025928086
1,-1.1903316981702918,-1.107451000965064
1,-1.568201724066995,-0.9694121717013675
1,-0.5835765856339492,-1.0119494187896303
1,-1.463757293161681,-1.0646694392778062
1,-0.7781512503836439,-1.0795888855385838
1,-0.5414009255363963,-0.3874842475988933
1,0.0,-0.31186789148239824
1,0.0,-0.3462325727400939
1,-0.592283252461411,-0.6353021712177968
1,-0.7995866783816217,-0.5005227688108828
1,-0.7995866783816217,-0.5260386694442784
1,-0.3386461832699501,-0.5753488070603054
1,0.0,-0.30780323771210605
1,-1.0,-0.5408105054767303
1,0.0,-0.5627451583262832
1,-1.4085356813507763,-1.1029108764227724
1,-0.5440680443502757,-0.547332735170322
1,-0.6261936710446818,-0.5656872437134283
1,-0.6166840828366942,-0.512340007490026
1,-0.5094905478629839,-0.5257478659057904
1,-0.3701817373529268,-0.4902245585830723
1,-0.6687167679381805,-0.7513002764602201
1,-0.16883592022309912,-0.8958347862635296
1,-0.465435496394468,-0.7386399144882977
1,-0.6375175252488257,-0.5438979278545601
1,-0.5253393438279943,-0.4137282576958599
1,-0.9241466973013024,-0.654833653639447
1,-0.5603052432209612,-0.6651045797577392
1,-0.8325089127062357,-0.5570993697356001
1,-0.45842075605341925,-0.6618668353760937
1,-1.803261970966675,-1.682580728141234
1,-1.5440680443502757,-1.501665872496719
1,-1.3765769570565123,-1.2519882854002797
1,-1.4842998393467859,-0.7611882316779659
1,-1.2229067147726909,-0.6483026117778861
1,-1.0522732830226769,-1.2586984178148777
1,-1.4892551683692599,-1.4332133437482477
1,-1.515211304327801,-1.2886463850261973
1,-1.3273589343863303,-1.292368470228802
1,-1.2552725051033065,-1.3972129207729742
1,-1.1792963989308927,-1.2601951665921463
1,-1.1072099696478688,-1.4889086562912954
1,-1.5390082455808738,-1.121485212903148
1,-1.03252922482692,-1.4529278889860051
1,-1.4259687322722812,-1.398599954659608
1,-1.230448921378274,-1.5672363470248325
1,-1.4847742189481874,-1.4574305505176144
1,-1.6077371242196534,-1.6242711920050177
1,-1.5490032620257876,-1.2321604481857409
1,-1.6309361190641916,-1.2306042306432754
1,-1.8388490907372557,-1.4373560343409502
1,-2.0253058652647704,-1.1660723382156413
1,-1.7895807121644252,-1.2898164508404135
1,-1.5235463772056734,-1.1122642211801816
1,-1.7638682312913625,-0.9627435971995251
1,-1.5161145167474324,-0.5968154006020515
1,-1.9190780923760737,-0.5869025158648441
1,-1.8908555305749317,-0.5710759678216708
1,-1.5217916496391233,-0.6298162077958884
1,-1.8139896756123504,-1.3285569714505034
1,-1.7472175361399929,-0.5968154006020515
1,-1.8769871844277386,-0.5869025158648441
1,-2.0050374406916136,-0.5710759678216708
1,-1.5708022975975204,-0.6298162077958884
1,-1.670941280735775,-1.3285569714505034
1,-1.3868964149592022,-1.010922763302256
1,1.3112676473584868,-0.018287219768051866
1,-0.9208187539523749,-1.305386816047897
1,-0.16744070218066032,-0.434783970713033
1,1.8716854964785021,0.29528152218079246
1,-0.2373609157946035,-0.9512502346081335
1,0.15490195998574308,-0.42241807542386417
1,-0.38021124171160636,-0.8964695336952275
1,0.0,-0.3065368729144097
1,-0.638489256954637,-0.6076594062889988
1,-0.6275071135404424,-0.6235366248600746
1,-0.7989348563069356,-0.6931521348315686
1,0.09626075003694723,0.13720754648108008
1,0.0,-0.024860956267046874
1,-1.079181246047625,-1.229486142679646
1,-1.230448921378274,-1.0071944732098965
1,0.2905645619858168,-0.43090021707780257
1,-0.1424081458531088,-0.4737372610566834
1,-1.0078253375119566,-0.7225396288620308
1,-1.08167004645132,-0.8566620530820402
1,-0.43503034677132746,-0.8414217454265522
1,0.7403626894942441,-0.5313615027814939
1,-0.7403626894942441,-0.286768550061304
1,0.0,-0.37375648623944
1,0.0,-0.2608193592130482
1,-0.36558397217870375,-0.5273961796367672
1,-0.7318660629392069,-0.5914985292025041
1,-0.59462441779272,-0.5248095053678037
1,-0.7092460664759814,-0.5124216573510207
1,-0.6467919926709484,-0.4584816598864403
1,-0.5188198888034705,-0.5881690172106793
1,-0.21992282858031764,-0.5738211239560945
1,-1.3424226808222057,-1.2019249012747497
1,-1.795880017344075,-1.2905659206282614
1,1.9180709017839055,0.04511856796696495
1,0.0,-0.47011198288419626
1,0.0,-0.7080035678813489
1,-0.5932860670204576,-0.5556243184817345
1,-1.4948500216800937,-1.2245838297125429
1,-0.7781512503836439,-0.8833395457563704
1,-1.2430380486862944,-1.191102103432996
1,-1.2552725051033065,-1.2692861113986367
1,-1.7481880270062007,-1.22250281549093
1,-1.230448921378274,-1.1657171898158025
1,-0.5633074023359459,-0.9467026984042286
1,-1.113943352306837,-1.1942332559866318
1,-1.359021942641668,-1.2975965263984188
1,0.6210419042802515,-0.15093092017729087
1,-0.5497508916806391,-1.1773722802029958
1,-0.2730012720637376,-0.8729106127878437
1,-0.91832995354868,-0.9876303721960786
1,-0.46488679830265056,-0.7082945420077609
1,-0.858193338104404,-1.1407203846779028
1,-1.3802112417116064,-1.1026830211054997
1,-0.6478174818886373,-0.6511111743603153
1,-0.7533276666586115,-0.5900559968067679
1,-1.276206411938949,-0.7275494124461398
1,0.0,0.0407994356173072
1,0.2705922030369319,0.21516099641638614
1,0.48323932891565047,0.2690125232945159
1,0.2127271121038934,0.18494008668084655
1,0.10584251126615385,0.28683969204982046
1,0.8675245105715961,0.8841283752335041
1,0.7187630910163998,0.7199765144484223
1,-1.01598810538413,-1.0432279979391044
1,-0.06494080693301463,-0.5721416064365528
1,-1.0280287236002437,-1.2495985746889235
1,-0.781944239400783,-0.7305551858559862
1,-0.6146491186359828,-0.854921726719019
1,-1.4983105537896009,-0.8577717644607981
1,-1.7303784685876424,-0.8757041422417504
1,-1.026328938722349,-0.8278523352073125
1,-1.1382316259813603,-1.3915852417534316
1,-1.39863532528872,-1.2526922111265724
1,-0.6197887582883936,-0.5369277136467361
1,-2.5672978850687507,-0.7108555752966536
1,-1.0,-1.1616170772269383
1,-1.4522976709946303,-1.108561319855346
1,-1.5304131631775952,-1.5000380607793382
1,-0.6020599913279625,-0.6488921428337612
1,-1.4074853265782679,-1.510180987336837
1,-1.5440680443502757,-1.3808386051581585
1,-1.5772364076029302,-0.8609645585749228
1,-1.3123110060736707,-1.1946542257358936
1,-1.120162472641768,-1.2030204663070723
1,-1.3979400086720375,-1.0893374624792125
1,-2.1652019166255547,-0.9017372658963017
1,-1.6707758036974223,-0.8673742682617543
1,-1.5096504795465826,-0.8722840171823706
1,0.9951744561107096,0.28901653464830096
1,-1.0234810958495224,-0.8213212753204124
1,-1.079181246047625,-1.24520283130255
1,-0.7191733904243058,-0.6198254240875484
1,-0.9208187539523749,-0.8115009284876133
1,-0.9190101329859175,-0.6390321626150378
1,-1.2001830911637823,-0.79752967339697
1,-0.9848085011049292,-0.9926600602669644
1,0.0,-0.2730763391385423
1,-1.3446105669703812,-1.2686998482299237
1,-1.1856365769619117,-1.1680434779249285
1,-1.40823996531185,-1.154953056319146
1,0.0,-0.4542205901422403
1,0.25720393228495464,0.1357587162604929
1,-1.230448921378274,-0.9938761147730171
1,-1.1111504521226667,-1.1184465109833006
1,-0.7403626894942441,-0.7134233209594028
1,0.0,-0.3180388770537198
1,0.0,-0.3035262219203227
1,-0.15490195998574308,-0.5412399620293353
1,-1.0579919469776868,-1.2554342722626828
1,-0.7049193368492208,-0.5905150998507598
1,0.0,-0.11169202820451674
1,0.4636797336504639,0.30893477771484995
1,0.014723256820706965,0.4902397137662267
1,1.0058452360414192,0.667189398066808
1,1.140713219517929,-0.20283539867650513
1,0.0250280057019312,0.20172071173343792
1,1.2397082152473793,1.2579229923273998
1,0.424029543381379,0.4064534603929553
1,0.0,-0.09194745689455058
1,0.0,-0.06088897474504201
1,0.0,-0.12774751638512066
1,0.0,-0.03553641266403196
1,-2.1687920203141813,-0.9175067474750711
1,-0.15490195998574308,-0.11859513524434623
1,-1.1249387366083,-0.8432423783171594
1,-0.9488474775526186,-0.946266803040151
1,-0.8450980400142569,-1.2327071452309541
1,-1.0,-1.3553328333392383
1,0.7800357683867247,0.5628057871339016
1,-1.0572954039544324,-0.8360302918766189
1,-0.9845273133437926,-1.0512054736047458
1,-0.36408174141106997,-0.7132488453251685
1,-0.6585413472804102,-0.7482282341402218
1,0.0,-0.6562236611144194
1,-0.43933269383026285,-0.5808808333356503
1,-0.7781512503836439,-0.44619550015911563
1,-0.585613140277534,-1.1132559708807312
1,-1.1760912590556813,-0.6259619381681626
1,-0.6989700043360187,-1.0874526972705822
1,-0.9542425094393252,-0.804547375734673
1,-0.5440680443502757,-0.839614066623299
1,-0.5320221247202079,-0.5258123456972921
1,-0.9542425094393243,-0.8864271473681893
1,-0.4242689473943866,-0.8757551098660636
1,-0.7596678446896306,-0.7903425402233822
1,-1.4771212547196626,-0.9809069076560841
1,-0.7403626894942441,-0.4263802334058025
1,-1.3408405498123326,-0.8898339239526698
1,-0.7403626894942441,-0.7338097004951405
1,-0.30102999566398125,-0.5345787536963298
1,-1.6232492903979008,-1.5036027843082422
1,-0.6989700043360187,-1.090922695335698
1,0.1397698316532603,-0.07486608973804848
1,0.0,-0.3513937126048837
1,-1.2014637390121852,-0.7018478042574321
1,-1.3165421618422286,-0.6486507838593891
1,-1.0007679833688323,-0.5158652034152605
1,-0.7569619513137056,-1.1762070408736216
1,-1.5228787452803374,-1.2762102988384396
1,-0.6766936096248664,-1.0487448141344073
1,-0.6020599913279625,-0.5671469544386609
1,-0.7481880270062007,-1.0107332920515135
1,-0.7533276666586115,-1.0403137965202205
1,-0.6020599913279625,-1.0729800084197942
1,-0.6020599913279625,-1.0066791335707646
1,-0.10963564959093297,-0.1686797169484915
1,-0.1870866433571443,-0.2737086517412439
1,0.0,-0.12050944286306403
1,-1.790300139963239,-1.2613828060353862
1,-1.8280647007154762,-1.1867843107544858
1,-1.7659167939666318,-1.6088616448097972
1,-1.6264193371874072,-1.3857101277634853
1,-1.6368220975871743,-1.5935875822993435
1,-1.8692317197309762,-1.5774286248166414
1,0.0,-0.39616425824117907
1,-0.5336026106721103,-0.33294915262047037
1,0.0,-0.2614818662699811
1,0.0,-0.2681864809725381
1,-2.047923552317183,-1.3720678379606563
1,-0.004991945557499378,-0.20811383820629814
1,-0.8239087409443187,-1.1114004464171026
1,-1.5440680443502757,-1.295420196965625
1,-0.6478174818886373,-0.9735266396529705
1,-0.8239087409443187,-0.8737006267813119
1,-0.43933269383026285,-0.8544408594516697
1,-0.42596873227228116,-0.7450417211424307
1,-0.3424226808222066,-0.9204178943421562
1,-0.7403626894942441,-0.581455467509177
1,-0.9542425094393252,-0.5671193060531893
1,-0.6020599913279625,-0.7065253402659251
1,-0.7269987279362624,-0.6345975983298087
1,-0.15875419150038184,-0.4832084323261827
1,-1.3010299956639813,-0.989511796824146
1,-1.0453229787866576,-1.026669598125175
1,0.8129133566428557,0.5046664624413062
1,-1.1271716180405917,-0.8963342208306777
1,0.6529670694045295,0.5711791285524281
1,1.07217449708601,0.300381881717196
1,0.6573413950487694,0.1917689913498673
1,1.0249436899775137,0.1890833307083754
1,0.4396128156899852,0.17908966497087703
1,0.3246679966354229,0.18048849206815704
1,0.27875360095282886,-0.01672705782336087
1,-1.5228787452803374,-0.6346753911323434
1,-1.113943352306837,-1.0241242326882856
1,-1.3374592612906557,-1.2973221266207033
1,-2.1564415819277523,-0.7273089297143286
1,0.15970084286751174,-0.34423253435091594
1,0.06581728448964341,-0.28778748560665274
1,-0.3215516628085826,-0.4344500719272344
1,0.010723865391772947,-0.06978345345142245
1,-0.560017705442899,-0.4408035738080456
1,-0.06497800647284357,-0.21391194086074483
1,-0.30597457828104346,-0.6170537017013114
1,-0.045757490560674796,-0.0413990495734195
1,-0.18299592725498925,-0.3819421504073474
1,-0.1870866433571443,-0.10433187139670735
1,0.22493982659349765,-0.08369414434247646
1,-0.349334675238536,-0.2652143724935241
1,-0.05799194697768684,-0.12907101984596292
1,-0.16391166643477817,-0.5415604138045546
1,-0.13262556527459068,-0.2773679585419448
1,-0.17574002911349673,-0.4662764530885774
1,-0.16481024864599192,-0.2588586677660382
1,-0.056173515196070056,-0.33662977495196
1,-0.11476734547590794,-0.45390686961527993
1,-0.11650556907143717,-0.18991180192918317
1,-1.1750559916240757,-1.1748739787784688
1,-0.7608714329386874,-0.58652477573671
1,-0.6401500409361018,-0.5310032433057386
1,-1.2787536009528289,-1.4732057184784508
1,0.8293037728310244,-0.09396151585239221
1,0.3227608935141424,-0.3871253592237822
1,0.5647297887733558,-0.42400538907782775
1,0.0,-0.6028666644066519
1,-0.7403626894942441,-0.588058541494818
1,2.0184834056940133,0.5627464293699052
1,0.7990851572192872,-0.42314302935884773
1,0.6989700043360187,0.5807770097052507
1,-0.3357921019231931,-0.26225703954079826
1,0.28090866594412134,0.17495078365186628
1,-0.44542775151412606,-0.4026104207800717
1,-0.3357921019231931,-0.3793294697786813
1,-0.44542775151412606,-0.5070145629676526
1,-1.4259687322722812,-0.807545620426098
1,0.38021124171160636,-0.2840825068508516
1,-1.089987216455599,-1.124626442609522
1,-0.12963385781668002,-0.23276107043634314
1,0.0,0.10999641818858469
1,-1.2787536009528289,-1.0456956445736458
1,-1.3539337079111249,-1.2894103273228839
1,0.0,-0.3895873083272613
1,0.1294022340875074,-0.37948579069937344
1,-1.2787536009528289,-0.566324245169356
1,-0.728259380438006,-0.8246469567683936
1,-0.6989700043360187,-0.7221746532397515
1,-1.0289636959353174,-0.9271336932340324
1,0.08543019532462637,0.040332695413004716
1,0.017374096069422862,-0.0019341727112388019
1,0.0,-0.5516259795743528
1,0.15409696534951323,-0.3306138777476643
1,0.9487755685398032,0.6140147555319584
1,0.7085380144275222,0.3565977147442854
1,0.9636548325559984,0.29406474804129173
1,0.3783527524716668,0.14602984180374762
1,1.1578299420813645,0.7812190485279515
1,0.8829098516346567,1.0605675607943748
1,0.7218806438005094,0.9739534022251661
1,0.9656281191475298,-0.2948551512978598
1,1.2929840758710451,0.2449674249212211
1,-1.4983105537896009,-1.5996897053730887
1,-0.4771212547196626,-0.18588297861491815
1,-0.645094623553164,-0.29442183336814054
1,-0.7745028746371672,-0.7198511453723317
1,-0.7155010314710326,-0.6879348314790988
1,-0.5274263730310587,-0.5996945753877406
1,-0.4510311361748487,-0.5801580050535234
1,-0.5606303747966201,-0.5147787147416146
1,-1.3654879848908994,-0.9678233208886221
1,-1.240433142284875,-1.38061198548702
1,0.0,0.12931926171399094
1,-2.09736453370041,-0.5247601131428995
1,1.2583218442658497,-0.2414512349837215
1,0.9842963893235082,0.2859273176993902
1,0.9070252130998657,0.6149466094490412
1,0.6552155489562255,0.21895194851762095
1,0.37601512711799767,-0.1799625695026152
1,0.34679030058945237,0.365280814966149
1,-1.157551484423708,-1.0128677779526523
1,-0.7990851572192863,-0.7950856075747248
1,-0.8293037728310244,-1.0279497803824273
1,-1.2108533653148932,-0.84540856355739
1,-0.9294189257142929,-0.46912323829762004
1,-0.9330532103693869,-0.5834932777274536
1,-1.326584100136369,-0.9435266628316776
1,-0.797586464381328,-0.6727832398311346
1,-0.6777807052660805,-0.9565551377993703
1,-0.8239087409443187,-0.8069620923393797
1,-0.6078895349886864,-0.6079457747292061
1,-1.2477844837107561,-0.9054394599227837
1,-1.207431011261928,-0.7194043643035367
1,-0.503573590084951,-0.8362863439995454
1,-0.4714067711952339,-0.5957009171963689
1,0.0,-0.09127188941172304
1,0.0,-0.13081469259570888
1,0.0,-0.3881674322229457
1,0.0,-0.5226425351724713
1,-0.9030899869919438,-0.9163612707314153
1,-0.8239087409443187,-0.5901572768388788
1,-0.8189453214127687,-0.401320513804264
1,-0.2263963773670774,-0.6666510043100324
1,-1.7639268959519816,-1.0250115714466677
1,-0.7403626894942441,-0.3742596520549854
1,0.0,-0.6771777495210485
1,0.0,-0.6216960775540419
1,-0.7403626894942441,-0.5466819736700979
1,0.0,-0.5824368334945319
1,-0.7403626894942441,-0.3315859826967815
1,0.0,-0.44448398541138096
1,0.5228787452803374,0.43777118997052694
1,0.3979400086720375,0.8972277263367023
1,-2.012837224705172,-1.6622006672642249
1,-1.2314695904306818,-1.1922525483563777
1,-0.5314789170422545,-0.7186150386075112
1,0.3494856763830949,-0.496752558949983
1,0.30102999566398125,-0.369424816956492
1,0.30102999566398125,-0.4849165154996961
1,-0.3494856763830949,-0.357556310150273
1,0.0,-0.2938088264321146
1,-0.3494856763830949,-0.5314357418406778
1,-0.10206004319610873,-0.45992938853581505
1,0.38021124171160636,-0.4864108433512557
1,-0.38021124171160636,-0.40902752738377973
1,-0.30102999566398125,-0.46375969217885643
1,-0.30102999566398125,-0.5321908611272708
1,-0.09691001300805624,-0.44956017254181724
1,-0.3494856763830949,-0.13550887161144598
1,-0.4375301220789325,-0.14908495639672514
1,-0.4375301220789325,-0.3310956187541094
1,-0.3494856763830949,-0.30334746017246333
1,-0.4375301220789325,-0.22645210638810648
1,0.0,-0.21499211401517937
1,0.0,-0.37316757919877597
1,0.0,-0.15344089739737815
1,0.0,-0.5251745361006034
1,0.0,-0.22903538406434765
1,-0.4375301220789325,-0.3341654738093956
1,0.33145218286950673,0.11384476141726269
1,0.3628008197267336,0.04157616279580795
1,0.625074354750077,0.20364551654473478
1,0.20705171474707296,0.21683619782080615
1,0.4889751563932494,0.09580420364006942
1,-0.7870157984620274,-0.5173455031648038
1,0.0,-0.17683867520466262
1,-0.09691001300805624,-0.3401779397123672
1,0.0,-0.10285594257511371
1,-0.10206004319610873,-0.5182356906622945
1,0.0,-0.2039971967624985
1,-0.45154571957920364,-0.3136525216368329
1,0.01822482010619808,-0.43443581639153245
1,0.09691001300805624,-0.31535128644298566
1,-0.03959044503700948,-0.07866353534594916
1,0.0,0.03144113291415024
1,0.0,-0.16448222588229333
1,0.03959044503700948,-0.5558359961986039
1,-0.15051493100552538,-0.4664971379954349
1,0.0,-0.47871862369596957
1,0.0,-0.4073459309362507
1,-0.3494856763830949,-0.41528720700647864
1,0.0,-0.18929729447649196
1,-0.4375301220789325,-0.3594113268872061
1,-0.7870157984620274,-0.5364135495832477
1,-0.4375301220789325,-0.5302222402618184
1,-0.4375301220789325,-0.43162176033384003
1,-0.4375301220789325,-0.5046240055071487
1,-0.4375301220789325,-0.3261111290317085
1,-0.23855876556918343,-0.3488807794009201
1,0.0,-0.3639609076094742
1,-0.4375301220789325,-0.3062726058752555
1,0.0,-0.19552531762665254
1,0.04845513955992686,-0.4480548995244228
1,-0.4375301220789325,-0.264594467304812
1,0.0,-0.08694245460443711
1,-0.4375301220789325,0.13263308565347837
1,-1.1962946451439684,-1.0582646465197243
1,-0.9700367766225568,-1.0572969740396412
1,-1.3613168631983266,-1.1946386615804543
1,-1.3384989773683804,-1.1937136035407796
1,-1.26884531229258,-1.3687253599003664
1,-1.220761653975142,-1.4891844625142479
1,-1.1528199166426925,-1.4068610295643895
1,-1.7781512503836439,-1.4232762656594957
1,-1.0319167932743474,-1.6845718963177754
1,-1.0478761435744977,-1.6273009818723385
1,-1.5740312677277188,-0.9254563746773021
1,-1.1633708452519596,-1.573880282972788
1,-1.7781512503836439,-0.7866402288480515
1,-1.4387690126326138,-0.8931444513855411
1,-1.4119545525202408,-1.5638002570905278
1,-1.385262395494082,-1.1987522090971083
1,-1.5357159699855094,-1.5294629201325571
1,-1.346787486224656,-1.3255920222018667
1,-1.625541087177485,-1.1223946182597042
1,-1.568201724066995,-1.6036292755614399
1,-1.5461312049140492,-1.4301782859065149
1,-1.1222158782728267,-1.0144992626152411
1,-1.5051499783199063,-1.5318879193202362
1,-1.4149733479708182,-1.3554102968611554
1,-1.1499884564914762,-1.0761554217424925
1,-1.2772210289283077,-0.9714273980396297
1,-1.1729208103369215,-1.0568302018209508
1,-0.7112044607530308,-1.2790231450548404
1,-1.0874659334098817,-1.2611058493589826
1,-1.1760912590556813,-1.105928541291582
1,-1.3805024873728806,-0.7077016391869634
1,-0.7781512503836439,-0.8260222601922297
1,-1.3580011968427375,-0.6096089429729405
1,-1.1687920203141813,-0.7597553794417802
1,-1.860338006570994,-1.2772062387560863
1,-1.6627578316815743,-0.7265537422370878
1,-0.9637878273455556,-1.2152465950716564
1,-1.3424226808222066,-1.2226513293289922
1,-1.0158385806858368,-1.5291178196703872
1,-1.5357159699855094,-1.4529689001182795
1,-1.0622428241313449,-0.9738559489777057
1,-1.3726051894766655,-1.0117472915872268
1,-1.039309734009933,-0.6771701652077118
1,-1.3276994240014997,-1.3207488668927234
1,-0.5228787452803374,-0.5857774448245534
1,-1.522257881011762,-1.337062897839067
1,-1.3702270208050047,-1.2899106411800876
1,-1.3537880448267803,-1.0828355316361085
1,-0.963147274896242,-1.1086317333947981
1,-1.404100317376856,-1.6113760495125873
1,-1.5028380383052404,-1.734091532479158
1,-1.4977438220861892,-0.9988918098289665
1,-1.2478509382615277,-1.7566340904983706
1,-1.5228787452803374,-1.289776176931715
1,-1.548650858090097,-0.8442227662241025
1,-1.549919862969019,-0.9696666243421599
1,-1.0,-1.7026270743147756
1,-1.358927418111449,-1.1327768617569403
1,-1.3798355303350363,-1.280690310339892
1,-1.6989700043360187,-1.4988976068005213
1,-1.6627578316815743,-1.4662863203571361
1,-1.625541087177485,-1.6069174404116977
1,-1.5910646070264995,-1.1783936022126054
1,-1.3090976174120144,-0.7921968053397836
1,-1.6074550232146683,-0.694895335996698
1,-1.2900346113625174,-1.1232869589217251
1,0.32292095865631154,0.30174640298051464
1,0.5105950532510466,0.5623835122457139
1,0.6064247967304128,0.041442822346010655
1,-0.17609125905568135,0.22927299405712281
1,0.2116562489144309,-0.2502963026903784
1,0.19967462899203614,-0.49595065938895383
1,0.18047450544588006,-0.17244774996414736
1,-0.2437094651795757,0.04887696053646634
1,0.2643362999545369,0.3023969631788341
1,0.6865217347376262,0.4691896060684437
1,0.054303400524028156,0.2616240408811334
1,0.501267424470992,-0.05054853324331887
1,0.4718729191633164,0.09816915055938863
1,1.3343184588344927,0.20481080547269775
1,1.0756359652829754,1.0638551074515823
1,0.5976358520105602,0.6455397090973582
1,0.4012313406306154,0.37150809886802333
1,-0.4375301220789325,-0.4967223658520298
1,-0.7870157984620274,-0.5950944066075443
1,-0.4375301220789325,-0.5806496153924721
1,-0.7781512503836439,-0.3113470505356036
1,-0.7781512503836439,-0.4627026980761031
1,-0.4375301220789325,-0.2602651984343256
1,-0.3494856763830949,-0.535849330248536
1,-0.8035983725961238,-0.8201956110260692
1,-0.5359721874027112,-0.5784266401462783
1,-1.3245110915135037,-1.093616541369808
1,-0.017033339298780703,-0.6722918116743729
1,-0.6252402250373592,-0.691073048279741
1,-0.5213655225580975,-0.7212355947797662
1,-1.0016055267154176,-0.6865850292563548
1,0.9129723757621191,0.4073142640615383
1,0.26954890820492317,-0.07292806551768444
1,0.045757490560675684,0.16711652776419533
1,0.33853704070641744,0.6314703520377156
1,0.4151420387796598,0.2804178528587738
1,0.6690948695485366,0.6693421289035504
1,0.0,0.6720575300844553
1,0.0,0.8376004798318006
1,0.0,0.3203647639258334
1,-1.764608677068301,-1.3653443026364216
1,0.17526490189038313,0.16648361303971665
1,-1.018885344160374,-1.2628015822894592
1,-1.491361693834273,-1.3406874827878368
1,0.0,-0.5122557316919265
1,1.2696796919573048,0.9000852573172071
1,0.2632414347745815,-0.40669181336475924
1,0.09177037335564542,-0.21348041205424917
1,0.0,0.1958011802239324
1,-1.0616905138872896,-0.47081715302962207
1,-0.3869549032534474,-0.2461043491587652
1,-0.5217916496391233,-0.15830148271064154
1,-0.5797835966168101,-0.38024692810345173
1,-0.1055101847699742,-0.37386323843554264
1,-0.3832167518513314,-0.314693797401444
1,-0.21457309137857195,-0.5231322663903377
1,-0.59633038992206,-0.6088317752201725
1,-0.7280414522832768,-0.598929967925257
1,-0.9493900066449132,-0.5613554498712108
1,-0.71213145039399,-0.521497426657629
1,-0.9208187539523749,-0.6955003001165613
1,0.09691001300805624,-0.24254725891233184
1,0.09691001300805624,-0.24342953606074852
1,-0.939135091176583,-0.7239592480521815
1,-2.0863598306747484,-1.3324491895415473
1,-1.3466700934730556,-1.0999478198138795
1,-1.204119982655925,-1.4646128956912081
1,-0.9744458955276114,-1.1222612901089828
1,-1.0461047872460387,-1.55858296764833
1,-1.0,-1.0084855508583512
1,-1.5517548730165664,-1.2838107436637682
1,-0.6989700043360187,-0.597951249888315
1,-1.7853298350107671,-1.5549532233433638
1,-1.010723865391773,-1.1136932856539357
1,-1.361727836017593,-1.315797338232627
1,-1.018885344160374,-1.3065888070396288
1,-1.491361693834273,-1.37470112554863
1,-1.871183608328498,-1.490529088927623
1,-0.7781512503836439,-0.8418854203982031
1,-1.518513939877888,-0.7823702809026141
1,-1.240433142284875,-0.7823702809026141
1,-1.6334684555795862,-0.886029998758296
1,-0.5930632586839835,-0.886029998758296
1,-1.4974206917829962,-1.0196123340996357
1,-1.2071964617445623,-1.0196123340996357
1,-1.3285944813986372,-1.0445964436181363
1,-1.343535645507214,-1.0445964436181363
1,-1.3620182368855867,-1.0886955098780602
1,-1.277548899814458,-1.0886955098780602
1,-0.9618164463758658,-0.9341503188221428
1,-0.8764529154743927,-0.9341503188221428
1,-0.19005691519250512,-0.3996822183468838
1,-0.20524948779689467,-0.38713696647138746
1,-1.0,-0.6496287734717927
1,-0.9912260756924951,-0.8382651302197999
1,-1.1012313867906984,-0.5899647709083755
1,-1.3135157072120407,-1.0337928466990043
1,-1.0413926851582254,-1.2837142377318496
1,-0.5797835966168101,-1.177001871367183
1,-0.5002610582279248,-0.9785812688174561
1,-0.8890752039971392,-0.6228860365923321
1,-0.7596678446896306,-0.9105452995548704
1,-0.5797835966168101,-1.0581097648586595
1,-0.9542425094393252,-0.9472978564691509
1,-0.8969726181938462,-0.8260185174924515
1,-0.3979400086720375,-0.7606774969035462
1,-0.2527253160894265,-0.442886027698638
1,-0.3309932190414244,-0.7483351699669736
1,-1.1613680022349744,-1.234676203510051
1,-1.0910804693473324,-1.0921369755499595
1,-1.079181246047625,-0.8519450667226887
1,-0.6210485668845678,-0.7479023278066295
1,-1.3344537511509307,-1.3227108010732933
1,-1.733011972712987,-1.1003461932920746
1,-0.7752578720474039,-0.8730834424162359
1,-1.3771847870814176,-1.4716972346030246
1,-1.6993646381495449,-1.4304797994755523
1,-1.1205739312058496,-1.2706275469534718
1,-1.049891869945637,-1.1761815326374105
1,-1.8325089127062366,-1.3693214893116168
1,-1.3010299956639813,-1.320976100302367
1,-1.1674910872937634,-0.842728526172057
1,-1.1026623418971475,-0.9476321671843778
1,-2.079181246047625,-1.7119655562132132
1,-0.8860566476931631,-0.8937183405942701
1,-0.5622244770093765,-0.7811473022320041
1,-0.8450980400142569,-1.1797065655813477
1,-1.204119982655925,-0.795297189271696
1,-0.6989700043360187,-0.9694808497248294
1,-0.8239087409443187,-0.9243877506823668
1,-1.4973246408079497,-1.1691830051509957
1,-1.079181246047625,-0.9486710367082745
1,-0.865301426102544,-1.2876509907687284
1,-0.9294189257142929,-1.1479440400329812
1,-0.8450980400142569,-0.5813680222675163
1,-1.0,-0.9730379156195359
1,-1.008773924307505,-0.7910918067615134
1,-1.0969100130080562,-0.8779983228034784
1,-0.8750612633917001,-1.1932559828818063
1,-0.848732324669351,-0.6697970686795458
1,-0.8202744562892246,-0.7711425595258241
1,-0.7781512503836439,-0.742196145347606
1,-1.0413926851582254,-1.1668965796484463
1,-0.9777236052888476,-1.188992054765372
1,-0.7528453851188743,-0.8550923151865777
1,-0.5228787452803374,-0.44525422754769084
1,-0.7380340271756607,-0.9562351488409407
1,-1.0400417532438473,-1.1034711122884724
1,-1.0969100130080562,-1.1415312112664966
1,-0.8450980400142569,-1.0145842565535508
1,-0.9294189257142929,-0.9731009126466216
1,-1.0,-0.9816883605255936
1,-0.8538719643217618,-0.9748748366163705
1,-0.6989700043360187,-0.5285513439535585
1,-0.871426978736606,-0.9798312653988294
1,-0.6020599913279625,-0.8652315012935471
1,-0.5797835966168101,-0.5922343255163326
1,-0.8195439355418692,-0.5511528461527142
1,-1.0222763947111524,-0.9223503379106914
1,-0.720159303405957,-0.8527960953270382
1,-0.9030899869919438,-0.8898868241650317
1,-0.5835765856339492,-0.8997482876585882
1,-0.8450980400142569,-0.908077550452272
1,-0.5351132016973494,-0.7621879786591386
1,-0.33308817372373056,-0.15510174705288482
1,-0.1733929190978749,-0.6296709410246404
1,-0.6709412807357751,-0.8297771437808026
1,-0.4771212547196626,-0.34162870046088534
1,-0.5542872095319611,-0.6026728743099224
1,-0.6457244923827936,-0.5347731843125823
1,-0.8332487671984614,-0.623592789591652
1,-0.3752760240360935,-0.623592789591652
1,-0.804386601241843,-0.6402782547105337
1,-0.4149733479708182,-0.4969905401228719
1,-0.431798275933005,-0.7301466466719789
1,-0.41318565910805827,-0.6467400122286888
1,-0.8492146062090891,-0.8875699327640474
1,-0.7533276666586115,-0.7929164185601404
1,-0.27470105694163216,-0.8462387832160785
1,-0.22454833550784858,-0.5289381840975486
1,-1.0116311101180298,-0.8926722571969721
1,-0.8786653876605248,-1.0349997582294668
1,-1.1144715220966255,-1.0597028624983407
1,-0.8293037728310253,-0.9390817904586548
1,-0.8239087409443187,-0.8557734284526499
1,-0.8908555305749317,-0.9463529891439952
1,-0.8260748027008269,-0.9438159950961947
1,-1.0,-1.0914838959069948
1,-1.0,-0.8199117186443248
1,-0.3579996169848032,-0.2606892178948228
1,-0.1259773881291375,-0.1979159157293468
1,-0.03959097388207855,-0.21172285550497044
1,-1.1890562362200487,-0.9978810507316258
1,-0.8358079642440268,-0.95538978467191
1,-0.7215358322347605,-0.9349422646713903
1,-1.4933584535903481,-0.7783473940730559
1,-1.5440680443502757,-0.5616366527454829
1,-1.0,-1.2499899824585992
1,-1.113943352306837,-1.0580740550318877
1,-1.361727836017593,-1.2367221211208383
1,-0.8860566476931631,-0.9937987711050424
1,-1.8293037728310244,-1.531421643172664
1,-1.550907468880581,-0.9631580933679831
1,-1.4259687322722812,-1.079311432977219
1,-1.6232492903979008,-1.3812789577336146
1,-1.7676858167054785,-1.4638089433656007
1,-1.5166297960033361,-1.3753207179025357
1,-1.1903316981702918,-1.1577015121255427
1,-1.4259687322722812,-1.3340918772453672
1,-1.3735806628125928,-1.2425025403002101
1,-1.5642714304385628,-1.3744318373174578
1,-1.7160033436347994,-1.3504285364709792
1,-1.5228787452803374,-1.0055632877978424
1,-0.857332496431269,-1.1764245860026876
1,-1.3881801713828814,-1.4742515757384242
1,-1.0377885608893997,-1.1961367531013032
1,-1.5228787452803374,-0.9613749378628063
1,-1.0543576623225928,-1.3443726741428135
1,-1.1903316981702918,-1.278316072241788
1,-1.6434526764861879,-1.1297787342454078
1,-0.9420080530223132,-1.1093351629066954
1,-1.010723865391773,-1.04674417309692
1,-0.9488474775526186,-1.1857720295067506
1,-1.0,-0.9025312996089705
1,-1.4393326938302629,-1.171001839766184
1,-0.8129133566428557,-0.981768020461429
1,-1.2552725051033065,-1.0402820287372767
1,-1.0,-0.8209880957049086
1,-0.7781512503836439,-0.9513147816731415
1,-1.3802112417116064,-0.9777428326898534
1,-1.0,-0.8812424890111059
1,-0.8336685782334747,-0.8749501317222892
1,-1.032470767425007,-0.8935417278790099
1,-0.8239087409443187,-0.8455665438840241
1,-0.8239087409443187,-0.9355107243503888
1,-1.5158738437116792,-0.962817502441691
1,-0.6872316010647745,-0.6189317778278861
1,-1.4771212547196626,-1.023876319787497
1,-1.2367890994092932,-1.7749818591951472
1,-1.3136191229720016,-1.14361365768169
1,-0.7569619513137056,-0.8152063280749059
1,-0.6283889300503116,-1.2163122498979044
1,-1.436692597664054,-1.085300251574504
1,-0.9637878273455556,-1.1786247448792004
1,-1.1832111229993103,-1.0651813155831236
1,-0.9719712763997563,-0.9114112272544093
1,-1.066946789630613,-1.1092597311561232
1,-1.1461280356782382,-1.0180671845745994
1,-1.2870152586388937,-1.197146616634902
1,-0.8239087409443187,-0.9161534465293033
1,-1.4149733479708182,-1.131274435250559
1,-1.3010299956639813,-1.2257521113973977
1,-1.1249387366083,-1.0003679621726314
1,-1.1760912590556813,-1.0665668050712915
1,-1.0,-1.0008187799086903
1,-1.079181246047625,-1.1018727278782028
1,-1.113943352306837,-1.0633878545760502
1,-1.0993846321359113,-1.1672190138441234
1,-1.0,-0.5760084257844762
1,-0.8866431359415152,-0.8444569452832887
1,-0.6066557430171109,-0.5366396483421093
1,-0.910268571619067,-0.9383801602814901
1,-1.0,-0.6654004650149545
1,-0.5333441789585027,-0.7773169697956972
1,-0.635300924466641,-0.9380209773552703
1,-0.9542425094393252,-1.0468672185116437
1,-0.5149098156090623,-1.0313676435073957
1,-0.6812412373755876,-0.9326163248441635
1,-0.7367585652254185,-1.1037139173510697
1,-0.9542425094393252,-1.132216162304443
1,-0.7781512503836439,-0.9199733054762435
1,-0.9586630443823552,-0.9835965068925527
1,0.9777236052888476,0.20617445107628224
1,-0.5973135563035008,-0.6736936540497925
1,-0.7781512503836439,-0.4182992281804712
1,-0.8582433345911813,-0.7955441807875692
1,0.0,-0.044769697693236354
1,0.0,0.057935079681220525
1,0.9030899869919438,1.132009813645386
1,1.0,1.1433468715109971
1,-0.7191733904243058,-0.7652474533744709
1,-1.2025435944209697,-0.934886298487674
1,-1.0705810742857071,-0.8824927246847882
1,-0.7634279935629378,-0.8551787965236988
1,-1.0713559085356685,-0.8395394513466257
1,-1.0289636959353174,-1.0747426830914968
1,1.5287082889410613,-0.18858312866073795
1,0.151267675330649,-0.38050059365129213
1,1.4056593710152416,0.23246988608517322
1,0.8642501740085482,0.24374509361138658
1,0.661181443446619,0.6141001692132786
1,0.30102999566398125,0.19450535047711787
1,0.3083881257855836,-0.44093123432995646
1,-0.22184874961635614,-0.6672124177885758
1,-0.5880452543028749,-0.6966597966808106
1,0.0,-0.1293154608348417
1,-0.2263963773670774,-0.6143693026904027
1,-1.1818435879447726,-0.881291830036735
1,-0.7900504736833511,-0.5883954317837377
1,-0.3580684966343455,-0.5036559308671001
1,0.19604148601007143,-0.44533993785952397
1,-0.44855000202712425,-0.6210147297625666
1,-0.7742209567552116,-0.7083535848845953
1,-0.7781512503836439,-0.620899091763154
1,-0.40576534618399407,-0.7776327271356587
1,-0.47172622283295595,-0.5691649740566269
1,-0.2855178294857339,-0.5975369798344514
1,1.5751878449276608,0.3355328712887304
1,-0.3979400086720375,-0.3807248885206746
1,-0.18563657696191171,-0.6208998628434423
1,-0.6225816584725639,-0.5546461981926625
1,-0.4983105537896009,-0.9423273321150386
1,-0.8750612633917001,-1.0358288951756593
1,-0.8872957198087112,-0.5296815477486689
1,-0.9128498242810998,-0.7713403676914412
1,-1.25927524755698,-0.954742873897884
1,-1.0710633558254452,-0.9702738490468962
1,-2.079181246047625,-1.3649932236804023
1,-0.7569619513137056,-0.492633072767236
1,-0.6478174818886373,-0.5899161831108235
1,-1.3891660843645326,-0.9247282541659224
1,-1.079181246047625,-0.8314535227734575
1,-0.8065288404555222,-0.9841219514439739
1,-1.7944863039009302,-1.1104052842801064
1,-0.6569086593353077,-0.5372891882142682
1,-1.5740312677277188,-0.9629949372970834
1,-1.0071785846271233,-0.896513292771375
1,-0.9637878273455556,-0.911354640443286
1,-0.08432088570003593,-0.49024260420024807
1,-0.5850266520291818,-0.6655079474702625
1,-0.38021124171160636,-0.7304460396224148
1,-0.3881801713828805,-0.3958566671068373
1,-0.5289528929925318,-0.6372218157684851
1,-1.5136380885454246,-0.9293066858072312
1,-0.5585942975468718,-0.3525801041525096
1,-0.8538719643217618,-1.1585992953590118
1,-0.8885079871189472,-0.8564677865824709
1,-0.6989700043360187,-0.5534671262118251
1,-0.32330639037513365,-0.5232748414647618
2,-0.7439371498525418,-0.6885420171440878
2,-0.36172783601759306,-0.5081030909156404
2,-1.2332782113971374,-1.2365404927055383
2,-0.8216169441647336,-0.7092658115673933
2,-1.7318572625565913,-0.9974942269744402
2,-0.9829666607012193,-0.5174297804522031
2,-1.5051499783199063,-0.9754211090447389
2,-0.5228787452803365,-0.5395692543956871
2,0.0,-0.23088955287269539
2,-0.21664755593054874,-0.32596922206638146
2,0.8322608153090849,0.4799792503905153
2,-0.6020599913279625,-0.46405001755045133
2,-1.1505139038522927,-0.5669838428482221
2,-1.3010299956639813,-1.0577259092383475
2,-0.18316170956143552,-0.11134689364505335
2,-0.1367931572585741,-0.05924840492228722
2,-1.1760912590556813,-1.1620216672220787
2,-0.43933269383026285,-0.5648398537514511
2,-0.6780360975003754,-0.7347366499496824
2,-1.6368220975871743,-1.2289167274237125
2,0.0,-0.2834991890195625
2,-1.437750562820388,-1.3973464905985336
2,-1.4471580313422194,-1.2059045141920477
2,-2.5051499783199063,-1.7615823415317136
2,-2.338013561917151,-1.913825254431586
2,-0.8450980400142569,-1.1110276933402288
2,-1.865301426102544,-1.488710431234141
2,-1.6180480967120925,-1.5332010283494588
2,-1.0736319451536467,-1.4943809763589269
2,-0.37905157618436736,-0.9006102552889218
2,-1.3088553331759378,-0.7997710942283154
2,-0.4771212547196626,-0.7553792874921177
2,-1.3893932852496,-0.7774019090288871
2,-0.17094279450418348,-0.3599140012430821
2,-0.14106518745881935,-0.30761962496413203
2,-0.4771212547196626,-0.5082995343809014
2,-0.5708022975975204,-0.755889842421728
2,-0.7869251746911488,-0.6553363326229434
2,-0.8750612633917001,-0.9287195063388469
2,-0.8794260687941504,-0.8441388982654527
2,-1.518513939877888,-0.8370453306675123
2,-1.3222192947339195,-1.1564275344445978
2,-1.6627578316815743,-1.1423477047080814
2,-1.2430380486862944,-1.110710648915114
2,-1.4771212547196626,-1.2058583982933495
2,-1.1760912590556813,-0.8804819122008045
2,-0.30102999566398125,-0.5895447096585078
2,-1.0,-1.1854961318817707
2,-2.0,-1.0651297582729504
2,-1.3802112417116064,-1.2386564114619412
2,-1.4191293077419758,-1.4176421866357103
2,-0.8129133566428557,-1.3417302233994803
2,-0.8239087409443187,-1.143634532096705
2,-1.0,-1.1092596991998873
2,-1.0,-0.9811738726229564
2,-0.36166919116139606,-1.3065200925157847
2,-1.568201724066995,-0.575587165783943
2,-1.2632414347745815,-0.4725767147445988
2,-1.431363764158987,-1.2705118272128175
2,-1.4771212547196626,-0.9156810677754544
2,-1.3979400086720375,-1.2342600365703098
2,-1.2430380486862944,-1.3104783193781575
2,-1.2261701233989983,-0.8321383910064191
2,-1.4771212547196626,-1.0455571278811797
2,-1.3979400086720375,-1.6030777746755198
2,-1.1760912590556813,-1.399400202149774
2,-1.5228787452803374,-1.3961911124536772
2,-1.5740312677277188,-1.0518199802091819
2,-1.1026623418971475,-0.9121179481060746
2,0.09821747354970256,-0.4727667807019653
2,0.4771212547196626,-0.05825550409979646
2,-0.20411998265592501,-0.3466566462610471
2,0.0735773685296266,-0.35673437271393216
2,-0.2184951076087689,-0.3745849610406907
2,-1.204119982655925,-0.9570364198601045
2,-1.0690809191432988,-0.7636948056090137
2,-1.1333023000931028,-0.9234740375364752
2,-0.7372752749614495,-0.5507806971255008
2,-1.3152704347785908,-0.8391591459738236
2,-1.0703799654690078,-0.46248613155644175
2,-1.507995452753926,-0.9788825999379689
2,-0.6020599913279625,-0.5553463472625496
2,-0.8306421236032868,-0.36563637463017784
2,-0.4726443910685916,-0.5186967312459536
2,-0.5514482552146358,-0.489606980778553
2,-0.4496138450811866,-0.7416493088480378
2,-0.6205848987164888,-0.6735293390924497
2,-0.6863808770279984,-0.46444853803282254
2,-0.17609125905568135,-0.3189551213438172
2,-0.7162766632434856,-0.5419974404259159
2,-0.4349235749252074,-0.49476967496168084
2,-0.4771212547196626,-0.4353371120783889
2,-0.19944917794067507,-0.42347979109263156
2,-0.34678748622465605,-0.37988222550013745
2,-0.23408320603336819,-0.5045302316204014
2,-1.1303337684950066,-0.6455564123841041
2,-1.2730012720637376,-0.8180530166287023
2,-0.9395055936387653,-0.577809391087205
2,-0.46593708776714937,-0.5241151318674936
2,-0.41325676675614353,-0.5223075848148513
2,-0.7907403776916642,-0.5236674126179268
2,-0.850485635415283,-0.5591505643452672
2,-0.28960053388319906,-0.5236674126179268
2,2.0904053825965034,-0.3144702650919991
2,1.9268567089496926,0.518135991858532
2,1.0585947152658468,1.2238488968414722
2,-0.33252783011489306,-0.4790146344152712
2,-0.44164893655744386,-0.40578801765778716
2,-0.4452956408039386,-0.6349177029535789
2,-1.6812412373755876,-0.4959286948227086
2,-2.0543576623225928,-0.7391210333770489
2,-1.8409420802430994,-0.6786586025229897
2,-1.5797835966168101,-0.5490786451668959
2,-1.3278231722519171,-1.366780863886497
2,-1.3802112417116064,-1.3393219858466265
2,-0.8166095022028195,-1.145940289020114
2,-1.0211892990699383,-1.0027949581073774
2,-1.7781512503836439,-1.6852306029118187
2,-1.249198357391113,-1.347442631196306
2,-1.6020599913279625,-1.7367159670324703
2,-0.5215995264411646,-0.5342550669810121
2,-1.117540014535269,-0.5000342318045822
2,-0.15490195998574308,-0.22535452262653588
2,-0.2466723333413885,-0.49222343881489533
2,-1.7549214096651689,-0.8223120853361714
2,-0.3853508813640172,-0.39853229999271106
2,-1.5314789170422554,-1.3790799876595419
2,-1.3594330117513005,-1.3912135080409063
2,-0.47944991703824513,-0.8193550005868899
2,-0.21559980033935489,-0.3208252566779932
2,0.009651385676180624,-0.6232132162512631
2,0.01888534416037313,-0.673010442775798
2,-0.31626996222071835,-0.4288394091068537
2,-1.3010299956639813,-1.2848598659875197
2,-1.4698220159781634,-1.3020143070005403
2,0.14132915279646951,-0.10879437128650427
2,-0.08037687545407124,-0.3180791916047468
2,-0.06685308651808874,-0.25996353443724074
2,0.11265459406045775,-0.4524887863281823
2,-0.3609091278607206,-0.4724417614936318
2,0.0,-0.089723444063732
2,-2.1505139038522927,-0.9172067329251394
2,-1.0,-1.0561657022043311
2,-1.3010299956639813,-0.7231725954165138
2,-1.0,-0.7830455113392629
2,-0.19627273648709753,-0.45036173782419725
2,-0.1839883267857534,-0.3726944634397729
2,-0.8129133566428557,-0.8536714995632256
2,-1.083121728522423,-0.8346467180062822
2,-0.5118833609788744,-0.520945449411065
2,-0.3406176746319307,-0.4001630031519733
2,-0.10408859763517953,-0.7867301042210684
2,-1.8419848045901137,-1.044594936612112
2,-0.14210676174531311,-0.732406428691049
2,-1.5965970956264606,-1.317743782615921
2,-1.0,-0.7516214643742866
2,-1.0,-0.5736726200717849
2,-0.5313708073918022,-0.5276304950328025
2,-0.6451393984881904,-0.6405299440648633
2,-0.5425565664822658,-0.5487753620762958
2,-0.755089512814898,-0.7743449000131734
2,-0.8159298739801057,-0.7653772757722266
2,-0.22068520040890238,-0.4218266815825862
2,-0.35144772761062537,-0.5441221249906633
2,-0.5639788777283403,-0.5707178966772886
2,-0.8440190469576176,-0.8539713370898193
2,-0.501929586930868,-0.5920066731738168
2,-1.1505139038522927,-0.8477005438471554
2,-1.204119982655925,-1.2771028814611358
2,-1.3010299956639813,-0.9627373212133297
2,-1.3010299956639813,-1.2484416903111566
2,-1.0,-0.4895764935953964
2,-1.3010299956639813,-0.6109293164207745
2,0.0,-0.3053910128652845
2,-1.6334684555795862,-1.2051259912754595
2,-1.2787536009528289,-1.2643019183540278
2,-0.5782790584341573,-0.6093091064261493
2,-1.1760912590556813,-0.8393808859537564
2,-1.5440680443502757,-1.1494771302670614
2,-1.41161970596323,-1.1438953645829555
2,-0.9007737442647628,-0.698191225050639
2,-0.1760901421709571,-0.25792181266907904
2,-0.5619427681199793,-0.733480224173837
2,-0.5051499783199063,-0.6582895809379262
2,-0.32451109151350366,-0.5663950186576889
2,-0.5880466034577374,-0.43149870555143127
2,-0.8908555305749326,-1.0548985735780478
2,0.0,-0.5589896476766855
2,-0.10354059190706888,-0.3718987082361973
2,-0.7426789322214251,-0.8022136382798832
2,-0.37911315141255475,-0.4477338671898047
2,-0.42866488543881687,-0.49874774236252695
2,-0.5051499783199063,-0.4262101956539991
2,-1.1191864077192086,-0.9917508342730306
2,-0.8166095022028195,-1.129050715235274
2,0.3494856763830949,-0.33578132379199144
2,-0.35373634617998473,-0.41201239696801456
2,-0.8450980400142569,-1.0720300185588598
2,-1.2552725051033065,-0.9964584982791538
2,-1.2604121447557173,-0.8260882192173243
2,-1.26884531229258,-1.3698535375280618
2,-0.3494856763830949,-0.40268558854244874
2,-1.2972035878109285,-1.2706707137858169
2,-1.5903680640032443,-1.2583595811825752
2,-0.06694678963061307,-0.6823955693782289
2,-0.4162540585488639,-0.38459017026206055
2,-1.0434656937810907,-0.861578441579314
2,-1.325030272067747,-1.2832587461241496
2,-0.1143882690518696,-0.3689329820640375
2,-0.6368220975871743,-0.4733234133852368
2,-0.272463507476008,-0.47037560143830864
2,-0.36079820066747104,-0.6233496570874694
2,-1.5947607525864624,-0.9684288489531436
2,-0.6184504075161312,-0.5607970381837124
2,-1.113943352306837,-1.1532716994500616
2,-1.3010299956639813,-0.8638705377793865
2,-0.3424226808222066,-0.5856757468260896
2,-1.1760912590556813,-1.1298509506864345
2,0.15841180143105582,-0.23156705570780917
2,-0.7659167939666318,-0.9292859398012527
2,1.3802112417116064,0.5676912542024433
2,-1.0,-1.0760884453704727
2,-1.296513894499017,-0.7090940566256803
2,-1.296513894499017,-0.5301901971410699
2,1.3388046091732582,0.7046776873815466
2,-1.0377885608893997,-0.7534247097723035
2,-0.15970084286751174,-0.5003575776411665
2,-0.2604121447557173,-0.32785167311489605
2,-0.7923916894982543,-0.673772830145679
2,0.00010777875273149107,-0.4217583463772349
2,-0.7094354380141841,-0.6135480188919328
2,-1.3010299956639813,-0.5892493129972265
2,-0.6989700043360187,-0.8551532813103109
2,-0.2704919284145202,-0.3094410211677404
2,-0.7481880270062007,-0.46130996634518023
2,0.1845244265925441,-0.32819199790677994
2,-0.6860692196899709,-0.40606800861726533
2,-0.12368361632897873,-0.2591671676565649
2,-0.8524917235584466,-0.38984959982288236
2,-0.22902919426901924,-0.49538175982629373
2,0.0,-0.2285659114928013
2,-0.6863808770279984,-0.6747987325942262
2,0.0,-0.23671809784334233
2,0.7403626894942441,-0.389785130609538
2,-1.3862016054007933,-1.387218076707179
2,-0.6353716852785132,-0.907810287014399
2,0.0,0.12200358201014222
2,0.0,-0.2696707787523604
2,0.0,0.0261148168206905
2,0.0,-0.2663491148890771
2,0.0,-0.4374543823507436
2,0.0,-0.2825677104771694
2,0.0,0.1381519458096559
2,0.0,-0.0222821692248516
2,0.7403626894942441,0.1381519458096559
2,0.7403626894942441,-0.11694355538474704
2,0.0,-0.15007989890629558
2,0.7403626894942441,0.030385652280589093
2,1.0,0.04285279773188805
2,0.0,-0.30529115116639105
2,0.7403626894942441,-0.1330985108823119
2,0.0,0.030385652280589093
2,0.7403626894942441,0.04285279773188805
2,0.0,-0.30817490595332464
2,-1.198657086954423,-1.5068264694156306
2,-0.7767011839884104,-0.7125877734547252
2,-1.0,-0.982596272945802
2,-1.0,-1.2560511087801736
2,0.0,-0.15260447309792513
2,-0.5404030902638697,-0.5613309268745197
2,-1.4924519734409554,-0.5357284558718349
2,-1.1856365769619117,-1.0256205897206412
2,-0.15490195998574308,-0.22376150040607037
2,-1.079181246047625,-0.8244100183837106
2,-0.9436618101875993,-0.4362085509586325
2,0.0,-0.22283948864210107
2,0.0,-0.2726501830325895
2,-0.6465051297683573,-0.5582859794110897
2,-0.5619427681199802,-0.6244004186163752
2,-0.6232492903979008,-0.6591556694930862
2,-0.6197887582883936,-0.6211057989133093
2,-0.3905719708045483,-0.4887565348000469
2,1.1760912590556813,0.581454911167977
2,-1.3010299956639813,-0.7067260252698273
2,-0.6989700043360187,-0.6573558713326118
2,-2.3979400086720375,-0.6407730006493206
2,-1.0,-0.90580217225959
2,-1.0,-0.5156736468626796
2,-1.0,-0.5797747957730224
2,-1.3010299956639813,-0.5888541270754973
2,0.37336178276668086,0.3673566834303272
2,-1.173186268412274,-1.095398410140538
2,-0.7403626894942441,-0.4828338191130513
2,-1.0,-0.4873516865708977
2,-1.0,-0.4526008701915662
2,-0.35793484700045397,-0.4581203514777821
2,-0.09426991684184749,-0.3552688289569627
2,-1.0362121726544444,-0.8634101963393139
2,-0.45593195564972433,-0.8456191109746574
2,-0.1938820458332895,-0.39850277604710255
2,1.8908555305749326,0.7118128169151101
2,1.763941633261446,1.3759537648492592
2,-0.9708417712587858,-0.7050681454369528
2,-1.388483767677596,-1.3451059512188714
2,-1.230448921378274,-1.3691418047968902
2,-1.64777405026883,-1.248111987153424
2,0.0,-0.5050393318900175
2,-0.11369943515248693,-0.16414835865516292
2,-0.7533276666586115,-0.6785076791408728
2,-0.8786653876605257,-0.5579040131638926
2,-0.9030899869919438,-0.5620823093656278
2,-0.7989348563069356,-0.6842599382942806
2,-0.6690067809585756,-0.6922359615988145
2,-0.42596873227228116,-0.8956495957316025
2,-0.7300042380759866,-0.5058289327828398
2,-0.6464409530598338,-0.5964746757516667
2,-0.30102999566398125,-0.2409313793772849
2,-0.31214600056944164,-0.5965165480530172
2,-0.515325607389892,-0.3874195502395842
2,-0.4382031886892923,-0.5389099487221428
2,-0.3484546455921187,-0.525731899504314
2,-0.30102999566398125,-0.37373674804165097
2,-0.3405385369476548,-0.2103034806177057
2,0.4871054756262634,0.32912911498838376
2,-1.528273777167044,-1.129333268935302
2,-0.5528419686577806,-0.5410557417260125
2,-0.7891466346851068,-0.6737511391341704
2,-0.8973376581028525,-0.6643431203314674
2,-1.0903975088639175,-1.4113815564456187
2,-1.3868809868172471,-0.9534936848554193
2,-1.5797835966168101,-0.6378618323611778
2,0.6020599913279625,-0.18246587172608947
2,-0.7289332277134619,-0.5287313220951106
2,-0.5913361259361896,-0.5018700159271582
2,-0.598653742636051,-0.6709668021630656
2,0.0,-0.7137755620682243
2,0.0,-0.575954991310952
2,-0.6166840828366942,-0.6108039353972686
2,-0.5558880976042575,-0.49180165018848926
2,-0.5722550097019159,-0.6224942268212614
2,-1.0,-0.5981938551517954
2,-0.7672348358945449,-0.6302606812283029
2,-0.36153312878191635,-0.6285985601106594
2,-0.9837323872855466,-0.4669394315657719
2,-0.7132104434506292,-0.2257344027402026
2,-0.35110886000729824,-0.6359344179689279
2,-1.519287394190787,-1.3799427358605976
2,-1.699693225955114,-1.0820416833658717
2,-1.4913616938342722,-1.5129719950687062
2,-1.8148740574083835,-1.0882347844234654
2,-1.6207422042957162,-1.0882347844234654
2,-1.3621130196188096,-1.2921616805249163
2,-1.345700390583442,-1.4763755904654559
2,-1.6300887149282062,-1.3237757593012696
2,-1.3309932190414244,-0.9327882972116845
2,-1.5835765856339492,-1.5260882077268993
2,-1.2106727479357442,-1.5178733337787094
2,-1.6197887582883936,-1.2704161038954769
2,-1.4778825072930193,-0.5125358195006503
2,-1.1760912590556813,-1.2164074175123543
2,-1.1613680022349744,-1.5873552513297715
2,-0.9777236052888476,-1.1467518607487226
2,-1.4349235749252074,-1.0575466081555627
2,-1.306425027550687,-0.41194459903875374
2,-1.7455952164279207,-1.2066491919718088
2,-1.5096504795465826,-1.3016396897463585
2,-1.5725812013324862,-1.65211454149422
2,-1.782353164811413,-0.6043136691037209
2,-1.6174663223693626,-1.2561992018458936
2,-1.2863067388432743,-1.2470216547936885
2,-1.1663314217665244,-1.0190363321579008
2,-1.5824130364264946,-0.7132619626984971
2,-1.5993371329924884,-0.985351780070078
2,-1.4206723924623326,-1.1746904936706712
2,-1.695481676490198,-1.0343384048179192
2,-1.3129292189636894,-1.4822250427960924
2,-1.3324384599156058,-0.5947622624951657
2,-1.7160033436347994,-1.2898478209363735
2,-2.3679767852945943,-0.9582055376166478
2,0.6951770153188797,0.9311077031042774
2,0.0,0.09919893085363513
2,-0.6482604135760912,-0.7454496884056401
2,0.0,-0.27315025885433086
2,-0.6989700043360187,-0.5808169834869468
2,-0.5740312677277188,-0.590915247655722
2,-0.7373149964122385,-0.8871861555938434
2,-0.9294189257142929,-0.911980645741517
2,-0.6130553756294255,-0.6570616856734508
2,-0.5954962218255746,-0.5644770919369311
2,-0.7318660629392069,-0.627220817057185
2,-0.5188198888034705,-0.530773873343537
2,-0.7739952906124863,-0.5682423487765278
2,-1.4395415394615556,-1.2751130737393126
2,0.2730012720637376,-0.406050327618212
2,-1.3010299956639813,-1.1641508122313295
2,0.0,-0.4410172757464062
2,-1.3444802558203817,-0.8049717570136183
2,-0.8031681201868599,-0.6865311159349823
2,-0.5786173133193158,-0.5309544266169973
2,-0.7100860092414791,-0.645989144626814
2,-0.6879746200345549,-0.6097614933179595
2,-0.5696832697124847,-0.6297762224789869
2,-0.13305071898637433,-0.5225656260058906
2,-0.15209098265191479,-0.5225656260058906
2,-0.30102999566398125,-0.5514460603381597
2,1.9323294795010275,0.25103427572079245
2,0.5514499979728749,0.20118684741717202
2,-1.740362689494244,-0.32754326288018165
2,-1.9456423376774072,-0.5960412759553706
2,-1.7569619513137056,-0.8559255521178049
2,0.0,-0.4606475181525493
2,0.0,-0.2476387320056226
2,0.0,-0.004289860857435934
2,-1.1505139038522927,-0.8061273168907195
2,-0.653212513775344,-0.49986096480623166
2,0.3800615256317279,-0.46346883277291145
2,-1.1461280356782373,-0.4612606151192693
2,-1.1760912590556813,-0.6551403630629868
2,-0.8239087409443187,-1.431892442749304
2,-1.204119982655925,-1.2471121180659899
2,-0.672097857935718,-1.4175812697140964
2,-0.4432453729278514,-0.7247565147284543
2,-1.0,-0.8599584307893977
2,-1.0,-1.0430764370293213
2,-0.8550907278940816,-0.5303352998397483
2,-0.6783300974733155,-0.5405352487627719
2,-1.4771212547196626,-1.2444051189632466
2,-0.18184358794477262,-0.4899337029052384
2,-2.0413926851582254,-1.188375218066894
2,-1.3802112417116064,-1.2890645816758646
2,-1.3273589343863295,-1.0969776063822476
2,1.2309713024148268,1.0814412420794006
2,0.42579681672523595,0.47070855379292426
2,0.0,-0.4217112771705503
2,-1.5844523833812616,-1.097034855270388
2,-0.5882717068423293,-1.761083731820849
2,-1.46344155742847,-1.4563448756565172
2,-1.5440680443502757,-1.2411395440878112
2,-1.0457574905606748,-1.1659658772659516
2,-1.3341402942756098,-1.1635862926327274
2,-1.269512944217916,-1.1343879050613168
2,-1.5051499783199063,-1.3101178795053787
2,-1.434616003271386,-0.5513162752412594
2,-1.3010299956639813,-1.069964417691623
2,-1.5567331348946913,-1.3118663926231706
2,-2.061536246949716,-1.3026440832759956
2,-1.3601514477826377,-1.1109717821377434
2,-0.3133971826694042,-0.8066655406048568
2,-1.249198357391113,-1.5407311617031845
2,-1.3010299956639813,-1.4242564964361641
2,-1.249198357391113,-1.4091300481406823
2,-1.3511088600072982,-1.4405240116997156
2,-0.4514759214932562,-0.745479201343513
2,-1.5364682557823155,-0.9628609320885693
2,-1.3135157072120407,-0.49876329240115275
2,1.7558748556724915,0.2113468356848643
2,-2.136720567156406,-1.1384650048196563
2,-0.4330536280883628,-0.4386452334781488
2,-1.442513126296456,-1.5323935625224296
2,-1.7317625177323261,-0.9683056240413805
2,-0.34145865271958975,-0.4113190837420795
2,0.0,-0.3375550649074127
2,0.0,-0.3375550649074127
2,-0.23855876556918343,-0.47149752340000634
2,0.08804493295993954,-0.2437397249326003
2,-1.3862016054007933,-0.9616270837691143
2,-1.6964812039323238,-1.1224718341307753
2,-1.4471580313422185,-0.6728780738912331
2,-0.22724378150306102,-0.11785616787140857
2,0.00465735811267276,0.48021929313530604
2,-0.10661949439456464,0.5224386113472366
2,-0.2789761829079378,-0.378662402643402
2,0.0,-0.44790514439964146
2,0.47856329638292383,0.467553353028391
2,-1.2263963773670774,-0.8189776136594993
2,-0.8325089127062366,-0.6557434735813672
2,-1.3521825181113627,-1.0651235473470357
2,0.0,-0.022184984978792233
2,-1.4522976709946303,-1.3767524339626458
2,-0.30102999566398125,-0.3634062537519096
2,0.7883704155653293,0.315768853854345
2,1.151267675330649,0.04108549789570809
2,0.8538719643217618,-0.013645960412378977
2,0.0,0.2347627419195118
2,-0.8016323462331663,-1.006969965196995
2,-1.3891660843645326,-0.9226658838820558
2,-0.15490195998574308,-0.30678217748764314
2,-0.5854441338464147,-0.3073982672795986
2,-0.15490195998574308,-0.3837006098511444
2,-1.6434526764861879,-1.106390239573546
2,-0.5947607525864624,-0.6235519437562153
2,0.2689756201843121,0.2921603051476946
2,0.436497728992185,0.41163838582099493
2,0.25422278211024096,-0.12515163737753499
2,0.0,-0.08540489639358095
2,0.0,0.13244262013037428
2,0.22515138516644218,0.2810655194906642
2,1.247183568811728,0.4670204564822988
2,0.2863410853561561,0.42816005897709547
2,0.3958163150421816,0.18263177131659364
2,-0.2152181707173435,0.2510313593952978
2,0.06299448495434934,0.7276480317029992
2,0.6517613292186208,0.5934514174530889
2,0.0,0.7933348407693577
2,0.0,0.5694431631473238
2,0.7496315210986477,0.6704224219166035
2,0.7347714789456772,0.5859325223561975
2,0.38945759571829885,0.3944042143708843
2,1.6179829574251317,-0.08132765430237382
2,0.5208292648142576,0.0572675939767025
2,0.04053354643708662,0.8261127399373673
2,0.12666575210534692,-0.6259473645632336
2,0.39538854403305557,0.5057089189692983
2,0.571379327328061,-0.1477313424092166
2,-0.8750612633917001,-0.8980469960653696
2,-0.4375301220789325,-0.08787350526637383
2,-0.7898641211887929,-0.6236382661591203
2,-1.0,-1.2003237534110747
2,-0.09400502236464892,0.232935037118913
2,-1.0,-0.4217894420654639
2,0.17463880404736631,0.06566840646321787
2,-0.6567290874981806,-0.6771265304154126
2,0.7232996763759854,0.6767247799234746
2,-1.8765065042658806,-1.3800135558293467
2,-1.1180993120779945,-0.561314727183114
2,-1.2218487496163561,-1.1268466536583384
2,-0.21075871684946446,-0.5178865524364544
2,-0.6630574484453744,-0.7091535062078236
2,-1.7781512503836439,-1.621715659824
2,-0.7998705000768798,-0.6901713733713268
2,-1.304634119932806,-1.0792905076235304
2,-1.3010299956639813,-0.5706956851946161
2,-1.8822398480188234,-0.9997151237040238
2,-1.672097857935717,-1.1770453663241656
2,-0.3494864174906427,-0.9390842746055219
2,-0.8010296743210459,-0.837803422535113
2,-1.3010299956639813,-0.6403248143180458
2,-1.3010299956639813,-0.8861010137458003
2,-1.1505139038522927,-0.7321210233292893
2,-0.8494839081883114,-0.800148810189466
2,-0.30102999566398125,-0.9252469863246383
2,-1.1505139038522927,-1.071865962145491
2,-0.6020599913279625,-0.6654345087628449
2,-1.0,-0.6296313718237927
2,0.0,-0.735671877210615
2,-2.6989700043360187,-0.6994834894986502
2,-1.0,-0.8339753706001912
2,-0.8494850736397348,-0.8621704847582714
2,-1.0,-0.8221413418564392
2,-1.1505139038522927,-0.5987148210109094
2,-1.3010299956639813,-1.2257760007901533
2,-1.1505139038522927,-0.9556014279484935
2,-1.3010299956639813,-0.9366454603667741
2,-1.1505139038522927,-0.8709340421368257
2,-1.0,-0.9637441532565316
2,-1.0,-0.7190803375845973
2,-1.0,-0.7321896983782438
2,-0.30102999566398125,-0.6744405328834552
2,-1.3010299956639813,-0.7966223462996637
2,-1.0,-0.7116378651974951
2,-2.1505139038522927,-0.6962577819840199
2,-1.3010299956639813,-0.85629631904939
2,-1.3010299956639813,-0.8116438693043727
2,-1.3010299956639813,-0.9499730507221261
2,-1.3010299956639813,-0.7141780455900112
2,-2.1505139038522927,-0.862987005424389
2,-1.3010299956639813,-0.9287771426698623
2,-1.1505139038522927,-0.7801355135869035
2,-1.1760912590556813,-1.1818169412154613
2,-1.3802112417116064,-0.6478146420652362
2,-0.26681589513288007,-0.5239593627960366
2,-1.3257703732422108,-0.517358720616473
2,-0.9542425094393252,-0.5119710504271783
2,-2.0627908298594555,-1.634571174991554
2,-2.1303337684950057,-1.7713950755332657
2,-1.4293484729236612,-1.473985072552108
2,-1.7323937598229682,-1.6354949900026208
2,-1.6989700043360187,-1.6661811635291979
2,-2.01598810538413,-1.7179149649703098
2,-0.4771212547196626,-0.6825980760024157
2,-1.3010299956639813,-0.584100698559765
2,-0.9783383627425621,-0.7217741254098134
2,-0.03950854128367354,-0.44530830088600803
2,0.0,-0.09667555704051084
2,0.0,-0.39206429673480453
2,-1.0211892990699383,-0.5078222542485942
2,-0.8514692224701967,-0.6234163283979195
2,-1.079181246047625,-0.6208109969727791
2,-0.5411035653865364,-0.48514529982661686
2,-1.5499369780143732,-0.8512768787805685
2,-0.6754889084864963,-0.5508408296810904
2,-1.2026502875751488,-0.9524971306941485
2,0.18499212056651704,0.06649892536610152
2,0.5641359674050559,0.5236573521665457
2,0.0,-0.429260009879478
2,-1.026328938722349,-0.559509229146037
2,-0.34948628751527444,-0.5264077343552579
2,-0.19896832053217395,-0.22753934391748978
2,-0.643452676486187,-0.5823089992105202
2,-1.4177484020255902,-1.2183911155673268
2,-0.22184874961635614,-0.45487179920050286
2,-1.3891660843645326,-1.0904000015122277
2,-1.361727836017593,-1.01693575241423
2,0.05368485896277697,-0.10703205991497888
2,-0.9477603819114044,-1.0025916311482153
2,-0.04324165741713237,-0.22928083739221386
2,-0.05435766232259276,0.038197713401066424
2,0.10523540179218838,-0.13383895496717857
2,-0.1321173212354232,0.026296333357138046
2,0.17710898483871063,-0.43541771627093206
2,-0.103219486915064,-0.18704587850466897
2,0.012964977164368285,-0.5009887176772331
2,-0.2604121447557173,-0.2783082409122455
2,0.05115252244738144,-0.07544294555366177
2,0.05115252244738144,-0.08345889640918974
2,0.048304679574554754,-0.6217788029431806
2,0.5383909114585856,-0.5017371237053456
2,-0.06305174574708872,-0.18613865444529076
2,0.045757490560674796,-0.26152661176532016
2,-0.42881657514510785,-0.4468395309914726
2,-0.3819886947675881,-0.6005004595486543
2,0.0,-0.19176204604373742
2,0.0,-0.20104065816992578
2,0.0,-0.3377603758112846
2,0.0,-0.4153706997071218
2,0.0,-0.3377603758112846
2,0.0,-0.4153706997071218
2,0.0,-0.42344719017829974
2,0.5161539089494696,0.4275349531096882
2,0.6816274485899259,0.30941274593071627
2,0.6872467388148911,0.6721782673172485
2,0.0,-0.47180495191567323
2,-0.3701809521413173,-0.4438752589718209
2,0.19897007056545224,-0.5333171340147532
2,0.0,-0.4337300729516406
2,-0.5728818330508298,-0.7751600886788809
2,-1.3010299956639813,-1.1642482932689897
2,-0.7403626894942441,-0.44536386048124027
2,-0.9542425094393252,-0.6237291492373813
2,-0.8129133566428557,-0.6977250702285357
2,0.17567887514922909,0.0884555176689667
2,-0.7403626894942441,-0.5263934918511023
2,-0.7403626894942441,-0.36166088192998114
2,-1.163502131747661,-1.2947670977475774
2,-0.23855876556918343,-0.142939056307408
2,-0.6197887582883936,-0.5049990064032555
2,-0.3332146790353825,-0.49882912396438156
2,0.10319830233507865,0.20508176039220322
2,-1.4149733479708182,-1.3537214374088957
2,0.09017663034908807,0.6447433852815185
2,1.0969100130080562,0.8908834554587217
2,1.1962946451439684,-0.07884093857199914
2,0.0,-0.23700523923490166
2,0.3494856763830949,-0.14271988451303663
2,1.0431024990135827,-0.23883758525200072
2,-1.0,-0.8184699624362695
2,0.0,-0.3909372801692603
2,0.0,-0.4079496344541306
2,0.0,-0.35318646237351176
2,-0.30102999566398125,-0.45181237032063915
2,-0.6989700043360187,-0.3939249263508848
2,-2.3979400086720375,-0.4605258213682522
2,0.0,-0.1318495963657808
2,0.0,-0.32012978446221296
2,-1.0,-0.4023408713802009
2,0.0,0.1836016048153925
2,0.7602607858886188,0.06869134326127518
2,0.8870600239159199,0.09029641870528943
2,-1.0,-0.5240067407174902
2,-1.318063334962762,-1.1523551505148062
2,1.6640579802891544,0.044694402983332215
2,-1.365903776671729,-1.2479705281407285
2,-0.9851762236829753,-0.947965836650623
2,-0.30102999566398125,-0.4861739105877313
2,-0.5797835966168101,-0.6548140010138854
2,-0.39194964498285056,-0.5432954984678683
2,-1.0969100130080562,-0.7110790729997252
2,-0.7472746839105735,-0.7139414016303907
2,0.3979400086720375,-0.005701125673418572
2,-1.3511966051297115,-0.6499996766578261
2,-1.3765769570565123,-0.5173981533169092
2,0.0,-0.5054109739311078
2,0.5301779840218366,0.690014660122027
2,0.7420815496859419,0.8623883301354662
2,-0.011437917752548543,-0.018895941010336537
2,-1.3010299956639813,-0.6489694434073876
2,-0.028456562779072492,-0.00844374369112083
2,0.27147475210226535,0.11367716625861118
2,0.9309190808567012,0.13530435785464295
2,0.8476754629020675,0.00015824170627293244
2,-1.518513939877888,-1.0157331137345251
2,-1.518513939877888,-1.053373812952757
2,-1.0443762570945339,-0.5028521664978183
2,-1.195613398758156,-0.5226785011720815
2,-0.5541035366673484,-0.4400616199223563
2,-0.7056005832350314,-0.5399748543862222
2,-0.8311920126834114,-0.518430137110184
2,0.8057955484803827,0.34472602010021963
2,0.8956496623437697,0.2592197623000501
2,-1.207980403469163,-0.6936100214680945
2,-1.3424226808222066,-0.7409665412323962
2,-0.8450980400142569,-1.0127658957120835
2,-0.3309932190414244,-0.46369419089528197
2,-0.9057300831581516,-0.5015987720553596
2,0.0,-0.4472097020550363
2,1.0612766682173884,0.4145042340972673
2,0.0,0.17756283156018687
2,0.2258937820265059,-0.3968889304076717
2,-0.4375301220789325,-0.3641359006171925
2,-0.6566307997724685,-0.5332780245244575
2,-0.500602350569185,-0.5753919645598802
2,-1.230448921378274,-0.3852380974819391
2,-0.8803900968967664,-0.6856993454270208
2,-0.48811663902112556,-0.897390319737646
2,-0.6557448502907386,-0.6954834674272855
2,-0.842392146638332,-0.6318404947808645
2,0.211230822627817,-0.5948886394426931
2,-0.4637572931616809,-0.6914726907249662
2,-0.8808135922807914,-0.7528610532647384
2,-0.8450980400142569,-0.7579477877191394
2,-0.7569619513137056,-0.5793674134722833
2,-1.0170333392987807,-0.6544563010559502
2,-0.8205550989367305,-0.7570428625292116
2,-0.460730838531493,-0.8971289573296308
2,-0.9393021596463882,-0.788537031434837
2,-0.7781512503836439,-0.4614007974135887
2,-1.0,-0.4864803996915378
2,-0.9857595608853895,-0.7013620929615852
2,-0.8372727025023003,-0.7167453059348956
2,-0.798354636471931,-0.6536042178149082
2,-0.7639108112690334,-0.4776996117994097
2,-0.6575773191777934,-0.8282024423345786
2,-0.7136932611567257,-0.7124891583405462
2,-0.7147642715192504,-0.7006690108209468
2,-0.445712790468038,-0.6810841342933053
2,-0.6374519664168048,-0.6357818945465799
2,-0.795880017344075,-0.7361008265019869
2,-0.9652378937407882,-0.9186955090999889
2,-0.6847295652214083,-0.7096198335651425
2,-0.8096683018297082,-0.5860319640845753
2,-0.5177391056279266,-0.6859433891652575
2,-0.6917914197088955,-0.7256390323914623
2,-0.24303804868629442,-0.6994095742387435
2,-0.8200136970607943,-0.544055397942077
2,-0.5698753079565613,-0.5455524294160159
2,0.0,-0.10849337559594846
2,-0.42276359239706984,-0.43854178236531277
2,0.0,-0.3478124925766992
2,-0.8124792791635365,-0.9002067371120026
2,-0.7844001996606451,-0.7074199087860173
2,-1.1875207208364635,-1.2760550193691245
2,-1.653212513775344,-1.5912111365133703
2,0.0,-0.16646377748773272
2,-0.7403626894942441,-0.3863842225275381
2,-0.7403626894942441,-0.41758834224831715
2,-1.0,-0.387044518484265
2,-1.0,-0.25862162095063035
2,0.0,-0.5769126341783933
2,0.0,-0.47024587176732174
2,0.6020599913279625,1.1383494249724426
2,-1.1461280356782382,-0.7964708973421395
2,-0.4375301220789325,-0.30106064134862165
2,-0.45154571957920364,-0.6141808341788293
2,-0.3979400086720375,-0.09175963475638294
2,0.5484037989829966,0.37115641765459667
2,-0.7781512503836439,-0.48712973628204354
2,-0.30102999566398125,-0.517665033347469
2,-0.19897007056545224,-0.1783485620041979
2,-0.38907632175972306,-0.24717760827956264
2,-0.4375318721122108,-0.10777686526659108
2,-0.15051493100552538,-0.04614301412816979
2,-0.19897007056545224,-0.20479350580484368
2,0.0,-0.23992682545115682
2,-0.4375301220789325,-0.28437945698177325
2,0.0,-0.312682063805058
2,0.03959044503700948,-0.4776888338811332
2,-0.03959044503700948,-0.28545382449277074
2,0.0,-0.43002109913193354
2,0.0,-0.35903713811830706
2,-0.4375301220789325,-0.2903884882314013
2,-0.30102999566398125,-0.32878698875094636
2,-0.09691001300805624,-0.24081935555806971
2,0.0,-0.2888598232941848
2,-0.6020599913279625,-0.4693627773656806
2,-0.2525756490137514,-0.469212420521544
2,-0.19896832053217395,-0.3652409261138372
2,0.03959044503700948,-0.09247886598797
2,-0.03959044503700948,-0.24934384710670163
2,0.0,-0.8241797080348024
2,0.0,-0.0828662857568942
2,0.03959044503700948,-0.18333776078990538
2,0.30102999566398125,-0.4057045196210122
2,-0.08804493295993954,-0.2974730703641958
2,0.0,-0.3963051349672776
2,0.0,-0.48005347585457564
2,0.0,-0.03615247768971136
2,0.0,-0.29890072345701735
2,0.0,-0.1258539661607775
2,0.0,-0.3568637341949661
2,-0.3979400086720375,-0.17733120055804696
2,0.0,-0.26362442410243714
2,-1.4771212547196626,-1.2203804733823593
2,-1.346787486224656,-1.1959250400347377
2,-1.0791812460476242,-1.201024294815586
2,-1.653212513775344,-1.2362187619039073
2,-0.970795845024286,-1.1211517376784983
2,-1.3657553253006363,-1.5089217820904781
2,-1.8698833244772235,-1.7165667279730008
2,-1.5622928644564746,-1.2510372335346218
2,-1.4738799660368604,-1.0869261187780526
2,-1.6989700043360187,-1.2443545723484388
2,-1.2218487496163561,-1.0963477191653113
2,-1.5642714304385628,-1.7351335451236782
2,-1.740362689494244,-1.5098619675527678
2,-1.6989700043360187,-1.712337921055172
2,-1.2552725051033065,-1.6049709339311395
2,-1.4771212547196626,-1.592056305170404
2,-1.5096504795465826,-1.411484335347516
2,-1.672097857935717,-1.4852248157449774
2,-1.349585478950286,-1.4804813362899212
2,-0.7708520116421447,-1.3520097811205638
2,-1.4259687322722812,-1.0951068854775452
2,-1.8061799739838875,-1.5842405948080378
2,-1.5622928644564746,-1.3226449286167083
2,-1.500602350569185,-1.394214117029031
2,-1.6368220975871743,-0.9866204915324177
2,-1.4771212547196626,-0.9892798137503436
2,-1.4771212547196626,-1.0449791205446712
2,-1.3869446243705745,-0.886620787532453
2,-1.3010299956639813,-0.9958113543493616
2,-1.0,-1.274786676512278
2,-1.5228787452803374,-0.8511279894648207
2,-1.7323937598229682,-1.2065526408087617
2,-1.3010299956639813,-1.18573757196519
2,-1.1760912590556813,-0.7249048669493097
2,-0.9030899869919438,-1.5720828007136372
2,-0.8900183566879223,-0.992756875541039
2,-1.3010299956639813,-1.0355938176496282
2,-1.4944924455175173,-0.9562420055055478
2,-1.3841949163398928,-0.8965683515637857
2,-1.5888317255942077,-1.2783860508984994
2,-0.7509990043400281,-1.0831801299339798
2,-1.6989700043360187,-1.645967072693705
2,-1.5993371329924893,-1.5782056056716154
2,-1.3424226808222057,-1.387383970270578
2,-1.4522976709946303,-1.419478209958626
2,-1.3010299956639813,-1.3380895836264703
2,-1.2787536009528289,-1.3438799551692207
2,-1.4673614174305056,-0.7466506206945616
2,-1.4259687322722812,-0.841234412141942
2,-0.989004615698537,-0.8151066762197989
2,-1.1638846858194372,-1.3040196620177653
2,-0.9330532103693869,-0.6952140451605069
2,-0.5965237907934897,-1.059282026919929
2,-0.8635031026969804,-0.9407114725646346
2,-1.4259687322722812,-0.7955150581332351
2,-1.6989700043360187,-1.3528962521776777
2,-1.9542425094393252,-1.4074871814430807
2,-1.6020599913279625,-1.8478458669674405
2,-1.8538719643217618,-1.705449038361846
2,-1.1903316981702918,-1.0406155803467707
2,-1.8325089127062366,-1.3694187664537831
2,-1.672097857935717,-1.2033333905663657
2,-1.539912084579118,-1.0307636074799877
2,-1.5515855244155112,-0.9148860973678473
2,0.05338452113950165,0.18994992177280706
2,-0.008889378689054261,-0.4749177360299465
2,-0.014459282395584694,-0.4495550771464678
2,0.4480806748140447,0.4663027061571235
2,0.20727086333488298,-0.361808090555065
2,0.1685781829349775,0.3053649012606597
2,-0.09691001300805624,-0.17167350817932003
2,0.07918124604762511,-0.306856129622222
2,-0.24144430567973707,-0.3314882639955461
2,0.739457594727118,0.48720054778636684
2,0.311867744492071,0.2114687217715993
2,0.18953254350015936,0.07003227596917122
2,0.9140327646090833,0.01595372048518201
2,0.42376472293646295,0.6241803620739386
2,-0.04915992695985505,0.3982459443362724
2,0.37398787754650886,0.13922394257137666
2,0.05115252244738144,-0.1621713969023288
2,0.09309638912348284,0.02729406395968803
2,0.504964353119516,0.45040681205246186
2,0.473228566892149,0.4359062660200687
2,0.9024826292148989,0.1980678453997014
2,0.5511585763075146,0.6032329952475453
2,0.09347640971467452,-0.29780676629715597
2,0.0,0.6159524488388677
2,0.23888208891513685,-0.14167938200487662
2,0.21075196571557608,0.22765178098796718
2,0.14304465902613295,0.24820827311555665
2,0.6447927479487232,-0.04180595629964462
2,0.007004901568658184,0.05200298402370801
2,-0.8129133566428557,-0.8857169787571075
2,-1.9632530916138462,-1.4098304835450703
2,-1.5740312677277188,-1.3154685808563726
2,-1.0,-0.46122212836874993
2,-0.6989700043360187,-0.5673043420195956
2,-0.8129133566428557,-0.8149086139025412
2,-0.834171816391641,-1.3083931308135806
2,-0.3729120029701072,-0.5536106918833184
2,-1.1832698436828046,-0.5313753022890519
2,-1.1362197470179893,-0.5239996735276345
2,-0.8973376581028525,-0.7458164753591977
2,-1.3631779024128257,-1.0912098076135501
2,0.21085336531489318,-0.22999167333323425
2,0.30102999566398125,-0.09060521648014264
2,-0.07463361829690385,-0.008334281238062957
2,0.33459734331024915,-0.2967016766758437
2,0.14266750356873104,-0.3230270580079815
2,0.24864192620429204,-0.07335531566698505
2,0.24303804868629442,-0.28976965277407585
2,0.13587872267231305,-0.4700601987829333
2,-0.8985423592412225,-0.5906987036097222
2,-0.3148656857969785,-0.30383163064764485
2,-0.7080611817826883,-0.6941633369216376
2,-0.33538263205625984,-0.5927931278595653
2,-0.1389494510511149,-0.4727860514499637
2,-0.4313637641589869,-0.3169403007940499
2,-0.1353106860769584,-0.24176974020627215
2,-0.4988405044128985,-0.4741345013556864
2,-0.5581545056288801,-0.4484429934603982
2,-0.5228787452803374,-0.9269274047398073
2,-0.8628809888076958,-0.8258142629712992
2,-0.487381217643696,-0.5999437030828851
2,-0.9509145660903977,-0.9171947353093173
2,-1.1062836390828732,-0.8317434735466147
2,2.2730012720637376,1.310816248293466
2,-0.6989700043360187,-0.6830997157286045
2,-1.8299466959416364,-1.481008504299896
2,-1.6312182200691758,-1.0852839142560207
2,-0.4771212547196626,-0.6353409374493175
2,-0.720159303405957,-1.0930638612136636
2,-1.0,-0.583268452366053
2,-2.5477747053878224,-1.5465395421972732
2,-1.5096504795465817,-1.828015497488877
2,-1.633468455579587,-1.2963884235399545
2,-1.6967930850817439,-1.7822303404119904
2,-1.4819201376014313,-1.7062947807096691
2,-1.9637878273455556,-1.7737384884313572
2,-0.3064250275506879,-1.9106372919091599
2,-0.8129133566428557,-1.0004386526071063
2,-0.9294189257142929,-0.8912073682874315
2,-1.1461280356782382,-0.7866469254306532
2,-1.0211892990699383,-0.9004939120973161
2,-0.8450980400142569,-0.5009457177438821
2,0.045757490560674796,-0.5403853198925441
2,-1.113943352306837,-0.5451421489025168
2,-1.1461280356782382,-1.1771418206613251
2,-1.2552725051033065,-1.124894052666995
2,-0.8239087409443187,-1.038719280152567
2,-0.6989700043360187,-1.1863903939976723
2,-1.271066772286538,-0.8140242229769145
2,-1.016711483485187,-1.5860448443225106
2,-0.07918124604762511,-0.7327880592598939
2,-1.518513939877888,-1.2034225149228797
2,-1.571798386295427,-1.1773420018128833
2,-2.027122999639219,-1.491671703923661
2,-1.955206537541942,-1.4532050163006316
2,-1.9934362304976112,-1.5768818086660743
2,-1.0,-0.13771545173857813
2,-1.0,-0.3519165298841575
2,-1.0662755460937365,-0.6282610465286768
2,-1.0969100130080562,-1.277338590729858
2,-0.30102999566398125,-0.9285665923598823
2,-1.8559109092964743,-1.2264567519274365
2,-1.0,-0.49109654636951783
2,-0.7886034270071542,-0.8637068036164721
2,-0.9678153166285988,-1.031827357437144
2,-0.4637572931616809,-0.6037627459800593
2,-1.1505139038522927,-0.631481598599787
2,-1.0,-0.8126867763865884
2,-1.0,-0.4983928357994315
2,-0.4181433947603246,-0.46917070869426997
2,-0.3489535479811643,-0.640411242758607
2,-0.48148606012211204,-0.5602335825537965
2,-1.2041195220169634,-0.9156896244518095
2,-1.8808135922807914,-1.0524377471009432
2,-1.0700378666077546,-0.9084780073091059
2,-1.3010299956639813,-1.0444838951882383
2,-1.113943352306837,-1.075981995194558
2,-0.5331418207276597,-0.6831360964996332
2,-0.7781512503836439,-0.6673710437615501
2,-0.9030899869919438,-0.832449302079624
2,-0.7900504736833511,-1.076670324729689
2,-0.7496627125722055,-0.83849457986837
2,-0.8908555305749317,-0.7068727903001188
2,-1.0433460369455343,-0.7233743888452631
2,-1.345700390583442,-1.0249856318303747
2,-0.7649984701971482,-0.8435758411815164
2,-1.4161237976022498,-1.5753013506424167
2,-0.39750477113913085,-0.7896839183955349
2,-1.24177739618455,-0.800744654238057
2,-1.3263358609287517,-1.394641436350727
2,-1.0731070983354316,-0.8855695018024493
2,-1.4281347940287885,-1.5297513451620677
2,-1.1159511898262942,-0.9141740361494131
2,-1.2174839442139058,-1.460218396388386
2,-1.0421661394711244,-0.7070068008115805
2,-1.4149733479708182,-1.2723784083028677
2,-1.3350882209232404,-1.0070939585365146
2,-0.5056147129623305,-0.8138254503996472
2,-1.3909351071033793,-1.4390933462299693
2,-1.079181246047625,-1.1459355207551634
2,-0.7893594719752786,-0.8370544247903269
2,-1.0633869788643926,-0.8405794702466125
2,-0.8964186656113675,-1.084026201139209
2,-1.199601769708555,-1.122000191443038
2,-1.4771212547196626,-1.0800510020386689
2,-1.4216039268698313,-1.1446160326539008
2,-1.500602350569185,-1.076414165805108
2,-0.6863808770279984,-1.1281562672284133
2,-0.9700367766225568,-1.1795737867645189
2,-1.346787486224656,-0.9653681557845379
2,-1.0453229787866576,-0.8881737441554499
2,-0.8538719643217618,-0.4919544885458619
2,-0.6020599913279625,-0.6636644395816433
2,-1.1760912590556813,-0.9527720496850787
2,-0.3979400086720375,-0.4241397256824679
2,-0.7132104434506292,-0.7225717780913814
2,-1.1047353505200128,-0.6456869047072498
2,-1.164810248645992,-0.7730466831663976
2,-0.6020599913279625,-0.5932817905746541
2,-0.8386319977650247,-0.7029239826541459
2,-0.7070878945581978,-0.562089958156467
2,-0.7206892540292547,-0.8191434961611845
2,-0.30102999566398125,-0.5949479283139895
2,-0.4452738874676685,-0.6950790807446972
2,-0.44313675740929437,-0.4852262684914194
2,-0.4581545730397769,-0.49752244366887366
2,-0.6812412373755876,-0.24319070656989267
2,-0.6924391371770602,-0.49504278751405495
2,-1.269512944217916,-0.7973161382240382
2,-0.06454790588958392,-0.23977493599130917
2,-0.5740312677277188,-0.4053832748280277
2,-0.7634279935629378,-0.8100311101172017
2,-1.1383026981662816,-0.9468606594842796
2,-0.8450980400142569,-1.0583337528433558
2,-1.3546346542409058,-1.1105352593551963
2,-0.9065783148377653,-1.2142936891507636
2,-0.8846065812979305,-0.9241801915263042
2,-1.0655015487564325,-0.8385725245623482
2,-1.079181246047625,-1.159519429172094
2,-1.0,-0.9753142976954265
2,-0.6320232147054057,-0.8007236472210388
2,-1.3565473235138121,-1.2716215097074444
2,-2.6020599913279625,-1.9889828575278765
2,-2.431363764158987,-1.709811264980744
2,-2.2671717284030137,-1.8636707811320252
2,-1.6320232147054057,-1.6145610390168534
2,-1.3716110699496884,-1.486732050119936
2,-1.5994358475018133,-1.5685702387153202
2,-1.5468790216841048,-1.3542997303894937
2,-0.8381491800589291,-0.8911372406136362
2,-1.3541084391474012,-1.3254063327121655
2,-1.6812412373755876,-1.2528836543287882
2,-2.204119982655925,-1.1580744006289612
2,-0.32605800136591245,-1.055541294439374
2,-0.7825160557860933,-1.5626339734046923
2,-0.8450980400142569,-0.815884118205963
2,-1.0,-0.9626532054687463
2,-0.8189453214127687,-0.8126945828365266
2,-0.31527043477859173,-0.6359978541538381
2,-0.6709412807357751,-0.691376593655943
2,-0.9866360384420183,-0.6098414458174755
2,-0.9110589166632197,-0.7078136748329943
2,-0.5477023290053697,-0.6464574598001941
2,-0.5772364076029302,-0.5624066997127833
2,-0.4637572931616809,-0.7285889522555722
2,-0.5440697772466896,-0.7371918384841168
2,-0.9030899869919438,-0.6543326725501242
2,-0.8473898367938411,-0.6326971610732286
2,-0.9744458955276123,-0.724874788960022
2,-2.236572006437063,-0.6925781638878401
2,-0.981114655839626,-0.6850470491080212
2,-0.9565343062189093,-0.5649769311084658
2,-0.8402991571324883,-0.6242355087695489
2,-0.5402528413497603,-0.5930169247508784
2,0.1249387366082999,-0.07126131381223244
2,0.5440680443502757,0.4064135789427041
2,0.34678748622465605,0.1691661555104605
2,0.6255410871774849,0.15739154624540902
2,-0.7388415163737116,-0.4820671442257237
2,-0.8715984310129157,-0.39549658077162014
2,-0.5676910896966998,-0.6433401867568511
2,0.0,-0.6123930083357766
2,-0.20383146568774357,-0.32542706953711087
2,-0.1249387366082999,-0.33921895550174785
2,-0.6417073513700187,-0.2778132253176028
2,0.0,0.007304704754841684
2,0.0,0.035636302410983534
2,0.0,0.009636788044865452
2,0.045757490560674796,0.10288685123883984
2,0.0,0.07959900215829047
2,1.0413926851582254,1.2057166559531853
2,-0.7509990043400281,-0.8907060178800618
2,0.7781512503836439,-0.4299007260149455
2,-0.9692196654089775,-0.41878141502592164
2,0.0,-0.25663590322829555
2,1.142667503568731,0.6248955491427113
2,1.5191825997203736,0.5107463467930342
2,0.6340291974030041,0.030693402360892796
2,-0.3979400086720375,0.4073403323639902
2,0.08804772997273602,0.6025237811518964
2,0.9286677731244328,0.16618693331467865
2,0.9637878273455556,-0.04662234928204961
2,1.3583474489749054,0.4577663494228546
2,-0.5880452543028749,-0.3943948526729804
2,0.0,-0.4157016688857969
2,-0.9119546794676916,-0.2822913942229364
2,-0.8890752499668562,-0.3652071755815396
2,-0.22184874961635614,-0.5950175897832303
2,-0.8239087409443187,-0.550438103848186
2,-0.5565946956038967,-0.3608878745039213
2,-0.30468545801217406,-0.4031670743490189
2,-1.1069756794991905,-0.3156011166888191
2,-0.08414466557917422,-0.37343226151029596
2,-0.8980104614626683,-0.9173602741924977
2,0.0,-0.26183465526018923
2,0.0,-0.3991186807423478
2,0.0,-0.4613098016620618
2,0.0,-0.3742087836721011
2,0.0,-0.10579268215835219
2,0.7403626894942441,-0.3670920987469771
2,-0.7670858242334839,-0.6073412771986453
2,-0.7191733904243058,-0.6558808933008551
2,-0.8379194553871336,-0.48317656796347397
2,-0.15970084286751174,-0.6387134882357355
2,-0.6932176754469275,-0.5486256649008748
2,-0.6594614630523452,-0.61134703128397
2,-0.6600519383056493,-0.44463151293406966
2,-0.7346855566025532,-0.549445515315078
2,-0.5228787452803374,-0.5841021294251929
2,-0.8834944309285628,-0.7157707822596927
2,-1.2126080928814442,-0.9750558913291847
2,-0.9444826721501691,-0.8746706231863023
2,-0.9736710612776509,-0.9479541423347231
2,-0.9269790626571934,-0.7239178493477108
2,-0.1439065756842801,-0.47511883976209607
2,0.0,-0.4302639322914357
2,0.0,-0.33809038146002357
2,-1.5081554884596313,-1.0117968952990386
2,-0.653212513775344,-0.6887550796024702
2,-0.8750612633917001,-0.7842516919924329
2,-1.2405492482825995,-0.7107812515751956
2,-1.1026623418971475,-0.6919611680218672
2,-0.6225816584725639,-0.6962922179473136
2,-0.4237472722783231,-0.5791193978676105
2,-0.8291099346301269,-1.2429779387750852
2,-0.773216032708131,-0.969957115578221
2,-0.8816918422907127,-0.6950280632438892
2,-0.7367585652254185,-0.7472395898066617
2,-1.1201398537265312,-0.9698675784607242
2,-1.2582780152430315,-0.7940259440990551
2,-0.5650764250747926,-0.5768413083026596
3,-0.8750612633917001,-0.8336557516189336
3,-0.714033750771895,-0.594549279911518
3,-1.1861083798132057,-1.284928399603083
3,-1.4427036899159686,-1.0040282087832257
3,-1.126177808723848,-0.44731151815937953
3,-1.5543957967264026,-0.4550864483597385
3,-1.0441226751758466,-0.44768455396468954
3,0.0,-0.12567412242190729
3,-0.1797179563893998,-0.27224030649993347
3,0.0,-0.04305205175060839
3,0.0,-0.2864753320450635
3,-2.002705893375925,-0.811031126596871
3,-1.0,-0.4534286850283273
3,-1.2382391658045258,-0.9632617502850489
3,-1.6798987495000786,-1.4095871377269606
3,0.0,-0.3776807668841767
3,-0.5642714304385628,-0.7698168315923315
3,0.0,-0.24305442992111098
3,-0.4740301777425202,-0.4869719693720725
3,-1.653212513775344,-1.287656948407672
3,-0.4175355647354184,-0.6437063540413633
3,-0.3347131088665538,-0.6437063540413633
3,-0.5051499783199054,-0.3012749612397083
3,-2.6368220975871743,-1.952681097632326
3,0.38021124171160636,-0.0897398584780722
3,-0.39752826612063075,-0.4090583577065539
3,-1.1055101847699742,-0.6844421208122747
3,-0.8136895757626332,-0.7375427917986371
3,-0.6766936096248664,-0.6887816700625004
3,-0.14709636268341697,-0.199036231666041
3,-0.5740312677277188,-0.5773095157290576
3,-0.4375301220789325,-0.39315059867423957
3,-0.41912930774197577,-0.4366415337853289
3,-0.6284563261405438,-0.798113671327654
3,-0.659999612833376,-0.411563049868167
3,-1.079181246047625,-1.5096661715519792
3,-0.5740312677277188,-1.3146979636835234
3,-0.9420080530223132,-1.2286234681147745
3,-1.0,-1.115801190454331
3,-1.1303337684950057,-1.2742661795137313
3,-0.9030899869919438,-1.1384388261857046
3,-1.3679767852945943,-1.0938797016915038
3,-1.204119982655925,-1.142802579183384
3,-1.4191293077419758,-1.3260231141357943
3,-1.3449848975868068,-0.5397719908551761
3,-0.10886390425013914,-0.4945380242616435
3,0.03591255589064524,-0.19437760032268625
3,0.04139268515822536,-0.21432519865587824
3,0.045078374735187055,-0.2246713189656265
3,-0.045757490560674796,-0.24474272324423166
3,-0.706148588963142,-0.4393571821193379
3,-0.12057393120585047,-0.39603556745929613
3,-0.7501225267834002,-1.1125462694065589
3,-0.3829585148536534,-0.43152364697262496
3,0.14976232033333226,-0.25213266089212694
3,-0.30102999566398125,-0.14582938586800975
3,-0.17926826284964825,-0.3195690899178901
3,-0.44090908206521817,-0.381797228681256
3,-0.09564936050631179,-0.4250845784198365
3,0.1014576407587775,-0.47745995701026883
3,-0.41912930774197577,-0.26019177721318576
3,-0.44863271690822515,-0.7544103798031724
3,-1.1749315935284423,-1.3416517826717589
3,-2.423245873936808,-1.4697500022075407
3,-2.0881360887005513,-1.6353735064625545
3,-1.2769917547965424,-1.3045934201705134
3,-0.8450980400142569,-1.4338388389692398
3,-0.3590219426416681,-0.3510999530045811
3,-0.27036117589752884,-0.43511955662258556
3,-0.18580723466839366,-0.3539515649796946
3,-0.3521825181113618,-0.43197604024340425
3,-0.7338535745820112,-0.7333083935760893
3,-0.3979400086720375,-0.17886128868298706
3,0.0,-0.10816963015339709
3,-0.09472741951745256,-0.15812644475768545
3,-0.787911087672799,-0.7878941483522615
3,-0.4375301220789325,-0.4231318534967081
3,-0.8056199552320082,-0.5770316687043486
3,-0.5772364076029302,-0.48321956357305934
3,-0.6809789030384632,-0.3003945694648352
3,-0.544527372242805,-0.7582860511434104
3,-0.2667973899192777,-0.7145508204724642
3,-1.0780886807370527,-0.7602722824028618
3,0.0,-0.12036624656841138
3,-0.30102999566398125,-0.6598170966113154
3,-0.5708022975975204,-0.7879635612910832
3,-0.5118833609788744,-0.943525000617196
3,-0.7447274948966935,-0.5258936366459076
3,0.07918124604762511,-0.5548844774318576
3,-0.3979400086720375,-0.32373129511919807
3,-1.740362689494244,-1.4426484038758658
3,-0.7726537229182906,-0.5888633176464606
3,-0.6020599913279625,-1.046277927070889
3,-0.3670895643897012,-0.6710251029863868
3,0.2976264769925141,-0.7643168380195298
3,0.18295111693192823,-0.7103859583156916
3,0.2731973322082579,-0.05173591834769997
3,-1.1047353505200128,-0.3430401145142348
3,-0.38021124171160636,-0.3331876652262582
3,0.0,-0.28311320206576734
3,-0.4249783800632443,-0.46418325777318337
3,-0.21197723476163066,-0.3973519126094204
3,-0.4592806758172898,-0.6655497511360985
3,-0.3912591372529759,-0.674564932716056
3,-1.7883704155653293,-1.4020354505362616
3,-0.8239087409443187,-0.6362494834285478
3,-0.8890752499668562,-0.5618311042251706
3,-0.8890752499668562,-0.5441345762966238
3,-2.153814864344529,-1.8955180290537321
3,-2.079181246047625,-1.7787377293574063
3,-1.9030899869919438,-1.2444026429591803
3,-2.2632414347745815,-1.8187610814977913
3,-2.079181246047625,-1.305735286490642
3,-1.6989700043360187,-1.707678060225141
3,-0.4604084692762678,-0.38806029289400124
3,-1.3222192947339195,-1.447974726126009
3,-1.4771212547196626,-1.5583330737061172
3,0.0,-0.4328498171431439
3,-1.1687920203141813,-1.372082941609944
3,-0.37974700384601867,-0.9223428014738736
3,0.0,-0.34752463725673877
3,-1.2108533653148932,-0.9869183371177461
3,-1.3679767852945943,-0.9848196685425941
3,-1.4685210829577446,-1.0357613141310789
3,-1.079181246047625,-0.8739334497958278
3,-1.4771212547196626,-1.539582647413383
3,-0.19896832053217395,-0.49078838842359834
3,-0.45593195564972433,-0.4395630194673464
3,-0.17350176664279715,-0.4687265593308108
3,-0.404570587571051,-0.47083787177600495
3,-2.0969100130080562,-1.633886810889569
3,-0.770033360161464,-0.5115143446433477
3,0.5521687110873836,0.45023568269591724
3,0.0,0.0030080978808416647
3,-0.460730838531493,-0.3932070733594503
3,0.6140531059872192,0.20016270840602107
3,-0.30102999566398125,-0.31482974585793794
3,-0.4375301220789325,-0.4031569320563464
3,-0.4375301220789325,-0.46757812874863647
3,-0.4577730894245233,-0.5601505534950623
3,0.6726856520807178,0.49223341625708134
3,-1.065734522320379,-0.7442524316027741
3,-0.7137489363676082,-0.7216590723579311
3,0.006939606751780403,-0.3070806931054357
3,-0.23856152772098405,-0.22570379006180724
3,-0.8028661382047408,-0.8574089024171334
3,-0.4375301220789325,-0.42385837801405374
3,0.0,-0.44185113570864665
3,-0.41300375510791376,-0.4309191077289568
3,-0.9384482422560927,-1.1784753056768618
3,0.7403626894942441,0.006300289863790276
3,0.7403626894942441,-0.0523163180781786
3,-1.1505139038522927,-1.2323947425961763
3,0.30102999566398125,0.30733938847446524
3,-0.7075701760979367,-0.41061618585326887
3,-0.5325420619597168,-0.6657425702065656
3,-3.139879086401236,-1.6748439516408191
3,-1.4771212547196626,-0.8152916922070682
3,-1.2908903643131016,-1.0343474268297859
3,-1.8211858826088445,-1.4743140331348186
3,-1.0413926851582254,-0.5117208238393801
3,-0.9030899869919438,-0.7342519517880669
3,-3.137775961313472,-2.2070245854134747
3,-3.0663924890041176,-2.4320953413805015
3,-2.7913795161173987,-1.1108981940003648
3,-2.8456774857064904,-1.1763258813867656
3,-1.7323937598229682,-1.3990153803137726
3,-2.321785217254601,-1.5208100058241498
3,-2.0688812894078126,-1.8966565068573782
3,-1.9355420107730819,-0.9123398589969001
3,-1.9121696448438614,-1.11214129337863
3,-2.214670164989233,-1.2519502576048214
3,-1.1072099696478688,-0.4374329179758324
3,-2.9084850188786495,-2.6231475038403724
3,-2.3096301674258983,-1.5615301415789327
3,-3.206315241661555,-1.7722380178305948
3,-2.1818435879447726,-1.4548836663371898
3,-3.318442797181662,-2.6046113947959824
3,-2.8409420802430994,-1.4468673651909398
3,-2.446673056996006,-1.3991287419122993
3,0.0,-0.17219532958896716
3,-0.6146922012690137,-0.5125901587046823
3,-0.7008541482105697,-0.598432291790407
3,-0.5760234477435038,-0.5273153812477707
3,-0.6066557430171109,-0.5112696387427165
3,-0.6465051297683573,-0.5270163642751532
3,-0.5970965717964116,-0.6350349067109771
3,-0.3708529182030551,-0.35863096879434897
3,-1.0737862141609194,-0.5449727148568084
3,-0.8357691602338235,-0.5583833773415005
3,-0.31994698356234874,-0.5364191134083596
3,-0.71213145039399,-0.4310715464645447
3,0.0,0.11941728855829864
3,-0.20647388804940192,-0.2315167290314087
3,0.023481095849522404,-0.4261502620605836
3,-0.4771212547196626,-0.3799399512883634
3,-0.236480969533841,-0.4338682128716066
3,0.0,-0.4082961143909573
3,-1.2331297600260456,-0.8570228771393431
3,-0.4771212547196626,-0.19433844581428683
3,-0.4375301220789325,-0.4254958779123198
3,-0.4375301220789325,-0.2229815616646617
3,-0.7870157984620274,-0.4323611471322147
3,-0.29081083048229495,-0.6349306134416521
3,-1.0819563001023962,-0.8734643696132446
3,-0.808114473761087,-0.5232946163572416
3,-0.06694678963061307,-0.5782195808743197
3,-0.18364439694612678,-0.5034729034427433
3,-0.383699569557427,-0.6004621972768522
3,-0.4313637641589878,-0.37284689834603074
3,-0.5700192809338134,-0.5444530465257256
3,-0.4771212547196626,-0.5286990404764762
3,-0.2536053457358438,-0.6461960438493907
3,-0.349334675238536,-0.4458959326321992
3,-0.16840443038939057,-0.5049249943117267
3,-0.4771212547196626,-0.43476359524883057
3,-0.6488033948702885,-0.49022180853796365
3,-1.1249387366083,-1.0719049352830923
3,-1.020203386088287,-1.1035751889942687
3,-1.287241711178348,-1.1402835834106748
3,-1.154901959985743,-1.1975688838017657
3,-1.204119982655925,-1.0872107457237326
3,-0.5963076624388712,-1.069002611151147
3,-0.9604914587163265,-0.7760227769659487
3,-1.2582780152430315,-1.1601863659200446
3,0.03959044503700948,-0.3637453351371584
3,0.4771212547196626,0.32248199805626804
3,-0.11092642354980953,0.22170264727640193
3,0.0,-0.1502467677458727
3,-0.4375301220789325,-0.10975612568861376
3,-0.9208187539523749,-0.7660476678232084
3,-1.2024201977780304,-0.5320427549298706
3,-0.3832167518513314,-0.781697409201489
3,-0.7870157984620274,-0.4898757172609031
3,-1.0222763947111524,-0.9137101035382655
3,-0.21329094598109144,-0.6793379588347013
3,-0.7955365657786055,-0.6336811443822018
3,-0.6931404606752949,-0.48671507789162227
3,-0.598653742636051,-0.5744088542080872
3,0.0,-0.5493798697482168
3,-0.7672348358945449,-0.7108706643819449
3,-0.6000814253458744,-0.7082465566277318
3,-0.5081554884596313,-0.9732099755891386
3,-0.7335624974386512,-0.9428153203819463
3,-0.4999841376791663,-0.6815371731159152
3,-0.9336648928393814,-0.5952319893938429
3,-0.7713751873175951,-0.442275742157211
3,-0.1575129567193363,-0.4294338502652031
3,-1.5039144313075985,-1.5366298687782125
3,-1.3748924486527798,-1.5743958327716598
3,-1.5378190950732744,-1.0167972405424002
3,-1.2218487496163561,-1.4645240438331029
3,-1.4093694704528188,-1.307351081728647
3,-1.7396442534629069,-1.2494091384554475
3,-1.5078558716958312,-1.44682051252625
3,-1.5372465248098468,-1.364661632808486
3,-1.7215358322347596,-1.6494507828917622
3,-1.4661258704181996,-1.6494507828917622
3,-1.3175990970971743,-0.9922123447020204
3,-1.976961016011427,-1.1504713356710212
3,-1.431960183373647,-1.218281360680147
3,-1.3284682440109208,-0.6135430748702656
3,-1.100900495740861,-1.19684987809964
3,-1.1760912590556813,-1.2129499095243041
3,-1.0832401025244938,-1.1296382899161972
3,-1.1968207439144258,-0.9773536947216381
3,-1.3877643796020518,-0.7639234691007971
3,-1.8377988012727569,-1.3640678099578905
3,-1.8195439355418683,-0.9181487068982281
3,-2.367355921026019,-1.1014493996934378
3,-1.5292189233113564,-0.6982862008758902
3,-1.3338225090602887,-1.0484525698962046
3,-0.8432872195371282,-1.5557008496514373
3,-1.0566117062143716,-1.2715905730833041
3,-0.11362062053529165,-0.3118887215579791
3,-1.423245873936808,-1.3037389438653868
3,-1.4496001810683996,-1.501530915535646
3,0.0,-0.5932623143975786
3,-1.3957166532261231,-1.5648672778932493
3,-1.290564561985816,-1.0482063191892983
3,1.6812412373755876,0.9240012055998004
3,1.4440447959180762,1.1330019967405418
3,-1.332438459915605,-0.6663049955458725
3,-1.1119737594439316,-0.9558362138986363
3,-0.5330562595094737,-0.6267069456888423
3,1.0584260244570052,-0.16602430757570896
3,-0.3669365584933164,-0.5039966534346835
3,-0.4562839436321724,-0.5451986554109901
3,-0.7227616749930084,-0.7068237759527816
3,-0.8145012724224872,-0.6051329125204105
3,-0.6722413466622505,-0.3248273481567733
3,-0.3497414449984353,-0.33775433289051937
3,-0.2646054261027677,-0.46228852814367516
3,-0.2720662997286647,-0.08883124118414826
3,-0.3316699538599357,-0.3782122031658415
3,-0.6989700043360187,-0.3592847241401512
3,-0.7110497699297014,-0.45909239780575006
3,-0.9140853712934067,-0.46867585058819217
3,-0.3372421683184257,-0.4057242567701433
3,-0.25476426106413896,-0.2743087211325995
3,-0.18364439694612766,-0.4295520875239483
3,0.2924298239020633,-0.406100564374698
3,-0.7811567605233689,-0.8510628681615489
3,-0.7870157984620274,-0.37153269210389994
3,-0.9759196228469422,-0.4408275100092095
3,-0.5106187037514216,-0.66414161098273
3,-1.259637310505756,-0.35576018838392853
3,0.0,-0.12766368573471137
3,-1.7050441520482122,-0.7431658370618226
3,0.0,-0.5330089682455751
3,0.0,-0.4572370253125915
3,-0.5789946872592688,-0.539781048776619
3,-0.9294189257142929,-0.8893169749957848
3,-0.653212513775344,-0.5861904685232892
3,0.0,-0.41672327481180044
3,-0.4375301220789325,-0.3344109413146251
3,-0.6368220975871743,-0.6731786675691096
3,0.0,-0.21258633748401162
3,-0.8702087605972881,-0.8168696368026467
3,-0.45229767099463025,-0.6057591425873872
3,-0.3521825181113627,-0.47781389504228083
3,-1.230448921378274,-1.2189137129465413
3,-1.2523433215461246,-1.5054394888238782
3,-0.7220353084047115,-0.8478366480463694
3,-0.7870157984620274,-0.46329133346226536
3,-0.8101204564586855,-0.7521700693346377
3,-2.1487416512809245,-1.898977156219909
3,-2.6812412373755867,-1.5401029118149423
3,-2.214679773167946,-1.1193777146555477
3,-1.4832443397784516,-1.2369059998850755
3,-1.2123034317101258,-1.425721351022023
3,-2.3872161432802645,-1.2980578280961812
3,-1.794074216480813,-0.8667473790334035
3,-0.9612474110079834,-1.0003630538825095
3,-2.3832167518513314,-2.394411932583427
3,-1.9897463656344465,-1.6136351886279043
3,-2.6020599913279625,-1.3561733176997417
3,-2.9311187105921865,-1.4317459465254325
3,-2.609238575955086,-2.229591237668292
3,-2.3735249804634035,-1.45081966367417
3,-2.8084360542881113,-1.225968165078007
3,-3.086449942612389,-1.3082391721232662
3,-0.4957264992367225,-1.0138474377957556
3,-0.4803263945948739,-0.3043923916907646
3,-0.8890758416581361,-0.4245222762054088
3,-0.30102999566398125,-0.4122525899016376
3,-0.5606673061697371,-0.3641850572918631
3,0.8227542135070056,-0.157314876872167
3,-1.5241178173958856,-1.0050007056911034
3,0.0,-0.15183369474513586
3,-0.23855876556918343,-0.42719592288769087
3,1.0607238842192848,0.12983445105499597
3,0.0,-0.0340104099043671
3,-0.30102999566398125,-0.12677837891550597
3,-1.0636252095241812,-0.8299594015463128
3,-1.3541084391474012,-1.4574665266973237
3,0.0,-0.2333122957067121
3,0.0,-0.4256602485456196
3,0.03959044503700948,0.0441886765446991
3,-1.2223056612649223,-1.1621974064811755
3,-1.157607853361668,-0.9179446189460234
3,-1.3521825181113627,-0.5985403715396296
3,-1.2730012720637376,-1.138980176863177
3,1.5442417968958626,-0.3503819024768217
3,0.8239087409443187,0.2327344507581
3,0.5440680443502757,0.5260924916548058
3,-0.23855876556918343,-0.1322167676656512
3,-0.4375301220789325,-0.25870230880876766
3,-1.204119982655925,-1.5300574715521396
3,-0.23856180154675855,-0.10444763567368526
3,0.0,-0.28838257841251996
3,-0.4375301220789325,-0.42662855645426706
3,-1.2350691190150194,-0.7825401893381254
3,-1.2654916702849928,-1.2638588437179432
3,-1.0053950318867066,-1.2507414813896376
3,-0.09691001300805624,-0.18116022340328364
3,-1.6020599913279625,-1.5723141806770444
3,0.0,-0.18660142373410565
3,-0.4375301220789325,-0.3540286625990932
3,-1.6127838567197355,-1.338981515643266
3,-0.4375301220789325,-0.08715337408030455
3,-1.076276255404217,-1.32235202495643
3,-1.2427025566017047,-0.7447615568307231
3,-1.3736333793374502,-0.9925972448171214
3,0.07393356204262513,0.6359839683325517
3,0.20056502843888158,0.39489773278992485
3,0.0,0.0936982466682818
3,0.0,0.17091361666389676
3,-0.4375301220789325,-0.06302792027165677
3,-0.4375301220789325,-0.33982833330437145
3,0.07058107428570715,-0.3210642287640846
3,-0.6184504075161321,-0.5540445081287408
3,0.37457379034782434,0.4570738560395082
3,0.47594087683390995,0.19802851315218922
3,0.3412297974458589,0.2761015882246655
3,0.899437812098463,0.7196692043609845
3,0.04706233224901979,0.6551260418915075
3,0.0,0.25803488208078224
3,0.2651132542663621,0.17007216734342073
3,1.1391791757229104,0.6390911116705977
3,0.023595268108840273,-0.0390907245259941
3,0.20985563495709947,-0.04978201878988808
3,-0.15490195998574308,-0.08570752398185177
3,0.3209248243809206,-0.550545050130831
3,-0.4349235749252074,-0.7583155390018135
3,-0.8750612633917001,-0.8689824090882363
3,0.431798275933005,-0.15507066189027097
3,0.0,-0.40570564671183545
3,-0.9200284089082231,-1.0643800884872545
3,-1.0019695928629044,-1.144140311272119
3,-0.8450980400142569,-0.5987671955661158
3,-0.5383909114585848,-0.7721200025565936
3,-1.740362689494244,-0.6878026044219036
3,0.0,-0.271962228552488
3,-0.5932860670204576,-0.4816136552266522
3,-0.4375318721122108,-0.25762402100081205
3,-1.269512944217917,-0.8126526228881027
3,-0.006204312401284717,-0.36305698173665035
3,-1.0082725259659897,-1.097431375545773
3,-0.3979400086720375,-0.2189520424662268
3,-1.9030899869919438,-0.7480921449831774
3,-0.7990851572192863,-0.8144519743537657
3,-0.30102999566398125,-1.167998439996617
3,-1.1505139038522927,-0.6201412517850466
3,-2.1505139038522927,-0.9898100597745143
3,-1.1505139038522927,-1.2371557321096092
3,-1.1505139038522927,-1.0242288950672211
3,-1.6989700043360187,-0.8237679544427623
3,-1.6989700043360187,-1.1992479932891398
3,-1.1505139038522927,-0.8786450605984658
3,-0.8494839081883114,-1.1529525323842036
3,-0.30102999566398125,-0.8743984928033302
3,-1.1505139038522927,-0.8568369778116585
3,-2.1505139038522927,-1.0373860074072212
3,-1.1505139038522927,-0.9299187858416714
3,-1.1505139038522927,-0.678441133894778
3,-0.8494839081883114,-0.7382245296197952
3,-0.6481031079968638,-0.5150375890516748
3,-0.8750612633917001,-0.6665012795129299
3,-0.30102999566398125,-0.42307983209634265
3,-2.975961759132561,-1.153418818569819
3,-1.0133639615579808,-0.8454582210125474
3,-1.0511525224473814,-0.8222773095529599
3,-1.5835765856339492,-1.1524828484751597
3,0.08755474051312451,-0.07087772676746446
3,0.19717943282889738,-0.37046423231555714
3,-0.5296282275290061,-0.3867620957124687
3,-0.8903780214758052,-0.4424791137945429
3,-0.6989700043360187,-0.6976519979256754
3,-1.6989700043360187,-1.2356395940834262
3,-2.993133541047083,-2.269785451417617
3,-3.08795517035513,-1.515955701216468
3,-2.928051683130893,-1.5800219593878417
3,-0.005462895701501935,-0.42481177051956476
3,0.0,-0.196755276452517
3,-1.3379420789967522,-1.4673297048693215
3,-1.201645363528069,-1.3471092721839633
3,-1.685741738602264,-1.6629949430363489
3,-1.9294189257142929,-1.8214850956831827
3,-1.8129133566428557,-1.8347657285064882
3,-2.060697840353612,-1.843763481358993
3,1.6020599913279625,0.20027552655882147
3,-1.079181246047625,-0.8619425809468377
3,-1.4240428112362427,-1.2905930964016767
3,-0.9610819339696306,-0.8627311278898449
3,-1.8512583487190755,-1.2990856878379047
3,0.9257898770871202,0.1225110788088461
3,-0.4824500882247298,-0.5129460666061871
3,-0.3444956894450719,-0.7025200292445917
3,-0.5924300073756692,-0.4591070290800274
3,-0.44748104696283963,-0.4434045167665365
3,-0.7403626894942441,-0.6380442977247898
3,-0.4771212547196626,-0.7886461899725669
3,-1.7269987279362624,-1.2868633847337496
3,-0.9222062774390167,-0.562747046188661
3,-0.9225050021900998,-0.42569999053615587
3,-1.403195148632295,-1.3533726556771393
3,-0.9957212020207251,-0.7652121018427701
3,0.18288786853376138,0.6162659543753377
3,0.3737315730412165,0.7612375774653732
3,-0.7403626894942441,-0.4630911075710615
3,0.543994441353421,0.1603707638897685
3,0.7781512503836439,0.3574630598781274
3,1.2430380486862944,0.5057162410780984
3,-0.9661417327390325,-0.7336785745525005
3,-1.6005061632593414,-1.333199367182157
3,-0.4375301220789325,-0.4850745426155838
3,-0.39449776226101996,-0.1918224805128515
3,-0.16258878865203474,-0.3588894321780386
3,-0.29718097949306443,-0.08294984735700256
3,0.02482358372503235,0.12920550260177682
3,0.013363961557981696,0.059322627412492446
3,-0.13936845203094173,-0.024326218158622126
3,-0.8377438486797901,-0.5473815487935111
3,0.17609125905568135,0.1830588322540942
3,-0.653212513775344,-0.78536257956842
3,-0.5987573557778756,-0.5278496070502168
3,-0.4771212547196626,-0.3423303915323287
3,-0.3330881015206941,-0.4868025846518778
3,-0.6020599913279625,-0.14418568312749958
3,-0.17609125905568135,-0.4597747025557051
3,0.0,-0.2598863422117514
3,-0.6020599913279625,0.08007461550470402
3,-0.653212513775344,0.5776822606020882
3,0.6020599913279625,0.7364337403192518
3,-0.19896832053217395,0.014324039222858631
3,-0.4210053127407303,-0.44852828408386236
3,0.0,-0.4306303756203799
3,0.0,-0.40249690828706186
3,-0.4375301220789325,-0.37212289946465915
3,-0.5817867324244812,-0.6560288645022752
3,-0.8152930583882103,-0.6027829720292729
3,-1.3686458803549097,-1.2065758299939047
3,-0.4375301220789325,-0.7193688760821267
3,-0.09691001300805624,-0.447501654999268
3,-1.3502480183341632,-1.3281408450205034
3,-0.6434526764861879,-1.2935567116221192
3,1.6241101320710358,-0.39240081015372597
3,-1.5295824315748439,-0.17188224297843613
3,-2.2818796415687554,-0.07487363135611713
3,-3.3891660843645326,-2.9627130661665446
3,-2.716484251913524,-1.857520042070326
3,-3.4382785804926073,-2.31130077196926
3,-2.7215358322347605,-2.44225150640195
3,-2.9158268083948755,-1.6853059696901949
3,-3.341824066693106,-1.7407839702563197
3,-3.2266757049251344,-1.8447543419566723
3,-1.4819201376014313,-1.8469271028661145
3,-2.718209362321689,-2.306461489012515
3,-2.3157532524846873,-1.3236044667353923
3,-2.221848749616356,-1.3773328349509413
3,-2.4609505675935557,-1.339833760929026
3,-2.722336222660232,-1.5805888925165383
3,0.10064029100124205,0.7101729595487947
3,-1.2912701583748243,-1.0909149611298659
3,-0.36408174141106997,-1.0019316818216224
3,0.8860566476931631,0.17228975451335254
3,0.7605660755825303,0.3107508146926295
3,-0.6659697442330934,-0.4589390451057674
3,0.0,-0.3805714600221689
3,-0.38021124171160636,-0.5195851138447671
3,-0.4375301220789325,-0.4307986464610663
3,0.9483175269293209,-0.17132782277257724
3,0.653212513775344,0.6998260045463658
3,0.0,-0.49186162007873585
3,-2.046512129294256,-0.9897312885474909
3,-1.4183012913197448,-0.9031072898363459
3,-0.4375301220789325,-0.20272648934910098
3,-1.1249387366083,-0.6372145961926905
3,-0.3357921019231931,-0.44353021494866873
3,0.17609125905568135,-0.22852496333910255
3,-1.3979400086720375,-1.1659083484911297
3,-0.9530920598078918,-0.8308676693620742
3,-0.4375301220789325,-0.33888921072978334
3,-0.45154571957920364,-0.23179245338490775
3,-0.6989700043360187,-0.49399383036369626
3,-0.5979434251331313,-0.7761419010990134
3,-1.3979400086720375,-0.8868050017853647
3,0.018173968928587136,-0.10808214365949043
3,0.4771212547196626,-0.3494915666347013
3,0.040958607678906134,-0.14335685773167767
3,0.3444956894450719,0.025440550522751737
3,0.11394335230683694,0.031695139122473404
3,-0.5314789170422554,-0.6018738811014969
3,0.448794056252094,-0.653897542708735
3,-1.0211892990699383,-0.39491450128309447
3,0.14242629585250466,0.16924406924879182
3,1.0215617643431134,0.09216120341043371
3,1.19755483358907,0.40497542861259145
3,0.9965887892396132,1.0060218852421243
3,1.758268815738762,0.6265329106332547
3,0.26259486787588227,0.42503658705924735
3,0.6757357240908215,0.49254849204267587
3,0.571798386295427,0.7574689973043798
3,0.45185636256515416,0.5233721379929146
3,0.0,0.43577832636695574
3,-2.0211892990699383,-1.2889274942511366
3,0.8297382846050425,0.8119815062447426
3,0.7999965835389071,0.9194255518656556
3,-0.48293964102494424,-0.47315780181799066
3,-0.5842570557255771,-0.40656197020712254
3,-0.5362030253104102,-0.47790043038190183
3,-0.71213145039399,-0.6271904119913415
3,-0.7950520009218449,-0.8575851690945051
3,-0.6560418037942082,-0.14302020389758963
3,-0.4761902908435509,-0.48043366994269626
3,-0.49841753604950867,-0.3718297098328328
3,-0.5727226321873777,-0.41121431413058557
3,-0.5175635621809516,-0.45815209314611377
3,-0.5352393730709162,-0.41550082067581184
3,-0.43911207178746725,-0.5017080073725231
3,-0.4808174002796255,-0.5474262060910946
3,-0.8003242293348354,-0.5665176213972055
3,-0.23512958465826372,-0.5335176020585645
3,-0.8826144012821455,-1.1823565251676682
3,-0.653212513775344,-0.5051163557890497
3,0.14305712734611742,-0.1756192097657775
3,0.1636739850503961,-0.05860871747303714
3,0.06398920428479027,0.01360778254214473
3,0.6882941561068252,0.03509993424771618
3,-1.5461312049140492,-1.1766996665658165
3,-1.3556430502208698,-0.9239115444416808
3,0.040129405552248976,-0.17038851774868918
3,0.0,0.07633545966037542
3,-0.9652378937407882,-0.9824108698607208
3,-0.6232492903979008,-0.8713383872493765
3,-0.9557963375079463,-0.8713383872493765
3,-0.9404143100157558,-0.5837372121603558
3,-0.6139592146276698,-0.5281350969148255
3,-0.9378520932511556,-0.5281350969148255
3,-1.090176630349088,-0.5831485310671565
3,-0.6555043105549281,-0.5845406020267712
3,-0.6163004304425721,-0.9994354654831545
3,-0.19033169817029183,-0.6625732269578544
3,-0.8450980400142569,-0.7912192782044736
3,-0.6575773191777934,-0.8961048074811974
3,-0.30077283585297465,-0.9678751717627319
3,-1.5075038837133832,-0.9395801470518192
3,-0.9654759768051342,-0.7831688202348046
3,-0.12104369272477555,-0.5594207626282599
3,-0.7781512503836439,-0.88936136586558
3,-0.5873367345072564,-1.0903887767484215
3,-0.8239087409443187,-0.6912804229273399
3,-0.5606673061697371,-0.6782015855293236
3,-0.924279286061882,-0.607548853379777
3,-1.2932046581520247,-0.9061832110413202
3,-0.8673744347254093,-0.8069281189891305
3,-1.2632414347745815,-0.8784232468664126
3,-0.5259698222574789,-0.7486463434630193
3,-0.50991376811597,-0.4456091786154391
3,-0.6378332609820365,-0.5462280188444376
3,-0.7670858242334848,-0.5505831244756656
3,-0.4327021149312493,-0.6730163319070206
3,-0.5295093241793509,-0.6308174363696781
3,-0.8702087605972881,-0.45491502633042374
3,0.0,-0.024421196290488723
3,-0.7178553484963919,-0.5438837935353666
3,-0.3979400086720375,-0.7337301116316879
3,-0.3318439430782014,-0.7327404542679561
3,-1.08795517035513,-0.5617408686055855
3,-0.7403626894942441,-0.4681422445257632
3,0.0,-0.17663768815315334
3,0.0,-0.012129909831424146
3,0.22184874961635614,0.19866138835823938
3,0.6989700043360187,-0.052366093079576626
3,0.8129133566428557,0.12076672942114758
3,-0.5913361259361896,-0.8559144737686102
3,0.0433514207947967,-0.2514430465205595
3,0.07135590853566853,-0.4493320366578617
3,-1.7242758696007892,-0.9461858748321627
3,-0.3494856763830949,-0.42683462047885745
3,-0.3494856763830949,-0.47713322783371576
3,-0.7870157984620274,-0.262948667255537
3,-0.7781512503836439,-0.5393594115930296
3,-0.4375301220789325,-0.394586534527192
3,-0.4375301220789325,-0.06555913821638076
3,0.0,-0.3943146064832648
3,-0.4375301220789325,-0.19587611039620406
3,-0.4375301220789325,-0.4987045398442621
3,-0.45154571957920364,-0.49660176499614034
3,-0.4375301220789325,-0.37966570230629504
3,-0.3494856763830949,-0.29741727359823
3,-0.7870157984620274,-0.4415064665775259
3,-0.7870157984620274,-0.33413624333090985
3,-0.4375301220789325,-0.3041919409053306
3,-0.4375301220789325,-0.22306556053585802
3,0.0,-0.30800008012727487
3,0.0,-0.356136089126508
3,-0.45154571957920364,-0.16974201932993443
3,-0.046996562676223874,0.04966316616760397
3,-0.4375301220789325,-0.3801575386443494
3,-0.30102999566398125,-0.20580755471870116
3,0.0,-0.10965640640354707
3,0.0,-0.3597516187169385
3,-0.03959044503700948,-0.2502405615936031
3,0.0,-0.10978752648099482
3,0.0,-0.048573661655256395
3,-0.2614392680716957,-0.13973076626966713
3,-0.19010599608076895,-0.04075072694501525
3,0.0,-0.27793522074201354
3,-0.15051493100552538,-0.3815590255150182
3,-0.4375301220789325,-0.3805100434477241
3,-0.4375301220789325,-0.3323245615678327
3,0.30102999566398125,-0.539446397745335
3,0.0,-0.40034351618624364
3,0.30102999566398125,-0.4299954137294542
3,0.0,-0.41307062588567595
3,0.0,-0.40177895624583837
3,0.0,-0.3375538590886641
3,0.30102999566398125,-0.24720715344963068
3,0.0,-0.42692743652348725
3,-0.4375301220789325,-0.4429126533115293
3,-0.4375301220789325,-0.32556284598277346
3,-0.09691001300805624,-0.3153385542232211
3,0.0,-0.42367627820750026
3,0.0,-0.24975010163192438
3,-0.4375301220789325,-0.38903646172720463
3,0.0,-0.3741716965108882
3,0.0,-0.26754550525156984
3,-0.7870157984620274,-0.31618926462439345
3,-0.4375301220789325,-0.20535548648496288
3,-0.4375301220789325,-0.30996460514884006
3,-0.4375301220789325,-0.4938709842985304
3,-0.4375301220789325,-0.28174131458425467
3,-0.3494856763830949,-0.23724239588049506
3,0.0,-0.3158116303902404
3,-0.3494856763830949,-0.3373539943641745
3,0.11092497011273572,-0.4362707135113183
3,-0.4375301220789325,0.010605973282289127
3,-0.4375301220789325,0.08691400574461144
3,0.0,0.05890669568665946
3,-0.19896832053217395,0.02434760129261776
3,-0.4375301220789325,-0.3756016863076058
3,-0.19896832053217395,0.08805419415470378
3,-0.15051493100552538,0.007109566855378557
3,-0.4375301220789325,-0.354699943041547
3,-0.3494856763830949,-0.44823203371933845
3,-0.4375301220789325,-0.35318226927946017
3,-0.19896832053217395,0.01827287223864621
3,-0.4375318721122108,-0.3120082224619799
3,-0.4375318721122108,-0.08086699941026732
3,-0.23855876556918343,-0.2705128909986638
3,0.0,-0.2998027071792192
3,-0.23856180154675855,-0.42881499084116415
3,-0.23855876556918343,-0.18203688586672545
3,0.0,-0.23801910031611404
3,-0.3979400086720375,-0.3875053571223277
3,-0.23855876556918343,-0.048028423260069786
3,-0.23855876556918343,-0.43362157685164104
3,-0.23855876556918343,-0.4184500586557632
3,-0.4375301220789325,-0.1768018173437606
3,-0.19897135650974906,-0.040911532456352706
3,-0.23856180154675855,-0.32847644457968617
3,-0.7870157984620274,-0.2810458129307992
3,-0.4375301220789325,-0.28458107725653936
3,-0.23856180154675855,0.002871478663158622
3,-0.19896832053217395,-0.22240697525651562
3,0.0,-0.047235892856678896
3,0.0,-0.02531272662274925
3,-0.4375301220789325,-0.05454490811550944
3,-0.23856180154675855,-0.21807978001043513
3,-0.34948420103163524,0.10337598981211266
3,-0.4375318721122108,-0.1949552125923203
3,-0.19896832053217395,-4.885699226025997e-05
3,-0.23855876556918343,-0.06650776937225888
3,-0.23856180154675855,-0.07211839785597751
3,-0.23855876556918343,0.0010936970593038997
3,-0.23855876556918343,0.10549955703272512
3,-0.23855876556918343,-0.2402906463863641
3,0.0,0.06374244692836034
3,-0.19896832053217395,0.010968615056038744
3,-0.389077352590518,0.06281832080595601
3,-0.23855876556918343,-0.1399261966251396
3,0.03959044503700948,-0.1894588779851034
3,0.008864074484683293,-0.15871448823965556
3,-0.23856180154675855,0.025527822060231853
3,-0.11092642354980953,0.028495157435941276
3,0.0,-0.1308701133438247
3,-0.23855876556918343,-0.3013567490530331
3,0.0,0.10667679807546776
3,0.0,-0.17378702871273183
3,-0.19897135650974906,0.05134668299141548
3,0.0,-0.06582741558754734
3,0.03959044503700948,0.07931989347843654
3,-0.3098941018406549,-0.1535322472262735
3,-0.8266064438386556,-0.12001633009131785
3,-0.6505165472438836,-0.0792051062067805
3,0.30102999566398125,-0.2778093580770189
3,0.4375301220789325,-0.25692252838444496
3,0.0,0.25953710485484666
3,-0.10206004319610873,-0.3881412300530359
3,0.0,-0.024677077538498793
3,0.0,-0.43659113148795703
3,-0.7870157984620274,-0.27077593360276175
3,-0.7870157984620274,-0.2982955442218986
3,0.0,-0.32362387035273565
3,-1.0,-0.9351683241566977
3,-1.0,-1.0236960793210126
3,-0.8129133566428557,-1.2403690307790884
3,-0.5226852525251191,-1.1447054239601009
3,-1.3424226808222066,-1.1977315076773327
3,-1.361727836017593,-0.4541595495163874
3,-1.3521825181113627,-1.104434728254661
3,-1.4471580313422194,-1.190617280034589
3,-1.1613680022349753,-1.2866643626583985
3,-1.9894498176666922,-1.2783746663342714
3,-0.6989700043360187,-1.3694044499494655
3,-1.1760912590556813,-1.0589690022634226
3,-1.2171266859258019,-0.9482476881542587
3,-1.204119982655925,-1.5257256715867564
3,-1.4771212547196626,-1.4580188215265832
3,-1.3152704347785908,-1.096446204939067
3,-1.2430380486862944,-0.46496143392335926
3,-1.0211892990699383,-0.8643338417674804
3,-0.5642714304385628,-0.996987761696652
3,-0.8750612633917001,-0.9822673271481912
3,-1.0099082886602488,-1.2300346744780106
3,-1.3096301674258992,-1.3586831344731365
3,-0.995147497205588,-0.561516353436887
3,-0.896397209257529,-1.1042231010733525
3,-1.0271349293314813,-1.0513706435021286
3,-1.3010299956639813,-1.3400145092296343
3,-1.4863861882411777,-1.335425921459715
3,-1.1142337531748305,-1.2483859195288216
3,-0.661713993460503,-1.117525960031704
3,-1.568201724066995,-1.3862910333869634
3,-1.384197522541995,-1.4507381523572276
3,-1.6272336201865851,-1.4422109128704121
3,-1.3910767959981944,-1.1558422742963737
3,-1.6761217932395551,-1.3939818073192995
3,-1.4987698816821302,-0.8791462467567035
3,-1.4724389466367729,-1.2734616633334719
3,-1.5372813780731152,-1.3526375200512233
3,-1.7745169657285498,-1.1741145779464706
3,-1.7826295580086073,-1.3839244358107405
3,-0.6877932180512554,-0.9706696937739381
3,-1.7018461068392696,-1.0025492275937775
3,-1.4225482628341792,-1.1886703191693333
3,-1.5910646070264987,-0.8254701077896958
3,-1.6232492903979008,-0.8373046923237131
3,-1.4831116184088495,-1.4525646459971406
3,-1.5854607295085001,-1.1735106338092691
3,-1.5228787452803374,-1.434005209465649
3,-1.740362689494244,-1.6140952164411766
3,-1.845098040014257,-1.7450049638793461
3,-1.653212513775344,-1.521831377739926
3,-1.6020599913279625,-1.7764370950762416
3,-1.6020599913279625,-1.744186675494479
3,-1.7781512503836439,-1.6832923429599216
3,-1.5642714304385628,-0.9306790878628057
3,-1.3979400086720375,-1.5650629230138677
3,-1.6320232147054057,-1.7142533953065804
3,-1.3979400086720375,-1.4636188896190268
3,-1.7781512503836439,-1.6905621579593442
3,-1.6368220975871743,-1.3138411431926718
3,-1.5440680443502757,-1.3643218183244408
3,-1.5228787452803374,-1.6636180037225647
3,-1.5563025007672868,-1.3523954715582829
3,-1.066946789630613,-1.7935332932916006
3,-1.3862016054007933,-1.3223356419840926
3,-1.5740312677277188,-1.1992812287805097
3,-1.066946789630613,-1.1673574150917438
3,-1.4771212547196626,-1.3078512522910142
3,-1.2787536009528289,-1.2571667017280306
3,0.26619901390198386,-0.08816122958770234
3,0.3426875752994052,0.0959180556067814
3,0.6316849910838691,0.44886330110026457
3,0.5160209375257532,0.5128667084871352
3,0.8981814186151089,0.625908381538768
3,-0.25484431233319516,0.05958245490688391
3,-0.03111980057738517,0.12556043167135184
3,0.4387732103469384,0.34373253999089787
3,0.24231627616522466,0.15542364303482153
3,-0.020684598859850745,0.2719058750819519
3,0.19507185367852742,0.6708594309411362
3,0.014618439768002922,0.3352640031591669
3,0.8623294627632445,0.1250131864304747
3,0.0,0.1581192456126363
3,0.3979400086720375,-0.5009654768286035
3,-0.8750612633917001,-0.5024477189377564
3,-0.6020599913279625,-0.27518846845312184
3,-0.4375301220789325,-0.5054722426549392
3,0.0,-0.2725930662877194
3,-0.4375301220789325,-0.6765664194361071
3,0.5621068834718308,0.3474037245539568
3,0.3960076464390765,0.5760441330910895
3,0.4478852873552155,0.3648708784484142
3,0.1309150410023241,0.7537119959902328
3,0.5648639195917164,-0.33584415221311414
3,0.19995997569809631,0.3736969919572322
3,0.3672038743416062,0.46466575137520955
3,0.7851129120306855,0.6204136310738604
3,0.6805956007997604,0.5200206580364028
3,0.7043325400962628,0.20710053028075698
3,-0.6020599913279625,-1.134403058970106
3,-0.09691001300805624,-0.5969457045140886
3,-0.16481024864599192,-0.6846524913823799
3,-1.375663613960885,-0.7931076108673258
3,-1.0287424369603837,-0.7022951035560902
3,-1.0,-0.9359902617285956
3,-0.7428754900351002,-1.0259318412482659
3,-0.7781512503836439,-0.8367874580937616
3,-0.4586378490256493,-1.093325005146964
3,-1.0969100130080562,-0.6876850248596544
3,-0.3332146790353825,-0.7156718804855464
3,-0.36317790241282566,-0.6550017245618134
3,-0.4771212547196626,-0.6550017245618134
3,-0.8952646494799872,-0.6680883159686093
3,0.1055101847699742,-0.08926875229577197
3,-0.14612803567823818,-0.4244619397762745
3,0.15490195998574308,-0.3404922254786249
3,0.2596373105057559,-0.4246950128946006
3,0.06694678963061307,0.04528764957189041
3,-0.6989700043360187,-0.7699920841167751
3,-0.5862657241447309,-0.8332111092627171
3,-0.24126179066049147,-0.6621578266452904
3,-0.6847295652214083,-0.866701127993756
3,-1.052758049162799,-0.6821536038168836
3,-0.2491553011056098,-0.4042328955444331
3,-0.3215516628085835,-0.4400623958426789
3,-0.8573324964312681,-0.8677465466897553
3,-0.6966371725035474,-0.6803549224650703
3,-0.4771212547196626,-0.4576531361667144
3,-0.6671226370840238,-0.4558403757083029
3,-1.1791420105602999,-0.6332974373501856
3,-0.36468480362316846,-0.39665415861317344
3,-0.37863485347665105,-0.37472562925051867
3,-1.0319478169996161,-0.46733615927679517
3,-0.30102999566398125,-0.24466051635390776
3,-0.431798275933005,-0.4585684184873636
3,-0.5898255349109505,-0.9441630207465678
3,-1.3565473235138121,-0.9441630207465678
3,-1.0,-0.47199010268053976
3,-1.2118068113222158,-1.157488236656931
3,-1.4661258704181988,-1.5688976176604261
3,-1.204119982655925,-0.6978980742542717
3,-0.9777236052888476,-1.0280595817684137
3,-0.865301426102544,-0.815510665585196
3,-1.3010299956639813,-0.50102895350289
3,-0.8239087409443187,-1.0462134977388593
3,-1.4149733479708173,-1.2856103994765067
3,-2.3374592612906557,-1.6627391433400307
3,-1.694206214539955,-0.6950339426488387
3,-1.0091159609934506,-0.9004681645904379
3,-1.6127838567197355,-1.1402430899210863
3,-1.9962614304405983,-1.2637556624922082
3,-2.0863598306747484,-1.3358532204914744
3,-1.1356626020000729,-1.489081895966016
3,-1.2552725051033065,-1.203249229670247
3,-1.361727836017593,-1.212690990673093
3,-0.6020599913279625,-1.1155686730871737
3,-1.4123959250830067,-0.8171483135440374
3,-1.6127838567197355,-1.6098923888009589
3,-1.4022613824546797,-1.147941314181798
3,-1.5314789170422554,-1.6835883864594625
3,-1.6610378512872996,-1.737246079128208
3,-0.8791778295865322,-0.49574457611114997
3,-1.2524246622304798,-0.709623463431357
3,0.11159708901596588,0.07465461821603075
3,-1.0859146287065933,-1.1553802368685007
3,-0.9802233603509167,-1.1553802368685007
3,-1.1798514079289877,-0.5996798771174316
3,-1.8631777324726881,-0.7467649119185481
3,-2.7283537820212285,-0.7467649119185481
3,-1.4572610905261802,-0.6881119706500822
3,-1.995279361327416,-0.6881119706500822
3,-1.0102191651816854,-0.4515006144581723
3,-0.7528453851188734,-0.5758427710047596
3,-0.35654732351381213,-0.7967106861752736
3,-0.79375632371422,-0.7131415482046575
3,-0.7781512503836439,-0.8401836747559455
3,-0.6989700043360187,-0.867615610607479
3,-0.5368894597231524,-0.3641677158748522
3,-1.1563472008599236,-0.9521129567225541
3,-1.3273589343863303,-1.0876171508570582
3,-1.423245873936808,-1.18077388637742
3,-1.079181246047625,-1.192818974516587
3,-1.0413926851582254,-0.961750276518033
3,-0.5755009628084942,-0.6257651888835247
3,-1.1879904823553886,-1.0562165398156091
3,-0.6308635491781667,-0.5104163012294389
3,-1.3587133852703195,-0.6733987573563397
3,-1.198657086954423,-1.2112383129951805
3,-0.985276743179293,-1.1048570724500126
3,-0.9378520932511556,-0.9386052793516926
3,-0.9731278535996983,-1.0350365226153908
3,-2.08278537031645,-1.6613125892426317
3,-1.079181246047625,-1.076039747519028
3,-1.2787536009528289,-0.7792169961618892
3,-1.5051499783199063,-0.810575283286017
3,-1.0,-1.170577596897597
3,-0.7276151857855488,-0.4895062507402973
3,-0.6647756291055495,-0.499963416648009
3,-1.0,-0.8014548365245673
3,-0.32658410013636985,-0.7808071462651692
3,-0.693574972449313,-0.7370227820786471
3,-0.6846075113226178,-0.8112174524384006
3,-0.8129133566428557,-0.7483909516449492
3,-0.9951474972055872,-0.8955695168063684
3,-0.7781512503836439,-0.9155984072459495
3,-0.8129133566428557,-0.9283958437103574
3,-0.5228787452803374,-0.4890040512428263
3,-0.5440680443502757,-0.8546402819827397
3,-0.6020599913279625,-0.817097708318354
3,-0.653212513775344,-0.7069669406557961
3,-0.6020599913279625,-0.7290164251808093
3,-0.9330532103693869,-0.9957116381722277
3,-0.6020599913279625,-0.5387652930661326
3,-1.0,-0.7862943843263573
3,-0.6510464520188357,-0.7457020571216963
3,-0.5563025007672877,-0.7338131250081266
3,-0.9700367766225568,-1.129511556219652
3,-0.7459665670122426,-0.8594540107574249
3,-0.05696987867700454,-0.18166714464377254
3,-0.17609125905568135,-0.5995825945643789
3,-0.6642078980768069,-0.5831277596271098
3,0.0,-0.505662639208448
3,-0.8593810591065383,-0.6291626332209657
3,-0.3949397456653134,-0.49398665288022653
3,-0.18486518336318625,-0.4556559971129102
3,-0.8785778371145367,-0.7808071462651692
3,-0.6661774909397113,-0.4501512989820808
3,-0.7337321105952306,-0.8369673036531989
3,-0.2912701583748243,-0.7558800248797829
3,-0.11650556907143717,-0.6341077296517675
3,0.0315170514460652,-0.1927040336526345
3,-0.9507819773298181,-0.875896806042123
3,-0.5362140692640596,-0.4961141578637004
3,-0.37807772066634104,-0.3089213557182277
3,-0.13810226508706336,-0.3055257654119757
3,-0.3019975225857179,-0.24752946746518037
3,-1.1016221150958696,-0.7241692853053057
3,-0.7556976287849455,-0.8114910760526832
3,-1.5835765856339492,-1.0360735302249187
3,-1.2671717284030137,-1.6870392017244569
3,-0.8450980400142569,-0.5742343013126254
3,-1.4065401804339555,-1.205676740678632
3,-1.7085153222422491,-1.474705165598817
3,-1.329058719264225,-1.7257037843661491
3,-1.6020599913279625,-1.6267826532929015
3,-1.5797835966168101,-1.2208996299676764
3,-1.5250448070368456,-1.2432107984936707
3,-0.49069406190893616,-0.8229998252496369
3,-0.6154239528859442,-0.7470296082643895
3,-0.5440680443502757,-0.8268108862954396
3,-0.9294189257142929,-0.8930040067087435
3,-0.9164539485499255,-0.977032817608356
3,-1.1249387366083,-1.4486144256002906
3,-1.4913616938342722,-1.4117369321317208
3,-0.8239087409443187,-1.3643568475566887
3,-2.0863598306747484,-2.1259708345077284
3,-1.7533276666586115,-1.8678889511744279
3,-1.3010299956639813,-1.3998804637589612
3,-1.7781512503836439,-1.5671249849335287
3,-1.740362689494244,-1.753938400464678
3,-1.3010299956639813,-1.5887072932448008
3,-1.236572006437063,-1.6616276112913557
3,-1.4175355647354184,-1.6012213196621423
3,-1.6020599913279625,-1.6422348648041492
3,-1.1760912590556813,-0.9677020886371457
3,-1.6575773191777934,-1.4056298857261798
3,-0.6283889300503116,-0.9499175996701298
3,-0.5228787452803374,-0.8386509981761404
3,-0.8239087409443187,-0.9539994806114779
3,-1.0211892990699383,-1.0142061947716288
3,-0.7690078709437733,-0.8849700369355671
3,-1.1850461017086076,-0.9107553688394909
3,-0.5642714304385628,-1.193530776099886
3,-0.9030899869919438,-0.6977981683183381
3,-0.9440712135860867,-0.8008664792342546
3,-0.6110148339808887,-0.7760157358123216
3,0.5947607525864633,-0.20502349674632048
3,-0.7569619513137056,-1.0021548525665824
3,-0.7119349815003861,-0.7609378282926338
3,-0.9629086884180129,-0.5612676705248408
3,0.2710667722865372,-0.35367619615582185
3,-0.1112891378916574,-0.32388487267962185
3,-0.17016627654567706,-0.2782457831829208
3,-0.5982335834749097,-0.327126784910757
3,-1.0255541044723877,-0.6877266552400484
3,0.0,-0.4161504760454832
3,-0.6412604028977409,-0.4888641660530888
3,-0.9719712763997563,-0.7769912758661164
3,-0.31361912297200156,-0.5983528287278534
3,-0.901677645968685,-0.5851866931602989
3,-0.44819083677998695,-0.4134121718424474
3,0.0,-0.12742601423300637
3,0.0,-0.40530272485126667
3,-0.5426228034760943,-0.705683745610817
3,-0.865301426102544,-0.6663233741808098
3,0.0,-0.3582788923418737
3,0.0,-0.2754697082472788
3,0.0,-0.4710546230847295
3,-0.7708520116421447,-0.9443773378677925
3,-0.8086687743875824,-0.49660055178677426
3,-0.5606673061697371,-0.49660055178677426
3,-0.3979400086720375,0.16133307718857554
3,0.30102999566398125,0.12480355716071173
3,0.6020599913279625,0.6560776323296447
3,1.1461280356782382,0.01788721055057546
3,0.4771212547196626,0.09756570078969057
3,0.0,0.07667158488073605
3,-0.3539660708517802,-0.8362078010323801
3,-0.6409780573583319,-0.8362078010323801
3,0.0,-0.10741420407603663
3,0.15490195998574308,-0.05785047299411311
3,-1.1597008428675117,-0.8153930642878155
3,-0.5850266520291818,-0.7917740623650321
3,-0.7861201800549189,-0.9142287508231048
3,-0.664275121121892,-0.46875719497418306
3,-0.5686362358410131,-0.687422401852993
3,0.6690067809585756,0.07092143473766849
3,0.8750612633917001,0.26774467310978317
3,0.8691397431914831,0.5190205722018735
3,0.3484151154576107,0.017900456979838608
3,0.0,-0.24042663260784616
3,0.0,-0.47490955451348293
3,-0.4708378638870405,-0.3572831110376966
3,1.117540014535269,0.5973618373768363
3,-1.0969100130080562,-0.6327804470832528
3,0.30102999566398125,0.2695575798078112
3,-0.6941175015416068,-0.47951360246107094
3,-0.8728283819594083,-0.3448651941955217
3,0.026714669702411875,-0.3063767556921765
3,0.061354937933483455,-0.2165852565912444
3,-0.16918659085637255,-0.16602427917646062
3,-0.28560963679648754,-0.35245960508969576
3,-0.8543441617725991,-0.5169478803347937
3,-0.6585413472804102,-0.6922195655264223
3,-0.5301779840218366,-0.4568769296410541
3,-0.3716110699496884,-0.4572517958837304
3,-0.6320232147054057,-0.45448024794267416
3,-0.7191733904243058,-0.7101794754785531
3,-0.661181443446619,-0.7641276672351447
3,0.3157532524846882,-0.6822247688733477
3,-0.4274952522337543,-0.7017883403043677
3,-0.43572856956143724,-0.8729109798053849
3,-0.6575773191777934,-0.8729109798053849
3,-0.6713864827039302,-0.7722943431567431
3,-0.4202164033831899,-0.6553121810723497
3,-0.045322978786657586,-0.2707817873866981
3,-0.20969986003676055,-0.7896130647313115
3,-0.8864907251724823,-0.4566764589908476
3,-1.1014576407587775,-0.5082555601573173
3,-0.7993405494535821,-0.6261608297054028
3,-0.7832908900360547,-0.8537517467681667
3,-0.7646814476302044,-0.5781000916641437
3,-0.7626390842053965,-0.8401100319980535
3,-1.3010299956639813,-0.8281117745506302
3,-1.1802078252505135,-0.9405951112958095
3,-0.4771212547196626,-0.7425549375613791
3,-0.7873919071185558,-0.7425549375613791
3,-0.5740312677277188,-0.6772208991116458
3,-0.7221998450544937,-0.6910546410890019
3,-0.645094623553164,-0.6910546410890019
3,-0.6976870064105913,-0.47701677298854295
3,-0.8239087409443187,-0.24537448481423624
3,-0.5470124249970567,-0.4639371427036332
3,-1.2240148113728644,-0.9716528773244373
3,-2.0413926851582254,-0.7719436654042684
3,-0.7119349815003861,-0.5462420573211505
3,-0.16713641640275423,-0.711520134279103
3,-0.6355830254716253,-0.6251015684457601
3,-0.8993298381186365,-0.907922577541629
3,-0.6812412373755876,-0.5683595341660137
3,-0.499397649430815,-0.5384781406317448
3,-0.31742041185215,-0.6272390969132866
3,-0.1870866433571443,-0.6581813937645439
3,-0.7533276666586115,-0.6037918792654837
3,-0.8538719643217618,-0.6597055476787801
3,-0.3679767852945943,-0.6458224037654514
3,-0.9363309201306222,-1.0295144221702228
3,-1.4934237659420617,-1.1818122753380007
3,-1.36408174141107,-0.7901147660611556
3,-0.6989700043360187,-0.4427081010773028
3,-0.9887189895903106,-0.5332694258406564
4,-0.5290390539851559,-0.43950053540353956
4,-0.30102999566398125,-0.4923545209326401
4,-0.7651307403911325,-0.6803993308322026
4,-0.8239087409443187,-0.45283475722329203
4,-1.2928096654172903,-1.3597239157134184
4,0.10789175076418633,-0.41824642427935116
4,-0.03535825526414893,-0.329379140549248
4,0.03267316440198176,-0.41419737758112574
4,-0.31425396462177524,-0.4076944352380532
4,-0.09288983391078975,-0.3133666784317103
4,0.0,-0.6994459598697599
4,-1.5440680443502757,-1.382410960460101
4,-0.8976270912904418,-0.42814225696929187
4,0.4637659462712156,0.3832188660646438
4,-1.332438459915605,-0.757202525862835
4,-0.22184874961635614,-0.5454566544202102
4,-0.8239087409443187,-0.30122019064101235
4,-1.4471580313422194,-0.9611547100868014
4,-1.4471580313422194,-1.0594121504597187
4,-1.6127838567197355,-1.19323790034334
4,-1.7737864449811935,-1.3094787681409243
4,-1.1650958747542175,-1.2983265460548976
4,-1.4313637641589878,-1.0930606182946268
4,-1.3832167518513314,-1.191843895859559
4,-1.7363965022766426,-1.105899040225243
4,-0.8450980400142569,-0.7337250879728263
4,0.0,-0.7345004174364078
4,-0.9166124791163526,-0.7345004174364078
4,-0.19957235490520375,-0.283811096683674
4,-0.4030195342013121,-0.4024085831656482
4,-0.20107240033212914,-0.2990693445610525
4,-1.134698573897456,-0.7348021178401631
4,-1.1718893446279113,-0.558415432562456
4,-1.018152262344456,-0.5620494747600275
4,-1.049635145623876,-0.6872190571419785
4,-0.4350870709486365,-0.7692402688330843
4,-1.7795964912578244,-1.1245929235138143
4,-1.6603910984024672,-1.1596979874568965
4,-1.000293343126251,-1.1394703131757329
4,-1.335398897295243,-1.1281965825355977
4,-1.320739584675871,-1.044370536491713
4,-0.9637291824893586,-0.822981398589552
4,-0.4884349200774407,-1.038090526094241
4,-1.433434301963639,-1.0933526313721653
4,-1.1461280356782382,-0.8988617599329409
4,-1.7652959296980564,-1.17871202485064
4,-0.8378796830090751,-0.9809037167237025
4,-1.008773924307505,-0.7618592629011364
4,-0.1433186148870309,-0.3935577815182899
4,-0.3284682440109208,-0.642720313718838
4,-1.0116857583251946,-0.6354269760037511
4,-0.9428344937700945,-0.434801820746698
4,-0.32735893438633035,-0.4417304455450304
4,-0.7566980227234472,-0.725623919991006
4,-0.28254658996996795,-0.4904203570878452
4,-0.4118545232070705,-0.6360804589932858
4,-0.32123338175226834,-0.7511950968901431
4,-0.9876662649262755,-0.7828579600183811
4,-1.422334447617187,-0.5799652116606785
4,-1.0710633558254443,-0.8801742035465787
4,-0.46488679830265056,-0.631687256400991
4,-1.1064553309142866,-0.6629984022834284
4,-1.2185894886765967,-0.7525501654737489
4,0.05115252244738144,-0.16545058340585705
4,0.02996322337744317,-0.2929832487882615
4,0.09691001300805624,-0.3687561141378371
4,0.0,-0.2093268973961218
4,-0.21805576059921705,-0.8176139079221092
4,-0.1669478796158108,-0.7405423085458125
4,-0.5228787452803374,-0.9807259301950677
4,-0.3723859041996489,-0.8714274635405774
4,-1.7454094219943261,-1.8909649175354015
4,-0.14221543714647567,-0.19467136790923417
4,-0.17512315178277404,-0.4408326219523041
4,-0.30102999566398037,-0.40794783721834194
4,-1.0077477780007396,-1.2045250514782018
4,1.6225558417338535,0.9636756694571915
4,1.5815837220779043,1.3087307935240735
4,-0.5642714304385628,-0.24654843795311843
4,-0.2410320659886951,-0.5114797383645412
4,-1.4511855206252626,-0.5491611900087889
4,-0.4600879154208819,-0.5922847042231927
4,-1.2582780152430315,-0.6328081592199847
4,0.15490195998574308,-0.5068761861614539
4,0.15490195998574308,-0.5359290608878768
4,-1.5910646070264995,-0.9223686904889916
4,-1.1514897640503463,-0.9813716177291367
4,-0.5265715825475104,-0.7377909695396498
4,-2.159867847092566,-1.262360306665609
4,-1.3489535479811643,-0.8753075402564228
4,-1.094861450332787,-0.7866337289902451
4,-1.0595160859321835,-0.7761901221573227
4,-1.2367890994092932,-0.4894582445615174
4,-1.3324384599156058,-1.201280597103349
4,-1.3324384599156058,-1.2819782643015756
4,-1.3979400086720375,-1.449868463600475
4,-1.9328118686116316,-1.2793010571935413
4,-0.9208187539523749,-0.5560287759341396
4,-0.15490195998574308,-0.2745720053753329
4,-1.443262987458695,-0.8576644513553225
4,-1.2787536009528289,-1.2164799471086365
4,-1.4454312120417132,-1.3334147877778306
4,-1.5878712508601485,-1.1582104754324407
4,-1.2291697025391013,-1.5724346358305104
4,0.0,-0.24380067697434726
4,0.0,-0.10715512656431225
4,0.0,-0.10771671511342285
4,-0.3979400086720375,-0.22544457374927143
4,0.0,-0.08524607849901977
4,-0.3979400086720375,-0.23155714760035115
4,-0.3979400086720375,-0.25949554066323455
4,-1.5539985458577226,-1.4721149106186353
4,0.15381486434452896,-0.028946708810991262
4,0.17609125905568135,-0.13539622534835605
4,0.08432088570003593,-0.09527693836742845
4,-0.30102999566398125,-0.2772042214113991
4,-0.15490195998574308,-0.26696022604251013
4,-0.4890204780193699,-0.40559841850266887
4,-0.4883011424844037,-0.4484732643749965
4,-0.3521825181113627,-0.4536736711421631
4,-1.2396406820895027,-0.6382278735216027
4,-1.0814373263518489,-0.9863077364545909
4,1.079181246047625,0.034953142169771245
4,1.2552725051033065,0.3421958170535289
4,-0.21085336531489318,-0.32410957154725717
4,-0.09691001300805624,-0.3571798866725915
4,-0.6627578316815743,-0.5118379796283314
4,-1.204119982655925,-0.751830877656255
4,-1.485315733334934,-1.0242922772771135
4,-2.2730012720637376,-1.1024491634295013
4,-0.6257224714138969,-0.5030970642886974
4,-0.6005039363422631,-0.6047407036987753
4,-0.27547589119159266,-0.6153335731697644
4,-0.9864663590173546,-0.7564515726483305
4,-0.6226332212052812,-0.6121983439816079
4,-0.7330850365019916,-0.46991845660508813
4,-0.17609125905568135,-0.16382661525070202
4,-0.38021124171160636,-0.41025660085800486
4,-0.3979400086720375,-0.4951148287101543
4,-0.43365556093857194,-0.40453524614471326
4,-0.5797835966168101,-0.5274266918242714
4,-0.20411998265592501,-0.697695879226572
4,-0.29082294328872216,-0.5192797562928242
4,-0.7942448013084267,-0.6619624758503344
4,-1.4886416777494738,-0.9000157580478223
4,-0.5676910896966998,-0.7928760933477828
4,-0.20712549279564918,-0.6662573996677729
4,-1.2272437815030628,-1.234092121134299
4,0.13797879622796838,0.13061476130034316
4,-0.675904700267326,-0.5320915186459073
4,-0.3864601909886076,-0.612549418513693
4,-0.30102999566398125,-0.5439181511878369
4,0.05864551291277387,-0.2898550529804268
4,-0.7324616236377643,-0.8112228507364537
4,-0.8944326674594443,-0.8546044966243694
4,-0.8424528658949022,-0.8189181013133426
4,-1.9420080530223132,-1.2888182923576792
4,-0.41017446508904953,-0.5215523212648128
4,-1.3424226808222066,-1.122381326884391
4,-0.7781512503836439,-1.042716169525866
4,-1.2218487496163561,-1.0732176321952303
4,-0.404570587571051,-0.3660550075293208
4,-0.2325726150081291,-0.26601829755033213
4,-0.40748532657826786,-0.5204820382839479
4,-0.5149098156090615,-0.6050950096133823
4,-0.5440680443502757,-0.6112606679753981
4,-0.6020599913279625,-0.8476646408600642
4,-0.6020599913279625,-0.7168612673123773
4,-1.2130748253088512,-1.1042419199069642
4,-0.38021124171160636,-0.3586958221558891
4,-0.6901075211259622,-0.40300442013213694
4,-0.1295794045405394,-0.40225448920235063
4,-0.3357921019231931,-0.40832645800583534
4,-0.6398485522173623,-0.4633037841016596
4,-1.3687516195445548,-0.8216650036619306
4,-1.350801612394977,-1.04791666441185
4,0.0,-0.4118287867044084
4,-1.15876443056161,-1.233215235312995
4,-1.3977531751643584,-1.5695701786858778
4,-1.7734729881058726,-0.6831772152990517
4,0.44235914846045077,-0.40015590490686276
4,0.3369425515546265,-0.470719180706288
4,-1.7169848005087767,-1.1782449884828823
4,1.113943352306837,0.7790200360364969
4,-1.3881801713828814,-1.4854306724607906
4,-0.48454368673188686,-0.5014782738078789
4,-1.149816333700966,-1.4546375353585412
4,0.7804902921553305,0.344214754531968
4,-1.4423175473797247,-1.3154622223636858
4,-0.8947858242033648,-1.4630269949981003
4,-0.7204638221623183,-0.5873890702612896
4,-0.5706022622039688,-0.5749777030457031
4,-0.6744018128452813,-0.6756497884258915
4,-0.7471170166436751,-0.6801177364482289
4,0.34847057686564575,0.04946776069270559
4,0.0,0.10508715195515989
4,-1.26884531229258,-0.6084838075863419
4,-0.5166297960033361,-0.4977844789350414
4,-0.6232492903979008,-0.5934777008783686
4,-0.8432138961397051,-0.5495448164347763
4,-0.4582359105592877,-0.6135594172986754
4,-0.5274263730310587,-0.6487858160573108
4,-0.644612342013426,-0.6003956811871988
4,-0.4871254758326682,-0.5484843626267382
4,0.0,-0.2556730164858454
4,-0.3966086423070294,-0.3539659710028433
4,-1.4936903561528547,-1.190205016605326
4,0.0,0.10524901818581772
4,0.0,0.2962146225776216
4,1.259637310505756,0.3927439497499778
4,-0.38321675185133053,-0.43305125842848774
4,-1.0934216851622347,-1.3551463085938735
4,0.0,-0.5458170653866735
4,0.5228787452803374,0.4093540800282283
4,0.7569619513137056,0.3698631472204586
4,1.204119982655925,0.42746770117067817
4,-0.8016323462331663,-0.5641751330071156
4,-0.6291470817969431,-0.7604630735216272
4,-1.5378190950732744,-0.9617593281950083
4,-0.912616269835083,-1.1743448456995784
4,0.6020599913279625,0.8684101450306607
4,-0.27561440003725846,-0.6349530055937821
4,-2.6106601630898796,-1.074947977430685
4,-1.074000733543845,-0.7479041878037009
4,0.0,-0.32616476354645774
4,-0.15490195998574308,-0.2340473758774366
4,-0.15490195998574308,-0.1836831162865123
4,-0.24303804868629442,0.1696167956834272
4,0.8888183474403863,0.802039871284685
4,0.0,-0.06523480872243909
4,0.0,-0.09096873551989865
4,0.0,-0.12474124479860471
4,-2.6301659296998388,-2.106271721405813
4,-1.8718162085785535,-1.7376574633305388
4,-1.151267675330649,-0.9203439235006254
4,0.0,-0.3278651460681309
4,-2.508754102588731,-2.2820397761877045
4,-3.1303337684950057,-2.295591503174182
4,-1.4065401804339555,-0.5779354503677114
4,-0.5488575876661921,-0.47974399047260174
4,-0.60528896145816,-0.6071614637396976
4,-0.60528896145816,-0.6197902531295229
4,-0.8357691602338235,-0.6218272491734477
4,-0.31994698356234874,-0.47670251938905034
4,0.15836249209525022,-0.33551408532328486
4,-0.5604190669621198,-0.39392287093754846
4,-1.1461280356782382,-0.8842356238954405
4,-1.103876473193652,-0.9027460763079544
4,-1.2552725051033056,-0.8189490910283739
4,-1.2773226458463798,-0.9379303394483803
4,0.5178506777497747,0.4612976409807476
4,-1.0687158123694598,-0.8342292565053067
4,-0.10914446942506828,-0.16676903985800912
4,-0.3701109148072801,-0.25638467161423517
4,-1.1249387366083,-1.3062675041717045
4,-0.16633142176652527,-0.5028262039669206
4,-0.37174608568724743,-0.3711139547581696
4,1.8243033747578457,-0.3233855742098497
4,2.3424226808222066,0.6571972803979835
4,-0.9005771864510876,-0.5918617937732915
4,-1.443262987458695,-1.1159875319938686
4,-1.5923001540388055,-1.2586592585549015
4,-0.7974564055790303,-0.7708042738033205
4,0.0,-0.7518953381114364
4,-0.21170911826547645,-0.3995985470674953
4,-0.7439371498525418,-0.3936577722918709
4,-0.20411998265592501,-0.4333479339733859
4,-0.9744458955276123,-0.9116573842602217
4,-0.5882717068423293,-0.6276723370659789
4,-0.3679767852945943,-0.8972971692310484
4,-0.6154239528859442,-0.7284242521200142
4,-0.10473535052001282,-0.21358155902272508
4,-0.7549214096651689,-0.7921415221466346
4,-0.8353382027251008,-0.560309518716584
4,-0.338818556553381,-0.6541394203711072
4,-0.5554079701072574,-0.4718460870431313
4,-0.6557448502907395,-0.4424672373587397
4,-1.0457574905606748,-0.47549310211448276
4,-0.9305282353388833,-0.34345958076054955
4,-0.9974225771121894,-0.38064953556923664
4,-1.014758999751626,-0.22423691974760324
4,-0.7336453298012753,-0.21402420111571763
4,-0.30102999566398125,-0.5221913281043058
4,-0.29711633838748064,-0.261351799963607
4,-0.07918124604762511,-0.03166703233387119
4,-0.43933269383026285,-0.6702436860219694
4,-0.4771212547196617,-0.40768772943032994
4,-0.3120253799654442,-0.47478336134344706
4,-1.1026623418971475,-1.1898395024039814
4,-1.594234653816006,-1.2971237210539548
4,-1.3601514477826377,-1.244654397179063
4,-1.3679767852945943,-1.195667848724201
4,-1.50991376811597,-1.3277559073221337
4,-1.3265841001363698,-1.2477897913024307
4,-0.4375301220789325,-0.4206316634074733
4,-0.4375301220789325,-0.30064304301692846
4,-1.431363764158987,-1.2640644978471125
4,-0.5818566052396754,-0.627693352825114
4,-0.8278390345727509,-0.711913705365115
4,-0.31527043477859173,-0.5368511190130238
4,-0.8782664032669114,-0.5658286290605029
4,-0.5166297960033361,-0.5603924834298033
4,-1.431363764158987,-1.2149434465680637
4,-1.272474535210928,-0.8301312331990481
4,-0.7634279935629378,-0.6766729214639071
4,-1.0321846833714012,-1.0696620984588352
4,0.0,-0.6699879275930781
4,-0.7289332277134619,-0.39428450764541634
4,-0.338818556553381,-0.7634527085567204
4,-0.6056052720926122,-0.6566327109092207
4,-0.3901303070435729,-0.6244988149560786
4,-0.3901303070435729,-0.646892009892523
4,-0.20411998265592501,-0.4380731230435465
4,-0.5071746648863202,-0.7186167277078171
4,-0.809233790055691,-0.3951318965732388
4,-0.4401601843605114,-0.8315122177406152
4,-0.5605087756033109,-0.6860588240841284
4,-0.42247728842341825,-0.6830396750644371
4,-0.16272729749769965,-0.6076555166311153
4,-0.8308102740885168,-0.6925849220294339
4,-0.5412007931861664,-0.5661729895930286
4,-0.37485318836652937,-0.7145446391832436
4,-0.3889566680708807,-0.5780854932574915
4,-1.6007006960652372,-0.760238395477363
4,-1.4465112784573861,-1.0619266037962278
4,-1.647232460848894,-1.270442232389083
4,-1.4573771965239048,-1.3120099194170898
4,-1.3424226808222066,-0.8714473086506546
4,-1.4832815634244811,-1.44227422201091
4,-1.3700399458583679,-1.4184135938823061
4,-1.3954512082683426,-0.6437337273492385
4,-1.6495782291202499,-0.9334307897242224
4,-1.4097207554469229,-0.970586780067797
4,-1.26884531229258,-1.4885453349057807
4,-1.4018450592255762,-1.1294285670943174
4,-1.5820633629117085,-1.4543769460318723
4,-1.5194529553397151,-1.5865072375400096
4,-1.357934847000454,-1.4268953522593393
4,-1.1256386472866255,-1.2860779923312782
4,-1.4458937088134602,-0.857073918364648
4,-1.3639699395101044,-1.5858445713524125
4,-1.5538830266438746,-1.3838255648889766
4,-1.1080941799605704,-1.0603331389355644
4,-1.64204033546293,-0.7921043447900544
4,-1.3400940185036232,-1.2046606803515743
4,-1.0046284041820712,-0.974346419132208
4,-1.5529998652172008,-1.324045593142852
4,-1.3802112417116064,-1.0027147313417972
4,-1.3354307920172426,-0.7913757524957292
4,-1.5141048209728316,-1.1664390365525596
4,-1.5357159699855094,-1.2176832805408149
4,-1.3802112417116064,-1.2612841777374788
4,-1.9978230807457251,-1.4269726553229312
4,-1.2385022948534123,-1.145202034084041
4,-1.9023137678721662,-1.1681477810032292
4,-1.4559319556497243,-1.3188166212693069
4,-1.5227236124042802,-1.2123653760077286
4,-1.897627091290441,-1.088968868341136
4,-1.780557320149522,-1.1202195630102898
4,-1.5940523941160922,-1.057404333527592
4,-1.5968360472043743,-1.1108871878746425
4,-1.3309932190414244,-0.8443120615182875
4,-1.1456128582964702,-1.443522129287888
4,-0.30102999566398125,-1.0244661482132387
4,-1.2167521925969762,-1.1311720260871378
4,1.0785533136364274,0.8733275700064216
4,1.5163745538673359,1.3141683247739766
4,1.7649308809849815,1.0646533837276315
4,1.3720933514894265,1.0982420406411788
4,1.5642714304385628,1.1303015536488277
4,-0.47172622283295595,-0.6631467356915441
4,-0.38021124171160636,-0.7369652111469464
4,-0.4313637641589878,-0.769424691789172
4,-0.4658402443099732,-0.6365897327146899
4,-0.21260809288144422,-0.7151752921976182
4,-0.8328635835972458,-0.8537176670509387
4,-0.9542425094393252,-0.7020737165694805
4,-0.8616973018337184,-0.7310041016162896
4,-0.6127838567197355,-0.7305755651889223
4,-0.6320232147054057,-0.7572975394742931
4,-0.6184504075161321,-0.7392211554074316
4,-0.349334675238536,-0.6351203378991094
4,-1.1461280356782382,-0.9212725707969814
4,-0.3521825181113627,-0.7661559414903346
4,-0.9702081297444902,-0.7661559414903346
4,0.279840696594043,-1.6114408596393925
4,0.0,-0.5502298260726056
4,0.0,-0.4437848026744086
4,-0.7403626894942441,-0.4598231288375303
4,-0.7739952906124863,-0.7087202255110099
4,-0.7145377815626688,-0.6721525803035779
4,-1.0700378666077555,-1.3987312894333894
4,-0.18920560663662211,-0.4904283827994885
4,-0.644168069370231,-0.7827682987701321
4,-0.2639451480479682,-0.44071904379409954
4,0.0,-0.5743573199666757
4,-1.0315170514460652,-0.46778540907178906
4,0.0,-0.47520000822190417
4,-0.7447274948966935,-0.3107270180173545
4,0.0,-0.7014223591635439
4,0.0,-0.43279850794777086
4,-1.4149733479708182,-0.6830646042019853
4,0.79707326088554,0.07626864007865591
4,-0.775216817044595,-0.5603223073836316
4,-0.8076062297219195,-0.7924805726453608
4,-0.39138190284952223,-0.683369529728155
4,-0.9646720376582572,-1.028577805521384
4,-0.8239087409443187,-0.9015914184232068
4,-0.14612803567823818,-0.36163325911991645
4,-0.28254658996996795,-0.550101678866443
4,-0.4890204780193699,-0.5678172750606822
4,-1.0211892990699383,-0.9566053777181347
4,-0.9373297907445419,-1.1320216590138057
4,-0.30102999566398125,-0.6001931095372475
4,-0.46915232504838666,-0.6190946308293921
4,-1.1836443969461268,-0.76068541324286
4,-1.230448921378274,-0.8567233000237593
4,-0.6020599913279625,-0.5692543332925515
4,-0.4293484729236612,-0.4540475932787315
4,0.2762064119389489,-0.22913543648316903
4,0.37332567307531406,0.25912502344553506
4,0.5581704972089012,0.36818979570971094
4,0.7032250103799518,0.481072150162657
4,-1.7809263044384158,-1.3448564081053689
4,-0.8319763626923518,-0.5885423510892613
4,-0.14612803567823818,-0.38006197077396475
4,-1.174018250432816,-0.8935298275951897
4,-0.35396607085177934,-0.6447632467504545
4,-1.5878712508601485,-0.4863691836212993
4,-1.113943352306837,-0.5029511821583045
4,-1.4035680936804633,-1.4634149083783188
4,-1.3605460815961639,-1.2121705894966612
4,-1.3332146790353825,-1.5286892651056685
4,-1.3976121155028922,-1.6695704302656782
4,-1.2900346113625183,-1.15801126356117
4,-0.5051499783199063,-0.6820238326902615
4,-1.359021942641668,-1.3540707043034612
4,-1.0969100130080562,-1.562021851239338
4,-0.9363309201306222,-1.4590270096186357
4,-0.355387657986574,-0.4060110673949205
4,-0.6671781699121677,-0.6046783245549332
4,-0.5729576096236553,-0.5724065129518073
4,-1.1760912590556813,-1.3218948361354896
4,-1.8388490907372557,-1.5228451712802455
4,-1.1507237873673866,-1.3460079613512517
4,0.30102999566398125,-0.29975164348663247
4,0.7781512503836439,-0.29901203048276626
4,1.433655560938572,0.25521547387677274
4,1.1383026981662816,0.8067799114045209
4,-0.3077633783229494,-0.5491628094619897
4,-0.4202164033831899,-0.5728203569090523
4,0.0,-0.6419868776501821
4,-2.499397649430815,-1.5592757331294282
4,-1.4980283540813364,-1.2086525098497034
4,1.1962946451439684,0.3376717111521282
4,-2.3039156839014696,-2.1065587283820424
4,-2.3790031895226376,-2.0646718633242256
4,1.518513939877887,-0.07161537987307237
4,-1.230448921378274,-1.6495431482744085
4,-0.3032628770962731,-0.525437411771595
4,-1.438747391205414,-1.3035790408299874
4,-1.1594437878248467,-0.9569197138915064
4,-0.24693309256981877,-0.4663169385618959
4,0.6344713774668973,0.305084549428894
4,0.8265328847704678,0.4240683911032867
4,0.73797776048103,0.305084549428894
4,0.38929089956352403,-0.017747699297940844
4,0.9147446062401823,0.32640669221220925
4,0.6086801142439748,-0.311595335266752
4,1.4831997463478501,0.18807685877842256
4,0.8167063456599948,0.4240683911032867
4,0.17609125905568135,-0.29486046996782467
4,0.0,-0.12363780643653643
4,0.8450980400142569,-0.14405190424634062
4,1.7508642767193097,0.35693513461469967
4,1.9921746624880434,0.3582632573139269
4,0.5969565896898335,0.25603701008941
4,-0.5533333447033018,-0.3383501431562004
4,-1.0159685076998723,-0.8568633507841809
4,-1.3685816523588086,-0.919553751658555
4,-0.22184874961635614,-0.45631246160762245
4,-1.3187587626244124,-0.9346030786723472
4,-1.5691787649333069,-0.9394379969286689
4,-0.9700367766225568,-0.7664632529466509
4,0.0,-0.42733632171504876
4,-1.1912646619703375,-1.027369316069409
4,-0.5740312677277188,-0.7132167041715899
4,-1.4711190636776532,-0.7825786671208095
4,-0.4375301220789325,-0.3635031562709857
4,-1.3729120029701072,-0.7171061044178703
4,0.0,-0.12383283492136138
4,-0.42596873227228116,-0.589009733314052
4,-1.269512944217916,-1.187021571013974
4,-0.6320232147054057,-0.955810444174052
4,-0.5946780377053624,-0.615075839817544
4,0.352235685510248,0.4885050893179161
4,0.8846065812979305,0.3773039615067841
4,1.113943352306837,0.8948606535233807
4,0.9700367766225568,0.5603713646889479
4,1.6266824662362946,0.7379325109759496
4,0.0,-0.4162384237310188
4,0.0,0.13871496262950728
4,-0.4966769233397832,-0.7163914871356596
4,-1.4771212547196626,-1.06393283074174
4,-0.5004497215452615,-0.6370350563716208
4,0.0,-0.2307401868160331
4,-0.15490195998574308,-0.3244515559563402
4,-0.15490195998574308,-0.21077647737270258
4,-0.15490195998574308,-0.2651351164160752
4,0.45319267569014343,0.3285659516351816
4,0.4200275386348755,0.29276387491776973
4,0.15933357478481813,0.05559527195731567
4,0.8288588489716178,0.19068025693528673
4,0.18448680416588203,0.22311983975770017
4,1.0058072715777469,0.014762153723105409
4,0.5661474354373173,-0.24035107503776176
4,0.33751319193400686,0.30981113068272675
4,0.8639199713173529,0.2377876282577978
4,0.9465926090058607,0.6703645802639835
4,0.7750122988011618,0.6481231437073038
4,1.0217971290948444,0.4361649491646517
4,0.1452689827860576,0.13493542972569322
4,0.25735341006126333,0.18595328748478818
4,0.19010375339756092,0.30032404174779553
4,0.6904166833935195,0.7931333605424276
4,0.0,0.7393289593069339
4,0.5502723567515604,0.41790770414432027
4,0.023675089903716362,0.31841521309360304
4,0.2974496416522383,0.7992707209102263
4,0.5389186541454025,0.7146559071323433
4,0.7525113222809265,0.10331838448386182
4,0.5529505287088154,0.43732918905339097
4,0.2508049577803275,0.645788439227325
4,0.4575007247852527,0.4556175854987798
4,0.0,0.7678202434548063
4,0.0,0.37120781951669507
4,0.0,0.06489678357923451
4,0.0,-0.12198170763513488
4,-1.134698573897456,-0.8663803869034681
4,-2.278753600952829,-0.7856066069764189
4,0.4056057432185165,0.07914291613048047
4,0.9355691221959512,-0.09780298295460377
4,1.096694885284169,0.22800387906268355
4,-1.0959947450572747,-0.7783736087102404
4,-1.3424226808222057,-1.1862672094075994
4,-0.11303951330859263,-0.4451834334472313
4,-0.6020599913279625,-0.42876159299511324
4,-0.23099212905622668,-0.5160118419663705
4,-0.8398968463284486,-0.6936637752687986
4,-0.4623979978989565,-0.5125864493720602
4,-1.3010299956639813,-1.5498642662512028
4,-0.9898603686491203,-0.8973285171123853
4,0.0,-0.5709559213804852
4,0.0,-0.5674725629214035
4,-1.0457574905606748,-1.044878765460565
4,-0.41017446508904953,-0.6436175326790804
4,-0.5460648041063507,-0.44056135871193863
4,-0.7533276666586115,-0.5828657698337497
4,-1.2009148427807128,-0.6493261797777492
4,0.9852767431792939,0.03010605656968257
4,0.0,-0.20912612414252385
4,0.0,-0.19017373233160617
4,-0.3979400086720375,-0.35051732019395415
4,-0.20411998265592501,-0.5586024008989239
4,-0.4771212547196626,-1.2630755026715963
4,-0.4771212547196626,-1.7377471261114752
4,-1.1505139038522927,-0.8755669557826353
4,0.38021124171160636,-0.4827258548791219
4,-0.09691001300805624,-0.4767195375360772
4,-1.2552725051033056,-0.9679750066180168
4,0.07058107428570715,-0.732984402076104
4,-1.2212278853477807,-1.135810131029762
4,-1.3760790080450676,-0.6533729008744179
4,-1.1801596211900938,-1.130010115268512
4,-1.007424018079207,-0.8080117405261725
4,-0.9777236052888476,-0.8306784235596937
4,-1.153814864344529,-1.2855743580858117
4,0.0,-0.5551688057133343
4,0.0,-0.31441524099500606
4,-1.3441906747575478,-0.6155031293432784
4,-0.5198558016467656,-0.707633339261791
4,-0.43443004088932113,-0.6233192721035086
4,-0.5897068914238304,-0.6798518246722558
4,-0.653212513775344,-0.6394185866118411
4,-2.9537548120473627,-2.304632533873863
4,0.7634279935629369,0.13793641264697393
4,-0.2996534668351778,-0.5678974384129046
4,0.0,-0.14493291847624223
4,0.0,-0.13018511114471715
4,-0.3979400086720375,-0.22869509668812846
4,-0.3979400086720375,-0.24408737804055108
4,-0.3979400086720375,-0.3396842528718675
4,-0.23823916580452575,-0.5448948467899509
4,-1.5481846105451078,-1.779831184401126
4,-1.2018200947643445,-1.3969381038802087
4,-1.3620839610739592,-1.672300179894306
4,-1.799154196959024,-1.612477535202568
4,-1.1893195247894361,-1.8571164923942385
4,-1.2518119729937993,-1.74259997997983
4,-1.6020599913279625,-1.534285430064635
4,-1.4593924877592306,-1.3915381055548997
4,0.9030899869919438,0.19079550784799842
4,0.6020599913279625,-0.024190307709679892
4,1.1461280356782382,0.604222470855835
4,-0.6125209233089581,-0.8175121586188621
4,0.38021124171160636,-0.4477977933084854
4,0.3979400086720375,-0.45492023761820116
4,-0.6756986619230307,-0.6059938479827821
4,-1.4372678984262883,-1.1290037615232982
4,-1.0161684976948866,-0.7722650680776868
4,0.0,-0.3596585126124428
4,-0.6020599913279625,-0.8261225414109682
4,0.0,-0.5158978092625974
4,-1.7909884750888159,-0.821839437066763
4,-1.1174457461429075,-0.9176801751473829
4,-1.0826695738934466,-0.6695655213634898
4,0.43818045492417124,0.29520293093094313
4,0.6354341975677036,-0.11141973087124357
4,0.16234844215360766,0.5547671311543336
4,-0.30102999566398125,-0.3718608853905991
4,0.30102999566398125,-0.3896919839874856
4,0.4189453307158164,0.13795550239270288
4,0.6544324428974422,0.43596461646467505
4,0.43468809354410887,0.31377887280361055
4,0.7781512503836439,0.015780708391607612
4,0.17609125905568135,0.15501026306700721
4,1.0,0.26682842213061814
4,0.30102999566398125,0.526471760986462
4,-0.4771212547196626,0.3874113046735365
4,1.0,0.6989217631263687
4,-0.8325089127062366,-0.5774086491906438
4,-0.04845513955992686,-0.40305783284194036
4,-1.0496419314221423,-0.4609168770413398
4,-1.2344639991151105,-0.4167716299661871
4,-1.2976237469720697,-0.381503564807669
4,-1.0211892990699383,-0.9782209474863597
4,-1.125806458139527,-0.907825080654896
4,-0.7781512503836439,-0.5110373936525135
4,-0.9604914587163265,-0.7177380190124116
4,-0.2304489213782741,-0.22467656821574136
4,0.0,-0.32878203509110365
4,-0.374137093999412,-0.4352847911465344
4,-0.05982055802409558,-0.17258794759236812
4,-0.11229725627967468,-0.3577560505212865
4,0.16061660671589717,-0.4002892937329827
4,-0.31481828014961444,-0.18913550505310572
4,0.020684598859850745,-0.09338103879514831
4,-0.08364212367298762,-0.3480925117013313
4,0.13262556527459068,-0.11667414789745084
4,-0.10198953853733084,-0.32393376018328146
4,-0.1249387366082999,-0.27919444480846634
4,-0.40041462779989345,-0.544588448075124
4,-0.15892323391866725,-0.29640426145960475
4,-0.10616473573321805,-0.4116515633181011
4,0.05115252244738144,4.714055974774922e-05
4,-0.6365004335419719,-0.6243861950418472
4,0.6687190734409958,0.04479184600585745
4,-1.6442112696605529,-0.7529075067804896
4,0.0,-0.13508530460817675
4,0.8016178699917056,0.6428205400256983
4,-1.2411361328069157,-0.9771648449209045
4,-0.6684126707675615,-0.5555157482255664
4,-1.2002249387724007,-0.5456259299560704
4,-0.2596373105057559,-0.4830448774687071
4,-0.8834944309285628,-0.4551243521603545
4,-0.8586708472035305,-0.6776360364566362
4,-1.3340302557669066,-0.5225362979499045
4,-1.1317935832540487,-0.543015620406683
4,-1.1485077374235928,-0.5860997648977873
4,-0.48314724113633556,-0.46126743220960237
4,-0.3251455612858125,-0.6902747373453462
4,-1.1290946963794575,-0.7490818821513032
4,-1.1620186307939715,-0.7697402087848852
4,-1.5378190950732744,-0.8555305540907687
4,-1.201852121200102,-0.7546753184955582
4,-1.207980403469163,-1.0484714133829933
4,-1.153814864344529,-0.9300504491506487
4,0.8883667301712368,-0.43277926902369146
4,-1.2983898994977725,-0.9417845545894195
4,-0.8293037728310244,-0.4930865590718448
4,-1.5538830266438746,-0.9430646004296444
4,-1.2900346113625183,-0.5932756199508348
4,-1.1856365769619117,-0.4201312822107915
4,-1.8899478139300738,-1.0658152258375464
4,-1.0667513375652513,-0.8982023994501724
4,-1.1681223293844054,-0.5621513720057073
4,-0.955032854483477,-0.5259775739001853
4,-0.2355284469075496,-0.41966663002031235
4,-1.0533739824413395,-0.5219429613804454
4,-2.6137983945992067,-1.145900893281165
4,1.6020599913279625,0.5394861687211829
4,0.7781512503836439,0.5930557837818247
4,0.5081554884596313,0.026413912886200153
4,0.2683104668039187,0.22043170033242482
4,0.8493884764952844,-0.21078104005388307
4,0.48586619024719013,0.136641772693534
4,0.45843904175190797,-0.12606689240146468
4,0.779368980551908,-0.12035841556830312
4,-0.19897074537756954,-0.3935539503941366
4,-1.2403321553103694,-0.9477012981229418
4,-1.4722687519252506,-0.8316305530481722
4,-1.1663314217665253,-0.7901435635359442
4,-0.960232873128513,-0.8596407113831336
4,0.0,-0.77293357272834
4,-1.0,-0.44149520356648875
4,-1.1437352225623476,-1.1296516704362718
4,-1.6962891656882473,-0.8576601598427838
4,1.072489365083169,-0.07625524457833688
4,0.0,0.0719496305893868
4,-0.6989700043360187,-0.512395764439011
4,-1.1702617153949575,-1.1246803920911659
4,-0.43933269383026285,-0.5705833097992526
4,-0.6460339291482207,-0.4102101007142187
4,-0.9208187539523749,-1.2977426911940912
4,-0.9829666607012193,-0.5996294774701352
4,0.10720996964786877,-0.18585270521505964
4,0.2850418902798513,-0.06262716847771599
4,-0.3521825181113627,-0.5918937455149276
4,0.4040630937308265,0.43084921825102257
4,0.6872316010647745,-0.38205827855022634
4,0.7771305813312361,0.8938874056792101
4,0.6266567538842605,0.7624442266501212
4,0.6182848926385986,0.32756273365297434
4,1.259844068177789,0.6170815687811502
4,0.9240900922092257,0.8504270252481674
4,0.7937903846908192,0.13745124779785817
4,-1.2218487496163561,-1.2593801651768428
4,0.4610493196492511,0.4221470973741746
4,0.9772370007764248,0.37501549755429114
4,0.5769756483744999,0.36752348905796856
4,1.322592881408056,-0.3793807066959451
4,1.3017133860204186,0.3518655582082521
4,1.2195039221899133,0.1715711840747654
4,0.7139670542376466,0.6351760576974685
4,0.681696234255238,0.12599653040686626
4,0.4610493196492511,0.3381070866156884
4,0.7191542243137574,0.054897458892829876
4,0.8540339842758531,0.24754583552481618
4,0.41912930774197577,0.6351760576974685
4,0.8563790504239464,0.12599653040686626
4,0.8214045648353983,0.3381070866156884
4,0.70351763208674,0.24754583552481618
4,-1.085171609736812,-1.0352190131878622
4,-0.04111258551491215,-0.5296026816734527
4,-1.370665923805375,-1.506385243883655
4,-0.9398127940166834,-1.0140889803944018
4,0.0,-0.19836871871858863
4,0.8810742471742232,0.44376467749771514
4,-2.1692364124099317,-1.1152074348627439
4,0.0,0.21525858409007276
4,0.451927270561173,0.1997001130480483
4,-1.338818556553381,-1.1982357657049694
4,-1.2160192059556323,-0.9557178183470298
4,-0.6989700043360187,-0.8852787748677602
4,-0.3502480183341632,-0.5325339236024437
4,-0.9999999999999991,-1.407807802513106
4,-0.8538719643217618,-0.6533086156670573
4,-0.9868385539420288,-0.7446796616172475
4,-0.3484546455921187,-0.5959464637003294
4,-0.7373149964122376,-0.5036177542658969
4,-1.2284793285153688,-1.1188482137805407
4,-0.7781512503836439,-1.28253068500138
4,-0.7727562184969372,-0.513025738566402
4,-0.9363309201306222,-0.6032693352041422
4,-1.2485009443877964,-0.6198051558931107
4,-0.3099848383169075,-0.49475928726479185
4,0.0,-0.13059654135114313
4,-0.639201799332529,-0.6627767543347266
4,-1.0483046795745548,-0.5748457009006518
4,0.0,-0.335465816712036
4,0.0,-0.4711810168265742
4,-0.7403626894942441,-0.7151796773578165
4,0.0,-0.2489743485828888
4,0.6020599913279625,0.2398938215922734
4,0.30102999566398125,0.9398313734737336
4,0.9542425094393252,0.7551874672450325
4,0.9700367766225568,0.43237158437772566
4,1.5228787452803374,0.6470012693309519
4,-0.3494856763830949,-0.3667721698847442
4,-0.09691001300805624,-0.3985879390111602
4,0.07918124604762511,-0.14945186144884504
4,0.26785190423374505,0.34917289633918763
4,0.22943874649712015,0.4266526142751042
4,0.0,-0.3288708296110602
4,-0.10206004319610873,-0.3339091344131409
4,-0.3494856763830949,-0.4588620313334286
4,0.09455610761457933,-0.24322394307131176
4,-0.3979400086720375,-0.1675834736992038
4,0.37679174465498644,0.565494694174957
4,0.0,-0.10163759912038417
4,0.0,-0.34131613676015193
4,-0.15051493100552538,-0.16460839276976186
4,-0.389075175605468,-0.3360781272022696
4,0.15051493100552538,-0.20598714127039908
4,-0.4375301220789325,-0.37469102219705736
4,-0.4375301220789325,-0.553248486517651
4,-0.389077352590518,-0.27675865881201944
4,-0.03959044503700948,-0.11439991611371475
4,0.23855876556918343,-0.1435027824519972
4,-0.7870157984620274,-0.3391735991380658
4,0.0,-0.2110931560578094
4,0.0,-0.1822277109808177
4,-0.4375301220789325,-0.2613422141890625
4,0.0,-0.21352408318041713
4,0.0,-0.32097493873402005
4,0.0,-0.17530207698911038
4,-0.4375301220789325,-0.22502231467387682
4,0.0,-0.09851822912270786
4,-0.3494856763830949,-0.2902061237241692
4,0.0,-0.4643500423302595
4,-0.3494856763830949,0.03830155080916309
4,0.0,-0.12456158584523663
4,0.0,-0.15428429709128638
4,-0.3494856763830949,-0.4208511166580191
4,0.0,-0.31219333576823527
4,0.0,-0.12610488317842733
4,0.0,-0.06642927358817197
4,-0.30102999566398125,-0.03295991316073571
4,0.0,-0.2432981485046854
4,-0.30102999566398125,-0.16322705269979904
4,0.0,-0.26717830234690465
4,-1.7781512503836439,-1.375555000970268
4,-1.568201724066995,-1.4323642067862128
4,-1.3909351071033793,-1.2497830692579688
4,-1.4913616938342722,-1.2652045979651692
4,-1.3010299956639813,-0.9998023421369107
4,-1.2218487496163561,-1.2886485516765336
4,-1.3979400086720375,-1.3488882581485646
4,-1.0969100130080562,-1.0263011168660499
4,-1.3010299956639813,-1.0119102987987567
4,-1.198657086954423,-0.7434014473311584
4,-1.6020599913279625,-1.4039326037175797
4,-1.4419568376564111,-1.363475150282745
4,-1.3480265583402051,-1.2907755371709948
4,-1.134905331569489,-1.047801053427656
4,-0.9542425094393252,-0.534654080226103
4,-0.42596873227228116,-0.9362524833943154
4,-0.5228787452803374,-0.9501631459344686
4,-0.5228787452803374,-0.8235937006055939
4,-0.4771212547196626,-0.9169537439855364
4,-1.4996870826184043,-0.8842955947685289
4,-1.3679767852945943,-0.8951661322717948
4,-1.190331698170291,-0.9385164026907633
4,-1.3929480631145381,-0.8264994650394901
4,-1.119475840906798,-1.1608111042431137
4,-1.355387657986574,-0.9320389757090777
4,-1.4036923375611288,-1.3840924908808772
4,-0.8954839347570029,-0.8603692134463952
4,-0.695648424229586,-0.3581869059420654
4,-0.4149733479708182,-0.5723000509153703
4,-1.2359750178074123,-1.5476110656003992
4,-1.0672352615654335,-1.7289677275960995
4,-0.9661417327390325,-0.7570566735531612
4,-1.3010299956639813,-0.8650129994926579
4,-1.5051499783199063,-1.7198135850997769
4,-1.7558748556724915,-1.5895732954213122
4,-1.685741738602264,-1.6297417890286252
4,-1.6180480967120925,-1.4462241899981396
4,-1.6690067809585756,-1.5307211653686754
4,0.6296719922204899,0.16072207876221173
4,0.5983321188087194,0.38965669165835987
4,0.2767614209370439,0.17613915312888745
4,0.15734628357760183,0.40596640716313886
4,-0.09005152751604584,0.08954014633237933
4,0.2353756021490181,0.0538188451655231
4,0.3667897898651731,-0.10912551582881719
4,0.48921210380499947,0.0651867475694205
4,-0.04778894189133087,0.17370669580939052
4,0.0,-0.33967959453761215
4,-0.3494856763830949,-0.42061744313909494
4,0.0,-0.30522031814818323
4,0.0,-0.3432722405023057
4,0.0,-0.38262836117097776
4,-0.7870157984620274,-0.43061809607892854
4,-0.4375301220789325,-0.3461529908369443
4,-0.3494856763830949,-0.4032997654230943
4,0.0,-0.34158094220140583
4,-0.09691001300805624,-0.36327782738729547
4,-0.3494856763830949,-0.3678615113509857
4,-0.3494856763830949,-0.5103318898148249
4,0.0,-0.4256759623535143
4,0.0,-0.45097708325735486
4,-0.4375301220789325,-0.31388939037597186
4,0.0,-0.3712506560326471
4,0.0,-0.5908977806406354
4,-0.3494856763830949,-0.33932059097406503
4,0.0,-0.3814728532413874
4,0.0,-0.27858640854746786
4,-0.4375301220789325,-0.4165566078484295
4,-0.45154571957920364,-0.6167937603681029
4,-1.310370021918124,-0.6991125739795551
4,-1.0399875249893382,-0.6949134117112451
4,-0.3651474952757301,-0.7797918100650538
4,-0.8522634644019309,-0.6555359171314097
4,-0.550649497692774,-0.4370207063719498
4,0.0,-0.33479506713310303
4,-0.008209265560077839,0.28097990324316663
4,1.063783468125422,-0.21438432805583366
4,1.0267793761882515,0.16284312078399993
4,1.0400659671353036,0.3412751572436898
4,0.6857670331351287,0.0380299444015888
4,1.0245022972506561,0.22585876118828158
4,0.7913446290509967,0.010465688939634954
4,0.7284446902292494,0.5577966559152197
4,0.614154047356525,0.25515862153657604
4,0.9447233451859223,0.6446153468588331
4,1.0895383657052022,-0.2895132526125207
4,-1.4641562775552943,-1.2788840662448653
4,-0.008038355111862572,-0.0031695945687292837
4,-0.8450980400142569,-1.1318161237942537
4,-1.2430380486862944,-1.0122689156681806
4,-1.7283537820212285,-1.620041472471438
4,-1.0248235837250323,-0.5967066673359964
4,-0.8562344061322165,-0.7014212750126059
4,-1.8195439355418692,-1.2059308271135671
4,-1.8195439355418692,-1.3311046527174324
4,-1.3222192947339186,-1.4154037692355002
4,-1.8512583487190746,-1.0172005624020293
4,-0.8361431973613307,-0.6951865128469148
4,-0.7367585652254185,-0.8732115527613914
4,-0.8616973018337184,-0.8249311334780327
4,-1.0310342337399687,-0.8434901559084662
4,-0.9330532103693869,-0.9186925659256004
4,-0.1870866433571443,-0.22601391208209531
4,-0.14612803567823818,0.058998811069699675
4,0.0,-0.2929932317213174
4,0.16272729749769965,0.008815707228562397
4,-1.1383026981662816,-0.7925227042540892
4,-0.5228787452803374,-0.5887342560185339
4,-0.035912621145258505,-0.23567773822986815
4,-0.353745534848775,-0.6720931291652915
4,-0.27303720999868375,-0.42399223708491607
4,-0.6020599913279625,-0.2930474351243466
4,-0.25731535616566603,-0.42382357465192966
4,-0.2240148113728644,-0.4522180712750153
4,-0.10349273312891683,-0.25039741014484507
4,-0.6378332609820365,-0.6326901734885613
4,-1.1055101847699733,-0.6895661529897563
4,-1.0791812460476242,-0.9021066481254559
4,-0.8283178598493732,-0.9707677358327678
4,1.9138138523837167,0.6458320773355042
4,1.3802112417116064,0.8947062335706026
4,-1.079181246047625,-0.5956646905535115
4,-0.9751764162749677,-0.7571554093669675
4,-0.9030899869919438,-0.6640943723213875
4,-1.7754621118728622,-1.4468808148847003
4,-1.7874342339527498,-1.4960726606575978
4,-1.2867895565493708,-1.2399951239800522
4,-1.472965294948505,-1.1980088416032897
4,-0.9030899869919438,-1.2007002056673346
4,-1.0894004112293114,-0.9254884384694944
4,-0.8494839081883114,-1.1396055656905102
4,-0.6690067809585756,-0.9858963280964526
4,-0.8450980400142569,-1.237188851474911
4,-1.4471580313422194,-1.361294812223351
4,-1.3771847870814184,-0.8529514554121025
4,-1.2430380486862944,-1.0555953479643336
4,-1.6901960800285138,-0.7989447532950309
4,-1.8633228601204568,-1.133428860623997
4,-1.703291378118661,-0.6199631150524972
4,-0.6020599913279625,-1.2056885242482358
4,0.05799194697768684,-1.1266750779314694
4,-1.5440680443502757,-0.8103336838246191
4,-0.7781512503836439,-0.9220367133116951
4,-1.079181246047625,-1.1044606928042826
4,0.32330639037513365,-1.6245641462504905
4,0.0,-1.260359592291522
4,-1.6842467475153127,-1.0836280199647492
4,-1.860338006570994,-1.7778988520858992
4,-0.6989700043360187,-0.8372896596349528
4,0.0,-1.1212303082549857
4,-0.8791778295865322,-0.7508659711053955
4,-1.0855214240786433,-1.0620023869243205
4,-1.213879819945081,-1.4064153676675677
4,-1.1160933293803952,-0.984120501063908
4,-0.25257524375317963,-0.3811096979407204
4,-1.1393684520309417,-1.1927794373086649
4,-1.0,-1.1927794373086649
4,-1.0,-0.47796587266209273
4,-1.0,-0.38393723501115307
4,-1.0,-0.46379771337273396
4,-0.6989700043360187,-0.8434270758542217
4,-1.1583624920952502,-0.6165392227521382
4,-0.4771212547196626,-0.1808674634783159
4,-1.0413926851582254,-1.1717467395510763
4,-1.1461280356782382,-1.439814673967289
4,-1.1832698436828046,-1.4626474393515896
4,-0.9700367766225568,-1.4204779009432034
4,-1.1083394747888384,-1.0629122472093202
4,-0.8129133566428557,-1.082024239989882
4,-0.9542425094393252,-0.825039689101386
4,-1.0969100130080562,-0.7586971803822988
4,-1.3010299956639813,-0.8099067143769016
4,-1.0863598306747484,-0.8619636156500187
4,-0.8450980400142569,-0.8158499369823751
4,-0.8293037728310244,-0.9171145667053953
4,-1.0,-0.7447276344199122
4,-0.8485957325996907,-0.7285857049778206
4,-1.3273589343863303,-1.1842399238352441
4,-0.3606839977965217,-0.668595969413188
4,-1.4425378337054742,-1.2277777779367538
4,-0.5794353717028686,-1.0445961847793583
4,-1.053684858962776,-1.5145383200206974
4,-0.5696265473873332,-0.7780195125076743
4,-0.9809013839687024,-1.3782674106871053
4,-1.0636690798693778,-1.0932955765476797
4,-0.9420080530223132,-0.8435877604170695
4,-1.0299632233774432,-1.1126273492019616
4,-1.0769597860536666,-1.1553584327572228
4,-1.019595556063381,-0.9416543127892155
4,-0.6627578316815743,-1.0616428348400655
4,-0.8920946026904808,-1.0678781606451526
4,-1.4049261295327038,-1.6562671530601778
4,-1.1461280356782382,-0.5990266643916174
4,-1.4471580313422194,-0.8916767702390831
4,-0.9542425094393252,-0.8954140875810241
4,-1.230448921378274,-0.6340993173855878
4,-1.7501225267834002,-1.4956866404243632
4,-1.134698573897456,-1.004522773745458
4,-0.32123338175226746,-0.6217314402599035
4,-1.3881801713828814,-0.8846007113182042
4,-0.9488474775526186,-0.7503925001754992
4,-1.1413291527964695,-0.24929797152890945
4,-0.5362427068383191,-0.4706148783906395
4,-0.30102999566398125,-0.5666017311233461
4,-0.6478174818886373,-0.5561036492190432
4,-0.21559980033935489,-0.5305881645784719
4,-1.3273589343863303,-1.0466452275971008
4,-0.3933442569828882,-0.791067211592233
4,-0.811888600118249,-0.8868179695780756
4,-0.639201799332529,-0.7641580380516068
4,0.05115252244738144,-0.6675720123851642
4,-0.2510560207021424,-0.5813792998031289
4,-0.4232458739368079,-0.7732510592580749
4,-1.359624710929828,-0.9145750517833804
4,-0.48666657262589297,-0.5438209079074212
4,-1.1268732363854994,-0.8140930134348896
4,-0.49600659888003573,-0.2977497988414356
4,-0.7569619513137056,-0.5268141858061681
4,-0.8880262405560675,-0.6632483296152363
4,-0.4890204780193699,-0.5998502809947961
4,-0.5713911715615101,-0.5391592097655311
4,-0.2308574535331438,-0.19412745317842994
4,-0.30935112938274134,-0.5432607183911051
4,-0.5011594955871015,-0.27497090686205106
4,-0.5399120845791181,-0.5574480205819039
4,-0.44909253111941894,-0.6866668061772938
4,-0.08432088570003593,-0.21720652303752447
4,-0.9274493328513884,-0.7487889218634858
4,-0.3907614240449142,-0.5410936024514319
4,-0.8519374645445623,-0.7750920543781147
4,-0.2200696759654459,-0.4563931661212916
4,-0.40565926106331407,-0.5001792417554584
4,-0.9133091521736292,-1.0698464887817103
4,-0.9016202919111684,-1.1973266634557505
4,-0.7118072290411908,-1.204692553585677
4,-1.3309932190414244,-1.02986407426058
4,-1.7817553746524686,-1.8803871350481958
4,-1.653212513775344,-1.7515455273598945
4,-1.845098040014257,-1.7776338417661508
4,-1.7853298350107671,-1.6965429055604162
4,-1.3233063903751336,-1.163650128696095
4,-1.0969100130080562,-1.2158674195992882
4,-1.3979400086720384,-1.5285129360293637
4,-1.260912772455999,-1.3396905846778027
4,-1.3815495924838688,-1.461751689288206
4,-1.5468790216841048,-1.3342196283746481
4,-1.3010299956639813,-1.3377758867095906
4,-1.8129133566428557,-1.5861433542780738
4,-1.4771212547196626,-1.5776346536625652
4,-0.7611179110848632,-1.333710216072045
4,-1.3521825181113627,-1.2704962496834227
4,-1.3710678622717358,-1.1046284200930057
4,-0.9315426193441478,-1.1607496797790122
4,-1.4161648287782365,-1.1038974606245473
4,-0.84641608194217,-0.7895397201424014
4,-1.335792101923193,-1.0811259097370647
4,-0.7825160557860933,-0.6226191286410789
4,-0.9782807503067641,-1.239927602333724
4,0.0,-0.2258110615235604
4,-1.0408362539714062,-0.6246690717972696
4,-1.0321846833714012,-0.5274985890784183
4,-1.0377885608893997,-0.6109884169160653
4,0.0,-0.32304311489821314
4,0.3979400086720375,-0.4455716084342312
4,-0.7781512503836439,-0.40444578781512586
4,-0.5479894658633686,-0.18949201950541672
4,-0.23749614683474451,-0.19384973112219517
4,0.8129133566428557,0.6027409887432922
4,-0.5638373529592435,-0.8464265472181765
4,-0.8239087409443187,-0.41144505281679666
4,-0.15490195998574308,-0.2281363890040755
4,-0.15490195998574308,-0.24919887616334038
4,0.0,-0.05188678497253946
4,0.5440680443502757,-0.32968395648458015
4,0.30102999566398125,0.21490001447713142
4,0.30102999566398125,0.749513861764266
4,1.230448921378274,0.5417000407524957
4,0.7569619513137056,0.35068531576983003
4,0.6989700043360187,0.6416384974652063
4,0.9030899869919438,0.5730530492935519
4,0.6989700043360187,1.0215675860531557
4,0.860338006570994,0.9668568137098523
4,1.0910804693473324,0.558581109419809
4,1.2787536009528289,0.7542520660024525
4,0.0,-0.2579388941461356
4,0.0,-0.281514265441314
4,0.15490195998574308,-0.1820076813040032
4,0.0,-0.2178023963321638
4,-0.2855178294857339,-0.7039522652710765
4,-0.7975798022219696,-0.8428613547356523
4,0.9281179926938741,0.5288561819826658
4,0.6501214367982016,0.5821255234579483
4,-0.8239087409443187,-0.29599789859513403
4,-0.5246297603136751,-0.4477418695574574
4,-0.6941175015416068,-0.893393479005439
4,-0.8643373979999271,-0.7161878528164759
4,-0.30102999566398125,-0.482351244172109
4,-0.9183299535486809,-0.6721744506808167
4,-0.924279286061882,-0.5845669878208973
4,-0.14612803567823818,-0.5584180679918453
4,-0.547321201747998,-0.6055507884144217
4,-0.3777366225837504,-0.7163290558082338
4,-0.28254658996996795,-0.5741421604963626
4,-0.034762106259211834,-0.27439178694693495
4,-1.0321846833714012,-0.7875121354486789
4,-1.0389180660303694,-0.796065549292605
4,-0.7153604205241875,-0.5008069263267685
4,-0.6746106584765741,-0.7233653631590682
4,-0.29299404006743934,-0.254786281003575
4,-0.939704098112748,-0.6473658705426077
4,-1.0,-1.1212368955222884
4,-1.1072099696478688,-1.100285523682218
4,-1.0511525224473814,-1.0710943695440047
4,-1.3979400086720375,-0.8669617483187096
4,-1.42142110452156,-0.8106561131838212
4,-1.0,-1.118776105236917
4,-1.5913361259361896,-0.894857201906085
4,-0.5026753591920503,-0.8887053658490974
4,-1.249198357391113,-0.4529587486145768
4,-0.7388415163737116,-0.6102310196564709
4,-0.3372421683184257,-0.7730806733550839
4,-0.595429412428949,-0.5444388057605218
4,-1.9586073148417746,-0.6336647325256081
4,-0.4503280781317258,-0.5683589767173134
4,-0.7178553484963919,-0.7548704753498547
4,-0.8952646494799872,-1.071679338189597
4,-1.154901959985743,-0.8384045913085202
4,-0.7942380702770997,-0.466172188881682
4,-1.1804560644581317,-0.6804151425218563
4,-1.1737873041461162,-1.0859557057273155
4,-0.7384785456196923,-1.2447931257263227
4,-0.7942380702770997,-0.4492538962920256
4,-0.4701723947643339,-0.3106944314624238
4,-0.3419886033428874,-0.7445293030726188
4,-0.3665315444204129,-0.7785406382139594
5,-0.5290390539851559,-0.7532222737489735
5,-0.3357921019231931,-0.43110601760159145
5,-0.3357921019231931,-0.3544926751468692
5,-0.1870866433571443,-0.33664532736716
5,0.0,-0.4161618190611293
5,0.0,-0.26944392066838174
5,0.0,-0.052422841771992634
5,-0.671257016468986,-0.5335530424383204
5,-0.4910247010432185,-0.6482265736540609
5,-0.7344423224982384,-1.410103856523088
5,-1.4775597146073878,-1.2798319540723995
5,-0.30102999566398125,-0.6071893627016287
5,-0.9617354999047176,-0.7873969401240333
5,-1.0746336182969038,-0.6222939791877578
5,-0.9303640718586061,-0.6166763411947767
5,-1.2621119296336119,-1.1829176995748132
5,-0.7781512503836439,-0.4613288488294972
5,-0.6159957692712545,-0.5226123158730545
5,-0.38021124171160636,-0.12511867394489146
5,-0.9033833301181948,-0.910927967536028
5,-1.3164363267053814,-1.4168199933285517
5,-1.179695383324507,-0.6253052431546384
5,-0.6876889939263293,-0.7184712811870759
5,-0.2657020333222384,-0.26700608993935027
5,-0.24652098006676937,-0.5331365165055261
5,-0.08430583072525177,-0.4677100234419961
5,-0.3853508813640172,-0.40100186235510615
5,-0.36408174141106997,-0.3995045928474579
5,-0.8864907251724823,-0.39933336998272106
5,-0.6145129060142454,-0.5828470597695309
5,-0.7720771026714504,-0.5242193634044161
5,-0.9208187539523758,-0.7510877142196313
5,-1.103219486915064,-0.9502631391611476
5,-0.3979400086720375,-0.5360846223522653
5,-1.066946789630613,-1.0828652695994774
5,-0.8527848686805477,-1.320841931154022
5,-0.8738898682596776,-0.9044291030388738
5,-1.204119982655925,-1.0899423031140245
5,-1.6658935455344324,-1.3422994936058807
5,-0.013788284485633184,-0.18973028868303643
5,-0.22577904324478837,-0.2351161719008045
5,-0.14612803567823818,-0.4245179864415014
5,-0.2833012287035501,-0.3971357514956473
5,-0.04420366249205365,-0.5753798033943724
5,-1.0,-0.9338995518709323
5,-0.5034501934420117,-0.7505161521756948
5,-0.3187587626244124,-0.7096575658343396
5,-0.8129133566428557,-1.312233139077911
5,-0.9138138523837167,-1.2491602600753628
5,-0.48265374331962363,-0.5208410695152105
5,-0.9731278535996983,-0.7997972511212708
5,-1.026328938722349,-0.6264727794443249
5,-1.595429412428949,-0.6744331643495247
5,-0.19188552623891297,-0.28957596377508166
5,-0.25527250510330646,-0.347515666051306
5,-0.26884531229258,-0.5385761262678727
5,-0.45593195564972433,-0.5584910421108525
5,-0.91832995354868,-0.8125161808730498
5,-1.0687158123694598,-0.905819082978103
5,-0.70472233322511,-0.801676546230908
5,-0.9542425094393252,-0.9881849682492684
5,1.3009935730215947,1.1725179298335835
5,1.3652309733119132,0.9019021457731148
5,-0.07389564958594175,-0.2744044988231381
5,-0.1301133703771553,-0.40664649008901455
5,-0.40414195383817475,-0.4789200405425642
5,-0.4499690086760477,-0.2772908459810512
5,-0.08828975779995663,-0.3433401442999716
5,-0.621365146523349,-0.6074621479860827
5,-0.8880262405560675,-0.6776672615386714
5,-1.151835009809636,-0.8757514051865698
5,-1.328787200354535,-1.013521823727392
5,-1.4683473304121577,-1.065129842636365
5,1.0,0.7143543847928439
5,-1.865301426102544,-1.2359572855216148
5,-0.40866387406381044,-0.4680494051341262
5,-0.6989700043360187,-0.3887835808544152
5,-0.46852108295774464,-0.4804370990559443
5,-0.23408320603336819,-0.6136915871932336
5,-1.5218926287866976,-0.6803136888333415
5,0.0,-0.4224232019167547
5,0.0,-0.41551636147319976
5,-0.2614389320748671,-0.4798001592700473
5,-0.6752907023818553,-0.48369293759871007
5,-0.5464143572130373,-0.4101962524402103
5,-0.05018506000905987,-0.365509938478084
5,-0.6937057643436617,-0.4522466303999853
5,-0.5127853228438921,-0.6437246710383009
5,-1.328088228398017,-1.3424719275765788
5,-0.4375301220789325,-0.3292334454018912
5,-0.7609437229818958,-0.8222182400728174
5,0.44075738996381375,-0.45940449496018365
5,-0.045757490560675684,-0.4714361810689485
5,-1.5498819796628904,-1.2620806495678416
5,-0.8299828886565122,-0.6411260393471961
5,-1.2671717284030137,-1.2450351403081548
5,-0.4375301220789325,-0.25020324590555754
5,-0.3979400086720375,-0.3664194042107712
5,-0.06766585912156575,-0.20450818602366178
5,0.03141136394152788,-0.5094685000079288
5,-0.2872761903368577,-0.540839709534533
5,0.0,-0.42731791729290536
5,0.0,-0.2265532552933615
5,0.0,-0.1678622924454149
5,0.0,-0.2935429080591186
5,0.0,-0.23326847834642211
5,-1.164810248645992,-0.9615305136822418
5,-1.351646020844985,-1.3319505949084127
5,-0.8938982262807151,-0.8844406341471645
5,-0.6644710271256944,-0.2179122024917179
5,0.0,-0.2334195906033941
5,-1.0,-0.44283055674029226
5,-0.5440680443502757,-0.43773160154233387
5,-0.9432471251378614,-1.3129750591232985
5,-0.5668556299573106,-0.5633466432295424
5,-0.7086972828532296,-0.7727882408376288
5,-0.6647291997449933,-0.584314332090721
5,-0.5239367104366721,-0.6508234036501945
5,-1.1083394747888384,-0.9958935234194973
5,-0.5416500036495355,-0.44729810520824215
5,-0.09556972905670502,-0.26649352943995364
5,-1.4191293077419758,-0.7244945465271119
5,-0.5630018391753735,-0.5508151145783151
5,-1.3873898263387296,-0.9276239854217693
5,-1.3679767852945943,-0.8503426117968885
5,-0.48811663902112556,-0.5319162824966907
5,-0.2174839442139067,-0.4614166379098701
5,-1.5314789170422554,-0.7371104639915149
5,-0.6989700043360187,-0.53606516246286
5,-1.3710678622717358,-1.584542927503989
5,-1.139879086401237,-1.0283028467623512
5,-0.39159983064101844,-0.43229029122339063
5,-0.9661417327390325,-1.1097332331659233
5,-0.9294189257142929,-0.923260641704696
5,-0.7717511358193772,-0.4865154818798992
5,-1.020203386088287,-0.5506631669129226
5,-0.45229767099463025,-0.6698909259233037
5,-0.7150857120368901,-0.6538545588697915
5,-1.2039547801153212,-1.2716194501785654
5,-0.8373045780392774,-0.5576168261533194
5,-0.8509669736783545,-1.1548624582781852
5,-0.38021124171160636,-0.3057283446930629
5,0.0,-0.2556847869113201
5,0.0,-0.365047787248542
5,0.0,0.136351806070643
5,0.0,-0.20993875740954399
5,0.0,0.10421488799635525
5,0.0,-0.3584149119231608
5,0.0,0.1537460335002666
5,0.0,-0.11686235869358225
5,0.0,0.22858633791790794
5,0.0,-0.22479719560662859
5,0.0,-0.3814002293773549
5,0.0,-0.15267440542092808
5,0.0,-0.3418528638815219
5,0.0,-0.17842633008003572
5,0.0,-0.3754722822649366
5,0.0,-0.19285908380020966
5,0.0,-0.2512682185471205
5,0.0,-0.16339638846444698
5,0.0,-0.1156960469279219
5,0.0,-0.288195563932638
5,0.0,-0.16812344672535012
5,0.0,-0.30864433161815585
5,0.0,-0.2594882986370488
5,0.0,-0.29594384710147525
5,-0.3702936524708784,-0.5727167488204229
5,-0.8824086941583156,-0.5219842041004663
5,-0.34544913545239364,-0.44388276589889075
5,-0.29329754543329045,-0.4700077278057859
5,-1.20682587603185,-0.7052916223466283
5,-1.7283537820212285,-0.8027041992717399
5,-0.5901452216989629,-0.5736519853100448
5,0.0,-0.15594882663102233
5,-0.10669428249220125,-0.46829399374112746
5,-0.4771212547196626,-0.4958632151057575
5,-1.1802078252505135,-0.6290684358863681
5,-0.4375301220789325,-0.08086683165241709
5,-0.955514702167144,-0.5671409177252364
5,-0.363476284067918,-0.06318510860222626
5,0.432627035929956,0.023630887538632517
5,0.0,-0.1959758035541354
5,-1.0910804693473333,-1.0745487371099864
5,1.3873898263387296,1.040128213287252
5,-0.2542865921216544,-0.5177156972787806
5,-0.4704906758206491,-0.38862296890951314
5,-0.2457271871970752,-0.38148395202508284
5,-0.7065894012062106,-0.6019822441644832
5,-0.8684581793160246,-0.5226304831270571
5,-0.2466723333413885,-0.38217796398633314
5,-0.6493280729138764,-0.5859348201853174
5,-0.7113792623178385,-0.6240177232996561
5,-0.7186183397009049,-0.6613024618297316
5,-0.7280831092284821,-0.6298415282275808
5,-0.7364746198201395,-0.7232022396779323
5,-0.7388553441053656,-0.5586458804457524
5,-0.6778349886836752,-0.6489132493264043
5,-0.6921305798057134,-0.7311383032118606
5,-0.7870413936722933,-0.5915302922085566
5,-0.8263148107101967,-0.6676327961733686
5,-0.4577730894245233,-0.5291213167022913
5,-0.5486860088866239,-0.5315978441670859
5,-0.7422037031960453,-0.5286945337308384
5,-0.653212513775344,-0.5575958123877328
5,-0.7136932611567257,-0.5357946479692309
5,0.6001519882093254,0.37199566080299074
5,0.22892721677880523,0.40616569354916476
5,0.018951941086827517,-0.19280657148264652
5,0.0,0.09912454426599737
5,-2.0465761420413546,-1.0994434545464862
5,-2.516430988729595,-1.4479084855648776
5,-2.184096913980195,-1.3053980657191482
5,-0.6320232147054057,-0.7471874719517506
5,-0.9693311802335476,-0.6139761469490365
5,0.0,-0.3190006923699585
5,-0.4476662753813869,-0.46086562362011824
5,-0.4456109417972778,-0.5180253400900408
5,-0.7244946516343056,-0.7446807861894592
5,-1.0134032446733716,-0.7240395493784672
5,-0.3165052602864149,-0.25302400595811364
5,-0.17749745257663463,-0.4450040435962687
5,-0.7505570385574174,-0.5684547749293299
5,-0.09727027390130161,-0.5274950423106365
5,-0.2549735016899879,-0.39148584857759483
5,-0.3120253799654442,-0.3408541833096462
5,0.0,-0.46196508578602913
5,-1.1668506023207685,-0.656109667749631
5,0.0,-0.08618482891668144
5,0.0,-0.22709651723706697
5,-0.7359999720510526,-0.4591317178404237
5,0.0,-0.21094735956341193
5,0.0,-0.1421487204962445
5,-1.0937807546179128,-1.2573554172472456
5,0.0,-0.39578014076898266
5,0.0,0.29288813719745244
5,0.0,0.01858428843658333
5,0.0,0.44164502060638433
5,0.0,0.4735854473643484
5,0.0,0.16039303638799274
5,0.0,0.5015803024337803
5,0.7403626894942441,0.4180127427004774
5,1.0,0.5846315874842768
5,0.0,0.4343032186228203
5,0.0,0.1467959814778229
5,0.0,-0.4590683846981803
5,0.0,0.05113154057709868
5,0.7403626894942441,-0.060925507019412906
5,1.0,0.06249048188525186
5,0.0,-0.02488633739596524
5,-1.0134032446733716,-0.6689591576061769
5,0.0,-0.3292289205931845
5,0.0,-0.40038198024099747
5,0.0,-0.18054172378609662
5,-0.42527992248172986,-0.5441771637124108
5,-0.6933901269551814,-0.4614085589220366
5,-1.281790637678311,-0.9376366384786625
5,-1.0864630007623939,-1.1377425396825422
5,-2.929418925714293,-2.2467281031379214
5,-1.7869251746911488,-1.7209053840545359
5,-2.9475351254323376,-1.9466667932752242
5,-3.1205739312058496,-0.6262517139088171
5,-2.4240428112362427,-0.598002386652853
5,-2.527958270809612,-1.6983827549463535
5,-2.212303431710126,-1.6664720675218292
5,-2.921686475483602,-1.8657705337537478
5,-2.6106601630898796,-1.8143389685731939
5,-1.8200654018625588,-0.6971104744875377
5,-2.1938200260161134,-1.827726940121003
5,-1.074000733543845,-1.5259371082152384
5,-2.5706402171769405,-1.8835686723139449
5,-2.6661774909397113,-1.998632670631626
5,-1.549750891680639,-1.5489832711581943
5,-2.5215995264411646,-1.7670460125620213
5,-2.8750612633917,-0.6100961707410603
5,-2.2570131666796076,-0.5839916923352338
5,-2.331519317811881,-1.5220493691515609
5,-1.8477116556169433,-1.503979501952406
5,-0.5963076624388712,-1.4562654287219345
5,-1.2099495263166489,-0.6805411965466359
5,-2.638272163982407,-1.7746487391051589
5,-0.7006057670302788,-0.563520479530662
5,-0.7818473959436067,-0.516820247601954
5,0.0,-0.21053366809729496
5,0.0,-0.13105981551751633
5,0.15192222629389285,-0.3700104237128873
5,-0.32192791969320034,-0.07922681324460418
5,0.0772210331236014,-0.29537760565948196
5,0.08302429367597952,-0.14991441884732948
5,0.302535350661298,-0.33965217967347644
5,0.6066883955100337,-0.6050897542916338
5,0.10737544668622157,-0.09744517007764941
5,0.10067016188136257,-0.4617800323409707
5,-0.1484198324578232,-0.5610465671223083
5,-0.5456835247569929,-1.045400792792047
5,0.30102999566398125,-0.48443440487291933
5,0.0,-0.1057182898768107
5,0.0,-0.09508761383125314
5,0.0,-0.18025717673086844
5,-1.3943358844032128,-1.0860115418977965
5,-1.9587711686380604,-0.9087321489769326
5,-2.4266553640072512,-1.5375246857911034
5,-2.005829543660724,-1.2534577439066565
5,0.0,-0.3213027173761175
5,0.0,-0.1595096699388413
5,-0.5038929746004035,-0.5685374780469008
5,-0.5046539251741384,-0.4253253783566746
5,-2.7280414522832768,-1.2237484362837936
5,-2.645913275033844,-1.1490673796795257
5,-2.687974620034556,-1.5582287300085547
5,-3.0266694283375184,-1.5855915703069514
5,0.0,-0.4357252176862706
5,0.0,-0.38439633640842313
5,0.0,-0.22065426285578277
5,0.0,-0.40176408982607265
5,0.0,-0.05993151965317972
5,0.0,-0.08668443102386136
5,0.0,-0.006534270632509442
5,0.0,-0.21685410355332507
5,0.0,-0.4803346491498618
5,-0.7403626894942441,-0.3424114648306177
5,0.0,-0.29990042850344184
5,0.0,-0.23733670975373725
5,0.0,-0.3692972816653444
5,0.0,-0.4213143119034283
5,-0.5991933506763587,-1.0103337188391188
5,0.0,-0.2694170671317101
5,-1.4471580313422194,-0.5386212481972696
5,-0.719768926317288,-0.5231429060492367
5,-0.6337032728234266,-0.659590514030598
5,-0.644612342013426,-0.5040478515963117
5,-0.6838186602633982,-0.49141755022036093
5,-0.7601281462503708,-0.47463515888770846
5,-0.5528419686577806,-0.6883054507717103
5,-0.644612342013426,-0.5490754397914716
5,-0.6892101670468618,-0.5670875710029557
5,-0.70729539312015,-0.627540021433782
5,-0.7333389059672815,-0.6655119509047855
5,-0.73115468770742,-0.6645924931733445
5,-0.7533276666586115,-0.5322977867620381
5,-0.70351763208674,-0.5380303455160286
5,-0.6670524969077736,-0.6265053860574512
5,-0.8166095022028195,-0.6787032968173057
5,-0.5417640894407105,-0.7270838532687414
5,-0.6989700043360187,-0.6176215797339683
5,-0.8029748341086753,-0.6972341544666638
5,-0.17384451590774663,-0.5167977090751019
5,-0.795880017344075,-0.5722476848849579
5,-0.7634279935629369,-0.4975288688200032
5,-0.7008541482105697,-0.5546829404919078
5,-0.36614817424818646,-0.42804407062127947
5,-0.7533276666586115,-0.4073267628602446
5,-0.653212513775344,-0.45721806009057064
5,-0.033105124157981614,-0.4578071338743708
5,-0.4706752071520439,-0.4776329411027709
5,-0.5314789170422554,-0.4172395980088876
5,-0.2181760471203864,-0.43185634245723886
5,-0.6916707655945196,-0.4958008875849748
5,-0.6863808770279984,-0.43745123159471205
5,-0.6232492903979008,-0.49888865559307877
5,-0.7303784685876433,-0.48937409120356806
5,-0.6368220975871743,-0.54682143797426
5,-0.6307051727774926,-0.5366998650986842
5,-0.5760234477435038,-0.49665239899261737
5,-0.6726410656136697,-0.44147813806822417
5,-0.4625828433930863,-0.3656371565948212
5,-0.4245377771658321,-0.5331901809988352
5,-0.39503501802863017,-0.47480684566394
5,-0.39503501802863017,-0.4800519238654553
5,-0.6989700043360187,-0.5694386763279323
5,0.8633228601204568,0.9849115070203432
5,-0.10963564959093297,-0.2410365703391711
5,-2.1939486868026874,-1.4516584643424149
5,-2.716494349319551,-1.511497124731731
5,-0.3494856763830949,-0.4018571360991916
5,-1.6298190478586818,-0.4937914540698245
5,-1.069006971504451,-0.5891634396436971
5,-0.6110148339808887,-0.32327793788973325
5,-0.6963823433623775,-0.6143487169632049
5,-0.10178430078313117,-0.3365697768537171
5,-0.6398485522173623,-0.6144312467799501
5,1.740362689494244,1.1751844169517778
5,-0.8695250628572273,-1.1067591940465438
5,0.8327695154634727,-0.4779679595232287
5,0.26753037425284454,-0.4849295731019451
5,1.8061799739838875,0.13304334152858122
5,2.084320885700036,0.13304334152858122
5,-1.3010299956639813,-0.5836572546272485
5,-0.4375301220789325,-0.43721205010024
5,-0.8193729871114366,-0.49332067684112646
5,-0.31701810104811123,-0.27224964121589207
5,0.4149733479708182,-0.27823839928922534
5,-0.9911365396686938,-0.5128853932112177
5,-0.44493657134826137,-0.5282890968127245
5,-0.8750612633917001,-0.5710967441823502
5,-0.5899954799265803,-0.26705648419993244
5,-0.11394335230683694,-0.5433661845591334
5,-0.13070197070604372,-0.5433661845591334
5,-0.30011665256835407,-0.3691519643107193
5,-0.2211182288690008,-0.32814092989846055
5,-1.0395085412836735,-1.0588651760733052
5,-1.3256524705723134,-1.5463594960071587
5,-0.7337321105952306,-0.9038296829998753
5,-1.117456579265843,-0.8194721322105548
5,-1.5642714304385628,-1.5004666303586554
5,-1.2846758902054773,-0.8194721322105548
5,-1.2155998003393549,-0.8978072276925173
5,-1.1856365769619117,-0.7235086573424032
5,-0.6922366216770506,-0.6765073985394131
5,-0.7781512503836439,-1.0535380305380977
5,-1.0413926851582254,-0.4814654212966996
5,-1.5810720321341156,-0.9473360535202072
5,-0.7300042380759875,-0.4250613625784365
5,-1.241141103017112,-0.9046662139953934
5,-0.597243367296171,-0.5145566598888575
5,0.0,-0.41814501496759066
5,-1.0,-0.4756762520303511
5,0.6020599913279625,-0.19872327524983086
5,0.0,-0.4821563746435459
5,-0.592283252461411,-0.6054173026787051
5,0.0,-0.5238644846118947
5,-0.7942978863342001,-0.6350194480784646
5,-1.0,-0.33298959065345923
5,-0.7955365657786055,-0.5812663776946905
5,-0.808114473761087,-0.6362182310100291
5,-0.5913361259361896,-0.5374871712766869
5,-1.0,-0.18033032118219733
5,-1.0,-0.278289416946087
5,-0.9062716457781326,-0.23584927652641732
5,-0.42801247478226756,-0.5395753066811873
5,-0.6588953611057073,-0.4827526819073776
5,-0.6606653005632923,-0.5604146061583618
5,-0.6604630074152817,-0.634526665206019
5,-0.5440680443502757,-0.5279446172118745
5,-0.5094905478629839,-0.5428651050516572
5,0.0,-0.4820781185303712
5,-0.479055754496863,-0.535921258939914
5,-0.824644210183429,-0.5302148500358135
5,-0.6959644941962937,-0.5373909121131452
5,-0.4912657277567858,-0.6909892468763437
5,-0.4794879879987697,-0.46395850684517753
5,-0.19542414077975234,-0.46696482590014293
5,-0.13926459109970324,-0.7846896919753195
5,-0.6079421735539166,-0.9682323629342646
5,-0.70472233322511,-1.0175589697170064
5,-0.6730600665934965,-0.47943345512762986
5,-0.7355411351527765,-0.8630048816143531
5,-0.6251997948362256,-0.8768975670879562
5,-1.167106774763191,-0.9439148367698036
5,-0.8792478601408895,-1.0590929267814255
5,-0.47127208237339513,-0.8123248342262426
5,-0.36266424832349475,-0.4552451987566811
5,-0.5711834248548922,-0.8368887167693495
5,-0.8975808922071673,-0.6298005892992865
5,-0.5586747746122196,-0.8114700136108769
5,-0.874461823017854,-1.2751537860307405
5,-0.9266482976130987,-0.8426266005310015
5,-0.6940254217189574,-0.4229433607182778
5,-0.791159378671491,-0.7206811728806594
5,-0.7468935566532018,-0.6183667745407451
5,-0.7545638531061272,-0.5685276185484229
5,-0.6053501167750124,-0.6521686454065853
5,-0.7565949935547343,-0.6543728566343375
5,-0.7309097157265505,-0.7110435732997585
5,-1.073535741530467,-0.607909656763452
5,-0.5043075057338848,-0.5032047626821784
5,-0.9229848157088822,-0.5271545693796356
5,-0.650863700684476,-0.5581664935447344
5,-0.8510609869879335,-0.42869748223232734
5,-0.6132200665486636,-0.5117419988034653
5,-0.6174439308619508,-0.25297961003515235
5,-0.6756627653670817,-0.752343514968641
5,-0.43648485095743617,-0.7022993180688908
5,-0.3564291320633881,-0.7079790764721667
5,-0.6606728025742257,-0.8797241844583548
5,-0.4404382382929528,-0.7160644635189201
5,-0.7501225267833993,-0.5007381925453059
5,-0.8609748021130947,-0.6537020879341426
5,-0.6989700043360179,-0.638595873063021
5,-0.22094772339709845,-0.6274452194856579
5,-0.24303804868629442,-0.6834116965914249
5,-0.5127570174430911,-0.5442159116279173
5,-1.5264828695491621,-0.5726866871533075
5,-0.5264558821648508,-0.6382039673543388
5,-0.4511855206252626,-0.7399596409373814
5,-0.5423809577330196,-0.628000507210426
5,-0.9603526399579447,-1.0470191986654882
5,-0.2428482761327384,-0.7028336124509618
5,-0.6721200163827188,-0.6185061240927401
5,-0.5639554649958125,-0.4436111082776448
5,-0.5285771613791042,-0.605452327841552
5,-0.39541503364153385,-0.7014403873711964
5,-0.5300573299074607,-0.7677075097612889
5,-0.5434878245152701,-0.7547114490821348
5,-0.8253734792025922,-0.5879745039695149
5,-0.785729099900708,-0.6947754068054484
5,-0.5867122994868081,-0.4411959966834208
5,-1.5314789170422554,-1.3382433946670729
5,-1.1303337684950057,-0.7210559661055438
5,-1.3679767852945943,-1.4053983227702664
5,-1.5759571887637573,-1.627693278160474
5,-1.5935321959484972,-1.4037024330960426
5,-1.346515967314966,-1.350675598985077
5,-1.4795273244855407,-1.2649869736682455
5,-1.5178207322576007,-0.9257276461415751
5,-1.4996870826184034,-1.4298267402029405
5,-1.6515389298857777,-1.4253000576114039
5,-1.387686374306484,-1.4813671412408906
5,-1.7215358322347596,-0.6270606586635896
5,-1.343372997354356,-0.89792412321188
5,-1.6797306463503485,-0.6932122278929622
5,-1.1314047788575312,-1.0340678842278033
5,-1.8380616118598416,-0.586079366953584
5,-1.7853298350107671,-0.5626743210011048
5,-0.616672031877334,-1.1497873898994526
5,-1.4610344348262077,-1.2535282486235089
5,-1.675300043738182,-1.2225726736470703
5,-0.2114192213974242,-0.320597605696062
5,-1.8309092995464429,-1.0401638542585854
5,-1.2892190346309942,-1.4973275369540948
5,-1.4115035999655055,-1.3760649794214648
5,-0.4202164033831899,-0.7104701101416446
5,1.219125891280883,0.6465809491236599
5,-0.3992755437555049,-0.4488476547131625
5,-1.1409268419924299,-0.9266565272992069
5,-1.1914975900970806,-0.7799328184713807
5,-1.0474246499281383,-0.9792522495676211
5,-1.0534015926312401,-0.9298478508997083
5,-1.086579968120656,-0.9298478508997083
5,0.0,-0.4894007653116195
5,-0.3098236601811166,-0.892777994952068
5,-0.5954962218255746,-0.5641416500417145
5,-0.5623872865640109,-0.7241430291318316
5,-0.638489256954637,-0.5844672630094313
5,-0.6275071135404424,-0.6175820165542312
5,-0.4708594338348915,-0.5623907065036038
5,-0.6068237811240262,-0.6652622492933502
5,-0.6885045706578534,-0.7183137879347152
5,-0.795226451408988,-0.6670544048707017
5,-0.7989348563069356,-0.7169086764052967
5,-0.642065152999546,-0.5587981723015927
5,-0.5268090389087696,-0.573794399370408
5,-0.6458389159065492,-0.5816307782853443
5,-0.6460644209324,-0.6760248545463579
5,-0.6696394023113736,-0.6212598073619482
5,-0.6696394023113736,-0.5867180941949317
5,-0.661442830443316,-0.6498402577712985
5,-0.6638055872727673,-0.7186658495545546
5,-0.7550859463149511,-0.6360062993370703
5,-0.5330562595094737,-0.5728826023306923
5,-0.4442111533220441,-0.6388602493400954
5,-0.8368892194911561,-0.6360135083480387
5,-0.6503646709025173,-0.44118304822083415
5,-0.8129133566428557,-0.4445885296731203
5,-0.34473892354938673,-0.44572806796060094
5,-0.2501630993248263,-0.46596835537767145
5,-0.2303092992964082,-0.4502908119319748
5,0.0,-0.5108817774649544
5,0.0,-0.49289863073106793
5,0.0,-0.45429625421088843
5,0.0,-0.4459193612975231
5,0.0,-0.4002106509528206
5,0.0,-0.33166830091232324
5,-0.6989700043360187,-0.36275704817900417
5,0.0,-0.5124485196208569
5,0.08432088570003593,-0.5539158510219679
5,-0.9504068849081397,-0.8217848519851008
5,-1.0,-0.27432836681346506
5,-0.4658402443099732,-0.5512308562130321
5,-0.22052265856496334,-0.42010888699000026
5,-1.3827000421153013,-0.5821192857493591
5,-0.2507557232265212,-0.38492341394649154
5,0.012988632912040998,-0.4158101764659982
5,-0.03367199469456761,-0.45409270718678074
5,0.13848130992364283,-0.48665696477844494
5,-1.1684044303893906,-1.0460556308822375
5,-1.279840696594043,-1.1680469628431065
5,-0.4569178686313755,-0.4599065052798553
5,0.5399788431160077,0.4833265153935802
5,0.2364491808619107,0.23968647713284175
5,0.16062644246752278,0.21988995300027225
5,-1.0769133845918022,-0.8964882647226371
5,-1.4475408383144721,-0.6253511488379686
5,-0.6849915040000987,-0.9099991533575897
5,-1.078021580520386,-0.8313967695766677
5,-1.9516953204254452,-0.8566818155080553
5,-0.8767835173945651,-0.7769684552609422
5,-1.8143955918082888,-0.8313967695766677
5,-1.9259992664561558,-0.8566818155080553
5,-0.979244778409381,-0.7769684552609422
5,-0.8726006648440432,-0.7482131096516964
5,-0.588557520924315,-0.7342365388594991
5,-0.7440483790712067,-1.2173260835954185
5,-0.35001645635485445,-0.45562702456393755
5,-0.7513953187236417,-0.5076301699280437
5,-1.2121155880731562,-0.8408748795220786
5,-1.717453410030032,-1.1098969046321572
5,-2.228294797183975,-1.4342331492259486
5,-2.1471014267810613,-1.302297336677455
5,-0.9208187539523758,-0.6774267622111803
5,-1.3502480183341632,-1.1903687912397618
5,-0.5105450102066129,-0.8279441447473965
5,-1.1760912590556813,-0.586192130339676
5,-1.014723256820706,-0.9084972472681634
5,-1.2544047835720793,-0.7443739670577144
5,-1.4832443397784516,-1.3048285190337503
5,-1.1242958134976888,-0.6094511654542666
5,-2.582631439489636,-1.173090046549524
5,-2.0307346169761686,-1.0589986505963294
5,-2.4205058365707792,-1.4766429069220512
5,-0.7697329439853142,-0.7218751742282956
5,-1.1442994246318294,-0.7627913335234853
5,-0.5456293203825044,-0.8401275414700877
5,-1.5093705604380174,-0.6998178529763819
5,-1.3010299956639813,-1.1147841882495517
5,-1.2671717284030137,-1.0812108368905748
5,-0.5613857422010744,-0.4090217817191735
5,0.8694954079490973,0.3405291001161904
5,0.8636181120497923,-0.34662516834731505
5,0.11713503215564458,-0.3379328970331562
5,0.13987908640123692,-0.4143510141876332
5,-0.48555442225652534,-0.20236373640327593
5,-1.233630580164463,-1.0825707156878224
5,-1.1461280356782382,-1.1854388799208535
5,-1.5854607295085001,-1.2455223189459623
5,-1.092545207605606,-0.9037675384533161
5,-1.3041210726411228,-1.0839647762035165
5,-1.3353608263347194,-0.993067249352989
5,-0.8465519900897043,-1.3644297650703985
5,-1.2288978680085352,-0.9565528774197884
5,0.0,-0.4604580442861369
5,-2.2955670999624793,-1.3984418587763296
5,-2.729974285699556,-1.8820578178686747
5,-2.005829543660724,-1.4724077913284432
5,-2.6976316535637563,-1.6630825506839582
5,-2.8512583487190746,-0.5967440805333046
5,-2.4821712474563036,-0.5742224061795795
5,-2.5580224811615606,-1.5759195630462761
5,-2.0425523506854635,-1.5962876896168279
5,-2.4004146277998926,-1.5996300996389468
5,-2.5421043884868713,-1.681929543534649
5,-1.9220268061413437,-1.3330519000883454
5,-2.5060538173181506,-1.517873299651118
5,-2.6368220975871743,-0.5836834010809258
5,-2.177791043933576,-0.5628928125218148
5,-0.9208187539523749,-1.2463567605948151
5,-2.3039944746277206,-1.3906804504961165
5,-1.5492378443889558,-1.1218048685030806
5,-2.322858433159654,-1.2720239054513982
5,-2.3838673804103276,-0.5629885781934162
5,-1.9942476711109087,-0.5475828837299976
5,-0.7049193368492208,-0.6033281722683553
5,0.0,-0.1825990880238587
5,-0.39280036901962667,0.026794947353140697
5,0.2260652340175202,0.10371758170825962
5,-0.6658539941039692,-1.018762366498541
5,0.2938683224864773,-0.1448237540686051
5,0.5555762556450325,-0.29942966881724414
5,0.41735454416819184,0.030300207247342947
5,0.4684988108747685,0.42747397201641013
5,0.2986105215405681,0.46223294297411877
5,-0.24303804868629442,-0.026224440293177997
5,-0.24303804868629442,-0.03970631956699455
5,0.0,-0.05953361423606007
5,-0.4375301220789325,-0.07672015320414927
5,0.0,-0.10797405988548736
5,-0.4375301220789325,-0.04067582993853203
5,0.1416504118618782,-0.077889553700555
5,-1.2230878217319043,-0.7313779296713807
5,-1.1505139038522927,-0.6882988673767936
5,0.08681600298974335,0.36359753203143574
5,-1.0351136194163244,-1.1170792307602
5,-0.6897293476011059,-0.6175146753425746
5,-0.45285267999272527,-0.6023401693961107
5,-1.3424226808222066,-0.803257702889438
5,-1.214843848047698,-0.593164040688429
5,-0.6025554785259217,-0.5778736909488967
5,-0.23288017345826617,-0.4374466155559862
5,-0.4030547239661013,-0.5617265254172892
5,-0.41586132472979465,-0.44635125419208754
5,0.10431404621996965,-0.5091573976194906
5,-0.3424226808222066,-0.45617798734311166
5,0.0,-0.3069076682325107
5,0.0,-0.3116288808533163
5,-0.3979400086720375,-0.44843868379757384
5,-1.0,-0.7127147994238465
5,-1.1505139038522927,-1.0119523311832856
5,-2.1505139038522927,-1.0853940531048218
5,-1.6020599913279625,-1.3167249247404698
5,-0.2313940675225874,-0.5258249828213064
5,-0.642065152999546,-0.5415496930465198
5,-0.6077703005293511,-0.4903712744501909
5,-0.35654732351381213,-0.475226933930092
5,-0.4375066456660379,-0.5011416711078308
5,-0.5929893641257866,-0.5077922756270783
5,0.07911523830283684,-0.28376805852506215
5,-0.7792634007530115,-0.6593451190632418
5,0.0,-0.19086405075287832
5,0.0,-0.24450557666312966
5,-0.3979400086720375,-0.31913430246471697
5,-0.3979400086720375,-0.1961123536847117
5,-1.653212513775344,-1.515427795097367
5,-0.8251134420826896,-0.5203130728094733
5,-0.8205394883444725,-0.6037807538092046
5,-0.9186308678042003,-0.5879110653025066
5,-0.49082253239705054,-0.7000372290886948
5,-0.627365856592732,-0.7132719158974038
5,0.0,-0.2628726437826785
5,-1.5440680443502757,-0.9002157535516764
5,-0.8211858826088454,-0.4677777273309054
5,-1.848958460827495,-1.065006063227991
5,-1.4282248125765058,-1.1842454158935272
5,-0.6989700043360187,-1.0608050208302333
5,-1.039309734009933,-1.0608050208302333
5,-0.3679767852945943,-0.3318022656578858
5,1.0118871597316481,0.5072582487323205
5,0.5467806982782273,0.44424830468948306
5,-0.6592028774645318,-0.5049389843030881
5,-1.1186897873312986,-0.9804663106990394
5,-1.0,-0.5347694246318938
5,0.0,-0.4755401580211899
5,-1.3787006506863673,-1.33368234262867
5,0.0,-0.2617769955485082
5,-0.865301426102544,-0.7317664684238863
5,-0.5440680443502757,-0.3637766078956945
5,0.13033376849500655,-0.2714532254022302
5,-1.4722687519252498,-0.6348429460214681
5,-1.4014005407815446,-0.9821315177840872
5,-0.057008267096432697,-0.45489730570569653
5,0.18533191579059416,-0.18418520418254303
5,0.011738403271244202,-0.35984440487849
5,-0.12315518386788238,-0.2734505239729712
5,-0.26240059330785037,-0.4056677864613521
5,0.19248167524385007,-0.4621829564241572
5,-0.4889061546860525,-0.4203454968579972
5,-0.46779720744600084,-0.4764633732877355
5,-0.34364828614543974,-0.6318823492322138
5,-0.8193291678780046,-0.665695771753301
5,-0.08203605708217943,-0.48282836230857773
5,-0.3979400086720375,-0.28399368525925617
5,-1.131278914639319,-0.5141620425211308
5,-0.4881678788616428,-0.4772667262529529
5,-0.07142797820037927,-0.2539000819004929
5,0.0,-0.41127160486808734
5,0.23888208891513685,-0.5701821095900043
5,-1.019595556063381,-0.4101095943692836
5,-0.3357921019231931,-0.36536973742388557
5,-0.19964128268496673,-0.3655791737379896
5,0.0,-0.12417586788710855
5,-1.0889410833367812,-1.3831821410974272
5,-1.0650335949863328,-0.9487806951609192
5,-0.9103892257334429,-0.7307712770746668
5,-0.865301426102544,-1.151534811340929
5,-0.7608714329386874,-0.5545471913091189
5,-0.35485510797268915,-0.47053686237281783
5,-1.4661258704181988,-1.5453671392652124
5,-1.6334684555795862,-1.4389682091889109
5,0.1249387366082999,-0.3024250959311334
5,-1.4269546452539323,-0.9177547685393331
5,-1.0413926851582254,-0.8446566869534428
5,-1.4698220159781634,-1.1528025134128415
5,-1.3096301674258992,-1.5156422593130614
5,-1.6434526764861879,-0.49259912589148874
5,-1.066946789630613,-0.35528141895395726
5,-1.5118833609788744,-0.8410339745527697
5,-0.4570614607906949,-0.5313446153622389
5,0.3979400086720375,-1.0834065706144274
5,-2.7269987279362624,-1.7418315794441903
5,-2.7126497016272113,-1.3401257317637874
5,-2.2989765900329227,-1.1406638006165886
5,-0.38021124171160636,-0.32817971899061416
5,0.6989700043360187,0.8701701785103994
5,0.7403626894942441,1.310012415061832
5,-0.3357921019231931,-0.3526117164424813
5,-0.3357921019231931,-0.2663486346355376
5,-0.5228787452803374,-0.4091103058332618
5,-0.3357921019231931,-0.41350589137641663
5,-0.9551876555836376,-0.9117223407215982
5,0.0,-0.5100683565078612
5,-1.173186268412274,-1.0778091995588266
5,0.8440132975922667,-0.2186198185972773
5,-1.2552725051033065,-1.4041809485768804
5,-2.2646491976989713,-1.2000667434563472
5,-2.127761895944679,-1.0064516946788769
5,-0.1870866433571443,-0.34696686437566143
5,-1.0,-0.4528110791399467
5,-0.671257016468986,-0.5102657750948779
5,0.13771302464472868,-0.257740021833243
5,-0.795880017344075,-0.9775831961816182
5,-0.7403626894942441,-0.5361865971717225
5,-0.9652378937407882,-0.6705262024141823
5,0.25570701687732367,-0.09931931609552569
5,0.29570116215891407,-0.2641651927936494
5,1.0656225647827258,0.8893153994255926
5,0.8129133566428557,0.3110931633416294
5,-0.8750612633917001,-0.5675633947721307
5,-1.343781976084931,-0.831340330775636
5,0.5793842293742353,0.16421090581159803
5,-1.9481683617271317,-1.3207444685995133
5,-0.9222062774390158,-0.5092907017205169
5,-0.48783189575486574,-0.49208351333036626
5,-1.5972074885335505,-0.8587427119678243
5,0.5400459804384035,0.34161970553385146
5,-1.6627578316815743,-0.8129651589545628
5,0.6254311720967021,0.2899289899173205
5,0.4974363308926364,-0.5907922513439493
5,-1.2671717284030137,-1.2934231692724667
5,-1.0,-1.0084106819158984
5,-0.46797787527979207,-0.6123918064717782
5,0.06915095647733605,-0.8677466060757068
5,-0.6551910797574312,-0.6913500872146456
5,-0.9234428977785232,-0.576302545602338
5,-1.0,-0.7123776104908421
5,-1.0,-0.7166493423717454
5,-1.152610163206158,-0.6774265486193722
5,0.0,-0.13507494824305338
5,-0.7285252478977347,-0.5026012296711927
5,0.0,-0.5063282583357179
5,-0.30102999566398125,-0.3075989463886203
5,-0.7403626894942441,-0.40733003354310876
5,-1.8095597146352675,-1.6487882356466104
5,-1.3309932190414244,-1.0929769057993528
5,-0.30435793901290786,-0.3974936034225381
5,-0.7781512503836439,-0.47711381530904545
5,-0.7781512503836439,-0.4162250636695123
5,-0.24303804868629442,-0.12452587043558344
5,0.099044142520742,0.3857392909204903
5,0.011899223299707273,-0.41332144361428313
5,-0.3979400086720375,-0.29822379385373354
5,0.6989700043360187,0.4300612054455081
5,-0.2821354275770025,-0.15711379097311606
5,-0.2614392680716957,-0.16054048135317445
5,-0.3494856763830949,-0.24796764872680999
5,-0.4375301220789325,-0.07201049360005674
5,0.0,-0.17795492343014302
5,-0.4375301220789325,-0.3539820025339589
5,-0.7870157984620274,-0.4231080504577031
5,-0.3494856763830949,-0.34518040998931887
5,-0.4375301220789325,-0.2980513810418705
5,-0.4375301220789325,-0.1854836667584211
5,-0.34948628751527444,-0.4262908033050784
5,-0.4375301220789325,-0.48201604234792994
5,-0.19896832053217395,-0.19211448815750976
5,-0.19897135650974906,-0.5226086810030285
5,0.38021124171160636,0.02031460826115289
5,-0.4375301220789325,-0.3091173573879105
5,0.0,-0.10212328867951648
5,-0.3494856763830949,-0.22782379168067174
5,0.0,-0.46927015914704034
5,-0.3979400086720375,-0.24063352282891737
5,-1.1898425343625068,-0.7305254142288478
5,-1.6178387477170038,-1.4506554106472205
5,-0.6989700043360187,-1.5326985977860308
5,-0.8361431973613307,-1.3156854235016198
5,-1.4771212547196626,-1.5844036875040581
5,-1.3832167518513314,-1.3100206711347666
5,-1.6368220975871743,-1.4945197124817264
5,-1.3374592612906557,-1.3095993308360812
5,-1.230448921378274,-1.4033402309625944
5,-1.8750612633917,-1.0396009713028609
5,-1.3489535479811643,-1.2458496498062441
5,-1.4771212547196626,-1.512418539640242
5,-1.1760912590556813,-1.5646841472719397
5,-1.568201724066995,-1.2470972218542213
5,-1.5440680443502757,-1.5394961539015943
5,-1.2671717284030137,-1.59492439023139
5,-1.4771212547196626,-0.9800162521233724
5,-1.4722687519252506,-1.1677255985255166
5,-1.113943352306837,-1.2122770410599886
5,-1.3802112417116064,-1.3049636279596744
5,-1.1249387366083,-1.0241306170757118
5,-1.1949766032160545,-0.9439458280015481
5,-1.3979400086720375,-1.2970147899824715
5,-1.8388490907372548,-0.7965330779651885
5,-1.2111205412580492,-1.2707745776777668
5,-0.6671781699121677,-1.1795291669803545
5,-1.330413773349191,-0.6061483565679231
5,-1.0349775835555715,-1.2523772139437337
5,-1.4623979978989556,-1.395795745228599
5,-1.2234251378513115,-1.352636517736967
5,-1.4419568376564111,-1.0407711884280695
5,-1.1972805581256196,-1.2668344835620786
5,-1.0569876608480024,-1.039075947956321
5,-1.0969100130080562,-0.7867553780353174
5,-1.1949766032160545,-1.3348163051613366
5,-0.5828440935022972,-1.124060420754232
5,-0.9467544880467749,-1.2913015751000034
5,-1.2013971243204518,-1.3327980407561184
5,-1.0949755132308567,-0.7616515817524014
5,-1.1962946451439684,-0.7980995498644272
5,-1.2108533653148932,-1.1511930511107062
5,-0.8846065812979305,-1.3201585533787783
5,-0.9232082756993556,-1.3558328889532705
5,-1.1186897873312986,-1.563217175204783
5,-1.1663314217665253,-1.2235625523701976
5,-0.4715887661197007,-1.2036954782706362
5,-1.5622928644564746,-1.3080227111655667
5,-1.3010299956639813,-1.2538722665384379
5,-1.2632414347745815,-1.3718932019448058
5,-0.3679767852945943,-0.829844899535146
5,-0.6812412373755876,-0.6121706046245479
5,-1.4969296480732153,-0.776977475722054
5,-1.1303337684950057,-1.342776463533398
5,-0.8218497723919924,-1.187565771132306
5,-1.3769086061615203,-1.2886929824732976
5,-1.2690211044349935,-1.3268385707884114
5,-0.7300042380759875,-1.2195567089847856
5,-0.5657587417617291,-1.1546030787668682
5,-0.5257019046167164,-0.7252334013622712
5,-1.5250448070368448,-1.2012573642592181
5,-1.3771951260533504,-0.9356783542879548
5,-1.2037419073682978,-1.4464419039098688
5,-1.60538793467689,-1.243673007450964
5,-2.2816014438256547,-1.7562969846328471
5,-1.480881403592969,-1.1275668201290494
5,-1.575270339843267,-0.7568940393034003
5,-1.6690067809585756,-0.8142232037657231
5,-1.7781512503836439,-1.6484464692882144
5,-1.9030899869919438,-0.8968018277433814
5,-1.7676858167054785,-1.463260355243245
5,-1.3979400086720375,-1.1805064358643307
5,-1.7781512503836439,-1.198765269781143
5,-1.3832167518513314,-1.4030355547176112
5,-1.5528419686577806,-1.321349477131124
5,-1.113943352306837,-0.9860205084550953
5,-1.0815099083662076,-1.0294711687985636
5,-1.3979400086720375,-1.4434480854451976
5,-1.4711190636776532,-0.8967532372633493
5,1.2502571681130155,-0.26777403099785047
5,0.04221633946413483,0.27081187054110656
5,0.3252546556851925,-0.18171151033516386
5,0.17649941383186984,0.24843719003024756
5,0.18347207737417293,0.058113604965295385
5,0.19066286227392482,-0.17096418675949837
5,0.24162739779117715,-0.2764560227700449
5,1.2850569696875684,0.5832429534327265
5,0.5372837771665315,-0.10501728943270972
5,0.47938547812176413,-0.27828076187063544
5,-0.6876152534588957,-0.5960249938566589
5,0.7513300624553647,-0.1089822534291664
5,0.07368983682500208,0.14755969885638276
5,-1.2284793285153697,-0.547405454127962
5,-0.5544777313520406,-0.60346830025759
5,-0.45737719652390574,-0.20488230502741672
5,-0.08715017571890016,-0.07205817522638203
5,-0.6042961576315911,-0.6407798987547901
5,-0.7481880270062007,-0.7279919008095596
5,-1.3514394991415815,-0.8750659255832404
5,-0.7998705000768798,-0.9081942572854094
5,-0.2009647680475215,-0.4479613063710232
5,-0.9079747380403926,-0.6492724515008833
5,-0.8473794057302957,-0.5921239699148647
5,0.03347319559504491,-0.20275199655639614
5,-0.12126002279933434,-0.2532773894351021
5,-0.9868927245113239,-0.8698446383892697
5,-0.7013112201509211,-0.6150437653760699
5,0.28222643184127527,-0.47838797037202757
5,-0.6989700043360187,-0.6031408272863574
5,-0.8372727025023003,-0.5788463056032023
5,-1.2388820889151368,-0.781623609633743
5,-0.5118833609788744,-0.4901615071450477
5,-0.19629464514396844,-0.4713062864770608
5,-0.21884323947663198,-0.45844598794646585
5,0.0,-0.21987192574611947
5,-0.22184874961635614,-0.3612738517377775
5,-1.3802112417116064,-1.2787578576404242
5,1.359021942641668,0.5925459870771875
5,1.2552725051033065,0.6293738480486574
5,1.3309932190414244,-0.002402430362599184
5,1.3010299956639813,-0.14160040158778697
5,-0.7533276666586115,-1.3246754635737785
5,-1.0993846321359122,-0.7984407006480875
5,-1.4393326938302629,-0.8273407150694477
5,-2.035429738184548,-0.8829464219567158
5,-1.6417073513700187,-1.4872241372898065
5,-1.7708520116421438,-1.4612109783927212
5,-1.8404197777364857,-1.585658368702259
5,-1.4471580313422194,-0.8041084362284603
5,-1.3802112417116064,-1.0691930371130045
5,-1.4065401804339555,-1.313859892647364
5,-1.423245873936807,-1.281570745954923
5,-1.436692597664054,-0.8786044093538317
5,-1.4842998393467859,-1.39127120986791
5,-1.423245873936808,-1.1704921496550489
5,-1.423245873936807,-1.30457601798082
5,-1.0606978403536118,-1.1530245718999057
5,-1.4623979978989556,-1.1594393821188334
5,-1.0606978403536118,-1.1530245718999057
5,-0.29119649295493755,-0.8188655350464298
5,-1.7007037171450197,-1.4764966938697774
5,-1.6344772701607315,-1.5995983398117564
5,-0.798354636471931,-0.7716455634891966
5,-1.672097857935718,-0.7598161403721231
5,0.8618329976579444,0.14771844886152585
5,-1.346787486224656,-1.295472091902955
5,-0.7659134344264231,-0.8831733456377784
5,-0.8224489261852765,-0.8651895980377587
5,-1.2887955392469692,-0.8651895980377587
5,-0.6093024240119345,-0.6745922640399028
5,-0.3424226808222066,-0.6745922640399028
5,-1.1222158782728258,-0.5653837358695113
5,-1.116607743988249,-0.6672498265099788
5,-0.8782664032669114,-0.5838438991374653
5,0.0,-0.6776476361489701
5,0.0,-0.5473825792268904
5,0.720159303405957,0.34253088230358664
5,-0.6020599913279625,-0.9553373656760111
5,-0.6020599913279625,-0.6168572096513271
5,-0.2518119729937993,-0.5350300845929721
5,-0.7314992291629387,-0.8367135272148215
5,-0.8603380065709931,-0.7205965939476825
5,-1.2388820889151368,-1.2796702393187704
5,-0.8195439355418692,-1.1631236578263469
5,-1.0211892990699383,-1.0374266310584788
5,-0.4771212547196617,-0.9440487243288419
5,-0.9777236052888476,-0.8191027009814222
5,-1.4592884775846455,-1.3137267167580182
5,-1.0543576623225928,-1.0422966795484319
5,-0.8692317197309762,-0.8546388716540231
5,-1.0922526548953835,-1.0338569140961125
5,-1.6872316010647745,-0.7899280071096917
5,-1.7853298350107671,-0.9560970967561084
5,-0.9197316583111608,-1.303756408275294
5,-1.113943352306837,-0.9547142612323372
5,-0.8808135922807914,-0.7801004803420484
5,-0.8091854841236117,-0.9753631787907566
5,-1.1635021317476602,-1.0488253888191978
5,-1.2430380486862944,-0.8932555412780359
5,-1.3979400086720375,-0.7346162086957786
5,-1.5177391056279266,-0.8068751407794456
5,-0.9030899869919438,-0.9851042433452387
5,-0.28523572848074874,-0.9281459966624531
5,-0.8159398112730436,-0.6865716115854997
5,-0.062470157628469636,-0.1285776173159765
5,-0.3357921019231931,-0.5781102943932732
5,-0.5228787452803374,-0.4672024637124769
5,-0.7569619513137056,-0.6392111691663447
5,-0.6671781699121677,-0.6228815878466044
5,-0.8111515104865692,-0.9334566270013009
5,-0.8893017025063106,-1.003807442733645
5,-1.0211892990699383,-1.0790558873703953
5,-1.2319490765206824,-0.34322078287282487
5,-0.9084850188786495,-0.6574711793262301
5,-0.3099848383169075,-0.37394690595574814
5,-0.5537553117534078,-0.590166340924959
5,-0.055047566330905795,-0.26101388483280186
5,-0.18987954354131453,-0.3497451885866345
5,0.0,-0.42692547068978615
5,0.01931957001786344,-0.44392514285106816
5,-0.4164234143660508,-0.5667514553334182
5,-1.058866659220822,-0.8451689177087545
5,-0.9050244867691433,-0.722218410780558
5,-0.642065152999546,-0.6731902049659033
5,-1.0644579892269181,-0.7938384953652758
5,-0.9128498242810998,-0.6498866824485162
5,-1.0661607360551137,-0.697570937626065
5,-1.0848215134003167,-0.5908660888683148
5,-0.87036614218332,-0.6902773193067644
5,-0.4503280781317258,-0.8997350758775642
5,-0.6901960800285138,-0.43881201910682943
5,-1.1303337684950057,-1.0219263190614023
5,-1.1012313867906984,-0.9085694328895788
5,-0.07916108702646962,-0.17655514776693154
5,-0.7296388241024712,-0.6102687288843339
5,-0.9496948816886039,-1.0179314451474726
5,-0.6989700043360187,-0.6401719809671765
5,-0.9829666607012193,-0.745392875574672
5,-0.7569619513137056,-0.7628322354136647
5,-0.5473212017479971,-0.7444304226462489
5,-0.6357431045305342,-0.9343572835590792
5,-0.795880017344075,-0.7543119567502176
5,-0.6989700043360187,-0.767265368714622
5,-0.5666433341055059,-0.8663791367408666
5,-0.043979078559606144,-0.17304129800778567
5,-1.3010299956639813,-0.8635129981728907
5,-0.15902343259638752,-0.5652848298306898
5,-1.2833012287035501,-1.2327501366113656
5,-0.8616973018337193,-1.3324648126883853
5,-1.3010299956639813,-1.0179977585941271
5,-0.8670923337204242,-0.9350775984480488
5,-0.4436974992327123,-1.0208550848596096
5,-1.7447274948966935,-1.0651381288622757
5,-1.857332496431269,-1.686462524329174
5,-0.6020599913279625,-1.0380835009816571
5,-1.204119982655925,-1.1862997150274235
5,-1.0413926851582254,-1.2015679610916512
5,-0.5228787452803374,-0.5144665024455223
5,-1.1842857376709528,-1.303483208242454
5,-1.079181246047625,-1.2930931713146787
5,-1.361727836017593,-1.5375094990777503
5,-1.3881801713828814,-1.1890184846529142
5,-0.770033360161464,-1.0789995114811508
5,-1.4471580313422194,-1.4990818296230417
5,-1.1856365769619117,-1.1675999657558713
5,-0.6197887582883936,-0.6046095027975823
5,-1.1362197470179893,-1.1343524282156003
5,-1.1290946963794575,-0.6648490219005913
5,-0.9628581919954335,-0.78410571055403
5,-1.4771212547196626,-0.4930905315466572
5,-0.045757490560674796,0.41172319643344535
5,-0.3979400086720375,-0.13927694711364064
5,-0.03802504032998488,-0.2800361042291594
5,-0.31137082900220037,-0.44555339624031287
5,-0.3904795519065729,-0.45419059949989543
5,-0.274110581688328,-0.44583418673994735
5,-0.18945522061366304,-0.4163099584020034
5,0.0,-0.4403832709536606
5,-0.558351063442557,-0.9792317014131262
5,-0.41841559438183484,-0.8173697640637763
5,-0.15490195998574308,-0.12137006431507108
5,-0.15490195998574308,-0.08478964969772373
5,-0.15490195998574308,-0.13151541439172404
5,-0.15490195998574308,-0.08910916465741708
5,0.5228787452803374,0.5190439493611528
5,-0.8750612633917001,-0.5710952052340523
5,-0.9420080530223132,-0.6033290051644808
5,0.6989700043360187,1.027697347196903
5,0.45593195564972433,0.9538902623702737
5,0.6093592300694626,-0.17711660977841615
5,-0.8601209135987631,-0.7387133536523305
5,-0.22184874961635614,-0.5820877369305597
5,-0.8284563686950399,-0.3774616719249193
5,0.15630065517830793,-0.18677635918530894
5,-0.042146450719561024,-0.02397753223838467
5,-0.9788107009300617,-0.6778730116165272
5,-0.513333427374107,-0.5878171513008714
5,-1.359021942641668,-0.9468063594100145
5,-0.8545395962470979,-0.9200042754195225
5,-0.9999999999999991,-0.9422095232406342
5,-1.0969100130080562,-1.100454276524078
5,-1.1059581419854538,-0.5348068768623433
5,-0.5563025007672868,-0.6776279681418399
5,-0.6434526764861879,-0.36470105824447063
5,-0.5925146734217321,-0.6395637541319824
5,-1.2277980821295582,-0.954363285287408
5,-1.5051499783199063,-0.8998851128524568
5,-0.9274493328513884,-0.5652184240554246
5,-1.3424226808222066,-1.0723069340465354
5,-0.989004615698537,-0.6028576622458064
5,-0.7996401662173822,-0.8077252815403317
5,-0.17609125905568135,-0.6681525478255327
5,-1.2108533653148932,-1.00817926951466
5,-1.310370021918124,-1.2587075658896136
5,-0.914828390263188,-0.7221692328842435
5,-0.5740312677277188,-0.5949803477139997
5,-0.935542010773081,-0.3856254337494163
5,-0.3129292189636885,-0.586933893981187
5,-0.045757490560674796,-0.7023722266833458
5,-1.1938200260161125,-0.6561578628242101
5,-1.0735773685296266,-0.8724472728717059
5,-0.9456423376774072,-0.9647899932224835
5,-0.7569619513137056,-1.1868278357644653
5,-1.1014576407587766,-0.6449796201145263
5,-0.9863561193334531,-1.1804507479752215
5,-0.30871682433027203,-0.7121575343804106
5,-0.38997107900076156,-0.5810732921668971
