fold,y_true,y_pred
1,-0.3357921019231931,-0.2767264246940613
1,-0.1870866433571443,-0.21831358969211578
1,-0.8216169441647336,-0.634012758731842
1,0.0,-0.21917641162872314
1,-1.1861083798132057,-1.4067401885986328
1,-1.5051499783199063,-1.240686297416687
1,-1.126177808723848,-1.2356510162353516
1,0.0,0.6178865432739258
1,0.0,0.07080579549074173
1,0.03267316440198176,-0.23643115162849426
1,-0.09288983391078975,-0.19534830749034882
1,-0.848732324669351,-0.8705509305000305
1,0.0,0.26750484108924866
1,-0.30102999566398125,-0.5542973875999451
1,-0.6020599913279625,-0.23502396047115326
1,-1.3010299956639813,-1.2532011270523071
1,-1.0746336182969038,-0.8324713706970215
1,0.0,-0.041934285312891006
1,-0.4740301777425202,-0.5783858299255371
1,-1.4771212547196626,-1.3393968343734741
1,-0.7781512503836439,-0.11863194406032562
1,-0.22184874961635614,-0.5604017972946167
1,-0.8239087409443187,-0.14788880944252014
1,-0.5051499783199054,-0.1200522631406784
1,-1.4471580313422194,-1.286603569984436
1,-0.518513939877888,-1.0299769639968872
1,-2.338013561917151,-2.019834041595459
1,-1.857332496431268,-1.6054328680038452
1,-0.6159957692712545,-1.098484992980957
1,-0.8450980400142569,-1.240686297416687
1,-1.3832167518513314,-1.2421470880508423
1,-1.3088553331759378,-0.6663957834243774
1,-0.6557448502907386,-0.6764882802963257
1,-1.3893932852496,-0.8593854904174805
1,-0.17609125905568135,-0.36750876903533936
1,-0.6766936096248664,-0.7920488715171814
1,-0.24652098006676937,-0.434096097946167
1,-0.5740312677277188,-0.9791211485862732
1,-0.4375301220789325,-0.5398659110069275
1,-0.22041068710403877,-0.5967718958854675
1,0.08715017571890016,-0.5238184332847595
1,-0.6284563261405438,-0.6208970546722412
1,-0.20107240033212914,-0.35726726055145264
1,-0.7661581357243872,-1.064354419708252
1,-0.7720771026714504,-0.8557592034339905
1,-0.9208187539523758,-1.0449897050857544
1,-1.018152262344456,-0.6198068261146545
1,-0.8738898682596776,-1.1260957717895508
1,-1.204119982655925,-1.3040837049484253
1,-1.2430380486862944,-1.3802129030227661
1,-1.4191293077419758,-1.3246873617172241
1,-1.0,-1.0605425834655762
1,-1.0,-1.0411903858184814
1,-1.3010299956639813,-1.1478239297866821
1,-1.320739584675871,-1.1994965076446533
1,-1.568201724066995,-1.292596459388733
1,-1.2632414347745815,-1.2471095323562622
1,-0.9030899869919438,-1.3009299039840698
1,-1.4771212547196626,-1.4243426322937012
1,-1.3979400086720375,-1.4859486818313599
1,-1.4771212547196626,-1.3475745916366577
1,-1.3979400086720375,-1.4790630340576172
1,-1.5228787452803374,-1.281273365020752
1,-1.204119982655925,-1.3060003519058228
1,0.3666259460036354,-0.08421942591667175
1,-0.9428344937700945,-0.6356920599937439
1,-0.32735893438633035,-0.45997580885887146
1,0.045078374735187055,0.0023046431597322226
1,-0.045757490560674796,0.0023046431597322226
1,-0.151267675330649,-0.2976840138435364
1,-0.04420366249205365,-0.6088359951972961
1,-0.19836765376683374,-0.2976840138435364
1,-0.9876662649262755,-0.7740573883056641
1,-1.422334447617187,-0.5549206137657166
1,-1.1333023000931028,-0.9360525608062744
1,0.05115252244738144,-0.24033530056476593
1,-0.09691001300805624,0.04240650311112404
1,-1.3979400086720375,-1.1992323398590088
1,-1.414249617943785,-1.2404365539550781
1,-0.3723859041996489,-0.46098822355270386
1,-1.4254760431426394,-1.2404365539550781
1,-0.4726443910685916,-0.5078911781311035
1,-0.19188552623891297,-0.5304526686668396
1,-0.7162766632434856,-0.5401014089584351
1,-0.4349235749252074,-0.4546775221824646
1,-0.26884531229258,-0.5976694226264954
1,-1.2730012720637376,-0.7502952814102173
1,-0.30102999566398037,-0.3601900339126587
1,-0.46593708776714937,-0.4546775221824646
1,-1.0077477780007396,-1.1918801069259644
1,2.0904053825965034,1.4640591144561768
1,-0.1301133703771553,-0.4851648807525635
1,-0.33252783011489306,-0.36698269844055176
1,-0.08828975779995663,-0.3082245886325836
1,-0.44164893655744386,-0.36698269844055176
1,-0.4600879154208819,-0.6602491736412048
1,0.15490195998574308,-0.09642089158296585
1,-0.621365146523349,-0.6237620711326599
1,-1.5910646070264995,-1.2032362222671509
1,-1.151835009809636,-1.011862874031067
1,-1.1514897640503463,-1.0919818878173828
1,-2.0543576623225928,-1.6262366771697998
1,-2.423245873936808,-1.6139103174209595
1,-1.3802112417116064,-1.5970579385757446
1,-0.8061799739838875,-0.8521401882171631
1,-2.0881360887005513,-1.926020860671997
1,-1.4093694704528197,-1.6122667789459229
1,-2.159867847092566,-1.2560985088348389
1,-1.2367890994092932,-1.1985807418823242
1,-1.3324384599156058,-1.2430992126464844
1,-1.4683473304121577,-1.321977138519287
1,-0.6989700043360187,-0.3986426889896393
1,-0.46852108295774464,-0.43164101243019104
1,-0.9208187539523749,-0.911577582359314
1,-0.30102999566398125,-1.0387552976608276
1,-0.7403626894942441,-0.9637520909309387
1,-0.9208187539523749,-0.5944606065750122
1,-1.5218926287866976,-1.3418911695480347
1,0.0,-0.0724424421787262
1,0.0,-0.0724424421787262
1,-1.443262987458695,-1.3897665739059448
1,-0.27036117589752884,-0.3858584463596344
1,-0.5127853228438921,-0.5650615096092224
1,-1.2787536009528289,-1.3022953271865845
1,-1.3594330117513005,-1.2729912996292114
1,-1.1949766032160545,-1.3056116104125977
1,-0.3979400086720375,-0.1881440430879593
1,0.0,-0.1761329025030136
1,0.08432088570003593,0.17370958626270294
1,-0.11092602757466441,-0.22801725566387177
1,0.11265459406045775,-0.5915346145629883
1,-0.4375301220789325,-0.5317215323448181
1,-1.7346855566025532,-1.4359570741653442
1,-0.4883011424844037,-0.48681512475013733
1,-1.3010299956639813,-1.158490777015686
1,-0.17609125905568135,-0.645473062992096
1,-0.8938982262807151,-1.3049856424331665
1,1.2552725051033065,0.5025137662887573
1,-0.19627273648709753,-0.39852437376976013
1,-0.5440680443502757,-0.419010728597641
1,-0.09691001300805624,-0.1789650022983551
1,-1.8419848045901137,-1.5813254117965698
1,-1.5965970956264606,-1.4145499467849731
1,-1.204119982655925,-1.070159673690796
1,-1.0,-1.3742355108261108
1,-0.8159298739801057,-0.6404943466186523
1,-0.35144772761062537,-0.49650874733924866
1,-0.5639788777283403,-0.5579187870025635
1,-0.8440190469576176,-0.9573995471000671
1,-1.3010299956639813,-1.335274577140808
1,0.0,-0.07500017434358597
1,-0.3979400086720375,-0.23547469079494476
1,-0.3979400086720375,-0.14134205877780914
1,-0.5239367104366721,-0.8329721689224243
1,-0.9007737442647628,-0.8415629863739014
1,-0.3670895643897012,-0.47964242100715637
1,0.15862972606545167,0.4512815475463867
1,0.050824057875670015,0.22508171200752258
1,-1.1047353505200128,-0.4442228376865387
1,-0.21197723476163066,-0.08961991220712662
1,-0.48811663902112556,-0.5934441685676575
1,-0.7841416140728308,-0.36168012022972107
1,-0.5131189079911813,-0.8202601075172424
1,-0.8890752499668562,-0.3648720681667328
1,-0.5026753591920503,-0.4608701169490814
1,-2.2632414347745815,-1.9979017972946167
1,-1.7160033436347994,-1.743194341659546
1,-1.3010299956639813,-1.5644463300704956
1,-0.8944326674594443,-1.1497611999511719
1,-0.6564176536505553,-0.7835841178894043
1,-0.8424528658949022,-0.7987087965011597
1,-1.5314789170422554,-1.5111644268035889
1,-0.42866488543881687,-0.4353587329387665
1,-1.3710678622717358,-1.0988415479660034
1,-1.9420080530223132,-1.3495312929153442
1,-1.857332496431268,-1.3187466859817505
1,-0.3802112417116055,-0.5371607542037964
1,-1.2108533653148932,-1.3419846296310425
1,-1.079181246047625,-1.1476603746414185
1,-1.26884531229258,-1.301426649093628
1,-0.404570587571051,-0.1272740364074707
1,-0.40748532657826786,-0.4888864755630493
1,-0.7781512503836439,-0.7438784241676331
1,-1.2130748253088512,-1.0286471843719482
1,-0.9661417327390325,-1.110280990600586
1,-0.9294189257142929,-1.016659140586853
1,-0.3494856763830949,-0.1429818719625473
1,-0.19896832053217395,-0.0910901129245758
1,-0.38021124171160636,0.013824088498950005
1,-1.0434656937810907,-0.6111080646514893
1,-1.6283889300503116,-1.4151771068572998
1,-0.6184504075161312,-0.4085264205932617
1,-0.460730838531493,-0.21469555795192719
1,0.0,0.05233997106552124
1,0.0,0.13505442440509796
1,0.0,0.09497383236885071
1,0.0,-0.03204207867383957
1,-0.20618429695565865,-0.5456814765930176
1,-0.7659167939666318,-1.0438213348388672
1,-1.7169848005087767,-1.3882713317871094
1,-0.5901452216989629,-0.6851159334182739
1,1.3802112417116064,0.9066057205200195
1,-0.48454368673188686,-0.36981940269470215
1,-1.149816333700966,-1.399619221687317
1,1.3388046091732582,0.844799816608429
1,1.3873898263387296,0.7386193871498108
1,-0.8947858242033648,-1.6355323791503906
1,-0.7113792623178385,-0.8286054134368896
1,-0.6778349886836752,-0.6954299211502075
1,-0.7471170166436751,-0.6470740437507629
1,0.00010777875273149107,0.35434097051620483
1,-1.26884531229258,-0.6707723736763
1,-0.5166297960033361,-0.5510977506637573
1,-0.7244946516343056,-0.5628067255020142
1,-1.0134032446733716,-0.7375138401985168
1,-0.11423889126475562,-0.0011420163791626692
1,-0.4375301220789325,-0.49487510323524475
1,-0.09727027390130161,-0.6250020861625671
1,-0.3966086423070294,-0.4897584021091461
1,0.0,0.018357085064053535
1,0.0,0.10876007378101349
1,0.0,-0.17320673167705536
1,-0.41300375510791376,-0.6295767426490784
1,0.0,0.1514912098646164
1,-1.0937807546179128,-1.1534522771835327
1,-1.3862016054007933,-1.3222465515136719
1,-0.6353716852785132,-0.7455735802650452
1,0.0,-0.04853454977273941
1,0.0,0.17584803700447083
1,0.7403626894942441,0.5511610507965088
1,0.0,0.22776097059249878
1,1.259637310505756,0.1796044111251831
1,0.0,0.03227600082755089
1,0.0,0.28796225786209106
1,0.0,0.32661178708076477
1,0.7403626894942441,0.2219187617301941
1,-2.1962946451439684,-1.59157133102417
1,-1.0934216851622347,-1.278387427330017
1,-1.198657086954423,-1.317344069480896
1,-1.0134032446733716,-0.5410295724868774
1,0.0,-0.08241014182567596
1,0.0,0.055870912969112396
1,-0.5325420619597168,-0.5881462097167969
1,-0.6933901269551814,-0.3669159710407257
1,-1.5378190950732744,-1.2102041244506836
1,-0.912616269835083,-1.2102041244506836
1,0.6020599913279625,0.9996019005775452
1,-2.1938200260161134,-2.245408535003662
1,-1.0413926851582254,-0.4944968521595001
1,-0.15490195998574308,-0.3498224914073944
1,-0.15490195998574308,-0.05877320095896721
1,0.0,0.09606651961803436
1,-0.32192791969320034,-0.13767871260643005
1,0.0772210331236014,-0.08482721447944641
1,-0.24303804868629442,0.041790883988142014
1,0.302535350661298,0.20283794403076172
1,-0.1484198324578232,-0.7112370729446411
1,0.30102999566398125,-0.7633584141731262
1,0.0,0.11226799339056015
1,0.0,0.05359305068850517
1,-1.079181246047625,-0.7405333518981934
1,0.0,0.042542316019535065
1,-1.0579919469776868,-0.8899073600769043
1,-1.9121696448438614,-1.9918183088302612
1,-2.4266553640072512,-2.2471530437469482
1,0.0,-0.24481919407844543
1,-0.8129133566428557,-0.16695597767829895
1,-0.5038929746004035,-0.4224444627761841
1,-2.7280414522832768,-2.2951810359954834
1,-2.508754102588731,-2.9960436820983887
1,-2.8409420802430994,-2.279646396636963
1,-3.0266694283375184,-2.623382091522217
1,0.0,0.029290800914168358
1,0.0,0.312402606010437
1,0.0,0.0590435266494751
1,0.0,-0.42184990644454956
1,-0.6368220975871743,-0.6968939304351807
1,-0.644612342013426,-0.73580402135849
1,-0.70729539312015,-0.677295982837677
1,-0.8166095022028195,-0.6286808252334595
1,-0.7008541482105697,-0.6589496731758118
1,-0.7533276666586115,-0.4087698757648468
1,-0.5314789170422554,-0.5680285692214966
1,-0.6726410656136697,-0.3510829210281372
1,-0.6989700043360187,-0.5797705054283142
1,-1.0737862141609194,-0.5629607439041138
1,-0.8357691602338235,-0.45367616415023804
1,-0.5440680443502748,-0.38335704803466797
1,-0.134698573897456,-0.2920907735824585
1,-0.24111497034742868,-0.4428495764732361
1,-0.2264874530687644,-0.2558017075061798
1,1.1760912590556813,0.8525571227073669
1,-0.6989700043360187,-0.9903533458709717
1,-2.3979400086720375,-0.9862723350524902
1,-0.71213145039399,-0.6110202670097351
1,-1.0,-0.5024512410163879
1,-1.0,-0.3460584580898285
1,-0.2887955392469692,-0.35732266306877136
1,-0.4771212547196626,-0.3501240611076355
1,-0.6020599913279625,-0.758175790309906
1,-0.37174608568724743,-0.38482874631881714
1,1.740362689494244,1.5840188264846802
1,-1.388483767677596,-1.302585482597351
1,-1.443262987458695,-1.2599818706512451
1,-1.230448921378274,-1.261972188949585
1,-1.5112755309539683,-1.2599796056747437
1,2.084320885700036,1.6070648431777954
1,0.9935975083908692,0.6518324017524719
1,-1.3010299956639813,-0.3022210896015167
1,-0.29081083048229495,-0.780538022518158
1,0.0,-0.5649145245552063
1,-0.30102999566398125,-0.47964242100715637
1,-0.9744458955276123,-0.6587656140327454
1,-0.3679767852945943,-0.5784016847610474
1,-0.6690067809585756,-0.8079816102981567
1,-0.808114473761087,-0.9127113223075867
1,-0.7290424704462488,-0.47964242100715637
1,-0.5700192809338134,-0.6787709593772888
1,-0.2536053457358438,-0.5249350666999817
1,-0.16840443038939057,-0.47964242100715637
1,-0.30102999566398125,-0.47999411821365356
1,-0.30102999566398125,-0.38132837414741516
1,-0.29711633838748064,-0.19159206748008728
1,-0.30102999566398125,-0.36821413040161133
1,-0.13070197070604372,-0.47147485613822937
1,-0.6488033948702885,-0.6831655502319336
1,-0.2211182288690008,-0.48748743534088135
1,-1.0395085412836735,-0.9632745981216431
1,-1.020203386088287,-0.9452227354049683
1,-1.3929480631145381,-1.3261284828186035
1,-1.594234653816006,-1.1610684394836426
1,-1.117456579265843,-0.9753748774528503
1,-1.3424226808222066,-1.3462165594100952
1,-1.6922366216770506,-1.311100721359253
1,-1.50991376811597,-1.2224148511886597
1,-1.2155998003393549,-1.193070411682129
1,-0.31527043477859173,-0.6413204669952393
1,-1.2024201977780304,-0.7262179255485535
1,-0.7781512503836439,-1.24916410446167
1,-1.528273777167044,-1.3067357540130615
1,-0.7634279935629378,-0.5972983837127686
1,-1.0,-0.3634042739868164
1,0.0,-0.04293090105056763
1,0.6020599913279625,0.23847733438014984
1,-1.0,-0.6087332367897034
1,-0.6931404606752949,-0.5634117126464844
1,-0.7955365657786055,-0.7194583415985107
1,-0.7995866783816217,-0.6900821924209595
1,-0.5913361259361896,-0.7726470232009888
1,-0.6056052720926122,-0.6694363355636597
1,-0.9062716457781326,-0.3865070641040802
1,0.0,-0.6804375648498535
1,-0.7672348358945449,-0.3805328905582428
1,-0.479055754496863,-0.7005477547645569
1,-0.19542414077975234,-0.36319223046302795
1,-0.6079421735539166,-0.6639199256896973
1,-0.70472233322511,-0.7726007699966431
1,-0.47127208237339513,-0.6684370636940002
1,-0.4999841376791663,-0.8247236013412476
1,-0.9229848157088822,-0.6794120669364929
1,-0.5605087756033109,-0.6713934540748596
1,-0.42247728842341825,-0.5225076675415039
1,-0.22094772339709845,-0.5759766101837158
1,-0.5603052432209612,-0.6639714241027832
1,-0.5412007931861664,-0.40318408608436584
1,-0.37485318836652937,-0.6766641736030579
1,-0.9603526399579447,-0.522148072719574
1,-0.2428482761327384,-0.5612700581550598
1,-0.5300573299074607,-0.8702385425567627
1,-0.785729099900708,-0.8544274568557739
1,-0.35110886000729824,-0.5788571238517761
1,-1.5378190950732744,-1.174177646636963
1,-1.699693225955114,-1.4501265287399292
1,-1.3954512082683426,-1.4134676456451416
1,-1.6495782291202499,-1.399619221687317
1,-1.8148740574083835,-1.471170425415039
1,-1.6300887149282062,-1.3471362590789795
1,-1.3309932190414244,-1.3891804218292236
1,-1.2106727479357442,-1.379486322402954
1,-1.5824130364264946,-1.468479037284851
1,-1.4206723924623326,-1.3575397729873657
1,-1.5529998652172008,-1.2955254316329956
1,-1.0522732830226769,-1.29228937625885
1,-1.515211304327801,-1.257067084312439
1,-1.03252922482692,-1.3777062892913818
1,-1.100900495740861,-1.2809619903564453
1,-1.9023137678721662,-1.5243717432022095
1,-1.5227236124042802,-1.3323676586151123
1,-2.367355921026019,-1.642055630683899
1,-2.0253058652647704,-1.5696414709091187
1,-1.7895807121644252,-1.6476083993911743
1,-1.5235463772056734,-1.6476083993911743
1,-1.7638682312913625,-1.5847716331481934
1,-1.5292189233113564,-1.4361920356750488
1,-1.8380616118598416,-1.586460828781128
1,-1.3309932190414244,-1.6356247663497925
1,-1.8769871844277386,-1.7542054653167725
1,-1.5708022975975204,-1.6224825382232666
1,-1.3868964149592022,-1.6147279739379883
1,-1.7853298350107671,-1.72296941280365
1,-0.8432872195371282,-1.4213447570800781
1,-1.1456128582964702,-1.6491361856460571
1,-0.30102999566398125,-0.979847252368927
1,0.6951770153188797,1.5260568857192993
1,-1.2892190346309942,-1.3222861289978027
1,-0.4202164033831899,-0.6771664023399353
1,-1.2167521925969762,-1.1221733093261719
1,-1.3957166532261231,-1.358077883720398
1,-1.290564561985816,-1.3328131437301636
1,1.5642714304385628,0.979541540145874
1,-0.6127838567197355,-0.5899559855461121
1,-1.0534015926312401,-1.0831403732299805
1,-0.9702081297444902,-0.48340320587158203
1,-0.7989348563069356,-0.6711102724075317
1,-0.5330562595094737,-0.6230434775352478
1,0.0,-0.07921517640352249
1,0.279840696594043,-1.206061840057373
1,-0.1424081458531088,-0.06731783598661423
1,-1.08167004645132,-0.7079428434371948
1,0.0,-0.1986066699028015
1,0.0,-0.44907721877098083
1,-0.6458389159065492,-0.6286808252334595
1,-0.8031681201868599,-0.5901243686676025
1,-1.0700378666077555,-1.320716142654419
1,-0.6722413466622505,-0.4049151539802551
1,-0.7110497699297014,-0.5664401650428772
1,-0.2639451480479682,-0.1319306641817093
1,0.0,-0.03977591171860695
1,0.0,-0.28072354197502136
1,-0.7447274948966935,-0.27305465936660767
1,0.0,-0.25008124113082886
1,0.0,-0.3560149073600769
1,-1.1505139038522927,-1.1916440725326538
1,0.79707326088554,0.1009645164012909
1,-0.9504068849081397,-0.6810070276260376
1,-0.775216817044595,-0.5033634901046753
1,0.0,0.08456893265247345
1,-0.5633074023359459,-1.0763472318649292
1,-0.8076062297219195,-0.6519680023193359
1,-0.2730012720637376,-0.5734367966651917
1,-0.4890204780193699,-0.6965881586074829
1,-0.8550907278940816,-0.570110559463501
1,0.13848130992364283,-0.2166125327348709
1,-0.45229767099463025,-0.7113964557647705
1,-0.4293484729236612,-0.515049159526825
1,-1.3802112417116064,-1.3986600637435913
1,0.48323932891565047,0.40241971611976624
1,0.10584251126615385,0.32128942012786865
1,-1.5440680443502757,-1.0647265911102295
1,-0.06494080693301463,-0.34075742959976196
1,-1.269512944217916,-1.245588779449463
1,-0.6146491186359828,-0.7231866121292114
1,-1.174018250432816,-1.225982904434204
1,-0.6197887582883936,-1.1314550638198853
1,-1.5567331348946913,-1.59107506275177
1,-1.3332146790353825,-1.1923177242279053
1,-1.3976121155028922,-1.2629625797271729
1,-1.2900346113625183,-1.391236424446106
1,-0.9208187539523758,-0.9356654286384583
1,-1.0969100130080562,-1.3560824394226074
1,-1.3010299956639813,-1.17471182346344
1,0.7781512503836439,0.3981035649776459
1,1.1383026981662816,1.0499600172042847
1,-2.499397649430815,-1.9541990756988525
1,-2.214679773167946,-1.4367434978485107
1,-1.4832443397784516,-1.673569917678833
1,-2.3872161432802645,-2.2936196327209473
1,-1.794074216480813,-1.3050963878631592
1,-1.9897463656344465,-2.6139485836029053
1,-2.6020599913279625,-2.3228025436401367
1,-2.9311187105921865,-2.559629201889038
1,-2.609238575955086,-2.63724684715271
1,-0.7697329439853142,-1.2011343240737915
1,-1.5093705604380174,-1.5892492532730103
1,-0.24693309256981877,-0.3518151342868805
1,-1.5241178173958856,-1.5169099569320679
1,0.38929089956352403,0.5302046537399292
1,0.0,-0.25399279594421387
1,1.0607238842192848,0.34456565976142883
1,0.0,-0.09330854564905167
1,0.0,-0.17108488082885742
1,-1.4471580313422185,-0.6978356242179871
1,-1.2223056612649223,-1.2582807540893555
1,-0.5613857422010744,-0.18752135336399078
1,0.5969565896898335,0.7141525149345398
1,0.8636181120497923,-0.02955341525375843
1,-0.48555442225652534,-0.2571638822555542
1,-1.5691787649333069,-1.1310088634490967
1,-1.2263963773670774,-1.0018372535705566
1,-0.9700367766225568,-1.300662636756897
1,-1.079181246047625,-1.3532936573028564
1,-0.9208187539523749,-1.027525544166565
1,-1.5854607295085001,-1.3044039011001587
1,-0.4375301220789325,-0.18637460470199585
1,0.0,-0.19634832441806793
1,1.6266824662362946,0.9549427032470703
1,-1.230448921378274,-1.2127816677093506
1,0.8538719643217618,0.5163350105285645
1,0.0,0.32909470796585083
1,-2.2955670999624793,-2.583177089691162
1,-0.9208187539523749,-1.2013884782791138
1,-2.322858433159654,-2.1475088596343994
1,-0.5004497215452615,-0.47782450914382935
1,-0.15490195998574308,-0.10949187725782394
1,-0.7049193368492208,-0.6524953842163086
1,-0.7049193368492208,-0.6765733957290649
1,0.0,-0.34147942066192627
1,-0.39280036901962667,-0.1553758829832077
1,0.0,0.719167947769165
1,0.0,0.28797197341918945
1,0.6517613292186208,0.646247386932373
1,0.7496315210986477,0.373714804649353
1,0.18448680416588203,0.3565773367881775
1,1.0217971290948444,0.9111459255218506
1,0.1452689827860576,0.3237925171852112
1,0.6904166833935195,0.3743484914302826
1,0.5502723567515604,0.43826138973236084
1,0.7525113222809265,0.5049785375595093
1,0.4575007247852527,0.3077862858772278
1,0.4684988108747685,0.4043305516242981
1,0.0,0.18483617901802063
1,-0.24303804868629442,0.0732472687959671
1,-2.1687920203141813,-1.3841469287872314
1,-0.15490195998574308,-0.013578243553638458
1,-0.4349235749252074,-0.5978804230690002
1,-1.134698573897456,-0.7388052940368652
1,-1.1505139038522927,-1.3632144927978516
1,-1.0,-1.3439809083938599
1,0.7800357683867247,0.5116934776306152
1,-1.8765065042658806,-1.071601390838623
1,-1.0572954039544324,-1.3606605529785156
1,-0.6585413472804102,-0.3308412432670593
1,-0.7781512503836439,-0.3308412432670593
1,-1.3424226808222057,-1.2933162450790405
1,-1.0019695928629044,-1.1367275714874268
1,-0.11303951330859263,-0.5776170492172241
1,-0.6020599913279625,-0.5328798890113831
1,-0.23099212905622668,-0.5261601209640503
1,-0.4623979978989565,-0.44697365164756775
1,-0.9542425094393243,-0.8075723648071289
1,-0.8450980400142569,-0.4498588740825653
1,-0.7403626894942441,-0.3801472783088684
1,-1.304634119932806,-1.0477570295333862
1,-0.3424226808222066,-0.4235974848270416
1,-0.4375318721122108,-0.15015067160129547
1,-0.006204312401284717,-0.2369202822446823
1,-1.3010299956639813,-0.8010869026184082
1,-0.3979400086720375,-0.22874662280082703
1,-1.0,-0.8775472044944763
1,-0.4771212547196626,-1.204622507095337
1,-0.3494864174906427,-1.0153775215148926
1,-1.0,-0.6538081765174866
1,-1.1505139038522927,-1.0499098300933838
1,-2.1505139038522927,-1.2050085067749023
1,-1.1505139038522927,-1.314436674118042
1,-1.1505139038522927,-0.9217416644096375
1,-1.1505139038522927,-1.0220516920089722
1,-0.8494839081883114,-1.1870085000991821
1,-1.1505139038522927,-1.1238023042678833
1,-1.1505139038522927,-1.084111213684082
1,-0.8494839081883114,-1.1410350799560547
1,-0.30102999566398125,-1.2939387559890747
1,-1.6020599913279625,-1.5329691171646118
1,-0.09691001300805624,-0.1386401355266571
1,-1.2552725051033056,-1.4357695579528809
1,-1.3802112417116064,-1.0948890447616577
1,-1.0511525224473814,-0.9158894419670105
1,-0.642065152999546,-0.7589919567108154
1,-0.35654732351381213,-0.48726993799209595
1,0.0,-1.0063115358352661
1,0.07911523830283684,0.0827462375164032
1,0.0,-0.07854804396629333
1,-0.7569619513137056,-0.9697766304016113
1,-0.6020599913279625,-0.7965356111526489
1,-0.6020599913279625,-0.8422719240188599
1,-2.993133541047083,-2.9217498302459717
1,-2.9537548120473627,-2.7714223861694336
1,-2.1303337684950057,-1.5256175994873047
1,-1.7323937598229682,-1.5904369354248047
1,-1.201645363528069,-1.3426378965377808
1,-1.079181246047625,-0.8231644034385681
1,-0.4771212547196626,-0.30049076676368713
1,-1.653212513775344,-1.4899533987045288
1,-0.49082253239705054,-0.7211139798164368
1,-1.4240428112362427,-2.6529760360717773
1,-0.44748104696283963,-0.5766449570655823
1,-0.7403626894942441,-0.6480863690376282
1,-0.8239087409443187,-1.021648645401001
1,-0.6478174818886373,-0.9533888101577759
1,-0.9542425094393252,-0.6399048566818237
1,-0.9225050021900998,-0.6841533780097961
1,-0.3679767852945943,-0.1944768726825714
1,-0.6754889084864963,-0.6407713890075684
1,-1.3010299956639813,-0.9990055561065674
1,-1.2026502875751488,-1.5921231508255005
1,0.6354341975677036,0.3614214062690735
1,1.0249436899775137,0.49458572268486023
1,0.43468809354410887,0.3645980954170227
1,0.27875360095282886,0.35447344183921814
1,-0.8325089127062366,-0.7009121775627136
1,-0.04845513955992686,-0.16505564749240875
1,-1.0211892990699383,-1.025113821029663
1,-0.4375301220789325,-0.2896636426448822
1,-0.9604914587163265,-0.7715152502059937
1,0.013363961557981696,-0.01021610014140606
1,-0.3215516628085826,-0.1418987661600113
1,0.011738403271244202,-0.13250593841075897
1,0.17710898483871063,-0.0457257442176342
1,0.16061660671589717,-0.3488772511482239
1,-0.46779720744600084,-0.508149266242981
1,-0.34364828614543974,-0.5560416579246521
1,0.012964977164368285,-0.047257617115974426
1,-0.07142797820037927,-0.19039608538150787
1,-0.5987573557778756,-0.3754999339580536
1,-0.349334675238536,-0.3701852560043335
1,0.045757490560674796,-0.0076565309427678585
1,0.05115252244738144,0.11874812841415405
1,-1.019595556063381,-0.4504530429840088
1,-0.11476734547590794,-0.2055579125881195
1,0.0,-0.10902247577905655
1,0.0,-0.08908266574144363
1,0.0,-0.11146412789821625
1,-0.3701809521413173,-0.5802866816520691
1,0.19897007056545224,-0.1136840358376503
1,-0.2596373105057559,-0.492051362991333
1,-0.9103892257334429,-0.6824377179145813
1,-1.1485077374235928,-1.2494829893112183
1,-0.35485510797268915,-0.27843815088272095
1,-1.4661258704181988,-1.31417715549469
1,-1.3010299956639813,-1.31417715549469
1,-0.48314724113633556,-0.5169000625610352
1,-1.1620186307939715,-0.9276975393295288
1,-0.6401500409361018,-0.6319246888160706
1,-1.2983898994977725,-1.242783784866333
1,-1.1856365769619117,-0.3274122178554535
1,-1.8899478139300738,-1.2599776983261108
1,-0.8129133566428557,-0.8713361620903015
1,-0.09691001300805624,-0.26834070682525635
1,0.5647297887733558,0.06252799928188324
1,0.0,-0.5788353681564331
1,-0.3332146790353825,-0.3370872139930725
1,-2.716484251913524,-2.644624948501587
1,-2.4609505675935557,-2.544851064682007
1,-2.7126497016272113,-2.5617260932922363
1,-1.2912701583748243,-1.1717276573181152
1,1.0969100130080562,1.0593154430389404
1,0.7781512503836439,0.8698803186416626
1,0.7990851572192872,1.0358905792236328
1,-0.6659697442330934,-0.4572039544582367
1,-0.5228787452803374,-0.5793581604957581
1,-1.4259687322722812,-0.9478501677513123
1,0.38021124171160636,-0.23665432631969452
1,-0.9551876555836376,-1.0888211727142334
1,-1.4722687519252506,-1.0070512294769287
1,-1.173186268412274,-1.1088600158691406
1,-2.3979400086720375,-0.3729802966117859
1,-1.0,-0.3913815915584564
1,0.8440132975922667,0.36632394790649414
1,-1.2787536009528289,-1.0153001546859741
1,0.0,-0.2979700267314911
1,-1.4183012913197448,-1.218311071395874
1,1.6640579802891544,0.7078039050102234
1,-0.795880017344075,-1.1334344148635864
1,-0.4375301220789325,0.005543538834899664
1,-0.9652378937407882,-1.0590728521347046
1,-1.0289636959353174,-1.0249642133712769
1,0.018173968928587136,0.13610149919986725
1,0.11394335230683694,0.12630972266197205
1,-1.0211892990699383,-0.5422627329826355
1,0.0,-0.16863830387592316
1,0.14242629585250466,0.34817570447921753
1,0.26259486787588227,0.6280773282051086
1,0.3783527524716668,0.5180545449256897
1,0.6872316010647745,0.9226571321487427
1,0.8829098516346567,0.8495069146156311
1,0.7218806438005094,0.8132954835891724
1,-0.028456562779072492,0.3947524428367615
1,0.6266567538842605,0.6395238637924194
1,0.6182848926385986,0.5477728843688965
1,0.7937903846908192,0.6717258095741272
1,-2.0211892990699383,-1.6296019554138184
1,1.322592881408056,1.0325510501861572
1,1.2195039221899133,1.2896385192871094
1,0.4610493196492511,0.8363634943962097
1,0.8540339842758531,0.69159334897995
1,0.8214045648353983,0.8363634943962097
1,-0.7950520009218449,-0.6183239817619324
1,-0.6560418037942082,-0.23826034367084503
1,-0.43911207178746725,-0.4244835078716278
1,-0.645094623553164,-0.42000097036361694
1,-0.5274263730310587,-0.6683186292648315
1,-0.5541035366673484,-0.4595707952976227
1,-0.23512958465826372,-0.46394652128219604
1,-1.3654879848908994,-1.1119964122772217
1,-1.5972074885335505,-1.3887840509414673
1,-1.370665923805375,-1.3491618633270264
1,0.8057955484803827,0.9077348113059998
1,-0.9057300831581516,-0.41497689485549927
1,0.8810742471742232,0.5244696736335754
1,1.2583218442658497,0.7052140831947327
1,0.34679030058945237,0.4291352927684784
1,-1.5461312049140492,-1.3448091745376587
1,-1.3556430502208698,-1.0630476474761963
1,-1.338818556553381,-1.0849683284759521
1,0.040129405552248976,0.36882781982421875
1,0.2258937820265059,0.43621256947517395
1,-0.6566307997724685,-0.7719282507896423
1,-0.6163004304425721,-0.9961460828781128
1,-0.8803900968967664,-0.7638537287712097
1,-0.4637572931616809,-0.778268575668335
1,-0.9330532103693869,-0.643488883972168
1,0.06915095647733605,-0.6481176018714905
1,-0.9999999999999991,-1.1598378419876099
1,-0.8450980400142569,-0.8690661787986755
1,-0.5873367345072564,-1.1858580112457275
1,-0.797586464381328,-0.6748514175415039
1,-0.5606673061697371,-0.6771664023399353
1,-0.460730838531493,-0.8521401882171631
1,-1.0,-0.8521401882171631
1,-1.0,-0.6646035313606262
1,-0.8372727025023003,-0.6919141411781311
1,-0.7136932611567257,-0.6828233599662781
1,-1.2632414347745815,-1.0305554866790771
1,-0.7781512503836439,-1.0305554866790771
1,-0.5259698222574789,-0.7987347841262817
1,-0.4327021149312493,-0.6601345539093018
1,0.0,-0.16569672524929047
1,-0.42276359239706984,-0.6041508913040161
1,-0.7178553484963919,-0.7916097640991211
1,-0.7844001996606451,-0.6358184218406677
1,-1.08795517035513,-0.4778106212615967
1,-0.2263963773670774,-0.8089072704315186
1,-1.7639268959519816,-1.7751212120056152
1,0.0,-0.6148418188095093
1,-0.7403626894942441,-0.5289812088012695
1,-0.7403626894942441,-0.249917134642601
1,0.0,-0.5666707754135132
1,-1.0,-0.5417395830154419
1,0.5228787452803374,0.37996670603752136
1,0.6020599913279625,0.3838207721710205
1,0.30102999566398125,0.6520967483520508
1,0.8129133566428557,0.7088972926139832
1,0.6020599913279625,1.1258584260940552
1,-1.3309932190414244,-1.1748148202896118
1,-1.1461280356782382,-1.1412239074707031
1,0.0,-0.30521130561828613
1,-0.30102999566398125,-0.16775333881378174
1,-0.4375301220789325,-0.3086233139038086
1,-0.4375301220789325,-0.22863750159740448
1,-0.10206004319610873,-0.20523163676261902
1,-0.3494856763830949,-0.30058369040489197
1,-0.3494856763830949,-0.325162798166275
1,0.09455610761457933,-0.2187945693731308
1,-0.30102999566398125,-0.06583258509635925
1,0.0,-0.03884411230683327
1,0.03959044503700948,-0.299049973487854
1,-0.2614392680716957,-0.11581570655107498
1,-0.19010599608076895,-0.053606271743774414
1,-0.15051493100552538,-0.1460493505001068
1,-0.19897007056545224,-0.16963793337345123
1,0.30102999566398125,-0.2217370718717575
1,0.0,-0.32070836424827576
1,0.0,-0.2699223756790161
1,0.30102999566398125,-0.22368863224983215
1,0.0,-0.28860941529273987
1,-0.4375301220789325,-0.35722512006759644
1,0.0,-0.28860941529273987
1,-0.3494856763830949,-0.175503209233284
1,-0.7870157984620274,-0.22148963809013367
1,-0.4375301220789325,-0.227239191532135
1,-0.4375301220789325,-0.17563852667808533
1,-0.4375301220789325,-0.2190808653831482
1,-0.4375301220789325,-0.42095518112182617
1,0.0,-0.21728552877902985
1,-0.23855876556918343,-0.24723385274410248
1,-0.3979400086720375,-0.17108488082885742
1,-0.23855876556918343,-0.44567742943763733
1,-0.4375301220789325,-0.32711949944496155
1,-0.4375301220789325,-0.15083590149879456
1,-0.23856180154675855,-0.23126763105392456
1,-0.19896832053217395,-0.07963668555021286
1,-0.23856180154675855,-0.17841611802577972
1,-0.23855876556918343,-0.0708390399813652
1,0.0,-0.1581474393606186
1,0.23855876556918343,-0.09077157825231552
1,-0.03959044503700948,-0.16521243751049042
1,0.0,-0.1428617686033249
1,0.03959044503700948,-0.023977188393473625
1,-0.7870157984620274,-0.4292685091495514
1,0.0,-0.05461163818836212
1,-0.4375301220789325,-0.2581610083580017
1,0.0,-0.33533474802970886
1,-0.4375301220789325,-0.1785176545381546
1,0.0,-0.10212592035531998
1,-0.8129133566428557,-0.9642261266708374
1,-1.3657553253006363,-1.3911174535751343
1,-0.5226852525251191,-1.3358187675476074
1,-1.3384989773683804,-1.4009628295898438
1,-0.8361431973613307,-1.2906818389892578
1,-1.5357159699855094,-1.358415961265564
1,-1.3909351071033793,-1.3241866827011108
1,-1.672097857935717,-1.358415961265564
1,-1.4259687322722812,-1.4288984537124634
1,-1.5622928644564746,-1.349292278289795
1,-1.3521825181113627,-1.349273681640625
1,-1.4471580313422194,-1.3458164930343628
1,-1.1760912590556813,-1.3774473667144775
1,-1.568201724066995,-1.3372888565063477
1,-1.4771212547196626,-1.1989036798477173
1,-1.3979400086720375,-1.2263669967651367
1,-1.3010299956639813,-1.3630305528640747
1,-1.3010299956639813,-1.3563051223754883
1,-1.8388490907372548,-1.187717080116272
1,-1.2111205412580492,-1.3108389377593994
1,-1.1760912590556813,-1.3825739622116089
1,-0.6989700043360187,-1.2634896039962769
1,-0.9030899869919438,-1.1861376762390137
1,-0.8900183566879223,-1.1975762844085693
1,-1.1760912590556813,-1.1991703510284424
1,-1.6627578316815743,-1.5412904024124146
1,-0.6671781699121677,-1.194092869758606
1,-1.0158385806858368,-1.3219025135040283
1,-1.4522976709946303,-1.3146589994430542
1,-1.0622428241313449,-1.0614137649536133
1,-1.1949766032160545,-1.193070411682129
1,-1.134905331569489,-1.2596070766448975
1,-1.0949755132308567,-0.9362834095954895
1,-0.989004615698537,-1.0293596982955933
1,-1.1638846858194372,-1.1481114625930786
1,-0.9330532103693869,-0.7350298166275024
1,-0.5228787452803374,-0.9107314944267273
1,-0.5228787452803374,-0.6529518961906433
1,-1.1303337684950057,-1.2239220142364502
1,-0.5965237907934897,-1.0937515497207642
1,-0.695648424229586,-0.7392205595970154
1,-0.5257019046167164,-0.6693363189697266
1,-1.3771951260533504,-1.4291789531707764
1,-1.2359750178074123,-1.5002180337905884
1,-1.3910767959981944,-1.5535999536514282
1,-0.6877932180512554,-1.6173725128173828
1,-1.358927418111449,-1.4376038312911987
1,-1.6989700043360187,-1.4891830682754517
1,-1.6627578316815743,-1.4549524784088135
1,-1.9542425094393252,-1.4344667196273804
1,-1.3090976174120144,-1.4272457361221313
1,-1.653212513775344,-1.4740808010101318
1,-1.6020599913279625,-1.4534176588058472
1,-1.6074550232146683,-1.3537362813949585
1,-1.5440680443502757,-1.4376038312911987
1,-1.5228787452803374,-1.4376038312911987
1,-1.0815099083662076,0.2522105276584625
1,-1.2900346113625174,-1.3092925548553467
1,-1.539912084579118,-1.3984904289245605
1,-1.5515855244155112,-1.3350415229797363
1,0.5105950532510466,0.5364720225334167
1,0.6064247967304128,0.46012043952941895
1,0.2116562489144309,0.43641209602355957
1,0.6865217347376262,0.3758449852466583
1,0.17649941383186984,0.32911455631256104
1,-0.25484431233319516,0.1991548389196396
1,0.19066286227392482,0.19879664480686188
1,0.20727086333488298,0.3602696359157562
1,0.0,0.1933341920375824
1,0.5372837771665315,0.159324049949646
1,0.47938547812176413,1.070745587348938
1,0.3979400086720375,-0.2942764461040497
1,-0.4375301220789325,-0.5658613443374634
1,-0.7781512503836439,-0.32756417989730835
1,-0.09691001300805624,-0.21910281479358673
1,0.0,-0.26371702551841736
1,0.0,-0.26501813530921936
1,0.0,-0.14978541433811188
1,-0.4375301220789325,-0.3539271950721741
1,0.0,-0.24539414048194885
1,-0.24144430567973707,-0.3887620270252228
1,-0.5213655225580975,-0.559047520160675
1,-0.6876152534588957,-0.7049193382263184
1,0.311867744492071,0.4128541648387909
1,0.09309638912348284,0.24702374637126923
1,1.0400659671353036,0.44151216745376587
1,0.473228566892149,0.3109472990036011
1,0.7913446290509967,0.6732864379882812
1,0.5511585763075146,0.5185308456420898
1,0.9447233451859223,0.5903094410896301
1,-1.5740312677277188,-1.2531158924102783
1,0.07368983682500208,0.33064234256744385
1,-0.6989700043360187,-0.7854925394058228
1,-0.8450980400142569,-1.1157761812210083
1,-1.018885344160374,-1.1340347528457642
1,-0.6020599913279625,-0.8077697157859802
1,-1.8195439355418692,-1.3744709491729736
1,-0.4586378490256493,-0.7383899092674255
1,-1.1362197470179893,-0.6754758358001709
1,-0.7367585652254185,-0.7363813519477844
1,-0.8616973018337184,-0.840445876121521
1,-0.9330532103693869,-0.7277325391769409
1,-0.14612803567823818,0.23207278549671173
1,0.0,0.06777700781822205
1,0.24864192620429204,0.06777700781822205
1,-0.14612803567823818,0.03387479484081268
1,0.15490195998574308,-0.07440178096294403
1,0.24303804868629442,0.12749797105789185
1,0.06694678963061307,0.06526538729667664
1,-0.7481880270062007,-0.5638235807418823
1,-0.2009647680475215,-0.5172030925750732
1,-0.2491553011056098,-0.5951554775238037
1,-0.7080611817826883,-0.5178381204605103
1,-0.27303720999868375,-0.4068525731563568
1,-0.25731535616566603,-0.2892320454120636
1,-0.1389494510511149,-0.3160350024700165
1,-0.7013112201509211,-0.5615626573562622
1,-0.8573324964312681,-0.6375560164451599
1,-1.2388820889151368,-0.8889596462249756
1,-0.6378332609820365,-0.477107971906662
1,-0.4771212547196626,-0.4450691044330597
1,-0.36468480362316846,-0.2270674854516983
1,-0.5118833609788744,-0.3234074115753174
1,0.09691001300805624,0.15286597609519958
1,-1.0319478169996161,-1.1542463302612305
1,-1.1062836390828732,-0.5037794709205627
1,-0.5898255349109505,-0.8400294780731201
1,-1.3802112417116064,-1.2270135879516602
1,-1.4661258704181988,-1.1660233736038208
1,-1.6312182200691758,-1.1361794471740723
1,-0.865301426102544,-0.9830840826034546
1,-2.035429738184548,-1.4881677627563477
1,-1.7874342339527498,-1.7123948335647583
1,-1.4149733479708173,-1.1413730382919312
1,-0.9030899869919438,-1.2305363416671753
1,-0.6989700043360187,-1.3287595510482788
1,-1.6967930850817439,-1.5229783058166504
1,-2.0863598306747484,-1.5405153036117554
1,-1.3802112417116064,-1.179673194885254
1,-1.2430380486862944,-1.2135525941848755
1,-1.113943352306837,-0.38410136103630066
1,-1.491361693834273,-1.322378396987915
1,-1.8633228601204568,-1.3943966627120972
1,-1.436692597664054,-1.213323950767517
1,-1.4842998393467859,-1.3174065351486206
1,-0.8239087409443187,-1.0515477657318115
1,0.32330639037513365,-1.0913687944412231
1,-1.6842467475153127,-1.4805235862731934
1,-1.518513939877888,-1.3416024446487427
1,-1.4022613824546797,-1.4398889541625977
1,-0.30102999566398125,-1.1527667045593262
1,-1.2524246622304798,-1.4385743141174316
1,-1.8559109092964743,-1.600955605506897
1,-1.346787486224656,-1.2306257486343384
1,-1.1798514079289877,-0.6185920238494873
1,-2.7283537820212285,-1.6570909023284912
1,-1.1222158782728258,-0.6119842529296875
1,-1.0,-0.514035165309906
1,0.720159303405957,0.6782949566841125
1,-1.1505139038522927,-0.980482816696167
1,-0.4181433947603246,-0.2985686957836151
1,-0.35654732351381213,-0.6877440810203552
1,-1.1583624920952502,-0.6453186273574829
1,-0.48148606012211204,-0.8672596216201782
1,-0.7314992291629387,-0.7251818776130676
1,-0.3309932190414244,-0.6169771552085876
1,-1.0413926851582254,-1.254285454750061
1,-1.1613680022349744,-1.1809459924697876
1,-1.1563472008599236,-1.1738861799240112
1,-1.2388820889151368,-1.2615681886672974
1,-0.4771212547196617,-1.039689302444458
1,-1.1083394747888384,-1.0615042448043823
1,-1.3010299956639813,-0.9792224764823914
1,-0.8450980400142569,-0.902054488658905
1,-0.8293037728310244,-0.9775025844573975
1,-0.8908555305749317,-0.8731369972229004
1,-0.39750477113913085,-0.8361387252807617
1,-0.3606839977965217,-0.7496896982192993
1,-1.3263358609287517,-1.5209614038467407
1,-1.0731070983354316,-0.7457929253578186
1,-0.7752578720474039,-0.6164585947990417
1,-1.0421661394711244,-0.6571857929229736
1,-1.0636690798693778,-1.089023232460022
1,-0.9420080530223132,-0.9931663274765015
1,-1.0543576623225928,-0.9935012459754944
1,-0.985276743179293,-1.0634657144546509
1,-1.4216039268698313,-1.2075538635253906
1,-1.019595556063381,-1.076245665550232
1,-0.8860566476931631,-0.9160764217376709
1,-1.0,-1.564889907836914
1,-0.6989700043360187,-1.3276512622833252
1,-1.079181246047625,-0.6790801286697388
1,-0.9294189257142929,-1.0227046012878418
1,-0.8450980400142569,-0.8536684513092041
1,-0.8538719643217618,-0.9027497172355652
1,-0.6020599913279625,-0.8778125643730164
1,-0.5362427068383191,-0.5442866086959839
1,-0.693574972449313,-0.6868405938148499
1,-0.6846075113226178,-0.728410542011261
1,-0.8129133566428557,-0.5880641937255859
1,-0.9951474972055872,-0.9123392105102539
1,-0.6020599913279625,-0.5914421081542969
1,-0.5440680443502757,-1.023199200630188
1,-0.5228787452803374,-0.7645722031593323
1,-0.7132104434506292,-0.9897642135620117
1,-1.0,-0.7792314887046814
1,-0.6510464520188357,-0.6967277526855469
1,-0.5563025007672877,-0.8736680150032043
1,-1.1047353505200128,-0.7761906385421753
1,-1.3273589343863303,-0.7366024255752563
1,-0.3933442569828882,-0.4700911343097687
1,-0.811888600118249,-0.582925021648407
1,-0.33308817372373056,-0.15298530459403992
1,0.05115252244738144,-0.5068721175193787
1,-0.2510560207021424,-0.6263856291770935
1,-1.359624710929828,-0.6499398350715637
1,-0.5537553117534078,-0.5854830145835876
1,-0.055047566330905795,-0.5964758396148682
1,-0.18987954354131453,-0.4938412606716156
1,-0.7569619513137056,-0.6877962350845337
1,-0.5713911715615101,-0.5018009543418884
1,0.0,-0.7322877049446106
1,0.0,-0.6025221943855286
1,-0.2308574535331438,-0.3249272406101227
1,-0.4581545730397769,-0.5561745166778564
1,-0.44909253111941894,-0.4296966791152954
1,-0.4503280781317258,-0.4370408058166504
1,-0.7533276666586115,-0.5272349715232849
1,-0.9829666607012193,-0.9281435012817383
1,-0.40565926106331407,-0.4429527819156647
1,-0.5666433341055059,-0.9241127371788025
1,-0.9065783148377653,-1.2355377674102783
1,-0.8846065812979305,-1.280075192451477
1,-0.9016202919111684,-1.0552570819854736
1,-0.4436974992327123,-1.315616250038147
1,-1.845098040014257,-1.7193830013275146
1,-1.4259687322722812,-1.3358157873153687
1,-1.6232492903979008,-1.4609657526016235
1,-1.260912772455999,-1.26682448387146
1,-1.3881801713828814,-1.5867750644683838
1,-1.0,-1.1081857681274414
1,-1.7085153222422491,-1.4641973972320557
1,-1.4393326938302629,-1.3771878480911255
1,-1.5250448070368456,-1.5571705102920532
1,-0.8129133566428557,-0.8034886121749878
1,-0.5228787452803374,-0.7263295650482178
1,-0.8239087409443187,-0.9433586597442627
1,-0.9164539485499255,-1.0451682806015015
1,-1.4771212547196626,-1.1201027631759644
1,-2.431363764158987,-2.0328216552734375
1,-1.3521825181113627,-1.442797064781189
1,-1.3710678622717358,-1.3024508953094482
1,-1.236572006437063,-1.6176716089248657
1,-1.6320232147054057,-1.4467920064926147
1,-1.3541084391474012,-1.416198492050171
1,-0.6283889300503116,-1.3236435651779175
1,-0.9637878273455556,-0.8717482686042786
1,-1.066946789630613,-0.9378990530967712
1,-0.8239087409443187,-0.8329820036888123
1,-1.1760912590556813,-1.0782259702682495
1,-0.9315426193441478,-1.345247507095337
1,-1.0,-1.1255085468292236
1,-0.5477023290053697,-0.6852150559425354
1,-0.8866431359415152,-0.9016526341438293
1,-1.1290946963794575,-1.0585583448410034
1,-1.335792101923193,-1.121503233909607
1,-0.4637572931616809,-0.718529462814331
1,-0.7825160557860933,-0.6975253224372864
1,-0.9628581919954335,-0.6334518194198608
1,-1.0408362539714062,-0.7113308906555176
1,-0.981114655839626,-0.8268638253211975
1,-0.8402991571324883,-1.081296682357788
1,-0.635300924466641,-0.919788658618927
1,-0.5642714304385628,-0.7058103084564209
1,-0.9030899869919438,-0.5649384260177612
1,0.1249387366082999,0.3464273512363434
1,0.5440680443502757,0.774105966091156
1,0.9777236052888476,0.6948469877243042
1,-0.6110148339808887,-0.7708355784416199
1,-0.045757490560674796,0.5509405732154846
1,0.6255410871774849,0.22962993383407593
1,-0.7781512503836439,-0.15732167661190033
1,-0.20383146568774357,-0.1720942109823227
1,0.8129133566428557,0.9054275751113892
1,-0.5982335834749097,-0.34926024079322815
1,-0.6412604028977409,-0.6549016833305359
1,-0.6417073513700187,-0.2797047793865204
1,-0.901677645968685,-0.607248842716217
1,-0.44819083677998695,-0.43082836270332336
1,0.0,-0.3223530352115631
1,-0.5426228034760943,-0.6744165420532227
1,-0.8239087409443187,-0.40718334913253784
1,-0.15490195998574308,-0.11088725924491882
1,-0.15490195998574308,-0.19222073256969452
1,-0.15490195998574308,-0.17694808542728424
1,0.0,-0.009301185607910156
1,0.0,0.020439278334379196
1,0.6020599913279625,0.45964938402175903
1,1.1461280356782382,0.3606421649456024
1,1.0,0.6988215446472168
1,1.230448921378274,0.6788579821586609
1,0.15490195998574308,-0.11404009163379669
1,-1.1597008428675117,-0.623064398765564
1,-0.5850266520291818,-0.8895804286003113
1,-0.7634279935629378,-1.0080703496932983
1,-0.2855178294857339,-0.7713370323181152
1,-0.7861201800549189,-0.9317569732666016
1,0.8691397431914831,0.7985403537750244
1,0.45593195564972433,0.6851814985275269
1,0.6093592300694626,0.4985899031162262
1,1.3583474489749054,0.8816763758659363
1,0.30102999566398125,0.08040846884250641
1,-0.22184874961635614,-0.4873351454734802
1,-1.1069756794991905,-0.5165714621543884
1,0.0,0.0017661862075328827
1,0.0,0.1257655918598175
1,0.7403626894942441,0.3027039170265198
1,0.19604148601007143,-0.3274277150630951
1,0.15630065517830793,-0.14126209914684296
1,-0.924279286061882,-0.7767553925514221
1,-0.547321201747998,-0.530165433883667
1,-0.28254658996996795,-0.5948179960250854
1,-0.7346855566025532,-0.6441975831985474
1,-1.0389180660303694,-0.8082705736160278
1,-0.7153604205241875,-0.6987514495849609
1,0.3157532524846882,-0.7952098846435547
1,-0.6575773191777934,-0.730017900466919
1,-0.6713864827039302,-1.0543516874313354
1,-0.045322978786657586,0.1348498910665512
1,-0.8834944309285628,-0.6677195429801941
1,-0.939704098112748,-0.8434857726097107
1,-0.9999999999999991,-0.9107257723808289
1,-1.0969100130080562,-1.1263459920883179
1,-1.0,-1.233142375946045
1,-1.1072099696478688,-1.194021463394165
1,-1.3979400086720375,-1.3235149383544922
1,-0.9444826721501691,-0.9923838973045349
1,-0.7832908900360547,-0.8211737275123596
1,-0.6225816584725639,-0.6409493684768677
1,-0.9736710612776509,-0.866746187210083
1,-1.2277980821295582,-0.8814894556999207
1,-1.0,-0.9156163930892944
1,-0.5740312677277188,-0.7993431091308594
1,-0.5026753591920503,-0.863394021987915
1,-0.645094623553164,-0.6547374725341797
1,-0.8239087409443187,-0.3828110992908478
1,-1.2405492482825995,-1.2456294298171997
1,-1.5740312677277188,-1.1245336532592773
1,-1.0071785846271233,-0.903880774974823
1,-1.310370021918124,-0.8900871872901917
1,-0.8993298381186365,-0.794174313545227
1,-0.5740312677277188,-0.4491516947746277
1,-0.045757490560674796,-0.6711890697479248
1,-1.5136380885454246,-0.9216753840446472
1,-0.8952646494799872,-0.9216753840446472
1,-0.8538719643217618,-0.835688591003418
1,-0.3679767852945943,-0.8342534899711609
1,-0.7942380702770997,-0.44202959537506104
1,-1.4934237659420617,-0.8574970960617065
1,-0.9863561193334531,-1.0180755853652954
1,-0.6989700043360187,-0.5784686803817749
1,-0.3665315444204129,-0.6876500844955444
2,-1.4427036899159686,-1.255112886428833
2,0.10789175076418633,0.6415507793426514
2,-0.5228787452803365,-0.730984091758728
2,-0.21664755593054874,0.35117411613464355
2,-0.03535825526414893,0.35117411613464355
2,0.0,0.16399407386779785
2,-0.9208187539523749,-0.7869177460670471
2,-1.5440680443502757,-1.258071780204773
2,-0.4910247010432185,-0.5053799748420715
2,-0.40461782558408554,-0.3685573637485504
2,-1.6798987495000786,-1.413321852684021
2,-0.9617354999047176,-0.6954994797706604
2,-0.8976270912904418,-0.5539712309837341
2,-0.18316170956143552,0.402143269777298
2,-1.2621119296336119,-1.1654654741287231
2,-1.653212513775344,-1.5699524879455566
2,-0.3347131088665538,-0.5853846073150635
2,0.0,-0.09432119131088257
2,-1.4471580313422194,-1.2332419157028198
2,-1.437750562820388,-1.308090329170227
2,-0.8872957198087112,-0.5243913531303406
2,-2.6368220975871743,-2.09500789642334
2,-0.38021124171160636,-0.023774204775691032
2,-1.7737864449811935,-1.580018162727356
2,-1.6180480967120925,-1.2712212800979614
2,-1.0736319451536467,-1.2518677711486816
2,-1.7363965022766426,-1.3471378087997437
2,-1.375010048025798,-0.8495301008224487
2,-0.5528419686577806,-0.646230936050415
2,-0.8136895757626332,-0.7095714807510376
2,-0.2657020333222384,-0.1452907770872116
2,-0.08430583072525177,-0.39188912510871887
2,-1.7596678446896306,-1.2696022987365723
2,-2.113943352306837,-1.5816551446914673
2,-1.5440680443502757,-1.2319751977920532
2,-0.8864907251724823,-0.346731960773468
2,-1.4819201376014313,-1.0562304258346558
2,-0.23699208818695627,-0.3620462119579315
2,-0.5708022975975204,-0.5284327864646912
2,-0.8750612633917001,-0.9715331792831421
2,-0.659999612833376,-0.41345077753067017
2,-0.5963076624388712,-0.690251886844635
2,-1.066946789630613,-1.0146535634994507
2,-0.8527848686805477,-1.1276068687438965
2,1.2109864416088412,-1.0351481437683105
2,-1.1718893446279113,-0.8433412313461304
2,-1.518513939877888,-1.2693067789077759
2,-1.4771212547196626,-1.212080717086792
2,-0.5440680443502757,-1.1013990640640259
2,-1.0,-1.1610338687896729
2,-0.5740312677277188,-1.046898365020752
2,-2.0,-1.1610338687896729
2,-1.3802112417116064,-1.3224470615386963
2,-1.0,-0.968216061592102
2,-1.1461280356782382,-1.008434534072876
2,-1.5740312677277188,-1.024953007698059
2,-1.1026623418971475,-1.2559144496917725
2,-0.3284682440109208,-0.40892937779426575
2,-0.22577904324478837,-0.31409937143325806
2,-0.3319791320230756,-0.4508184790611267
2,0.03591255589064524,-0.002337283454835415
2,-0.4913616938342731,-0.49521905183792114
2,0.0735773685296266,-0.34405747056007385
2,-0.2184951076087689,-0.5784751772880554
2,-1.0710633558254443,-0.816012978553772
2,-0.8129133566428557,-1.1474121809005737
2,-0.7372752749614495,-0.7496472001075745
2,-1.507995452753926,-0.867396354675293
2,-1.2185894886765967,-0.2343703955411911
2,-0.10266234189714751,-0.02962329052388668
2,-0.48265374331962363,-0.07459113001823425
2,-0.8306421236032868,0.0008016166393645108
2,-1.1702617153949575,-0.7921546101570129
2,-1.1939099072010784,-1.0926575660705566
2,-0.21805576059921705,-0.6606967449188232
2,-0.5228787452803374,-0.5383762121200562
2,-1.7454094219943261,-1.4361368417739868
2,-0.3829585148536534,-0.37778106331825256
2,-0.19944917794067507,-0.4654226303100586
2,-0.08715017571890016,-0.5259276628494263
2,-0.30102999566398125,-0.7252480983734131
2,-0.23408320603336819,-0.48377782106399536
2,-1.1303337684950066,-0.5205824375152588
2,-1.1793876276849105,-0.510312020778656
2,-0.850485635415283,-0.6900073289871216
2,-0.28960053388319906,-0.5513585209846497
2,1.3652309733119132,1.177379846572876
2,-0.5026753591920503,-0.25984832644462585
2,-0.4452956408039386,-0.5094749331474304
2,-1.4511855206252626,-0.42285168170928955
2,-1.2582780152430315,-0.5846654176712036
2,-0.7781512503836439,-0.7443909645080566
2,-0.44863271690822515,-0.6110208630561829
2,-1.8409420802430994,-1.4563212394714355
2,-1.3278231722519171,-1.4807398319244385
2,0.1626059156547921,0.34821563959121704
2,-1.328787200354535,-1.2996290922164917
2,-1.232996110392154,-1.4474369287490845
2,-1.094861450332787,-1.2560598850250244
2,-1.0595160859321835,-1.3459508419036865
2,-0.8450980400142569,-1.2758042812347412
2,-1.117540014535269,-0.901913583278656
2,-0.6944924064814408,-0.7070237994194031
2,-0.3590219426416681,-0.38438886404037476
2,-0.05018506000905987,-0.49790045619010925
2,-0.04390548569908148,-0.31555575132369995
2,-0.6937057643436617,-0.813704788684845
2,-0.18580723466839366,-0.347112238407135
2,-1.5314789170422554,-1.291844129562378
2,-0.47944991703824513,-0.8445014357566833
2,-1.4454312120417132,-1.3487330675125122
2,-1.5878712508601485,-1.450173258781433
2,-0.8299828886565122,-0.7292688488960266
2,0.01888534416037313,-0.4206175208091736
2,-0.7338535745820112,-0.7636962532997131
2,0.0,-0.11325166374444962
2,0.0,-0.03973723202943802
2,-0.3979400086720375,-0.20558951795101166
2,0.17609125905568135,0.03469356149435043
2,0.03141136394152788,-0.5604408979415894
2,-0.08037687545407124,-0.16821883618831635
2,-0.3609091278607206,-0.39305973052978516
2,0.0,-0.034111857414245605
2,0.0,0.021955421194434166
2,0.0,0.044835690408945084
2,-1.0814373263518489,-0.9296588897705078
2,-1.351646020844985,-1.1654654741287231
2,-1.1136577261986105,-1.3251980543136597
2,-1.0,-0.7214977741241455
2,-0.21085336531489318,-0.3572099506855011
2,-0.5118833609788744,-0.4357913136482239
2,-0.10408859763517953,-0.31291431188583374
2,-2.2730012720637376,-1.202347993850708
2,-0.5313708073918022,-0.5563136339187622
2,-0.5425565664822658,-0.455673485994339
2,-0.755089512814898,-0.6427344083786011
2,-0.6257224714138969,-0.4910077154636383
2,-0.501929586930868,-0.6107124090194702
2,-0.17609125905568135,-0.2767155170440674
2,-0.38021124171160636,-0.4595181941986084
2,-0.5708022975975204,-0.7376554608345032
2,-0.5118833609788744,-0.47735458612442017
2,0.07918124604762511,-0.2580757737159729
2,-1.3010299956639813,-0.8082711696624756
2,-1.6334684555795862,-1.5974640846252441
2,-0.5782790584341573,-0.514775812625885
2,-1.1760912590556813,-1.1075451374053955
2,-1.0731070983354316,-1.2304967641830444
2,-1.2272437815030628,-1.147003173828125
2,-1.41161970596323,-1.1659096479415894
2,-1.391492252121295,-1.1349315643310547
2,-0.5416500036495355,-0.43131276965141296
2,-0.5619427681199793,-0.714107096195221
2,-0.675904700267326,-0.663600504398346
2,-0.7102510147457082,-0.8318377733230591
2,-1.3679767852945943,-1.028120994567871
2,-0.35843146738836396,-0.39507290720939636
2,-1.5314789170422554,-1.5466082096099854
2,-0.8890752499668562,-0.3711206316947937
2,-2.153814864344529,-1.9331209659576416
2,-1.9030899869919438,-1.725930094718933
2,-1.8481891169913984,-1.6840029954910278
2,-1.6989700043360187,-1.5329138040542603
2,-0.7324616236377643,-1.0461137294769287
2,-0.31162627680464805,-0.47830361127853394
2,-0.9156106297958564,-0.5599387288093567
2,-0.5051499783199063,-0.4180932343006134
2,0.11554450392951221,-0.08895061165094376
2,-0.7367585652254185,-0.5374686121940613
2,-0.8450980400142569,-1.0352778434753418
2,-1.2552725051033065,-1.0745221376419067
2,-0.5149098156090615,-0.41113343834877014
2,-0.5440680443502757,-0.7887483835220337
2,-0.6020599913279625,-0.7718936204910278
2,-1.2972035878109285,-1.4893656969070435
2,-1.5903680640032443,-1.3361434936523438
2,-0.17350176664279715,-0.4874710440635681
2,-0.32561926889943305,-0.34198567271232605
2,-0.6368220975871743,-0.3460180461406708
2,-0.272463507476008,-0.43211016058921814
2,-0.770033360161464,-0.2978183329105377
2,-0.36079820066747104,-0.5731434226036072
2,-0.3424226808222066,-0.39389151334762573
2,0.0,0.07520782202482224
2,0.0,0.09317287802696228
2,0.0,0.025269828736782074
2,0.0,0.09317287802696228
2,0.0,0.09317287802696228
2,-1.15876443056161,-1.3955358266830444
2,-0.3702936524708784,-0.5163570046424866
2,-0.8824086941583156,-0.6006564497947693
2,-0.34544913545239364,-0.47144991159439087
2,-0.29329754543329045,-0.5990005731582642
2,-0.4375301220789325,-0.3530152142047882
2,-0.1934653551251042,-0.2589483857154846
2,-0.4375301220789325,-0.5871955156326294
2,-0.7065894012062106,-0.6366605162620544
2,-0.2466723333413885,-0.4729922413825989
2,-0.7186183397009049,-0.8744391798973083
2,-0.7204638221623183,-0.6628606915473938
2,-0.4577730894245233,-0.5043690204620361
2,-0.7422037031960453,-0.6949388980865479
2,-0.7057484281664701,-0.9034212231636047
2,-1.3010299956639813,-0.9900433421134949
2,-0.4456109417972778,-0.603915810585022
2,0.0,-0.10612474381923676
2,-0.11703400894496152,0.007154732011258602
2,-0.2883405423673189,-0.30990657210350037
2,-0.4871254758326682,-0.525388777256012
2,-1.740362689494244,-1.2089139223098755
2,-0.8524917235584466,-0.6911493539810181
2,-0.2549735016899879,-0.40381327271461487
2,-0.27754889981445885,-0.4161631464958191
2,0.0,0.1586480587720871
2,-1.1668506023207685,-1.1181005239486694
2,-0.7359999720510526,-0.09320224076509476
2,0.0,0.039640601724386215
2,0.0,0.08490204811096191
2,0.0,0.1789245307445526
2,0.0,0.09970687329769135
2,0.0,0.08633290231227875
2,0.7403626894942441,0.18192972242832184
2,0.7403626894942441,0.2693961262702942
2,-0.7767011839884104,-0.7037549018859863
2,0.30102999566398125,0.43395668268203735
2,-0.5404030902638697,-0.4815891981124878
2,0.0,0.2443220168352127
2,0.0,-0.04833744093775749
2,0.7569619513137056,0.5998250842094421
2,1.204119982655925,0.6803861260414124
2,-3.139879086401236,-2.0128698348999023
2,-0.8016323462331663,-1.1348848342895508
2,-0.6291470817969431,-0.8602391481399536
2,-1.3710678622717367,-1.598809838294983
2,-1.2812859374682244,-1.37112295627594
2,-1.7869251746911488,-1.9199645519256592
2,-2.5706402171769405,-2.3698647022247314
2,-2.5215995264411646,-2.5228347778320312
2,-2.2570131666796076,-2.3118128776550293
2,0.0,-0.09422715753316879
2,0.0,-0.010057836771011353
2,-0.15490195998574308,-0.13986040651798248
2,0.15192222629389285,-0.3279891312122345
2,0.08302429367597952,-0.1628364473581314
2,-0.7569619513137056,-0.08609970659017563
2,0.0,-0.13560493290424347
2,0.0,-0.09157734364271164
2,0.0,-0.10125172883272171
2,-0.49642640991504905,-0.5009387135505676
2,-1.3943358844032128,-1.8468362092971802
2,-2.6301659296998388,-2.5054922103881836
2,-1.7323937598229682,-2.6134517192840576
2,-2.214670164989233,-2.201087713241577
2,-1.9587711686380604,-2.05674409866333
2,0.0,-0.1446109265089035
2,-0.9436618101875993,-0.1125413030385971
2,-0.5046539251741384,-0.48303553462028503
2,-2.9084850188786495,-2.750563144683838
2,-2.1818435879447726,-2.54337215423584
2,-3.318442797181662,-2.85953688621521
2,0.0,0.029892873018980026
2,-0.6146922012690137,-0.4805658757686615
2,-1.4471580313422194,-1.5075764656066895
2,-0.6465051297683573,-0.5930238962173462
2,-0.8029748341086753,-0.7656022906303406
2,-0.653212513775344,-0.6398065090179443
2,-0.5760234477435038,-0.6372872591018677
2,-0.719768926317288,-0.5585470199584961
2,-0.5417640894407105,-0.7057548761367798
2,-0.795880017344075,-0.7109626531600952
2,-0.5970965717964116,-0.5522618293762207
2,-0.7634279935629369,-0.7069162726402283
2,-0.6863808770279984,-0.5595735907554626
2,-0.6232492903979008,-0.666013240814209
2,-0.4245377771658321,-0.23859621584415436
2,-0.39503501802863017,-0.3331420123577118
2,-0.5604190669621198,-0.34538495540618896
2,-1.2773226458463798,-1.1600008010864258
2,0.37336178276668086,0.49876436591148376
2,-2.716494349319551,-2.7547965049743652
2,0.0,-0.18722306191921234
2,-0.48840226512935203,-0.48659855127334595
2,-0.10914446942506828,-0.38841426372528076
2,-0.45593195564972433,-1.159048318862915
2,-0.43365556093857194,-0.3097167909145355
2,1.8908555305749326,1.8566478490829468
2,2.3424226808222066,1.7263169288635254
2,-0.9708417712587858,-0.7390771508216858
2,-0.8695250628572273,-1.2100051641464233
2,-1.5923001540388055,-1.2277984619140625
2,1.8061799739838875,1.9987014532089233
2,-0.4771212547196626,-0.08600243180990219
2,-0.4375301220789325,-0.2695009410381317
2,-0.4375301220789325,-0.23463638126850128
2,-0.8193729871114366,-0.5798494219779968
2,-0.31701810104811123,-0.067353256046772
2,-0.11369943515248693,-0.3005271852016449
2,-0.8786653876605257,-0.29958340525627136
2,-1.0457574905606748,-0.6014173626899719
2,-0.9305282353388833,-0.5960314273834229
2,-0.9974225771121894,-0.5121482014656067
2,-0.4313637641589878,-0.5710964202880859
2,-0.5899954799265803,-0.5691544413566589
2,-0.349334675238536,-0.5200495719909668
2,-0.31214600056944164,-0.7082363963127136
2,-0.515325607389892,-0.5105807185173035
2,-0.4382031886892923,-0.5374062061309814
2,-0.3484546455921187,-0.5200495719909668
2,-0.30011665256835407,-0.369720995426178
2,-1.287241711178348,-1.1614940166473389
2,-1.5563025007672868,-1.0714373588562012
2,-1.1026623418971475,-1.362095832824707
2,-1.621365146523349,-1.152836799621582
2,-1.3802112417116064,-1.2525628805160522
2,-1.5118833609788744,-1.2363433837890625
2,-1.3679767852945943,-1.3355315923690796
2,-1.2846758902054773,-1.0339677333831787
2,0.4871054756262634,0.49938756227493286
2,0.4771212547196626,0.5776122808456421
2,-0.4375301220789325,-0.24300837516784668
2,-0.4375301220789325,0.02789316326379776
2,-1.1856365769619117,-0.7409204840660095
2,-0.6922366216770506,-0.6146926879882812
2,-1.2713436575250547,-1.3782236576080322
2,-1.431363764158987,-1.4336234331130981
2,-1.3950350180286302,-1.5626678466796875
2,-0.5818566052396754,-0.7070477604866028
2,-0.9208187539523749,-0.7572998404502869
2,-0.8782664032669114,-0.9132169485092163
2,-1.568201724066995,-1.3269283771514893
2,-0.7300042380759875,-0.4388619661331177
2,-1.3868809868172471,-1.3533339500427246
2,-1.5797835966168101,-1.251402497291565
2,-1.0321846833714012,-1.089917540550232
2,-1.463757293161681,-1.1942055225372314
2,-0.597243367296171,-0.7069162726402283
2,0.0,-0.6501444578170776
2,0.6020599913279625,0.0688873752951622
2,0.0,-0.6086563467979431
2,-0.5913361259361896,-0.6666749715805054
2,-0.598653742636051,-0.6532767415046692
2,-0.7995866783816217,-0.6594468951225281
2,-1.0,-0.5066896080970764
2,0.0,-0.6742756962776184
2,0.0,-0.6522302627563477
2,-0.42801247478226756,-0.6464588046073914
2,-0.5440680443502757,-0.6144566535949707
2,-0.5094905478629839,-0.6208528876304626
2,-0.6959644941962937,-0.6257797479629517
2,-0.5081554884596313,-0.6762296557426453
2,-0.20411998265592501,-0.6111727952957153
2,-0.6251997948362256,-0.6799860000610352
2,-1.167106774763191,-0.6350040435791016
2,-0.5711834248548922,-0.668179452419281
2,-0.7309097157265505,-0.6507304310798645
2,-0.650863700684476,-0.5950849056243896
2,-0.6132200665486636,-0.6714173555374146
2,-0.6174439308619508,-0.525111198425293
2,-0.36153312878191635,-0.4523913264274597
2,-0.6756627653670817,-0.5587859749794006
2,-0.24303804868629442,-0.6832611560821533
2,-0.5127570174430911,-0.8929101228713989
2,-0.5264558821648508,-0.6714173555374146
2,-0.8325089127062357,-0.7408915162086487
2,-0.39541503364153385,-0.6832611560821533
2,-0.5434878245152701,-0.6127777695655823
2,-0.8253734792025922,-0.5891404151916504
2,-0.45842075605341925,-0.6848015189170837
2,-1.5314789170422554,-1.3987598419189453
2,-1.1303337684950057,-1.4462125301361084
2,-1.3679767852945943,-1.451839804649353
2,-1.6007006960652372,-1.3535608053207397
2,-1.5759571887637573,-1.4043278694152832
2,-1.5935321959484972,-1.4171148538589478
2,-1.2218487496163561,-1.495030164718628
2,-1.3424226808222066,-1.4437217712402344
2,-1.5372465248098468,-1.422142744064331
2,-1.26884531229258,-1.4276204109191895
2,-1.4661258704181996,-1.5757733583450317
2,-1.3621130196188096,-1.422142744064331
2,-1.1613680022349744,-1.455855369567871
2,-1.4349235749252074,-1.427042841911316
2,-1.306425027550687,-1.4439760446548462
2,-1.695481676490198,-1.4807053804397583
2,-1.3639699395101044,-1.3632900714874268
2,-1.5538830266438746,-1.4480022192001343
2,-1.64204033546293,-1.371577262878418
2,-1.3400940185036232,-1.4707233905792236
2,-1.3324384599156058,-0.7779754400253296
2,-1.2229067147726909,-1.2448898553848267
2,-1.3273589343863303,-1.6042875051498413
2,-1.1792963989308927,-1.2995353937149048
2,-1.1072099696478688,-1.3404674530029297
2,-1.2385022948534123,-1.4991557598114014
2,-1.8377988012727569,-1.4492706060409546
2,-1.3338225090602887,-1.4247348308563232
2,-1.780557320149522,-1.4350919723510742
2,-1.5940523941160922,-1.4890726804733276
2,-1.5968360472043743,-1.580470085144043
2,-1.5161145167474324,-1.79796302318573
2,-1.8908555305749317,-1.6527135372161865
2,-2.3679767852945943,-1.7248430252075195
2,1.0785533136364274,1.7326366901397705
2,1.3720933514894265,1.9663913249969482
2,-1.332438459915605,-0.6423217058181763
2,-0.6989700043360187,-0.6575769186019897
2,-0.8616973018337184,-0.7006345391273499
2,-0.349334675238536,-0.7205380201339722
2,-1.1119737594439316,-0.7846943140029907
2,-0.5954962218255746,-0.6185957193374634
2,-0.638489256954637,-0.6230216026306152
2,-0.7318660629392069,-0.6550994515419006
2,-0.36558397217870375,-0.53659588098526
2,-0.6885045706578534,-0.7312669157981873
2,-0.7318660629392069,-0.6248193979263306
2,-0.7989348563069356,-0.6502931118011475
2,-0.642065152999546,-0.6642414927482605
2,-0.6467919926709484,-0.6419941186904907
2,-0.7227616749930084,-0.7673748135566711
2,-0.7550859463149511,-0.6502931118011475
2,-0.5188198888034705,-0.5993512868881226
2,-0.7145377815626688,-0.6803379654884338
2,-0.5696832697124847,-0.666013240814209
2,-0.25476426106413896,-0.4055294394493103
2,-0.30102999566398125,-1.1230826377868652
2,-1.3424226808222057,-1.2719535827636719
2,-0.2501630993248263,-0.3463802933692932
2,-0.2303092992964082,-0.25374001264572144
2,-1.7569619513137056,-1.0213984251022339
2,-1.259637310505756,-0.028517572209239006
2,-0.6989700043360187,0.0161614790558815
2,-1.4149733479708182,-1.1654802560806274
2,0.08432088570003593,-0.6672655940055847
2,-0.4658402443099732,-0.4966336488723755
2,-0.653212513775344,-0.47557076811790466
2,-0.22052265856496334,-0.3836902976036072
2,-1.4948500216800937,-1.1526161432266235
2,-0.7781512503836439,-0.9658777713775635
2,0.6210419042802515,0.8661715388298035
2,-0.9294189257142929,-1.1144322156906128
2,-1.1461280356782373,-0.5076310038566589
2,-0.5497508916806391,-1.108893871307373
2,-1.1760912590556813,-1.1534924507141113
2,-0.8239087409443187,-1.1484966278076172
2,-0.8239087409443187,-0.6720946431159973
2,-0.46488679830265056,-0.5892225503921509
2,-0.30102999566398125,-0.468671590089798
2,-1.0,-1.3466933965682983
2,-0.858193338104404,-1.1809741258621216
2,-1.1684044303893906,-1.3941131830215454
2,-1.279840696594043,-1.0765289068222046
2,-0.4569178686313755,-0.41986897587776184
2,-2.0413926851582254,-1.4173227548599243
2,0.2762064119389489,0.08399629592895508
2,0.37332567307531406,0.05630285292863846
2,0.16062644246752278,0.2830124795436859
2,-1.230448921378274,-1.4298943281173706
2,0.0,-0.4958319365978241
2,-0.6849915040000987,-0.69218510389328
2,-1.5051499783199063,-1.5194674730300903
2,-1.4983105537896009,-1.1718965768814087
2,-1.026328938722349,-1.1793651580810547
2,-1.39863532528872,-1.3718546628952026
2,-1.3010299956639813,-1.3994568586349487
2,-0.35396607085177934,-0.7804949879646301
2,-1.5878712508601485,-1.4275416135787964
2,-1.113943352306837,-0.5795966982841492
2,-1.4035680936804633,-1.4977644681930542
2,-2.061536246949716,-1.5726268291473389
2,-1.3605460815961639,-1.3517464399337769
2,-0.7513953187236417,-0.9162024259567261
2,-1.0,-1.1720054149627686
2,-0.5051499783199063,-0.6083859801292419
2,-0.6020599913279625,-0.7475754618644714
2,-1.249198357391113,-1.4273557662963867
2,-1.3511088600072982,-1.3408687114715576
2,-1.5364682557823155,-1.485124945640564
2,-1.8388490907372557,-1.182138442993164
2,-1.1507237873673866,-1.182138442993164
2,1.433655560938572,0.8401871919631958
2,-1.1242958134976888,-0.7048246264457703
2,-2.582631439489636,-2.0155820846557617
2,1.518513939877887,1.0938724279403687
2,-1.5772364076029302,-1.422576904296875
2,-1.3123110060736707,-1.4110703468322754
2,-1.230448921378274,-1.1471757888793945
2,-2.136720567156406,-1.4674090147018433
2,-1.1442994246318294,-0.6323657631874084
2,-0.4803263945948739,-0.23440051078796387
2,-1.7317625177323261,-1.4674090147018433
2,0.0,0.05238934978842735
2,0.6344713774668973,0.7996750473976135
2,0.9147446062401823,1.123661756515503
2,1.4831997463478501,1.2251583337783813
2,-0.23855876556918343,-0.07560643553733826
2,-0.23855876556918343,-0.2764368951320648
2,-2.1652019166255547,-1.9536467790603638
2,1.9921746624880434,1.6994097232818604
2,-1.6707758036974223,-1.4289027452468872
2,-0.2789761829079378,0.0034925295040011406
2,0.13987908640123692,-0.4824959635734558
2,-1.233630580164463,-1.1522578001022339
2,-0.4375301220789325,-0.22179469466209412
2,0.0,-0.18931980431079865
2,-0.8325089127062366,-0.6956712007522583
2,-1.2001830911637823,-1.1132562160491943
2,-0.9848085011049292,-1.2766220569610596
2,-1.1912646619703375,-1.073943018913269
2,-0.4375301220789325,-0.14049193263053894
2,-0.4375301220789325,-0.3311064541339874
2,0.0,-0.1269141435623169
2,-1.269512944217916,-1.4307271242141724
2,-0.5946780377053624,-0.6436880826950073
2,-0.4375301220789325,-0.14049193263053894
2,-1.076276255404217,-1.2277840375900269
2,0.25720393228495464,0.4326120615005493
2,0.352235685510248,0.78083735704422
2,0.07393356204262513,0.5611279606819153
2,0.7883704155653293,1.401507019996643
2,1.151267675330649,0.7411302924156189
2,-0.4375301220789325,-0.23604637384414673
2,-2.6976316535637563,-2.8733906745910645
2,-2.4821712474563036,-2.515322685241699
2,-2.5580224811615606,-2.454817295074463
2,-2.3838673804103276,-2.185256004333496
2,-1.3891660843645326,-0.9932731986045837
2,-0.5854441338464147,-0.3590847849845886
2,-1.0579919469776868,-1.3559602499008179
2,-0.6184504075161321,-0.5750432014465332
2,-0.5947607525864624,-0.6397101283073425
2,0.37457379034782434,0.471422404050827
2,0.4636797336504639,0.3953990638256073
2,0.2260652340175202,-0.02653598040342331
2,0.25422278211024096,0.43788060545921326
2,0.4200275386348755,0.4276143014431
2,0.8288588489716178,0.5594120621681213
2,0.3412297974458589,0.3285607397556305
2,1.0058072715777469,0.33884915709495544
2,0.7750122988011618,0.5972743034362793
2,1.1391791757229104,0.8115995526313782
2,0.04053354643708662,0.43246936798095703
2,0.023595268108840273,0.20901566743850708
2,0.41735454416819184,0.7179553508758545
2,0.19010375339756092,0.29040291905403137
2,0.2974496416522383,0.28610894083976746
2,0.0,-0.1877005696296692
2,-0.4375301220789325,-0.2191741168498993
2,-0.4375301220789325,-0.11985532194375992
2,0.3209248243809206,-0.351553738117218
2,-0.8750612633917001,-0.8191385865211487
2,0.08681600298974335,0.43389445543289185
2,-1.0,-0.518236517906189
2,-1.1180993120779945,-0.709729015827179
2,-0.9845273133437926,-0.8980314135551453
2,-0.36408174141106997,-0.530450701713562
2,-0.585613140277534,-1.1573601961135864
2,-1.1760912590556813,-0.8441831469535828
2,-0.4242689473943866,-0.884674608707428
2,-1.3010299956639813,-1.4530974626541138
2,-0.9898603686491203,-1.0186114311218262
2,-0.4030547239661013,-0.5267786383628845
2,0.0,-0.3104031980037689
2,-1.3408405498123326,-0.9607186913490295
2,-0.7403626894942441,-0.5100900530815125
2,0.9852767431792939,0.8645513653755188
2,-1.0082725259659897,-1.1529415845870972
2,-0.20411998265592501,-0.44998684525489807
2,-1.672097857935717,-1.4408621788024902
2,-0.8494839081883114,-1.1614261865615845
2,-1.1505139038522927,-1.0023624897003174
2,-1.0,-1.1317213773727417
2,-1.3010299956639813,-1.0741956233978271
2,-1.3010299956639813,-1.3466933965682983
2,-1.3010299956639813,-1.1887242794036865
2,-1.1760912590556813,-1.155494213104248
2,-0.8750612633917001,-0.581045925617218
2,-1.2212278853477807,-1.3948252201080322
2,-1.3760790080450676,-1.356226921081543
2,-1.007424018079207,-0.7812790870666504
2,-1.0133639615579808,-0.8491331934928894
2,-0.5929893641257866,-0.7442541122436523
2,0.19717943282889738,0.0487472340464592
2,-1.2014637390121852,-0.6492884755134583
2,-1.3165421618422286,-0.7590898871421814
2,-1.5228787452803374,-1.4192924499511719
2,-0.6020599913279625,-0.7117433547973633
2,-0.005462895701501935,-0.21874268352985382
2,-0.10963564959093297,-0.12739896774291992
2,-0.1870866433571443,-0.16850458085536957
2,0.0,-0.22338151931762695
2,0.0,-0.07645007222890854
2,0.0,-0.10013420134782791
2,-0.3979400086720375,-0.4012320935726166
2,-2.0627908298594555,-1.7478772401809692
2,-1.790300139963239,-1.5754355192184448
2,-1.3379420789967522,-1.7347429990768433
2,-2.01598810538413,-2.0761873722076416
2,-1.2018200947643445,-1.5241349935531616
2,-1.3620839610739592,-1.764589548110962
2,-1.685741738602264,-1.5592135190963745
2,-2.060697840353612,-1.7852771282196045
2,1.6020599913279625,1.4587587118148804
2,1.1461280356782382,1.1806493997573853
2,0.3979400086720375,-0.34966132044792175
2,-0.8205394883444725,-0.6215525269508362
2,0.0,-0.3051065504550934
2,-0.6756986619230307,-0.2546066641807556
2,-0.9610819339696306,-0.9370560050010681
2,0.0,-0.32524290680885315
2,0.0,0.0031462577171623707
2,-1.8512583487190755,-1.9008489847183228
2,-1.0211892990699383,-1.1603186130523682
2,0.9257898770871202,0.5430179238319397
2,-0.004991945557499378,-0.049161236733198166
2,-0.8514692224701967,-0.8933109045028687
2,-0.5924300073756692,-0.5205299258232117
2,-0.4771212547196626,-0.7482048869132996
2,-0.15875419150038184,0.6453104019165039
2,-1.5440680443502757,-1.57056725025177
2,0.0,-0.4570983052253723
2,-1.7909884750888159,-1.2601994276046753
2,-1.039309734009933,-1.000110149383545
2,-1.1174457461429075,-1.1166149377822876
2,0.6529670694045295,0.5284339189529419
2,0.17609125905568135,0.8840535283088684
2,-0.4771212547196626,0.8945438265800476
2,-0.9661417327390325,-1.1361682415008545
2,-1.5228787452803374,-1.2256503105163574
2,-1.026328938722349,-0.7134366631507874
2,-0.19896832053217395,-0.16295109689235687
2,-0.6592028774645318,-0.5432392358779907
2,-0.643452676486187,-0.5990074872970581
2,-0.7781512503836439,-0.2335655242204666
2,-0.5440680443502757,-0.2969399392604828
2,0.02482358372503235,-0.0502612479031086
2,-1.4014005407815446,-1.3408863544464111
2,0.0,-0.3839811384677887
2,-0.05982055802409558,-0.22439071536064148
2,-0.057008267096432697,-0.15980593860149384
2,0.18533191579059416,-0.05389286205172539
2,0.010723865391772947,-0.193871408700943
2,-0.8193291678780046,-0.42202359437942505
2,-0.2604121447557173,0.05759113281965256
2,0.05115252244738144,0.04282572492957115
2,0.13262556527459068,-0.12687833607196808
2,-0.40041462779989345,-0.33661508560180664
2,-0.15892323391866725,-0.18130363523960114
2,-0.05799194697768684,0.042116887867450714
2,-0.16391166643477817,-0.20834845304489136
2,0.0,-0.01903177797794342
2,0.0,-0.1022825613617897
2,0.0,-0.088768869638443
2,-0.19896832053217395,-0.2107871174812317
2,-0.8586708472035305,-0.9369755983352661
2,-1.6334684555795862,-1.3176950216293335
2,-0.3251455612858125,-0.5381196737289429
2,-1.1290946963794575,-1.0591624975204468
2,0.1249387366082999,0.6598005890846252
2,-1.4269546452539323,-1.2589530944824219
2,-0.8293037728310244,-0.6052000522613525
2,-1.3502480183341632,-1.2811375856399536
2,0.3227608935141424,0.17670270800590515
2,-3.3891660843645326,-3.1243317127227783
2,-2.3157532524846873,-1.5291476249694824
2,0.8860566476931631,0.7497031688690186
2,0.6989700043360187,1.19741952419281
2,0.3494856763830949,-0.4820379614830017
2,-0.3357921019231931,-0.22920793294906616
2,1.0431024990135827,0.5155907273292542
2,0.48586619024719013,0.7811086773872375
2,0.0,-0.2087647169828415
2,-1.1663314217665253,-1.2765706777572632
2,0.0,-0.5137326717376709
2,0.8870600239159199,0.187128484249115
2,0.0,0.20444625616073608
2,-1.6962891656882473,-0.9732924103736877
2,-0.1870866433571443,-0.3522503077983856
2,1.072489365083169,0.7381106615066528
2,-1.0,-0.7215564250946045
2,-0.3357921019231931,-0.4336108863353729
2,-0.6989700043360187,-0.8297848105430603
2,-0.6989700043360187,-0.650236964225769
2,-0.9208187539523749,-1.1046582460403442
2,0.10720996964786877,0.063414067029953
2,0.040958607678906134,0.13105790317058563
2,0.0,-0.33858540654182434
2,-1.3765769570565123,-1.1349819898605347
2,0.7420815496859419,0.5941128134727478
2,0.7085380144275222,0.4240500032901764
2,0.9965887892396132,0.8581827282905579
2,-0.011437917752548543,0.3522167503833771
2,0.7771305813312361,0.6707386374473572
2,0.9240900922092257,0.7052145600318909
2,0.8297382846050425,0.7169504165649414
2,0.5769756483744999,0.6552256345748901
2,0.7139670542376466,0.7189090251922607
2,1.2929840758710451,1.1149446964263916
2,0.8563790504239464,0.7242558598518372
2,-0.71213145039399,-0.8075512647628784
2,-0.49841753604950867,-0.43439340591430664
2,-0.4808174002796255,-0.5087351202964783
2,-0.7745028746371672,-0.3016689419746399
2,-1.6627578316815743,-1.2187848091125488
2,-1.207980403469163,-0.7356686592102051
2,-1.3424226808222066,-1.161378026008606
2,-0.8450980400142569,-1.0221145153045654
2,-0.9398127940166834,-1.0895389318466187
2,0.9842963893235082,0.7564401626586914
2,0.0,0.3377554416656494
2,-0.9404143100157558,-0.7176828980445862
2,-0.9378520932511556,-0.7168225049972534
2,-0.19033169817029183,-0.6597710251808167
2,-0.6575773191777934,-0.8237558007240295
2,-0.30077283585297465,-0.8987672924995422
2,-0.6989700043360187,-0.87305748462677
2,-0.8808135922807914,-0.734656572341919
2,-0.3502480183341632,-0.4405142068862915
2,-1.5075038837133832,-1.0014952421188354
2,-0.8239087409443187,-0.5908622145652771
2,-0.6551910797574312,-0.7626594305038452
2,-0.9857595608853895,-0.6915420889854431
2,-0.7639108112690334,-0.5271288156509399
2,-0.8239087409443187,-0.9056963324546814
2,-0.6078895349886864,-0.6766037344932556
2,-0.8096683018297082,-0.7062503099441528
2,-0.503573590084951,-0.7880741357803345
2,-0.9363309201306222,-0.7880741357803345
2,-1.2485009443877964,-0.5928256511688232
2,-0.50991376811597,-0.6107904314994812
2,-0.6378332609820365,-0.7400504350662231
2,0.0,-0.004033216275274754
2,0.0,-0.004033216275274754
2,0.0,-0.07122135907411575
2,-0.8189453214127687,-0.609897255897522
2,-0.8124792791635365,-0.6585014462471008
2,0.0,-0.5008760094642639
2,0.0,-0.8643162250518799
2,0.0,-0.3420940637588501
2,0.0,-0.6081132292747498
2,0.9700367766225568,0.9304795265197754
2,-1.8095597146352675,-1.5190263986587524
2,-0.5314789170422545,-0.7449575066566467
2,-0.7781512503836439,-0.23170459270477295
2,-0.7781512503836439,-0.37726762890815735
2,0.07918124604762511,-0.3095760643482208
2,-0.4375301220789325,-0.12402987480163574
2,0.0,-0.24101905524730682
2,-0.4375301220789325,-0.4558124840259552
2,0.0,-0.2663220167160034
2,-0.7781512503836439,-0.38834771513938904
2,0.26785190423374505,0.5493913292884827
2,-0.45154571957920364,-0.4336074888706207
2,-0.7870157984620274,-0.38801538944244385
2,0.0,-0.30274343490600586
2,0.0,-0.34454989433288574
2,0.0,-0.33041900396347046
2,-0.45154571957920364,-0.3450363278388977
2,0.37679174465498644,0.7274423241615295
2,-0.2821354275770025,-0.11324571073055267
2,-0.7781512503836439,-0.3910348415374756
2,-0.30102999566398125,-0.2596639394760132
2,0.0,-0.03855068236589432
2,-0.03959044503700948,-0.05934106931090355
2,0.0,-0.11991354078054428
2,0.0,0.02461382932960987
2,-0.19897007056545224,-0.051384396851062775
2,-0.38907632175972306,-0.24182161688804626
2,0.0,-0.2430572509765625
2,-0.15051493100552538,-0.18385560810565948
2,-0.15051493100552538,0.06381133198738098
2,-0.09691001300805624,-0.23716020584106445
2,0.0,-0.16735577583312988
2,-0.7870157984620274,-0.22931495308876038
2,-0.4375301220789325,-0.22796636819839478
2,-0.3494856763830949,-0.002810489386320114
2,-0.4375301220789325,-0.013488502241671085
2,0.0,0.18688341975212097
2,0.0,-0.341159462928772
2,0.0,-0.19181518256664276
2,-0.19896832053217395,-0.12283018231391907
2,-0.4375301220789325,-0.5129561424255371
2,-0.4375301220789325,-0.5015429258346558
2,0.0,-0.15919850766658783
2,-0.23855876556918343,-0.13631470501422882
2,0.0,-0.16249506175518036
2,-0.23856180154675855,-0.2753428816795349
2,-0.19896832053217395,-0.22079026699066162
2,-0.23855876556918343,-0.20778970420360565
2,-0.23856180154675855,-0.212684765458107
2,0.0,-0.24802178144454956
2,-0.2525756490137514,-0.3092774748802185
2,-0.03959044503700948,-0.207379549741745
2,0.03959044503700948,-0.1650211662054062
2,-0.23855876556918343,-0.1794363111257553
2,0.008864074484683293,-0.3046512305736542
2,-0.23856180154675855,-0.16421248018741608
2,0.0,-0.02343396283686161
2,-0.6505165472438836,-0.385275274515152
2,0.0,-0.08124633878469467
2,0.30102999566398125,-0.19456887245178223
2,-0.4375301220789325,-0.26171502470970154
2,0.0,-0.15288257598876953
2,0.0,0.05277117341756821
2,0.0,0.1965848207473755
2,-0.3494856763830949,-0.21325655281543732
2,0.0,-0.18208640813827515
2,0.0,-0.18993166089057922
2,0.0,-0.12416648864746094
2,0.0,-0.12905529141426086
2,0.0,-0.1852288693189621
2,0.0,-0.236686572432518
2,0.0,-0.0743480771780014
2,0.0,-0.09015899896621704
2,0.0,-0.14356428384780884
2,-0.7870157984620274,-0.4661296308040619
2,-0.30102999566398125,-0.17097361385822296
2,0.0,-0.33435264229774475
2,0.0,-0.23881332576274872
2,-0.9700367766225568,-1.3324311971664429
2,-1.3613168631983266,-1.3111052513122559
2,-1.220761653975142,-1.4204473495483398
2,-1.1633708452519596,-1.3017386198043823
2,-1.4771212547196626,-1.54611337184906
2,-1.3424226808222066,-1.5242600440979004
2,-1.349585478950286,-1.3393869400024414
2,-1.500602350569185,-1.2289297580718994
2,-1.3802112417116064,-1.3287025690078735
2,-1.1949766032160545,-1.0257620811462402
2,-1.4149733479708182,-1.3533551692962646
2,-1.1760912590556813,-1.3438045978546143
2,-0.7112044607530308,-1.1447656154632568
2,-1.3841949163398928,-1.1217535734176636
2,-1.860338006570994,-1.58293879032135
2,-1.330413773349191,-1.0470408201217651
2,-0.7509990043400281,-1.281748652458191
2,-1.0569876608480024,-1.1563916206359863
2,-0.9542425094393252,-1.0972545146942139
2,-0.4771212547196626,-0.6335175633430481
2,-1.4996870826184043,-1.1661418676376343
2,-1.3929480631145381,-1.2045751810073853
2,-1.355387657986574,-1.2427301406860352
2,-1.522257881011762,-1.391178011894226
2,-0.5657587417617291,-0.8207079172134399
2,-1.3010299956639813,-1.4006996154785156
2,-1.5250448070368448,-1.5782138109207153
2,-2.2816014438256547,-1.6814404726028442
2,-1.575270339843267,-1.379022479057312
2,-1.0672352615654335,-1.5932661294937134
2,-1.5228787452803374,-1.4351288080215454
2,-1.0,-1.422336220741272
2,-1.4831116184088495,-1.4522433280944824
2,-1.6690067809585756,-1.549713134765625
2,-1.625541087177485,-1.634372591972351
2,-1.6020599913279625,-1.6790522336959839
2,-1.7781512503836439,-1.6263076066970825
2,-1.1903316981702918,-1.4950318336486816
2,-1.6180480967120925,-1.4325085878372192
2,-1.5528419686577806,-1.2776387929916382
2,-1.113943352306837,-1.4328805208206177
2,-1.6690067809585756,-1.4576411247253418
2,-1.066946789630613,-1.4242531061172485
2,-1.4771212547196626,-1.614606261253357
2,-0.17609125905568135,0.48153504729270935
2,0.04221633946413483,0.30056658387184143
2,0.05338452113950165,0.18332065641880035
2,-0.008889378689054261,0.27487286925315857
2,0.5160209375257532,0.9766523241996765
2,0.4480806748140447,0.30056658387184143
2,0.6296719922204899,0.43236446380615234
2,-0.03111980057738517,-0.037522923201322556
2,-0.4375301220789325,-0.22826595604419708
2,-0.7870157984620274,-0.5020079016685486
2,-0.7781512503836439,-0.42887938022613525
2,-0.4375301220789325,-0.3241175413131714
2,-0.3494856763830949,-0.2884695827960968
2,-0.4375301220789325,-0.40257906913757324
2,-0.3494856763830949,-0.5114213824272156
2,0.0,-0.2719014883041382
2,0.0,-0.233255997300148
2,-0.3494856763830949,-0.11709177494049072
2,-0.4375301220789325,-0.3873956501483917
2,-0.09691001300805624,-0.21809647977352142
2,-1.0399875249893382,-0.843238353729248
2,-1.3245110915135037,-0.6301794052124023
2,-0.550649497692774,-0.5562493801116943
2,-1.0016055267154176,-0.5860187411308289
2,0.5621068834718308,0.449951171875
2,0.0,0.33769533038139343
2,0.42376472293646295,0.4317167103290558
2,0.045757490560675684,-0.009005767293274403
2,0.614154047356525,0.8415760397911072
2,0.09347640971467452,0.46794393658638
2,0.23888208891513685,0.08417282998561859
2,0.4478852873552155,0.6052746176719666
2,0.21075196571557608,0.19588227570056915
2,0.5648639195917164,0.54246586561203
2,0.007004901568658184,0.20012429356575012
2,-1.9632530916138462,-1.2664729356765747
2,-1.764608677068301,-1.2027662992477417
2,-1.7283537820212285,-1.3798309564590454
2,-0.8562344061322165,-0.905842661857605
2,-1.8195439355418692,-1.5124311447143555
2,-0.7781512503836439,-1.0664217472076416
2,-1.0969100130080562,-1.2248362302780151
2,-1.2284793285153697,-0.9372101426124573
2,-1.1832698436828046,-1.004858136177063
2,-0.36317790241282566,-0.7400504350662231
2,-0.4771212547196626,-0.7400504350662231
2,-0.8952646494799872,-0.7058585286140442
2,-0.1870866433571443,0.15202900767326355
2,0.30102999566398125,0.03511631488800049
2,0.1055101847699742,0.01682465150952339
2,0.16272729749769965,0.07885230332612991
2,0.13587872267231305,-0.30038049817085266
2,-0.8985423592412225,-0.6901935935020447
2,-1.052758049162799,-0.8487327694892883
2,-0.3148656857969785,-0.38563230633735657
2,-0.035912621145258505,-0.20118434727191925
2,-0.9079747380403926,-0.5992377400398254
2,-0.5797835966168101,-0.34905970096588135
2,-0.1055101847699742,-0.34373852610588074
2,-0.6020599913279625,-0.3520350158214569
2,-0.3832167518513314,-0.24336107075214386
2,-0.1353106860769584,-0.460305780172348
2,-0.5581545056288801,-0.5593351721763611
2,-0.6989700043360187,-0.7460834383964539
2,-0.9493900066449132,-0.7171480655670166
2,-0.9208187539523749,-0.5848293304443359
2,-0.9509145660903977,-1.0991263389587402
2,0.09691001300805624,0.1360340118408203
2,0.0,-0.3221055865287781
2,1.2552725051033065,1.5260266065597534
2,1.3309932190414244,1.3284822702407837
2,-1.0993846321359122,-1.3195854425430298
2,-0.9751764162749677,-1.1022363901138306
2,-0.4771212547196626,-1.134300947189331
2,-1.7754621118728622,-1.3896311521530151
2,-1.6417073513700187,-1.486121654510498
2,-1.0894004112293114,-1.300994873046875
2,-1.0,-0.7749695777893066
2,-1.633468455579587,-1.604658603668213
2,-1.8404197777364857,-1.5462642908096313
2,-2.3374592612906557,-1.5462642908096313
2,-0.3064250275506879,-1.5854159593582153
2,-0.9294189257142929,-0.984618604183197
2,-1.1461280356782382,-0.9769320487976074
2,-1.4471580313422194,-1.2656770944595337
2,-1.3771847870814184,-1.3366789817810059
2,-1.1356626020000729,-1.2993510961532593
2,-1.423245873936808,-1.351112723350525
2,0.05799194697768684,-1.18593168258667
2,0.0,-1.1471757888793945
2,-1.6127838567197355,-1.4377323389053345
2,-1.6344772701607315,-1.5724174976348877
2,-1.0662755460937365,-0.9107522368431091
2,-1.213879819945081,-1.1409912109375
2,-1.0859146287065933,-1.209932804107666
2,-0.9802233603509167,-1.209932804107666
2,-1.518513939877888,-1.1097936630249023
2,-1.240433142284875,-1.1097936630249023
2,-1.4974206917829962,-1.155761957168579
2,-0.9678153166285988,-0.8524324893951416
2,-1.2887955392469692,-0.9230586886405945
2,-0.3424226808222066,-0.6375893354415894
2,-0.19005691519250512,-0.11301209032535553
2,-0.20524948779689467,-0.10470423847436905
2,-0.6989700043360187,-1.1348848342895508
2,-1.0,-1.0536565780639648
2,-0.5797835966168101,-0.9803885817527771
2,-0.8890752039971392,-0.8991686105728149
2,-0.7528453851188734,-0.7505969405174255
2,-0.5797835966168101,-0.9622563719749451
2,-0.9542425094393252,-0.9363711476325989
2,-0.8969726181938462,-0.8991686105728149
2,-0.5368894597231524,-0.48608478903770447
2,-1.1461280356782382,-1.4885365962982178
2,-1.8808135922807914,-1.2639411687850952
2,-1.0910804693473324,-1.0337873697280884
2,-1.079181246047625,-1.067420482635498
2,-0.8129133566428557,-1.0461452007293701
2,-0.9542425094393252,-0.9536471962928772
2,-1.0413926851582254,-0.9250860810279846
2,-0.7496627125722055,-0.889117956161499
2,-1.0433460369455343,-0.7757570743560791
2,-1.3344537511509307,-1.296225905418396
2,-0.5755009628084942,-0.7422029376029968
2,-1.2174839442139058,-1.3408687114715576
2,-1.733011972712987,-1.2203476428985596
2,-1.3771847870814176,-1.3679097890853882
2,-0.5794353717028686,-0.7607378959655762
2,-1.053684858962776,-1.2828476428985596
2,-0.9809013839687024,-1.1927002668380737
2,-1.049891869945637,-1.0213634967803955
2,-1.079181246047625,-0.9426786303520203
2,-0.8964186656113675,-0.9653213024139404
2,-1.199601769708555,-1.1563875675201416
2,-1.500602350569185,-1.6969141960144043
2,-1.8325089127062366,-1.6631089448928833
2,-2.08278537031645,-1.741520643234253
2,-1.346787486224656,-0.772590696811676
2,-0.9197316583111608,-1.233089804649353
2,-1.0453229787866576,-0.9911291003227234
2,-0.8808135922807914,-1.0757298469543457
2,-1.4049261295327038,-1.1626278162002563
2,-0.5622244770093765,-0.8184560537338257
2,-1.204119982655925,-0.9979031682014465
2,-1.134698573897456,-1.0593749284744263
2,-0.32123338175226746,-0.7741624116897583
2,-1.3881801713828814,-1.037103295326233
2,-0.8202744562892246,-0.8517564535140991
2,-1.0,-0.892688512802124
2,-0.8129133566428557,-0.7745547294616699
2,-0.6989700043360187,-0.8980816006660461
2,-0.653212513775344,-0.6997137665748596
2,-0.6478174818886373,-0.5754261016845703
2,-0.9330532103693869,-0.892372727394104
2,-0.6020599913279625,-0.7762941718101501
2,-0.9030899869919438,-0.8669143915176392
2,-0.5835765856339492,-0.9621684551239014
2,-0.7459665670122426,-0.8441330790519714
2,-0.5351132016973494,-0.5815027952194214
2,-0.05696987867700454,-0.24853655695915222
2,-0.4232458739368079,-0.4911336600780487
2,-0.8880262405560675,-0.5701522827148438
2,-0.7070878945581978,-0.500269889831543
2,0.01931957001786344,-0.46825554966926575
2,-0.18486518336318625,-0.8544192314147949
2,-0.9050244867691433,-0.7379419207572937
2,-0.7206892540292547,-0.7379419207572937
2,-0.6661774909397113,-0.7296163439750671
2,-0.30102999566398125,-0.6002869009971619
2,-0.7337321105952306,-0.8254312872886658
2,-0.44313675740929437,-0.6606794595718384
2,-0.2912701583748243,-0.6202166676521301
2,-0.5399120845791181,-0.4344809353351593
2,-0.08432088570003593,-0.5661135315895081
2,-0.4149733479708182,-0.5282935500144958
2,-1.1303337684950057,-0.8019174337387085
2,-0.7296388241024712,-0.5801933407783508
2,-0.27470105694163216,-0.932357668876648
2,-0.2200696759654459,-0.4154486060142517
2,-0.22454833550784858,-0.48222243785858154
2,-0.7569619513137056,-0.8510511517524719
2,-0.8908555305749317,-0.9157321453094482
2,-0.1259773881291375,-0.35486334562301636
2,-0.06454790588958392,-0.35486334562301636
2,-0.7634279935629378,-0.8152642250061035
2,-1.1383026981662816,-1.1288602352142334
2,-1.0655015487564325,-0.890980064868927
2,-0.9133091521736292,-0.9769169688224792
2,-1.0,-1.224586009979248
2,-1.7853298350107671,-1.5085617303848267
2,-1.857332496431269,-1.5130559206008911
2,-1.1903316981702918,-1.4105993509292603
2,-1.4259687322722812,-1.3309231996536255
2,-1.3979400086720384,-1.4907383918762207
2,-1.3815495924838688,-1.469819188117981
2,-1.5228787452803374,-1.7984979152679443
2,-1.6434526764861879,-1.115869164466858
2,-0.9420080530223132,-1.0838501453399658
2,-1.0,-1.0698384046554565
2,-1.5797835966168101,-1.4619845151901245
2,-0.6154239528859442,-0.6377418041229248
2,-1.0,-0.808955192565918
2,-0.8239087409443187,-0.9432975053787231
2,-1.1842857376709528,-1.2409460544586182
2,-1.4913616938342722,-1.6531050205230713
2,-2.2671717284030137,-2.182717800140381
2,-2.0863598306747484,-1.7688915729522705
2,-1.7781512503836439,-1.5315501689910889
2,-1.4175355647354184,-1.5956073999404907
2,-1.4471580313422194,-1.2210719585418701
2,-0.32605800136591245,-1.2985849380493164
2,-1.1832111229993103,-1.085000991821289
2,-1.1461280356782382,-1.0160021781921387
2,-0.6283889300503116,-0.7923920750617981
2,-1.4149733479708182,-0.9726955890655518
2,-1.1249387366083,-0.9863197207450867
2,-1.0211892990699383,-0.8149009943008423
2,-1.0,-1.0571759939193726
2,-1.4161648287782365,-1.2481540441513062
2,-0.31527043477859173,-0.7542309165000916
2,-0.5440697772466896,-0.7412405014038086
2,-0.7690078709437733,-0.9266793727874756
2,0.0,-0.29446232318878174
2,-1.0,-0.7571629881858826
2,-0.9565343062189093,-0.7668296694755554
2,-0.7367585652254185,-1.0092084407806396
2,-0.7569619513137056,-0.9028230905532837
2,-0.7388415163737116,-0.6885687112808228
2,-0.5973135563035008,-0.8346834778785706
2,-0.9629086884180129,0.7313107848167419
2,0.0,-0.5933571457862854
2,-0.23749614683474451,-0.200214684009552
2,0.0,-0.10604430735111237
2,0.0,-0.057493433356285095
2,0.0,-0.007420314010232687
2,0.30102999566398125,0.14679120481014252
2,0.30102999566398125,0.7982558608055115
2,0.5228787452803374,0.6939198970794678
2,0.6989700043360187,0.8535838723182678
2,0.9030899869919438,0.7474086880683899
2,1.0413926851582254,1.1410654783248901
2,-0.3539660708517802,-0.7455280423164368
2,0.15490195998574308,-0.04507751017808914
2,0.0,-0.11544744670391083
2,1.5287082889410613,0.6143177151679993
2,0.6989700043360187,1.0129588842391968
2,0.9637878273455556,0.8607892990112305
2,0.6501214367982016,0.9362195134162903
2,0.0,-0.013710030354559422
2,0.3083881257855836,-0.013710030354559422
2,-0.8601209135987631,-0.6606510877609253
2,-0.5880452543028749,-0.3384786546230316
2,0.0,-0.2278294563293457
2,-0.08414466557917422,-0.5997267365455627
2,-0.8980104614626683,-0.8406376838684082
2,0.0,0.10307018458843231
2,0.0,0.28283336758613586
2,-0.8728283819594083,-0.38130638003349304
2,-0.16918659085637255,-0.13415439426898956
2,-0.28560963679648754,0.1988256871700287
2,-0.6594614630523452,-0.7849677801132202
2,-0.9183299535486809,-0.6881695985794067
2,-0.7781512503836439,-0.8353760242462158
2,-0.4274952522337543,-0.533809244632721
2,-0.40576534618399407,-0.6748749017715454
2,1.5751878449276608,1.4737589359283447
2,-0.6746106584765741,-0.8159083724021912
2,-0.3979400086720375,-0.2126157283782959
2,-0.8864907251724823,-0.13166502118110657
2,-1.1059581419854538,-0.7316953539848328
2,-1.1802078252505135,-0.8896317481994629
2,-0.9269790626571934,-0.29455459117889404
2,-1.3424226808222066,-0.9866453409194946
2,-0.989004615698537,-0.6696743369102478
2,0.0,-0.2300044596195221
2,-0.17609125905568135,-0.5171067714691162
2,-1.0710633558254452,-1.296582818031311
2,-2.079181246047625,-1.7239458560943604
2,-1.3891660843645326,-0.9107322692871094
2,-1.7944863039009302,-1.6697781085968018
2,-0.5850266520291818,-0.5559518337249756
2,-0.935542010773081,-0.5268567800521851
2,-1.9586073148417746,-0.5727960467338562
2,-0.3881801713828805,-0.6129922866821289
2,-0.4237472722783231,-0.6587465405464172
2,-0.1870866433571443,-0.7942923903465271
2,-0.773216032708131,-0.8084774613380432
2,-0.9456423376774072,-0.9228769540786743
2,-1.2582780152430315,-0.8425434231758118
2,-0.30871682433027203,-0.5173770785331726
2,-1.36408174141107,-0.9953844547271729
2,-0.7384785456196923,-0.9953844547271729
2,-0.4701723947643339,-0.5067759156227112
2,-0.9887189895903106,-0.8320223093032837
3,-0.8750612633917001,-0.7695282101631165
3,-0.5290390539851559,-0.679954469203949
3,-0.36172783601759306,-0.6858066916465759
3,0.0,-0.06125282123684883
3,0.8147100267930405,0.339672714471817
3,0.0,-0.847608208656311
3,-1.4775597146073878,-1.421871542930603
3,0.2491831573502452,0.20680899918079376
3,-1.8927900303521312,-1.8596181869506836
3,0.23027753297520626,0.378449946641922
3,0.4637659462712156,0.4123172163963318
3,-0.5642714304385628,-0.7974020838737488
3,-1.1760912590556813,-1.0819447040557861
3,-0.8239087409443187,-0.812882661819458
3,-0.7403626894942441,-0.2701810300350189
3,-0.43933269383026285,-0.6746863126754761
3,-1.4471580313422194,-1.4520219564437866
3,-1.7659167939666318,-1.5793083906173706
3,0.38021124171160636,-0.1916109323501587
3,-0.39752826612063075,-0.36960461735725403
3,-0.37905157618436736,-0.8674203753471375
3,-0.8286038621526988,-0.6605849862098694
3,-0.6876889939263293,-0.7102623581886292
3,-0.6283889300503116,-0.8513933420181274
3,-0.9562910721145945,-1.0482178926467896
3,-0.14106518745881935,-0.29468947649002075
3,-0.41912930774197577,-0.39878225326538086
3,-0.36408174141106997,-0.6250877380371094
3,-0.17609125905568135,-0.5951458215713501
3,-0.6145129060142454,-0.816116452217102
3,-1.2777586532509932,-1.5658818483352661
3,-0.8538719643217618,-1.1812083721160889
3,-1.103219486915064,-0.8857292532920837
3,-0.3979400086720375,-0.6936806440353394
3,-0.4350870709486365,-0.9975662231445312
3,-1.6627578316815743,-1.3119581937789917
3,-1.079181246047625,-1.1009454727172852
3,-1.6603910984024672,-1.4380033016204834
3,-0.8239087409443187,-1.1429612636566162
3,-1.000293343126251,-1.2380932569503784
3,-0.36166919116139606,-1.3474644422531128
3,-0.8378796830090751,-1.4591821432113647
3,-1.3679767852945943,-1.2927300930023193
3,-0.013788284485633184,-0.31319719552993774
3,0.4771212547196626,0.037929367274045944
3,-1.008773924307505,-0.7042959332466125
3,-0.10886390425013914,-0.5736938714981079
3,-0.14612803567823818,-0.4946478009223938
3,-0.4118545232070705,-0.5452165007591248
3,-0.706148588963142,-0.5688079595565796
3,-1.0,-0.7153230905532837
3,-0.6020599913279625,-1.090955376625061
3,-0.1669478796158108,-0.6810792088508606
3,-0.6205848987164888,-0.5169166326522827
3,-0.14221543714647567,-0.008743617683649063
3,-0.45593195564972433,-0.42886337637901306
3,-0.4220736883887568,-0.5713159441947937
3,-0.91832995354868,-0.8043281435966492
3,-0.9542425094393252,-0.9282069206237793
3,-0.9395055936387653,-0.6471936702728271
3,-1.4360690591766065,-1.2179369926452637
3,-0.6538152820635048,-0.8536754250526428
3,1.6225558417338535,1.8509087562561035
3,1.9268567089496926,1.3284515142440796
3,1.0585947152658468,0.48961132764816284
3,-0.07389564958594175,-0.3712785840034485
3,-0.08432088570003593,-0.37732163071632385
3,0.14976232033333226,-0.35198962688446045
3,-0.17926826284964825,-0.40016669034957886
3,-0.4771212547196626,-0.35153838992118835
3,-0.8880262405560675,-0.7315793633460999
3,-1.6127838567197355,-1.4571022987365723
3,-1.6812412373755876,-1.3395859003067017
3,0.17596999855457174,0.2779345214366913
3,-1.1749315935284423,-1.4622292518615723
3,-1.7781512503836439,-1.8449268341064453
3,-1.6020599913279625,-1.5681546926498413
3,-1.3489535479811643,-1.4165568351745605
3,-0.5215995264411646,-0.7742099165916443
3,-1.865301426102544,-1.1944953203201294
3,-0.40866387406381044,-0.6331560015678406
3,-0.6170416326987436,-0.696708083152771
3,-0.2466723333413885,-0.4756050705909729
3,-0.2614389320748671,-0.7267177700996399
3,-0.3853508813640172,-0.2805556356906891
3,-0.5127853228438921,-0.525132417678833
3,-0.7609437229818958,-0.7113304734230042
3,-0.3521825181113618,-0.3305934965610504
3,0.0,-0.07689013332128525
3,-1.2291697025391013,-1.4941171407699585
3,0.0,-0.21560116112232208
3,0.0,-0.16998276114463806
3,-1.5539985458577226,-1.2499240636825562
3,0.14132915279646951,-0.1446058452129364
3,-0.06766585912156575,-0.05002806335687637
3,-0.09472741951745256,-0.17349188029766083
3,-0.787911087672799,-0.8343095183372498
3,-0.30102999566398125,-0.4384072721004486
3,-0.15490195998574308,-0.552346408367157
3,0.0,0.010998770594596863
3,-0.3521825181113627,-0.5022413730621338
3,-1.2396406820895027,-0.8447753190994263
3,-1.0,-0.6382606029510498
3,1.079181246047625,0.8478537797927856
3,-0.8129133566428557,-0.8912314772605896
3,-0.5606673061697371,-0.3679155111312866
3,-0.5772364076029302,-0.33399835228919983
3,-0.6809789030384632,-0.5837199091911316
3,-1.485315733334934,-1.176369309425354
3,-0.2667973899192777,-0.5816994309425354
3,-0.27547589119159266,-0.9258586764335632
3,-0.7086972828532296,-0.8006622195243835
3,-1.1505139038522927,-1.1673054695129395
3,-0.7330850365019916,-0.9180891513824463
3,-1.3010299956639813,-1.2500886917114258
3,-1.0,-1.000691294670105
3,-1.740362689494244,-1.4440455436706543
3,-0.43365556093857194,-0.7245196104049683
3,-0.20411998265592501,-0.7215914130210876
3,-0.7942448013084267,-0.57346510887146
3,-1.4886416777494738,-1.4385942220687866
3,-1.1083394747888384,-1.225666880607605
3,-0.537441864015932,-0.8340092301368713
3,-0.09556972905670502,-0.15940991044044495
3,0.2731973322082579,0.2481512576341629
3,-1.157607853361668,-1.4508427381515503
3,-0.5051499783199063,-0.5647672414779663
3,-0.32451109151350366,-0.42435434460639954
3,-0.4249783800632443,-0.5202463269233704
3,0.0,-0.6218915581703186
3,-0.10354059190706888,-0.2341722548007965
3,-1.8239087409443187,-1.5296753644943237
3,-1.920818753952375,-1.5296753644943237
3,0.07207557205669168,0.13397042453289032
3,-0.8166095022028195,-1.098113775253296
3,0.0,-0.324402779340744
3,-1.1687920203141813,-1.3172667026519775
3,-0.4631243644872516,-0.822039783000946
3,-0.37974700384601867,-0.8749725818634033
3,-0.35373634617998473,-0.45456039905548096
3,-0.2932046581520247,-0.6308302283287048
3,-0.39159983064101844,-0.5022745728492737
3,-0.9673308832466319,-0.9473578333854675
3,-1.4685210829577446,-1.266815423965454
3,-1.2218487496163561,-1.3371953964233398
3,-0.45593195564972433,-0.6160711646080017
3,-0.0778376825188154,-0.39522919058799744
3,-0.1295794045405394,-0.3619021773338318
3,-0.404570587571051,-0.4432348310947418
3,-2.0969100130080562,-1.5592288970947266
3,-1.7781512503836439,-1.3702749013900757
3,-1.6434526764861879,-1.4806405305862427
3,-0.3357921019231931,-0.7449207305908203
3,-1.5947607525864624,-0.6876521110534668
3,-0.6398485522173623,-0.4647429585456848
3,-0.38021124171160636,0.11851000040769577
3,0.0,-0.024768726900219917
3,0.0,0.1924424171447754
3,0.0,-0.01534992828965187
3,0.0,0.012059640139341354
3,0.0,0.010998770594596863
3,0.0,-0.011952714063227177
3,0.0,-0.027664296329021454
3,0.0,-0.08374632894992828
3,-1.20682587603185,-1.3136292695999146
3,0.0,-0.011952714063227177
3,1.113943352306837,0.8721584677696228
3,-0.10669428249220125,-0.5394630432128906
3,-0.4771212547196626,-0.5995118618011475
3,-1.1802078252505135,-1.3356812000274658
3,-1.4423175473797247,-1.6136375665664673
3,-1.0910804693473333,-1.2272650003433228
3,-0.2542865921216544,-0.13831758499145508
3,-1.0377885608893997,-0.8522260785102844
3,-0.2561333467764424,-0.5082765221595764
3,-0.6493280729138764,-0.7248528003692627
3,-0.7388553441053656,-0.6463035941123962
3,-0.4577730894245233,-0.5287259817123413
3,-0.7136932611567257,-0.6444298624992371
3,0.6726856520807178,0.5044376254081726
3,0.6001519882093254,0.34737464785575867
3,0.018951941086827517,0.23700201511383057
3,0.0,0.34484678506851196
3,-2.184096913980195,-2.270134925842285
3,-0.6232492903979008,-0.6782956123352051
3,-0.4582359105592877,-0.7054912447929382
3,-0.151267675330649,-0.299092561006546
3,-0.6989700043360187,-1.2416273355484009
3,-0.2704919284145202,-0.0034204190596938133
3,0.006939606751780403,-0.306266188621521
3,-0.17749745257663463,-0.2719440460205078
3,-0.12368361632897873,-0.3341389000415802
3,-0.8028661382047408,-0.6975750923156738
3,0.0,-0.02966034598648548
3,0.8239087409443187,0.7423609495162964
3,-0.6863808770279984,-0.660128653049469
3,0.0,0.029479529708623886
3,0.0,0.029479529708623886
3,0.0,0.1447616070508957
3,0.0,0.10830352455377579
3,0.7403626894942441,0.17381495237350464
3,0.0,0.05815644562244415
3,0.7403626894942441,0.11187619715929031
3,0.7403626894942441,0.5164980888366699
3,1.0,-0.14633944630622864
3,1.0,0.14669378101825714
3,-0.38321675185133053,-0.6109044551849365
3,-1.0,-1.2287840843200684
3,0.0,-0.2165415734052658
3,-0.7075701760979367,-0.5736725330352783
3,-1.4924519734409554,-1.721587061882019
3,-1.2908903643131016,-1.2552772760391235
3,-1.0864630007623939,-1.152235746383667
3,-0.27561440003725846,-0.7672719955444336
3,-2.6106601630898796,-1.3583695888519287
3,-2.929418925714293,-2.6175777912139893
3,-3.1205739312058496,-2.713932991027832
3,-2.4240428112362427,-2.481640100479126
3,-2.212303431710126,-2.28924560546875
3,-1.8200654018625588,-1.9063193798065186
3,-2.331519317811881,-2.2880098819732666
3,-1.0413926851582254,-0.29039883613586426
3,-0.3231801236256153,-0.11059274524450302
3,0.10737544668622157,0.13805611431598663
3,0.8888183474403863,0.651827871799469
3,-3.0663924890041176,-2.553673505783081
3,-1.8718162085785535,-2.2766757011413574
3,-2.0688812894078126,-2.3035662174224854
3,-2.005829543660724,-1.9287340641021729
3,-2.3096301674258983,-2.826812505722046
3,-3.206315241661555,-2.916858434677124
3,-2.645913275033844,-2.6383118629455566
3,-2.687974620034556,-2.573761463165283
3,-1.4065401804339555,-1.3411033153533936
3,0.0,-0.04671059176325798
3,0.0,-0.0313451886177063
3,0.0,-0.20491822063922882
3,-0.6465051297683573,-0.5550046563148499
3,-0.5619427681199802,-0.805161714553833
3,-0.73115468770742,-0.6623088121414185
3,-0.7533276666586115,-0.6623088121414185
3,-0.6989700043360187,-0.6731395721435547
3,-0.653212513775344,-0.5062302350997925
3,-0.033105124157981614,-0.533094584941864
3,-0.2181760471203864,-0.5694629549980164
3,-0.6307051727774926,-0.5995118618011475
3,-0.3708529182030551,-0.639419436454773
3,-0.07195673106437983,-0.2745072543621063
3,0.15836249209525022,-0.24904152750968933
3,-0.31994698356234874,-0.3823813796043396
3,-0.39503501802863017,-0.5095906853675842
3,0.8633228601204568,1.0658997297286987
3,-1.0,-1.1275830268859863
3,-2.1939486868026874,-2.411954164505005
3,-2.219924961390217,-2.055331230163574
3,-0.7403626894942441,-0.7845685482025146
3,-1.069006971504451,-0.7011414170265198
3,-1.3159703454569183,-0.5772988796234131
3,-0.1842857376709528,-0.5025568008422852
3,-0.3701109148072801,-0.5398575067520142
3,-0.6398485522173623,-0.8914257884025574
3,-0.236480969533841,-0.42988741397857666
3,1.763941633261446,1.606389045715332
3,2.0639897471525535,1.154597520828247
3,1.8243033747578457,0.7381630539894104
3,0.8327695154634727,-0.16554369032382965
3,0.26753037425284454,-0.2025827318429947
3,-0.6973585201794386,-0.7469104528427124
3,-0.7974564055790303,-0.753435492515564
3,-0.7870157984620274,-0.4199256896972656
3,0.0,-0.5969194173812866
3,-1.113943352306837,-1.318859338760376
3,-0.44493657134826137,-0.5186440944671631
3,-0.5882717068423293,-0.5390251278877258
3,-0.7989348563069356,-0.45211127400398254
3,-1.0819563001023962,-0.6311416029930115
3,-0.10473535052001282,-0.40857642889022827
3,-0.7549214096651689,-0.7015319466590881
3,-0.7300042380759866,-0.4650610685348511
3,-0.5929166118880929,-0.511112630367279
3,-0.18364439694612678,-0.5153892636299133
3,-0.07918124604762511,-0.101859912276268
3,-0.43933269383026285,-0.4981224834918976
3,-0.3405385369476548,-0.6940675973892212
3,-1.3661962846069269,-1.322212815284729
3,-1.1249387366083,-1.1008939743041992
3,-0.6917914197088955,-1.1857911348342896
3,-1.7781512503836439,-1.472444772720337
3,-1.2648178230095368,-1.329962134361267
3,-1.154901959985743,-1.1606053113937378
3,-1.4375303314980883,-1.2955152988433838
3,-1.2582780152430315,-1.1672379970550537
3,-1.5642714304385628,-1.2833806276321411
3,-0.4375301220789325,-0.1989510953426361
3,-1.6926266329514812,-1.3935967683792114
3,-0.5166297960033361,-0.6902067065238953
3,-1.431363764158987,-1.3445056676864624
3,-1.272474535210928,-1.56549072265625
3,-1.1903316981702918,-1.2181313037872314
3,-0.8973376581028525,-0.6463687419891357
3,-0.5835765856339492,-0.940807044506073
3,0.0,-0.047265879809856415
3,-0.7289332277134619,-0.43337056040763855
3,-0.7955365657786055,-0.6635145545005798
3,-0.808114473761087,-0.6623088121414185
3,-0.598653742636051,-0.6553311944007874
3,-1.0,-0.21402807533740997
3,-0.6606653005632923,-0.6581182479858398
3,-0.5440680443502757,-0.5995118618011475
3,-0.3901303070435729,-0.6640284061431885
3,-0.5094905478629839,-0.6493926644325256
3,-1.0,-0.8709688782691956
3,-0.7672348358945449,-0.35692745447158813
3,-0.824644210183429,-0.5612751245498657
3,-0.5071746648863202,-0.6426683068275452
3,-0.16883592022309912,-0.7820994853973389
3,-0.6940254217189574,-0.5271429419517517
3,-0.7545638531061272,-0.7489551901817322
3,-0.9336648928393814,-1.2352122068405151
3,-0.16272729749769965,-0.3891541361808777
3,-0.7713751873175951,-0.5731264352798462
3,-0.7501225267833993,-0.6321342587471008
3,-0.5423809577330196,-0.9045472145080566
3,-0.3889566680708807,-0.4225905239582062
3,-1.519287394190787,-1.3099303245544434
3,-1.803261970966675,-1.4952117204666138
3,-1.346515967314966,-1.314613938331604
3,-1.7396442534629069,-1.614148736000061
3,-1.3700399458583679,-1.4228826761245728
3,-1.6207422042957162,-1.5077232122421265
3,-1.7215358322347596,-1.4493062496185303
3,-1.345700390583442,-1.4692116975784302
3,-1.5835765856339492,-1.5817071199417114
3,-1.6197887582883936,-1.3506195545196533
3,-1.4778825072930193,-1.4026055335998535
3,-0.9777236052888476,-1.197403907775879
3,-1.4018450592255762,-1.440920352935791
3,-1.4795273244855407,-1.4457287788391113
3,-1.7455952164279207,-1.5447660684585571
3,-1.5096504795465826,-1.6391345262527466
3,-1.1256386472866255,-1.2168989181518555
3,-1.4458937088134602,-1.4764814376831055
3,-1.3175990970971743,-1.2429336309432983
3,-1.7215358322347596,-1.3924061059951782
3,-1.976961016011427,-1.3329296112060547
3,-1.4892551683692599,-1.4582549333572388
3,-1.3284682440109208,-1.1383506059646606
3,-1.343372997354356,-1.3420909643173218
3,-1.230448921378274,-1.3992356061935425
3,-1.1760912590556813,-1.3956007957458496
3,-1.4559319556497243,-1.1735297441482544
3,-1.9190780923760737,-1.7785366773605347
3,-1.5217916496391233,-1.6380245685577393
3,-1.7472175361399929,-1.6277709007263184
3,-1.670941280735775,-1.8087191581726074
3,-0.616672031877334,-1.0424094200134277
3,-1.0566117062143716,-1.2369710206985474
3,-1.675300043738182,-1.3084018230438232
3,-0.2114192213974242,-0.15584376454353333
3,-1.8309092995464429,-1.2816593647003174
3,-0.3992755437555049,-0.29186317324638367
3,-0.11362062053529165,-0.3422890603542328
3,0.0,0.23686502873897552
3,0.0,-0.7001529932022095
3,1.7649308809849815,1.4181654453277588
3,1.4440447959180762,1.2995835542678833
3,0.0,-0.22851507365703583
3,-0.4313637641589878,-0.601818323135376
3,-0.21260809288144422,-0.7140541672706604
3,-0.8328635835972458,-0.6628903746604919
3,-0.5740312677277188,-0.6914911270141602
3,-0.9542425094393252,-0.744444727897644
3,-0.6320232147054057,-0.6625901460647583
3,-1.1914975900970806,-0.893765389919281
3,-1.1461280356782382,-0.6799644827842712
3,-0.9294189257142929,-0.695192813873291
3,-0.5188198888034705,-0.6473976969718933
3,-1.4395415394615556,-1.106368064880371
3,-1.079181246047625,-1.1657055616378784
3,0.0,-0.08171851933002472
3,-0.5268090389087696,-0.6990278959274292
3,-0.6696394023113736,-0.6287128329277039
3,-0.7092460664759814,-0.535127580165863
3,-0.5330562595094737,-0.6461919546127319
3,-0.8145012724224872,-0.6461919546127319
3,-0.7739952906124863,-0.6461919546127319
3,-0.6879746200345549,-0.6220811009407043
3,-0.2646054261027677,-0.46453365683555603
3,-0.6503646709025173,-0.6325036883354187
3,-0.3372421683184257,-0.616810142993927
3,-1.0315170514460652,-0.6534322500228882
3,0.0,-0.471763551235199
3,0.0,-0.46532994508743286
3,-0.9759196228469422,-0.30622246861457825
3,0.0,0.14286470413208008
3,-1.7050441520482122,-1.2787978649139404
3,0.0,-0.3457617461681366
3,-1.0,-0.2808130979537964
3,-0.5932860670204576,-0.47746217250823975
3,-0.5789946872592688,-0.8021714687347412
3,-1.113943352306837,-1.3721809387207031
3,-0.672097857935718,-1.245069146156311
3,-0.9646720376582572,-0.7228958606719971
3,-0.4432453729278514,-0.4209255278110504
3,-0.46915232504838666,-0.6075354814529419
3,0.0,-0.320272833108902
3,0.0,-0.26026803255081177
3,-1.3802112417116064,-1.3757761716842651
3,-1.3273589343863295,-1.4579702615737915
3,0.0,0.2280367761850357
3,0.2705922030369319,0.23872917890548706
3,0.7032250103799518,0.7407107949256897
3,0.5399788431160077,0.4178074896335602
3,0.2127271121038934,0.21185509860515594
3,0.8675245105715961,0.7568671703338623
3,1.2309713024148268,1.084330677986145
3,0.7187630910163998,0.7287161350250244
3,0.42579681672523595,0.4310779571533203
3,-1.01598810538413,-1.0779072046279907
3,-1.7809263044384158,-1.2768008708953857
3,-1.078021580520386,-1.611288070678711
3,-1.9259992664561558,-1.5190675258636475
3,-0.979244778409381,-0.912105143070221
3,-0.8319763626923518,-0.5251925587654114
3,-0.588557520924315,-0.6516352295875549
3,-1.7303784685876424,-1.3857563734054565
3,-0.14612803567823818,-0.7373106479644775
3,-1.1382316259813603,-1.3014389276504517
3,-0.7440483790712067,-0.8736310005187988
3,-1.3601514477826377,-1.2051174640655518
3,-0.3133971826694042,-0.822039783000946
3,-0.7220353084047115,-0.8343095183372498
3,-1.4522976709946303,-1.2181313037872314
3,-0.8101204564586855,-0.7193263173103333
3,-1.717453410030032,-2.074808120727539
3,-2.228294797183975,-2.2713706493377686
3,-2.1471014267810613,-2.0457398891448975
3,-1.5304131631775952,-1.3008612394332886
3,-0.355387657986574,-0.461775004863739
3,-0.6671781699121677,-0.5628155469894409
3,-1.4074853265782679,-1.3848421573638916
3,-0.5729576096236553,-0.4031100869178772
3,-1.1760912590556813,-1.30211341381073
3,-0.4514759214932562,-0.7844969630241394
3,0.30102999566398125,0.5533538460731506
3,-1.3135157072120407,-0.35323864221572876
3,-0.3077633783229494,-0.6902067065238953
3,-0.4202164033831899,-0.655411958694458
3,0.0,-0.7054912447929382
3,-1.014723256820706,-1.3624389171600342
3,-2.1487416512809245,-2.311319351196289
3,-1.2123034317101258,-2.0356383323669434
3,-0.9612474110079834,-1.5761693716049194
3,-1.4832443397784516,-1.5293095111846924
3,1.7558748556724915,0.8888326287269592
3,-2.3832167518513314,-2.6726903915405273
3,-2.3790031895226376,-2.3956925868988037
3,-2.3735249804634035,-2.3831024169921875
3,-2.8084360542881113,-2.3702850341796875
3,-3.086449942612389,-2.398848056793213
3,-2.0307346169761686,-2.029564619064331
3,-2.4205058365707792,-2.3113741874694824
3,-0.4957264992367225,-0.7974020838737488
3,-0.3032628770962731,-0.411609947681427
3,-0.4330536280883628,-0.5230364799499512
3,-1.438747391205414,-1.4027628898620605
3,-0.34145865271958975,-0.45025840401649475
3,0.08804493295993954,-0.37175318598747253
3,-1.3541084391474012,-1.1714913845062256
3,-1.3979400086720375,-1.2920372486114502
3,-1.3862016054007933,-1.4666873216629028
3,0.03959044503700948,-0.24967631697654724
3,-1.157607853361668,-1.2731130123138428
3,0.8694954079490973,0.34221524000167847
3,0.9951744561107096,0.34221524000167847
3,0.47856329638292383,0.5056829452514648
3,-1.3685816523588086,-1.2276067733764648
3,0.5440680443502757,0.7132954001426697
3,-1.1461280356782382,-1.2707659006118774
3,-0.9190101329859175,-1.3467425107955933
3,-0.23856180154675855,-0.3049640357494354
3,0.0,-0.23869088292121887
3,-1.2350691190150194,-0.9084914326667786
3,-1.1856365769619117,-1.402815580368042
3,-0.09691001300805624,-0.2822972536087036
3,-1.3041210726411228,-1.1932644844055176
3,0.0,-0.1514892280101776
3,-0.42596873227228116,-0.4139033555984497
3,-0.6320232147054057,-0.5984064340591431
3,-1.2427025566017047,-1.267963171005249
3,0.20056502843888158,0.514405369758606
3,0.8846065812979305,1.0805879831314087
3,0.9700367766225568,1.048441767692566
3,0.0,-0.23141199350357056
3,0.0,0.20764681696891785
3,0.0,0.415061354637146
3,0.0,0.48278096318244934
3,0.0,-0.21533355116844177
3,-2.005829543660724,-2.131645917892456
3,-2.0425523506854635,-2.297787666320801
3,-2.5060538173181506,-2.489619731903076
3,-1.5492378443889558,-1.8648678064346313
3,-0.15490195998574308,-0.2449098527431488
3,-0.15490195998574308,-0.12713700532913208
3,0.0,0.08506692945957184
3,-0.6658539941039692,-0.6908432841300964
3,0.45319267569014343,0.386740118265152
3,0.014723256820706965,0.4083097577095032
3,0.3958163150421816,0.35276561975479126
3,0.15933357478481813,0.5992990136146545
3,0.0,0.2719741761684418
3,0.7347714789456772,0.39698606729507446
3,0.38945759571829885,0.5043346881866455
3,0.5208292648142576,0.413632333278656
3,1.2397082152473793,1.1419836282730103
3,0.8639199713173529,0.37694764137268066
3,0.20985563495709947,0.5686561465263367
3,0.39538854403305557,0.3967912793159485
3,0.424029543381379,0.37354105710983276
3,0.0,0.6311714053153992
3,0.023675089903716362,0.11631834506988525
3,0.571379327328061,0.5827257633209229
3,0.5389186541454025,0.47743675112724304
3,0.2508049577803275,0.5988385677337646
3,0.0,-0.1383332908153534
3,-0.8750612633917001,-0.8153952360153198
3,0.0,-0.18571287393569946
3,0.0,-0.15038734674453735
3,-1.2230878217319043,-0.5228826403617859
3,-1.0,-1.256287932395935
3,0.4056057432185165,0.305644690990448
3,-0.09400502236464892,0.6842736601829529
3,0.17463880404736631,0.2685951590538025
3,-1.0351136194163244,-1.0582869052886963
3,0.0,-0.49945998191833496
3,-0.43933269383026285,-0.5921811461448669
3,-0.9200284089082231,-1.0857164859771729
3,-0.9542425094393252,-0.8171759843826294
3,-0.21075871684946446,-0.487226277589798
3,-0.7596678446896306,-0.5994975566864014
3,-1.3424226808222066,-0.8827422857284546
3,0.10431404621996965,-0.3767065107822418
3,-0.5383909114585848,-0.8223021030426025
3,-1.740362689494244,-0.30831390619277954
3,-0.41017446508904953,-0.5360027551651001
3,-0.5460648041063507,-0.6109044551849365
3,-0.7533276666586115,-0.46423935890197754
3,-1.3010299956639813,-0.8888126015663147
3,-1.1505139038522927,-0.7630148530006409
3,-1.1505139038522927,-1.412839651107788
3,-1.6989700043360187,-1.3637282848358154
3,-2.1505139038522927,-1.04426109790802
3,-1.1505139038522927,-0.8958713412284851
3,-1.0,-1.254932165145874
3,-1.3010299956639813,-1.1494218111038208
3,-1.1801596211900938,-1.396837830543518
3,-0.4375066456660379,-0.6280949115753174
3,-0.6989700043360187,-1.2932404279708862
3,0.1397698316532603,0.06234956160187721
3,-1.3441906747575478,-1.1676769256591797
3,-0.5198558016467656,-0.5770124793052673
3,-1.0007679833688323,-0.8262186646461487
3,-0.7792634007530115,-0.8878635764122009
3,-0.8903780214758052,-0.5189970135688782
3,-3.08795517035513,-3.014695167541504
3,0.0,-0.13779395818710327
3,-0.23823916580452575,-0.3157573640346527
3,-1.8280647007154762,-1.1635385751724243
3,-1.9294189257142929,-1.6640443801879883
3,-1.4593924877592306,-1.1991443634033203
3,-1.6264193371874072,-1.3482567071914673
3,-1.8692317197309762,-1.6528643369674683
3,0.9030899869919438,0.5247567296028137
3,-0.8251134420826896,-0.5703378915786743
3,-1.4372678984262883,-1.61753511428833
3,-0.5336026106721103,-0.5109949707984924
3,0.0,0.116286501288414
3,0.0,0.11869990080595016
3,-1.7269987279362624,-1.7774248123168945
3,-0.42596873227228116,-0.969853401184082
3,-0.7269987279362624,-0.6271800398826599
3,-0.9222062774390167,-0.9379994869232178
3,-0.8211858826088454,-1.3941453695297241
3,0.43818045492417124,0.663480281829834
3,-0.9957212020207251,-0.7469755411148071
3,0.6573413950487694,0.36922487616539
3,0.18499212056651704,0.29025712609291077
3,0.18288786853376138,0.36979788541793823
3,0.5641359674050559,0.4945269823074341
3,-0.7403626894942441,-0.5404688715934753
3,0.3246679966354229,0.6021826267242432
3,0.7781512503836439,0.23748135566711426
3,0.30102999566398125,0.5354951024055481
3,1.0,0.5468974709510803
3,-0.34948628751527444,-0.1752256602048874
3,-1.0496419314221423,-1.1871616840362549
3,-0.22184874961635614,-0.5360584855079651
3,-1.1186897873312986,-1.0190014839172363
3,-1.125806458139527,-1.1619279384613037
3,-0.865301426102544,-0.5960531234741211
3,-0.29718097949306443,-0.23846304416656494
3,0.05368485896277697,-0.052991077303886414
3,-0.2304489213782741,-0.5252825617790222
3,0.06581728448964341,-0.1599433720111847
3,-0.08203605708217943,-0.13229027390480042
3,-0.045757490560674796,0.10500970482826233
3,0.05115252244738144,0.1575007140636444
3,0.17609125905568135,0.09741117060184479
3,0.048304679574554754,-0.06541827321052551
3,-0.10198953853733084,-0.23453600704669952
3,-0.06305174574708872,-0.10996634513139725
3,-0.4881678788616428,-0.556867778301239
3,0.0,-0.6792275905609131
3,0.23888208891513685,-0.6942206621170044
3,-0.3330881015206941,-0.2531954050064087
3,-0.6020599913279625,-0.13465175032615662
3,-0.17574002911349673,-0.12711107730865479
3,-0.3357921019231931,-0.1977241486310959
3,-0.19964128268496673,-0.2258504033088684
3,-0.17609125905568135,-0.39801567792892456
3,0.6687190734409958,0.7901515364646912
3,0.0,-0.04358583316206932
3,0.0,-0.11586487293243408
3,-0.6020599913279625,0.21482935547828674
3,-0.653212513775344,0.22623175382614136
3,0.5161539089494696,0.43420085310935974
3,0.6816274485899259,0.46615874767303467
3,0.0,-0.3657836318016052
3,-1.2002249387724007,-1.1828545331954956
3,-1.0889410833367812,-1.1232802867889404
3,-0.4210053127407303,-0.5018616914749146
3,-0.865301426102544,-1.2666693925857544
3,-0.7608714329386874,-0.6331218481063843
3,-0.7403626894942441,-0.5320494771003723
3,-1.0667513375652513,-1.1952780485153198
3,-1.1681223293844054,-1.246738076210022
3,-1.2787536009528289,-1.419350028038025
3,0.17567887514922909,0.20276914536952972
3,-0.7403626894942441,-0.5125640034675598
3,-1.6434526764861879,-1.2972691059112549
3,-0.23855876556918343,-0.26006656885147095
3,-1.066946789630613,-0.6690194010734558
3,-0.955032854483477,-0.808516800403595
3,-0.6434526764861879,-1.28086256980896
3,1.6241101320710358,0.06659193336963654
3,-1.5295824315748439,-0.5548794269561768
3,0.10319830233507865,0.39866870641708374
3,-1.4149733479708182,-1.3508492708206177
3,-0.36408174141106997,-0.7725401520729065
3,1.6020599913279625,1.1207045316696167
3,0.7403626894942441,1.0984519720077515
3,1.1962946451439684,0.9555395245552063
3,0.6989700043360187,0.8456560969352722
3,0.0,-0.04095318540930748
3,0.2683104668039187,0.39891278743743896
3,-0.44542775151412606,-0.5834992527961731
3,-0.3357921019231931,-0.2734765410423279
3,-1.089987216455599,-1.0580039024353027
3,-0.4375301220789325,-0.21412284672260284
3,-0.960232873128513,-1.0122121572494507
3,0.0,-0.024595070630311966
3,-1.0,-0.47202247381210327
3,0.0,0.6785449981689453
3,0.653212513775344,0.5348082780838013
3,-1.318063334962762,-1.0618199110031128
3,-1.3539337079111249,-1.4577943086624146
3,-2.046512129294256,-1.6574705839157104
3,-1.365903776671729,-1.2565604448318481
3,-1.1249387366083,-0.9870678782463074
3,0.1294022340875074,-0.5311765670776367
3,-0.30102999566398125,-0.5572962164878845
3,0.13771302464472868,0.35353773832321167
3,-1.3979400086720375,-1.1275571584701538
3,0.0,0.43841832876205444
3,-0.728259380438006,-0.6878443360328674
3,-0.43933269383026285,-0.6542617082595825
3,-1.3979400086720375,-0.9962819218635559
3,0.4771212547196626,-0.25754255056381226
3,-0.3521825181113627,-0.718602180480957
3,0.448794056252094,-0.27454882860183716
3,1.19755483358907,0.7248132228851318
3,0.9636548325559984,0.5660591125488281
3,1.0656225647827258,0.745126485824585
3,1.1578299420813645,0.6364033818244934
3,0.6757357240908215,0.6787433624267578
3,1.259844068177789,0.6538752913475037
3,0.27147475210226535,0.37653398513793945
3,0.45185636256515416,0.4152730405330658
3,-1.343781976084931,-0.8496145009994507
3,0.4610493196492511,0.8257566094398499
3,0.7191542243137574,0.7751087546348572
3,0.70351763208674,0.7108940482139587
3,-1.4983105537896009,-1.4925150871276855
3,-1.0443762570945339,-0.8447713851928711
3,-0.5362030253104102,-0.5958533883094788
3,-0.4761902908435509,-0.5958533883094788
3,-0.7155010314710326,-0.7210095524787903
3,-0.48783189575486574,-0.5893552899360657
3,-0.8311920126834114,-0.7078515887260437
3,-0.8826144012821455,-1.2968709468841553
3,-0.3309932190414244,-0.6134222149848938
3,-2.1692364124099317,-1.6162045001983643
3,0.1636739850503961,0.7366260290145874
3,0.0,0.5267263650894165
3,0.451927270561173,0.4605180621147156
3,-0.4375301220789325,-0.1106540784239769
3,-0.9652378937407882,-0.8281823396682739
3,-1.090176630349088,-0.8343095183372498
3,-0.6555043105549281,-0.8069663643836975
3,-0.8293037728310244,-0.8306003212928772
3,-0.500602350569185,-0.7193263173103333
3,-0.46797787527979207,-0.6882728338241577
3,-0.8450980400142569,-0.7301173210144043
3,-0.6557448502907386,-0.8497076630592346
3,-0.842392146638332,-0.7984508872032166
3,-0.7569619513137056,-0.7039344310760498
3,-0.7781512503836439,-0.7363307476043701
3,-0.9868385539420288,-0.6837857961654663
3,-1.2932046581520247,-0.8498507738113403
3,-0.9234428977785232,-0.791776716709137
3,-0.445712790468038,-0.7874034643173218
3,-0.795880017344075,-0.6917212009429932
3,-1.2477844837107561,-0.9907521605491638
3,-1.207431011261928,-0.8290736079216003
3,-0.6917914197088955,-0.7568604350090027
3,-0.3099848383169075,-0.633734941482544
3,-0.5698753079565613,-0.6780835390090942
3,-0.8702087605972881,-0.6780835390090942
3,-0.3979400086720375,-0.4650731086730957
3,-1.653212513775344,-1.5344806909561157
3,-0.7403626894942441,-0.4966364800930023
3,0.0,-0.5549722909927368
3,-1.0,-0.6542630195617676
3,0.0,-0.5094613432884216
3,0.0,0.18891075253486633
3,0.3979400086720375,0.816719651222229
3,1.5228787452803374,0.41953274607658386
3,-0.5913361259361896,-0.8732158541679382
3,0.0433514207947967,-0.08851069957017899
3,-1.2314695904306818,-1.2672942876815796
3,0.30102999566398125,-0.22593308985233307
3,-0.3494856763830949,-0.2534543573856354
3,-0.3494856763830949,-0.2619549632072449
3,-0.3494856763830949,-0.2534543573856354
3,0.38021124171160636,-0.2534543573856354
3,-0.38021124171160636,-0.3290262222290039
3,-0.3494856763830949,-0.2434554547071457
3,-0.09691001300805624,-0.2636479437351227
3,-0.09691001300805624,-0.378752201795578
3,-0.4375301220789325,-0.2534543573856354
3,-0.3494856763830949,-0.2534543573856354
3,0.0,-0.3011523485183716
3,-0.24303804868629442,-0.14286400377750397
3,0.625074354750077,0.5512470602989197
3,0.0,-0.2836437225341797
3,-0.7870157984620274,-0.35338854789733887
3,-0.4375301220789325,-0.1961609572172165
3,0.0,-0.07856042683124542
3,-0.45154571957920364,-0.39448827505111694
3,0.011899223299707273,0.0036837980151176453
3,-0.3979400086720375,0.1598069816827774
3,-0.3979400086720375,-0.21592634916305542
3,0.0,-0.11388770490884781
3,0.0,-0.19989687204360962
3,-0.4375301220789325,-0.4331159293651581
3,0.0,-0.22066061198711395
3,0.0,-0.11274169385433197
3,-0.4375301220789325,-0.3310016989707947
3,-0.4375301220789325,-0.2366998791694641
3,-0.3494856763830949,-0.32530590891838074
3,-0.4375301220789325,-0.35227665305137634
3,-0.4375301220789325,-0.1669445037841797
3,-0.19896832053217395,-0.14531874656677246
3,-0.3494856763830949,-0.20905637741088867
3,-0.19896832053217395,-0.20055583119392395
3,-0.4375318721122108,-0.20055583119392395
3,0.0,-0.20055583119392395
3,-0.23855876556918343,-0.22842970490455627
3,-0.4375301220789325,-0.24977293610572815
3,-0.4375301220789325,-0.21676762402057648
3,-0.7870157984620274,-0.2006559818983078
3,-0.4375301220789325,-0.2007139027118683
3,-0.6020599913279625,-0.03019179403781891
3,-0.34948420103163524,-0.22842970490455627
3,-0.19896832053217395,-0.2198522537946701
3,-0.23855876556918343,-0.20055583119392395
3,-0.389077352590518,-0.20055583119392395
3,-0.23855876556918343,-0.1602354794740677
3,0.0,-0.09867557138204575
3,0.0,-0.24377897381782532
3,0.03959044503700948,-0.13495929539203644
3,-0.3098941018406549,-0.16537317633628845
3,-0.8266064438386556,-0.38077524304389954
3,0.30102999566398125,-0.19050325453281403
3,0.04845513955992686,-0.09484520554542542
3,-0.08804493295993954,-0.16969053447246552
3,-0.4375301220789325,-0.20910829305648804
3,0.0,-0.12947553396224976
3,-0.3494856763830949,-0.18914858996868134
3,-0.4375301220789325,-0.029591407626867294
3,-0.7870157984620274,-0.24749194085597992
3,-0.3979400086720375,-0.036181602627038956
3,-0.3979400086720375,0.003808232955634594
3,-1.1962946451439684,-1.2803634405136108
3,-1.0,-1.2577316761016846
3,-1.346787486224656,-1.0138405561447144
3,-1.8698833244772235,-1.46586012840271
3,-0.6989700043360187,-1.3265568017959595
3,-1.7781512503836439,-1.2060611248016357
3,-1.7781512503836439,-1.3153513669967651
3,-1.4738799660368604,-1.2711389064788818
3,-1.6989700043360187,-1.3456182479858398
3,-1.740362689494244,-1.4129289388656616
3,-1.6989700043360187,-1.4972174167633057
3,-1.2552725051033065,-1.4755916595458984
3,-1.3832167518513314,-1.4695484638214111
3,-1.4913616938342722,-1.434153437614441
3,-1.8061799739838875,-1.4222078323364258
3,-1.361727836017593,-1.1658475399017334
3,-1.3374592612906557,-1.3097039461135864
3,-1.3489535479811643,-1.3089120388031006
3,-1.6368220975871743,-1.229325294494629
3,-1.4722687519252506,-1.3916414976119995
3,-1.3869446243705745,-1.2082693576812744
3,-1.113943352306837,-1.2607052326202393
3,-1.1249387366083,-1.3356229066848755
3,-1.0,-1.335771083831787
3,-1.0969100130080562,-1.5976909399032593
3,-1.1499884564914762,-1.2328481674194336
3,-1.3010299956639813,-1.230960488319397
3,-1.4771212547196626,-1.2405736446380615
3,-1.2787536009528289,-1.4512131214141846
3,-0.9467544880467749,-1.1869750022888184
3,-1.4259687322722812,-1.1996376514434814
3,-1.3726051894766655,-1.3505070209503174
3,-1.3276994240014997,-1.1934646368026733
3,-0.8846065812979305,-0.8479561805725098
3,-0.9232082756993556,-1.062075138092041
3,-1.1663314217665253,-1.2542070150375366
3,-1.3010299956639813,-1.1000349521636963
3,-0.42596873227228116,-0.626111626625061
3,-0.5228787452803374,-0.7814780473709106
3,-0.8218497723919924,-1.15898597240448
3,-1.3769086061615203,-1.1869388818740845
3,-0.963147274896242,-1.1178641319274902
3,-0.8635031026969804,-0.9716690182685852
3,-1.4863861882411777,-1.3876547813415527
3,-0.661713993460503,-1.4242750406265259
3,-1.2037419073682978,-1.47457754611969
3,-1.6761217932395551,-1.5486189126968384
3,-1.4987698816821302,-1.528132677078247
3,-1.7745169657285498,-1.4875340461730957
3,-1.480881403592969,-1.4875340461730957
3,-1.5028380383052404,-1.3875632286071777
3,-1.2478509382615277,-1.4082751274108887
3,-1.548650858090097,-1.3249742984771729
3,-1.3798355303350363,-1.4688833951950073
3,-0.9661417327390325,-1.4317470788955688
3,-1.5228787452803374,-1.5790499448776245
3,-1.7558748556724915,-1.5563488006591797
3,-1.6320232147054057,-1.5152164697647095
3,-1.7781512503836439,-1.4722806215286255
3,-1.3862016054007933,-1.330446481704712
3,1.2502571681130155,0.7837761044502258
3,0.18047450544588006,0.3394961655139923
3,0.26619901390198386,0.47307920455932617
3,-0.014459282395584694,0.2160254418849945
3,0.8981814186151089,0.5262920260429382
3,0.18347207737417293,0.3360249996185303
3,0.5983321188087194,0.50216144323349
3,0.054303400524028156,0.2157757431268692
3,-0.09005152751604584,0.14329876005649567
3,0.501267424470992,0.788787305355072
3,0.24162739779117715,0.3865800201892853
3,0.2353756021490181,0.38908714056015015
3,1.2850569696875684,1.089440941810608
3,0.5976358520105602,0.6922785639762878
3,-0.04778894189133087,0.2863215506076813
3,-0.8750612633917001,-0.2527954876422882
3,-0.6020599913279625,-0.21928846836090088
3,0.0,-0.2470920979976654
3,0.0,-0.16911710798740387
3,-0.3494856763830949,-0.27570903301239014
3,-0.45154571957920364,-0.4097948968410492
3,-1.310370021918124,-0.6673039197921753
3,-0.3651474952757301,-0.5493499040603638
3,-0.8522634644019309,-0.7649682760238647
3,0.9129723757621191,0.33653393387794495
3,0.6857670331351287,0.6808283925056458
3,0.7284446902292494,0.7227044701576233
3,0.4151420387796598,0.21994712948799133
3,0.14304465902613295,-0.019582493230700493
3,0.3672038743416062,0.46702152490615845
3,0.6805956007997604,0.439983069896698
3,0.7043325400962628,0.46244311332702637
3,-0.8129133566428557,-1.1522403955459595
3,-1.2430380486862944,-1.089286208152771
3,-1.0248235837250323,-0.4510525166988373
3,-0.09691001300805624,-0.6576410531997681
3,-1.3222192947339186,-1.1451420783996582
3,-1.8512583487190746,-1.6120645999908447
3,-0.5544777313520406,-0.6514411568641663
3,-1.3631779024128257,-0.8219712972640991
3,0.2632414347745815,0.035447586327791214
3,-0.07463361829690385,0.06802631914615631
3,0.2596373105057559,0.017315056174993515
3,-1.1383026981662816,-0.8336724042892456
3,-0.5228787452803374,-0.7785988450050354
3,-0.6847295652214083,-0.9184154272079468
3,-1.0616905138872896,-0.5772080421447754
3,-0.9868927245113239,-0.758313000202179
3,-0.3215516628085835,-0.3569059371948242
3,-0.4988405044128985,-0.535588264465332
3,-0.59633038992206,-0.38923200964927673
3,0.28222643184127527,-0.4981488883495331
3,-0.71213145039399,-0.5435194969177246
3,-1.1055101847699733,-0.7271730899810791
3,-0.6966371725035474,-0.6935675144195557
3,-0.8283178598493732,-0.7321010231971741
3,-0.5228787452803374,-1.3553674221038818
3,-0.8628809888076958,-0.7901989817619324
3,-0.939135091176583,-0.8147438764572144
3,1.9138138523837167,1.869001030921936
3,1.359021942641668,1.3858166933059692
3,1.3010299956639813,1.4168037176132202
3,-0.7533276666586115,-1.110107660293579
3,-1.204119982655925,-1.5220136642456055
3,-1.4393326938302629,-1.1008731126785278
3,-0.9777236052888476,-0.9996599555015564
3,-0.8239087409443187,-1.2684611082077026
3,-1.0,-1.0274490118026733
3,-1.4819201376014313,-1.6886764764785767
3,-1.6127838567197355,-1.5453938245773315
3,-1.0211892990699383,-0.8847814798355103
3,-0.8450980400142569,-1.1522403955459595
3,-1.4471580313422194,-1.2408339977264404
3,-0.8450980400142569,-1.130368947982788
3,-1.6901960800285138,-1.0253899097442627
3,-1.4065401804339555,-1.5820693969726562
3,-1.423245873936807,-1.2690536975860596
3,-1.2552725051033065,-1.541924238204956
3,-1.2552725051033065,-1.2056655883789062
3,-1.5440680443502757,-0.7336758971214294
3,-1.871183608328498,-1.3733659982681274
3,-1.5314789170422554,-1.5023219585418701
3,-1.955206537541942,-1.480521559715271
3,-1.9934362304976112,-1.4560449123382568
3,-1.0,-1.0936329364776611
3,-1.0,-0.9089204668998718
3,0.11159708901596588,0.6722363829612732
3,-0.8224489261852765,-1.115395188331604
3,-1.1393684520309417,-1.533388614654541
3,-1.3620182368855867,-1.3345845937728882
3,-1.0,-1.533388614654541
3,-1.277548899814458,-1.3345845937728882
3,-1.995279361327416,-1.3996576070785522
3,-1.0102191651816854,-0.790553629398346
3,0.0,-0.9601068496704102
3,0.0,-0.54945307970047
3,-1.0,-0.6839588284492493
3,-0.9912260756924951,-1.0729382038116455
3,-0.7596678446896306,-0.8577342629432678
3,-0.3979400086720375,-0.7879174947738647
3,-0.4771212547196626,-0.6841678619384766
3,-0.8195439355418692,-1.1086255311965942
3,-1.0700378666077546,-1.074581265449524
3,-0.9777236052888476,-0.9448196291923523
3,-0.5331418207276597,-0.9166771769523621
3,-1.0969100130080562,-0.950228214263916
3,-0.9030899869919438,-0.8766062259674072
3,-1.0,-0.8710166811943054
3,-0.7649984701971482,-0.6800165772438049
3,-1.4161237976022498,-1.1164871454238892
3,-1.4425378337054742,-1.1659154891967773
3,-1.24177739618455,-0.9103483557701111
3,-1.4281347940287885,-1.2859596014022827
3,-1.4149733479708182,-1.253159999847412
3,-1.6993646381495449,-1.2425854206085205
3,-1.3350882209232404,-1.1829311847686768
3,-1.4592884775846455,-1.2304167747497559
3,-0.5696265473873332,-0.6991848349571228
3,-0.5056147129623305,-0.8194728493690491
3,-1.1205739312058496,-1.0708459615707397
3,-0.9731278535996983,-0.9297438859939575
3,-1.0922526548953835,-1.439945936203003
3,-1.6872316010647745,-1.238136649131775
3,-0.9700367766225568,-0.9477309584617615
3,-1.079181246047625,-0.9477309584617615
3,-1.113943352306837,-1.053937554359436
3,-1.1026623418971475,-1.1799709796905518
3,-1.1635021317476602,-1.2842538356781006
3,-2.079181246047625,-2.1210458278656006
3,-1.5051499783199063,-1.2580384016036987
3,-1.7501225267834002,-1.4014601707458496
3,-0.8239087409443187,-1.1651225090026855
3,-1.4973246408079497,-1.3067604303359985
3,-1.5177391056279266,-1.3903532028198242
3,-0.7276151857855488,-0.6989725232124329
3,-1.0,-0.8544682860374451
3,-1.0969100130080562,-0.8680548071861267
3,-1.0,-0.8780324459075928
3,-0.9488474775526186,-0.6378875374794006
3,-0.28523572848074874,-0.8279469609260559
3,-0.32658410013636985,-0.7578434348106384
3,-0.3357921019231931,-0.7725401520729065
3,-0.7380340271756607,-0.8457143902778625
3,-0.6020599913279625,-0.6994072794914246
3,-0.7569619513137056,-0.7068643569946289
3,-0.9700367766225568,-0.9258487820625305
3,-0.1733929190978749,-0.5305883288383484
3,-0.3099848383169075,-0.5659332871437073
3,-0.6709412807357751,-0.865202009677887
3,-0.48666657262589297,-0.4916107654571533
3,-1.1268732363854994,-0.6337332725524902
3,-0.49600659888003573,-0.3074789047241211
3,-0.3949397456653134,-0.5205803513526917
3,-0.5011594955871015,-0.4750691056251526
3,-1.0644579892269181,-0.7792710065841675
3,-0.3752760240360935,-0.772355854511261
3,-0.11650556907143717,-0.4315219521522522
3,-0.804386601241843,-0.5808025598526001
3,0.0315170514460652,-0.2817973494529724
3,-0.9274493328513884,-0.9408897757530212
3,-0.8519374645445623,-0.6460286974906921
3,-1.1012313867906984,-0.989375650882721
3,-0.41318565910805827,-0.5315430164337158
3,-0.8492146062090891,-0.583651602268219
3,-0.6924391371770602,-0.5690297484397888
3,-0.5473212017479971,-0.8096818327903748
3,-0.6357431045305342,-0.9843012094497681
3,-0.795880017344075,-0.8645200729370117
3,-0.6989700043360187,-0.8782247304916382
3,-0.8260748027008269,-0.9787113070487976
3,-0.3579996169848032,-0.3019132912158966
3,-1.1890562362200487,-1.1633743047714233
3,-0.8450980400142569,-1.1280332803726196
3,-1.3010299956639813,-0.5717166066169739
3,-1.3010299956639813,-1.1322455406188965
3,-1.4933584535903481,-1.0130186080932617
3,-1.079181246047625,-1.085451602935791
3,-0.8860566476931631,-1.1600830554962158
3,-1.3735806628125928,-1.5084656476974487
3,-1.5642714304385628,-1.5084656476974487
3,-1.7160033436347994,-1.4372631311416626
3,-1.3010299956639813,-1.3018897771835327
3,-0.8450980400142569,-1.2129713296890259
3,-1.0377885608893997,-1.2554906606674194
3,-1.5228787452803374,-1.2132304906845093
3,-1.010723865391773,-1.146045207977295
3,-1.0413926851582254,-1.1397370100021362
3,-1.3802112417116064,-0.8578671216964722
3,-1.0,-0.8691989779472351
3,-0.7611179110848632,-1.4150482416152954
3,-1.3565473235138121,-1.3219563961029053
3,-1.3010299956639813,-1.5959036350250244
3,-1.3010299956639813,-1.5978398323059082
3,-1.6020599913279625,-1.5846667289733887
3,-1.5994358475018133,-1.5216763019561768
3,-1.5468790216841048,-1.3235867023468018
3,-0.8381491800589291,-0.8963199853897095
3,-1.1760912590556813,-1.2298728227615356
3,-0.7569619513137056,-1.2226001024246216
3,-0.770033360161464,-1.0998380184173584
3,-1.436692597664054,-1.2897011041641235
3,-1.6575773191777934,-1.4711592197418213
3,-0.9110589166632197,-0.8006582260131836
3,-0.5772364076029302,-0.5977414846420288
3,-1.1850461017086076,-1.008531928062439
3,-1.0321846833714012,-0.7042080760002136
3,-0.9542425094393252,-0.776764452457428
3,-0.9440712135860867,-0.6736496090888977
3,-0.5402528413497603,-0.6309033632278442
3,0.5947607525864633,0.3664824664592743
3,-0.3979400086720375,-0.05642276629805565
3,-0.7119349815003861,-0.9088760614395142
3,-0.5479894658633686,-0.32893136143684387
3,-0.1249387366082999,-0.1595582365989685
3,-0.17016627654567706,-0.16379065811634064
3,0.0,-0.41353827714920044
3,-0.558351063442557,-0.6697187423706055
3,-0.41841559438183484,-0.45371851325035095
3,-0.15490195998574308,-0.033690836280584335
3,-0.15490195998574308,-0.17447061836719513
3,0.0,0.017770754173398018
3,0.0,0.13004758954048157
3,-0.7708520116421447,-0.7384026646614075
3,-0.8086687743875824,-0.8381492495536804
3,-0.5606673061697371,-0.8381492495536804
3,-0.3979400086720375,0.1324305534362793
3,0.4771212547196626,0.7739670872688293
3,1.0910804693473324,1.038353681564331
3,1.2787536009528289,0.5401839017868042
3,0.0,0.07872544229030609
3,0.0,-0.1551973819732666
3,-0.7509990043400281,-0.7705830335617065
3,-1.0713559085356685,-0.896163821220398
3,-1.0289636959353174,-0.8819571137428284
3,-0.8750612633917001,-0.9958764314651489
3,-0.9692196654089775,-0.6764823198318481
3,0.0,-0.25645434856414795
3,0.6690067809585756,0.6687246561050415
3,0.8750612633917001,1.1611881256103516
3,0.9281179926938741,0.6219387650489807
3,-0.22184874961635614,-0.7942877411842346
3,0.0,-0.1030140072107315
3,-0.9119546794676916,-0.4822312295436859
3,-0.8890752499668562,-0.5589399933815002
3,-0.22184874961635614,-0.6579711437225342
3,0.0,-0.4628370702266693
3,-0.5565946956038967,-0.2080058455467224
3,-0.5246297603136751,-0.372287392616272
3,-0.2263963773670774,-0.6875733137130737
3,-1.0969100130080562,-0.6780835390090942
3,-1.1818435879447726,-0.8486706018447876
3,-0.7670858242334839,-0.8778073787689209
3,-0.6941175015416068,-0.7883338332176208
3,0.026714669702411875,-0.20323902368545532
3,-0.042146450719561024,-0.0928751602768898
3,-0.8543441617725991,-0.6195809245109558
3,-0.8379194553871336,-0.6332598924636841
3,-0.15970084286751174,-0.46944376826286316
3,-0.6585413472804102,-0.7304609417915344
3,-0.5301779840218366,-0.6966633200645447
3,-0.3716110699496884,-0.7562929391860962
3,-0.6320232147054057,-0.6399511694908142
3,-0.3777366225837504,-0.6840795278549194
3,-0.034762106259211834,0.22664745151996613
3,-0.7191733904243058,-0.6369574069976807
3,-0.43572856956143724,-0.7025601863861084
3,-0.5228787452803374,-0.5918112397193909
3,-0.29299404006743934,-0.38162901997566223
3,-0.8545395962470979,-0.8267036080360413
3,-0.7993405494535821,-0.9408056735992432
3,-1.0511525224473814,-1.1541599035263062
3,-0.7626390842053965,-0.7193263173103333
3,-0.5563025007672868,-0.7039312720298767
3,-0.6434526764861879,-0.8147406578063965
3,-0.7873919071185558,-0.8631402850151062
3,-0.1439065756842801,-0.3735557496547699
3,-1.42142110452156,-1.1889865398406982
3,-0.7388415163737116,-0.6498693227767944
3,-0.5470124249970567,-0.5293331146240234
3,-0.7569619513137056,-0.7396077513694763
3,-1.079181246047625,-0.9816482663154602
3,-0.8065288404555222,-1.1636162996292114
3,-2.0413926851582254,-1.433768630027771
3,-0.6225816584725639,-0.8529104590415955
3,-0.595429412428949,-0.5377293825149536
3,-0.31742041185215,-0.6499707698822021
3,-0.3129292189636885,-0.8115041255950928
3,-0.8291099346301269,-0.9490880966186523
3,-1.1938200260161125,-0.8869396448135376
3,-0.5289528929925318,-0.7490558624267578
3,-0.32330639037513365,-0.5618130564689636
3,-0.3419886033428874,-0.3938428461551666
3,-0.38997107900076156,-0.6994208097457886
4,-0.5290390539851559,-0.5235987901687622
4,-0.7439371498525418,-0.9178712368011475
4,-0.5228787452803374,-0.5545961260795593
4,-0.1870866433571443,-0.23788850009441376
4,-1.2332782113971374,-1.256624460220337
4,-1.7318572625565913,-1.2554432153701782
4,-1.2928096654172903,-1.1550204753875732
4,-0.9829666607012193,-0.46436938643455505
4,-1.5543957967264026,-1.0110905170440674
4,-1.0441226751758466,-0.9714126586914062
4,-0.18298277912757221,0.039199501276016235
4,-0.1797179563893998,-0.07329153269529343
4,0.0,0.12102092057466507
4,0.7519810160233398,0.11896274238824844
4,0.8322608153090849,0.23097094893455505
4,0.0,-0.05930140241980553
4,-2.002705893375925,-0.7337469458580017
4,-1.0,-0.25155290961265564
4,-0.671257016468986,-0.5212966203689575
4,0.13214362297518534,0.2790425717830658
4,-2.4569178686313755,-1.6429762840270996
4,-1.2382391658045258,-1.2730015516281128
4,-0.9303640718586061,-0.8980580568313599
4,-0.1367931572585741,0.2701098620891571
4,-1.332438459915605,-1.0965369939804077
4,-0.6780360975003754,-1.1410460472106934
4,-0.4175355647354184,-0.6219362020492554
4,-2.5051499783199063,-2.3257594108581543
4,-0.9033833301181948,-1.1470694541931152
4,-0.3646990755333581,-0.5265129804611206
4,-0.8450980400142569,-0.726935863494873
4,-0.4771212547196626,-0.9414041042327881
4,0.0,-0.8189154863357544
4,-1.3847117429382827,-0.7970203161239624
4,-0.14709636268341697,-0.2024417370557785
4,-0.19957235490520375,-0.33674106001853943
4,-0.338818556553381,-0.44766008853912354
4,-0.4771212547196626,-0.3843225836753845
4,-0.034762106259211834,-0.17288585007190704
4,-1.2552725051033065,-1.6253489255905151
4,-0.7869251746911488,-0.6554768085479736
4,-1.7795964912578244,-1.3377095460891724
4,-1.1760912590556813,-1.1795654296875
4,-0.3679767852945943,-1.1101479530334473
4,-0.30102999566398125,-1.146957516670227
4,-0.4884349200774407,-1.1314040422439575
4,-1.433434301963639,-1.0498254299163818
4,-1.431363764158987,-1.1974900960922241
4,-1.7652959296980564,-1.3538541793823242
4,-1.2261701233989983,-1.3579527139663696
4,-1.3449848975868068,-0.5052646994590759
4,0.09311702399091715,0.33890300989151
4,-0.1433186148870309,-0.6022586822509766
4,-1.0116857583251946,-0.7005693912506104
4,-0.19904045712664953,-0.39620184898376465
4,-0.20411998265592501,-0.5470997095108032
4,-0.2833012287035501,-0.2894614338874817
4,-0.28254658996996795,-0.6543633341789246
4,0.04139268515822536,-0.1821390986442566
4,-0.12057393120585047,-0.35315799713134766
4,-0.5034501934420117,-0.6908510327339172
4,-0.46488679830265056,-0.5725312232971191
4,-1.1064553309142866,-0.5892331004142761
4,-0.9138138523837167,-0.8891879916191101
4,-1.0690809191432988,-0.9321098327636719
4,-1.3152704347785908,-0.8924428224563599
4,-1.0703799654690078,-0.697313129901886
4,0.02996322337744317,-0.05534795671701431
4,0.09691001300805624,0.015251951292157173
4,-1.3473300153169498,-1.2848877906799316
4,-0.9731278535996983,-0.8123435974121094
4,-0.7501225267834002,-0.9753435850143433
4,-0.5514482552146358,-0.34177249670028687
4,-0.17512315178277404,-0.4824201464653015
4,-0.17609125905568135,-0.32043272256851196
4,-0.25527250510330646,-0.35207822918891907
4,-0.4771212547196626,-0.4361863434314728
4,-0.6115358832118396,-0.9044593572616577
4,-0.7367585652254185,-0.45339450240135193
4,-0.41325676675614353,-0.4361863434314728
4,-0.338818556553381,-0.28317388892173767
4,-0.39280036901962667,-0.3143881559371948
4,-0.40414195383817475,-0.30762046575546265
4,-0.30102999566398125,-0.3417930006980896
4,-0.44090908206521817,-0.3049834370613098
4,-0.31361912297200156,-0.49120673537254333
4,0.1014576407587775,-0.393849641084671
4,-0.5642714304385628,-0.3777255415916443
4,-0.41912930774197577,-0.3409159779548645
4,-0.5265715825475104,-0.7957257032394409
4,-1.5797835966168101,-1.504415512084961
4,-0.8166095022028195,-1.1159083843231201
4,-1.0211892990699383,-1.1985132694244385
4,-1.249198357391113,-1.5022480487823486
4,-1.3324384599156058,-1.2942845821380615
4,-1.3222192947339195,-1.3505442142486572
4,1.0,0.5436786413192749
4,-1.2769917547965424,-1.2513833045959473
4,-0.23408320603336819,-0.2526688575744629
4,-0.15490195998574308,0.12436674535274506
4,-0.15490195998574308,0.04664728045463562
4,-0.15490195998574308,-0.22179357707500458
4,-0.5464143572130373,-0.40313878655433655
4,-0.8450980400142569,-1.3439327478408813
4,-1.5498819796628904,-1.5830886363983154
4,-0.8004276450947962,-0.7003888487815857
4,0.009651385676180624,-0.3090134561061859
4,-0.23303291656887026,-0.5832067728042603
4,-0.31626996222071835,-0.4515296220779419
4,-0.4375301220789325,-0.23763002455234528
4,-0.9777236052888476,-0.9847407341003418
4,0.15381486434452896,-0.3578784167766571
4,0.0,-0.2876015603542328
4,-0.06685308651808874,-0.17490868270397186
4,-0.330413773349191,-0.3148235082626343
4,-0.5228787452803374,-0.5834134221076965
4,0.0,0.03164253756403923
4,-1.0,-1.5351946353912354
4,-0.8056199552320082,-0.47483327984809875
4,0.0,-0.13167054951190948
4,-0.21329251923852954,-0.41794994473457336
4,-0.1839883267857534,-0.40502429008483887
4,-0.6644710271256944,0.03325924649834633
4,0.0,-0.0786224827170372
4,-0.9432471251378614,-1.147558569908142
4,-1.0,-0.9673524498939514
4,-0.6451393984881904,-0.5575665831565857
4,-0.6005039363422631,-0.5136858820915222
4,-0.5668556299573106,-0.6142899990081787
4,-0.7822037943948406,-0.5591362118721008
4,-0.9864663590173546,-0.6323598027229309
4,-1.0780886807370527,-0.9291401505470276
4,0.0,-0.04509318247437477
4,-0.7447274948966935,-0.42963045835494995
4,-0.8372727025023003,-0.9551485776901245
4,-0.5797835966168101,-0.3430861830711365
4,-0.29082294328872216,-0.24806329607963562
4,-0.5676910896966998,-0.5246126651763916
4,-0.1760901421709571,-0.00044934151810593903
4,0.2976264769925141,-0.30558672547340393
4,-1.4191293077419758,-1.2850227355957031
4,0.13797879622796838,0.24382120370864868
4,-0.5630018391753735,-0.5523430705070496
4,-1.3873898263387296,-1.428245186805725
4,-0.4592806758172898,-0.393266499042511
4,-0.5880466034577374,-0.42606064677238464
4,-0.3864601909886076,-0.44286367297172546
4,-0.30102999566398125,-0.43753334879875183
4,-1.7883704155653293,-1.5290883779525757
4,-0.8908555305749326,-0.8667958974838257
4,-2.079181246047625,-1.7466233968734741
4,-1.3222192947339195,-1.4582772254943848
4,-1.6478174818886373,-1.5673391819000244
4,-0.7426789322214251,-0.8390589356422424
4,-0.37911315141255475,-0.4060540795326233
4,-0.6989700043360187,-0.695953369140625
4,-1.3222192947339195,-1.4639792442321777
4,-0.41017446508904953,-0.5756424069404602
4,-1.3424226808222066,-1.2118377685546875
4,-0.7781512503836439,-1.208914041519165
4,-1.2604121447557173,-1.087453842163086
4,-0.30102999566398125,-0.23104418814182281
4,-1.3010299956639813,-1.527747392654419
4,-0.2325726150081291,-0.060665812343358994
4,-1.5096504795465817,-1.523661494255066
4,-0.6901075211259622,-0.2143513262271881
4,-0.7717511358193772,-0.769129753112793
4,-0.45229767099463025,-0.7407564520835876
4,-0.3532285486607716,-0.3332364559173584
4,-0.5234987817733794,-0.4825783669948578
4,-1.7853298350107671,-1.6405134201049805
4,-1.2039547801153212,-0.8874603509902954
4,0.5521687110873836,0.2597695589065552
4,-0.8509669736783545,-1.0725739002227783
4,-1.3687516195445548,-1.4288228750228882
4,0.0,-0.032586392015218735
4,0.0,0.04642326757311821
4,0.0,0.04642326757311821
4,-1.1760912590556813,-1.4528042078018188
4,-1.3977531751643584,-1.3683195114135742
4,0.15841180143105582,0.04946503788232803
4,-1.7734729881058726,-1.4288228750228882
4,-0.5901452216989629,-0.765217125415802
4,-1.3881801713828814,-1.2951282262802124
4,-1.0,-1.2273918390274048
4,-0.363476284067918,-0.12345653027296066
4,0.432627035929956,-0.0003943692718166858
4,-1.296513894499017,-1.1175132989883423
4,-0.4704906758206491,-0.6071339845657349
4,-0.15970084286751174,-0.6121749877929688
4,-0.2457271871970752,-0.10066654533147812
4,-0.2604121447557173,-0.476435124874115
4,-0.8684581793160246,-0.5278521776199341
4,-0.4375301220789325,-0.4776393473148346
4,-0.7364746198201395,-0.7130192518234253
4,-0.8263148107101967,-0.7458188533782959
4,-0.653212513775344,-0.5726292133331299
4,-0.6744018128452813,-0.6059255003929138
4,0.22892721677880523,0.6714919209480286
4,-2.0465761420413546,-2.0061798095703125
4,-0.6320232147054057,-0.8659167885780334
4,-0.5274263730310587,-0.7325018644332886
4,-0.6368220975871743,-0.489169716835022
4,-0.9693311802335476,-0.7126486301422119
4,-0.7094354380141841,-0.5635290145874023
4,-1.0248235837250323,-1.131060004234314
4,0.1269361523324415,-0.14237961173057556
4,-0.7481880270062007,-0.481808602809906
4,0.1845244265925441,-0.305133581161499
4,0.058942442808219475,-0.24779045581817627
4,0.03799098199858886,-0.21347716450691223
4,-0.6860692196899709,-0.32765597105026245
4,0.0,0.09087059646844864
4,-0.22902919426901924,-0.3872685730457306
4,0.795880017344075,1.0055391788482666
4,0.0,-0.019554054364562035
4,0.7403626894942441,0.06539114564657211
4,-0.9384482422560927,-1.1902858018875122
4,0.0,-0.2701720893383026
4,0.0,0.1979420781135559
4,1.0,0.16030152142047882
4,0.0,0.3589498996734619
4,0.7403626894942441,0.1901797503232956
4,0.0,-0.2704877257347107
4,-1.1505139038522927,-1.49424147605896
4,-1.0,-1.2098196744918823
4,0.0,0.2064896523952484
4,0.5228787452803374,0.8629094362258911
4,-0.42527992248172986,-0.5065710544586182
4,-1.281790637678311,-1.2980331182479858
4,-1.8211858826088445,-1.2228412628173828
4,-1.074000733543845,-1.4480321407318115
4,-2.9475351254323376,-2.5977730751037598
4,-2.6106601630898796,-2.3221511840820312
4,-1.8477116556169433,-2.270364761352539
4,-0.7006057670302788,-0.6167706251144409
4,0.6066883955100337,-0.2868644893169403
4,0.10067016188136257,-0.1324407160282135
4,-0.5456835247569929,-0.6350027918815613
4,0.0,-0.06360333412885666
4,-0.9030899869919438,-0.7985637187957764
4,-3.137775961313472,-2.8089089393615723
4,-2.8456774857064904,-2.8813328742980957
4,-1.9355420107730819,-2.3232030868530273
4,-3.1303337684950057,-2.799442768096924
4,-2.446673056996006,-2.8311312198638916
4,0.0,0.32395440340042114
4,0.0,-0.023145632818341255
4,0.0,0.06278034299612045
4,0.0,0.02844606153666973
4,0.0,0.03705239295959473
4,-0.7403626894942441,0.03705239295959473
4,0.0,0.02844606153666973
4,-0.7008541482105697,-0.6497934460639954
4,-0.5314789170422554,-0.6581948399543762
4,-0.2181760471203864,-0.5506159067153931
4,-0.6307051727774926,-0.5988541841506958
4,-0.6337032728234266,-0.6647735834121704
4,-0.6838186602633982,-0.6973519921302795
4,-0.7601281462503708,-0.5557631850242615
4,-0.644612342013426,-0.649246096611023
4,-0.6892101670468618,-0.5463659167289734
4,-0.70351763208674,-0.6167706251144409
4,-0.6670524969077736,-0.6167706251144409
4,-0.8029748341086753,-0.7050989866256714
4,-0.5488575876661921,-0.5251112580299377
4,-0.6916707655945196,-0.5635229349136353
4,-0.7303784685876433,-0.6502552032470703
4,-0.5760234477435038,-0.5070980787277222
4,-0.3708529182030551,-0.41729819774627686
4,-0.8357691602338235,-0.4918462038040161
4,-0.134698573897456,-0.32372787594795227
4,-0.57945220058249,-0.5944843292236328
4,-0.6989700043360187,-0.5203394889831543
4,-1.1461280356782382,-1.1346168518066406
4,-1.2552725051033056,-1.23259699344635
4,0.7738298766010017,0.8108185529708862
4,-1.3010299956639813,-0.8321887254714966
4,-1.0,-1.0831215381622314
4,-1.3010299956639813,-1.0982074737548828
4,0.7708735973913923,0.3179783225059509
4,0.5178506777497747,0.5823949575424194
4,-0.7403626894942441,-1.0785034894943237
4,-0.3494856763830949,-0.18467624485492706
4,-0.6110148339808887,-0.2687327563762665
4,-0.20647388804940192,-0.41267889738082886
4,0.023481095849522404,-0.4367981553077698
4,-0.09426991684184749,-0.3389703929424286
4,-1.3853508813640172,-1.3148784637451172
4,-1.1249387366083,-1.358336329460144
4,-0.6963823433623775,-0.38875892758369446
4,-1.0362121726544444,-0.7123000621795654
4,-0.10178430078313117,-0.15736033022403717
4,-0.1938820458332895,-0.3628433644771576
4,-0.9005771864510876,-0.5516294836997986
4,-1.64777405026883,-1.2880887985229492
4,-1.2331297600260456,-0.9328296184539795
4,-0.4375301220789325,-0.28001123666763306
4,0.4149733479708182,-0.060665812343358994
4,-0.21170911826547645,-0.4192620813846588
4,-0.7439371498525418,-0.36997440457344055
4,-0.9911365396686938,-0.5093307495117188
4,-0.7533276666586115,-0.4626694321632385
4,-0.5593080109070119,-0.4937179982662201
4,-0.20411998265592501,-0.5381405353546143
4,-0.6154239528859442,-0.6679808497428894
4,-0.9145698046753736,-0.5467469096183777
4,-0.42596873227228116,-1.0436747074127197
4,-0.8353382027251008,-0.6060912609100342
4,-0.338818556553381,-0.6475600600242615
4,-0.5554079701072574,-0.7051957845687866
4,-0.6557448502907395,-0.5920087695121765
4,-0.6464409530598338,-0.4025929272174835
4,-0.06694678963061307,-0.48728594183921814
4,-0.383699569557427,-0.6404465436935425
4,-0.32658410013636896,-0.4504763185977936
4,-0.3120253799654442,-0.6055445671081543
4,-0.4771212547196626,-0.47700414061546326
4,-1.3256524705723134,-1.4269026517868042
4,-1.3601514477826377,-1.0935618877410889
4,-0.7337321105952306,-0.8757599592208862
4,-1.204119982655925,-1.0654796361923218
4,-0.5963076624388712,-1.0458085536956787
4,-0.11092642354980953,-0.22770017385482788
4,0.0,-0.20589594542980194
4,-1.6020599913279625,-1.5242533683776855
4,-0.8278390345727509,-0.8916856050491333
4,-0.9852767431792939,-1.30544114112854
4,-0.7870157984620274,-0.8223357796669006
4,-1.0222763947111524,-1.0516221523284912
4,-0.21329094598109144,-0.6183712482452393
4,-1.241141103017112,-1.2668447494506836
4,-0.7781512503836439,-1.2488255500793457
4,-0.5414009255363963,-0.3579874634742737
4,-0.7289332277134619,-0.7701990008354187
4,-0.338818556553381,-0.7223638296127319
4,-0.7942978863342001,-0.6933485269546509
4,0.0,-0.3400397002696991
4,0.0,-0.8080232739448547
4,0.0,-0.4963148534297943
4,-0.5558880976042575,-0.3759838938713074
4,-0.6604630074152817,-0.6574904918670654
4,-0.6000814253458744,-0.5984735488891602
4,-0.4912657277567858,-0.6448901891708374
4,-0.6687167679381805,-0.6294092535972595
4,-0.4794879879987697,-0.6208028793334961
4,-0.6730600665934965,-0.62579345703125
4,-0.8792478601408895,-0.8035632371902466
4,-0.8975808922071673,-0.7067531943321228
4,-0.4401601843605114,-0.6706503629684448
4,-0.7335624974386512,-0.756565272808075
4,-0.6053501167750124,-0.7562137246131897
4,-0.7565949935547343,-0.676694929599762
4,-1.073535741530467,-0.6706503629684448
4,-0.5253393438279943,-0.47471487522125244
4,-0.43648485095743617,-0.73665851354599
4,-0.6606728025742257,-0.6244863867759705
4,-0.4404382382929528,-0.6892637014389038
4,-0.9241466973013024,-0.6657017469406128
4,-0.9837323872855466,-0.46332770586013794
4,-0.7132104434506292,-0.8233194351196289
4,-0.6989700043360179,-0.7279203534126282
4,-0.8308102740885168,-0.5436608791351318
4,-0.5285771613791042,-0.8315069675445557
4,-0.5867122994868081,-0.6164879202842712
4,-1.5039144313075985,-1.6417486667633057
4,-1.4465112784573861,-1.546890139579773
4,-1.647232460848894,-1.3991283178329468
4,-1.4573771965239048,-1.4849086999893188
4,-1.4832815634244811,-1.4212850332260132
4,-1.4097207554469229,-1.341846227645874
4,-1.1760912590556813,-1.3780922889709473
4,-1.5725812013324862,-1.391043782234192
4,-1.782353164811413,-1.7486681938171387
4,-1.357934847000454,-1.4378186464309692
4,-1.6174663223693626,-1.4856603145599365
4,-1.2863067388432743,-1.3514548540115356
4,-1.5993371329924884,-1.456707239151001
4,-1.5178207322576007,-1.432660460472107
4,-1.5440680443502757,-1.3881698846817017
4,-1.6515389298857777,-1.4829294681549072
4,-1.3765769570565123,-1.3921983242034912
4,-1.4842998393467859,-1.5511021614074707
4,-1.3354307920172426,-1.3503633737564087
4,-1.4259687322722812,-1.3159105777740479
4,-1.4847742189481874,-1.35854971408844
4,-1.0832401025244938,-1.3159105777740479
4,-1.3877643796020518,-1.340277075767517
4,-1.8388490907372557,-1.5854047536849976
4,-1.7160033436347994,-1.4068924188613892
4,-1.897627091290441,-1.613705039024353
4,-1.8139896756123504,-1.7662560939788818
4,-1.423245873936808,-1.3305388689041138
4,-1.4496001810683996,-1.3478248119354248
4,-0.16744070218066032,-0.43382811546325684
4,1.5163745538673359,1.1557962894439697
4,1.8716854964785021,1.3122856616973877
4,1.6812412373755876,0.9816169738769531
4,-0.4658402443099732,-0.5902693867683411
4,-0.7373149964122385,-1.0119646787643433
4,-0.2373609157946035,-0.35150009393692017
4,0.15490195998574308,-0.13292226195335388
4,-1.0474246499281383,-0.7188814878463745
4,-0.38021124171160636,-0.4731431305408478
4,-1.086579968120656,-1.1361995935440063
4,0.0,-0.13433586061000824
4,-0.6275071135404424,-0.5793887376785278
4,0.2905645619858168,-0.3630515933036804
4,0.2730012720637376,0.06315352767705917
4,-0.3669365584933164,-0.18580763041973114
4,0.0,-0.3446062505245209
4,0.7403626894942441,-0.5345249772071838
4,-0.7403626894942441,-0.2584400177001953
4,-0.7403626894942441,-0.38612133264541626
4,-0.6275071135404424,-0.5463659167289734
4,-0.6068237811240262,-0.6565268039703369
4,-0.795226451408988,-0.6328875422477722
4,-0.6460644209324,-0.6167706251144409
4,-0.6696394023113736,-0.4548332095146179
4,-0.59462441779272,-0.517909049987793
4,-0.661442830443316,-0.5967351198196411
4,-0.4442111533220441,-0.5421927571296692
4,-0.8368892194911561,-0.6063039302825928
4,-0.18920560663662211,-0.4055311977863312
4,-0.644168069370231,-0.5957141518592834
4,-0.3316699538599357,-0.22513309121131897
4,-0.9140853712934067,-0.7046756148338318
4,-0.18364439694612766,-0.3136914074420929
4,-0.15209098265191479,-0.18361796438694
4,0.2924298239020633,-0.028949009254574776
4,-1.795880017344075,-1.2581440210342407
4,0.5514499979728749,1.270717740058899
4,-1.9456423376774072,-0.5690549612045288
4,0.0,-0.4146196246147156
4,0.0,-0.5117114782333374
4,0.0,-0.4855092167854309
4,0.0,-0.5074706077575684
4,0.0,-0.17472794651985168
4,0.3800615256317279,-0.2010987251996994
4,-1.2552725051033065,-1.1434688568115234
4,-1.7481880270062007,-1.2665916681289673
4,-1.230448921378274,-1.329551100730896
4,-1.359021942641668,-1.248558759689331
4,-0.2507557232265212,0.5644206404685974
4,-0.28254658996996795,-0.4999069571495056
4,-0.91832995354868,-0.5012118816375732
4,-0.653212513775344,-0.502869725227356
4,-0.9373297907445419,-0.8632715940475464
4,0.012988632912040998,-0.38420119881629944
4,-0.6783300974733155,-0.6505757570266724
4,-0.4375301220789325,-0.10567627102136612
4,-0.7533276666586115,-0.8241606950759888
4,-0.18184358794477262,-0.4633435904979706
4,-1.276206411938949,-1.2313063144683838
4,0.5581704972089012,0.6435078978538513
4,-1.46344155742847,-1.4728211164474487
4,-1.0457574905606748,-1.3251457214355469
4,-1.8143955918082888,-1.2361375093460083
4,-0.781944239400783,-0.7538236379623413
4,-0.35001645635485445,-0.7887731194496155
4,-2.5672978850687507,-1.7315090894699097
4,-1.359021942641668,-1.5742298364639282
4,-0.5105450102066129,-0.7325140833854675
4,-1.4980283540813364,-1.7411775588989258
4,-1.442513126296456,-1.4249794483184814
4,-0.5606673061697371,-0.614421546459198
4,0.0,-0.016386978328227997
4,0.8265328847704678,0.9015690684318542
4,0.73797776048103,0.7902772426605225
4,0.8167063456599948,0.9015690684318542
4,-0.30102999566398125,-0.07716532796621323
4,-1.0636252095241812,-1.2840442657470703
4,-1.120162472641768,-1.3785746097564697
4,-1.3010299956639813,-1.3001850843429565
4,0.0,-0.1924600750207901
4,-1.2671717284030137,-1.2478864192962646
4,1.7508642767193097,1.5249203443527222
4,-1.3521825181113627,-1.3137526512145996
4,-0.22724378150306102,0.5109744668006897
4,0.00465735811267276,0.0009927039500325918
4,-0.10661949439456464,0.5824028849601746
4,-0.5533333447033018,0.5589354038238525
4,-1.0234810958495224,-0.8718313574790955
4,-0.22184874961635614,-0.45057132840156555
4,-0.23855876556918343,-0.20589594542980194
4,-1.3187587626244124,-1.1492085456848145
4,-1.204119982655925,-1.4560668468475342
4,-0.7191733904243058,-0.647881031036377
4,-1.3521825181113627,-1.2726380825042725
4,0.0,-0.028949009254574776
4,-1.2654916702849928,-1.3360579013824463
4,-1.3446105669703812,-1.4589998722076416
4,-0.5740312677277188,-0.5362511873245239
4,-1.40823996531185,-1.3815410137176514
4,-1.4711190636776532,-1.481803059577942
4,-1.092545207605606,-1.2028728723526
4,-0.8465519900897043,-1.3001850843429565
4,0.0,-0.4046050012111664
4,-1.4522976709946303,-1.2776257991790771
4,1.113943352306837,1.125024437904358
4,0.0,-0.19586320221424103
4,-0.4966769233397832,-0.7419295310974121
4,-1.1111504521226667,-1.3470444679260254
4,-0.7403626894942441,-0.6603016257286072
4,-2.6368220975871743,-2.591238021850586
4,-2.177791043933576,-2.3561174869537354
4,-2.3039944746277206,-2.0885164737701416
4,-1.9942476711109087,-1.997380256652832
4,0.07058107428570715,0.022091204300522804
4,-0.15490195998574308,-0.2476341277360916
4,0.0,-0.2774065434932709
4,-1.6434526764861879,-1.4528042078018188
4,0.2689756201843121,0.15991945564746857
4,0.436497728992185,0.2548685669898987
4,0.2938683224864773,0.34398123621940613
4,-0.2152181707173435,0.16522462666034698
4,0.06299448495434934,0.3245988190174103
4,1.0058452360414192,0.4918636977672577
4,0.899437812098463,0.3128546178340912
4,0.0,0.40243420004844666
4,0.5661474354373173,0.6390109658241272
4,0.12666575210534692,0.4118749797344208
4,0.25735341006126333,0.2967301607131958
4,0.0,-0.12298370152711868
4,0.0,-0.09440732002258301
4,-0.24303804868629442,-0.10534878075122833
4,0.0,-0.12231629341840744
4,-0.15490195998574308,-0.14826270937919617
4,-1.1249387366083,-1.122220516204834
4,0.9355691221959512,0.21954034268856049
4,0.431798275933005,-0.1433285027742386
4,-0.6567290874981806,-1.1384267807006836
4,1.096694885284169,0.4896889328956604
4,0.7232996763759854,0.5346782207489014
4,-1.0959947450572747,-1.1380928754806519
4,-0.6989700043360187,-1.1325443983078003
4,-0.45285267999272527,-0.8032684326171875
4,-0.5440680443502757,-0.8938438892364502
4,-0.5320221247202079,-0.5104504823684692
4,-0.6630574484453744,-0.6445311903953552
4,-0.8398968463284486,-0.5463830232620239
4,-1.4771212547196626,-0.8830475211143494
4,-0.7998705000768798,-0.483045369386673
4,-0.23288017345826617,-0.4060286581516266
4,-0.41586132472979465,-0.3984034061431885
4,-1.0457574905606748,-1.4555890560150146
4,0.0,-0.13421373069286346
4,0.0,-0.04201938584446907
4,-1.8822398480188234,-1.2619832754135132
4,-0.7990851572192863,-0.8983308672904968
4,-0.4771212547196626,-1.1666617393493652
4,-1.3010299956639813,-1.0956999063491821
4,-1.0,-0.8501411080360413
4,-0.8494850736397348,-0.8501411080360413
4,-0.30102999566398125,-1.289856195449829
4,-0.30102999566398125,-1.178342580795288
4,-1.0,-1.1144838333129883
4,-1.3010299956639813,-1.193398356437683
4,-2.1505139038522927,-1.1672382354736328
4,-2.1505139038522927,-1.0710854530334473
4,0.07058107428570715,-0.5417657494544983
4,-0.30102999566398125,-0.5118876099586487
4,-0.9777236052888476,-0.8595019578933716
4,-1.153814864344529,-1.302722692489624
4,-1.6232492903979008,-1.4887686967849731
4,-0.6077703005293511,-0.5379301309585571
4,-0.5897068914238304,-0.5897208452224731
4,-0.653212513775344,-0.6757386922836304
4,-1.6989700043360187,-1.6250635385513306
4,-0.6766936096248664,-0.7710252404212952
4,-0.9542425094393252,-1.0022692680358887
4,-0.2996534668351778,-0.5699319839477539
4,0.0,-0.1400216519832611
4,-0.3979400086720375,-0.18910270929336548
4,-0.3979400086720375,-0.2522887587547302
4,0.0,-0.25407639145851135
4,-1.6989700043360187,-1.734262228012085
4,-1.5481846105451078,-1.6080321073532104
4,-1.8129133566428557,-1.8617972135543823
4,-1.6368220975871743,-1.726388692855835
4,0.6020599913279625,1.0619577169418335
4,-0.6125209233089581,-0.6888501048088074
4,-0.627365856592732,-0.9535438418388367
4,-0.3444956894450719,-0.5295723080635071
4,-0.8239087409443187,-0.9215404391288757
4,-1.079181246047625,-0.8743829727172852
4,-0.7403626894942441,-0.8242844939231873
4,-1.848958460827495,-1.4555890560150146
4,-1.5499369780143732,-1.393206238746643
4,-1.403195148632295,-1.2242146730422974
4,1.0118871597316481,0.47754016518592834
4,-0.30102999566398125,0.07241720706224442
4,0.4189453307158164,0.2745346128940582
4,1.07217449708601,1.043292760848999
4,0.0,-0.4929291009902954
4,0.6544324428974422,0.5520769953727722
4,0.543994441353421,-0.18336616456508636
4,1.0,-0.2130459100008011
4,1.2430380486862944,0.6505233645439148
4,-1.6005061632593414,-1.5424973964691162
4,-1.2976237469720697,-0.5550839304924011
4,-1.0,-0.33011072874069214
4,0.0,0.7556018829345703
4,-1.3787006506863673,-1.5771465301513672
4,-1.3891660843645326,-1.5168688297271729
4,-1.361727836017593,-1.4488449096679688
4,0.0,-0.07941677421331406
4,-2.1564415819277523,-1.3642405271530151
4,-0.39449776226101996,-0.3542056083679199
4,-0.16258878865203474,-0.5315055251121521
4,-0.9477603819114044,-1.3813763856887817
4,-0.04324165741713237,-0.048140816390514374
4,-0.05435766232259276,0.12900729477405548
4,-0.374137093999412,-0.429378867149353
4,-0.11229725627967468,-0.1366804540157318
4,-0.1321173212354232,0.062173135578632355
4,-0.13936845203094173,0.11763183027505875
4,0.19248167524385007,-0.1378488689661026
4,-0.4889061546860525,-0.7101756930351257
4,-0.18299592725498925,-0.1227218508720398
4,0.5383909114585856,-0.2663145065307617
4,-1.131278914639319,-0.5417330861091614
4,-0.1249387366082999,-0.1914038509130478
4,-0.10616473573321805,-0.3873381018638611
4,-0.056173515196070056,-0.20384714007377625
4,-0.11650556907143717,-0.26754650473594666
4,0.8016178699917056,0.4424951374530792
4,-1.2411361328069157,-1.2037098407745361
4,0.0,-0.11188822239637375
4,-1.0650335949863328,-1.1578731536865234
4,-1.3340302557669066,-0.8596969246864319
4,-0.7608714329386874,-0.5793887376785278
4,-1.207980403469163,-1.1128064393997192
4,-1.153814864344529,-1.1891409158706665
4,0.0,-0.38497433066368103
4,-0.5817867324244812,-0.5723483562469482
4,-0.8152930583882103,-0.6186434030532837
4,-1.3686458803549097,-1.2614712715148926
4,-0.9542425094393252,-0.6518573760986328
4,-1.5538830266438746,-1.1128064393997192
4,-0.4375301220789325,-0.18722276389598846
4,-1.2900346113625183,-1.1470694541931152
4,0.8293037728310244,0.9350823760032654
4,-1.5118833609788744,-1.3946675062179565
4,-0.4570614607906949,-0.45299020409584045
4,-0.2355284469075496,-0.2706265151500702
4,0.3979400086720375,-0.9653217792510986
4,-1.0533739824413395,-0.28483277559280396
4,-2.7269987279362624,-2.764491319656372
4,-2.7215358322347605,-2.936777114868164
4,-2.9158268083948755,-2.870931386947632
4,-3.341824066693106,-3.153707265853882
4,-3.2266757049251344,-2.9965479373931885
4,-1.4819201376014313,-2.851260185241699
4,-2.722336222660232,-1.9902158975601196
4,-2.6137983945992067,-2.2478291988372803
4,-2.2989765900329227,-2.154042959213257
4,-0.38021124171160636,-0.2937720715999603
4,0.09017663034908807,0.20352748036384583
4,-0.3357921019231931,-0.1443731188774109
4,-0.3357921019231931,-0.3610050082206726
4,0.8493884764952844,0.5707413554191589
4,0.45843904175190797,0.35285770893096924
4,-1.0,-0.48803049325942993
4,0.0,-0.26759886741638184
4,0.0,-0.23117695748806
4,0.0,-0.15920579433441162
4,-1.0,-0.5206292271614075
4,-2.2646491976989713,-2.447253465652466
4,0.17609125905568135,0.04563949257135391
4,-0.39194964498285056,-0.7060518860816956
4,-1.2787536009528289,-1.2005765438079834
4,-0.6989700043360187,-0.7510407567024231
4,-0.5979434251331313,-0.6332380175590515
4,-0.6460339291482207,-0.6337988972663879
4,-0.9829666607012193,-0.7150248289108276
4,-0.7472746839105735,-0.7853350043296814
4,0.29570116215891407,0.475448340177536
4,-0.5314789170422554,-0.8310911655426025
4,-1.3511966051297115,-0.558523416519165
4,0.15409696534951323,0.40642163157463074
4,-1.3010299956639813,-0.6485615968704224
4,0.8129133566428557,0.8113988637924194
4,0.571798386295427,0.6730920076370239
4,-1.2218487496163561,-1.1440191268920898
4,-0.8750612633917001,-0.8640856742858887
4,0.9772370007764248,0.4358412027359009
4,0.7999965835389071,0.6292688846588135
4,-0.5842570557255771,-0.4851190149784088
4,-0.5352393730709162,-0.516167938709259
4,-0.04111258551491215,-0.5061792731285095
4,-0.7056005832350314,-0.5464246869087219
4,0.8956496623437697,0.6953034996986389
4,0.0,-0.3032333254814148
4,0.0,-0.13641442358493805
4,-2.09736453370041,-0.4695076644420624
4,1.0612766682173884,0.7595537900924683
4,0.6254311720967021,0.532005786895752
4,0.6882941561068252,0.46487119793891907
4,-1.2160192059556323,-1.34626305103302
4,-1.2671717284030137,-1.3503196239471436
4,-1.0,-1.1122300624847412
4,-0.7990851572192863,-0.8432351350784302
4,-1.2108533653148932,-0.9581745862960815
4,-0.48811663902112556,-0.8244132399559021
4,0.211230822627817,-0.6434235572814941
4,-0.8538719643217618,-0.8129333257675171
4,-0.9654759768051342,-1.2499980926513672
4,-0.12104369272477555,-1.0491077899932861
4,-1.0170333392987807,-0.7359945178031921
4,-0.7781512503836439,-0.7508776783943176
4,-0.798354636471931,-0.6804162263870239
4,-0.7373149964122376,-0.8698544502258301
4,-0.6575773191777934,-0.7133505940437317
4,-0.7727562184969372,-0.7732556462287903
4,-0.9652378937407882,-1.0821212530136108
4,-0.6847295652214083,-0.8464894890785217
4,-0.5177391056279266,-0.8140591382980347
4,-0.24303804868629442,-0.6479015946388245
4,-0.8200136970607943,-0.6193132400512695
4,-0.7670858242334848,-0.5503612756729126
4,-0.4714067711952339,-0.8082256317138672
4,0.0,-0.06489807367324829
4,0.0,-0.12255334109067917
4,-0.7285252478977347,-0.7370601892471313
4,0.0,-0.24229557812213898
4,-0.639201799332529,-0.5421179533004761
4,-0.3318439430782014,-0.6124723553657532
4,-1.1875207208364635,-1.2069594860076904
4,-0.30102999566398125,-0.4543454051017761
4,-0.7403626894942441,-0.5256072878837585
4,-0.7403626894942441,-0.37456411123275757
4,-0.7403626894942441,-0.148030087351799
4,0.0,-0.6918365359306335
4,-0.7403626894942441,-0.5678171515464783
4,0.0,0.35860171914100647
4,0.22184874961635614,0.31360819935798645
4,0.6989700043360187,0.8228837847709656
4,0.07135590853566853,-0.13683520257472992
4,0.30102999566398125,-0.2296932488679886
4,-0.3494856763830949,-0.2840113341808319
4,-0.7870157984620274,-0.5417826175689697
4,-0.30102999566398125,-0.3747929632663727
4,-0.3494856763830949,-0.2296932488679886
4,0.0,-0.26785725355148315
4,-0.4375301220789325,-0.3303127884864807
4,0.33145218286950673,0.23033826053142548
4,0.22943874649712015,0.4362817704677582
4,-0.4375301220789325,-0.3956611454486847
4,-0.7870157984620274,-0.2762998640537262
4,0.5484037989829966,0.630025327205658
4,0.6989700043360187,0.823731541633606
4,-0.4375301220789325,-0.0689769834280014
4,0.09691001300805624,0.2907966375350952
4,-0.03959044503700948,-0.08537483960390091
4,0.0,-0.15878745913505554
4,0.0,-0.1265122890472412
4,-0.2614392680716957,-0.15492041409015656
4,-0.4375318721122108,-0.15492041409015656
4,-0.389075175605468,-0.20253704488277435
4,0.15051493100552538,-0.35217320919036865
4,-0.4375301220789325,-0.13744451105594635
4,0.30102999566398125,-0.25734373927116394
4,0.0,-0.25453922152519226
4,-0.4375301220789325,-0.1659468561410904
4,-0.3494856763830949,-0.2952481210231781
4,-0.4375301220789325,-0.2952481210231781
4,0.11092497011273572,-0.20345616340637207
4,0.0,-0.2544698119163513
4,-0.15051493100552538,-0.2625253200531006
4,-0.4375301220789325,-0.4685431122779846
4,-0.4375301220789325,-0.44961726665496826
4,-0.34948628751527444,-0.3690212666988373
4,-0.4375318721122108,-0.040374912321567535
4,-0.23855876556918343,-0.18745823204517365
4,0.03959044503700948,-0.3534100651741028
4,-0.03959044503700948,-0.19393770396709442
4,-0.19897135650974906,-0.26739028096199036
4,-0.389077352590518,-0.3692687451839447
4,-0.30102999566398125,-0.19562862813472748
4,-0.09691001300805624,-0.3961518406867981
4,-0.19896832053217395,-0.03038232959806919
4,0.0,-0.33899596333503723
4,-0.4375318721122108,-0.17083384096622467
4,0.0,-0.2508962154388428
4,-0.19896832053217395,-0.19592322409152985
4,0.0,-0.3088255822658539
4,-0.11092642354980953,-0.23343925178050995
4,-0.19897135650974906,-0.27638953924179077
4,-0.19897135650974906,-0.18974186480045319
4,0.0,-0.29740503430366516
4,0.38021124171160636,-0.3478223383426666
4,0.0,-0.11617060750722885
4,-0.4375301220789325,-0.25484704971313477
4,0.4375301220789325,-0.09432526677846909
4,0.0,-0.12847734987735748
4,-0.3494856763830949,-0.26067206263542175
4,-0.30102999566398125,-0.0105938371270895
4,-1.7781512503836439,-1.1440191268920898
4,-1.4771212547196626,-1.3615450859069824
4,-1.0791812460476242,-1.2335784435272217
4,-1.653212513775344,-1.3203341960906982
4,-1.1898425343625068,-1.1362545490264893
4,-1.1528199166426925,-1.336628794670105
4,-1.0478761435744977,-1.273790717124939
4,-1.5740312677277188,-1.4026302099227905
4,-1.4387690126326138,-1.4026302099227905
4,-1.385262395494082,-1.2577441930770874
4,-1.5642714304385628,-1.3927167654037476
4,-1.568201724066995,-1.3505488634109497
4,-1.625541087177485,-1.445230484008789
4,-1.568201724066995,-1.4547761678695679
4,-1.5096504795465826,-1.4300158023834229
4,-1.5461312049140492,-1.3268381357192993
4,-0.7708520116421447,-1.2670469284057617
4,-1.3010299956639813,-1.3079841136932373
4,-1.6368220975871743,-1.3289330005645752
4,-1.1613680022349753,-1.3167234659194946
4,-1.3979400086720375,-1.3346868753433228
4,-1.4771212547196626,-1.388105034828186
4,-1.5440680443502757,-1.3604627847671509
4,-1.2671717284030137,-1.3001850843429565
4,-1.4771212547196626,-1.2887822389602661
4,-1.5228787452803374,-1.3075439929962158
4,-1.7323937598229682,-1.4729807376861572
4,-1.2772210289283077,-1.2947373390197754
4,-1.1729208103369215,-1.1364259719848633
4,-1.0874659334098817,-1.1330949068069458
4,-1.3805024873728806,-0.939625084400177
4,-1.3580011968427375,-1.1464256048202515
4,-1.198657086954423,-1.0861705541610718
4,-1.3424226808222066,-1.159342885017395
4,-1.5888317255942077,-1.2627768516540527
4,-1.6989700043360187,-1.4166104793548584
4,-1.5357159699855094,-1.2510719299316406
4,-1.0349775835555715,-1.293729305267334
4,-1.3480265583402051,-1.337374210357666
4,-1.4623979978989556,-1.3589565753936768
4,-1.4419568376564111,-1.2891514301300049
4,-1.0969100130080562,-0.9470221996307373
4,-1.3152704347785908,-1.2294059991836548
4,-1.2013971243204518,-1.1687276363372803
4,-1.1962946451439684,-1.2284985780715942
4,-1.2108533653148932,-1.198907732963562
4,-1.1186897873312986,-1.3382874727249146
4,-1.2632414347745815,-1.1901761293411255
4,-0.6812412373755876,-0.4951632022857666
4,-1.190331698170291,-1.185391902923584
4,-1.4036923375611288,-1.2811732292175293
4,-1.3096301674258992,-1.0374999046325684
4,-1.3702270208050047,-1.0374999046325684
4,-0.995147497205588,-1.1246039867401123
4,-0.8954839347570029,-1.0412646532058716
4,-1.3537880448267803,-1.1407209634780884
4,-1.4259687322722812,-1.3025290966033936
4,-1.60538793467689,-1.362680435180664
4,-1.384197522541995,-1.6039433479309082
4,-1.4724389466367729,-1.5268542766571045
4,-1.5372813780731152,-1.493991494178772
4,-1.7018461068392696,-1.465645432472229
4,-1.4225482628341792,-1.465645432472229
4,-1.5910646070264987,-1.465645432472229
4,-1.4977438220861892,-1.4607337713241577
4,-1.3010299956639813,-1.3568439483642578
4,-1.6989700043360187,-1.4104303121566772
4,-1.5051499783199063,-1.519814133644104
4,-1.8538719643217618,-1.5925277471542358
4,-1.5910646070264995,-1.3190295696258545
4,-1.845098040014257,-1.4616831541061401
4,-1.6020599913279625,-1.457727313041687
4,-1.9030899869919438,-1.5149827003479004
4,-1.8325089127062366,-1.3909833431243896
4,-1.5642714304385628,-1.4516791105270386
4,-1.7676858167054785,-1.6587580442428589
4,-1.3979400086720375,-1.483596682548523
4,-1.7781512503836439,-1.4584673643112183
4,-1.3832167518513314,-1.4402340650558472
4,-1.3979400086720375,-1.509661316871643
4,-1.4711190636776532,-1.6695969104766846
4,-1.5740312677277188,-1.365302562713623
4,-1.2787536009528289,-1.4205951690673828
4,0.19967462899203614,0.3047540485858917
4,-0.2437094651795757,-0.015739664435386658
4,0.3426875752994052,0.42039358615875244
4,0.3252546556851925,0.31786441802978516
4,0.4387732103469384,0.2976682782173157
4,0.2767614209370439,0.3847994804382324
4,0.15734628357760183,0.3368585705757141
4,0.19507185367852742,0.3165907859802246
4,0.014618439768002922,0.33833229541778564
4,0.8623294627632445,0.5500756502151489
4,0.4718729191633164,0.8719878792762756
4,0.1685781829349775,0.13700136542320251
4,0.3667897898651731,0.20807254314422607
4,1.0756359652829754,0.9295450448989868
4,0.0,0.43094372749328613
4,0.0,-0.18974480032920837
4,-0.7870157984620274,-0.28017714619636536
4,-0.3494856763830949,-0.1176125630736351
4,-0.3494856763830949,-0.20925717055797577
4,-0.4375301220789325,-0.22816519439220428
4,-0.4375301220789325,-0.26019734144210815
4,0.07918124604762511,-0.4466780722141266
4,-0.8035983725961238,-0.5223237872123718
4,-0.008209265560077839,0.5789405107498169
4,0.18953254350015936,0.3367118239402771
4,0.26954890820492317,0.34231337904930115
4,0.504964353119516,0.2195061594247818
4,1.0267793761882515,0.5541262626647949
4,1.0245022972506561,0.67185378074646
4,0.9024826292148989,0.2071915566921234
4,0.0,0.5730705857276917
4,0.33853704070641744,0.5741052627563477
4,0.6447927479487232,0.3095836043357849
4,0.7513300624553647,0.46026650071144104
4,0.19995997569809631,0.497119277715683
4,0.7851129120306855,0.5496811866760254
4,0.0,0.6606607437133789
4,-0.008038355111862572,0.503649890422821
4,0.17526490189038313,0.25354138016700745
4,-1.0,-0.9850863218307495
4,-0.8129133566428557,-0.735947847366333
4,-0.7428754900351002,-0.9675939679145813
4,-0.3332146790353825,-0.7275927662849426
4,1.2696796919573048,0.935589611530304
4,-0.8361431973613307,-0.5107750296592712
4,-1.0310342337399687,-0.605187714099884
4,-0.45737719652390574,0.1113542839884758
4,-0.08715017571890016,-0.00724369939416647
4,0.09177037335564542,0.05536673963069916
4,-0.7998705000768798,-0.5981353521347046
4,-0.3869549032534474,-0.3988347053527832
4,-0.8473794057302957,-0.5295723080635071
4,-0.33538263205625984,-0.40986114740371704
4,-0.4313637641589869,-0.27892911434173584
4,-0.10349273312891683,-0.2768021523952484
4,-0.7280414522832768,-0.502044677734375
4,-0.6671226370840238,-0.3309037387371063
4,-1.1791420105602999,-1.1981525421142578
4,-0.487381217643696,-0.42806512117385864
4,-0.22184874961635614,-0.4465335011482239
4,-0.431798275933005,-0.6863470673561096
4,1.3802112417116064,1.365646481513977
4,-1.0,-0.8416218757629395
4,-0.6989700043360187,-1.092294454574585
4,-1.2118068113222158,-1.2258930206298828
4,-1.3466700934730556,-0.659417986869812
4,-1.079181246047625,-0.9330224990844727
4,-0.9030899869919438,-0.9899100661277771
4,-1.472965294948505,-1.2423638105392456
4,-1.7708520116421438,-1.28460693359375
4,-1.5517548730165664,-1.1593420505523682
4,-2.5477747053878224,-1.4629868268966675
4,-1.7853298350107671,-1.7379810810089111
4,-1.9637878273455556,-1.5188548564910889
4,-1.0091159609934506,-1.43992280960083
4,-1.9962614304405983,-1.536771535873413
4,-0.8129133566428557,-1.1625185012817383
4,-0.6690067809585756,-0.8569141626358032
4,-1.010723865391773,-1.1735447645187378
4,-1.018885344160374,-1.2971690893173218
4,0.045757490560674796,-1.2632359266281128
4,-1.1461280356782382,-1.2660813331604004
4,-1.703291378118661,-1.5026658773422241
4,-1.361727836017593,-1.1566481590270996
4,-0.7781512503836439,-0.7072163224220276
4,-1.079181246047625,-0.9356454014778137
4,-1.271066772286538,-1.0821152925491333
4,-1.571798386295427,-1.5491654872894287
4,-1.6610378512872996,-1.490026593208313
4,-0.8791778295865322,-1.3050707578659058
4,-0.8791778295865322,-0.967810332775116
4,-0.798354636471931,-1.1136592626571655
4,-1.0855214240786433,-1.1926628351211548
4,-1.0969100130080562,-1.113740086555481
4,-1.672097857935718,-0.8017393350601196
4,0.8618329976579444,0.6547367572784424
4,-1.6334684555795862,-1.14280104637146
4,-0.5930632586839835,-1.14280104637146
4,-1.2071964617445623,-1.193308711051941
4,-1.343535645507214,-1.3504011631011963
4,-0.9618164463758658,-1.0334947109222412
4,-0.8782664032669114,-0.49002814292907715
4,-1.0,-0.7023301720619202
4,-1.0,-1.0223135948181152
4,-1.0413926851582254,-1.1931501626968384
4,-0.5002610582279248,-0.9400927424430847
4,-0.6020599913279625,-0.7793766260147095
4,-0.79375632371422,-0.7702392935752869
4,-0.6989700043360187,-0.7993043661117554
4,-0.3489535479811643,-0.7541782259941101
4,-1.2041195220169634,-0.939247190952301
4,-0.2518119729937993,-0.503923237323761
4,-0.9700367766225568,-1.3578006029129028
4,-1.0211892990699383,-0.9068164229393005
4,-1.3010299956639813,-1.113146185874939
4,-1.079181246047625,-1.0001720190048218
4,-1.0863598306747484,-0.8239787220954895
4,-0.7900504736833511,-0.9499866366386414
4,-1.1879904823553886,-1.1747304201126099
4,-1.1159511898262942,-0.6974830031394958
4,-1.3909351071033793,-1.3042057752609253
4,-0.9378520932511556,-0.9079081416130066
4,-1.0633869788643926,-1.0049210786819458
4,-1.4771212547196626,-0.9423261284828186
4,-1.7853298350107671,-1.490556001663208
4,-1.3010299956639813,-1.5314642190933228
4,-1.0769597860536666,-0.7738871574401855
4,-0.6627578316815743,-1.0582689046859741
4,-0.8920946026904808,-1.0582689046859741
4,-0.8091854841236117,-0.8738200664520264
4,-1.1461280356782382,-1.1242047548294067
4,-1.4471580313422194,-1.1242047548294067
4,-0.6647756291055495,-0.6798951625823975
4,-0.9030899869919438,-0.8640856742858887
4,-0.865301426102544,-1.012800931930542
4,-1.1760912590556813,-0.9751796722412109
4,-1.1413291527964695,-0.8636946678161621
4,-0.8159398112730436,-0.7841765880584717
4,-0.848732324669351,-0.7796792984008789
4,-0.7781512503836439,-0.8672121167182922
4,-1.0413926851582254,-1.0293750762939453
4,-0.5228787452803374,-0.5837746858596802
4,-1.0969100130080562,-0.8342777490615845
4,-0.8538719643217618,-0.8474982380867004
4,-0.5228787452803374,-0.41980981826782227
4,-0.8195439355418692,-0.6289620399475098
4,-1.0222763947111524,-0.8806958198547363
4,-0.8450980400142569,-0.6398664116859436
4,-0.21559980033935489,-0.36430585384368896
4,-0.8386319977650247,-0.6426204442977905
4,-0.6642078980768069,-0.3573979139328003
4,-0.30935112938274134,-0.6565106511116028
4,-0.4164234143660508,-0.6600249409675598
4,-0.8785778371145367,-0.612602949142456
4,-0.642065152999546,-0.7344006896018982
4,-0.5542872095319611,-0.5850370526313782
4,-0.6457244923827936,-0.5225020051002502
4,-0.9128498242810998,-0.75821852684021
4,-1.0661607360551137,-0.6929388046264648
4,-1.0848215134003167,-0.7122899293899536
4,-0.87036614218332,-0.53985595703125
4,-0.6901960800285138,-0.47862517833709717
4,-0.431798275933005,-0.6392350196838379
4,-0.07916108702646962,-0.13762962818145752
4,-0.6989700043360187,-0.7551449537277222
4,-1.0116311101180298,-1.1502913236618042
4,-0.8786653876605248,-1.1825664043426514
4,-0.8293037728310253,-0.927263081073761
4,-0.8239087409443187,-0.9664716124534607
4,-1.0,-0.9913925528526306
4,-1.0,-0.9265324473381042
4,-0.13810226508706336,-0.4867023825645447
4,-1.1016221150958696,-0.6417546272277832
4,-0.8358079642440268,-0.9222991466522217
4,-1.3546346542409058,-1.012800931930542
4,-0.8616973018337193,-1.0544947385787964
4,-1.5835765856339492,-1.131515383720398
4,-0.7118072290411908,-0.9872562289237976
4,-1.7447274948966935,-1.0409479141235352
4,-1.5440680443502757,-1.0047484636306763
4,-1.113943352306837,-0.9875413775444031
4,-1.8293037728310244,-1.6405134201049805
4,-1.8129133566428557,-1.4181989431381226
4,-0.857332496431269,-1.0595701932907104
4,-1.204119982655925,-1.300417184829712
4,-1.6020599913279625,-1.3827500343322754
4,-1.2552725051033065,-1.1660940647125244
4,-0.49069406190893616,-0.7717633843421936
4,-0.9294189257142929,-0.8481466174125671
4,-0.6320232147054057,-1.1538400650024414
4,-0.6872316010647745,-0.8618731498718262
4,-0.8239087409443187,-1.2603038549423218
4,-1.361727836017593,-1.9625424146652222
4,-1.740362689494244,-1.5767972469329834
4,-2.204119982655925,-1.2823432683944702
4,-1.1856365769619117,-0.9826957583427429
4,-1.2870152586388937,-1.258117914199829
4,-0.6197887582883936,-0.7981151342391968
4,-0.8239087409443187,-1.0635534524917603
4,-1.3010299956639813,-0.9802581071853638
4,-1.0993846321359113,-1.1357613801956177
4,-0.6709412807357751,-0.7104299068450928
4,-0.84641608194217,-0.5939199924468994
4,-0.9030899869919438,-0.7041235566139221
4,-0.8473898367938411,-0.7926062345504761
4,-0.9744458955276123,-0.7360044121742249
4,-0.910268571619067,-1.1055089235305786
4,-1.4771212547196626,-0.6392493844032288
4,-0.5333441789585027,-0.8573172092437744
4,0.0,-0.05520887300372124
4,0.34678748622465605,1.0353153944015503
4,-0.5676910896966998,-0.8089420795440674
4,-0.31137082900220037,-0.36667731404304504
4,-0.3904795519065729,-0.36667731404304504
4,-0.1112891378916574,-0.09509692341089249
4,-0.274110581688328,-0.5685522556304932
4,-1.0255541044723877,-0.6875255703926086
4,-0.9719712763997563,-0.6139773726463318
4,-0.31361912297200156,-0.5967915654182434
4,-0.5638373529592435,-0.7732483744621277
4,0.0,-0.028949009254574776
4,0.0,-0.005250975489616394
4,0.0,-0.014628009870648384
4,0.9030899869919438,0.9881207346916199
4,0.7569619513137056,0.8629094362258911
4,0.860338006570994,1.026265263557434
4,0.0,-0.028949009254574776
4,-0.6409780573583319,-0.6698110699653625
4,0.0,-0.028949009254574776
4,-1.0705810742857071,-0.8414686918258667
4,-0.9420080530223132,-0.830971360206604
4,0.151267675330649,-0.7024091482162476
4,-0.5686362358410131,-0.6916917562484741
4,0.3484151154576107,0.6305315494537354
4,0.08804772997273602,0.6553158760070801
4,1.4056593710152416,0.5635781288146973
4,0.661181443446619,0.9969053268432617
4,-0.8239087409443187,-0.3770514130592346
4,1.117540014535269,0.9522770643234253
4,-0.7900504736833511,-0.6379691958427429
4,-0.7191733904243058,-0.5802231431007385
4,0.061354937933483455,-0.2105424851179123
4,-0.8643373979999271,-0.6163011193275452
4,-0.9788107009300617,-0.6218492984771729
4,-0.14612803567823818,-0.40505704283714294
4,-0.7742209567552116,-0.7710846066474915
4,-0.4202164033831899,-0.670321524143219
4,-0.47172622283295595,-0.7577559351921082
4,-0.2855178294857339,-0.7510407567024231
4,-0.8750612633917001,-0.9065486192703247
4,-0.8872957198087112,-0.7660747170448303
4,-0.5925146734217321,-0.6839990019798279
4,-0.4771212547196626,-0.7604867815971375
4,-0.9274493328513884,-0.5915177464485168
4,0.0,-0.4322955310344696
4,-0.7221998450544937,-0.6835371255874634
4,-0.7996401662173822,-0.990595281124115
4,-0.6976870064105913,-0.4843759834766388
4,-1.5081554884596313,-1.0672311782836914
4,-0.3372421683184257,-1.3263674974441528
4,-0.6569086593353077,-0.7454550862312317
4,-0.9637878273455556,-1.1701122522354126
4,-0.08432088570003593,-0.5269914865493774
4,-0.499397649430815,-0.6197465062141418
4,-0.7178553484963919,-0.7617541551589966
4,-0.8816918422907127,-0.8121865391731262
4,-0.7367585652254185,-0.8408946394920349
4,-0.7533276666586115,-0.8481069803237915
4,-1.154901959985743,-0.8076132535934448
4,-0.7569619513137056,-0.9966208934783936
4,-0.8538719643217618,-1.0221457481384277
4,-1.1014576407587766,-0.9283884763717651
4,-1.1737873041461162,-1.17985200881958
4,-0.7942380702770997,-0.8182023167610168
4,-0.6989700043360187,-1.000684142112732
5,-0.30102999566398125,-0.6095306277275085
5,-0.7651307403911325,-0.6996972560882568
5,-0.8239087409443187,-0.5598087310791016
5,-0.3357921019231931,-0.23493891954421997
5,-0.714033750771895,-0.8519769310951233
5,-0.31425396462177524,-0.037460390478372574
5,0.24551266781415038,0.05363583192229271
5,-0.7344423224982384,-1.0269782543182373
5,-0.6532125137753431,-0.6951277256011963
5,-1.1505139038522927,-1.0454163551330566
5,0.0,0.005196077283471823
5,-1.6368220975871743,-1.4325759410858154
5,-1.6127838567197355,-1.3179399967193604
5,-1.865301426102544,-1.4842679500579834
5,-1.1650958747542175,-1.2827374935150146
5,-1.4313637641589878,-1.238119125366211
5,-1.3164363267053814,-1.1371349096298218
5,-1.1055101847699742,-0.7007966041564941
5,-1.179695383324507,-0.7007966041564941
5,-1.113943352306837,-0.6582786440849304
5,-0.6796648491406323,-0.7725842595100403
5,-0.9560945143009185,-0.44095107913017273
5,-0.842392146638332,-0.6037288308143616
5,-0.09691001300805624,-0.08064953982830048
5,-0.9166124791163526,-0.3857094645500183
5,-0.17094279450418348,-0.2740878760814667
5,-0.3853508813640172,-0.4288901388645172
5,-0.4030195342013121,-0.4421165883541107
5,-0.2594721481223612,-0.35061144828796387
5,-1.2730012720637376,-0.6696947813034058
5,-0.8794260687941504,-0.7626456618309021
5,-1.134698573897456,-0.6571136713027954
5,-1.049635145623876,-0.7216157913208008
5,-0.821260595654631,-0.8863906860351562
5,-1.0907145515668137,-0.8972293138504028
5,-1.3222192947339195,-1.2939373254776
5,-0.9420080530223132,-1.1630290746688843
5,-0.5740312677277188,-1.1924091577529907
5,-0.8129133566428557,-1.1314786672592163
5,-1.335398897295243,-1.353500247001648
5,-0.9637291824893586,-1.1267600059509277
5,-1.5563025007672877,-1.250429630279541
5,-1.1303337684950057,-1.0237529277801514
5,-1.2430380486862944,-1.3156851530075073
5,-1.1760912590556813,-1.3512890338897705
5,-1.6658935455344324,-1.3945280313491821
5,-1.4191293077419758,-1.27045738697052
5,0.09821747354970256,-0.635876476764679
5,-0.7566980227234472,-0.4068041741847992
5,-0.32123338175226834,-0.4935891330242157
5,-0.3187587626244124,-0.6140084862709045
5,-1.204119982655925,-0.8947919011116028
5,0.0,-0.4002133309841156
5,-0.9774341721012583,-1.311213493347168
5,-1.026328938722349,-0.8520538806915283
5,-1.595429412428949,-0.8520538806915283
5,-0.4496138450811866,-0.283148854970932
5,-0.6863808770279984,-0.5894046425819397
5,-0.34678748622465605,-0.49468469619750977
5,-1.0687158123694598,-0.6710267066955566
5,-0.70472233322511,-0.7875555753707886
5,-0.7907403776916642,-0.40612804889678955
5,-0.8066928866262923,-0.3961177170276642
5,1.3424226808222066,1.4255303144454956
5,1.3009935730215947,1.786373496055603
5,1.5815837220779043,1.5748202800750732
5,-0.4771212547196626,-0.4163956344127655
5,-0.4499690086760477,-0.4031691551208496
5,-0.09564936050631179,-0.3064369261264801
5,-0.2410320659886951,-0.7231338024139404
5,0.15490195998574308,-0.04861955717206001
5,-0.7781512503836439,-0.8760536313056946
5,-1.3979400086720375,-1.1875592470169067
5,-1.0,-1.0332067012786865
5,-1.0,-1.0332067012786865
5,-1.2218487496163561,-0.8605812788009644
5,-0.5000014867943587,-0.7748247385025024
5,-1.9328118686116316,-1.5649160146713257
5,-0.6752907023818553,-0.4819628596305847
5,-1.7549214096651689,-1.7839674949645996
5,-1.845098040014257,-1.8814669847488403
5,-1.328088228398017,-1.1131008863449097
5,-0.4375301220789325,-0.2720418870449066
5,0.44075738996381375,-0.009113883599638939
5,-0.045757490560675684,-0.4957805275917053
5,-0.21559980033935489,-0.31540924310684204
5,-1.2671717284030137,-1.1690236330032349
5,-1.3010299956639813,-1.1174596548080444
5,-1.4698220159781634,-1.3644616603851318
5,-0.3979400086720375,-0.23179218173027039
5,-0.3979400086720375,-0.1530257612466812
5,-0.3979400086720375,-0.20862077176570892
5,-0.4890204780193699,-0.4740944504737854
5,-1.7269987279362624,-1.4669997692108154
5,-0.2872761903368577,-0.35509800910949707
5,0.0,0.03580331802368164
5,-2.1505139038522927,-1.0616254806518555
5,-1.164810248645992,-1.0383903980255127
5,-1.083121728522423,-1.254556655883789
5,-0.6627578316815743,-0.4226889908313751
5,-0.3406176746319307,-0.2889743149280548
5,-0.14210676174531311,-0.5641441345214844
5,-1.2965756542377314,-1.0104625225067139
5,-0.544527372242805,-0.5845553278923035
5,-0.22068520040890238,-0.38666799664497375
5,-0.6226332212052812,-0.8759504556655884
5,-1.204119982655925,-1.5106501579284668
5,-0.045757490560674796,-0.5135047435760498
5,-0.30102999566398125,-0.6130226254463196
5,-1.2787536009528289,-1.5502480268478394
5,-0.6647291997449933,-0.543228805065155
5,-0.5823398090037069,-0.6177377700805664
5,-0.7726537229182906,-0.5572445392608643
5,-0.6020599913279625,-1.168067455291748
5,-1.5440680443502757,-1.3802473545074463
5,-0.20712549279564918,-0.5136318206787109
5,0.18295111693192823,-0.2824684679508209
5,-0.38021124171160636,-0.4306580722332001
5,0.0,-0.32008710503578186
5,-0.3912591372529759,-0.6429606676101685
5,-0.3290587192642249,-0.3175610899925232
5,-0.2174839442139067,-0.3986002504825592
5,0.05864551291277387,-0.3501071631908417
5,-0.6575773191777934,-0.7491101622581482
5,-0.8239087409443187,-0.548606812953949
5,-0.3258535793890127,-0.38025039434432983
5,-2.079181246047625,-1.965571403503418
5,-1.2218487496163561,-1.4725205898284912
5,-0.4604084692762678,-0.38600802421569824
5,-1.1191864077192086,-1.1261907815933228
5,-1.4771212547196626,-1.4304901361465454
5,-1.139879086401237,-1.1823986768722534
5,-1.3802112417116064,-1.2690260410308838
5,-1.3172455399021716,-1.2266731262207031
5,0.3494856763830949,-0.6279686689376831
5,0.0,-0.5154823660850525
5,-1.3679767852945943,-1.2950353622436523
5,-1.4771212547196626,-1.9918196201324463
5,-0.25719143823949153,-0.5723387598991394
5,-0.6020599913279625,-0.6656798124313354
5,-1.2757241303992117,-0.7797097563743591
5,-0.7346855566025532,-1.2578421831130981
5,-0.06694678963061307,-0.7892976999282837
5,-1.020203386088287,-0.6616278886795044
5,-0.7150857120368901,-0.6889622807502747
5,-0.4162540585488639,-0.3882191777229309
5,-1.325030272067747,-1.4362863302230835
5,-0.1143882690518696,-0.38108178973197937
5,-0.8373045780392774,-0.7047944068908691
5,-1.113943352306837,-1.2588436603546143
5,-1.3010299956639813,-1.1257047653198242
5,0.0,0.09373980760574341
5,-1.350801612394977,-1.508155345916748
5,0.0,-0.01147276908159256
5,0.0,-0.017571521922945976
5,0.0,0.04758530110120773
5,0.0,0.034094031900167465
5,0.0,0.2602168321609497
5,0.44235914846045077,-0.047952260822057724
5,0.3369425515546265,-0.15947209298610687
5,-0.29329754543329045,-0.5555896162986755
5,-1.7283537820212285,-1.1061185598373413
5,-0.955514702167144,-0.7480053305625916
5,0.7804902921553305,0.8089473843574524
5,-1.296513894499017,-1.0872421264648438
5,0.0,0.03580331802368164
5,0.6140531059872192,0.8201426267623901
5,-0.30102999566398125,-0.2721569538116455
5,-0.6493280729138764,-0.743661642074585
5,-0.7280831092284821,-0.6939831376075745
5,-0.5706022622039688,-0.7411444783210754
5,-0.7870413936722933,-0.6106769442558289
5,-0.6921305798057134,-0.7860234975814819
5,-0.7870413936722933,-0.6695277690887451
5,-0.7923916894982543,-0.8056491613388062
5,-0.5486860088866239,-0.5822590589523315
5,0.34847057686564575,0.2697681188583374
5,0.0,0.12839578092098236
5,-2.516430988729595,-2.469189405441284
5,-0.8432138961397051,-0.6929572224617004
5,-0.644612342013426,-0.6655132174491882
5,0.0,-0.24924616515636444
5,-1.065734522320379,-0.7305124998092651
5,-0.4476662753813869,-0.3101904094219208
5,-0.7137489363676082,-0.6576269865036011
5,-0.3165052602864149,-0.246824249625206
5,-0.24183795360414884,-0.29832473397254944
5,-0.23856152772098405,-0.2667127549648285
5,-0.7505570385574174,-0.3655047118663788
5,-0.3120253799654442,-0.415518194437027
5,-1.4936903561528547,-1.1929092407226562
5,0.0,0.1220630332827568
5,0.0,0.20520301163196564
5,0.0,0.4503903090953827
5,0.0,0.352239191532135
5,0.0,0.19726499915122986
5,0.0,0.37590211629867554
5,0.0,0.2140146940946579
5,0.7403626894942441,0.20020796358585358
5,0.0,0.2590937912464142
5,1.0,0.3033802807331085
5,0.0,0.25181296467781067
5,-1.4771212547196626,-1.193331241607666
5,-1.1856365769619117,-1.3630961179733276
5,-1.2879675228247383,-1.3237366676330566
5,-2.527958270809612,-2.4785213470458984
5,-2.921686475483602,-2.6261045932769775
5,-1.074000733543845,-1.7625681161880493
5,-2.6661774909397113,-2.4169435501098633
5,-1.549750891680639,-2.0351319313049316
5,-2.8750612633917,-2.5673248767852783
5,-0.5963076624388712,-1.272353172302246
5,-1.2099495263166489,-1.8751980066299438
5,-2.638272163982407,-2.7979867458343506
5,0.0,-0.18263599276542664
5,-0.7818473959436067,-0.6695277690887451
5,0.15490195998574308,0.0027779731899499893
5,0.0,-0.09593503922224045
5,0.08459549492948426,-0.45473483204841614
5,0.0,-0.009113883599638939
5,-2.7913795161173987,-2.3369174003601074
5,-2.321785217254601,-2.19305157661438
5,-1.151267675330649,-1.428534746170044
5,0.0,0.0386735163629055
5,-1.1072099696478688,-0.4562321603298187
5,0.0,0.14371654391288757
5,0.0,-0.017571521922945976
5,0.0,-0.02495223470032215
5,0.0,0.12676337361335754
5,-0.5991933506763587,-0.7025681734085083
5,0.0,-0.08322220295667648
5,-0.6197887582883936,-0.5953657031059265
5,-0.5528419686577806,-0.5437015891075134
5,-0.6066557430171109,-0.6822404861450195
5,-0.7333389059672815,-0.6709730625152588
5,-0.17384451590774663,-0.7280597686767578
5,-0.36614817424818646,-0.3339572250843048
5,-0.4706752071520439,-0.5246774554252625
5,-0.6232492903979008,-0.5555896162986755
5,-0.6368220975871743,-0.6494024395942688
5,-0.60528896145816,-0.5345715880393982
5,-0.60528896145816,-0.6142740845680237
5,-0.6197887582883936,-0.524368941783905
5,-0.31994698356234874,-0.32627037167549133
5,-0.4625828433930863,-0.26266196370124817
5,-0.3905719708045483,-0.593736469745636
5,-0.24688706485721124,-0.6044712066650391
5,-0.4089783902986097,-0.39367520809173584
5,-1.103876473193652,-1.212107539176941
5,-0.10963564959093297,-0.20855668187141418
5,-1.0,-0.9897171258926392
5,0.6215133726311741,0.7142876982688904
5,-1.173186268412274,-1.3529266119003296
5,-1.0687158123694598,-0.7427487969398499
5,-1.6298190478586818,-0.6032926440238953
5,-0.35793484700045397,-0.4473956227302551
5,-0.16633142176652527,-0.6388379335403442
5,-0.7403626894942441,-0.49542275071144104
5,0.0,0.018214736133813858
5,-0.9030899869919438,-0.6080142259597778
5,-0.8750612633917001,-0.5537171363830566
5,-1.014758999751626,-0.584221601486206
5,-0.4771212547196626,-0.47202613949775696
5,-0.7336453298012753,-0.24105308949947357
5,-0.5806618466267324,-0.3889022767543793
5,-0.4771212547196617,-0.5160803198814392
5,-0.43572856956143724,-0.5160803198814392
5,-0.11394335230683694,-0.34799492359161377
5,-1.5051499783199063,-1.2985559701919556
5,-0.5633074023359459,-1.17954683303833
5,-0.9604914587163265,-0.6429606676101685
5,-1.6690067809585756,-1.5508627891540527
5,-1.4623979978989556,-1.3920583724975586
5,-1.3265841001363698,-1.1590700149536133
5,0.03959044503700948,-0.27572643756866455
5,-1.0413926851582254,-1.1130245923995972
5,-1.5810720321341156,-1.692529559135437
5,-0.3832167518513314,-0.7263685464859009
5,-0.5528419686577806,-0.6691356897354126
5,-1.213879819945081,-1.2734094858169556
5,-0.7891466346851068,-0.6064211130142212
5,-1.0903975088639175,-1.4479601383209229
5,0.0,-0.1510976105928421
5,0.0,-0.8490007519721985
5,-0.592283252461411,-0.6587485671043396
5,-0.592283252461411,-0.7175993919372559
5,-0.3386461832699501,-0.6334086656570435
5,-1.0,-0.17480109632015228
5,-1.4085356813507763,-1.381255030632019
5,-0.6166840828366942,-0.6087366342544556
5,-0.6588953611057073,-0.7351197600364685
5,-0.6261936710446818,-0.7161934971809387
5,-0.6166840828366942,-0.6675874590873718
5,-0.3901303070435729,-0.6460684537887573
5,-0.5722550097019159,-0.6797245740890503
5,-0.3701817373529268,-0.33025866746902466
5,-0.13926459109970324,-0.5849519371986389
5,-0.809233790055691,-0.5721921324729919
5,-0.7355411351527765,-0.6873528957366943
5,-0.36266424832349475,-0.6889622807502747
5,-0.5586747746122196,-0.7097636461257935
5,-0.874461823017854,-0.7688140869140625
5,-0.9266482976130987,-0.8237749934196472
5,-0.465435496394468,-0.7505686283111572
5,-0.791159378671491,-0.7931565046310425
5,-0.6375175252488257,-0.7628863453865051
5,-0.7468935566532018,-0.6857960224151611
5,-0.5043075057338848,-0.6129083633422852
5,-0.8510609869879335,-0.6991146802902222
5,-0.3564291320633881,-0.6949602365493774
5,-0.8609748021130947,-0.6569198966026306
5,-0.1575129567193363,-0.6514614820480347
5,-1.5264828695491621,-0.7603282332420349
5,-0.4511855206252626,-0.6494637131690979
5,-0.6721200163827188,-0.7657699584960938
5,-0.5639554649958125,-0.6889622807502747
5,-1.3748924486527798,-1.3846936225891113
5,-1.4093694704528188,-1.4054805040359497
5,-1.5078558716958312,-1.6810671091079712
5,-1.4913616938342722,-1.612441062927246
5,-1.5820633629117085,-1.5371381044387817
5,-1.5194529553397151,-1.49476957321167
5,-1.1663314217665244,-1.2654290199279785
5,-1.4996870826184034,-1.4823650121688843
5,-1.3129292189636894,-1.4823650121688843
5,-1.1080941799605704,-1.316577672958374
5,-1.0046284041820712,-1.316577672958374
5,-1.3802112417116064,-1.3668159246444702
5,-1.387686374306484,-1.5990644693374634
5,-1.5141048209728316,-1.4145132303237915
5,-1.5357159699855094,-1.7018721103668213
5,-1.431960183373647,-1.2489877939224243
5,-1.2552725051033065,-1.3494945764541626
5,-1.5390082455808738,-1.2905514240264893
5,-1.6797306463503485,-1.1544703245162964
5,-1.6077371242196534,-1.5106755495071411
5,-1.3802112417116064,-1.170823335647583
5,-1.1314047788575312,-1.1766875982284546
5,-1.1968207439144258,-1.1810879707336426
5,-1.5490032620257876,-1.5996465682983398
5,-1.9978230807457251,-1.6773686408996582
5,-1.8195439355418683,-2.0104479789733887
5,-1.6309361190641916,-1.5056875944137573
5,-2.0050374406916136,-1.5753202438354492
5,1.3112676473584868,0.6185312271118164
5,-1.4610344348262077,-1.3958888053894043
5,-0.9208187539523749,-1.156470537185669
5,-1.4115035999655055,-1.294006586074829
5,1.219125891280883,0.9409213066101074
5,-0.6482604135760912,-0.7068926692008972
5,-1.1409268419924299,-0.9008973836898804
5,-0.47172622283295595,-0.3981626629829407
5,-0.38021124171160636,-0.5274162292480469
5,-0.6184504075161321,-0.6435844302177429
5,-0.3521825181113627,-0.8810834288597107
5,-0.6130553756294255,-0.8015373945236206
5,0.0,-0.26627323031425476
5,-0.7739952906124863,-0.5550436973571777
5,0.09626075003694723,0.20905233919620514
5,-0.3098236601811166,-0.6748090386390686
5,-1.230448921378274,-0.9405527114868164
5,1.0584260244570052,0.23909339308738708
5,-1.0078253375119566,-0.4665907621383667
5,-1.3010299956639813,-0.920910120010376
5,-0.43503034677132746,-0.6986901760101318
5,-1.3444802558203817,-0.5632126927375793
5,0.0,-0.13570824265480042
5,-0.5954962218255746,-0.69285649061203
5,-0.5623872865640109,-0.5754959583282471
5,-0.4562839436321724,-0.7140347957611084
5,-0.638489256954637,-0.7347120642662048
5,-0.4708594338348915,-0.47514253854751587
5,-0.6638055872727673,-0.6922106742858887
5,-0.5786173133193158,-0.593576967716217
5,-0.7100860092414791,-0.6609899997711182
5,-0.3497414449984353,-0.38818371295928955
5,-0.8129133566428557,-0.5115253925323486
5,-0.2720662997286647,0.0005949368933215737
5,-0.6989700043360187,-0.4688222110271454
5,-0.34473892354938673,-0.4256245195865631
5,-0.21992282858031764,-0.33285844326019287
5,-0.13305071898637433,-0.22541140019893646
5,1.9323294795010275,1.6797412633895874
5,1.9180709017839055,1.7795127630233765
5,-1.740362689494244,-0.4047278165817261
5,-0.7811567605233689,-0.8073173761367798
5,-0.7870157984620274,-0.4181579053401947
5,0.0,-0.1110401302576065
5,0.0,-0.11144999414682388
5,-0.5106187037514216,-0.6277535557746887
5,0.0,0.09274189174175262
5,0.0,-0.20999573171138763
5,0.0,0.03879934921860695
5,-1.2430380486862944,-1.2905672788619995
5,-1.3827000421153013,-0.5340093374252319
5,-1.204119982655925,-1.1456321477890015
5,-0.39138190284952223,-0.5509949922561646
5,-0.14612803567823818,-0.42273232340812683
5,-1.0211892990699383,-1.1045223474502563
5,-1.0,-0.9952348470687866
5,-0.03367199469456761,-0.2865711748600006
5,-1.4771212547196626,-0.9799654483795166
5,-1.1836443969461268,-0.429638534784317
5,-0.6368220975871743,-0.6462509632110596
5,-0.8702087605972881,-0.7163922190666199
5,-1.230448921378274,-1.249393105506897
5,-0.6020599913279625,-0.6888513565063477
5,-0.6478174818886373,-0.860776424407959
5,-0.3521825181113627,-0.44910165667533875
5,0.2364491808619107,0.23141822218894958
5,-1.0769133845918022,-1.3413199186325073
5,-1.4475408383144721,-1.5311412811279297
5,-1.5844523833812616,-1.5233372449874878
5,-0.5882717068423293,-1.5801870822906494
5,-1.2523433215461246,-1.4565056562423706
5,-1.3341402942756098,-1.4286381006240845
5,-1.9516953204254452,-1.5155417919158936
5,-0.8767835173945651,-0.9410760998725891
5,-1.0280287236002437,-1.6563520431518555
5,-0.8726006648440432,-0.5917905569076538
5,-1.434616003271386,-1.362341284751892
5,-1.2121155880731562,-1.032159686088562
5,-0.7870157984620274,-0.5572909712791443
5,-0.9363309201306222,-1.2510462999343872
5,-1.5440680443502757,-1.425630807876587
5,-1.3502480183341632,-0.9489202499389648
5,-1.249198357391113,-1.1807855367660522
5,-1.1760912590556813,-0.7654774188995361
5,-2.6812412373755867,-2.470710515975952
5,-1.2544047835720793,-1.3018498420715332
5,1.1962946451439684,1.2309259176254272
5,-2.3039156839014696,-2.530827760696411
5,-0.5456293203825044,-0.7301501631736755
5,-0.8890758416581361,-0.576286256313324
5,-1.1594437878248467,-1.387962818145752
5,-0.30102999566398125,-0.383107453584671
5,0.8227542135070056,0.6041227579116821
5,0.6086801142439748,0.11788642406463623
5,0.17609125905568135,0.011986787430942059
5,0.0,0.17106382548809052
5,0.8450980400142569,0.3118397891521454
5,-1.6964812039323238,-1.4372446537017822
5,-1.5096504795465826,-1.4891541004180908
5,-1.2730012720637376,-1.223321557044983
5,1.5442417968958626,-0.1599719375371933
5,0.11713503215564458,0.1631617695093155
5,0.0,-0.6352716684341431
5,-1.0159685076998723,-0.7248873710632324
5,0.8239087409443187,0.3485604524612427
5,-1.0053950318867066,-1.1996935606002808
5,-1.3729120029701072,-0.8394738435745239
5,-1.6020599913279625,-1.4759821891784668
5,-1.6127838567197355,-1.3319599628448486
5,-1.3353608263347194,-0.8977635502815247
5,-1.2288978680085352,-1.2147009372711182
5,-1.3736333793374502,-1.205561637878418
5,-0.30102999566398125,-0.14314420521259308
5,-1.4771212547196626,-1.2563892602920532
5,-0.4375301220789325,-0.18959861993789673
5,-2.729974285699556,-2.4521541595458984
5,-2.8512583487190746,-2.635145902633667
5,-2.4004146277998926,-2.297545909881592
5,-2.5421043884868713,-2.3267998695373535
5,-1.9220268061413437,-2.0564217567443848
5,0.0,-0.19856244325637817
5,-0.8016323462331663,-1.0572811365127563
5,-0.15490195998574308,-0.06848680973052979
5,-0.15490195998574308,-0.10531598329544067
5,0.47594087683390995,0.3756805658340454
5,0.22515138516644218,0.24304282665252686
5,1.247183568811728,0.047354355454444885
5,0.2863410853561561,0.3546062111854553
5,0.0,0.4121018648147583
5,1.140713219517929,0.31171995401382446
5,0.04706233224901979,0.3437516391277313
5,1.6179829574251317,0.4197979271411896
5,0.5555762556450325,0.1315952092409134
5,0.0250280057019312,0.4898848235607147
5,0.2651132542663621,0.31260761618614197
5,0.33751319193400686,0.699530303478241
5,0.9465926090058607,0.7407827377319336
5,0.5529505287088154,0.5364886522293091
5,0.0,0.4599011242389679
5,0.0,0.2656323313713074
5,0.2986105215405681,-0.4551645517349243
5,0.1416504118618782,-0.18551938235759735
5,-0.4375301220789325,-0.5062295198440552
5,-0.7898641211887929,-0.8137425780296326
5,-2.278753600952829,-1.4034919738769531
5,-0.9488474775526186,-1.2345720529556274
5,-0.8450980400142569,-1.2726325988769531
5,0.0,-0.011631330475211143
5,-1.2218487496163561,-1.1398465633392334
5,-0.6897293476011059,-0.5448232293128967
5,-1.214843848047698,-0.7407907843589783
5,-1.7781512503836439,-1.7720067501068115
5,-0.6025554785259217,-0.39078423380851746
5,0.0,-0.09485533088445663
5,0.0,0.018214736133813858
5,-0.5932860670204576,-0.6549709439277649
5,-1.2009148427807128,-1.1365841627120972
5,-1.269512944217917,-1.0862910747528076
5,0.0,-0.167725071310997
5,0.0,-0.16250808537006378
5,-0.3979400086720375,-0.2615302503108978
5,-0.3979400086720375,-0.17754687368869781
5,-1.9030899869919438,-1.5642569065093994
5,-0.8010296743210459,-0.9571998119354248
5,-0.30102999566398125,-1.0424413681030273
5,-1.1505139038522927,-1.2734431028366089
5,-0.6020599913279625,-1.1394119262695312
5,0.0,-1.1394119262695312
5,-2.6989700043360187,-1.078568935394287
5,-1.1505139038522927,-0.8827084302902222
5,-1.0,-1.3745622634887695
5,-1.1505139038522927,-1.1077622175216675
5,-1.1505139038522927,-0.9795700311660767
5,-1.3010299956639813,-1.2614773511886597
5,-1.6989700043360187,-1.2143529653549194
5,-1.3010299956639813,-1.023528814315796
5,-1.0,-1.1339926719665527
5,-2.1505139038522927,-1.3094892501831055
5,-1.3010299956639813,-1.0762757062911987
5,-1.1505139038522927,-1.1665719747543335
5,0.38021124171160636,-0.11396853625774384
5,-0.6481031079968638,-0.5213245153427124
5,-0.30102999566398125,-0.7617188692092896
5,-0.2313940675225874,-0.4885234832763672
5,-2.975961759132561,-2.301137685775757
5,-0.26681589513288007,-0.36277857422828674
5,-1.5835765856339492,-1.6523157358169556
5,0.0,0.025795243680477142
5,0.08755474051312451,0.04448958486318588
5,-1.3257703732422108,-1.0397769212722778
5,-0.5296282275290061,-0.49349260330200195
5,-0.43443004088932113,-0.4048886299133301
5,-0.6989700043360187,-0.6636950373649597
5,-0.7481880270062007,-0.9083316326141357
5,-0.7533276666586115,-0.8523362874984741
5,-2.928051683130893,-2.615394353866577
5,0.7634279935629369,1.0389516353607178
5,-0.3979400086720375,-0.16073296964168549
5,-0.3979400086720375,-0.1824498027563095
5,-1.4293484729236612,-1.6805808544158936
5,-1.799154196959024,-1.4803879261016846
5,-1.1893195247894361,-1.4804933071136475
5,-1.2518119729937993,-1.2765493392944336
5,-1.6020599913279625,-1.3456908464431763
5,-1.7659167939666318,-1.6583296060562134
5,-1.3010299956639813,-1.1174540519714355
5,0.38021124171160636,-0.021342609077692032
5,-0.9783383627425621,-1.1465296745300293
5,-0.9186308678042003,-0.7098720073699951
5,-0.03950854128367354,-0.43001338839530945
5,-1.0161684976948866,-0.9645264744758606
5,0.0,-0.5063337087631226
5,0.0,-0.20724721252918243
5,-2.047923552317183,-1.4971728324890137
5,-0.4824500882247298,-0.5401617884635925
5,-0.6020599913279625,-0.7987995743751526
5,-1.5440680443502757,-1.4423773288726807
5,-0.43933269383026285,-1.2580065727233887
5,-0.3424226808222066,-0.9451663494110107
5,-0.5411035653865364,-0.9775652289390564
5,-0.6020599913279625,-0.7331807613372803
5,-1.4282248125765058,-1.4406899213790894
5,-0.6989700043360187,-1.0366885662078857
5,-1.0453229787866576,-1.073104977607727
5,0.8129133566428557,0.636371910572052
5,-1.1271716180405917,-1.2460910081863403
5,-1.0826695738934466,-1.1141051054000854
5,0.16234844215360766,0.5980277061462402
5,0.30102999566398125,-0.20869792997837067
5,0.5467806982782273,0.41058269143104553
5,0.3737315730412165,0.5574079751968384
5,0.4396128156899852,-0.27346503734588623
5,0.7781512503836439,0.7933813333511353
5,-1.113943352306837,-1.289313793182373
5,-1.2344639991151105,-1.1599624156951904
5,-1.4177484020255902,-1.378867506980896
5,-1.3374592612906557,-1.409075140953064
5,0.13033376849500655,0.017136134207248688
5,0.15970084286751174,0.02286032773554325
5,-1.4722687519252498,-1.257612943649292
5,0.10523540179218838,-0.009347943589091301
5,-0.103219486915064,-0.1734815537929535
5,-0.12315518386788238,-0.12305726110935211
5,-0.26240059330785037,-0.12305726110935211
5,-0.560017705442899,-0.5441756844520569
5,-0.06497800647284357,0.02177533134818077
5,-0.3979400086720375,-0.5290899276733398
5,-0.30597457828104346,-0.6259287595748901
5,-0.31481828014961444,-0.5290899276733398
5,0.020684598859850745,-0.029008520767092705
5,-0.8377438486797901,-0.5857707262039185
5,-0.08364212367298762,-0.07460492849349976
5,-0.1870866433571443,-0.1687585711479187
5,0.22493982659349765,-0.12523838877677917
5,-0.653212513775344,-0.7524527311325073
5,-0.4771212547196626,-0.3914433717727661
5,-0.42881657514510785,-0.18526563048362732
5,-0.13262556527459068,-0.20694412291049957
5,-0.16481024864599192,-0.19108423590660095
5,-0.6365004335419719,-0.6747362017631531
5,-0.3819886947675881,-0.7207843065261841
5,-1.6442112696605529,-1.0252765417099
5,0.0,0.022482188418507576
5,0.0,-0.06716818362474442
5,0.6872467388148911,0.4251687228679657
5,0.6020599913279625,0.3969753682613373
5,-0.6684126707675615,-0.3624562621116638
5,-1.1750559916240757,-1.2741202116012573
5,-0.5728818330508298,-0.6633793115615845
5,-0.8834944309285628,-0.7208305597305298
5,-1.1317935832540487,-1.1784340143203735
5,0.0,-0.20271676778793335
5,-1.5378190950732744,-1.1599624156951904
5,-1.201852121200102,-1.1295710802078247
5,-0.4375301220789325,-0.3390344977378845
5,0.8883667301712368,0.5752353668212891
5,-1.0413926851582254,-0.9352958798408508
5,-1.4698220159781634,-1.2481286525726318
5,-1.3096301674258992,-1.339111566543579
5,-0.7403626894942441,-0.5162410140037537
5,-1.163502131747661,-1.3250229358673096
5,-0.7403626894942441,-0.32345569133758545
5,-0.6197887582883936,-0.44038641452789307
5,-2.2818796415687554,-0.5713142156600952
5,-3.4382785804926073,-2.9900717735290527
5,-2.718209362321689,-2.5687849521636963
5,-2.221848749616356,-2.792678117752075
5,0.10064029100124205,0.6064233183860779
5,2.0184834056940133,0.949118971824646
5,0.7605660755825303,0.7452478408813477
5,0.5081554884596313,0.6988363265991211
5,-0.3357921019231931,-0.23493891954421997
5,0.28090866594412134,0.15334169566631317
5,-0.44542775151412606,-0.3349722623825073
5,0.779368980551908,0.5034128427505493
5,-0.19897074537756954,-0.4119485914707184
5,0.0,-0.3285093605518341
5,-0.38021124171160636,-0.12356943637132645
5,-0.12963385781668002,-0.510850727558136
5,0.9483175269293209,-0.11217526346445084
5,-1.2403321553103694,-1.182185173034668
5,0.0,-1.147315502166748
5,-0.30102999566398125,-1.3622055053710938
5,-0.6989700043360187,-1.2982720136642456
5,0.0,-1.0429892539978027
5,0.7602607858886188,0.44836756587028503
5,-1.2552725051033065,-1.6150598526000977
5,-0.4375301220789325,-0.17048364877700806
5,-1.1437352225623476,-1.3095752000808716
5,-0.9851762236829753,-1.3443297147750854
5,-2.127761895944679,-2.036238431930542
5,-0.671257016468986,-0.7545484304428101
5,-0.7403626894942441,-0.4735656678676605
5,-0.5797835966168101,-1.2715942859649658
5,-0.9530920598078918,-1.529146671295166
5,-0.45154571957920364,-0.04352302476763725
5,-1.1702617153949575,-1.136426568031311
5,-1.0969100130080562,-0.7061882615089417
5,0.3979400086720375,0.046872157603502274
5,0.08543019532462637,0.01808599755167961
5,0.25570701687732367,0.09329962730407715
5,0.3444956894450719,0.03180767968297005
5,0.2850418902798513,-0.0313856340944767
5,0.017374096069422862,0.07823514193296432
5,0.5301779840218366,0.3151129186153412
5,0.9487755685398032,0.8687800168991089
5,1.0215617643431134,0.9327537417411804
5,1.758268815738762,0.9405382871627808
5,0.4040630937308265,0.11007016897201538
5,0.9656281191475298,0.2103181928396225
5,0.0,0.534923255443573
5,0.9309190808567012,0.5152862071990967
5,0.8476754629020675,0.571564257144928
5,1.3017133860204186,1.1897344589233398
5,0.681696234255238,0.7762920260429382
5,0.41912930774197577,0.7762920260429382
5,0.5793842293742353,0.5217498540878296
5,-1.9481683617271317,-1.607311487197876
5,-1.085171609736812,-0.9044485092163086
5,-1.518513939877888,-0.8102461695671082
5,-1.518513939877888,-0.9919717311859131
5,-1.195613398758156,-0.6249986886978149
5,-0.48293964102494424,-0.5201579928398132
5,-0.9222062774390158,-0.3837507963180542
5,-0.5727226321873777,-0.4810415506362915
5,-0.5175635621809516,-0.5749565958976746
5,-0.4771212547196626,-0.39161330461502075
5,-0.4510311361748487,-0.4651801884174347
5,-0.8003242293348354,-0.47460034489631653
5,-0.5606303747966201,-0.4142583906650543
5,0.5400459804384035,0.39061087369918823
5,-1.240433142284875,-1.6676125526428223
5,0.0,-0.35269033908843994
5,-0.653212513775344,-0.7326902747154236
5,0.14305712734611742,0.35582444071769714
5,0.9070252130998657,0.9234007596969604
5,0.6552155489562255,0.6043909788131714
5,0.06398920428479027,0.6784232258796692
5,0.37601512711799767,0.510443925857544
5,0.4974363308926364,0.3724985718727112
5,-1.157551484423708,-1.107039451599121
5,0.0,0.3518613874912262
5,-0.6232492903979008,-0.9344980120658875
5,-0.9557963375079463,-0.9344980120658875
5,-0.6139592146276698,-0.9283427596092224
5,-1.230448921378274,-0.8048672080039978
5,-0.9294189257142929,-0.7472431063652039
5,-1.326584100136369,-1.0840610265731812
5,-0.8205550989367305,-0.7104446887969971
5,-0.6777807052660805,-0.7806879281997681
5,-0.924279286061882,-0.6061490774154663
5,-0.3484546455921187,-0.5814381241798401
5,-0.9393021596463882,-0.7074775099754333
5,-0.8673744347254093,-0.7489553093910217
5,-1.0,-0.8008626103401184
5,-1.152610163206158,-0.9709336161613464
5,-1.2284793285153688,-1.1607871055603027
5,-0.7147642715192504,-0.6954095959663391
5,-0.6374519664168048,-0.6848528385162354
5,-0.5295093241793509,-0.7656765580177307
5,0.0,-0.08496999740600586
5,0.0,-0.6274316310882568
5,-1.0483046795745548,-0.7011385560035706
5,-0.9030899869919438,-0.7806879281997681
5,-0.8239087409443187,-0.5609217882156372
5,0.0,-0.6944977045059204
5,-0.7403626894942441,-0.36502012610435486
5,0.0,-0.2270887941122055
5,0.9542425094393252,0.9786393642425537
5,-1.7242758696007892,-1.4819226264953613
5,-2.012837224705172,-1.3078120946884155
5,0.3494856763830949,-0.21752753853797913
5,-0.10206004319610873,-0.2919706702232361
5,-0.30435793901290786,-0.140927255153656
5,-0.4375301220789325,-0.37306374311447144
5,-0.4375301220789325,-0.25610002875328064
5,0.0,-0.0253563541918993
5,0.0,-0.46678104996681213
5,-0.4375301220789325,-0.3371216952800751
5,0.3628008197267336,0.3664548993110657
5,0.099044142520742,0.1979227513074875
5,0.20705171474707296,0.38493502140045166
5,0.4889751563932494,0.37003326416015625
5,-0.4375301220789325,-0.27390703558921814
5,0.0,-0.4416368305683136
5,-0.09691001300805624,-0.29806867241859436
5,-0.10206004319610873,-0.49666735529899597
5,-0.45154571957920364,-0.5198214650154114
5,0.01822482010619808,-0.12471138685941696
5,-0.3979400086720375,-0.11158780008554459
5,-0.046996562676223874,0.35462841391563416
5,0.0,0.0599568672478199
5,-0.15051493100552538,-0.163437157869339
5,0.0,-0.12717467546463013
5,-0.4375301220789325,-0.17457185685634613
5,0.0,-0.22563773393630981
5,-0.4375301220789325,-0.4841410517692566
5,0.0,-0.11146605014801025
5,-0.4375301220789325,-0.2499767243862152
5,-0.4375301220789325,-0.3297397792339325
5,-0.3494856763830949,-0.2863079607486725
5,-0.4375301220789325,-0.19529224932193756
5,-0.4375301220789325,-0.0370623804628849
5,-0.7870157984620274,-0.40157458186149597
5,-0.23856180154675855,-0.26467829942703247
5,0.0,-0.1123712882399559
5,-0.4375301220789325,-0.30590590834617615
5,0.0,-0.2070092409849167
5,-0.23855876556918343,-0.25751760601997375
5,-0.23855876556918343,-0.25751760601997375
5,0.03959044503700948,-0.2087981253862381
5,0.0,-0.03596711531281471
5,0.0,0.02738679200410843
5,0.0,-0.16475903987884521
5,-0.3494856763830949,0.00046373147051781416
5,0.0,-0.08785519003868103
5,0.0,-0.18551938235759735
5,-0.10206004319610873,-0.058864571154117584
5,0.0,-0.3503182530403137
5,0.0,-0.1572318822145462
5,0.0,-0.29670795798301697
5,-1.0,-1.3544082641601562
5,-0.970795845024286,-1.505782127380371
5,-1.26884531229258,-1.4097825288772583
5,-1.6178387477170038,-1.4383982419967651
5,-1.0319167932743474,-1.3891279697418213
5,-1.4119545525202408,-1.3045498132705688
5,-1.5622928644564746,-1.2834166288375854
5,-1.2218487496163561,-1.3725402355194092
5,-1.346787486224656,-1.4561041593551636
5,-1.4771212547196626,-1.5138020515441895
5,-1.1222158782728267,-1.344186782836914
5,-1.5051499783199063,-1.4992386102676392
5,-1.2218487496163561,-1.3087749481201172
5,-1.230448921378274,-1.3122360706329346
5,-1.8750612633917,-1.460187315940857
5,-1.4771212547196626,-1.3875842094421387
5,-1.9894498176666922,-1.265887975692749
5,-1.3010299956639813,-1.3126062154769897
5,-1.4944924455175173,-1.2467844486236572
5,-1.2171266859258019,-1.0210870504379272
5,-0.7781512503836439,-1.3642206192016602
5,-1.1687920203141813,-1.3594837188720703
5,-0.9637878273455556,-1.2355824708938599
5,-1.204119982655925,-1.3605594635009766
5,-1.5993371329924893,-1.406683087348938
5,-1.6020599913279625,-1.3799145221710205
5,-1.4419568376564111,-1.3478753566741943
5,-1.3424226808222057,-1.4823594093322754
5,-1.3010299956639813,-1.326264500617981
5,-1.4673614174305056,-1.302380919456482
5,-1.2234251378513115,-1.1453008651733398
5,-1.1972805581256196,-1.229049563407898
5,-0.5828440935022972,-0.9510946869850159
5,-1.2430380486862944,-1.1478283405303955
5,-1.039309734009933,-1.1360278129577637
5,-1.0211892990699383,-1.206457495689392
5,-0.4715887661197007,-1.2808855772018433
5,-1.5622928644564746,-1.3188413381576538
5,-0.5642714304385628,-1.2054858207702637
5,-0.8750612633917001,-0.9540720582008362
5,-0.3679767852945943,-0.953828752040863
5,-1.0099082886602488,-1.1760915517807007
5,-1.4969296480732153,-1.1385587453842163
5,-1.3679767852945943,-1.2021762132644653
5,-1.119475840906798,-1.1955037117004395
5,-0.896397209257529,-1.2388381958007812
5,-1.0271349293314813,-1.0011460781097412
5,-1.2690211044349935,-1.134405493736267
5,-0.7300042380759875,-1.0638331174850464
5,-0.4149733479708182,-0.584263026714325
5,-1.1142337531748305,-1.6206324100494385
5,-1.568201724066995,-1.5101466178894043
5,-1.6272336201865851,-1.4877111911773682
5,-1.7826295580086073,-1.3423620462417603
5,-1.6232492903979008,-1.2727893590927124
5,-1.404100317376856,-1.3456681966781616
5,-1.549919862969019,-1.4757769107818604
5,-1.5854607295085001,-1.5570133924484253
5,-1.740362689494244,-1.5458476543426514
5,-1.685741738602264,-1.5313023328781128
5,-1.7781512503836439,-1.5181859731674194
5,-1.3979400086720375,-1.494661569595337
5,-1.3979400086720375,-1.510573387145996
5,-1.6368220975871743,-0.9971162676811218
5,-1.5563025007672868,-1.4320652484893799
5,-1.672097857935717,-1.387223482131958
5,-1.066946789630613,-1.5287060737609863
5,0.32292095865631154,0.3880414068698883
5,0.2643362999545369,0.3784923255443573
5,0.6316849910838691,0.6991694569587708
5,0.24231627616522466,0.4138505756855011
5,-0.020684598859850745,0.20778125524520874
5,1.3343184588344927,1.0074141025543213
5,0.48921210380499947,0.30300822854042053
5,0.4012313406306154,0.5636672973632812
5,0.0,-0.2527432143688202
5,0.0,-0.20724864304065704
5,-0.5359721874027112,-0.6121780276298523
5,-0.017033339298780703,-0.30326172709465027
5,-0.6252402250373592,-0.5481359362602234
5,0.739457594727118,0.5204577445983887
5,0.9140327646090833,0.5516970157623291
5,1.063783468125422,0.37811997532844543
5,-0.04915992695985505,0.33880531787872314
5,0.37398787754650886,0.37184208631515503
5,0.05115252244738144,0.40524208545684814
5,1.0895383657052022,0.2305801510810852
5,0.3960076464390765,0.3979681730270386
5,0.1309150410023241,0.5347966551780701
5,0.6690948695485366,0.5985380411148071
5,0.0,0.50212162733078
5,0.0,0.4820706248283386
5,-1.4641562775552943,-1.534985899925232
5,-1.491361693834273,-1.2356806993484497
5,-0.834171816391641,-1.2731207609176636
5,-0.16481024864599192,-0.6549107432365417
5,-0.3729120029701072,-0.6697141528129578
5,0.0,-0.28354594111442566
5,-1.375663613960885,-0.7193490266799927
5,-1.0287424369603837,-0.667498767375946
5,-1.0,-0.646806538105011
5,-0.8973376581028525,-0.7398485541343689
5,0.21085336531489318,-0.040045324712991714
5,0.33459734331024915,-0.08722791820764542
5,0.14266750356873104,-0.10738568753004074
5,0.0,0.06781530380249023
5,-0.6989700043360187,-0.6770751476287842
5,-0.5862657241447309,-0.9234412908554077
5,-0.24126179066049147,-0.614536464214325
5,-0.6042961576315911,-0.5565075278282166
5,-1.3514394991415815,-0.8222150206565857
5,0.03347319559504491,-0.23983913660049438
5,-0.12126002279933434,-0.19868697226047516
5,-0.5217916496391233,-0.4044136703014374
5,-0.353745534848775,-0.42225173115730286
5,-0.2240148113728644,-0.24695341289043427
5,-0.21457309137857195,-0.5514321327209473
5,-0.8372727025023003,-0.6685878038406372
5,-1.0791812460476242,-0.9316778779029846
5,-0.19629464514396844,-0.488999605178833
5,-0.37863485347665105,-0.3736989200115204
5,-0.21884323947663198,-0.3736989200115204
5,-0.30102999566398125,-0.22311513125896454
5,2.2730012720637376,1.9171165227890015
5,-1.3565473235138121,-0.7656765580177307
5,-1.8299466959416364,-1.3582807779312134
5,-2.0863598306747484,-1.4714540243148804
5,-1.204119982655925,-0.659468948841095
5,-0.9744458955276114,-0.9793440103530884
5,-1.3010299956639813,-1.6674777269363403
5,-1.0461047872460387,-1.3704524040222168
5,-1.2867895565493708,-1.3388404846191406
5,-0.720159303405957,-1.2315353155136108
5,-0.8494839081883114,-1.048417091369629
5,-1.5096504795465817,-1.6166291236877441
5,-1.694206214539955,-1.1274985074996948
5,-1.361727836017593,-1.170727014541626
5,-1.423245873936807,-1.2691751718521118
5,-0.6020599913279625,-1.315475344657898
5,-1.0606978403536118,-1.3651034832000732
5,-1.4623979978989556,-1.1751973628997803
5,-1.0606978403536118,-1.3651034832000732
5,-0.6020599913279625,-0.9369145035743713
5,-0.6989700043360187,-0.9988921880722046
5,-0.29119649295493755,-1.667955756187439
5,-1.016711483485187,-1.6341651678085327
5,-0.07918124604762511,-1.6778770685195923
5,-1.7007037171450197,-1.551143765449524
5,-1.4123959250830067,-1.1931002140045166
5,-1.860338006570994,-1.4611239433288574
5,-0.6989700043360187,-1.2183763980865479
5,-2.027122999639219,-1.6834468841552734
5,0.0,-1.1048431396484375
5,-1.0,-0.9024351239204407
5,-0.7781512503836439,-0.9859943985939026
5,-1.1160933293803952,-0.9700117111206055
5,-0.7886034270071542,-0.6399589776992798
5,-0.7659134344264231,-0.8124873042106628
5,-0.25257524375317963,-0.11375251412391663
5,-1.8631777324726881,-2.30318284034729
5,-1.3285944813986372,-1.3588252067565918
5,-1.4572610905261802,-1.9415045976638794
5,-0.8764529154743927,-1.0658656358718872
5,-0.6093024240119345,-0.4834843575954437
5,-1.116607743988249,-0.7087023854255676
5,-1.0,-0.7565015554428101
5,-0.4637572931616809,-0.7598902583122253
5,-1.1012313867906984,-0.7191653251647949
5,-1.3135157072120407,-1.0507385730743408
5,-0.7781512503836439,-0.9531731009483337
5,-0.6020599913279625,-0.995465099811554
5,-0.2527253160894265,-0.5799749493598938
5,-0.8603380065709931,-0.7668388485908508
5,-1.1832698436828046,-1.3764562606811523
5,-1.3273589343863303,-1.307756781578064
5,-1.423245873936808,-1.3268932104110718
5,-1.113943352306837,-1.0414364337921143
5,-0.7781512503836439,-0.7791625261306763
5,-1.345700390583442,-1.218263030052185
5,-0.8485957325996907,-0.7021216750144958
5,-1.3273589343863303,-1.1572333574295044
5,-0.6210485668845678,-0.7101507782936096
5,-0.6308635491781667,-0.6745938062667847
5,-1.3587133852703195,-1.2329577207565308
5,-1.198657086954423,-0.9708883166313171
5,-1.0299632233774432,-1.0295051336288452
5,-0.8692317197309762,-0.9645441770553589
5,-0.7893594719752786,-0.9607458114624023
5,-1.1674910872937634,-0.9652144908905029
5,-0.6863808770279984,-0.9806234240531921
5,-1.2787536009528289,-1.1230663061141968
5,-0.8450980400142569,-1.2279452085494995
5,-0.9542425094393252,-1.1595338582992554
5,-1.230448921378274,-1.0749231576919556
5,-1.2430380486862944,-1.138895869255066
5,-1.3979400086720375,-1.5475080013275146
5,-1.008773924307505,-0.8820757865905762
5,-0.8750612633917001,-0.9467337131500244
5,-0.062470157628469636,-0.22287319600582123
5,-0.9777236052888476,-1.008156418800354
5,-0.7528453851188743,-1.0035908222198486
5,-1.0400417532438473,-0.880527138710022
5,-0.8450980400142569,-0.880527138710022
5,-0.9294189257142929,-0.880527138710022
5,-0.7781512503836439,-0.6409911513328552
5,-0.871426978736606,-0.8125668168067932
5,-0.3979400086720375,-0.675870418548584
5,-0.30102999566398125,-0.613444447517395
5,-0.6020599913279625,-0.6112712025642395
5,-0.5797835966168101,-0.6974599361419678
5,-0.6671781699121677,-0.869070291519165
5,-0.8111515104865692,-0.9611563682556152
5,-0.8893017025063106,-0.9328173398971558
5,-1.0211892990699383,-0.9642878174781799
5,-0.720159303405957,-0.8200294971466064
5,-1.164810248645992,-0.7561355233192444
5,-1.2319490765206824,-0.8372642993927002
5,-0.639201799332529,-0.5103299617767334
5,-0.9084850188786495,-0.5358009934425354
5,-0.6020599913279625,-0.6557734608650208
5,-0.17609125905568135,-0.8533259034156799
5,-0.4771212547196626,-0.34078067541122437
5,-0.4890204780193699,-0.5154587030410767
5,-0.8593810591065383,-0.5628032088279724
5,-1.058866659220822,-0.6038218140602112
5,-0.4452738874676685,-0.6485216617584229
5,-0.8332487671984614,-0.6627481579780579
5,-0.6812412373755876,-0.5657833218574524
5,-0.3907614240449142,-0.7663074731826782
5,-0.9507819773298181,-0.7372541427612305
5,-0.9496948816886039,-0.7385803461074829
5,-1.269512944217916,-0.8284509778022766
5,-1.1144715220966255,-0.8928946256637573
5,-0.5362140692640596,-0.4093882441520691
5,-0.37807772066634104,-0.3757255971431732
5,-0.043979078559606144,-0.1383775770664215
5,-0.3019975225857179,-0.208563894033432
5,-0.03959097388207855,-0.21586933732032776
5,-0.5740312677277188,-0.44273462891578674
5,-0.7215358322347605,-0.8139573335647583
5,-0.7556976287849455,-0.6577640771865845
5,-0.15902343259638752,-1.2851581573486328
5,-1.2833012287035501,-1.1890649795532227
5,-0.8670923337204242,-0.868969202041626
5,-1.361727836017593,-1.4962974786758423
5,-1.3309932190414244,-1.3319530487060547
5,-1.7817553746524686,-1.866581678390503
5,-1.653212513775344,-1.735364556312561
5,-1.3233063903751336,-1.612638235092163
5,-1.0969100130080562,-1.339829683303833
5,-1.550907468880581,-1.4692059755325317
5,-1.7676858167054785,-1.4583317041397095
5,-1.5166297960033361,-1.5063828229904175
5,-1.2671717284030137,-1.5047147274017334
5,-1.5468790216841048,-1.2454811334609985
5,-0.6020599913279625,-1.1363083124160767
5,-1.4065401804339555,-1.1047534942626953
5,-1.0543576623225928,-1.2440074682235718
5,-1.1903316981702918,-1.2386198043823242
5,-0.9488474775526186,-1.394545316696167
5,-1.329058719264225,-1.7173885107040405
5,-1.4771212547196626,-1.2507187128067017
5,-0.7781512503836439,-1.0585651397705078
5,-0.5440680443502757,-0.8584691286087036
5,-0.8336685782334747,-0.8602956533432007
5,-1.032470767425007,-0.8874287605285645
5,-1.5158738437116792,-1.0921988487243652
5,-1.079181246047625,-1.4189451932907104
5,-1.1249387366083,-1.2651171684265137
5,-2.6020599913279625,-2.2145960330963135
5,-1.7533276666586115,-1.8822271823883057
5,-1.2367890994092932,-1.5592435598373413
5,-1.3716110699496884,-1.4974453449249268
5,-1.3881801713828814,-1.9465091228485107
5,-1.3136191229720016,-1.368748664855957
5,-1.6812412373755876,-1.4298655986785889
5,-0.7825160557860933,-1.4996445178985596
5,-0.9719712763997563,-1.0263108015060425
5,-0.5228787452803374,-0.8640250563621521
5,-1.079181246047625,-1.0689537525177002
5,-1.113943352306837,-0.9531532526016235
5,-1.1362197470179893,-1.2207609415054321
5,-0.8450980400142569,-1.0656514167785645
5,-1.0,-0.8098068237304688
5,-0.8189453214127687,-0.7143024802207947
5,-0.9866360384420183,-0.6936903595924377
5,-0.6066557430171109,-0.6278458833694458
5,-0.9782807503067641,-1.079606056213379
5,-2.236572006437063,-0.8206995129585266
5,-1.0377885608893997,-0.7614544034004211
5,-0.5149098156090623,-0.7377367615699768
5,-0.6812412373755876,-0.6647322177886963
5,-0.9542425094393252,-1.0710021257400513
5,-0.7781512503836439,-0.8023552894592285
5,-0.9586630443823552,-0.9192325472831726
5,0.3979400086720375,0.8733633756637573
5,-0.8715984310129157,-0.45988795161247253
5,-0.7781512503836439,-0.36060938239097595
5,0.2710667722865372,-0.24402469396591187
5,-0.03802504032998488,-0.18070536851882935
5,-0.18945522061366304,-0.3787224590778351
5,-0.8582433345911813,-0.7762172818183899
5,-0.865301426102544,-0.8324189782142639
5,-0.15490195998574308,-0.16061729192733765
5,0.0,0.004093511030077934
5,0.0,0.005401689559221268
5,0.045757490560674796,0.0367773212492466
5,0.5440680443502757,0.24589097499847412
5,0.30102999566398125,0.6274303793907166
5,0.6989700043360187,0.9001449942588806
5,-0.7191733904243058,-0.6429606676101685
5,-1.2025435944209697,-0.810039758682251
5,0.7781512503836439,0.22255629301071167
5,-0.7975798022219696,-0.8986318111419678
5,-0.664275121121892,-0.768447756767273
5,1.142667503568731,1.0976529121398926
5,1.5191825997203736,1.1175401210784912
5,0.6340291974030041,0.6430665254592896
5,-0.3979400086720375,0.2591913342475891
5,0.8642501740085482,0.5842629671096802
5,0.9286677731244328,1.0820331573486328
5,-0.8239087409443187,-0.353911429643631
5,-0.5880452543028749,-0.3429926931858063
5,-0.30468545801217406,-0.4837152361869812
5,-0.4708378638870405,-0.4027223587036133
5,-0.8284563686950399,-0.42604631185531616
5,0.0,-0.00604829378426075
5,0.30102999566398125,0.6773913502693176
5,-0.6941175015416068,-0.6688023805618286
5,-0.3580684966343455,-0.6177746057510376
5,-0.44855000202712425,-0.6446682810783386
5,-0.6932176754469275,-0.5635156035423279
5,-0.30102999566398125,-0.5461679697036743
5,-0.6600519383056493,-0.4748251140117645
5,-0.513333427374107,-0.7586297392845154
5,-1.0321846833714012,-0.6611389517784119
5,-0.661181443446619,-0.6668549180030823
5,-1.359021942641668,-0.7980366349220276
5,-0.20969986003676055,-0.7810943722724915
5,-0.18563657696191171,-0.8272024989128113
5,-1.1014576407587775,-0.8663266897201538
5,-1.2126080928814442,-1.0477378368377686
5,-0.7646814476302044,-0.772899866104126
5,-0.4983105537896009,-0.9410901665687561
5,-0.9128498242810998,-0.8581190705299377
5,-1.3010299956639813,-0.8108311891555786
5,-1.5051499783199063,-0.8365852236747742
5,-1.5913361259361896,-1.0555669069290161
5,-1.249198357391113,-0.5400184392929077
5,-1.25927524755698,-1.1701550483703613
5,-0.653212513775344,-0.8511366248130798
5,-0.6478174818886373,-0.8814314007759094
5,-0.8750612633917001,-1.1404720544815063
5,-1.2108533653148932,-1.1225835084915161
5,-1.2240148113728644,-1.0154483318328857
5,-1.1026623418971475,-0.8341774940490723
5,-0.7119349815003861,-0.8144463896751404
5,-0.16713641640275423,-0.8128308653831482
5,-0.6355830254716253,-0.6545295715332031
5,-0.914828390263188,-0.7330725789070129
5,-0.6812412373755876,-0.580237090587616
5,-0.38021124171160636,-0.7011385560035706
5,-0.4503280781317258,-0.5608770847320557
5,-1.0735773685296266,-0.7806879281997681
5,-1.1201398537265312,-0.9214038848876953
5,-0.9363309201306222,-1.0457382202148438
5,-0.5585942975468718,-0.48862558603286743
5,-1.1804560644581317,-0.7293685674667358
5,-0.5650764250747926,-0.6742836236953735
5,-0.8885079871189472,-0.9490804672241211
