fold,y_true,y_pred
1,-0.5228787452803374,-1.565097451210022
1,-0.1870866433571443,-0.050605565309524536
1,0.0,-0.2868325114250183
1,-0.18298277912757221,-0.12030134350061417
1,0.8147100267930405,0.1544606238603592
1,0.7519810160233398,0.23473286628723145
1,-0.848732324669351,-1.0058221817016602
1,-0.9208187539523749,-1.0058221817016602
1,0.13214362297518534,0.27983254194259644
1,0.24551266781415038,0.08219251036643982
1,-2.4569178686313755,-1.300919532775879
1,0.2491831573502452,0.2126079946756363
1,-1.8927900303521312,-1.300919532775879
1,-0.40461782558408554,-0.4638608992099762
1,-0.6532125137753431,-0.6623143553733826
1,0.23027753297520626,0.28804847598075867
1,-0.8239087409443187,-0.7695814967155457
1,-1.4771212547196626,-1.4302245378494263
1,-0.7403626894942441,-0.30249902606010437
1,-0.518513939877888,-1.083882451057434
1,-0.8872957198087112,-0.7743607759475708
1,-1.7659167939666318,-1.3690288066864014
1,-1.857332496431268,-1.3031684160232544
1,-1.113943352306837,-0.6864635944366455
1,-0.3646990755333581,-0.3297661244869232
1,-0.6796648491406323,-0.7738707661628723
1,-0.8286038621526988,-0.7511006593704224
1,-0.9560945143009185,-0.4933965504169464
1,-1.375010048025798,-0.8194699287414551
1,-0.6557448502907386,-0.7087912559509277
1,-0.5528419686577806,-0.6751157641410828
1,-0.842392146638332,-0.5452954173088074
1,-0.6283889300503116,-0.6880461573600769
1,-0.09691001300805624,-0.26662442088127136
1,-0.17609125905568135,-0.5268193483352661
1,-0.9562910721145945,-1.076791763305664
1,-1.3847117429382827,-0.8194699287414551
1,-0.338818556553381,-0.38936710357666016
1,-0.2594721481223612,-0.43660348653793335
1,-0.034762106259211834,-0.20983129739761353
1,-1.7596678446896306,-1.483594536781311
1,-0.22041068710403877,-0.6303519606590271
1,0.08715017571890016,-0.4035798907279968
1,-2.113943352306837,-1.5636496543884277
1,-1.5440680443502757,-1.4014993906021118
1,-1.2552725051033065,-1.525761604309082
1,-0.17609125905568135,-0.2835296392440796
1,-1.4819201376014313,-1.170111060142517
1,-1.2777586532509932,-1.3897665739059448
1,-0.23699208818695627,-0.2572181522846222
1,-0.7661581357243872,-1.2522001266479492
1,-0.8538719643217618,-1.2749701738357544
1,-1.2730012720637376,-0.7551681995391846
1,-0.5963076624388712,-0.7938565015792847
1,1.2109864416088412,-1.0530283451080322
1,-0.821260595654631,-0.897817075252533
1,-1.0907145515668137,-1.038059949874878
1,-0.5440680443502757,-1.1155402660369873
1,-0.3679767852945943,-1.0900177955627441
1,-0.5740312677277188,-0.8657833933830261
1,-1.3010299956639813,-1.1617777347564697
1,-1.5563025007672877,-1.2691669464111328
1,0.3666259460036354,-0.14609560370445251
1,0.09311702399091715,0.11314180493354797
1,-0.19904045712664953,-0.37316444516181946
1,-0.3319791320230756,-0.4178474545478821
1,-0.4913616938342731,-0.6403144598007202
1,-0.151267675330649,-0.4270533323287964
1,-0.19836765376683374,-0.4270533323287964
1,-0.10266234189714751,-0.2663153111934662
1,-0.09691001300805624,-0.2663153111934662
1,-1.3473300153169498,-1.2552169561386108
1,-1.3979400086720375,-1.2278180122375488
1,-1.414249617943785,-1.2278180122375488
1,-1.1702617153949575,-1.0329853296279907
1,-0.9774341721012583,-1.250641107559204
1,-1.1939099072010784,-1.2252429723739624
1,-1.4254760431426394,-1.2278180122375488
1,-0.08715017571890016,-0.7543864250183105
1,-0.30102999566398125,-0.689229428768158
1,-0.4220736883887568,-0.7543864250183105
1,-0.6115358832118396,-0.845404326915741
1,-1.1793876276849105,-0.5884531736373901
1,-1.4360690591766065,-1.2203762531280518
1,-0.7367585652254185,-0.8059068322181702
1,-0.6538152820635048,-0.9927201271057129
1,-0.8066928866262923,-0.48308321833610535
1,1.3424226808222066,0.9216067790985107
1,-0.338818556553381,-0.26341789960861206
1,-0.39280036901962667,-0.3170377016067505
1,-0.4771212547196626,-0.35425499081611633
1,-0.08432088570003593,-0.3499071002006531
1,-0.5026753591920503,-0.35425499081611633
1,-0.31361912297200156,-0.4279126524925232
1,-0.4771212547196626,-0.35200345516204834
1,-0.7781512503836439,-1.0178067684173584
1,-0.7781512503836439,-1.0835100412368774
1,-1.6127838567197355,-1.418182611465454
1,0.1626059156547921,0.3129158318042755
1,0.17596999855457174,0.24801962077617645
1,-0.8061799739838875,-0.7796325087547302
1,-1.4093694704528197,-1.68503999710083
1,-1.232996110392154,-1.093199372291565
1,-1.3222192947339195,-1.3977853059768677
1,-1.0,-0.9827227592468262
1,-1.0,-0.9827227592468262
1,-1.2218487496163561,-0.9168619513511658
1,-0.9208187539523749,-0.9168619513511658
1,-0.30102999566398125,-1.011704683303833
1,-0.7403626894942441,-1.011704683303833
1,-0.5000014867943587,-0.9509630799293518
1,-0.6170416326987436,-1.1301500797271729
1,-0.6944924064814408,-0.5945568084716797
1,-0.15490195998574308,-0.02493375539779663
1,-0.8450980400142569,-1.224385380744934
1,-0.04390548569908148,-0.45622044801712036
1,-1.845098040014257,-1.8601254224777222
1,-0.5127853228438921,-0.5968104600906372
1,-0.8004276450947962,-0.7628082633018494
1,-0.23303291656887026,-0.536228597164154
1,0.0,0.003660117741674185
1,-0.9777236052888476,-1.884285807609558
1,-1.1949766032160545,-1.17897367477417
1,0.0,-0.30233830213546753
1,-0.11092602757466441,-0.28504782915115356
1,-0.330413773349191,-0.42197510600090027
1,-0.5228787452803374,-0.7939366102218628
1,-1.7346855566025532,-1.541770100593567
1,-1.7269987279362624,-1.5833066701889038
1,-0.17609125905568135,-0.7191953063011169
1,-1.1136577261986105,-1.4874969720840454
1,0.0,-0.31312239170074463
1,-0.21329251923852954,-0.47993332147598267
1,-0.5606673061697371,-0.43285080790519714
1,-1.2965756542377314,-1.0659644603729248
1,-0.7822037943948406,-0.7144688963890076
1,-0.045757490560674796,-0.575421929359436
1,-0.8372727025023003,-0.6230555176734924
1,-0.5823398090037069,-0.5915827751159668
1,-1.0731070983354316,-1.3581053018569946
1,-1.391492252121295,-1.168519377708435
1,-0.537441864015932,-0.7364328503608704
1,0.15862972606545167,0.16307184100151062
1,0.050824057875670015,0.08546870946884155
1,-1.157607853361668,-1.4697576761245728
1,-0.7102510147457082,-0.7474988698959351
1,-0.7841416140728308,-0.4301435947418213
1,-0.3290587192642249,-0.3085106611251831
1,-0.35843146738836396,-0.43359941244125366
1,-1.5314789170422554,-1.5522027015686035
1,-0.5131189079911813,-0.9880594611167908
1,-0.6575773191777934,-0.956125020980835
1,-0.3258535793890127,-0.39598822593688965
1,-0.5026753591920503,-0.4882744550704956
1,-1.8481891169913984,-2.0100040435791016
1,-1.7160033436347994,-1.7066035270690918
1,-1.3222192947339195,-1.5118026733398438
1,-1.8239087409443187,-1.4627658128738403
1,-1.2218487496163561,-1.644891381263733
1,-1.920818753952375,-1.54609215259552
1,-1.3010299956639813,-1.644891381263733
1,-1.6478174818886373,-1.6076490879058838
1,-0.6564176536505553,-0.6839185357093811
1,-0.31162627680464805,-0.37362632155418396
1,-0.9156106297958564,-0.6719582676887512
1,0.07207557205669168,0.019068816676735878
1,0.11554450392951221,-0.1603325754404068
1,-1.857332496431268,-1.3325995206832886
1,-1.3802112417116064,-1.1202253103256226
1,-1.3172455399021716,-1.2464802265167236
1,-0.4631243644872516,-0.6208078861236572
1,-0.3802112417116055,-0.6939546465873718
1,-0.7367585652254185,-0.6574565768241882
1,-0.2932046581520247,-0.767513632774353
1,-0.9673308832466319,-0.909467875957489
1,-0.30102999566398125,-0.3153913617134094
1,-1.3010299956639813,-1.6611977815628052
1,-0.25719143823949153,-0.43614688515663147
1,-0.7781512503836439,-0.7687180042266846
1,-1.5096504795465817,-1.5471851825714111
1,-1.2757241303992117,-0.8537297248840332
1,-0.7346855566025532,-1.2328698635101318
1,-0.0778376825188154,-0.36483410000801086
1,-0.3532285486607716,-0.43381497263908386
1,-0.32561926889943305,-0.3972731828689575
1,-0.5234987817733794,-0.4364921450614929
1,-1.7853298350107671,-1.6611977815628052
1,-1.6283889300503116,-1.4663969278335571
1,-1.7781512503836439,-1.383590579032898
1,-1.6434526764861879,-1.5622433423995972
1,-0.20618429695565865,-0.4565039575099945
1,-0.29329754543329045,-0.5962205529212952
1,-0.5901452216989629,-0.6480090022087097
1,-0.1934653551251042,-0.16856175661087036
1,-0.2561333467764424,-0.3931468427181244
1,-0.6493280729138764,-0.5959534645080566
1,-0.7870413936722933,-0.684747576713562
1,-0.7057484281664701,-0.4397338330745697
1,-0.151267675330649,-0.44003522396087646
1,-0.6368220975871743,-0.6332486867904663
1,-1.0248235837250323,-1.1255897283554077
1,0.0,-0.18816089630126953
1,0.1269361523324415,-0.004220913629978895
1,-0.11703400894496152,-0.0268858615309
1,-0.11423889126475562,-0.08989191055297852
1,-0.2883405423673189,-0.5061624050140381
1,0.058942442808219475,-0.1995396614074707
1,0.03799098199858886,-0.2643769383430481
1,-0.24183795360414884,-0.30267849564552307
1,-1.740362689494244,-1.2141578197479248
1,-0.27754889981445885,-0.18570341169834137
1,0.795880017344075,1.2047374248504639
1,0.8239087409443187,1.0705662965774536
1,0.0,0.046040043234825134
1,0.0,0.16022370755672455
1,1.0,0.14139686524868011
1,-2.1962946451439684,-1.3133955001831055
1,0.0,0.10083325952291489
1,-1.2879675228247383,-1.4500393867492676
1,-1.3710678622717367,-1.5877103805541992
1,-1.2812859374682244,-1.434298038482666
1,0.0,-0.17895357310771942
1,-1.0413926851582254,-0.4288579821586609
1,0.0,-0.33903783559799194
1,0.15490195998574308,0.034379519522190094
1,-0.3231801236256153,0.06074921786785126
1,-0.7569619513137056,0.048519909381866455
1,0.08459549492948426,-0.3636642098426819
1,0.0,0.04002756625413895
1,0.0,0.005863305646926165
1,-0.49642640991504905,-0.3931468427181244
1,-1.0579919469776868,-0.9326839447021484
1,-0.8129133566428557,-0.07154496759176254
1,0.0,0.06125565618276596
1,0.0,-0.116549551486969
1,-0.8029748341086753,-0.7415892481803894
1,-0.653212513775344,-0.4907846450805664
1,-0.5314789170422554,-0.47787001729011536
1,-0.2181760471203864,-0.4377972483634949
1,-0.6197887582883936,-0.5962205529212952
1,-0.6368220975871743,-0.7121477723121643
1,-0.6307051727774926,-0.527807354927063
1,-0.3708529182030551,-0.5854949951171875
1,-0.6989700043360187,-0.5272998213768005
1,-0.5440680443502748,-0.6108420491218567
1,-0.07195673106437983,-0.1949656903743744
1,-0.134698573897456,-0.39548054337501526
1,-0.134698573897456,-0.23935414850711823
1,-0.24111497034742868,-0.4075961112976074
1,-0.24688706485721124,-0.25358083844184875
1,-0.4089783902986097,-0.3577195107936859
1,-0.57945220058249,-0.49996861815452576
1,-0.2264874530687644,-0.3320479691028595
1,0.7738298766010017,1.0367368459701538
1,0.7708735973913923,0.5366970896720886
1,0.6215133726311741,0.6855379343032837
1,-0.7403626894942441,-1.0154104232788086
1,-2.219924961390217,-0.9120320677757263
1,-1.3159703454569183,-0.563778817653656
1,-0.48840226512935203,-0.19849081337451935
1,-0.1842857376709528,-0.35527098178863525
1,-0.2887955392469692,-0.4088907837867737
1,-1.3853508813640172,-1.3338910341262817
1,-0.43365556093857194,-0.3438616096973419
1,-0.6020599913279625,-0.6780727505683899
1,-0.7403626894942441,-0.27806517481803894
1,2.0639897471525535,1.5403960943222046
1,-1.5112755309539683,-1.1778175830841064
1,-0.6973585201794386,-0.9105072617530823
1,0.9935975083908692,0.7393213510513306
1,-1.113943352306837,-1.4224523305892944
1,-0.30102999566398125,-0.3931468427181244
1,-0.5593080109070119,-0.5092786550521851
1,-0.9145698046753736,-0.5253186225891113
1,-0.5929166118880929,-0.577272355556488
1,-0.7290424704462488,-0.5873305201530457
1,-0.5806618466267324,-0.3397056460380554
1,-0.32658410013636896,-0.4467666447162628
1,-0.43572856956143724,-0.5160201787948608
1,-1.3661962846069269,-1.3551597595214844
1,-0.6917914197088955,-1.1544933319091797
1,-1.7781512503836439,-1.5928211212158203
1,-1.3929480631145381,-1.3513697385787964
1,-1.5563025007672868,-1.3980202674865723
1,-1.2648178230095368,-1.4356478452682495
1,-1.5051499783199063,-1.4140551090240479
1,-1.4375303314980883,-1.2763527631759644
1,-0.5633074023359459,-1.1544933319091797
1,-1.6690067809585756,-1.5140141248703003
1,-1.4623979978989556,-1.362321376800537
1,-1.621365146523349,-1.3192132711410522
1,-1.3424226808222066,-1.24552321434021
1,-1.3802112417116064,-1.3568408489227295
1,-1.5118833609788744,-1.3352481126785278
1,-1.6922366216770506,-1.4150598049163818
1,-1.2713436575250547,-1.4818960428237915
1,-1.6020599913279625,-1.6956284046173096
1,-1.6926266329514812,-1.386136531829834
1,-1.3950350180286302,-1.383765697479248
1,-0.9852767431792939,-1.4337916374206543
1,-1.213879819945081,-1.39961576461792
1,-1.1903316981702918,-1.3968862295150757
1,-1.568201724066995,-1.1998591423034668
1,-0.5835765856339492,-1.2214232683181763
1,-1.463757293161681,-1.3850961923599243
1,-0.7781512503836439,-1.3192132711410522
1,-0.5414009255363963,-0.4589301347732544
1,0.0,-0.6258090138435364
1,0.0,-0.0787995308637619
1,-0.592283252461411,-0.6128532290458679
1,-0.7995866783816217,-0.6323063373565674
1,-0.7995866783816217,-0.7072402238845825
1,-0.3386461832699501,-0.650283932685852
1,0.0,-0.5722021460533142
1,-1.0,-0.5784696340560913
1,0.0,-0.5518326163291931
1,-1.4085356813507763,-1.2861852645874023
1,-0.5440680443502757,-0.5962205529212952
1,-0.6261936710446818,-0.5873149633407593
1,-0.6166840828366942,-0.6918112635612488
1,-0.5094905478629839,-0.7002706527709961
1,-0.3701817373529268,-0.38559025526046753
1,-0.6687167679381805,-0.6484291553497314
1,-0.16883592022309912,-0.9173803925514221
1,-0.465435496394468,-0.5693632960319519
1,-0.6375175252488257,-0.6468772888183594
1,-0.5253393438279943,-0.48762190341949463
1,-0.9241466973013024,-0.7293926477432251
1,-0.5603052432209612,-0.7398342490196228
1,-0.8325089127062357,-0.6638584733009338
1,-0.45842075605341925,-0.7233477234840393
1,-1.803261970966675,-1.5912505388259888
1,-1.5440680443502757,-1.3686738014221191
1,-1.3765769570565123,-1.4111080169677734
1,-1.4842998393467859,-1.3651001453399658
1,-1.2229067147726909,-1.2909092903137207
1,-1.0522732830226769,-1.4551583528518677
1,-1.4892551683692599,-1.4199434518814087
1,-1.515211304327801,-1.3473304510116577
1,-1.3273589343863303,-1.483414888381958
1,-1.2552725051033065,-1.334019660949707
1,-1.1792963989308927,-1.4051852226257324
1,-1.1072099696478688,-1.4028962850570679
1,-1.5390082455808738,-1.4432069063186646
1,-1.03252922482692,-1.3831981420516968
1,-1.4259687322722812,-1.393121600151062
1,-1.230448921378274,-1.3831981420516968
1,-1.4847742189481874,-1.3915876150131226
1,-1.6077371242196534,-1.496866226196289
1,-1.5490032620257876,-1.8547108173370361
1,-1.6309361190641916,-1.416183352470398
1,-1.8388490907372557,-1.6855113506317139
1,-2.0253058652647704,-1.555109977722168
1,-1.7895807121644252,-1.4306373596191406
1,-1.5235463772056734,-1.438781976699829
1,-1.7638682312913625,-1.4545379877090454
1,-1.5161145167474324,-1.8334565162658691
1,-1.9190780923760737,-1.80682373046875
1,-1.8908555305749317,-1.492239236831665
1,-1.5217916496391233,-1.8141729831695557
1,-1.8139896756123504,-1.432698369026184
1,-1.7472175361399929,-1.8334565162658691
1,-1.8769871844277386,-1.80682373046875
1,-2.0050374406916136,-1.492239236831665
1,-1.5708022975975204,-1.8141729831695557
1,-1.670941280735775,-1.432698369026184
1,-1.3868964149592022,-1.7858169078826904
1,1.3112676473584868,0.8489075899124146
1,-0.9208187539523749,-1.1358729600906372
1,-0.16744070218066032,-0.45961451530456543
1,1.8716854964785021,1.241280436515808
1,-0.2373609157946035,-0.6025538444519043
1,0.15490195998574308,-0.33821550011634827
1,-0.38021124171160636,-0.8262865543365479
1,0.0,-0.17728587985038757
1,-0.638489256954637,-0.6332577466964722
1,-0.6275071135404424,-0.4672386944293976
1,-0.7989348563069356,-0.6354242563247681
1,0.09626075003694723,0.23120291531085968
1,0.0,-0.17008759081363678
1,-1.079181246047625,-0.8398516178131104
1,-1.230448921378274,-0.7619046568870544
1,0.2905645619858168,-0.3074442744255066
1,-0.1424081458531088,-0.21340389549732208
1,-1.0078253375119566,-0.45665356516838074
1,-1.08167004645132,-0.743151843547821
1,-0.43503034677132746,-0.7457799315452576
1,0.7403626894942441,-0.3845944404602051
1,-0.7403626894942441,-0.25163552165031433
1,0.0,-0.21026886999607086
1,0.0,-0.14303724467754364
1,-0.36558397217870375,-0.6195176839828491
1,-0.7318660629392069,-0.677601158618927
1,-0.59462441779272,-0.547883927822113
1,-0.7092460664759814,-0.6678388714790344
1,-0.6467919926709484,-0.517376720905304
1,-0.5188198888034705,-0.5608848333358765
1,-0.21992282858031764,-0.31006893515586853
1,-1.3424226808222057,-1.2664419412612915
1,-1.795880017344075,-1.2763527631759644
1,1.9180709017839055,1.3672521114349365
1,0.0,0.010570332407951355
1,0.0,-0.5921127200126648
1,-0.5932860670204576,-0.5110456943511963
1,-1.4948500216800937,-1.0718201398849487
1,-0.7781512503836439,-1.1961236000061035
1,-1.2430380486862944,-1.2796481847763062
1,-1.2552725051033065,-1.2365400791168213
1,-1.7481880270062007,-1.1419355869293213
1,-1.230448921378274,-1.3495373725891113
1,-0.5633074023359459,-0.9782233834266663
1,-1.113943352306837,-1.3497636318206787
1,-1.359021942641668,-1.3066555261611938
1,0.6210419042802515,0.34948423504829407
1,-0.5497508916806391,-1.2090872526168823
1,-0.2730012720637376,-0.5882982015609741
1,-0.91832995354868,-0.7957674264907837
1,-0.46488679830265056,-0.649433970451355
1,-0.858193338104404,-1.1544933319091797
1,-1.3802112417116064,-1.3409149646759033
1,-0.6478174818886373,-1.1190109252929688
1,-0.7533276666586115,-0.7853923439979553
1,-1.276206411938949,-1.4539874792099
1,0.0,0.2729135751724243
1,0.2705922030369319,0.40385332703590393
1,0.48323932891565047,0.29161959886550903
1,0.2127271121038934,0.26457077264785767
1,0.10584251126615385,0.1996745616197586
1,0.8675245105715961,0.6759212613105774
1,0.7187630910163998,0.6759212613105774
1,-1.01598810538413,-1.0572744607925415
1,-0.06494080693301463,-0.4090762138366699
1,-1.0280287236002437,-1.6521486043930054
1,-0.781944239400783,-0.786628007888794
1,-0.6146491186359828,-0.7443186044692993
1,-1.4983105537896009,-1.3041002750396729
1,-1.7303784685876424,-1.2790865898132324
1,-1.026328938722349,-1.2458542585372925
1,-1.1382316259813603,-1.3743330240249634
1,-1.39863532528872,-1.3583649396896362
1,-0.6197887582883936,-0.654666543006897
1,-2.5672978850687507,-1.2000101804733276
1,-1.0,-1.228183388710022
1,-1.4522976709946303,-1.3673826456069946
1,-1.5304131631775952,-1.35214102268219
1,-0.6020599913279625,-0.8483546376228333
1,-1.4074853265782679,-1.347025752067566
1,-1.5440680443502757,-1.4809374809265137
1,-1.5772364076029302,-1.4215458631515503
1,-1.3123110060736707,-1.5294790267944336
1,-1.120162472641768,-1.1877310276031494
1,-1.3979400086720375,-1.4445948600769043
1,-2.1652019166255547,-1.055569052696228
1,-1.6707758036974223,-1.3225536346435547
1,-1.5096504795465826,-1.2842059135437012
1,0.9951744561107096,0.5241178274154663
1,-1.0234810958495224,-0.8758620023727417
1,-1.079181246047625,-1.285727858543396
1,-0.7191733904243058,-0.6114541888237
1,-0.9208187539523749,-0.9867991805076599
1,-0.9190101329859175,-1.3200222253799438
1,-1.2001830911637823,-0.8632941246032715
1,-0.9848085011049292,-1.362525463104248
1,0.0,0.05554841086268425
1,-1.3446105669703812,-1.412009835243225
1,-1.1856365769619117,-1.370545506477356
1,-1.40823996531185,-1.3786829710006714
1,0.0,-0.3015516698360443
1,0.25720393228495464,0.26516419649124146
1,-1.230448921378274,-1.356188178062439
1,-1.1111504521226667,-1.3296458721160889
1,-0.7403626894942441,-0.7029340267181396
1,0.0,-0.21285563707351685
1,0.0,-0.41677236557006836
1,-0.15490195998574308,-0.07447582483291626
1,-1.0579919469776868,-1.4195430278778076
1,-0.7049193368492208,-0.6256619691848755
1,0.0,-0.028165647760033607
1,0.4636797336504639,0.36351579427719116
1,0.014723256820706965,0.23300176858901978
1,1.0058452360414192,0.63487708568573
1,1.140713219517929,0.22314170002937317
1,0.0250280057019312,0.605491042137146
1,1.2397082152473793,0.86484694480896
1,0.424029543381379,0.31447142362594604
1,0.0,-0.17768365144729614
1,0.0,-0.16919130086898804
1,0.0,-0.0566817969083786
1,0.0,0.07838760316371918
1,-2.1687920203141813,-1.1546001434326172
1,-0.15490195998574308,-0.17879974842071533
1,-1.1249387366083,-1.1680042743682861
1,-0.9488474775526186,-1.3192132711410522
1,-0.8450980400142569,-1.2182660102844238
1,-1.0,-1.3829859495162964
1,0.7800357683867247,0.4982987642288208
1,-1.0572954039544324,-0.9516000151634216
1,-0.9845273133437926,-1.0675915479660034
1,-0.36408174141106997,-0.4192753732204437
1,-0.6585413472804102,-0.4450720250606537
1,0.0,-0.4988756775856018
1,-0.43933269383026285,-0.376955509185791
1,-0.7781512503836439,-0.4450720250606537
1,-0.585613140277534,-1.1345314979553223
1,-1.1760912590556813,-0.8919591307640076
1,-0.6989700043360187,-0.9076296091079712
1,-0.9542425094393252,-0.9024796485900879
1,-0.5440680443502757,-0.878679633140564
1,-0.5320221247202079,-0.46568751335144043
1,-0.9542425094393243,-0.9544496536254883
1,-0.4242689473943866,-0.9570777416229248
1,-0.7596678446896306,-0.6621241569519043
1,-1.4771212547196626,-1.043582558631897
1,-0.7403626894942441,-0.3807317316532135
1,-1.3408405498123326,-0.9505021572113037
1,-0.7403626894942441,-0.6821959018707275
1,-0.30102999566398125,-0.4132753610610962
1,-1.6232492903979008,-1.5970350503921509
1,-0.6989700043360187,-1.1913154125213623
1,0.1397698316532603,0.07754640281200409
1,0.0,-0.016443677246570587
1,-1.2014637390121852,-0.5658872127532959
1,-1.3165421618422286,-0.7125545144081116
1,-1.0007679833688323,-0.5277668237686157
1,-0.7569619513137056,-1.2138352394104004
1,-1.5228787452803374,-1.6004774570465088
1,-0.6766936096248664,-1.167175054550171
1,-0.6020599913279625,-0.7830415964126587
1,-0.7481880270062007,-1.0489299297332764
1,-0.7533276666586115,-1.0058221817016602
1,-0.6020599913279625,-0.9879879951477051
1,-0.6020599913279625,-0.9879879951477051
1,-0.10963564959093297,0.01246411632746458
1,-0.1870866433571443,0.024651682004332542
1,0.0,-0.2871071696281433
1,-1.790300139963239,-1.3064968585968018
1,-1.8280647007154762,-1.0807980298995972
1,-1.7659167939666318,-1.476794958114624
1,-1.6264193371874072,-1.424111008644104
1,-1.6368220975871743,-1.5737040042877197
1,-1.8692317197309762,-1.4202682971954346
1,0.0,-0.2260313779115677
1,-0.5336026106721103,-0.4132753610610962
1,0.0,-0.6268342733383179
1,0.0,-0.15879978239536285
1,-2.047923552317183,-1.5777868032455444
1,-0.004991945557499378,0.010388626717031002
1,-0.8239087409443187,-1.2138352394104004
1,-1.5440680443502757,-1.6004774570465088
1,-0.6478174818886373,-1.167175054550171
1,-0.8239087409443187,-0.9334292411804199
1,-0.43933269383026285,-1.2162104845046997
1,-0.42596873227228116,-1.2368597984313965
1,-0.3424226808222066,-0.8049029111862183
1,-0.7403626894942441,-0.6925238370895386
1,-0.9542425094393252,-0.6494157910346985
1,-0.6020599913279625,-0.6315820217132568
1,-0.7269987279362624,-0.6315820217132568
1,-0.15875419150038184,0.044208090752363205
1,-1.3010299956639813,-1.1466599702835083
1,-1.0453229787866576,-1.1000062227249146
1,0.8129133566428557,0.8625137805938721
1,-1.1271716180405917,-1.29351806640625
1,0.6529670694045295,0.3833967447280884
1,1.07217449708601,0.36858609318733215
1,0.6573413950487694,0.25929921865463257
1,1.0249436899775137,-0.2645421028137207
1,0.4396128156899852,-0.41700831055641174
1,0.3246679966354229,0.4531394839286804
1,0.27875360095282886,-0.305065393447876
1,-1.5228787452803374,-1.0044333934783936
1,-1.113943352306837,-1.2064268589019775
1,-1.3374592612906557,-1.431807518005371
1,-2.1564415819277523,-1.058078408241272
1,0.15970084286751174,-0.0641254186630249
1,0.06581728448964341,-0.06103392317891121
1,-0.3215516628085826,-0.14688773453235626
1,0.010723865391772947,-0.16365760564804077
1,-0.560017705442899,-0.5680989623069763
1,-0.06497800647284357,-0.017081452533602715
1,-0.30597457828104346,-0.21933384239673615
1,-0.045757490560674796,0.16418197751045227
1,-0.18299592725498925,-0.12920895218849182
1,-0.1870866433571443,-0.11564578115940094
1,0.22493982659349765,-0.09000244736671448
1,-0.349334675238536,-0.4138520061969757
1,-0.05799194697768684,0.03881970793008804
1,-0.16391166643477817,-0.31522631645202637
1,-0.13262556527459068,-0.31522631645202637
1,-0.17574002911349673,-0.31522631645202637
1,-0.16481024864599192,-0.31522631645202637
1,-0.056173515196070056,-0.20092487335205078
1,-0.11476734547590794,-0.3618009090423584
1,-0.11650556907143717,-0.3137693703174591
1,-1.1750559916240757,-1.2167925834655762
1,-0.7608714329386874,-0.4672386944293976
1,-0.6401500409361018,-0.5718563199043274
1,-1.2787536009528289,-1.3704107999801636
1,0.8293037728310244,1.0245739221572876
1,0.3227608935141424,-0.34852972626686096
1,0.5647297887733558,-0.5104293823242188
1,0.0,-0.49702057242393494
1,-0.7403626894942441,-0.45490649342536926
1,2.0184834056940133,0.9565601348876953
1,0.7990851572192872,0.9701277613639832
1,0.6989700043360187,0.9297886490821838
1,-0.3357921019231931,-0.11305718123912811
1,0.28090866594412134,0.17066936194896698
1,-0.44542775151412606,-1.4165663719177246
1,-0.3357921019231931,-0.10831714421510696
1,-0.44542775151412606,-0.2340545803308487
1,-1.4259687322722812,-1.2684156894683838
1,0.38021124171160636,-0.09360799938440323
1,-1.089987216455599,-0.9408736824989319
1,-0.12963385781668002,-0.5767383575439453
1,0.0,-0.3361157774925232
1,-1.2787536009528289,-1.0699684619903564
1,-1.3539337079111249,-1.3678110837936401
1,0.0,-0.5289157629013062
1,0.1294022340875074,-0.5768786668777466
1,-1.2787536009528289,-0.8376729488372803
1,-0.728259380438006,-0.659282922744751
1,-0.6989700043360187,-0.5847612023353577
1,-1.0289636959353174,-0.938030481338501
1,0.08543019532462637,0.1787957102060318
1,0.017374096069422862,0.19665400683879852
1,0.0,-0.33273935317993164
1,0.15409696534951323,0.34038451313972473
1,0.9487755685398032,0.6993487477302551
1,0.7085380144275222,0.507508397102356
1,0.9636548325559984,0.5747725963592529
1,0.3783527524716668,0.5619968175888062
1,1.1578299420813645,0.690147340297699
1,0.8829098516346567,0.7346264123916626
1,0.7218806438005094,0.6985198259353638
1,0.9656281191475298,0.6844821572303772
1,1.2929840758710451,0.9577376246452332
1,-1.4983105537896009,-1.4492595195770264
1,-0.4771212547196626,-0.4353727102279663
1,-0.645094623553164,-0.503483235836029
1,-0.7745028746371672,-0.518333911895752
1,-0.7155010314710326,-0.6436751484870911
1,-0.5274263730310587,-0.5740929841995239
1,-0.4510311361748487,-0.3902741074562073
1,-0.5606303747966201,-0.3816611170768738
1,-1.3654879848908994,-1.242506742477417
1,-1.240433142284875,-1.4410984516143799
1,0.0,-0.05619483441114426
1,-2.09736453370041,-0.569179356098175
1,1.2583218442658497,0.5070728659629822
1,0.9842963893235082,0.32140734791755676
1,0.9070252130998657,0.32689473032951355
1,0.6552155489562255,0.16307184100151062
1,0.37601512711799767,0.29636305570602417
1,0.34679030058945237,0.415298730134964
1,-1.157551484423708,-1.2846105098724365
1,-0.7990851572192863,-0.8168060183525085
1,-0.8293037728310244,-0.7796325087547302
1,-1.2108533653148932,-0.7969139814376831
1,-0.9294189257142929,-0.83407062292099
1,-0.9330532103693869,-0.5142983198165894
1,-1.326584100136369,-0.9845961332321167
1,-0.797586464381328,-0.7840078473091125
1,-0.6777807052660805,-0.8390032649040222
1,-0.8239087409443187,-0.8242987394332886
1,-0.6078895349886864,-0.6370860934257507
1,-1.2477844837107561,-0.9210458993911743
1,-1.207431011261928,-0.876821756362915
1,-0.503573590084951,-0.811407744884491
1,-0.4714067711952339,-0.7274799346923828
1,0.0,-0.0471726655960083
1,0.0,-0.26072320342063904
1,0.0,-0.26968687772750854
1,0.0,-0.6070092916488647
1,-0.9030899869919438,-0.8096942901611328
1,-0.8239087409443187,-0.5962176322937012
1,-0.8189453214127687,-0.6942659616470337
1,-0.2263963773670774,-0.6735718250274658
1,-1.7639268959519816,-1.300919532775879
1,-0.7403626894942441,-0.6465550065040588
1,0.0,-1.0076998472213745
1,0.0,-0.6231376528739929
1,-0.7403626894942441,-0.6871836185455322
1,0.0,-0.6253925561904907
1,-0.7403626894942441,-0.3524189889431
1,0.0,-0.22674496471881866
1,0.5228787452803374,0.3970397710800171
1,0.3979400086720375,1.0397107601165771
1,-2.012837224705172,-1.471671223640442
1,-1.2314695904306818,-1.3353221416473389
1,-0.5314789170422545,-0.7981664538383484
1,0.3494856763830949,-0.31512653827667236
1,0.30102999566398125,-0.30756306648254395
1,0.30102999566398125,-0.2912810444831848
1,-0.3494856763830949,-0.32301899790763855
1,0.0,-0.3111111521720886
1,-0.3494856763830949,-0.34319862723350525
1,-0.10206004319610873,-0.3419429659843445
1,0.38021124171160636,-0.33600088953971863
1,-0.38021124171160636,-0.26073864102363586
1,-0.30102999566398125,-0.3620201051235199
1,-0.30102999566398125,-0.3457380533218384
1,-0.09691001300805624,-0.2841438949108124
1,-0.3494856763830949,-0.2858632802963257
1,-0.4375301220789325,-0.27395543456077576
1,-0.4375301220789325,-0.29765331745147705
1,-0.3494856763830949,-0.2963976562023163
1,-0.4375301220789325,-0.2151932567358017
1,0.0,-0.2575986385345459
1,0.0,-0.2580499053001404
1,0.0,-0.10926627367734909
1,0.0,-0.4831964075565338
1,0.0,-0.3956030309200287
1,-0.4375301220789325,-0.4137656092643738
1,0.33145218286950673,0.277962863445282
1,0.3628008197267336,0.3018777072429657
1,0.625074354750077,0.2737250328063965
1,0.20705171474707296,0.30603083968162537
1,0.4889751563932494,0.29226595163345337
1,-0.7870157984620274,-0.3320663869380951
1,0.0,-0.1758260577917099
1,-0.09691001300805624,-0.218682661652565
1,0.0,-0.06989914923906326
1,-0.10206004319610873,-0.46229317784309387
1,0.0,-0.3946485221385956
1,-0.45154571957920364,-0.4128111004829407
1,0.01822482010619808,-0.09943238645792007
1,0.09691001300805624,0.29011374711990356
1,-0.03959044503700948,-0.07391663640737534
1,0.0,-0.05367850884795189
1,0.0,-0.152756467461586
1,0.03959044503700948,-0.3172788918018341
1,-0.15051493100552538,-0.18612074851989746
1,0.0,-0.1316542774438858
1,0.0,-0.20366817712783813
1,-0.3494856763830949,-0.23236849904060364
1,0.0,-0.2296002060174942
1,-0.4375301220789325,-0.2328425645828247
1,-0.7870157984620274,-0.5193901062011719
1,-0.4375301220789325,-0.4143262505531311
1,-0.4375301220789325,-0.4035812020301819
1,-0.4375301220789325,-0.4609141945838928
1,-0.4375301220789325,-0.3333148658275604
1,-0.23855876556918343,-0.20884165167808533
1,0.0,-0.39023083448410034
1,-0.4375301220789325,-0.39478859305381775
1,0.0,-0.308255136013031
1,0.04845513955992686,-0.11519463360309601
1,-0.4375301220789325,-0.14485801756381989
1,0.0,-0.10417468845844269
1,-0.4375301220789325,-0.06939475983381271
1,-1.1962946451439684,-1.150011420249939
1,-0.9700367766225568,-1.426559567451477
1,-1.3613168631983266,-1.1890329122543335
1,-1.3384989773683804,-1.2562129497528076
1,-1.26884531229258,-1.3469622135162354
1,-1.220761653975142,-1.369309902191162
1,-1.1528199166426925,-1.369309902191162
1,-1.7781512503836439,-1.3243980407714844
1,-1.0319167932743474,-1.444704532623291
1,-1.0478761435744977,-1.3372242450714111
1,-1.5740312677277188,-1.317767858505249
1,-1.1633708452519596,-1.3305766582489014
1,-1.7781512503836439,-1.317767858505249
1,-1.4387690126326138,-1.2524645328521729
1,-1.4119545525202408,-1.348644733428955
1,-1.385262395494082,-1.3305766582489014
1,-1.5357159699855094,-1.4385180473327637
1,-1.346787486224656,-1.4199169874191284
1,-1.625541087177485,-1.458264708518982
1,-1.568201724066995,-1.458264708518982
1,-1.5461312049140492,-1.272208333015442
1,-1.1222158782728267,-1.2727956771850586
1,-1.5051499783199063,-1.4831362962722778
1,-1.4149733479708182,-1.2495197057724
1,-1.1499884564914762,-1.152647852897644
1,-1.2772210289283077,-1.0914419889450073
1,-1.1729208103369215,-1.1289923191070557
1,-0.7112044607530308,-1.165805697441101
1,-1.0874659334098817,-1.1838737726211548
1,-1.1760912590556813,-1.1607838869094849
1,-1.3805024873728806,-0.8542752265930176
1,-0.7781512503836439,-0.9235503673553467
1,-1.3580011968427375,-0.9184099435806274
1,-1.1687920203141813,-0.9133880734443665
1,-1.860338006570994,-1.5454050302505493
1,-1.6627578316815743,-1.4045082330703735
1,-0.9637878273455556,-1.1411293745040894
1,-1.3424226808222066,-1.1106317043304443
1,-1.0158385806858368,-1.4098179340362549
1,-1.5357159699855094,-1.37864351272583
1,-1.0622428241313449,-1.0842878818511963
1,-1.3726051894766655,-1.2141292095184326
1,-1.039309734009933,-0.9325637817382812
1,-1.3276994240014997,-1.189394235610962
1,-0.5228787452803374,-0.6488267779350281
1,-1.522257881011762,-1.3471169471740723
1,-1.3702270208050047,-1.2839003801345825
1,-1.3537880448267803,-1.1308938264846802
1,-0.963147274896242,-1.0974940061569214
1,-1.404100317376856,-1.4969145059585571
1,-1.5028380383052404,-1.5284672975540161
1,-1.4977438220861892,-1.4784942865371704
1,-1.2478509382615277,-1.5030931234359741
1,-1.5228787452803374,-1.4746023416519165
1,-1.548650858090097,-1.5134258270263672
1,-1.549919862969019,-1.5154000520706177
1,-1.0,-1.5443027019500732
1,-1.358927418111449,-1.5262346267700195
1,-1.3798355303350363,-1.5262346267700195
1,-1.6989700043360187,-1.4916497468948364
1,-1.6627578316815743,-1.536882996559143
1,-1.625541087177485,-1.5841065645217896
1,-1.5910646070264995,-1.5867326259613037
1,-1.3090976174120144,-1.486640214920044
1,-1.6074550232146683,-1.4759529829025269
1,-1.2900346113625174,-1.3703765869140625
1,0.32292095865631154,0.2788931429386139
1,0.5105950532510466,0.46510639786720276
1,0.6064247967304128,0.28121328353881836
1,-0.17609125905568135,0.28716936707496643
1,0.2116562489144309,0.36911308765411377
1,0.19967462899203614,0.16724422574043274
1,0.18047450544588006,0.26975536346435547
1,-0.2437094651795757,0.07685475051403046
1,0.2643362999545369,0.3188103139400482
1,0.6865217347376262,0.5145807862281799
1,0.054303400524028156,0.16275648772716522
1,0.501267424470992,1.0069782733917236
1,0.4718729191633164,0.8371429443359375
1,1.3343184588344927,0.8577219247817993
1,1.0756359652829754,0.84207683801651
1,0.5976358520105602,0.6985198259353638
1,0.4012313406306154,0.44482725858688354
1,-0.4375301220789325,-0.3284482955932617
1,-0.7870157984620274,-0.39434635639190674
1,-0.4375301220789325,-0.40928709506988525
1,-0.7781512503836439,-0.23761840164661407
1,-0.7781512503836439,-0.20650538802146912
1,-0.4375301220789325,-0.22917234897613525
1,-0.3494856763830949,-0.11991135776042938
1,-0.8035983725961238,-0.5355084538459778
1,-0.5359721874027112,-0.47225743532180786
1,-1.3245110915135037,-0.6486048698425293
1,-0.017033339298780703,-0.5939007997512817
1,-0.6252402250373592,-0.48970651626586914
1,-0.5213655225580975,-0.5281399488449097
1,-1.0016055267154176,-0.7716813087463379
1,0.9129723757621191,0.5925367474555969
1,0.26954890820492317,0.5015324950218201
1,0.045757490560675684,0.368162602186203
1,0.33853704070641744,0.27800115942955017
1,0.4151420387796598,0.17740194499492645
1,0.6690948695485366,0.3815021812915802
1,0.0,0.6409775614738464
1,0.0,0.5497434139251709
1,0.0,0.6228795051574707
1,-1.764608677068301,-1.1804909706115723
1,0.17526490189038313,0.14015792310237885
1,-1.018885344160374,-1.1616235971450806
1,-1.491361693834273,-1.2024251222610474
1,0.0,-0.2135349065065384
1,1.2696796919573048,0.8328771591186523
1,0.2632414347745815,0.11740552634000778
1,0.09177037335564542,-0.08798420429229736
1,0.0,0.052908800542354584
1,-1.0616905138872896,-0.6943102478981018
1,-0.3869549032534474,-0.3535376489162445
1,-0.5217916496391233,-0.35420867800712585
1,-0.5797835966168101,-0.4708922207355499
1,-0.1055101847699742,-0.3480524718761444
1,-0.3832167518513314,-0.2890837490558624
1,-0.21457309137857195,-0.451703816652298
1,-0.59633038992206,-0.440945029258728
1,-0.7280414522832768,-0.561590313911438
1,-0.9493900066449132,-0.6766055822372437
1,-0.71213145039399,-0.4701872169971466
1,-0.9208187539523749,-0.5852522253990173
1,0.09691001300805624,-0.015572129748761654
1,0.09691001300805624,0.09326213598251343
1,-0.939135091176583,-0.670182466506958
1,-2.0863598306747484,-1.715673804283142
1,-1.3466700934730556,-0.9106251001358032
1,-1.204119982655925,-1.4275360107421875
1,-0.9744458955276114,-0.9774954319000244
1,-1.0461047872460387,-1.3895102739334106
1,-1.0,-0.9878817200660706
1,-1.5517548730165664,-1.07627272605896
1,-0.6989700043360187,-0.9437168836593628
1,-1.7853298350107671,-1.5926629304885864
1,-1.010723865391773,-0.9962497353553772
1,-1.361727836017593,-1.331604242324829
1,-1.018885344160374,-1.2195357084274292
1,-1.491361693834273,-1.260337233543396
1,-1.871183608328498,-1.3604093790054321
1,-0.7781512503836439,-0.885638952255249
1,-1.518513939877888,-1.0673471689224243
1,-1.240433142284875,-1.0673471689224243
1,-1.6334684555795862,-1.1107802391052246
1,-0.5930632586839835,-1.1107802391052246
1,-1.4974206917829962,-1.2895545959472656
1,-1.2071964617445623,-1.2895545959472656
1,-1.3285944813986372,-1.4739353656768799
1,-1.343535645507214,-1.4739353656768799
1,-1.3620182368855867,-1.7104252576828003
1,-1.277548899814458,-1.7104252576828003
1,-0.9618164463758658,-1.0797806978225708
1,-0.8764529154743927,-1.0797806978225708
1,-0.19005691519250512,-0.2423442304134369
1,-0.20524948779689467,-0.13350991904735565
1,-1.0,-0.6842818856239319
1,-0.9912260756924951,-1.2158914804458618
1,-1.1012313867906984,-0.9933674335479736
1,-1.3135157072120407,-1.3090980052947998
1,-1.0413926851582254,-1.098004698753357
1,-0.5797835966168101,-1.1381897926330566
1,-0.5002610582279248,-1.0743175745010376
1,-0.8890752039971392,-0.9136767983436584
1,-0.7596678446896306,-0.9520477652549744
1,-0.5797835966168101,-0.8898970484733582
1,-0.9542425094393252,-0.8587478399276733
1,-0.8969726181938462,-0.8771929144859314
1,-0.3979400086720375,-0.9697468280792236
1,-0.2527253160894265,-0.5684683322906494
1,-0.3309932190414244,-1.0291780233383179
1,-1.1613680022349744,-1.0208078622817993
1,-1.0910804693473324,-1.0697822570800781
1,-1.079181246047625,-1.022138237953186
1,-0.6210485668845678,-0.7008624076843262
1,-1.3344537511509307,-1.187978982925415
1,-1.733011972712987,-1.3752907514572144
1,-0.7752578720474039,-0.7841339707374573
1,-1.3771847870814176,-1.2727696895599365
1,-1.6993646381495449,-1.2829420566558838
1,-1.1205739312058496,-1.02467942237854
1,-1.049891869945637,-0.9746085405349731
1,-1.8325089127062366,-1.8248646259307861
1,-1.3010299956639813,-1.7939848899841309
1,-1.1674910872937634,-0.9684556722640991
1,-1.1026623418971475,-1.2422897815704346
1,-2.079181246047625,-1.868711233139038
1,-0.8860566476931631,-1.0162291526794434
1,-0.5622244770093765,-1.0121448040008545
1,-0.8450980400142569,-1.192805290222168
1,-1.204119982655925,-1.189866542816162
1,-0.6989700043360187,-1.2566300630569458
1,-0.8239087409443187,-1.1031180620193481
1,-1.4973246408079497,-1.2942973375320435
1,-1.079181246047625,-1.0970877408981323
1,-0.865301426102544,-0.9888371229171753
1,-0.9294189257142929,-0.9804580211639404
1,-0.8450980400142569,-0.7714610695838928
1,-1.0,-0.9356708526611328
1,-1.008773924307505,-0.9483547210693359
1,-1.0969100130080562,-0.8824719190597534
1,-0.8750612633917001,-0.9867256879806519
1,-0.848732324669351,-0.9081214666366577
1,-0.8202744562892246,-0.8315105438232422
1,-0.7781512503836439,-0.8161725997924805
1,-1.0413926851582254,-0.9658071994781494
1,-0.9777236052888476,-0.925361692905426
1,-0.7528453851188743,-0.8443192839622498
1,-0.5228787452803374,-0.6725991368293762
1,-0.7380340271756607,-0.9782472252845764
1,-1.0400417532438473,-0.9245914220809937
1,-1.0969100130080562,-0.8814834356307983
1,-0.8450980400142569,-0.9117826819419861
1,-0.9294189257142929,-0.9117826819419861
1,-1.0,-0.9191110730171204
1,-0.8538719643217618,-0.8975182175636292
1,-0.6989700043360187,-0.8312490582466125
1,-0.871426978736606,-0.8561197519302368
1,-0.6020599913279625,-0.7981426119804382
1,-0.5797835966168101,-0.6059587001800537
1,-0.8195439355418692,-0.7163726687431335
1,-1.0222763947111524,-0.7884513735771179
1,-0.720159303405957,-0.6897323727607727
1,-0.9030899869919438,-0.7293508648872375
1,-0.5835765856339492,-0.6835802793502808
1,-0.8450980400142569,-0.7231987714767456
1,-0.5351132016973494,-0.6191664934158325
1,-0.33308817372373056,-0.17398661375045776
1,-0.1733929190978749,-0.5556105971336365
1,-0.6709412807357751,-0.5994189977645874
1,-0.4771212547196626,-0.32894280552864075
1,-0.5542872095319611,-0.6189063787460327
1,-0.6457244923827936,-0.5621100068092346
1,-0.8332487671984614,-0.9847590327262878
1,-0.3752760240360935,-0.9847590327262878
1,-0.804386601241843,-0.6022322177886963
1,-0.4149733479708182,-0.6438624262809753
1,-0.431798275933005,-0.9867256879806519
1,-0.41318565910805827,-0.5290193557739258
1,-0.8492146062090891,-0.6826598048210144
1,-0.7533276666586115,-0.6056080460548401
1,-0.27470105694163216,-1.0162291526794434
1,-0.22454833550784858,-0.3097291886806488
1,-1.0116311101180298,-1.012547254562378
1,-0.8786653876605248,-0.9588916301727295
1,-1.1144715220966255,-0.8980504870414734
1,-0.8293037728310253,-0.935678243637085
1,-0.8239087409443187,-0.8050183057785034
1,-0.8908555305749317,-0.9835094213485718
1,-0.8260748027008269,-0.8789544701576233
1,-1.0,-0.9689540863037109
1,-1.0,-0.7461466193199158
1,-0.3579996169848032,-0.30517518520355225
1,-0.1259773881291375,-0.2502296566963196
1,-0.03959097388207855,-0.13228991627693176
1,-1.1890562362200487,-1.3610433340072632
1,-0.8358079642440268,-0.9787994623184204
1,-0.7215358322347605,-0.9328690767288208
1,-1.4933584535903481,-1.0887680053710938
1,-1.5440680443502757,-0.936194896697998
1,-1.0,-1.4192287921905518
1,-1.113943352306837,-1.0500738620758057
1,-1.361727836017593,-1.2627838850021362
1,-0.8860566476931631,-1.0742450952529907
1,-1.8293037728310244,-1.5502928495407104
1,-1.550907468880581,-1.318327784538269
1,-1.4259687322722812,-1.392668604850769
1,-1.6232492903979008,-1.4560611248016357
1,-1.7676858167054785,-1.4129531383514404
1,-1.5166297960033361,-1.3931195735931396
1,-1.1903316981702918,-1.318327784538269
1,-1.4259687322722812,-1.2726857662200928
1,-1.3735806628125928,-1.3054633140563965
1,-1.5642714304385628,-1.343896746635437
1,-1.7160033436347994,-1.3363958597183228
1,-1.5228787452803374,-1.5426615476608276
1,-0.857332496431269,-1.0218265056610107
1,-1.3881801713828814,-1.4658900499343872
1,-1.0377885608893997,-1.408943772315979
1,-1.5228787452803374,-1.430039405822754
1,-1.0543576623225928,-1.2351906299591064
1,-1.1903316981702918,-1.3880770206451416
1,-1.6434526764861879,-1.5042860507965088
1,-0.9420080530223132,-1.2598155736923218
1,-1.010723865391773,-1.2470067739486694
1,-0.9488474775526186,-1.4834192991256714
1,-1.0,-1.2526330947875977
1,-1.4393326938302629,-1.4600707292556763
1,-0.8129133566428557,-0.8693661689758301
1,-1.2552725051033065,-1.1169904470443726
1,-1.0,-1.018953561782837
1,-0.7781512503836439,-0.9652976989746094
1,-1.3802112417116064,-0.922189474105835
1,-1.0,-0.9598171710968018
1,-0.8336685782334747,-0.9382240772247314
1,-1.032470767425007,-0.9703590869903564
1,-0.8239087409443187,-0.9263514876365662
1,-0.8239087409443187,-1.0096781253814697
1,-1.5158738437116792,-1.115209698677063
1,-0.6872316010647745,-1.0263159275054932
1,-1.4771212547196626,-1.284546971321106
1,-1.2367890994092932,-1.5873198509216309
1,-1.3136191229720016,-1.402117371559143
1,-0.7569619513137056,-1.3817373514175415
1,-0.6283889300503116,-1.20809805393219
1,-1.436692597664054,-1.475821614265442
1,-0.9637878273455556,-0.9160264730453491
1,-1.1832111229993103,-1.0505386590957642
1,-0.9719712763997563,-1.0057514905929565
1,-1.066946789630613,-0.9706205129623413
1,-1.1461280356782382,-1.1382123231887817
1,-1.2870152586388937,-1.163650631904602
1,-0.8239087409443187,-1.0656137466430664
1,-1.4149733479708182,-1.0119580030441284
1,-1.3010299956639813,-0.968849778175354
1,-1.1249387366083,-0.9848843812942505
1,-1.1760912590556813,-1.0296719074249268
1,-1.0,-1.0279667377471924
1,-1.079181246047625,-1.0563383102416992
1,-1.113943352306837,-0.9497537612915039
1,-1.0993846321359113,-1.1369702816009521
1,-1.0,-0.9552822709083557
1,-0.8866431359415152,-0.8904977440834045
1,-0.6066557430171109,-0.698514997959137
1,-0.910268571619067,-1.1505999565124512
1,-1.0,-0.8477594256401062
1,-0.5333441789585027,-0.8714298009872437
1,-0.635300924466641,-0.8580136895179749
1,-0.9542425094393252,-0.9111047983169556
1,-0.5149098156090623,-0.9137328863143921
1,-0.6812412373755876,-0.6583817005157471
1,-0.7367585652254185,-0.9984710812568665
1,-0.9542425094393252,-1.2463289499282837
1,-0.7781512503836439,-0.9518108367919922
1,-0.9586630443823552,-0.9276718497276306
1,0.9777236052888476,0.7153992056846619
1,-0.5973135563035008,-0.9561415314674377
1,-0.7781512503836439,-0.218682661652565
1,-0.8582433345911813,-0.6870450377464294
1,0.0,0.01767258532345295
1,0.0,0.04855239391326904
1,0.9030899869919438,1.079421043395996
1,1.0,1.0296580791473389
1,-0.7191733904243058,-0.6759516000747681
1,-1.2025435944209697,-0.8059515357017517
1,-1.0705810742857071,-0.7753568887710571
1,-0.7634279935629378,-0.8608763813972473
1,-1.0713559085356685,-0.8176906108856201
1,-1.0289636959353174,-0.8460046052932739
1,1.5287082889410613,0.699150025844574
1,0.151267675330649,-0.4727063477039337
1,1.4056593710152416,0.5168869495391846
1,0.8642501740085482,0.4901152551174164
1,0.661181443446619,1.1384501457214355
1,0.30102999566398125,0.01767258532345295
1,0.3083881257855836,0.07536362111568451
1,-0.22184874961635614,-0.6333349347114563
1,-0.5880452543028749,-0.6233838796615601
1,0.0,-0.05957147479057312
1,-0.2263963773670774,-0.7067175507545471
1,-1.1818435879447726,-0.7576742768287659
1,-0.7900504736833511,-0.6554853916168213
1,-0.3580684966343455,-0.5805381536483765
1,0.19604148601007143,-0.5142996311187744
1,-0.44855000202712425,-0.7064769864082336
1,-0.7742209567552116,-0.7055052518844604
1,-0.7781512503836439,-0.7189256548881531
1,-0.40576534618399407,-0.8124220371246338
1,-0.47172622283295595,-0.705546498298645
1,-0.2855178294857339,-0.7079430818557739
1,1.5751878449276608,1.3722834587097168
1,-0.3979400086720375,-0.16573627293109894
1,-0.18563657696191171,-0.7743052244186401
1,-0.6225816584725639,-0.6013540029525757
1,-0.4983105537896009,-0.9326944351196289
1,-0.8750612633917001,-0.9326944351196289
1,-0.8872957198087112,-0.6234562397003174
1,-0.9128498242810998,-0.7940019369125366
1,-1.25927524755698,-0.8618192672729492
1,-1.0710633558254452,-1.4329373836517334
1,-2.079181246047625,-1.4914400577545166
1,-0.7569619513137056,-0.7925999164581299
1,-0.6478174818886373,-0.867337703704834
1,-1.3891660843645326,-0.885769248008728
1,-1.079181246047625,-0.8773112893104553
1,-0.8065288404555222,-1.3287798166275024
1,-1.7944863039009302,-1.586083173751831
1,-0.6569086593353077,-1.0031224489212036
1,-1.5740312677277188,-1.2076201438903809
1,-1.0071785846271233,-1.05044686794281
1,-0.9637878273455556,-1.1083967685699463
1,-0.08432088570003593,-0.5764927268028259
1,-0.5850266520291818,-0.6162195801734924
1,-0.38021124171160636,-0.8114067912101746
1,-0.3881801713828805,-0.6533751487731934
1,-0.5289528929925318,-0.7016330361366272
1,-1.5136380885454246,-0.9417487382888794
1,-0.5585942975468718,-0.5859107375144958
1,-0.8538719643217618,-1.1108131408691406
1,-0.8885079871189472,-0.8985686898231506
1,-0.6989700043360187,-0.6102811098098755
1,-0.32330639037513365,-0.5191130042076111
2,-0.7439371498525418,-0.6208789944648743
2,-0.36172783601759306,-0.5472739338874817
2,-1.2332782113971374,-1.4122973680496216
2,-0.8216169441647336,-0.6593350768089294
2,-1.7318572625565913,-1.1754895448684692
2,-0.9829666607012193,-0.5244865417480469
2,-1.5051499783199063,-1.0632376670837402
2,-0.5228787452803365,-0.7079431414604187
2,0.0,0.2521685063838959
2,-0.21664755593054874,-0.13351497054100037
2,0.8322608153090849,0.6025890707969666
2,-0.6020599913279625,-0.4196687936782837
2,-1.1505139038522927,-0.8653959035873413
2,-1.3010299956639813,-1.2922190427780151
2,-0.18316170956143552,0.2602432668209076
2,-0.1367931572585741,0.2602432668209076
2,-1.1760912590556813,-1.1223334074020386
2,-0.43933269383026285,-0.7079431414604187
2,-0.6780360975003754,-0.9786227345466614
2,-1.6368220975871743,-1.1342414617538452
2,0.0,0.05712971091270447
2,-1.437750562820388,-1.4792677164077759
2,-1.4471580313422194,-1.2683454751968384
2,-2.5051499783199063,-2.093047618865967
2,-2.338013561917151,-2.0061709880828857
2,-0.8450980400142569,-1.1148474216461182
2,-1.865301426102544,-1.366235375404358
2,-1.6180480967120925,-1.3963011503219604
2,-1.0736319451536467,-1.4578860998153687
2,-0.37905157618436736,-0.5510922074317932
2,-1.3088553331759378,-0.7023167610168457
2,-0.4771212547196626,-0.7442530989646912
2,-1.3893932852496,-0.7762827277183533
2,-0.17094279450418348,-0.28526854515075684
2,-0.14106518745881935,-0.5385593175888062
2,-0.4771212547196626,-0.41220763325691223
2,-0.5708022975975204,-0.6098785400390625
2,-0.7869251746911488,-0.7202529907226562
2,-0.8750612633917001,-0.9664710760116577
2,-0.8794260687941504,-0.7178041934967041
2,-1.518513939877888,-1.2222808599472046
2,-1.3222192947339195,-1.2101377248764038
2,-1.6627578316815743,-1.147400975227356
2,-1.2430380486862944,-1.2691677808761597
2,-1.4771212547196626,-1.1925632953643799
2,-1.1760912590556813,-1.1948940753936768
2,-0.30102999566398125,-1.0273693799972534
2,-1.0,-1.0643037557601929
2,-2.0,-1.2064708471298218
2,-1.3802112417116064,-1.2328581809997559
2,-1.4191293077419758,-1.2335453033447266
2,-0.8129133566428557,-1.1403807401657104
2,-0.8239087409443187,-1.1096946001052856
2,-1.0,-1.0892858505249023
2,-1.0,-1.0667731761932373
2,-0.36166919116139606,-1.4305933713912964
2,-1.568201724066995,-1.148046612739563
2,-1.2632414347745815,-1.3388452529907227
2,-1.431363764158987,-1.1913518905639648
2,-1.4771212547196626,-1.4132311344146729
2,-1.3979400086720375,-1.379620909690857
2,-1.2430380486862944,-1.5230947732925415
2,-1.2261701233989983,-1.376921534538269
2,-1.4771212547196626,-1.3962504863739014
2,-1.3979400086720375,-1.4366447925567627
2,-1.1760912590556813,-1.376921534538269
2,-1.5228787452803374,-1.4287008047103882
2,-1.5740312677277188,-1.1728850603103638
2,-1.1026623418971475,-1.3236562013626099
2,0.09821747354970256,-0.6429517269134521
2,0.4771212547196626,-0.18728087842464447
2,-0.20411998265592501,-0.4217948615550995
2,0.0735773685296266,-0.5056027173995972
2,-0.2184951076087689,-0.6642169952392578
2,-1.204119982655925,-1.157626986503601
2,-1.0690809191432988,-1.165097951889038
2,-1.1333023000931028,-0.8038743138313293
2,-0.7372752749614495,-0.7671364545822144
2,-1.3152704347785908,-0.7149825692176819
2,-1.0703799654690078,-0.6438220739364624
2,-1.507995452753926,-1.1856660842895508
2,-0.6020599913279625,-1.1374834775924683
2,-0.8306421236032868,-0.5554836988449097
2,-0.4726443910685916,-0.5448492169380188
2,-0.5514482552146358,-0.46858853101730347
2,-0.4496138450811866,-0.49249356985092163
2,-0.6205848987164888,-0.5433638691902161
2,-0.6863808770279984,-0.47122493386268616
2,-0.17609125905568135,-0.3283098042011261
2,-0.7162766632434856,-0.46536681056022644
2,-0.4349235749252074,-0.4912869930267334
2,-0.4771212547196626,-0.4422096610069275
2,-0.19944917794067507,-0.37877723574638367
2,-0.34678748622465605,-0.7076480984687805
2,-0.23408320603336819,-0.5157142281532288
2,-1.1303337684950066,-0.5207347273826599
2,-1.2730012720637376,-0.743374764919281
2,-0.9395055936387653,-0.5393331050872803
2,-0.46593708776714937,-0.4912869930267334
2,-0.41325676675614353,-0.4422096610069275
2,-0.7907403776916642,-0.4810539484024048
2,-0.850485635415283,-0.5393331050872803
2,-0.28960053388319906,-0.4810539484024048
2,2.0904053825965034,1.3979355096817017
2,1.9268567089496926,1.6430532932281494
2,1.0585947152658468,2.0296311378479004
2,-0.33252783011489306,-0.3283098042011261
2,-0.44164893655744386,-0.3283098042011261
2,-0.4452956408039386,-0.4022757112979889
2,-1.6812412373755876,-1.2115333080291748
2,-2.0543576623225928,-1.1988322734832764
2,-1.8409420802430994,-1.1743837594985962
2,-1.5797835966168101,-1.1591665744781494
2,-1.3278231722519171,-1.4185529947280884
2,-1.3802112417116064,-1.7788442373275757
2,-0.8166095022028195,-1.0434621572494507
2,-1.0211892990699383,-1.1456031799316406
2,-1.7781512503836439,-1.7787537574768066
2,-1.249198357391113,-1.4550361633300781
2,-1.6020599913279625,-1.469488501548767
2,-0.5215995264411646,-0.7155686616897583
2,-1.117540014535269,-0.7257688641548157
2,-0.15490195998574308,-0.1961415857076645
2,-0.2466723333413885,-0.43599778413772583
2,-1.7549214096651689,-1.5215781927108765
2,-0.3853508813640172,-0.29979562759399414
2,-1.5314789170422554,-1.2273993492126465
2,-1.3594330117513005,-1.3749970197677612
2,-0.47944991703824513,-0.6220347285270691
2,-0.21559980033935489,-0.4025048017501831
2,0.009651385676180624,-0.303434818983078
2,0.01888534416037313,-0.541146993637085
2,-0.31626996222071835,-0.40686073899269104
2,-1.3010299956639813,-1.093047857284546
2,-1.4698220159781634,-1.1778900623321533
2,0.14132915279646951,-0.3064577579498291
2,-0.08037687545407124,-0.13201826810836792
2,-0.06685308651808874,-0.33012259006500244
2,0.11265459406045775,-0.6105742454528809
2,-0.3609091278607206,-0.4040524363517761
2,0.0,0.03746631741523743
2,-2.1505139038522927,-1.1647510528564453
2,-1.0,-1.4064273834228516
2,-1.3010299956639813,-1.2387351989746094
2,-1.0,-0.25018060207366943
2,-0.19627273648709753,-0.43954700231552124
2,-0.1839883267857534,-0.4211706817150116
2,-0.8129133566428557,-0.7660385966300964
2,-1.083121728522423,-0.9100363850593567
2,-0.5118833609788744,-0.38992494344711304
2,-0.3406176746319307,-0.3715486228466034
2,-0.10408859763517953,-0.22980652749538422
2,-1.8419848045901137,-1.2920819520950317
2,-0.14210676174531311,-0.5938674807548523
2,-1.5965970956264606,-1.299534559249878
2,-1.0,-1.1352089643478394
2,-1.0,-1.0422552824020386
2,-0.5313708073918022,-0.5801135897636414
2,-0.6451393984881904,-0.613099217414856
2,-0.5425565664822658,-0.570927619934082
2,-0.755089512814898,-0.6878305077552795
2,-0.8159298739801057,-0.7600234150886536
2,-0.22068520040890238,-0.43828609585762024
2,-0.35144772761062537,-0.605563759803772
2,-0.5639788777283403,-0.5098217725753784
2,-0.8440190469576176,-0.6165651679039001
2,-0.501929586930868,-0.6340408325195312
2,-1.1505139038522927,-0.7855040431022644
2,-1.204119982655925,-1.4197289943695068
2,-1.3010299956639813,-1.0517042875289917
2,-1.3010299956639813,-1.2377558946609497
2,-1.0,-1.0196871757507324
2,-1.3010299956639813,-0.9080961346626282
2,0.0,-0.18964867293834686
2,-1.6334684555795862,-1.4187180995941162
2,-1.2787536009528289,-1.3807008266448975
2,-0.5782790584341573,-0.5448492169380188
2,-1.1760912590556813,-1.0409772396087646
2,-1.5440680443502757,-1.200755000114441
2,-1.41161970596323,-1.1245783567428589
2,-0.9007737442647628,-0.7736606001853943
2,-0.1760901421709571,-0.12107136845588684
2,-0.5619427681199793,-0.6370823979377747
2,-0.5051499783199063,-0.5826272964477539
2,-0.32451109151350366,-0.5744606256484985
2,-0.5880466034577374,-0.38909441232681274
2,-0.8908555305749326,-0.8723970651626587
2,0.0,-0.5112699270248413
2,-0.10354059190706888,-0.36047497391700745
2,-0.7426789322214251,-0.6972540020942688
2,-0.37911315141255475,-0.3954143226146698
2,-0.42866488543881687,-0.5549174547195435
2,-0.5051499783199063,-0.6262420415878296
2,-1.1191864077192086,-0.9709540605545044
2,-0.8166095022028195,-1.0426843166351318
2,0.3494856763830949,-0.23703458905220032
2,-0.35373634617998473,-0.568152666091919
2,-0.8450980400142569,-1.0202045440673828
2,-1.2552725051033065,-1.1223455667495728
2,-1.2604121447557173,-0.7435739040374756
2,-1.26884531229258,-1.3016533851623535
2,-0.3494856763830949,-0.08022458106279373
2,-1.2972035878109285,-1.4716227054595947
2,-1.5903680640032443,-1.3760203123092651
2,-0.06694678963061307,-0.6407548189163208
2,-0.4162540585488639,-0.4121455252170563
2,-1.0434656937810907,-0.6507283449172974
2,-1.325030272067747,-1.3556088209152222
2,-0.1143882690518696,-0.3656149208545685
2,-0.6368220975871743,-0.3668801784515381
2,-0.272463507476008,-0.40257734060287476
2,-0.36079820066747104,-0.666692316532135
2,-1.5947607525864624,-0.7792754173278809
2,-0.6184504075161312,-0.2650594413280487
2,-1.113943352306837,-1.183793544769287
2,-1.3010299956639813,-1.0505427122116089
2,-0.3424226808222066,-0.4649029076099396
2,-1.1760912590556813,-1.5550527572631836
2,0.15841180143105582,-0.13308319449424744
2,-0.7659167939666318,-1.0153321027755737
2,1.3802112417116064,0.9027721881866455
2,-1.0,-1.2375251054763794
2,-1.296513894499017,-0.8624281287193298
2,-1.296513894499017,-0.9741175174713135
2,1.3388046091732582,0.9508668184280396
2,-1.0377885608893997,-0.7971094846725464
2,-0.15970084286751174,-0.4765949845314026
2,-0.2604121447557173,-0.2649298906326294
2,-0.7923916894982543,-0.7311605215072632
2,0.00010777875273149107,0.4484403133392334
2,-0.7094354380141841,-0.6206190586090088
2,-1.3010299956639813,-0.9576032161712646
2,-0.6989700043360187,-1.309410572052002
2,-0.2704919284145202,-0.19601324200630188
2,-0.7481880270062007,-0.44314491748809814
2,0.1845244265925441,-0.0025096663739532232
2,-0.6860692196899709,-0.41654208302497864
2,-0.12368361632897873,-0.48407143354415894
2,-0.8524917235584466,-0.737791895866394
2,-0.22902919426901924,-0.5161561369895935
2,0.0,0.05298411846160889
2,-0.6863808770279984,-0.6773543953895569
2,0.0,0.39666029810905457
2,0.7403626894942441,0.41577109694480896
2,-1.3862016054007933,-1.350548505783081
2,-0.6353716852785132,-0.5975863337516785
2,0.0,0.43821510672569275
2,0.0,0.24328933656215668
2,0.0,0.23996536433696747
2,0.0,0.24328933656215668
2,0.0,0.2914040684700012
2,0.0,0.21963852643966675
2,0.0,0.2900969386100769
2,0.0,0.2832460403442383
2,0.7403626894942441,0.2900969386100769
2,0.7403626894942441,0.24328933656215668
2,0.0,0.1979992538690567
2,0.7403626894942441,0.29101133346557617
2,1.0,0.2822876572608948
2,0.0,0.1730293482542038
2,0.7403626894942441,0.2246464192867279
2,0.0,0.29101133346557617
2,0.7403626894942441,0.2822876572608948
2,0.0,0.23569144308567047
2,-1.198657086954423,-1.350548505783081
2,-0.7767011839884104,-0.5975863337516785
2,-1.0,-1.0453344583511353
2,-1.0,-1.2870107889175415
2,0.0,0.19894592463970184
2,-0.5404030902638697,-0.5909842848777771
2,-1.4924519734409554,-1.3764879703521729
2,-1.1856365769619117,-1.2925498485565186
2,-0.15490195998574308,-0.28062593936920166
2,-1.079181246047625,-0.7218318581581116
2,-0.9436618101875993,-0.31125926971435547
2,0.0,0.039721593260765076
2,0.0,-0.445607990026474
2,-0.6465051297683573,-0.689803421497345
2,-0.5619427681199802,-0.7598986625671387
2,-0.6232492903979008,-0.6109117865562439
2,-0.6197887582883936,-0.5694632530212402
2,-0.3905719708045483,-0.20131242275238037
2,1.1760912590556813,0.8451309204101562
2,-1.3010299956639813,-0.9516504406929016
2,-0.6989700043360187,-0.9516504406929016
2,-2.3979400086720375,-0.8617632985115051
2,-1.0,-1.2193691730499268
2,-1.0,-0.8914523720741272
2,-1.0,-1.2885469198226929
2,-1.3010299956639813,-1.2885469198226929
2,0.37336178276668086,0.6939547061920166
2,-1.173186268412274,-1.3579304218292236
2,-0.7403626894942441,-1.0046566724777222
2,-1.0,-0.5321913361549377
2,-1.0,-0.24200622737407684
2,-0.35793484700045397,-0.4357423186302185
2,-0.09426991684184749,-0.4357423186302185
2,-1.0362121726544444,-0.777571976184845
2,-0.45593195564972433,-0.9944540858268738
2,-0.1938820458332895,-0.42812609672546387
2,1.8908555305749326,1.3407601118087769
2,1.763941633261446,1.1627752780914307
2,-0.9708417712587858,-0.7971094846725464
2,-1.388483767677596,-1.374928593635559
2,-1.230448921378274,-1.4018393754959106
2,-1.64777405026883,-1.3577768802642822
2,0.0,-0.5080371499061584
2,-0.11369943515248693,-0.10858435928821564
2,-0.7533276666586115,-0.5457016229629517
2,-0.8786653876605257,-0.60252845287323
2,-0.9030899869919438,-0.5703249573707581
2,-0.7989348563069356,-0.5571017861366272
2,-0.6690067809585756,-0.7107019424438477
2,-0.42596873227228116,-1.1239358186721802
2,-0.7300042380759866,-0.36200129985809326
2,-0.6464409530598338,-0.579123854637146
2,-0.30102999566398125,-0.4040546715259552
2,-0.31214600056944164,-0.5739763975143433
2,-0.515325607389892,-0.45734721422195435
2,-0.4382031886892923,-0.3429151475429535
2,-0.3484546455921187,-0.481153666973114
2,-0.30102999566398125,-0.462777316570282
2,-0.3405385369476548,-0.35025444626808167
2,0.4871054756262634,0.3665570318698883
2,-1.528273777167044,-1.3573949337005615
2,-0.5528419686577806,-0.34965816140174866
2,-0.7891466346851068,-0.5552247762680054
2,-0.8973376581028525,-0.607003390789032
2,-1.0903975088639175,-1.4392648935317993
2,-1.3868809868172471,-1.3659958839416504
2,-1.5797835966168101,-1.0770792961120605
2,0.6020599913279625,0.27260348200798035
2,-0.7289332277134619,-0.7819851040840149
2,-0.5913361259361896,-0.4553970992565155
2,-0.598653742636051,-0.646942138671875
2,0.0,-0.714128851890564
2,0.0,-0.6096752285957336
2,-0.6166840828366942,-0.6210789084434509
2,-0.5558880976042575,-0.5420510172843933
2,-0.5722550097019159,-0.646942138671875
2,-1.0,-0.7344202399253845
2,-0.7672348358945449,-0.42587992548942566
2,-0.36153312878191635,-0.5990263223648071
2,-0.9837323872855466,-0.593336820602417
2,-0.7132104434506292,-0.29089370369911194
2,-0.35110886000729824,-0.7424940466880798
2,-1.519287394190787,-1.3847256898880005
2,-1.699693225955114,-1.3650274276733398
2,-1.4913616938342722,-1.3148958683013916
2,-1.8148740574083835,-1.2934491634368896
2,-1.6207422042957162,-1.2934491634368896
2,-1.3621130196188096,-1.4059377908706665
2,-1.345700390583442,-1.5295252799987793
2,-1.6300887149282062,-1.3318649530410767
2,-1.3309932190414244,-1.4001084566116333
2,-1.5835765856339492,-1.6415162086486816
2,-1.2106727479357442,-1.3177192211151123
2,-1.6197887582883936,-1.3973459005355835
2,-1.4778825072930193,-1.3975849151611328
2,-1.1760912590556813,-1.3780932426452637
2,-1.1613680022349744,-1.3629789352416992
2,-0.9777236052888476,-1.141357660293579
2,-1.4349235749252074,-1.4001084566116333
2,-1.306425027550687,-1.2443695068359375
2,-1.7455952164279207,-1.4205200672149658
2,-1.5096504795465826,-1.4205200672149658
2,-1.5725812013324862,-1.3642441034317017
2,-1.782353164811413,-1.4179965257644653
2,-1.6174663223693626,-1.4205200672149658
2,-1.2863067388432743,-1.1617692708969116
2,-1.1663314217665244,-1.2965583801269531
2,-1.5824130364264946,-1.2922316789627075
2,-1.5993371329924884,-1.3080345392227173
2,-1.4206723924623326,-1.3911175727844238
2,-1.695481676490198,-1.4205200672149658
2,-1.3129292189636894,-1.3703885078430176
2,-1.3324384599156058,-0.7979530096054077
2,-1.7160033436347994,-1.408603310585022
2,-2.3679767852945943,-1.570408821105957
2,0.6951770153188797,1.86841881275177
2,0.0,0.006466049700975418
2,-0.6482604135760912,-0.6930435299873352
2,0.0,0.2302839607000351
2,-0.6989700043360187,-0.5338708758354187
2,-0.5740312677277188,-0.8199388384819031
2,-0.7373149964122385,-0.9684592485427856
2,-0.9294189257142929,-0.8029994964599609
2,-0.6130553756294255,-0.6363259553909302
2,-0.5954962218255746,-0.6102110147476196
2,-0.7318660629392069,-0.6210789084434509
2,-0.5188198888034705,-0.646665096282959
2,-0.7739952906124863,-0.6451404094696045
2,-1.4395415394615556,-1.0095916986465454
2,0.2730012720637376,0.2184910923242569
2,-1.3010299956639813,-1.1525239944458008
2,0.0,-0.258413165807724
2,-1.3444802558203817,-0.6898698210716248
2,-0.8031681201868599,-0.5865346193313599
2,-0.5786173133193158,-0.6109117865562439
2,-0.7100860092414791,-0.6109117865562439
2,-0.6879746200345549,-0.6577399373054504
2,-0.5696832697124847,-0.6109117865562439
2,-0.13305071898637433,-0.3237157464027405
2,-0.15209098265191479,-0.3237157464027405
2,-0.30102999566398125,-0.9083041548728943
2,1.9323294795010275,1.2254966497421265
2,0.5514499979728749,0.8784976005554199
2,-1.740362689494244,-0.4005211293697357
2,-1.9456423376774072,-0.5576625466346741
2,-1.7569619513137056,-0.7504667043685913
2,0.0,-0.4658338129520416
2,0.0,-0.45899102091789246
2,0.0,-0.35278457403182983
2,-1.1505139038522927,-1.0611156225204468
2,-0.653212513775344,-0.4438605308532715
2,0.3800615256317279,0.10924036800861359
2,-1.1461280356782373,-0.648568332195282
2,-1.1760912590556813,-1.2363656759262085
2,-0.8239087409443187,-1.179520606994629
2,-1.204119982655925,-1.1284257173538208
2,-0.672097857935718,-1.183793544769287
2,-0.4432453729278514,-0.6397755742073059
2,-1.0,-1.0698716640472412
2,-1.0,-1.3115479946136475
2,-0.8550907278940816,-0.4837431311607361
2,-0.6783300974733155,-0.5577094554901123
2,-1.4771212547196626,-1.2399946451187134
2,-0.18184358794477262,-0.4488024115562439
2,-2.0413926851582254,-1.3926588296890259
2,-1.3802112417116064,-1.3971394300460815
2,-1.3273589343863295,-1.2987693548202515
2,1.2309713024148268,1.0421597957611084
2,0.42579681672523595,0.42227956652641296
2,0.0,-0.40630805492401123
2,-1.5844523833812616,-1.4484004974365234
2,-0.5882717068423293,-1.7853684425354004
2,-1.46344155742847,-1.4171960353851318
2,-1.5440680443502757,-1.131799340248108
2,-1.0457574905606748,-0.9320434331893921
2,-1.3341402942756098,-1.3967844247817993
2,-1.269512944217916,-1.183793544769287
2,-1.5051499783199063,-1.469456434249878
2,-1.434616003271386,-1.2335453033447266
2,-1.3010299956639813,-1.200755000114441
2,-1.5567331348946913,-1.4535056352615356
2,-2.061536246949716,-1.4535056352615356
2,-1.3601514477826377,-1.350548505783081
2,-0.3133971826694042,-0.5975863337516785
2,-1.249198357391113,-1.4106805324554443
2,-1.3010299956639813,-1.2065154314041138
2,-1.249198357391113,-1.2409404516220093
2,-1.3511088600072982,-1.350548505783081
2,-0.4514759214932562,-0.5975863337516785
2,-1.5364682557823155,-1.3967844247817993
2,-1.3135157072120407,-0.6005493998527527
2,1.7558748556724915,1.4106054306030273
2,-2.136720567156406,-1.4171960353851318
2,-0.4330536280883628,-0.40334564447402954
2,-1.442513126296456,-1.4171960353851318
2,-1.7317625177323261,-1.2795321941375732
2,-0.34145865271958975,-0.45525652170181274
2,0.0,-0.27756980061531067
2,0.0,-0.27756980061531067
2,-0.23855876556918343,-0.23736049234867096
2,0.08804493295993954,-0.3617960512638092
2,-1.3862016054007933,-1.3281686305999756
2,-1.6964812039323238,-1.5891934633255005
2,-1.4471580313422185,-0.8722729682922363
2,-0.22724378150306102,-0.2653181552886963
2,0.00465735811267276,-0.11566786468029022
2,-0.10661949439456464,-0.23007188737392426
2,-0.2789761829079378,-0.048107121139764786
2,0.0,-0.45187219977378845
2,0.47856329638292383,0.34851154685020447
2,-1.2263963773670774,-1.028100609779358
2,-0.8325089127062366,-0.6330556273460388
2,-1.3521825181113627,-1.3187904357910156
2,0.0,-0.20472104847431183
2,-1.4522976709946303,-1.3797792196273804
2,-0.30102999566398125,-0.3636726140975952
2,0.7883704155653293,1.3277935981750488
2,1.151267675330649,0.8506351709365845
2,0.8538719643217618,0.6608474850654602
2,0.0,0.22176828980445862
2,-0.8016323462331663,-1.0737402439117432
2,-1.3891660843645326,-1.0533032417297363
2,-0.15490195998574308,-0.0673985704779625
2,-0.5854441338464147,-0.28062593936920166
2,-0.15490195998574308,-0.399099200963974
2,-1.6434526764861879,-1.4003618955612183
2,-0.5947607525864624,-0.646942138671875
2,0.2689756201843121,0.3340233564376831
2,0.436497728992185,0.23507145047187805
2,0.25422278211024096,0.37197718024253845
2,0.0,0.2580246925354004
2,0.0,0.28020530939102173
2,0.22515138516644218,0.3161981701850891
2,1.247183568811728,0.2580246925354004
2,0.2863410853561561,0.3122623860836029
2,0.3958163150421816,0.36024555563926697
2,-0.2152181707173435,0.24708203971385956
2,0.06299448495434934,0.32770586013793945
2,0.6517613292186208,0.5692353248596191
2,0.0,0.35024553537368774
2,0.0,0.2755930423736572
2,0.7496315210986477,0.3324219286441803
2,0.7347714789456772,0.36024555563926697
2,0.38945759571829885,0.3324219286441803
2,1.6179829574251317,0.7623021602630615
2,0.5208292648142576,0.3324219286441803
2,0.04053354643708662,0.5542886853218079
2,0.12666575210534692,0.5047925114631653
2,0.39538854403305557,0.3453323245048523
2,0.571379327328061,0.45394670963287354
2,-0.8750612633917001,-0.6902419924736023
2,-0.4375301220789325,-0.19612058997154236
2,-0.7898641211887929,-0.6291808485984802
2,-1.0,-1.0773035287857056
2,-0.09400502236464892,0.6058714985847473
2,-1.0,-0.5386431813240051
2,0.17463880404736631,0.3759003281593323
2,-0.6567290874981806,-0.6104064583778381
2,0.7232996763759854,0.5483132600784302
2,-1.8765065042658806,-1.2777918577194214
2,-1.1180993120779945,-0.5627639293670654
2,-1.2218487496163561,-1.1284257173538208
2,-0.21075871684946446,-0.4649810791015625
2,-0.6630574484453744,-0.5765658617019653
2,-1.7781512503836439,-1.511453628540039
2,-0.7998705000768798,-0.4837431311607361
2,-1.304634119932806,-1.0617440938949585
2,-1.3010299956639813,-0.864490807056427
2,-1.8822398480188234,-1.4055595397949219
2,-1.672097857935717,-1.3647449016571045
2,-0.3494864174906427,-1.3717081546783447
2,-0.8010296743210459,-0.9979541897773743
2,-1.3010299956639813,-1.1493313312530518
2,-1.3010299956639813,-1.0398142337799072
2,-1.1505139038522927,-1.0320415496826172
2,-0.8494839081883114,-1.2324879169464111
2,-0.30102999566398125,-0.8686627745628357
2,-1.1505139038522927,-1.4156839847564697
2,-0.6020599913279625,-1.0709813833236694
2,-1.0,-0.9910070300102234
2,0.0,-1.132464051246643
2,-2.6989700043360187,-0.8554664850234985
2,-1.0,-1.2783337831497192
2,-0.8494850736397348,-1.2783337831497192
2,-1.0,-1.1884466409683228
2,-1.1505139038522927,-1.2311828136444092
2,-1.3010299956639813,-1.4624295234680176
2,-1.1505139038522927,-1.3511133193969727
2,-1.3010299956639813,-1.1049349308013916
2,-1.1505139038522927,-1.2456310987472534
2,-1.0,-1.1352089643478394
2,-1.0,-1.0422552824020386
2,-1.0,-1.2043867111206055
2,-0.30102999566398125,-1.133550763130188
2,-1.3010299956639813,-1.2043867111206055
2,-1.0,-1.098145604133606
2,-2.1505139038522927,-1.206968069076538
2,-1.3010299956639813,-1.0488940477371216
2,-1.3010299956639813,-1.2863779067993164
2,-1.3010299956639813,-1.2117258310317993
2,-1.3010299956639813,-1.093997597694397
2,-2.1505139038522927,-1.0999627113342285
2,-1.3010299956639813,-1.2284976243972778
2,-1.1505139038522927,-1.178363561630249
2,-1.1760912590556813,-1.0780138969421387
2,-1.3802112417116064,-1.0845144987106323
2,-0.26681589513288007,-0.35014137625694275
2,-1.3257703732422108,-0.890471339225769
2,-0.9542425094393252,-0.7082048058509827
2,-2.0627908298594555,-1.7392228841781616
2,-2.1303337684950057,-1.8523229360580444
2,-1.4293484729236612,-1.6236399412155151
2,-1.7323937598229682,-1.6135393381118774
2,-1.6989700043360187,-1.78285551071167
2,-2.01598810538413,-1.8202472925186157
2,-0.4771212547196626,-0.5398267507553101
2,-1.3010299956639813,-1.0422552824020386
2,-0.9783383627425621,-1.1358749866485596
2,-0.03950854128367354,-0.43019217252731323
2,0.0,-0.19785965979099274
2,0.0,-0.4097060263156891
2,-1.0211892990699383,-0.890471339225769
2,-0.8514692224701967,-0.9976628422737122
2,-1.079181246047625,-0.6783376932144165
2,-0.5411035653865364,-0.45317521691322327
2,-1.5499369780143732,-1.4788228273391724
2,-0.6754889084864963,-0.527064859867096
2,-1.2026502875751488,-1.559745192527771
2,0.18499212056651704,0.29756826162338257
2,0.5641359674050559,0.3324219286441803
2,0.0,-0.4063805341720581
2,-1.026328938722349,-0.7005457878112793
2,-0.34948628751527444,-0.12915708124637604
2,-0.19896832053217395,-0.3011974096298218
2,-0.643452676486187,-0.9913800954818726
2,-1.4177484020255902,-1.5309284925460815
2,-0.22184874961635614,-0.5772561430931091
2,-1.3891660843645326,-1.360154628753662
2,-1.361727836017593,-1.3600596189498901
2,0.05368485896277697,-0.11672152578830719
2,-0.9477603819114044,-1.3361235857009888
2,-0.04324165741713237,-0.06153158098459244
2,-0.05435766232259276,0.3219183087348938
2,0.10523540179218838,-0.08139089494943619
2,-0.1321173212354232,-0.06927615404129028
2,0.17710898483871063,-0.13308319449424744
2,-0.103219486915064,0.009981079027056694
2,0.012964977164368285,-0.07542901486158371
2,-0.2604121447557173,-0.048500314354896545
2,0.05115252244738144,0.05717138200998306
2,0.05115252244738144,0.09837786853313446
2,0.048304679574554754,-0.13180841505527496
2,0.5383909114585856,-0.14901193976402283
2,-0.06305174574708872,-0.17771348357200623
2,0.045757490560674796,0.20419907569885254
2,-0.42881657514510785,-0.18025833368301392
2,-0.3819886947675881,-0.6793219447135925
2,0.0,-0.17480319738388062
2,0.0,-0.14872479438781738
2,0.0,-0.16669991612434387
2,0.0,-0.17974644899368286
2,0.0,-0.16669991612434387
2,0.0,-0.17974644899368286
2,0.0,-0.2633824646472931
2,0.5161539089494696,0.3097386062145233
2,0.6816274485899259,0.36024555563926697
2,0.6872467388148911,0.36090824007987976
2,0.0,-0.09016001969575882
2,-0.3701809521413173,-0.3315092921257019
2,0.19897007056545224,-0.5409120321273804
2,0.0,-0.09019678086042404
2,-0.5728818330508298,-0.5791094303131104
2,-1.3010299956639813,-1.3532766103744507
2,-0.7403626894942441,-0.36564168334007263
2,-0.9542425094393252,-0.7115652561187744
2,-0.8129133566428557,-0.9291264414787292
2,0.17567887514922909,0.3083444833755493
2,-0.7403626894942441,-0.45415911078453064
2,-0.7403626894942441,-0.43753817677497864
2,-1.163502131747661,-1.251502275466919
2,-0.23855876556918343,-0.2174295336008072
2,-0.6197887582883936,-0.2095523178577423
2,-0.3332146790353825,-0.22634358704090118
2,0.10319830233507865,0.28125232458114624
2,-1.4149733479708182,-1.3600596189498901
2,0.09017663034908807,0.5685797929763794
2,1.0969100130080562,0.8782058358192444
2,1.1962946451439684,0.6298810243606567
2,0.0,-0.21267180144786835
2,0.3494856763830949,-0.5596578121185303
2,1.0431024990135827,0.5100032687187195
2,-1.0,-0.45430102944374084
2,0.0,-0.23590664565563202
2,0.0,-0.06646449118852615
2,0.0,-0.20858478546142578
2,-0.30102999566398125,-0.8269177079200745
2,-0.6989700043360187,-0.8269177079200745
2,-2.3979400086720375,-0.737030565738678
2,0.0,-0.6806132793426514
2,0.0,-0.35269609093666077
2,-1.0,-0.749791145324707
2,0.0,0.6208961606025696
2,0.7602607858886188,0.3324219286441803
2,0.8870600239159199,0.15523695945739746
2,-1.0,-0.6759304404258728
2,-1.318063334962762,-0.9400204420089722
2,1.6640579802891544,0.7233546376228333
2,-1.365903776671729,-1.1915720701217651
2,-0.9851762236829753,-1.3681248426437378
2,-0.30102999566398125,-0.3226826786994934
2,-0.5797835966168101,-1.320783019065857
2,-0.39194964498285056,-0.6537107825279236
2,-1.0969100130080562,-0.6537167429924011
2,-0.7472746839105735,-0.5248706340789795
2,0.3979400086720375,0.12467435747385025
2,-1.3511966051297115,-0.5472739338874817
2,-1.3765769570565123,-1.209413766860962
2,0.0,-0.29124483466148376
2,0.5301779840218366,0.5596298575401306
2,0.7420815496859419,0.6107994914054871
2,-0.011437917752548543,0.1906908005475998
2,-1.3010299956639813,-0.8143350481987
2,-0.028456562779072492,0.6564847230911255
2,0.27147475210226535,0.7076543569564819
2,0.9309190808567012,0.4852319657802582
2,0.8476754629020675,0.48190802335739136
2,-1.518513939877888,-1.04118013381958
2,-1.518513939877888,-1.0221701860427856
2,-1.0443762570945339,-0.6649089455604553
2,-1.195613398758156,-0.8415557742118835
2,-0.5541035366673484,-0.28577911853790283
2,-0.7056005832350314,-0.5664430856704712
2,-0.8311920126834114,-0.8188272714614868
2,0.8057955484803827,0.44919905066490173
2,0.8956496623437697,0.4128860831260681
2,-1.207980403469163,-0.501308262348175
2,-1.3424226808222066,-0.7735050320625305
2,-0.8450980400142569,-0.9386386871337891
2,-0.3309932190414244,-0.4623354971408844
2,-0.9057300831581516,-0.49926432967185974
2,0.0,-0.42465564608573914
2,1.0612766682173884,0.7431761622428894
2,0.0,0.49018535017967224
2,0.2258937820265059,0.31685155630111694
2,-0.4375301220789325,-0.11977113783359528
2,-0.6566307997724685,-0.6284891366958618
2,-0.500602350569185,-0.6626986265182495
2,-1.230448921378274,-0.11587850749492645
2,-0.8803900968967664,-0.6713050603866577
2,-0.48811663902112556,-0.6636788249015808
2,-0.6557448502907386,-0.5003280639648438
2,-0.842392146638332,-0.6701235175132751
2,0.211230822627817,-0.6462879180908203
2,-0.4637572931616809,-0.585028886795044
2,-0.8808135922807914,-0.740772545337677
2,-0.8450980400142569,-0.5697956681251526
2,-0.7569619513137056,-0.6462879180908203
2,-1.0170333392987807,-0.7241775393486023
2,-0.8205550989367305,-0.652775228023529
2,-0.460730838531493,-0.8004334568977356
2,-0.9393021596463882,-0.7874972820281982
2,-0.7781512503836439,-0.632498562335968
2,-1.0,-0.5791424512863159
2,-0.9857595608853895,-0.6330556273460388
2,-0.8372727025023003,-0.6330556273460388
2,-0.798354636471931,-0.6447655558586121
2,-0.7639108112690334,-0.5086621642112732
2,-0.6575773191777934,-0.6474444270133972
2,-0.7136932611567257,-0.626503586769104
2,-0.7147642715192504,-0.6506239771842957
2,-0.445712790468038,-0.6330556273460388
2,-0.6374519664168048,-0.6330556273460388
2,-0.795880017344075,-0.594244658946991
2,-0.9652378937407882,-0.6429977416992188
2,-0.6847295652214083,-0.521777868270874
2,-0.8096683018297082,-0.4157187342643738
2,-0.5177391056279266,-0.5042095184326172
2,-0.6917914197088955,-0.6219428777694702
2,-0.24303804868629442,-0.6330556273460388
2,-0.8200136970607943,-0.7384827136993408
2,-0.5698753079565613,-0.6841033697128296
2,0.0,-0.07822611182928085
2,-0.42276359239706984,-0.5788276791572571
2,0.0,0.25991910696029663
2,-0.8124792791635365,-0.726380467414856
2,-0.7844001996606451,-0.6912073493003845
2,-1.1875207208364635,-1.183793544769287
2,-1.653212513775344,-1.469456434249878
2,0.0,-0.4536883234977722
2,-0.7403626894942441,-0.5508762001991272
2,-0.7403626894942441,-0.3393271565437317
2,-1.0,-0.5629352331161499
2,-1.0,-0.4264286160469055
2,0.0,-0.5550777316093445
2,0.0,-0.5116617679595947
2,0.6020599913279625,1.185698390007019
2,-1.1461280356782382,-1.2213544845581055
2,-0.4375301220789325,-0.191425621509552
2,-0.45154571957920364,-0.4255591034889221
2,-0.3979400086720375,-0.10016894340515137
2,0.5484037989829966,0.5692828893661499
2,-0.7781512503836439,-0.5017285346984863
2,-0.30102999566398125,-0.5466886162757874
2,-0.19897007056545224,-0.19687579572200775
2,-0.38907632175972306,-0.2383332997560501
2,-0.4375318721122108,-0.2024277150630951
2,-0.15051493100552538,-0.03398535028100014
2,-0.19897007056545224,-0.1983766108751297
2,0.0,-0.25700196623802185
2,-0.4375301220789325,-0.3462444841861725
2,0.0,-0.0999230444431305
2,0.03959044503700948,-0.27773013710975647
2,-0.03959044503700948,-0.18620489537715912
2,0.0,-0.31476065516471863
2,0.0,-0.13339199125766754
2,-0.4375301220789325,-0.3530079126358032
2,-0.30102999566398125,-0.4144792854785919
2,-0.09691001300805624,-0.457033634185791
2,0.0,-0.18912266194820404
2,-0.6020599913279625,0.12129414081573486
2,-0.2525756490137514,-0.2169695347547531
2,-0.19896832053217395,-0.20472104847431183
2,0.03959044503700948,-0.10570357739925385
2,-0.03959044503700948,-0.2623828649520874
2,0.0,-0.1708008497953415
2,0.0,-0.20472104847431183
2,0.03959044503700948,-0.22284896671772003
2,0.30102999566398125,-0.20472104847431183
2,-0.08804493295993954,-0.21727736294269562
2,0.0,-0.09542739391326904
2,0.0,-0.23152540624141693
2,0.0,-0.2025204747915268
2,0.0,-0.3558385670185089
2,0.0,-0.06491638720035553
2,0.0,-0.13856127858161926
2,-0.3979400086720375,-0.02483631856739521
2,0.0,-0.22981038689613342
2,-1.4771212547196626,-1.0292633771896362
2,-1.346787486224656,-1.1327052116394043
2,-1.0791812460476242,-1.1296124458312988
2,-1.653212513775344,-1.2936508655548096
2,-0.970795845024286,-1.1822068691253662
2,-1.3657553253006363,-1.2936508655548096
2,-1.8698833244772235,-1.32704758644104
2,-1.5622928644564746,-1.2462443113327026
2,-1.4738799660368604,-1.2730976343154907
2,-1.6989700043360187,-1.272685170173645
2,-1.2218487496163561,-1.200755000114441
2,-1.5642714304385628,-1.350996494293213
2,-1.740362689494244,-1.4031161069869995
2,-1.6989700043360187,-1.4446210861206055
2,-1.2552725051033065,-1.3971394300460815
2,-1.4771212547196626,-1.4809306859970093
2,-1.5096504795465826,-1.4106805324554443
2,-1.672097857935717,-1.245952844619751
2,-1.349585478950286,-1.295445442199707
2,-0.7708520116421447,-1.2462443113327026
2,-1.4259687322722812,-1.3483834266662598
2,-1.8061799739838875,-1.3991588354110718
2,-1.5622928644564746,-1.2846976518630981
2,-1.500602350569185,-1.243512749671936
2,-1.6368220975871743,-1.3072645664215088
2,-1.4771212547196626,-1.1338595151901245
2,-1.4771212547196626,-1.3187904357910156
2,-1.3869446243705745,-1.3396482467651367
2,-1.3010299956639813,-1.3312733173370361
2,-1.0,-1.1915720701217651
2,-1.5228787452803374,-1.4639557600021362
2,-1.7323937598229682,-1.5020111799240112
2,-1.3010299956639813,-1.3600596189498901
2,-1.1760912590556813,-1.2730892896652222
2,-0.9030899869919438,-1.1937819719314575
2,-0.8900183566879223,-1.0450763702392578
2,-1.3010299956639813,-1.0765241384506226
2,-1.4944924455175173,-0.982648491859436
2,-1.3841949163398928,-1.2555292844772339
2,-1.5888317255942077,-1.1668815612792969
2,-0.7509990043400281,-1.1507185697555542
2,-1.6989700043360187,-1.262104868888855
2,-1.5993371329924893,-1.3708449602127075
2,-1.3424226808222057,-1.517499566078186
2,-1.4522976709946303,-1.2748810052871704
2,-1.3010299956639813,-1.4154527187347412
2,-1.2787536009528289,-1.3188139200210571
2,-1.4673614174305056,-1.209413766860962
2,-1.4259687322722812,-1.2414554357528687
2,-0.989004615698537,-1.1312742233276367
2,-1.1638846858194372,-1.1829729080200195
2,-0.9330532103693869,-0.7098572254180908
2,-0.5965237907934897,-1.0834048986434937
2,-0.8635031026969804,-1.0091625452041626
2,-1.4259687322722812,-1.3028289079666138
2,-1.6989700043360187,-1.5769346952438354
2,-1.9542425094393252,-1.3720625638961792
2,-1.6020599913279625,-1.5439984798431396
2,-1.8538719643217618,-1.6453628540039062
2,-1.1903316981702918,-1.5482375621795654
2,-1.8325089127062366,-1.4459937810897827
2,-1.672097857935717,-1.3949888944625854
2,-1.539912084579118,-1.248974084854126
2,-1.5515855244155112,-1.4439858198165894
2,0.05338452113950165,0.23528197407722473
2,-0.008889378689054261,0.5072234272956848
2,-0.014459282395584694,0.4584939181804657
2,0.4480806748140447,0.3090759515762329
2,0.20727086333488298,0.1627923846244812
2,0.1685781829349775,0.2167780101299286
2,-0.09691001300805624,-0.18358241021633148
2,0.07918124604762511,-0.1356075257062912
2,-0.24144430567973707,-0.5136106014251709
2,0.739457594727118,0.6268059015274048
2,0.311867744492071,0.41523072123527527
2,0.18953254350015936,0.35191041231155396
2,0.9140327646090833,0.5215109586715698
2,0.42376472293646295,0.47954288125038147
2,-0.04915992695985505,0.2941627502441406
2,0.37398787754650886,0.3453323245048523
2,0.05115252244738144,0.4571550190448761
2,0.09309638912348284,0.20567142963409424
2,0.504964353119516,0.4631607234477997
2,0.473228566892149,0.44771724939346313
2,0.9024826292148989,0.4227220416069031
2,0.5511585763075146,0.6877419352531433
2,0.09347640971467452,0.42035111784935
2,0.0,0.5804044008255005
2,0.23888208891513685,0.08073185384273529
2,0.21075196571557608,0.22531549632549286
2,0.14304465902613295,-0.09812325984239578
2,0.6447927479487232,0.5215109586715698
2,0.007004901568658184,0.23232217133045197
2,-0.8129133566428557,-1.2373569011688232
2,-1.9632530916138462,-1.5814411640167236
2,-1.5740312677277188,-1.0005043745040894
2,-1.0,-0.7444710731506348
2,-0.6989700043360187,-1.0791184902191162
2,-0.8129133566428557,-1.103742241859436
2,-0.834171816391641,-1.1234341859817505
2,-0.3729120029701072,-0.5021205544471741
2,-1.1832698436828046,-0.618154764175415
2,-1.1362197470179893,-0.6926055550575256
2,-0.8973376581028525,-0.9929251074790955
2,-1.3631779024128257,-1.141445517539978
2,0.21085336531489318,-0.046529900282621384
2,0.30102999566398125,-0.049226369708776474
2,-0.07463361829690385,-0.05666186287999153
2,0.33459734331024915,0.0164998397231102
2,0.14266750356873104,-0.07652482390403748
2,0.24864192620429204,-0.030583417043089867
2,0.24303804868629442,-0.13529464602470398
2,0.13587872267231305,-0.11524587124586105
2,-0.8985423592412225,-0.6701288223266602
2,-0.3148656857969785,-0.28085148334503174
2,-0.7080611817826883,-0.5187573432922363
2,-0.33538263205625984,-0.25004804134368896
2,-0.1389494510511149,-0.3939792215824127
2,-0.4313637641589869,-0.3873231112957001
2,-0.1353106860769584,-0.41223791241645813
2,-0.4988405044128985,-0.46022775769233704
2,-0.5581545056288801,-0.47133731842041016
2,-0.5228787452803374,-1.7565165758132935
2,-0.8628809888076958,-0.6609867811203003
2,-0.487381217643696,-0.4869649410247803
2,-0.9509145660903977,-0.8899444341659546
2,-1.1062836390828732,-0.5391110777854919
2,2.2730012720637376,1.901126742362976
2,-0.6989700043360187,-1.2127331495285034
2,-1.8299466959416364,-1.2391612529754639
2,-1.6312182200691758,-1.3069267272949219
2,-0.4771212547196626,-1.1673052310943604
2,-0.720159303405957,-1.27422297000885
2,-1.0,-0.7576184272766113
2,-2.5477747053878224,-2.0197243690490723
2,-1.5096504795465817,-1.7853684425354004
2,-1.633468455579587,-1.7886924743652344
2,-1.6967930850817439,-1.827545404434204
2,-1.4819201376014313,-1.8043357133865356
2,-1.9637878273455556,-2.0197243690490723
2,-0.3064250275506879,-1.8917250633239746
2,-0.8129133566428557,-1.1359138488769531
2,-0.9294189257142929,-1.0086958408355713
2,-1.1461280356782382,-1.0381801128387451
2,-1.0211892990699383,-0.7480301260948181
2,-0.8450980400142569,-1.1618094444274902
2,0.045757490560674796,-1.401654839515686
2,-1.113943352306837,-1.2912251949310303
2,-1.1461280356782382,-1.3570460081100464
2,-1.2552725051033065,-1.4844306707382202
2,-0.8239087409443187,-1.0607967376708984
2,-0.6989700043360187,-1.0998553037643433
2,-1.271066772286538,-1.0505062341690063
2,-1.016711483485187,-1.6318010091781616
2,-0.07918124604762511,-1.4264150857925415
2,-1.518513939877888,-1.3844703435897827
2,-1.571798386295427,-1.4117753505706787
2,-2.027122999639219,-1.5615007877349854
2,-1.955206537541942,-1.5634222030639648
2,-1.9934362304976112,-1.5239194631576538
2,-1.0,-0.3354630470275879
2,-1.0,-0.007546150125563145
2,-1.0662755460937365,-0.988166868686676
2,-1.0969100130080562,-1.2089544534683228
2,-0.30102999566398125,-1.0782073736190796
2,-1.8559109092964743,-1.3792834281921387
2,-1.0,-0.7849522829055786
2,-0.7886034270071542,-0.5870208144187927
2,-0.9678153166285988,-0.7339450120925903
2,-0.4637572931616809,-0.5448556542396545
2,-1.1505139038522927,-1.0102941989898682
2,-1.0,-1.1348356008529663
2,-1.0,-0.8069189190864563
2,-0.4181433947603246,-0.3751576840877533
2,-0.3489535479811643,-0.6110271215438843
2,-0.48148606012211204,-0.776951253414154
2,-1.2041195220169634,-0.9156758189201355
2,-1.8808135922807914,-1.2796871662139893
2,-1.0700378666077546,-1.0414745807647705
2,-1.3010299956639813,-0.9207602143287659
2,-1.113943352306837,-0.9359080791473389
2,-0.5331418207276597,-0.7998149991035461
2,-0.7781512503836439,-0.7234241962432861
2,-0.9030899869919438,-1.0249512195587158
2,-0.7900504736833511,-1.0058294534683228
2,-0.7496627125722055,-0.79510498046875
2,-0.8908555305749317,-0.8790945410728455
2,-1.0433460369455343,-0.7736606001853943
2,-1.345700390583442,-1.1245783567428589
2,-0.7649984701971482,-0.7868622541427612
2,-1.4161237976022498,-1.2489166259765625
2,-0.39750477113913085,-0.895602285861969
2,-1.24177739618455,-0.5560812950134277
2,-1.3263358609287517,-1.309043526649475
2,-1.0731070983354316,-0.5975863337516785
2,-1.4281347940287885,-1.350548505783081
2,-1.1159511898262942,-0.6220347285270691
2,-1.2174839442139058,-1.3749970197677612
2,-1.0421661394711244,-0.5975863337516785
2,-1.4149733479708182,-1.2478183507919312
2,-1.3350882209232404,-1.2308381795883179
2,-0.5056147129623305,-0.6158994436264038
2,-1.3909351071033793,-1.3688616752624512
2,-1.079181246047625,-0.9096873998641968
2,-0.7893594719752786,-1.0510226488113403
2,-1.0633869788643926,-1.0227842330932617
2,-0.8964186656113675,-1.0875319242477417
2,-1.199601769708555,-1.0545110702514648
2,-1.4771212547196626,-0.9141634702682495
2,-1.4216039268698313,-1.2736525535583496
2,-1.500602350569185,-1.4238709211349487
2,-0.6863808770279984,-1.2901114225387573
2,-0.9700367766225568,-1.0737402439117432
2,-1.346787486224656,-1.060804009437561
2,-1.0453229787866576,-0.9445845484733582
2,-0.8538719643217618,-0.849682629108429
2,-0.6020599913279625,-0.9638383388519287
2,-1.1760912590556813,-0.9636844396591187
2,-0.3979400086720375,-0.48418205976486206
2,-0.7132104434506292,-0.8665211796760559
2,-1.1047353505200128,-0.6551163792610168
2,-1.164810248645992,-0.8609139323234558
2,-0.6020599913279625,-0.5251307487487793
2,-0.8386319977650247,-0.5093516707420349
2,-0.7070878945581978,-0.4741377830505371
2,-0.7206892540292547,-0.7882612943649292
2,-0.30102999566398125,-0.5835729837417603
2,-0.4452738874676685,-0.6365678310394287
2,-0.44313675740929437,-0.7457714080810547
2,-0.4581545730397769,-0.6908142566680908
2,-0.6812412373755876,-0.5034710168838501
2,-0.6924391371770602,-0.5411633253097534
2,-1.269512944217916,-0.6877485513687134
2,-0.06454790588958392,-0.29873260855674744
2,-0.5740312677277188,-0.37838998436927795
2,-0.7634279935629378,-0.7659534215927124
2,-1.1383026981662816,-1.1591087579727173
2,-0.8450980400142569,-1.1241819858551025
2,-1.3546346542409058,-1.0093858242034912
2,-0.9065783148377653,-1.2322806119918823
2,-0.8846065812979305,-1.2193443775177002
2,-1.0655015487564325,-1.002317190170288
2,-1.079181246047625,-1.261206030845642
2,-1.0,-1.1977448463439941
2,-0.6320232147054057,-1.282617449760437
2,-1.3565473235138121,-1.6199883222579956
2,-2.6020599913279625,-1.8460025787353516
2,-2.431363764158987,-1.7465109825134277
2,-2.2671717284030137,-1.8682348728179932
2,-1.6320232147054057,-1.629254698753357
2,-1.3716110699496884,-1.4608712196350098
2,-1.5994358475018133,-1.5835298299789429
2,-1.5468790216841048,-1.4418694972991943
2,-0.8381491800589291,-0.889697790145874
2,-1.3541084391474012,-1.3857033252716064
2,-1.6812412373755876,-1.4140703678131104
2,-2.204119982655925,-1.2838270664215088
2,-0.32605800136591245,-1.2935705184936523
2,-0.7825160557860933,-1.5210989713668823
2,-0.8450980400142569,-1.0902984142303467
2,-1.0,-1.1938438415527344
2,-0.8189453214127687,-0.6693652272224426
2,-0.31527043477859173,-0.6693652272224426
2,-0.6709412807357751,-0.6531699299812317
2,-0.9866360384420183,-0.6520677804946899
2,-0.9110589166632197,-0.45746007561683655
2,-0.5477023290053697,-0.46078401803970337
2,-0.5772364076029302,-0.5464890599250793
2,-0.4637572931616809,-0.6693652272224426
2,-0.5440697772466896,-0.6660412549972534
2,-0.9030899869919438,-0.6660412549972534
2,-0.8473898367938411,-0.6693652272224426
2,-0.9744458955276123,-0.6693652272224426
2,-2.236572006437063,-0.5371951460838318
2,-0.981114655839626,-0.45746007561683655
2,-0.9565343062189093,-0.37229347229003906
2,-0.8402991571324883,-0.682029664516449
2,-0.5402528413497603,-0.6175384521484375
2,0.1249387366082999,0.3463349938392639
2,0.5440680443502757,0.9236826300621033
2,0.34678748622465605,0.6161348223686218
2,0.6255410871774849,0.3824244439601898
2,-0.7388415163737116,-0.5607746243476868
2,-0.8715984310129157,-0.4533733129501343
2,-0.5676910896966998,-0.8106207847595215
2,0.0,-0.7070954442024231
2,-0.20383146568774357,-0.1731623113155365
2,-0.1249387366082999,-0.18496975302696228
2,-0.6417073513700187,-0.15319658815860748
2,0.0,0.030843045562505722
2,0.0,0.06898051500320435
2,0.0,0.06244070082902908
2,0.045757490560674796,0.08642574399709702
2,0.0,0.03336915001273155
2,1.0413926851582254,1.218773365020752
2,-0.7509990043400281,-0.855914831161499
2,0.7781512503836439,0.6747699975967407
2,-0.9692196654089775,-0.6066274642944336
2,0.0,-0.17373774945735931
2,1.142667503568731,0.841806948184967
2,1.5191825997203736,0.841806948184967
2,0.6340291974030041,0.7021358013153076
2,-0.3979400086720375,0.564173698425293
2,0.08804772997273602,0.7895987033843994
2,0.9286677731244328,0.7022286653518677
2,0.9637878273455556,0.66752690076828
2,1.3583474489749054,0.825411319732666
2,-0.5880452543028749,-0.4807974398136139
2,0.0,-0.3675674498081207
2,-0.9119546794676916,-0.42270317673683167
2,-0.8890752499668562,-0.5166761875152588
2,-0.22184874961635614,-0.4604416787624359
2,-0.8239087409443187,-0.4158502519130707
2,-0.5565946956038967,-0.44979146122932434
2,-0.30468545801217406,-0.4295668303966522
2,-1.1069756794991905,-0.40656572580337524
2,-0.08414466557917422,-0.5260928273200989
2,-0.8980104614626683,-0.8154225945472717
2,0.0,0.2376776784658432
2,0.0,0.2567884922027588
2,0.0,0.03497600182890892
2,0.0,0.01703205518424511
2,0.0,0.12407638132572174
2,0.7403626894942441,0.06967084109783173
2,-0.7670858242334839,-0.8159366250038147
2,-0.7191733904243058,-0.6422731876373291
2,-0.8379194553871336,-0.49842047691345215
2,-0.15970084286751174,-0.4287315011024475
2,-0.6932176754469275,-0.765328586101532
2,-0.6594614630523452,-0.4935357868671417
2,-0.6600519383056493,-0.6625027060508728
2,-0.7346855566025532,-0.6610240936279297
2,-0.5228787452803374,-0.7255218625068665
2,-0.8834944309285628,-0.4329372048377991
2,-1.2126080928814442,-1.0630831718444824
2,-0.9444826721501691,-0.8611453771591187
2,-0.9736710612776509,-0.8882845044136047
2,-0.9269790626571934,-0.3323817253112793
2,-0.1439065756842801,-0.5439808964729309
2,0.0,-0.7309204339981079
2,0.0,-0.2957399785518646
2,-1.5081554884596313,-1.183695673942566
2,-0.653212513775344,-0.9958719611167908
2,-0.8750612633917001,-1.2379202842712402
2,-1.2405492482825995,-1.1738052368164062
2,-1.1026623418971475,-1.117531180381775
2,-0.6225816584725639,-0.823907196521759
2,-0.4237472722783231,-0.5963554978370667
2,-0.8291099346301269,-1.177607774734497
2,-0.773216032708131,-0.7971094846725464
2,-0.8816918422907127,-0.8194752335548401
2,-0.7367585652254185,-0.8689649701118469
2,-1.1201398537265312,-0.8391200304031372
2,-1.2582780152430315,-0.8757749795913696
2,-0.5650764250747926,-0.648044764995575
3,-0.8750612633917001,-0.8209370374679565
3,-0.714033750771895,-0.7705848217010498
3,-1.1861083798132057,-1.6738659143447876
3,-1.4427036899159686,-1.4100040197372437
3,-1.126177808723848,-0.7571753263473511
3,-1.5543957967264026,-0.7623149752616882
3,-1.0441226751758466,-0.7338624596595764
3,0.0,0.22583739459514618
3,-0.1797179563893998,-0.5796837210655212
3,0.0,0.1600770354270935
3,0.0,-0.07860253751277924
3,-2.002705893375925,-0.9688276648521423
3,-1.0,-0.4045632779598236
3,-1.2382391658045258,-1.457302212715149
3,-1.6798987495000786,-1.500688076019287
3,0.0,-0.033100541681051254
3,-0.5642714304385628,-0.8722310662269592
3,0.0,-0.12192071229219437
3,-0.4740301777425202,-0.519188642501831
3,-1.653212513775344,-1.6009540557861328
3,-0.4175355647354184,-0.6698001027107239
3,-0.3347131088665538,-0.6698001027107239
3,-0.5051499783199054,0.06855986267328262
3,-2.6368220975871743,-2.023944854736328
3,0.38021124171160636,-0.33489301800727844
3,-0.39752826612063075,-0.1509876251220703
3,-1.1055101847699742,-0.873269259929657
3,-0.8136895757626332,-0.6523294448852539
3,-0.6766936096248664,-0.914559543132782
3,-0.14709636268341697,-0.1722051352262497
3,-0.5740312677277188,-0.8738340139389038
3,-0.4375301220789325,-0.4317098557949066
3,-0.41912930774197577,-0.33309227228164673
3,-0.6284563261405438,-0.7043654918670654
3,-0.659999612833376,-0.3825029730796814
3,-1.079181246047625,-1.3682196140289307
3,-0.5740312677277188,-1.255850076675415
3,-0.9420080530223132,-1.3044188022613525
3,-1.0,-0.972797691822052
3,-1.1303337684950057,-1.1228632926940918
3,-0.9030899869919438,-1.2062467336654663
3,-1.3679767852945943,-1.3463118076324463
3,-1.204119982655925,-1.4214807748794556
3,-1.4191293077419758,-1.2342112064361572
3,-1.3449848975868068,-0.21751806139945984
3,-0.10886390425013914,-0.43219006061553955
3,0.03591255589064524,-0.21009358763694763
3,0.04139268515822536,-0.21009358763694763
3,0.045078374735187055,-0.22632376849651337
3,-0.045757490560674796,-0.22632376849651337
3,-0.706148588963142,-0.5503743290901184
3,-0.12057393120585047,-0.23774611949920654
3,-0.7501225267834002,-1.2899692058563232
3,-0.3829585148536534,-0.3586493730545044
3,0.14976232033333226,-0.4076831638813019
3,-0.30102999566398125,-0.3527352213859558
3,-0.17926826284964825,-0.3480435609817505
3,-0.44090908206521817,-0.2930956184864044
3,-0.09564936050631179,-0.4076831638813019
3,0.1014576407587775,-0.3527352213859558
3,-0.41912930774197577,-0.3480435609817505
3,-0.44863271690822515,-0.37574532628059387
3,-1.1749315935284423,-1.57618248462677
3,-2.423245873936808,-1.6343488693237305
3,-2.0881360887005513,-1.709570050239563
3,-1.2769917547965424,-1.4047831296920776
3,-0.8450980400142569,-1.393058180809021
3,-0.3590219426416681,-0.3498498797416687
3,-0.27036117589752884,-0.2630787193775177
3,-0.18580723466839366,-0.2147122323513031
3,-0.3521825181113618,-0.4953743517398834
3,-0.7338535745820112,-0.9352437853813171
3,-0.3979400086720375,-0.22555094957351685
3,0.0,-0.12052111327648163
3,-0.09472741951745256,-0.10727036744356155
3,-0.787911087672799,-0.8676899671554565
3,-0.4375301220789325,-0.4819164276123047
3,-0.8056199552320082,-0.4988405406475067
3,-0.5772364076029302,-0.3025432527065277
3,-0.6809789030384632,-0.4167526066303253
3,-0.544527372242805,-0.4146369397640228
3,-0.2667973899192777,-1.017734169960022
3,-1.0780886807370527,-0.8339567184448242
3,0.0,0.11055994033813477
3,-0.30102999566398125,-1.155028223991394
3,-0.5708022975975204,-1.1676501035690308
3,-0.5118833609788744,-1.2456624507904053
3,-0.7447274948966935,-0.9076137542724609
3,0.07918124604762511,-0.30788153409957886
3,-0.3979400086720375,-0.09982514381408691
3,-1.740362689494244,-1.4054992198944092
3,-0.7726537229182906,-0.4526582658290863
3,-0.6020599913279625,-1.2001341581344604
3,-0.3670895643897012,-0.46374908089637756
3,0.2976264769925141,-0.5450432300567627
3,0.18295111693192823,-0.47582411766052246
3,0.2731973322082579,0.017498917877674103
3,-1.1047353505200128,-0.3293646574020386
3,-0.38021124171160636,-0.3248310089111328
3,0.0,-0.19589118659496307
3,-0.4249783800632443,-0.4890151619911194
3,-0.21197723476163066,-0.05956647917628288
3,-0.4592806758172898,-0.45002514123916626
3,-0.3912591372529759,-0.6919676065444946
3,-1.7883704155653293,-1.5679287910461426
3,-0.8239087409443187,-0.7881088852882385
3,-0.8890752499668562,-0.24925437569618225
3,-0.8890752499668562,-0.3740900158882141
3,-2.153814864344529,-1.872145175933838
3,-2.079181246047625,-1.8745936155319214
3,-1.9030899869919438,-1.6253914833068848
3,-2.2632414347745815,-2.038526773452759
3,-2.079181246047625,-1.5985995531082153
3,-1.6989700043360187,-1.4812514781951904
3,-0.4604084692762678,-0.49565353989601135
3,-1.3222192947339195,-1.4484736919403076
3,-1.4771212547196626,-1.5294002294540405
3,0.0,-0.29533687233924866
3,-1.1687920203141813,-1.3423845767974854
3,-0.37974700384601867,-0.6618991494178772
3,0.0,-0.23060773313045502
3,-1.2108533653148932,-1.435634732246399
3,-1.3679767852945943,-1.4489939212799072
3,-1.4685210829577446,-1.108602523803711
3,-1.079181246047625,-1.4368114471435547
3,-1.4771212547196626,-1.794398307800293
3,-0.19896832053217395,-0.2144867330789566
3,-0.45593195564972433,-0.6851975321769714
3,-0.17350176664279715,-0.4588645100593567
3,-0.404570587571051,-0.3900863528251648
3,-2.0969100130080562,-1.6126747131347656
3,-0.770033360161464,-0.14587444067001343
3,0.5521687110873836,0.6677479147911072
3,0.0,0.22214335203170776
3,-0.460730838531493,-0.21471592783927917
3,0.6140531059872192,0.748513400554657
3,-0.30102999566398125,-0.15556281805038452
3,-0.4375301220789325,-0.3135945796966553
3,-0.4375301220789325,-0.3135945796966553
3,-0.4577730894245233,-0.5482838749885559
3,0.6726856520807178,0.5587583184242249
3,-1.065734522320379,-0.708369791507721
3,-0.7137489363676082,-0.9451731443405151
3,0.006939606751780403,-0.39337754249572754
3,-0.23856152772098405,-0.24443235993385315
3,-0.8028661382047408,-0.7574638724327087
3,-0.4375301220789325,-0.40317192673683167
3,0.0,-0.2873213291168213
3,-0.41300375510791376,-0.8916683197021484
3,-0.9384482422560927,-1.4303323030471802
3,0.7403626894942441,0.34612470865249634
3,0.7403626894942441,0.1544836014509201
3,-1.1505139038522927,-1.2921013832092285
3,0.30102999566398125,0.6853639483451843
3,-0.7075701760979367,-0.7166167497634888
3,-0.5325420619597168,-0.5625033974647522
3,-3.139879086401236,-2.635587692260742
3,-1.4771212547196626,-1.3177382946014404
3,-1.2908903643131016,-1.2655328512191772
3,-1.8211858826088445,-1.2983275651931763
3,-1.0413926851582254,-0.5777711272239685
3,-0.9030899869919438,-0.8422596454620361
3,-3.137775961313472,-2.4499833583831787
3,-3.0663924890041176,-2.529486656188965
3,-2.7913795161173987,-2.492619276046753
3,-2.8456774857064904,-2.764585494995117
3,-1.7323937598229682,-2.3635048866271973
3,-2.321785217254601,-2.5746185779571533
3,-2.0688812894078126,-1.9283825159072876
3,-1.9355420107730819,-2.1106624603271484
3,-1.9121696448438614,-1.981547474861145
3,-2.214670164989233,-2.192662000656128
3,-1.1072099696478688,-0.5841604471206665
3,-2.9084850188786495,-2.664992332458496
3,-2.3096301674258983,-2.4502570629119873
3,-3.206315241661555,-2.7222232818603516
3,-2.1818435879447726,-2.392665386199951
3,-3.318442797181662,-2.7656667232513428
3,-2.8409420802430994,-2.4382619857788086
3,-2.446673056996006,-2.448068857192993
3,0.0,-0.1825864017009735
3,-0.6146922012690137,-0.4679853022098541
3,-0.7008541482105697,-0.5965316891670227
3,-0.5760234477435038,-0.7068405151367188
3,-0.6066557430171109,-0.7057963609695435
3,-0.6465051297683573,-0.609574019908905
3,-0.5970965717964116,-0.6736151576042175
3,-0.3708529182030551,-0.44603440165519714
3,-1.0737862141609194,-0.5293553471565247
3,-0.8357691602338235,-0.5004093647003174
3,-0.31994698356234874,-0.27536916732788086
3,-0.71213145039399,-0.7754800319671631
3,0.0,-0.12882846593856812
3,-0.20647388804940192,-0.3710334897041321
3,0.023481095849522404,-0.4259815514087677
3,-0.4771212547196626,-0.36634182929992676
3,-0.236480969533841,-0.4616023600101471
3,0.0,-0.019580122083425522
3,-1.2331297600260456,-0.7735234498977661
3,-0.4771212547196626,-0.25193074345588684
3,-0.4375301220789325,-0.17863693833351135
3,-0.4375301220789325,-0.11920685321092606
3,-0.7870157984620274,-0.3135945796966553
3,-0.29081083048229495,-0.8209370374679565
3,-1.0819563001023962,-0.7021778225898743
3,-0.808114473761087,-0.8624839782714844
3,-0.06694678963061307,-0.4637622833251953
3,-0.18364439694612678,-0.514681875705719
3,-0.383699569557427,-0.5650746822357178
3,-0.4313637641589878,-0.5963691473007202
3,-0.5700192809338134,-0.678154706954956
3,-0.4771212547196626,-0.5461633801460266
3,-0.2536053457358438,-0.5461633801460266
3,-0.349334675238536,-0.5518452525138855
3,-0.16840443038939057,-0.4752054810523987
3,-0.4771212547196626,-0.48590463399887085
3,-0.6488033948702885,-0.69914710521698
3,-1.1249387366083,-1.0217190980911255
3,-1.020203386088287,-0.9667521119117737
3,-1.287241711178348,-1.260596752166748
3,-1.154901959985743,-1.2950598001480103
3,-1.204119982655925,-1.0849919319152832
3,-0.5963076624388712,-0.9933480620384216
3,-0.9604914587163265,-0.7212329506874084
3,-1.2582780152430315,-1.3040711879730225
3,0.03959044503700948,-0.09405882656574249
3,0.4771212547196626,0.8681583404541016
3,-0.11092642354980953,-0.13610845804214478
3,0.0,-0.16373084485530853
3,-0.4375301220789325,-0.08593377470970154
3,-0.9208187539523749,-0.7521973848342896
3,-1.2024201977780304,-0.703609049320221
3,-0.3832167518513314,-0.7412747144699097
3,-0.7870157984620274,-0.40176624059677124
3,-1.0222763947111524,-0.9104792475700378
3,-0.21329094598109144,-0.588241696357727
3,-0.7955365657786055,-0.6224516034126282
3,-0.6931404606752949,-0.4764960706233978
3,-0.598653742636051,-0.6159526109695435
3,0.0,-0.5662379264831543
3,-0.7672348358945449,-0.47984644770622253
3,-0.6000814253458744,-0.597640335559845
3,-0.5081554884596313,-0.7454963326454163
3,-0.7335624974386512,-0.7723596692085266
3,-0.4999841376791663,-0.6518270969390869
3,-0.9336648928393814,-0.7577515840530396
3,-0.7713751873175951,-0.3806159198284149
3,-0.1575129567193363,-0.6955690979957581
3,-1.5039144313075985,-1.5136021375656128
3,-1.3748924486527798,-1.4948805570602417
3,-1.5378190950732744,-1.195907473564148
3,-1.2218487496163561,-1.4667831659317017
3,-1.4093694704528188,-1.4449113607406616
3,-1.7396442534629069,-1.5444047451019287
3,-1.5078558716958312,-1.4664342403411865
3,-1.5372465248098468,-1.4993114471435547
3,-1.7215358322347596,-1.5162688493728638
3,-1.4661258704181996,-1.5162688493728638
3,-1.3175990970971743,-1.1313303709030151
3,-1.976961016011427,-1.4878042936325073
3,-1.431960183373647,-1.2674411535263062
3,-1.3284682440109208,-1.149876356124878
3,-1.100900495740861,-1.2541239261627197
3,-1.1760912590556813,-1.3112969398498535
3,-1.0832401025244938,-1.2565886974334717
3,-1.1968207439144258,-1.1929142475128174
3,-1.3877643796020518,-1.3323473930358887
3,-1.8377988012727569,-1.54026460647583
3,-1.8195439355418683,-1.5512183904647827
3,-2.367355921026019,-1.5634371042251587
3,-1.5292189233113564,-1.6426002979278564
3,-1.3338225090602887,-1.4450243711471558
3,-0.8432872195371282,-1.5115506649017334
3,-1.0566117062143716,-1.2948793172836304
3,-0.11362062053529165,-0.42122071981430054
3,-1.423245873936808,-1.319375991821289
3,-1.4496001810683996,-1.4340777397155762
3,0.0,-0.3038349747657776
3,-1.3957166532261231,-1.5381875038146973
3,-1.290564561985816,-1.4118118286132812
3,1.6812412373755876,1.2673449516296387
3,1.4440447959180762,1.3509982824325562
3,-1.332438459915605,-0.5271790027618408
3,-1.1119737594439316,-0.9631028175354004
3,-0.5330562595094737,-0.6352233290672302
3,1.0584260244570052,0.30276837944984436
3,-0.3669365584933164,-0.07809058576822281
3,-0.4562839436321724,-0.7057963609695435
3,-0.7227616749930084,-0.6581977009773254
3,-0.8145012724224872,-0.6111181378364563
3,-0.6722413466622505,-0.47968846559524536
3,-0.3497414449984353,-0.39536088705062866
3,-0.2646054261027677,-0.4490910470485687
3,-0.2720662997286647,0.05755341425538063
3,-0.3316699538599357,0.006253377068787813
3,-0.6989700043360187,-0.4214491546154022
3,-0.7110497699297014,-0.4727492034435272
3,-0.9140853712934067,-0.5169500112533569
3,-0.3372421683184257,-0.47639718651771545
3,-0.25476426106413896,-0.47639718651771545
3,-0.18364439694612766,-0.4065418541431427
3,0.2924298239020633,0.06265366822481155
3,-0.7811567605233689,-0.8676899671554565
3,-0.7870157984620274,-0.4819164276123047
3,-0.9759196228469422,-0.10910966247320175
3,-0.5106187037514216,-0.4575146734714508
3,-1.259637310505756,-0.5881770849227905
3,0.0,-0.326192170381546
3,-1.7050441520482122,-0.9562757611274719
3,0.0,-0.6660486459732056
3,0.0,-0.07059911638498306
3,-0.5789946872592688,-1.042763113975525
3,-0.9294189257142929,-1.130556583404541
3,-0.653212513775344,-0.5320384502410889
3,0.0,-0.29039448499679565
3,-0.4375301220789325,-0.2560465335845947
3,-0.6368220975871743,-1.27168869972229
3,0.0,-0.26853707432746887
3,-0.8702087605972881,-0.9151855707168579
3,-0.45229767099463025,-0.7386617660522461
3,-0.3521825181113627,-0.4594283401966095
3,-1.230448921378274,-1.5088900327682495
3,-1.2523433215461246,-1.4255577325820923
3,-0.7220353084047115,-0.8041405081748962
3,-0.7870157984620274,-0.3294433653354645
3,-0.8101204564586855,-0.7802935242652893
3,-2.1487416512809245,-2.33004093170166
3,-2.6812412373755867,-2.5681631565093994
3,-2.214679773167946,-2.1670825481414795
3,-1.4832443397784516,-2.3781962394714355
3,-1.2123034317101258,-1.7266908884048462
3,-2.3872161432802645,-2.2852630615234375
3,-1.794074216480813,-1.7798562049865723
3,-0.9612474110079834,-1.9909696578979492
3,-2.3832167518513314,-2.492182493209839
3,-1.9897463656344465,-2.5784988403320312
3,-2.6020599913279625,-2.219855546951294
3,-2.9311187105921865,-2.43096923828125
3,-2.609238575955086,-2.233647108078003
3,-2.3735249804634035,-2.2746925354003906
3,-2.8084360542881113,-1.9160484075546265
3,-3.086449942612389,-2.1271629333496094
3,-0.4957264992367225,-0.8722310662269592
3,-0.4803263945948739,-0.2612288296222687
3,-0.8890758416581361,-0.2160443514585495
3,-0.30102999566398125,-0.24584220349788666
3,-0.5606673061697371,-0.5780893564224243
3,0.8227542135070056,0.7749786972999573
3,-1.5241178173958856,-1.3238346576690674
3,0.0,-0.15841583907604218
3,-0.23855876556918343,-0.3424230217933655
3,1.0607238842192848,0.10909619927406311
3,0.0,-0.018987461924552917
3,-0.30102999566398125,-0.14397090673446655
3,-1.0636252095241812,-1.2803785800933838
3,-1.3541084391474012,-1.2783563137054443
3,0.0,-0.1377996951341629
3,0.0,-0.03322942927479744
3,0.03959044503700948,-0.28556936979293823
3,-1.2223056612649223,-1.2467705011367798
3,-1.157607853361668,-1.3527241945266724
3,-1.3521825181113627,-1.2527239322662354
3,-1.2730012720637376,-1.2840763330459595
3,1.5442417968958626,-0.4000076353549957
3,0.8239087409443187,0.5843316912651062
3,0.5440680443502757,0.7616877555847168
3,-0.23855876556918343,-0.15492305159568787
3,-0.4375301220789325,-0.14397090673446655
3,-1.204119982655925,-1.446077823638916
3,-0.23856180154675855,-0.05496857687830925
3,0.0,-0.17108482122421265
3,-0.4375301220789325,-0.23850196599960327
3,-1.2350691190150194,-1.1695356369018555
3,-1.2654916702849928,-1.2711782455444336
3,-1.0053950318867066,-1.2655328512191772
3,-0.09691001300805624,-0.12597693502902985
3,-1.6020599913279625,-1.446077823638916
3,0.0,-0.13109542429447174
3,-0.4375301220789325,-0.22782902419567108
3,-1.6127838567197355,-1.3757731914520264
3,-0.4375301220789325,-0.23850196599960327
3,-1.076276255404217,-1.3147481679916382
3,-1.2427025566017047,-1.256587028503418
3,-1.3736333793374502,-1.3625961542129517
3,0.07393356204262513,0.8562020063400269
3,0.20056502843888158,0.2872764468193054
3,0.0,0.29582080245018005
3,0.0,0.39110103249549866
3,-0.4375301220789325,-0.24120742082595825
3,-0.4375301220789325,-0.4242173433303833
3,0.07058107428570715,-0.0708271861076355
3,-0.6184504075161321,-0.7535859942436218
3,0.37457379034782434,0.4855920672416687
3,0.47594087683390995,0.31143009662628174
3,0.3412297974458589,0.3372764587402344
3,0.899437812098463,0.2910173535346985
3,0.04706233224901979,0.43936267495155334
3,0.0,0.45700642466545105
3,0.2651132542663621,0.49378418922424316
3,1.1391791757229104,0.9844253659248352
3,0.023595268108840273,0.27044469118118286
3,0.20985563495709947,0.08566368371248245
3,-0.15490195998574308,-0.15788185596466064
3,0.3209248243809206,-0.3460668623447418
3,-0.4349235749252074,-0.6824082136154175
3,-0.8750612633917001,-0.8676899671554565
3,0.431798275933005,-0.13534371554851532
3,0.0,-0.057867079973220825
3,-0.9200284089082231,-1.1393413543701172
3,-1.0019695928629044,-1.1188503503799438
3,-0.8450980400142569,-0.5238319635391235
3,-0.5383909114585848,-0.8203604817390442
3,-1.740362689494244,-0.2102493792772293
3,0.0,-0.09969226270914078
3,-0.5932860670204576,-0.8577053546905518
3,-0.4375318721122108,-0.23854994773864746
3,-1.269512944217917,-1.1660910844802856
3,-0.006204312401284717,-0.4946449398994446
3,-1.0082725259659897,-1.0880653858184814
3,-0.3979400086720375,-0.2655336558818817
3,-1.9030899869919438,-1.3656576871871948
3,-0.7990851572192863,-0.9005838632583618
3,-0.30102999566398125,-1.2110028266906738
3,-1.1505139038522927,-1.2110028266906738
3,-2.1505139038522927,-1.2371742725372314
3,-1.1505139038522927,-1.2154337167739868
3,-1.1505139038522927,-1.1318843364715576
3,-1.6989700043360187,-1.171805739402771
3,-1.6989700043360187,-1.3257094621658325
3,-1.1505139038522927,-0.9106169939041138
3,-0.8494839081883114,-1.2110028266906738
3,-0.30102999566398125,-0.9106169939041138
3,-1.1505139038522927,-0.7698688507080078
3,-2.1505139038522927,-1.0441609621047974
3,-1.1505139038522927,-0.9106169939041138
3,-1.1505139038522927,-0.9760890007019043
3,-0.8494839081883114,-1.1201982498168945
3,-0.6481031079968638,-0.544575572013855
3,-0.8750612633917001,-0.5194821357727051
3,-0.30102999566398125,-0.35289403796195984
3,-2.975961759132561,-2.1283740997314453
3,-1.0133639615579808,-1.0453362464904785
3,-1.0511525224473814,-1.058844804763794
3,-1.5835765856339492,-1.6135461330413818
3,0.08755474051312451,-0.0039004767313599586
3,0.19717943282889738,-0.31288835406303406
3,-0.5296282275290061,-0.6128221750259399
3,-0.8903780214758052,-0.6128221750259399
3,-0.6989700043360187,-0.7057145833969116
3,-1.6989700043360187,-1.5746841430664062
3,-2.993133541047083,-2.354762554168701
3,-3.08795517035513,-2.292168378829956
3,-2.928051683130893,-2.2615983486175537
3,-0.005462895701501935,-0.5094026327133179
3,0.0,-0.2341407686471939
3,-1.3379420789967522,-1.5252324342727661
3,-1.201645363528069,-1.5261074304580688
3,-1.685741738602264,-1.5089943408966064
3,-1.9294189257142929,-1.632554054260254
3,-1.8129133566428557,-1.6783524751663208
3,-2.060697840353612,-1.7388405799865723
3,1.6020599913279625,1.040110468864441
3,-1.079181246047625,-0.8731154203414917
3,-1.4240428112362427,-2.0201709270477295
3,-0.9610819339696306,-1.1655892133712769
3,-1.8512583487190755,-1.7028794288635254
3,0.9257898770871202,0.6751628518104553
3,-0.4824500882247298,-0.7132937908172607
3,-0.3444956894450719,-0.6384530067443848
3,-0.5924300073756692,-0.9263448715209961
3,-0.44748104696283963,-0.913616418838501
3,-0.7403626894942441,-0.7883375883102417
3,-0.4771212547196626,-0.7776973247528076
3,-1.7269987279362624,-1.5478922128677368
3,-0.9222062774390167,-0.4964379072189331
3,-0.9225050021900998,-0.40445998311042786
3,-1.403195148632295,-1.2933980226516724
3,-0.9957212020207251,-0.7502316832542419
3,0.18288786853376138,0.29006412625312805
3,0.3737315730412165,0.31583407521247864
3,-0.7403626894942441,-0.5217852592468262
3,0.543994441353421,-0.1328687220811844
3,0.7781512503836439,0.6467182040214539
3,1.2430380486862944,0.5647656321525574
3,-0.9661417327390325,-1.11275315284729
3,-1.6005061632593414,-1.3745317459106445
3,-0.4375301220789325,-0.2588076591491699
3,-0.39449776226101996,-0.38418757915496826
3,-0.16258878865203474,-0.39536088705062866
3,-0.29718097949306443,0.05755341425538063
3,0.02482358372503235,-0.024575339630246162
3,0.013363961557981696,0.022276433184742928
3,-0.13936845203094173,0.0561814159154892
3,-0.8377438486797901,-0.5170338153839111
3,0.17609125905568135,0.2625063359737396
3,-0.653212513775344,-0.8170432448387146
3,-0.5987573557778756,-0.4266663193702698
3,-0.4771212547196626,-0.19245579838752747
3,-0.3330881015206941,-0.359149694442749
3,-0.6020599913279625,-0.17070069909095764
3,-0.17609125905568135,-0.3454045355319977
3,0.0,-0.2404622733592987
3,-0.6020599913279625,0.3509325683116913
3,-0.653212513775344,0.6352186799049377
3,0.6020599913279625,0.8356783986091614
3,-0.19896832053217395,-0.14862747490406036
3,-0.4210053127407303,-0.7600931525230408
3,0.0,-0.23695030808448792
3,0.0,-0.29001742601394653
3,-0.4375301220789325,-0.3237135410308838
3,-0.5817867324244812,-0.501353919506073
3,-0.8152930583882103,-0.5265284776687622
3,-1.3686458803549097,-1.2198665142059326
3,-0.4375301220789325,-0.28147250413894653
3,-0.09691001300805624,-0.23695030808448792
3,-1.3502480183341632,-1.2987393140792847
3,-0.6434526764861879,-1.3280119895935059
3,1.6241101320710358,-0.058646295219659805
3,-1.5295824315748439,-0.1015181615948677
3,-2.2818796415687554,-0.019214877858757973
3,-3.3891660843645326,-2.692821979522705
3,-2.716484251913524,-2.3224759101867676
3,-3.4382785804926073,-2.82157564163208
3,-2.7215358322347605,-2.626237392425537
3,-2.9158268083948755,-2.3499271869659424
3,-3.341824066693106,-2.6754987239837646
3,-3.2266757049251344,-2.6449286937713623
3,-1.4819201376014313,-2.635587692260742
3,-2.718209362321689,-2.2916159629821777
3,-2.3157532524846873,-2.211017370223999
3,-2.221848749616356,-2.3232061862945557
3,-2.4609505675935557,-2.006349563598633
3,-2.722336222660232,-2.215003252029419
3,0.10064029100124205,0.4976484179496765
3,-1.2912701583748243,-1.2501704692840576
3,-0.36408174141106997,-0.9096717238426208
3,0.8860566476931631,0.7524378895759583
3,0.7605660755825303,0.818306028842926
3,-0.6659697442330934,-0.2676878273487091
3,0.0,-0.32446423172950745
3,-0.38021124171160636,0.06518755108118057
3,-0.4375301220789325,-0.3046301603317261
3,0.9483175269293209,0.08119699358940125
3,0.653212513775344,0.7827252745628357
3,0.0,0.641520082950592
3,-2.046512129294256,-1.5623329877853394
3,-1.4183012913197448,-1.2998930215835571
3,-0.4375301220789325,-0.25438693165779114
3,-1.1249387366083,-0.7805851101875305
3,-0.3357921019231931,-0.24930179119110107
3,0.17609125905568135,-0.013131375424563885
3,-1.3979400086720375,-1.0836869478225708
3,-0.9530920598078918,-1.2486122846603394
3,-0.4375301220789325,-0.10652139037847519
3,-0.45154571957920364,-0.08502916246652603
3,-0.6989700043360187,-0.8209370374679565
3,-0.5979434251331313,-0.7468044757843018
3,-1.3979400086720375,-1.0567213296890259
3,0.018173968928587136,0.12024984508752823
3,0.4771212547196626,-0.15005770325660706
3,0.040958607678906134,0.06671568751335144
3,0.3444956894450719,0.08799297362565994
3,0.11394335230683694,-0.035941459238529205
3,-0.5314789170422554,-0.6224746704101562
3,0.448794056252094,0.06724326312541962
3,-1.0211892990699383,-0.09790763258934021
3,0.14242629585250466,0.3535342216491699
3,1.0215617643431134,0.6994855403900146
3,1.19755483358907,0.6720731854438782
3,0.9965887892396132,0.6923991441726685
3,1.758268815738762,1.1019856929779053
3,0.26259486787588227,0.5944109559059143
3,0.6757357240908215,0.6862871050834656
3,0.571798386295427,0.6354822516441345
3,0.45185636256515416,0.6640887260437012
3,0.0,0.5945783853530884
3,-2.0211892990699383,-1.4799771308898926
3,0.8297382846050425,0.6808934211730957
3,0.7999965835389071,0.7358413934707642
3,-0.48293964102494424,-0.7028151750564575
3,-0.5842570557255771,-0.7417164444923401
3,-0.5362030253104102,-0.7337890267372131
3,-0.71213145039399,-0.9508465528488159
3,-0.7950520009218449,-0.9908760786056519
3,-0.6560418037942082,-0.37555256485939026
3,-0.4761902908435509,-0.8148252367973328
3,-0.49841753604950867,-0.8148252367973328
3,-0.5727226321873777,-0.7373732924461365
3,-0.5175635621809516,-0.7598772644996643
3,-0.5352393730709162,-0.8148252367973328
3,-0.43911207178746725,-0.6761461496353149
3,-0.4808174002796255,-0.9212337732315063
3,-0.8003242293348354,-0.8075603246688843
3,-0.23512958465826372,-0.5586386322975159
3,-0.8826144012821455,-1.3352340459823608
3,-0.653212513775344,-0.7294742465019226
3,0.14305712734611742,0.5048088431358337
3,0.1636739850503961,0.3390099108219147
3,0.06398920428479027,0.3610736131668091
3,0.6882941561068252,0.3525615632534027
3,-1.5461312049140492,-1.3436691761016846
3,-1.3556430502208698,-1.238144874572754
3,0.040129405552248976,0.3986333906650543
3,0.0,0.22008411586284637
3,-0.9652378937407882,-0.8914532661437988
3,-0.6232492903979008,-1.0867317914962769
3,-0.9557963375079463,-1.0867317914962769
3,-0.9404143100157558,-0.8356995582580566
3,-0.6139592146276698,-1.0309779644012451
3,-0.9378520932511556,-1.0309779644012451
3,-1.090176630349088,-0.9357028007507324
3,-0.6555043105549281,-1.049409031867981
3,-0.6163004304425721,-1.055426001548767
3,-0.19033169817029183,-0.7377742528915405
3,-0.8450980400142569,-0.8712453246116638
3,-0.6575773191777934,-1.0947191715240479
3,-0.30077283585297465,-0.7279633283615112
3,-1.5075038837133832,-1.065069317817688
3,-0.9654759768051342,-0.9537749290466309
3,-0.12104369272477555,-0.8222412467002869
3,-0.7781512503836439,-0.852533757686615
3,-0.5873367345072564,-1.0281301736831665
3,-0.8239087409443187,-0.6698001027107239
3,-0.5606673061697371,-0.6919676065444946
3,-0.924279286061882,-0.6548460721969604
3,-1.2932046581520247,-1.0007959604263306
3,-0.8673744347254093,-0.8209370374679565
3,-1.2632414347745815,-1.03726327419281
3,-0.5259698222574789,-0.863470733165741
3,-0.50991376811597,-0.6508058905601501
3,-0.6378332609820365,-0.8209370374679565
3,-0.7670858242334848,-0.5304856896400452
3,-0.4327021149312493,-0.6851975321769714
3,-0.5295093241793509,-0.8209370374679565
3,-0.8702087605972881,-0.8010957837104797
3,0.0,-0.03624802082777023
3,-0.7178553484963919,-0.833238959312439
3,-0.3979400086720375,-0.8119816780090332
3,-0.3318439430782014,-0.6968153715133667
3,-1.08795517035513,-0.5984784364700317
3,-0.7403626894942441,-0.5335633158683777
3,0.0,0.24579274654388428
3,0.0,0.47600576281547546
3,0.22184874961635614,0.45394212007522583
3,0.6989700043360187,0.6072162985801697
3,0.8129133566428557,0.6714111566543579
3,-0.5913361259361896,-0.9810492396354675
3,0.0433514207947967,-0.11910021305084229
3,0.07135590853566853,-0.18732543289661407
3,-1.7242758696007892,-0.9969015121459961
3,-0.3494856763830949,-0.20959214866161346
3,-0.3494856763830949,-0.21023844182491302
3,-0.7870157984620274,-0.15437710285186768
3,-0.7781512503836439,-0.5448133945465088
3,-0.4375301220789325,-0.36573147773742676
3,-0.4375301220789325,-0.20951278507709503
3,0.0,-0.16571447253227234
3,-0.4375301220789325,-0.10985314100980759
3,-0.4375301220789325,-0.10106169432401657
3,-0.45154571957920364,-0.3142295777797699
3,-0.4375301220789325,-0.42250490188598633
3,-0.3494856763830949,-0.30608442425727844
3,-0.7870157984620274,-0.3379783630371094
3,-0.7870157984620274,-0.39983832836151123
3,-0.4375301220789325,-0.262581467628479
3,-0.4375301220789325,-0.2609142065048218
3,0.0,-0.26156046986579895
3,0.0,-0.13731509447097778
3,-0.45154571957920364,-0.10985314100980759
3,-0.046996562676223874,0.30915841460227966
3,-0.4375301220789325,0.7808448076248169
3,-0.30102999566398125,-0.15535102784633636
3,0.0,-0.15535102784633636
3,0.0,-0.2646813690662384
3,-0.03959044503700948,-0.1873844563961029
3,0.0,-0.14286048710346222
3,0.0,-0.14286048710346222
3,-0.2614392680716957,-0.07916662842035294
3,-0.19010599608076895,-0.03785105049610138
3,0.0,-0.16526927053928375
3,-0.15051493100552538,-0.1500454992055893
3,-0.4375301220789325,-0.2617669701576233
3,-0.4375301220789325,-0.24116727709770203
3,0.30102999566398125,-0.3252829909324646
3,0.0,-0.3058431148529053
3,0.30102999566398125,-0.2836243808269501
3,0.0,-0.31143060326576233
3,0.0,-0.30308255553245544
3,0.0,-0.26241323351860046
3,0.30102999566398125,-0.23158597946166992
3,0.0,-0.26241323351860046
3,-0.4375301220789325,-0.3388311564922333
3,-0.4375301220789325,-0.40069112181663513
3,-0.09691001300805624,-0.2634342610836029
3,0.0,-0.2773500084877014
3,0.0,-0.37781521677970886
3,-0.4375301220789325,-0.2712046504020691
3,0.0,-0.2210589200258255
3,0.0,-0.11563733965158463
3,-0.7870157984620274,-0.2705583870410919
3,-0.4375301220789325,-0.2617669701576233
3,-0.4375301220789325,-0.26241323351860046
3,-0.4375301220789325,-0.48469164967536926
3,-0.4375301220789325,-0.1869618445634842
3,-0.3494856763830949,-0.2428053915500641
3,0.0,-0.10527116060256958
3,-0.3494856763830949,-0.33180826902389526
3,0.11092497011273572,-0.09596265852451324
3,-0.4375301220789325,-0.13401846587657928
3,-0.4375301220789325,-0.08790811151266098
3,0.0,-0.047034852206707
3,-0.19896832053217395,-0.16543340682983398
3,-0.4375301220789325,-0.19309645891189575
3,-0.19896832053217395,-0.11944019794464111
3,-0.15051493100552538,-0.18261250853538513
3,-0.4375301220789325,-0.13816793262958527
3,-0.3494856763830949,-0.13881422579288483
3,-0.4375301220789325,-0.29153087735176086
3,-0.19896832053217395,-0.11920685321092606
3,-0.4375318721122108,-0.15277869999408722
3,-0.4375318721122108,-0.06612011045217514
3,-0.23855876556918343,-0.1586814969778061
3,0.0,-0.17398984730243683
3,-0.23856180154675855,-0.3781062364578247
3,-0.23855876556918343,-0.17932677268981934
3,0.0,-0.17398984730243683
3,-0.3979400086720375,-0.21564845740795135
3,-0.23855876556918343,-0.06940963864326477
3,-0.23855876556918343,-0.398771733045578
3,-0.23855876556918343,-0.5146189332008362
3,-0.4375301220789325,-0.3330844044685364
3,-0.19897135650974906,-0.22481083869934082
3,-0.23856180154675855,-0.47009482979774475
3,-0.7870157984620274,-0.3247320353984833
3,-0.4375301220789325,-0.1973026990890503
3,-0.23856180154675855,-0.18028686940670013
3,-0.19896832053217395,-0.09526495635509491
3,0.0,-0.10524214059114456
3,0.0,-0.3351724147796631
3,-0.4375301220789325,-0.17568595707416534
3,-0.23856180154675855,-0.1973026990890503
3,-0.34948420103163524,-0.16373084485530853
3,-0.4375318721122108,-0.21783693134784698
3,-0.19896832053217395,-0.043584007769823074
3,-0.23855876556918343,-0.15277869999408722
3,-0.23856180154675855,-0.15277869999408722
3,-0.23855876556918343,-0.15277869999408722
3,-0.23855876556918343,-0.03479257598519325
3,-0.23855876556918343,-0.15277869999408722
3,0.0,-0.17398984730243683
3,-0.19896832053217395,-0.0358135923743248
3,-0.389077352590518,-0.059204015880823135
3,-0.23855876556918343,-0.155775249004364
3,0.03959044503700948,-0.11920685321092606
3,0.008864074484683293,-0.16373084485530853
3,-0.23856180154675855,-0.09933958202600479
3,-0.11092642354980953,-0.1829410046339035
3,0.0,-0.11920685321092606
3,-0.23855876556918343,-0.17398984730243683
3,0.0,-0.09060531854629517
3,0.0,-0.14073455333709717
3,-0.19897135650974906,-0.11920685321092606
3,0.0,-0.10052146762609482
3,0.03959044503700948,-0.048198480159044266
3,-0.3098941018406549,-0.07158651202917099
3,-0.8266064438386556,-0.08295286446809769
3,-0.6505165472438836,-0.19460009038448334
3,0.30102999566398125,-0.11920685321092606
3,0.4375301220789325,-0.062012508511543274
3,0.0,-0.011031784117221832
3,-0.10206004319610873,-0.04558610916137695
3,0.0,-0.0069958302192389965
3,0.0,-0.15566913783550262
3,-0.7870157984620274,-0.2760069668292999
3,-0.7870157984620274,-0.33088719844818115
3,0.0,-0.14035876095294952
3,-1.0,-1.3823825120925903
3,-1.0,-1.1483683586120605
3,-0.8129133566428557,-0.9554028511047363
3,-0.5226852525251191,-1.3297713994979858
3,-1.3424226808222066,-1.3965033292770386
3,-1.361727836017593,-1.2392584085464478
3,-1.3521825181113627,-1.2869547605514526
3,-1.4471580313422194,-1.2885401248931885
3,-1.1613680022349753,-1.383981704711914
3,-1.9894498176666922,-1.4811670780181885
3,-0.6989700043360187,-1.3551195859909058
3,-1.1760912590556813,-1.0760866403579712
3,-1.2171266859258019,-1.134114384651184
3,-1.204119982655925,-1.2139445543289185
3,-1.4771212547196626,-1.3724679946899414
3,-1.3152704347785908,-1.2288044691085815
3,-1.2430380486862944,-1.1364703178405762
3,-1.0211892990699383,-1.1472597122192383
3,-0.5642714304385628,-1.1687476634979248
3,-0.8750612633917001,-0.779985249042511
3,-1.0099082886602488,-1.2273985147476196
3,-1.3096301674258992,-1.2418590784072876
3,-0.995147497205588,-1.0650931596755981
3,-0.896397209257529,-1.2556068897247314
3,-1.0271349293314813,-1.1804739236831665
3,-1.3010299956639813,-1.337310791015625
3,-1.4863861882411777,-1.220288872718811
3,-1.1142337531748305,-1.36306631565094
3,-0.661713993460503,-1.4104083776474
3,-1.568201724066995,-1.452462911605835
3,-1.384197522541995,-1.4492546319961548
3,-1.6272336201865851,-1.4291502237319946
3,-1.3910767959981944,-1.4519201517105103
3,-1.6761217932395551,-1.407939076423645
3,-1.4987698816821302,-1.2055351734161377
3,-1.4724389466367729,-1.407939076423645
3,-1.5372813780731152,-1.4291502237319946
3,-1.7745169657285498,-1.407939076423645
3,-1.7826295580086073,-1.407939076423645
3,-0.6877932180512554,-1.2891602516174316
3,-1.7018461068392696,-1.4508992433547974
3,-1.4225482628341792,-1.4443110227584839
3,-1.5910646070264987,-1.4508992433547974
3,-1.6232492903979008,-1.0869340896606445
3,-1.4831116184088495,-1.4686119556427002
3,-1.5854607295085001,-1.4194772243499756
3,-1.5228787452803374,-1.5048795938491821
3,-1.740362689494244,-1.5048795938491821
3,-1.845098040014257,-1.5501950979232788
3,-1.653212513775344,-1.483831524848938
3,-1.6020599913279625,-1.4806232452392578
3,-1.6020599913279625,-1.4605188369750977
3,-1.7781512503836439,-1.439307689666748
3,-1.5642714304385628,-1.2369037866592407
3,-1.3979400086720375,-1.439307689666748
3,-1.6320232147054057,-1.4605188369750977
3,-1.3979400086720375,-1.439307689666748
3,-1.7781512503836439,-1.439307689666748
3,-1.6368220975871743,-1.2775686979293823
3,-1.5440680443502757,-1.439307689666748
3,-1.5228787452803374,-1.4195445775985718
3,-1.5563025007672868,-1.3966304063796997
3,-1.066946789630613,-1.379692554473877
3,-1.3862016054007933,-1.1288714408874512
3,-1.5740312677277188,-1.4773757457733154
3,-1.066946789630613,-1.5722966194152832
3,-1.4771212547196626,-1.5664430856704712
3,-1.2787536009528289,-1.511236310005188
3,0.26619901390198386,0.3855018615722656
3,0.3426875752994052,0.3970922827720642
3,0.6316849910838691,0.4322609007358551
3,0.5160209375257532,0.6271978616714478
3,0.8981814186151089,0.48055335879325867
3,-0.25484431233319516,0.19765980541706085
3,-0.03111980057738517,0.451204776763916
3,0.4387732103469384,0.2733055651187897
3,0.24231627616522466,0.3875373899936676
3,-0.020684598859850745,0.2652474343776703
3,0.19507185367852742,0.2666107714176178
3,0.014618439768002922,0.34343618154525757
3,0.8623294627632445,0.5618156790733337
3,0.0,0.36172619462013245
3,0.3979400086720375,-0.3902356028556824
3,-0.8750612633917001,-0.4298565089702606
3,-0.6020599913279625,-0.33724111318588257
3,-0.4375301220789325,-0.3958263099193573
3,0.0,-0.2598276734352112
3,-0.4375301220789325,-0.21653275191783905
3,0.5621068834718308,0.23087002336978912
3,0.3960076464390765,0.45513904094696045
3,0.4478852873552155,0.5417653918266296
3,0.1309150410023241,0.8690849542617798
3,0.5648639195917164,0.7159162759780884
3,0.19995997569809631,0.8457929491996765
3,0.3672038743416062,0.7298278212547302
3,0.7851129120306855,0.5158321857452393
3,0.6805956007997604,0.42145800590515137
3,0.7043325400962628,0.5315172076225281
3,-0.6020599913279625,-1.1773402690887451
3,-0.09691001300805624,-0.7472032308578491
3,-0.16481024864599192,-0.6945217847824097
3,-1.375663613960885,-0.8822891712188721
3,-1.0287424369603837,-0.6053317189216614
3,-1.0,-0.8222493529319763
3,-0.7428754900351002,-0.994775116443634
3,-0.7781512503836439,-1.1538132429122925
3,-0.4586378490256493,-0.8964112401008606
3,-1.0969100130080562,-0.9751015305519104
3,-0.3332146790353825,-0.7317095398902893
3,-0.36317790241282566,-0.8209370374679565
3,-0.4771212547196626,-0.8209370374679565
3,-0.8952646494799872,-0.7268019318580627
3,0.1055101847699742,-0.04146908223628998
3,-0.14612803567823818,-0.0024044946767389774
3,0.15490195998574308,0.15725837647914886
3,0.2596373105057559,0.07572206854820251
3,0.06694678963061307,0.19592861831188202
3,-0.6989700043360187,-0.66180419921875
3,-0.5862657241447309,-0.8470859527587891
3,-0.24126179066049147,-0.7747834920883179
3,-0.6847295652214083,-1.0583659410476685
3,-1.052758049162799,-0.8704248070716858
3,-0.2491553011056098,-0.48578527569770813
3,-0.3215516628085835,-0.29375332593917847
3,-0.8573324964312681,-0.6739805936813354
3,-0.6966371725035474,-0.7991974353790283
3,-0.4771212547196626,-0.5408779978752136
3,-0.6671226370840238,-0.4241420030593872
3,-1.1791420105602999,-0.5265249609947205
3,-0.36468480362316846,-0.4624890387058258
3,-0.37863485347665105,-0.3900863528251648
3,-1.0319478169996161,-0.7347310781478882
3,-0.30102999566398125,-0.09173867106437683
3,-0.431798275933005,-0.7049043774604797
3,-0.5898255349109505,-0.8130626082420349
3,-1.3565473235138121,-0.8130626082420349
3,-1.0,-0.6392194032669067
3,-1.2118068113222158,-1.4718194007873535
3,-1.4661258704181988,-1.5899782180786133
3,-1.204119982655925,-0.9606789350509644
3,-0.9777236052888476,-1.109517216682434
3,-0.865301426102544,-0.8621615767478943
3,-1.3010299956639813,-1.5439060926437378
3,-0.8239087409443187,-1.2377381324768066
3,-1.4149733479708173,-1.3007450103759766
3,-2.3374592612906557,-1.3450673818588257
3,-1.694206214539955,-1.1949809789657593
3,-1.0091159609934506,-1.1851001977920532
3,-1.6127838567197355,-1.2960625886917114
3,-1.9962614304405983,-1.538631796836853
3,-2.0863598306747484,-1.5338292121887207
3,-1.1356626020000729,-1.2965598106384277
3,-1.2552725051033065,-1.2593251466751099
3,-1.361727836017593,-1.1836358308792114
3,-0.6020599913279625,-1.166281819343567
3,-1.4123959250830067,-1.5886256694793701
3,-1.6127838567197355,-1.5151681900024414
3,-1.4022613824546797,-1.4416717290878296
3,-1.5314789170422554,-1.5707968473434448
3,-1.6610378512872996,-1.5262730121612549
3,-0.8791778295865322,-1.0551016330718994
3,-1.2524246622304798,-1.9338631629943848
3,0.11159708901596588,0.6830505132675171
3,-1.0859146287065933,-1.2093639373779297
3,-0.9802233603509167,-1.2093639373779297
3,-1.1798514079289877,-0.2311897575855255
3,-1.8631777324726881,-1.103528380393982
3,-2.7283537820212285,-1.103528380393982
3,-1.4572610905261802,-0.8695927262306213
3,-1.995279361327416,-0.8695927262306213
3,-1.0102191651816854,-0.5103287100791931
3,-0.7528453851188734,-0.5215769410133362
3,-0.35654732351381213,-0.9685043692588806
3,-0.79375632371422,-0.8764622807502747
3,-0.7781512503836439,-0.8302592039108276
3,-0.6989700043360187,-0.9383221864700317
3,-0.5368894597231524,-0.5140887498855591
3,-1.1563472008599236,-1.103459358215332
3,-1.3273589343863303,-1.246654748916626
3,-1.423245873936808,-1.2059828042984009
3,-1.079181246047625,-1.096224308013916
3,-1.0413926851582254,-0.6389986872673035
3,-0.5755009628084942,-0.7432666420936584
3,-1.1879904823553886,-1.2737969160079956
3,-0.6308635491781667,-0.5178363919258118
3,-1.3587133852703195,-1.2591710090637207
3,-1.198657086954423,-1.1235438585281372
3,-0.985276743179293,-1.1051406860351562
3,-0.9378520932511556,-0.9695509672164917
3,-0.9731278535996983,-0.6663183569908142
3,-2.08278537031645,-1.8117082118988037
3,-1.079181246047625,-0.9971404075622559
3,-1.2787536009528289,-0.8330930471420288
3,-1.5051499783199063,-0.8826079964637756
3,-1.0,-1.4537193775177002
3,-0.7276151857855488,-0.7699066996574402
3,-0.6647756291055495,-0.7107666730880737
3,-1.0,-0.7910082936286926
3,-0.32658410013636985,-0.7321252226829529
3,-0.693574972449313,-0.7681920528411865
3,-0.6846075113226178,-0.8172824382781982
3,-0.8129133566428557,-0.7991207242012024
3,-0.9951474972055872,-0.8860566020011902
3,-0.7781512503836439,-0.8609806299209595
3,-0.8129133566428557,-0.8114586472511292
3,-0.5228787452803374,-0.4836798310279846
3,-0.5440680443502757,-0.9236538410186768
3,-0.6020599913279625,-0.757079005241394
3,-0.653212513775344,-0.7547772526741028
3,-0.6020599913279625,-0.7406944036483765
3,-0.9330532103693869,-0.9586158990859985
3,-0.6020599913279625,-0.8832125663757324
3,-1.0,-0.8832125663757324
3,-0.6510464520188357,-0.844282329082489
3,-0.5563025007672877,-0.8123396635055542
3,-0.9700367766225568,-0.8781198263168335
3,-0.7459665670122426,-0.9524048566818237
3,-0.05696987867700454,-0.1645001471042633
3,-0.17609125905568135,-0.5926010608673096
3,-0.6642078980768069,-0.3792304992675781
3,0.0,-0.4317564070224762
3,-0.8593810591065383,-0.41022202372550964
3,-0.3949397456653134,-0.5225265622138977
3,-0.18486518336318625,-0.6934801936149597
3,-0.8785778371145367,-0.7321252226829529
3,-0.6661774909397113,-0.5245798826217651
3,-0.7337321105952306,-0.8013396263122559
3,-0.2912701583748243,-0.5583261251449585
3,-0.11650556907143717,-0.5577704906463623
3,0.0315170514460652,-0.09624676406383514
3,-0.9507819773298181,-0.7904324531555176
3,-0.5362140692640596,-0.4616023600101471
3,-0.37807772066634104,-0.3790481388568878
3,-0.13810226508706336,-0.27351343631744385
3,-0.3019975225857179,-0.17520417273044586
3,-1.1016221150958696,-0.5414644479751587
3,-0.7556976287849455,-0.7091502547264099
3,-1.5835765856339492,-1.0221296548843384
3,-1.2671717284030137,-1.3918167352676392
3,-0.8450980400142569,-1.0284367799758911
3,-1.4065401804339555,-1.284201741218567
3,-1.7085153222422491,-1.4919712543487549
3,-1.329058719264225,-1.6780800819396973
3,-1.6020599913279625,-1.4728257656097412
3,-1.5797835966168101,-0.9378840923309326
3,-1.5250448070368456,-1.1880978345870972
3,-0.49069406190893616,-0.9518229365348816
3,-0.6154239528859442,-0.8309972882270813
3,-0.5440680443502757,-0.920802652835846
3,-0.9294189257142929,-0.8836219310760498
3,-0.9164539485499255,-0.874206006526947
3,-1.1249387366083,-1.2465956211090088
3,-1.4913616938342722,-1.6976977586746216
3,-0.8239087409443187,-1.4221689701080322
3,-2.0863598306747484,-1.832550287246704
3,-1.7533276666586115,-1.7369964122772217
3,-1.3010299956639813,-1.5644899606704712
3,-1.7781512503836439,-1.5271477699279785
3,-1.740362689494244,-1.5186717510223389
3,-1.3010299956639813,-1.5644701719284058
3,-1.236572006437063,-1.4935228824615479
3,-1.4175355647354184,-1.5261740684509277
3,-1.6020599913279625,-1.5150928497314453
3,-1.1760912590556813,-1.1772674322128296
3,-1.6575773191777934,-1.359160304069519
3,-0.6283889300503116,-1.1543641090393066
3,-0.5228787452803374,-1.0335383415222168
3,-0.8239087409443187,-1.0342193841934204
3,-1.0211892990699383,-1.0793930292129517
3,-0.7690078709437733,-0.7713258862495422
3,-1.1850461017086076,-1.059929609298706
3,-0.5642714304385628,-0.9482519030570984
3,-0.9030899869919438,-0.5958691239356995
3,-0.9440712135860867,-0.596515417098999
3,-0.6110148339808887,-0.933930516242981
3,0.5947607525864633,0.4175366759300232
3,-0.7569619513137056,-0.7846540808677673
3,-0.7119349815003861,-0.7377227544784546
3,-0.9629086884180129,-0.08221998810768127
3,0.2710667722865372,-0.24213513731956482
3,-0.1112891378916574,-0.2478870451450348
3,-0.17016627654567706,-0.24563361704349518
3,-0.5982335834749097,-0.03794749826192856
3,-1.0255541044723877,-0.8669877052307129
3,0.0,0.008857051841914654
3,-0.6412604028977409,-0.5235119462013245
3,-0.9719712763997563,-0.6851975321769714
3,-0.31361912297200156,-0.6851975321769714
3,-0.901677645968685,-0.5503869652748108
3,-0.44819083677998695,-0.7728487253189087
3,0.0,-0.019580122083425522
3,0.0,-0.21219207346439362
3,-0.5426228034760943,-0.6968153715133667
3,-0.865301426102544,-0.8647733926773071
3,0.0,-0.019580122083425522
3,0.0,-0.019580122083425522
3,0.0,-0.019580122083425522
3,-0.7708520116421447,-0.8919402956962585
3,-0.8086687743875824,-1.050978422164917
3,-0.5606673061697371,-1.050978422164917
3,-0.3979400086720375,0.4721384346485138
3,0.30102999566398125,0.6218747496604919
3,0.6020599913279625,0.7117480635643005
3,1.1461280356782382,0.40329787135124207
3,0.4771212547196626,0.6538145542144775
3,0.0,0.007625284139066935
3,-0.3539660708517802,-0.8135496377944946
3,-0.6409780573583319,-0.8135496377944946
3,0.0,0.03262627124786377
3,0.15490195998574308,0.036226265132427216
3,-1.1597008428675117,-0.7009133100509644
3,-0.5850266520291818,-0.7822198271751404
3,-0.7861201800549189,-0.7486593127250671
3,-0.664275121121892,-0.7468950152397156
3,-0.5686362358410131,-0.7070549130439758
3,0.6690067809585756,0.6305391192436218
3,0.8750612633917001,0.8206028938293457
3,0.8691397431914831,1.0469295978546143
3,0.3484151154576107,0.5867847204208374
3,0.0,0.06265366822481155
3,0.0,-0.33050504326820374
3,-0.4708378638870405,-0.6106024980545044
3,1.117540014535269,0.8244913816452026
3,-1.0969100130080562,-0.6851975321769714
3,0.30102999566398125,0.8870961666107178
3,-0.6941175015416068,-0.7108575105667114
3,-0.8728283819594083,-0.07401584833860397
3,0.026714669702411875,-0.009349378757178783
3,0.061354937933483455,-0.05355023592710495
3,-0.16918659085637255,-0.03148656338453293
3,-0.28560963679648754,0.21753966808319092
3,-0.8543441617725991,-0.5305143594741821
3,-0.6585413472804102,-0.68031907081604
3,-0.5301779840218366,-0.5519029498100281
3,-0.3716110699496884,-0.5507497191429138
3,-0.6320232147054057,-0.38739731907844543
3,-0.7191733904243058,-0.6356552839279175
3,-0.661181443446619,-0.7273866534233093
3,0.3157532524846882,-0.9557308554649353
3,-0.4274952522337543,-0.6672519445419312
3,-0.43572856956143724,-0.7297214865684509
3,-0.6575773191777934,-0.7297214865684509
3,-0.6713864827039302,-0.9531692862510681
3,-0.4202164033831899,-0.7502184510231018
3,-0.045322978786657586,0.05357319116592407
3,-0.20969986003676055,-0.8209370374679565
3,-0.8864907251724823,-0.09285960346460342
3,-1.1014576407587775,-0.4909295439720154
3,-0.7993405494535821,-0.9322215914726257
3,-0.7832908900360547,-0.9664092659950256
3,-0.7646814476302044,-0.7055199146270752
3,-0.7626390842053965,-0.7527652978897095
3,-1.3010299956639813,-0.8422596454620361
3,-1.1802078252505135,-0.9349620938301086
3,-0.4771212547196626,-0.8209370374679565
3,-0.7873919071185558,-0.8209370374679565
3,-0.5740312677277188,-1.0091323852539062
3,-0.7221998450544937,-0.5914013981819153
3,-0.645094623553164,-0.5914013981819153
3,-0.6976870064105913,-0.6378192901611328
3,-0.8239087409443187,-0.1216011568903923
3,-0.5470124249970567,-0.268745481967926
3,-1.2240148113728644,-1.2261031866073608
3,-2.0413926851582254,-1.475557804107666
3,-0.7119349815003861,-0.7231740951538086
3,-0.16713641640275423,-0.6007620692253113
3,-0.6355830254716253,-0.6998182535171509
3,-0.8993298381186365,-0.6700958013534546
3,-0.6812412373755876,-0.47003400325775146
3,-0.499397649430815,-0.4963959753513336
3,-0.31742041185215,-0.4393851161003113
3,-0.1870866433571443,-0.8502437472343445
3,-0.7533276666586115,-0.8684751987457275
3,-0.8538719643217618,-0.8795518279075623
3,-0.3679767852945943,-0.757551908493042
3,-0.9363309201306222,-1.4064215421676636
3,-1.4934237659420617,-1.024692177772522
3,-1.36408174141107,-1.0154057741165161
3,-0.6989700043360187,-0.7526078820228577
3,-0.9887189895903106,-0.7893989086151123
4,-0.5290390539851559,-0.40861162543296814
4,-0.30102999566398125,-0.5615360736846924
4,-0.7651307403911325,-0.5552676916122437
4,-0.8239087409443187,-0.5913962125778198
4,-1.2928096654172903,-1.3589078187942505
4,0.10789175076418633,0.43075665831565857
4,-0.03535825526414893,-0.18839120864868164
4,0.03267316440198176,-0.3539852499961853
4,-0.31425396462177524,-0.33138105273246765
4,-0.09288983391078975,-0.2711276113986969
4,0.0,-0.7795851826667786
4,-1.5440680443502757,-1.2626873254776
4,-0.8976270912904418,-0.40847596526145935
4,0.4637659462712156,0.2935371994972229
4,-1.332438459915605,-1.406545639038086
4,-0.22184874961635614,-0.5492462515830994
4,-0.8239087409443187,-0.23773324489593506
4,-1.4471580313422194,-1.2100504636764526
4,-1.4471580313422194,-1.2399507761001587
4,-1.6127838567197355,-1.4089393615722656
4,-1.7737864449811935,-1.3522640466690063
4,-1.1650958747542175,-1.3914874792099
4,-1.4313637641589878,-1.1959556341171265
4,-1.3832167518513314,-1.3704935312271118
4,-1.7363965022766426,-1.2856791019439697
4,-0.8450980400142569,-0.7126423120498657
4,0.0,-0.7280313968658447
4,-0.9166124791163526,-0.7280313968658447
4,-0.19957235490520375,-0.4320034980773926
4,-0.4030195342013121,-0.4798539876937866
4,-0.20107240033212914,-0.43489763140678406
4,-1.134698573897456,-0.5956418514251709
4,-1.1718893446279113,-0.5883350372314453
4,-1.018152262344456,-0.5785441398620605
4,-1.049635145623876,-0.5870304107666016
4,-0.4350870709486365,-1.0680193901062012
4,-1.7795964912578244,-1.4331700801849365
4,-1.6603910984024672,-1.2667558193206787
4,-1.000293343126251,-0.8437269926071167
4,-1.335398897295243,-0.8837947249412537
4,-1.320739584675871,-0.990077555179596
4,-0.9637291824893586,-0.9754732251167297
4,-0.4884349200774407,-0.9659251570701599
4,-1.433434301963639,-1.018582820892334
4,-1.1461280356782382,-0.9659251570701599
4,-1.7652959296980564,-1.327946662902832
4,-0.8378796830090751,-1.1981905698776245
4,-1.008773924307505,-0.5537161231040955
4,-0.1433186148870309,-0.4081836938858032
4,-0.3284682440109208,-0.1488272100687027
4,-1.0116857583251946,-0.44139790534973145
4,-0.9428344937700945,-0.43409109115600586
4,-0.32735893438633035,-0.4243002235889435
4,-0.7566980227234472,-0.4536421298980713
4,-0.28254658996996795,-0.34072446823120117
4,-0.4118545232070705,-0.47116294503211975
4,-0.32123338175226834,-0.5269138813018799
4,-0.9876662649262755,-0.5288663506507874
4,-1.422334447617187,-0.4327865242958069
4,-1.0710633558254443,-0.5828166007995605
4,-0.46488679830265056,-0.4663032591342926
4,-1.1064553309142866,-0.4663032591342926
4,-1.2185894886765967,-0.4804452955722809
4,0.05115252244738144,-0.15653745830059052
4,0.02996322337744317,-0.2215052843093872
4,0.09691001300805624,-0.2772561013698578
4,0.0,-0.16502368450164795
4,-0.21805576059921705,-0.6040338277816772
4,-0.1669478796158108,-0.5176937580108643
4,-0.5228787452803374,-0.6047298908233643
4,-0.3723859041996489,-0.5510329008102417
4,-1.7454094219943261,-1.4230493307113647
4,-0.14221543714647567,0.019522937014698982
4,-0.17512315178277404,-0.6186815500259399
4,-0.30102999566398037,-0.35741207003593445
4,-1.0077477780007396,-0.8507139086723328
4,1.6225558417338535,1.8575376272201538
4,1.5815837220779043,1.5998016595840454
4,-0.5642714304385628,-0.4211956560611725
4,-0.2410320659886951,-0.7005794048309326
4,-1.4511855206252626,-0.8345348834991455
4,-0.4600879154208819,-0.4823390543460846
4,-1.2582780152430315,-0.6162946820259094
4,0.15490195998574308,-0.1577618271112442
4,0.15490195998574308,-0.23358573019504547
4,-1.5910646070264995,-1.1959556341171265
4,-1.1514897640503463,-1.3378998041152954
4,-0.5265715825475104,-0.6127829551696777
4,-2.159867847092566,-1.037106990814209
4,-1.3489535479811643,-1.2240055799484253
4,-1.094861450332787,-1.184460163116455
4,-1.0595160859321835,-1.2459440231323242
4,-1.2367890994092932,-1.2363959550857544
4,-1.3324384599156058,-1.0135396718978882
4,-1.3324384599156058,-1.1715770959854126
4,-1.3979400086720375,-1.2339897155761719
4,-1.9328118686116316,-1.4053677320480347
4,-0.9208187539523749,-0.6585370302200317
4,-0.15490195998574308,-0.16366060078144073
4,-1.443262987458695,-1.606487512588501
4,-1.2787536009528289,-1.358473300933838
4,-1.4454312120417132,-1.183180809020996
4,-1.5878712508601485,-1.7102186679840088
4,-1.2291697025391013,-1.4078319072723389
4,0.0,-0.26899832487106323
4,0.0,-0.2214701622724533
4,0.0,-0.011550025083124638
4,-0.3979400086720375,-0.17806804180145264
4,0.0,-0.040946874767541885
4,-0.3979400086720375,-0.23372776806354523
4,-0.3979400086720375,-0.30408453941345215
4,-1.5539985458577226,-1.282059669494629
4,0.15381486434452896,-0.14538370072841644
4,0.17609125905568135,0.045613281428813934
4,0.08432088570003593,0.1223791092634201
4,-0.30102999566398125,-0.3544614017009735
4,-0.15490195998574308,-0.5430041551589966
4,-0.4890204780193699,-0.405598908662796
4,-0.4883011424844037,-0.6649461388587952
4,-0.3521825181113627,-0.5492462515830994
4,-1.2396406820895027,-0.7146264910697937
4,-1.0814373263518489,-0.9504406452178955
4,1.079181246047625,0.8469160795211792
4,1.2552725051033065,0.6662217974662781
4,-0.21085336531489318,-0.5073963403701782
4,-0.09691001300805624,-0.22558249533176422
4,-0.6627578316815743,-0.536757230758667
4,-1.204119982655925,-0.9981629848480225
4,-1.485315733334934,-1.0295588970184326
4,-2.2730012720637376,-1.0580859184265137
4,-0.6257224714138969,-0.4557698369026184
4,-0.6005039363422631,-0.6448636054992676
4,-0.27547589119159266,-0.6981757879257202
4,-0.9864663590173546,-0.8134094476699829
4,-0.6226332212052812,-0.7369022965431213
4,-0.7330850365019916,-0.8270763754844666
4,-0.17609125905568135,-0.3890087604522705
4,-0.38021124171160636,-0.5236741900444031
4,-0.3979400086720375,-0.2799837589263916
4,-0.43365556093857194,-0.927956759929657
4,-0.5797835966168101,-0.8223329782485962
4,-0.20411998265592501,-0.6958935260772705
4,-0.29082294328872216,-0.21587146818637848
4,-0.7942448013084267,-0.5540929436683655
4,-1.4886416777494738,-1.5300816297531128
4,-0.5676910896966998,-0.5536239147186279
4,-0.20712549279564918,-0.6937640905380249
4,-1.2272437815030628,-1.4092979431152344
4,0.13797879622796838,0.4419483244419098
4,-0.675904700267326,-0.43973734974861145
4,-0.3864601909886076,-0.4123397469520569
4,-0.30102999566398125,-0.48742878437042236
4,0.05864551291277387,-0.3659524917602539
4,-0.7324616236377643,-0.8510227203369141
4,-0.8944326674594443,-1.3467482328414917
4,-0.8424528658949022,-0.8214752078056335
4,-1.9420080530223132,-1.4165096282958984
4,-0.41017446508904953,-0.643622875213623
4,-1.3424226808222066,-1.131373643875122
4,-0.7781512503836439,-1.0455949306488037
4,-1.2218487496163561,-1.1429827213287354
4,-0.404570587571051,-0.013754958286881447
4,-0.2325726150081291,0.026331253349781036
4,-0.40748532657826786,-0.4860832989215851
4,-0.5149098156090615,-0.47459056973457336
4,-0.5440680443502757,-0.8550305366516113
4,-0.6020599913279625,-0.9197007417678833
4,-0.6020599913279625,-0.746468186378479
4,-1.2130748253088512,-0.9837687611579895
4,-0.38021124171160636,0.02351042628288269
4,-0.6901075211259622,0.09952393174171448
4,-0.1295794045405394,-0.417668879032135
4,-0.3357921019231931,-0.508756160736084
4,-0.6398485522173623,-0.5004392266273499
4,-1.3687516195445548,-1.5280591249465942
4,-1.350801612394977,-1.5834537744522095
4,0.0,0.006544811651110649
4,-1.15876443056161,-1.524250864982605
4,-1.3977531751643584,-1.4654219150543213
4,-1.7734729881058726,-1.4417147636413574
4,0.44235914846045077,-0.3121092617511749
4,0.3369425515546265,-0.3121092617511749
4,-1.7169848005087767,-1.3654621839523315
4,1.113943352306837,0.9947550296783447
4,-1.3881801713828814,-1.5974334478378296
4,-0.48454368673188686,-0.4487859308719635
4,-1.149816333700966,-1.6792298555374146
4,0.7804902921553305,0.9712752103805542
4,-1.4423175473797247,-1.8333492279052734
4,-0.8947858242033648,-1.5777443647384644
4,-0.7204638221623183,-0.708287239074707
4,-0.5706022622039688,-0.708287239074707
4,-0.6744018128452813,-0.6313083171844482
4,-0.7471170166436751,-0.6313083171844482
4,0.34847057686564575,0.27407222986221313
4,0.0,0.19834238290786743
4,-1.26884531229258,-0.6018266677856445
4,-0.5166297960033361,-0.531532883644104
4,-0.6232492903979008,-0.6199938058853149
4,-0.8432138961397051,-0.36049968004226685
4,-0.4582359105592877,-0.5673233866691589
4,-0.5274263730310587,-0.7759799957275391
4,-0.644612342013426,-0.6020340919494629
4,-0.4871254758326682,-0.4856785237789154
4,0.0,0.03707403317093849
4,-0.3966086423070294,-0.5736743807792664
4,-1.4936903561528547,-1.2655229568481445
4,0.0,0.16683393716812134
4,0.0,0.21021568775177002
4,1.259637310505756,0.08171480894088745
4,-0.38321675185133053,-0.5294126868247986
4,-1.0934216851622347,-1.2889277935028076
4,0.0,-0.007881642319262028
4,0.5228787452803374,0.903398334980011
4,0.7569619513137056,0.9695953130722046
4,1.204119982655925,0.985980212688446
4,-0.8016323462331663,-1.3024492263793945
4,-0.6291470817969431,-0.9065107703208923
4,-1.5378190950732744,-0.9797223806381226
4,-0.912616269835083,-1.0111316442489624
4,0.6020599913279625,1.011139988899231
4,-0.27561440003725846,-0.723823070526123
4,-2.6106601630898796,-2.8960416316986084
4,-1.074000733543845,-1.6827614307403564
4,0.0,-0.10226833075284958
4,-0.15490195998574308,-0.12276918441057205
4,-0.15490195998574308,-0.12978683412075043
4,-0.24303804868629442,0.06122620776295662
4,0.8888183474403863,0.7744932174682617
4,0.0,0.06397987902164459
4,0.0,0.06122620776295662
4,0.0,-0.07359190285205841
4,-2.6301659296998388,-2.4899473190307617
4,-1.8718162085785535,-2.018580198287964
4,-1.151267675330649,-1.5588762760162354
4,0.0,-0.215176060795784
4,-2.508754102588731,-2.817816972732544
4,-3.1303337684950057,-2.7414708137512207
4,-1.4065401804339555,-1.5280591249465942
4,-0.5488575876661921,-0.18925036489963531
4,-0.60528896145816,-0.5913309454917908
4,-0.60528896145816,-0.5956742167472839
4,-0.8357691602338235,-0.7018131613731384
4,-0.31994698356234874,-0.3142147660255432
4,0.15836249209525022,-0.20020288228988647
4,-0.5604190669621198,-0.6326292157173157
4,-1.1461280356782382,-1.0259780883789062
4,-1.103876473193652,-0.7266191840171814
4,-1.2552725051033056,-1.4221174716949463
4,-1.2773226458463798,-1.0289256572723389
4,0.5178506777497747,0.3387078642845154
4,-1.0687158123694598,-0.8192890882492065
4,-0.10914446942506828,-0.48528310656547546
4,-0.3701109148072801,-0.539884626865387
4,-1.1249387366083,-1.4353890419006348
4,-0.16633142176652527,-0.2995119094848633
4,-0.37174608568724743,-0.3949025869369507
4,1.8243033747578457,1.780763030052185
4,2.3424226808222066,1.6412867307662964
4,-0.9005771864510876,-0.5492462515830994
4,-1.443262987458695,-1.3773881196975708
4,-1.5923001540388055,-1.3297046422958374
4,-0.7974564055790303,-0.7850834131240845
4,0.0,-0.7157055139541626
4,-0.21170911826547645,-0.41305482387542725
4,-0.7439371498525418,-0.45088377594947815
4,-0.20411998265592501,-0.5492462515830994
4,-0.9744458955276123,-0.8232376575469971
4,-0.5882717068423293,-0.7391388416290283
4,-0.3679767852945943,-0.7542253732681274
4,-0.6154239528859442,-0.7987912893295288
4,-0.10473535052001282,-0.44974812865257263
4,-0.7549214096651689,-0.5236417651176453
4,-0.8353382027251008,-0.5592896938323975
4,-0.338818556553381,-0.6169767379760742
4,-0.5554079701072574,-0.5593971014022827
4,-0.6557448502907395,-0.4882475435733795
4,-1.0457574905606748,-0.7586851716041565
4,-0.9305282353388833,-0.7727082967758179
4,-0.9974225771121894,-0.5851356983184814
4,-1.014758999751626,-0.6349295377731323
4,-0.7336453298012753,-0.1664223074913025
4,-0.30102999566398125,-0.6787893176078796
4,-0.29711633838748064,-0.2102203369140625
4,-0.07918124604762511,-0.1819853037595749
4,-0.43933269383026285,-0.6023536324501038
4,-0.4771212547196617,-0.5484417080879211
4,-0.3120253799654442,-0.4235974848270416
4,-1.1026623418971475,-0.8604291081428528
4,-1.594234653816006,-0.8748831152915955
4,-1.3601514477826377,-0.7172943949699402
4,-1.3679767852945943,-0.9436076879501343
4,-1.50991376811597,-0.958061695098877
4,-1.3265841001363698,-0.8004729151725769
4,-0.4375301220789325,-0.12279900163412094
4,-0.4375301220789325,-0.19270144402980804
4,-1.431363764158987,-1.4998176097869873
4,-0.5818566052396754,-0.6913777589797974
4,-0.8278390345727509,-0.6447497606277466
4,-0.31527043477859173,-0.6895830035209656
4,-0.8782664032669114,-0.8181602358818054
4,-0.5166297960033361,-0.6924905776977539
4,-1.431363764158987,-1.388404369354248
4,-1.272474535210928,-1.448775053024292
4,-0.7634279935629378,-0.5243260860443115
4,-1.0321846833714012,-1.173102617263794
4,0.0,-0.29021552205085754
4,-0.7289332277134619,-0.5034682154655457
4,-0.338818556553381,-0.29942619800567627
4,-0.6056052720926122,-0.6371051669120789
4,-0.3901303070435729,-0.6327618956565857
4,-0.3901303070435729,-0.6371051669120789
4,-0.20411998265592501,-0.5992410182952881
4,-0.5071746648863202,-0.6744233965873718
4,-0.809233790055691,-0.6831322908401489
4,-0.4401601843605114,-0.7115962505340576
4,-0.5605087756033109,-0.6450852751731873
4,-0.42247728842341825,-0.6340977549552917
4,-0.16272729749769965,-0.6938641667366028
4,-0.8308102740885168,-0.9980468153953552
4,-0.5412007931861664,-0.6204251050949097
4,-0.37485318836652937,-0.7347432971000671
4,-0.3889566680708807,-0.35882166028022766
4,-1.6007006960652372,-1.3685616254806519
4,-1.4465112784573861,-1.4540234804153442
4,-1.647232460848894,-1.7020156383514404
4,-1.4573771965239048,-1.5974334478378296
4,-1.3424226808222066,-1.588574767112732
4,-1.4832815634244811,-1.5138957500457764
4,-1.3700399458583679,-1.5974334478378296
4,-1.3954512082683426,-1.688408613204956
4,-1.6495782291202499,-1.5974334478378296
4,-1.4097207554469229,-1.5974334478378296
4,-1.26884531229258,-1.5974334478378296
4,-1.4018450592255762,-1.3750550746917725
4,-1.5820633629117085,-1.6320455074310303
4,-1.5194529553397151,-1.5000224113464355
4,-1.357934847000454,-1.4595580101013184
4,-1.1256386472866255,-1.2733705043792725
4,-1.4458937088134602,-1.4197187423706055
4,-1.3639699395101044,-1.4197187423706055
4,-1.5538830266438746,-1.4213790893554688
4,-1.1080941799605704,-1.2974202632904053
4,-1.64204033546293,-1.5937097072601318
4,-1.3400940185036232,-1.5010030269622803
4,-1.0046284041820712,-1.1331768035888672
4,-1.5529998652172008,-1.6190125942230225
4,-1.3802112417116064,-1.1053552627563477
4,-1.3354307920172426,-1.4698485136032104
4,-1.5141048209728316,-1.416114091873169
4,-1.5357159699855094,-1.5843877792358398
4,-1.3802112417116064,-1.3104662895202637
4,-1.9978230807457251,-1.8196848630905151
4,-1.2385022948534123,-1.6892257928848267
4,-1.9023137678721662,-1.6527429819107056
4,-1.4559319556497243,-1.2522692680358887
4,-1.5227236124042802,-1.6509259939193726
4,-1.897627091290441,-1.8574994802474976
4,-1.780557320149522,-1.7143030166625977
4,-1.5940523941160922,-1.6631453037261963
4,-1.5968360472043743,-1.8314189910888672
4,-1.3309932190414244,-1.6892257928848267
4,-1.1456128582964702,-1.7156058549880981
4,-0.30102999566398125,-1.4843817949295044
4,-1.2167521925969762,-1.1647188663482666
4,1.0785533136364274,1.0688512325286865
4,1.5163745538673359,1.0913686752319336
4,1.7649308809849815,1.419201374053955
4,1.3720933514894265,1.5774493217468262
4,1.5642714304385628,0.9405590295791626
4,-0.47172622283295595,-0.564609169960022
4,-0.38021124171160636,-0.5626418590545654
4,-0.4313637641589878,-0.6475204825401306
4,-0.4658402443099732,-0.5709540843963623
4,-0.21260809288144422,-0.7162125110626221
4,-0.8328635835972458,-0.9455683827400208
4,-0.9542425094393252,-0.7095448970794678
4,-0.8616973018337184,-0.6391896605491638
4,-0.6127838567197355,-0.6067445874214172
4,-0.6320232147054057,-0.8655310869216919
4,-0.6184504075161321,-0.6915851831436157
4,-0.349334675238536,-0.6409134268760681
4,-1.1461280356782382,-0.7533342838287354
4,-0.3521825181113627,-0.7687233686447144
4,-0.9702081297444902,-0.7687233686447144
4,0.279840696594043,-1.2371498346328735
4,0.0,-0.11074203997850418
4,0.0,-0.8619365692138672
4,-0.7403626894942441,-0.5608917474746704
4,-0.7739952906124863,-0.6373466849327087
4,-0.7145377815626688,-0.6371051669120789
4,-1.0700378666077555,-1.2261202335357666
4,-0.18920560663662211,-0.397091269493103
4,-0.644168069370231,-1.1216027736663818
4,-0.2639451480479682,-0.13226424157619476
4,0.0,-0.7335948944091797
4,-1.0315170514460652,-0.22764526307582855
4,0.0,-0.12476501613855362
4,-0.7447274948966935,0.49482521414756775
4,0.0,-0.9254322052001953
4,0.0,-0.26145613193511963
4,-1.4149733479708182,-0.8032673001289368
4,0.79707326088554,0.17131508886814117
4,-0.775216817044595,-0.5254994630813599
4,-0.8076062297219195,-0.5595977902412415
4,-0.39138190284952223,-0.4903466999530792
4,-0.9646720376582572,-0.6607893705368042
4,-0.8239087409443187,-0.5484713912010193
4,-0.14612803567823818,-0.38341259956359863
4,-0.28254658996996795,-0.525395393371582
4,-0.4890204780193699,-0.606248140335083
4,-1.0211892990699383,-0.8408492803573608
4,-0.9373297907445419,-0.7082955241203308
4,-0.30102999566398125,-0.7062193155288696
4,-0.46915232504838666,-0.6394223570823669
4,-1.1836443969461268,-0.6932200789451599
4,-1.230448921378274,-1.1896247863769531
4,-0.6020599913279625,-0.7878443002700806
4,-0.4293484729236612,-0.5721405148506165
4,0.2762064119389489,0.11165537685155869
4,0.37332567307531406,0.201384499669075
4,0.5581704972089012,0.6613505482673645
4,0.7032250103799518,0.621622622013092
4,-1.7809263044384158,-1.0882924795150757
4,-0.8319763626923518,-0.5429152846336365
4,-0.14612803567823818,-0.8082362413406372
4,-1.174018250432816,-1.2757288217544556
4,-0.35396607085177934,-0.6156866550445557
4,-1.5878712508601485,-1.3563097715377808
4,-1.113943352306837,-0.6644428968429565
4,-1.4035680936804633,-1.6555787324905396
4,-1.3605460815961639,-1.5055525302886963
4,-1.3332146790353825,-1.3222527503967285
4,-1.3976121155028922,-1.3728411197662354
4,-1.2900346113625183,-1.3820735216140747
4,-0.5051499783199063,-0.4221664071083069
4,-1.359021942641668,-1.2506103515625
4,-1.0969100130080562,-1.0590604543685913
4,-0.9363309201306222,-1.272217869758606
4,-0.355387657986574,-0.4234457314014435
4,-0.6671781699121677,-0.5792272686958313
4,-0.5729576096236553,-0.7741571068763733
4,-1.1760912590556813,-1.323373794555664
4,-1.8388490907372557,-1.1278616189956665
4,-1.1507237873673866,-1.1278616189956665
4,0.30102999566398125,0.33268216252326965
4,0.7781512503836439,0.3490670621395111
4,1.433655560938572,1.0283911228179932
4,1.1383026981662816,1.017471194267273
4,-0.3077633783229494,-0.6963369846343994
4,-0.4202164033831899,-0.4568049907684326
4,0.0,-0.6134986281394958
4,-2.499397649430815,-1.6151561737060547
4,-1.4980283540813364,-1.2108197212219238
4,1.1962946451439684,1.1925345659255981
4,-2.3039156839014696,-2.258716106414795
4,-2.3790031895226376,-2.2039480209350586
4,1.518513939877887,1.0475637912750244
4,-1.230448921378274,-1.1027019023895264
4,-0.3032628770962731,-0.31038108468055725
4,-1.438747391205414,-1.5783885717391968
4,-1.1594437878248467,-1.3461660146713257
4,-0.24693309256981877,-0.31038108468055725
4,0.6344713774668973,0.9032841920852661
4,0.8265328847704678,0.9924993515014648
4,0.73797776048103,0.9032841920852661
4,0.38929089956352403,0.6307428479194641
4,0.9147446062401823,0.9722439050674438
4,0.6086801142439748,0.487812876701355
4,1.4831997463478501,1.0975022315979004
4,0.8167063456599948,0.9924993515014648
4,0.17609125905568135,-0.3160293996334076
4,0.0,0.33268216252326965
4,0.8450980400142569,0.3490670621395111
4,1.7508642767193097,1.1902685165405273
4,1.9921746624880434,1.4172548055648804
4,0.5969565896898335,0.7872132062911987
4,-0.5533333447033018,-0.20182999968528748
4,-1.0159685076998723,-0.9888145327568054
4,-1.3685816523588086,-0.8248057961463928
4,-0.22184874961635614,-0.3459372818470001
4,-1.3187587626244124,-1.1451237201690674
4,-1.5691787649333069,-1.0453603267669678
4,-0.9700367766225568,-0.8933978080749512
4,0.0,-0.2471158802509308
4,-1.1912646619703375,-1.0251704454421997
4,-0.5740312677277188,-0.8025912046432495
4,-1.4711190636776532,-1.3686186075210571
4,-0.4375301220789325,-0.29410797357559204
4,-1.3729120029701072,-1.0097047090530396
4,0.0,-0.19645696878433228
4,-0.42596873227228116,-0.5158587098121643
4,-1.269512944217916,-1.2906930446624756
4,-0.6320232147054057,-1.028635025024414
4,-0.5946780377053624,-0.7718790173530579
4,0.352235685510248,0.44201937317848206
4,0.8846065812979305,1.0283911228179932
4,1.113943352306837,0.9508787989616394
4,0.9700367766225568,1.1173352003097534
4,1.6266824662362946,1.1337201595306396
4,0.0,-0.20758338272571564
4,0.0,0.3502674698829651
4,-0.4966769233397832,-0.8760293126106262
4,-1.4771212547196626,-1.1911202669143677
4,-0.5004497215452615,-0.5659448504447937
4,0.0,-0.24996069073677063
4,-0.15490195998574308,-0.14315974712371826
4,-0.15490195998574308,-0.17067821323871613
4,-0.15490195998574308,-0.25877201557159424
4,0.45319267569014343,0.41574305295944214
4,0.4200275386348755,0.350492924451828
4,0.15933357478481813,0.25552693009376526
4,0.8288588489716178,0.6825700998306274
4,0.18448680416588203,0.34362635016441345
4,1.0058072715777469,0.4754117727279663
4,0.5661474354373173,0.28135982155799866
4,0.33751319193400686,0.4388556480407715
4,0.8639199713173529,0.38487040996551514
4,0.9465926090058607,0.5985822677612305
4,0.7750122988011618,0.5281475782394409
4,1.0217971290948444,1.0155733823776245
4,0.1452689827860576,0.2301967740058899
4,0.25735341006126333,0.6103572249412537
4,0.19010375339756092,0.25139328837394714
4,0.6904166833935195,0.5765324234962463
4,0.0,0.5175636410713196
4,0.5502723567515604,0.4880675673484802
4,0.023675089903716362,0.3988194465637207
4,0.2974496416522383,0.3539575934410095
4,0.5389186541454025,0.5323480367660522
4,0.7525113222809265,0.5713608860969543
4,0.5529505287088154,0.570949375629425
4,0.2508049577803275,0.46610623598098755
4,0.4575007247852527,0.4995321035385132
4,0.0,0.4995321035385132
4,0.0,0.358085960149765
4,0.0,0.2570746839046478
4,0.0,-0.07359190285205841
4,-1.134698573897456,-0.6521639823913574
4,-2.278753600952829,-1.613122582435608
4,0.4056057432185165,0.1671248823404312
4,0.9355691221959512,-0.047643598169088364
4,1.096694885284169,0.15350842475891113
4,-1.0959947450572747,-0.840396523475647
4,-1.3424226808222057,-1.2613285779953003
4,-0.11303951330859263,-0.6339936852455139
4,-0.6020599913279625,-0.5213367342948914
4,-0.23099212905622668,-0.4986702501773834
4,-0.8398968463284486,-0.5800817608833313
4,-0.4623979978989565,-0.7841967940330505
4,-1.3010299956639813,-1.7491377592086792
4,-0.9898603686491203,-1.0704251527786255
4,0.0,-0.5121798515319824
4,0.0,-0.5860981941223145
4,-1.0457574905606748,-1.5173149108886719
4,-0.41017446508904953,-0.4732796251773834
4,-0.5460648041063507,-0.6413898468017578
4,-0.7533276666586115,-0.20097632706165314
4,-1.2009148427807128,-1.1062893867492676
4,0.9852767431792939,1.041232943534851
4,0.0,-0.26905182003974915
4,0.0,-0.08852849900722504
4,-0.3979400086720375,-0.2813093066215515
4,-0.20411998265592501,-0.4588627815246582
4,-0.4771212547196626,-1.1762064695358276
4,-0.4771212547196626,-1.1762064695358276
4,-1.1505139038522927,-1.105302095413208
4,0.38021124171160636,-0.1814703792333603
4,-0.09691001300805624,-0.10545685142278671
4,-1.2552725051033056,-1.4866503477096558
4,0.07058107428570715,-0.5369407534599304
4,-1.2212278853477807,-1.3671530485153198
4,-1.3760790080450676,-1.2585704326629639
4,-1.1801596211900938,-1.567607045173645
4,-1.007424018079207,-0.7675989270210266
4,-0.9777236052888476,-0.840445876121521
4,-1.153814864344529,-1.4310122728347778
4,0.0,-1.2580174207687378
4,0.0,-0.7733704447746277
4,-1.3441906747575478,-1.0991075038909912
4,-0.5198558016467656,-1.0896626710891724
4,-0.43443004088932113,-0.9767395853996277
4,-0.5897068914238304,-1.0313646793365479
4,-0.653212513775344,-0.8682835698127747
4,-2.9537548120473627,-2.6439809799194336
4,0.7634279935629369,1.1862037181854248
4,-0.2996534668351778,-0.9767395853996277
4,0.0,-0.2214701622724533
4,0.0,-0.040946874767541885
4,-0.3979400086720375,-0.23372776806354523
4,-0.3979400086720375,-0.30408453941345215
4,-0.3979400086720375,-0.1936398446559906
4,-0.23823916580452575,-0.3554633557796478
4,-1.5481846105451078,-1.468398928642273
4,-1.2018200947643445,-1.3325413465499878
4,-1.3620839610739592,-1.503519058227539
4,-1.799154196959024,-1.3459302186965942
4,-1.1893195247894361,-1.6228289604187012
4,-1.2518119729937993,-1.4824539422988892
4,-1.6020599913279625,-1.3886357545852661
4,-1.4593924877592306,-1.3371585607528687
4,0.9030899869919438,0.6767768263816833
4,0.6020599913279625,0.7344539165496826
4,1.1461280356782382,1.0664092302322388
4,-0.6125209233089581,-1.2080188989639282
4,0.38021124171160636,-0.20094694197177887
4,0.3979400086720375,-0.12493342906236649
4,-0.6756986619230307,-0.5369407534599304
4,-1.4372678984262883,-1.394628882408142
4,-1.0161684976948866,-0.9131267070770264
4,0.0,-0.2021474391222
4,-0.6020599913279625,-0.9747853875160217
4,0.0,-0.26119524240493774
4,-1.7909884750888159,-1.1662129163742065
4,-1.1174457461429075,-1.0790009498596191
4,-1.0826695738934466,-1.1715694665908813
4,0.43818045492417124,0.7166457772254944
4,0.6354341975677036,0.30451279878616333
4,0.16234844215360766,0.5518888235092163
4,-0.30102999566398125,-0.37938451766967773
4,0.30102999566398125,-0.35424479842185974
4,0.4189453307158164,0.29002222418785095
4,0.6544324428974422,0.6413439512252808
4,0.43468809354410887,0.45659494400024414
4,0.7781512503836439,0.7589486837387085
4,0.17609125905568135,0.8577002882957458
4,1.0,0.5988408327102661
4,0.30102999566398125,0.6277151703834534
4,-0.4771212547196626,0.6636775135993958
4,1.0,0.7264666557312012
4,-0.8325089127062366,-0.472970187664032
4,-0.04845513955992686,-0.16755320131778717
4,-1.0496419314221423,-0.9389456510543823
4,-1.2344639991151105,-0.8550668358802795
4,-1.2976237469720697,-0.3065914511680603
4,-1.0211892990699383,-0.9976049065589905
4,-1.125806458139527,-1.3629108667373657
4,-0.7781512503836439,-0.26475048065185547
4,-0.9604914587163265,-0.839221179485321
4,-0.2304489213782741,-0.3149123191833496
4,0.0,-0.1336488425731659
4,-0.374137093999412,-0.29559996724128723
4,-0.05982055802409558,-0.1863308697938919
4,-0.11229725627967468,-0.16784562170505524
4,0.16061660671589717,-0.3467791676521301
4,-0.31481828014961444,-0.35471072793006897
4,0.020684598859850745,-0.09457799792289734
4,-0.08364212367298762,-0.19810070097446442
4,0.13262556527459068,-0.15796323120594025
4,-0.10198953853733084,-0.18073907494544983
4,-0.1249387366082999,-0.10498159378767014
4,-0.40041462779989345,-0.31440335512161255
4,-0.15892323391866725,-0.4733051061630249
4,-0.10616473573321805,-0.29173150658607483
4,0.05115252244738144,0.10660506039857864
4,-0.6365004335419719,-0.46673107147216797
4,0.6687190734409958,0.6138912439346313
4,-1.6442112696605529,-1.1308002471923828
4,0.0,-0.021867284551262856
4,0.8016178699917056,0.538960874080658
4,-1.2411361328069157,-0.806093156337738
4,-0.6684126707675615,-0.27285248041152954
4,-1.2002249387724007,-0.747482180595398
4,-0.2596373105057559,-0.3329054117202759
4,-0.8834944309285628,-0.26949548721313477
4,-0.8586708472035305,-0.7200849652290344
4,-1.3340302557669066,-0.43276068568229675
4,-1.1317935832540487,-0.8433895111083984
4,-1.1485077374235928,-0.8439923524856567
4,-0.48314724113633556,-0.7283554077148438
4,-0.3251455612858125,-0.8288024663925171
4,-1.1290946963794575,-0.9304593801498413
4,-1.1620186307939715,-0.8997287750244141
4,-1.5378190950732744,-0.9389456510543823
4,-1.201852121200102,-1.3396176099777222
4,-1.207980403469163,-1.349165678024292
4,-1.153814864344529,-1.3497684001922607
4,0.8883667301712368,-0.5836301445960999
4,-1.2983898994977725,-0.9269013404846191
4,-0.8293037728310244,-0.5013021230697632
4,-1.5538830266438746,-0.936449408531189
4,-1.2900346113625183,-1.2111024856567383
4,-1.1856365769619117,-0.2382526397705078
4,-1.8899478139300738,-1.209991455078125
4,-1.0667513375652513,-0.9288371205329895
4,-1.1681223293844054,-0.9235921502113342
4,-0.955032854483477,-0.6849986910820007
4,-0.2355284469075496,-0.30064937472343445
4,-1.0533739824413395,-0.3242402672767639
4,-2.6137983945992067,-1.276700735092163
4,1.6020599913279625,0.8610776662826538
4,0.7781512503836439,0.6528608202934265
4,0.5081554884596313,0.8458268046379089
4,0.2683104668039187,0.35118845105171204
4,0.8493884764952844,0.30835437774658203
4,0.48586619024719013,0.18981121480464935
4,0.45843904175190797,0.27076417207717896
4,0.779368980551908,0.362770676612854
4,-0.19897074537756954,-0.4250175356864929
4,-1.2403321553103694,-1.0589390993118286
4,-1.4722687519252506,-1.0922470092773438
4,-1.1663314217665253,-1.2449774742126465
4,-0.960232873128513,-0.9065678715705872
4,0.0,-0.686475396156311
4,-1.0,-0.39272066950798035
4,-1.1437352225623476,-1.2350326776504517
4,-1.6962891656882473,-1.0158964395523071
4,1.072489365083169,0.957184374332428
4,0.0,0.4008678197860718
4,-0.6989700043360187,-0.7405193448066711
4,-1.1702617153949575,-1.190922737121582
4,-0.43933269383026285,-0.6165476441383362
4,-0.6460339291482207,-0.5270106196403503
4,-0.9208187539523749,-1.1098557710647583
4,-0.9829666607012193,-0.4087100327014923
4,0.10720996964786877,0.13116560876369476
4,0.2850418902798513,0.13116560876369476
4,-0.3521825181113627,-0.7144305109977722
4,0.4040630937308265,0.1318110227584839
4,0.6872316010647745,0.8399499654769897
4,0.7771305813312361,0.6191564202308655
4,0.6266567538842605,0.5634918212890625
4,0.6182848926385986,0.5120291113853455
4,1.259844068177789,0.5922035574913025
4,0.9240900922092257,0.695577085018158
4,0.7937903846908192,0.6447513699531555
4,-1.2218487496163561,-1.504948377609253
4,0.4610493196492511,0.6918126344680786
4,0.9772370007764248,0.504559338092804
4,0.5769756483744999,0.6303189396858215
4,1.322592881408056,0.7808197140693665
4,1.3017133860204186,1.029233455657959
4,1.2195039221899133,0.8521827459335327
4,0.7139670542376466,0.9178995490074158
4,0.681696234255238,0.728967010974884
4,0.4610493196492511,0.8035432696342468
4,0.7191542243137574,0.7324786186218262
4,0.8540339842758531,0.6716620326042175
4,0.41912930774197577,0.9178995490074158
4,0.8563790504239464,0.728967010974884
4,0.8214045648353983,0.8035432696342468
4,0.70351763208674,0.6716620326042175
4,-1.085171609736812,-0.6665999889373779
4,-0.04111258551491215,-0.37755087018013
4,-1.370665923805375,-1.6866228580474854
4,-0.9398127940166834,-0.9166918992996216
4,0.0,-0.18127994239330292
4,0.8810742471742232,0.4060794413089752
4,-2.1692364124099317,-1.3437505960464478
4,0.0,0.21827080845832825
4,0.451927270561173,0.4122028052806854
4,-1.338818556553381,-0.9958432912826538
4,-1.2160192059556323,-0.9298206567764282
4,-0.6989700043360187,-0.9371786117553711
4,-0.3502480183341632,-0.6616575121879578
4,-0.9999999999999991,-1.2197341918945312
4,-0.8538719643217618,-0.5185887217521667
4,-0.9868385539420288,-0.6377778649330139
4,-0.3484546455921187,-0.5913453102111816
4,-0.7373149964122376,-0.7380800247192383
4,-1.2284793285153688,-1.1884832382202148
4,-0.7781512503836439,-1.1074162721633911
4,-0.7727562184969372,-0.4062706530094147
4,-0.9363309201306222,-0.6831464767456055
4,-1.2485009443877964,-1.084407925605774
4,-0.3099848383169075,-0.6362890601158142
4,0.0,-0.06548339128494263
4,-0.639201799332529,-0.569182813167572
4,-1.0483046795745548,-0.7244543433189392
4,0.0,-0.5852258205413818
4,0.0,-0.7331221699714661
4,-0.7403626894942441,-0.6163147687911987
4,0.0,0.1156369224190712
4,0.6020599913279625,0.7300505042076111
4,0.30102999566398125,0.6332966089248657
4,0.9542425094393252,1.0502041578292847
4,0.9700367766225568,0.9749969244003296
4,1.5228787452803374,0.7108504176139832
4,-0.3494856763830949,-0.24892035126686096
4,-0.09691001300805624,-0.38924169540405273
4,0.07918124604762511,-0.18992188572883606
4,0.26785190423374505,0.37214186787605286
4,0.22943874649712015,0.33910253643989563
4,0.0,-0.32778018712997437
4,-0.10206004319610873,-0.2221532166004181
4,-0.3494856763830949,-0.3790908455848694
4,0.09455610761457933,-0.3208712935447693
4,-0.3979400086720375,-0.0566793717443943
4,0.37679174465498644,0.6303883194923401
4,0.0,-0.06083674728870392
4,0.0,-0.18402640521526337
4,-0.15051493100552538,0.20219361782073975
4,-0.389075175605468,-0.20832999050617218
4,0.15051493100552538,-0.1424146592617035
4,-0.4375301220789325,-0.32777997851371765
4,-0.4375301220789325,-0.4822327494621277
4,-0.389077352590518,-0.2836759388446808
4,-0.03959044503700948,-0.09241985529661179
4,0.23855876556918343,-0.17761555314064026
4,-0.7870157984620274,-0.38475820422172546
4,0.0,-0.29557856917381287
4,0.0,-0.15734492242336273
4,-0.4375301220789325,-0.33377736806869507
4,0.0,-0.20278792083263397
4,0.0,-0.3248571455478668
4,0.0,-0.19263705611228943
4,-0.4375301220789325,-0.19386029243469238
4,0.0,-0.19386771321296692
4,-0.3494856763830949,-0.25175172090530396
4,0.0,-0.33500802516937256
4,-0.3494856763830949,-0.09522010385990143
4,0.0,-0.20401857793331146
4,0.0,-0.1684713363647461
4,-0.3494856763830949,-0.3461070656776428
4,0.0,-0.20496676862239838
4,0.0,-0.26687031984329224
4,0.0,-0.058625541627407074
4,-0.30102999566398125,-0.07176198065280914
4,0.0,-0.2004433274269104
4,-0.30102999566398125,-0.2439432293176651
4,0.0,-0.30559661984443665
4,-1.7781512503836439,-1.3185011148452759
4,-1.568201724066995,-1.4338874816894531
4,-1.3909351071033793,-1.3942930698394775
4,-1.4913616938342722,-1.386795163154602
4,-1.3010299956639813,-1.1969318389892578
4,-1.2218487496163561,-1.215936303138733
4,-1.3979400086720375,-1.2233508825302124
4,-1.0969100130080562,-1.5131094455718994
4,-1.3010299956639813,-1.197451114654541
4,-1.198657086954423,-1.100448727607727
4,-1.6020599913279625,-1.391247034072876
4,-1.4419568376564111,-1.461031198501587
4,-1.3480265583402051,-1.3138842582702637
4,-1.134905331569489,-1.1073280572891235
4,-0.9542425094393252,-1.0798277854919434
4,-0.42596873227228116,-0.8623356819152832
4,-0.5228787452803374,-1.0141383409500122
4,-0.5228787452803374,-0.8089221715927124
4,-0.4771212547196626,-0.8794878721237183
4,-1.4996870826184043,-0.9461621046066284
4,-1.3679767852945943,-1.0009996891021729
4,-1.190331698170291,-1.4418163299560547
4,-1.3929480631145381,-1.4322682619094849
4,-1.119475840906798,-1.0212823152542114
4,-1.355387657986574,-1.510231852531433
4,-1.4036923375611288,-1.2849115133285522
4,-0.8954839347570029,-1.0239982604980469
4,-0.695648424229586,-0.5497129559516907
4,-0.4149733479708182,-0.7923216223716736
4,-1.2359750178074123,-1.4804795980453491
4,-1.0672352615654335,-1.543479561805725
4,-0.9661417327390325,-1.479925274848938
4,-1.3010299956639813,-1.2839778661727905
4,-1.5051499783199063,-1.5432847738265991
4,-1.7558748556724915,-1.4804795980453491
4,-1.685741738602264,-1.4652361869812012
4,-1.6180480967120925,-1.496227502822876
4,-1.6690067809585756,-1.4762327671051025
4,0.6296719922204899,0.5835856199264526
4,0.5983321188087194,0.5245791077613831
4,0.2767614209370439,0.5710226893424988
4,0.15734628357760183,0.5010691285133362
4,-0.09005152751604584,0.15492329001426697
4,0.2353756021490181,0.20144523680210114
4,0.3667897898651731,0.1708691120147705
4,0.48921210380499947,0.35410377383232117
4,-0.04778894189133087,0.23685523867607117
4,0.0,-0.19404862821102142
4,-0.3494856763830949,-0.30135539174079895
4,0.0,-0.2292540967464447
4,0.0,-0.2879759669303894
4,0.0,-0.3972722291946411
4,-0.7870157984620274,-0.25240013003349304
4,-0.4375301220789325,-0.269217848777771
4,-0.3494856763830949,-0.37768417596817017
4,0.0,-0.26628267765045166
4,-0.09691001300805624,-0.2993423044681549
4,-0.3494856763830949,-0.15713532269001007
4,-0.3494856763830949,-0.35293981432914734
4,0.0,-0.2668474614620209
4,0.0,-0.31707432866096497
4,-0.4375301220789325,-0.22195035219192505
4,0.0,-0.2021660953760147
4,0.0,-0.3219616115093231
4,-0.3494856763830949,-0.2422492653131485
4,0.0,-0.25906699895858765
4,0.0,-0.09764528274536133
4,-0.4375301220789325,-0.27975794672966003
4,-0.45154571957920364,-0.535957932472229
4,-1.310370021918124,-0.595841646194458
4,-1.0399875249893382,-0.5360853672027588
4,-0.3651474952757301,-0.612076997756958
4,-0.8522634644019309,-0.6309614777565002
4,-0.550649497692774,-0.7187191247940063
4,0.0,-0.0751924142241478
4,-0.008209265560077839,0.5338752269744873
4,1.063783468125422,0.4329024851322174
4,1.0267793761882515,0.44123148918151855
4,1.0400659671353036,0.31325533986091614
4,0.6857670331351287,0.43568840622901917
4,1.0245022972506561,0.49533921480178833
4,0.7913446290509967,0.3233868181705475
4,0.7284446902292494,0.5037045478820801
4,0.614154047356525,0.40031248331069946
4,0.9447233451859223,0.4903108477592468
4,1.0895383657052022,0.4739476144313812
4,-1.4641562775552943,-1.3504951000213623
4,-0.008038355111862572,0.4093198776245117
4,-0.8450980400142569,-1.020316243171692
4,-1.2430380486862944,-0.956530749797821
4,-1.7283537820212285,-1.3683075904846191
4,-1.0248235837250323,-0.15792930126190186
4,-0.8562344061322165,-0.9090200662612915
4,-1.8195439355418692,-1.0902392864227295
4,-1.8195439355418692,-1.2569411993026733
4,-1.3222192947339186,-1.2785487174987793
4,-1.8512583487190746,-1.7572684288024902
4,-0.8361431973613307,-0.6931864023208618
4,-0.7367585652254185,-0.7760977149009705
4,-0.8616973018337184,-0.6242562532424927
4,-1.0310342337399687,-0.7809498906135559
4,-0.9330532103693869,-0.8149275779724121
4,-0.1870866433571443,0.19004029035568237
4,-0.14612803567823818,0.14685924351215363
4,0.0,0.059445660561323166
4,0.16272729749769965,0.12965482473373413
4,-1.1383026981662816,-0.662916898727417
4,-0.5228787452803374,-0.6665729284286499
4,-0.035912621145258505,-0.13713903725147247
4,-0.353745534848775,-0.46607547998428345
4,-0.27303720999868375,-0.30374881625175476
4,-0.6020599913279625,-0.3659524917602539
4,-0.25731535616566603,-0.3842117190361023
4,-0.2240148113728644,-0.2979448139667511
4,-0.10349273312891683,-0.1924719214439392
4,-0.6378332609820365,-0.5287209749221802
4,-1.1055101847699733,-0.7580937147140503
4,-1.0791812460476242,-0.9533217549324036
4,-0.8283178598493732,-0.7205719351768494
4,1.9138138523837167,1.5897903442382812
4,1.3802112417116064,1.5931673049926758
4,-1.079181246047625,-1.0246896743774414
4,-0.9751764162749677,-1.1847238540649414
4,-0.9030899869919438,-1.038716435432434
4,-1.7754621118728622,-1.386972427368164
4,-1.7874342339527498,-1.4505923986434937
4,-1.2867895565493708,-1.1496903896331787
4,-1.472965294948505,-1.1496903896331787
4,-0.9030899869919438,-1.2785487174987793
4,-1.0894004112293114,-1.2869949340820312
4,-0.8494839081883114,-1.1645946502685547
4,-0.6690067809585756,-0.9608325958251953
4,-0.8450980400142569,-1.1662129163742065
4,-1.4471580313422194,-1.2045127153396606
4,-1.3771847870814184,-1.3464293479919434
4,-1.2430380486862944,-1.038932204246521
4,-1.6901960800285138,-0.9438315629959106
4,-1.8633228601204568,-1.2569411993026733
4,-1.703291378118661,-1.2821009159088135
4,-0.6020599913279625,-1.2639669179916382
4,0.05799194697768684,-1.2257899045944214
4,-1.5440680443502757,-1.1801341772079468
4,-0.7781512503836439,-1.2649372816085815
4,-1.079181246047625,-1.2060521841049194
4,0.32330639037513365,-1.209588885307312
4,0.0,-1.1090327501296997
4,-1.6842467475153127,-1.3007193803787231
4,-1.860338006570994,-1.322819471359253
4,-0.6989700043360187,-1.3632434606552124
4,0.0,-1.037615418434143
4,-0.8791778295865322,-0.9112246036529541
4,-1.0855214240786433,-0.9781728386878967
4,-1.213879819945081,-1.1416702270507812
4,-1.1160933293803952,-1.0266366004943848
4,-0.25257524375317963,-0.24175207316875458
4,-1.1393684520309417,-1.5654869079589844
4,-1.0,-1.5654869079589844
4,-1.0,-0.5818526148796082
4,-1.0,-0.5063418745994568
4,-1.0,-0.5601728558540344
4,-0.6989700043360187,-1.1537519693374634
4,-1.1583624920952502,-0.5436527132987976
4,-0.4771212547196626,-0.7769204378128052
4,-1.0413926851582254,-1.295247197151184
4,-1.1461280356782382,-1.4887114763259888
4,-1.1832698436828046,-1.4434247016906738
4,-0.9700367766225568,-1.3585132360458374
4,-1.1083394747888384,-1.0149363279342651
4,-0.8129133566428557,-1.0173189640045166
4,-0.9542425094393252,-0.9088358283042908
4,-1.0969100130080562,-0.9511154890060425
4,-1.3010299956639813,-0.9612662196159363
4,-1.0863598306747484,-0.896451473236084
4,-0.8450980400142569,-1.0261422395706177
4,-0.8293037728310244,-1.0847219228744507
4,-1.0,-0.810615599155426
4,-0.8485957325996907,-0.7279341220855713
4,-1.3273589343863303,-1.0642114877700806
4,-0.3606839977965217,-0.7623891234397888
4,-1.4425378337054742,-1.210469126701355
4,-0.5794353717028686,-0.9094635248184204
4,-1.053684858962776,-1.5292176008224487
4,-0.5696265473873332,-0.6542513966560364
4,-0.9809013839687024,-1.3274976015090942
4,-1.0636690798693778,-1.0469152927398682
4,-0.9420080530223132,-0.8926917910575867
4,-1.0299632233774432,-1.0989949703216553
4,-1.0769597860536666,-0.7141056656837463
4,-1.019595556063381,-1.0574545860290527
4,-0.6627578316815743,-1.0921411514282227
4,-0.8920946026904808,-1.0921411514282227
4,-1.4049261295327038,-1.2305163145065308
4,-1.1461280356782382,-1.1341530084609985
4,-1.4471580313422194,-1.1183801889419556
4,-0.9542425094393252,-1.125504493713379
4,-1.230448921378274,-1.1351587772369385
4,-1.7501225267834002,-1.291570782661438
4,-1.134698573897456,-1.155145525932312
4,-0.32123338175226746,-0.846361517906189
4,-1.3881801713828814,-1.1136935949325562
4,-0.9488474775526186,-0.5928158760070801
4,-1.1413291527964695,-0.659332811832428
4,-0.5362427068383191,-0.4710231125354767
4,-0.30102999566398125,-0.6014223694801331
4,-0.6478174818886373,-0.646092414855957
4,-0.21559980033935489,-0.528002917766571
4,-1.3273589343863303,-0.7758008241653442
4,-0.3933442569828882,-0.539981484413147
4,-0.811888600118249,-0.6155534386634827
4,-0.639201799332529,-0.6155534386634827
4,0.05115252244738144,-0.7682130336761475
4,-0.2510560207021424,-0.573035717010498
4,-0.4232458739368079,-0.47744685411453247
4,-1.359624710929828,-0.7446172833442688
4,-0.48666657262589297,-0.5636521577835083
4,-1.1268732363854994,-0.5971794128417969
4,-0.49600659888003573,-0.3779904544353485
4,-0.7569619513137056,-0.5011391043663025
4,-0.8880262405560675,-0.55402672290802
4,-0.4890204780193699,-0.539981484413147
4,-0.5713911715615101,-0.539981484413147
4,-0.2308574535331438,-0.2876351773738861
4,-0.30935112938274134,-0.5969502925872803
4,-0.5011594955871015,-0.5222282409667969
4,-0.5399120845791181,-0.5613787770271301
4,-0.44909253111941894,-0.5087348222732544
4,-0.08432088570003593,-0.48247089982032776
4,-0.9274493328513884,-0.7170330882072449
4,-0.3907614240449142,-0.6387607455253601
4,-0.8519374645445623,-0.5885680317878723
4,-0.2200696759654459,-0.4031810164451599
4,-0.40565926106331407,-0.6577556729316711
4,-0.9133091521736292,-1.0122661590576172
4,-0.9016202919111684,-1.1258751153945923
4,-0.7118072290411908,-1.1258751153945923
4,-1.3309932190414244,-1.1340240240097046
4,-1.7817553746524686,-1.9411574602127075
4,-1.653212513775344,-1.8669824600219727
4,-1.845098040014257,-1.8847768306732178
4,-1.7853298350107671,-1.8202282190322876
4,-1.3233063903751336,-1.4463768005371094
4,-1.0969100130080562,-1.2725716829299927
4,-1.3979400086720384,-1.258172631263733
4,-1.260912772455999,-1.2788387537002563
4,-1.3815495924838688,-1.293292760848999
4,-1.5468790216841048,-1.1357039213180542
4,-1.3010299956639813,-1.304627537727356
4,-1.8129133566428557,-1.4403183460235596
4,-1.4771212547196626,-1.3570960760116577
4,-0.7611179110848632,-1.3535816669464111
4,-1.3521825181113627,-1.4057600498199463
4,-1.3710678622717358,-1.3158411979675293
4,-0.9315426193441478,-0.6857020854949951
4,-1.4161648287782365,-0.7208219170570374
4,-0.84641608194217,-0.8359870314598083
4,-1.335792101923193,-1.199609637260437
4,-0.7825160557860933,-0.5153351426124573
4,-0.9782807503067641,-1.0549434423446655
4,0.0,-0.2578338384628296
4,-1.0408362539714062,-0.5081648230552673
4,-1.0321846833714012,-0.41739708185195923
4,-1.0377885608893997,-0.6942728757858276
4,0.0,0.11772961914539337
4,0.3979400086720375,0.8523299098014832
4,-0.7781512503836439,-0.5491654872894287
4,-0.5479894658633686,-0.18842005729675293
4,-0.23749614683474451,-0.14525899291038513
4,0.8129133566428557,0.8177499175071716
4,-0.5638373529592435,-0.6789746284484863
4,-0.8239087409443187,-0.4166247546672821
4,-0.15490195998574308,-0.23217731714248657
4,-0.15490195998574308,-0.23433983325958252
4,0.0,0.08167187869548798
4,0.5440680443502757,0.2928849756717682
4,0.30102999566398125,0.8000819683074951
4,0.30102999566398125,0.7131919264793396
4,1.230448921378274,0.7314215302467346
4,0.7569619513137056,0.8400598168373108
4,0.6989700043360187,0.9401993155479431
4,0.9030899869919438,0.9401993155479431
4,0.6989700043360187,0.7033280730247498
4,0.860338006570994,1.1202356815338135
4,1.0910804693473324,1.0286438465118408
4,1.2787536009528289,0.7808818817138672
4,0.0,-0.03709013760089874
4,0.0,-0.00839058868587017
4,0.15490195998574308,-0.14701145887374878
4,0.0,0.031087135896086693
4,-0.2855178294857339,-0.608475923538208
4,-0.7975798022219696,-0.8739427328109741
4,0.9281179926938741,0.7795265316963196
4,0.6501214367982016,0.8968589901924133
4,-0.8239087409443187,-0.4547894597053528
4,-0.5246297603136751,-0.4793790578842163
4,-0.6941175015416068,-0.7527349591255188
4,-0.8643373979999271,-0.5966021418571472
4,-0.30102999566398125,-0.5115800499916077
4,-0.9183299535486809,-0.6539422273635864
4,-0.924279286061882,-0.7620435357093811
4,-0.14612803567823818,-0.4838729798793793
4,-0.547321201747998,-0.7854914665222168
4,-0.3777366225837504,-0.7562857866287231
4,-0.28254658996996795,-0.6859305500984192
4,-0.034762106259211834,0.11668768525123596
4,-1.0321846833714012,-0.6914016008377075
4,-1.0389180660303694,-0.449051171541214
4,-0.7153604205241875,-0.33350908756256104
4,-0.6746106584765741,-0.8077456951141357
4,-0.29299404006743934,-0.23588599264621735
4,-0.939704098112748,-0.8324484825134277
4,-1.0,-1.1640448570251465
4,-1.1072099696478688,-1.1616053581237793
4,-1.0511525224473814,-1.0415828227996826
4,-1.3979400086720375,-0.9562339186668396
4,-1.42142110452156,-0.8603275418281555
4,-1.0,-0.9363985061645508
4,-1.5913361259361896,-0.9562339186668396
4,-0.5026753591920503,-0.934268593788147
4,-1.249198357391113,-0.5230296850204468
4,-0.7388415163737116,-0.6021499633789062
4,-0.3372421683184257,-1.1018526554107666
4,-0.595429412428949,-0.5011104941368103
4,-1.9586073148417746,-0.6255154013633728
4,-0.4503280781317258,-0.33885419368743896
4,-0.7178553484963919,-0.7970374226570129
4,-0.8952646494799872,-0.9568058848381042
4,-1.154901959985743,-0.7498128414154053
4,-0.7942380702770997,-0.5600010752677917
4,-1.1804560644581317,-0.7454093098640442
4,-1.1737873041461162,-1.0528802871704102
4,-0.7384785456196923,-1.0053608417510986
4,-0.7942380702770997,-0.6058642864227295
4,-0.4701723947643339,-0.33648204803466797
4,-0.3419886033428874,-0.6069995760917664
4,-0.3665315444204129,-0.6080227494239807
5,-0.5290390539851559,-0.7501018047332764
5,-0.3357921019231931,-0.06617755442857742
5,-0.3357921019231931,-0.13200673460960388
5,-0.1870866433571443,-0.19276182353496552
5,0.0,-0.34718945622444153
5,0.0,0.08424735069274902
5,0.0,0.5256664156913757
5,-0.671257016468986,-0.5261200070381165
5,-0.4910247010432185,-0.6367492079734802
5,-0.7344423224982384,-1.2020748853683472
5,-1.4775597146073878,-1.3885594606399536
5,-0.30102999566398125,-0.754314661026001
5,-0.9617354999047176,-0.613514244556427
5,-1.0746336182969038,-0.8003692626953125
5,-0.9303640718586061,-0.8003692626953125
5,-1.2621119296336119,-1.2345725297927856
5,-0.7781512503836439,-0.1692776381969452
5,-0.6159957692712545,-1.2020748853683472
5,-0.38021124171160636,-0.2011910378932953
5,-0.9033833301181948,-1.1939958333969116
5,-1.3164363267053814,-1.2642146348953247
5,-1.179695383324507,-0.6108869314193726
5,-0.6876889939263293,-0.6566340923309326
5,-0.2657020333222384,-0.2533286511898041
5,-0.24652098006676937,-0.6831405758857727
5,-0.08430583072525177,-0.6493093371391296
5,-0.3853508813640172,-0.34704798460006714
5,-0.36408174141106997,-0.3717159330844879
5,-0.8864907251724823,-0.5566810965538025
5,-0.6145129060142454,-0.6239984035491943
5,-0.7720771026714504,-1.031479835510254
5,-0.9208187539523758,-0.8070782423019409
5,-1.103219486915064,-0.757547914981842
5,-0.3979400086720375,-0.7827072739601135
5,-1.066946789630613,-1.0380480289459229
5,-0.8527848686805477,-1.1508359909057617
5,-0.8738898682596776,-1.2054847478866577
5,-1.204119982655925,-1.352236270904541
5,-1.6658935455344324,-1.3390802145004272
5,-0.013788284485633184,-0.1480511575937271
5,-0.22577904324478837,-0.3635352551937103
5,-0.14612803567823818,-0.45456215739250183
5,-0.2833012287035501,-0.30914005637168884
5,-0.04420366249205365,-0.5672566890716553
5,-1.0,-0.7917361259460449
5,-0.5034501934420117,-0.6803552508354187
5,-0.3187587626244124,-0.6431664824485779
5,-0.8129133566428557,-1.318261742591858
5,-0.9138138523837167,-1.314704179763794
5,-0.48265374331962363,-0.7425271272659302
5,-0.9731278535996983,-0.7367899417877197
5,-1.026328938722349,-0.7905580401420593
5,-1.595429412428949,-0.7905580401420593
5,-0.19188552623891297,-0.0031111545395106077
5,-0.25527250510330646,-0.3937874138355255
5,-0.26884531229258,-0.5671219229698181
5,-0.45593195564972433,-0.4227043092250824
5,-0.91832995354868,-0.7742360830307007
5,-1.0687158123694598,-0.9794052243232727
5,-0.70472233322511,-0.7887224555015564
5,-0.9542425094393252,-0.8381388783454895
5,1.3009935730215947,1.3002625703811646
5,1.3652309733119132,0.7205866575241089
5,-0.07389564958594175,-0.32783931493759155
5,-0.1301133703771553,-0.2631109654903412
5,-0.40414195383817475,-0.21637529134750366
5,-0.4499690086760477,-0.34917643666267395
5,-0.08828975779995663,-0.34904056787490845
5,-0.621365146523349,-0.6063182950019836
5,-0.8880262405560675,-0.8349383473396301
5,-1.151835009809636,-1.0707995891571045
5,-1.328787200354535,-1.1733837127685547
5,-1.4683473304121577,-1.4519338607788086
5,1.0,0.48233017325401306
5,-1.865301426102544,-1.3177253007888794
5,-0.40866387406381044,-0.5466613173484802
5,-0.6989700043360187,-0.519976019859314
5,-0.46852108295774464,-0.5596423745155334
5,-0.23408320603336819,-0.39199963212013245
5,-1.5218926287866976,-1.216220736503601
5,0.0,0.15828962624073029
5,0.0,0.05042256414890289
5,-0.2614389320748671,-0.5258913040161133
5,-0.6752907023818553,-0.282046377658844
5,-0.5464143572130373,-0.38072988390922546
5,-0.05018506000905987,-0.32745668292045593
5,-0.6937057643436617,-0.6500856280326843
5,-0.5127853228438921,-0.6053715944290161
5,-1.328088228398017,-1.2243396043777466
5,-0.4375301220789325,-0.23585978150367737
5,-0.7609437229818958,-0.6347602009773254
5,0.44075738996381375,-0.18315041065216064
5,-0.045757490560675684,-0.41404956579208374
5,-1.5498819796628904,-1.3652281761169434
5,-0.8299828886565122,-0.6046372652053833
5,-1.2671717284030137,-1.1939958333969116
5,-0.4375301220789325,-0.17449770867824554
5,-0.3979400086720375,-0.22412948310375214
5,-0.06766585912156575,-0.14584141969680786
5,0.03141136394152788,-0.3456364870071411
5,-0.2872761903368577,-0.40641653537750244
5,0.0,0.03668231517076492
5,0.0,0.1035802885890007
5,0.0,0.1035802885890007
5,0.0,0.1035802885890007
5,0.0,0.28880006074905396
5,-1.164810248645992,-1.0086331367492676
5,-1.351646020844985,-1.2345725297927856
5,-0.8938982262807151,-1.358862042427063
5,-0.6644710271256944,0.14498035609722137
5,0.0,0.02919427677989006
5,-1.0,-0.48649153113365173
5,-0.5440680443502757,-0.4325481653213501
5,-0.9432471251378614,-1.1443480253219604
5,-0.5668556299573106,-0.6901168823242188
5,-0.7086972828532296,-0.8016353845596313
5,-0.6647291997449933,-0.4922204911708832
5,-0.5239367104366721,-1.0252867937088013
5,-1.1083394747888384,-1.152187466621399
5,-0.5416500036495355,-0.4817756414413452
5,-0.09556972905670502,-0.1745876967906952
5,-1.4191293077419758,-1.2639647722244263
5,-0.5630018391753735,-0.4947664737701416
5,-1.3873898263387296,-1.1169018745422363
5,-1.3679767852945943,-1.1573237180709839
5,-0.48811663902112556,-0.4329451322555542
5,-0.2174839442139067,-0.4628629684448242
5,-1.5314789170422554,-1.463689923286438
5,-0.6989700043360187,-0.5854237675666809
5,-1.3710678622717358,-1.354096531867981
5,-1.139879086401237,-1.2747982740402222
5,-0.39159983064101844,-0.5224592089653015
5,-0.9661417327390325,-1.0984344482421875
5,-0.9294189257142929,-1.2725681066513062
5,-0.7717511358193772,-1.0303795337677002
5,-1.020203386088287,-0.7804305553436279
5,-0.45229767099463025,-0.731937050819397
5,-0.7150857120368901,-0.6186429262161255
5,-1.2039547801153212,-1.0695948600769043
5,-0.8373045780392774,-0.6975164413452148
5,-0.8509669736783545,-1.2020748853683472
5,-0.38021124171160636,0.3780561685562134
5,0.0,-0.0741862803697586
5,0.0,0.220150887966156
5,0.0,0.32041293382644653
5,0.0,0.0811593160033226
5,0.0,0.1035802885890007
5,0.0,0.21632924675941467
5,0.0,0.18919852375984192
5,0.0,0.21254591643810272
5,0.0,0.21254591643810272
5,0.0,0.2030620276927948
5,0.0,-0.0422978550195694
5,0.0,0.07930943369865417
5,0.0,-0.09101845324039459
5,0.0,-0.0422978550195694
5,0.0,0.1035802885890007
5,0.0,-0.028557581827044487
5,0.0,-0.03184887394309044
5,0.0,-0.05190500617027283
5,0.0,-0.028557581827044487
5,0.0,-0.07727820426225662
5,0.0,-0.07727820426225662
5,0.0,-0.0422978550195694
5,0.0,0.03381270915269852
5,0.0,-0.16676387190818787
5,-0.3702936524708784,-0.5242405533790588
5,-0.8824086941583156,-0.5919774770736694
5,-0.34544913545239364,0.20492607355117798
5,-0.29329754543329045,-0.6237848401069641
5,-1.20682587603185,-1.0812078714370728
5,-1.7283537820212285,-1.1939958333969116
5,-0.5901452216989629,-0.6282016038894653
5,0.0,-0.028557581827044487
5,-0.10669428249220125,-0.31079694628715515
5,-0.4771212547196626,-0.6237848401069641
5,-1.1802078252505135,-1.1939958333969116
5,-0.4375301220789325,-0.19678573310375214
5,-0.955514702167144,-0.7375497221946716
5,-0.363476284067918,-0.13553792238235474
5,0.432627035929956,-0.18315041065216064
5,0.0,0.005206895060837269
5,-1.0910804693473333,-1.2804229259490967
5,1.3873898263387296,1.1344752311706543
5,-0.2542865921216544,-0.12425817549228668
5,-0.4704906758206491,-0.44361138343811035
5,-0.2457271871970752,-0.12730970978736877
5,-0.7065894012062106,-0.6008841395378113
5,-0.8684581793160246,-0.6592468023300171
5,-0.2466723333413885,-0.44361138343811035
5,-0.6493280729138764,-0.7257204055786133
5,-0.7113792623178385,-0.7803739309310913
5,-0.7186183397009049,-0.8245968222618103
5,-0.7280831092284821,-0.6313983201980591
5,-0.7364746198201395,-0.8196030259132385
5,-0.7388553441053656,-0.6644958853721619
5,-0.6778349886836752,-0.6548557281494141
5,-0.6921305798057134,-0.8196030259132385
5,-0.7870413936722933,-0.6879532933235168
5,-0.8263148107101967,-0.8245968222618103
5,-0.4577730894245233,-0.5329511165618896
5,-0.5486860088866239,-0.5955188870429993
5,-0.7422037031960453,-0.5955188870429993
5,-0.653212513775344,-0.6149110198020935
5,-0.7136932611567257,-0.6199048161506653
5,0.6001519882093254,0.2700900435447693
5,0.22892721677880523,0.7023848295211792
5,0.018951941086827517,0.2882769703865051
5,0.0,-0.01830318756401539
5,-2.0465761420413546,-0.8716944456100464
5,-2.516430988729595,-1.0725396871566772
5,-2.184096913980195,-0.7662110328674316
5,-0.6320232147054057,-0.7225781679153442
5,-0.9693311802335476,-0.6341990828514099
5,0.0,-0.21571853756904602
5,-0.4476662753813869,-0.5770764350891113
5,-0.4456109417972778,-0.7035449147224426
5,-0.7244946516343056,-0.7701581120491028
5,-1.0134032446733716,-0.9216651916503906
5,-0.3165052602864149,-0.24555233120918274
5,-0.17749745257663463,-0.37435758113861084
5,-0.7505570385574174,-0.5478811264038086
5,-0.09727027390130161,-0.534808874130249
5,-0.2549735016899879,-0.3613864779472351
5,-0.3120253799654442,-0.34296703338623047
5,0.0,0.27700376510620117
5,-1.1668506023207685,-1.1181135177612305
5,0.0,0.04967343807220459
5,0.0,0.04967343807220459
5,-0.7359999720510526,-0.6641602516174316
5,0.0,-0.046650052070617676
5,0.0,0.09922809898853302
5,-1.0937807546179128,-1.2243396043777466
5,0.0,0.05042256414890289
5,0.0,0.2096157670021057
5,0.0,-0.028557581827044487
5,0.0,0.2614971101284027
5,0.0,0.21254591643810272
5,0.0,0.21254591643810272
5,0.0,0.1988498866558075
5,0.7403626894942441,0.2376699149608612
5,1.0,0.4972284436225891
5,0.0,0.5375597476959229
5,0.0,0.11732053756713867
5,0.0,0.14076316356658936
5,0.0,0.011974286288022995
5,0.7403626894942441,0.07734035700559616
5,1.0,0.20412610471248627
5,0.0,-0.23585978150367737
5,-1.0134032446733716,-0.7002108097076416
5,0.0,0.045786477625370026
5,0.0,0.1449982225894928
5,0.0,-0.22760812938213348
5,-0.42527992248172986,-0.49069035053253174
5,-0.6933901269551814,-0.6569634675979614
5,-1.281790637678311,-1.3689640760421753
5,-1.0864630007623939,-1.1684157848358154
5,-2.929418925714293,-1.3395498991012573
5,-1.7869251746911488,-1.1109369993209839
5,-2.9475351254323376,-1.432748794555664
5,-3.1205739312058496,-1.3385403156280518
5,-2.4240428112362427,-1.438755989074707
5,-2.527958270809612,-1.1996991634368896
5,-2.212303431710126,-1.267966866493225
5,-2.921686475483602,-1.2513891458511353
5,-2.6106601630898796,-1.053574562072754
5,-1.8200654018625588,-1.1478500366210938
5,-2.1938200260161134,-1.2070677280426025
5,-1.074000733543845,-0.956231951713562
5,-2.5706402171769405,-1.0108575820922852
5,-2.6661774909397113,-0.9754424095153809
5,-1.549750891680639,-0.7690543532371521
5,-2.5215995264411646,-1.0311301946640015
5,-2.8750612633917,-0.9744328260421753
5,-2.2570131666796076,-1.0164403915405273
5,-2.331519317811881,-0.893370509147644
5,-1.8477116556169433,-0.961638331413269
5,-0.5963076624388712,-0.7462317943572998
5,-1.2099495263166489,-0.7837426662445068
5,-2.638272163982407,-1.3988441228866577
5,-0.7006057670302788,-0.6348272562026978
5,-0.7818473959436067,-0.6679248213768005
5,0.0,-0.12086418271064758
5,0.0,-0.4093237817287445
5,0.15192222629389285,-0.15673917531967163
5,-0.32192791969320034,-0.13553792238235474
5,0.0772210331236014,-0.18315041065216064
5,0.08302429367597952,-0.21965894103050232
5,0.302535350661298,-0.3448117971420288
5,0.6066883955100337,-0.3448117971420288
5,0.10737544668622157,-0.18315041065216064
5,0.10067016188136257,-0.21132269501686096
5,-0.1484198324578232,-0.7218084335327148
5,-0.5456835247569929,-0.8062611818313599
5,0.30102999566398125,-0.5356878042221069
5,0.0,-0.17289897799491882
5,0.0,-0.17408333718776703
5,0.0,-0.18315041065216064
5,-1.3943358844032128,-0.76307612657547
5,-1.9587711686380604,-0.6575927734375
5,-2.4266553640072512,-1.0799082517623901
5,-2.005829543660724,-0.6575927734375
5,0.0,-0.08509223908185959
5,0.0,-0.001765959314070642
5,-0.5038929746004035,-0.5449014902114868
5,-0.5046539251741384,-0.591160774230957
5,-2.7280414522832768,-1.1398588418960571
5,-2.645913275033844,-1.072721004486084
5,-2.687974620034556,-1.1242296695709229
5,-3.0266694283375184,-1.072721004486084
5,0.0,0.18641012907028198
5,0.0,0.1788889765739441
5,0.0,0.46873167157173157
5,0.0,0.12492544203996658
5,0.0,0.22518761456012726
5,0.0,0.1035802885890007
5,0.0,0.24921908974647522
5,0.0,0.0553135946393013
5,0.0,-0.004379291087388992
5,-0.7403626894942441,0.1617274433374405
5,0.0,0.10783661901950836
5,0.0,-0.02088576927781105
5,0.0,0.062261682003736496
5,0.0,0.12492544203996658
5,-0.5991933506763587,-0.7875462174415588
5,0.0,-0.1440325528383255
5,-1.4471580313422194,-1.4473488330841064
5,-0.719768926317288,-0.5392702221870422
5,-0.6337032728234266,-0.44554316997528076
5,-0.644612342013426,-0.5869017839431763
5,-0.6838186602633982,-0.6001845598220825
5,-0.7601281462503708,-0.030415797606110573
5,-0.5528419686577806,-0.5748679041862488
5,-0.644612342013426,-0.674526572227478
5,-0.6892101670468618,-0.5395768880844116
5,-0.70729539312015,-0.6275514960289001
5,-0.7333389059672815,-0.597697913646698
5,-0.73115468770742,-0.597697913646698
5,-0.7533276666586115,-0.597697913646698
5,-0.70351763208674,-0.597697913646698
5,-0.6670524969077736,-0.5970705151557922
5,-0.8166095022028195,-0.597697913646698
5,-0.5417640894407105,-0.6586364507675171
5,-0.6989700043360187,-0.6177263855934143
5,-0.8029748341086753,-0.7824736833572388
5,-0.17384451590774663,-0.5369970798492432
5,-0.795880017344075,-0.559237003326416
5,-0.7634279935629369,-0.6307954788208008
5,-0.7008541482105697,-0.630168080329895
5,-0.36614817424818646,0.23303967714309692
5,-0.7533276666586115,0.20492607355117798
5,-0.653212513775344,-0.025202710181474686
5,-0.033105124157981614,-0.3304319381713867
5,-0.4706752071520439,-0.45808252692222595
5,-0.5314789170422554,-0.6935332417488098
5,-0.2181760471203864,-0.43475592136383057
5,-0.6916707655945196,-0.6536384224891663
5,-0.6863808770279984,-0.6237848401069641
5,-0.6232492903979008,-0.6237848401069641
5,-0.7303784685876433,-0.6438133120536804
5,-0.6368220975871743,-0.7122333645820618
5,-0.6307051727774926,-0.6237848401069641
5,-0.5760234477435038,-0.4671133756637573
5,-0.6726410656136697,-0.5336787104606628
5,-0.4625828433930863,-0.14947660267353058
5,-0.4245377771658321,-0.55644291639328
5,-0.39503501802863017,-0.5957680344581604
5,-0.39503501802863017,-0.49631378054618835
5,-0.6989700043360187,-0.6208546757698059
5,0.8633228601204568,1.1344752311706543
5,-0.10963564959093297,-0.12327652424573898
5,-2.1939486868026874,-1.0388541221618652
5,-2.716494349319551,-1.2716847658157349
5,-0.3494856763830949,-0.15200956165790558
5,-1.6298190478586818,-0.31058230996131897
5,-1.069006971504451,-0.5577070713043213
5,-0.6110148339808887,-0.3318198025226593
5,-0.6963823433623775,-0.43692901730537415
5,-0.10178430078313117,-0.37517714500427246
5,-0.6398485522173623,-0.9153370261192322
5,1.740362689494244,1.3257333040237427
5,-0.8695250628572273,-1.1853872537612915
5,0.8327695154634727,-0.33547452092170715
5,0.26753037425284454,-0.27082911133766174
5,1.8061799739838875,0.7345739006996155
5,2.084320885700036,0.7345739006996155
5,-1.3010299956639813,-0.4591451585292816
5,-0.4375301220789325,-0.23809640109539032
5,-0.8193729871114366,-0.5749070048332214
5,-0.31701810104811123,-0.07322396337985992
5,0.4149733479708182,-0.12083643674850464
5,-0.9911365396686938,-0.5983559489250183
5,-0.44493657134826137,-0.8312253355979919
5,-0.8750612633917001,-0.6094558835029602
5,-0.5899954799265803,-0.3074585497379303
5,-0.11394335230683694,-0.5975952744483948
5,-0.13070197070604372,-0.5975952744483948
5,-0.30011665256835407,-0.4749245345592499
5,-0.2211182288690008,-0.49087855219841003
5,-1.0395085412836735,-0.8752249479293823
5,-1.3256524705723134,-1.2804926633834839
5,-0.7337321105952306,-0.8122684955596924
5,-1.117456579265843,-0.7431480884552002
5,-1.5642714304385628,-1.3445849418640137
5,-1.2846758902054773,-0.7431480884552002
5,-1.2155998003393549,-1.136743187904358
5,-1.1856365769619117,-0.7389858365058899
5,-0.6922366216770506,-0.6964147686958313
5,-0.7781512503836439,-1.258492112159729
5,-1.0413926851582254,-1.1753873825073242
5,-1.5810720321341156,-1.599975347518921
5,-0.7300042380759875,0.1677967607975006
5,-1.241141103017112,-1.3386955261230469
5,-0.597243367296171,-0.6679248213768005
5,0.0,-0.590997576713562
5,-1.0,-0.49508318305015564
5,0.6020599913279625,0.40143391489982605
5,0.0,-0.543978214263916
5,-0.592283252461411,-0.6237019300460815
5,0.0,-0.44063252210617065
5,-0.7942978863342001,-0.6679248213768005
5,-1.0,-0.3135174810886383
5,-0.7955365657786055,-0.6672974228858948
5,-0.808114473761087,-0.6679248213768005
5,-0.5913361259361896,-0.6321370601654053
5,-1.0,-0.053637824952602386
5,-1.0,-0.16127203404903412
5,-0.9062716457781326,-0.40815308690071106
5,-0.42801247478226756,-0.6297858953475952
5,-0.6588953611057073,-0.01264676172286272
5,-0.6606653005632923,-0.6672974228858948
5,-0.6604630074152817,-0.6679248213768005
5,-0.5440680443502757,-0.6609141230583191
5,-0.5094905478629839,-0.5986309051513672
5,0.0,-0.469089150428772
5,-0.479055754496863,-0.6134837865829468
5,-0.824644210183429,-0.6134837865829468
5,-0.6959644941962937,-0.6378697156906128
5,-0.4912657277567858,-0.6903526782989502
5,-0.4794879879987697,-0.6361218094825745
5,-0.19542414077975234,-0.6041760444641113
5,-0.13926459109970324,-0.6183528304100037
5,-0.6079421735539166,-0.6367492079734802
5,-0.70472233322511,-0.6367492079734802
5,-0.6730600665934965,-0.5521366596221924
5,-0.7355411351527765,-0.5931539535522461
5,-0.6251997948362256,-0.6251354217529297
5,-1.167106774763191,-0.7065525650978088
5,-0.8792478601408895,-0.6843698620796204
5,-0.47127208237339513,-0.5112830400466919
5,-0.36266424832349475,-0.6097526550292969
5,-0.5711834248548922,-0.6840240359306335
5,-0.8975808922071673,-0.5840290784835815
5,-0.5586747746122196,-0.7489651441574097
5,-0.874461823017854,-0.692406415939331
5,-0.9266482976130987,-0.635085940361023
5,-0.6940254217189574,-0.5192287564277649
5,-0.791159378671491,-0.6669854521751404
5,-0.7468935566532018,-0.6798421740531921
5,-0.7545638531061272,-0.48884260654449463
5,-0.6053501167750124,-0.6561248898506165
5,-0.7565949935547343,-0.6576610803604126
5,-0.7309097157265505,-0.592878520488739
5,-1.073535741530467,-0.6367492079734802
5,-0.5043075057338848,-0.5319849252700806
5,-0.9229848157088822,-0.5894176959991455
5,-0.650863700684476,-0.797028660774231
5,-0.8510609869879335,-0.6322951912879944
5,-0.6132200665486636,-0.5304755568504333
5,-0.6174439308619508,-0.3602226972579956
5,-0.6756627653670817,-0.6372210383415222
5,-0.43648485095743617,-0.6476654410362244
5,-0.3564291320633881,-0.5459002256393433
5,-0.6606728025742257,-0.9218931198120117
5,-0.4404382382929528,-0.6318233609199524
5,-0.7501225267833993,-0.4754506051540375
5,-0.8609748021130947,-0.6367492079734802
5,-0.6989700043360179,-0.5894176959991455
5,-0.22094772339709845,-0.4992523789405823
5,-0.24303804868629442,-0.5459002256393433
5,-0.5127570174430911,-0.7240602970123291
5,-1.5264828695491621,-0.626937985420227
5,-0.5264558821648508,-0.5304755568504333
5,-0.4511855206252626,-0.6443741917610168
5,-0.5423809577330196,-0.7871508598327637
5,-0.9603526399579447,-0.6125473380088806
5,-0.2428482761327384,-0.5569990873336792
5,-0.6721200163827188,-0.5780062079429626
5,-0.5639554649958125,-0.6149883270263672
5,-0.5285771613791042,-0.6209641695022583
5,-0.39541503364153385,-0.5459002256393433
5,-0.5300573299074607,-1.0004844665527344
5,-0.5434878245152701,-0.6443741917610168
5,-0.8253734792025922,-0.6318233609199524
5,-0.785729099900708,-0.9093544483184814
5,-0.5867122994868081,-0.7597682476043701
5,-1.5314789170422554,-1.4470030069351196
5,-1.1303337684950057,-1.4170588254928589
5,-1.3679767852945943,-1.4774949550628662
5,-1.5759571887637573,-1.3833394050598145
5,-1.5935321959484972,-1.3914896249771118
5,-1.346515967314966,-1.346706509590149
5,-1.4795273244855407,-1.432538390159607
5,-1.5178207322576007,-1.284983515739441
5,-1.4996870826184034,-1.3650293350219727
5,-1.6515389298857777,-1.5817127227783203
5,-1.387686374306484,-1.8544889688491821
5,-1.7215358322347596,-1.4299302101135254
5,-1.343372997354356,-1.2796069383621216
5,-1.6797306463503485,-1.024308204650879
5,-1.1314047788575312,-1.2047119140625
5,-1.8380616118598416,-1.3441953659057617
5,-1.7853298350107671,-1.4599978923797607
5,-0.616672031877334,-1.1577575206756592
5,-1.4610344348262077,-1.3362056016921997
5,-1.675300043738182,-1.32793128490448
5,-0.2114192213974242,-0.1483389288187027
5,-1.8309092995464429,-1.0730453729629517
5,-1.2892190346309942,-1.358254313468933
5,-1.4115035999655055,-1.2463017702102661
5,-0.4202164033831899,-0.6806260943412781
5,1.219125891280883,1.0082494020462036
5,-0.3992755437555049,-0.32914772629737854
5,-1.1409268419924299,-1.0672246217727661
5,-1.1914975900970806,-0.7781757116317749
5,-1.0474246499281383,-0.823922872543335
5,-1.0534015926312401,-0.9104368686676025
5,-1.086579968120656,-0.9104368686676025
5,0.0,-0.20042718946933746
5,-0.3098236601811166,-0.6486756801605225
5,-0.5954962218255746,-0.5574676394462585
5,-0.5623872865640109,-0.6119972467422485
5,-0.638489256954637,-0.7116559147834778
5,-0.6275071135404424,-0.6455210447311401
5,-0.4708594338348915,-0.5581753849983215
5,-0.6068237811240262,-0.6646808385848999
5,-0.6885045706578534,-0.6348272562026978
5,-0.795226451408988,-0.634199857711792
5,-0.7989348563069356,-0.6348272562026978
5,-0.642065152999546,-0.6348272562026978
5,-0.5268090389087696,-0.6901576519012451
5,-0.6458389159065492,-0.6348272562026978
5,-0.6460644209324,-0.5528782606124878
5,-0.6696394023113736,-0.7216644287109375
5,-0.6696394023113736,-0.6607327461242676
5,-0.661442830443316,-0.6348272562026978
5,-0.6638055872727673,-0.6348272562026978
5,-0.7550859463149511,-0.6348272562026978
5,-0.5330562595094737,-0.60477215051651
5,-0.4442111533220441,-0.580386221408844
5,-0.8368892194911561,-0.6021146178245544
5,-0.6503646709025173,-0.4518459439277649
5,-0.8129133566428557,-0.5418373346328735
5,-0.34473892354938673,-0.3914089798927307
5,-0.2501630993248263,-0.6001516580581665
5,-0.2303092992964082,-0.5866059064865112
5,0.0,-0.4650140702724457
5,0.0,-0.4650140702724457
5,0.0,0.09637939184904099
5,0.0,-0.36125853657722473
5,0.0,-1.2409125566482544
5,0.0,0.08292451500892639
5,-0.6989700043360187,-0.46564656496047974
5,0.0,-0.6043548583984375
5,0.08432088570003593,-0.5386959910392761
5,-0.9504068849081397,-0.6367492079734802
5,-1.0,-0.16127203404903412
5,-0.4658402443099732,-0.46197110414505005
5,-0.22052265856496334,-0.4987543225288391
5,-1.3827000421153013,-0.5505779385566711
5,-0.2507557232265212,0.25636744499206543
5,0.012988632912040998,-0.2895418107509613
5,-0.03367199469456761,-0.2277740091085434
5,0.13848130992364283,-0.26673007011413574
5,-1.1684044303893906,-1.3689640760421753
5,-1.279840696594043,-1.2095202207565308
5,-0.4569178686313755,-0.4922204911708832
5,0.5399788431160077,0.24767011404037476
5,0.2364491808619107,0.2515329420566559
5,0.16062644246752278,0.23641476035118103
5,-1.0769133845918022,-1.1851835250854492
5,-1.4475408383144721,-1.4345561265945435
5,-0.6849915040000987,-0.6514792442321777
5,-1.078021580520386,-0.7979252934455872
5,-1.9516953204254452,-0.7881017327308655
5,-0.8767835173945651,-0.689686119556427
5,-1.8143955918082888,-0.7979252934455872
5,-1.9259992664561558,-0.7881017327308655
5,-0.979244778409381,-0.689686119556427
5,-0.8726006648440432,-0.6021787524223328
5,-0.588557520924315,-0.6566340923309326
5,-0.7440483790712067,-0.7950165271759033
5,-0.35001645635485445,-0.6063182950019836
5,-0.7513953187236417,-0.7049236297607422
5,-1.2121155880731562,-1.2243396043777466
5,-1.717453410030032,-0.9399621486663818
5,-2.228294797183975,-1.1408073902130127
5,-2.1471014267810613,-0.8344788551330566
5,-0.9208187539523758,-0.6341990828514099
5,-1.3502480183341632,-1.2243396043777466
5,-0.5105450102066129,-0.6765217781066895
5,-1.1760912590556813,-0.5345506072044373
5,-1.014723256820706,-0.7309951782226562
5,-1.2544047835720793,-0.6255118250846863
5,-1.4832443397784516,-0.9577044248580933
5,-1.1242958134976888,-0.5945672988891602
5,-2.582631439489636,-1.0107508897781372
5,-2.0307346169761686,-0.9436123967170715
5,-2.4205058365707792,-0.9264147877693176
5,-0.7697329439853142,-0.7779204845428467
5,-1.1442994246318294,-0.646950900554657
5,-0.5456293203825044,-0.646950900554657
5,-1.5093705604380174,-1.6480845212936401
5,-1.3010299956639813,-1.3148161172866821
5,-1.2671717284030137,-1.3414069414138794
5,-0.5613857422010744,-0.7523265480995178
5,0.8694954079490973,0.5878623127937317
5,0.8636181120497923,0.1796880066394806
5,0.11713503215564458,-0.2667921781539917
5,0.13987908640123692,-0.5247533321380615
5,-0.48555442225652534,-0.5278373956680298
5,-1.233630580164463,-1.136743187904358
5,-1.1461280356782382,-1.2315782308578491
5,-1.5854607295085001,-1.356838583946228
5,-1.092545207605606,-1.2168980836868286
5,-1.3041210726411228,-1.1899006366729736
5,-1.3353608263347194,-1.1542284488677979
5,-0.8465519900897043,-1.2908415794372559
5,-1.2288978680085352,-1.2416855096817017
5,0.0,-0.38713085651397705
5,-2.2955670999624793,-0.9731864929199219
5,-2.729974285699556,-1.212390422821045
5,-2.005829543660724,-0.9837771058082581
5,-2.6976316535637563,-1.3055893182754517
5,-2.8512583487190746,-1.2113808393478394
5,-2.4821712474563036,-1.3115966320037842
5,-2.5580224811615606,-1.0079561471939087
5,-2.0425523506854635,-1.021700143814087
5,-2.4004146277998926,-0.8836981058120728
5,-2.5421043884868713,-0.8482829332351685
5,-1.9220268061413437,-0.6418948769569397
5,-2.5060538173181506,-0.9039707779884338
5,-2.6368220975871743,-0.8472733497619629
5,-2.177791043933576,-0.8892809748649597
5,-0.9208187539523749,-0.6190723180770874
5,-2.3039944746277206,-0.9537662863731384
5,-1.5492378443889558,-0.7473782300949097
5,-2.322858433159654,-1.0094541311264038
5,-2.3838673804103276,-0.9527567028999329
5,-1.9942476711109087,-0.9947643280029297
5,-0.7049193368492208,-0.6679248213768005
5,0.0,-0.3224077522754669
5,-0.39280036901962667,-0.12151959538459778
5,0.2260652340175202,-0.1691320240497589
5,-0.6658539941039692,-0.8399885296821594
5,0.2938683224864773,0.4933130145072937
5,0.5555762556450325,0.43014368414878845
5,0.41735454416819184,0.37684398889541626
5,0.4684988108747685,0.37161117792129517
5,0.2986105215405681,-0.3181682527065277
5,-0.24303804868629442,-0.08237037807703018
5,-0.24303804868629442,0.14930304884910583
5,0.0,0.033477481454610825
5,-0.4375301220789325,-0.1425066739320755
5,0.0,-0.20301823318004608
5,-0.4375301220789325,-0.19011914730072021
5,0.1416504118618782,-0.1692776381969452
5,-1.2230878217319043,-0.6056392192840576
5,-1.1505139038522927,-1.1329097747802734
5,0.08681600298974335,0.2150505930185318
5,-1.0351136194163244,-1.1070021390914917
5,-0.6897293476011059,-0.5004553198814392
5,-0.45285267999272527,-0.49867507815361023
5,-1.3424226808222066,-0.7983312010765076
5,-1.214843848047698,-0.7256288528442383
5,-0.6025554785259217,-0.5422713160514832
5,-0.23288017345826617,-0.5078707933425903
5,-0.4030547239661013,-0.5452014803886414
5,-0.41586132472979465,-0.537238359451294
5,0.10431404621996965,-0.537238359451294
5,-0.3424226808222066,-0.40247488021850586
5,0.0,-0.07685505598783493
5,0.0,0.028915230184793472
5,-0.3979400086720375,-0.20827659964561462
5,-1.0,-0.770716667175293
5,-1.1505139038522927,-1.3770450353622437
5,-2.1505139038522927,-1.2220256328582764
5,-1.6020599913279625,-1.3048439025878906
5,-0.2313940675225874,-0.6608574390411377
5,-0.642065152999546,-0.12408017367124557
5,-0.6077703005293511,-0.20542725920677185
5,-0.35654732351381213,-0.05606074258685112
5,-0.4375066456660379,-0.17958351969718933
5,-0.5929893641257866,-0.12086397409439087
5,0.07911523830283684,0.008267039433121681
5,-0.7792634007530115,-0.7844663858413696
5,0.0,-0.2119300365447998
5,0.0,-0.04158825799822807
5,-0.3979400086720375,-0.2608538866043091
5,-0.3979400086720375,-0.2510923147201538
5,-1.653212513775344,-1.4453191757202148
5,-0.8251134420826896,-0.5275322198867798
5,-0.8205394883444725,-0.5254408717155457
5,-0.9186308678042003,-0.5889458656311035
5,-0.49082253239705054,-0.6367492079734802
5,-0.627365856592732,-0.6138248443603516
5,0.0,-0.27326613664627075
5,-1.5440680443502757,-1.4970808029174805
5,-0.8211858826088454,-1.2182728052139282
5,-1.848958460827495,-1.196033000946045
5,-1.4282248125765058,-1.2655792236328125
5,-0.6989700043360187,-1.3589504957199097
5,-1.039309734009933,-1.3589504957199097
5,-0.3679767852945943,-0.12487185746431351
5,1.0118871597316481,0.4001377820968628
5,0.5467806982782273,0.42654016613960266
5,-0.6592028774645318,-0.5543868541717529
5,-1.1186897873312986,-1.0036088228225708
5,-1.0,-0.5774357318878174
5,0.0,-0.19111435115337372
5,-1.3787006506863673,-1.356838583946228
5,0.0,-0.1708371788263321
5,-0.865301426102544,-0.6178216338157654
5,-0.5440680443502757,-0.44395217299461365
5,0.13033376849500655,-0.016669349744915962
5,-1.4722687519252498,-1.362830400466919
5,-1.4014005407815446,-1.2549456357955933
5,-0.057008267096432697,-0.12730970978736877
5,0.18533191579059416,-0.14030325412750244
5,0.011738403271244202,-0.05096147954463959
5,-0.12315518386788238,-0.0741811990737915
5,-0.26240059330785037,-0.0741811990737915
5,0.19248167524385007,-0.16256879270076752
5,-0.4889061546860525,-0.8026584386825562
5,-0.46779720744600084,-0.39627522230148315
5,-0.34364828614543974,-0.38281357288360596
5,-0.8193291678780046,-0.41869619488716125
5,-0.08203605708217943,-0.1026226282119751
5,-0.3979400086720375,-0.3074108958244324
5,-1.131278914639319,-0.5353781580924988
5,-0.4881678788616428,-0.5692397356033325
5,-0.07142797820037927,-0.1368464082479477
5,0.0,-0.628810465335846
5,0.23888208891513685,-0.6752912998199463
5,-1.019595556063381,-0.7477790713310242
5,-0.3357921019231931,-0.19151456654071808
5,-0.19964128268496673,-0.15337182581424713
5,0.0,-0.12658776342868805
5,-1.0889410833367812,-1.2345725297927856
5,-1.0650335949863328,-1.2168980836868286
5,-0.9103892257334429,-0.7504496574401855
5,-0.865301426102544,-1.2731671333312988
5,-0.7608714329386874,-0.6786186099052429
5,-0.35485510797268915,-0.54069983959198
5,-1.4661258704181988,-1.363569974899292
5,-1.6334684555795862,-1.356838583946228
5,0.1249387366082999,0.40979427099227905
5,-1.4269546452539323,-0.8157417178153992
5,-1.0413926851582254,-0.7731706500053406
5,-1.4698220159781634,-1.2908415794372559
5,-1.3096301674258992,-1.3893195390701294
5,-1.6434526764861879,-1.3530746698379517
5,-1.066946789630613,-0.519976019859314
5,-1.5118833609788744,-1.5305119752883911
5,-0.4570614607906949,-0.5912729501724243
5,0.3979400086720375,-1.168769359588623
5,-2.7269987279362624,-2.17504620552063
5,-2.7126497016272113,-1.212390422821045
5,-2.2989765900329227,-1.021700143814087
5,-0.38021124171160636,-0.12170974165201187
5,0.6989700043360187,0.9161120653152466
5,0.7403626894942441,1.2467094659805298
5,-0.3357921019231931,-0.13066062331199646
5,-0.3357921019231931,-0.15762348473072052
5,-0.5228787452803374,-0.6000182032585144
5,-0.3357921019231931,-0.2071501910686493
5,-0.9551876555836376,-1.3307420015335083
5,0.0,-0.38713085651397705
5,-1.173186268412274,-1.0950343608856201
5,0.8440132975922667,0.4155037999153137
5,-1.2552725051033065,-1.665671467781067
5,-2.2646491976989713,-0.8482829332351685
5,-2.127761895944679,-0.9537662863731384
5,-0.1870866433571443,-0.18283112347126007
5,-1.0,-1.0062153339385986
5,-0.671257016468986,-0.7022920846939087
5,0.13771302464472868,0.12142747640609741
5,-0.795880017344075,-0.7517176270484924
5,-0.7403626894942441,-0.4705507457256317
5,-0.9652378937407882,-0.8956620693206787
5,0.25570701687732367,0.1408143788576126
5,0.29570116215891407,0.5562039017677307
5,1.0656225647827258,0.7425379157066345
5,0.8129133566428557,0.8493014574050903
5,-0.8750612633917001,-1.006232738494873
5,-1.343781976084931,-0.8094198703765869
5,0.5793842293742353,0.8221343755722046
5,-1.9481683617271317,-1.536260962486267
5,-0.9222062774390158,-0.7543491125106812
5,-0.48783189575486574,-0.41616421937942505
5,-1.5972074885335505,-1.321310043334961
5,0.5400459804384035,0.4649837017059326
5,-1.6627578316815743,-1.3071202039718628
5,0.6254311720967021,0.5761162638664246
5,0.4974363308926364,0.2551013231277466
5,-1.2671717284030137,-1.5298458337783813
5,-1.0,-1.048516035079956
5,-0.46797787527979207,-0.7367899417877197
5,0.06915095647733605,-0.8020039200782776
5,-0.6551910797574312,-0.7904003262519836
5,-0.9234428977785232,-0.8003692626953125
5,-1.0,-0.8003692626953125
5,-1.0,-0.825356125831604
5,-1.152610163206158,-0.8687386512756348
5,0.0,-0.1919926106929779
5,-0.7285252478977347,-0.6096484065055847
5,0.0,-0.6553860902786255
5,-0.30102999566398125,-0.4499105215072632
5,-0.7403626894942441,-0.36236172914505005
5,-1.8095597146352675,-1.4431642293930054
5,-1.3309932190414244,-1.2363433837890625
5,-0.30435793901290786,-0.1672155261039734
5,-0.7781512503836439,-0.29233449697494507
5,-0.7781512503836439,-0.007594363763928413
5,-0.24303804868629442,0.14650507271289825
5,0.099044142520742,0.3326379060745239
5,0.011899223299707273,-0.2148279994726181
5,-0.3979400086720375,-0.27136915922164917
5,0.6989700043360187,0.9788742661476135
5,-0.2821354275770025,-0.14424467086791992
5,-0.2614392680716957,-0.15657146275043488
5,-0.3494856763830949,-0.15166766941547394
5,-0.4375301220789325,-0.1453133374452591
5,0.0,-0.03516232594847679
5,-0.4375301220789325,-0.25614774227142334
5,-0.7870157984620274,-0.24654006958007812
5,-0.3494856763830949,-0.24654006958007812
5,-0.4375301220789325,-0.08596062660217285
5,-0.4375301220789325,-0.21987634897232056
5,-0.34948628751527444,-0.2729542851448059
5,-0.4375301220789325,-0.292081356048584
5,-0.19896832053217395,-0.21941043436527252
5,-0.19897135650974906,-0.4137532413005829
5,0.38021124171160636,-0.12170974165201187
5,-0.4375301220789325,-0.5658587217330933
5,0.0,-0.1796242743730545
5,-0.3494856763830949,-0.304325133562088
5,0.0,-0.4966600239276886
5,-0.3979400086720375,-0.1510547548532486
5,-1.1898425343625068,-1.276608943939209
5,-1.6178387477170038,-1.4427233934402466
5,-0.6989700043360187,-1.4721652269363403
5,-0.8361431973613307,-1.2091823816299438
5,-1.4771212547196626,-1.533608317375183
5,-1.3832167518513314,-1.2867023944854736
5,-1.6368220975871743,-1.3150986433029175
5,-1.3374592612906557,-1.3074382543563843
5,-1.230448921378274,-1.3646742105484009
5,-1.8750612633917,-1.5024203062057495
5,-1.3489535479811643,-1.3148161172866821
5,-1.4771212547196626,-1.3512896299362183
5,-1.1760912590556813,-1.4017841815948486
5,-1.568201724066995,-1.399269461631775
5,-1.5440680443502757,-1.356838583946228
5,-1.2671717284030137,-1.363569974899292
5,-1.4771212547196626,-1.1979683637619019
5,-1.4722687519252506,-1.4466091394424438
5,-1.113943352306837,-1.4351693391799927
5,-1.3802112417116064,-1.3257591724395752
5,-1.1249387366083,-1.4489178657531738
5,-1.1949766032160545,-1.3651344776153564
5,-1.3979400086720375,-1.1863605976104736
5,-1.8388490907372548,-1.2581140995025635
5,-1.2111205412580492,-1.2700481414794922
5,-0.6671781699121677,-1.1510173082351685
5,-1.330413773349191,-0.8452697396278381
5,-1.0349775835555715,-1.1350916624069214
5,-1.4623979978989556,-1.333008885383606
5,-1.2234251378513115,-1.2521278858184814
5,-1.4419568376564111,-1.190506100654602
5,-1.1972805581256196,-1.2315782308578491
5,-1.0569876608480024,-1.1048474311828613
5,-1.0969100130080562,-1.2492526769638062
5,-1.1949766032160545,-1.2513494491577148
5,-0.5828440935022972,-1.1654022932052612
5,-0.9467544880467749,-1.2492526769638062
5,-1.2013971243204518,-1.2737436294555664
5,-1.0949755132308567,-1.173329472541809
5,-1.1962946451439684,-1.2706201076507568
5,-1.2108533653148932,-1.2706201076507568
5,-0.8846065812979305,-1.1600873470306396
5,-0.9232082756993556,-1.2727867364883423
5,-1.1186897873312986,-1.434114694595337
5,-1.1663314217665253,-1.289914846420288
5,-0.4715887661197007,-1.261695146560669
5,-1.5622928644564746,-1.2974241971969604
5,-1.3010299956639813,-1.2001335620880127
5,-1.2632414347745815,-1.2095202207565308
5,-0.3679767852945943,-0.9581469297409058
5,-0.6812412373755876,-0.48766252398490906
5,-1.4969296480732153,-1.1750599145889282
5,-1.1303337684950057,-1.3446215391159058
5,-0.8218497723919924,-1.0308552980422974
5,-1.3769086061615203,-1.2075750827789307
5,-1.2690211044349935,-1.2467337846755981
5,-0.7300042380759875,-1.1577575206756592
5,-0.5657587417617291,-0.9090532064437866
5,-0.5257019046167164,-0.49847209453582764
5,-1.5250448070368448,-1.3737614154815674
5,-1.3771951260533504,-1.4306390285491943
5,-1.2037419073682978,-1.4834821224212646
5,-1.60538793467689,-1.4197384119033813
5,-2.2816014438256547,-1.7475550174713135
5,-1.480881403592969,-1.5632480382919312
5,-1.575270339843267,-1.5073833465576172
5,-1.6690067809585756,-1.4749504327774048
5,-1.7781512503836439,-1.528670310974121
5,-1.9030899869919438,-1.4054635763168335
5,-1.7676858167054785,-1.4644526243209839
5,-1.3979400086720375,-1.3929946422576904
5,-1.7781512503836439,-1.416465163230896
5,-1.3832167518513314,-1.3686294555664062
5,-1.5528419686577806,-1.3546503782272339
5,-1.113943352306837,-1.306485652923584
5,-1.0815099083662076,0.061978042125701904
5,-1.3979400086720375,-1.453125238418579
5,-1.4711190636776532,-1.3436824083328247
5,1.2502571681130155,1.2625337839126587
5,0.04221633946413483,0.22656522691249847
5,0.3252546556851925,0.22080880403518677
5,0.17649941383186984,0.36687782406806946
5,0.18347207737417293,0.256666362285614
5,0.19066286227392482,0.06533996760845184
5,0.24162739779117715,0.3139415979385376
5,1.2850569696875684,1.1631883382797241
5,0.5372837771665315,0.2712632119655609
5,0.47938547812176413,0.36687782406806946
5,-0.6876152534588957,-0.6164312362670898
5,0.7513300624553647,0.4005570709705353
5,0.07368983682500208,0.27267858386039734
5,-1.2284793285153697,-0.6108090281486511
5,-0.5544777313520406,-0.6929142475128174
5,-0.45737719652390574,0.07547955960035324
5,-0.08715017571890016,-0.08863207697868347
5,-0.6042961576315911,-0.5966047644615173
5,-0.7481880270062007,-0.5624547004699707
5,-1.3514394991415815,-0.64322829246521
5,-0.7998705000768798,-0.6344860792160034
5,-0.2009647680475215,-0.44976094365119934
5,-0.9079747380403926,-0.7553990483283997
5,-0.8473794057302957,-0.5197508335113525
5,0.03347319559504491,-0.22298458218574524
5,-0.12126002279933434,-0.22298458218574524
5,-0.9868927245113239,-0.7423568367958069
5,-0.7013112201509211,-0.6642281413078308
5,0.28222643184127527,-0.48857322335243225
5,-0.6989700043360187,-0.6560187339782715
5,-0.8372727025023003,-0.6560187339782715
5,-1.2388820889151368,-0.6534656286239624
5,-0.5118833609788744,-0.5115737915039062
5,-0.19629464514396844,-0.5115737915039062
5,-0.21884323947663198,-0.4620658755302429
5,0.0,-0.36113032698631287
5,-0.22184874961635614,-0.3098650574684143
5,-1.3802112417116064,-1.2242144346237183
5,1.359021942641668,0.7921532392501831
5,1.2552725051033065,0.7345119118690491
5,1.3309932190414244,0.6815522909164429
5,1.3010299956639813,0.6815522909164429
5,-0.7533276666586115,-1.1311111450195312
5,-1.0993846321359122,-1.2203294038772583
5,-1.4393326938302629,-1.0856084823608398
5,-2.035429738184548,-1.2616848945617676
5,-1.6417073513700187,-1.37799072265625
5,-1.7708520116421438,-1.227839469909668
5,-1.8404197777364857,-1.3881276845932007
5,-1.4471580313422194,-1.2939908504486084
5,-1.3802112417116064,-1.1493663787841797
5,-1.4065401804339555,-1.6079705953598022
5,-1.423245873936807,-1.3165758848190308
5,-1.436692597664054,-1.1796330213546753
5,-1.4842998393467859,-1.2906508445739746
5,-1.423245873936808,-1.2877206802368164
5,-1.423245873936807,-1.2703287601470947
5,-1.0606978403536118,-1.2218633890151978
5,-1.4623979978989556,-1.3247127532958984
5,-1.0606978403536118,-1.2218633890151978
5,-0.29119649295493755,-1.4383987188339233
5,-1.7007037171450197,-1.6615374088287354
5,-1.6344772701607315,-1.5760267972946167
5,-0.798354636471931,-0.9718379974365234
5,-1.672097857935718,-0.758288562297821
5,0.8618329976579444,0.6964890360832214
5,-1.346787486224656,-1.2144885063171387
5,-0.7659134344264231,-0.556565523147583
5,-0.8224489261852765,-0.5478203296661377
5,-1.2887955392469692,-0.5478203296661377
5,-0.6093024240119345,-0.575650155544281
5,-0.3424226808222066,-0.575650155544281
5,-1.1222158782728258,-0.7488330602645874
5,-1.116607743988249,-0.6975678205490112
5,-0.8782664032669114,-0.36336779594421387
5,0.0,-0.7389162182807922
5,0.0,0.11631681025028229
5,0.720159303405957,1.073203206062317
5,-0.6020599913279625,-0.7734782099723816
5,-0.6020599913279625,-0.7774251699447632
5,-0.2518119729937993,-0.7051944732666016
5,-0.7314992291629387,-0.7471786141395569
5,-0.8603380065709931,-0.8542431592941284
5,-1.2388820889151368,-1.3032253980636597
5,-0.8195439355418692,-1.0734517574310303
5,-1.0211892990699383,-1.1741371154785156
5,-0.4771212547196617,-0.8245182037353516
5,-0.9777236052888476,-0.7639334797859192
5,-1.4592884775846455,-1.3759127855300903
5,-1.0543576623225928,-1.011709451675415
5,-0.8692317197309762,-0.7508799433708191
5,-1.0922526548953835,-1.1950626373291016
5,-1.6872316010647745,-1.2562410831451416
5,-1.7853298350107671,-1.458595633506775
5,-0.9197316583111608,-1.2238759994506836
5,-1.113943352306837,-1.0628514289855957
5,-0.8808135922807914,-0.9126220345497131
5,-0.8091854841236117,-1.0003551244735718
5,-1.1635021317476602,-1.1405960321426392
5,-1.2430380486862944,-1.3209036588668823
5,-1.3979400086720375,-1.4120908975601196
5,-1.5177391056279266,-1.3677622079849243
5,-0.9030899869919438,-1.0136895179748535
5,-0.28523572848074874,-0.9424919486045837
5,-0.8159398112730436,-0.7752252221107483
5,-0.062470157628469636,-0.2580869495868683
5,-0.3357921019231931,-0.8368893265724182
5,-0.5228787452803374,-0.5950759649276733
5,-0.7569619513137056,-0.7846704125404358
5,-0.6671781699121677,-0.7662074565887451
5,-0.8111515104865692,-0.911155641078949
5,-0.8893017025063106,-0.8849796652793884
5,-1.0211892990699383,-0.8666039109230042
5,-1.2319490765206824,-0.45786625146865845
5,-0.9084850188786495,-0.5604986548423767
5,-0.3099848383169075,-0.5269539952278137
5,-0.5537553117534078,-0.5916627049446106
5,-0.055047566330905795,-0.387239009141922
5,-0.18987954354131453,-0.4958505630493164
5,0.0,-0.7102205157279968
5,0.01931957001786344,-0.525604248046875
5,-0.4164234143660508,-0.7016542553901672
5,-1.058866659220822,-0.6599453091621399
5,-0.9050244867691433,-0.6753506660461426
5,-0.642065152999546,-0.71143639087677
5,-1.0644579892269181,-0.6341990828514099
5,-0.9128498242810998,-0.5227581858634949
5,-1.0661607360551137,-0.5696158409118652
5,-1.0848215134003167,-1.0104140043258667
5,-0.87036614218332,-0.6585942506790161
5,-0.4503280781317258,-0.5953729748725891
5,-0.6901960800285138,-0.5939913988113403
5,-1.1303337684950057,-0.7710700631141663
5,-1.1012313867906984,-0.9269455075263977
5,-0.07916108702646962,-0.2580869495868683
5,-0.7296388241024712,-0.6621783971786499
5,-0.9496948816886039,-0.7710700631141663
5,-0.6989700043360187,-0.7689797878265381
5,-0.9829666607012193,-0.8976427316665649
5,-0.7569619513137056,-0.8125593662261963
5,-0.5473212017479971,-0.7669544219970703
5,-0.6357431045305342,-0.980644166469574
5,-0.795880017344075,-0.7864370346069336
5,-0.6989700043360187,-0.8011057376861572
5,-0.5666433341055059,-0.9081195592880249
5,-0.043979078559606144,-0.27327466011047363
5,-1.3010299956639813,-0.9366404414176941
5,-0.15902343259638752,-0.8138929605484009
5,-1.2833012287035501,-1.1861908435821533
5,-0.8616973018337193,-1.3549613952636719
5,-1.3010299956639813,-1.0412077903747559
5,-0.8670923337204242,-0.9380702972412109
5,-0.4436974992327123,-1.1326172351837158
5,-1.7447274948966935,-1.1005178689956665
5,-1.857332496431269,-1.671488881111145
5,-0.6020599913279625,-1.183152675628662
5,-1.204119982655925,-1.2677057981491089
5,-1.0413926851582254,-1.1128809452056885
5,-0.5228787452803374,-0.8525316119194031
5,-1.1842857376709528,-1.1499123573303223
5,-1.079181246047625,-1.367157220840454
5,-1.361727836017593,-1.8223704099655151
5,-1.3881801713828814,-1.8974844217300415
5,-0.770033360161464,-1.0897923707962036
5,-1.4471580313422194,-1.2927976846694946
5,-1.1856365769619117,-1.1171009540557861
5,-0.6197887582883936,-0.9718106985092163
5,-1.1362197470179893,-1.0942414999008179
5,-1.1290946963794575,-1.154042363166809
5,-0.9628581919954335,-0.7399454712867737
5,-1.4771212547196626,-0.515192985534668
5,-0.045757490560674796,0.4543055295944214
5,-0.3979400086720375,-0.00677872821688652
5,-0.03802504032998488,-0.14698165655136108
5,-0.31137082900220037,-0.5610238313674927
5,-0.3904795519065729,-0.5610238313674927
5,-0.274110581688328,-0.5361785292625427
5,-0.18945522061366304,-0.5610238313674927
5,0.0,-0.015386195853352547
5,-0.558351063442557,-0.8078461289405823
5,-0.41841559438183484,-0.6979002356529236
5,-0.15490195998574308,0.010969437658786774
5,-0.15490195998574308,0.09475844353437424
5,-0.15490195998574308,-0.17821882665157318
5,-0.15490195998574308,-0.05816318467259407
5,0.5228787452803374,0.40006595849990845
5,-0.8750612633917001,-0.8003692626953125
5,-0.9420080530223132,-0.8003692626953125
5,0.6989700043360187,1.1346403360366821
5,0.45593195564972433,0.5657681822776794
5,0.6093592300694626,0.7067628502845764
5,-0.8601209135987631,-0.02551252394914627
5,-0.22184874961635614,-0.4499097168445587
5,-0.8284563686950399,-0.3710509240627289
5,0.15630065517830793,-0.08514020591974258
5,-0.042146450719561024,-0.228868305683136
5,-0.9788107009300617,-0.4444737732410431
5,-0.513333427374107,-0.7625646591186523
5,-1.359021942641668,-0.7919720411300659
5,-0.8545395962470979,-0.9165196418762207
5,-0.9999999999999991,-0.8352729082107544
5,-1.0969100130080562,-1.2002047300338745
5,-1.1059581419854538,-0.7100250720977783
5,-0.5563025007672868,-0.7002317309379578
5,-0.6434526764861879,-0.7525659203529358
5,-0.5925146734217321,-0.8363469839096069
5,-1.2277980821295582,-0.8774070143699646
5,-1.5051499783199063,-0.8434622287750244
5,-0.9274493328513884,-0.4622129201889038
5,-1.3424226808222066,-0.8549129366874695
5,-0.989004615698537,-0.732848584651947
5,-0.7996401662173822,-0.9890412092208862
5,-0.17609125905568135,-0.6372657418251038
5,-1.2108533653148932,-1.027809500694275
5,-1.310370021918124,-0.7524833679199219
5,-0.914828390263188,-0.8784837126731873
5,-0.5740312677277188,-0.5719655752182007
5,-0.935542010773081,-0.455321729183197
5,-0.3129292189636885,-0.897536039352417
5,-0.045757490560674796,-0.5421079397201538
5,-1.1938200260161125,-0.7196866869926453
5,-1.0735773685296266,-0.8003692626953125
5,-0.9456423376774072,-0.8892131447792053
5,-0.7569619513137056,-0.9680637717247009
5,-1.1014576407587766,-0.8484165668487549
5,-0.9863561193334531,-1.1121842861175537
5,-0.30871682433027203,-0.6843394041061401
5,-0.38997107900076156,-0.67763352394104
